# Blender 4.4.0
# www.blender.org
mtllib Bld_Well_02.mtl
o Bld_Well_02
v 1.034664 -0.000518 0.095311
v 1.182915 -0.000518 0.095311
v 1.034664 -0.000518 -0.052940
v 1.182915 -0.000518 -0.052940
v 1.034664 2.920135 -0.052940
v 1.034664 2.920135 0.095311
v 1.182915 2.920135 0.095311
v 1.182915 2.920135 -0.052940
v -1.017716 -0.000518 0.095311
v -1.165966 -0.000518 0.095311
v -1.017716 -0.000518 -0.052940
v -1.165966 -0.000518 -0.052940
v -1.017716 2.920135 -0.052940
v -1.017716 2.920135 0.095311
v -1.165966 2.920135 0.095311
v -1.165966 2.920135 -0.052940
v 0.245127 0.565965 -0.889735
v -0.228178 0.565965 -0.889735
v -0.638072 0.565965 -0.653082
v -0.874725 0.565965 -0.243188
v -0.874725 0.565965 0.230117
v -0.638072 0.565965 0.640011
v -0.228178 0.565965 0.876664
v 0.245127 0.565965 0.876664
v 0.655021 0.565965 0.640011
v 0.891674 0.565965 0.230117
v 0.891674 0.565965 -0.243188
v 0.655021 0.565965 -0.653082
v 0.245127 0.000092 -0.889735
v -0.228178 0.000092 -0.889735
v -0.638072 0.000092 -0.653082
v -0.874725 0.000092 -0.243188
v -0.874725 0.000092 0.230117
v -0.638072 0.000092 0.640011
v -0.228178 0.000092 0.876664
v 0.245127 0.000092 0.876664
v 0.655021 0.000092 0.640011
v 0.891674 0.000092 0.230117
v 0.891674 0.000092 -0.243188
v 0.655021 0.000092 -0.653082
v -0.180871 0.565965 -0.713183
v 0.197820 0.565965 -0.713183
v -0.508827 0.565965 -0.523837
v -0.698173 0.565965 -0.195881
v -0.698173 0.565965 0.182810
v -0.508827 0.565965 0.510766
v -0.180871 0.565965 0.700112
v 0.197820 0.565965 0.700112
v 0.525776 0.565965 0.510766
v 0.715122 0.565965 0.182810
v 0.715122 0.565965 -0.195881
v 0.525776 0.565965 -0.523837
v -0.180871 0.000092 -0.713183
v 0.197820 0.000092 -0.713183
v -0.508827 0.000092 -0.523837
v -0.698173 0.000092 -0.195881
v -0.698173 0.000092 0.182810
v -0.508827 0.000092 0.510766
v -0.180871 0.000092 0.700112
v 0.197820 0.000092 0.700112
v 0.525776 0.000092 0.510766
v 0.715122 0.000092 0.182810
v 0.715122 0.000092 -0.195881
v 0.525776 0.000092 -0.523837
v -0.224827 0.565965 0.935050
v -0.608342 0.565965 0.746125
v -0.172545 0.566506 0.715983
v -0.466520 0.565965 0.571166
v -0.172545 0.759805 0.715983
v -0.608342 0.750918 0.746125
v -0.466520 0.750918 0.571166
v -0.621055 0.565965 0.735639
v -0.811754 0.565965 0.519305
v -0.476265 0.565965 0.563128
v -0.622440 0.565011 0.397303
v -0.476265 0.750918 0.563128
v -0.621055 0.750918 0.735639
v -0.811754 0.750918 0.519305
v -0.622440 0.735239 0.397303
v -0.820019 0.565965 0.506252
v -0.951292 0.565965 0.161981
v -0.628776 0.565031 0.387297
v -0.725174 0.564164 0.126441
v -0.628776 0.735374 0.387297
v -0.951292 0.750918 0.161981
v -0.729143 0.750808 0.123589
v -0.953976 0.565965 0.145723
v -0.944832 0.565965 -0.202091
v -0.727231 0.564164 0.113978
v -0.724448 0.570446 -0.155666
v -0.731200 0.750808 0.111127
v -0.953976 0.750918 0.145723
v -0.944832 0.750918 -0.202091
v -0.724448 0.751191 -0.155666
v -0.941247 0.565965 -0.218409
v -0.721700 0.570446 -0.168175
v -0.611100 0.565965 -0.420873
v -0.721700 0.751191 -0.168175
v -0.941247 0.750918 -0.218409
v -0.796959 0.750918 -0.548076
v -0.611100 0.750918 -0.420873
v -0.787535 0.565965 -0.561596
v -0.584612 0.565965 -0.771251
v -0.603876 0.565965 -0.431237
v -0.448330 0.565965 -0.591943
v -0.603876 0.760830 -0.431237
v -0.787535 0.750918 -0.561596
v -0.584612 0.750918 -0.771251
v -0.448330 0.750918 -0.591943
v -0.572236 0.565965 -0.780502
v -0.119014 0.565965 -0.960640
v -0.438844 0.565965 -0.599034
v -0.091437 0.565965 -0.737115
v -0.438844 0.748011 -0.599034
v -0.572236 0.750918 -0.780502
v -0.119014 0.750918 -0.960640
v -0.091437 0.750918 -0.737115
v -0.102642 0.565965 -0.962518
v 0.189124 0.565965 -0.948998
v -0.078887 0.565965 -0.738554
v 0.144759 0.565965 -0.728191
v -0.078887 0.731548 -0.738554
v -0.102642 0.750918 -0.962518
v 0.189124 0.750918 -0.948998
v 0.144759 0.750918 -0.728191
v 0.204917 0.565965 -0.940798
v 0.609036 0.565965 -0.750597
v 0.151907 0.565965 -0.721905
v 0.466633 0.564968 -0.576111
v 0.151907 0.750918 -0.721905
v 0.204917 0.750918 -0.940798
v 0.466633 0.734541 -0.576111
v 0.621713 0.565965 -0.740070
v 0.811691 0.565965 -0.523103
v 0.476350 0.564968 -0.568041
v 0.621974 0.565965 -0.401731
v 0.476350 0.734541 -0.568041
v 0.621713 0.750918 -0.740070
v 0.811691 0.750918 -0.523103
v 0.621974 0.750918 -0.401731
v 0.819914 0.565965 -0.510021
v 0.950040 0.565965 -0.165317
v 0.628276 0.565965 -0.391703
v 0.728022 0.565965 -0.127478
v 0.628276 0.750918 -0.391703
v 0.819914 0.750918 -0.510021
v 0.950040 0.750918 -0.165317
v 0.952670 0.565965 -0.149049
v 0.942369 0.565965 0.198732
v 0.730037 0.565965 -0.115009
v 0.722142 0.566360 0.151575
v 0.730037 0.750918 -0.115009
v 0.952670 0.750918 -0.149049
v 0.942369 0.750918 0.198732
v 0.722142 0.757414 0.151575
v 0.938730 0.565965 0.215038
v 0.793346 0.565965 0.544224
v 0.719352 0.566360 0.164074
v 0.607911 0.566733 0.416404
v 0.719352 0.757414 0.164074
v 0.793346 0.750918 0.544224
v 0.607911 0.763539 0.416404
v 0.783878 0.565965 0.557711
v 0.600654 0.566733 0.426742
v 0.444573 0.565965 0.586931
v 0.600654 0.763539 0.426742
v 0.783878 0.750918 0.557711
v 0.580257 0.750918 0.766691
v 0.444573 0.750918 0.586931
v 0.567851 0.565965 0.775901
v 0.114033 0.565965 0.954530
v 0.435064 0.565965 0.593990
v 0.087199 0.555825 0.730914
v 0.435064 0.750918 0.593990
v 0.567851 0.750918 0.775901
v 0.087199 0.730589 0.730914
v 0.097654 0.565965 0.956354
v -0.217818 0.565965 0.941863
v 0.074645 0.555854 0.732312
v -0.172718 0.566503 0.721204
v 0.074645 0.730781 0.732312
v 0.097654 0.750918 0.956354
v -0.217818 0.750918 0.941863
v -0.172718 0.759789 0.721204
v -0.788422 0.750149 0.486598
v -0.833276 0.750918 0.471484
v -0.820019 0.679721 0.506252
v -0.796959 0.601898 -0.548076
v -0.766252 0.565965 -0.527060
v -0.811878 0.565965 -0.513988
v 0.902485 0.751246 0.206618
v 0.869043 0.750918 0.372828
v 0.938730 0.714985 0.215038
v 0.580257 0.601898 0.766691
v 0.557840 0.565965 0.736992
v 0.606225 0.565965 0.740041
v 0.148657 0.750918 0.940902
v 0.109599 0.749953 0.917585
v 0.114033 0.714985 0.954530
v 0.378124 0.750918 -0.859277
v 0.581394 0.749714 -0.716727
v 0.609036 0.708700 -0.750597
v 0.763577 0.750918 -0.133538
v 0.655670 0.750918 -0.319136
v 0.728022 0.716087 -0.127478
v -0.216349 0.751347 0.899529
v -0.475550 0.750918 0.811540
v -0.224827 0.714399 0.935050
v 0.671892 0.188007 -0.376297
v 0.762174 0.188007 -0.137142
v 0.671892 0.372960 -0.376297
v 0.762174 0.372960 -0.137142
v 0.627474 0.188007 0.457540
v 0.486202 0.188007 0.602530
v 0.627474 0.372960 0.457540
v 0.486202 0.372960 0.602530
v 0.000786 0.188007 0.764425
v -0.213160 0.188007 0.731138
v 0.000786 0.372960 0.764425
v -0.213160 0.372960 0.731138
v 0.212730 0.376654 0.738432
v 0.397743 0.376654 0.662258
v 0.212730 0.561607 0.738432
v 0.397743 0.561607 0.662258
v 0.427426 0.376654 -0.655169
v 0.245318 0.376654 -0.754698
v 0.427426 0.561607 -0.655169
v 0.245318 0.561607 -0.754698
v 0.179233 0.376654 -0.778857
v -0.131307 0.376654 -0.777870
v 0.179233 0.561607 -0.778857
v -0.131307 0.561607 -0.777870
v -0.503363 0.376654 -0.605188
v -0.628991 0.376654 -0.447630
v -0.503363 0.561607 -0.605188
v -0.628991 0.561607 -0.447630
v -0.762344 0.381119 -0.149918
v -0.762344 0.566072 -0.149918
v -0.765124 0.566072 0.101445
v -0.368945 0.376654 0.655739
v -0.168698 0.376654 0.736159
v -0.368945 0.561607 0.655739
v -0.168698 0.561607 0.736159
v -0.764045 0.381119 0.075652
v -0.765124 0.454263 0.101445
v 0.768452 0.188007 -0.472824
v 0.905788 0.372960 -0.162350
v 0.729547 0.188007 0.523292
v 0.545826 0.188007 0.711265
v 0.545826 0.372960 0.711265
v -0.005690 0.188007 0.884288
v -0.284416 0.188007 0.860196
v -0.005690 0.372960 0.884288
v -0.284416 0.372960 0.860196
v 0.459859 0.376654 0.765400
v 0.227735 0.561607 0.896910
v 0.459859 0.561607 0.765400
v 0.481598 0.376654 -0.764801
v 0.481598 0.561607 -0.764801
v 0.248445 0.561607 -0.909490
v -0.201290 0.376654 -0.912720
v 0.210863 0.561607 -0.896104
v -0.201290 0.561607 -0.912720
v -0.585216 0.376654 -0.709059
v -0.745723 0.376654 -0.507061
v -0.585216 0.561607 -0.709059
v -0.745723 0.561607 -0.507061
v -0.880647 0.566266 -0.201465
v -0.886911 0.566255 0.121793
v -0.880647 0.381313 -0.201465
v -0.463882 0.376654 0.747950
v -0.463882 0.561607 0.747950
v -0.218939 0.561607 0.892964
v -0.886911 0.454446 0.121793
v -0.885525 0.381302 0.088681
v 0.556838 0.188007 0.530035
v 0.556838 0.372960 0.530035
v 0.663598 0.188007 0.643723
v 0.741624 0.188007 -0.191578
v 0.741624 0.372960 -0.191578
v 0.902160 0.188007 -0.243452
v 0.902160 0.372960 -0.243452
v -0.413791 0.188007 0.638547
v -0.576004 0.188007 0.495131
v -0.413791 0.372960 0.638547
v -0.576004 0.372960 0.495131
v -0.696493 0.188007 0.558535
v -0.484594 0.372960 0.735228
v -0.516621 0.188007 0.547632
v -0.516621 0.372960 0.547632
v -0.641298 0.188007 0.642480
v -0.641298 0.372960 0.642480
v -0.165182 0.188007 0.738603
v -0.165182 0.372960 0.738603
v -0.229791 0.197579 0.885765
v -0.229791 0.363388 0.885765
v -0.544961 0.376654 -0.553016
v -0.544961 0.561607 -0.553016
v -0.662595 0.376654 -0.662500
v -0.662595 0.561607 -0.662500
v -0.648166 0.372960 0.535328
v -0.696493 0.300260 0.558535
v -0.657394 0.372960 0.618000
v -0.574482 0.188007 0.682026
v -0.463683 0.188007 0.707579
v -0.484594 0.241834 0.735228
v -0.208832 0.376654 0.861126
v -0.218939 0.451100 0.892964
v -0.248506 0.376654 0.877419
v 0.339692 0.376654 0.844410
v 0.228155 0.427710 0.901349
v 0.223343 0.376654 0.850520
v 0.730032 0.314559 0.523681
v 0.695848 0.372960 0.501937
v 0.663598 0.372960 0.643723
v 0.768452 0.315477 -0.472824
v 0.736699 0.372960 -0.438815
v 0.797040 0.372960 -0.423783
v 0.905788 0.270217 -0.162350
v 0.836170 0.188007 -0.150120
v 0.247417 0.376654 -0.858587
v 0.248445 0.457016 -0.909490
v 0.446519 0.376654 -0.797861
v 0.044869 0.376654 -0.913502
v 0.211286 0.383631 -0.897672
v 0.209469 0.376654 -0.890936
v 0.745193 0.376654 0.225722
v 0.781491 0.376654 0.028961
v 0.745193 0.561607 0.225722
v 0.781491 0.561607 0.028961
v 0.915361 0.376654 0.033104
v 0.892320 0.561607 0.302056
v 0.915361 0.561607 0.033104
v 0.903076 0.376654 0.176495
v 0.892320 0.429816 0.302056
v 0.845132 0.376654 0.277573
v -0.399533 0.188007 -0.647142
v -0.166080 0.188007 -0.751285
v -0.399533 0.372960 -0.647142
v -0.166080 0.372960 -0.751285
v -0.501553 0.188007 -0.737879
v -0.199663 0.372960 -0.893175
v -0.219219 0.188007 -0.727580
v -0.219219 0.372960 -0.727580
v -0.280412 0.188007 -0.884800
v -0.280412 0.372960 -0.884800
v -0.501553 0.315477 -0.737879
v -0.465742 0.372960 -0.708173
v -0.454272 0.372960 -0.769291
v -0.199663 0.270217 -0.893175
v -0.183373 0.188007 -0.824394
v -0.756588 0.188007 -0.110970
v -0.683974 0.188007 -0.360507
v -0.756588 0.372960 -0.110970
v -0.683974 0.372960 -0.360507
v -0.878723 0.188007 -0.093624
v -0.788551 0.372960 -0.413679
v -0.700502 0.188007 -0.303707
v -0.730911 0.372960 -0.199210
v -0.876704 0.188007 -0.239552
v -0.874760 0.372960 -0.244865
v -0.882808 0.329311 -0.093440
v -0.847440 0.372960 -0.099713
v -0.881512 0.372960 -0.141630
v -0.802751 0.253069 -0.420901
v -0.752052 0.188007 -0.395133
v -0.445074 0.000092 0.850965
v -0.771689 0.000092 0.575104
v -0.341491 0.000092 0.650979
v -0.591851 0.000092 0.439524
v -0.341491 0.185045 0.650979
v -0.445074 0.185045 0.850965
v -0.771689 0.185045 0.575104
v -0.591851 0.185045 0.439524
v -0.781497 0.000092 0.561862
v -0.914378 0.000092 0.305915
v -0.599368 0.000092 0.429373
v -0.701226 0.000092 0.233183
v -0.599368 0.185045 0.429373
v -0.781497 0.185045 0.561862
v -0.914378 0.185045 0.305915
v -0.701226 0.185045 0.233183
v -0.919250 0.000092 0.291253
v -0.963600 0.000092 -0.074517
v -0.704960 0.000092 0.221944
v -0.738955 0.000092 -0.058429
v -0.704960 0.185045 0.221944
v -0.963600 0.185045 -0.074517
v -0.738955 0.185045 -0.058429
v -0.962282 0.000092 -0.090943
v -0.869506 0.000092 -0.426280
v -0.737945 0.000092 -0.071019
v -0.666830 0.000092 -0.328064
v -0.737945 0.185045 -0.071019
v -0.962282 0.185045 -0.090943
v -0.869506 0.185045 -0.426280
v -0.666830 0.185045 -0.328064
v -0.862090 0.000092 -0.441251
v -0.661145 0.000092 -0.339540
v -0.492853 0.000092 -0.558096
v -0.661145 0.185045 -0.339540
v -0.862090 0.185045 -0.441251
v -0.642539 0.185045 -0.726376
v -0.492853 0.185045 -0.558096
v -0.630132 0.000092 -0.737224
v -0.382626 0.000092 -0.891737
v -0.483343 0.000092 -0.566411
v -0.293623 0.000092 -0.684849
v -0.483343 0.185045 -0.566411
v -0.630132 0.185045 -0.737224
v -0.382626 0.185045 -0.891737
v -0.293623 0.185045 -0.684849
v -0.368385 0.000092 -0.897729
v 0.114908 0.000092 -0.963218
v -0.284663 0.000092 -0.703880
v 0.085793 0.000092 -0.754079
v -0.284663 0.185045 -0.703880
v -0.368385 0.185045 -0.897729
v 0.114908 0.185045 -0.963218
v 0.085793 0.185045 -0.754079
v 0.131249 0.000092 -0.961091
v 0.411137 0.000092 -0.877588
v 0.100276 0.000092 -0.738011
v 0.314817 0.000092 -0.674004
v 0.101389 0.185045 -0.746883
v 0.131249 0.185045 -0.961091
v 0.411137 0.185045 -0.877588
v 0.318533 0.185045 -0.682099
v 0.424486 0.000092 -0.865820
v 0.770789 0.000092 -0.583752
v 0.329371 0.000092 -0.677531
v 0.599632 0.000092 -0.460122
v 0.333263 0.185045 -0.685670
v 0.424486 0.185045 -0.865820
v 0.606802 0.185045 -0.465624
v 0.780552 0.000092 -0.570477
v 0.912582 0.000092 -0.314090
v 0.610937 0.000092 -0.445265
v 0.712141 0.000092 -0.248737
v 0.610937 0.185045 -0.445265
v 0.780552 0.185045 -0.570477
v 0.912582 0.185045 -0.314090
v 0.712141 0.185045 -0.248737
v 0.917405 0.000092 -0.299411
v 0.960537 0.000092 0.066504
v 0.717355 0.000092 -0.232521
v 0.750416 0.000092 0.047962
v 0.717355 0.185045 -0.232521
v 0.917405 0.185045 -0.299411
v 0.960537 0.185045 0.066504
v 0.959165 0.000092 0.082925
v 0.865274 0.000092 0.417952
v 0.734895 0.000092 0.062255
v 0.662925 0.000092 0.319062
v 0.752870 0.185045 0.063958
v 0.959165 0.185045 0.082925
v 0.865274 0.185045 0.417952
v 0.679119 0.185045 0.327119
v 0.857808 0.000092 0.432898
v 0.637309 0.000092 0.717292
v 0.668717 0.000092 0.339446
v 0.499698 0.000092 0.557441
v 0.668717 0.185045 0.339446
v 0.637309 0.185045 0.717292
v 0.499698 0.185045 0.557441
v 0.624867 0.000092 0.728097
v 0.486321 0.000092 0.569181
v 0.296208 0.000092 0.686988
v 0.486321 0.185045 0.569181
v 0.624867 0.185045 0.728097
v 0.376848 0.185045 0.881787
v 0.296208 0.185045 0.686988
v 0.362587 0.000092 0.887731
v -0.120920 0.000092 0.951612
v 0.279511 0.000092 0.693605
v -0.091111 0.000092 0.742571
v 0.279511 0.185045 0.693605
v 0.362587 0.185045 0.887731
v -0.091111 0.185045 0.742571
v -0.137255 0.000092 0.949431
v -0.439915 0.000092 0.859267
v -0.105539 0.000092 0.726455
v -0.342919 0.000092 0.656005
v -0.105539 0.185045 0.726455
v -0.137255 0.185045 0.949431
v -0.439915 0.185045 0.859267
v -0.342919 0.185045 0.656005
v -0.883847 0.185045 0.279802
v -0.923729 0.185045 0.254314
v -0.919250 0.113848 0.291253
v -0.642539 0.036025 -0.726376
v -0.617808 0.000092 -0.698574
v -0.665241 0.000092 -0.696894
v 0.824665 0.185045 0.415983
v 0.752116 0.185045 0.569217
v 0.857808 0.149112 0.432898
v 0.376848 0.036025 0.881787
v 0.362257 0.000092 0.847557
v 0.408478 0.000092 0.862187
v -0.084031 0.185045 0.946738
v -0.116311 0.185045 0.914689
v -0.120920 0.149112 0.951612
v 0.572913 0.185045 -0.744925
v 0.735792 0.185045 -0.557550
v 0.770789 0.142827 -0.583752
v 0.771915 0.185045 0.052364
v 0.726435 0.185045 -0.155489
v 0.750416 0.150215 0.047962
v 0.016582 1.485925 -0.000800
v 0.000016 1.485925 -0.000655
v -0.011596 1.485925 0.011161
v -0.011451 1.485925 0.027728
v 0.000365 1.485925 0.039340
v 0.016932 1.485925 0.039195
v 0.028544 1.485925 0.027379
v 0.028399 1.485925 0.010812
v 0.016582 -0.000518 -0.000800
v 0.000016 -0.000518 -0.000655
v -0.011596 -0.000518 0.011161
v -0.011451 -0.000518 0.027728
v 0.000365 -0.000518 0.039340
v 0.016932 -0.000518 0.039195
v 0.028544 -0.000518 0.027379
v 0.028399 -0.000518 0.010812
v 1.050074 2.253413 0.761377
v 1.167505 2.253413 0.761377
v 1.050074 2.389138 0.631186
v 1.167505 2.389138 0.631186
v 1.050074 2.253413 -0.719005
v 1.167505 2.253413 -0.719005
v 1.050074 2.389138 -0.588814
v 1.167505 2.389138 -0.588814
v -1.033125 2.253413 0.761377
v -1.150556 2.253413 0.761377
v -1.033125 2.389138 0.631186
v -1.150556 2.389138 0.631186
v -1.033125 2.253413 -0.719005
v -1.150556 2.253413 -0.719005
v -1.033125 2.389138 -0.588814
v -1.150556 2.389138 -0.588814
v 1.074173 1.798354 0.095311
v 1.143406 1.798354 0.095311
v 1.074173 1.912459 0.095311
v 1.143406 1.912459 0.095311
v 1.076036 2.253413 0.335462
v 1.076036 2.253413 0.417380
v 1.141542 2.253413 0.417380
v 1.141542 2.253413 0.335462
v -1.057225 1.798354 0.095311
v -1.126457 1.798354 0.095311
v -1.057225 1.912459 0.095311
v -1.126457 1.912459 0.095311
v -1.059088 2.253413 0.335462
v -1.059088 2.253413 0.417380
v -1.124593 2.253413 0.417380
v -1.124593 2.253413 0.335462
v 1.074173 1.798354 -0.052939
v 1.143405 1.798354 -0.052939
v 1.074173 1.912459 -0.052939
v 1.143405 1.912459 -0.052939
v 1.076036 2.253413 -0.293090
v 1.076036 2.253413 -0.375009
v 1.141542 2.253413 -0.375009
v 1.141542 2.253413 -0.293090
v -1.057225 1.798354 -0.052939
v -1.126457 1.798354 -0.052939
v -1.057225 1.912459 -0.052939
v -1.126457 1.912459 -0.052939
v -1.059088 2.253413 -0.293090
v -1.059088 2.253413 -0.375009
v -1.124593 2.253413 -0.375009
v -1.124593 2.253413 -0.293090
v 1.050074 2.389138 -0.431665
v 1.050074 2.345310 -0.431665
v 1.050074 2.389138 -0.504071
v 1.050074 2.278448 -0.504071
v -1.033125 2.389138 -0.504071
v -1.033125 2.389138 -0.431665
v -1.033125 2.345309 -0.431665
v -1.033125 2.278447 -0.504071
v 1.050074 2.389138 0.418594
v 1.050074 2.345310 0.418594
v 1.050074 2.389138 0.491000
v 1.050074 2.278448 0.491000
v -1.033125 2.389138 0.491000
v -1.033125 2.389138 0.418594
v -1.033125 2.345309 0.418594
v -1.033125 2.278447 0.491000
v 1.250682 3.057507 0.099734
v 1.250682 2.920135 0.099734
v 1.250682 3.057507 -0.057362
v 1.250682 2.920135 -0.057362
v -1.233734 3.057507 0.099734
v -1.233734 2.920135 0.099734
v -1.233734 3.057507 -0.057362
v -1.233734 2.920135 -0.057362
v 1.059592 2.281083 0.836398
v 1.157987 2.281083 0.836398
v 1.059592 2.236416 0.773714
v 1.157987 2.236416 0.773714
v 1.059592 3.054790 0.021186
v 1.059592 3.212953 0.021186
v 1.157987 3.212953 0.021186
v 1.157987 3.054790 0.021186
v -1.042643 2.281083 0.836398
v -1.141039 2.281083 0.836398
v -1.042643 2.236416 0.773714
v -1.141039 2.236416 0.773714
v -1.042643 3.054790 0.021186
v -1.042643 3.212953 0.021186
v -1.141039 3.212953 0.021186
v -1.141039 3.054790 0.021186
v 1.059592 2.281083 -0.794026
v 1.157987 2.281083 -0.794026
v 1.059592 2.236416 -0.731342
v 1.157987 2.236416 -0.731342
v -1.042643 2.281083 -0.794026
v -1.141039 2.281083 -0.794026
v -1.042643 2.236416 -0.731342
v -1.141039 2.236416 -0.731342
v -0.937206 2.750338 0.433867
v -1.114489 2.739290 0.433867
v -1.114489 2.741042 0.423942
v -1.080338 2.482929 0.662620
v -1.114489 2.518430 0.628596
v -0.937206 2.523253 0.628596
v -0.971357 2.482929 0.662620
v -1.080338 2.497516 0.678307
v -1.114489 2.533556 0.644791
v -0.937206 2.533556 0.644791
v -0.971357 2.497516 0.678307
v -0.751623 2.746195 0.431970
v -0.920932 2.747036 0.430317
v -0.886781 2.481795 0.661401
v -0.920932 2.519951 0.625046
v -0.785774 2.483070 0.660215
v -0.886781 2.491041 0.671343
v -0.920932 2.528521 0.639376
v -0.751623 2.530230 0.638657
v -0.785774 2.494190 0.672173
v -0.561988 2.746512 0.437425
v -0.739271 2.746512 0.437425
v -0.705120 2.479103 0.666178
v -0.739271 2.519427 0.632155
v -0.561988 2.519427 0.632155
v -0.596139 2.479103 0.666178
v -0.705120 2.493690 0.681865
v -0.739271 2.529730 0.648349
v -0.561988 2.529730 0.648349
v -0.596139 2.493690 0.681865
v -0.545714 2.743210 0.433875
v -0.511563 2.477969 0.664959
v -0.545714 2.516125 0.628604
v -0.410556 2.479244 0.663773
v -0.511563 2.487215 0.674901
v -0.545714 2.524695 0.642934
v -0.376405 2.526404 0.642215
v -0.410556 2.490365 0.675731
v -0.188802 2.742686 0.440984
v -0.366085 2.742686 0.440984
v -0.331934 2.475277 0.669737
v -0.366085 2.515601 0.635713
v -0.188802 2.515601 0.635713
v -0.222953 2.475277 0.669737
v -0.331934 2.489865 0.685423
v -0.366085 2.525904 0.651907
v -0.188802 2.525904 0.651907
v -0.222953 2.489865 0.685423
v -0.003219 2.738543 0.439086
v -0.172528 2.739384 0.437433
v -0.138377 2.474143 0.668517
v -0.172528 2.512299 0.632162
v -0.037370 2.475418 0.667331
v -0.138377 2.483389 0.678459
v -0.172528 2.520869 0.646492
v -0.003219 2.522578 0.645773
v -0.037370 2.486539 0.679289
v 0.186416 2.738860 0.444542
v 0.009133 2.738860 0.444542
v 0.043284 2.471451 0.673295
v 0.009133 2.511775 0.639271
v 0.186416 2.511775 0.639271
v 0.152265 2.471451 0.673295
v 0.043284 2.486038 0.688981
v 0.009133 2.522078 0.655465
v 0.186416 2.522078 0.655465
v 0.152265 2.486038 0.688981
v 0.371999 2.734717 0.442644
v 0.202690 2.735559 0.440991
v 0.236841 2.470317 0.672075
v 0.202690 2.508473 0.635720
v 0.371999 2.507632 0.637373
v 0.337848 2.471592 0.670889
v 0.236841 2.479563 0.682018
v 0.202690 2.517043 0.650050
v 0.371999 2.518752 0.649331
v 0.337848 2.482713 0.682847
v -1.114489 2.518779 0.618671
v -0.937206 2.518779 0.618671
v -1.080338 2.255843 0.857349
v -1.114489 2.291883 0.823834
v -0.937206 2.291883 0.823834
v -0.971357 2.255843 0.857349
v -1.080338 2.270431 0.873036
v -1.114489 2.306471 0.839520
v -0.937206 2.306471 0.839520
v -0.971357 2.270431 0.873036
v -0.751623 2.519109 0.626699
v -0.920932 2.517211 0.616985
v -0.751623 2.513819 0.621010
v -0.886781 2.254709 0.856130
v -0.920932 2.290315 0.822147
v -0.751623 2.292024 0.821428
v -0.785774 2.255985 0.854944
v -0.886781 2.263956 0.866072
v -0.920932 2.301435 0.834105
v -0.751623 2.303145 0.833386
v -0.785774 2.267105 0.866902
v -0.739271 2.514953 0.622229
v -0.561988 2.514953 0.622229
v -0.705120 2.252017 0.860907
v -0.739271 2.288057 0.827392
v -0.561988 2.288057 0.827392
v -0.596139 2.252017 0.860907
v -0.705120 2.266605 0.876594
v -0.739271 2.302645 0.843078
v -0.561988 2.302645 0.843078
v -0.596139 2.266605 0.876594
v -0.376405 2.515284 0.630257
v -0.545714 2.513385 0.620543
v -0.376405 2.509993 0.624568
v -0.511563 2.250883 0.859688
v -0.545714 2.286489 0.825706
v -0.376405 2.288198 0.824986
v -0.410556 2.252159 0.858502
v -0.511563 2.260130 0.869630
v -0.545714 2.297609 0.837663
v -0.376405 2.299319 0.836944
v -0.410556 2.263279 0.870460
v -0.366085 2.511127 0.625787
v -0.188802 2.511127 0.625787
v -0.331934 2.248192 0.864466
v -0.366085 2.284231 0.830950
v -0.188802 2.284231 0.830950
v -0.222953 2.248192 0.864466
v -0.331934 2.262779 0.880152
v -0.366085 2.298819 0.846636
v -0.188802 2.298819 0.846636
v -0.222953 2.262779 0.880152
v -0.003219 2.511457 0.633815
v -0.172528 2.509559 0.624101
v -0.003219 2.506167 0.628126
v -0.138377 2.247057 0.863246
v -0.172528 2.282663 0.829264
v -0.003219 2.284373 0.828544
v -0.037370 2.248333 0.862060
v -0.138377 2.256304 0.873188
v -0.172528 2.293783 0.841221
v -0.003219 2.295493 0.840502
v -0.037370 2.259453 0.874018
v 0.009133 2.507302 0.629345
v 0.186416 2.507302 0.629345
v 0.043284 2.244365 0.868024
v 0.009133 2.280405 0.834508
v 0.186416 2.280405 0.834508
v 0.152265 2.244365 0.868024
v 0.043284 2.258953 0.883710
v 0.009133 2.294993 0.850194
v 0.186416 2.294993 0.850194
v 0.152265 2.258953 0.883710
v 0.202690 2.505733 0.627659
v 0.371999 2.502341 0.631684
v 0.236841 2.243232 0.866804
v 0.202690 2.278837 0.832822
v 0.371999 2.280547 0.832102
v 0.337848 2.244507 0.865618
v 0.236841 2.252478 0.876747
v 0.202690 2.289958 0.844779
v 0.371999 2.291667 0.844060
v 0.337848 2.255627 0.877576
v 0.573269 2.735034 0.448100
v 0.395986 2.735034 0.448100
v 0.430137 2.467625 0.676853
v 0.395986 2.507949 0.642829
v 0.573269 2.507949 0.642829
v 0.539118 2.467625 0.676853
v 0.430137 2.482213 0.692539
v 0.395986 2.518252 0.659023
v 0.573269 2.518252 0.659023
v 0.539118 2.482213 0.692539
v 0.589543 2.731732 0.444549
v 0.623694 2.466491 0.675633
v 0.589543 2.504647 0.639278
v 0.724701 2.467766 0.674447
v 0.623694 2.475737 0.685576
v 0.589543 2.513217 0.653608
v 0.758852 2.514926 0.652889
v 0.724701 2.478887 0.686405
v 0.948487 2.731208 0.451658
v 0.771204 2.731208 0.451658
v 0.805355 2.463799 0.680411
v 0.771204 2.504123 0.646387
v 0.948487 2.504123 0.646387
v 0.914336 2.463799 0.680411
v 0.805355 2.478387 0.696097
v 0.771204 2.514426 0.662581
v 0.948487 2.514426 0.662581
v 0.914336 2.478387 0.696097
v 1.134070 2.725308 0.447000
v 0.964761 2.727906 0.448107
v 1.134070 2.721774 0.444071
v 0.998912 2.462665 0.679191
v 0.964761 2.500821 0.642836
v 1.099919 2.463940 0.678005
v 0.998912 2.471911 0.689134
v 0.964761 2.509391 0.657166
v 1.134070 2.511100 0.656447
v 1.099919 2.475061 0.689963
v 0.395986 2.503475 0.632903
v 0.573269 2.503475 0.632903
v 0.430137 2.240540 0.871582
v 0.395986 2.276579 0.838066
v 0.573269 2.276579 0.838066
v 0.539118 2.240540 0.871582
v 0.430137 2.255127 0.887268
v 0.395986 2.291167 0.853752
v 0.573269 2.291167 0.853752
v 0.539118 2.255127 0.887268
v 0.758852 2.503806 0.640931
v 0.589543 2.501908 0.631217
v 0.758852 2.498515 0.635242
v 0.623694 2.239406 0.870362
v 0.589543 2.275011 0.836380
v 0.758852 2.276721 0.835660
v 0.724701 2.240681 0.869176
v 0.623694 2.248652 0.880305
v 0.589543 2.286131 0.848337
v 0.758852 2.287841 0.847618
v 0.724701 2.251801 0.881134
v 0.771204 2.499650 0.636461
v 0.948487 2.499650 0.636461
v 0.805355 2.236714 0.875140
v 0.771204 2.272753 0.841624
v 0.948487 2.272753 0.841624
v 0.914336 2.236714 0.875140
v 0.805355 2.251301 0.890826
v 0.771204 2.287341 0.857310
v 0.948487 2.287341 0.857310
v 0.914336 2.251301 0.890826
v 1.134070 2.499980 0.644489
v 0.964761 2.498081 0.634775
v 1.134070 2.494689 0.638800
v 0.998912 2.235579 0.873920
v 0.964761 2.271185 0.839938
v 1.134070 2.272895 0.839218
v 1.099919 2.236855 0.872734
v 0.998912 2.244826 0.883863
v 0.964761 2.282305 0.851896
v 1.134070 2.284015 0.851176
v 1.099919 2.247976 0.884692
v -0.937206 3.208793 0.043901
v -1.114489 3.208793 0.043901
v -1.114489 3.186219 0.034484
v -1.080338 2.933896 0.269718
v -1.114489 2.963607 0.239138
v -0.937206 2.977423 0.239138
v -0.971357 2.937099 0.273162
v -1.080338 2.951687 0.288849
v -1.114489 2.987726 0.255333
v -0.937206 2.987726 0.255333
v -0.971357 2.951687 0.288849
v -0.751623 3.200365 0.042512
v -0.920932 3.203758 0.038487
v -0.886781 2.935965 0.271943
v -0.920932 2.974122 0.235588
v -0.785774 2.937241 0.270757
v -0.886781 2.945211 0.281885
v -0.920932 2.982691 0.249918
v -0.751623 2.984401 0.249199
v -0.785774 2.948361 0.282714
v -0.561988 3.204967 0.047459
v -0.739271 3.204967 0.047459
v -0.705120 2.933273 0.276720
v -0.739271 2.973597 0.242696
v -0.561988 2.973597 0.242696
v -0.596139 2.933273 0.276720
v -0.705120 2.947861 0.292407
v -0.739271 2.983900 0.258891
v -0.561988 2.983900 0.258891
v -0.596139 2.947861 0.292407
v -0.376405 3.196539 0.046070
v -0.545714 3.199932 0.042045
v -0.511563 2.932139 0.275501
v -0.545714 2.970296 0.239146
v -0.410556 2.933414 0.274315
v -0.511563 2.941385 0.285443
v -0.545714 2.978865 0.253476
v -0.376405 2.980575 0.252757
v -0.410556 2.944535 0.286272
v -0.188802 3.201141 0.051017
v -0.366085 3.201141 0.051017
v -0.331934 2.929447 0.280278
v -0.366085 2.969771 0.246254
v -0.188802 2.969771 0.246254
v -0.222953 2.929447 0.280278
v -0.331934 2.944035 0.295965
v -0.366085 2.980074 0.262449
v -0.188802 2.980074 0.262449
v -0.222953 2.944035 0.295965
v -0.003219 3.192713 0.049628
v -0.172528 3.196106 0.045603
v -0.138377 2.928313 0.279059
v -0.172528 2.966470 0.242704
v -0.037370 2.929589 0.277873
v -0.138377 2.937559 0.289001
v -0.172528 2.975039 0.257034
v -0.003219 2.976748 0.256315
v -0.037370 2.940709 0.289831
v 0.186416 3.197315 0.054575
v 0.009133 3.197315 0.054575
v 0.043284 2.925621 0.283836
v 0.009133 2.965945 0.249813
v 0.186416 2.965945 0.249813
v 0.152265 2.925621 0.283836
v 0.043284 2.940209 0.299523
v 0.009133 2.976249 0.266007
v 0.186416 2.976249 0.266007
v 0.152265 2.940209 0.299523
v 0.371999 3.188887 0.053186
v 0.202690 3.192280 0.049161
v 0.236841 2.924487 0.282617
v 0.202690 2.962644 0.246262
v 0.371999 2.961802 0.247915
v 0.337848 2.925763 0.281431
v 0.236841 2.933733 0.292559
v 0.202690 2.971213 0.260592
v 0.371999 2.972923 0.259873
v 0.337848 2.936883 0.293389
v -1.114489 2.961902 0.229213
v -1.080338 2.707753 0.465460
v -0.971357 2.710014 0.467891
v -1.080338 2.724602 0.483578
v -1.114489 2.760641 0.450062
v -0.937206 2.760641 0.450062
v -0.971357 2.724602 0.483578
v -0.751623 2.973280 0.237241
v -0.886781 2.708880 0.466672
v -0.785774 2.710155 0.465486
v -0.886781 2.718126 0.476614
v -0.920932 2.755606 0.444647
v -0.751623 2.757315 0.443928
v -0.785774 2.721276 0.477443
v -0.705120 2.706188 0.471449
v -0.596139 2.706188 0.471449
v -0.705120 2.720776 0.487136
v -0.739271 2.756815 0.453620
v -0.561988 2.756815 0.453620
v -0.596139 2.720776 0.487136
v -0.376405 2.969454 0.240799
v -0.511563 2.705054 0.470230
v -0.376405 2.742369 0.435528
v -0.410556 2.706329 0.469044
v -0.511563 2.714300 0.480172
v -0.545714 2.751780 0.448205
v -0.376405 2.753489 0.447486
v -0.410556 2.717450 0.481002
v -0.331934 2.702362 0.475007
v -0.222953 2.702362 0.475007
v -0.331934 2.716950 0.490694
v -0.366085 2.752989 0.457178
v -0.188802 2.752989 0.457178
v -0.222953 2.716950 0.490694
v -0.003219 2.965628 0.244357
v -0.138377 2.701228 0.473788
v -0.037370 2.702503 0.472602
v -0.138377 2.710474 0.483730
v -0.172528 2.747954 0.451763
v -0.003219 2.749663 0.451044
v -0.037370 2.713624 0.484560
v 0.043284 2.698536 0.478565
v 0.152265 2.698536 0.478565
v 0.043284 2.713124 0.494252
v 0.009133 2.749163 0.460736
v 0.186416 2.749163 0.460736
v 0.152265 2.713124 0.494252
v 0.236841 2.697402 0.477346
v 0.337848 2.698678 0.476160
v 0.236841 2.706648 0.487288
v 0.202690 2.744128 0.455321
v 0.371999 2.745837 0.454602
v 0.337848 2.709798 0.488118
v 0.573269 3.193489 0.058133
v 0.395986 3.193489 0.058133
v 0.430137 2.921795 0.287395
v 0.395986 2.962119 0.253371
v 0.573269 2.962119 0.253371
v 0.539118 2.921795 0.287395
v 0.430137 2.936383 0.303081
v 0.395986 2.972422 0.269565
v 0.573269 2.972422 0.269565
v 0.539118 2.936383 0.303081
v 0.758852 3.185061 0.056744
v 0.589543 3.188454 0.052719
v 0.623694 2.920661 0.286175
v 0.589543 2.958818 0.249820
v 0.724701 2.921937 0.284989
v 0.623694 2.929907 0.296117
v 0.589543 2.967387 0.264150
v 0.758852 2.969097 0.263431
v 0.724701 2.933057 0.296947
v 0.948487 3.189663 0.061691
v 0.771204 3.189663 0.061691
v 0.805355 2.917969 0.290953
v 0.771204 2.958293 0.256929
v 0.948487 2.958293 0.256929
v 0.914336 2.917969 0.290953
v 0.805355 2.932557 0.306639
v 0.771204 2.968596 0.273123
v 0.948487 2.968596 0.273123
v 0.914336 2.932557 0.306639
v 1.134070 3.181235 0.060302
v 0.964761 3.184628 0.056277
v 1.134070 3.172933 0.049493
v 0.998912 2.916835 0.289733
v 0.964761 2.954992 0.253378
v 1.099919 2.915781 0.286042
v 0.998912 2.926081 0.299676
v 0.964761 2.963561 0.267708
v 1.134070 2.965271 0.266989
v 1.099919 2.929231 0.300505
v 0.430137 2.694710 0.482124
v 0.539118 2.694710 0.482124
v 0.430137 2.709298 0.497810
v 0.395986 2.745337 0.464294
v 0.573269 2.745337 0.464294
v 0.539118 2.709298 0.497810
v 0.758852 2.957976 0.251473
v 0.623694 2.693576 0.480904
v 0.758852 2.730891 0.446202
v 0.724701 2.694851 0.479718
v 0.623694 2.702822 0.490846
v 0.589543 2.740302 0.458879
v 0.758852 2.742012 0.458160
v 0.724701 2.705972 0.491676
v 0.805355 2.690884 0.485682
v 0.914336 2.690884 0.485682
v 0.805355 2.705472 0.501368
v 0.771204 2.741511 0.467852
v 0.948487 2.741511 0.467852
v 0.914336 2.705472 0.501368
v 1.134070 2.951138 0.249911
v 1.134070 2.947103 0.246582
v 0.998912 2.689750 0.484462
v 1.099946 2.691052 0.483248
v 0.998912 2.698996 0.494405
v 0.964761 2.736476 0.462437
v 1.134070 2.738185 0.461718
v 1.099919 2.702146 0.495234
v -0.937206 2.750338 -0.391496
v -1.114489 2.739290 -0.391496
v -1.114489 2.741042 -0.381570
v -1.080338 2.482929 -0.620249
v -1.114489 2.518430 -0.586225
v -0.937206 2.523253 -0.586225
v -0.971357 2.482929 -0.620249
v -1.080338 2.497516 -0.635935
v -1.114489 2.533556 -0.602419
v -0.937206 2.533556 -0.602419
v -0.971357 2.497516 -0.635935
v -0.751623 2.746195 -0.389598
v -0.920932 2.747036 -0.387945
v -0.886781 2.481795 -0.619029
v -0.920932 2.519951 -0.582674
v -0.785774 2.483070 -0.617843
v -0.886781 2.491041 -0.628972
v -0.920932 2.528521 -0.597004
v -0.751623 2.530230 -0.596285
v -0.785774 2.494190 -0.629801
v -0.561988 2.746512 -0.395054
v -0.739271 2.746512 -0.395054
v -0.705120 2.479103 -0.623807
v -0.739271 2.519427 -0.589783
v -0.561988 2.519427 -0.589783
v -0.596139 2.479103 -0.623807
v -0.705120 2.493690 -0.639493
v -0.739271 2.529730 -0.605977
v -0.561988 2.529730 -0.605977
v -0.596139 2.493690 -0.639493
v -0.545714 2.743210 -0.391503
v -0.511563 2.477968 -0.622587
v -0.545714 2.516125 -0.586232
v -0.410556 2.479244 -0.621401
v -0.511563 2.487215 -0.632530
v -0.545714 2.524694 -0.600563
v -0.376405 2.526404 -0.599843
v -0.410556 2.490365 -0.633359
v -0.188802 2.742686 -0.398612
v -0.366085 2.742686 -0.398612
v -0.331934 2.475277 -0.627365
v -0.366085 2.515601 -0.593341
v -0.188802 2.515601 -0.593341
v -0.222953 2.475277 -0.627365
v -0.331934 2.489865 -0.643051
v -0.366085 2.525904 -0.609535
v -0.188802 2.525904 -0.609535
v -0.222953 2.489865 -0.643051
v -0.003219 2.738543 -0.396714
v -0.172528 2.739384 -0.395061
v -0.138377 2.474143 -0.626145
v -0.172528 2.512299 -0.589790
v -0.037370 2.475418 -0.624959
v -0.138377 2.483389 -0.636088
v -0.172528 2.520869 -0.604120
v -0.003219 2.522578 -0.603401
v -0.037370 2.486539 -0.636917
v 0.186416 2.738860 -0.402170
v 0.009133 2.738860 -0.402170
v 0.043284 2.471451 -0.630923
v 0.009133 2.511775 -0.596899
v 0.186416 2.511775 -0.596899
v 0.152265 2.471451 -0.630923
v 0.043284 2.486038 -0.646609
v 0.009133 2.522078 -0.613093
v 0.186416 2.522078 -0.613093
v 0.152265 2.486038 -0.646609
v 0.371999 2.734717 -0.400272
v 0.202690 2.735559 -0.398620
v 0.236841 2.470317 -0.629704
v 0.202690 2.508473 -0.593349
v 0.371999 2.507632 -0.595001
v 0.337848 2.471592 -0.628517
v 0.236841 2.479563 -0.639646
v 0.202690 2.517043 -0.607679
v 0.371999 2.518752 -0.606959
v 0.337848 2.482713 -0.640475
v -1.114489 2.518780 -0.576299
v -0.937206 2.518780 -0.576299
v -1.080338 2.255843 -0.814978
v -1.114489 2.291883 -0.781462
v -0.937206 2.291883 -0.781462
v -0.971357 2.255843 -0.814978
v -1.080338 2.270431 -0.830664
v -1.114489 2.306471 -0.797148
v -0.937206 2.306471 -0.797148
v -0.971357 2.270431 -0.830664
v -0.751623 2.519109 -0.584327
v -0.920932 2.517211 -0.574613
v -0.751623 2.513819 -0.578638
v -0.886781 2.254709 -0.813758
v -0.920932 2.290315 -0.779776
v -0.751623 2.292024 -0.779056
v -0.785774 2.255985 -0.812572
v -0.886781 2.263956 -0.823701
v -0.920932 2.301435 -0.791734
v -0.751623 2.303145 -0.791014
v -0.785774 2.267105 -0.824530
v -0.739271 2.514953 -0.579857
v -0.561988 2.514953 -0.579857
v -0.705120 2.252017 -0.818536
v -0.739271 2.288057 -0.785020
v -0.561988 2.288057 -0.785020
v -0.596139 2.252017 -0.818536
v -0.705120 2.266605 -0.834222
v -0.739271 2.302645 -0.800706
v -0.561988 2.302645 -0.800706
v -0.596139 2.266605 -0.834222
v -0.376405 2.515284 -0.587885
v -0.545714 2.513386 -0.578171
v -0.376405 2.509993 -0.582196
v -0.511563 2.250883 -0.817316
v -0.545714 2.286489 -0.783334
v -0.376405 2.288199 -0.782614
v -0.410556 2.252159 -0.816130
v -0.511563 2.260130 -0.827259
v -0.545714 2.297609 -0.795292
v -0.376405 2.299319 -0.794572
v -0.410556 2.263279 -0.828088
v -0.366085 2.511127 -0.583415
v -0.188802 2.511127 -0.583415
v -0.331934 2.248192 -0.822094
v -0.366085 2.284231 -0.788578
v -0.188802 2.284231 -0.788578
v -0.222953 2.248192 -0.822094
v -0.331934 2.262779 -0.837780
v -0.366085 2.298819 -0.804264
v -0.188802 2.298819 -0.804264
v -0.222953 2.262779 -0.837780
v -0.003219 2.511457 -0.591444
v -0.172528 2.509559 -0.581729
v -0.003219 2.506167 -0.585754
v -0.138377 2.247058 -0.820874
v -0.172528 2.282663 -0.786892
v -0.003219 2.284373 -0.786172
v -0.037370 2.248333 -0.819688
v -0.138377 2.256304 -0.830817
v -0.172528 2.293783 -0.798850
v -0.003219 2.295493 -0.798130
v -0.037370 2.259454 -0.831646
v 0.009133 2.507302 -0.586973
v 0.186416 2.507302 -0.586973
v 0.043284 2.244365 -0.825652
v 0.009133 2.280405 -0.792136
v 0.186416 2.280405 -0.792136
v 0.152265 2.244365 -0.825652
v 0.043284 2.258953 -0.841338
v 0.009133 2.294993 -0.807822
v 0.186416 2.294993 -0.807822
v 0.152265 2.258953 -0.841338
v 0.202690 2.505733 -0.585287
v 0.371999 2.502341 -0.589312
v 0.236841 2.243232 -0.824432
v 0.202690 2.278837 -0.790450
v 0.371999 2.280547 -0.789730
v 0.337848 2.244507 -0.823246
v 0.236841 2.252478 -0.834375
v 0.202690 2.289958 -0.802408
v 0.371999 2.291667 -0.801688
v 0.337848 2.255627 -0.835204
v 0.573269 2.735034 -0.405728
v 0.395986 2.735034 -0.405728
v 0.430137 2.467625 -0.634481
v 0.395986 2.507949 -0.600457
v 0.573269 2.507949 -0.600457
v 0.539118 2.467625 -0.634481
v 0.430137 2.482213 -0.650167
v 0.395986 2.518252 -0.616651
v 0.573269 2.518252 -0.616651
v 0.539118 2.482213 -0.650167
v 0.589543 2.731732 -0.402178
v 0.623694 2.466491 -0.633261
v 0.589543 2.504647 -0.596907
v 0.724701 2.467766 -0.632075
v 0.623694 2.475737 -0.643204
v 0.589543 2.513217 -0.611237
v 0.758852 2.514926 -0.610517
v 0.724701 2.478887 -0.644033
v 0.948487 2.731208 -0.409286
v 0.771204 2.731208 -0.409286
v 0.805355 2.463799 -0.638039
v 0.771204 2.504123 -0.604015
v 0.948487 2.504123 -0.604015
v 0.914336 2.463799 -0.638039
v 0.805355 2.478387 -0.653725
v 0.771204 2.514426 -0.620209
v 0.948487 2.514426 -0.620209
v 0.914336 2.478387 -0.653725
v 1.134070 2.725308 -0.404628
v 0.964761 2.727906 -0.405736
v 1.134070 2.721774 -0.401700
v 0.998912 2.462665 -0.636819
v 0.964761 2.500821 -0.600465
v 1.099919 2.463940 -0.635633
v 0.998912 2.471911 -0.646762
v 0.964761 2.509391 -0.614795
v 1.134070 2.511100 -0.614075
v 1.099919 2.475061 -0.647591
v 0.395986 2.503475 -0.590531
v 0.573269 2.503475 -0.590531
v 0.430137 2.240540 -0.829210
v 0.395986 2.276579 -0.795694
v 0.573269 2.276579 -0.795694
v 0.539118 2.240540 -0.829210
v 0.430137 2.255127 -0.844896
v 0.395986 2.291167 -0.811380
v 0.573269 2.291167 -0.811380
v 0.539118 2.255127 -0.844896
v 0.758852 2.503806 -0.598560
v 0.589543 2.501908 -0.588845
v 0.758852 2.498515 -0.592870
v 0.623694 2.239406 -0.827990
v 0.589543 2.275011 -0.794008
v 0.758852 2.276721 -0.793288
v 0.724701 2.240681 -0.826804
v 0.623694 2.248652 -0.837933
v 0.589543 2.286132 -0.805966
v 0.758852 2.287841 -0.805246
v 0.724701 2.251801 -0.838762
v 0.771204 2.499650 -0.594089
v 0.948487 2.499650 -0.594089
v 0.805355 2.236714 -0.832768
v 0.771204 2.272753 -0.799252
v 0.948487 2.272753 -0.799252
v 0.914336 2.236714 -0.832768
v 0.805355 2.251302 -0.848454
v 0.771204 2.287341 -0.814938
v 0.948487 2.287341 -0.814938
v 0.914336 2.251302 -0.848454
v 1.134070 2.499980 -0.602118
v 0.964761 2.498081 -0.592403
v 1.134070 2.494689 -0.596429
v 0.998912 2.235579 -0.831549
v 0.964761 2.271185 -0.797566
v 1.134070 2.272895 -0.796846
v 1.099919 2.236855 -0.830362
v 0.998912 2.244826 -0.841491
v 0.964761 2.282305 -0.809524
v 1.134070 2.284015 -0.808804
v 1.099919 2.247976 -0.842320
v -0.937206 3.208793 -0.001530
v -1.114489 3.208793 -0.001530
v -1.114489 3.186219 0.007888
v -1.080338 2.933896 -0.227346
v -1.114489 2.963607 -0.196767
v -0.937206 2.977423 -0.196767
v -0.971357 2.937099 -0.230791
v -1.080338 2.951687 -0.246477
v -1.114489 2.987726 -0.212961
v -0.937206 2.987726 -0.212961
v -0.971357 2.951687 -0.246477
v -0.751623 3.200365 -0.000140
v -0.920932 3.203758 0.003885
v -0.886781 2.935965 -0.229571
v -0.920932 2.974122 -0.193216
v -0.785774 2.937241 -0.228385
v -0.886781 2.945211 -0.239514
v -0.920932 2.982691 -0.207546
v -0.751623 2.984401 -0.206827
v -0.785774 2.948361 -0.240343
v -0.561988 3.204967 -0.005088
v -0.739271 3.204967 -0.005088
v -0.705120 2.933273 -0.234349
v -0.739271 2.973597 -0.200325
v -0.561988 2.973597 -0.200325
v -0.596139 2.933273 -0.234349
v -0.705120 2.947861 -0.250035
v -0.739271 2.983900 -0.216519
v -0.561988 2.983900 -0.216519
v -0.596139 2.947861 -0.250035
v -0.376405 3.196539 -0.003698
v -0.545714 3.199932 0.000327
v -0.511563 2.932139 -0.233129
v -0.545714 2.970296 -0.196774
v -0.410556 2.933414 -0.231943
v -0.511563 2.941385 -0.243072
v -0.545714 2.978865 -0.211104
v -0.376405 2.980574 -0.210385
v -0.410556 2.944535 -0.243901
v -0.188802 3.201141 -0.008646
v -0.366085 3.201141 -0.008646
v -0.331934 2.929447 -0.237907
v -0.366085 2.969771 -0.203883
v -0.188802 2.969771 -0.203883
v -0.222953 2.929447 -0.237907
v -0.331934 2.944035 -0.253593
v -0.366085 2.980074 -0.220077
v -0.188802 2.980074 -0.220077
v -0.222953 2.944035 -0.253593
v -0.003219 3.192713 -0.007256
v -0.172528 3.196106 -0.003231
v -0.138377 2.928313 -0.236687
v -0.172528 2.966470 -0.200332
v -0.037370 2.929589 -0.235501
v -0.138377 2.937559 -0.246630
v -0.172528 2.975039 -0.214663
v -0.003219 2.976748 -0.213943
v -0.037370 2.940709 -0.247459
v 0.186416 3.197315 -0.012204
v 0.009133 3.197315 -0.012204
v 0.043284 2.925621 -0.241465
v 0.009133 2.965945 -0.207441
v 0.186416 2.965945 -0.207441
v 0.152265 2.925621 -0.241465
v 0.043284 2.940209 -0.257151
v 0.009133 2.976249 -0.223635
v 0.186416 2.976249 -0.223635
v 0.152265 2.940209 -0.257151
v 0.371999 3.188887 -0.010814
v 0.202690 3.192280 -0.006789
v 0.236841 2.924487 -0.240245
v 0.202690 2.962644 -0.203891
v 0.371999 2.961802 -0.205543
v 0.337848 2.925763 -0.239059
v 0.236841 2.933733 -0.250188
v 0.202690 2.971213 -0.218221
v 0.371999 2.972923 -0.217501
v 0.337848 2.936883 -0.251017
v -1.114489 2.961902 -0.186841
v -1.080338 2.707753 -0.423088
v -0.971357 2.710014 -0.425520
v -1.080338 2.724602 -0.441206
v -1.114489 2.760641 -0.407690
v -0.937206 2.760641 -0.407690
v -0.971357 2.724602 -0.441206
v -0.751623 2.973280 -0.194869
v -0.886781 2.708880 -0.424300
v -0.785774 2.710155 -0.423114
v -0.886781 2.718126 -0.434243
v -0.920932 2.755606 -0.402275
v -0.751623 2.757315 -0.401556
v -0.785774 2.721276 -0.435072
v -0.705120 2.706188 -0.429078
v -0.596139 2.706188 -0.429078
v -0.705120 2.720776 -0.444764
v -0.739271 2.756815 -0.411248
v -0.561988 2.756815 -0.411248
v -0.596139 2.720776 -0.444764
v -0.376405 2.969454 -0.198427
v -0.511563 2.705054 -0.427858
v -0.376405 2.742369 -0.393156
v -0.410556 2.706329 -0.426672
v -0.511563 2.714300 -0.437801
v -0.545714 2.751780 -0.405833
v -0.376405 2.753489 -0.405114
v -0.410556 2.717450 -0.438630
v -0.331934 2.702362 -0.432636
v -0.222953 2.702362 -0.432636
v -0.331934 2.716950 -0.448322
v -0.366085 2.752989 -0.414806
v -0.188802 2.752989 -0.414806
v -0.222953 2.716950 -0.448322
v -0.003219 2.965628 -0.201985
v -0.138377 2.701228 -0.431416
v -0.037370 2.702503 -0.430230
v -0.138377 2.710474 -0.441359
v -0.172528 2.747954 -0.409392
v -0.003219 2.749663 -0.408672
v -0.037370 2.713624 -0.442188
v 0.043284 2.698536 -0.436194
v 0.152265 2.698536 -0.436194
v 0.043284 2.713124 -0.451880
v 0.009133 2.749163 -0.418364
v 0.186416 2.749163 -0.418364
v 0.152265 2.713124 -0.451880
v 0.236841 2.697402 -0.434974
v 0.337848 2.698678 -0.433788
v 0.236841 2.706648 -0.444917
v 0.202690 2.744128 -0.412950
v 0.371999 2.745837 -0.412230
v 0.337848 2.709798 -0.445746
v 0.573269 3.193489 -0.015762
v 0.395986 3.193489 -0.015762
v 0.430137 2.921795 -0.245023
v 0.395986 2.962119 -0.210999
v 0.573269 2.962119 -0.210999
v 0.539118 2.921795 -0.245023
v 0.430137 2.936383 -0.260709
v 0.395986 2.972422 -0.227193
v 0.573269 2.972422 -0.227193
v 0.539118 2.936383 -0.260709
v 0.758852 3.185061 -0.014373
v 0.589543 3.188454 -0.010347
v 0.623694 2.920661 -0.243803
v 0.589543 2.958818 -0.207449
v 0.724701 2.921937 -0.242617
v 0.623694 2.929907 -0.253746
v 0.589543 2.967387 -0.221779
v 0.758852 2.969097 -0.221059
v 0.724701 2.933057 -0.254575
v 0.948487 3.189663 -0.019320
v 0.771204 3.189663 -0.019320
v 0.805355 2.917969 -0.248581
v 0.771204 2.958293 -0.214557
v 0.948487 2.958293 -0.214557
v 0.914336 2.917969 -0.248581
v 0.805355 2.932557 -0.264267
v 0.771204 2.968596 -0.230751
v 0.948487 2.968596 -0.230751
v 0.914336 2.932557 -0.264267
v 1.134070 3.181235 -0.017931
v 0.964761 3.184628 -0.013905
v 1.134070 3.172933 -0.007122
v 0.998912 2.916835 -0.247361
v 0.964761 2.954992 -0.211007
v 1.099919 2.915781 -0.243671
v 0.998912 2.926081 -0.257304
v 0.964761 2.963561 -0.225337
v 1.134070 2.965271 -0.224617
v 1.099919 2.929231 -0.258133
v 0.430137 2.694710 -0.439752
v 0.539118 2.694710 -0.439752
v 0.430137 2.709298 -0.455438
v 0.395986 2.745337 -0.421922
v 0.573269 2.745337 -0.421922
v 0.539118 2.709298 -0.455438
v 0.758852 2.957976 -0.209102
v 0.623694 2.693576 -0.438532
v 0.758852 2.730891 -0.403830
v 0.724701 2.694851 -0.437346
v 0.623694 2.702822 -0.448475
v 0.589543 2.740302 -0.416508
v 0.758852 2.742012 -0.415788
v 0.724701 2.705972 -0.449304
v 0.805355 2.690884 -0.443310
v 0.914336 2.690884 -0.443310
v 0.805355 2.705472 -0.458996
v 0.771204 2.741511 -0.425480
v 0.948487 2.741511 -0.425480
v 0.914336 2.705472 -0.458996
v 1.134070 2.951138 -0.207540
v 1.134070 2.947103 -0.204210
v 0.998912 2.689750 -0.442090
v 1.099946 2.691052 -0.440876
v 0.998912 2.698996 -0.452033
v 0.964761 2.736476 -0.420066
v 1.134070 2.738185 -0.419346
v 1.099919 2.702146 -0.452862
v 1.066542 2.332070 0.786682
v -1.049594 2.332070 0.786682
v 1.065518 2.452629 -0.640382
v -1.048569 2.452629 -0.640382
v 1.059361 3.202508 0.021185
v 1.066310 2.327960 0.777801
v -1.042413 3.202508 0.021185
v -1.049362 2.327960 0.777801
v 1.065286 2.446297 -0.632809
v -1.048337 2.446297 -0.632809
v -1.171716 3.148534 0.133668
v 1.188664 3.148534 0.133668
v -1.171716 3.148534 -0.091296
v 1.188664 3.148534 -0.091296
v -1.171716 3.228194 0.021186
v 1.188664 3.228194 0.021186
v -1.171716 3.202822 0.021186
v -1.171716 3.120461 0.125145
v 1.188664 3.120461 0.125145
v 1.188664 3.202822 0.021186
v 1.188664 3.120461 -0.082773
v -1.171716 3.120461 -0.082773
v 1.034664 1.507298 -0.030878
v 1.034664 1.548693 -0.030517
v 1.034664 1.577709 -0.000991
v 1.034664 1.577347 0.040404
v 1.034664 1.547821 0.069419
v 1.034664 1.506426 0.069058
v 1.034664 1.477411 0.039532
v 1.034664 1.477772 -0.001863
v -1.017715 1.507298 -0.030878
v -1.017715 1.548693 -0.030517
v -1.017715 1.577708 -0.000991
v -1.017715 1.577347 0.040404
v -1.017715 1.547821 0.069419
v -1.017715 1.506426 0.069058
v -1.017715 1.477411 0.039532
v -1.017715 1.477772 -0.001863
v -0.105189 1.477411 0.039532
v -0.029413 1.477411 0.039532
v 0.227533 1.477411 0.039532
v 0.303309 1.547821 0.069419
v -0.256741 1.506426 0.069058
v -0.256741 1.577347 0.040404
v -0.256741 1.507298 -0.030878
v -0.256741 1.477772 -0.001863
v 0.303309 1.477411 0.039532
v -0.256741 1.477411 0.039532
v -0.029413 1.477772 -0.001863
v 0.046362 1.548693 -0.030517
v -0.029413 1.548693 -0.030517
v -0.105189 1.577708 -0.000991
v -0.029413 1.577708 -0.000991
v 0.046362 1.577708 -0.000991
v 0.122138 1.577708 -0.000991
v 0.122138 1.577347 0.040404
v -0.029413 1.577347 0.040404
v 0.227533 1.547821 0.069419
v 0.227533 1.506426 0.069058
v 0.122138 1.506426 0.069058
v 0.046362 1.506426 0.069058
v -0.029413 1.506426 0.069058
v -0.105189 1.506426 0.069058
v -0.180965 1.507298 -0.030878
v 0.046362 1.507298 -0.030878
v 0.122138 1.507298 -0.030878
v -0.105189 1.548693 -0.030517
v 0.303309 1.548693 -0.030517
v 0.227533 1.548693 -0.030517
v 0.046362 1.477772 -0.001863
v 0.122138 1.477772 -0.001863
v -0.180965 1.477772 -0.001863
v -0.256741 1.577708 -0.000991
v -0.180965 1.577708 -0.000991
v 0.122138 1.477411 0.039532
v 0.046362 1.477411 0.039532
v 0.122138 1.548693 -0.030517
v -0.105189 1.477772 -0.001863
v -0.180965 1.477411 0.039532
v 0.227533 1.477772 -0.001863
v 0.303309 1.477772 -0.001863
v -0.180965 1.548693 -0.030517
v -0.256741 1.548693 -0.030517
v 0.227533 1.577708 -0.000991
v 0.303309 1.577708 -0.000991
v -0.180965 1.577347 0.040404
v -0.256741 1.547821 0.069419
v 0.303309 1.577347 0.040404
v -0.180965 1.506426 0.069058
v 0.303309 1.506426 0.069058
v 0.227533 1.507298 -0.030878
v 0.303309 1.507298 -0.030878
v 0.227533 1.577347 0.040404
v 0.046362 1.577347 0.040404
v -0.105189 1.577347 0.040404
v -0.180965 1.547821 0.069419
v -0.105189 1.547821 0.069419
v -0.029413 1.547821 0.069419
v 0.046362 1.547821 0.069419
v 0.122138 1.547821 0.069419
v -0.105189 1.507298 -0.030878
v -0.029413 1.507298 -0.030878
v -0.029413 1.549888 -0.033332
v -0.105189 1.549888 -0.033332
v 0.303309 1.549888 -0.033332
v 0.227533 1.549888 -0.033332
v 0.046362 1.474957 -0.003058
v 0.122138 1.474957 -0.003058
v -0.256741 1.474957 -0.003058
v -0.180965 1.474957 -0.003058
v -0.029413 1.474575 0.040678
v -0.105189 1.474575 0.040678
v 0.046362 1.580544 -0.002136
v 0.122138 1.580544 -0.002136
v -0.256741 1.580544 -0.002136
v -0.180965 1.580544 -0.002136
v 0.303309 1.474575 0.040678
v 0.227533 1.474575 0.040678
v 0.122138 1.474575 0.040678
v 0.046362 1.474575 0.040678
v 0.122138 1.549888 -0.033332
v 0.046362 1.549888 -0.033332
v -0.105189 1.474957 -0.003058
v -0.029413 1.474957 -0.003058
v -0.105189 1.580544 -0.002136
v -0.029413 1.580544 -0.002136
v -0.180965 1.474575 0.040678
v -0.256741 1.474575 0.040678
v 0.227533 1.474957 -0.003058
v 0.303309 1.474957 -0.003058
v -0.180965 1.549888 -0.033332
v -0.256741 1.549888 -0.033332
v 0.227533 1.580544 -0.002136
v 0.303309 1.580544 -0.002136
v -0.180965 1.580162 0.041599
v -0.256741 1.580162 0.041599
v -0.256741 1.548967 0.072255
v 0.227533 1.548967 0.072255
v 0.303309 1.548967 0.072255
v 0.303309 1.580162 0.041599
v -0.180965 1.505231 0.071873
v -0.256741 1.505231 0.071873
v 0.303309 1.505231 0.071873
v -0.256741 1.506153 -0.033714
v 0.227533 1.506153 -0.033714
v 0.303309 1.506153 -0.033714
v 0.227533 1.580162 0.041599
v 0.122138 1.580162 0.041599
v 0.046362 1.580162 0.041599
v -0.029413 1.580162 0.041599
v -0.105189 1.580162 0.041599
v -0.180965 1.548967 0.072255
v -0.105189 1.548967 0.072255
v -0.029413 1.548967 0.072255
v 0.046362 1.548967 0.072255
v 0.122138 1.548967 0.072255
v 0.227533 1.505231 0.071873
v 0.122138 1.505231 0.071873
v 0.046362 1.505231 0.071873
v -0.029413 1.505231 0.071873
v -0.105189 1.505231 0.071873
v -0.180965 1.506153 -0.033714
v -0.105189 1.506153 -0.033714
v -0.029413 1.506153 -0.033714
v 0.046362 1.506153 -0.033714
v 0.122138 1.506153 -0.033714
v 1.059591 2.293171 0.813242
v 1.059591 2.256231 0.771735
v 1.059591 2.334678 0.776301
v 1.059591 2.297738 0.734794
v -1.042643 2.293171 0.813242
v -1.042643 2.256231 0.771735
v -1.042643 2.334678 0.776301
v -1.042643 2.297737 0.734794
v 1.059591 2.706695 0.444807
v 1.059591 2.669754 0.403300
v 1.059591 2.748201 0.407866
v 1.059591 2.711261 0.366360
v -1.042643 2.706694 0.444807
v -1.042643 2.669754 0.403300
v -1.042643 2.748201 0.407866
v -1.042643 2.711261 0.366359
v 1.059591 2.293171 -0.770870
v 1.059591 2.256231 -0.729363
v 1.059591 2.334678 -0.733930
v 1.059591 2.297737 -0.692423
v -1.042643 2.293171 -0.770870
v -1.042643 2.256231 -0.729363
v -1.042643 2.334678 -0.733929
v -1.042643 2.297737 -0.692423
v 1.059591 2.706695 -0.402435
v 1.059591 2.669754 -0.360929
v 1.059591 2.748201 -0.365495
v 1.059591 2.711261 -0.323988
v -1.042643 2.706694 -0.402435
v -1.042643 2.669754 -0.360929
v -1.042643 2.748201 -0.365494
v -1.042643 2.711261 -0.323988
vn -0.0000 1.0000 -0.0000
vn -0.0000 -0.0000 -1.0000
vn -0.0000 -0.0000 1.0000
vn 1.0000 -0.0000 -0.0000
vn -1.0000 -0.0000 -0.0000
vn -0.8660 -0.0000 -0.5000
vn 0.8660 -0.0000 -0.5000
vn 0.5000 -0.0000 0.8660
vn -0.8660 -0.0000 0.5000
vn 0.5000 -0.0000 -0.8660
vn -0.5000 -0.0000 -0.8660
vn 0.8660 -0.0000 0.5000
vn -0.5000 -0.0000 0.8660
vn 0.5282 -0.0000 0.8491
vn 0.0027 -1.0000 -0.0018
vn -0.4419 -0.0000 0.8971
vn -0.7768 -0.0000 -0.6297
vn -0.0297 0.9996 -0.0011
vn 0.4419 -0.0000 -0.8971
vn -0.0000 -1.0000 -0.0000
vn -0.5417 -0.0000 -0.8406
vn 0.7660 -0.0000 0.6429
vn 0.7502 -0.0000 -0.6613
vn -0.7502 -0.0000 0.6613
vn -0.0023 -1.0000 0.0042
vn -0.9344 -0.0000 0.3563
vn -0.1554 -0.0184 -0.9877
vn 0.0862 0.9960 0.0255
vn 0.9380 -0.0000 -0.3466
vn -0.9161 -0.0000 -0.4010
vn -0.0112 -0.9997 -0.0234
vn -0.0012 1.0000 -0.0000
vn 0.2061 -0.0000 -0.9785
vn 0.1388 0.0181 0.9902
vn 0.9997 0.0214 0.0108
vn -0.9997 -0.0000 -0.0263
vn 0.5648 -0.0000 -0.8252
vn 0.2263 -0.0000 -0.9741
vn -0.2230 -0.0000 0.9748
vn 0.9161 -0.0000 0.4010
vn -0.0068 -0.9999 0.0147
vn 0.7961 -0.0000 -0.6051
vn -0.5788 -0.0000 0.8155
vn 0.7185 -0.0000 0.6955
vn -0.7185 -0.0000 -0.6955
vn 0.9925 -0.0000 -0.1224
vn -0.8057 -0.0000 0.5923
vn 0.3694 -0.0000 0.9293
vn -0.3694 -0.0000 -0.9293
vn 0.9804 -0.0000 0.1970
vn -0.9944 -0.0000 0.1055
vn -0.0463 -0.0000 0.9989
vn 0.0463 -0.0000 -0.9989
vn -0.0028 -1.0000 -0.0007
vn 0.7747 -0.0000 0.6323
vn -0.9719 -0.0000 -0.2354
vn -0.4203 -0.0000 0.9074
vn -0.0442 0.9965 0.0714
vn 0.0069 -1.0000 -0.0000
vn 0.5389 -0.0000 0.8424
vn -0.7638 -0.0000 -0.6454
vn -0.7523 -0.0000 0.6588
vn 0.7523 -0.0000 -0.6588
vn -0.9356 -0.0000 0.3532
vn -0.5253 -0.0000 -0.8509
vn 0.9356 -0.0000 -0.3532
vn -0.2094 -0.0000 0.9778
vn -0.1511 -0.0000 -0.9885
vn -0.9996 -0.0000 -0.0296
vn 0.9996 -0.0000 0.0296
vn -0.0016 -1.0000 -0.0007
vn 0.9148 -0.0000 0.4040
vn -0.5675 -0.0000 0.8233
vn 0.0478 0.9989 -0.0032
vn -0.9148 -0.0000 -0.4040
vn 0.7162 -0.0000 0.6979
vn -0.7982 -0.0000 0.6025
vn 0.3663 -0.0000 0.9305
vn 0.5815 -0.0000 -0.8135
vn -0.7162 -0.0000 -0.6979
vn 0.0024 -1.0000 -0.0025
vn -0.9929 -0.0000 0.1191
vn 0.8077 -0.0000 -0.5896
vn -0.3663 -0.0000 -0.9305
vn 0.0398 0.9934 -0.1078
vn -0.0452 -0.9977 0.0497
vn -0.0018 0.9992 0.0398
vn -0.9797 -0.0000 -0.2002
vn 0.9948 -0.0000 -0.1022
vn 0.0449 -0.0000 -0.9990
vn -0.0459 -0.0000 0.9989
vn -0.2901 0.3758 0.8801
vn -0.2153 -0.6236 -0.7515
vn 0.6841 0.7160 0.1391
vn -0.0494 -0.6178 0.7848
vn -0.4059 0.6389 0.6535
vn 0.3962 0.7285 -0.5588
vn 0.4258 -0.0000 -0.9048
vn -0.6206 0.6962 0.3608
vn 0.1680 -0.0000 0.9858
vn -0.2302 0.7014 0.6746
vn 0.9727 -0.0000 0.2321
vn 0.1729 0.0001 0.9849
vn 0.4975 -0.0000 0.8675
vn -0.4239 -0.0000 0.9057
vn -0.9955 -0.0000 0.0943
vn -0.9998 -0.0000 -0.0202
vn 0.9655 -0.0000 0.2605
vn -0.8818 -0.0000 -0.4716
vn -0.9998 -0.0000 -0.0194
vn 0.9523 -0.0000 0.3051
vn -0.8768 -0.0000 0.4808
vn -0.6967 -0.0000 -0.7173
vn -0.0423 -0.9980 0.0463
vn 0.1002 -0.3296 0.9388
vn -0.0095 0.9981 0.0608
vn -0.8754 -0.0000 -0.4833
vn 0.9985 -0.0000 0.0539
vn -0.0016 -1.0000 -0.0001
vn 0.4923 0.0513 0.8689
vn 0.1648 -0.0000 0.9863
vn 0.8566 -0.0000 -0.5159
vn 0.5273 -0.0000 -0.8497
vn 0.8965 -0.0000 0.4430
vn 0.0402 0.0577 -0.9975
vn -0.8876 -0.0000 0.4606
vn -0.4537 -0.0000 0.8912
vn 0.7854 -0.0000 -0.6189
vn 0.0015 1.0000 -0.0000
vn 0.3994 -0.0000 -0.9168
vn -0.5094 -0.0000 0.8605
vn 0.5446 0.0065 -0.8387
vn 0.9990 -0.0000 -0.0447
vn -0.6937 0.0422 -0.7191
vn -0.4657 -0.0000 -0.8850
vn -0.8356 -0.0000 0.5494
vn 0.8068 -0.0000 0.5908
vn 0.1375 -0.9876 0.0759
vn 0.0066 -0.0000 1.0000
vn -0.5156 -0.0000 -0.8568
vn -0.8427 0.5301 -0.0941
vn -0.1937 -0.5068 0.8400
vn -0.5093 -0.0000 0.8606
vn 0.3592 -0.3253 0.8747
vn 0.0371 -0.7068 0.7064
vn 0.8163 0.5470 0.1857
vn 0.8771 -0.0048 0.4803
vn 0.1973 0.5776 -0.7921
vn 0.8639 -0.0000 -0.5036
vn 0.6984 -0.5180 0.4938
vn 0.2491 -0.5205 -0.8167
vn 0.0964 -0.7042 -0.7034
vn -0.4605 -0.0000 0.8876
vn 0.9964 -0.0000 0.0854
vn 0.0309 -0.0000 -0.9995
vn 0.6137 -0.7068 0.3518
vn 0.9731 0.0001 -0.2304
vn -0.1032 -0.0000 -0.9947
vn -0.6772 0.0422 0.7346
vn -0.8023 0.5776 -0.1506
vn -0.5534 -0.0000 -0.8329
vn 0.4520 -0.5180 -0.7262
vn 0.4533 0.0002 -0.8913
vn -0.9258 -0.0011 -0.3779
vn 0.1229 0.0429 0.9915
vn -0.6299 0.5840 0.5120
vn -0.9978 0.0086 -0.0653
vn -0.5929 -0.6502 -0.4751
vn 0.3077 -0.0000 0.9515
vn -0.6020 -0.0000 -0.7985
vn 0.8880 -0.0000 0.4599
vn -0.6453 -0.0000 0.7640
vn -0.3229 -0.0000 -0.9464
vn 0.5883 -0.0000 0.8087
vn -0.8875 -0.0000 0.4608
vn -0.9927 -0.0000 0.1204
vn 0.0714 -0.0000 -0.9974
vn -0.7923 -0.0000 -0.6101
vn 0.4361 -0.0000 -0.8999
vn -0.0885 -0.0000 0.9961
vn -0.9638 -0.0000 -0.2666
vn 0.7472 -0.0000 -0.6646
vn 0.4479 -0.0077 -0.8940
vn -0.4516 -0.0000 0.8922
vn 0.9186 -0.0000 -0.3952
vn -0.7584 -0.0000 0.6518
vn -0.5296 -0.0000 -0.8483
vn 0.9904 -0.0000 0.1379
vn -0.9180 -0.0000 0.3965
vn -0.1343 -0.0000 -0.9909
vn 0.9039 0.0006 0.4277
vn -0.9905 -0.0006 -0.1375
vn 0.2859 -0.0000 -0.9583
vn 0.5804 0.0017 0.8144
vn -0.8926 -0.0011 -0.4509
vn 0.3100 -0.0000 0.9507
vn -0.5939 -0.0000 -0.8045
vn 0.8890 -0.0000 -0.4578
vn -0.3171 -0.0000 -0.9484
vn 0.9931 -0.0000 -0.1171
vn -0.4391 -0.0007 0.8984
vn 0.0918 0.0002 -0.9958
vn 0.9629 -0.0000 0.2699
vn 0.7903 -0.0000 0.6127
vn -0.7579 -0.0000 0.6524
vn 0.5267 -0.0000 0.8500
vn -0.9240 -0.0000 0.3825
vn 0.1310 -0.0000 0.9914
vn 0.7538 -0.0000 -0.6571
vn -0.9895 -0.0000 -0.1449
vn 0.9194 -0.0000 -0.3934
vn -0.9025 -0.0000 -0.4307
vn 0.9900 -0.0000 0.1408
vn -0.2855 -0.0000 0.9584
vn -0.4994 0.3740 0.7815
vn -0.0277 -0.6236 -0.7813
vn 0.6280 0.7192 0.2973
vn -0.2373 -0.6178 0.7497
vn -0.5449 0.6339 0.5488
vn 0.5250 0.7184 -0.4564
vn 0.6315 -0.0000 -0.7753
vn -0.0745 -0.0796 0.9940
vn 0.0087 -0.0000 1.0000
vn -1.0000 -0.0000 0.0087
vn -0.0087 -0.0000 -1.0000
vn 0.7009 -0.0000 -0.7132
vn 0.7133 -0.0000 0.7009
vn -0.7009 -0.0000 0.7133
vn -0.7133 -0.0000 -0.7009
vn 1.0000 -0.0000 -0.0087
vn -0.0000 0.6922 0.7217
vn -0.0000 0.6922 -0.7217
vn -0.0000 0.5758 -0.8176
vn -0.0000 -0.5777 0.8162
vn 1.0000 -0.0000 0.0058
vn -1.0000 0.0055 -0.0000
vn -1.0000 -0.0000 0.0058
vn -0.0000 0.5758 0.8176
vn -0.0000 -0.5777 -0.8162
vn 1.0000 -0.0000 -0.0058
vn -1.0000 -0.0000 -0.0058
vn 1.0000 0.0055 -0.0000
vn -0.0000 -0.7347 0.6784
vn -0.0000 -0.7347 -0.6784
vn -0.0000 -0.8144 0.5803
vn -0.0000 -0.6769 -0.7361
vn -0.0000 0.6584 0.7526
vn -0.0000 -0.8144 -0.5803
vn -0.0000 -0.6769 0.7361
vn -0.0000 0.6584 -0.7526
vn -0.0434 0.6967 0.7161
vn 0.8216 -0.4175 0.3882
vn -0.8213 -0.4169 0.3894
vn 0.4136 0.6349 0.6526
vn -0.0000 -0.7323 0.6810
vn -0.0039 0.6914 0.7225
vn -0.0620 -0.8566 0.5122
vn -0.8329 -0.4749 0.2840
vn -0.4712 0.6151 0.6322
vn 0.0172 -0.7322 0.6809
vn -0.0000 0.6974 0.7167
vn -0.2714 -0.7048 0.6555
vn -0.8372 -0.4614 0.2935
vn -0.0039 0.6914 0.7224
vn -0.0620 -0.8566 0.5123
vn -0.5386 0.5875 0.6039
vn -0.3198 -0.6938 0.6453
vn 0.8216 -0.4175 0.3883
vn -0.2714 -0.7048 0.6554
vn -0.2652 0.6724 0.6911
vn -0.0190 0.6972 0.7166
vn -0.8216 -0.4175 0.3882
vn 0.0038 -0.6829 -0.7305
vn -0.4711 0.6151 0.6322
vn -0.1401 -0.6641 -0.7344
vn -0.0000 -0.6810 -0.7323
vn -0.4913 -0.6378 0.5932
vn -0.8216 -0.4175 0.3883
vn -0.5387 0.5875 0.6039
vn 0.1336 -0.6644 -0.7353
vn -0.5595 -0.6069 0.5644
vn -0.4912 -0.6378 0.5932
vn 0.1593 -0.6619 -0.7325
vn -0.1437 -0.7247 0.6739
vn -0.8372 -0.4614 0.2936
vn 0.0154 0.6990 0.7149
vn -0.8330 -0.4749 0.2840
vn -0.2789 -0.7032 0.6540
vn 0.0103 0.7322 -0.6810
vn 0.0692 -0.6688 -0.7402
vn -0.0000 0.6912 0.7227
vn -0.8143 -0.3235 0.4819
vn 0.4136 0.6293 0.6580
vn -0.4745 0.6084 0.6361
vn -0.5422 0.5808 0.6073
vn -0.2675 0.6660 0.6963
vn -0.0543 0.6963 0.7157
vn -0.8175 -0.3480 0.4588
vn -0.3198 -0.6938 0.6452
vn 0.0306 0.7049 0.7087
vn 0.0176 -0.7322 0.6809
vn -0.0000 0.6810 -0.7323
vn 0.8372 -0.4614 -0.2935
vn -0.8213 -0.4169 -0.3894
vn 0.2855 0.6625 -0.6925
vn -0.0000 -0.7323 -0.6810
vn -0.0038 0.6829 -0.7305
vn -0.0620 -0.8566 -0.5123
vn 0.8216 -0.4175 -0.3882
vn -0.8330 -0.4749 -0.2840
vn -0.4712 0.6151 -0.6322
vn 0.0172 -0.7322 -0.6809
vn -0.4144 -0.7679 -0.4885
vn -0.8372 -0.4614 -0.2935
vn -0.0620 -0.8566 -0.5122
vn -0.8329 -0.4749 -0.2840
vn -0.5387 0.5875 -0.6039
vn 0.0172 -0.7321 -0.6809
vn -0.4786 -0.7408 -0.4713
vn 0.8216 -0.4175 -0.3883
vn -0.2652 0.6724 -0.6911
vn -0.8216 -0.4175 -0.3882
vn 0.0036 -0.6704 0.7420
vn -0.1401 -0.6641 0.7344
vn -0.0000 -0.6707 0.7417
vn -0.4913 -0.6378 -0.5932
vn 0.1413 -0.6640 0.7343
vn -0.5595 -0.6069 -0.5644
vn 0.1683 -0.6611 0.7312
vn -0.2283 -0.8214 -0.5226
vn 0.8372 -0.4614 -0.2936
vn -0.8372 -0.4614 -0.2936
vn -0.2789 -0.7032 -0.6540
vn -0.4711 0.6151 -0.6322
vn 0.0266 0.9465 0.3217
vn 0.0733 -0.6689 0.7397
vn -0.7801 -0.4581 -0.4261
vn 0.4136 0.6293 -0.6580
vn -0.4745 0.6084 -0.6361
vn -0.5422 0.5808 -0.6072
vn -0.4144 -0.7678 -0.4885
vn -0.2675 0.6660 -0.6963
vn -0.7940 -0.4451 -0.4140
vn 0.8272 -0.4329 -0.3582
vn 0.8241 -0.4263 -0.3730
vn 0.0176 -0.7321 -0.6809
vn -0.0000 -0.6541 0.7564
vn -0.0000 -0.6543 -0.7563
vn -0.0000 -0.9075 0.4201
vn -0.0000 -0.7672 -0.6415
vn -0.0000 0.8161 -0.5779
vn -0.0000 0.8161 0.5779
vn -0.0000 -0.7838 0.6210
vn -0.0000 -0.7838 -0.6210
vn -0.0000 -0.2905 -0.9569
vn -0.0000 -0.2905 0.9569
vn -0.0000 0.7009 0.7132
vn -0.0000 0.7133 -0.7009
vn -0.0000 -0.7009 -0.7132
vn -0.0000 -1.0000 -0.0087
vn -0.0000 -0.7133 0.7009
vn -0.0000 0.0087 -1.0000
vn -0.0000 1.0000 0.0087
vn -0.0000 -0.0087 1.0000
vn -0.0000 -0.7009 -0.7133
vn -0.0000 0.7009 0.7133
vn -0.0000 -0.7132 0.7009
vn -0.0000 0.7132 -0.7009
vn -0.0000 -0.6648 -0.7470
vn -0.0000 0.6648 0.7470
vn -0.0000 0.7470 -0.6648
vn -0.0000 -0.7470 0.6648
vn -0.0000 -0.6648 0.7470
vn -0.0000 0.6648 -0.7470
vn -0.0000 0.7470 0.6648
vn -0.0000 -0.7470 -0.6648
vn -0.0160 0.9990 0.0422
vn -0.0008 -1.0000 0.0065
vn 0.0139 0.9942 -0.1062
vn -0.0075 -1.0000 0.0029
vn -0.1703 -0.0000 -0.9854
vn 0.0005 1.0000 -0.0002
vn 0.0435 0.9960 -0.0783
vn 0.9348 0.0145 -0.3549
vn 0.0202 -0.9998 0.0005
vn 0.0007 1.0000 0.0015
vn 0.1535 -0.0000 0.9882
vn 0.9997 -0.0000 0.0253
vn -0.0009 1.0000 -0.0015
vn 0.0186 -0.9998 0.0081
vn -0.0060 0.9977 -0.0674
vn -0.0015 0.9999 0.0172
vn -0.0903 0.9913 0.0953
vn 0.0019 -1.0000 -0.0041
vn 0.0295 0.9984 0.0485
vn -0.1119 0.9937 0.0001
vn -0.0021 -1.0000 0.0014
vn 0.0345 0.9991 -0.0233
vn -0.0040 -1.0000 -0.0003
vn 0.0521 0.9984 0.0230
vn 0.0317 0.9995 0.0084
vn 0.0074 0.9963 0.0857
vn -0.0025 -1.0000 -0.0024
vn 0.0448 -0.9982 0.0399
vn -0.0860 0.9938 -0.0710
vn 0.0001 -1.0000 -0.0024
vn 0.1204 0.9876 -0.1011
vn 0.1729 -0.0000 0.9849
vn 0.1728 -0.0000 0.9850
vn -0.9999 -0.0000 -0.0168
vn -0.9997 -0.0088 -0.0224
vn 0.9521 -0.0015 0.3058
vn 0.1500 -0.4054 0.9018
vn 0.1375 0.9876 0.0759
vn -0.0015 -1.0000 -0.0000
vn 0.4656 0.0308 0.8845
vn 0.5494 -0.0000 0.8356
vn 0.6859 -0.0000 -0.7277
vn 0.5077 0.0574 -0.8596
vn 0.0943 0.0090 -0.9955
vn -0.0032 -0.0000 -1.0000
vn 0.0016 1.0000 0.0001
vn -0.5152 -0.0000 0.8571
vn -0.5029 0.0193 0.8641
vn 0.5415 0.0005 -0.8407
vn 0.5420 -0.0000 -0.8404
vn -0.7070 -0.0000 -0.7072
vn -0.4862 0.0446 -0.8727
vn 0.8104 0.0140 0.5857
vn -0.0423 0.9980 0.0463
vn -0.0095 -0.9981 0.0608
vn 0.8749 -0.0000 0.4842
vn 0.9731 -0.0000 -0.2303
vn 0.9731 -0.0000 -0.2302
vn -0.6646 -0.0000 0.7472
vn 0.4532 -0.0000 -0.8914
vn -0.8828 0.1317 -0.4508
vn 0.1406 0.0028 0.9901
vn 0.1376 -0.0000 0.9905
vn -0.9995 -0.0289 -0.0138
vn -0.9994 -0.0079 -0.0341
vn 0.4431 -0.0000 -0.8965
vn 0.4406 -0.0000 -0.8977
vn 0.9037 -0.0000 0.4281
vn -0.9904 -0.0000 -0.1381
vn 0.5855 -0.0000 0.8106
vn 0.5912 -0.0104 0.8065
vn -0.8921 -0.0000 -0.4518
vn -0.4385 -0.0000 0.8987
vn 0.0916 -0.0000 -0.9958
vn -0.9248 -0.0000 0.3804
vn -0.9222 0.0062 0.3866
vn -0.9900 -0.0000 -0.1412
vn -0.9909 -0.0104 -0.1339
vn 0.6315 -0.0000 -0.7754
vn -0.0879 -0.0000 0.9961
vn -0.7009 -0.0000 0.7132
vn -0.0000 0.7159 0.6982
vn -0.0000 0.6810 0.7323
vn 0.8372 -0.4614 0.2935
vn 0.2855 0.6625 0.6925
vn -0.0036 0.6913 0.7226
vn -0.0261 0.6348 0.7722
vn -0.0038 0.6829 0.7305
vn -0.0822 -0.8409 0.5350
vn -0.3192 0.6552 0.6847
vn -0.4144 -0.7679 0.4885
vn 0.8372 -0.4614 0.2936
vn -0.3739 0.6413 0.6700
vn -0.4786 -0.7408 0.4713
vn -0.0822 -0.8408 0.5350
vn -0.1709 0.6812 0.7118
vn -0.0000 0.7054 0.7088
vn 0.0002 -0.6903 -0.7235
vn 0.0042 -0.6707 -0.7417
vn 0.0036 -0.6704 -0.7420
vn -0.0000 -0.6707 -0.7417
vn -0.3739 0.6413 0.6701
vn 0.1413 -0.6640 -0.7343
vn 0.1683 -0.6611 -0.7312
vn -0.2283 -0.8214 0.5226
vn -0.0039 0.6913 0.7226
vn 0.0266 0.9465 -0.3217
vn 0.0733 -0.6689 -0.7397
vn -0.7801 -0.4581 0.4261
vn -0.0033 0.6912 0.7227
vn -0.4799 0.6066 0.6338
vn -0.5477 0.5785 0.6044
vn -0.4144 -0.7678 0.4885
vn -0.2711 0.6655 0.6954
vn -0.0000 0.7206 0.6934
vn -0.7940 -0.4451 0.4140
vn 0.8272 -0.4329 0.3582
vn 0.8241 -0.4263 0.3730
vn 0.0173 -0.7338 0.6792
vn -0.0000 0.7159 -0.6982
vn -0.0434 0.6967 -0.7161
vn 0.4136 0.6349 -0.6526
vn -0.0261 0.6348 -0.7722
vn -0.0036 0.6913 -0.7226
vn -0.0039 0.6914 -0.7224
vn -0.0822 -0.8409 -0.5350
vn -0.3192 0.6552 -0.6847
vn -0.0000 0.6974 -0.7167
vn -0.2714 -0.7048 -0.6555
vn -0.8216 -0.4175 -0.3883
vn -0.3739 0.6413 -0.6701
vn -0.3198 -0.6938 -0.6452
vn -0.0039 0.6914 -0.7225
vn -0.1709 0.6812 -0.7118
vn -0.0000 0.7054 -0.7088
vn -0.0190 0.6972 -0.7166
vn 0.0042 -0.6707 0.7417
vn 0.0002 -0.6903 0.7235
vn 0.0038 -0.6829 0.7305
vn -0.0000 -0.6810 0.7323
vn -0.3739 0.6413 -0.6700
vn 0.1336 -0.6644 0.7353
vn -0.4912 -0.6378 -0.5932
vn 0.1593 -0.6619 0.7325
vn -0.1437 -0.7247 -0.6739
vn -0.2714 -0.7048 -0.6554
vn -0.0039 0.6913 -0.7226
vn 0.0154 0.6990 -0.7149
vn 0.0103 0.7322 0.6810
vn 0.0692 -0.6688 0.7402
vn -0.0000 0.6912 -0.7227
vn -0.8143 -0.3235 -0.4819
vn -0.0033 0.6912 -0.7227
vn -0.0822 -0.8409 -0.5349
vn -0.4799 0.6066 -0.6338
vn -0.5477 0.5785 -0.6044
vn -0.3198 -0.6938 -0.6453
vn -0.2711 0.6655 -0.6954
vn -0.0000 0.7206 -0.6934
vn -0.0543 0.6963 -0.7157
vn -0.8175 -0.3480 -0.4588
vn 0.0306 0.7049 -0.7087
vn 0.0173 -0.7338 -0.6791
vn -0.0000 -0.9075 0.4200
vn -0.0000 -0.7672 -0.6414
vt 0.198686 0.988088
vt 0.196322 0.988088
vt 0.196322 0.809808
vt 0.198686 0.809808
vt 0.198629 0.988088
vt 0.196265 0.988088
vt 0.198629 0.809808
vt 0.196265 0.809808
vt 0.111371 0.679694
vt 0.110715 0.738189
vt 0.111371 0.738189
vt 0.087898 0.614761
vt 0.087898 0.673257
vt 0.112508 0.679694
vt 0.113820 0.738189
vt 0.112508 0.738189
vt 0.083000 0.614761
vt 0.083000 0.673257
vt 0.087242 0.673257
vt 0.086105 0.614761
vt 0.084793 0.673257
vt 0.086105 0.673257
vt 0.083656 0.673257
vt 0.114957 0.679694
vt 0.114957 0.738189
vt 0.084793 0.614761
vt 0.115613 0.738189
vt 0.083656 0.614761
vt 0.111204 0.738189
vt 0.111730 0.679694
vt 0.111730 0.738189
vt 0.087408 0.673257
vt 0.087408 0.614761
vt 0.085974 0.673257
vt 0.084924 0.614761
vt 0.084924 0.673257
vt 0.083489 0.673257
vt 0.083489 0.614761
vt 0.086883 0.673257
vt 0.085974 0.614761
vt 0.084014 0.673257
vt 0.113689 0.738189
vt 0.114598 0.679694
vt 0.114598 0.738189
vt 0.115123 0.738189
vt 0.084014 0.614761
vt 0.083682 0.690769
vt 0.083239 0.692296
vt 0.083151 0.685016
vt 0.084802 0.673257
vt 0.084132 0.673257
vt 0.084947 0.673312
vt 0.084107 0.692376
vt 0.083738 0.692376
vt 0.083738 0.673257
vt 0.084132 0.692376
vt 0.084947 0.693294
vt 0.258155 0.634677
vt 0.258443 0.634677
vt 0.258319 0.634677
vt 0.258443 0.640596
vt 0.258155 0.640596
vt 0.258319 0.640596
vt 0.258318 0.640094
vt 0.258318 0.634647
vt 0.083151 0.673257
vt 0.083414 0.673070
vt 0.083682 0.673160
vt 0.083115 0.692376
vt 0.082787 0.692376
vt 0.082787 0.673257
vt 0.083403 0.692364
vt 0.096331 0.744863
vt 0.096331 0.738000
vt 0.096313 0.736345
vt 0.082780 0.673257
vt 0.083416 0.673720
vt 0.083409 0.673070
vt 0.082780 0.692376
vt 0.083416 0.692404
vt 0.082805 0.692376
vt 0.082805 0.673257
vt 0.083398 0.692364
vt 0.096561 0.744863
vt 0.096369 0.736345
vt 0.096153 0.744863
vt 0.107186 0.645281
vt 0.107141 0.653814
vt 0.107186 0.652144
vt 0.096424 0.736551
vt 0.096153 0.736345
vt 0.096561 0.736345
vt 0.258350 0.634677
vt 0.258334 0.634677
vt 0.258176 0.634677
vt 0.258176 0.640596
vt 0.258467 0.640596
vt 0.258350 0.640596
vt 0.258467 0.634677
vt 0.085095 0.673257
vt 0.084208 0.673257
vt 0.083838 0.673257
vt 0.083838 0.692376
vt 0.085172 0.692376
vt 0.085095 0.692376
vt 0.085172 0.673257
vt 0.084208 0.692075
vt 0.085141 0.673257
vt 0.085827 0.673257
vt 0.085207 0.673257
vt 0.085141 0.692376
vt 0.085827 0.692376
vt 0.085950 0.692376
vt 0.085950 0.673257
vt 0.085207 0.690373
vt 0.259028 0.634677
vt 0.259253 0.634645
vt 0.258983 0.634677
vt 0.259351 0.640557
vt 0.259253 0.640072
vt 0.258983 0.640596
vt 0.259177 0.640596
vt 0.098084 0.736345
vt 0.098084 0.736345
vt 0.097904 0.736299
vt 0.098084 0.744863
vt 0.098084 0.744863
vt 0.098319 0.744863
vt 0.098319 0.736345
vt 0.097904 0.744109
vt 0.088060 0.673257
vt 0.087167 0.673257
vt 0.087699 0.673257
vt 0.087243 0.692376
vt 0.087167 0.692376
vt 0.087543 0.692376
vt 0.088060 0.692376
vt 0.087699 0.692376
vt 0.259661 0.634677
vt 0.259479 0.634677
vt 0.259670 0.634677
vt 0.259479 0.640596
vt 0.259661 0.640596
vt 0.259670 0.640596
vt 0.259472 0.634690
vt 0.107007 0.645281
vt 0.106915 0.645299
vt 0.107100 0.653799
vt 0.107007 0.653799
vt 0.106777 0.645316
vt 0.106777 0.654380
vt 0.106915 0.654098
vt 0.087034 0.692376
vt 0.087034 0.676971
vt 0.087106 0.673257
vt 0.086658 0.692376
vt 0.086972 0.673257
vt 0.087599 0.692376
vt 0.258980 0.640596
vt 0.258950 0.639446
vt 0.258950 0.634677
vt 0.087091 0.673336
vt 0.087599 0.673257
vt 0.086658 0.673257
vt 0.259226 0.634677
vt 0.259340 0.634677
vt 0.258946 0.640565
vt 0.258927 0.639945
vt 0.258927 0.634353
vt 0.259226 0.640596
vt 0.085696 0.673257
vt 0.084946 0.673312
vt 0.085632 0.672211
vt 0.085696 0.692376
vt 0.084946 0.693293
vt 0.084821 0.692376
vt 0.084821 0.673257
vt 0.085632 0.690294
vt 0.259375 0.639245
vt 0.259375 0.634677
vt 0.087444 0.688775
vt 0.087444 0.673257
vt 0.084825 0.692420
vt 0.084802 0.688601
vt 0.087937 0.642684
vt 0.087539 0.653305
vt 0.087744 0.634186
vt 0.087265 0.653305
vt 0.086939 0.634186
vt 0.087265 0.634186
vt 0.258655 0.628195
vt 0.258608 0.622582
vt 0.258655 0.622889
vt 0.086058 0.658965
vt 0.086015 0.672806
vt 0.086045 0.653687
vt 0.086105 0.672806
vt 0.086114 0.672806
vt 0.086114 0.661994
vt 0.085922 0.653687
vt 0.086006 0.653687
vt 0.086011 0.654408
vt 0.258212 0.628619
vt 0.258284 0.634538
vt 0.258284 0.628619
vt 0.082966 0.661729
vt 0.082966 0.673287
vt 0.082983 0.673288
vt 0.084957 0.672806
vt 0.084818 0.672806
vt 0.084818 0.661383
vt 0.086773 0.634186
vt 0.086939 0.653305
vt 0.086773 0.653305
vt 0.084402 0.653687
vt 0.084139 0.672806
vt 0.084402 0.672806
vt 0.086969 0.653305
vt 0.087355 0.653305
vt 0.087165 0.653305
vt 0.258711 0.622582
vt 0.258847 0.622582
vt 0.083304 0.661710
vt 0.082970 0.654168
vt 0.083307 0.654149
vt 0.258669 0.628501
vt 0.258711 0.628501
vt 0.258669 0.622582
vt 0.258608 0.628501
vt 0.258853 0.628501
vt 0.258853 0.622582
vt 0.083311 0.654149
vt 0.082983 0.654169
vt 0.086367 0.653687
vt 0.086700 0.672806
vt 0.086057 0.672806
vt 0.083304 0.673268
vt 0.086528 0.672806
vt 0.086700 0.653687
vt 0.086528 0.653687
vt 0.086761 0.672806
vt 0.086610 0.653687
vt 0.086610 0.672806
vt 0.085550 0.653687
vt 0.084867 0.672806
vt 0.086010 0.672806
vt 0.085061 0.672806
vt 0.084867 0.653687
vt 0.085061 0.653687
vt 0.258384 0.628619
vt 0.258384 0.634538
vt 0.258350 0.634538
vt 0.258312 0.634538
vt 0.258312 0.628619
vt 0.087288 0.634186
vt 0.087927 0.634186
vt 0.087482 0.634186
vt 0.258420 0.628619
vt 0.258420 0.634538
vt 0.087482 0.653305
vt 0.087937 0.653305
vt 0.087927 0.653305
vt 0.083311 0.673268
vt 0.087635 0.653305
vt 0.086969 0.634186
vt 0.087448 0.634186
vt 0.087450 0.647268
vt 0.087288 0.653305
vt 0.087468 0.653305
vt 0.087556 0.647363
vt 0.083828 0.634186
vt 0.083494 0.634186
vt 0.083494 0.645790
vt 0.083647 0.653305
vt 0.083602 0.653305
vt 0.083832 0.634186
vt 0.083993 0.634186
vt 0.084140 0.634186
vt 0.083993 0.653305
vt 0.084082 0.653305
vt 0.084278 0.653305
vt 0.083647 0.634186
vt 0.084082 0.639750
vt 0.258847 0.628501
vt 0.258212 0.634538
vt 0.258350 0.628619
vt 0.083628 0.653305
vt 0.084846 0.653687
vt 0.084736 0.653687
vt 0.084957 0.653687
vt 0.087539 0.634186
vt 0.086111 0.653687
vt 0.086663 0.653687
vt 0.086105 0.653687
vt 0.087900 0.659183
vt 0.087492 0.672806
vt 0.087769 0.653687
vt 0.087929 0.653687
vt 0.087963 0.672806
vt 0.087900 0.672806
vt 0.087592 0.672806
vt 0.087963 0.653687
vt 0.087592 0.653687
vt 0.084872 0.642684
vt 0.084965 0.653305
vt 0.084917 0.634186
vt 0.084317 0.634186
vt 0.084648 0.634186
vt 0.084817 0.634186
vt 0.084817 0.653305
vt 0.084872 0.653305
vt 0.084648 0.653305
vt 0.084166 0.653305
vt 0.084317 0.653305
vt 0.084134 0.653305
vt 0.084034 0.647363
vt 0.084965 0.634186
vt 0.083529 0.634186
vt 0.083340 0.634186
vt 0.083199 0.640912
vt 0.083327 0.634186
vt 0.082994 0.634186
vt 0.083483 0.634186
vt 0.083398 0.653305
vt 0.083239 0.653305
vt 0.083000 0.653305
vt 0.082981 0.653305
vt 0.083327 0.653305
vt 0.083075 0.653305
vt 0.082977 0.648793
vt 0.082876 0.626520
vt 0.083470 0.614761
vt 0.082974 0.633880
vt 0.096766 0.718802
vt 0.096585 0.718802
vt 0.096363 0.718802
vt 0.096585 0.710284
vt 0.096363 0.710284
vt 0.096894 0.718802
vt 0.096766 0.710284
vt 0.096894 0.710284
vt 0.083763 0.633880
vt 0.082890 0.633880
vt 0.083258 0.633880
vt 0.083481 0.614761
vt 0.082890 0.614761
vt 0.083258 0.614761
vt 0.083763 0.614761
vt 0.082864 0.633880
vt 0.082753 0.633880
vt 0.082753 0.614761
vt 0.083376 0.614761
vt 0.083376 0.633880
vt 0.083470 0.633880
vt 0.083644 0.633880
vt 0.083644 0.618475
vt 0.083581 0.614761
vt 0.258026 0.622488
vt 0.258280 0.622488
vt 0.258106 0.622488
vt 0.258280 0.616569
vt 0.258106 0.616569
vt 0.258219 0.622488
vt 0.258026 0.616569
vt 0.258219 0.616569
vt 0.084059 0.633880
vt 0.083712 0.614761
vt 0.083592 0.633880
vt 0.083035 0.633880
vt 0.087804 0.630166
vt 0.087280 0.614761
vt 0.087712 0.633880
vt 0.083035 0.614761
vt 0.083592 0.614761
vt 0.084085 0.633880
vt 0.084364 0.633880
vt 0.083678 0.633880
vt 0.084611 0.614761
vt 0.084364 0.614761
vt 0.083678 0.614761
vt 0.084085 0.614761
vt 0.258608 0.622488
vt 0.258951 0.622488
vt 0.258536 0.622488
vt 0.258926 0.616569
vt 0.258951 0.616569
vt 0.258536 0.616569
vt 0.258608 0.616569
vt 0.085789 0.633880
vt 0.086309 0.633880
vt 0.086565 0.633880
vt 0.086565 0.614761
vt 0.086298 0.614761
vt 0.085706 0.633880
vt 0.085789 0.614761
vt 0.085703 0.614761
vt 0.259484 0.622488
vt 0.259373 0.622488
vt 0.259367 0.616569
vt 0.259138 0.622488
vt 0.259217 0.616569
vt 0.259135 0.616569
vt 0.259344 0.622488
vt 0.098071 0.718802
vt 0.098443 0.718802
vt 0.098280 0.718802
vt 0.098196 0.710284
vt 0.098443 0.710284
vt 0.098280 0.710284
vt 0.098071 0.710284
vt 0.087440 0.633880
vt 0.087566 0.633880
vt 0.088089 0.633880
vt 0.087414 0.633880
vt 0.087969 0.614761
vt 0.087414 0.614761
vt 0.087969 0.633880
vt 0.088089 0.614761
vt 0.087513 0.633880
vt 0.087825 0.633880
vt 0.088085 0.633880
vt 0.087825 0.614761
vt 0.087308 0.633880
vt 0.087264 0.614761
vt 0.088085 0.614761
vt 0.087463 0.614761
vt 0.087511 0.633880
vt 0.087193 0.633880
vt 0.087193 0.614761
vt 0.086811 0.614761
vt 0.086811 0.633880
vt 0.087280 0.633880
vt 0.259176 0.622488
vt 0.259176 0.617719
vt 0.259203 0.616569
vt 0.259107 0.622488
vt 0.259389 0.622488
vt 0.085192 0.633880
vt 0.085090 0.630166
vt 0.085090 0.614761
vt 0.259270 0.622488
vt 0.259389 0.616569
vt 0.259270 0.616569
vt 0.085103 0.633880
vt 0.085173 0.633880
vt 0.085173 0.614761
vt 0.086200 0.633880
vt 0.086431 0.614761
vt 0.086200 0.614761
vt 0.085045 0.633880
vt 0.084474 0.633880
vt 0.084205 0.633880
vt 0.084474 0.614761
vt 0.084205 0.614761
vt 0.085133 0.633880
vt 0.085045 0.614761
vt 0.085133 0.614761
vt 0.259163 0.616569
vt 0.259514 0.621137
vt 0.259514 0.616569
vt 0.087506 0.630280
vt 0.831890 0.425240
vt 0.833641 0.582405
vt 0.831890 0.582405
vt 0.830625 0.425240
vt 0.830640 0.582405
vt 0.830625 0.582405
vt 0.833605 0.425240
vt 0.831853 0.582405
vt 0.833605 0.582405
vt 0.834854 0.425240
vt 0.834854 0.582405
vt 0.833641 0.425240
vt 0.834869 0.582405
vt 0.830640 0.425240
vt 0.831853 0.425240
vt 0.834869 0.425240
vt 0.206863 0.875705
vt 0.207307 0.949274
vt 0.211466 0.949274
vt 0.211910 0.875705
vt 0.243291 0.846192
vt 0.245882 0.879280
vt 0.243291 0.835119
vt 0.246766 0.879280
vt 0.239101 0.879280
vt 0.241692 0.846192
vt 0.238217 0.879280
vt 0.241692 0.835119
vt 0.235048 0.862316
vt 0.235381 0.821779
vt 0.235381 0.888887
vt 0.235048 0.888887
vt 0.235381 0.888887
vt 0.235048 0.888887
vt 0.235115 0.821779
vt 0.235448 0.862316
vt 0.235448 0.888887
vt 0.235115 0.888887
vt 0.235115 0.888887
vt 0.235448 0.888887
vt 0.215348 0.903712
vt 0.220631 0.976316
vt 0.215348 0.976316
vt 0.220631 0.903712
vt 0.238738 0.824750
vt 0.238647 0.827624
vt 0.239835 0.877419
vt 0.239835 0.887599
vt 0.241023 0.827624
vt 0.240932 0.824750
vt 0.227193 0.470116
vt 0.227193 0.487952
vt 0.227156 0.487043
vt 0.227156 0.468872
vt 0.227156 0.487187
vt 0.227186 0.465951
vt 0.227186 0.467151
vt 0.227163 0.465951
vt 0.227156 0.470116
vt 0.227196 0.469702
vt 0.227163 0.467151
vt 0.227231 0.469843
vt 0.227231 0.487611
vt 0.227193 0.469269
vt 0.227196 0.468997
vt 0.227231 0.468928
vt 0.227224 0.466878
vt 0.227224 0.465963
vt 0.227203 0.465858
vt 0.227233 0.487637
vt 0.227233 0.469802
vt 0.227203 0.466618
vt 0.219289 0.521681
vt 0.219289 0.539517
vt 0.219252 0.539517
vt 0.227233 0.468954
vt 0.227263 0.465636
vt 0.227270 0.469802
vt 0.227263 0.466837
vt 0.227241 0.465636
vt 0.227274 0.469387
vt 0.227270 0.487637
vt 0.227241 0.466837
vt 0.227309 0.469528
vt 0.227309 0.487296
vt 0.227270 0.468954
vt 0.227274 0.468682
vt 0.227309 0.468613
vt 0.227301 0.466563
vt 0.227301 0.465648
vt 0.227281 0.465543
vt 0.227311 0.487322
vt 0.227311 0.469487
vt 0.227281 0.466304
vt 0.213381 0.447068
vt 0.213381 0.464334
vt 0.213346 0.464334
vt 0.227311 0.468639
vt 0.227340 0.465322
vt 0.227347 0.469487
vt 0.227340 0.466522
vt 0.227318 0.465322
vt 0.227351 0.469073
vt 0.227347 0.487322
vt 0.227318 0.466522
vt 0.227386 0.469213
vt 0.227386 0.486982
vt 0.227347 0.468639
vt 0.227351 0.468368
vt 0.227386 0.468298
vt 0.227379 0.466248
vt 0.227379 0.465333
vt 0.227358 0.465228
vt 0.227388 0.487008
vt 0.227388 0.469172
vt 0.227358 0.465989
vt 0.227425 0.469172
vt 0.227425 0.487008
vt 0.227388 0.468324
vt 0.227418 0.465007
vt 0.227418 0.466207
vt 0.227395 0.465007
vt 0.227428 0.468758
vt 0.227395 0.466207
vt 0.227463 0.468898
vt 0.227463 0.486667
vt 0.227425 0.468324
vt 0.227428 0.468053
vt 0.227456 0.465018
vt 0.227456 0.465933
vt 0.227435 0.464913
vt 0.227468 0.486693
vt 0.227468 0.468857
vt 0.227435 0.465674
vt 0.237487 0.490234
vt 0.237487 0.508070
vt 0.237450 0.507673
vt 0.227156 0.450233
vt 0.227156 0.468901
vt 0.227186 0.447268
vt 0.227193 0.451433
vt 0.227186 0.448468
vt 0.227163 0.447268
vt 0.227156 0.451433
vt 0.227196 0.451019
vt 0.227163 0.448468
vt 0.227231 0.451160
vt 0.227231 0.450245
vt 0.227224 0.447279
vt 0.227196 0.450104
vt 0.227193 0.450233
vt 0.227224 0.448194
vt 0.227203 0.447935
vt 0.227233 0.451118
vt 0.227203 0.447175
vt 0.227196 0.468772
vt 0.227193 0.468901
vt 0.213306 0.429286
vt 0.213306 0.446552
vt 0.213271 0.446552
vt 0.227270 0.449918
vt 0.227263 0.446953
vt 0.227241 0.446953
vt 0.227233 0.449918
vt 0.227270 0.451118
vt 0.227263 0.448153
vt 0.227274 0.450704
vt 0.227241 0.448153
vt 0.227309 0.450845
vt 0.227309 0.449930
vt 0.227301 0.446965
vt 0.227274 0.449789
vt 0.227301 0.447880
vt 0.227281 0.447620
vt 0.227311 0.450804
vt 0.227281 0.446860
vt 0.227274 0.468457
vt 0.227270 0.468586
vt 0.227233 0.468586
vt 0.227231 0.468493
vt 0.213381 0.428982
vt 0.213381 0.446247
vt 0.213346 0.446247
vt 0.227347 0.449603
vt 0.227340 0.446638
vt 0.227318 0.446638
vt 0.227311 0.449603
vt 0.227347 0.450804
vt 0.227340 0.447838
vt 0.227351 0.450389
vt 0.227318 0.447838
vt 0.227386 0.450530
vt 0.227386 0.449615
vt 0.227379 0.446650
vt 0.227351 0.449474
vt 0.227379 0.447565
vt 0.227358 0.447306
vt 0.227388 0.450489
vt 0.227358 0.446545
vt 0.227351 0.468142
vt 0.227347 0.468271
vt 0.227425 0.450489
vt 0.227425 0.449289
vt 0.227418 0.446324
vt 0.227395 0.446324
vt 0.227388 0.449289
vt 0.227418 0.447524
vt 0.227395 0.447524
vt 0.227428 0.450075
vt 0.213493 0.428412
vt 0.213493 0.445613
vt 0.213459 0.428276
vt 0.227463 0.449300
vt 0.227456 0.446335
vt 0.227428 0.449160
vt 0.227463 0.450215
vt 0.227456 0.447250
vt 0.227435 0.446991
vt 0.227468 0.468010
vt 0.227468 0.450174
vt 0.227435 0.446230
vt 0.227428 0.467827
vt 0.227425 0.467956
vt 0.227388 0.467956
vt 0.227386 0.467863
vt 0.227311 0.468271
vt 0.227309 0.468178
vt 0.213534 0.446459
vt 0.213534 0.463724
vt 0.213498 0.463724
vt 0.227463 0.467983
vt 0.227498 0.464692
vt 0.227505 0.468857
vt 0.227498 0.465892
vt 0.227475 0.464692
vt 0.227508 0.468443
vt 0.227505 0.486693
vt 0.227475 0.465892
vt 0.219562 0.520463
vt 0.219562 0.538232
vt 0.219527 0.520323
vt 0.227505 0.468010
vt 0.227508 0.467738
vt 0.227543 0.467669
vt 0.227536 0.465618
vt 0.227536 0.464704
vt 0.227515 0.464599
vt 0.227546 0.486378
vt 0.227543 0.468584
vt 0.227546 0.468543
vt 0.227515 0.465359
vt 0.227582 0.468543
vt 0.227582 0.486378
vt 0.227546 0.467695
vt 0.227575 0.464377
vt 0.227575 0.465577
vt 0.227553 0.464377
vt 0.227586 0.468128
vt 0.227553 0.465577
vt 0.227621 0.468269
vt 0.227621 0.485893
vt 0.227586 0.486106
vt 0.227582 0.467695
vt 0.227586 0.467423
vt 0.227621 0.467354
vt 0.227614 0.465304
vt 0.227614 0.464389
vt 0.227593 0.464284
vt 0.227593 0.465045
vt 0.227505 0.450174
vt 0.227505 0.448974
vt 0.227498 0.446009
vt 0.227475 0.446009
vt 0.227468 0.448974
vt 0.227498 0.447209
vt 0.227508 0.449760
vt 0.227475 0.447209
vt 0.227543 0.449900
vt 0.227543 0.448986
vt 0.227536 0.446020
vt 0.227508 0.448845
vt 0.227536 0.446935
vt 0.227515 0.446676
vt 0.227546 0.449859
vt 0.227515 0.445915
vt 0.227508 0.467513
vt 0.227505 0.467642
vt 0.227582 0.449859
vt 0.227582 0.448659
vt 0.227575 0.445694
vt 0.227553 0.445694
vt 0.227546 0.448659
vt 0.227575 0.446894
vt 0.227586 0.449445
vt 0.227553 0.446894
vt 0.219639 0.501465
vt 0.219639 0.519234
vt 0.219604 0.501325
vt 0.227621 0.448671
vt 0.227614 0.445706
vt 0.227586 0.448530
vt 0.227614 0.446621
vt 0.227593 0.446361
vt 0.227621 0.466919
vt 0.227593 0.445601
vt 0.227586 0.467198
vt 0.227582 0.467327
vt 0.227546 0.467327
vt 0.227543 0.467233
vt 0.227468 0.467642
vt 0.227463 0.467548
vt 0.227193 0.507483
vt 0.227193 0.525671
vt 0.227156 0.525671
vt 0.227156 0.523814
vt 0.227156 0.507483
vt 0.227186 0.503317
vt 0.227186 0.504518
vt 0.227156 0.505499
vt 0.227163 0.504518
vt 0.227196 0.507069
vt 0.227163 0.503054
vt 0.227231 0.507209
vt 0.227231 0.524978
vt 0.227193 0.506635
vt 0.227196 0.506363
vt 0.227231 0.506294
vt 0.227224 0.504244
vt 0.227224 0.503329
vt 0.227203 0.503224
vt 0.227233 0.525356
vt 0.227233 0.507168
vt 0.227203 0.503985
vt 0.227270 0.507168
vt 0.227270 0.525356
vt 0.227233 0.506320
vt 0.227263 0.503003
vt 0.227263 0.504203
vt 0.227241 0.503003
vt 0.227274 0.506754
vt 0.227241 0.504203
vt 0.219327 0.558774
vt 0.219327 0.576542
vt 0.219292 0.558633
vt 0.227270 0.506320
vt 0.227274 0.506049
vt 0.227309 0.505980
vt 0.227301 0.503929
vt 0.227301 0.503014
vt 0.227281 0.502910
vt 0.227311 0.525041
vt 0.227309 0.506894
vt 0.227311 0.506853
vt 0.227281 0.503670
vt 0.227347 0.506853
vt 0.227347 0.525041
vt 0.227311 0.506006
vt 0.227340 0.502688
vt 0.227340 0.503888
vt 0.227318 0.502688
vt 0.227351 0.506439
vt 0.227318 0.503888
vt 0.227386 0.506580
vt 0.227386 0.524348
vt 0.227347 0.506006
vt 0.227351 0.505734
vt 0.227386 0.505665
vt 0.227379 0.503615
vt 0.227379 0.502700
vt 0.227358 0.502595
vt 0.227388 0.524727
vt 0.227388 0.506539
vt 0.227358 0.503355
vt 0.227425 0.506539
vt 0.227425 0.524727
vt 0.227388 0.505691
vt 0.227418 0.502373
vt 0.227418 0.503573
vt 0.227395 0.502373
vt 0.227428 0.506124
vt 0.227395 0.503573
vt 0.213493 0.482671
vt 0.213493 0.499872
vt 0.213459 0.482535
vt 0.227425 0.505691
vt 0.227428 0.505419
vt 0.227456 0.502385
vt 0.227463 0.506265
vt 0.227456 0.503300
vt 0.227435 0.502280
vt 0.227468 0.524412
vt 0.227468 0.506224
vt 0.227435 0.503041
vt 0.237487 0.527601
vt 0.237487 0.545437
vt 0.237450 0.544300
vt 0.227156 0.505358
vt 0.227186 0.484634
vt 0.227193 0.488800
vt 0.227186 0.485835
vt 0.227163 0.485835
vt 0.227156 0.488800
vt 0.227196 0.488385
vt 0.227163 0.484448
vt 0.227231 0.488526
vt 0.227196 0.487680
vt 0.227224 0.485561
vt 0.227224 0.484646
vt 0.227203 0.484541
vt 0.227233 0.488485
vt 0.227203 0.485302
vt 0.213306 0.465459
vt 0.213306 0.482725
vt 0.213271 0.482725
vt 0.227263 0.484320
vt 0.227270 0.488485
vt 0.227263 0.485520
vt 0.227241 0.484320
vt 0.227274 0.488071
vt 0.227241 0.485520
vt 0.219327 0.540091
vt 0.219327 0.557859
vt 0.219292 0.539950
vt 0.227274 0.487366
vt 0.227301 0.484331
vt 0.227309 0.488211
vt 0.227301 0.485246
vt 0.227281 0.484226
vt 0.227311 0.488170
vt 0.227281 0.484987
vt 0.227347 0.488170
vt 0.227340 0.484005
vt 0.227340 0.485205
vt 0.227318 0.484005
vt 0.227351 0.487756
vt 0.227318 0.485205
vt 0.227386 0.487896
vt 0.227351 0.487051
vt 0.227379 0.484931
vt 0.227379 0.484016
vt 0.227358 0.483911
vt 0.227388 0.487855
vt 0.227358 0.484672
vt 0.213456 0.464850
vt 0.213456 0.482116
vt 0.213421 0.482116
vt 0.227418 0.483690
vt 0.227425 0.487855
vt 0.227418 0.484890
vt 0.227395 0.483690
vt 0.227428 0.487441
vt 0.227395 0.484890
vt 0.227463 0.487582
vt 0.227463 0.505350
vt 0.227428 0.486736
vt 0.227456 0.484617
vt 0.227456 0.483702
vt 0.227435 0.483597
vt 0.227468 0.505376
vt 0.227468 0.487540
vt 0.227435 0.484357
vt 0.227505 0.506224
vt 0.227505 0.524412
vt 0.227498 0.502058
vt 0.227498 0.503259
vt 0.227475 0.502058
vt 0.227508 0.505809
vt 0.227475 0.503259
vt 0.227543 0.505950
vt 0.227543 0.523718
vt 0.227505 0.505376
vt 0.227508 0.505104
vt 0.227543 0.505035
vt 0.227536 0.502985
vt 0.227536 0.502070
vt 0.227515 0.501965
vt 0.227546 0.524097
vt 0.227546 0.505909
vt 0.227515 0.502726
vt 0.219601 0.557789
vt 0.219601 0.575977
vt 0.219564 0.575977
vt 0.227546 0.505061
vt 0.227575 0.501744
vt 0.227582 0.505909
vt 0.227575 0.502944
vt 0.227553 0.501744
vt 0.227586 0.505495
vt 0.227582 0.524097
vt 0.227553 0.502944
vt 0.227621 0.505635
vt 0.227621 0.523404
vt 0.227582 0.505061
vt 0.227586 0.504790
vt 0.227614 0.501564
vt 0.227614 0.502670
vt 0.227593 0.501650
vt 0.227621 0.504473
vt 0.227621 0.522721
vt 0.227593 0.502411
vt 0.227621 0.504140
vt 0.227621 0.485602
vt 0.227505 0.487540
vt 0.227498 0.483375
vt 0.227498 0.484575
vt 0.227475 0.483375
vt 0.227508 0.487126
vt 0.227475 0.484575
vt 0.227543 0.487267
vt 0.227508 0.486421
vt 0.227543 0.486352
vt 0.227536 0.484302
vt 0.227536 0.483387
vt 0.227515 0.483282
vt 0.227546 0.487226
vt 0.227515 0.484043
vt 0.213609 0.464240
vt 0.213609 0.481506
vt 0.213573 0.481506
vt 0.227575 0.483060
vt 0.227582 0.487226
vt 0.227575 0.484261
vt 0.227553 0.483060
vt 0.227586 0.486811
vt 0.227553 0.484261
vt 0.227621 0.486952
vt 0.227614 0.483074
vt 0.227614 0.483987
vt 0.227593 0.482967
vt 0.227593 0.483728
vt 0.219249 0.521722
vt 0.219242 0.518757
vt 0.219214 0.521582
vt 0.227274 0.469387
vt 0.213344 0.447108
vt 0.213337 0.444238
vt 0.213310 0.446972
vt 0.227351 0.468368
vt 0.227379 0.465333
vt 0.213456 0.446763
vt 0.213449 0.443893
vt 0.213427 0.443893
vt 0.227456 0.465933
vt 0.227196 0.468772
vt 0.227309 0.449930
vt 0.213374 0.426111
vt 0.213352 0.426111
vt 0.227340 0.447839
vt 0.227318 0.447839
vt 0.219404 0.502410
vt 0.219397 0.499444
vt 0.219369 0.502269
vt 0.227386 0.450530
vt 0.213486 0.425542
vt 0.219523 0.520737
vt 0.219516 0.517772
vt 0.219494 0.517772
vt 0.227536 0.465619
vt 0.219562 0.501780
vt 0.219555 0.498815
vt 0.219527 0.501639
vt 0.237915 0.488387
vt 0.237908 0.485422
vt 0.237880 0.488246
vt 0.227621 0.449586
vt 0.227196 0.525257
vt 0.227274 0.524942
vt 0.219327 0.558774
vt 0.219320 0.555809
vt 0.227309 0.506894
vt 0.213381 0.483241
vt 0.213374 0.480370
vt 0.213352 0.480370
vt 0.227351 0.524627
vt 0.227379 0.503615
vt 0.227428 0.524312
vt 0.227186 0.485835
vt 0.227163 0.485835
vt 0.213268 0.465499
vt 0.213262 0.462629
vt 0.213235 0.465363
vt 0.237603 0.527013
vt 0.237596 0.524047
vt 0.237568 0.526872
vt 0.237719 0.526657
vt 0.237712 0.523691
vt 0.237689 0.523691
vt 0.227428 0.487441
vt 0.227508 0.523997
vt 0.219594 0.554823
vt 0.219571 0.554823
vt 0.227586 0.523683
vt 0.213534 0.464545
vt 0.213527 0.461675
vt 0.213505 0.461675
vt 0.227475 0.484575
vt 0.213602 0.461370
vt 0.213580 0.461370
vt 0.231137 0.458140
vt 0.230340 0.488295
vt 0.229417 0.453421
vt 0.229406 0.453585
vt 0.231146 0.458392
vt 0.198449 0.548941
vt 0.201124 0.465940
vt 0.195773 0.465940
vt 0.200922 0.436689
vt 0.198449 0.522505
vt 0.195976 0.436689
vt 0.230184 0.860651
vt 0.230798 0.846870
vt 0.230798 0.860651
vt 0.230798 0.847277
vt 0.230184 0.860819
vt 0.230798 0.860819
vt 0.230184 0.814175
vt 0.230798 0.827956
vt 0.230798 0.814175
vt 0.231249 0.814006
vt 0.231838 0.814175
vt 0.231838 0.814006
vt 0.231249 0.827549
vt 0.231838 0.827549
vt 0.230184 0.827549
vt 0.230798 0.814006
vt 0.230798 0.827549
vt 0.231838 0.827956
vt 0.231249 0.847277
vt 0.231838 0.847277
vt 0.230184 0.814006
vt 0.230184 0.846870
vt 0.231249 0.860819
vt 0.231838 0.860651
vt 0.231838 0.860820
vt 0.230184 0.847277
vt 0.231249 0.814175
vt 0.231249 0.860651
vt 0.231838 0.846870
vt 0.231249 0.846870
vt 0.230859 0.846870
vt 0.230920 0.827549
vt 0.230920 0.846870
vt 0.230981 0.827549
vt 0.231042 0.846870
vt 0.230981 0.846870
vt 0.230859 0.860651
vt 0.230920 0.860819
vt 0.230859 0.860819
vt 0.230981 0.860651
vt 0.231042 0.860819
vt 0.230981 0.860819
vt 0.231103 0.827549
vt 0.231188 0.846870
vt 0.231103 0.846870
vt 0.230859 0.847277
vt 0.230920 0.827956
vt 0.230859 0.827956
vt 0.230981 0.847277
vt 0.231042 0.827956
vt 0.230981 0.827956
vt 0.231103 0.860651
vt 0.231188 0.860819
vt 0.231103 0.860819
vt 0.230920 0.814175
vt 0.230859 0.814175
vt 0.231042 0.814175
vt 0.230981 0.814175
vt 0.231103 0.847277
vt 0.231188 0.827956
vt 0.231103 0.827956
vt 0.230859 0.827549
vt 0.230920 0.814006
vt 0.230981 0.814006
vt 0.231042 0.827549
vt 0.231188 0.814175
vt 0.231103 0.814175
vt 0.230920 0.860651
vt 0.231042 0.860651
vt 0.231103 0.814006
vt 0.231188 0.827549
vt 0.230920 0.847277
vt 0.231042 0.847277
vt 0.231188 0.860651
vt 0.230859 0.814006
vt 0.231042 0.814006
vt 0.231188 0.847277
vt 0.847923 0.477684
vt 0.847923 0.475786
vt 0.847923 0.477470
vt 0.848419 0.519808
vt 0.848419 0.494541
vt 0.848419 0.495222
vt 0.848078 0.477684
vt 0.848078 0.475786
vt 0.848078 0.477470
vt 0.848311 0.519808
vt 0.848311 0.494541
vt 0.848311 0.520518
vt 0.848001 0.477684
vt 0.848001 0.475786
vt 0.848001 0.476013
vt 0.848234 0.519808
vt 0.848234 0.494541
vt 0.848234 0.495222
vt 0.848419 0.537041
vt 0.848419 0.520518
vt 0.848156 0.519808
vt 0.848156 0.494541
vt 0.848156 0.520518
vt 0.848311 0.537041
vt 0.848311 0.538725
vt 0.848497 0.494703
vt 0.848497 0.519970
vt 0.848497 0.493994
vt 0.848078 0.495222
vt 0.848078 0.520518
vt 0.848078 0.494541
vt 0.848234 0.538725
vt 0.848234 0.520518
vt 0.847923 0.519290
vt 0.847923 0.493994
vt 0.847923 0.519970
vt 0.848001 0.519808
vt 0.848001 0.494541
vt 0.848001 0.520518
vt 0.848156 0.537041
vt 0.848156 0.538725
vt 0.848497 0.537041
vt 0.848497 0.538499
vt 0.848497 0.536827
vt 0.848419 0.538499
vt 0.848419 0.538725
vt 0.848078 0.537041
vt 0.848078 0.519808
vt 0.847923 0.536827
vt 0.847923 0.538725
vt 0.847923 0.537041
vt 0.848311 0.538499
vt 0.848311 0.536827
vt 0.848001 0.537041
vt 0.848001 0.538725
vt 0.848497 0.519808
vt 0.848497 0.494541
vt 0.848497 0.520518
vt 0.848234 0.536827
vt 0.848234 0.537041
vt 0.848419 0.536827
vt 0.848419 0.519970
vt 0.847923 0.495221
vt 0.847923 0.520518
vt 0.847923 0.494541
vt 0.848156 0.536827
vt 0.848156 0.538499
vt 0.848311 0.519970
vt 0.848311 0.519290
vt 0.848497 0.477685
vt 0.848497 0.495222
vt 0.848078 0.536827
vt 0.848078 0.538725
vt 0.848234 0.519970
vt 0.848234 0.538499
vt 0.848001 0.538499
vt 0.848001 0.536827
vt 0.848156 0.519970
vt 0.848156 0.519290
vt 0.848001 0.519970
vt 0.848419 0.476013
vt 0.848497 0.475786
vt 0.848419 0.475786
vt 0.848419 0.493994
vt 0.848497 0.476013
vt 0.848497 0.538725
vt 0.848078 0.493994
vt 0.848078 0.519970
vt 0.848234 0.493994
vt 0.847923 0.538499
vt 0.848078 0.538499
vt 0.847923 0.476013
vt 0.848156 0.476013
vt 0.848078 0.476013
vt 0.848311 0.476013
vt 0.848234 0.476013
vt 0.848001 0.493994
vt 0.848156 0.493994
vt 0.848311 0.475786
vt 0.848311 0.493994
vt 0.848156 0.475786
vt 0.848234 0.475786
vt 0.848156 0.477470
vt 0.848156 0.477685
vt 0.848001 0.495221
vt 0.848234 0.477470
vt 0.848311 0.477685
vt 0.848156 0.495222
vt 0.848419 0.477685
vt 0.848419 0.477470
vt 0.848234 0.477685
vt 0.847923 0.519808
vt 0.848311 0.495222
vt 0.848001 0.494703
vt 0.848001 0.477470
vt 0.848078 0.494703
vt 0.848001 0.519290
vt 0.848234 0.494703
vt 0.848078 0.519290
vt 0.848497 0.519290
vt 0.848311 0.494703
vt 0.848311 0.477470
vt 0.848156 0.494703
vt 0.848419 0.494703
vt 0.848234 0.519290
vt 0.847923 0.494703
vt 0.848497 0.477470
vt 0.848419 0.519290
vt 0.235298 0.835723
vt 0.235468 0.860887
vt 0.235277 0.883283
vt 0.235108 0.858119
vt 0.235277 0.883283
vt 0.235468 0.860887
vt 0.235273 0.832235
vt 0.235442 0.857400
vt 0.235252 0.879796
vt 0.235082 0.854632
vt 0.235252 0.879796
vt 0.235082 0.854631
vt 0.235075 0.860887
vt 0.235245 0.835723
vt 0.235436 0.858119
vt 0.235266 0.883283
vt 0.235266 0.883283
vt 0.235064 0.857400
vt 0.235233 0.832235
vt 0.235424 0.854632
vt 0.235254 0.879796
vt 0.235064 0.857400
vt 0.235424 0.854631
vt 0.231188 0.814006
vt 0.110715 0.679694
vt 0.113820 0.679694
vt 0.087242 0.614761
vt 0.115613 0.679694
vt 0.111204 0.679694
vt 0.086883 0.614761
vt 0.113689 0.679694
vt 0.115123 0.679694
vt 0.096424 0.744876
vt 0.258334 0.640913
vt 0.259028 0.640596
vt 0.259472 0.640804
vt 0.087091 0.693680
vt 0.259340 0.640596
vt 0.086015 0.653687
vt 0.085922 0.672806
vt 0.084139 0.653687
vt 0.086761 0.653687
vt 0.087556 0.634186
vt 0.087165 0.634186
vt 0.083828 0.653305
vt 0.084278 0.634186
vt 0.087492 0.653687
vt 0.084034 0.634186
vt 0.083529 0.653305
vt 0.082989 0.634186
vt 0.082876 0.614761
vt 0.083481 0.633880
vt 0.084059 0.614761
vt 0.087804 0.614761
vt 0.084611 0.633880
vt 0.258926 0.622488
vt 0.259217 0.622488
vt 0.098196 0.718802
vt 0.259107 0.616569
vt 0.086431 0.633880
vt 0.087506 0.614761
vt 0.219252 0.521681
vt 0.219259 0.518716
vt 0.219282 0.518716
vt 0.213346 0.447068
vt 0.213352 0.444198
vt 0.213374 0.444198
vt 0.237450 0.490234
vt 0.237457 0.487269
vt 0.237480 0.487269
vt 0.213271 0.429286
vt 0.213278 0.426416
vt 0.213300 0.426416
vt 0.213346 0.428982
vt 0.213352 0.426111
vt 0.213374 0.426111
vt 0.213459 0.445680
vt 0.213466 0.425291
vt 0.213498 0.446459
vt 0.213505 0.443588
vt 0.213527 0.443588
vt 0.219527 0.538301
vt 0.219534 0.517239
vt 0.219555 0.517498
vt 0.219604 0.519303
vt 0.219611 0.498241
vt 0.219632 0.498500
vt 0.219292 0.576822
vt 0.219299 0.555550
vt 0.227309 0.524663
vt 0.213459 0.500142
vt 0.213466 0.479550
vt 0.213486 0.479801
vt 0.227463 0.524033
vt 0.237450 0.527601
vt 0.237457 0.524636
vt 0.237480 0.524636
vt 0.213271 0.465459
vt 0.213278 0.462589
vt 0.213300 0.462589
vt 0.219292 0.557928
vt 0.219299 0.536867
vt 0.219320 0.537126
vt 0.213421 0.464850
vt 0.213427 0.461979
vt 0.213449 0.461979
vt 0.219564 0.557789
vt 0.213573 0.464240
vt 0.219222 0.518498
vt 0.219214 0.539560
vt 0.219249 0.539491
vt 0.213316 0.443987
vt 0.213310 0.464376
vt 0.213344 0.464309
vt 0.213421 0.446763
vt 0.213421 0.464029
vt 0.213456 0.464029
vt 0.219376 0.499185
vt 0.219369 0.520247
vt 0.219404 0.520178
vt 0.219487 0.520737
vt 0.219487 0.538572
vt 0.219523 0.538572
vt 0.219534 0.498556
vt 0.219527 0.519618
vt 0.219562 0.519548
vt 0.237887 0.485163
vt 0.237880 0.506225
vt 0.237915 0.506155
vt 0.213346 0.483241
vt 0.213346 0.500848
vt 0.213381 0.500848
vt 0.213241 0.462378
vt 0.213235 0.482767
vt 0.213268 0.482700
vt 0.237575 0.523788
vt 0.237568 0.544850
vt 0.237603 0.544781
vt 0.237682 0.526657
vt 0.237682 0.544492
vt 0.237719 0.544492
vt 0.213498 0.464545
vt 0.213498 0.481811
vt 0.213534 0.481811
vt 0.227498 0.484575
vt 0.230184 0.827956
vt 0.231249 0.827956
s 0
usemtl Texture_Map
f 7/1/1 5/2/1 6/2/1
f 3/3/2 8/1/2 4/4/2
f 2/4/3 6/2/3 1/3/3
f 4/4/4 7/1/4 2/4/4
f 1/3/5 5/2/5 3/3/5
f 13/5/1 15/6/1 14/5/1
f 16/6/2 11/7/2 12/8/2
f 14/5/3 10/8/3 9/7/3
f 15/6/5 12/8/5 10/8/5
f 13/5/4 9/7/4 11/7/4
f 31/9/6 20/10/6 19/11/6
f 38/12/4 27/13/4 26/13/4
f 35/14/3 24/15/3 23/16/3
f 32/17/5 21/18/5 20/18/5
f 39/12/7 28/19/7 27/13/7
f 29/20/2 18/21/2 17/22/2
f 36/20/8 25/19/8 24/22/8
f 33/17/9 22/23/9 21/18/9
f 40/24/10 17/15/10 28/25/10
f 30/26/11 19/23/11 18/21/11
f 37/24/12 26/27/12 25/25/12
f 34/28/13 23/21/13 22/23/13
f 44/29/12 55/30/12 43/31/12
f 51/32/5 62/33/5 50/32/5
f 48/34/2 59/35/2 47/36/2
f 45/37/4 56/38/4 44/37/4
f 52/39/9 63/33/9 51/32/9
f 41/36/3 54/40/3 42/34/3
f 49/39/11 60/40/11 48/34/11
f 46/41/7 57/38/7 45/37/7
f 42/42/13 64/43/13 52/44/13
f 43/41/8 53/35/8 41/36/8
f 50/45/6 61/43/6 49/44/6
f 47/36/10 58/46/10 46/41/10
f 22/23/1 45/37/1 21/18/1
f 47/36/1 22/23/1 23/21/1
f 48/34/1 23/21/1 24/22/1
f 49/39/1 24/22/1 25/19/1
f 18/21/1 42/34/1 17/22/1
f 50/32/1 25/19/1 26/13/1
f 19/23/1 41/36/1 18/21/1
f 51/32/1 26/13/1 27/13/1
f 20/18/1 43/41/1 19/23/1
f 52/39/1 27/13/1 28/19/1
f 21/18/1 44/37/1 20/18/1
f 17/22/1 52/39/1 28/19/1
f 84/47/14 185/48/14 187/49/14
f 65/50/15 68/51/15 67/52/15
f 207/53/16 70/54/16 66/55/16
f 70/54/17 68/51/17 66/55/17
f 71/56/18 207/53/18 69/57/18
f 71/56/19 67/52/19 68/51/19
f 73/58/20 74/59/20 72/60/20
f 76/61/1 78/62/1 77/63/1
f 73/58/21 79/64/21 75/65/21
f 76/61/22 72/60/22 74/59/22
f 79/64/23 74/59/23 75/65/23
f 77/63/24 73/58/24 72/60/24
f 80/66/25 83/67/25 82/68/25
f 186/69/26 85/70/26 81/71/26
f 81/71/27 86/72/27 83/67/27
f 86/72/28 186/69/28 84/47/28
f 83/67/29 84/47/29 82/68/29
f 100/73/30 188/74/30 190/75/30
f 87/76/31 90/77/31 89/78/31
f 92/79/32 94/80/32 93/81/32
f 93/81/33 90/77/33 88/82/33
f 91/83/34 87/76/34 89/78/34
f 90/77/35 91/83/35 89/78/35
f 92/79/36 88/82/36 87/76/36
f 101/84/37 189/85/37 100/73/37
f 99/86/1 101/84/1 100/73/1
f 156/87/38 191/88/38 193/89/38
f 96/90/39 99/86/39 95/91/39
f 101/84/40 96/90/40 97/92/40
f 190/75/41 97/92/41 96/90/41
f 103/93/20 104/94/20 102/95/20
f 107/96/1 109/97/1 108/98/1
f 108/98/42 105/99/42 103/93/42
f 104/94/43 107/96/43 102/95/43
f 109/97/44 104/94/44 105/99/44
f 107/96/45 103/93/45 102/95/45
f 111/100/20 112/101/20 110/102/20
f 115/103/1 117/104/1 116/105/1
f 116/105/46 113/106/46 111/100/46
f 114/107/47 110/102/47 112/101/47
f 113/106/48 114/107/48 112/101/48
f 115/103/49 111/100/49 110/102/49
f 118/108/20 121/109/20 120/110/20
f 123/111/1 125/112/1 124/113/1
f 124/113/50 121/109/50 119/114/50
f 122/115/51 118/108/51 120/110/51
f 121/109/52 122/115/52 120/110/52
f 123/111/53 119/114/53 118/108/53
f 126/116/54 129/117/54 128/118/54
f 201/119/55 132/120/55 129/117/55
f 130/121/56 126/116/56 128/118/56
f 132/120/57 128/118/57 129/117/57
f 132/120/58 201/119/58 200/122/58
f 133/123/59 136/124/59 135/125/59
f 138/126/1 140/127/1 139/128/1
f 139/128/60 136/124/60 134/129/60
f 137/130/61 133/123/61 135/125/61
f 136/124/62 137/130/62 135/125/62
f 138/126/63 134/129/63 133/123/63
f 142/131/20 143/132/20 141/133/20
f 204/134/64 145/135/64 143/132/64
f 204/134/1 203/136/1 147/137/1
f 145/135/65 141/133/65 143/132/65
f 146/138/66 142/131/66 141/133/66
f 149/139/20 150/140/20 148/141/20
f 152/142/1 154/143/1 153/144/1
f 154/143/67 151/145/67 149/139/67
f 152/142/68 148/141/68 150/140/68
f 151/145/69 152/142/69 150/140/69
f 153/144/70 149/139/70 148/141/70
f 157/146/71 158/147/71 156/87/71
f 192/148/72 161/149/72 157/146/72
f 161/149/73 159/150/73 157/146/73
f 162/151/74 192/148/74 160/152/74
f 159/150/75 160/152/75 158/147/75
f 168/153/76 194/154/76 196/155/76
f 169/156/77 195/157/77 168/153/77
f 167/158/1 169/156/1 168/153/1
f 197/159/78 199/160/78 171/161/78
f 164/162/79 167/158/79 163/163/79
f 169/156/80 164/162/80 165/164/80
f 196/155/81 165/164/81 164/162/81
f 171/161/20 172/165/20 170/166/20
f 198/167/82 176/168/82 173/169/82
f 174/170/83 170/166/83 172/165/83
f 176/168/84 172/165/84 173/169/84
f 176/168/85 198/167/85 197/159/85
f 177/171/86 180/172/86 179/173/86
f 182/174/87 184/175/87 183/176/87
f 183/176/88 180/172/88 178/177/88
f 181/178/89 177/171/89 179/173/89
f 180/172/90 181/178/90 179/173/90
f 182/174/91 178/177/91 177/171/91
f 185/48/92 186/69/92 187/49/92
f 188/74/93 189/85/93 190/75/93
f 191/88/94 192/148/94 193/89/94
f 194/154/95 195/157/95 196/155/95
f 197/159/96 198/167/96 199/160/96
f 200/122/97 201/119/97 202/179/97
f 200/122/98 202/179/98 127/180/98
f 203/136/99 204/134/99 205/181/99
f 144/182/100 203/136/100 205/181/100
f 206/183/101 207/53/101 208/184/101
f 65/50/102 206/183/102 208/184/102
f 319/185/103 212/186/103 320/187/103
f 315/188/104 249/189/104 278/190/104
f 296/191/105 252/192/105 295/193/105
f 311/194/106 223/195/106 312/196/106
f 228/197/107 260/198/107 322/199/107
f 229/200/108 326/201/108 325/202/108
f 265/203/109 300/204/109 299/205/109
f 274/206/110 269/207/110 268/208/110
f 243/209/111 273/210/111 308/211/111
f 214/212/112 250/213/112 216/214/112
f 240/215/113 272/216/113 242/217/113
f 277/218/1 314/219/1 215/220/1
f 293/221/114 251/222/114 295/193/114
f 245/223/115 275/224/115 244/225/115
f 220/226/116 296/191/116 294/227/116
f 218/228/117 254/229/117 220/226/117
f 219/230/118 251/222/118 217/231/118
f 237/232/119 275/224/119 270/233/119
f 310/234/120 257/235/120 256/236/120
f 239/237/121 274/206/121 245/223/121
f 223/195/1 257/235/1 224/238/1
f 224/238/122 255/239/122 222/240/122
f 322/199/123 260/198/123 259/241/123
f 228/197/1 259/241/1 260/198/1
f 225/242/124 259/241/124 227/243/124
f 324/244/125 263/245/125 262/246/125
f 232/247/1 262/246/1 263/245/1
f 232/247/126 261/248/126 230/249/126
f 297/250/20 265/203/20 299/205/20
f 298/251/1 266/252/1 300/204/1
f 236/253/127 265/203/127 234/254/127
f 209/255/20 281/256/20 279/257/20
f 233/258/128 266/252/128 235/259/128
f 280/260/1 247/261/1 282/262/1
f 238/263/129 269/207/129 239/237/129
f 238/263/130 270/233/130 268/208/130
f 280/260/1 282/262/1 318/264/1
f 308/211/131 273/210/131 272/216/131
f 276/265/20 248/266/20 278/190/20
f 242/217/1 273/210/1 243/209/1
f 277/218/1 250/213/1 315/188/1
f 276/265/20 249/189/20 214/212/20
f 215/220/132 314/219/132 313/267/132
f 282/262/133 319/185/133 281/256/133
f 211/268/134 317/269/134 316/270/134
f 284/271/135 287/272/135 302/273/135
f 292/274/136 303/275/136 302/273/136
f 304/276/20 289/277/20 305/278/20
f 290/279/1 288/280/1 285/281/1
f 284/271/20 291/282/20 287/272/20
f 285/281/137 288/280/137 306/283/137
f 294/227/1 253/284/1 219/230/1
f 218/228/138 295/193/138 252/192/138
f 253/284/139 295/193/139 251/222/139
f 298/251/1 267/285/1 236/253/1
f 297/250/20 264/286/20 233/258/20
f 299/205/140 266/252/140 264/286/140
f 301/287/141 302/273/141 303/275/141
f 303/275/1 290/279/1 301/287/1
f 304/276/142 305/278/142 306/283/142
f 306/283/143 288/280/143 292/274/143
f 307/288/144 308/211/144 309/289/144
f 241/290/20 307/288/20 309/289/20
f 310/234/145 311/194/145 312/196/145
f 222/240/20 255/239/20 310/234/20
f 313/267/146 314/219/146 315/188/146
f 313/267/147 278/190/147 248/266/147
f 316/270/148 317/269/148 318/264/148
f 318/264/149 282/262/149 281/256/149
f 281/256/150 319/185/150 320/187/150
f 279/257/20 320/187/20 210/291/20
f 321/292/151 322/199/151 323/293/151
f 226/294/20 321/292/20 323/293/20
f 324/244/152 325/202/152 326/201/152
f 230/249/20 261/248/20 324/244/20
f 335/295/153 329/296/153 336/297/153
f 334/298/154 333/299/154 332/300/154
f 329/296/1 333/299/1 330/301/1
f 330/301/155 331/302/155 328/303/155
f 334/298/156 335/295/156 336/297/156
f 328/303/20 331/302/20 334/298/20
f 350/304/157 340/305/157 351/306/157
f 337/307/20 345/308/20 343/309/20
f 344/310/1 342/311/1 346/312/1
f 344/310/1 346/312/1 349/313/1
f 346/312/158 350/304/158 345/308/158
f 339/314/159 348/315/159 347/316/159
f 347/316/160 348/315/160 349/313/160
f 349/313/161 346/312/161 345/308/161
f 345/308/162 350/304/162 351/306/162
f 343/309/20 351/306/20 338/317/20
f 353/318/163 366/319/163 365/320/163
f 352/321/20 360/322/20 358/323/20
f 359/324/1 357/325/1 361/326/1
f 359/324/1 361/326/1 364/327/1
f 361/326/164 365/320/164 360/322/164
f 354/328/165 363/329/165 362/330/165
f 362/330/166 363/329/166 364/327/166
f 364/327/167 361/326/167 360/322/167
f 360/322/168 365/320/168 366/319/168
f 358/323/20 366/319/20 353/318/20
f 490/331/169 385/332/169 488/333/169
f 372/334/1 374/335/1 373/336/1
f 373/336/170 370/337/170 368/338/170
f 371/339/171 367/340/171 369/341/171
f 372/334/172 368/338/172 367/340/172
f 379/342/1 381/343/1 380/344/1
f 381/343/173 378/345/173 376/346/173
f 379/342/174 375/347/174 377/348/174
f 380/344/175 376/346/175 375/347/175
f 489/349/176 388/350/176 384/351/176
f 388/350/177 386/352/177 384/351/177
f 389/353/1 489/349/1 387/354/1
f 403/355/178 491/356/178 493/357/178
f 395/358/1 397/359/1 396/360/1
f 396/360/179 393/361/179 391/362/179
f 394/363/180 390/364/180 392/365/180
f 395/358/181 391/362/181 390/364/181
f 404/366/182 492/367/182 403/355/182
f 401/368/1 403/355/1 402/369/1
f 496/370/183 461/371/183 494/372/183
f 401/368/184 398/373/184 399/374/184
f 409/375/1 411/376/1 410/377/1
f 411/376/185 408/378/185 406/379/185
f 409/375/186 405/380/186 407/381/186
f 410/377/187 406/379/187 405/380/187
f 417/382/1 419/383/1 418/384/1
f 419/383/188 416/385/188 414/386/188
f 417/382/189 413/387/189 415/388/189
f 418/384/190 414/386/190 413/387/190
f 426/389/1 428/390/1 427/391/1
f 422/392/191 428/390/191 424/393/191
f 425/394/192 421/395/192 423/396/192
f 426/389/193 422/392/193 421/395/193
f 504/397/194 435/398/194 432/399/194
f 433/400/195 429/401/195 431/402/195
f 435/398/1 504/397/1 503/403/1
f 440/404/1 442/405/1 441/406/1
f 442/405/196 439/407/196 437/408/196
f 440/404/197 436/409/197 438/410/197
f 441/406/198 437/408/198 436/409/198
f 507/411/1 506/412/1 450/413/1
f 448/414/199 444/415/199 446/416/199
f 449/417/200 445/418/200 444/415/200
f 455/419/1 457/420/1 456/421/1
f 452/422/201 458/423/201 454/424/201
f 455/419/202 451/425/202 453/426/202
f 456/421/203 452/422/203 451/425/203
f 495/427/204 464/428/204 460/429/204
f 464/428/205 462/430/205 460/429/205
f 465/431/1 495/427/1 463/432/1
f 471/433/206 497/434/206 499/435/206
f 497/434/207 471/433/207 472/436/207
f 470/437/1 472/436/1 471/433/1
f 500/438/208 502/439/208 474/440/208
f 469/441/209 466/442/209 467/443/209
f 501/444/210 479/445/210 476/446/210
f 477/447/211 473/448/211 475/449/211
f 479/445/1 501/444/1 500/438/1
f 485/450/1 487/451/1 486/452/1
f 486/452/212 483/453/212 481/454/212
f 484/455/213 480/456/213 482/457/213
f 485/450/214 481/454/214 480/456/214
f 488/333/215 489/349/215 490/331/215
f 491/356/216 492/367/216 493/357/216
f 494/372/217 495/427/217 496/370/217
f 497/434/218 498/458/218 499/435/218
f 500/438/219 501/444/219 502/439/219
f 503/403/220 504/397/220 505/459/220
f 503/403/221 505/459/221 430/460/221
f 450/413/222 506/412/222 508/461/222
f 521/462/223 514/463/223 513/464/223
f 519/465/224 512/466/224 511/467/224
f 517/468/225 510/469/225 509/470/225
f 524/471/226 509/470/226 516/472/226
f 522/473/227 515/474/227 514/463/227
f 520/475/228 513/464/228 512/466/228
f 518/476/229 511/467/229 510/469/229
f 523/477/230 516/472/230 515/474/230
f 526/478/231 527/479/231 525/478/231
f 531/480/232 530/481/232 529/481/232
f 527/479/5 529/481/5 525/478/5
f 525/478/20 530/481/20 526/478/20
f 526/478/4 532/480/4 528/479/4
f 528/479/1 531/480/1 527/479/1
f 535/479/231 534/478/231 533/478/231
f 538/481/232 539/480/232 537/481/232
f 537/481/4 535/479/4 533/478/4
f 538/481/20 533/478/20 534/478/20
f 540/480/5 534/478/5 536/479/5
f 539/480/1 536/479/1 535/479/1
f 543/482/233 548/483/233 544/482/233
f 542/484/234 546/485/234 541/484/234
f 544/482/235 547/485/235 542/484/235
f 543/482/236 546/485/236 545/483/236
f 556/483/233 551/482/233 552/482/233
f 554/485/234 550/484/234 549/484/234
f 555/485/237 552/482/237 550/484/237
f 551/482/235 554/485/235 549/484/235
f 564/486/238 559/487/238 560/487/238
f 562/488/239 558/489/239 557/489/239
f 563/488/240 560/487/240 558/489/240
f 559/487/241 562/488/241 557/489/241
f 567/487/238 572/486/238 568/487/238
f 566/489/239 570/488/239 565/489/239
f 568/487/241 571/488/241 566/489/241
f 567/487/242 570/488/242 569/486/242
f 579/490/243 576/491/243 574/490/243
f 577/492/1 573/493/1 575/494/1
f 580/491/2 575/494/2 576/491/2
f 578/495/3 574/490/3 573/493/3
f 584/496/244 587/497/244 582/497/244
f 581/498/1 585/499/1 583/500/1
f 583/500/3 588/496/3 584/496/3
f 582/497/2 586/501/2 581/498/2
f 590/502/4 591/503/4 589/504/4
f 595/503/5 594/502/5 593/504/5
f 596/505/2 591/503/2 592/505/2
f 593/504/3 590/502/3 589/504/3
f 594/502/20 592/505/20 590/502/20
f 595/503/1 589/504/1 591/503/1
f 599/506/245 598/507/245 597/507/245
f 599/506/246 604/508/246 600/506/246
f 598/507/247 602/509/247 597/507/247
f 598/507/4 604/508/4 603/509/4
f 597/507/5 601/508/5 599/506/5
f 606/507/245 607/506/245 605/507/245
f 612/508/246 607/506/246 608/506/246
f 610/509/247 606/507/247 605/507/247
f 606/507/5 612/508/5 608/506/5
f 609/508/4 605/507/4 607/506/4
f 614/510/248 615/511/248 613/510/248
f 604/508/249 615/511/249 616/511/249
f 602/509/250 614/510/250 613/510/250
f 614/510/4 604/508/4 616/511/4
f 601/508/5 613/510/5 615/511/5
f 619/511/248 618/510/248 617/510/248
f 619/511/249 612/508/249 620/511/249
f 618/510/250 610/509/250 617/510/250
f 618/510/5 612/508/5 611/509/5
f 617/510/4 609/508/4 619/511/4
f 630/512/251 621/513/251 622/514/251
f 625/515/5 622/514/5 623/516/5
f 627/517/252 630/512/252 631/518/252
f 624/519/253 629/520/253 625/515/253
f 638/521/254 621/513/254 630/512/254
f 627/517/255 628/522/255 624/519/255
f 639/523/256 632/524/256 638/521/256
f 638/521/257 626/525/257 635/526/257
f 708/527/252 640/528/252 636/529/252
f 634/530/258 638/521/258 635/526/258
f 642/531/259 639/523/259 648/532/259
f 636/529/260 637/533/260 634/530/260
f 649/534/261 641/535/261 642/536/261
f 644/537/262 639/523/262 708/527/262
f 646/538/252 649/539/252 650/540/252
f 643/541/263 648/532/263 644/537/263
f 656/542/254 641/543/254 649/539/254
f 646/538/255 647/544/255 643/541/255
f 657/545/264 961/546/264 656/542/264
f 656/542/265 645/547/265 653/548/265
f 729/549/252 658/550/252 654/551/252
f 652/552/258 656/542/258 653/548/258
f 660/553/266 657/545/266 666/554/266
f 654/551/260 655/555/260 652/552/260
f 667/556/261 659/557/261 660/558/261
f 662/559/267 657/545/267 729/549/267
f 664/560/252 667/561/252 668/562/252
f 661/563/263 666/554/263 662/559/263
f 675/564/254 659/565/254 667/561/254
f 664/560/255 665/566/255 661/563/255
f 676/567/256 669/568/256 675/564/256
f 675/564/265 663/569/265 672/570/265
f 750/571/268 677/572/268 673/573/268
f 671/574/258 675/564/258 672/570/258
f 679/575/259 676/567/259 685/576/259
f 673/573/260 674/577/260 671/574/260
f 686/578/261 678/579/261 679/575/261
f 681/580/269 676/567/269 750/571/269
f 683/581/252 686/578/252 687/582/252
f 680/583/263 685/576/263 681/580/263
f 695/584/254 678/579/254 686/578/254
f 683/581/255 684/585/255 680/583/255
f 696/586/256 688/587/256 695/584/256
f 695/584/257 682/588/257 691/589/257
f 693/590/252 696/586/252 697/591/252
f 690/592/258 695/584/258 691/589/258
f 782/593/270 696/586/270 788/594/270
f 693/590/260 694/595/260 690/592/260
f 706/596/271 626/597/271 625/598/271
f 701/599/5 625/515/5 698/600/5
f 703/601/252 706/602/252 707/603/252
f 700/604/272 705/605/272 701/599/272
f 716/606/254 626/525/254 706/602/254
f 703/601/255 704/607/255 700/604/255
f 717/608/264 708/527/264 716/606/264
f 713/609/273 714/610/273 712/611/273
f 716/606/255 702/612/255 712/611/255
f 714/610/252 717/608/252 718/613/252
f 712/611/272 715/614/272 716/606/272
f 644/537/274 717/608/274 726/615/274
f 714/610/260 715/614/260 711/616/260
f 709/617/275 702/612/275 699/618/275
f 727/619/261 645/620/261 644/621/261
f 723/622/276 724/623/276 721/624/276
f 722/625/277 717/608/277 713/609/277
f 724/623/252 727/626/252 728/627/252
f 721/624/272 726/615/272 722/625/272
f 737/628/254 645/547/254 727/626/254
f 724/623/255 725/629/255 721/624/255
f 738/630/264 729/549/264 737/628/264
f 734/631/273 735/632/273 733/633/273
f 737/628/255 723/622/255 733/633/255
f 734/631/252 739/634/252 735/632/252
f 733/633/278 736/635/278 737/628/278
f 662/559/279 738/630/279 747/636/279
f 735/632/260 736/635/260 732/637/260
f 730/638/275 723/622/275 720/639/275
f 719/640/280 713/609/280 710/641/280
f 748/642/261 663/643/261 662/644/261
f 744/645/276 745/646/276 742/647/276
f 743/648/281 738/630/281 734/631/281
f 745/646/252 748/649/252 749/650/252
f 742/647/272 747/636/272 743/648/272
f 758/651/254 663/569/254 748/649/254
f 745/646/255 746/652/255 742/647/255
f 759/653/264 750/571/264 758/651/264
f 755/654/273 756/655/273 754/656/273
f 758/651/255 744/645/255 754/656/255
f 756/655/252 759/653/252 760/657/252
f 754/656/272 757/658/272 758/651/272
f 681/580/259 759/653/259 768/659/259
f 756/655/260 757/658/260 753/660/260
f 751/661/275 744/645/275 741/662/275
f 769/663/261 682/588/261 681/580/261
f 765/664/276 766/665/276 763/666/276
f 764/667/282 759/653/282 755/654/282
f 765/664/252 770/668/252 766/665/252
f 764/667/272 767/669/272 768/659/272
f 778/670/254 682/588/254 769/663/254
f 766/665/255 767/669/255 763/666/255
f 779/671/264 692/672/264 778/673/264
f 775/674/273 776/675/273 774/676/273
f 778/670/255 765/664/255 774/676/255
f 776/675/268 779/677/268 780/678/268
f 774/676/272 777/679/272 778/670/272
f 784/680/270 779/677/270 826/681/270
f 776/675/260 777/679/260 773/682/260
f 771/683/275 765/664/275 762/684/275
f 761/685/280 755/654/280 752/686/280
f 740/687/283 734/631/283 731/688/283
f 789/689/261 781/690/261 782/691/261
f 784/680/284 696/586/284 692/692/284
f 786/693/252 789/694/252 790/695/252
f 783/696/285 788/594/285 784/680/285
f 796/697/254 781/698/254 789/694/254
f 786/693/255 787/699/255 783/696/255
f 797/700/264 1039/701/264 796/702/264
f 796/697/257 785/703/257 793/704/257
f 829/705/252 798/706/252 794/707/252
f 792/708/258 796/697/258 793/704/258
f 800/709/259 797/710/259 806/711/259
f 794/707/260 795/712/260 792/708/260
f 807/713/261 799/714/261 800/709/261
f 802/715/269 797/710/269 829/705/269
f 804/716/252 807/713/252 808/717/252
f 801/718/263 806/711/263 802/715/263
f 816/719/254 799/714/254 807/713/254
f 804/716/255 805/720/255 801/718/255
f 817/721/286 809/722/286 810/723/286
f 816/719/257 803/724/257 813/725/257
f 850/726/252 818/727/252 814/728/252
f 812/729/287 816/719/287 813/725/287
f 814/728/260 815/730/260 812/729/260
f 827/731/261 785/703/261 784/680/261
f 823/732/276 824/733/276 821/734/276
f 822/735/288 779/677/288 775/674/288
f 824/733/252 827/731/252 828/736/252
f 821/734/272 826/681/272 822/735/272
f 837/737/254 785/703/254 827/731/254
f 824/733/255 825/738/255 821/734/255
f 838/739/264 829/705/264 837/737/264
f 834/740/273 835/741/273 833/742/273
f 837/737/255 823/732/255 833/742/255
f 834/740/252 839/743/252 835/741/252
f 833/742/278 836/744/278 837/737/278
f 802/715/259 838/739/259 847/745/259
f 835/741/260 836/744/260 832/746/260
f 830/747/275 823/732/275 820/748/275
f 848/749/261 803/724/261 802/715/261
f 844/750/276 845/751/276 842/752/276
f 843/753/277 838/739/277 834/740/277
f 845/751/252 848/749/252 849/754/252
f 842/752/272 847/745/272 843/753/272
f 858/755/254 803/724/254 848/749/254
f 845/751/255 846/756/255 842/752/255
f 859/757/264 850/758/264 858/759/264
f 855/760/273 856/761/273 854/762/273
f 858/755/255 844/750/255 854/762/255
f 855/760/252 860/763/252 856/761/252
f 854/762/272 857/764/272 858/755/272
f 852/765/289 813/725/289 850/726/289
f 856/761/260 857/764/260 853/766/260
f 851/767/275 844/750/275 841/768/275
f 840/769/280 834/740/280 831/770/280
f 819/771/290 775/674/290 772/772/290
f 870/773/291 861/774/291 862/775/291
f 863/776/5 869/777/5 862/775/5
f 867/778/252 870/773/252 871/779/252
f 865/780/292 868/781/292 869/777/292
f 878/782/293 861/774/293 870/773/293
f 867/778/255 868/781/255 864/783/255
f 879/784/264 872/785/264 878/782/264
f 878/782/265 866/786/265 875/787/265
f 946/788/252 880/789/252 876/790/252
f 874/791/258 878/782/258 875/787/258
f 882/792/294 879/784/294 888/793/294
f 876/790/260 877/794/260 874/791/260
f 889/795/291 881/796/291 882/792/291
f 884/797/262 879/784/262 946/788/262
f 886/798/252 889/795/252 890/799/252
f 883/800/263 888/793/263 884/797/263
f 897/801/293 881/796/293 889/795/293
f 886/798/255 887/802/255 883/800/255
f 898/803/256 891/804/256 897/805/256
f 897/801/257 885/806/257 894/807/257
f 959/808/252 899/809/252 895/810/252
f 893/811/258 897/801/258 894/807/258
f 901/812/295 898/813/295 907/814/295
f 895/810/260 896/815/260 893/811/260
f 908/816/291 900/817/291 901/812/291
f 903/818/267 898/813/267 959/808/267
f 905/819/252 908/816/252 909/820/252
f 902/821/263 907/814/263 903/818/263
f 916/822/293 900/817/293 908/816/293
f 905/819/255 906/823/255 902/821/255
f 917/824/256 910/825/256 916/822/256
f 916/822/257 904/826/257 913/827/257
f 973/828/252 918/829/252 914/830/252
f 912/831/258 916/822/258 913/827/258
f 920/832/294 917/824/294 926/833/294
f 914/830/260 915/834/260 912/831/260
f 927/835/291 919/836/291 920/832/291
f 922/837/262 917/824/262 973/828/262
f 924/838/252 927/835/252 928/839/252
f 921/840/285 926/833/285 922/837/285
f 936/841/293 919/836/293 927/835/293
f 924/838/255 925/842/255 921/840/255
f 937/843/264 929/844/264 936/845/264
f 936/841/257 923/846/257 932/847/257
f 934/848/252 937/849/252 938/850/252
f 931/851/258 936/841/258 932/847/258
f 993/852/296 937/849/296 999/853/296
f 934/848/260 935/854/260 931/851/260
f 944/855/297 866/856/297 865/857/297
f 622/514/5 865/780/5 939/858/5
f 941/859/252 944/860/252 945/861/252
f 622/514/298 942/862/298 943/863/298
f 950/864/254 866/786/254 944/860/254
f 941/859/255 942/862/255 940/865/255
f 951/866/264 946/788/264 950/864/264
f 950/864/265 621/513/265 633/867/265
f 632/524/252 952/868/252 948/869/252
f 947/870/258 950/864/258 633/867/258
f 884/797/259 951/866/259 956/871/259
f 948/869/260 949/872/260 947/870/260
f 957/873/261 885/874/261 884/875/261
f 642/531/262 951/866/262 632/524/262
f 954/876/252 957/877/252 958/878/252
f 953/879/285 956/871/285 642/531/285
f 964/880/254 885/806/254 957/877/254
f 954/876/255 955/881/255 953/879/255
f 965/882/264 959/883/264 964/884/264
f 964/880/257 641/543/257 651/885/257
f 962/886/252 965/887/252 966/888/252
f 960/889/258 964/880/258 651/885/258
f 903/818/279 965/887/279 970/890/279
f 962/886/260 963/891/260 960/889/260
f 971/892/261 904/826/261 903/818/261
f 660/553/299 965/887/299 961/546/299
f 968/893/252 971/892/252 972/894/252
f 967/895/263 970/890/263 660/553/263
f 977/896/254 904/826/254 971/892/254
f 968/893/255 969/897/255 967/895/255
f 978/898/264 973/828/264 977/896/264
f 977/896/265 659/565/265 670/899/265
f 669/568/252 979/900/252 975/901/252
f 974/902/258 977/896/258 670/899/258
f 922/837/274 978/898/274 983/903/274
f 975/901/260 976/904/260 974/902/260
f 984/905/261 923/906/261 922/907/261
f 679/575/262 978/898/262 669/568/262
f 981/908/252 984/909/252 985/910/252
f 980/911/263 983/903/263 679/575/263
f 989/912/254 923/846/254 984/909/254
f 981/908/255 982/913/255 980/911/255
f 990/914/264 933/915/264 989/912/264
f 989/912/257 678/579/257 689/916/257
f 688/587/252 991/917/252 987/918/252
f 986/919/258 989/912/258 689/916/258
f 995/920/270 990/914/270 1034/921/270
f 987/918/260 988/922/260 986/919/260
f 1000/923/291 992/924/291 993/852/291
f 995/920/284 937/849/284 933/915/284
f 997/925/252 1000/923/252 1001/926/252
f 994/927/263 999/853/263 995/920/263
f 1008/928/293 992/924/293 1000/923/293
f 997/925/255 998/929/255 994/927/255
f 1009/930/256 1002/931/256 1008/928/256
f 1008/928/257 996/932/257 1005/933/257
f 1037/934/252 1010/935/252 1006/936/252
f 1004/937/287 1008/928/287 1005/933/287
f 1012/938/294 1009/930/294 1018/939/294
f 1006/936/260 1007/940/260 1004/937/260
f 1019/941/291 1011/942/291 1012/943/291
f 1014/944/262 1009/930/262 1037/934/262
f 1016/945/252 1019/946/252 1020/947/252
f 1013/948/263 1018/939/263 1014/944/263
f 1028/949/293 1011/950/293 1019/946/293
f 1016/945/255 1017/951/255 1013/948/255
f 1029/952/264 1021/953/264 1028/949/264
f 1028/949/257 1015/954/257 1025/955/257
f 1026/956/252 1029/952/252 1030/957/252
f 1024/958/287 1028/949/287 1025/955/287
f 1021/953/4 1051/959/4 1023/960/4
f 1024/958/260 1030/957/260 1027/961/260
f 1051/959/4 809/722/4 1052/962/4
f 817/721/4 811/963/4 809/722/4
f 850/726/4 855/760/4 852/765/4
f 1035/964/261 996/932/261 995/920/261
f 782/593/284 990/914/284 688/587/284
f 1032/965/252 1035/964/252 1036/966/252
f 1031/967/263 1034/921/263 782/593/263
f 1042/968/254 996/932/254 1035/964/254
f 1032/965/255 1033/969/255 1031/967/255
f 1043/970/264 1037/934/264 1042/968/264
f 1042/968/265 781/698/265 791/971/265
f 1039/972/252 1044/973/252 1040/974/252
f 1038/975/258 1042/968/258 791/971/258
f 1014/944/274 1043/970/274 1048/976/274
f 1040/974/260 1041/977/260 1038/975/260
f 1049/978/261 1015/979/261 1014/980/261
f 800/709/262 1043/970/262 1039/972/262
f 1046/981/252 1049/982/252 1050/983/252
f 1045/984/263 1048/976/263 800/709/263
f 1056/985/254 1015/954/254 1049/982/254
f 1046/981/255 1047/986/255 1045/984/255
f 1057/987/300 1051/959/300 1025/955/300
f 1056/985/257 799/714/257 810/723/257
f 1054/988/252 1057/987/252 1058/989/252
f 1053/990/258 1056/985/258 810/723/258
f 1054/988/301 1055/991/301 1053/990/301
f 703/601/276 700/604/276 701/599/276
f 1068/512/302 1069/518/302 1067/520/302
f 1060/514/5 1063/515/5 1061/516/5
f 1065/517/303 1068/512/303 1064/525/303
f 1067/520/304 1062/519/304 1063/515/304
f 1076/521/305 1059/513/305 1071/867/305
f 1066/522/306 1065/517/306 1062/519/306
f 1077/992/307 1078/993/307 1076/994/307
f 1064/525/308 1076/521/308 1073/526/308
f 1078/528/309 1146/527/309 1074/529/309
f 1076/521/310 1072/530/310 1073/526/310
f 1077/523/311 1080/531/311 1086/532/311
f 1075/533/312 1074/529/312 1072/530/312
f 1087/539/302 1088/540/302 1085/544/302
f 1082/537/313 1077/523/313 1086/532/313
f 1084/538/303 1087/539/303 1083/547/303
f 1086/532/314 1081/541/314 1082/537/314
f 1094/995/305 1079/543/305 1089/885/305
f 1085/544/306 1084/538/306 1081/541/306
f 1095/996/307 1096/997/307 1094/998/307
f 1083/547/315 1094/995/315 1091/548/315
f 1096/550/309 1167/549/309 1092/551/309
f 1094/995/316 1090/552/316 1091/548/316
f 1095/545/317 1098/553/317 1104/554/317
f 1093/555/318 1092/551/318 1090/552/318
f 1105/561/302 1106/562/302 1103/566/302
f 1100/559/319 1095/545/319 1104/554/319
f 1102/560/303 1105/561/303 1101/569/303
f 1104/554/314 1099/563/314 1100/559/314
f 1113/564/305 1097/565/305 1108/899/305
f 1103/566/306 1102/560/306 1099/563/306
f 1114/567/307 1115/572/307 1113/564/307
f 1101/569/308 1113/564/308 1110/999/308
f 1115/572/320 1188/571/320 1111/1000/320
f 1113/564/316 1109/574/316 1110/999/316
f 1114/567/311 1117/575/311 1123/576/311
f 1112/577/312 1111/1000/312 1109/574/312
f 1124/1001/302 1125/1002/302 1122/1003/302
f 1119/580/313 1114/567/313 1123/576/313
f 1121/581/303 1124/578/303 1120/588/303
f 1123/576/314 1118/583/314 1119/580/314
f 1133/584/305 1116/579/305 1127/916/305
f 1122/585/306 1121/581/306 1118/583/306
f 1134/586/307 1135/1004/307 1133/584/307
f 1120/588/315 1133/584/315 1129/589/315
f 1135/1004/309 1130/692/309 1131/590/309
f 1133/584/316 1128/592/316 1129/589/316
f 1134/586/321 1220/593/321 1226/594/321
f 1132/595/312 1131/590/312 1128/592/312
f 1144/602/302 1145/603/302 1143/605/302
f 1063/515/5 1139/599/5 1136/600/5
f 1145/603/309 1140/612/309 1141/601/309
f 1139/599/322 1142/607/322 1138/604/322
f 1154/606/305 1064/525/305 1073/526/305
f 1142/607/306 1141/601/306 1138/604/306
f 1155/608/307 1156/613/307 1154/606/307
f 1151/609/323 1148/641/323 1150/611/323
f 1140/612/306 1154/606/306 1150/611/306
f 1156/613/309 1151/609/309 1152/610/309
f 1150/611/322 1153/614/322 1149/616/322
f 1155/608/311 1082/537/311 1164/615/311
f 1153/614/312 1152/610/312 1149/616/312
f 1147/1005/324 1140/612/324 1150/611/324
f 1165/626/302 1166/627/302 1163/629/302
f 1161/622/325 1158/639/325 1157/640/325
f 1160/625/326 1155/608/326 1164/615/326
f 1162/623/309 1165/626/309 1161/622/309
f 1164/615/322 1159/624/322 1160/625/322
f 1175/628/305 1083/547/305 1091/548/305
f 1163/629/306 1162/623/306 1159/624/306
f 1176/630/307 1177/634/307 1175/628/307
f 1172/1006/323 1169/688/323 1171/633/323
f 1161/622/306 1175/628/306 1171/633/306
f 1173/632/309 1176/630/309 1172/1006/309
f 1171/633/322 1174/635/322 1170/637/322
f 1176/630/317 1100/559/317 1185/636/317
f 1174/635/312 1173/632/312 1170/637/312
f 1168/638/324 1161/622/324 1171/633/324
f 1157/640/327 1151/609/327 1160/625/327
f 1186/642/302 1187/1007/302 1184/1008/302
f 1182/645/325 1179/662/325 1178/687/325
f 1181/648/328 1176/630/328 1185/636/328
f 1187/1009/309 1182/645/309 1183/646/309
f 1181/648/322 1184/1010/322 1180/647/322
f 1196/651/305 1101/569/305 1110/999/305
f 1184/1010/306 1183/646/306 1180/647/306
f 1197/1011/307 1198/1012/307 1196/1013/307
f 1193/654/323 1190/686/323 1192/656/323
f 1182/645/306 1196/651/306 1192/656/306
f 1198/657/309 1193/654/309 1194/655/309
f 1192/656/322 1195/658/322 1191/660/322
f 1197/1014/311 1119/580/311 1206/659/311
f 1195/658/312 1194/655/312 1191/660/312
f 1189/661/324 1182/645/324 1192/656/324
f 1207/663/302 1208/668/302 1205/669/302
f 1203/664/325 1200/684/325 1199/685/325
f 1202/667/326 1197/1014/326 1206/659/326
f 1208/668/309 1203/664/309 1204/665/309
f 1202/667/322 1205/669/322 1201/666/322
f 1216/670/305 1120/588/305 1129/589/305
f 1205/669/306 1204/665/306 1201/666/306
f 1217/671/307 1218/1015/307 1216/673/307
f 1213/674/323 1210/772/323 1212/676/323
f 1203/664/306 1216/670/306 1212/676/306
f 1214/675/309 1217/677/309 1213/674/309
f 1212/676/322 1215/679/322 1211/682/322
f 1217/677/321 1222/680/321 1264/681/321
f 1215/679/312 1214/675/312 1211/682/312
f 1209/683/324 1203/664/324 1212/676/324
f 1199/685/327 1193/654/327 1202/667/327
f 1178/687/329 1172/1006/329 1181/648/329
f 1227/1016/302 1228/1017/302 1225/1018/302
f 1222/680/330 1134/586/330 1226/594/330
f 1224/693/331 1227/694/331 1223/703/331
f 1226/594/332 1221/696/332 1222/680/332
f 1234/697/305 1219/698/305 1229/971/305
f 1225/699/306 1224/693/306 1221/696/306
f 1235/710/307 1236/1019/307 1234/697/307
f 1223/703/308 1234/697/308 1231/704/308
f 1236/1019/320 1267/705/320 1232/707/320
f 1234/697/316 1230/708/316 1231/704/316
f 1235/710/311 1238/709/311 1244/711/311
f 1233/712/312 1232/707/312 1230/708/312
f 1245/713/302 1246/717/302 1243/720/302
f 1240/715/313 1235/710/313 1244/711/313
f 1242/716/303 1245/713/303 1241/724/303
f 1244/711/314 1239/718/314 1240/715/314
f 1254/719/305 1237/714/305 1248/723/305
f 1243/720/306 1242/716/306 1239/718/306
f 1255/721/307 1256/727/307 1254/719/307
f 1241/724/315 1254/719/315 1251/725/315
f 1256/727/309 1288/726/309 1252/728/309
f 1254/719/310 1250/729/310 1251/725/310
f 1253/730/312 1252/728/312 1250/729/312
f 1265/731/302 1266/736/302 1263/738/302
f 1261/732/325 1258/748/325 1257/771/325
f 1260/735/333 1217/677/333 1264/681/333
f 1262/733/309 1265/731/309 1261/732/309
f 1264/681/322 1259/734/322 1260/735/322
f 1275/737/305 1223/703/305 1231/704/305
f 1263/738/306 1262/733/306 1259/734/306
f 1276/1020/307 1277/1021/307 1275/1022/307
f 1272/740/323 1269/770/323 1271/742/323
f 1261/732/306 1275/737/306 1271/742/306
f 1277/743/320 1272/740/320 1273/741/320
f 1271/742/322 1274/744/322 1270/746/322
f 1276/739/334 1240/715/334 1285/745/334
f 1274/744/312 1273/741/312 1270/746/312
f 1268/747/324 1261/732/324 1271/742/324
f 1286/749/302 1287/754/302 1284/756/302
f 1282/750/325 1279/768/325 1278/769/325
f 1281/753/326 1276/739/326 1285/745/326
f 1283/751/309 1286/749/309 1282/750/309
f 1285/745/322 1280/752/322 1281/753/322
f 1296/755/305 1241/724/305 1251/725/305
f 1284/756/306 1283/751/306 1280/752/306
f 1297/1023/307 1298/1024/307 1296/1025/307
f 1293/760/323 1290/765/323 1292/762/323
f 1282/750/306 1296/755/306 1292/762/306
f 1294/761/309 1297/1026/309 1293/760/309
f 1292/762/322 1295/764/322 1291/766/322
f 1290/765/335 1251/725/335 1289/767/335
f 1295/764/312 1294/761/312 1291/766/312
f 1289/767/324 1282/750/324 1292/762/324
f 1278/769/327 1272/740/327 1281/753/327
f 1257/771/336 1213/674/336 1260/735/336
f 1308/773/302 1309/779/302 1306/781/302
f 1301/776/5 1307/777/5 1303/780/5
f 1305/778/303 1308/773/303 1304/786/303
f 1303/780/337 1306/781/337 1302/783/337
f 1316/782/338 1299/774/338 1311/1027/338
f 1306/781/306 1305/778/306 1302/783/306
f 1317/784/307 1318/789/307 1316/782/307
f 1304/786/308 1316/782/308 1313/787/308
f 1318/789/309 1384/788/309 1314/790/309
f 1316/782/316 1312/791/316 1313/787/316
f 1317/784/339 1320/792/339 1326/793/339
f 1315/794/312 1314/790/312 1312/791/312
f 1327/795/302 1328/799/302 1325/802/302
f 1322/797/313 1317/784/313 1326/793/313
f 1324/798/303 1327/795/303 1323/806/303
f 1326/793/314 1321/800/314 1322/797/314
f 1335/801/338 1319/796/338 1330/1028/338
f 1325/802/306 1324/798/306 1321/800/306
f 1336/1029/307 1337/1030/307 1335/805/307
f 1323/806/315 1335/801/315 1332/807/315
f 1337/809/320 1397/808/320 1333/810/320
f 1335/801/316 1331/811/316 1332/807/316
f 1336/1031/340 1339/812/340 1345/814/340
f 1334/815/312 1333/810/312 1331/811/312
f 1346/1032/302 1347/1033/302 1344/1034/302
f 1341/818/319 1336/1031/319 1345/814/319
f 1343/819/303 1346/816/303 1342/826/303
f 1345/814/314 1340/821/314 1341/818/314
f 1354/822/338 1338/817/338 1349/1035/338
f 1344/823/306 1343/819/306 1340/821/306
f 1355/824/307 1356/1036/307 1354/822/307
f 1342/826/315 1354/822/315 1351/827/315
f 1356/1036/309 1411/828/309 1352/830/309
f 1354/822/316 1350/831/316 1351/827/316
f 1355/824/339 1358/832/339 1364/833/339
f 1353/834/312 1352/830/312 1350/831/312
f 1365/835/302 1366/839/302 1363/842/302
f 1360/837/341 1355/824/341 1364/833/341
f 1362/838/331 1365/835/331 1361/846/331
f 1364/833/332 1359/840/332 1360/837/332
f 1374/841/338 1357/836/338 1368/1037/338
f 1363/842/306 1362/838/306 1359/840/306
f 1375/849/307 1376/850/307 1374/841/307
f 1361/846/308 1374/841/308 1370/847/308
f 1372/848/320 1375/849/320 1371/915/320
f 1374/841/316 1369/851/316 1370/847/316
f 1375/849/342 1431/852/342 1437/853/342
f 1373/854/312 1372/848/312 1369/851/312
f 1382/860/302 1383/1038/302 1381/863/302
f 1303/780/5 1060/514/5 1377/858/5
f 1379/859/303 1382/860/303 1059/513/303
f 1060/514/343 1380/1039/343 1378/865/343
f 1388/864/305 1304/786/305 1313/787/305
f 1380/1039/306 1379/859/306 1378/865/306
f 1389/1040/307 1390/1041/307 1388/1042/307
f 1059/513/308 1388/864/308 1071/867/308
f 1390/868/309 1070/524/309 1386/869/309
f 1388/864/310 1385/870/310 1071/867/310
f 1389/866/311 1322/797/311 1394/871/311
f 1387/872/312 1386/869/312 1385/870/312
f 1395/877/302 1396/878/302 1393/881/302
f 1080/531/313 1389/866/313 1394/871/313
f 1392/876/303 1395/877/303 1079/543/303
f 1394/871/314 1391/879/314 1080/531/314
f 1402/880/305 1323/806/305 1332/807/305
f 1393/881/306 1392/876/306 1391/879/306
f 1403/1043/307 1404/1044/307 1402/1045/307
f 1079/543/315 1402/880/315 1089/885/315
f 1404/888/309 1399/546/309 1400/886/309
f 1402/880/316 1398/889/316 1089/885/316
f 1403/887/317 1341/818/317 1408/890/317
f 1401/891/312 1400/886/312 1398/889/312
f 1409/892/302 1410/894/302 1407/897/302
f 1098/553/319 1403/887/319 1408/890/319
f 1406/893/303 1409/892/303 1097/565/303
f 1408/890/314 1405/895/314 1098/553/314
f 1415/896/305 1342/826/305 1351/827/305
f 1407/897/306 1406/893/306 1405/895/306
f 1416/898/307 1417/900/307 1415/896/307
f 1097/565/308 1415/896/308 1108/899/308
f 1417/900/309 1107/568/309 1413/901/309
f 1415/896/310 1412/902/310 1108/899/310
f 1416/898/311 1360/837/311 1421/903/311
f 1414/904/312 1413/901/312 1412/902/312
f 1422/1046/302 1423/1047/302 1420/1048/302
f 1117/575/313 1416/898/313 1421/903/313
f 1419/908/331 1422/909/331 1116/579/331
f 1421/903/332 1418/911/332 1117/575/332
f 1427/1049/305 1361/846/305 1370/847/305
f 1420/913/306 1419/908/306 1418/911/306
f 1428/914/307 1429/917/307 1427/1049/307
f 1116/579/308 1427/1049/308 1127/916/308
f 1429/917/309 1126/587/309 1425/918/309
f 1427/1049/316 1424/919/316 1127/916/316
f 1428/914/321 1433/920/321 1472/921/321
f 1426/922/312 1425/918/312 1424/919/312
f 1438/923/302 1439/926/302 1436/929/302
f 1433/920/330 1375/849/330 1437/853/330
f 1435/925/303 1438/923/303 1434/932/303
f 1437/853/314 1432/927/314 1433/920/314
f 1446/928/338 1430/924/338 1441/1050/338
f 1436/929/306 1435/925/306 1432/927/306
f 1447/930/307 1448/935/307 1446/928/307
f 1434/932/315 1446/928/315 1443/933/315
f 1448/935/309 1475/934/309 1444/936/309
f 1446/928/316 1442/937/316 1443/933/316
f 1447/930/339 1450/938/339 1456/939/339
f 1445/940/312 1444/936/312 1442/937/312
f 1457/941/302 1458/1051/302 1455/1052/302
f 1452/944/313 1447/930/313 1456/939/313
f 1454/945/303 1457/946/303 1453/954/303
f 1456/939/314 1451/948/314 1452/944/314
f 1466/949/338 1449/950/338 1460/1053/338
f 1455/951/306 1454/945/306 1451/948/306
f 1467/952/307 1468/957/307 1466/949/307
f 1453/954/315 1466/949/315 1463/955/315
f 1464/956/344 1467/952/344 1489/959/344
f 1466/949/310 1462/958/310 1463/955/310
f 1459/953/4 1489/959/4 1467/952/4
f 1462/958/312 1468/957/312 1464/956/312
f 1489/959/4 1247/722/4 1495/987/4
f 1249/963/4 1255/721/4 1247/722/4
f 1293/760/4 1288/726/4 1290/765/4
f 1473/1054/302 1474/1055/302 1471/1056/302
f 1220/593/330 1428/914/330 1472/921/330
f 1470/965/303 1473/964/303 1219/698/303
f 1472/921/314 1469/967/314 1220/593/314
f 1480/968/305 1434/932/305 1443/933/305
f 1471/1057/306 1470/965/306 1469/967/306
f 1481/970/307 1482/973/307 1480/968/307
f 1219/698/308 1480/968/308 1229/971/308
f 1482/973/309 1477/972/309 1478/974/309
f 1480/968/316 1476/975/316 1229/971/316
f 1481/970/311 1452/944/311 1486/976/311
f 1479/977/312 1478/974/312 1476/975/312
f 1487/978/302 1488/1058/302 1485/1059/302
f 1238/709/341 1481/970/341 1486/976/341
f 1484/981/303 1487/982/303 1237/714/303
f 1486/976/314 1483/984/314 1238/709/314
f 1494/985/305 1453/954/305 1463/955/305
f 1485/986/306 1484/981/306 1483/984/306
f 1495/987/307 1496/989/307 1494/985/307
f 1237/714/315 1494/985/315 1248/723/315
f 1492/988/345 1495/987/345 1247/722/345
f 1494/985/316 1491/990/316 1248/723/316
f 1493/991/346 1492/988/346 1491/990/346
f 1140/612/325 1137/618/325 1139/599/325
f 1505/1060/347 1503/1061/347 1506/1060/347
f 1503/1061/348 1502/1062/348 1504/1062/348
f 1498/1063/349 1502/1062/349 1497/1063/349
f 1499/1064/350 1506/1060/350 1500/1064/350
f 1512/1065/351 1509/1066/351 1511/1065/351
f 1508/1067/352 1511/1065/352 1507/1067/352
f 1518/1068/353 1516/1069/353 1513/1069/353
f 1513/1069/354 1515/1070/354 1514/1070/354
f 1508/1067/4 1516/1069/4 1512/1065/4
f 1517/1068/355 1509/1066/355 1510/1066/355
f 1514/1070/356 1508/1067/356 1507/1067/356
f 1509/1066/5 1513/1069/5 1511/1065/5
f 1516/1069/4 1510/1066/4 1512/1065/4
f 1513/1069/5 1507/1067/5 1511/1065/5
f 1530/1071/357 1583/1072/357 1540/1073/357
f 1579/1074/358 1529/1075/358 1569/1076/358
f 1534/1077/359 1541/1078/359 1542/1079/359
f 1543/1080/360 1526/1081/360 1525/1082/360
f 1586/1083/361 1525/1082/361 1524/1084/361
f 1532/1085/361 1544/1086/361 1539/1087/361
f 1519/1088/362 1564/1089/362 1520/1090/362
f 1533/1091/360 1542/1079/360 1544/1086/360
f 1529/1075/363 1540/1073/363 1569/1076/363
f 1531/1092/364 1539/1087/364 1583/1072/364
f 1581/1093/363 1522/1094/363 1521/1095/363
f 1541/1078/362 1528/1096/362 1579/1074/362
f 1577/1097/365 1519/1088/365 1526/1081/365
f 1520/1090/358 1581/1093/358 1521/1095/358
f 1584/1098/366 1523/1099/366 1522/1094/366
f 1538/1100/364 1524/1084/364 1523/1099/364
f 1592/1101/364 1559/1102/364 1593/1103/364
f 1558/1104/364 1595/1105/364 1594/1106/364
f 1582/1107/363 1548/1108/363 1570/1109/363
f 1553/1110/363 1550/1111/363 1549/1112/363
f 1556/1113/364 1554/1114/364 1596/1115/364
f 1578/1116/362 1597/1117/362 1560/1118/362
f 1547/1119/362 1561/1120/362 1598/1121/362
f 1552/1122/363 1580/1123/363 1551/1124/363
f 1560/1118/365 1574/1125/365 1568/1126/365
f 1598/1121/365 1566/1127/365 1545/1128/365
f 1573/1129/362 1587/1130/362 1562/1131/362
f 1585/1132/367 1535/1133/367 1559/1102/367
f 1536/1134/361 1557/1135/361 1558/1104/361
f 1562/1131/359 1576/1136/359 1567/1137/359
f 1592/1101/366 1591/1138/366 1582/1107/366
f 1594/1106/357 1590/1139/357 1553/1110/357
f 1571/1140/361 1555/1141/361 1556/1113/361
f 1570/1109/358 1563/1142/358 1578/1116/358
f 1549/1112/358 1546/1143/358 1547/1119/358
f 1596/1115/357 1589/1144/357 1552/1122/357
f 1568/1126/360 1535/1133/360 1575/1145/360
f 1545/1128/360 1572/1146/360 1536/1134/360
f 1551/1124/368 1565/1147/368 1573/1129/368
f 1542/1148/5 1624/1149/5 1544/1150/5
f 1565/1151/5 1641/1152/5 1587/1153/5
f 1574/1154/5 1608/1155/5 1535/1156/5
f 1573/1157/4 1662/1158/4 1617/1159/4
f 1568/1160/4 1623/1161/4 1606/1162/4
f 1546/1163/5 1661/1164/5 1561/1165/5
f 1580/1166/5 1602/1167/5 1565/1151/5
f 1547/1168/4 1660/1169/4 1599/1170/4
f 1551/1171/4 1617/1159/4 1610/1172/4
f 1586/1173/4 1635/1174/4 1639/1175/4
f 1597/1176/5 1600/1177/5 1659/1178/5
f 1546/1163/5 1609/1179/5 1618/1180/5
f 1583/1181/5 1638/1182/5 1633/1183/5
f 1578/1184/4 1658/1185/4 1627/1186/4
f 1549/1187/4 1599/1170/4 1622/1188/4
f 1581/1189/4 1636/1190/4 1584/1191/4
f 1580/1166/5 1643/1192/5 1629/1193/5
f 1548/1194/5 1600/1177/5 1563/1195/5
f 1540/1196/5 1611/1197/5 1569/1198/5
f 1551/1171/4 1644/1199/4 1552/1200/4
f 1570/1201/4 1627/1186/4 1612/1202/4
f 1564/1203/4 1642/1204/4 1601/1205/4
f 1590/1206/5 1609/1179/5 1550/1207/5
f 1589/1208/5 1634/1209/5 1643/1192/5
f 1541/1210/5 1628/1211/5 1640/1212/5
f 1553/1213/4 1622/1188/4 1646/1214/4
f 1552/1200/4 1652/1215/4 1596/1216/4
f 1577/1217/4 1642/1204/4 1588/1218/4
f 1591/1219/5 1621/1220/5 1548/1194/5
f 1590/1206/5 1651/1221/5 1645/1222/5
f 1570/1201/4 1631/1223/4 1582/1224/4
f 1553/1213/4 1650/1225/4 1594/1226/4
f 1638/1182/364 1648/1227/364 1633/1183/364
f 1625/1228/360 1613/1229/360 1614/1230/360
f 1629/1193/358 1601/1205/358 1602/1167/358
f 1634/1209/366 1636/1190/366 1643/1192/366
f 1614/1230/361 1639/1175/361 1653/1231/361
f 1641/1152/365 1626/1232/365 1625/1228/365
f 1602/1167/362 1642/1204/362 1641/1152/362
f 1643/1192/363 1630/1233/363 1629/1193/363
f 1653/1231/364 1635/1174/364 1634/1209/364
f 1657/1234/364 1650/1225/364 1649/1235/364
f 1655/1236/364 1652/1215/364 1651/1221/364
f 1632/1237/363 1612/1202/363 1611/1197/363
f 1647/1238/363 1622/1188/363 1621/1220/363
f 1645/1222/363 1610/1172/363 1609/1179/363
f 1628/1211/362 1658/1185/362 1640/1212/362
f 1600/1177/362 1660/1169/362 1659/1178/362
f 1618/1180/362 1662/1158/362 1661/1164/362
f 1640/1212/365 1606/1162/365 1605/1239/365
f 1659/1178/365 1620/1240/365 1619/1241/365
f 1661/1164/365 1604/1242/365 1603/1243/365
f 1624/1149/367 1637/1244/367 1638/1182/367
f 1608/1155/367 1656/1245/367 1657/1234/367
f 1655/1236/361 1615/1246/361 1654/1247/361
f 1633/1183/357 1631/1223/357 1632/1237/357
f 1647/1238/357 1650/1225/357 1646/1214/357
f 1651/1221/366 1644/1199/366 1645/1222/366
f 1611/1197/368 1627/1186/368 1628/1211/368
f 1621/1220/368 1599/1170/368 1600/1177/368
f 1609/1179/368 1617/1159/368 1618/1180/368
f 1605/1239/360 1623/1161/360 1624/1149/360
f 1619/1241/360 1607/1248/360 1608/1155/360
f 1603/1243/360 1615/1246/360 1616/1249/360
f 1536/1250/4 1620/1240/4 1545/1251/4
f 1560/1252/4 1606/1162/4 1658/1185/4
f 1572/1253/5 1603/1243/5 1616/1249/5
f 1574/1154/5 1659/1178/5 1619/1241/5
f 1577/1217/4 1613/1229/4 1626/1232/4
f 1567/1254/4 1615/1246/4 1604/1242/4
f 1545/1251/4 1660/1169/4 1598/1255/4
f 1576/1256/5 1614/1230/5 1537/1257/5
f 1566/1258/5 1661/1164/5 1603/1243/5
f 1579/1259/5 1611/1197/5 1628/1211/5
f 1567/1254/4 1662/1158/4 1562/1260/4
f 1576/1256/5 1641/1152/5 1625/1228/5
f 1581/1189/4 1601/1205/4 1630/1233/4
f 1585/1261/4 1623/1161/4 1575/1262/4
f 1535/1156/5 1657/1234/5 1559/1263/5
f 1583/1181/5 1632/1237/5 1540/1196/5
f 1536/1250/4 1656/1245/4 1607/1248/4
f 1592/1264/4 1637/1244/4 1585/1261/4
f 1572/1253/5 1655/1236/5 1557/1265/5
f 1559/1263/5 1649/1235/5 1593/1266/5
f 1584/1191/4 1635/1174/4 1538/1267/4
f 1556/1268/4 1615/1246/4 1571/1269/4
f 1558/1270/4 1650/1225/4 1656/1245/4
f 1555/1271/5 1614/1230/5 1653/1231/5
f 1557/1265/5 1651/1221/5 1595/1272/5
f 1539/1273/5 1624/1149/5 1638/1182/5
f 1592/1264/4 1631/1223/4 1648/1227/4
f 1556/1268/4 1652/1215/4 1654/1247/4
f 1543/1274/4 1639/1175/4 1613/1229/4
f 1593/1266/5 1647/1238/5 1591/1219/5
f 1555/1271/5 1634/1209/5 1554/1275/5
f 1541/1210/5 1605/1239/5 1542/1148/5
f 1668/1276/369 1666/1277/369 1664/1276/369
f 1669/1278/370 1663/1279/370 1665/1280/370
f 1670/1281/371 1665/1280/371 1666/1277/371
f 1667/1279/372 1664/1276/372 1663/1279/372
f 1676/1282/369 1674/1283/369 1672/1282/369
f 1677/1284/370 1671/1285/370 1673/1286/370
f 1678/1283/371 1673/1286/371 1674/1283/371
f 1675/1287/372 1672/1282/372 1671/1285/372
f 1682/1288/373 1684/1289/373 1680/1289/373
f 1679/1290/374 1685/1291/374 1681/1292/374
f 1681/1292/375 1686/1288/375 1682/1288/375
f 1680/1289/376 1683/1290/376 1679/1290/376
f 1690/1293/373 1692/1294/373 1688/1294/373
f 1687/1295/374 1693/1296/374 1689/1296/374
f 1689/1296/375 1694/1297/375 1690/1293/375
f 1688/1294/376 1691/1298/376 1687/1295/376
f 1567/1137/360 1537/1299/360 1571/1140/360
f 7/1/1 8/1/1 5/2/1
f 3/3/2 5/2/2 8/1/2
f 2/4/3 7/1/3 6/2/3
f 4/4/4 8/1/4 7/1/4
f 1/3/5 6/2/5 5/2/5
f 13/5/1 16/6/1 15/6/1
f 16/6/2 13/5/2 11/7/2
f 14/5/3 15/6/3 10/8/3
f 15/6/5 16/6/5 12/8/5
f 13/5/4 14/5/4 9/7/4
f 31/9/6 32/1300/6 20/10/6
f 38/12/4 39/12/4 27/13/4
f 35/14/3 36/1301/3 24/15/3
f 32/17/5 33/17/5 21/18/5
f 39/12/7 40/1302/7 28/19/7
f 29/20/2 30/26/2 18/21/2
f 36/20/8 37/1302/8 25/19/8
f 33/17/9 34/28/9 22/23/9
f 40/24/10 29/1301/10 17/15/10
f 30/26/11 31/28/11 19/23/11
f 37/24/12 38/1303/12 26/27/12
f 34/28/13 35/26/13 23/21/13
f 44/29/12 56/1304/12 55/30/12
f 51/32/5 63/33/5 62/33/5
f 48/34/2 60/40/2 59/35/2
f 45/37/4 57/38/4 56/38/4
f 52/39/9 64/1305/9 63/33/9
f 41/36/3 53/35/3 54/40/3
f 49/39/11 61/1305/11 60/40/11
f 46/41/7 58/46/7 57/38/7
f 42/42/13 54/1306/13 64/43/13
f 43/41/8 55/46/8 53/35/8
f 50/45/6 62/1307/6 61/43/6
f 47/36/10 59/35/10 58/46/10
f 22/23/1 46/41/1 45/37/1
f 47/36/1 46/41/1 22/23/1
f 48/34/1 47/36/1 23/21/1
f 49/39/1 48/34/1 24/22/1
f 18/21/1 41/36/1 42/34/1
f 50/32/1 49/39/1 25/19/1
f 19/23/1 43/41/1 41/36/1
f 51/32/1 50/32/1 26/13/1
f 20/18/1 44/37/1 43/41/1
f 52/39/1 51/32/1 27/13/1
f 21/18/1 45/37/1 44/37/1
f 17/22/1 42/34/1 52/39/1
f 80/66/14 82/68/14 187/49/14
f 82/68/14 84/47/14 187/49/14
f 65/50/20 66/55/20 68/51/20
f 66/55/16 65/50/16 207/53/16
f 65/50/16 208/184/16 207/53/16
f 70/54/17 71/56/17 68/51/17
f 70/54/1 207/53/1 71/56/1
f 207/53/377 206/183/377 69/57/377
f 71/56/19 69/57/19 67/52/19
f 73/58/378 75/65/378 74/59/378
f 76/61/379 79/64/379 78/62/379
f 73/58/21 78/62/21 79/64/21
f 76/61/22 77/63/22 72/60/22
f 79/64/23 76/61/23 74/59/23
f 77/63/24 78/62/24 73/58/24
f 80/66/380 81/71/380 83/67/380
f 81/71/26 80/66/26 187/49/26
f 187/49/26 186/69/26 81/71/26
f 81/71/381 85/70/381 86/72/381
f 85/70/382 186/69/382 86/72/382
f 186/69/383 185/48/383 84/47/383
f 83/67/384 86/72/384 84/47/384
f 190/75/30 95/91/30 99/86/30
f 99/86/30 100/73/30 190/75/30
f 87/76/385 88/82/385 90/77/385
f 92/79/386 91/83/386 94/80/386
f 93/81/33 94/80/33 90/77/33
f 91/83/387 92/79/387 87/76/387
f 90/77/388 94/80/388 91/83/388
f 92/79/36 93/81/36 88/82/36
f 97/92/37 189/85/37 101/84/37
f 189/85/37 188/74/37 100/73/37
f 99/86/389 98/1308/389 101/84/389
f 156/87/38 158/147/38 191/88/38
f 158/147/38 160/152/38 191/88/38
f 96/90/39 98/1308/39 99/86/39
f 101/84/40 98/1308/40 96/90/40
f 96/90/390 95/91/390 190/75/390
f 190/75/20 189/85/20 97/92/20
f 103/93/20 105/99/20 104/94/20
f 107/96/391 106/1309/391 109/97/391
f 108/98/42 109/97/42 105/99/42
f 104/94/43 106/1309/43 107/96/43
f 109/97/44 106/1309/44 104/94/44
f 107/96/45 108/98/45 103/93/45
f 111/100/20 113/106/20 112/101/20
f 115/103/392 114/107/392 117/104/392
f 116/105/46 117/104/46 113/106/46
f 114/107/47 115/103/47 110/102/47
f 113/106/48 117/104/48 114/107/48
f 115/103/49 116/105/49 111/100/49
f 118/108/20 119/114/20 121/109/20
f 123/111/393 122/115/393 125/112/393
f 124/113/50 125/112/50 121/109/50
f 122/115/51 123/111/51 118/108/51
f 121/109/52 125/112/52 122/115/52
f 123/111/53 124/113/53 119/114/53
f 126/116/394 127/180/394 129/117/394
f 129/117/55 127/180/55 201/119/55
f 127/180/55 202/179/55 201/119/55
f 130/121/56 131/1310/56 126/116/56
f 132/120/57 130/121/57 128/118/57
f 200/122/1 131/1310/1 130/121/1
f 130/121/395 132/120/395 200/122/395
f 133/123/20 134/129/20 136/124/20
f 138/126/396 137/130/396 140/127/396
f 139/128/60 140/127/60 136/124/60
f 137/130/61 138/126/61 133/123/61
f 136/124/62 140/127/62 137/130/62
f 138/126/63 139/128/63 134/129/63
f 142/131/20 144/182/20 143/132/20
f 143/132/64 144/182/64 204/134/64
f 144/182/64 205/181/64 204/134/64
f 147/137/1 146/138/1 204/134/1
f 146/138/1 145/135/1 204/134/1
f 145/135/65 146/138/65 141/133/65
f 146/138/66 147/137/66 142/131/66
f 149/139/397 151/145/397 150/140/397
f 152/142/398 155/1311/398 154/143/398
f 154/143/67 155/1311/67 151/145/67
f 152/142/68 153/144/68 148/141/68
f 151/145/69 155/1311/69 152/142/69
f 153/144/70 154/143/70 149/139/70
f 157/146/399 159/150/399 158/147/399
f 157/146/72 156/87/72 192/148/72
f 156/87/72 193/89/72 192/148/72
f 161/149/73 162/151/73 159/150/73
f 161/149/400 192/148/400 162/151/400
f 192/148/401 191/88/401 160/152/401
f 159/150/75 162/151/75 160/152/75
f 196/155/76 163/163/76 167/158/76
f 167/158/76 168/153/76 196/155/76
f 165/164/77 195/157/77 169/156/77
f 195/157/77 194/154/77 168/153/77
f 167/158/402 166/1312/402 169/156/402
f 171/161/78 170/166/78 197/159/78
f 170/166/78 175/1313/78 197/159/78
f 164/162/79 166/1312/79 167/158/79
f 169/156/80 166/1312/80 164/162/80
f 164/162/403 163/163/403 196/155/403
f 196/155/20 195/157/20 165/164/20
f 171/161/404 173/169/404 172/165/404
f 173/169/82 171/161/82 198/167/82
f 171/161/82 199/160/82 198/167/82
f 174/170/83 175/1313/83 170/166/83
f 176/168/84 174/170/84 172/165/84
f 197/159/1 175/1313/1 174/170/1
f 174/170/405 176/168/405 197/159/405
f 177/171/406 178/177/406 180/172/406
f 182/174/407 181/178/407 184/175/407
f 183/176/88 184/175/88 180/172/88
f 181/178/89 182/174/89 177/171/89
f 180/172/90 184/175/90 181/178/90
f 182/174/91 183/176/91 178/177/91
f 127/180/98 126/116/98 200/122/98
f 126/116/98 131/1310/98 200/122/98
f 144/182/100 142/131/100 203/136/100
f 142/131/100 147/137/100 203/136/100
f 65/50/102 67/52/102 206/183/102
f 67/52/102 69/57/102 206/183/102
f 247/261/408 212/186/408 319/185/408
f 212/186/409 210/291/409 320/187/409
f 315/188/104 250/213/104 249/189/104
f 296/191/105 254/229/105 252/192/105
f 256/236/106 223/195/106 311/194/106
f 223/195/106 221/1314/106 312/196/106
f 321/292/107 226/294/107 322/199/107
f 226/294/107 228/197/107 322/199/107
f 262/246/108 231/1315/108 325/202/108
f 231/1315/108 229/200/108 325/202/108
f 265/203/109 267/285/109 300/204/109
f 268/208/410 270/233/410 275/224/410
f 275/224/411 274/206/411 268/208/411
f 307/288/412 241/290/412 308/211/412
f 241/290/111 243/209/111 308/211/111
f 214/212/112 249/189/112 250/213/112
f 240/215/113 271/1316/113 272/216/113
f 277/218/1 315/188/1 314/219/1
f 293/221/20 217/231/20 251/222/20
f 245/223/413 274/206/413 275/224/413
f 220/226/414 254/229/414 296/191/414
f 218/228/117 252/192/117 254/229/117
f 219/230/118 253/284/118 251/222/118
f 237/232/415 244/225/415 275/224/415
f 256/236/416 311/194/416 310/234/416
f 310/234/417 255/239/417 257/235/417
f 239/237/121 269/207/121 274/206/121
f 223/195/1 256/236/1 257/235/1
f 224/238/122 257/235/122 255/239/122
f 259/241/418 258/1317/418 323/293/418
f 323/293/419 322/199/419 259/241/419
f 228/197/1 227/243/1 259/241/1
f 225/242/124 258/1317/124 259/241/124
f 262/246/420 325/202/420 324/244/420
f 324/244/421 261/248/421 263/245/421
f 232/247/1 231/1315/1 262/246/1
f 232/247/126 263/245/126 261/248/126
f 297/250/20 234/254/20 265/203/20
f 298/251/1 235/259/1 266/252/1
f 236/253/127 267/285/127 265/203/127
f 209/255/20 246/1318/20 281/256/20
f 233/258/128 264/286/128 266/252/128
f 280/260/1 212/186/1 247/261/1
f 238/263/422 268/208/422 269/207/422
f 238/263/130 237/232/130 270/233/130
f 317/269/1 211/268/1 318/264/1
f 211/268/1 280/260/1 318/264/1
f 272/216/423 271/1316/423 309/289/423
f 309/289/424 308/211/424 272/216/424
f 276/265/20 213/1319/20 248/266/20
f 242/217/1 272/216/1 273/210/1
f 277/218/1 216/214/1 250/213/1
f 276/265/20 278/190/20 249/189/20
f 248/266/425 213/1319/425 313/267/425
f 213/1319/426 215/220/426 313/267/426
f 282/262/133 247/261/133 319/185/133
f 246/1318/427 209/255/427 316/270/427
f 209/255/427 211/268/427 316/270/427
f 301/287/428 286/1320/428 302/273/428
f 286/1320/135 284/271/135 302/273/135
f 287/272/136 291/282/136 302/273/136
f 291/282/136 292/274/136 302/273/136
f 291/282/20 289/277/20 304/276/20
f 289/277/20 283/1321/20 305/278/20
f 290/279/1 292/274/1 288/280/1
f 284/271/20 289/277/20 291/282/20
f 305/278/429 283/1321/429 306/283/429
f 283/1321/137 285/281/137 306/283/137
f 294/227/430 296/191/430 253/284/430
f 218/228/431 293/221/431 295/193/431
f 253/284/139 296/191/139 295/193/139
f 298/251/1 300/204/1 267/285/1
f 297/250/20 299/205/20 264/286/20
f 299/205/140 300/204/140 266/252/140
f 292/274/1 290/279/1 303/275/1
f 290/279/1 286/1320/1 301/287/1
f 291/282/143 304/276/143 292/274/143
f 304/276/143 306/283/143 292/274/143
f 271/1316/20 240/215/20 309/289/20
f 240/215/20 241/290/20 309/289/20
f 312/196/20 221/1314/20 310/234/20
f 221/1314/20 222/240/20 310/234/20
f 313/267/432 315/188/432 278/190/432
f 281/256/149 246/1318/149 318/264/149
f 246/1318/149 316/270/149 318/264/149
f 279/257/20 281/256/20 320/187/20
f 258/1317/20 225/242/20 323/293/20
f 225/242/20 226/294/20 323/293/20
f 326/201/20 229/200/20 324/244/20
f 229/200/20 230/249/20 324/244/20
f 332/300/153 329/296/153 335/295/153
f 329/296/153 327/1322/153 336/297/153
f 332/300/154 335/295/154 334/298/154
f 334/298/154 331/302/154 333/299/154
f 329/296/1 332/300/1 333/299/1
f 330/301/155 333/299/155 331/302/155
f 336/297/20 327/1322/20 334/298/20
f 327/1322/20 328/303/20 334/298/20
f 342/311/433 340/305/433 350/304/433
f 340/305/434 338/317/434 351/306/434
f 337/307/20 341/1323/20 345/308/20
f 344/310/1 340/305/1 342/311/1
f 348/315/1 339/314/1 349/313/1
f 339/314/1 344/310/1 349/313/1
f 346/312/158 342/311/158 350/304/158
f 341/1323/435 337/307/435 347/316/435
f 337/307/435 339/314/435 347/316/435
f 345/308/161 341/1323/161 349/313/161
f 341/1323/161 347/316/161 349/313/161
f 343/309/20 345/308/20 351/306/20
f 357/325/436 355/1324/436 365/320/436
f 355/1324/436 353/318/436 365/320/436
f 352/321/20 356/1325/20 360/322/20
f 359/324/1 355/1324/1 357/325/1
f 363/329/1 354/328/1 364/327/1
f 354/328/1 359/324/1 364/327/1
f 361/326/437 357/325/437 365/320/437
f 356/1325/438 352/321/438 362/330/438
f 352/321/439 354/328/439 362/330/439
f 360/322/440 356/1325/440 362/330/440
f 362/330/441 364/327/441 360/322/441
f 358/323/20 360/322/20 366/319/20
f 383/1326/169 385/332/169 490/331/169
f 385/332/169 387/354/169 488/333/169
f 372/334/1 371/339/1 374/335/1
f 373/336/170 374/335/170 370/337/170
f 371/339/171 372/334/171 367/340/171
f 372/334/172 373/336/172 368/338/172
f 379/342/1 382/1327/1 381/343/1
f 381/343/173 382/1327/173 378/345/173
f 379/342/174 380/344/174 375/347/174
f 380/344/175 381/343/175 376/346/175
f 384/351/176 383/1326/176 490/331/176
f 490/331/176 489/349/176 384/351/176
f 388/350/177 389/353/177 386/352/177
f 388/350/1 489/349/1 389/353/1
f 489/349/1 488/333/1 387/354/1
f 493/357/178 398/373/178 402/369/178
f 402/369/178 403/355/178 493/357/178
f 395/358/1 394/363/1 397/359/1
f 396/360/179 397/359/179 393/361/179
f 394/363/180 395/358/180 390/364/180
f 395/358/181 396/360/181 391/362/181
f 400/1328/182 492/367/182 404/366/182
f 492/367/182 491/356/182 403/355/182
f 401/368/1 404/366/1 403/355/1
f 459/1329/442 461/371/442 496/370/442
f 461/371/443 463/432/443 494/372/443
f 401/368/184 402/369/184 398/373/184
f 409/375/1 412/1330/1 411/376/1
f 411/376/185 412/1330/185 408/378/185
f 409/375/186 410/377/186 405/380/186
f 410/377/187 411/376/187 406/379/187
f 417/382/1 420/1331/1 419/383/1
f 419/383/188 420/1331/188 416/385/188
f 417/382/189 418/384/189 413/387/189
f 418/384/190 419/383/190 414/386/190
f 426/389/1 425/394/1 428/390/1
f 422/392/444 427/391/444 428/390/444
f 425/394/445 426/389/445 421/395/445
f 426/389/193 427/391/193 422/392/193
f 432/399/446 430/460/446 505/459/446
f 505/459/447 504/397/447 432/399/447
f 433/400/448 434/1332/448 429/401/448
f 503/403/1 434/1332/1 433/400/1
f 433/400/1 435/398/1 503/403/1
f 440/404/1 443/1333/1 442/405/1
f 442/405/196 443/1333/196 439/407/196
f 440/404/197 441/406/197 436/409/197
f 441/406/198 442/405/198 437/408/198
f 450/413/1 449/417/1 507/411/1
f 449/417/1 448/414/1 507/411/1
f 448/414/199 449/417/199 444/415/199
f 449/417/200 450/413/200 445/418/200
f 455/419/1 458/423/1 457/420/1
f 452/422/449 457/420/449 458/423/449
f 455/419/450 456/421/450 451/425/450
f 456/421/203 457/420/203 452/422/203
f 460/429/204 459/1329/204 495/427/204
f 459/1329/204 496/370/204 495/427/204
f 464/428/205 465/431/205 462/430/205
f 464/428/1 495/427/1 465/431/1
f 495/427/1 494/372/1 463/432/1
f 499/435/206 466/442/206 470/437/206
f 470/437/206 471/433/206 499/435/206
f 468/1334/451 498/458/451 472/436/451
f 498/458/452 497/434/452 472/436/452
f 470/437/1 469/441/1 472/436/1
f 474/440/208 473/448/208 500/438/208
f 473/448/208 478/1335/208 500/438/208
f 469/441/209 470/437/209 466/442/209
f 476/446/453 474/440/453 502/439/453
f 502/439/454 501/444/454 476/446/454
f 477/447/211 478/1335/211 473/448/211
f 500/438/1 478/1335/1 477/447/1
f 477/447/1 479/445/1 500/438/1
f 485/450/1 484/455/1 487/451/1
f 486/452/212 487/451/212 483/453/212
f 484/455/213 485/450/213 480/456/213
f 485/450/214 486/452/214 481/454/214
f 430/460/221 429/401/221 503/403/221
f 429/401/455 434/1332/455 503/403/455
f 447/1336/456 445/418/456 508/461/456
f 445/418/456 450/413/456 508/461/456
f 521/462/223 522/473/223 514/463/223
f 519/465/224 520/475/224 512/466/224
f 517/468/225 518/476/225 510/469/225
f 524/471/226 517/468/226 509/470/226
f 522/473/227 523/477/227 515/474/227
f 520/475/457 521/462/457 513/464/457
f 518/476/229 519/465/229 511/467/229
f 523/477/230 524/471/230 516/472/230
f 526/478/231 528/479/231 527/479/231
f 531/480/232 532/480/232 530/481/232
f 527/479/5 531/480/5 529/481/5
f 525/478/20 529/481/20 530/481/20
f 526/478/4 530/481/4 532/480/4
f 528/479/1 532/480/1 531/480/1
f 535/479/231 536/479/231 534/478/231
f 538/481/232 540/480/232 539/480/232
f 537/481/4 539/480/4 535/479/4
f 538/481/20 537/481/20 533/478/20
f 540/480/5 538/481/5 534/478/5
f 539/480/1 540/480/1 536/479/1
f 543/482/233 545/483/233 548/483/233
f 542/484/234 547/485/234 546/485/234
f 544/482/242 548/483/242 547/485/242
f 543/482/237 541/484/237 546/485/237
f 556/483/233 553/483/233 551/482/233
f 554/485/234 555/485/234 550/484/234
f 555/485/236 556/483/236 552/482/236
f 551/482/242 553/483/242 554/485/242
f 564/486/238 561/486/238 559/487/238
f 562/488/239 563/488/239 558/489/239
f 563/488/242 564/486/242 560/487/242
f 559/487/236 561/486/236 562/488/236
f 567/487/238 569/486/238 572/486/238
f 566/489/239 571/488/239 570/488/239
f 568/487/236 572/486/236 571/488/236
f 567/487/240 565/489/240 570/488/240
f 579/490/243 580/491/243 576/491/243
f 577/492/1 578/495/1 573/493/1
f 580/491/2 577/492/2 575/494/2
f 578/495/3 579/490/3 574/490/3
f 584/496/244 588/496/244 587/497/244
f 581/498/1 586/501/1 585/499/1
f 583/500/3 585/499/3 588/496/3
f 582/497/2 587/497/2 586/501/2
f 590/502/4 592/505/4 591/503/4
f 595/503/5 596/505/5 594/502/5
f 596/505/2 595/503/2 591/503/2
f 593/504/3 594/502/3 590/502/3
f 594/502/20 596/505/20 592/505/20
f 595/503/1 593/504/1 589/504/1
f 599/506/245 600/506/245 598/507/245
f 599/506/246 601/508/246 604/508/246
f 598/507/247 603/509/247 602/509/247
f 598/507/4 600/506/4 604/508/4
f 597/507/5 602/509/5 601/508/5
f 606/507/245 608/506/245 607/506/245
f 612/508/246 609/508/246 607/506/246
f 610/509/247 611/509/247 606/507/247
f 606/507/5 611/509/5 612/508/5
f 609/508/4 610/509/4 605/507/4
f 614/510/248 616/511/248 615/511/248
f 604/508/249 601/508/249 615/511/249
f 602/509/250 603/509/250 614/510/250
f 614/510/4 603/509/4 604/508/4
f 601/508/5 602/509/5 613/510/5
f 619/511/248 620/511/248 618/510/248
f 619/511/249 609/508/249 612/508/249
f 618/510/250 611/509/250 610/509/250
f 618/510/5 620/511/5 612/508/5
f 617/510/4 610/509/4 609/508/4
f 622/514/458 629/520/458 630/512/458
f 629/520/459 628/522/459 631/518/459
f 630/512/459 629/520/459 631/518/459
f 625/515/5 629/520/5 622/514/5
f 627/517/460 626/525/460 630/512/460
f 624/519/272 628/522/272 629/520/272
f 638/521/461 633/867/461 621/513/461
f 627/517/255 631/518/255 628/522/255
f 633/867/462 638/521/462 632/524/462
f 638/521/463 637/533/463 640/528/463
f 639/523/464 638/521/464 640/528/464
f 638/521/465 630/512/465 626/525/465
f 708/527/268 639/523/268 640/528/268
f 634/530/272 637/533/272 638/521/272
f 642/531/466 632/524/466 639/523/466
f 636/529/260 640/528/260 637/533/260
f 642/536/261 648/1337/261 649/534/261
f 648/1337/459 647/1338/459 649/534/459
f 647/1338/459 650/1339/459 649/534/459
f 644/537/467 648/532/467 639/523/467
f 646/538/468 645/547/468 649/539/468
f 643/541/272 647/544/272 648/532/272
f 656/542/461 651/885/461 641/543/461
f 646/538/255 650/540/255 647/544/255
f 651/885/462 656/542/462 961/546/462
f 656/542/463 655/555/463 658/550/463
f 657/545/464 656/542/464 658/550/464
f 656/542/465 649/539/465 645/547/465
f 729/549/252 657/545/252 658/550/252
f 652/552/272 655/555/272 656/542/272
f 660/553/469 961/546/469 657/545/469
f 654/551/260 658/550/260 655/555/260
f 660/558/261 666/1340/261 667/556/261
f 666/1340/459 665/1341/459 667/556/459
f 665/1341/459 668/1342/459 667/556/459
f 662/559/470 666/554/470 657/545/470
f 664/560/460 663/569/460 667/561/460
f 661/563/272 665/566/272 666/554/272
f 675/564/461 670/899/461 659/565/461
f 664/560/255 668/562/255 665/566/255
f 670/899/462 675/564/462 669/568/462
f 675/564/463 674/577/463 677/572/463
f 676/567/464 675/564/464 677/572/464
f 675/564/465 667/561/465 663/569/465
f 750/571/252 676/567/252 677/572/252
f 671/574/272 674/577/272 675/564/272
f 679/575/466 669/568/466 676/567/466
f 673/573/260 677/572/260 674/577/260
f 679/575/261 685/576/261 686/578/261
f 685/576/459 684/585/459 686/578/459
f 684/585/459 687/582/459 686/578/459
f 681/580/467 685/576/467 676/567/467
f 683/581/460 682/588/460 686/578/460
f 680/583/272 684/585/272 685/576/272
f 695/584/461 689/916/461 678/579/461
f 683/581/255 687/582/255 684/585/255
f 689/916/462 695/584/462 688/587/462
f 695/584/463 694/595/463 697/591/463
f 696/586/464 695/584/464 697/591/464
f 695/584/471 686/578/471 682/588/471
f 693/590/252 692/692/252 696/586/252
f 690/592/272 694/595/272 695/584/272
f 782/593/472 688/587/472 696/586/472
f 693/590/260 697/591/260 694/595/260
f 625/598/473 705/1343/473 706/596/473
f 705/1343/459 704/1344/459 707/1345/459
f 706/596/459 705/1343/459 707/1345/459
f 701/599/5 705/605/5 625/515/5
f 703/601/252 702/612/252 706/602/252
f 700/604/272 704/607/272 705/605/272
f 716/606/461 635/526/461 626/525/461
f 703/601/255 707/603/255 704/607/255
f 635/526/462 716/606/462 708/527/462
f 716/606/463 715/614/463 718/613/463
f 717/608/464 716/606/464 718/613/464
f 711/616/474 712/611/474 714/610/474
f 712/611/475 709/617/475 710/641/475
f 713/609/476 712/611/476 710/641/476
f 716/606/255 706/602/255 702/612/255
f 714/610/252 713/609/252 717/608/252
f 712/611/272 711/616/272 715/614/272
f 644/537/466 708/527/466 717/608/466
f 714/610/260 718/613/260 715/614/260
f 709/617/275 712/611/275 702/612/275
f 644/621/261 726/1346/261 727/619/261
f 726/1346/459 725/1347/459 727/619/459
f 725/1347/459 728/1348/459 727/619/459
f 721/624/276 722/625/276 723/622/276
f 722/625/477 719/640/477 723/622/477
f 719/640/477 720/639/477 723/622/477
f 722/625/277 726/615/277 717/608/277
f 724/623/252 723/622/252 727/626/252
f 721/624/272 725/629/272 726/615/272
f 737/628/461 653/548/461 645/547/461
f 724/623/255 728/627/255 725/629/255
f 653/548/462 737/628/462 729/549/462
f 737/628/463 736/635/463 739/634/463
f 738/630/464 737/628/464 739/634/464
f 732/637/474 733/633/474 735/632/474
f 733/633/475 730/638/475 731/688/475
f 734/631/476 733/633/476 731/688/476
f 737/628/255 727/626/255 723/622/255
f 734/631/252 738/630/252 739/634/252
f 733/633/272 732/637/272 736/635/272
f 662/559/478 729/549/478 738/630/478
f 735/632/260 739/634/260 736/635/260
f 730/638/275 733/633/275 723/622/275
f 719/640/479 722/625/479 713/609/479
f 662/644/261 747/1349/261 748/642/261
f 747/1349/459 746/1350/459 748/642/459
f 746/1350/459 749/1351/459 748/642/459
f 742/647/276 743/648/276 744/645/276
f 743/648/477 740/687/477 744/645/477
f 740/687/477 741/662/477 744/645/477
f 743/648/281 747/636/281 738/630/281
f 745/646/252 744/645/252 748/649/252
f 742/647/272 746/652/272 747/636/272
f 758/651/461 672/570/461 663/569/461
f 745/646/255 749/650/255 746/652/255
f 672/570/462 758/651/462 750/571/462
f 758/651/463 757/658/463 760/657/463
f 759/653/464 758/651/464 760/657/464
f 753/660/474 754/656/474 756/655/474
f 754/656/475 751/661/475 752/686/475
f 755/654/476 754/656/476 752/686/476
f 758/651/255 748/649/255 744/645/255
f 756/655/252 755/654/252 759/653/252
f 754/656/272 753/660/272 757/658/272
f 681/580/466 750/571/466 759/653/466
f 756/655/260 760/657/260 757/658/260
f 751/661/275 754/656/275 744/645/275
f 681/580/261 768/659/261 769/663/261
f 768/659/459 767/669/459 769/663/459
f 767/669/459 770/668/459 769/663/459
f 763/666/276 764/667/276 765/664/276
f 764/667/477 761/685/477 765/664/477
f 761/685/477 762/684/477 765/664/477
f 764/667/277 768/659/277 759/653/277
f 765/664/252 769/663/252 770/668/252
f 764/667/272 763/666/272 767/669/272
f 778/670/461 691/589/461 682/588/461
f 766/665/255 770/668/255 767/669/255
f 691/1352/462 778/673/462 692/672/462
f 778/673/463 777/1353/463 780/1015/463
f 779/671/464 778/673/464 780/1015/464
f 773/682/474 774/676/474 776/675/474
f 774/676/475 771/683/475 772/772/475
f 775/674/476 774/676/476 772/772/476
f 778/670/255 769/663/255 765/664/255
f 776/675/252 775/674/252 779/677/252
f 774/676/272 773/682/272 777/679/272
f 784/680/472 692/692/472 779/677/472
f 776/675/260 780/678/260 777/679/260
f 771/683/275 774/676/275 765/664/275
f 761/685/479 764/667/479 755/654/479
f 740/687/480 743/648/480 734/631/480
f 782/691/261 788/1354/261 789/689/261
f 788/1354/459 787/1355/459 789/689/459
f 787/1355/459 790/1356/459 789/689/459
f 784/680/481 788/594/481 696/586/481
f 786/693/468 785/703/468 789/694/468
f 783/696/272 787/699/272 788/594/272
f 796/697/461 791/971/461 781/698/461
f 786/693/255 790/695/255 787/699/255
f 791/1357/462 796/702/462 1039/701/462
f 796/702/463 795/1358/463 798/1359/463
f 797/700/464 796/702/464 798/1359/464
f 796/697/465 789/694/465 785/703/465
f 829/705/252 797/710/252 798/706/252
f 792/708/272 795/712/272 796/697/272
f 800/709/466 1039/972/466 797/710/466
f 794/707/260 798/706/260 795/712/260
f 800/709/261 806/711/261 807/713/261
f 806/711/459 805/720/459 807/713/459
f 805/720/459 808/717/459 807/713/459
f 802/715/467 806/711/467 797/710/467
f 804/716/460 803/724/460 807/713/460
f 801/718/272 805/720/272 806/711/272
f 816/719/461 810/723/461 799/714/461
f 804/716/255 808/717/255 805/720/255
f 810/723/482 816/719/482 817/721/482
f 816/719/463 815/730/463 818/727/463
f 817/721/464 816/719/464 818/727/464
f 816/719/465 807/713/465 803/724/465
f 850/726/268 817/721/268 818/727/268
f 812/729/272 815/730/272 816/719/272
f 814/728/260 818/727/260 815/730/260
f 784/680/261 826/681/261 827/731/261
f 826/681/459 825/738/459 827/731/459
f 825/738/459 828/736/459 827/731/459
f 821/734/276 822/735/276 823/732/276
f 822/735/477 819/771/477 823/732/477
f 819/771/477 820/748/477 823/732/477
f 822/735/288 826/681/288 779/677/288
f 824/733/252 823/732/252 827/731/252
f 821/734/272 825/738/272 826/681/272
f 837/737/461 793/704/461 785/703/461
f 824/733/255 828/736/255 825/738/255
f 793/704/462 837/737/462 829/705/462
f 837/737/463 836/744/463 839/743/463
f 838/739/464 837/737/464 839/743/464
f 832/746/474 833/742/474 835/741/474
f 833/742/475 830/747/475 831/770/475
f 834/740/476 833/742/476 831/770/476
f 837/737/255 827/731/255 823/732/255
f 834/740/252 838/739/252 839/743/252
f 833/742/272 832/746/272 836/744/272
f 802/715/466 829/705/466 838/739/466
f 835/741/260 839/743/260 836/744/260
f 830/747/275 833/742/275 823/732/275
f 802/715/261 847/745/261 848/749/261
f 847/745/459 846/756/459 848/749/459
f 846/756/459 849/754/459 848/749/459
f 842/752/276 843/753/276 844/750/276
f 843/753/477 840/769/477 844/750/477
f 840/769/477 841/768/477 844/750/477
f 843/753/277 847/745/277 838/739/277
f 845/751/252 844/750/252 848/749/252
f 842/752/272 846/756/272 847/745/272
f 858/755/461 813/725/461 803/724/461
f 845/751/255 849/754/255 846/756/255
f 813/1360/462 858/759/462 850/758/462
f 858/759/463 857/1361/463 860/1362/463
f 859/757/464 858/759/464 860/1362/464
f 853/766/474 854/762/474 856/761/474
f 854/762/475 851/767/475 852/765/475
f 855/760/476 854/762/476 852/765/476
f 858/755/255 848/749/255 844/750/255
f 855/760/252 859/1026/252 860/763/252
f 854/762/272 853/766/272 857/764/272
f 852/765/483 851/767/483 813/725/483
f 856/761/260 860/763/260 857/764/260
f 851/767/275 854/762/275 844/750/275
f 840/769/479 843/753/479 834/740/479
f 819/771/484 822/735/484 775/674/484
f 862/775/291 869/777/291 870/773/291
f 869/777/459 868/781/459 870/773/459
f 868/781/459 871/779/459 870/773/459
f 863/776/5 865/780/5 869/777/5
f 867/778/468 866/786/468 870/773/468
f 865/780/485 864/783/485 868/781/485
f 878/782/293 873/1027/293 861/774/293
f 867/778/255 871/779/255 868/781/255
f 873/1027/486 878/782/486 872/785/486
f 878/782/463 877/794/463 880/789/463
f 879/784/464 878/782/464 880/789/464
f 878/782/465 870/773/465 866/786/465
f 946/788/252 879/784/252 880/789/252
f 874/791/272 877/794/272 878/782/272
f 882/792/487 872/785/487 879/784/487
f 876/790/260 880/789/260 877/794/260
f 882/792/291 888/793/291 889/795/291
f 888/793/459 887/802/459 889/795/459
f 887/802/459 890/799/459 889/795/459
f 884/797/467 888/793/467 879/784/467
f 886/798/460 885/806/460 889/795/460
f 883/800/272 887/802/272 888/793/272
f 897/801/293 892/1028/293 881/796/293
f 886/798/255 890/799/255 887/802/255
f 892/1363/486 897/805/486 891/804/486
f 897/805/463 896/1364/463 899/1030/463
f 898/803/464 897/805/464 899/1030/464
f 897/801/465 889/795/465 885/806/465
f 959/808/252 898/813/252 899/809/252
f 893/811/272 896/815/272 897/801/272
f 901/812/488 891/1365/488 898/813/488
f 895/810/260 899/809/260 896/815/260
f 901/812/291 907/814/291 908/816/291
f 907/814/459 906/823/459 908/816/459
f 906/823/459 909/820/459 908/816/459
f 903/818/470 907/814/470 898/813/470
f 905/819/460 904/826/460 908/816/460
f 902/821/272 906/823/272 907/814/272
f 916/822/293 911/1035/293 900/817/293
f 905/819/255 909/820/255 906/823/255
f 911/1035/486 916/822/486 910/825/486
f 916/822/463 915/834/463 918/829/463
f 917/824/464 916/822/464 918/829/464
f 916/822/465 908/816/465 904/826/465
f 973/828/268 917/824/268 918/829/268
f 912/831/272 915/834/272 916/822/272
f 920/832/487 910/825/487 917/824/487
f 914/830/260 918/829/260 915/834/260
f 920/832/291 926/833/291 927/835/291
f 926/833/459 925/842/459 927/835/459
f 925/842/459 928/839/459 927/835/459
f 922/837/489 926/833/489 917/824/489
f 924/838/468 923/846/468 927/835/468
f 921/840/272 925/842/272 926/833/272
f 936/841/293 930/1037/293 919/836/293
f 924/838/255 928/839/255 925/842/255
f 930/1366/486 936/845/486 929/844/486
f 936/845/463 935/1367/463 938/1368/463
f 937/843/464 936/845/464 938/1368/464
f 936/841/465 927/835/465 923/846/465
f 934/848/268 933/915/268 937/849/268
f 931/851/272 935/854/272 936/841/272
f 993/852/490 929/1369/490 937/849/490
f 934/848/260 938/850/260 935/854/260
f 865/857/491 943/1370/491 944/855/491
f 943/1370/459 942/1371/459 945/1372/459
f 944/855/459 943/1370/459 945/1372/459
f 622/514/5 943/863/5 865/780/5
f 941/859/460 621/513/460 944/860/460
f 622/514/492 940/865/492 942/862/492
f 950/864/461 875/787/461 866/786/461
f 941/859/255 945/861/255 942/862/255
f 875/787/462 950/864/462 946/788/462
f 950/864/463 949/872/463 952/868/463
f 951/866/464 950/864/464 952/868/464
f 950/864/465 944/860/465 621/513/465
f 632/524/268 951/866/268 952/868/268
f 947/870/278 949/872/278 950/864/278
f 884/797/466 946/788/466 951/866/466
f 948/869/260 952/868/260 949/872/260
f 884/875/261 956/1373/261 957/873/261
f 956/1373/459 955/1374/459 957/873/459
f 955/1374/459 958/1375/459 957/873/459
f 642/531/489 956/871/489 951/866/489
f 954/876/468 641/543/468 957/877/468
f 953/879/272 955/881/272 956/871/272
f 964/880/461 894/807/461 885/806/461
f 954/876/255 958/878/255 955/881/255
f 894/1376/462 964/884/462 959/883/462
f 964/884/463 963/1377/463 966/1378/463
f 965/882/464 964/884/464 966/1378/464
f 964/880/465 957/877/465 641/543/465
f 962/886/252 961/546/252 965/887/252
f 960/889/272 963/891/272 964/880/272
f 903/818/478 959/808/478 965/887/478
f 962/886/260 966/888/260 963/891/260
f 903/818/261 970/890/261 971/892/261
f 970/890/459 969/897/459 971/892/459
f 969/897/459 972/894/459 971/892/459
f 660/553/470 970/890/470 965/887/470
f 968/893/460 659/565/460 971/892/460
f 967/895/272 969/897/272 970/890/272
f 977/896/461 913/827/461 904/826/461
f 968/893/255 972/894/255 969/897/255
f 913/827/462 977/896/462 973/828/462
f 977/896/463 976/904/463 979/900/463
f 978/898/464 977/896/464 979/900/464
f 977/896/465 971/892/465 659/565/465
f 669/568/268 978/898/268 979/900/268
f 974/902/272 976/904/272 977/896/272
f 922/837/466 973/828/466 978/898/466
f 975/901/260 979/900/260 976/904/260
f 922/907/261 983/1379/261 984/905/261
f 983/1379/459 982/1380/459 984/905/459
f 982/1380/459 985/1381/459 984/905/459
f 679/575/467 983/903/467 978/898/467
f 981/908/460 678/579/460 984/909/460
f 980/911/272 982/913/272 983/903/272
f 989/912/461 932/847/461 923/846/461
f 981/908/255 985/910/255 982/913/255
f 932/847/462 989/912/462 933/915/462
f 989/912/463 988/922/463 991/917/463
f 990/914/464 989/912/464 991/917/464
f 989/912/465 984/909/465 678/579/465
f 688/587/252 990/914/252 991/917/252
f 986/919/272 988/922/272 989/912/272
f 995/920/472 933/915/472 990/914/472
f 987/918/260 991/917/260 988/922/260
f 993/852/291 999/853/291 1000/923/291
f 999/853/459 998/929/459 1000/923/459
f 998/929/459 1001/926/459 1000/923/459
f 995/920/481 999/853/481 937/849/481
f 997/925/460 996/932/460 1000/923/460
f 994/927/272 998/929/272 999/853/272
f 1008/928/293 1003/1050/293 992/924/293
f 997/925/255 1001/926/255 998/929/255
f 1003/1050/486 1008/928/486 1002/931/486
f 1008/928/463 1007/940/463 1010/935/463
f 1009/930/464 1008/928/464 1010/935/464
f 1008/928/465 1000/923/465 996/932/465
f 1037/934/268 1009/930/268 1010/935/268
f 1004/937/272 1007/940/272 1008/928/272
f 1012/938/487 1002/931/487 1009/930/487
f 1006/936/260 1010/935/260 1007/940/260
f 1012/943/291 1018/1382/291 1019/941/291
f 1018/1382/459 1017/1052/459 1019/941/459
f 1017/1052/459 1020/1051/459 1019/941/459
f 1014/944/467 1018/939/467 1009/930/467
f 1016/945/460 1015/954/460 1019/946/460
f 1013/948/272 1017/951/272 1018/939/272
f 1028/949/293 1022/1053/293 1011/950/293
f 1016/945/255 1020/947/255 1017/951/255
f 1022/1053/486 1028/949/486 1021/953/486
f 1028/949/463 1027/961/463 1030/957/463
f 1029/952/464 1028/949/464 1030/957/464
f 1028/949/465 1019/946/465 1015/954/465
f 1026/956/493 1051/959/493 1029/952/493
f 1024/958/278 1027/961/278 1028/949/278
f 1021/953/4 1029/952/4 1051/959/4
f 1024/958/260 1026/956/260 1030/957/260
f 1051/959/4 1057/987/4 809/722/4
f 817/721/4 850/726/4 811/963/4
f 850/726/4 859/1026/4 855/760/4
f 995/920/261 1034/921/261 1035/964/261
f 1034/921/459 1033/969/459 1035/964/459
f 1033/969/459 1036/966/459 1035/964/459
f 782/593/481 1034/921/481 990/914/481
f 1032/965/460 781/698/460 1035/964/460
f 1031/967/272 1033/969/272 1034/921/272
f 1042/968/461 1005/933/461 996/932/461
f 1032/965/255 1036/966/255 1033/969/255
f 1005/933/462 1042/968/462 1037/934/462
f 1042/968/463 1041/977/463 1044/973/463
f 1043/970/464 1042/968/464 1044/973/464
f 1042/968/465 1035/964/465 781/698/465
f 1039/972/252 1043/970/252 1044/973/252
f 1038/975/272 1041/977/272 1042/968/272
f 1014/944/466 1037/934/466 1043/970/466
f 1040/974/260 1044/973/260 1041/977/260
f 1014/980/261 1048/1383/261 1049/978/261
f 1048/1383/459 1047/1059/459 1049/978/459
f 1047/1059/459 1050/1058/459 1049/978/459
f 800/709/467 1048/976/467 1043/970/467
f 1046/981/460 799/714/460 1049/982/460
f 1045/984/272 1047/986/272 1048/976/272
f 1056/985/461 1025/955/461 1015/954/461
f 1046/981/255 1050/983/255 1047/986/255
f 1025/955/482 1056/985/482 1057/987/482
f 1056/985/463 1055/991/463 1058/989/463
f 1057/987/464 1056/985/464 1058/989/464
f 1056/985/465 1049/982/465 799/714/465
f 1054/988/494 809/722/494 1057/987/494
f 1053/990/272 1055/991/272 1056/985/272
f 1054/988/495 1058/989/495 1055/991/495
f 701/599/477 698/600/477 699/618/477
f 699/618/477 702/612/477 701/599/477
f 702/612/276 703/601/276 701/599/276
f 1066/522/302 1067/520/302 1069/518/302
f 1067/520/496 1060/514/496 1068/512/496
f 1060/514/497 1059/513/497 1068/512/497
f 1060/514/5 1067/520/5 1063/515/5
f 1065/517/309 1069/518/309 1068/512/309
f 1067/520/322 1066/522/322 1062/519/322
f 1076/521/498 1068/512/498 1059/513/498
f 1066/522/306 1069/518/306 1065/517/306
f 1075/1384/499 1076/994/499 1078/993/499
f 1076/994/500 1071/1385/500 1070/1386/500
f 1077/992/501 1076/994/501 1070/1386/501
f 1064/525/502 1068/512/502 1076/521/502
f 1078/528/320 1077/523/320 1146/527/320
f 1076/521/322 1075/533/322 1072/530/322
f 1077/523/503 1070/524/503 1080/531/503
f 1075/533/312 1078/528/312 1074/529/312
f 1085/544/302 1086/532/302 1087/539/302
f 1086/532/504 1080/531/504 1087/539/504
f 1080/531/504 1079/543/504 1087/539/504
f 1082/537/505 1146/527/505 1077/523/505
f 1084/538/309 1088/540/309 1087/539/309
f 1086/532/322 1085/544/322 1081/541/322
f 1094/995/498 1087/539/498 1079/543/498
f 1085/544/306 1088/540/306 1084/538/306
f 1093/1387/499 1094/998/499 1096/997/499
f 1094/998/500 1089/1388/500 1399/1389/500
f 1095/996/501 1094/998/501 1399/1389/501
f 1083/547/502 1087/539/502 1094/995/502
f 1096/550/309 1095/545/309 1167/549/309
f 1094/995/506 1093/555/506 1090/552/506
f 1095/545/507 1399/546/507 1098/553/507
f 1093/555/312 1096/550/312 1092/551/312
f 1103/566/302 1104/554/302 1105/561/302
f 1104/554/504 1098/553/504 1105/561/504
f 1098/553/504 1097/565/504 1105/561/504
f 1100/559/508 1167/549/508 1095/545/508
f 1102/560/309 1106/562/309 1105/561/309
f 1104/554/322 1103/566/322 1099/563/322
f 1113/564/498 1105/561/498 1097/565/498
f 1103/566/306 1106/562/306 1102/560/306
f 1112/577/499 1113/564/499 1115/572/499
f 1113/564/500 1108/899/500 1107/568/500
f 1114/567/509 1113/564/509 1107/568/509
f 1101/569/502 1105/561/502 1113/564/502
f 1115/572/320 1114/567/320 1188/571/320
f 1113/564/322 1112/577/322 1109/574/322
f 1114/567/503 1107/568/503 1117/575/503
f 1112/577/312 1115/572/312 1111/1000/312
f 1122/1003/302 1123/1390/302 1124/1001/302
f 1123/1390/504 1117/1391/504 1124/1001/504
f 1117/1391/504 1116/1392/504 1124/1001/504
f 1119/580/505 1188/571/505 1114/567/505
f 1121/581/309 1125/582/309 1124/578/309
f 1123/576/322 1122/585/322 1118/583/322
f 1133/584/498 1124/578/498 1116/579/498
f 1122/585/306 1125/582/306 1121/581/306
f 1132/595/499 1133/584/499 1135/1004/499
f 1133/584/500 1127/916/500 1126/587/500
f 1134/586/501 1133/584/501 1126/587/501
f 1120/588/502 1124/578/502 1133/584/502
f 1135/1004/309 1134/586/309 1130/692/309
f 1133/584/322 1132/595/322 1128/592/322
f 1134/586/510 1126/587/510 1220/593/510
f 1132/595/312 1135/1004/312 1131/590/312
f 1142/607/302 1143/605/302 1145/603/302
f 1143/605/511 1063/515/511 1144/602/511
f 1063/515/512 1064/525/512 1144/602/512
f 1063/515/5 1143/605/5 1139/599/5
f 1145/603/309 1144/602/309 1140/612/309
f 1139/599/506 1143/605/506 1142/607/506
f 1154/606/498 1144/602/498 1064/525/498
f 1142/607/306 1145/603/306 1141/601/306
f 1153/614/499 1154/606/499 1156/613/499
f 1154/606/500 1073/526/500 1146/527/500
f 1155/608/501 1154/606/501 1146/527/501
f 1147/1005/513 1150/611/513 1148/641/513
f 1150/611/514 1149/616/514 1152/610/514
f 1151/609/515 1150/611/515 1152/610/515
f 1140/612/306 1144/602/306 1154/606/306
f 1156/613/309 1155/608/309 1151/609/309
f 1150/611/322 1154/606/322 1153/614/322
f 1155/608/503 1146/527/503 1082/537/503
f 1153/614/312 1156/613/312 1152/610/312
f 1147/1005/324 1137/618/324 1140/612/324
f 1163/629/302 1164/615/302 1165/626/302
f 1164/615/504 1082/537/504 1165/626/504
f 1082/537/504 1083/547/504 1165/626/504
f 1157/640/325 1160/625/325 1161/622/325
f 1160/625/516 1159/624/516 1161/622/516
f 1159/624/516 1162/623/516 1161/622/516
f 1160/625/326 1151/609/326 1155/608/326
f 1162/623/309 1166/627/309 1165/626/309
f 1164/615/322 1163/629/322 1159/624/322
f 1175/628/498 1165/626/498 1083/547/498
f 1163/629/306 1166/627/306 1162/623/306
f 1174/635/499 1175/628/499 1177/634/499
f 1175/628/500 1091/548/500 1167/549/500
f 1176/630/501 1175/628/501 1167/549/501
f 1168/638/513 1171/633/513 1169/688/513
f 1171/633/514 1170/637/514 1173/632/514
f 1172/1006/515 1171/633/515 1173/632/515
f 1161/622/306 1165/626/306 1175/628/306
f 1173/632/309 1177/634/309 1176/630/309
f 1171/633/506 1175/628/506 1174/635/506
f 1176/630/517 1167/549/517 1100/559/517
f 1174/635/312 1177/634/312 1173/632/312
f 1168/638/324 1158/639/324 1161/622/324
f 1157/640/518 1148/641/518 1151/609/518
f 1184/1008/302 1185/1349/302 1186/642/302
f 1185/1349/504 1100/644/504 1186/642/504
f 1100/644/504 1101/643/504 1186/642/504
f 1178/687/325 1181/648/325 1182/645/325
f 1181/648/516 1180/647/516 1182/645/516
f 1180/647/516 1183/646/516 1182/645/516
f 1181/648/328 1172/1006/328 1176/630/328
f 1187/1009/309 1186/649/309 1182/645/309
f 1181/648/322 1185/636/322 1184/1010/322
f 1196/651/498 1186/649/498 1101/569/498
f 1184/1010/306 1187/1009/306 1183/646/306
f 1195/1393/499 1196/1013/499 1198/1012/499
f 1196/1013/500 1110/1394/500 1188/1395/500
f 1197/1011/501 1196/1013/501 1188/1395/501
f 1189/661/513 1192/656/513 1190/686/513
f 1192/656/514 1191/660/514 1194/655/514
f 1193/654/515 1192/656/515 1194/655/515
f 1182/645/306 1186/649/306 1196/651/306
f 1198/657/309 1197/1014/309 1193/654/309
f 1192/656/322 1196/651/322 1195/658/322
f 1197/1014/503 1188/571/503 1119/580/503
f 1195/658/312 1198/657/312 1194/655/312
f 1189/661/324 1179/662/324 1182/645/324
f 1205/669/302 1206/659/302 1207/663/302
f 1206/659/504 1119/580/504 1207/663/504
f 1119/580/504 1120/588/504 1207/663/504
f 1199/685/325 1202/667/325 1203/664/325
f 1202/667/516 1201/666/516 1203/664/516
f 1201/666/516 1204/665/516 1203/664/516
f 1202/667/519 1193/654/519 1197/1014/519
f 1208/668/309 1207/663/309 1203/664/309
f 1202/667/506 1206/659/506 1205/669/506
f 1216/670/498 1207/663/498 1120/588/498
f 1205/669/306 1208/668/306 1204/665/306
f 1215/1353/499 1216/673/499 1218/1015/499
f 1216/673/500 1129/1352/500 1130/672/500
f 1217/671/509 1216/673/509 1130/672/509
f 1209/683/513 1212/676/513 1210/772/513
f 1212/676/514 1211/682/514 1214/675/514
f 1213/674/515 1212/676/515 1214/675/515
f 1203/664/306 1207/663/306 1216/670/306
f 1214/675/309 1218/678/309 1217/677/309
f 1212/676/322 1216/670/322 1215/679/322
f 1217/677/510 1130/692/510 1222/680/510
f 1215/679/312 1218/678/312 1214/675/312
f 1209/683/324 1200/684/324 1203/664/324
f 1199/685/518 1190/686/518 1193/654/518
f 1178/687/520 1169/688/520 1172/1006/520
f 1225/1018/302 1226/1396/302 1227/1016/302
f 1226/1396/504 1220/1397/504 1227/1016/504
f 1220/1397/504 1219/1398/504 1227/1016/504
f 1222/680/521 1130/692/521 1134/586/521
f 1224/693/309 1228/695/309 1227/694/309
f 1226/594/322 1225/699/322 1221/696/322
f 1234/697/498 1227/694/498 1219/698/498
f 1225/699/306 1228/695/306 1224/693/306
f 1233/712/499 1234/697/499 1236/1019/499
f 1234/697/500 1229/971/500 1477/972/500
f 1235/710/501 1234/697/501 1477/972/501
f 1223/703/502 1227/694/502 1234/697/502
f 1236/1019/309 1235/710/309 1267/705/309
f 1234/697/322 1233/712/322 1230/708/322
f 1235/710/503 1477/972/503 1238/709/503
f 1233/712/312 1236/1019/312 1232/707/312
f 1243/720/302 1244/711/302 1245/713/302
f 1244/711/504 1238/709/504 1245/713/504
f 1238/709/504 1237/714/504 1245/713/504
f 1240/715/522 1267/705/522 1235/710/522
f 1242/716/309 1246/717/309 1245/713/309
f 1244/711/322 1243/720/322 1239/718/322
f 1254/719/498 1245/713/498 1237/714/498
f 1243/720/306 1246/717/306 1242/716/306
f 1253/730/499 1254/719/499 1256/727/499
f 1254/719/523 1248/723/523 1255/721/523
f 1248/723/524 1247/722/524 1255/721/524
f 1241/724/502 1245/713/502 1254/719/502
f 1256/727/320 1255/721/320 1288/726/320
f 1254/719/322 1253/730/322 1250/729/322
f 1253/730/312 1256/727/312 1252/728/312
f 1263/738/302 1264/681/302 1265/731/302
f 1264/681/504 1222/680/504 1265/731/504
f 1222/680/504 1223/703/504 1265/731/504
f 1257/771/325 1260/735/325 1261/732/325
f 1260/735/516 1259/734/516 1261/732/516
f 1259/734/516 1262/733/516 1261/732/516
f 1260/735/333 1213/674/333 1217/677/333
f 1262/733/309 1266/736/309 1265/731/309
f 1264/681/322 1263/738/322 1259/734/322
f 1275/737/498 1265/731/498 1223/703/498
f 1263/738/306 1266/736/306 1262/733/306
f 1274/1399/499 1275/1022/499 1277/1021/499
f 1275/1022/500 1231/1400/500 1267/1401/500
f 1276/1020/501 1275/1022/501 1267/1401/501
f 1268/747/513 1271/742/513 1269/770/513
f 1271/742/514 1270/746/514 1273/741/514
f 1272/740/515 1271/742/515 1273/741/515
f 1261/732/306 1265/731/306 1275/737/306
f 1277/743/309 1276/739/309 1272/740/309
f 1271/742/506 1275/737/506 1274/744/506
f 1276/739/503 1267/705/503 1240/715/503
f 1274/744/312 1277/743/312 1273/741/312
f 1268/747/324 1258/748/324 1261/732/324
f 1284/756/302 1285/745/302 1286/749/302
f 1285/745/504 1240/715/504 1286/749/504
f 1240/715/504 1241/724/504 1286/749/504
f 1278/769/325 1281/753/325 1282/750/325
f 1281/753/516 1280/752/516 1282/750/516
f 1280/752/516 1283/751/516 1282/750/516
f 1281/753/326 1272/740/326 1276/739/326
f 1283/751/309 1287/754/309 1286/749/309
f 1285/745/322 1284/756/322 1280/752/322
f 1296/755/498 1286/749/498 1241/724/498
f 1284/756/306 1287/754/306 1283/751/306
f 1295/1402/499 1296/1025/499 1298/1024/499
f 1296/1025/500 1251/1403/500 1288/1404/500
f 1297/1023/501 1296/1025/501 1288/1404/501
f 1289/767/513 1292/762/513 1290/765/513
f 1292/762/514 1291/766/514 1294/761/514
f 1293/760/515 1292/762/515 1294/761/515
f 1282/750/306 1286/749/306 1296/755/306
f 1294/761/320 1298/763/320 1297/1026/320
f 1292/762/322 1296/755/322 1295/764/322
f 1290/765/525 1288/726/525 1251/725/525
f 1295/764/312 1298/763/312 1294/761/312
f 1289/767/324 1279/768/324 1282/750/324
f 1278/769/518 1269/770/518 1272/740/518
f 1257/771/526 1210/772/526 1213/674/526
f 1306/781/302 1307/777/302 1308/773/302
f 1307/777/527 1300/775/527 1308/773/527
f 1300/775/527 1299/774/527 1308/773/527
f 1301/776/5 1300/775/5 1307/777/5
f 1305/778/309 1309/779/309 1308/773/309
f 1303/780/528 1307/777/528 1306/781/528
f 1316/782/338 1308/773/338 1299/774/338
f 1306/781/306 1309/779/306 1305/778/306
f 1315/794/499 1316/782/499 1318/789/499
f 1316/782/529 1311/1027/529 1310/785/529
f 1317/784/501 1316/782/501 1310/785/501
f 1304/786/530 1308/773/530 1316/782/530
f 1318/789/309 1317/784/309 1384/788/309
f 1316/782/322 1315/794/322 1312/791/322
f 1317/784/531 1310/785/531 1320/792/531
f 1315/794/312 1318/789/312 1314/790/312
f 1325/802/302 1326/793/302 1327/795/302
f 1326/793/527 1320/792/527 1327/795/527
f 1320/792/527 1319/796/527 1327/795/527
f 1322/797/505 1384/788/505 1317/784/505
f 1324/798/309 1328/799/309 1327/795/309
f 1326/793/322 1325/802/322 1321/800/322
f 1335/801/338 1327/795/338 1319/796/338
f 1325/802/306 1328/799/306 1324/798/306
f 1334/1364/499 1335/805/499 1337/1030/499
f 1335/805/529 1330/1363/529 1329/804/529
f 1336/1029/509 1335/805/509 1329/804/509
f 1323/806/502 1327/795/502 1335/801/502
f 1337/809/309 1336/1031/309 1397/808/309
f 1335/801/322 1334/815/322 1331/811/322
f 1336/1031/532 1329/1365/532 1339/812/532
f 1334/815/312 1337/809/312 1333/810/312
f 1344/1034/302 1345/1405/302 1346/1032/302
f 1345/1405/527 1339/1406/527 1346/1032/527
f 1339/1406/527 1338/1407/527 1346/1032/527
f 1341/818/533 1397/808/533 1336/1031/533
f 1343/819/309 1347/820/309 1346/816/309
f 1345/814/322 1344/823/322 1340/821/322
f 1354/822/338 1346/816/338 1338/817/338
f 1344/823/306 1347/820/306 1343/819/306
f 1353/834/499 1354/822/499 1356/1036/499
f 1354/822/529 1349/1035/529 1348/825/529
f 1355/824/509 1354/822/509 1348/825/509
f 1342/826/502 1346/816/502 1354/822/502
f 1356/1036/320 1355/824/320 1411/828/320
f 1354/822/506 1353/834/506 1350/831/506
f 1355/824/531 1348/825/531 1358/832/531
f 1353/834/312 1356/1036/312 1352/830/312
f 1363/842/302 1364/833/302 1365/835/302
f 1364/833/527 1358/832/527 1365/835/527
f 1358/832/527 1357/836/527 1365/835/527
f 1360/837/505 1411/828/505 1355/824/505
f 1362/838/309 1366/839/309 1365/835/309
f 1364/833/322 1363/842/322 1359/840/322
f 1374/841/338 1365/835/338 1357/836/338
f 1363/842/306 1366/839/306 1362/838/306
f 1373/854/499 1374/841/499 1376/850/499
f 1374/841/529 1368/1037/529 1367/1369/529
f 1375/849/501 1374/841/501 1367/1369/501
f 1361/846/502 1365/835/502 1374/841/502
f 1372/848/309 1376/850/309 1375/849/309
f 1374/841/322 1373/854/322 1369/851/322
f 1375/849/534 1367/1369/534 1431/852/534
f 1373/854/312 1376/850/312 1372/848/312
f 1380/1039/302 1381/863/302 1383/1038/302
f 1381/863/535 1303/780/535 1382/860/535
f 1303/780/536 1304/786/536 1382/860/536
f 1303/780/5 1381/863/5 1060/514/5
f 1379/859/309 1383/1038/309 1382/860/309
f 1060/514/537 1381/863/537 1380/1039/537
f 1388/864/498 1382/860/498 1304/786/498
f 1380/1039/306 1383/1038/306 1379/859/306
f 1387/1408/499 1388/1042/499 1390/1041/499
f 1388/1042/500 1313/1409/500 1384/1410/500
f 1389/1040/501 1388/1042/501 1384/1410/501
f 1059/513/502 1382/860/502 1388/864/502
f 1390/868/309 1389/866/309 1070/524/309
f 1388/864/506 1387/872/506 1385/870/506
f 1389/866/503 1384/788/503 1322/797/503
f 1387/872/312 1390/868/312 1386/869/312
f 1393/881/302 1394/871/302 1395/877/302
f 1394/871/504 1322/797/504 1395/877/504
f 1322/797/504 1323/806/504 1395/877/504
f 1080/531/505 1070/524/505 1389/866/505
f 1392/876/309 1396/878/309 1395/877/309
f 1394/871/322 1393/881/322 1391/879/322
f 1402/880/498 1395/877/498 1323/806/498
f 1393/881/306 1396/878/306 1392/876/306
f 1401/1411/499 1402/1045/499 1404/1044/499
f 1402/1045/500 1332/1412/500 1397/1413/500
f 1403/1043/501 1402/1045/501 1397/1413/501
f 1079/543/502 1395/877/502 1402/880/502
f 1404/888/309 1403/887/309 1399/546/309
f 1402/880/322 1401/891/322 1398/889/322
f 1403/887/507 1397/808/507 1341/818/507
f 1401/891/312 1404/888/312 1400/886/312
f 1407/897/302 1408/890/302 1409/892/302
f 1408/890/504 1341/818/504 1409/892/504
f 1341/818/504 1342/826/504 1409/892/504
f 1098/553/508 1399/546/508 1403/887/508
f 1406/893/309 1410/894/309 1409/892/309
f 1408/890/322 1407/897/322 1405/895/322
f 1415/896/498 1409/892/498 1342/826/498
f 1407/897/306 1410/894/306 1406/893/306
f 1414/904/499 1415/896/499 1417/900/499
f 1415/896/500 1351/827/500 1411/828/500
f 1416/898/501 1415/896/501 1411/828/501
f 1097/565/502 1409/892/502 1415/896/502
f 1417/900/320 1416/898/320 1107/568/320
f 1415/896/322 1414/904/322 1412/902/322
f 1416/898/503 1411/828/503 1360/837/503
f 1414/904/318 1417/900/318 1413/901/318
f 1420/1048/302 1421/1414/302 1422/1046/302
f 1421/1414/504 1360/1415/504 1422/1046/504
f 1360/1415/504 1361/1416/504 1422/1046/504
f 1117/575/505 1107/568/505 1416/898/505
f 1419/908/309 1423/910/309 1422/909/309
f 1421/903/322 1420/913/322 1418/911/322
f 1427/1049/498 1422/909/498 1361/846/498
f 1420/913/306 1423/910/306 1419/908/306
f 1426/922/499 1427/1049/499 1429/917/499
f 1427/1049/500 1370/847/500 1371/915/500
f 1428/914/501 1427/1049/501 1371/915/501
f 1116/579/502 1422/909/502 1427/1049/502
f 1429/917/309 1428/914/309 1126/587/309
f 1427/1049/322 1426/922/322 1424/919/322
f 1428/914/510 1371/915/510 1433/920/510
f 1426/922/312 1429/917/312 1425/918/312
f 1436/929/302 1437/853/302 1438/923/302
f 1437/853/527 1431/852/527 1438/923/527
f 1431/852/527 1430/924/527 1438/923/527
f 1433/920/521 1371/915/521 1375/849/521
f 1435/925/309 1439/926/309 1438/923/309
f 1437/853/322 1436/929/322 1432/927/322
f 1446/928/338 1438/923/338 1430/924/338
f 1436/929/306 1439/926/306 1435/925/306
f 1445/940/499 1446/928/499 1448/935/499
f 1446/928/529 1441/1050/529 1440/931/529
f 1447/930/509 1446/928/509 1440/931/509
f 1434/932/502 1438/923/502 1446/928/502
f 1448/935/320 1447/930/320 1475/934/320
f 1446/928/322 1445/940/322 1442/937/322
f 1447/930/531 1440/931/531 1450/938/531
f 1445/940/312 1448/935/312 1444/936/312
f 1455/1052/302 1456/1382/302 1457/941/302
f 1456/1382/527 1450/943/527 1457/941/527
f 1450/943/527 1449/942/527 1457/941/527
f 1452/944/505 1475/934/505 1447/930/505
f 1454/945/309 1458/947/309 1457/946/309
f 1456/939/322 1455/951/322 1451/948/322
f 1466/949/338 1457/946/338 1449/950/338
f 1455/951/306 1458/947/306 1454/945/306
f 1465/961/499 1466/949/499 1468/957/499
f 1466/949/529 1460/1053/529 1459/953/529
f 1467/952/501 1466/949/501 1459/953/501
f 1453/954/502 1457/946/502 1466/949/502
f 1464/956/309 1468/957/309 1467/952/309
f 1466/949/506 1465/961/506 1462/958/506
f 1459/953/4 1461/960/4 1489/959/4
f 1462/958/312 1465/961/312 1468/957/312
f 1489/959/4 1490/962/4 1247/722/4
f 1249/963/4 1288/726/4 1255/721/4
f 1293/760/4 1297/1026/4 1288/726/4
f 1471/1056/302 1472/1417/302 1473/1054/302
f 1472/1417/504 1433/1418/504 1473/1054/504
f 1433/1418/504 1434/1419/504 1473/1054/504
f 1220/593/521 1126/587/521 1428/914/521
f 1470/965/309 1474/1420/309 1473/964/309
f 1472/921/322 1471/1057/322 1469/967/322
f 1480/968/498 1473/964/498 1434/932/498
f 1471/1057/306 1474/1420/306 1470/965/306
f 1479/977/499 1480/968/499 1482/973/499
f 1480/968/500 1443/933/500 1475/934/500
f 1481/970/501 1480/968/501 1475/934/501
f 1219/698/502 1473/964/502 1480/968/502
f 1482/973/309 1481/970/309 1477/972/309
f 1480/968/322 1479/977/322 1476/975/322
f 1481/970/503 1475/934/503 1452/944/503
f 1479/977/312 1482/973/312 1478/974/312
f 1485/1059/302 1486/1383/302 1487/978/302
f 1486/1383/504 1452/980/504 1487/978/504
f 1452/980/504 1453/979/504 1487/978/504
f 1238/709/505 1477/972/505 1481/970/505
f 1484/981/309 1488/983/309 1487/982/309
f 1486/976/322 1485/986/322 1483/984/322
f 1494/985/498 1487/982/498 1453/954/498
f 1485/986/306 1488/983/306 1484/981/306
f 1493/991/499 1494/985/499 1496/989/499
f 1494/985/523 1463/955/523 1495/987/523
f 1463/955/538 1489/959/538 1495/987/538
f 1237/714/502 1487/982/502 1494/985/502
f 1492/988/309 1496/989/309 1495/987/309
f 1494/985/506 1493/991/506 1491/990/506
f 1493/991/539 1496/989/539 1492/988/539
f 1137/618/325 1136/600/325 1139/599/325
f 1139/599/516 1138/604/516 1141/601/516
f 1141/601/516 1140/612/516 1139/599/516
f 1505/1060/347 1501/1061/347 1503/1061/347
f 1503/1061/348 1501/1061/348 1502/1062/348
f 1498/1063/540 1504/1062/540 1502/1062/540
f 1499/1064/541 1505/1060/541 1506/1060/541
f 1512/1065/351 1510/1066/351 1509/1066/351
f 1508/1067/352 1512/1065/352 1511/1065/352
f 1518/1068/353 1517/1068/353 1516/1069/353
f 1513/1069/354 1516/1069/354 1515/1070/354
f 1508/1067/4 1515/1070/4 1516/1069/4
f 1517/1068/355 1518/1068/355 1509/1066/355
f 1514/1070/356 1515/1070/356 1508/1067/356
f 1509/1066/5 1518/1068/5 1513/1069/5
f 1516/1069/4 1517/1068/4 1510/1066/4
f 1513/1069/5 1514/1070/5 1507/1067/5
f 1530/1071/357 1531/1092/357 1583/1072/357
f 1579/1074/358 1528/1096/358 1529/1075/358
f 1534/1077/359 1527/1421/359 1541/1078/359
f 1543/1080/360 1577/1097/360 1526/1081/360
f 1586/1083/367 1543/1080/367 1525/1082/367
f 1532/1085/361 1533/1091/361 1544/1086/361
f 1519/1088/362 1588/1422/362 1564/1089/362
f 1533/1091/360 1534/1077/360 1542/1079/360
f 1529/1075/363 1530/1071/363 1540/1073/363
f 1531/1092/364 1532/1085/364 1539/1087/364
f 1581/1093/363 1584/1098/363 1522/1094/363
f 1541/1078/362 1527/1421/362 1528/1096/362
f 1577/1097/359 1588/1422/359 1519/1088/359
f 1520/1090/368 1564/1089/368 1581/1093/368
f 1584/1098/366 1538/1100/366 1523/1099/366
f 1538/1100/364 1586/1083/364 1524/1084/364
f 1592/1101/364 1585/1132/364 1559/1102/364
f 1558/1104/364 1557/1135/364 1595/1105/364
f 1582/1107/363 1591/1138/363 1548/1108/363
f 1553/1110/363 1590/1139/363 1550/1111/363
f 1556/1113/364 1555/1141/364 1554/1114/364
f 1578/1116/362 1563/1142/362 1597/1117/362
f 1547/1119/362 1546/1143/362 1561/1120/362
f 1552/1122/363 1589/1144/363 1580/1123/363
f 1560/1118/365 1597/1117/365 1574/1125/365
f 1598/1121/365 1561/1120/365 1566/1127/365
f 1573/1129/362 1565/1147/362 1587/1130/362
f 1585/1132/361 1575/1145/361 1535/1133/361
f 1536/1134/361 1572/1146/361 1557/1135/361
f 1562/1131/365 1587/1130/365 1576/1136/365
f 1592/1101/366 1593/1103/366 1591/1138/366
f 1594/1106/366 1595/1105/366 1590/1139/366
f 1571/1140/367 1537/1299/367 1555/1141/367
f 1570/1109/358 1548/1108/358 1563/1142/358
f 1549/1112/368 1550/1111/368 1546/1143/368
f 1596/1115/366 1554/1114/366 1589/1144/366
f 1568/1126/360 1574/1125/360 1535/1133/360
f 1545/1128/360 1566/1127/360 1572/1146/360
f 1551/1124/358 1580/1123/358 1565/1147/358
f 1542/1148/5 1605/1239/5 1624/1149/5
f 1565/1151/5 1602/1167/5 1641/1152/5
f 1574/1154/5 1619/1241/5 1608/1155/5
f 1573/1157/4 1562/1260/4 1662/1158/4
f 1568/1160/4 1575/1262/4 1623/1161/4
f 1546/1163/5 1618/1180/5 1661/1164/5
f 1580/1166/5 1629/1193/5 1602/1167/5
f 1547/1168/4 1598/1255/4 1660/1169/4
f 1551/1171/4 1573/1157/4 1617/1159/4
f 1586/1173/4 1538/1267/4 1635/1174/4
f 1597/1176/5 1563/1195/5 1600/1177/5
f 1546/1163/5 1550/1207/5 1609/1179/5
f 1583/1181/5 1539/1273/5 1638/1182/5
f 1578/1184/4 1560/1252/4 1658/1185/4
f 1549/1187/4 1547/1168/4 1599/1170/4
f 1581/1189/4 1630/1233/4 1636/1190/4
f 1580/1166/5 1589/1208/5 1643/1192/5
f 1548/1194/5 1621/1220/5 1600/1177/5
f 1540/1196/5 1632/1237/5 1611/1197/5
f 1551/1171/4 1610/1172/4 1644/1199/4
f 1570/1201/4 1578/1184/4 1627/1186/4
f 1564/1203/4 1588/1218/4 1642/1204/4
f 1590/1206/5 1645/1222/5 1609/1179/5
f 1589/1208/5 1554/1275/5 1634/1209/5
f 1541/1210/5 1579/1259/5 1628/1211/5
f 1553/1213/4 1549/1187/4 1622/1188/4
f 1552/1200/4 1644/1199/4 1652/1215/4
f 1577/1217/4 1626/1232/4 1642/1204/4
f 1591/1219/5 1647/1238/5 1621/1220/5
f 1590/1206/5 1595/1272/5 1651/1221/5
f 1570/1201/4 1612/1202/4 1631/1223/4
f 1553/1213/4 1646/1214/4 1650/1225/4
f 1638/1182/364 1637/1244/364 1648/1227/364
f 1625/1228/360 1626/1232/360 1613/1229/360
f 1629/1193/368 1630/1233/368 1601/1205/368
f 1634/1209/366 1635/1174/366 1636/1190/366
f 1614/1230/361 1613/1229/361 1639/1175/361
f 1641/1152/365 1642/1204/365 1626/1232/365
f 1602/1167/362 1601/1205/362 1642/1204/362
f 1643/1192/363 1636/1190/363 1630/1233/363
f 1653/1231/364 1639/1175/364 1635/1174/364
f 1657/1234/364 1656/1245/364 1650/1225/364
f 1655/1236/364 1654/1247/364 1652/1215/364
f 1632/1237/363 1631/1223/363 1612/1202/363
f 1647/1238/363 1646/1214/363 1622/1188/363
f 1645/1222/363 1644/1199/363 1610/1172/363
f 1628/1211/362 1627/1186/362 1658/1185/362
f 1600/1177/362 1599/1170/362 1660/1169/362
f 1618/1180/362 1617/1159/362 1662/1158/362
f 1640/1212/359 1658/1185/359 1606/1162/359
f 1659/1178/365 1660/1169/365 1620/1240/365
f 1661/1164/365 1662/1158/365 1604/1242/365
f 1624/1149/367 1623/1161/367 1637/1244/367
f 1608/1155/367 1607/1248/367 1656/1245/367
f 1655/1236/361 1616/1249/361 1615/1246/361
f 1633/1183/366 1648/1227/366 1631/1223/366
f 1647/1238/366 1649/1235/366 1650/1225/366
f 1651/1221/366 1652/1215/366 1644/1199/366
f 1611/1197/358 1612/1202/358 1627/1186/358
f 1621/1220/358 1622/1188/358 1599/1170/358
f 1609/1179/358 1610/1172/358 1617/1159/358
f 1605/1239/360 1606/1162/360 1623/1161/360
f 1619/1241/360 1620/1240/360 1607/1248/360
f 1603/1243/360 1604/1242/360 1615/1246/360
f 1536/1250/4 1607/1248/4 1620/1240/4
f 1560/1252/4 1568/1160/4 1606/1162/4
f 1572/1253/5 1566/1258/5 1603/1243/5
f 1574/1154/5 1597/1176/5 1659/1178/5
f 1577/1217/4 1543/1274/4 1613/1229/4
f 1567/1254/4 1571/1269/4 1615/1246/4
f 1545/1251/4 1620/1240/4 1660/1169/4
f 1576/1256/5 1625/1228/5 1614/1230/5
f 1566/1258/5 1561/1165/5 1661/1164/5
f 1579/1259/5 1569/1198/5 1611/1197/5
f 1567/1254/4 1604/1242/4 1662/1158/4
f 1576/1256/5 1587/1153/5 1641/1152/5
f 1581/1189/4 1564/1203/4 1601/1205/4
f 1585/1261/4 1637/1244/4 1623/1161/4
f 1535/1156/5 1608/1155/5 1657/1234/5
f 1583/1181/5 1633/1183/5 1632/1237/5
f 1536/1250/4 1558/1270/4 1656/1245/4
f 1592/1264/4 1648/1227/4 1637/1244/4
f 1572/1253/5 1616/1249/5 1655/1236/5
f 1559/1263/5 1657/1234/5 1649/1235/5
f 1584/1191/4 1636/1190/4 1635/1174/4
f 1556/1268/4 1654/1247/4 1615/1246/4
f 1558/1270/4 1594/1226/4 1650/1225/4
f 1555/1271/5 1537/1257/5 1614/1230/5
f 1557/1265/5 1655/1236/5 1651/1221/5
f 1539/1273/5 1544/1150/5 1624/1149/5
f 1592/1264/4 1582/1224/4 1631/1223/4
f 1556/1268/4 1596/1216/4 1652/1215/4
f 1543/1274/4 1586/1173/4 1639/1175/4
f 1593/1266/5 1649/1235/5 1647/1238/5
f 1555/1271/5 1653/1231/5 1634/1209/5
f 1541/1210/5 1640/1212/5 1605/1239/5
f 1668/1276/369 1670/1281/369 1666/1277/369
f 1669/1278/370 1667/1279/370 1663/1279/370
f 1670/1281/371 1669/1278/371 1665/1280/371
f 1667/1279/372 1668/1276/372 1664/1276/372
f 1676/1282/369 1678/1283/369 1674/1283/369
f 1677/1284/370 1675/1287/370 1671/1285/370
f 1678/1283/371 1677/1284/371 1673/1286/371
f 1675/1287/372 1676/1282/372 1672/1282/372
f 1682/1288/373 1686/1288/373 1684/1289/373
f 1679/1290/374 1683/1290/374 1685/1291/374
f 1681/1292/375 1685/1291/375 1686/1288/375
f 1680/1289/376 1684/1289/376 1683/1290/376
f 1690/1293/373 1694/1297/373 1692/1294/373
f 1687/1295/374 1691/1298/374 1693/1296/374
f 1689/1296/375 1693/1296/375 1694/1297/375
f 1688/1294/376 1692/1294/376 1691/1298/376
f 1567/1137/360 1576/1136/360 1537/1299/360
o Bld_Well_Crank_02
v 1.313985 1.163246 0.040314
v 1.313985 1.163246 0.002058
v 1.313985 1.411856 -0.011193
v 1.313985 1.431558 0.003351
v 1.313985 1.411856 0.053565
v 1.313985 1.431558 0.039021
v 1.338982 1.163246 0.040314
v 1.338982 1.163246 0.002058
v 1.338982 1.431558 0.003351
v 1.338982 1.431558 0.039021
v 1.338982 1.411856 0.053565
v 1.338982 1.411856 -0.011193
v 1.182916 1.423183 -0.041818
v 1.182916 1.459901 -0.004454
v 1.182916 1.459444 0.047930
v 1.182916 1.422079 0.084647
v 1.182916 1.369696 0.084190
v 1.182916 1.332978 0.046826
v 1.182916 1.333435 -0.005558
v 1.182916 1.370799 -0.042275
v 1.250879 1.423183 -0.041818
v 1.250879 1.459901 -0.004454
v 1.250879 1.459444 0.047930
v 1.250879 1.422079 0.084647
v 1.250879 1.369696 0.084190
v 1.250879 1.332978 0.046826
v 1.250879 1.333435 -0.005558
v 1.250879 1.370799 -0.042275
v 1.250879 1.406630 -0.002822
v 1.250879 1.420622 0.011416
v 1.250879 1.420448 0.031377
v 1.250879 1.406210 0.045369
v 1.250879 1.386248 0.045195
v 1.250879 1.372257 0.030957
v 1.250879 1.372431 0.010996
v 1.250879 1.386669 -0.002996
v 1.345162 1.406630 -0.002822
v 1.345162 1.420622 0.011416
v 1.345162 1.420448 0.031377
v 1.345162 1.406210 0.045369
v 1.345162 1.386248 0.045195
v 1.345162 1.372257 0.030957
v 1.345162 1.372431 0.010996
v 1.345162 1.386669 -0.002996
v 1.338984 1.194876 0.005722
v 1.338984 1.203889 0.014893
v 1.338984 1.203776 0.027750
v 1.338984 1.194606 0.036762
v 1.338984 1.181749 0.036650
v 1.338984 1.172736 0.027479
v 1.338984 1.172849 0.014622
v 1.338984 1.182019 0.005610
v 1.437905 1.194086 0.007585
v 1.437905 1.202012 0.015651
v 1.437905 1.201914 0.026959
v 1.437905 1.193848 0.034886
v 1.437905 1.182539 0.034787
v 1.437905 1.174613 0.026721
v 1.437905 1.174711 0.015413
v 1.437905 1.182777 0.007486
vn -1.0000 -0.0000 -0.0000
vn 1.0000 -0.0000 -0.0000
vn -0.0000 -0.0532 -0.9986
vn -0.0000 0.5939 0.8045
vn -0.0000 -1.0000 -0.0000
vn -0.0000 0.5939 -0.8045
vn -0.0000 -0.0532 0.9986
vn -0.0000 1.0000 -0.0000
vn -0.0000 -0.7009 -0.7133
vn -0.0000 -0.7133 0.7009
vn -0.0000 0.7009 0.7133
vn -0.0000 0.7133 -0.7009
vn -0.0000 0.0087 -1.0000
vn -0.0000 -1.0000 -0.0087
vn -0.0000 -0.0087 1.0000
vn -0.0000 1.0000 0.0087
vn 0.0189 -0.7131 0.7008
vn 0.0189 0.7008 0.7131
vn 0.0189 0.7131 -0.7008
vn 0.0189 0.0087 -0.9998
vn 0.0189 -0.9998 -0.0087
vn 0.0189 -0.0087 0.9998
vn 0.0189 0.9998 0.0087
vn 0.0189 -0.7008 -0.7131
vt 0.580922 0.832028
vt 0.582488 0.832028
vt 0.583030 0.937408
vt 0.580379 0.937408
vt 0.580975 0.945759
vt 0.582435 0.945759
vt 0.579107 0.920005
vt 0.580610 0.904167
vt 0.582754 0.903974
vt 0.584284 0.919537
vt 0.582799 0.957579
vt 0.584302 0.941741
vt 0.579126 0.942209
vt 0.580655 0.957773
vt 0.580722 0.935193
vt 0.580715 0.926732
vt 0.581288 0.920697
vt 0.582105 0.920623
vt 0.582695 0.935015
vt 0.581305 0.941124
vt 0.582688 0.926554
vt 0.582122 0.941050
vt 0.455559 0.656678
vt 0.456142 0.662609
vt 0.455576 0.677105
vt 0.456149 0.671070
vt 0.454759 0.677179
vt 0.454176 0.671248
vt 0.454169 0.662787
vt 0.454742 0.656752
vt 0.455416 0.659211
vt 0.455716 0.663366
vt 0.455792 0.663031
vt 0.455797 0.668481
vt 0.455395 0.671579
vt 0.455428 0.672368
vt 0.454526 0.668596
vt 0.454932 0.671621
vt 0.454602 0.668261
vt 0.454521 0.663146
vt 0.454598 0.663467
vt 0.454890 0.659259
vt 0.455386 0.660006
vt 0.455720 0.668160
vt 0.454901 0.672416
vt 0.454923 0.660048
s 0
usemtl Texture_Map
f 1696/1423/542 1695/1424/542 1699/1425/542
f 1706/1426/543 1703/1427/543 1705/1425/543
f 1697/1426/544 1702/1423/544 1696/1423/544
f 1700/1428/545 1705/1425/545 1704/1428/545
f 1696/1423/546 1701/1424/546 1695/1424/546
f 1698/1427/547 1706/1426/547 1697/1426/547
f 1695/1424/548 1705/1425/548 1699/1425/548
f 1700/1428/549 1703/1427/549 1698/1427/549
f 1714/1429/550 1721/1430/550 1713/1430/550
f 1712/1431/551 1719/1432/551 1711/1432/551
f 1709/1433/552 1718/1434/552 1717/1433/552
f 1707/1435/553 1716/1436/553 1715/1435/553
f 1707/1435/554 1722/1429/554 1714/1429/554
f 1713/1430/555 1720/1431/555 1712/1431/555
f 1710/1434/556 1719/1432/556 1718/1434/556
f 1708/1436/557 1717/1433/557 1716/1436/557
f 1722/1429/543 1723/1437/543 1730/1438/543
f 1720/1431/543 1729/1439/543 1728/1440/543
f 1719/1432/543 1726/1441/543 1718/1434/543
f 1717/1433/543 1724/1442/543 1716/1436/543
f 1721/1430/543 1730/1438/543 1729/1439/543
f 1719/1432/543 1728/1440/543 1727/1443/543
f 1718/1434/543 1725/1444/543 1717/1433/543
f 1716/1436/543 1723/1437/543 1715/1435/543
f 1728/1445/551 1735/1446/551 1727/1446/551
f 1725/1447/552 1734/1448/552 1733/1447/552
f 1724/1449/553 1731/1450/553 1723/1450/553
f 1723/1450/554 1738/1451/554 1730/1451/554
f 1729/1452/555 1736/1445/555 1728/1445/555
f 1727/1446/556 1734/1448/556 1726/1448/556
f 1724/1449/557 1733/1447/557 1732/1449/557
f 1730/1451/550 1737/1452/550 1729/1452/550
f 1744/1453/558 1751/1454/558 1743/1455/558
f 1742/1456/559 1749/1457/559 1741/1458/559
f 1739/1459/560 1748/1460/560 1747/1461/560
f 1746/1462/561 1747/1461/561 1754/1463/561
f 1745/1464/562 1752/1465/562 1744/1453/562
f 1743/1455/563 1750/1466/563 1742/1456/563
f 1741/1458/564 1748/1460/564 1740/1467/564
f 1746/1462/565 1753/1468/565 1745/1464/565
f 1750/1466/543 1752/1465/543 1754/1463/543
f 1733/1447/543 1735/1446/543 1737/1452/543
f 1699/1425/542 1700/1428/542 1698/1427/542
f 1698/1427/542 1697/1426/542 1699/1425/542
f 1697/1426/542 1696/1423/542 1699/1425/542
f 1703/1427/543 1704/1428/543 1705/1425/543
f 1705/1425/543 1701/1424/543 1702/1423/543
f 1702/1423/543 1706/1426/543 1705/1425/543
f 1697/1426/544 1706/1426/544 1702/1423/544
f 1700/1428/545 1699/1425/545 1705/1425/545
f 1696/1423/546 1702/1423/546 1701/1424/546
f 1698/1427/547 1703/1427/547 1706/1426/547
f 1695/1424/548 1701/1424/548 1705/1425/548
f 1700/1428/549 1704/1428/549 1703/1427/549
f 1714/1429/550 1722/1429/550 1721/1430/550
f 1712/1431/551 1720/1431/551 1719/1432/551
f 1709/1433/552 1710/1434/552 1718/1434/552
f 1707/1435/553 1708/1436/553 1716/1436/553
f 1707/1435/554 1715/1435/554 1722/1429/554
f 1713/1430/555 1721/1430/555 1720/1431/555
f 1710/1434/556 1711/1432/556 1719/1432/556
f 1708/1436/557 1709/1433/557 1717/1433/557
f 1722/1429/543 1715/1435/543 1723/1437/543
f 1720/1431/543 1721/1430/543 1729/1439/543
f 1719/1432/543 1727/1443/543 1726/1441/543
f 1717/1433/543 1725/1444/543 1724/1442/543
f 1721/1430/543 1722/1429/543 1730/1438/543
f 1719/1432/543 1720/1431/543 1728/1440/543
f 1718/1434/543 1726/1441/543 1725/1444/543
f 1716/1436/543 1724/1442/543 1723/1437/543
f 1728/1445/551 1736/1445/551 1735/1446/551
f 1725/1447/552 1726/1448/552 1734/1448/552
f 1724/1449/553 1732/1449/553 1731/1450/553
f 1723/1450/554 1731/1450/554 1738/1451/554
f 1729/1452/555 1737/1452/555 1736/1445/555
f 1727/1446/556 1735/1446/556 1734/1448/556
f 1724/1449/557 1725/1447/557 1733/1447/557
f 1730/1451/550 1738/1451/550 1737/1452/550
f 1744/1453/558 1752/1465/558 1751/1454/558
f 1742/1456/559 1750/1466/559 1749/1457/559
f 1739/1459/560 1740/1467/560 1748/1460/560
f 1746/1462/561 1739/1459/561 1747/1461/561
f 1745/1464/562 1753/1468/562 1752/1465/562
f 1743/1455/563 1751/1454/563 1750/1466/563
f 1741/1458/564 1749/1457/564 1748/1460/564
f 1746/1462/565 1754/1463/565 1753/1468/565
f 1754/1463/543 1747/1461/543 1748/1460/543
f 1748/1460/543 1749/1457/543 1750/1466/543
f 1750/1466/543 1751/1454/543 1752/1465/543
f 1752/1465/543 1753/1468/543 1754/1463/543
f 1754/1463/543 1748/1460/543 1750/1466/543
f 1731/1450/543 1732/1449/543 1733/1447/543
f 1733/1447/543 1734/1448/543 1735/1446/543
f 1735/1446/543 1736/1445/543 1737/1452/543
f 1737/1452/543 1738/1451/543 1731/1450/543
f 1731/1450/543 1733/1447/543 1737/1452/543
