# Blender 4.4.0
# www.blender.org
mtllib Bld_Chicken_Coop_01.mtl
o Bld_Chicken_Coop_01
v 0.286967 0.000017 0.506513
v 0.337216 0.000017 0.506513
v 0.286967 0.000017 0.454000
v 0.337216 0.000017 0.454000
v 0.286967 1.596082 0.506513
v 0.337216 1.560678 0.506513
v 0.286967 1.596082 0.454000
v 0.337216 1.560678 0.454000
v -0.612784 0.000017 0.506513
v -0.663033 0.000017 0.506513
v -0.612784 0.000017 0.454000
v -0.663033 0.000017 0.454000
v -0.612784 1.596082 0.506513
v -0.663033 1.560678 0.506513
v -0.612784 1.596082 0.454000
v -0.663033 1.560678 0.454000
v 0.286967 0.000017 -0.506513
v 0.337216 0.000017 -0.506513
v 0.286967 0.000017 -0.454000
v 0.337216 0.000017 -0.454000
v 0.286967 1.596082 -0.506513
v 0.337216 1.560678 -0.506513
v 0.286967 1.596082 -0.454000
v 0.337216 1.560678 -0.454000
v -0.612784 0.000017 -0.506513
v -0.663033 0.000017 -0.506513
v -0.612784 0.000017 -0.454000
v -0.663033 0.000017 -0.454000
v -0.612784 1.596082 -0.506513
v -0.663033 1.560678 -0.506513
v -0.612784 1.596082 -0.454000
v -0.663033 1.560678 -0.454000
v -0.637909 0.540067 0.475000
v 0.312091 0.540067 0.475000
v -0.637909 0.540067 -0.475000
v 0.312091 0.540067 -0.475000
v -0.637909 0.560047 0.475000
v 0.312091 0.560047 0.475000
v -0.637909 0.560047 -0.475000
v 0.312091 0.560047 -0.475000
v 0.465274 1.481384 -0.511921
v 0.465274 1.481384 0.511921
v 0.456964 1.469423 0.511921
v 0.456964 1.469423 -0.511921
v -0.162909 1.900053 0.511921
v -0.162909 1.900053 -0.511921
v -0.154599 1.912014 0.511921
v -0.154599 1.912014 -0.511921
v -0.791091 1.481384 -0.511921
v -0.791091 1.481384 0.511921
v -0.782782 1.469423 0.511921
v -0.782782 1.469423 -0.511921
v -0.171218 1.912014 0.511921
v -0.171218 1.912014 -0.511921
v -0.202161 1.873628 -0.529001
v -0.123656 1.873628 -0.529001
v -0.202161 1.928584 -0.529001
v -0.123656 1.928584 -0.529001
v -0.202161 1.873628 0.529001
v -0.123656 1.873628 0.529001
v -0.202161 1.928584 0.529001
v -0.123656 1.928584 0.529001
v -0.162909 1.873628 -0.529001
v -0.162909 1.947867 -0.529001
v -0.162909 1.873628 0.529001
v -0.162909 1.947867 0.529001
v -0.637909 1.049069 0.455609
v -0.637909 0.540067 0.455609
v -0.637909 1.049069 -0.455609
v -0.637909 0.540067 -0.455609
v -0.933680 0.904062 0.455609
v -0.933680 0.540067 0.455609
v -0.933680 0.904062 -0.455609
v -0.933680 0.540067 -0.455609
v -0.637909 0.965474 0.455609
v -0.637909 0.962997 0.455609
v -0.637909 0.880620 0.455609
v -0.637909 0.878184 0.455609
v -0.637909 0.795769 0.455609
v -0.637909 0.793367 0.455609
v -0.637909 0.710923 0.455609
v -0.637909 0.708546 0.455609
v -0.637909 0.626082 0.455609
v -0.637909 0.623720 0.455609
v -0.637909 0.623720 -0.455609
v -0.637909 0.626082 -0.455609
v -0.637909 0.708546 -0.455609
v -0.637909 0.710923 -0.455609
v -0.637909 0.793367 -0.455609
v -0.637909 0.795769 -0.455609
v -0.637909 0.878184 -0.455609
v -0.637909 0.880620 -0.455609
v -0.637909 0.962997 -0.455609
v -0.637909 0.965474 -0.455609
v -0.933680 0.844634 0.455609
v -0.933680 0.842159 0.455609
v -0.933680 0.783948 0.455609
v -0.933680 0.781513 0.455609
v -0.933680 0.723265 0.455609
v -0.933680 0.720864 0.455609
v -0.933680 0.662587 0.455609
v -0.933680 0.660211 0.455609
v -0.933680 0.601914 0.455609
v -0.933680 0.599553 0.455609
v -0.933680 0.599553 -0.455609
v -0.933680 0.601914 -0.455609
v -0.933680 0.660211 -0.455609
v -0.933680 0.662587 -0.455609
v -0.933680 0.720864 -0.455609
v -0.933680 0.723265 -0.455609
v -0.933680 0.781513 -0.455609
v -0.933680 0.783948 -0.455609
v -0.933680 0.842159 -0.455609
v -0.933680 0.844634 -0.455609
v -0.637909 1.049069 0.439609
v -0.637909 0.556067 0.439609
v -0.637909 1.049069 -0.439609
v -0.637909 0.556067 -0.439609
v -0.919174 0.904062 0.436893
v -0.917680 0.556067 0.439609
v -0.919174 0.904062 -0.436893
v -0.917680 0.556067 -0.439609
v -0.637909 0.965474 0.439609
v -0.637909 0.962997 0.439609
v -0.637909 0.880620 0.439609
v -0.637909 0.878184 0.439609
v -0.637909 0.795769 0.439609
v -0.637909 0.793367 0.439609
v -0.637909 0.710923 0.439609
v -0.637909 0.708546 0.439609
v -0.637909 0.626082 0.439609
v -0.637909 0.623720 0.439609
v -0.637909 0.623720 -0.439609
v -0.637909 0.626082 -0.439609
v -0.637909 0.708546 -0.439609
v -0.637909 0.710923 -0.439609
v -0.637909 0.793367 -0.439609
v -0.637909 0.795769 -0.439609
v -0.637909 0.878184 -0.439609
v -0.637909 0.880620 -0.439609
v -0.637909 0.962997 -0.439609
v -0.637909 0.965474 -0.439609
v -0.914768 0.844634 0.441367
v -0.919041 0.842159 0.437355
v -0.915482 0.783948 0.441071
v -0.918870 0.781513 0.437820
v -0.916132 0.723265 0.440746
v -0.918654 0.720864 0.438283
v -0.916715 0.662587 0.440393
v -0.918387 0.660211 0.438739
v -0.917231 0.601914 0.440013
v -0.918064 0.599553 0.439183
v -0.918064 0.599553 -0.439183
v -0.917231 0.601914 -0.440014
v -0.918387 0.660211 -0.438739
v -0.916715 0.662587 -0.440393
v -0.918654 0.720864 -0.438283
v -0.916132 0.723265 -0.440746
v -0.918870 0.781513 -0.437820
v -0.915482 0.783948 -0.441071
v -0.919041 0.842159 -0.437355
v -0.914768 0.844634 -0.441368
v -0.919168 0.556069 -0.227460
v -0.619807 0.556069 -0.227460
v -0.919168 0.556069 -0.242443
v -0.619807 0.556069 -0.242443
v -0.919168 0.912359 -0.242443
v -0.919168 0.912359 -0.227460
v -0.619807 1.026659 -0.227460
v -0.619807 1.026659 -0.242443
v -0.919168 0.556069 0.007914
v -0.619807 0.556069 0.007914
v -0.919168 0.556069 -0.007068
v -0.619807 0.556069 -0.007068
v -0.919168 0.912359 -0.007068
v -0.919168 0.912359 0.007914
v -0.619807 1.026659 0.007914
v -0.619807 1.026659 -0.007068
v -0.919168 0.556069 0.243289
v -0.619807 0.556069 0.243289
v -0.919168 0.556069 0.228306
v -0.619807 0.556069 0.228306
v -0.919168 0.912359 0.228306
v -0.919168 0.912359 0.243289
v -0.619807 1.026659 0.243289
v -0.619807 1.026659 0.228306
v -0.636069 1.003541 0.438395
v -0.618200 1.003541 0.438395
v -0.636069 1.049069 0.438395
v -0.618200 1.049069 0.438395
v -0.636069 1.003541 -0.438395
v -0.618200 1.003541 -0.438395
v -0.636069 1.049069 -0.438395
v -0.618200 1.049069 -0.438395
v -0.936528 0.534863 0.456961
v -0.914622 0.534863 0.456961
v -0.936528 0.534863 0.435055
v -0.914622 0.534863 0.435055
v -0.936528 0.903921 0.435055
v -0.936528 0.903921 0.456961
v -0.914622 0.914569 0.456961
v -0.914622 0.914569 0.435055
v -0.936528 0.534863 -0.456961
v -0.914622 0.534863 -0.456961
v -0.936528 0.534863 -0.435055
v -0.914622 0.534863 -0.435055
v -0.936528 0.903921 -0.435055
v -0.936528 0.903921 -0.456961
v -0.914622 0.914569 -0.456961
v -0.914622 0.914569 -0.435055
v -0.640404 0.500508 0.503529
v 0.333613 0.500508 0.503529
v -0.640404 0.500508 -0.503529
v 0.333613 0.500508 -0.503529
v -0.640404 0.541820 -0.503529
v -0.640404 0.541820 0.503529
v 0.333613 0.541820 0.503529
v 0.333613 0.541820 -0.503529
v -0.021916 1.096821 0.478254
v -0.005557 1.096821 0.478254
v -0.021916 1.096821 0.450377
v -0.005557 1.096821 0.450377
v -0.021916 1.320463 0.450377
v -0.021916 1.320463 0.478254
v -0.005557 1.320463 0.478254
v -0.005557 1.320463 0.450377
v -0.005557 1.113181 0.480533
v -0.005557 1.096821 0.480533
v -0.005557 1.113181 0.451641
v -0.005557 1.096821 0.451641
v 0.286967 1.113181 0.451641
v 0.286967 1.113181 0.480533
v 0.286967 1.096821 0.480533
v 0.286967 1.096821 0.451641
v -0.005557 1.320463 0.480533
v -0.005557 1.304104 0.480533
v -0.005557 1.320463 0.451641
v -0.005557 1.304104 0.451641
v 0.286967 1.320463 0.451641
v 0.286967 1.320463 0.480533
v 0.286967 1.304104 0.480533
v 0.286967 1.304104 0.451641
v 0.135205 1.113181 0.479289
v 0.135205 1.113181 0.457732
v 0.135205 1.304105 0.479289
v 0.135205 1.304105 0.457732
v 0.146205 1.113181 0.479289
v 0.146205 1.113181 0.457732
v 0.146205 1.304105 0.479289
v 0.146205 1.304105 0.457732
v -0.005557 1.214143 0.477712
v -0.005557 1.214143 0.459309
v 0.286967 1.214143 0.477712
v 0.286967 1.214143 0.459309
v -0.005557 1.203143 0.477712
v -0.005557 1.203143 0.459309
v 0.286967 1.203143 0.477712
v 0.286967 1.203143 0.459309
v 0.465274 1.481384 -0.517207
v 0.465274 1.481384 0.517207
v -0.154599 1.912014 0.517207
v -0.154599 1.912014 -0.517207
v 0.029273 1.797573 -0.517207
v 0.029273 1.797573 0.517207
v -0.060351 1.859836 0.517207
v -0.060351 1.859836 -0.517207
v -0.059280 1.859092 -0.517207
v -0.059280 1.859092 0.517207
v -0.148369 1.920983 -0.517207
v -0.148369 1.920983 0.517207
v 0.471504 1.490352 -0.517207
v 0.471504 1.490352 0.517207
v 0.376185 1.543274 -0.517207
v 0.377256 1.542531 -0.517207
v 0.287632 1.604793 -0.517207
v 0.288703 1.604049 -0.517207
v 0.199079 1.666312 -0.517207
v 0.200149 1.665568 -0.517207
v 0.110525 1.727830 -0.517207
v 0.111596 1.727086 -0.517207
v 0.021972 1.789349 -0.517207
v 0.023043 1.788605 -0.517207
v -0.066581 1.850868 -0.517207
v -0.065511 1.850124 -0.517207
v -0.065511 1.850124 0.517207
v -0.066581 1.850868 0.517207
v 0.023043 1.788605 0.517207
v 0.021972 1.789349 0.517207
v 0.111596 1.727087 0.517207
v 0.110525 1.727830 0.517207
v 0.200149 1.665568 0.517207
v 0.199079 1.666312 0.517207
v 0.288703 1.604049 0.517207
v 0.287632 1.604793 0.517207
v 0.377256 1.542531 0.517207
v 0.376185 1.543274 0.517207
v 0.117826 1.736055 0.517207
v 0.117826 1.736055 -0.517207
v 0.206380 1.674536 0.517207
v 0.206380 1.674536 -0.517207
v 0.205309 1.675280 -0.517207
v 0.205309 1.675280 0.517207
v 0.294933 1.613018 0.517207
v 0.294933 1.613018 -0.517207
v 0.382416 1.552243 -0.517207
v 0.382416 1.552243 0.517207
v 0.026252 1.795510 0.517207
v 0.025395 1.800267 0.517207
v 0.025395 1.800267 -0.517207
v 0.026252 1.795510 -0.517207
v 0.113948 1.738749 -0.517207
v 0.114805 1.733992 -0.517207
v 0.114805 1.733992 0.517207
v 0.113948 1.738749 0.517207
v 0.291055 1.615712 -0.517207
v 0.291912 1.610954 -0.517207
v 0.291912 1.610954 0.517207
v 0.291055 1.615712 0.517207
v 0.386294 1.549549 0.517207
v 0.381536 1.548692 0.517207
v 0.381536 1.548692 -0.517207
v 0.386294 1.549549 -0.517207
v -0.791091 1.481384 -0.517207
v -0.791091 1.481384 0.517207
v -0.171218 1.912014 0.517207
v -0.171218 1.912014 -0.517207
v -0.355091 1.797573 -0.517207
v -0.355091 1.797573 0.517207
v -0.265467 1.859836 0.517207
v -0.265467 1.859836 -0.517207
v -0.266537 1.859092 -0.517207
v -0.266537 1.859092 0.517207
v -0.177449 1.920983 -0.517207
v -0.177449 1.920983 0.517207
v -0.797322 1.490352 -0.517207
v -0.797322 1.490352 0.517207
v -0.702003 1.543274 -0.517207
v -0.703074 1.542531 -0.517207
v -0.613449 1.604793 -0.517207
v -0.614520 1.604049 -0.517207
v -0.524896 1.666312 -0.517207
v -0.525967 1.665568 -0.517207
v -0.436343 1.727830 -0.517207
v -0.437414 1.727086 -0.517207
v -0.347789 1.789349 -0.517207
v -0.348860 1.788605 -0.517207
v -0.259236 1.850868 -0.517207
v -0.260307 1.850124 -0.517207
v -0.260307 1.850124 0.517207
v -0.259236 1.850868 0.517207
v -0.348860 1.788605 0.517207
v -0.347790 1.789349 0.517207
v -0.437414 1.727087 0.517207
v -0.436343 1.727830 0.517207
v -0.525967 1.665568 0.517207
v -0.524896 1.666312 0.517207
v -0.614520 1.604049 0.517207
v -0.613449 1.604793 0.517207
v -0.703074 1.542531 0.517207
v -0.702003 1.543274 0.517207
v -0.443644 1.736055 0.517207
v -0.443644 1.736055 -0.517207
v -0.532197 1.674536 0.517207
v -0.532197 1.674536 -0.517207
v -0.531126 1.675280 -0.517207
v -0.531126 1.675280 0.517207
v -0.620751 1.613018 0.517207
v -0.620751 1.613018 -0.517207
v -0.708233 1.552243 -0.517207
v -0.708233 1.552243 0.517207
v -0.352070 1.795510 0.517207
v -0.351213 1.800267 0.517207
v -0.351213 1.800267 -0.517207
v -0.352070 1.795510 -0.517207
v -0.439766 1.738749 -0.517207
v -0.440623 1.733992 -0.517207
v -0.440623 1.733992 0.517207
v -0.439766 1.738749 0.517207
v -0.616873 1.615712 -0.517207
v -0.617730 1.610954 -0.517207
v -0.617730 1.610954 0.517207
v -0.616873 1.615712 0.517207
v -0.712111 1.549549 0.517207
v -0.707354 1.548692 0.517207
v -0.707354 1.548692 -0.517207
v -0.712111 1.549549 -0.517207
v -0.612784 0.561067 0.475000
v 0.300467 0.561067 0.475000
v -0.162909 1.900053 0.475000
v -0.634907 1.571050 0.475000
v 0.310825 1.571050 0.475000
v 0.300467 0.653777 0.475000
v 0.300467 0.745505 0.475000
v 0.300467 0.743539 0.475000
v 0.300467 0.837232 0.475000
v 0.300467 0.928959 0.475000
v 0.300467 0.926994 0.475000
v 0.300467 1.020686 0.475000
v 0.300467 1.110448 0.475000
v 0.286967 1.479323 0.475000
v -0.612784 1.479323 0.475000
v -0.612784 1.385630 0.475000
v -0.612784 1.293903 0.475000
v -0.612784 1.295868 0.475000
v -0.612784 1.204141 0.475000
v -0.612784 1.110448 0.475000
v -0.612784 1.112414 0.475000
v -0.612784 1.018721 0.475000
v -0.612784 1.020687 0.475000
v -0.612784 0.926994 0.475000
v -0.612784 0.928959 0.475000
v -0.612784 0.835266 0.475000
v -0.612784 0.837232 0.475000
v -0.612784 0.743539 0.475000
v -0.612784 0.745505 0.475000
v -0.612784 0.653777 0.475000
v -0.501699 1.681045 0.475000
v -0.346195 1.789075 0.475000
v -0.319827 1.791041 0.475000
v -0.005990 1.791041 0.475000
v -0.003161 1.789075 0.475000
v 0.152343 1.681045 0.475000
v -0.162909 1.791041 0.475000
v -0.612784 0.561067 -0.454622
v 0.300467 0.561067 -0.454622
v -0.162909 1.900053 -0.454000
v -0.634907 1.571050 -0.454790
v 0.299053 1.571050 -0.454790
v 0.300467 0.653777 -0.454622
v 0.300467 0.651812 -0.454622
v 0.300467 0.743539 -0.454622
v 0.300467 0.837232 -0.454622
v 0.300467 0.835266 -0.454622
v 0.300467 0.928959 -0.454622
v 0.300467 0.926994 -0.454622
v 0.300467 1.018721 -0.454622
v 0.300467 1.112414 -0.454622
v 0.300467 1.204141 -0.454622
v 0.300467 1.202175 -0.454622
v 0.300467 1.295868 -0.454622
v 0.300467 1.387596 -0.454622
v 0.300467 1.385630 -0.454622
v 0.300467 1.479323 -0.455291
v -0.612784 1.479323 -0.455291
v -0.612784 1.385630 -0.454622
v -0.612784 1.387596 -0.454622
v -0.612784 1.295868 -0.454622
v -0.612784 1.202175 -0.454622
v -0.612784 1.204141 -0.454622
v -0.612784 1.112414 -0.454622
v -0.612784 1.018721 -0.454622
v -0.612784 0.926994 -0.454622
v -0.612784 0.928959 -0.454622
v -0.612784 0.835266 -0.454622
v -0.612784 0.837232 -0.454622
v -0.612784 0.743539 -0.454622
v -0.612784 0.651812 -0.454622
v -0.612784 0.653777 -0.454622
v -0.504528 1.679080 -0.454790
v -0.501699 1.681045 -0.454000
v -0.346195 1.789075 -0.454000
v -0.319827 1.791041 -0.454000
v -0.017614 1.791041 -0.454000
v -0.014785 1.789075 -0.454000
v 0.152343 1.681045 -0.454000
v 0.155173 1.679080 -0.454790
v -0.162909 1.791041 -0.454000
v -0.612784 0.561067 0.454000
v 0.300467 0.561067 0.454000
v -0.162909 1.900053 0.454000
v -0.612784 1.569085 0.454000
v -0.634907 1.571050 0.454356
v 0.310825 1.571050 0.454356
v 0.286967 1.569085 0.454000
v 0.300467 0.653777 0.454000
v 0.300467 0.651812 0.454000
v 0.300467 0.743539 0.454000
v 0.300467 0.837232 0.454000
v 0.300467 0.835266 0.454000
v 0.300467 0.928959 0.454000
v 0.300467 0.926994 0.454000
v 0.300467 1.020686 0.454000
v 0.300467 1.018721 0.454000
v 0.300467 1.110448 0.454000
v 0.286967 1.387596 0.454000
v 0.286967 1.479323 0.454000
v -0.612784 1.479323 0.454000
v -0.612784 1.385630 0.454000
v -0.612784 1.387596 0.454000
v -0.612784 1.295868 0.454000
v -0.612784 1.204141 0.454000
v -0.612784 1.110448 0.454000
v -0.612784 1.112414 0.454000
v -0.612784 1.018721 0.454000
v -0.612784 1.020687 0.454000
v -0.612784 0.928959 0.454000
v -0.612784 0.835266 0.454000
v -0.612784 0.743539 0.454000
v -0.612784 0.745505 0.454000
v -0.612784 0.651812 0.454000
v -0.612784 0.653777 0.454000
v -0.504528 1.679080 0.454356
v -0.501699 1.681045 0.454000
v -0.346195 1.789075 0.454000
v -0.319827 1.791041 0.454000
v -0.005990 1.791041 0.454000
v -0.003161 1.789075 0.454000
v 0.152343 1.681045 0.454000
v 0.172246 1.679080 0.454356
v -0.162909 1.791041 0.454000
v -0.612784 0.561067 -0.475000
v 0.300467 0.561067 -0.475000
v -0.162909 1.900053 -0.475000
v -0.612784 1.569085 -0.475000
v 0.300467 1.569085 -0.475000
v 0.300467 0.651812 -0.475000
v 0.300467 0.745505 -0.475000
v 0.300467 0.835266 -0.475000
v 0.300467 0.928959 -0.475000
v 0.300467 0.926994 -0.475000
v 0.300467 1.020686 -0.475000
v 0.300467 1.018721 -0.475000
v 0.300467 1.112414 -0.475000
v 0.300467 1.204141 -0.475000
v 0.300467 1.202175 -0.475000
v 0.300467 1.295868 -0.475000
v 0.300467 1.293903 -0.475000
v 0.300467 1.385630 -0.475000
v 0.300467 1.479323 -0.475000
v -0.612784 1.479323 -0.475000
v -0.612784 1.385630 -0.475000
v -0.612784 1.293903 -0.475000
v -0.612784 1.295868 -0.475000
v -0.612784 1.202175 -0.475000
v -0.612784 1.204141 -0.475000
v -0.612784 1.112414 -0.475000
v -0.612784 1.018721 -0.475000
v -0.612784 1.020687 -0.475000
v -0.612784 0.926994 -0.475000
v -0.612784 0.928959 -0.475000
v -0.612784 0.835266 -0.475000
v -0.612784 0.745505 -0.475000
v -0.612784 0.651812 -0.475000
v -0.504528 1.679080 -0.475000
v -0.501699 1.681045 -0.475000
v -0.346195 1.789075 -0.475000
v -0.319827 1.791041 -0.475000
v -0.005990 1.791041 -0.475000
v -0.003161 1.789075 -0.475000
v 0.152343 1.681045 -0.475000
v 0.155173 1.679080 -0.475000
v -0.162909 1.791041 -0.475000
v -0.155738 0.928959 0.454000
v -0.155738 1.020686 0.475000
v -0.155738 1.036132 0.454000
v -0.155738 1.020686 0.454000
v -0.155738 1.018721 0.454000
v -0.155738 0.928959 0.475000
v -0.155738 1.036132 0.475000
v -0.155738 0.926994 0.454000
v -0.155738 0.926994 0.475000
v -0.465738 1.036132 0.454000
v -0.465738 1.020687 0.454000
v -0.465738 1.036132 0.475000
v -0.465738 1.020687 0.475000
v -0.465738 0.928959 0.454000
v -0.465738 1.018721 0.454000
v -0.465738 0.928959 0.475000
v -0.465738 1.018721 0.475000
v -0.465738 0.926994 0.475000
v -0.465738 0.835266 0.475000
v -0.465738 0.835266 0.454000
v -0.465738 0.768820 0.454000
v -0.465738 0.745505 0.475000
v -0.465738 0.837232 0.475000
v -0.465738 0.743539 0.475000
v -0.465738 0.745505 0.454000
v -0.465738 0.653777 0.475000
v -0.465738 0.596131 0.475000
v -0.465738 0.596131 0.454000
v -0.465738 0.653777 0.454000
v -0.465738 0.651812 0.454000
v -0.465738 0.711004 0.475000
v -0.465738 0.743539 0.454000
v -0.155738 0.837232 0.454000
v -0.155738 0.837232 0.475000
v -0.155738 0.835266 0.454000
v -0.155738 0.653777 0.475000
v -0.155738 0.743539 0.454000
v -0.155738 0.653777 0.454000
v -0.155738 0.596131 0.454000
v -0.155738 0.745505 0.475000
v -0.155738 0.651812 0.454000
v -0.155738 0.743539 0.475000
v -0.155738 0.596131 0.475000
v 0.288084 1.110448 0.454000
v 0.288084 1.096821 0.454000
v 0.288084 1.110448 0.475000
v 0.288084 1.096821 0.475000
v 0.286967 1.320463 0.454000
v 0.286967 1.320463 0.475000
v -0.021916 1.096821 0.454000
v -0.021916 1.096821 0.475000
v -0.021916 1.320463 0.454000
v -0.021916 1.320463 0.475000
v -0.021916 1.112414 0.454000
v -0.021916 1.112414 0.475000
v -0.021916 1.110448 0.454000
v -0.021916 1.110448 0.475000
v -0.021916 1.293903 0.475000
v -0.021916 1.295868 0.454000
v -0.021916 1.295868 0.475000
v -0.021916 1.204141 0.454000
v -0.021916 1.204141 0.475000
v -0.612784 1.566151 0.475000
v -0.612784 1.569085 0.472067
v 0.286967 1.569085 0.472067
v 0.286967 1.566151 0.475000
v 0.300467 0.651812 0.472067
v 0.300467 0.648879 0.475000
v 0.300467 0.835266 0.472067
v 0.300467 0.832333 0.475000
v 0.300467 1.018721 0.472067
v 0.300467 1.015788 0.475000
v 0.300467 1.390529 0.475000
v 0.300467 1.387596 0.472067
v 0.300467 1.477357 0.472067
v 0.300467 1.474424 0.475000
v -0.612784 1.474424 0.475000
v -0.612784 1.477357 0.472067
v -0.612784 1.387596 0.472067
v -0.612784 1.390529 0.475000
v -0.612784 1.199242 0.475000
v -0.612784 1.202175 0.472067
v -0.612784 0.648879 0.475000
v -0.612784 0.651812 0.472067
v -0.508068 1.676147 0.475000
v -0.504528 1.679080 0.472067
v 0.172246 1.679080 0.472067
v 0.176669 1.676147 0.475000
v -0.155738 1.015788 0.475000
v -0.155738 1.018721 0.472067
v -0.465738 0.651812 0.472067
v -0.465738 0.648879 0.475000
v -0.155738 0.832333 0.475000
v -0.155738 0.835266 0.472067
v -0.155738 0.648879 0.475000
v -0.155738 0.651812 0.472067
v -0.021916 1.202175 0.472067
v -0.021916 1.199242 0.475000
v -0.627644 1.577068 -0.475000
v -0.634907 1.571050 -0.468982
v 0.299053 1.571050 -0.468982
v 0.290389 1.577068 -0.475000
v 0.300467 0.653777 -0.468982
v 0.300467 0.659796 -0.475000
v 0.300467 0.737521 -0.475000
v 0.300467 0.743539 -0.468982
v 0.300467 0.837232 -0.468982
v 0.300467 0.843250 -0.475000
v 0.300467 1.104430 -0.475000
v 0.300467 1.110448 -0.468982
v 0.300467 1.387596 -0.468982
v 0.300467 1.393614 -0.475000
v 0.300467 1.471339 -0.475000
v 0.300467 1.477357 -0.468982
v -0.612784 1.477357 -0.468982
v -0.612784 1.471339 -0.475000
v -0.612784 1.393614 -0.475000
v -0.612784 1.387596 -0.468982
v -0.612784 1.110448 -0.468982
v -0.612784 1.104430 -0.475000
v -0.612784 0.843250 -0.475000
v -0.612784 0.837232 -0.468982
v -0.612784 0.743539 -0.468982
v -0.612784 0.737521 -0.475000
v -0.612784 0.659796 -0.475000
v -0.612784 0.653777 -0.468982
v -0.612784 1.565012 -0.455291
v -0.612784 1.569085 -0.458072
v 0.300467 1.569085 -0.458072
v 0.300467 1.565012 -0.455291
v 0.300467 0.749577 -0.454622
v 0.300467 0.745505 -0.458072
v 0.300467 1.024759 -0.454622
v 0.300467 1.020686 -0.458072
v 0.300467 1.110448 -0.458072
v 0.300467 1.106376 -0.454622
v 0.300467 1.293903 -0.458072
v 0.300467 1.289831 -0.454622
v 0.300467 1.477357 -0.458072
v 0.300467 1.473285 -0.454622
v -0.612784 1.473285 -0.454622
v -0.612784 1.477357 -0.458072
v -0.612784 1.289831 -0.454622
v -0.612784 1.293903 -0.458072
v -0.612784 1.106376 -0.454622
v -0.612784 1.110448 -0.458072
v -0.612784 1.020687 -0.458072
v -0.612784 1.024759 -0.454622
v -0.612784 0.745505 -0.458072
v -0.612784 0.749577 -0.454622
v 0.300467 0.745505 0.461821
v 0.300467 0.753326 0.454000
v 0.286967 1.469536 0.454000
v 0.300467 1.477357 0.461821
v -0.612784 1.477357 0.461821
v -0.612784 1.469536 0.454000
v -0.612784 1.293903 0.461821
v -0.612784 1.286082 0.454000
v -0.612784 1.202175 0.461821
v -0.612784 1.194355 0.454000
v -0.612784 0.926994 0.461821
v -0.612784 0.919173 0.454000
v -0.612784 0.845053 0.454000
v -0.612784 0.837232 0.461821
v -0.465738 0.837232 0.461821
v -0.465738 0.845053 0.454000
v -0.465738 0.919173 0.454000
v -0.465738 0.926994 0.461821
v -0.155738 0.753326 0.454000
v -0.155738 0.745505 0.461821
v -0.021916 1.286082 0.454000
v -0.021916 1.293903 0.461821
v -0.021916 1.194355 0.454000
v -0.021916 1.202175 0.461821
v 0.312091 0.561067 0.454000
v 0.312091 0.561067 -0.454000
v -0.637909 1.570067 -0.454000
v -0.637909 1.570067 0.454000
v 0.312091 1.570067 0.454000
v 0.312091 1.570067 -0.454000
v 0.312091 1.511697 -0.454000
v 0.312091 1.452344 -0.454000
v 0.312091 1.392991 -0.454000
v 0.312091 1.391026 -0.454000
v 0.312091 1.333638 -0.454000
v 0.312091 1.272320 -0.454000
v 0.312091 1.214932 -0.454000
v 0.312091 1.212967 -0.454000
v 0.312091 1.155580 -0.454000
v 0.312091 1.096227 -0.454000
v 0.312091 1.036874 -0.454000
v 0.312091 1.034908 -0.454000
v 0.312091 0.977521 -0.454000
v 0.312091 0.918168 -0.454000
v 0.312091 0.858815 -0.454000
v 0.312091 0.856849 -0.454000
v 0.312091 0.799462 -0.454000
v 0.312091 0.738143 -0.454000
v 0.312091 0.680756 -0.454000
v 0.312091 0.678790 -0.454000
v 0.312091 0.621403 -0.454000
v 0.312091 0.619437 -0.454000
v 0.312091 0.619437 0.454000
v 0.312091 0.621403 0.454000
v 0.312091 0.678790 0.454000
v 0.312091 0.740109 0.454000
v 0.312091 0.797496 0.454000
v 0.312091 0.799462 0.454000
v 0.312091 0.856849 0.454000
v 0.312091 0.858815 0.454000
v 0.312091 0.918168 0.454000
v 0.312091 0.977521 0.454000
v 0.312091 1.034908 0.454000
v 0.312091 1.036874 0.454000
v 0.312091 1.096227 0.454000
v 0.312091 1.155579 0.454000
v 0.312091 1.212967 0.454000
v 0.312091 1.214932 0.454000
v 0.312091 1.272320 0.454000
v 0.312091 1.333638 0.454000
v 0.312091 1.391026 0.454000
v 0.312091 1.392991 0.454000
v 0.312091 1.452344 0.454000
v 0.312091 1.511697 0.454000
v -0.637909 1.036874 -0.454000
v -0.637909 1.094261 -0.454000
v -0.637909 1.155579 -0.454000
v -0.637909 1.212967 -0.454000
v -0.637909 1.214932 -0.454000
v -0.637909 1.272320 -0.454000
v -0.637909 1.274285 -0.454000
v -0.637909 1.331673 -0.454000
v -0.637909 1.391026 -0.454000
v -0.637909 1.392991 -0.454000
v -0.637909 1.452344 -0.454000
v -0.637909 1.509732 -0.454000
v -0.637909 1.511697 -0.454000
v -0.637909 1.511697 0.454000
v -0.637909 1.509732 0.454000
v -0.637909 1.452344 0.454000
v -0.637909 1.392991 0.454000
v -0.637909 1.391026 0.454000
v -0.637909 1.331673 0.454000
v -0.637909 1.274285 0.454000
v -0.637909 1.272320 0.454000
v -0.637909 1.214932 0.454000
v -0.637909 1.212967 0.454000
v -0.637909 1.155580 0.454000
v -0.637909 1.094261 0.454000
v -0.637909 1.036874 0.454000
v 0.291091 0.561067 0.454000
v 0.291091 0.561067 -0.454000
v -0.616909 1.588184 -0.454000
v -0.616909 1.588184 0.454000
v 0.291091 1.588184 0.454000
v 0.291091 1.588184 -0.454000
v 0.291091 1.511697 -0.454000
v 0.291091 1.509732 -0.454000
v 0.291091 1.452344 -0.454000
v 0.291091 1.450379 -0.454000
v 0.291091 1.391026 -0.454000
v 0.291091 1.333638 -0.454000
v 0.291091 1.331673 -0.454000
v 0.291091 1.274285 -0.454000
v 0.291091 1.214932 -0.454000
v 0.291091 1.212967 -0.454000
v 0.291091 1.155580 -0.454000
v 0.291091 1.094261 -0.454000
v 0.291091 1.036874 -0.454000
v 0.291091 1.034908 -0.454000
v 0.291091 0.977521 -0.454000
v 0.291091 0.975555 -0.454000
v 0.291091 0.918168 -0.454000
v 0.291091 0.916202 -0.454000
v 0.291091 0.858815 -0.454000
v 0.291091 0.856849 -0.454000
v 0.291091 0.799462 -0.454000
v 0.291091 0.797496 -0.454000
v 0.291091 0.740109 -0.454000
v 0.291091 0.680756 -0.454000
v 0.291091 0.678790 -0.454000
v 0.291091 0.621403 -0.454000
v 0.291091 0.619437 -0.454000
v 0.291091 0.619437 0.454000
v 0.291091 0.621403 0.454000
v 0.291091 0.678790 0.454000
v 0.291091 0.680756 0.454000
v 0.291091 0.738143 0.454000
v 0.291091 0.797496 0.454000
v 0.291091 0.856849 0.454000
v 0.291091 0.858815 0.454000
v 0.291091 0.916202 0.454000
v 0.291091 0.918168 0.454000
v 0.291091 0.975555 0.454000
v 0.291091 0.977521 0.454000
v 0.291091 1.034908 0.454000
v 0.291091 1.036874 0.454000
v 0.291091 1.094261 0.454000
v 0.291091 1.155579 0.454000
v 0.291091 1.212967 0.454000
v 0.291091 1.214932 0.454000
v 0.291091 1.274285 0.454000
v 0.291091 1.331673 0.454000
v 0.291091 1.333638 0.454000
v 0.291091 1.391026 0.454000
v 0.291091 1.450379 0.454000
v 0.291091 1.452344 0.454000
v 0.291091 1.509732 0.454000
v 0.291091 1.511697 0.454000
v -0.616909 1.036874 -0.454000
v -0.616909 1.094261 -0.454000
v -0.616909 1.096227 -0.454000
v -0.616909 1.153614 -0.454000
v -0.616909 1.214932 -0.454000
v -0.616909 1.274285 -0.454000
v -0.616909 1.331673 -0.454000
v -0.616909 1.333638 -0.454000
v -0.616909 1.391026 -0.454000
v -0.616909 1.450379 -0.454000
v -0.616909 1.452344 -0.454000
v -0.616909 1.509732 -0.454000
v -0.616909 1.511697 -0.454000
v -0.616909 1.511697 0.454000
v -0.616909 1.509732 0.454000
v -0.616909 1.452344 0.454000
v -0.616909 1.450379 0.454000
v -0.616909 1.391026 0.454000
v -0.616909 1.333638 0.454000
v -0.616909 1.331673 0.454000
v -0.616909 1.274285 0.454000
v -0.616909 1.214932 0.454000
v -0.616909 1.153614 0.454000
v -0.616909 1.096227 0.454000
v -0.616909 1.094261 0.454000
v -0.616909 1.036874 0.454000
v 0.312091 0.738143 -0.144407
v 0.291091 0.678790 -0.144407
v 0.312091 0.678790 -0.144407
v 0.291091 0.621403 -0.144407
v 0.312091 0.619437 -0.144407
v 0.312091 0.580969 -0.144407
v 0.312091 0.621403 -0.144407
v 0.291091 0.619437 -0.144407
v 0.312091 0.680756 -0.144407
v 0.291091 0.680756 -0.144407
v 0.312091 0.561067 -0.144407
v 0.291091 0.561067 -0.144407
v 0.312091 0.879605 -0.144407
v 0.291091 0.879605 -0.144407
v 0.291091 0.858815 -0.144407
v 0.291091 0.799462 -0.144407
v 0.312091 0.856849 -0.144407
v 0.291091 0.797496 -0.144407
v 0.312091 0.799462 -0.144407
v 0.291091 0.740109 -0.144407
v 0.291091 0.856849 -0.144407
v 0.312091 0.858815 -0.144407
v 0.291091 0.879605 0.150170
v 0.291091 0.858815 0.150170
v 0.312091 0.856849 0.150170
v 0.291091 0.797496 0.150170
v 0.312091 0.799462 0.150170
v 0.312091 0.740109 0.150170
v 0.291091 0.738143 0.150170
v 0.312091 0.797496 0.150170
v 0.291091 0.856849 0.150170
v 0.312091 0.879605 0.150170
v 0.312091 0.858815 0.150170
v 0.312091 0.678790 0.150170
v 0.312091 0.657348 0.150170
v 0.291091 0.678790 0.150170
v 0.291091 0.621403 0.150170
v 0.312091 0.619437 0.150170
v 0.312091 0.621403 0.150170
v 0.291091 0.619437 0.150170
v 0.291091 0.680756 0.150170
v 0.312091 0.561067 0.150170
v 0.291091 0.561067 0.150170
v -0.616909 1.049069 -0.438395
v -0.616909 1.036874 -0.438395
v -0.637909 1.036874 -0.438395
v -0.637909 1.049069 -0.438395
v -0.616909 1.049069 0.438395
v -0.637909 1.049069 0.438395
v -0.616909 1.036874 0.438395
v -0.637909 1.036874 0.438395
v -0.637909 1.035775 -0.438395
v -0.616909 1.035775 -0.438395
v -0.637909 1.035775 -0.454000
v -0.616909 1.035775 -0.454000
v -0.637909 0.560047 -0.454000
v -0.637909 0.561067 -0.438395
v -0.616909 0.560047 -0.454000
v -0.637909 1.035775 0.454000
v -0.616909 1.035775 0.454000
v -0.637909 1.035775 0.438395
v -0.616909 1.035775 0.438395
v -0.637909 0.560047 0.438395
v -0.637909 0.560047 0.454000
v -0.616909 0.560047 0.454000
v -0.616909 0.566689 -0.438395
v -0.637909 0.566689 -0.438395
v -0.616909 0.566689 0.438395
v -0.637909 0.566689 0.438395
v -0.637909 0.561067 0.438395
v -0.616909 0.560047 0.438395
v -0.637909 0.560047 -0.438395
v -0.616909 0.560047 -0.438395
v 0.307916 1.509732 -0.454000
v 0.312091 1.505556 -0.454000
v 0.307916 1.450379 -0.454000
v 0.312091 1.446203 -0.454000
v 0.307916 1.331673 -0.454000
v 0.312091 1.327498 -0.454000
v 0.312091 1.278461 -0.454000
v 0.307916 1.274285 -0.454000
v 0.307916 1.153614 -0.454000
v 0.312091 1.149439 -0.454000
v 0.307916 1.094261 -0.454000
v 0.312091 1.090086 -0.454000
v 0.307916 0.975555 -0.454000
v 0.312091 0.971380 -0.454000
v 0.307916 0.916202 -0.454000
v 0.312091 0.912027 -0.454000
v 0.307916 0.797496 -0.454000
v 0.312091 0.793321 -0.454000
v 0.312091 0.744284 -0.454000
v 0.307916 0.740109 -0.454000
v 0.307916 0.680756 0.454000
v 0.312091 0.684931 0.454000
v 0.312091 0.733968 0.454000
v 0.307916 0.738143 0.454000
v 0.312091 0.912027 0.454000
v 0.307916 0.916202 0.454000
v 0.312091 0.971380 0.454000
v 0.307916 0.975555 0.454000
v 0.312091 1.090086 0.454000
v 0.307916 1.094261 0.454000
v 0.312091 1.149439 0.454000
v 0.307916 1.153614 0.454000
v 0.307916 1.274285 0.454000
v 0.312091 1.278461 0.454000
v 0.312091 1.327497 0.454000
v 0.307916 1.331673 0.454000
v 0.312091 1.446203 0.454000
v 0.307916 1.450379 0.454000
v 0.312091 1.505556 0.454000
v 0.307916 1.509732 0.454000
v 0.307916 0.740109 -0.144407
v 0.312091 0.744284 -0.144407
v 0.312091 0.793321 -0.144407
v 0.307916 0.797496 -0.144407
v 0.307916 0.738143 0.150170
v 0.312091 0.733968 0.150170
v 0.312091 0.684931 0.150170
v 0.307916 0.680756 0.150170
v -0.634558 1.096227 -0.454000
v -0.637909 1.099577 -0.454000
v -0.637909 1.150264 -0.454000
v -0.634558 1.153614 -0.454000
v -0.634558 1.333638 -0.454000
v -0.637909 1.336989 -0.454000
v -0.637909 1.447028 -0.454000
v -0.634558 1.450379 -0.454000
v -0.634558 1.450379 0.454000
v -0.637909 1.447028 0.454000
v -0.637909 1.336989 0.454000
v -0.634558 1.333638 0.454000
v -0.634558 1.153614 0.454000
v -0.637909 1.150264 0.454000
v -0.637909 1.099577 0.454000
v -0.634558 1.096227 0.454000
v 0.294487 1.392991 -0.454000
v 0.291091 1.396387 -0.454000
v 0.291091 1.268924 -0.454000
v 0.294487 1.272320 -0.454000
v 0.291091 1.150218 -0.454000
v 0.294487 1.153614 -0.454000
v 0.294487 1.096227 -0.454000
v 0.291091 1.099622 -0.454000
v 0.291091 0.734748 -0.454000
v 0.294487 0.738143 -0.454000
v 0.291091 0.743504 0.454000
v 0.294487 0.740109 0.454000
v 0.291091 0.802857 0.454000
v 0.294487 0.799462 0.454000
v 0.291091 1.099622 0.454000
v 0.294487 1.096227 0.454000
v 0.294487 1.153614 0.454000
v 0.291091 1.150218 0.454000
v 0.294487 1.272320 0.454000
v 0.291091 1.268924 0.454000
v 0.291091 1.396387 0.454000
v 0.294487 1.392991 0.454000
v 0.294487 0.738143 -0.144407
v 0.291091 0.734748 -0.144407
v 0.294487 0.799462 0.150170
v 0.291091 0.802857 0.150170
v 0.294487 0.740109 0.150170
v 0.291091 0.743504 0.150170
v -0.616909 1.159128 -0.454000
v -0.620457 1.155579 -0.454000
v -0.620457 1.212967 -0.454000
v -0.616909 1.209419 -0.454000
v -0.620457 1.272320 -0.454000
v -0.616909 1.268772 -0.454000
v -0.616909 1.396539 -0.454000
v -0.620457 1.392991 -0.454000
v -0.620457 1.392991 0.454000
v -0.616909 1.396539 0.454000
v -0.616909 1.268772 0.454000
v -0.620457 1.272320 0.454000
v -0.616909 1.209419 0.454000
v -0.620457 1.212967 0.454000
v -0.620457 1.155580 0.454000
v -0.616909 1.159128 0.454000
v 1.303270 -0.000135 0.139703
v 1.308873 0.009921 0.139703
v 1.303270 -0.000135 -0.139703
v 1.308873 0.009921 -0.139703
v 0.313762 0.551203 -0.139703
v 0.313762 0.551203 0.139703
v 0.319365 0.561259 0.139703
v 0.319365 0.561259 -0.139703
v 0.376269 0.529553 0.139703
v 0.366186 0.535171 0.139703
v 0.376269 0.529553 -0.139703
v 0.366186 0.535171 -0.139703
v 0.369826 0.541704 -0.139703
v 0.369826 0.541704 0.139703
v 0.379909 0.536086 0.139703
v 0.379909 0.536086 -0.139703
v 0.503818 0.458485 0.139703
v 0.493735 0.464103 0.139703
v 0.503818 0.458485 -0.139703
v 0.493735 0.464103 -0.139703
v 0.497375 0.470636 -0.139703
v 0.497375 0.470636 0.139703
v 0.507458 0.465018 0.139703
v 0.507458 0.465018 -0.139703
v 0.631367 0.387417 0.139703
v 0.621284 0.393035 0.139703
v 0.631367 0.387417 -0.139703
v 0.621284 0.393035 -0.139703
v 0.624924 0.399567 -0.139703
v 0.624924 0.399567 0.139703
v 0.635007 0.393949 0.139703
v 0.635007 0.393949 -0.139703
v 0.758916 0.316348 0.139703
v 0.748833 0.321966 0.139703
v 0.758916 0.316348 -0.139703
v 0.748833 0.321966 -0.139703
v 0.752473 0.328499 -0.139703
v 0.752473 0.328499 0.139703
v 0.762556 0.322881 0.139703
v 0.762556 0.322881 -0.139703
v 0.886465 0.245280 0.139703
v 0.876382 0.250898 0.139703
v 0.886465 0.245280 -0.139703
v 0.876382 0.250898 -0.139703
v 0.880022 0.257431 -0.139703
v 0.880022 0.257431 0.139703
v 0.890105 0.251813 0.139703
v 0.890105 0.251813 -0.139703
v 1.014014 0.174212 0.139703
v 1.003931 0.179830 0.139703
v 1.014014 0.174212 -0.139703
v 1.003931 0.179830 -0.139703
v 1.007571 0.186362 -0.139703
v 1.007571 0.186362 0.139703
v 1.017654 0.180744 0.139703
v 1.017654 0.180744 -0.139703
v 1.141563 0.103143 0.139703
v 1.131480 0.108761 0.139703
v 1.141563 0.103143 -0.139703
v 1.131480 0.108761 -0.139703
v 1.135120 0.115294 -0.139703
v 1.135120 0.115294 0.139703
v 1.145203 0.109676 0.139703
v 1.145203 0.109676 -0.139703
v 1.269112 0.032075 0.139703
v 1.259029 0.037693 0.139703
v 1.269112 0.032075 -0.139703
v 1.259029 0.037693 -0.139703
v 1.262669 0.044226 -0.139703
v 1.262669 0.044226 0.139703
v 1.272752 0.038608 0.139703
v 1.272752 0.038608 -0.139703
v 0.286967 1.385630 0.475000
v 0.286967 1.385630 0.454000
vn -0.0000 -0.0000 -1.0000
vn -0.0000 -0.0000 1.0000
vn 1.0000 -0.0000 -0.0000
vn -1.0000 -0.0000 -0.0000
vn -0.0000 1.0000 -0.0000
vn -0.5705 -0.8213 -0.0000
vn 0.5705 0.8213 -0.0000
vn -0.8213 0.5705 -0.0000
vn 0.8213 -0.5705 -0.0000
vn 0.5705 -0.8213 -0.0000
vn -0.5705 0.8213 -0.0000
vn 0.8213 0.5705 -0.0000
vn -0.8213 -0.5705 -0.0000
vn -0.4409 0.8975 -0.0000
vn -0.0000 -1.0000 -0.0000
vn 0.4409 0.8975 -0.0000
vn 0.9973 0.0739 -0.0000
vn -0.0000 -0.0098 1.0000
vn 0.0080 -0.0000 -1.0000
vn 0.0064 -0.0000 -1.0000
vn 0.0047 -0.0000 -1.0000
vn 0.0031 -0.0000 -1.0000
vn 0.0015 -0.0000 -1.0000
vn 0.0004 -0.0218 0.9998
vn 0.0034 -0.0361 0.9993
vn 0.0089 -0.0498 0.9987
vn 0.0166 -0.0627 0.9979
vn 0.0256 -0.0732 0.9970
vn 0.9981 0.0610 -0.0000
vn 0.9989 0.0470 -0.0000
vn 0.9994 0.0332 -0.0000
vn 0.9998 0.0198 -0.0000
vn 1.0000 0.0088 -0.0000
vn 0.0097 -0.0000 -1.0000
vn -0.4582 0.8888 -0.0000
vn -0.4166 0.8498 -0.3229
vn -0.3619 0.8859 -0.2902
vn 0.4000 -0.9165 -0.0000
vn -0.3008 0.9202 -0.2504
vn 0.3289 -0.9444 -0.0000
vn -0.2332 0.9512 -0.2022
vn 0.2522 -0.9677 -0.0000
vn -0.1596 0.9765 -0.1447
vn 0.1708 -0.9853 -0.0000
vn -0.0812 0.9937 -0.0772
vn 0.0862 -0.9963 -0.0000
vn 0.0811 -0.9930 -0.0856
vn -0.0859 0.9963 -0.0000
vn 0.1587 -0.9713 -0.1770
vn -0.1698 0.9855 -0.0000
vn 0.2292 -0.9350 -0.2706
vn -0.2500 0.9682 -0.0000
vn 0.2895 -0.8859 -0.3624
vn -0.3253 0.9456 -0.0000
vn 0.3380 -0.8272 -0.4488
vn -0.3949 0.9187 -0.0000
vn -0.3567 0.9342 -0.0000
vn -0.4372 0.8994 -0.0000
vn -0.1773 0.9842 -0.0000
vn 0.9842 0.1773 -0.0000
vn 0.1773 0.9842 -0.0000
vn -0.9842 0.1773 -0.0000
vn -0.0000 0.7071 0.7071
vn -0.0000 -0.7071 0.7071
vn -0.0000 -0.7071 -0.7071
vn -0.0000 0.7071 -0.7071
vn -0.0000 0.5639 0.8258
vn -0.0000 -0.6464 0.7630
vn -0.0000 0.6464 0.7630
vn -0.6532 0.7572 -0.0000
vn 0.6532 0.7572 -0.0000
vn -0.0484 -0.9967 0.0652
vn 0.7071 -0.7071 -0.0000
vn 0.7071 0.7071 -0.0000
vn -0.7071 -0.7071 -0.0000
vn -0.7071 0.7071 -0.0000
vn 0.8736 -0.4867 -0.0000
vn -0.8736 0.4867 -0.0000
vn 0.4867 0.8736 -0.0000
vn -0.4867 -0.8736 -0.0000
vn 0.8735 -0.4867 -0.0000
vn -0.8735 0.4868 -0.0000
vn 0.0015 -0.0000 1.0000
vn 0.0166 -0.0627 -0.9979
vn 0.0089 -0.0498 -0.9987
vn 0.0034 -0.0361 -0.9993
vn 0.0004 -0.0218 -0.9998
vn -0.0000 -0.0098 -1.0000
vn 0.0031 -0.0000 1.0000
vn 0.0047 -0.0000 1.0000
vn 0.0064 -0.0000 1.0000
vn 0.0080 -0.0000 1.0000
vn 0.0097 -0.0000 1.0000
vn 0.0256 -0.0732 -0.9970
vn -0.4166 0.8498 0.3229
vn 0.3380 -0.8272 0.4488
vn -0.3254 0.9456 -0.0000
vn 0.2895 -0.8859 0.3624
vn 0.2292 -0.9350 0.2706
vn 0.1587 -0.9713 0.1770
vn 0.0811 -0.9930 0.0856
vn -0.0812 0.9937 0.0772
vn -0.1596 0.9765 0.1447
vn -0.2332 0.9512 0.2022
vn -0.3008 0.9202 0.2504
vn -0.3619 0.8859 0.2902
vn -0.0000 0.7072 0.7071
vn 0.4867 0.8735 -0.0000
vn 0.8735 -0.4868 -0.0000
vt 0.231212 0.812817
vt 0.231527 0.848673
vt 0.231527 0.812817
vt 0.231212 0.849487
vt 0.231205 0.848673
vt 0.231519 0.812817
vt 0.231205 0.812817
vt 0.231519 0.849487
vt 0.575878 0.842024
vt 0.573418 0.842024
vt 0.575878 0.839961
vt 0.573418 0.839961
vt 0.573418 0.839961
vt 0.575878 0.839961
vt 0.065770 0.967377
vt 0.065839 0.953459
vt 0.065840 0.953845
vt 0.065771 0.967763
vt 0.065840 0.953845
vt 0.065701 0.953459
vt 0.065769 0.967763
vt 0.065700 0.953845
vt 0.065700 0.953845
vt 0.241096 0.808368
vt 0.240977 0.847015
vt 0.240977 0.808368
vt 0.241096 0.860575
vt 0.241215 0.847015
vt 0.241215 0.808368
vt 0.192418 0.874292
vt 0.192418 0.866496
vt 0.200631 0.817370
vt 0.197698 0.825174
vt 0.200631 0.828344
vt 0.192418 0.826541
vt 0.195351 0.826541
vt 0.192418 0.866172
vt 0.195351 0.871217
vt 0.195351 0.882024
vt 0.197698 0.849045
vt 0.200631 0.850915
vt 0.200631 0.861727
vt 0.192418 0.850259
vt 0.195351 0.848955
vt 0.195351 0.859771
vt 0.197698 0.833132
vt 0.200631 0.828654
vt 0.200631 0.839472
vt 0.192418 0.834345
vt 0.195351 0.837516
vt 0.195351 0.837825
vt 0.192418 0.842303
vt 0.195351 0.848643
vt 0.195351 0.848955
vt 0.195351 0.859771
vt 0.200631 0.862046
vt 0.197698 0.857001
vt 0.200631 0.872853
vt 0.195351 0.882349
vt 0.195351 0.893315
vt 0.192418 0.866172
vt 0.192418 0.858535
vt 0.192418 0.858216
vt 0.192418 0.850574
vt 0.197698 0.841088
vt 0.197698 0.833443
vt 0.192418 0.834655
vt 0.197698 0.817370
vt 0.197698 0.825174
vt 0.192605 0.866496
vt 0.192562 0.874292
vt 0.195351 0.828640
vt 0.192573 0.834345
vt 0.192576 0.828640
vt 0.192563 0.866172
vt 0.195351 0.860086
vt 0.192565 0.858216
vt 0.195351 0.870898
vt 0.192567 0.850259
vt 0.195351 0.837825
vt 0.192569 0.842303
vt 0.192573 0.834345
vt 0.192581 0.834655
vt 0.192586 0.842614
vt 0.192592 0.850574
vt 0.192563 0.866172
vt 0.192598 0.858535
vt 0.192592 0.850574
vt 0.192586 0.842614
vt 0.195351 0.837515
vt 0.192418 0.842614
vt 0.192418 0.850574
vt 0.195351 0.882024
vt 0.192418 0.842614
vt 0.192418 0.834345
vt 0.604235 0.917048
vt 0.602243 0.898391
vt 0.604235 0.840235
vt 0.602243 0.840235
vt 0.604235 0.840235
vt 0.602243 0.840235
vt 0.596714 0.964369
vt 0.593616 0.972263
vt 0.593616 0.964369
vt 0.596714 0.972263
vt 0.230322 0.904603
vt 0.233771 0.904603
vt 0.233771 0.964377
vt 0.230322 0.962701
vt 0.230322 0.962701
vt 0.229058 0.825888
vt 0.232107 0.825889
vt 0.229058 0.825889
vt 0.232107 0.853852
vt 0.229058 0.853852
vt 0.232107 0.825888
vt 0.613526 0.944996
vt 0.613655 0.944996
vt 0.613655 0.977449
vt 0.613526 0.977449
vt 0.613655 0.947370
vt 0.615960 0.944996
vt 0.615960 0.947370
vt 0.613655 0.975075
vt 0.615960 0.975075
vt 0.615960 0.977449
vt 0.614764 0.947370
vt 0.614764 0.975075
vt 0.614851 0.975075
vt 0.614851 0.947370
vt 0.613655 0.962021
vt 0.615960 0.962021
vt 0.615960 0.960425
vt 0.613655 0.960425
vt 0.221820 0.488329
vt 0.221931 0.480350
vt 0.217472 0.461005
vt 0.217486 0.463041
vt 0.217298 0.476481
vt 0.203156 0.584311
vt 0.203349 0.570429
vt 0.228860 0.505865
vt 0.228971 0.497887
vt 0.203546 0.556293
vt 0.203738 0.542495
vt 0.221595 0.504480
vt 0.221706 0.496502
vt 0.216889 0.502821
vt 0.217082 0.489023
vt 0.217091 0.490422
vt 0.221714 0.497679
vt 0.221603 0.505657
vt 0.203738 0.542495
vt 0.203748 0.543894
vt 0.228977 0.498696
vt 0.203363 0.572465
vt 0.203169 0.586347
vt 0.221939 0.481528
vt 0.221828 0.489506
vt 0.217278 0.474887
vt 0.216903 0.504857
vt 0.228868 0.507043
vt 0.217288 0.476286
vt 0.217089 0.491502
vt 0.203560 0.558329
vt 0.217472 0.461005
vt 0.203746 0.544974
vt 0.228976 0.499321
vt 0.217288 0.476286
vt 0.203748 0.543894
vt 0.228977 0.498696
vt 0.220561 0.480350
vt 0.220672 0.488329
vt 0.201931 0.502019
vt 0.201743 0.488579
vt 0.201757 0.486543
vt 0.202926 0.570429
vt 0.203119 0.584311
vt 0.215685 0.530924
vt 0.215878 0.544722
vt 0.215491 0.516957
vt 0.215683 0.530755
vt 0.202342 0.528528
vt 0.202534 0.542326
vt 0.215102 0.489023
vt 0.215294 0.502821
vt 0.215092 0.490422
vt 0.202521 0.544362
vt 0.202328 0.530564
vt 0.215481 0.518356
vt 0.215491 0.516957
vt 0.215676 0.532323
vt 0.203105 0.586347
vt 0.202912 0.572465
vt 0.220665 0.489506
vt 0.220553 0.481528
vt 0.201951 0.500425
vt 0.215280 0.504857
vt 0.215864 0.546758
vt 0.201941 0.501824
vt 0.215094 0.491502
vt 0.215669 0.532791
vt 0.201757 0.486543
vt 0.215483 0.519436
vt 0.215678 0.533403
vt 0.201941 0.501824
vt 0.215481 0.518356
vt 0.215676 0.532322
vt 0.574173 0.968920
vt 0.575465 0.957766
vt 0.573771 0.957766
vt 0.569530 0.950357
vt 0.569937 0.950357
vt 0.569530 0.961613
vt 0.568365 0.823363
vt 0.569549 0.826984
vt 0.570730 0.823363
vt 0.568746 0.826984
vt 0.573864 0.857610
vt 0.573864 0.860969
vt 0.573483 0.860969
vt 0.573864 0.861172
vt 0.573483 0.870440
vt 0.573483 0.861172
vt 0.568746 0.851877
vt 0.568365 0.861145
vt 0.568365 0.851877
vt 0.573864 0.880114
vt 0.573483 0.889381
vt 0.573483 0.880114
vt 0.568365 0.889760
vt 0.569895 0.899028
vt 0.568365 0.899028
vt 0.569895 0.898220
vt 0.568365 0.898220
vt 0.573426 0.946409
vt 0.575516 0.957563
vt 0.575907 0.946409
vt 0.568365 0.860337
vt 0.568746 0.852685
vt 0.568365 0.852685
vt 0.569124 0.950357
vt 0.573483 0.851701
vt 0.575848 0.851701
vt 0.574648 0.969123
vt 0.575024 0.969123
vt 0.574648 0.980378
vt 0.573483 0.860969
vt 0.568365 0.842406
vt 0.570730 0.842406
vt 0.568365 0.870819
vt 0.570730 0.870819
vt 0.572463 0.858457
vt 0.570098 0.867724
vt 0.570098 0.858457
vt 0.575848 0.880114
vt 0.570730 0.880086
vt 0.568365 0.880086
vt 0.570098 0.886869
vt 0.572463 0.896137
vt 0.570098 0.896137
vt 0.575848 0.936735
vt 0.573483 0.936735
vt 0.570730 0.899231
vt 0.568365 0.908499
vt 0.568365 0.899231
vt 0.575032 0.968920
vt 0.568365 0.832733
vt 0.574242 0.969123
vt 0.574667 0.889079
vt 0.574667 0.889381
vt 0.574667 0.880114
vt 0.564980 0.915254
vt 0.567345 0.905986
vt 0.564980 0.905986
vt 0.573864 0.860969
vt 0.573864 0.851701
vt 0.573864 0.870440
vt 0.573864 0.863579
vt 0.568746 0.861145
vt 0.573483 0.898852
vt 0.573483 0.889584
vt 0.573864 0.891179
vt 0.571628 0.896137
vt 0.570098 0.896137
vt 0.570730 0.823363
vt 0.575054 0.969123
vt 0.575848 0.860969
vt 0.570098 0.934020
vt 0.572463 0.924752
vt 0.570098 0.924752
vt 0.570730 0.851674
vt 0.568365 0.851674
vt 0.575848 0.917794
vt 0.573483 0.917794
vt 0.575848 0.889381
vt 0.573483 0.927467
vt 0.575848 0.927467
vt 0.573483 0.908526
vt 0.570730 0.908499
vt 0.573483 0.936315
vt 0.568365 0.823363
vt 0.564980 0.914951
vt 0.575516 0.957563
vt 0.573763 0.957563
vt 0.573864 0.889381
vt 0.569895 0.889760
vt 0.574667 0.891179
vt 0.568746 0.832733
vt 0.571628 0.895329
vt 0.570098 0.895329
vt 0.575013 0.917997
vt 0.573483 0.917997
vt 0.571628 0.886869
vt 0.570098 0.895834
vt 0.575848 0.927770
vt 0.573483 0.936432
vt 0.573483 0.927770
vt 0.575907 0.946409
vt 0.574667 0.851701
vt 0.575848 0.851701
vt 0.573483 0.935928
vt 0.574667 0.870643
vt 0.575848 0.870643
vt 0.574667 0.889584
vt 0.575848 0.889584
vt 0.575528 0.957260
vt 0.573754 0.957260
vt 0.575062 0.968920
vt 0.568327 0.928265
vt 0.570354 0.938797
vt 0.570704 0.928265
vt 0.570098 0.933599
vt 0.570730 0.832733
vt 0.575848 0.860348
vt 0.573483 0.852323
vt 0.573483 0.860348
vt 0.570730 0.842827
vt 0.568365 0.842827
vt 0.572463 0.867724
vt 0.570098 0.859078
vt 0.570730 0.879465
vt 0.568365 0.879465
vt 0.570730 0.871239
vt 0.568365 0.879666
vt 0.568365 0.871239
vt 0.572463 0.886869
vt 0.575848 0.908526
vt 0.573483 0.917373
vt 0.573483 0.936114
vt 0.575848 0.928089
vt 0.573483 0.928089
vt 0.568645 0.938797
vt 0.575013 0.897445
vt 0.575816 0.897445
vt 0.574667 0.860969
vt 0.574667 0.851701
vt 0.573864 0.889584
vt 0.569549 0.851674
vt 0.569549 0.843214
vt 0.569549 0.851371
vt 0.569549 0.832430
vt 0.569549 0.832733
vt 0.568746 0.832430
vt 0.574667 0.879911
vt 0.575848 0.889079
vt 0.569549 0.842406
vt 0.570730 0.851371
vt 0.575848 0.860969
vt 0.573483 0.851701
vt 0.568746 0.860337
vt 0.575848 0.879911
vt 0.575816 0.898852
vt 0.575848 0.898852
vt 0.575013 0.898852
vt 0.568308 0.927643
vt 0.567345 0.914951
vt 0.570730 0.832430
vt 0.575848 0.936432
vt 0.568365 0.832430
vt 0.571628 0.895834
vt 0.567345 0.915254
vt 0.570727 0.927643
vt 0.575848 0.852323
vt 0.572463 0.859078
vt 0.572463 0.933599
vt 0.570730 0.879666
vt 0.575848 0.917373
vt 0.575848 0.936315
vt 0.572463 0.934020
vt 0.575848 0.935928
vt 0.570730 0.843214
vt 0.569736 0.941722
vt 0.566947 0.941722
vt 0.584129 0.880605
vt 0.583195 0.885927
vt 0.583195 0.880605
vt 0.567880 0.869412
vt 0.567880 0.871368
vt 0.566947 0.871368
vt 0.584129 0.896751
vt 0.583195 0.896751
vt 0.567880 0.876959
vt 0.566947 0.882191
vt 0.566947 0.876959
vt 0.584129 0.902342
vt 0.583195 0.907575
vt 0.583195 0.902342
vt 0.585034 0.897311
vt 0.585985 0.901783
vt 0.585034 0.901783
vt 0.569736 0.893015
vt 0.566947 0.893015
vt 0.585985 0.918578
vt 0.583195 0.923811
vt 0.583195 0.918578
vt 0.582600 0.906213
vt 0.579810 0.906213
vt 0.569736 0.909251
vt 0.566947 0.909251
vt 0.585985 0.934814
vt 0.583195 0.940046
vt 0.583195 0.934814
vt 0.585985 0.940226
vt 0.583195 0.945458
vt 0.583195 0.940226
vt 0.566947 0.925666
vt 0.569736 0.925666
vt 0.582600 0.938863
vt 0.579810 0.944096
vt 0.579810 0.938863
vt 0.569736 0.930898
vt 0.566947 0.930898
vt 0.583243 0.925102
vt 0.583195 0.929223
vt 0.585985 0.929223
vt 0.583195 0.934635
vt 0.585985 0.934635
vt 0.566947 0.914842
vt 0.569736 0.920075
vt 0.569736 0.914842
vt 0.579810 0.928039
vt 0.582600 0.933272
vt 0.582600 0.928039
vt 0.583195 0.945638
vt 0.585985 0.950870
vt 0.585985 0.945638
vt 0.579810 0.949508
vt 0.582600 0.949508
vt 0.583195 0.961873
vt 0.585985 0.967106
vt 0.585985 0.961873
vt 0.583195 0.967285
vt 0.585985 0.972607
vt 0.585985 0.967285
vt 0.583195 0.972607
vt 0.583195 0.967106
vt 0.567880 0.866135
vt 0.566947 0.866135
vt 0.583195 0.891519
vt 0.584129 0.891519
vt 0.585034 0.896751
vt 0.585034 0.896442
vt 0.568785 0.889678
vt 0.567880 0.889678
vt 0.582600 0.900980
vt 0.579810 0.900980
vt 0.569736 0.904018
vt 0.566947 0.904018
vt 0.579810 0.917216
vt 0.582600 0.917216
vt 0.582600 0.922448
vt 0.579810 0.922448
vt 0.585985 0.945458
vt 0.585937 0.925102
vt 0.583195 0.929402
vt 0.585985 0.929402
vt 0.566947 0.920075
vt 0.582600 0.944275
vt 0.579810 0.944275
vt 0.569736 0.936310
vt 0.566947 0.931078
vt 0.569736 0.931078
vt 0.585985 0.974259
vt 0.583195 0.974259
vt 0.585034 0.880605
vt 0.585985 0.880605
vt 0.568785 0.866135
vt 0.569736 0.866135
vt 0.584129 0.885927
vt 0.585034 0.891519
vt 0.585985 0.891519
vt 0.585034 0.896931
vt 0.585034 0.902342
vt 0.585985 0.902342
vt 0.567880 0.882191
vt 0.568785 0.887782
vt 0.569736 0.887782
vt 0.584129 0.907575
vt 0.569736 0.892634
vt 0.566947 0.892634
vt 0.579810 0.905832
vt 0.585985 0.923811
vt 0.585985 0.896442
vt 0.566947 0.908870
vt 0.579810 0.922068
vt 0.585985 0.940046
vt 0.579810 0.922139
vt 0.582600 0.917525
vt 0.579810 0.917525
vt 0.583195 0.945149
vt 0.569736 0.926046
vt 0.566947 0.930518
vt 0.566947 0.926046
vt 0.569736 0.936799
vt 0.566947 0.936799
vt 0.582600 0.944096
vt 0.569736 0.936490
vt 0.566947 0.941341
vt 0.566947 0.936490
vt 0.583195 0.966725
vt 0.583243 0.923990
vt 0.583195 0.923990
vt 0.583195 0.929707
vt 0.585985 0.934329
vt 0.585985 0.929707
vt 0.569736 0.919751
vt 0.566947 0.915165
vt 0.569736 0.915165
vt 0.579810 0.933272
vt 0.582600 0.932949
vt 0.566947 0.931383
vt 0.569736 0.931383
vt 0.583195 0.950870
vt 0.579810 0.944599
vt 0.582600 0.944599
vt 0.566947 0.936310
vt 0.582600 0.949202
vt 0.585034 0.885927
vt 0.585985 0.885927
vt 0.567880 0.877268
vt 0.567880 0.887782
vt 0.585034 0.882420
vt 0.568785 0.871368
vt 0.585985 0.896931
vt 0.585034 0.907575
vt 0.585985 0.907575
vt 0.569736 0.871368
vt 0.585034 0.902163
vt 0.585985 0.902163
vt 0.566947 0.877268
vt 0.585985 0.896751
vt 0.584129 0.891899
vt 0.583195 0.896371
vt 0.583195 0.891899
vt 0.566947 0.887782
vt 0.584129 0.902652
vt 0.583195 0.902652
vt 0.585937 0.923990
vt 0.585985 0.923990
vt 0.596938 0.969958
vt 0.593297 0.969958
vt 0.593297 0.887468
vt 0.596938 0.887468
vt 0.593297 0.887645
vt 0.596938 0.969958
vt 0.593297 0.969958
vt 0.596938 0.888620
vt 0.593297 0.888620
vt 0.593297 0.888620
vt 0.582600 0.905832
vt 0.569736 0.908870
vt 0.582600 0.922068
vt 0.569736 0.930518
vt 0.569736 0.941341
vt 0.585985 0.966725
vt 0.584129 0.896371
vt 0.585985 0.897311
vt 0.583195 0.934329
vt 0.579810 0.949202
vt 0.203273 0.905863
vt 0.203300 0.907146
vt 0.198608 0.977494
vt 0.198582 0.976211
vt 0.243362 0.899740
vt 0.243409 0.899023
vt 0.243344 0.898906
vt 0.243392 0.898189
vt 0.243966 0.890672
vt 0.244014 0.889955
vt 0.243949 0.889838
vt 0.243997 0.889121
vt 0.243949 0.889838
vt 0.244014 0.889955
vt 0.244571 0.881604
vt 0.244619 0.880887
vt 0.244554 0.880770
vt 0.244602 0.880053
vt 0.245176 0.872536
vt 0.245223 0.871819
vt 0.245206 0.870985
vt 0.245158 0.871702
vt 0.245780 0.863468
vt 0.245828 0.862751
vt 0.245780 0.863468
vt 0.245811 0.861917
vt 0.245763 0.862634
vt 0.246385 0.854400
vt 0.246433 0.853683
vt 0.246416 0.852849
vt 0.246368 0.853566
vt 0.246990 0.845332
vt 0.247038 0.844615
vt 0.247020 0.843781
vt 0.246973 0.844498
vt 0.247595 0.836264
vt 0.247642 0.835547
vt 0.247625 0.834713
vt 0.247577 0.835430
vt 0.574666 0.927265
vt 0.573483 0.927265
vt 0.575013 0.920536
vt 0.197698 0.841403
vt 0.197698 0.825484
vt 0.197698 0.841403
vt 0.197698 0.849364
vt 0.197698 0.833443
vt 0.217486 0.463041
vt 0.201743 0.488579
vt 0.573864 0.851701
vt 0.575848 0.936114
vt 0.582600 0.922139
vt 0.585985 0.945149
vt 0.566947 0.919751
vt 0.579810 0.932949
vt 0.575816 0.920536
s 0
usemtl Texture_Map
f 3/1/1 8/2/1 4/3/1
f 1/1/2 6/2/2 5/4/2
f 4/3/3 6/2/3 2/3/3
f 1/1/4 7/4/4 3/1/4
f 16/5/1 11/6/1 12/7/1
f 9/6/2 14/5/2 10/7/2
f 14/5/4 12/7/4 10/7/4
f 15/8/3 9/6/3 11/6/3
f 24/2/2 19/1/2 20/3/2
f 17/1/1 22/2/1 18/3/1
f 22/2/3 20/3/3 18/3/3
f 23/4/4 17/1/4 19/1/4
f 27/6/2 32/5/2 28/7/2
f 25/6/1 30/5/1 29/8/1
f 28/7/4 30/5/4 26/7/4
f 25/6/3 31/8/3 27/6/3
f 38/9/5 39/10/5 37/10/5
f 34/11/2 37/10/2 33/12/2
f 33/12/4 39/10/4 35/13/4
f 35/13/1 40/9/1 36/14/1
f 36/14/3 38/9/3 34/11/3
f 46/15/6 43/16/6 45/15/6
f 42/17/7 48/18/7 47/18/7
f 46/15/1 41/19/1 44/16/1
f 45/15/2 42/17/2 47/18/2
f 45/15/8 48/18/8 46/15/8
f 44/16/9 42/17/9 43/16/9
f 51/20/10 46/15/10 45/15/10
f 54/21/11 50/22/11 53/21/11
f 49/23/1 46/15/1 52/20/1
f 45/15/2 50/22/2 51/20/2
f 54/21/12 45/15/12 46/15/12
f 50/22/13 52/20/13 51/20/13
f 63/24/1 58/25/1 56/26/1
f 65/24/2 62/25/2 66/27/2
f 57/28/14 66/27/14 64/27/14
f 56/26/15 65/24/15 63/24/15
f 58/25/3 60/26/3 56/26/3
f 55/29/4 61/28/4 57/28/4
f 63/24/15 59/29/15 55/29/15
f 64/27/16 62/25/16 58/25/16
f 65/24/2 61/28/2 59/29/2
f 57/28/1 63/24/1 55/29/1
f 73/30/4 95/31/4 71/30/4
f 70/32/1 105/33/1 85/34/1
f 72/35/15 70/36/15 68/36/15
f 96/37/2 77/38/2 76/39/2
f 98/40/2 79/41/2 78/42/2
f 100/43/2 81/44/2 80/45/2
f 102/46/2 83/47/2 82/48/2
f 104/49/2 68/36/2 84/50/2
f 86/51/1 107/52/1 87/53/1
f 88/54/1 109/43/1 89/55/1
f 90/41/1 111/40/1 91/42/1
f 92/56/1 113/57/1 93/58/1
f 94/59/1 73/30/1 69/60/1
f 113/61/4 97/62/4 96/37/4
f 111/63/4 99/64/4 98/63/4
f 109/65/4 101/66/4 100/65/4
f 107/52/4 103/67/4 102/52/4
f 105/33/4 72/68/4 104/69/4
f 71/30/2 75/59/2 67/60/2
f 143/70/17 121/71/17 119/71/17
f 118/72/18 153/73/18 122/74/18
f 118/72/5 120/74/5 116/72/5
f 125/38/19 144/75/19 124/39/19
f 127/76/20 146/77/20 126/78/20
f 129/44/21 148/79/21 128/45/21
f 131/80/22 150/81/22 130/53/22
f 116/72/23 152/82/23 132/50/23
f 134/51/24 155/81/24 154/83/24
f 136/54/25 157/79/25 156/84/25
f 138/76/26 159/77/26 158/85/26
f 140/38/27 161/86/27 160/87/27
f 142/59/28 121/71/28 162/70/28
f 145/87/29 161/86/29 144/75/29
f 147/88/30 159/77/30 146/77/30
f 149/89/31 157/79/31 148/79/31
f 151/83/32 155/81/32 150/81/32
f 120/74/33 153/73/33 152/82/33
f 123/59/34 119/71/34 115/60/34
f 71/30/5 121/71/5 73/30/5
f 69/60/35 121/71/35 117/60/35
f 67/60/36 119/71/36 71/30/36
f 76/39/37 144/75/37 96/37/37
f 75/59/38 143/70/38 123/59/38
f 78/78/39 146/77/39 98/63/39
f 77/38/40 145/87/40 125/38/40
f 80/45/41 148/79/41 100/43/41
f 79/76/42 147/88/42 127/76/42
f 82/53/43 150/81/43 102/52/43
f 81/44/44 149/89/44 129/44/44
f 84/50/45 152/82/45 104/49/45
f 83/80/46 151/83/46 131/80/46
f 86/51/47 154/83/47 106/67/47
f 85/90/48 153/73/48 133/90/48
f 88/54/49 156/84/49 108/91/49
f 87/53/50 155/81/50 135/53/50
f 90/76/51 158/85/51 110/92/51
f 89/55/52 157/79/52 137/55/52
f 92/38/53 160/87/53 112/62/53
f 91/78/54 159/77/54 139/78/54
f 94/59/55 162/70/55 114/31/55
f 93/93/56 161/86/56 141/93/56
f 96/37/5 161/86/5 113/61/5
f 114/31/15 143/70/15 95/31/15
f 98/63/5 159/77/5 111/63/5
f 112/62/15 145/87/15 97/62/15
f 100/43/5 157/79/5 109/43/5
f 110/92/15 147/88/15 99/64/15
f 107/52/5 150/81/5 155/81/5
f 108/91/15 149/89/15 101/94/15
f 105/95/5 152/82/5 153/73/5
f 106/67/15 151/83/15 103/67/15
f 169/96/57 167/97/57 168/97/57
f 166/98/3 169/96/3 164/98/3
f 163/99/4 167/97/4 165/99/4
f 166/98/1 167/97/1 170/96/1
f 164/98/2 168/97/2 163/99/2
f 177/96/57 175/97/57 176/97/57
f 174/100/3 177/96/3 172/100/3
f 171/101/4 175/97/4 173/101/4
f 174/100/1 175/97/1 178/96/1
f 172/100/2 176/97/2 171/101/2
f 185/96/57 183/97/57 184/97/57
f 182/100/3 185/96/3 180/100/3
f 179/101/4 183/97/4 181/101/4
f 182/100/1 183/97/1 186/96/1
f 180/100/2 184/97/2 179/101/2
f 188/102/2 189/103/2 187/104/2
f 193/103/1 192/102/1 191/104/1
f 192/102/3 190/105/3 188/102/3
f 193/103/4 187/104/4 189/103/4
f 191/104/15 188/102/15 187/104/15
f 197/106/15 196/107/15 195/106/15
f 201/108/58 199/109/58 200/109/58
f 198/107/3 201/108/3 196/107/3
f 195/106/4 199/109/4 197/106/4
f 198/107/1 199/109/1 202/108/1
f 196/107/2 200/109/2 195/106/2
f 204/107/15 205/106/15 203/106/15
f 207/110/58 209/108/58 208/110/58
f 209/108/3 206/107/3 204/107/3
f 207/110/4 203/106/4 205/106/4
f 206/107/2 207/110/2 205/106/2
f 208/110/1 204/107/1 203/106/1
f 213/111/15 212/112/15 211/113/15
f 217/114/5 215/115/5 216/115/5
f 214/116/3 217/114/3 212/112/3
f 211/113/4 215/115/4 213/111/4
f 213/111/1 218/114/1 214/116/1
f 212/112/2 216/115/2 211/113/2
f 221/117/15 220/118/15 219/117/15
f 225/119/5 223/120/5 224/120/5
f 220/118/2 224/120/2 219/117/2
f 222/118/3 225/119/3 220/118/3
f 219/117/4 223/120/4 221/117/4
f 221/117/1 226/119/1 222/118/1
f 229/121/4 228/118/4 227/121/4
f 233/122/3 231/123/3 232/123/3
f 228/118/2 232/123/2 227/121/2
f 230/118/15 233/122/15 228/118/15
f 227/121/5 231/123/5 229/121/5
f 237/119/4 236/124/4 235/119/4
f 241/125/3 239/126/3 240/126/3
f 236/124/2 240/126/2 235/119/2
f 238/124/15 241/125/15 236/124/15
f 235/119/5 239/126/5 237/119/5
f 238/124/1 239/126/1 242/125/1
f 243/127/4 246/128/4 244/127/4
f 250/129/3 247/130/3 248/130/3
f 244/127/15 247/130/15 243/127/15
f 245/128/5 250/129/5 246/128/5
f 246/128/1 248/130/1 244/127/1
f 243/127/2 249/129/2 245/128/2
f 251/131/5 254/132/5 252/131/5
f 258/133/15 255/134/15 256/134/15
f 252/131/4 255/134/4 251/131/4
f 254/132/1 256/134/1 252/131/1
f 251/131/2 257/133/2 253/132/2
f 230/118/1 231/123/1 234/122/1
f 276/135/6 296/136/6 293/135/6
f 260/137/2 272/138/2 319/139/2
f 262/140/6 286/141/6 261/140/6
f 284/142/6 288/143/6 285/142/6
f 282/144/6 290/145/6 287/144/6
f 280/146/6 292/147/6 289/146/6
f 278/148/6 294/149/6 291/148/6
f 275/149/9 317/150/9 294/149/9
f 302/151/7 298/152/7 297/152/7
f 279/153/9 313/154/9 290/145/9
f 281/143/9 307/155/9 288/143/9
f 265/156/7 269/157/7 270/157/7
f 306/158/7 304/159/7 303/159/7
f 274/160/6 260/137/6 295/160/6
f 293/135/2 306/158/2 303/159/2
f 291/148/8 300/161/8 278/148/8
f 276/135/1 305/158/1 273/136/1
f 285/142/8 267/162/8 284/142/8
f 295/160/8 321/163/8 274/160/8
f 277/147/9 302/151/9 292/147/9
f 318/164/7 300/161/7 299/161/7
f 283/141/9 265/156/9 286/141/9
f 289/146/2 302/151/2 297/152/2
f 293/135/8 304/159/8 276/135/8
f 280/146/1 301/151/1 277/147/1
f 287/144/8 263/165/8 282/144/8
f 278/148/1 300/161/1 315/164/1
f 294/149/2 317/150/2 318/164/2
f 259/166/9 272/138/9 260/137/9
f 314/167/7 263/165/7 264/165/7
f 284/142/1 267/162/1 309/168/1
f 308/168/7 267/162/7 268/162/7
f 272/138/7 322/139/7 319/139/7
f 282/144/1 263/165/1 311/167/1
f 289/146/8 298/152/8 280/146/8
f 261/140/2 265/156/2 270/157/2
f 273/136/9 306/158/9 296/136/9
f 262/140/1 266/156/1 283/141/1
f 274/160/1 321/163/1 322/139/1
f 290/145/2 313/154/2 314/167/2
f 322/139/59 320/169/59 319/139/59
f 318/164/60 316/150/60 315/164/60
f 314/167/60 312/170/60 311/167/60
f 308/168/60 310/171/60 309/168/60
f 288/143/2 307/155/2 308/168/2
f 360/172/10 340/173/10 357/173/10
f 383/174/2 336/175/2 324/176/2
f 350/177/10 326/178/10 325/178/10
f 352/179/10 348/180/10 349/180/10
f 354/181/10 346/182/10 351/182/10
f 356/183/10 344/184/10 353/184/10
f 358/185/10 342/186/10 355/186/10
f 381/187/13 339/185/13 358/185/13
f 362/188/11 366/189/11 361/188/11
f 377/190/13 343/191/13 354/181/13
f 371/192/13 345/179/13 352/179/13
f 333/193/11 329/194/11 334/193/11
f 368/195/11 370/196/11 367/195/11
f 324/176/10 338/197/10 359/197/10
f 357/173/2 370/196/2 360/172/2
f 364/198/12 355/186/12 342/186/12
f 369/196/1 340/173/1 337/172/1
f 331/199/12 349/180/12 348/180/12
f 385/200/12 359/197/12 338/197/12
f 366/189/13 341/183/13 356/183/13
f 364/198/11 382/201/11 363/198/11
f 329/194/13 347/177/13 350/177/13
f 353/184/2 366/189/2 356/183/2
f 368/195/12 357/173/12 340/173/12
f 365/189/1 344/184/1 341/183/1
f 327/202/12 351/182/12 346/182/12
f 379/201/1 364/198/1 342/186/1
f 382/201/2 381/187/2 358/185/2
f 336/175/13 323/203/13 324/176/13
f 327/202/11 378/204/11 328/202/11
f 373/205/1 331/199/1 348/180/1
f 331/199/11 372/205/11 332/199/11
f 386/174/11 336/175/11 383/174/11
f 375/204/1 327/202/1 346/182/1
f 362/188/12 353/184/12 344/184/12
f 334/193/2 350/177/2 325/178/2
f 370/196/13 337/172/13 360/172/13
f 330/194/1 326/178/1 347/177/1
f 386/174/1 385/200/1 338/197/1
f 378/204/2 377/190/2 354/181/2
f 384/206/61 386/174/61 383/174/61
f 380/187/62 382/201/62 379/201/62
f 376/207/62 378/204/62 375/204/62
f 374/208/62 372/205/62 373/205/62
f 372/205/2 371/192/2 352/179/2
f 504/209/1 508/210/1 503/211/1
f 423/212/2 420/213/2 389/214/2
f 468/215/1 591/216/1 469/217/1
f 595/216/2 579/218/2 387/215/2
f 583/219/2 576/220/2 414/221/2
f 574/222/2 412/223/2 415/224/2
f 575/225/2 410/226/2 413/227/2
f 568/228/2 408/229/2 411/230/2
f 405/231/2 610/232/2 403/233/2
f 723/234/1 491/231/1 710/235/1
f 472/236/1 509/237/1 473/238/1
f 714/239/1 718/240/1 715/241/1
f 419/242/2 423/212/2 389/214/2
f 458/243/15 655/244/15 429/244/15
f 467/245/2 463/246/2 426/247/2
f 429/244/2 456/248/2 458/243/2
f 701/249/15 517/250/15 684/250/15
f 699/251/15 521/252/15 686/252/15
f 432/253/2 452/254/2 455/255/2
f 434/256/2 451/229/2 453/230/2
f 687/257/5 671/258/5 698/258/5
f 450/259/2 439/260/2 448/261/2
f 691/262/5 667/263/5 694/263/5
f 440/264/2 445/265/2 447/266/2
f 460/211/2 464/267/2 461/209/2
f 425/217/2 457/268/2 424/215/2
f 462/269/2 467/245/2 426/247/2
f 641/270/4 557/271/4 553/272/4
f 510/212/1 470/214/1 506/213/1
f 387/215/15 469/217/15 388/217/15
f 471/273/1 486/274/1 487/275/1
f 501/243/1 584/276/1 581/277/1
f 497/223/1 572/278/1 573/279/1
f 570/280/5 713/226/5 410/226/5
f 494/229/1 566/228/1 496/230/1
f 406/281/2 409/282/2 564/283/2
f 610/232/5 709/233/5 403/233/5
f 627/262/5 707/263/5 630/263/5
f 649/284/5 711/285/5 634/285/5
f 505/242/1 470/214/1 510/212/1
f 424/215/15 512/286/15 425/217/15
f 552/245/1 513/247/1 548/287/1
f 431/288/5 675/248/5 456/248/5
f 514/289/1 529/290/1 530/291/1
f 518/292/1 542/249/1 541/293/1
f 689/294/5 532/295/5 696/295/5
f 522/296/1 540/230/1 537/229/1
f 446/297/15 663/298/15 441/298/15
f 525/260/1 536/259/1 534/261/1
f 527/294/1 535/299/1 532/295/1
f 528/300/1 533/266/1 531/265/1
f 441/298/2 693/301/2 446/297/2
f 546/209/1 550/210/1 545/211/1
f 543/268/1 512/286/1 511/302/1
f 547/269/1 513/247/1 552/245/1
f 591/216/5 579/218/5 595/216/5
f 400/274/2 615/303/2 401/275/2
f 417/211/15 508/210/15 422/210/15
f 639/304/5 502/305/5 638/305/5
f 576/220/5 498/221/5 414/221/5
f 571/278/5 497/223/5 412/223/5
f 575/225/15 716/227/15 717/225/15
f 569/306/5 494/229/5 408/229/5
f 614/307/15 491/231/15 613/307/15
f 562/283/15 559/308/15 564/283/15
f 636/268/5 582/309/5 500/268/5
f 725/310/1 493/259/1 712/311/1
f 612/312/15 490/313/15 611/312/15
f 607/314/2 633/315/2 407/259/2
f 625/316/2 629/317/2 632/318/2
f 390/236/15 473/238/15 391/319/15
f 401/275/15 486/274/15 400/274/15
f 588/320/15 475/244/15 392/321/15
f 708/322/1 485/298/1 489/297/1
f 586/323/15 478/324/15 395/324/15
f 558/272/15 480/256/15 396/256/15
f 554/325/15 482/326/15 398/326/15
f 390/236/2 640/327/2 637/328/2
f 421/329/5 504/209/5 418/209/5
f 423/212/15 506/213/15 420/213/15
f 419/242/15 510/212/15 423/212/15
f 651/330/1 551/331/1 654/332/1
f 443/290/2 679/333/2 444/291/2
f 430/334/5 543/268/5 457/268/5
f 455/255/15 659/253/15 432/253/15
f 657/335/1 677/336/1 676/337/1
f 433/292/5 541/293/5 454/293/5
f 683/338/2 454/293/2 702/339/2
f 435/340/5 539/254/5 452/254/5
f 520/340/1 673/341/1 539/254/1
f 436/296/5 537/229/5 451/229/5
f 453/230/15 519/256/15 434/256/15
f 661/342/1 538/251/1 672/343/1
f 685/344/2 697/345/2 700/346/2
f 439/260/5 534/261/5 448/261/5
f 450/259/15 523/347/15 437/347/15
f 438/348/2 695/349/2 449/299/2
f 449/299/15 524/348/15 438/348/15
f 442/300/5 531/265/5 445/265/5
f 447/266/15 526/264/15 440/264/15
f 668/350/1 664/351/1 669/352/1
f 460/211/15 550/210/15 465/210/15
f 444/291/15 529/290/15 443/290/15
f 466/331/5 544/353/5 459/353/5
f 464/267/5 546/209/5 461/209/5
f 463/246/15 552/245/15 548/287/15
f 462/269/15 552/245/15 467/245/15
f 602/354/1 597/355/1 482/326/1
f 589/356/1 475/244/1 590/357/1
f 584/276/3 576/220/3 583/219/3
f 564/283/3 563/358/3 562/283/3
f 568/228/3 567/306/3 569/306/3
f 587/359/4 721/360/4 645/361/4
f 574/222/3 577/222/3 573/279/3
f 594/356/4 590/357/4 588/320/4
f 647/362/4 648/363/4 593/363/4
f 582/309/3 643/309/3 644/364/3
f 559/308/4 556/325/4 554/325/4
f 560/365/4 586/323/4 561/365/4
f 558/272/2 624/366/2 641/270/2
f 592/367/2 622/368/2 645/361/2
f 594/356/5 477/369/5 589/356/5
f 592/367/15 703/250/15 393/250/15
f 631/297/15 485/298/15 626/298/15
f 581/277/15 416/370/15 501/243/15
f 718/240/3 719/371/3 570/280/3
f 646/359/5 479/292/5 587/359/5
f 574/222/15 499/224/15 577/222/15
f 642/271/5 483/296/5 557/271/5
f 561/365/5 481/372/5 560/365/5
f 585/323/1 481/372/1 478/324/1
f 557/271/1 480/256/1 553/272/1
f 568/228/15 496/230/15 566/228/15
f 586/323/2 397/372/2 561/365/2
f 565/358/15 495/282/15 563/358/15
f 588/320/2 394/369/2 594/356/2
f 596/373/5 399/374/5 484/374/5
f 422/210/2 418/209/2 417/211/2
f 648/363/5 476/334/5 593/363/5
f 609/375/5 492/281/5 406/281/5
f 607/314/15 493/259/15 606/314/15
f 427/376/2 466/331/2 459/353/2
f 618/377/63 616/273/63 615/303/63
f 620/378/63 648/363/63 647/362/63
f 622/368/63 646/359/63 645/361/63
f 624/366/63 642/271/63 641/270/63
f 632/318/64 626/298/64 625/316/64
f 628/379/63 630/263/63 629/317/63
f 637/328/63 639/304/63 638/305/63
f 644/364/63 636/268/63 635/380/63
f 650/381/63 634/285/63 633/315/63
f 617/382/5 471/273/5 616/273/5
f 652/376/65 654/332/65 653/383/65
f 678/243/65 656/384/65 655/244/65
f 658/288/66 676/337/66 675/248/66
f 674/255/65 660/385/65 659/253/65
f 662/257/66 672/343/66 671/258/66
f 670/297/65 664/351/65 663/298/65
f 666/262/66 668/350/66 667/263/66
f 427/376/15 653/383/15 428/383/15
f 682/386/67 680/289/67 679/333/67
f 702/339/68 684/250/68 683/338/68
f 700/346/68 686/252/68 685/344/68
f 688/387/69 698/258/69 697/345/69
f 690/388/69 696/295/69 695/349/69
f 692/389/69 694/263/69 693/301/69
f 681/390/5 514/289/5 680/289/5
f 716/227/65 718/240/65 717/225/65
f 707/263/66 705/391/66 708/322/66
f 720/280/66 714/239/66 713/226/66
f 722/367/65 704/392/65 703/250/65
f 726/284/66 712/311/66 711/285/66
f 724/232/66 710/235/66 709/233/66
f 587/359/1 704/392/1 721/360/1
f 963/393/5 858/394/5 998/394/5
f 929/395/3 755/396/3 727/397/3
f 922/398/3 921/399/3 757/400/3
f 1005/401/5 840/402/5 984/402/5
f 915/403/3 759/404/3 758/405/3
f 914/406/3 761/407/3 760/408/3
f 1002/409/3 978/410/3 1003/411/3
f 975/412/5 844/413/5 986/413/5
f 745/414/3 765/415/3 764/416/3
f 973/417/5 846/418/5 988/418/5
f 971/419/5 850/420/5 990/420/5
f 741/421/3 769/422/3 768/423/3
f 739/424/3 771/425/3 770/426/3
f 993/427/15 816/428/15 968/428/15
f 737/429/3 773/430/3 772/431/3
f 965/432/5 855/433/5 996/433/5
f 936/434/4 801/435/4 778/436/4
f 1021/437/5 865/438/5 1012/438/5
f 800/439/4 780/440/4 779/441/4
f 798/442/4 782/443/4 781/444/4
f 796/445/4 784/446/4 783/447/4
f 1017/448/5 871/449/5 1016/449/5
f 792/450/4 788/451/4 787/452/4
f 790/453/4 729/454/4 789/455/4
f 733/455/3 731/456/3 776/453/3
f 860/457/4 811/452/4 859/450/4
f 836/396/4 930/395/4 803/397/4
f 838/400/4 924/458/4 837/459/4
f 839/460/4 916/401/4 928/461/4
f 914/406/15 1038/408/15 1049/406/15
f 888/462/2 1047/462/2 1048/463/2
f 901/464/4 910/465/4 844/413/4
f 846/418/4 825/466/4 845/467/4
f 848/415/4 823/414/4 847/416/4
f 850/420/4 821/468/4 849/469/4
f 767/470/15 1031/471/15 742/471/15
f 852/422/4 819/421/4 851/423/4
f 969/472/5 1041/473/5 992/473/5
f 855/433/4 816/428/4 854/427/4
f 857/430/4 814/429/4 856/431/4
f 738/474/5 1043/425/5 771/425/5
f 935/434/3 931/475/3 863/436/3
f 865/438/3 885/476/3 864/477/3
f 799/478/5 1055/440/5 780/440/5
f 786/479/15 1061/480/15 793/480/15
f 868/446/3 882/445/3 867/447/3
f 870/481/3 880/482/3 869/483/3
f 873/451/3 877/450/3 872/452/3
f 805/484/3 875/453/3 874/455/3
f 807/485/4 809/455/4 861/453/4
f 898/486/15 804/487/15 728/487/15
f 730/456/70 805/484/70 729/454/70
f 732/454/71 807/485/71 731/456/71
f 894/488/15 834/489/15 753/489/15
f 925/490/5 836/396/5 755/396/5
f 896/491/15 832/492/15 751/492/15
f 921/399/5 838/400/5 757/400/5
f 1008/461/15 839/460/15 928/461/15
f 1002/409/2 1003/411/2 907/493/2
f 906/494/15 829/495/15 749/495/15
f 917/496/5 841/404/5 759/404/5
f 909/497/15 827/498/15 747/498/15
f 912/499/5 842/407/5 761/407/5
f 763/467/15 825/466/15 746/466/15
f 900/464/3 976/500/3 985/501/3
f 764/416/15 823/414/15 745/414/15
f 746/466/3 987/502/3 763/467/3
f 766/469/15 821/468/15 743/468/15
f 744/503/5 848/415/5 765/415/5
f 897/491/4 1033/504/4 832/492/4
f 743/468/3 989/505/3 766/469/3
f 768/423/15 819/421/15 741/421/15
f 742/471/3 991/506/3 767/470/3
f 770/426/15 817/424/15 739/424/15
f 740/507/5 852/422/5 769/422/5
f 1042/508/4 1032/509/4 1039/510/4
f 1044/511/4 817/424/4 853/426/4
f 772/431/15 814/429/15 737/429/15
f 967/512/3 995/513/3 994/514/3
f 858/394/4 1026/515/4 1045/516/4
f 736/517/5 857/430/5 773/430/5
f 775/450/15 811/452/15 734/452/15
f 735/518/3 997/519/3 774/520/3
f 776/453/15 809/455/15 733/455/15
f 734/452/3 999/521/3 775/450/3
f 938/522/15 887/523/15 802/523/15
f 1023/524/4 1011/525/4 1010/526/4
f 801/435/5 863/436/5 778/436/5
f 1056/527/3 1068/528/3 1053/529/3
f 1013/483/15 880/482/15 1020/482/15
f 781/444/15 883/442/15 798/442/15
f 797/530/5 1057/443/5 782/443/5
f 783/447/15 882/445/15 796/445/15
f 1058/531/3 883/442/3 866/444/3
f 1019/532/4 785/481/4 1014/533/4
f 795/534/5 868/446/5 784/446/5
f 871/449/3 1062/535/3 1059/536/3
f 794/537/5 870/481/5 785/481/5
f 787/452/15 877/450/15 792/450/15
f 793/480/4 1015/538/4 786/479/4
f 789/455/15 875/453/15 790/453/15
f 791/457/5 873/451/5 788/451/5
f 892/539/5 835/540/5 895/539/5
f 915/403/1 1051/403/1 1052/541/1
f 929/395/1 927/490/1 925/490/1
f 923/399/1 921/399/1 922/398/1
f 910/465/1 920/542/1 911/542/1
f 893/543/3 728/487/3 754/540/3
f 889/544/4 834/489/4 891/488/4
f 1001/493/15 831/545/15 980/545/15
f 904/546/5 828/547/5 908/546/5
f 894/488/3 752/548/3 890/544/3
f 1004/549/5 830/550/5 905/549/5
f 929/395/15 803/397/15 930/395/15
f 841/404/4 1052/541/4 1035/551/4
f 915/403/15 1036/405/15 1051/403/15
f 888/462/3 751/492/3 750/552/3
f 890/544/5 833/548/5 889/544/5
f 1007/553/3 983/554/3 982/555/3
f 906/494/3 748/547/3 904/546/3
f 908/546/4 829/495/4 903/494/4
f 926/458/15 837/459/15 924/458/15
f 888/462/5 1034/552/5 1047/462/5
f 920/542/15 843/556/15 911/542/15
f 895/539/4 804/487/4 899/486/4
f 905/549/4 831/545/4 907/493/4
f 842/407/4 1050/557/4 1037/558/4
f 899/486/2 893/543/2 895/539/2
f 890/544/2 891/488/2 894/488/2
f 914/406/1 1049/406/1 1050/557/1
f 904/546/2 903/494/2 906/494/2
f 901/464/2 909/497/2 900/464/2
f 916/401/1 1007/553/1 928/461/1
f 910/465/15 900/464/15 919/465/15
f 931/475/15 936/434/15 934/475/15
f 935/434/1 938/522/1 936/434/1
f 933/559/15 862/560/15 932/559/15
f 931/475/2 933/559/2 932/559/2
f 940/561/5 941/562/5 939/562/5
f 943/563/72 960/564/72 944/565/72
f 941/562/4 944/565/4 939/562/4
f 945/564/1 941/562/1 942/561/1
f 944/565/2 940/561/2 939/562/2
f 960/564/3 942/561/3 940/561/3
f 947/566/5 948/567/5 946/567/5
f 950/563/15 952/564/15 951/563/15
f 950/563/4 946/567/4 948/567/4
f 958/564/1 948/567/1 949/566/1
f 951/563/2 947/566/2 946/567/2
f 952/564/3 949/566/3 947/566/3
f 955/568/5 954/569/5 956/570/5
f 953/568/3 958/564/3 960/564/3
f 957/565/4 954/569/4 959/563/4
f 982/555/73 1008/461/73 1007/553/73
f 978/410/74 1004/549/74 1003/411/74
f 976/500/74 986/413/74 985/501/74
f 974/571/74 988/418/74 987/502/74
f 972/572/74 990/420/74 989/505/74
f 970/573/74 992/473/74 991/506/74
f 994/514/73 968/428/73 967/512/73
f 966/574/74 996/433/74 995/513/74
f 964/575/74 998/394/74 997/519/74
f 962/576/74 1000/457/74 999/521/74
f 1006/577/74 984/402/74 983/554/74
f 1002/409/73 980/545/73 979/578/73
f 961/451/5 860/457/5 1000/457/5
f 1010/526/75 1024/476/75 1023/524/75
f 1022/579/76 1012/438/76 1011/525/76
f 1014/533/75 1020/482/75 1019/532/75
f 1018/580/76 1016/449/76 1015/538/76
f 1009/477/15 885/476/15 1024/476/15
f 1036/405/75 1052/541/75 1051/403/75
f 1034/552/76 1048/463/76 1047/462/76
f 1038/408/75 1050/557/75 1049/406/75
f 1040/470/75 1032/509/75 1031/471/75
f 1030/472/76 1042/508/76 1041/473/76
f 1028/474/76 1044/511/76 1043/425/76
f 1046/520/75 1026/515/75 1025/518/75
f 774/520/15 1025/518/15 735/518/15
f 1054/441/73 1068/528/73 1067/439/73
f 1066/478/74 1056/527/74 1055/440/74
f 1064/530/74 1058/531/74 1057/443/74
f 1060/479/73 1062/535/73 1061/480/73
f 779/441/15 1067/439/15 800/439/15
f 1071/581/77 1070/582/77 1069/581/77
f 1075/583/78 1073/584/78 1074/584/78
f 1073/584/1 1072/582/1 1071/581/1
f 1072/582/79 1075/583/79 1070/582/79
f 1075/583/2 1069/581/2 1070/582/2
f 1069/581/80 1073/584/80 1071/581/80
f 1082/585/79 1084/586/79 1081/585/79
f 1080/587/1 1084/586/1 1079/588/1
f 1078/587/78 1081/585/78 1080/587/78
f 1078/587/2 1083/586/2 1082/585/2
f 1079/588/77 1083/586/77 1077/588/77
f 1090/589/79 1092/590/79 1089/589/79
f 1088/591/1 1092/590/1 1087/592/1
f 1086/593/78 1089/589/78 1088/591/78
f 1086/593/2 1091/594/2 1090/589/2
f 1087/592/77 1091/594/77 1085/592/77
f 1098/595/79 1100/596/79 1097/595/79
f 1096/597/1 1100/596/1 1095/598/1
f 1094/597/78 1097/595/78 1096/597/78
f 1094/597/2 1099/596/2 1098/595/2
f 1095/598/81 1099/596/81 1093/598/81
f 1105/599/79 1107/600/79 1108/600/79
f 1103/601/1 1105/599/1 1108/600/1
f 1102/602/78 1105/599/78 1104/602/78
f 1102/602/2 1107/600/2 1106/599/2
f 1103/601/77 1107/600/77 1101/601/77
f 1114/603/79 1116/604/79 1113/605/79
f 1111/606/1 1113/605/1 1116/604/1
f 1110/607/78 1113/605/78 1112/607/78
f 1110/607/2 1115/604/2 1114/603/2
f 1111/606/77 1115/604/77 1109/606/77
f 1122/608/79 1124/609/79 1121/608/79
f 1119/610/1 1121/608/1 1124/609/1
f 1118/611/78 1121/608/78 1120/611/78
f 1118/611/2 1123/609/2 1122/608/2
f 1119/610/77 1123/609/77 1117/610/77
f 1130/612/79 1132/613/79 1129/612/79
f 1127/614/1 1129/612/1 1132/613/1
f 1126/615/82 1129/612/82 1128/615/82
f 1126/615/2 1131/613/2 1130/612/2
f 1127/614/77 1131/613/77 1125/614/77
f 1137/616/79 1139/617/79 1140/617/79
f 1135/618/1 1137/616/1 1140/617/1
f 1134/619/78 1137/616/78 1136/619/78
f 1134/619/2 1139/617/2 1138/616/2
f 1135/618/77 1139/617/77 1133/618/77
f 1141/620/5 488/621/5 402/621/5
f 604/622/1 611/312/1 490/313/1
f 605/622/2 1141/620/2 402/621/2
f 3/1/1 7/4/1 8/2/1
f 1/1/2 2/3/2 6/2/2
f 4/3/3 8/2/3 6/2/3
f 1/1/4 5/4/4 7/4/4
f 16/5/1 15/8/1 11/6/1
f 9/6/2 13/8/2 14/5/2
f 14/5/4 16/5/4 12/7/4
f 15/8/3 13/8/3 9/6/3
f 24/2/2 23/4/2 19/1/2
f 17/1/1 21/4/1 22/2/1
f 22/2/3 24/2/3 20/3/3
f 23/4/4 21/4/4 17/1/4
f 27/6/2 31/8/2 32/5/2
f 25/6/1 26/7/1 30/5/1
f 28/7/4 32/5/4 30/5/4
f 25/6/3 29/8/3 31/8/3
f 38/9/5 40/9/5 39/10/5
f 34/11/2 38/9/2 37/10/2
f 33/12/4 37/10/4 39/10/4
f 35/13/1 39/10/1 40/9/1
f 36/14/3 40/9/3 38/9/3
f 46/15/6 44/16/6 43/16/6
f 42/17/7 41/19/7 48/18/7
f 46/15/1 48/18/1 41/19/1
f 45/15/2 43/16/2 42/17/2
f 45/15/8 47/18/8 48/18/8
f 44/16/9 41/19/9 42/17/9
f 51/20/10 52/20/10 46/15/10
f 54/21/11 49/23/11 50/22/11
f 49/23/1 54/21/1 46/15/1
f 45/15/2 53/21/2 50/22/2
f 54/21/12 53/21/12 45/15/12
f 50/22/13 49/23/13 52/20/13
f 63/24/1 64/27/1 58/25/1
f 65/24/2 60/26/2 62/25/2
f 57/28/14 61/28/14 66/27/14
f 56/26/15 60/26/15 65/24/15
f 58/25/3 62/25/3 60/26/3
f 55/29/4 59/29/4 61/28/4
f 63/24/15 65/24/15 59/29/15
f 64/27/16 66/27/16 62/25/16
f 65/24/2 66/27/2 61/28/2
f 57/28/1 64/27/1 63/24/1
f 73/30/4 114/31/4 95/31/4
f 70/32/1 74/68/1 105/33/1
f 72/35/15 74/35/15 70/36/15
f 96/37/2 97/62/2 77/38/2
f 98/40/2 99/623/2 79/41/2
f 100/43/2 101/94/2 81/44/2
f 102/46/2 103/624/2 83/47/2
f 104/49/2 72/35/2 68/36/2
f 86/51/1 106/67/1 107/52/1
f 88/54/1 108/91/1 109/43/1
f 90/41/1 110/625/1 111/40/1
f 92/56/1 112/626/1 113/57/1
f 94/59/1 114/31/1 73/30/1
f 113/61/4 112/62/4 97/62/4
f 111/63/4 110/92/4 99/64/4
f 109/65/4 108/627/4 101/66/4
f 107/52/4 106/67/4 103/67/4
f 105/33/4 74/68/4 72/68/4
f 71/30/2 95/31/2 75/59/2
f 143/70/17 162/70/17 121/71/17
f 118/72/83 133/90/83 153/73/83
f 118/72/5 122/74/5 120/74/5
f 125/38/84 145/87/84 144/75/84
f 127/76/85 147/88/85 146/77/85
f 129/44/86 149/89/86 148/79/86
f 131/80/87 151/83/87 150/81/87
f 116/72/88 120/74/88 152/82/88
f 134/51/89 135/53/89 155/81/89
f 136/54/90 137/55/90 157/79/90
f 138/76/91 139/78/91 159/77/91
f 140/38/92 141/93/92 161/86/92
f 142/59/93 117/60/93 121/71/93
f 145/87/29 160/87/29 161/86/29
f 147/88/30 158/85/30 159/77/30
f 149/89/31 156/84/31 157/79/31
f 151/83/32 154/83/32 155/81/32
f 120/74/33 122/74/33 153/73/33
f 123/59/94 143/70/94 119/71/94
f 71/30/5 119/71/5 121/71/5
f 69/60/95 73/30/95 121/71/95
f 67/60/35 115/60/35 119/71/35
f 76/39/56 124/39/56 144/75/56
f 75/59/96 95/31/96 143/70/96
f 78/78/97 126/78/97 146/77/97
f 77/38/98 97/62/98 145/87/98
f 80/45/52 128/45/52 148/79/52
f 79/76/99 99/64/99 147/88/99
f 82/53/50 130/53/50 150/81/50
f 81/44/100 101/94/100 149/89/100
f 84/50/48 132/50/48 152/82/48
f 83/80/101 103/67/101 151/83/101
f 86/51/46 134/51/46 154/83/46
f 85/90/102 105/95/102 153/73/102
f 88/54/44 136/54/44 156/84/44
f 87/53/103 107/52/103 155/81/103
f 90/76/42 138/76/42 158/85/42
f 89/55/104 109/43/104 157/79/104
f 92/38/40 140/38/40 160/87/40
f 91/78/105 111/63/105 159/77/105
f 94/59/38 142/59/38 162/70/38
f 93/93/106 113/61/106 161/86/106
f 96/37/5 144/75/5 161/86/5
f 114/31/15 162/70/15 143/70/15
f 98/63/5 146/77/5 159/77/5
f 112/62/15 160/87/15 145/87/15
f 100/43/5 148/79/5 157/79/5
f 110/92/15 158/85/15 147/88/15
f 107/52/5 102/52/5 150/81/5
f 108/91/15 156/84/15 149/89/15
f 105/95/5 104/49/5 152/82/5
f 106/67/15 154/83/15 151/83/15
f 169/96/57 170/96/57 167/97/57
f 166/98/3 170/96/3 169/96/3
f 163/99/4 168/97/4 167/97/4
f 166/98/1 165/99/1 167/97/1
f 164/98/2 169/96/2 168/97/2
f 177/96/57 178/96/57 175/97/57
f 174/100/3 178/96/3 177/96/3
f 171/101/4 176/97/4 175/97/4
f 174/100/1 173/101/1 175/97/1
f 172/100/2 177/96/2 176/97/2
f 185/96/57 186/96/57 183/97/57
f 182/100/3 186/96/3 185/96/3
f 179/101/4 184/97/4 183/97/4
f 182/100/1 181/101/1 183/97/1
f 180/100/2 185/96/2 184/97/2
f 188/102/2 190/105/2 189/103/2
f 193/103/1 194/105/1 192/102/1
f 192/102/3 194/105/3 190/105/3
f 193/103/4 191/104/4 187/104/4
f 191/104/15 192/102/15 188/102/15
f 197/106/15 198/107/15 196/107/15
f 201/108/58 202/108/58 199/109/58
f 198/107/3 202/108/3 201/108/3
f 195/106/4 200/109/4 199/109/4
f 198/107/1 197/106/1 199/109/1
f 196/107/2 201/108/2 200/109/2
f 204/107/15 206/107/15 205/106/15
f 207/110/58 210/108/58 209/108/58
f 209/108/3 210/108/3 206/107/3
f 207/110/4 208/110/4 203/106/4
f 206/107/2 210/108/2 207/110/2
f 208/110/1 209/108/1 204/107/1
f 213/111/15 214/116/15 212/112/15
f 217/114/5 218/114/5 215/115/5
f 214/116/3 218/114/3 217/114/3
f 211/113/4 216/115/4 215/115/4
f 213/111/1 215/115/1 218/114/1
f 212/112/2 217/114/2 216/115/2
f 221/117/15 222/118/15 220/118/15
f 225/119/5 226/119/5 223/120/5
f 220/118/2 225/119/2 224/120/2
f 222/118/3 226/119/3 225/119/3
f 219/117/4 224/120/4 223/120/4
f 221/117/1 223/120/1 226/119/1
f 229/121/4 230/118/4 228/118/4
f 233/122/3 234/122/3 231/123/3
f 228/118/2 233/122/2 232/123/2
f 230/118/15 234/122/15 233/122/15
f 227/121/5 232/123/5 231/123/5
f 237/119/4 238/124/4 236/124/4
f 241/125/3 242/125/3 239/126/3
f 236/124/2 241/125/2 240/126/2
f 238/124/15 242/125/15 241/125/15
f 235/119/5 240/126/5 239/126/5
f 238/124/1 237/119/1 239/126/1
f 243/127/4 245/128/4 246/128/4
f 250/129/3 249/129/3 247/130/3
f 244/127/15 248/130/15 247/130/15
f 245/128/5 249/129/5 250/129/5
f 246/128/1 250/129/1 248/130/1
f 243/127/2 247/130/2 249/129/2
f 251/131/5 253/132/5 254/132/5
f 258/133/15 257/133/15 255/134/15
f 252/131/4 256/134/4 255/134/4
f 254/132/1 258/133/1 256/134/1
f 251/131/2 255/134/2 257/133/2
f 230/118/1 229/121/1 231/123/1
f 276/135/6 273/136/6 296/136/6
f 320/169/2 295/160/2 319/139/2
f 295/160/2 260/137/2 319/139/2
f 262/140/6 283/141/6 286/141/6
f 284/142/6 281/143/6 288/143/6
f 282/144/6 279/153/6 290/145/6
f 280/146/6 277/147/6 292/147/6
f 278/148/6 275/149/6 294/149/6
f 275/149/9 316/150/9 317/150/9
f 302/151/7 301/151/7 298/152/7
f 279/153/9 312/170/9 313/154/9
f 281/143/9 310/171/9 307/155/9
f 265/156/7 266/156/7 269/157/7
f 306/158/7 305/158/7 304/159/7
f 274/160/6 259/166/6 260/137/6
f 293/135/2 296/136/2 306/158/2
f 291/148/8 299/161/8 300/161/8
f 276/135/1 304/159/1 305/158/1
f 285/142/8 268/162/8 267/162/8
f 295/160/8 320/169/8 321/163/8
f 277/147/9 301/151/9 302/151/9
f 318/164/7 315/164/7 300/161/7
f 283/141/9 266/156/9 265/156/9
f 289/146/2 292/147/2 302/151/2
f 293/135/8 303/159/8 304/159/8
f 280/146/1 298/152/1 301/151/1
f 287/144/8 264/165/8 263/165/8
f 316/150/1 275/149/1 315/164/1
f 275/149/1 278/148/1 315/164/1
f 299/161/2 291/148/2 318/164/2
f 291/148/2 294/149/2 318/164/2
f 259/166/9 271/628/9 272/138/9
f 314/167/7 311/167/7 263/165/7
f 310/171/1 281/143/1 309/168/1
f 281/143/1 284/142/1 309/168/1
f 308/168/7 309/168/7 267/162/7
f 272/138/7 271/628/7 322/139/7
f 312/170/1 279/153/1 311/167/1
f 279/153/1 282/144/1 311/167/1
f 289/146/8 297/152/8 298/152/8
f 261/140/2 286/141/2 265/156/2
f 273/136/9 305/158/9 306/158/9
f 262/140/1 269/157/1 266/156/1
f 271/628/1 259/166/1 322/139/1
f 259/166/1 274/160/1 322/139/1
f 264/165/2 287/144/2 314/167/2
f 287/144/2 290/145/2 314/167/2
f 322/139/59 321/163/59 320/169/59
f 318/164/60 317/150/60 316/150/60
f 314/167/60 313/154/60 312/170/60
f 308/168/60 307/155/60 310/171/60
f 268/162/2 285/142/2 308/168/2
f 285/142/2 288/143/2 308/168/2
f 360/172/10 337/172/10 340/173/10
f 324/176/2 359/197/2 383/174/2
f 359/197/2 384/206/2 383/174/2
f 350/177/10 347/177/10 326/178/10
f 352/179/10 345/179/10 348/180/10
f 354/181/10 343/191/10 346/182/10
f 356/183/10 341/183/10 344/184/10
f 358/185/10 339/185/10 342/186/10
f 381/187/13 380/187/13 339/185/13
f 362/188/11 365/189/11 366/189/11
f 377/190/13 376/207/13 343/191/13
f 371/192/13 374/208/13 345/179/13
f 333/193/11 330/194/11 329/194/11
f 368/195/11 369/196/11 370/196/11
f 324/176/10 323/203/10 338/197/10
f 357/173/2 367/195/2 370/196/2
f 364/198/12 363/198/12 355/186/12
f 369/196/1 368/195/1 340/173/1
f 331/199/12 332/199/12 349/180/12
f 385/200/12 384/206/12 359/197/12
f 366/189/13 365/189/13 341/183/13
f 364/198/11 379/201/11 382/201/11
f 329/194/13 330/194/13 347/177/13
f 353/184/2 361/188/2 366/189/2
f 368/195/12 367/195/12 357/173/12
f 365/189/1 362/188/1 344/184/1
f 327/202/12 328/202/12 351/182/12
f 342/186/1 339/185/1 379/201/1
f 339/185/1 380/187/1 379/201/1
f 358/185/2 355/186/2 382/201/2
f 355/186/2 363/198/2 382/201/2
f 336/175/13 335/629/13 323/203/13
f 327/202/11 375/204/11 378/204/11
f 348/180/1 345/179/1 373/205/1
f 345/179/1 374/208/1 373/205/1
f 331/199/11 373/205/11 372/205/11
f 386/174/11 335/629/11 336/175/11
f 346/182/1 343/191/1 375/204/1
f 343/191/1 376/207/1 375/204/1
f 362/188/12 361/188/12 353/184/12
f 334/193/2 329/194/2 350/177/2
f 370/196/13 369/196/13 337/172/13
f 330/194/1 333/193/1 326/178/1
f 338/197/1 323/203/1 386/174/1
f 323/203/1 335/629/1 386/174/1
f 354/181/2 351/182/2 378/204/2
f 351/182/2 328/202/2 378/204/2
f 384/206/61 385/200/61 386/174/61
f 380/187/62 381/187/62 382/201/62
f 376/207/62 377/190/62 378/204/62
f 374/208/62 371/192/62 372/205/62
f 352/179/2 349/180/2 372/205/2
f 349/180/2 332/199/2 372/205/2
f 504/209/1 507/329/1 508/210/1
f 468/215/1 500/268/1 580/218/1
f 500/268/1 582/309/1 580/218/1
f 593/363/1 476/334/1 591/216/1
f 476/334/1 469/217/1 591/216/1
f 468/215/1 580/218/1 591/216/1
f 388/217/2 620/378/2 595/216/2
f 620/378/2 647/362/2 595/216/2
f 644/364/2 635/380/2 579/218/2
f 635/380/2 387/215/2 579/218/2
f 388/217/2 595/216/2 387/215/2
f 414/221/2 416/370/2 583/219/2
f 416/370/2 578/630/2 583/219/2
f 574/222/2 571/278/2 412/223/2
f 575/225/2 570/280/2 410/226/2
f 568/228/2 569/306/2 408/229/2
f 405/231/2 614/307/2 610/232/2
f 723/234/1 613/307/1 491/231/1
f 472/236/1 502/305/1 509/237/1
f 714/239/1 719/371/1 718/240/1
f 458/243/15 678/243/15 655/244/15
f 429/244/2 431/288/2 456/248/2
f 701/249/15 542/249/15 517/250/15
f 699/251/15 538/251/15 521/252/15
f 432/253/2 435/340/2 452/254/2
f 434/256/2 436/296/2 451/229/2
f 687/257/5 662/257/5 671/258/5
f 450/259/2 437/347/2 439/260/2
f 691/262/5 666/262/5 667/263/5
f 440/264/2 442/300/2 445/265/2
f 460/211/2 465/210/2 464/267/2
f 425/217/2 430/334/2 457/268/2
f 553/272/4 558/272/4 641/270/4
f 641/270/4 642/271/4 557/271/4
f 387/215/15 468/215/15 469/217/15
f 471/273/1 474/382/1 486/274/1
f 501/243/1 498/221/1 584/276/1
f 577/222/1 499/224/1 573/279/1
f 499/224/1 497/223/1 573/279/1
f 570/280/5 720/280/5 713/226/5
f 494/229/1 567/306/1 566/228/1
f 559/308/2 554/325/2 603/354/2
f 554/325/2 398/326/2 603/354/2
f 398/326/2 399/374/2 599/355/2
f 399/374/2 598/373/2 599/355/2
f 398/326/2 599/355/2 603/354/2
f 603/354/2 609/375/2 559/308/2
f 609/375/2 406/281/2 564/283/2
f 409/282/2 565/358/2 564/283/2
f 564/283/2 559/308/2 609/375/2
f 610/232/5 724/232/5 709/233/5
f 627/262/5 706/262/5 707/263/5
f 649/284/5 726/284/5 711/285/5
f 424/215/15 511/302/15 512/286/15
f 431/288/5 658/288/5 675/248/5
f 514/289/1 515/390/1 529/290/1
f 518/292/1 517/250/1 542/249/1
f 689/294/5 527/294/5 532/295/5
f 522/296/1 519/256/1 540/230/1
f 446/297/15 670/297/15 663/298/15
f 525/260/1 523/347/1 536/259/1
f 527/294/1 524/348/1 535/299/1
f 528/300/1 526/264/1 533/266/1
f 441/298/2 692/389/2 693/301/2
f 546/209/1 549/329/1 550/210/1
f 543/268/1 516/334/1 512/286/1
f 591/216/5 580/218/5 579/218/5
f 400/274/2 618/377/2 615/303/2
f 417/211/15 503/211/15 508/210/15
f 639/304/5 509/237/5 502/305/5
f 576/220/5 584/276/5 498/221/5
f 571/278/5 572/278/5 497/223/5
f 575/225/15 413/227/15 716/227/15
f 569/306/5 567/306/5 494/229/5
f 614/307/15 405/231/15 491/231/15
f 562/283/15 555/308/15 559/308/15
f 636/268/5 643/309/5 582/309/5
f 725/310/1 606/314/1 493/259/1
f 612/312/15 404/313/15 490/313/15
f 607/314/2 650/381/2 633/315/2
f 625/316/2 628/379/2 629/317/2
f 390/236/15 472/236/15 473/238/15
f 401/275/15 487/275/15 486/274/15
f 588/320/15 590/357/15 475/244/15
f 708/322/1 705/391/1 485/298/1
f 586/323/15 585/323/15 478/324/15
f 558/272/15 553/272/15 480/256/15
f 554/325/15 556/325/15 482/326/15
f 390/236/2 391/319/2 640/327/2
f 421/329/5 507/329/5 504/209/5
f 423/212/15 510/212/15 506/213/15
f 419/242/15 505/242/15 510/212/15
f 651/330/1 544/353/1 551/331/1
f 443/290/2 682/386/2 679/333/2
f 430/334/5 516/334/5 543/268/5
f 455/255/15 674/255/15 659/253/15
f 657/335/1 656/384/1 677/336/1
f 433/292/5 518/292/5 541/293/5
f 683/338/2 433/292/2 454/293/2
f 435/340/5 520/340/5 539/254/5
f 520/340/1 660/385/1 673/341/1
f 436/296/5 522/296/5 537/229/5
f 453/230/15 540/230/15 519/256/15
f 661/342/1 521/252/1 538/251/1
f 685/344/2 688/387/2 697/345/2
f 439/260/5 525/260/5 534/261/5
f 450/259/15 536/259/15 523/347/15
f 438/348/2 690/388/2 695/349/2
f 449/299/15 535/299/15 524/348/15
f 442/300/5 528/300/5 531/265/5
f 447/266/15 533/266/15 526/264/15
f 668/350/1 665/631/1 664/351/1
f 460/211/15 545/211/15 550/210/15
f 444/291/15 530/291/15 529/290/15
f 466/331/5 551/331/5 544/353/5
f 464/267/5 549/329/5 546/209/5
f 463/246/15 467/245/15 552/245/15
f 462/269/15 547/269/15 552/245/15
f 482/326/1 556/325/1 602/354/1
f 556/325/1 555/308/1 602/354/1
f 562/283/1 563/358/1 495/282/1
f 562/283/1 495/282/1 492/281/1
f 492/281/1 608/375/1 562/283/1
f 608/375/1 602/354/1 555/308/1
f 562/283/1 608/375/1 555/308/1
f 597/355/1 596/373/1 484/374/1
f 597/355/1 484/374/1 482/326/1
f 589/356/1 477/369/1 475/244/1
f 583/219/3 578/630/3 581/277/3
f 581/277/3 584/276/3 583/219/3
f 564/283/3 565/358/3 563/358/3
f 568/228/3 566/228/3 567/306/3
f 722/367/4 592/367/4 721/360/4
f 592/367/4 645/361/4 721/360/4
f 645/361/4 646/359/4 587/359/4
f 572/278/3 571/278/3 573/279/3
f 571/278/3 574/222/3 573/279/3
f 594/356/4 589/356/4 590/357/4
f 593/363/4 591/216/4 647/362/4
f 591/216/4 595/216/4 647/362/4
f 644/364/3 579/218/3 580/218/3
f 580/218/3 582/309/3 644/364/3
f 559/308/4 555/308/4 556/325/4
f 560/365/4 585/323/4 586/323/4
f 558/272/2 396/256/2 624/366/2
f 592/367/2 393/250/2 622/368/2
f 594/356/5 394/369/5 477/369/5
f 592/367/15 722/367/15 703/250/15
f 631/297/15 489/297/15 485/298/15
f 581/277/15 578/630/15 416/370/15
f 720/280/3 570/280/3 719/371/3
f 570/280/3 575/225/3 718/240/3
f 575/225/3 717/225/3 718/240/3
f 646/359/5 621/292/5 479/292/5
f 574/222/15 415/224/15 499/224/15
f 642/271/5 623/296/5 483/296/5
f 561/365/5 397/372/5 481/372/5
f 585/323/1 560/365/1 481/372/1
f 557/271/1 483/296/1 480/256/1
f 568/228/15 411/230/15 496/230/15
f 586/323/2 395/324/2 397/372/2
f 565/358/15 409/282/15 495/282/15
f 588/320/2 392/321/2 394/369/2
f 596/373/5 598/373/5 399/374/5
f 422/210/2 421/329/2 418/209/2
f 648/363/5 619/334/5 476/334/5
f 609/375/5 608/375/5 492/281/5
f 607/314/15 407/259/15 493/259/15
f 427/376/2 428/383/2 466/331/2
f 618/377/63 617/382/63 616/273/63
f 620/378/63 619/334/63 648/363/63
f 622/368/63 621/292/63 646/359/63
f 624/366/63 623/296/63 642/271/63
f 632/318/64 631/297/64 626/298/64
f 628/379/63 627/262/63 630/263/63
f 637/328/63 640/327/63 639/304/63
f 644/364/63 643/309/63 636/268/63
f 650/381/107 649/284/107 634/285/107
f 617/382/5 474/382/5 471/273/5
f 652/376/65 651/330/65 654/332/65
f 678/243/65 677/336/65 656/384/65
f 658/288/66 657/335/66 676/337/66
f 674/255/65 673/341/65 660/385/65
f 662/257/66 661/342/66 672/343/66
f 670/297/65 669/352/65 664/351/65
f 666/262/66 665/631/66 668/350/66
f 427/376/15 652/376/15 653/383/15
f 682/386/67 681/390/67 680/289/67
f 702/339/68 701/249/68 684/250/68
f 700/346/68 699/251/68 686/252/68
f 688/387/69 687/257/69 698/258/69
f 690/388/69 689/294/69 696/295/69
f 692/389/69 691/262/69 694/263/69
f 681/390/5 515/390/5 514/289/5
f 716/227/65 715/241/65 718/240/65
f 707/263/66 706/262/66 705/391/66
f 720/280/66 719/371/66 714/239/66
f 722/367/65 721/360/65 704/392/65
f 726/284/66 725/310/66 712/311/66
f 724/232/66 723/234/66 710/235/66
f 587/359/1 479/292/1 704/392/1
f 963/393/5 812/393/5 858/394/5
f 929/395/3 925/490/3 755/396/3
f 757/400/3 756/459/3 922/398/3
f 756/459/3 926/458/3 922/398/3
f 1005/401/5 916/401/5 840/402/5
f 915/403/3 917/496/3 759/404/3
f 914/406/3 912/499/3 761/407/3
f 1002/409/3 979/578/3 978/410/3
f 975/412/5 826/412/5 844/413/5
f 745/414/3 744/503/3 765/415/3
f 973/417/5 824/417/5 846/418/5
f 971/419/5 820/419/5 850/420/5
f 741/421/3 740/507/3 769/422/3
f 739/424/3 738/474/3 771/425/3
f 993/427/15 854/427/15 816/428/15
f 737/429/3 736/517/3 773/430/3
f 965/432/5 815/432/5 855/433/5
f 778/436/4 777/560/4 934/475/4
f 777/560/4 933/559/4 934/475/4
f 938/522/4 802/523/4 936/434/4
f 802/523/4 801/435/4 936/434/4
f 778/436/4 934/475/4 936/434/4
f 1021/437/5 884/437/5 865/438/5
f 800/439/4 799/478/4 780/440/4
f 798/442/4 797/530/4 782/443/4
f 796/445/4 795/534/4 784/446/4
f 1017/448/5 878/448/5 871/449/5
f 792/450/4 791/457/4 788/451/4
f 790/453/4 730/456/4 729/454/4
f 733/455/3 732/454/3 731/456/3
f 860/457/4 810/451/4 811/452/4
f 836/396/4 927/490/4 930/395/4
f 838/400/4 923/399/4 924/458/4
f 839/460/4 840/402/4 916/401/4
f 914/406/15 760/408/15 1038/408/15
f 897/491/2 896/491/2 1048/463/2
f 896/491/2 888/462/2 1048/463/2
f 911/542/4 843/556/4 910/465/4
f 843/556/4 844/413/4 910/465/4
f 826/412/4 827/498/4 901/464/4
f 827/498/4 902/497/4 901/464/4
f 826/412/4 901/464/4 844/413/4
f 846/418/4 824/417/4 825/466/4
f 848/415/4 822/503/4 823/414/4
f 850/420/4 820/419/4 821/468/4
f 767/470/15 1040/470/15 1031/471/15
f 852/422/4 818/507/4 819/421/4
f 969/472/5 1030/472/5 1041/473/5
f 855/433/4 815/432/4 816/428/4
f 857/430/4 813/517/4 814/429/4
f 738/474/5 1028/474/5 1043/425/5
f 932/559/3 862/560/3 931/475/3
f 862/560/3 863/436/3 931/475/3
f 886/435/3 887/523/3 935/434/3
f 887/523/3 937/522/3 935/434/3
f 886/435/3 935/434/3 863/436/3
f 865/438/3 884/437/3 885/476/3
f 799/478/5 1066/478/5 1055/440/5
f 786/479/15 1060/479/15 1061/480/15
f 868/446/3 881/534/3 882/445/3
f 870/481/3 879/537/3 880/482/3
f 873/451/3 876/457/3 877/450/3
f 805/484/3 806/485/3 875/453/3
f 807/485/4 808/484/4 809/455/4
f 898/486/15 899/486/15 804/487/15
f 730/456/70 806/485/70 805/484/70
f 732/454/71 808/484/71 807/485/71
f 894/488/15 891/488/15 834/489/15
f 925/490/5 927/490/5 836/396/5
f 896/491/15 897/491/15 832/492/15
f 921/399/5 923/399/5 838/400/5
f 1008/461/15 981/460/15 839/460/15
f 1004/549/2 905/549/2 1003/411/2
f 905/549/2 907/493/2 1003/411/2
f 907/493/2 1001/493/2 1002/409/2
f 906/494/15 903/494/15 829/495/15
f 917/496/5 913/496/5 841/404/5
f 909/497/15 902/497/15 827/498/15
f 912/499/5 918/499/5 842/407/5
f 763/467/15 845/467/15 825/466/15
f 985/501/3 762/556/3 919/465/3
f 762/556/3 920/542/3 919/465/3
f 909/497/3 747/498/3 900/464/3
f 747/498/3 976/500/3 900/464/3
f 985/501/3 919/465/3 900/464/3
f 764/416/15 847/416/15 823/414/15
f 746/466/3 974/571/3 987/502/3
f 766/469/15 849/469/15 821/468/15
f 744/503/5 822/503/5 848/415/5
f 897/491/4 1048/463/4 1033/504/4
f 743/468/3 972/572/3 989/505/3
f 768/423/15 851/423/15 819/421/15
f 742/471/3 970/573/3 991/506/3
f 770/426/15 853/426/15 817/424/15
f 740/507/5 818/507/5 852/422/5
f 1042/508/4 1029/632/4 1032/509/4
f 1044/511/4 1027/633/4 817/424/4
f 772/431/15 856/431/15 814/429/15
f 967/512/3 966/574/3 995/513/3
f 858/394/4 812/393/4 1026/515/4
f 736/517/5 813/517/5 857/430/5
f 775/450/15 859/450/15 811/452/15
f 735/518/3 964/575/3 997/519/3
f 776/453/15 861/453/15 809/455/15
f 734/452/3 962/576/3 999/521/3
f 938/522/15 937/522/15 887/523/15
f 1023/524/4 1022/579/4 1011/525/4
f 801/435/5 886/435/5 863/436/5
f 1056/527/3 1065/634/3 1068/528/3
f 1013/483/15 869/483/15 880/482/15
f 781/444/15 866/444/15 883/442/15
f 797/530/5 1064/530/5 1057/443/5
f 783/447/15 867/447/15 882/445/15
f 1058/531/3 1063/635/3 883/442/3
f 1019/532/4 794/537/4 785/481/4
f 795/534/5 881/534/5 868/446/5
f 871/449/3 878/448/3 1062/535/3
f 794/537/5 879/537/5 870/481/5
f 787/452/15 872/452/15 877/450/15
f 793/480/4 1018/580/4 1015/538/4
f 789/455/15 874/455/15 875/453/15
f 791/457/5 876/457/5 873/451/5
f 892/539/5 754/540/5 835/540/5
f 913/496/1 917/496/1 1052/541/1
f 917/496/1 915/403/1 1052/541/1
f 929/395/1 930/395/1 927/490/1
f 922/398/1 926/458/1 924/458/1
f 924/458/1 923/399/1 922/398/1
f 910/465/1 919/465/1 920/542/1
f 754/540/3 892/539/3 893/543/3
f 893/543/3 898/486/3 728/487/3
f 889/544/4 833/548/4 834/489/4
f 1001/493/15 907/493/15 831/545/15
f 904/546/5 748/547/5 828/547/5
f 894/488/3 753/489/3 752/548/3
f 1004/549/5 977/550/5 830/550/5
f 929/395/15 727/397/15 803/397/15
f 841/404/4 913/496/4 1052/541/4
f 915/403/15 758/405/15 1036/405/15
f 888/462/3 896/491/3 751/492/3
f 890/544/5 752/548/5 833/548/5
f 1007/553/3 1006/577/3 983/554/3
f 906/494/3 749/495/3 748/547/3
f 908/546/4 828/547/4 829/495/4
f 926/458/15 756/459/15 837/459/15
f 888/462/5 750/552/5 1034/552/5
f 920/542/15 762/556/15 843/556/15
f 895/539/4 835/540/4 804/487/4
f 905/549/4 830/550/4 831/545/4
f 842/407/4 918/499/4 1050/557/4
f 898/486/2 893/543/2 899/486/2
f 893/543/2 892/539/2 895/539/2
f 890/544/2 889/544/2 891/488/2
f 918/499/1 912/499/1 1050/557/1
f 912/499/1 914/406/1 1050/557/1
f 904/546/2 908/546/2 903/494/2
f 901/464/2 902/497/2 909/497/2
f 916/401/1 1005/401/1 1006/577/1
f 1006/577/1 1007/553/1 916/401/1
f 1007/553/1 1008/461/1 928/461/1
f 910/465/15 901/464/15 900/464/15
f 931/475/15 935/434/15 936/434/15
f 935/434/1 937/522/1 938/522/1
f 933/559/15 777/560/15 862/560/15
f 931/475/2 934/475/2 933/559/2
f 940/561/5 942/561/5 941/562/5
f 943/563/15 945/564/15 960/564/15
f 941/562/4 943/563/4 944/565/4
f 945/564/1 943/563/1 941/562/1
f 944/565/2 960/564/2 940/561/2
f 960/564/3 945/564/3 942/561/3
f 947/566/5 949/566/5 948/567/5
f 950/563/15 958/564/15 952/564/15
f 950/563/4 951/563/4 946/567/4
f 958/564/1 950/563/1 948/567/1
f 951/563/2 952/564/2 947/566/2
f 952/564/3 958/564/3 949/566/3
f 955/568/5 953/568/5 954/569/5
f 953/568/3 955/568/3 958/564/3
f 957/565/4 956/570/4 954/569/4
f 982/555/73 981/460/73 1008/461/73
f 978/410/74 977/550/74 1004/549/74
f 976/500/74 975/412/74 986/413/74
f 974/571/74 973/417/74 988/418/74
f 972/572/74 971/419/74 990/420/74
f 970/573/74 969/472/74 992/473/74
f 994/514/73 993/427/73 968/428/73
f 966/574/74 965/432/74 996/433/74
f 964/575/74 963/393/74 998/394/74
f 962/576/74 961/451/74 1000/457/74
f 1006/577/74 1005/401/74 984/402/74
f 1002/409/73 1001/493/73 980/545/73
f 961/451/5 810/451/5 860/457/5
f 1010/526/75 1009/477/75 1024/476/75
f 1022/579/76 1021/437/76 1012/438/76
f 1014/533/75 1013/483/75 1020/482/75
f 1018/580/76 1017/448/76 1016/449/76
f 1009/477/15 864/477/15 885/476/15
f 1036/405/75 1035/551/75 1052/541/75
f 1034/552/76 1033/504/76 1048/463/76
f 1038/408/75 1037/558/75 1050/557/75
f 1040/470/75 1039/510/75 1032/509/75
f 1030/472/76 1029/632/76 1042/508/76
f 1028/474/76 1027/633/76 1044/511/76
f 1046/520/75 1045/516/75 1026/515/75
f 774/520/15 1046/520/15 1025/518/15
f 1054/441/73 1053/529/73 1068/528/73
f 1066/478/74 1065/634/74 1056/527/74
f 1064/530/74 1063/635/74 1058/531/74
f 1060/479/73 1059/536/73 1062/535/73
f 779/441/15 1054/441/15 1067/439/15
f 1071/581/77 1072/582/77 1070/582/77
f 1075/583/78 1076/583/78 1073/584/78
f 1073/584/1 1076/583/1 1072/582/1
f 1072/582/79 1076/583/79 1075/583/79
f 1075/583/2 1074/584/2 1069/581/2
f 1069/581/80 1074/584/80 1073/584/80
f 1082/585/79 1083/586/79 1084/586/79
f 1080/587/1 1081/585/1 1084/586/1
f 1078/587/78 1082/585/78 1081/585/78
f 1078/587/2 1077/588/2 1083/586/2
f 1079/588/77 1084/586/77 1083/586/77
f 1090/589/79 1091/594/79 1092/590/79
f 1088/591/1 1089/589/1 1092/590/1
f 1086/593/78 1090/589/78 1089/589/78
f 1086/593/2 1085/592/2 1091/594/2
f 1087/592/77 1092/590/77 1091/594/77
f 1098/595/79 1099/596/79 1100/596/79
f 1096/597/1 1097/595/1 1100/596/1
f 1094/597/78 1098/595/78 1097/595/78
f 1094/597/2 1093/598/2 1099/596/2
f 1095/598/77 1100/596/77 1099/596/77
f 1105/599/108 1106/599/108 1107/600/108
f 1103/601/1 1104/602/1 1105/599/1
f 1102/602/78 1106/599/78 1105/599/78
f 1102/602/2 1101/601/2 1107/600/2
f 1103/601/81 1108/600/81 1107/600/81
f 1114/603/79 1115/604/79 1116/604/79
f 1111/606/1 1112/607/1 1113/605/1
f 1110/607/78 1114/603/78 1113/605/78
f 1110/607/2 1109/606/2 1115/604/2
f 1111/606/77 1116/604/77 1115/604/77
f 1122/608/79 1123/609/79 1124/609/79
f 1119/610/1 1120/611/1 1121/608/1
f 1118/611/78 1122/608/78 1121/608/78
f 1118/611/2 1117/610/2 1123/609/2
f 1119/610/109 1124/609/109 1123/609/109
f 1130/612/79 1131/613/79 1132/613/79
f 1127/614/1 1128/615/1 1129/612/1
f 1126/615/78 1130/612/78 1129/612/78
f 1126/615/2 1125/614/2 1131/613/2
f 1127/614/77 1132/613/77 1131/613/77
f 1137/616/79 1138/616/79 1139/617/79
f 1135/618/1 1136/619/1 1137/616/1
f 1134/619/78 1138/616/78 1137/616/78
f 1134/619/2 1133/618/2 1139/617/2
f 1135/618/109 1140/617/109 1139/617/109
f 1141/620/5 1142/620/5 488/621/5
f 490/313/1 488/621/1 604/622/1
f 488/621/1 1142/620/1 604/622/1
f 1142/620/1 600/636/1 604/622/1
f 402/621/2 404/313/2 605/622/2
f 404/313/2 612/312/2 605/622/2
f 605/622/2 601/636/2 1141/620/2
o Bld_Chicken_Coop_Door_Middle_01
v -0.436935 1.022129 0.477627
v -0.184541 1.022129 0.477627
v -0.436935 0.610134 0.477627
v -0.184541 0.610134 0.477627
v -0.184541 0.693043 0.477627
v -0.184541 0.775443 0.477627
v -0.184541 0.774421 0.477627
v -0.184541 0.856820 0.477627
v -0.184541 0.940241 0.477627
v -0.436935 0.940241 0.477627
v -0.436935 0.856820 0.477627
v -0.436935 0.774421 0.477627
v -0.436935 0.775443 0.477627
v -0.436935 0.693043 0.477627
v -0.436935 1.022129 0.468038
v -0.184541 1.022129 0.468038
v -0.436935 0.610134 0.468037
v -0.184541 0.610134 0.468037
v -0.184541 0.693043 0.468037
v -0.184541 0.775443 0.468037
v -0.184541 0.774421 0.468037
v -0.184541 0.856820 0.468037
v -0.184541 0.940241 0.468037
v -0.436935 0.940241 0.468037
v -0.436935 0.856820 0.468037
v -0.436935 0.774421 0.468037
v -0.436935 0.775443 0.468037
v -0.436935 0.693043 0.468037
v -0.184541 0.596135 0.478747
v -0.155738 0.596135 0.478747
v -0.184541 0.596135 0.466917
v -0.155738 0.596135 0.466917
v -0.184541 1.036132 0.466917
v -0.184541 1.036132 0.478747
v -0.155738 1.036132 0.478747
v -0.155738 1.036132 0.466917
v -0.465738 0.596135 0.478747
v -0.436935 0.596135 0.478747
v -0.465738 0.596135 0.466917
v -0.436935 0.596135 0.466917
v -0.465738 1.036132 0.466917
v -0.465738 1.036132 0.478747
v -0.436935 1.036132 0.478747
v -0.436935 1.036132 0.466917
v -0.436935 0.610134 0.479395
v -0.436935 0.596132 0.479395
v -0.436935 0.610134 0.466269
v -0.436935 0.596132 0.466269
v -0.184541 0.610134 0.466269
v -0.184541 0.610134 0.479395
v -0.184541 0.596131 0.479395
v -0.184541 0.596131 0.466269
v -0.436935 1.036132 0.479395
v -0.436935 1.022129 0.479395
v -0.436935 1.036132 0.466269
v -0.436935 1.022129 0.466269
v -0.184541 1.036132 0.466269
v -0.184541 1.036132 0.479395
v -0.184541 1.022129 0.479395
v -0.184541 1.022129 0.466269
v -0.184541 0.692022 0.475104
v -0.184541 0.689500 0.477627
v -0.184541 0.860364 0.477627
v -0.184541 0.857842 0.475104
v -0.184541 0.939219 0.475104
v -0.184541 0.936697 0.477627
v -0.436935 0.936697 0.477627
v -0.436935 0.939219 0.475104
v -0.436935 0.857842 0.475104
v -0.436935 0.860364 0.477627
v -0.436935 0.689500 0.477627
v -0.436935 0.692022 0.475104
v -0.184541 0.690042 0.468037
v -0.184541 0.692022 0.470017
v -0.184541 0.857842 0.470017
v -0.184541 0.859821 0.468037
v -0.184541 0.937240 0.468037
v -0.184541 0.939219 0.470017
v -0.436935 0.939219 0.470017
v -0.436935 0.937240 0.468037
v -0.436935 0.859821 0.468037
v -0.436935 0.857842 0.470017
v -0.436935 0.692022 0.470017
v -0.436935 0.690042 0.468037
vn -0.0000 -0.0000 1.0000
vn -0.0000 1.0000 -0.0000
vn -0.0000 -0.0000 -1.0000
vn -0.0000 -1.0000 -0.0000
vn 1.0000 -0.0000 -0.0000
vn -1.0000 -0.0000 -0.0000
vn -0.0000 0.7071 0.7071
vn -0.0000 -0.7071 0.7071
vn -0.0000 0.7071 -0.7071
vn -0.0000 -0.7071 -0.7071
vt 0.207799 0.825360
vt 0.207218 0.817027
vt 0.207799 0.817027
vt 0.203721 0.876907
vt 0.202961 0.865937
vt 0.203721 0.865937
vt 0.203721 0.854762
vt 0.202961 0.843860
vt 0.203721 0.843860
vt 0.207799 0.842235
vt 0.207218 0.842235
vt 0.207218 0.825360
vt 0.202961 0.876907
vt 0.207218 0.833902
vt 0.207799 0.833902
vt 0.202961 0.854762
vt 0.207799 0.842033
vt 0.207218 0.834105
vt 0.207218 0.842033
vt 0.207799 0.841977
vt 0.207218 0.834161
vt 0.207799 0.834161
vt 0.203721 0.832347
vt 0.202961 0.821715
vt 0.203721 0.821715
vt 0.215776 0.864892
vt 0.215885 0.864892
vt 0.215885 0.938732
vt 0.215776 0.938732
vt 0.214717 0.864892
vt 0.214825 0.864892
vt 0.214825 0.938732
vt 0.214717 0.938732
vt 0.214825 0.867241
vt 0.214825 0.864891
vt 0.215776 0.864891
vt 0.215776 0.867241
vt 0.214825 0.936382
vt 0.215776 0.936382
vt 0.207218 0.841977
vt 0.202961 0.832685
vt 0.202961 0.832347
vt 0.203721 0.832420
vt 0.202961 0.832420
vt 0.207799 0.834105
vt 0.203721 0.832685
s 0
usemtl Texture_Map
f 1149/637/110 1156/638/110 1147/639/110
f 1144/640/110 1152/641/110 1151/642/110
f 1150/643/110 1155/644/110 1148/645/110
f 1207/646/111 1221/647/111 1210/647/111
f 1163/637/112 1170/638/112 1168/648/112
f 1158/640/112 1166/641/112 1157/649/112
f 1211/650/113 1217/651/113 1206/651/113
f 1164/643/112 1169/644/112 1167/652/112
f 1219/653/112 1223/654/112 1222/655/112
f 1152/641/113 1165/642/113 1151/642/113
f 1150/643/111 1167/652/111 1153/652/111
f 1208/656/110 1212/657/110 1205/658/110
f 1149/637/111 1168/648/111 1154/648/111
f 1155/644/113 1162/645/113 1148/645/113
f 1204/659/110 1145/660/110 1146/661/110
f 1156/638/113 1161/639/113 1147/639/113
f 1173/662/113 1172/663/113 1171/662/113
f 1177/664/111 1175/665/111 1176/665/111
f 1174/663/114 1177/664/114 1172/663/114
f 1171/662/115 1175/665/115 1173/662/115
f 1173/662/112 1178/664/112 1174/663/112
f 1172/663/110 1176/665/110 1171/662/110
f 1181/666/113 1180/667/113 1179/666/113
f 1185/668/111 1183/669/111 1184/669/111
f 1182/667/114 1185/668/114 1180/667/114
f 1179/666/115 1183/669/115 1181/666/115
f 1181/666/112 1186/668/112 1182/667/112
f 1180/667/110 1184/669/110 1179/666/110
f 1189/670/115 1188/671/115 1187/670/115
f 1193/672/114 1191/673/114 1192/673/114
f 1190/671/113 1193/672/113 1188/671/113
f 1187/670/111 1191/673/111 1189/670/111
f 1189/670/112 1194/672/112 1190/671/112
f 1188/671/110 1192/673/110 1187/670/110
f 1197/668/115 1196/674/115 1195/668/115
f 1201/675/114 1199/665/114 1200/665/114
f 1198/674/113 1201/675/113 1196/674/113
f 1197/668/112 1202/675/112 1198/674/112
f 1196/674/110 1200/665/110 1195/668/110
f 1195/668/111 1199/665/111 1197/668/111
f 1208/656/116 1210/647/116 1209/676/116
f 1212/657/117 1206/651/117 1205/658/117
f 1204/659/116 1214/677/116 1213/678/116
f 1215/679/112 1159/660/112 1226/680/112
f 1220/646/118 1222/655/118 1221/647/118
f 1224/650/119 1218/681/119 1217/651/119
f 1216/682/118 1226/680/118 1225/677/118
f 1203/682/111 1225/677/111 1214/677/111
f 1149/637/110 1154/648/110 1156/638/110
f 1144/640/110 1143/649/110 1152/641/110
f 1150/643/110 1153/652/110 1155/644/110
f 1207/646/111 1220/646/111 1221/647/111
f 1163/637/112 1161/639/112 1170/638/112
f 1158/640/112 1165/642/112 1166/641/112
f 1211/650/113 1224/650/113 1217/651/113
f 1164/643/112 1162/645/112 1169/644/112
f 1219/653/112 1218/681/112 1223/654/112
f 1152/641/113 1166/641/113 1165/642/113
f 1150/643/111 1164/643/111 1167/652/111
f 1208/656/110 1209/676/110 1212/657/110
f 1149/637/111 1163/637/111 1168/648/111
f 1155/644/113 1169/644/113 1162/645/113
f 1204/659/110 1213/678/110 1145/660/110
f 1156/638/113 1170/638/113 1161/639/113
f 1173/662/113 1174/663/113 1172/663/113
f 1177/664/111 1178/664/111 1175/665/111
f 1174/663/114 1178/664/114 1177/664/114
f 1171/662/115 1176/665/115 1175/665/115
f 1173/662/112 1175/665/112 1178/664/112
f 1172/663/110 1177/664/110 1176/665/110
f 1181/666/113 1182/667/113 1180/667/113
f 1185/668/111 1186/668/111 1183/669/111
f 1182/667/114 1186/668/114 1185/668/114
f 1179/666/115 1184/669/115 1183/669/115
f 1181/666/112 1183/669/112 1186/668/112
f 1180/667/110 1185/668/110 1184/669/110
f 1189/670/115 1190/671/115 1188/671/115
f 1193/672/114 1194/672/114 1191/673/114
f 1190/671/113 1194/672/113 1193/672/113
f 1187/670/111 1192/673/111 1191/673/111
f 1189/670/112 1191/673/112 1194/672/112
f 1188/671/110 1193/672/110 1192/673/110
f 1197/668/115 1198/674/115 1196/674/115
f 1201/675/114 1202/675/114 1199/665/114
f 1198/674/113 1202/675/113 1201/675/113
f 1197/668/112 1199/665/112 1202/675/112
f 1196/674/110 1201/675/110 1200/665/110
f 1195/668/111 1200/665/111 1199/665/111
f 1208/656/116 1207/646/116 1210/647/116
f 1212/657/117 1211/650/117 1206/651/117
f 1204/659/116 1203/682/116 1214/677/116
f 1215/679/112 1160/661/112 1159/660/112
f 1220/646/118 1219/653/118 1222/655/118
f 1224/650/119 1223/654/119 1218/681/119
f 1216/682/118 1215/679/118 1226/680/118
f 1203/682/111 1216/682/111 1225/677/111
o Bld_Chicken_Coop_Door_Left_01
v -1.007023 0.872345 -0.454401
v -1.007023 0.872345 0.454401
v -0.638642 1.051402 0.454401
v -0.638642 1.051402 -0.454401
v -0.908126 0.937292 0.454401
v -0.908126 0.937292 -0.454401
v -0.960626 0.911774 0.454401
v -0.960626 0.911774 -0.454401
v -0.959933 0.912111 -0.454401
v -0.959933 0.912111 0.454401
v -0.645278 1.065053 -0.454401
v -0.645278 1.065053 0.454401
v -1.013659 0.885996 0.454401
v -1.013659 0.885996 -0.454401
v -0.953297 0.898459 0.454401
v -0.953991 0.898122 0.454401
v -0.900797 0.923978 0.454401
v -0.901490 0.923641 0.454401
v -0.848297 0.949496 0.454401
v -0.848990 0.949159 0.454401
v -0.795796 0.975015 0.454401
v -0.796490 0.974678 0.454401
v -0.743296 1.000533 0.454401
v -0.743989 1.000196 0.454401
v -0.690796 1.026052 0.454401
v -0.691489 1.025715 0.454401
v -0.691489 1.025715 -0.454401
v -0.690796 1.026052 -0.454401
v -0.743989 1.000196 -0.454401
v -0.743296 1.000533 -0.454401
v -0.796490 0.974678 -0.454401
v -0.795796 0.975015 -0.454401
v -0.848990 0.949159 -0.454401
v -0.848297 0.949496 -0.454401
v -0.901490 0.923641 -0.454401
v -0.900797 0.923978 -0.454401
v -0.953991 0.898122 -0.454401
v -0.953297 0.898459 -0.454401
v -0.854932 0.963148 0.454401
v -0.854932 0.963148 -0.454401
v -0.802432 0.988666 0.454401
v -0.802432 0.988666 -0.454401
v -0.803125 0.988329 -0.454401
v -0.803125 0.988329 0.454401
v -0.749932 1.014185 0.454401
v -0.749932 1.014185 -0.454401
v -0.698125 1.039366 -0.454401
v -0.698125 1.039366 0.454401
v -1.005222 0.870874 0.455609
v -0.637719 1.049504 0.455609
v -1.005222 0.870874 -0.455609
v -0.637719 1.049504 -0.455609
v -1.006144 0.872772 -0.455609
v -1.006144 0.872772 0.455609
v -0.638642 1.051402 0.455609
v -0.638642 1.051402 -0.455609
v -0.906533 0.935780 -0.454401
v -0.905583 0.938528 -0.454401
v -0.905583 0.938528 0.454401
v -0.906533 0.935779 0.454401
v -0.857475 0.961912 -0.454401
v -0.854726 0.960961 -0.454401
v -0.854726 0.960961 0.454401
v -0.857475 0.961912 0.454401
v -0.752475 1.012949 -0.454401
v -0.749726 1.011998 -0.454401
v -0.749726 1.011998 0.454401
v -0.752475 1.012949 0.454401
v -0.695581 1.040602 0.454401
v -0.696532 1.037853 0.454401
v -0.696532 1.037854 -0.454401
v -0.695581 1.040602 -0.454401
vn -0.4372 0.8994 -0.0000
vn -0.0000 -0.0000 1.0000
vn 0.8994 0.4372 -0.0000
vn -0.8994 -0.4372 -0.0000
vn 0.4372 -0.8994 -0.0000
vn -0.0000 -0.0000 -1.0000
vn -0.9451 0.3268 -0.0000
vn 0.3268 0.9451 -0.0000
vn -0.9451 0.3269 -0.0000
vt 0.234756 0.494152
vt 0.233944 0.484070
vt 0.239690 0.548763
vt 0.239588 0.554102
vt 0.238817 0.544539
vt 0.225824 0.569594
vt 0.225030 0.559745
vt 0.238076 0.528735
vt 0.237988 0.533351
vt 0.224215 0.549632
vt 0.223422 0.539783
vt 0.232568 0.494152
vt 0.232518 0.496820
vt 0.235561 0.504132
vt 0.234767 0.494283
vt 0.234767 0.494284
vt 0.234046 0.478730
vt 0.234858 0.488812
vt 0.225926 0.564254
vt 0.225926 0.564255
vt 0.237282 0.518887
vt 0.237180 0.524226
vt 0.237945 0.533723
vt 0.234756 0.494152
vt 0.234869 0.488944
vt 0.237282 0.518887
vt 0.235662 0.498793
vt 0.233027 0.499846
vt 0.232977 0.502515
vt 0.233027 0.499846
vt 0.224317 0.544293
vt 0.232952 0.502730
vt 0.232526 0.497442
vt 0.232526 0.497442
vt 0.223523 0.534444
vt 0.225132 0.554405
vt 0.224215 0.549632
vt 0.238890 0.538848
vt 0.238803 0.543464
vt 0.238890 0.538848
vt 0.237180 0.524226
vt 0.225824 0.569594
vt 0.066552 0.960044
vt 0.066593 0.965818
vt 0.066552 0.960044
vt 0.066593 0.965879
vt 0.066552 0.960106
vt 0.232977 0.502515
vt 0.232952 0.502730
vt 0.232518 0.496821
vt 0.239588 0.554102
s 0
usemtl Texture_Map
f 1233/683/120 1240/684/120 1239/684/120
f 1229/685/121 1238/686/121 1295/687/121
f 1274/688/120 1272/689/120 1271/689/120
f 1255/690/122 1293/691/122 1250/690/122
f 1270/692/120 1266/693/120 1265/693/120
f 1243/694/123 1283/695/123 1262/694/123
f 1231/696/120 1235/697/120 1236/698/120
f 1227/699/124 1242/700/124 1228/699/124
f 1253/701/122 1274/688/122 1252/702/122
f 1228/699/121 1233/683/121 1239/684/121
f 1258/703/125 1268/704/125 1291/705/125
f 1227/699/125 1234/706/125 1263/700/125
f 1241/707/121 1231/696/121 1236/698/121
f 1247/708/123 1268/704/123 1258/703/123
f 1264/707/125 1232/696/125 1261/709/125
f 1241/707/123 1235/697/123 1264/707/123
f 1259/710/122 1289/711/122 1246/712/122
f 1257/713/122 1270/692/122 1248/713/122
f 1290/714/120 1284/715/120 1285/716/120
f 1263/700/122 1233/683/122 1242/700/122
f 1245/717/121 1270/692/121 1265/693/121
f 1249/718/123 1272/689/123 1256/718/123
f 1260/717/125 1269/719/125 1257/713/125
f 1228/699/123 1240/684/123 1227/699/123
f 1290/714/121 1285/716/121 1246/712/121
f 1251/720/123 1297/721/123 1254/722/123
f 1250/690/121 1293/691/121 1294/705/121
f 1294/705/120 1268/704/120 1267/723/120
f 1230/685/122 1238/686/122 1229/685/122
f 1261/709/122 1231/696/122 1244/709/122
f 1252/702/121 1271/689/121 1249/718/121
f 1238/686/120 1298/687/120 1295/687/120
f 1256/718/125 1273/724/125 1253/701/125
f 1245/717/123 1266/693/123 1260/717/123
f 1254/722/125 1297/721/125 1298/687/125
f 1277/725/124 1276/726/124 1275/727/124
f 1281/728/120 1279/729/120 1280/729/120
f 1277/725/125 1282/728/125 1278/726/125
f 1275/727/121 1281/728/121 1280/729/121
f 1278/726/122 1281/728/122 1276/726/122
f 1275/727/123 1279/729/123 1277/725/123
f 1298/687/126 1296/721/126 1295/687/126
f 1294/705/127 1292/691/127 1291/705/127
f 1290/714/127 1288/730/127 1287/731/127
f 1284/715/126 1286/732/126 1285/716/126
f 1284/715/125 1287/731/125 1262/694/125
f 1233/683/120 1234/706/120 1240/684/120
f 1296/721/121 1251/720/121 1295/687/121
f 1251/720/121 1229/685/121 1295/687/121
f 1274/688/120 1273/724/120 1272/689/120
f 1255/690/122 1292/691/122 1293/691/122
f 1270/692/120 1269/719/120 1266/693/120
f 1243/694/123 1286/732/123 1283/695/123
f 1231/696/120 1232/696/120 1235/697/120
f 1227/699/124 1263/700/124 1242/700/124
f 1253/701/122 1273/724/122 1274/688/122
f 1228/699/121 1242/700/121 1233/683/121
f 1292/691/125 1255/690/125 1291/705/125
f 1255/690/125 1258/703/125 1291/705/125
f 1227/699/125 1240/684/125 1234/706/125
f 1241/707/121 1244/709/121 1231/696/121
f 1247/708/123 1267/723/123 1268/704/123
f 1264/707/125 1235/697/125 1232/696/125
f 1241/707/123 1236/698/123 1235/697/123
f 1259/710/122 1288/730/122 1289/711/122
f 1257/713/122 1269/719/122 1270/692/122
f 1290/714/120 1287/731/120 1284/715/120
f 1263/700/122 1234/706/122 1233/683/122
f 1245/717/121 1248/713/121 1270/692/121
f 1249/718/123 1271/689/123 1272/689/123
f 1260/717/125 1266/693/125 1269/719/125
f 1228/699/123 1239/684/123 1240/684/123
f 1286/732/121 1243/694/121 1285/716/121
f 1243/694/121 1246/712/121 1285/716/121
f 1246/712/121 1289/711/121 1290/714/121
f 1251/720/123 1296/721/123 1297/721/123
f 1267/723/121 1247/708/121 1294/705/121
f 1247/708/121 1250/690/121 1294/705/121
f 1294/705/120 1291/705/120 1268/704/120
f 1230/685/122 1237/733/122 1238/686/122
f 1261/709/122 1232/696/122 1231/696/122
f 1252/702/121 1274/688/121 1271/689/121
f 1238/686/120 1237/733/120 1298/687/120
f 1256/718/125 1272/689/125 1273/724/125
f 1245/717/123 1265/693/123 1266/693/123
f 1237/733/125 1230/685/125 1298/687/125
f 1230/685/125 1254/722/125 1298/687/125
f 1277/725/124 1278/726/124 1276/726/124
f 1281/728/120 1282/728/120 1279/729/120
f 1277/725/125 1279/729/125 1282/728/125
f 1275/727/121 1276/726/121 1281/728/121
f 1278/726/122 1282/728/122 1281/728/122
f 1275/727/123 1280/729/123 1279/729/123
f 1298/687/126 1297/721/126 1296/721/126
f 1294/705/127 1293/691/127 1292/691/127
f 1290/714/127 1289/711/127 1288/730/127
f 1284/715/128 1283/695/128 1286/732/128
f 1288/730/125 1259/710/125 1287/731/125
f 1259/710/125 1262/694/125 1287/731/125
f 1262/694/125 1283/695/125 1284/715/125
o Bld_Chicken_Coop_Door_Right_01
v 0.296181 0.572946 -0.126949
v 0.314713 0.572946 -0.126949
v 0.296181 0.572946 -0.144407
v 0.314713 0.572946 -0.144407
v 0.296181 0.879605 -0.144407
v 0.296181 0.879605 -0.126949
v 0.314713 0.879605 -0.126949
v 0.314713 0.879605 -0.144407
v 0.296181 0.572946 0.150170
v 0.314713 0.572946 0.150170
v 0.296181 0.572946 0.132711
v 0.314713 0.572946 0.132711
v 0.296181 0.879605 0.132711
v 0.296181 0.879605 0.150170
v 0.314713 0.879605 0.150170
v 0.314713 0.879605 0.132711
v 0.295146 0.862146 -0.126949
v 0.318217 0.862146 -0.126949
v 0.295146 0.879605 -0.126949
v 0.318217 0.879605 -0.126949
v 0.295146 0.879605 0.132711
v 0.295146 0.862146 0.132711
v 0.318217 0.862146 0.132711
v 0.318217 0.879605 0.132711
v 0.301681 0.862146 0.132711
v 0.301681 0.572946 0.132711
v 0.301681 0.862146 -0.126949
v 0.301681 0.572946 -0.126949
v 0.311681 0.862146 0.132711
v 0.311681 0.572946 0.132711
v 0.311681 0.862146 -0.126949
v 0.311681 0.572946 -0.126949
v 0.301681 0.862146 -0.076297
v 0.301681 0.862146 -0.021804
v 0.301681 0.862146 0.027567
v 0.301681 0.862146 0.030128
v 0.301681 0.862146 0.079499
v 0.301681 0.572946 0.079499
v 0.301681 0.572946 0.030128
v 0.301681 0.572946 0.027567
v 0.301681 0.572946 -0.021804
v 0.301681 0.572946 -0.076297
v 0.311681 0.862146 -0.073736
v 0.311681 0.862146 -0.021804
v 0.311681 0.862146 0.027567
v 0.311681 0.862146 0.082060
v 0.311681 0.572946 0.082060
v 0.311681 0.572946 0.027567
v 0.311681 0.572946 -0.021804
v 0.311681 0.572946 -0.073736
v 0.299915 0.572946 0.150170
v 0.313447 0.572946 0.150170
v 0.299915 0.572946 -0.144407
v 0.313447 0.572946 -0.144407
v 0.299915 0.560047 -0.144407
v 0.299915 0.560047 0.150170
v 0.313447 0.560047 0.150170
v 0.313447 0.560047 -0.144407
v 0.308500 0.862146 -0.076297
v 0.311681 0.862146 -0.079478
v 0.308500 0.862146 -0.024365
v 0.311681 0.862146 -0.027546
v 0.311681 0.862146 0.033309
v 0.308500 0.862146 0.030128
v 0.308500 0.862146 0.079499
v 0.311681 0.862146 0.076318
v 0.311681 0.572946 0.076318
v 0.308500 0.572946 0.079499
v 0.308500 0.572946 0.030128
v 0.311681 0.572946 0.033309
v 0.311681 0.572946 -0.027546
v 0.308500 0.572946 -0.024365
v 0.311681 0.572946 -0.079478
v 0.308500 0.572946 -0.076297
v 0.303181 0.862146 -0.073736
v 0.301681 0.862146 -0.072236
v 0.301681 0.862146 -0.025865
v 0.303181 0.862146 -0.024365
v 0.303181 0.862146 0.082060
v 0.301681 0.862146 0.083560
v 0.301681 0.572946 0.083560
v 0.303181 0.572946 0.082060
v 0.303181 0.572946 -0.024365
v 0.301681 0.572946 -0.025865
v 0.301681 0.572946 -0.072236
v 0.303181 0.572946 -0.073736
vn -0.0000 -1.0000 -0.0000
vn 1.0000 -0.0000 -0.0000
vn -1.0000 -0.0000 -0.0000
vn -0.0000 1.0000 -0.0000
vn -0.0000 -0.0000 -1.0000
vn -0.0000 -0.0000 1.0000
vn 0.7071 -0.0000 0.7071
vn 0.7071 -0.0000 -0.7071
vn -0.7071 -0.0000 -0.7071
vn -0.7071 -0.0000 0.7071
vt 0.225639 0.848202
vt 0.225614 0.848202
vt 0.225614 0.870949
vt 0.225639 0.870949
vt 0.225241 0.848202
vt 0.225216 0.848202
vt 0.225216 0.870949
vt 0.225241 0.870949
vt 0.215394 0.852541
vt 0.215394 0.850303
vt 0.214749 0.850303
vt 0.214749 0.852541
vt 0.215004 0.813228
vt 0.215004 0.850303
vt 0.218138 0.809577
vt 0.218138 0.831200
vt 0.218293 0.809577
vt 0.218293 0.831200
vt 0.218289 0.831200
vt 0.218217 0.809577
vt 0.218217 0.831200
vt 0.214882 0.813228
vt 0.214882 0.850303
vt 0.218065 0.809577
vt 0.218065 0.831200
vt 0.215394 0.850303
vt 0.215269 0.813228
vt 0.215269 0.850303
vt 0.218362 0.831200
vt 0.218295 0.809577
vt 0.218295 0.831200
vt 0.215277 0.813228
vt 0.215277 0.850303
vt 0.218289 0.809577
vt 0.218297 0.809577
vt 0.218364 0.831200
vt 0.218297 0.831200
vt 0.214889 0.813228
vt 0.214996 0.850303
vt 0.214889 0.850303
vt 0.218136 0.831200
vt 0.214706 0.813228
vt 0.215438 0.813228
vt 0.215438 0.811574
vt 0.214706 0.811574
vt 0.214996 0.813228
vt 0.218136 0.809577
vt 0.218364 0.809577
vt 0.218362 0.809577
vt 0.215394 0.813228
s 0
usemtl Texture_Map
f 1301/734/129 1300/735/129 1299/735/129
f 1302/734/130 1305/736/130 1300/735/130
f 1299/735/131 1303/737/131 1301/734/131
f 1305/736/132 1303/737/132 1304/736/132
f 1301/734/133 1306/737/133 1302/734/133
f 1309/738/129 1308/739/129 1307/739/129
f 1313/740/132 1311/741/132 1312/740/132
f 1310/738/130 1313/740/130 1308/739/130
f 1307/739/131 1311/741/131 1309/738/131
f 1309/738/133 1314/741/133 1310/738/133
f 1308/739/134 1312/740/134 1307/739/134
f 1317/742/133 1316/743/133 1315/743/133
f 1321/744/134 1319/745/134 1320/744/134
f 1318/742/130 1321/744/130 1316/743/130
f 1315/743/131 1319/745/131 1317/742/131
f 1317/742/132 1322/745/132 1318/742/132
f 1316/743/129 1320/744/129 1315/743/129
f 1300/735/134 1304/736/134 1299/735/134
f 1337/746/133 1362/747/133 1367/746/133
f 1380/748/133 1344/749/133 1345/748/133
f 1370/750/134 1376/751/134 1381/750/134
f 1332/752/131 1338/753/131 1333/754/131
f 1334/747/131 1336/755/131 1335/756/131
f 1328/757/130 1344/749/130 1327/758/130
f 1366/755/134 1335/756/134 1336/755/134
f 1346/753/130 1342/752/130 1343/754/130
f 1325/759/131 1340/760/131 1331/761/131
f 1374/762/131 1382/763/131 1375/764/131
f 1371/765/130 1329/759/130 1358/766/130
f 1339/767/133 1342/752/133 1347/767/133
f 1369/768/130 1341/769/130 1360/770/130
f 1365/771/130 1361/772/130 1364/773/130
f 1346/753/134 1333/754/134 1338/753/134
f 1378/774/131 1324/757/131 1323/758/131
f 1350/775/132 1351/776/132 1349/775/132
f 1353/777/129 1355/778/129 1354/778/129
f 1355/778/130 1352/776/130 1350/775/130
f 1353/777/131 1349/775/131 1351/776/131
f 1356/777/133 1351/776/133 1352/776/133
f 1354/778/134 1350/775/134 1349/775/134
f 1364/773/135 1366/755/135 1365/771/135
f 1368/779/136 1362/747/136 1361/772/136
f 1360/770/135 1370/750/135 1369/768/135
f 1358/766/135 1372/760/135 1371/765/135
f 1372/760/134 1331/761/134 1340/760/134
f 1378/774/137 1380/748/137 1379/780/137
f 1382/763/138 1376/751/138 1375/764/138
f 1374/762/137 1384/781/137 1383/782/137
f 1384/781/133 1341/769/133 1348/781/133
f 1301/734/129 1302/734/129 1300/735/129
f 1302/734/130 1306/737/130 1305/736/130
f 1299/735/131 1304/736/131 1303/737/131
f 1305/736/132 1306/737/132 1303/737/132
f 1301/734/133 1303/737/133 1306/737/133
f 1309/738/129 1310/738/129 1308/739/129
f 1313/740/132 1314/741/132 1311/741/132
f 1310/738/130 1314/741/130 1313/740/130
f 1307/739/131 1312/740/131 1311/741/131
f 1309/738/133 1311/741/133 1314/741/133
f 1308/739/134 1313/740/134 1312/740/134
f 1317/742/133 1318/742/133 1316/743/133
f 1321/744/134 1322/745/134 1319/745/134
f 1318/742/130 1322/745/130 1321/744/130
f 1315/743/131 1320/744/131 1319/745/131
f 1317/742/132 1319/745/132 1322/745/132
f 1316/743/129 1321/744/129 1320/744/129
f 1300/735/134 1305/736/134 1304/736/134
f 1337/746/133 1334/747/133 1362/747/133
f 1380/748/133 1377/749/133 1344/749/133
f 1370/750/134 1359/751/134 1376/751/134
f 1332/752/131 1339/767/131 1338/753/131
f 1334/747/131 1337/746/131 1336/755/131
f 1328/757/130 1345/748/130 1344/749/130
f 1366/755/134 1363/756/134 1335/756/134
f 1346/753/130 1347/767/130 1342/752/130
f 1325/759/131 1326/783/131 1340/760/131
f 1374/762/131 1383/782/131 1382/763/131
f 1371/765/130 1330/783/130 1329/759/130
f 1339/767/133 1332/752/133 1342/752/133
f 1369/768/130 1348/781/130 1341/769/130
f 1365/771/130 1368/779/130 1361/772/130
f 1346/753/134 1343/754/134 1333/754/134
f 1378/774/131 1379/780/131 1324/757/131
f 1350/775/132 1352/776/132 1351/776/132
f 1353/777/129 1356/777/129 1355/778/129
f 1355/778/130 1356/777/130 1352/776/130
f 1353/777/131 1354/778/131 1349/775/131
f 1356/777/133 1353/777/133 1351/776/133
f 1354/778/134 1355/778/134 1350/775/134
f 1364/773/135 1363/756/135 1366/755/135
f 1368/779/136 1367/746/136 1362/747/136
f 1360/770/135 1359/751/135 1370/750/135
f 1358/766/135 1357/761/135 1372/760/135
f 1372/760/134 1357/761/134 1331/761/134
f 1378/774/137 1377/749/137 1380/748/137
f 1382/763/138 1381/750/138 1376/751/138
f 1374/762/137 1373/769/137 1384/781/137
f 1384/781/133 1373/769/133 1341/769/133
o Bld_Chicken_Coop_Window_01
v -0.005557 1.113181 0.474856
v 0.286967 1.113181 0.474856
v -0.005557 1.304105 0.474856
v 0.286967 1.304105 0.474856
v -0.005557 1.113181 0.460558
v 0.286967 1.113181 0.460558
v -0.005557 1.304105 0.460558
v 0.286967 1.304105 0.460558
vn -0.0000 -0.0000 1.0000
vn -0.0000 -0.0000 -1.0000
vt 0.620876 0.125505
vt 0.598668 0.139999
vt 0.598668 0.125505
vt 0.620876 0.139999
s 0
usemtl Glass
f 1386/784/139 1387/785/139 1385/786/139
f 1391/785/140 1390/784/140 1389/786/140
f 1386/784/139 1388/787/139 1387/785/139
f 1391/785/140 1392/787/140 1390/784/140
