# Blender 4.4.0
# www.blender.org
mtllib Bld_Wooden_Cabin_02.mtl
o Bld_Wooden_Cabin_Fireplace_02
v -2.925011 0.814806 1.020596
v -2.925011 1.117354 1.020596
v -2.925011 0.814806 0.643623
v -2.925011 1.117354 0.643623
v -2.946062 0.814806 1.020596
v -2.946062 1.117354 1.020596
v -2.946062 0.814806 0.643623
v -2.946062 1.117354 0.643623
v -2.934266 1.235855 0.533149
v -2.925011 1.226600 0.542403
v -2.925011 0.705560 0.542403
v -2.934266 0.696305 0.533149
v -2.925011 0.705560 1.121815
v -2.934266 0.696305 1.131070
v -2.934266 1.235855 1.131070
v -2.925011 1.226600 1.121815
v -2.946063 1.235855 0.533149
v -2.946063 0.696305 0.533149
v -2.946063 0.696305 1.131070
v -2.946063 1.235855 1.131070
v -2.914852 0.966080 0.561015
v -2.916748 0.966080 0.558815
v -2.912043 0.964355 0.570534
v -2.912534 0.962695 0.567661
v -2.913453 0.961166 0.565012
v -2.914852 0.959826 0.562691
v -2.916748 0.958726 0.560786
v -2.919119 0.957909 0.559370
v -2.921906 0.957406 0.558499
v -2.925011 0.959268 0.561724
v -2.912043 0.963091 0.571797
v -2.912534 0.960218 0.570138
v -2.913453 0.957569 0.568609
v -2.914852 0.955248 0.567269
v -2.916748 0.953343 0.566169
v -2.919119 0.951927 0.565352
v -2.921906 0.951056 0.564849
v -2.925011 0.954282 0.566711
v -2.912043 0.962629 0.573523
v -2.912534 0.959311 0.573523
v -2.913453 0.956253 0.573523
v -2.914852 0.953572 0.573523
v -2.916748 0.951373 0.573523
v -2.919119 0.949738 0.573523
v -2.921906 0.948731 0.573523
v -2.925011 0.952456 0.573523
v -2.912043 0.963091 0.575248
v -2.912534 0.960218 0.576907
v -2.913453 0.957569 0.578436
v -2.914852 0.955248 0.579777
v -2.916748 0.953343 0.580877
v -2.919119 0.951927 0.581694
v -2.921906 0.951056 0.582197
v -2.925011 0.954282 0.580335
v -2.912043 0.964355 0.576511
v -2.912534 0.962695 0.579385
v -2.913453 0.961166 0.582034
v -2.914852 0.959826 0.584355
v -2.916748 0.958726 0.586260
v -2.919119 0.957909 0.587676
v -2.921906 0.957406 0.588547
v -2.925011 0.959268 0.585321
v -2.912043 0.966080 0.576974
v -2.912534 0.966080 0.580292
v -2.913453 0.966080 0.583350
v -2.914852 0.966080 0.586031
v -2.916748 0.966080 0.588230
v -2.919119 0.966080 0.589865
v -2.921906 0.966080 0.590872
v -2.925011 0.966080 0.587146
v -2.912043 0.967805 0.576511
v -2.912534 0.969465 0.579385
v -2.913453 0.970994 0.582034
v -2.914852 0.972334 0.584355
v -2.916748 0.973434 0.586260
v -2.919119 0.974251 0.587676
v -2.921906 0.974754 0.588547
v -2.925011 0.972892 0.585321
v -2.912043 0.969068 0.575248
v -2.912534 0.971942 0.576907
v -2.913453 0.974591 0.578436
v -2.914852 0.976912 0.579777
v -2.916748 0.978817 0.580877
v -2.919119 0.980233 0.581694
v -2.921906 0.981104 0.582197
v -2.925011 0.977878 0.580335
v -2.912043 0.969531 0.573523
v -2.912534 0.972849 0.573523
v -2.913453 0.975907 0.573523
v -2.914852 0.978588 0.573523
v -2.916748 0.980787 0.573523
v -2.919119 0.982422 0.573523
v -2.921906 0.983429 0.573523
v -2.925011 0.979703 0.573523
v -2.912043 0.969068 0.571797
v -2.912534 0.971942 0.570138
v -2.913453 0.974591 0.568609
v -2.914852 0.976912 0.567269
v -2.916748 0.978817 0.566169
v -2.919119 0.980233 0.565352
v -2.921906 0.981104 0.564849
v -2.925011 0.977878 0.566711
v -2.912043 0.967805 0.570534
v -2.912534 0.969465 0.567661
v -2.913453 0.970994 0.565012
v -2.914852 0.972334 0.562691
v -2.916748 0.973434 0.560786
v -2.919119 0.974251 0.559370
v -2.921906 0.974754 0.558499
v -2.925011 0.972892 0.561724
v -2.911901 0.966080 0.573523
v -2.912043 0.966080 0.570072
v -2.912534 0.966080 0.566754
v -2.913453 0.966080 0.563696
v -2.919119 0.966080 0.557181
v -2.921906 0.966080 0.556174
v -2.925011 0.966080 0.559899
v -2.935537 0.814806 1.020596
v -2.935537 1.117354 1.020596
v -2.935537 0.814806 0.643623
v -2.935537 1.117354 0.643623
vn 1.0000 -0.0000 -0.0000
vn -0.0000 -0.0000 1.0000
vn -0.0000 1.0000 -0.0000
vn -0.0000 -1.0000 -0.0000
vn -0.0000 -0.0000 -1.0000
vn 0.7071 -0.0000 -0.7071
vn 0.7071 -0.7071 -0.0000
vn 0.7071 0.7071 -0.0000
vn 0.7071 -0.0000 0.7071
vn -1.0000 -0.0000 -0.0000
vn 0.9885 -0.0392 -0.1463
vn 0.9549 -0.0769 -0.2869
vn 0.8798 -0.1230 -0.4591
vn 0.7462 -0.1723 -0.6430
vn 0.5542 -0.2154 -0.8040
vn 0.3294 -0.2444 -0.9120
vn -0.7571 -0.1691 -0.6311
vn 0.9991 -0.0110 -0.0412
vn -0.7571 -0.4620 -0.4620
vn 0.9991 -0.0302 -0.0302
vn 0.9885 -0.1071 -0.1071
vn 0.9549 -0.2101 -0.2101
vn 0.8798 -0.3361 -0.3361
vn 0.7462 -0.4707 -0.4707
vn 0.5542 -0.5886 -0.5886
vn 0.3294 -0.6676 -0.6676
vn 0.7462 -0.6430 -0.1723
vn 0.5542 -0.8040 -0.2154
vn 0.3294 -0.9120 -0.2444
vn -0.7571 -0.6311 -0.1691
vn 0.9991 -0.0412 -0.0111
vn 0.9885 -0.1463 -0.0392
vn 0.9549 -0.2870 -0.0769
vn 0.8798 -0.4591 -0.1230
vn 0.9991 -0.0412 0.0111
vn 0.9885 -0.1463 0.0392
vn 0.9549 -0.2870 0.0769
vn 0.8798 -0.4591 0.1230
vn 0.7462 -0.6430 0.1723
vn 0.5542 -0.8040 0.2154
vn 0.3294 -0.9120 0.2444
vn -0.7571 -0.6310 0.1691
vn 0.7462 -0.4707 0.4707
vn 0.5542 -0.5886 0.5886
vn 0.3294 -0.6676 0.6676
vn -0.7571 -0.4620 0.4620
vn 0.9991 -0.0302 0.0302
vn 0.9885 -0.1071 0.1071
vn 0.9549 -0.2101 0.2101
vn 0.8798 -0.3361 0.3361
vn 0.9885 -0.0392 0.1463
vn 0.9549 -0.0769 0.2870
vn 0.8798 -0.1230 0.4591
vn 0.7462 -0.1723 0.6431
vn 0.5542 -0.2154 0.8040
vn 0.3294 -0.2444 0.9120
vn -0.7571 -0.1691 0.6311
vn 0.9991 -0.0110 0.0412
vn 0.5542 0.2154 0.8040
vn 0.3294 0.2444 0.9120
vn -0.7571 0.1691 0.6311
vn 0.9991 0.0110 0.0412
vn 0.9885 0.0392 0.1463
vn 0.9549 0.0769 0.2869
vn 0.8798 0.1230 0.4591
vn 0.7462 0.1723 0.6430
vn 0.9549 0.2101 0.2101
vn 0.8798 0.3361 0.3361
vn 0.7462 0.4708 0.4708
vn 0.5542 0.5886 0.5886
vn 0.3294 0.6677 0.6676
vn -0.7571 0.4620 0.4620
vn 0.9991 0.0302 0.0302
vn 0.9885 0.1071 0.1071
vn 0.3294 0.9120 0.2444
vn -0.7571 0.6310 0.1691
vn 0.9991 0.0412 0.0111
vn 0.9885 0.1463 0.0392
vn 0.9549 0.2869 0.0769
vn 0.8798 0.4591 0.1230
vn 0.7462 0.6430 0.1723
vn 0.5542 0.8040 0.2154
vn 0.9549 0.2870 -0.0769
vn 0.8798 0.4591 -0.1230
vn 0.7462 0.6430 -0.1723
vn 0.5542 0.8040 -0.2154
vn 0.3294 0.9120 -0.2444
vn -0.7571 0.6311 -0.1691
vn 0.9991 0.0412 -0.0111
vn 0.9885 0.1463 -0.0392
vn 0.3294 0.6677 -0.6676
vn -0.7571 0.4620 -0.4620
vn 0.9991 0.0302 -0.0302
vn 0.9885 0.1071 -0.1071
vn 0.9549 0.2101 -0.2101
vn 0.8798 0.3361 -0.3361
vn 0.7462 0.4707 -0.4707
vn 0.5542 0.5886 -0.5886
vn 0.8798 0.1230 -0.4591
vn 0.7462 0.1723 -0.6430
vn 0.5542 0.2154 -0.8040
vn 0.3294 0.2444 -0.9120
vn -0.7571 0.1691 -0.6311
vn 0.9991 0.0110 -0.0412
vn 0.9885 0.0392 -0.1463
vn 0.9549 0.0769 -0.2869
vn 0.9549 -0.0769 -0.2870
vn 0.5542 -0.2155 -0.8040
vn -0.7571 -0.6311 0.1691
vn 0.9549 -0.0769 0.2869
vn 0.7462 -0.1723 0.6430
vn -0.7571 -0.1691 0.6310
vn 0.7462 0.4707 0.4707
vn 0.3294 0.6676 0.6676
vn -0.7571 0.6311 0.1691
vn 0.9549 0.2870 0.0769
vn 0.3294 0.6676 -0.6676
vn 0.7462 0.1723 -0.6431
vn 0.9549 0.0769 -0.2870
vt 0.820848 0.717783
vt 0.821057 0.693857
vt 0.821057 0.724131
vt 0.819862 0.724131
vt 0.820071 0.717783
vt 0.819862 0.693857
vt 0.820071 0.700205
vt 0.820848 0.700205
vt 0.821076 0.724669
vt 0.821076 0.693319
vt 0.819842 0.693319
vt 0.819842 0.724669
vt 0.446098 0.729148
vt 0.445857 0.725070
vt 0.446040 0.721148
vt 0.446209 0.717534
vt 0.446293 0.729148
vt 0.446357 0.714366
vt 0.446464 0.729148
vt 0.446604 0.729148
vt 0.446478 0.711766
vt 0.446569 0.709834
vt 0.446708 0.729148
vt 0.446772 0.729148
vt 0.446624 0.708645
vt 0.446418 0.713048
vt 0.446535 0.729148
vt 0.445886 0.729148
vt 0.445666 0.729148
vt 0.446100 0.701260
vt 0.445776 0.722084
vt 0.445882 0.715292
vt 0.445979 0.709032
vt 0.446065 0.703545
vt 0.446135 0.699042
vt 0.446187 0.695695
vt 0.446219 0.693635
vt 0.445666 0.699584
vt 0.445666 0.694384
vt 0.445666 0.690521
vt 0.445666 0.688141
vt 0.445666 0.696946
vt 0.445666 0.720992
vt 0.445666 0.713148
vt 0.445666 0.705919
vt 0.445556 0.722084
vt 0.445450 0.715292
vt 0.445352 0.709032
vt 0.445267 0.703545
vt 0.445197 0.699042
vt 0.445145 0.695695
vt 0.445113 0.693635
vt 0.445231 0.701260
vt 0.444854 0.711766
vt 0.444763 0.709834
vt 0.444708 0.708645
vt 0.444913 0.713048
vt 0.445475 0.725070
vt 0.445292 0.721148
vt 0.445123 0.717534
vt 0.444975 0.714366
vt 0.445234 0.729148
vt 0.445039 0.729148
vt 0.444868 0.729148
vt 0.444728 0.729148
vt 0.444624 0.729148
vt 0.444559 0.729148
vt 0.444797 0.729148
vt 0.445446 0.729148
vt 0.444854 0.746530
vt 0.444763 0.748462
vt 0.444708 0.749652
vt 0.444913 0.745249
vt 0.445475 0.733227
vt 0.445292 0.737148
vt 0.445123 0.740762
vt 0.444975 0.743930
vt 0.445352 0.749264
vt 0.445267 0.754752
vt 0.445197 0.759255
vt 0.445145 0.762601
vt 0.445113 0.764661
vt 0.445231 0.757036
vt 0.445556 0.736212
vt 0.445450 0.743005
vt 0.445666 0.770155
vt 0.445666 0.761350
vt 0.445666 0.737305
vt 0.445666 0.745148
vt 0.445666 0.752377
vt 0.445666 0.758713
vt 0.445666 0.763913
vt 0.445666 0.767776
vt 0.445979 0.749264
vt 0.446065 0.754752
vt 0.446135 0.759255
vt 0.446187 0.762601
vt 0.446219 0.764661
vt 0.446100 0.757036
vt 0.445776 0.736212
vt 0.445882 0.743005
vt 0.446624 0.749652
vt 0.446418 0.745249
vt 0.445857 0.733227
vt 0.446040 0.737148
vt 0.446209 0.740762
vt 0.446357 0.743930
vt 0.446478 0.746530
vt 0.446569 0.748462
s 0
usemtl Texture_Map
f 4/1/1 11/2/1 10/3/1
f 4/1/1 16/4/1 2/5/1
f 2/5/1 13/6/1 1/7/1
f 1/7/1 11/2/1 3/8/1
f 121/1/2 7/8/2 120/8/2
f 120/8/3 5/7/3 118/7/3
f 119/5/4 8/1/4 121/1/4
f 118/7/5 6/5/5 119/5/5
f 11/2/6 9/9/6 10/3/6
f 12/10/7 13/6/7 14/11/7
f 9/9/8 16/4/8 10/3/8
f 14/11/9 16/4/9 15/12/9
f 14/11/4 18/10/4 12/10/4
f 12/10/5 17/9/5 9/9/5
f 15/12/2 19/11/2 14/11/2
f 9/9/3 20/12/3 15/12/3
f 18/10/10 5/7/10 7/8/10
f 17/9/10 7/8/10 8/1/10
f 20/12/10 8/1/10 6/5/10
f 19/11/10 6/5/10 5/7/10
f 113/13/11 23/14/11 24/15/11
f 113/13/12 25/16/12 114/17/12
f 114/17/13 26/18/13 21/19/13
f 22/20/14 26/18/14 27/21/14
f 22/20/15 28/22/15 115/23/15
f 116/24/16 28/22/16 29/25/16
f 116/24/17 30/26/17 117/27/17
f 112/28/18 111/29/18 23/14/18
f 29/25/19 38/30/19 30/26/19
f 23/14/20 111/29/20 31/31/20
f 24/15/21 31/31/21 32/32/21
f 24/15/22 33/33/22 25/16/22
f 25/16/23 34/34/23 26/18/23
f 27/21/24 34/34/24 35/35/24
f 27/21/25 36/36/25 28/22/25
f 29/25/26 36/36/26 37/37/26
f 35/35/27 42/38/27 43/39/27
f 35/35/28 44/40/28 36/36/28
f 37/37/29 44/40/29 45/41/29
f 37/37/30 46/42/30 38/30/30
f 31/31/31 111/29/31 39/43/31
f 32/32/32 39/43/32 40/44/32
f 33/33/33 40/44/33 41/45/33
f 34/34/34 41/45/34 42/38/34
f 39/43/35 111/29/35 47/46/35
f 39/43/36 48/47/36 40/44/36
f 41/45/37 48/47/37 49/48/37
f 41/45/38 50/49/38 42/38/38
f 42/38/39 51/50/39 43/39/39
f 44/40/40 51/50/40 52/51/40
f 45/41/41 52/51/41 53/52/41
f 45/41/42 54/53/42 46/42/42
f 50/49/43 59/54/43 51/50/43
f 52/51/44 59/54/44 60/55/44
f 53/52/45 60/55/45 61/56/45
f 53/52/46 62/57/46 54/53/46
f 47/46/47 111/29/47 55/58/47
f 48/47/48 55/58/48 56/59/48
f 49/48/49 56/59/49 57/60/49
f 50/49/50 57/60/50 58/61/50
f 55/58/51 64/62/51 56/59/51
f 57/60/52 64/62/52 65/63/52
f 57/60/53 66/64/53 58/61/53
f 58/61/54 67/65/54 59/54/54
f 59/54/55 68/66/55 60/55/55
f 61/56/56 68/66/56 69/67/56
f 61/56/57 70/68/57 62/57/57
f 55/58/58 111/29/58 63/69/58
f 68/66/59 75/70/59 76/71/59
f 68/66/60 77/72/60 69/67/60
f 70/68/61 77/72/61 78/73/61
f 63/69/62 111/29/62 71/74/62
f 64/62/63 71/74/63 72/75/63
f 64/62/64 73/76/64 65/63/64
f 66/64/65 73/76/65 74/77/65
f 66/64/66 75/70/66 67/65/66
f 72/75/67 81/78/67 73/76/67
f 74/77/68 81/78/68 82/79/68
f 74/77/69 83/80/69 75/70/69
f 75/70/70 84/81/70 76/71/70
f 76/71/71 85/82/71 77/72/71
f 78/73/72 85/82/72 86/83/72
f 71/74/73 111/29/73 79/84/73
f 71/74/74 80/85/74 72/75/74
f 84/81/75 93/86/75 85/82/75
f 86/83/76 93/86/76 94/87/76
f 79/84/77 111/29/77 87/88/77
f 80/85/78 87/88/78 88/89/78
f 80/85/79 89/90/79 81/78/79
f 82/79/80 89/90/80 90/91/80
f 83/80/81 90/91/81 91/92/81
f 83/80/82 92/93/82 84/81/82
f 88/89/83 97/94/83 89/90/83
f 89/90/84 98/95/84 90/91/84
f 90/91/85 99/96/85 91/92/85
f 92/93/86 99/96/86 100/97/86
f 92/93/87 101/98/87 93/86/87
f 94/87/88 101/98/88 102/99/88
f 87/88/89 111/29/89 95/100/89
f 87/88/90 96/101/90 88/89/90
f 100/97/91 109/102/91 101/98/91
f 102/99/92 109/102/92 110/103/92
f 95/100/93 111/29/93 103/104/93
f 95/100/94 104/105/94 96/101/94
f 97/94/95 104/105/95 105/106/95
f 98/95/96 105/106/96 106/107/96
f 98/95/97 107/108/97 99/96/97
f 100/97/98 107/108/98 108/109/98
f 106/107/99 114/17/99 21/19/99
f 106/107/100 22/20/100 107/108/100
f 108/109/101 22/20/101 115/23/101
f 108/109/102 116/24/102 109/102/102
f 110/103/103 116/24/103 117/27/103
f 103/104/104 111/29/104 112/28/104
f 103/104/105 113/13/105 104/105/105
f 105/106/106 113/13/106 114/17/106
f 1/7/5 119/5/5 2/5/5
f 2/5/4 121/1/4 4/1/4
f 3/8/3 118/7/3 1/7/3
f 4/1/2 120/8/2 3/8/2
f 4/1/1 3/8/1 11/2/1
f 4/1/1 10/3/1 16/4/1
f 2/5/1 16/4/1 13/6/1
f 1/7/1 13/6/1 11/2/1
f 121/1/2 8/1/2 7/8/2
f 120/8/3 7/8/3 5/7/3
f 119/5/4 6/5/4 8/1/4
f 118/7/5 5/7/5 6/5/5
f 11/2/6 12/10/6 9/9/6
f 12/10/7 11/2/7 13/6/7
f 9/9/8 15/12/8 16/4/8
f 14/11/9 13/6/9 16/4/9
f 14/11/4 19/11/4 18/10/4
f 12/10/5 18/10/5 17/9/5
f 15/12/2 20/12/2 19/11/2
f 9/9/3 17/9/3 20/12/3
f 18/10/10 19/11/10 5/7/10
f 17/9/10 18/10/10 7/8/10
f 20/12/10 17/9/10 8/1/10
f 19/11/10 20/12/10 6/5/10
f 113/13/11 112/28/11 23/14/11
f 113/13/107 24/15/107 25/16/107
f 114/17/13 25/16/13 26/18/13
f 22/20/14 21/19/14 26/18/14
f 22/20/108 27/21/108 28/22/108
f 116/24/16 115/23/16 28/22/16
f 116/24/17 29/25/17 30/26/17
f 29/25/19 37/37/19 38/30/19
f 24/15/21 23/14/21 31/31/21
f 24/15/22 32/32/22 33/33/22
f 25/16/23 33/33/23 34/34/23
f 27/21/24 26/18/24 34/34/24
f 27/21/25 35/35/25 36/36/25
f 29/25/26 28/22/26 36/36/26
f 35/35/27 34/34/27 42/38/27
f 35/35/28 43/39/28 44/40/28
f 37/37/29 36/36/29 44/40/29
f 37/37/30 45/41/30 46/42/30
f 32/32/32 31/31/32 39/43/32
f 33/33/33 32/32/33 40/44/33
f 34/34/34 33/33/34 41/45/34
f 39/43/36 47/46/36 48/47/36
f 41/45/37 40/44/37 48/47/37
f 41/45/38 49/48/38 50/49/38
f 42/38/39 50/49/39 51/50/39
f 44/40/40 43/39/40 51/50/40
f 45/41/41 44/40/41 52/51/41
f 45/41/109 53/52/109 54/53/109
f 50/49/43 58/61/43 59/54/43
f 52/51/44 51/50/44 59/54/44
f 53/52/45 52/51/45 60/55/45
f 53/52/46 61/56/46 62/57/46
f 48/47/48 47/46/48 55/58/48
f 49/48/49 48/47/49 56/59/49
f 50/49/50 49/48/50 57/60/50
f 55/58/51 63/69/51 64/62/51
f 57/60/110 56/59/110 64/62/110
f 57/60/53 65/63/53 66/64/53
f 58/61/111 66/64/111 67/65/111
f 59/54/55 67/65/55 68/66/55
f 61/56/56 60/55/56 68/66/56
f 61/56/112 69/67/112 70/68/112
f 68/66/59 67/65/59 75/70/59
f 68/66/60 76/71/60 77/72/60
f 70/68/61 69/67/61 77/72/61
f 64/62/63 63/69/63 71/74/63
f 64/62/64 72/75/64 73/76/64
f 66/64/65 65/63/65 73/76/65
f 66/64/66 74/77/66 75/70/66
f 72/75/67 80/85/67 81/78/67
f 74/77/68 73/76/68 81/78/68
f 74/77/113 82/79/113 83/80/113
f 75/70/70 83/80/70 84/81/70
f 76/71/114 84/81/114 85/82/114
f 78/73/72 77/72/72 85/82/72
f 71/74/74 79/84/74 80/85/74
f 84/81/75 92/93/75 93/86/75
f 86/83/115 85/82/115 93/86/115
f 80/85/78 79/84/78 87/88/78
f 80/85/116 88/89/116 89/90/116
f 82/79/80 81/78/80 89/90/80
f 83/80/81 82/79/81 90/91/81
f 83/80/82 91/92/82 92/93/82
f 88/89/83 96/101/83 97/94/83
f 89/90/84 97/94/84 98/95/84
f 90/91/85 98/95/85 99/96/85
f 92/93/86 91/92/86 99/96/86
f 92/93/87 100/97/87 101/98/87
f 94/87/88 93/86/88 101/98/88
f 87/88/90 95/100/90 96/101/90
f 100/97/117 108/109/117 109/102/117
f 102/99/92 101/98/92 109/102/92
f 95/100/94 103/104/94 104/105/94
f 97/94/95 96/101/95 104/105/95
f 98/95/96 97/94/96 105/106/96
f 98/95/97 106/107/97 107/108/97
f 100/97/98 99/96/98 107/108/98
f 106/107/99 105/106/99 114/17/99
f 106/107/118 21/19/118 22/20/118
f 108/109/101 107/108/101 22/20/101
f 108/109/102 115/23/102 116/24/102
f 110/103/103 109/102/103 116/24/103
f 103/104/105 112/28/105 113/13/105
f 105/106/119 104/105/119 113/13/119
f 1/7/5 118/7/5 119/5/5
f 2/5/4 119/5/4 121/1/4
f 3/8/3 120/8/3 118/7/3
f 4/1/2 121/1/2 120/8/2
o Bld_Wooden_Cabin_02
v 2.582605 2.327644 1.983326
v 2.582606 0.288852 1.983326
v 2.582605 2.326265 -3.821415
v 2.582606 0.288852 -3.821415
v 2.477222 2.326265 -3.821415
v 2.477222 2.327644 1.983326
v 2.477223 0.288852 1.983326
v 2.477223 0.288852 -3.821415
v 2.582605 2.173470 1.983326
v 2.582605 2.031411 1.983326
v 2.582605 1.886324 1.983326
v 2.582605 1.738208 1.983326
v 2.582605 1.741237 1.983326
v 2.582605 1.596150 1.983326
v 2.582606 1.448034 1.983326
v 2.582606 1.451063 1.983326
v 2.582606 1.302947 1.983326
v 2.582606 1.305976 1.983326
v 2.582606 1.160889 1.983326
v 2.582606 1.012773 1.983326
v 2.582606 0.867686 1.983326
v 2.582606 0.870715 1.983326
v 2.582606 0.722599 1.983326
v 2.582606 0.725628 1.983326
v 2.582606 0.580541 1.983326
v 2.582606 0.432878 1.983326
v 2.582606 0.435454 1.983326
v 2.582606 0.435454 -3.821415
v 2.582606 0.432425 -3.821415
v 2.582606 0.580541 -3.821415
v 2.582606 0.578407 -3.821415
v 2.582606 0.725628 -3.821415
v 2.582606 0.724181 -3.821415
v 2.582606 0.869268 -3.821415
v 2.582606 1.015802 -3.821415
v 2.582606 1.160889 -3.821415
v 2.582606 1.159477 -3.821415
v 2.582606 1.305976 -3.821415
v 2.582606 1.304011 -3.821415
v 2.582606 1.451063 -3.821415
v 2.582606 1.449175 -3.821415
v 2.582605 1.596150 -3.821415
v 2.582605 1.741237 -3.821415
v 2.582605 1.739497 -3.821415
v 2.582605 1.883295 -3.821415
v 2.582605 2.028383 -3.821415
v 2.582605 2.176498 -3.821415
v 2.582605 2.173470 -3.821415
v 2.477222 2.176498 1.983326
v 2.477222 2.173470 1.983326
v 2.477222 2.031049 1.983326
v 2.477222 1.886324 1.983326
v 2.477222 1.884947 1.983326
v 2.477222 1.738208 1.983326
v 2.477222 1.596150 1.983326
v 2.477222 1.593121 1.983326
v 2.477222 1.451063 1.983326
v 2.477222 1.448034 1.983326
v 2.477222 1.302947 1.983326
v 2.477223 1.160889 1.983326
v 2.477223 1.157860 1.983326
v 2.477223 1.015802 1.983326
v 2.477223 1.012773 1.983326
v 2.477223 0.870715 1.983326
v 2.477223 0.725628 1.983326
v 2.477223 0.580541 1.983326
v 2.477223 0.577512 1.983326
v 2.477223 0.435454 1.983326
v 2.477223 0.432878 1.983326
v 2.477223 0.435454 -3.821415
v 2.477223 0.578407 -3.821415
v 2.477223 0.580541 -3.821415
v 2.477223 0.724181 -3.821415
v 2.477223 0.725628 -3.821415
v 2.477223 0.869268 -3.821415
v 2.477223 1.014567 -3.821415
v 2.477223 1.015802 -3.821415
v 2.477223 1.159477 -3.821415
v 2.477222 1.305976 -3.821415
v 2.477222 1.449175 -3.821415
v 2.477222 1.451063 -3.821415
v 2.477222 1.594390 -3.821415
v 2.477222 1.596150 -3.821415
v 2.477222 1.741237 -3.821415
v 2.477222 1.883295 -3.821415
v 2.477222 1.886324 -3.821415
v 2.477222 2.028383 -3.821415
v 2.477222 2.031411 -3.821415
v 2.477222 2.176498 -3.821415
v -4.013594 2.326167 1.983326
v -4.013594 0.288852 1.983326
v -4.013594 2.326167 -3.821415
v -4.013594 0.288852 -3.821415
v -3.908211 0.288852 1.983326
v -3.908211 0.288852 -3.821415
v -4.013594 2.176498 1.983326
v -4.013594 2.028383 1.983326
v -4.013594 2.031411 1.983326
v -4.013594 1.884984 1.983326
v -4.013594 1.739897 1.983326
v -4.013594 1.741237 1.983326
v -4.013594 1.592955 1.983326
v -4.013594 1.596150 1.983326
v -4.013594 1.451063 1.983326
v -4.013594 1.305976 1.983326
v -4.013594 1.157860 1.983326
v -4.013594 1.160889 1.983326
v -4.013594 1.012773 1.983326
v -4.013594 1.015802 1.983326
v -4.013594 0.867686 1.983326
v -4.013594 0.722599 1.983326
v -4.013594 0.725628 1.983326
v -4.013594 0.577512 1.983326
v -4.013594 0.580541 1.983326
v -4.013594 0.432425 1.983326
v -4.013594 0.432425 -3.821415
v -4.013594 0.580541 -3.821415
v -4.013594 0.577512 -3.821415
v -4.013594 0.725628 -3.821415
v -4.013594 0.722599 -3.821415
v -4.013594 0.867686 -3.821415
v -4.013594 1.015802 -3.821415
v -4.013594 1.012773 -3.821415
v -4.013594 1.160889 -3.821415
v -4.013594 1.157860 -3.821415
v -4.013594 1.305976 -3.821415
v -4.013594 1.451063 -3.821415
v -4.013594 1.596150 -3.821415
v -4.013594 1.592955 -3.821415
v -4.013594 1.741237 -3.821415
v -4.013594 1.739897 -3.821415
v -4.013594 1.884984 -3.821415
v -4.013594 2.031411 -3.821415
v -4.013594 2.028383 -3.821415
v -4.013594 2.176498 -3.821415
v -3.908210 2.176498 1.983326
v -3.908210 2.173470 1.983326
v -3.908210 2.028383 1.983326
v -3.908210 1.886324 1.983326
v -3.908210 1.884984 1.983326
v -3.908211 1.739897 1.983326
v -3.908211 1.596150 1.983326
v -3.908211 1.592955 1.983326
v -3.908211 1.305976 1.983326
v -3.908211 1.302947 1.983326
v -3.908211 1.160889 1.983326
v -3.908211 1.157860 1.983326
v -3.908211 1.015802 1.983326
v -3.908211 1.012773 1.983326
v -3.908211 0.870715 1.983326
v -3.908211 0.867686 1.983326
v -3.908211 0.580541 1.983326
v -3.908211 0.577512 1.983326
v -3.908211 0.435454 1.983326
v -3.908211 0.432425 1.983326
v -3.908211 0.432425 -3.821415
v -3.908211 0.435454 -3.821415
v -3.908211 0.577512 -3.821415
v -3.908211 0.580541 -3.821415
v -3.908211 0.867686 -3.821415
v -3.908211 0.870715 -3.821415
v -3.908211 1.012773 -3.821415
v -3.908211 1.015802 -3.821415
v -3.908211 1.157860 -3.821415
v -3.908211 1.160889 -3.821415
v -3.908211 1.302947 -3.821415
v -3.908211 1.305976 -3.821415
v -3.908211 1.592955 -3.821415
v -3.908211 1.596150 -3.821415
v -3.908211 1.739897 -3.821415
v -3.908210 1.884984 -3.821415
v -3.908210 1.886324 -3.821415
v -3.908210 2.028383 -3.821415
v -3.908210 2.173470 -3.821415
v -3.908210 2.176498 -3.821415
v 2.582606 0.435454 -0.969684
v 2.582606 0.578407 -0.969684
v 2.582606 0.432425 -0.969684
v 2.477223 0.435454 -0.969684
v 2.582606 0.331682 -0.969684
v 2.477223 0.580541 -0.969684
v 2.582606 0.580541 -0.969684
v 2.582606 0.724181 -0.969684
v 2.477223 0.578407 -0.969684
v 2.477223 0.725628 -0.969684
v 2.582606 0.725628 -0.969684
v 2.477223 0.724181 -0.969684
v 2.582606 0.869268 -0.969684
v 2.477223 1.014567 -0.969684
v 2.477223 0.869268 -0.969684
v 2.582606 1.015802 -0.969684
v 2.477223 1.015802 -0.969684
v 2.582606 1.160889 -0.969684
v 2.477223 1.159477 -0.969684
v 2.582606 1.159477 -0.969684
v 2.582606 1.304011 -0.969684
v 2.582606 1.449175 -0.969684
v 2.519724 1.449175 -0.969684
v 2.582606 1.305976 -0.969684
v 2.520512 1.451063 -0.969684
v 2.582605 1.596150 -0.969684
v 2.582606 1.451063 -0.969684
v 2.477222 0.331682 -0.969684
v 2.582605 2.028383 -0.969684
v 2.582605 1.883295 -0.969684
v 2.477222 1.886324 -0.969684
v 2.477222 2.031411 -0.969684
v 2.477222 2.176498 -0.969684
v 2.582605 2.176498 -0.969684
v 2.582605 2.173470 -0.969684
v 2.582605 2.326265 -0.969684
v 2.582605 1.741237 -0.969684
v 2.477222 1.305976 -0.969684
v 2.582605 1.739497 -0.969684
v 2.477222 1.449175 -0.969684
v 2.477222 1.741237 -0.969684
v 2.477222 1.451063 -0.969684
v 2.477222 1.596150 -0.969684
v 2.477222 2.028383 -0.969684
v 2.477222 2.326265 -0.969684
v 2.477222 1.883295 -0.969684
v 2.477222 1.594390 -0.969684
v 2.582606 0.331682 0.283257
v 2.477223 0.331682 0.283257
v 2.582606 0.435454 0.283257
v 2.582606 0.432878 0.283257
v 2.477223 0.435454 0.283257
v 2.477223 0.580541 0.283257
v 2.582606 0.580541 0.283257
v 2.582606 0.722599 0.283257
v 2.477223 0.577512 0.283257
v 2.477223 0.432878 0.283257
v 2.477223 0.725628 0.283257
v 2.582606 0.725628 0.283257
v 2.477223 0.870715 0.283257
v 2.582606 0.870715 0.283257
v 2.582606 0.867686 0.283257
v 2.477223 1.012773 0.283257
v 2.582606 1.012773 0.283257
v 2.477223 1.015802 0.283257
v 2.582606 1.160889 0.283257
v 2.477223 1.157860 0.283257
v 2.582606 1.302947 0.283257
v 2.477223 1.160889 0.283257
v 2.582606 1.448034 0.283257
v 2.519724 1.448034 0.283257
v 2.582606 1.305976 0.283257
v 2.520512 1.451063 0.283257
v 2.558286 1.596150 0.283257
v 2.582605 1.596150 0.283257
v 2.582606 1.451063 0.283257
v 2.557497 1.593121 0.283257
v 2.477222 1.886324 0.283257
v 2.582605 1.886324 0.283257
v 2.582605 2.031411 0.283257
v 2.477222 2.176498 0.283257
v 2.582605 2.173470 0.283257
v 2.477222 2.173470 0.283257
v 2.582605 2.327644 0.283257
v 2.477222 1.738208 0.283257
v 2.582605 1.741237 0.283257
v 2.477222 1.302947 0.283257
v 2.582605 1.738208 0.283257
v 2.477222 1.448034 0.283257
v 2.477222 1.451063 0.283257
v 2.477222 1.596150 0.283257
v 2.477222 2.031049 0.283257
v 2.477222 2.327644 0.283257
v 2.477222 1.884947 0.283257
v 2.477222 1.593121 0.283257
v 2.573567 2.176498 1.983326
v 2.582605 2.185536 1.983326
v 2.582605 2.019344 1.983326
v 2.573567 2.031049 1.983326
v 2.582605 1.874257 1.983326
v 2.573567 1.884947 1.983326
v 2.582605 1.584083 1.983326
v 2.573567 1.593121 1.983326
v 2.582606 1.148822 1.983326
v 2.573568 1.157860 1.983326
v 2.573568 1.015802 1.983326
v 2.582606 1.024840 1.983326
v 2.582606 0.568474 1.983326
v 2.573568 0.577512 1.983326
v 2.582606 0.879753 -3.821415
v 2.573568 0.870715 -3.821415
v 2.573568 1.014567 -3.821415
v 2.582606 1.003735 -3.821415
v 2.573567 1.594390 -3.821415
v 2.582605 1.584083 -3.821415
v 2.582605 1.895362 -3.821415
v 2.573567 1.886324 -3.821415
v 2.582605 2.040449 -3.821415
v 2.573567 2.031411 -3.821415
v 2.573568 0.870715 -0.969684
v 2.582606 0.879753 -0.969684
v 2.582606 1.003735 -0.969684
v 2.573568 1.014567 -0.969684
v 2.582605 1.584083 -0.969684
v 2.573567 1.594390 -0.969684
v 2.573567 1.886324 -0.969684
v 2.582605 1.895362 -0.969684
v 2.573567 2.031411 -0.969684
v 2.582605 2.040449 -0.969684
v 2.573568 0.577512 0.283257
v 2.582606 0.568474 0.283257
v 2.582606 1.024840 0.283257
v 2.573568 1.015802 0.283257
v 2.573568 1.157860 0.283257
v 2.582606 1.148822 0.283257
v 2.573567 1.593121 0.283257
v 2.582605 1.584083 0.283257
v 2.573567 2.031049 0.283257
v 2.582605 2.019344 0.283257
v 2.573567 1.884947 0.283257
v 2.582605 1.874257 0.283257
v 2.582605 2.185536 0.283257
v 2.573567 2.176498 0.283257
v 2.477222 2.040481 1.983326
v 2.486292 2.031411 1.983326
v 2.477222 1.750307 1.983326
v 2.486292 1.741237 1.983326
v 2.477222 1.315045 1.983326
v 2.486292 1.305976 1.983326
v 2.486292 0.867686 1.983326
v 2.477223 0.858617 1.983326
v 2.486292 0.722599 1.983326
v 2.477223 0.713530 1.983326
v 2.477223 0.423356 -3.821415
v 2.486292 0.432425 -3.821415
v 2.486292 0.870715 -3.821415
v 2.477223 0.879784 -3.821415
v 2.486292 1.160889 -3.821415
v 2.477223 1.169958 -3.821415
v 2.477222 1.293878 -3.821415
v 2.486292 1.304011 -3.821415
v 2.477222 1.729139 -3.821415
v 2.486292 1.739497 -3.821415
v 2.477222 2.164400 -3.821415
v 2.486292 2.173470 -3.821415
v 2.486292 0.432425 -0.969684
v 2.477223 0.423356 -0.969684
v 2.477223 0.879784 -0.969684
v 2.486292 0.870715 -0.969684
v 2.477223 1.169958 -0.969684
v 2.486292 1.160889 -0.969684
v 2.486292 2.173470 -0.969684
v 2.477222 2.164400 -0.969684
v 2.486292 1.739497 -0.969684
v 2.477222 1.729139 -0.969684
v 2.486292 1.304011 -0.969684
v 2.477222 1.293878 -0.969684
v 2.477223 0.713530 0.283257
v 2.486292 0.722599 0.283257
v 2.477223 0.858617 0.283257
v 2.486292 0.867686 0.283257
v 2.486292 2.031411 0.283257
v 2.477222 2.040481 0.283257
v 2.486292 1.305976 0.283257
v 2.477222 1.315045 0.283257
v 2.486292 1.741237 0.283257
v 2.477222 1.750307 0.283257
v -4.003393 2.173470 1.983326
v -4.013594 2.163269 1.983326
v -4.013594 1.896524 1.983326
v -4.003393 1.886324 1.983326
v -4.003393 1.448034 1.983326
v -4.013594 1.437834 1.983326
v -4.003393 1.302947 1.983326
v -4.013594 1.292747 1.983326
v -4.013594 0.880915 1.983326
v -4.003393 0.870715 1.983326
v -4.013594 0.445654 1.983326
v -4.003393 0.435454 1.983326
v -4.003393 0.435454 -3.821415
v -4.013594 0.445654 -3.821415
v -4.003393 0.870715 -3.821415
v -4.013594 0.880915 -3.821415
v -4.013594 1.292747 -3.821415
v -4.003393 1.302947 -3.821415
v -4.013594 1.437834 -3.821415
v -4.003393 1.448034 -3.821415
v -4.003393 1.886324 -3.821415
v -4.013594 1.896524 -3.821415
v -4.013594 2.163269 -3.821415
v -4.003393 2.173470 -3.821415
v -3.911868 2.326167 -3.821415
v -3.908210 2.316414 -3.821415
v -3.908210 2.316414 1.983326
v -3.911868 2.326167 1.983326
v -3.911868 2.031411 1.983326
v -3.908210 2.035069 1.983326
v -3.911868 1.741237 1.983326
v -3.908211 1.744895 1.983326
v -3.911868 1.451063 1.983326
v -3.908211 1.454720 1.983326
v -3.908211 1.444377 1.983326
v -3.911868 1.448034 1.983326
v -3.911868 0.725628 1.983326
v -3.908211 0.729285 1.983326
v -3.908211 0.718942 1.983326
v -3.911868 0.722599 1.983326
v -3.911868 0.722599 -3.821415
v -3.908211 0.718942 -3.821415
v -3.908211 0.729285 -3.821415
v -3.911868 0.725628 -3.821415
v -3.911868 1.448034 -3.821415
v -3.908211 1.444377 -3.821415
v -3.908211 1.454721 -3.821415
v -3.911868 1.451063 -3.821415
v -3.908211 1.744895 -3.821415
v -3.911868 1.741237 -3.821415
v -3.908210 2.035069 -3.821415
v -3.911868 2.031411 -3.821415
v 2.582606 2.330351 -0.969684
v 2.477222 2.330351 -0.969684
v 2.582606 2.432765 -0.969684
v 2.477222 2.432765 -0.969684
v 2.582606 2.330351 0.283257
v 2.477222 2.330351 0.283257
v 2.582606 2.432765 0.283257
v 2.477222 2.432765 0.283257
v 2.582606 2.330351 1.846683
v 2.477222 2.330351 1.846683
v -3.908211 3.574866 -0.316694
v -3.908211 2.948481 0.763249
v -3.908211 3.570817 -0.309712
v -4.013594 2.944432 0.770231
v -3.917290 2.530891 1.483212
v -4.013594 2.948481 0.763249
v -3.908211 2.739686 1.123231
v -4.013594 2.735636 1.130212
v -3.908211 2.526841 1.490193
v -3.908211 2.530891 1.483212
v -4.013594 2.526841 1.490193
v -3.908211 3.362022 0.050269
v -3.908211 2.330351 1.846683
v -3.908210 3.157276 0.403268
v -4.013594 3.570817 -0.309712
v -4.013594 2.330351 1.846683
v -4.013594 3.362022 0.050269
v -4.013594 3.574866 -0.316693
v -4.013594 3.157276 0.403268
v -4.013594 3.153227 0.410250
v -3.908211 3.153227 0.410250
v 2.477222 2.526841 1.490193
v 2.477222 2.530891 1.483212
v 2.582606 2.526841 1.490193
v 2.582606 2.530891 1.483212
v 2.582606 2.735636 1.130212
v 2.477222 2.735636 1.130212
v 2.582606 3.157276 0.403268
v 2.582606 3.366071 0.043287
v 2.582606 3.153227 0.410250
v 2.477222 3.366071 0.043287
v 2.477222 3.153227 0.410250
v 2.582606 3.779612 -0.669693
v 2.582606 3.783661 -0.676675
v 2.582606 3.574866 -0.316694
v 2.477222 3.574866 -0.316694
v 2.477222 3.570817 -0.309712
v 2.582606 3.570817 -0.309712
v 2.477222 2.944432 0.770231
v 2.477222 3.157276 0.403268
v 2.582606 2.948481 0.763249
v 2.582605 3.936842 -0.940772
v 2.477222 3.783661 -0.676675
v 2.477222 3.779612 -0.669693
v 2.477222 3.936842 -0.940772
v -3.908210 3.783661 -0.676675
v -4.013594 3.779612 -0.669694
v -3.908211 3.936842 -0.940772
v -3.908210 3.779612 -0.669694
v -4.013594 3.783661 -0.676675
v -4.013594 3.936842 -0.940772
v 2.477222 2.330351 -3.728228
v 2.582606 2.330351 -3.728228
v -3.908211 3.574866 -1.564851
v -3.908211 2.948481 -2.644794
v -3.908211 3.570817 -1.571832
v -4.013594 2.944432 -2.651776
v -4.013594 2.948481 -2.644794
v -3.908211 2.739686 -3.004776
v -4.013594 2.735636 -3.011757
v -3.908211 2.526841 -3.371737
v -3.908211 2.530891 -3.364756
v -4.013594 2.526841 -3.371737
v -3.908211 3.362022 -1.931813
v -3.908211 2.330351 -3.728228
v -3.908211 3.157276 -2.284813
v -4.013594 3.570817 -1.571832
v -4.013594 2.330351 -3.728228
v -4.013594 3.362022 -1.931813
v -4.013594 3.574866 -1.564851
v -4.013594 3.157276 -2.284813
v -4.013594 3.153227 -2.291794
v -3.908211 3.153227 -2.291795
v 2.477222 2.526841 -3.371737
v 2.477222 2.530891 -3.364756
v 2.582606 2.526841 -3.371737
v 2.582606 2.530891 -3.364756
v 2.582606 2.735636 -3.011756
v 2.477222 2.735636 -3.011756
v 2.582606 3.157276 -2.284812
v 2.582606 3.366071 -1.924832
v 2.582606 3.153227 -2.291794
v 2.477222 3.366071 -1.924832
v 2.477222 3.153227 -2.291794
v 2.582606 3.779612 -1.211851
v 2.582606 3.783661 -1.204869
v 2.582606 3.574866 -1.564851
v 2.477222 3.574866 -1.564851
v 2.477222 3.570817 -1.571832
v 2.582606 3.570817 -1.571832
v 2.477222 2.944432 -2.651774
v 2.498457 2.944432 -2.651774
v 2.477222 3.157276 -2.284812
v 2.582606 2.948481 -2.644794
v 2.511528 3.362022 -1.931812
v 2.477222 3.783661 -1.204869
v 2.477222 3.779612 -1.211851
v -3.908210 3.783661 -1.204870
v -4.013594 3.779612 -1.211851
v -3.955586 3.779612 -1.211851
v -3.966091 3.783661 -1.204870
v -3.908210 3.779612 -1.211851
v -4.013594 3.783661 -1.204870
v 2.582606 2.938045 0.781243
v 2.576218 2.944432 0.770231
v 2.576218 2.739686 1.123230
v 2.582606 2.746073 1.112218
v 2.582606 3.355634 0.061281
v 2.576218 3.362022 0.050269
v 2.576218 2.944432 -2.651774
v 2.582606 2.938045 -2.662786
v 2.582606 2.746073 -2.993762
v 2.576218 2.739686 -3.004775
v 2.576218 3.362022 -1.931813
v 2.582606 3.355634 -1.942825
v -4.013594 2.541363 1.465157
v -4.003122 2.530891 1.483212
v -4.013594 2.750158 1.105176
v -4.003122 2.739686 1.123231
v -4.013594 3.376543 0.025233
v -4.003122 3.366071 0.043287
v -4.003122 2.530891 -3.364757
v -4.013594 2.541363 -3.346702
v -4.003121 2.739686 -3.004776
v -4.013594 2.750158 -2.986721
v -4.003122 3.366071 -1.924832
v -4.013594 3.376543 -1.906777
v -3.908211 2.727819 1.143690
v -3.916028 2.735636 1.130212
v -3.908211 2.936615 0.783708
v -3.916028 2.944432 0.770231
v -3.916028 3.366071 0.043287
v -3.908211 3.373888 0.029810
v -3.916028 2.735636 -3.011757
v -3.908211 2.727819 -3.025234
v -3.916028 2.944432 -2.651776
v -3.908211 2.936615 -2.665253
v -3.908211 3.373888 -1.911354
v -3.916028 3.366071 -1.924832
v 2.477222 2.747808 1.109226
v 2.485345 2.739686 1.123230
v 2.477222 2.956604 0.749245
v 2.485345 2.948481 0.763249
v 2.485345 3.362022 0.050269
v 2.477222 3.353899 0.064273
v 2.485345 2.739686 -3.004775
v 2.477222 2.747808 -2.990770
v 2.485345 2.948481 -2.644794
v 2.477222 2.956604 -2.630790
v 2.477222 3.353899 -1.945817
v 2.485345 3.362022 -1.931813
v 2.505836 2.249110 -3.882161
v 2.505836 0.288853 -3.882162
v -3.936826 2.249110 -3.882161
v -3.936826 0.288852 -3.882161
v -3.936826 2.249110 -3.821415
v 2.505836 2.249110 -3.821415
v 2.487872 0.288853 -3.821415
v -3.936826 0.288852 -3.821415
v 2.505836 2.173469 -3.882161
v 2.505836 2.176498 -3.882161
v 2.505836 2.031411 -3.882161
v 2.505836 1.885121 -3.882161
v 2.505836 1.886324 -3.882161
v 2.505836 1.741237 -3.882161
v 2.505836 1.596150 -3.882161
v 2.505836 1.449175 -3.882161
v 2.505836 1.451063 -3.882161
v 2.505836 1.304011 -3.882161
v 2.505836 1.305976 -3.882161
v 2.505836 1.159477 -3.882161
v 2.505836 1.160889 -3.882161
v 2.505836 1.014567 -3.882161
v 2.505836 0.869268 -3.882161
v 2.505836 0.724181 -3.882161
v 2.505836 0.725628 -3.882161
v 2.505836 0.580541 -3.882161
v 2.505836 0.432425 -3.882162
v -3.936826 0.432425 -3.882161
v -3.936826 0.580541 -3.882161
v -3.936826 0.725628 -3.882161
v -3.936826 0.724181 -3.882161
v -3.936826 0.869268 -3.882161
v -3.936826 1.014567 -3.882161
v -3.936826 1.160889 -3.882161
v -3.936826 1.159477 -3.882161
v -3.936826 1.305976 -3.882161
v -3.936826 1.304011 -3.882161
v -3.936826 1.451063 -3.882161
v -3.936826 1.448034 -3.882161
v -3.936826 1.596150 -3.882161
v -3.936826 1.592955 -3.882161
v -3.936826 1.739897 -3.882161
v -3.936826 1.886324 -3.882161
v -3.936826 2.031411 -3.882161
v -3.936826 2.028382 -3.882161
v -3.936826 2.176498 -3.882161
v -3.936826 2.173469 -3.882161
v 2.505836 2.176498 -3.821415
v 2.505836 2.173469 -3.821415
v 2.505836 2.031411 -3.821415
v 2.505836 2.029836 -3.821415
v 2.505836 1.886324 -3.821415
v 2.505836 1.885121 -3.821415
v 2.505836 1.741237 -3.821415
v 2.505836 1.594390 -3.821415
v 2.505836 1.451063 -3.821415
v 2.505836 1.449175 -3.821415
v 2.505836 1.305976 -3.821415
v 2.505836 1.304011 -3.821415
v 2.505836 1.160889 -3.821415
v 2.505836 1.014567 -3.821415
v 2.505836 0.870715 -3.821415
v 2.505836 0.869268 -3.821415
v 2.505836 0.725628 -3.821415
v 2.505836 0.724181 -3.821415
v 2.505836 0.580541 -3.821415
v 2.505836 0.432425 -3.821415
v -3.936826 0.432425 -3.821415
v -3.936826 0.580541 -3.821415
v -3.936826 0.724181 -3.821415
v -3.936826 0.725628 -3.821415
v -3.936826 0.869268 -3.821415
v -3.936826 0.870715 -3.821415
v -3.936826 1.014567 -3.821415
v -3.936826 1.160889 -3.821415
v -3.936826 1.304011 -3.821415
v -3.936826 1.305976 -3.821415
v -3.936826 1.448034 -3.821415
v -3.936826 1.451063 -3.821415
v -3.936826 1.592955 -3.821415
v -3.936826 1.596150 -3.821415
v -3.936826 1.739897 -3.821415
v -3.936826 1.741237 -3.821415
v -3.936826 1.886324 -3.821415
v -3.936826 2.028382 -3.821415
v -3.936826 2.031411 -3.821415
v -3.936826 2.173469 -3.821415
v -3.936826 2.176498 -3.821415
v 2.505836 2.249110 2.044072
v 2.505836 0.288853 2.044073
v -3.936827 2.249110 2.044072
v -3.936826 0.288852 2.044072
v -3.936827 2.249110 1.983326
v 2.505836 2.249110 1.983326
v 2.487872 0.288853 1.983326
v -3.936826 0.288852 1.983326
v 2.505836 2.173469 2.044072
v 2.505836 2.176498 2.044072
v 2.505836 2.031411 2.044072
v 2.505836 1.884947 2.044072
v 2.505836 1.886324 2.044072
v 2.505836 1.738208 2.044072
v 2.505836 1.593121 2.044072
v 2.505836 1.596150 2.044072
v 2.505836 1.448034 2.044072
v 2.505836 1.451063 2.044072
v 2.505836 1.305976 2.044072
v 2.505836 1.157860 2.044072
v 2.505836 1.160889 2.044072
v 2.505836 1.015802 2.044072
v 2.505836 0.867686 2.044072
v 2.505836 0.870715 2.044072
v 2.505836 0.722599 2.044072
v 2.505836 0.577512 2.044072
v 2.505836 0.432878 2.044073
v 2.505836 0.435454 2.044073
v -3.936826 0.435453 2.044072
v -3.936826 0.432878 2.044072
v -3.936826 0.577512 2.044072
v -3.936826 0.722599 2.044072
v -3.936826 0.870715 2.044072
v -3.936826 0.867686 2.044072
v -3.936826 1.015802 2.044072
v -3.936826 1.160889 2.044072
v -3.936826 1.157860 2.044072
v -3.936826 1.305976 2.044072
v -3.936826 1.451063 2.044072
v -3.936826 1.448034 2.044072
v -3.936827 1.596150 2.044072
v -3.936827 1.593121 2.044072
v -3.936827 1.739533 2.044072
v -3.936827 1.885220 2.044072
v -3.936827 2.031411 2.044072
v -3.936827 2.029505 2.044072
v -3.936827 2.176498 2.044072
v -3.936827 2.173469 2.044072
v 2.505836 2.176498 1.983326
v 2.505836 2.031411 1.983326
v 2.505836 2.029487 1.983326
v 2.505836 1.886324 1.983326
v 2.505836 1.884947 1.983326
v 2.505836 1.741237 1.983326
v 2.505836 1.593121 1.983326
v 2.505836 1.451063 1.983326
v 2.505836 1.448034 1.983326
v 2.505836 1.305976 1.983326
v 2.505836 1.160889 1.983326
v 2.505836 1.157860 1.983326
v 2.505836 1.015802 1.983326
v 2.505836 1.012773 1.983326
v 2.505836 0.870715 1.983326
v 2.505836 0.867686 1.983326
v 2.505836 0.725628 1.983326
v 2.505836 0.577512 1.983326
v 2.505836 0.435454 1.983326
v 2.505836 0.432878 1.983326
v -3.936826 0.432878 1.983326
v -3.936826 0.435453 1.983326
v -3.936826 0.577512 1.983326
v -3.936826 0.725628 1.983326
v -3.936826 0.867686 1.983326
v -3.936826 0.870715 1.983326
v -3.936826 1.012773 1.983326
v -3.936826 1.015802 1.983326
v -3.936826 1.157860 1.983326
v -3.936826 1.160889 1.983326
v -3.936826 1.305976 1.983326
v -3.936826 1.448034 1.983326
v -3.936826 1.451063 1.983326
v -3.936827 1.593121 1.983326
v -3.936827 1.596150 1.983326
v -3.936827 1.741237 1.983326
v -3.936827 1.886324 1.983326
v -3.936827 2.029505 1.983326
v -3.936827 2.031411 1.983326
v -3.936827 2.176498 1.983326
v 0.138469 2.127278 2.044072
v 0.138469 2.127278 1.983326
v 1.211520 2.127278 2.044072
v 1.211520 2.127278 1.983326
v 1.211520 1.386605 2.044072
v 1.211520 1.386605 1.983326
v 0.138469 1.739533 2.044072
v 0.138469 1.885220 2.044072
v 0.138469 2.031411 2.044072
v 0.138469 2.029505 2.044072
v 0.138469 2.031411 1.983326
v 0.138469 2.029505 1.983326
v 0.138469 1.886324 1.983326
v 0.138469 1.386605 2.044072
v 0.138469 1.386605 1.983326
v 0.138469 1.596150 2.044072
v 0.138469 1.448034 2.044072
v 0.138469 1.448034 1.983326
v 0.138469 1.451063 2.044072
v 0.138469 1.451063 1.983326
v 0.138469 1.596150 1.983326
v 0.138469 1.593121 1.983326
v 0.138469 1.593121 2.044072
v 0.138469 1.741237 1.983326
v 1.211520 1.884947 2.044072
v 1.211520 2.031411 2.044072
v 1.211520 1.886324 2.044072
v 1.211520 2.031411 1.983326
v 1.211520 1.884947 1.983326
v 1.211520 2.029487 1.983326
v 1.211520 1.738208 1.997218
v 1.211520 1.741237 1.998857
v 1.211520 1.886324 1.983326
v 1.211520 1.741237 1.983326
v 1.211520 1.596150 2.044072
v 1.211520 1.738208 2.044072
v 1.211520 1.448034 2.044072
v 1.211520 1.448034 1.983326
v 1.211520 1.451063 2.044072
v 1.211521 1.451063 1.995530
v 1.211520 1.451063 1.983326
v 1.211520 1.593121 1.983326
v 1.211520 1.593121 2.044072
v -2.992614 1.403770 -3.882161
v -2.992613 1.448034 -3.882161
v -2.992613 1.451063 -3.821415
v -2.992613 1.451063 -3.882161
v -2.992613 1.448034 -3.821415
v -2.992613 1.596150 -3.882161
v -2.992613 1.592955 -3.882161
v -2.992613 1.403770 -3.821415
v -1.919562 1.403770 -3.882161
v -1.919562 1.403770 -3.821415
v -2.992613 1.741237 -3.821415
v -2.992613 1.596150 -3.821415
v -2.992613 1.592955 -3.821415
v -2.992613 1.739897 -3.821415
v -2.992613 1.739897 -3.882161
v -2.992613 1.886324 -3.821415
v -2.992613 1.886324 -3.882161
v -2.992613 2.151339 -3.821415
v -2.992612 2.031411 -3.821415
v -2.992612 2.031411 -3.882161
v -2.992612 2.028382 -3.821415
v -2.992613 2.151339 -3.882161
v -2.992612 2.028382 -3.882161
v -1.919562 2.151339 -3.882161
v -1.919562 2.151339 -3.821415
v -1.919561 1.886324 -3.882161
v -1.919561 2.031411 -3.821415
v -1.919561 1.885120 -3.882161
v -1.919561 2.031411 -3.882161
v -1.919561 2.029836 -3.821415
v -1.919562 1.449175 -3.882161
v -1.919562 1.451063 -3.821415
v -1.919562 1.451063 -3.882161
v -1.919562 1.449175 -3.821415
v -1.919562 1.741237 -3.821415
v -1.919562 1.741237 -3.882161
v -1.919562 1.596150 -3.882161
v -1.919562 1.594390 -3.821415
v -1.919562 1.886324 -3.821415
v -1.919562 1.885120 -3.821415
v 2.505836 2.016817 -3.882161
v 2.505836 2.029836 -3.870596
v 2.505836 1.726643 -3.882161
v 2.505836 1.740181 -3.870596
v 2.505836 1.581556 -3.882161
v 2.505836 1.594390 -3.870596
v 2.505836 1.015802 -3.870596
v 2.505836 1.027368 -3.882161
v 2.505836 0.870715 -3.870596
v 2.505836 0.882281 -3.882161
v 2.505836 0.565947 -3.882161
v 2.505836 0.578407 -3.870596
v 2.505836 0.435454 -3.870596
v 2.505836 0.447019 -3.882162
v -3.936826 0.447019 -3.882161
v -3.936826 0.435453 -3.870596
v -3.936826 0.578407 -3.870596
v -3.936826 0.565946 -3.882161
v -3.936826 0.882280 -3.882161
v -3.936826 0.870715 -3.870596
v -3.936826 1.027367 -3.882161
v -3.936826 1.015802 -3.870596
v -3.936826 1.752802 -3.882161
v -3.936826 1.741237 -3.870596
v -3.936826 1.884984 -3.870596
v -3.936826 1.871730 -3.882161
v -2.992613 1.741237 -3.870596
v -2.992613 1.752802 -3.882161
v -2.992613 1.871730 -3.882161
v -2.992613 1.884984 -3.870596
v -1.919561 2.029836 -3.870596
v -1.919561 2.016817 -3.882161
v -1.919562 1.594390 -3.870596
v -1.919562 1.581556 -3.882161
v -1.919562 1.740181 -3.870596
v -1.919562 1.726643 -3.882161
v 2.505836 2.029487 2.036343
v 2.505836 2.020653 2.044072
v 2.505836 1.748966 2.044072
v 2.505836 1.741237 2.036343
v 2.505836 1.302947 2.036343
v 2.505836 1.295218 2.044072
v 2.505836 1.012773 2.036343
v 2.505836 1.005044 2.044072
v 2.505836 0.733357 2.044072
v 2.505836 0.725628 2.036343
v 2.505836 0.588270 2.044072
v 2.505836 0.580541 2.036343
v -3.936826 0.580541 2.036343
v -3.936826 0.588270 2.044072
v -3.936826 0.725628 2.036343
v -3.936826 0.733357 2.044072
v -3.936826 1.005044 2.044072
v -3.936826 1.012773 2.036343
v -3.936826 1.295218 2.044072
v -3.936826 1.302947 2.036343
v -3.936827 1.741237 2.036343
v -3.936827 1.748966 2.044072
v -3.936827 1.886324 2.036343
v -3.936827 1.894053 2.044072
v 0.138469 1.748966 2.044072
v 0.138469 1.741237 2.036343
v 0.138469 1.894053 2.044072
v 0.138469 1.886324 2.036343
v 1.211520 2.020653 2.044072
v 1.211520 2.029487 2.036343
v 1.211520 1.741237 2.036343
v 1.211520 1.748966 2.044072
v 2.505836 2.164412 1.983326
v 2.505836 2.173469 1.992384
v 2.505836 1.729151 1.983326
v 2.505836 1.738208 1.992384
v 2.505836 1.596150 1.992384
v 2.505836 1.605208 1.983326
v 2.505836 1.293890 1.983326
v 2.505836 1.302947 1.992384
v 2.505836 0.713541 1.983326
v 2.505836 0.722599 1.992384
v 2.505836 0.580541 1.992384
v 2.505836 0.589599 1.983326
v -3.936826 0.589598 1.983326
v -3.936826 0.580541 1.992384
v -3.936826 0.722599 1.992384
v -3.936826 0.713541 1.983326
v -3.936826 1.302947 1.992384
v -3.936826 1.293889 1.983326
v -3.936827 1.739533 1.992384
v -3.936827 1.729150 1.983326
v -3.936827 1.885220 1.992384
v -3.936827 1.874237 1.983326
v -3.936827 2.173469 1.992384
v -3.936827 2.164412 1.983326
v 0.138469 1.874237 1.983326
v 0.138469 1.885220 1.992384
v 0.138469 1.729150 1.983326
v 0.138469 1.739533 1.992384
v 1.211520 1.738208 1.992384
v 1.211520 1.729150 1.983326
v 1.211520 1.605208 1.983326
v 1.211520 1.596150 1.992384
v 2.505836 1.740181 -3.826165
v 2.505836 1.733458 -3.821415
v 2.505836 1.600901 -3.821415
v 2.505836 1.596150 -3.826165
v 2.505836 1.159477 -3.826165
v 2.505836 1.153110 -3.821415
v 2.505836 1.020553 -3.821415
v 2.505836 1.015802 -3.826165
v 2.505836 0.578407 -3.826165
v 2.505836 0.572762 -3.821415
v 2.505836 0.440204 -3.821415
v 2.505836 0.435454 -3.826165
v -3.936826 0.435453 -3.826165
v -3.936826 0.440204 -3.821415
v -3.936826 0.572761 -3.821415
v -3.936826 0.578407 -3.826165
v -3.936826 1.015802 -3.826165
v -3.936826 1.020552 -3.821415
v -3.936826 1.153110 -3.821415
v -3.936826 1.159477 -3.826165
v -3.936826 1.878545 -3.821415
v -3.936826 1.884984 -3.826165
v -2.992613 1.884984 -3.826165
v -2.992613 1.878545 -3.821415
v -1.919562 1.596150 -3.826165
v -1.919562 1.600901 -3.821415
v -1.919562 1.733458 -3.821415
v -1.919562 1.740181 -3.826165
v -4.292520 2.177256 2.092909
v 2.861530 2.177256 2.092909
v 2.861530 3.936843 -0.940772
v -4.292520 3.936843 -0.940772
v -4.292520 2.245693 2.133175
v 2.861530 2.245693 2.133175
v 2.861530 4.005280 -0.900506
v -4.292520 4.005280 -0.900506
v -3.747005 2.177256 2.092909
v -3.737411 2.177256 2.092909
v -3.187099 2.177256 2.092909
v -2.646382 2.177256 2.092909
v -2.086476 2.177256 2.092909
v -1.545759 2.177256 2.092909
v -1.536164 2.177256 2.092909
v -0.985853 2.177256 2.092909
v -0.445136 2.177256 2.092909
v -0.435541 2.177256 2.092909
v 0.105176 2.177256 2.092909
v 0.114770 2.177256 2.092909
v 0.665082 2.177256 2.092909
v 1.205799 2.177256 2.092909
v 1.765705 2.177256 2.092909
v 2.306422 2.177256 2.092909
v 2.316016 2.177256 2.092909
v 2.316016 3.936843 -0.940772
v 2.306422 3.936843 -0.940772
v 1.765705 3.936843 -0.940772
v 1.205799 3.936842 -0.940772
v 0.665081 3.936842 -0.940772
v 0.114770 3.936842 -0.940772
v 0.105175 3.936842 -0.940772
v -0.435542 3.936842 -0.940772
v -0.445136 3.936842 -0.940772
v -0.985853 3.936842 -0.940772
v -1.536165 3.936842 -0.940772
v -1.545759 3.936842 -0.940772
v -2.086476 3.936842 -0.940772
v -2.646382 3.936842 -0.940772
v -3.187099 3.936843 -0.940772
v -3.737411 3.936843 -0.940772
v -3.747005 3.936843 -0.940772
v -3.737411 2.245693 2.133175
v -3.747005 2.245693 2.133175
v -3.196694 2.245693 2.133175
v -2.636787 2.245693 2.133175
v -2.646382 2.245693 2.133175
v -2.086476 2.245693 2.133175
v -2.096071 2.245693 2.133175
v -1.545759 2.245693 2.133175
v -0.985853 2.245693 2.133175
v -0.435541 2.245693 2.133175
v -0.445136 2.245693 2.133175
v 0.105176 2.245693 2.133175
v 0.655487 2.245693 2.133175
v 1.215393 2.245693 2.133175
v 1.205799 2.245693 2.133175
v 1.756110 2.245693 2.133175
v 2.316016 2.245693 2.133175
v 2.306422 2.245693 2.133175
v 2.306422 4.005280 -0.900506
v 2.316016 4.005280 -0.900506
v 1.756110 4.005280 -0.900506
v 1.205799 4.005280 -0.900506
v 1.215393 4.005280 -0.900506
v 0.655487 4.005280 -0.900506
v 0.105175 4.005280 -0.900506
v -0.445136 4.005280 -0.900506
v -0.435542 4.005280 -0.900506
v -0.985853 4.005280 -0.900506
v -1.545759 4.005280 -0.900506
v -2.096071 4.005280 -0.900506
v -2.086476 4.005280 -0.900506
v -2.646382 4.005280 -0.900506
v -2.636787 4.005280 -0.900506
v -3.196694 4.005280 -0.900506
v -3.747005 4.005280 -0.900506
v -3.737411 4.005280 -0.900506
v -3.169070 2.245693 2.133175
v -3.187099 2.230154 2.124032
v -1.518135 2.245693 2.133175
v -1.536164 2.230154 2.124032
v -0.995448 2.230154 2.124032
v -1.013476 2.245693 2.133175
v 0.132799 2.245693 2.133175
v 0.114770 2.230154 2.124032
v 0.683111 2.245693 2.133175
v 0.665082 2.230154 2.124032
v 1.783734 2.245693 2.133175
v 1.765705 2.230154 2.124032
v 1.765705 3.989741 -0.909649
v 1.783733 4.005280 -0.900506
v 0.665081 3.989740 -0.909649
v 0.683110 4.005280 -0.900506
v 0.114770 3.989741 -0.909649
v 0.132799 4.005280 -0.900506
v -1.013477 4.005280 -0.900506
v -0.995448 3.989741 -0.909649
v -1.536165 3.989741 -0.909649
v -1.518136 4.005280 -0.900506
v -3.187099 3.989741 -0.909649
v -3.169070 4.005280 -0.900506
v -3.228853 2.177256 2.092909
v -3.196694 2.204975 2.109218
v -2.636787 2.204975 2.109218
v -2.604628 2.177256 2.092909
v -2.128231 2.177256 2.092909
v -2.096071 2.204974 2.109218
v -1.027607 2.177256 2.092909
v -0.995448 2.204975 2.109218
v 0.623327 2.177256 2.092909
v 0.655487 2.204975 2.109218
v 1.215393 2.204975 2.109218
v 1.247553 2.177256 2.092909
v 1.723951 2.177256 2.092909
v 1.756110 2.204975 2.109218
v 1.756110 3.964561 -0.924464
v 1.723950 3.936843 -0.940772
v 1.247553 3.936842 -0.940772
v 1.215393 3.964561 -0.924464
v 0.655487 3.964561 -0.924464
v 0.623327 3.936842 -0.940772
v -0.995448 3.964561 -0.924464
v -1.027607 3.936842 -0.940772
v -2.096071 3.964561 -0.924464
v -2.128231 3.936842 -0.940772
v -2.604628 3.936842 -0.940772
v -2.636787 3.964561 -0.924464
v -3.196694 3.964561 -0.924464
v -3.228853 3.936843 -0.940772
v -4.292520 2.177256 -3.974453
v 2.861530 2.177256 -3.974453
v -4.292520 2.245693 -4.014719
v 2.861530 2.245693 -4.014719
v 2.861530 4.005280 -0.981038
v -4.292520 4.005280 -0.981038
v -3.747005 2.177256 -3.974453
v -3.737411 2.177256 -3.974453
v -3.187099 2.177256 -3.974453
v -2.646382 2.177256 -3.974453
v -2.086476 2.177256 -3.974453
v -1.545759 2.177256 -3.974453
v -1.536164 2.177256 -3.974453
v -0.985853 2.177256 -3.974453
v -0.445136 2.177256 -3.974453
v -0.435541 2.177256 -3.974453
v 0.105176 2.177256 -3.974453
v 0.114770 2.177256 -3.974453
v 0.665082 2.177256 -3.974453
v 1.205799 2.177256 -3.974453
v 1.765705 2.177256 -3.974453
v 2.306422 2.177256 -3.974453
v 2.316016 2.177256 -3.974453
v -3.737411 2.245693 -4.014719
v -3.747005 2.245693 -4.014719
v -3.196694 2.245693 -4.014719
v -2.636787 2.245693 -4.014719
v -2.646382 2.245693 -4.014719
v -2.086476 2.245693 -4.014719
v -2.096071 2.245693 -4.014719
v -1.545759 2.245693 -4.014719
v -0.985853 2.245693 -4.014719
v -0.435541 2.245693 -4.014719
v -0.445136 2.245693 -4.014719
v 0.105176 2.245693 -4.014719
v 0.655487 2.245693 -4.014719
v 1.215393 2.245693 -4.014719
v 1.205799 2.245693 -4.014719
v 1.756110 2.245693 -4.014719
v 2.316016 2.245693 -4.014719
v 2.306422 2.245693 -4.014719
v 2.306422 4.005280 -0.981038
v 2.316016 4.005280 -0.981038
v 1.756110 4.005280 -0.981038
v 1.205799 4.005280 -0.981038
v 1.215393 4.005280 -0.981038
v 0.655487 4.005280 -0.981038
v 0.105175 4.005280 -0.981038
v -0.445136 4.005280 -0.981038
v -0.435542 4.005280 -0.981038
v -0.985853 4.005280 -0.981038
v -1.545759 4.005280 -0.981038
v -2.096071 4.005280 -0.981038
v -2.086476 4.005280 -0.981038
v -2.646382 4.005280 -0.981038
v -2.636787 4.005280 -0.981038
v -3.196694 4.005280 -0.981038
v -3.747005 4.005280 -0.981038
v -3.737411 4.005280 -0.981038
v -3.169070 2.245693 -4.014719
v -3.187099 2.230154 -4.005576
v -1.518135 2.245693 -4.014719
v -1.536164 2.230154 -4.005576
v -0.995448 2.230154 -4.005576
v -1.013476 2.245693 -4.014719
v 0.132799 2.245693 -4.014719
v 0.114770 2.230154 -4.005576
v 0.683111 2.245693 -4.014719
v 0.665082 2.230154 -4.005576
v 1.783734 2.245693 -4.014719
v 1.765705 2.230154 -4.005576
v 1.765705 3.989741 -0.971895
v 1.783733 4.005280 -0.981038
v 0.665081 3.989740 -0.971895
v 0.683110 4.005280 -0.981038
v 0.114770 3.989741 -0.971895
v 0.132799 4.005280 -0.981038
v -1.013477 4.005280 -0.981038
v -0.995448 3.989741 -0.971895
v -1.536165 3.989741 -0.971895
v -1.518136 4.005280 -0.981038
v -3.187099 3.989741 -0.971895
v -3.169070 4.005280 -0.981038
v -3.228853 2.177256 -3.974453
v -3.196694 2.204975 -3.990762
v -2.636787 2.204975 -3.990762
v -2.604628 2.177256 -3.974453
v -2.128231 2.177256 -3.974453
v -2.096071 2.204974 -3.990762
v -1.027607 2.177256 -3.974453
v -0.995448 2.204975 -3.990762
v 0.623327 2.177256 -3.974453
v 0.655487 2.204975 -3.990762
v 1.215393 2.204975 -3.990762
v 1.247553 2.177256 -3.974453
v 1.723951 2.177256 -3.974453
v 1.756110 2.204975 -3.990762
v 1.756110 3.964561 -0.957080
v 1.215393 3.964561 -0.957081
v 0.655487 3.964561 -0.957081
v -0.995448 3.964561 -0.957081
v -2.096071 3.964561 -0.957081
v -2.636787 3.964561 -0.957081
v -3.196694 3.964561 -0.957081
v 2.941447 4.047446 -0.837604
v 2.941447 3.839332 -0.837604
v 2.941447 4.047446 -1.048610
v 2.941447 3.839332 -1.048610
v -4.372437 4.047446 -1.048610
v -4.372437 4.047446 -0.837604
v -4.372437 3.839331 -0.837604
v -4.372437 3.839331 -1.048610
v -4.219266 2.275054 4.037184
v 2.788277 2.275054 4.037184
v 2.788277 2.676711 1.378904
v -4.219266 2.676711 1.378904
v -4.219266 2.218529 4.028584
v 2.788277 2.218529 4.028584
v 2.788277 2.598277 1.514319
v -4.219266 2.598277 1.514319
v -3.747898 2.275054 4.037184
v -3.756294 2.275054 4.037184
v -3.280728 2.275054 4.037184
v -3.289125 2.275054 4.037184
v -2.813559 2.275054 4.037184
v -2.346389 2.275054 4.037184
v -2.354786 2.275054 4.037184
v -1.879219 2.275054 4.037184
v -1.887617 2.275054 4.037184
v -1.412050 2.275054 4.037184
v -1.420447 2.275054 4.037184
v -0.953278 2.275054 4.037184
v -0.477711 2.275054 4.037184
v -0.486108 2.275054 4.037184
v -0.018938 2.275054 4.037184
v 0.456628 2.275054 4.037184
v 0.448231 2.275054 4.037184
v 0.923797 2.275054 4.037184
v 0.915401 2.275054 4.037184
v 1.382570 2.275054 4.037184
v 1.858136 2.275054 4.037184
v 2.325306 2.275054 4.037184
v 2.316909 2.275054 4.037184
v 2.316909 2.676711 1.378904
v 2.325306 2.676711 1.378904
v 1.858136 2.676711 1.378904
v 1.382570 2.676711 1.378904
v 0.915400 2.676711 1.378904
v 0.923797 2.676711 1.378904
v 0.448231 2.676711 1.378904
v 0.456628 2.676711 1.378904
v -0.018939 2.676711 1.378904
v -0.486108 2.676711 1.378904
v -0.477711 2.676711 1.378904
v -0.953278 2.676711 1.378904
v -1.420447 2.676711 1.378904
v -1.412050 2.676711 1.378904
v -1.887617 2.676711 1.378904
v -1.879220 2.676711 1.378904
v -2.354786 2.676711 1.378904
v -2.346389 2.676711 1.378904
v -2.813559 2.676711 1.378904
v -3.289125 2.676711 1.378904
v -3.280728 2.676711 1.378904
v -3.756294 2.676711 1.378904
v -3.747898 2.676711 1.378904
v -3.756294 2.218529 4.028584
v -3.747898 2.218529 4.028584
v -3.289125 2.218529 4.028584
v -2.821956 2.218529 4.028584
v -2.354786 2.218529 4.028584
v -2.346389 2.218529 4.028584
v -1.887617 2.218529 4.028584
v -1.412050 2.218529 4.028584
v -0.953278 2.218529 4.028584
v -0.944881 2.218529 4.028584
v -0.486108 2.218529 4.028584
v -0.477711 2.218529 4.028584
v -0.018938 2.218529 4.028584
v 0.456628 2.218529 4.028584
v 0.915401 2.218529 4.028584
v 0.923797 2.218529 4.028584
v 1.382570 2.218529 4.028584
v 1.390967 2.218529 4.028584
v 1.849740 2.218529 4.028584
v 2.316909 2.218529 4.028584
v 2.325306 2.218529 4.028584
v 2.325306 2.598277 1.514319
v 2.316909 2.598277 1.514319
v 1.849740 2.598277 1.514319
v 1.390967 2.598277 1.514319
v 1.382570 2.598277 1.514319
v 0.923797 2.598277 1.514319
v 0.915400 2.598277 1.514319
v 0.456628 2.598277 1.514319
v -0.018938 2.598277 1.514319
v -0.477711 2.598277 1.514319
v -0.486108 2.598277 1.514319
v -0.944881 2.598277 1.514319
v -0.953278 2.598277 1.514319
v -1.412050 2.598277 1.514319
v -1.887617 2.598277 1.514319
v -2.346389 2.598277 1.514319
v -2.354786 2.598277 1.514319
v -2.821956 2.598277 1.514319
v -3.289125 2.598277 1.514319
v -3.747898 2.598277 1.514319
v -3.756294 2.598277 1.514319
v -2.821956 2.262830 4.035324
v -2.834320 2.275054 4.037184
v -0.932516 2.275054 4.037184
v -0.944881 2.262830 4.035324
v 0.001823 2.275054 4.037184
v -0.010542 2.262830 4.035324
v 1.403332 2.275054 4.037184
v 1.390967 2.262830 4.035324
v 1.849740 2.262830 4.035324
v 1.837375 2.275054 4.037184
v 1.837375 2.676711 1.378904
v 1.849740 2.659792 1.408114
v 1.390967 2.659792 1.408114
v 1.403332 2.676711 1.378904
v -0.010542 2.659792 1.408114
v 0.001823 2.676711 1.378904
v -0.944881 2.659792 1.408114
v -0.932516 2.676711 1.378904
v -2.834320 2.676711 1.378904
v -2.821956 2.659792 1.408114
v -3.280728 2.236542 4.031324
v -3.262508 2.218529 4.028584
v -2.813559 2.236542 4.031324
v -2.795339 2.218529 4.028584
v -1.879219 2.236542 4.031324
v -1.860999 2.218529 4.028584
v -1.438667 2.218529 4.028584
v -1.420447 2.236542 4.031324
v -0.010542 2.236542 4.031324
v 0.007679 2.218529 4.028584
v 0.430011 2.218529 4.028584
v 0.448231 2.236542 4.031324
v 1.858136 2.236542 4.031324
v 1.876356 2.218529 4.028584
v 1.876356 2.598277 1.514319
v 1.858136 2.623204 1.471283
v 0.448231 2.623204 1.471283
v 0.430011 2.598277 1.514319
v 0.007678 2.598277 1.514319
v -0.010542 2.623204 1.471283
v -1.420447 2.623204 1.471283
v -1.438667 2.598277 1.514319
v -1.861000 2.598277 1.514319
v -1.879220 2.623204 1.471284
v -2.795339 2.598277 1.514319
v -2.813559 2.623204 1.471283
v -3.262508 2.598277 1.514319
v -3.280728 2.623204 1.471284
v 2.840914 2.675282 1.502713
v 2.840914 2.604294 1.502713
v 2.840914 2.733713 1.318095
v 2.840914 2.715057 1.318095
v -4.269773 2.733713 1.318095
v -4.269773 2.675282 1.502713
v -4.269773 2.604293 1.502713
v -4.269773 2.715056 1.318095
v -4.021340 0.288853 2.055265
v -3.936826 0.288853 2.055265
v -4.021340 0.288853 1.978495
v -3.936826 0.288853 1.978495
v -4.021340 2.320071 1.978495
v -4.021340 2.280174 2.055265
v -3.936826 2.280174 2.055265
v -3.936826 2.320071 1.978495
v -4.021340 0.288853 -3.893353
v -3.936826 0.288853 -3.893353
v -4.021340 0.288853 -3.816585
v -3.936826 0.288853 -3.816585
v -4.021340 2.320071 -3.816585
v -4.021340 2.280174 -3.893353
v -3.936826 2.280174 -3.893353
v -3.936826 2.320071 -3.816585
v 2.788277 2.254769 4.014313
v 2.788277 2.642118 1.439274
v 2.788277 2.194312 4.028584
v 2.788277 2.564196 1.571322
v 2.836010 2.254769 4.014313
v 2.836010 2.642118 1.439274
v 2.836010 2.194312 4.028584
v 2.836010 2.564196 1.571322
v -4.266998 2.254769 4.014313
v -4.266998 2.642118 1.439274
v -4.266998 2.194312 4.028584
v -4.266998 2.564196 1.571322
v -4.219266 2.254769 4.014313
v -4.219266 2.642118 1.439274
v -4.219266 2.194312 4.028584
v -4.219266 2.564196 1.571322
v 2.582605 2.554799 1.440377
v 2.582605 2.453514 1.615001
v 2.582605 2.554799 -3.320626
v 2.582605 2.453514 -3.495250
v 2.687188 2.556111 -3.321274
v 2.687188 2.556111 1.439730
v 2.687188 2.454827 1.614353
v 2.687188 2.454827 -3.495897
v -4.118176 2.454827 -3.495897
v -4.118176 2.454827 1.614353
v -4.118176 2.556111 1.439730
v -4.118176 2.556111 -3.321274
v -4.013594 2.453514 -3.495250
v -4.013594 2.554799 -3.320626
v -4.013594 2.453514 1.615000
v -4.013594 2.554799 1.440377
v 2.477223 2.554799 1.440377
v 2.477223 2.453514 1.615000
v 2.477223 2.554799 -3.320626
v 2.477223 2.453514 -3.495250
v 2.436970 2.556111 -3.321274
v 2.436970 2.556111 1.439730
v 2.436970 2.454827 1.614353
v 2.436970 2.454827 -3.495897
v -3.908210 2.554799 -3.321273
v -3.908210 2.453514 -3.495897
v -3.908210 2.554799 1.439730
v -3.908210 2.453514 1.614354
v -3.867958 2.556111 1.440378
v -3.867958 2.556111 -3.320626
v -3.867958 2.454827 -3.495249
v -3.867958 2.454827 1.615001
v 2.505836 0.288853 2.055265
v 2.593093 0.288853 2.055265
v 2.505836 0.288853 1.983326
v 2.593093 0.288853 1.983326
v 2.505836 2.320071 1.983326
v 2.505836 2.271667 2.055265
v 2.593093 2.271667 2.055265
v 2.593093 2.320071 1.983326
v 2.505836 0.288853 -3.893353
v 2.593093 0.288853 -3.893353
v 2.505836 0.288853 -3.821415
v 2.593093 0.288853 -3.821415
v 2.505836 2.320071 -3.821415
v 2.505836 2.271667 -3.893353
v 2.593093 2.271667 -3.893353
v 2.593093 2.320071 -3.821415
v 2.638189 0.288852 3.942940
v 2.784172 0.288852 3.942940
v 2.638189 0.288852 3.796957
v 2.784172 0.288852 3.796957
v 2.638189 2.240635 3.942940
v 2.784172 2.240635 3.942940
v 2.638189 2.265397 3.796957
v 2.784172 2.265397 3.796957
v -4.069176 0.288852 3.942940
v -4.215159 0.288852 3.942940
v -4.069176 0.288852 3.796957
v -4.215159 0.288852 3.796957
v -4.069176 2.240635 3.942940
v -4.215159 2.240635 3.942940
v -4.069176 2.265397 3.796957
v -4.215159 2.265397 3.796957
v -4.069177 1.339438 3.917028
v -4.069177 1.245278 3.917028
v -4.069177 1.339438 3.822868
v -4.069177 1.245278 3.822868
v 2.638189 1.339438 3.917028
v 2.638189 1.245278 3.917028
v 2.638189 1.339438 3.822868
v 2.638189 1.245278 3.822868
v -4.069177 0.519079 3.917028
v -4.069177 0.424919 3.917028
v -4.069177 0.519079 3.822868
v -4.069177 0.424919 3.822868
v 2.638189 0.519079 3.917028
v 2.638189 0.424919 3.917028
v 2.638189 0.519079 3.822868
v 2.638189 0.424919 3.822868
v -4.069177 2.235378 3.917028
v -4.069177 2.141218 3.917028
v -4.069177 2.235378 3.822868
v -4.069177 2.141218 3.822868
v 2.638189 2.235378 3.917028
v 2.638189 2.141218 3.917028
v 2.638189 2.235378 3.822868
v 2.638189 2.141218 3.822868
v -0.755293 0.288853 3.942940
v -0.609310 0.288853 3.942940
v -0.755293 0.288853 3.796957
v -0.609310 0.288853 3.796957
v -0.755293 2.240635 3.942940
v -0.609310 2.240634 3.942940
v -0.755293 2.265398 3.796957
v -0.609310 2.265398 3.796957
v 2.244747 0.519079 3.900523
v 2.310978 0.519079 3.900523
v 2.244747 0.519079 3.839373
v 2.310978 0.519079 3.839373
v 2.244747 1.245278 3.839373
v 2.244747 1.245278 3.900523
v 2.310978 1.245278 3.900523
v 2.310978 1.245278 3.839373
v 1.504283 0.519079 3.900523
v 1.570514 0.519079 3.900523
v 1.504283 0.519079 3.839373
v 1.570514 0.519079 3.839373
v 1.504283 1.245278 3.839373
v 1.504283 1.245278 3.900523
v 1.570514 1.245278 3.900523
v 1.570514 1.245278 3.839373
v 0.763820 0.519079 3.900523
v 0.830051 0.519079 3.900523
v 0.763820 0.519079 3.839373
v 0.830051 0.519079 3.839373
v 0.763820 1.245278 3.839373
v 0.763820 1.245278 3.900523
v 0.830051 1.245278 3.900523
v 0.830051 1.245278 3.839373
v 0.023356 0.519079 3.900523
v 0.089587 0.519079 3.900523
v 0.023356 0.519079 3.839373
v 0.089587 0.519079 3.839373
v 0.023356 1.245278 3.839373
v 0.023356 1.245278 3.900523
v 0.089587 1.245278 3.900523
v 0.089587 1.245278 3.839373
v -1.457571 0.519079 3.900523
v -1.391340 0.519079 3.900523
v -1.457571 0.519079 3.839373
v -1.391340 0.519079 3.839373
v -1.457571 1.245278 3.839373
v -1.457571 1.245278 3.900523
v -1.391340 1.245278 3.900523
v -1.391340 1.245278 3.839373
v -2.198034 0.519079 3.900523
v -2.131803 0.519079 3.900523
v -2.198034 0.519079 3.839373
v -2.131803 0.519079 3.839373
v -2.198034 1.245278 3.839373
v -2.198034 1.245278 3.900523
v -2.131803 1.245278 3.900523
v -2.131803 1.245278 3.839373
v -2.938497 0.519079 3.900523
v -2.872266 0.519079 3.900523
v -2.938497 0.519079 3.839373
v -2.872266 0.519079 3.839373
v -2.938497 1.245278 3.839373
v -2.938497 1.245278 3.900523
v -2.872266 1.245278 3.900523
v -2.872266 1.245278 3.839373
v -3.678960 0.519079 3.900523
v -3.612729 0.519079 3.900523
v -3.678960 0.519079 3.839373
v -3.612729 0.519079 3.839373
v -3.678960 1.245278 3.839373
v -3.678960 1.245278 3.900523
v -3.612729 1.245278 3.900523
v -3.612729 1.245278 3.839373
v 4.366115 0.288853 3.942940
v 4.366115 0.288853 -3.945755
v 2.564000 0.288853 3.942940
v 2.564000 0.288853 -3.945755
v 4.366115 0.288853 0.048281
v 4.366115 0.288853 0.053978
v 2.564000 0.288853 0.053978
v 2.564000 0.288853 0.048281
v 3.167264 0.288853 3.942940
v 3.162145 0.288853 3.942940
v 2.866912 0.288853 3.942940
v 2.861793 0.288853 3.942940
v 3.467617 0.288853 3.942940
v 3.462498 0.288853 3.942940
v 3.767970 0.288853 3.942940
v 3.762850 0.288853 3.942940
v 4.068322 0.288853 3.942940
v 4.063203 0.288853 3.942940
v 2.861793 0.288853 0.053978
v 2.866912 0.288853 0.053978
v 3.162145 0.288853 0.053978
v 3.167264 0.288853 0.053978
v 3.462498 0.288853 0.053978
v 3.467617 0.288853 0.053978
v 3.762850 0.288853 0.053978
v 3.767970 0.288853 0.053978
v 4.063203 0.288853 0.053978
v 4.068322 0.288853 0.053978
v 4.063202 0.288853 -3.945755
v 4.068322 0.288853 -3.945755
v 3.762850 0.288853 -3.945755
v 3.767970 0.288853 -3.945755
v 3.462498 0.288853 -3.945755
v 3.467617 0.288853 -3.945755
v 3.162145 0.288853 -3.945755
v 3.167264 0.288853 -3.945755
v 2.861793 0.288853 -3.945755
v 2.866912 0.288853 -3.945755
v 4.068322 0.288853 0.048281
v 4.063202 0.288853 0.048281
v 3.767970 0.288853 0.048281
v 3.762850 0.288853 0.048281
v 3.467617 0.288853 0.048281
v 3.462498 0.288853 0.048281
v 3.167264 0.288853 0.048281
v 3.162145 0.288853 0.048281
v 2.866912 0.288853 0.048281
v 2.861793 0.288853 0.048281
v 2.564000 0.248037 -3.945755
v 2.564000 0.248037 0.048281
v 4.366115 0.248037 0.048281
v 4.366115 0.248037 -3.945755
v 2.564000 0.248037 0.053978
v 2.564000 0.248037 3.942940
v 4.366115 0.248037 3.942940
v 4.366115 0.248037 0.053978
v 2.866912 0.248037 3.942940
v 2.866912 0.248037 0.053978
v 2.861793 0.248037 0.053978
v 2.861793 0.248037 3.942940
v 3.167264 0.248037 3.942940
v 3.167264 0.248037 0.053978
v 3.162145 0.248037 0.053978
v 3.162145 0.248037 3.942940
v 3.467617 0.248037 3.942940
v 3.467617 0.248037 0.053978
v 3.462498 0.248037 0.053978
v 3.462498 0.248037 3.942940
v 3.767970 0.248037 3.942940
v 3.767970 0.248037 0.053978
v 3.762850 0.248037 0.053978
v 3.762850 0.248037 3.942940
v 4.068322 0.248037 3.942940
v 4.068322 0.248037 0.053978
v 4.063203 0.248037 0.053978
v 4.063203 0.248037 3.942940
v 2.866912 0.248037 0.048281
v 2.866912 0.248037 -3.945755
v 2.861793 0.248037 -3.945755
v 2.861793 0.248037 0.048281
v 3.167264 0.248037 0.048281
v 3.167264 0.248037 -3.945755
v 3.162145 0.248037 -3.945755
v 3.162145 0.248037 0.048281
v 3.467617 0.248037 0.048281
v 3.467617 0.248037 -3.945755
v 3.462498 0.248037 -3.945755
v 3.462498 0.248037 0.048281
v 3.767970 0.248037 0.048281
v 3.767970 0.248037 -3.945755
v 3.762850 0.248037 -3.945755
v 3.762850 0.248037 0.048281
v 4.068322 0.248037 0.048281
v 4.068322 0.248037 -3.945755
v 4.063202 0.248037 -3.945755
v 4.063202 0.248037 0.048281
v -4.000926 0.288853 -3.539323
v 2.555206 0.288853 -3.539323
v -4.000926 0.288853 -3.945755
v 2.555206 0.288853 -3.945755
v -4.000926 0.248037 -3.539323
v 2.555206 0.248037 -3.539323
v -4.000926 0.248037 -3.945755
v 2.555206 0.248037 -3.945755
v -4.366115 0.288853 3.942940
v -4.366115 0.288853 1.873188
v 2.554791 0.288853 3.942940
v 2.554791 0.288853 1.873188
v 2.196521 0.288853 1.873188
v 2.201993 0.288853 1.873188
v 1.831778 0.288853 1.873188
v 1.837250 0.288853 1.873188
v 1.467035 0.288853 1.873188
v 1.472508 0.288853 1.873188
v 1.102292 0.288853 1.873188
v 1.107765 0.288853 1.873188
v 0.737549 0.288853 1.873188
v 0.743022 0.288853 1.873188
v 0.372806 0.288853 1.873188
v 0.378279 0.288853 1.873188
v 0.008063 0.288853 1.873188
v 0.013536 0.288853 1.873188
v -0.356679 0.288853 1.873188
v -0.351207 0.288853 1.873188
v -0.721422 0.288853 1.873188
v -0.715950 0.288853 1.873188
v -1.086165 0.288853 1.873188
v -1.080693 0.288853 1.873188
v -1.450908 0.288853 1.873188
v -1.445435 0.288853 1.873188
v -1.815651 0.288853 1.873188
v -1.810178 0.288853 1.873188
v -2.180393 0.288853 1.873188
v -2.174921 0.288853 1.873188
v -2.545136 0.288853 1.873188
v -2.539664 0.288853 1.873188
v -2.909879 0.288853 1.873188
v -2.904407 0.288853 1.873188
v -3.274622 0.288853 1.873188
v -3.269150 0.288853 1.873188
v -3.639365 0.288853 1.873188
v -3.633893 0.288853 1.873188
v -4.004107 0.288853 1.873188
v -3.998635 0.288853 1.873188
v -3.998636 0.288853 3.942940
v -4.004108 0.288853 3.942940
v -3.633893 0.288853 3.942940
v -3.639365 0.288853 3.942940
v -3.269150 0.288853 3.942940
v -3.274622 0.288853 3.942940
v -2.904408 0.288853 3.942940
v -2.909880 0.288853 3.942940
v -2.539665 0.288853 3.942940
v -2.545137 0.288853 3.942940
v -2.174922 0.288853 3.942940
v -2.180394 0.288853 3.942940
v -1.810179 0.288853 3.942940
v -1.815651 0.288853 3.942940
v -1.445436 0.288853 3.942940
v -1.450908 0.288853 3.942940
v -1.080693 0.288853 3.942940
v -1.086165 0.288853 3.942940
v -0.715950 0.288853 3.942940
v -0.721422 0.288853 3.942940
v -0.351207 0.288853 3.942940
v -0.356680 0.288853 3.942940
v 0.013536 0.288853 3.942940
v 0.008063 0.288853 3.942940
v 0.378279 0.288853 3.942940
v 0.372806 0.288853 3.942940
v 0.743022 0.288853 3.942940
v 0.737549 0.288853 3.942940
v 1.107764 0.288853 3.942940
v 1.102292 0.288853 3.942940
v 1.472507 0.288853 3.942940
v 1.467035 0.288853 3.942940
v 1.837250 0.288853 3.942940
v 1.831778 0.288853 3.942940
v 2.201993 0.288853 3.942940
v 2.196521 0.288853 3.942940
v -4.366115 0.248037 1.873188
v -4.366115 0.248037 3.942940
v 2.554791 0.248037 3.942940
v 2.554791 0.248037 1.873188
v -3.998636 0.248037 3.942940
v -3.998635 0.248037 1.873188
v -4.004107 0.248037 1.873188
v -4.004108 0.248037 3.942940
v -3.633893 0.248037 3.942940
v -3.633893 0.248037 1.873188
v -3.639365 0.248037 1.873188
v -3.639365 0.248037 3.942940
v -3.269150 0.248037 3.942940
v -3.269150 0.248037 1.873188
v -3.274622 0.248037 1.873188
v -3.274622 0.248037 3.942940
v -2.904408 0.248037 3.942940
v -2.904407 0.248037 1.873188
v -2.909879 0.248037 1.873188
v -2.909880 0.248037 3.942940
v -2.539665 0.248037 3.942940
v -2.539664 0.248037 1.873188
v -2.545136 0.248037 1.873188
v -2.545137 0.248037 3.942940
v -2.174922 0.248037 3.942940
v -2.174921 0.248037 1.873188
v -2.180393 0.248037 1.873188
v -2.180394 0.248037 3.942940
v -1.810179 0.248037 3.942940
v -1.810178 0.248037 1.873188
v -1.815651 0.248037 1.873188
v -1.815651 0.248037 3.942940
v -1.445436 0.248037 3.942940
v -1.445435 0.248037 1.873188
v -1.450908 0.248037 1.873188
v -1.450908 0.248037 3.942940
v -1.080693 0.248037 3.942940
v -1.080693 0.248037 1.873188
v -1.086165 0.248037 1.873188
v -1.086165 0.248037 3.942940
v -0.715950 0.248037 3.942940
v -0.715950 0.248037 1.873188
v -0.721422 0.248037 1.873188
v -0.721422 0.248037 3.942940
v -0.351207 0.248037 3.942940
v -0.351207 0.248037 1.873188
v -0.356679 0.248037 1.873188
v -0.356680 0.248037 3.942940
v 0.013536 0.248037 3.942940
v 0.013536 0.248037 1.873188
v 0.008063 0.248037 1.873188
v 0.008063 0.248037 3.942940
v 0.378279 0.248037 3.942940
v 0.378279 0.248037 1.873188
v 0.372806 0.248037 1.873188
v 0.372806 0.248037 3.942940
v 0.743022 0.248037 3.942940
v 0.743022 0.248037 1.873188
v 0.737549 0.248037 1.873188
v 0.737549 0.248037 3.942940
v 1.107764 0.248037 3.942940
v 1.107765 0.248037 1.873188
v 1.102292 0.248037 1.873188
v 1.102292 0.248037 3.942940
v 1.472507 0.248037 3.942940
v 1.472508 0.248037 1.873188
v 1.467035 0.248037 1.873188
v 1.467035 0.248037 3.942940
v 1.837250 0.248037 3.942940
v 1.837250 0.248037 1.873188
v 1.831778 0.248037 1.873188
v 1.831778 0.248037 3.942940
v 2.201993 0.248037 3.942940
v 2.201993 0.248037 1.873188
v 2.196521 0.248037 1.873188
v 2.196521 0.248037 3.942940
v -4.366115 0.288853 1.869125
v -4.366115 0.288853 -0.206188
v -4.004107 0.288853 -0.206188
v -4.004108 0.288853 1.869125
v -4.366115 0.248037 -0.206188
v -4.366115 0.248037 1.869125
v -4.004107 0.248037 -0.206188
v -4.004108 0.248037 1.869125
v -4.367623 0.288853 -1.767665
v -4.367623 0.288853 -3.946056
v -4.005616 0.288853 -3.946056
v -4.005616 0.288853 -1.767665
v -4.367623 0.248037 -3.946056
v -4.367623 0.248037 -1.767665
v -4.005616 0.248037 -3.946056
v -4.005616 0.248037 -1.767665
v -4.367623 0.288853 -0.211389
v -4.367623 0.288853 -1.761836
v -4.005616 0.288853 -1.761836
v -4.005616 0.288853 -0.211389
v -4.367623 0.248037 -1.761836
v -4.367623 0.248037 -0.211389
v -4.005616 0.248037 -1.761836
v -4.005616 0.248037 -0.211389
v -4.354657 0.000000 -3.931482
v -4.354657 0.000000 3.931482
v 4.354657 -0.000000 3.931482
v 4.354657 -0.000000 -3.931482
v -4.354657 0.244822 -3.931482
v 4.354657 0.244822 -3.931482
v 4.354657 0.244822 3.931482
v -4.354657 0.244822 3.931482
v 4.364712 -0.000000 3.941537
v 4.364712 0.248037 3.941537
v 4.306708 -0.000000 3.931482
v 4.306708 -0.000000 3.941537
v 4.306708 0.248037 3.941537
v 4.306708 0.248037 3.931482
v 4.364712 -0.000000 3.883533
v 4.354657 -0.000000 3.883533
v 4.354657 0.248037 3.883533
v 4.364712 0.248037 3.883533
v -4.364712 -0.000000 3.941537
v -4.364712 0.248037 3.941537
v -4.306708 -0.000000 3.931482
v -4.306708 -0.000000 3.941537
v -4.306708 0.248037 3.941537
v -4.306708 0.248037 3.931482
v -4.364712 -0.000000 3.883533
v -4.354657 -0.000000 3.883533
v -4.354657 0.248037 3.883533
v -4.364712 0.248037 3.883533
v 4.364712 -0.000000 -3.941537
v 4.364712 0.248037 -3.941537
v 4.306708 -0.000000 -3.931482
v 4.306708 -0.000000 -3.941537
v 4.306708 0.248037 -3.941537
v 4.306708 0.248037 -3.931482
v 4.364712 -0.000000 -3.883533
v 4.354657 -0.000000 -3.883533
v 4.354657 0.248037 -3.883533
v 4.364712 0.248037 -3.883533
v -4.364712 -0.000000 -3.941537
v -4.364712 0.248037 -3.941537
v -4.306708 -0.000000 -3.931482
v -4.306708 -0.000000 -3.941537
v -4.306708 0.248037 -3.941537
v -4.306708 0.248037 -3.931482
v -4.364712 -0.000000 -3.883533
v -4.354657 -0.000000 -3.883533
v -4.354657 0.248037 -3.883533
v -4.364712 0.248037 -3.883533
v 4.354657 0.191625 3.506834
v 4.595117 0.191625 3.506834
v 4.354657 0.191625 2.260514
v 4.595117 0.191625 2.260514
v 4.354657 0.121607 2.260514
v 4.354657 0.121607 3.506834
v 4.595117 0.121607 3.506834
v 4.595117 0.121607 2.260514
v 4.496271 0.094396 3.506834
v 4.821997 0.094396 3.506834
v 4.496271 0.094396 2.260514
v 4.821997 0.094396 2.260514
v 4.496271 0.024379 2.260514
v 4.496271 0.024379 3.506834
v 4.821997 0.024379 3.506834
v 4.821997 0.024379 2.260514
v 4.354657 -0.000001 2.260514
v 4.831185 -0.000001 2.260514
v 4.354657 0.248037 2.260514
v 4.831185 0.156974 2.260514
v 4.354657 0.248037 2.213822
v 4.354657 -0.000001 2.213822
v 4.831185 -0.000001 2.213822
v 4.831185 0.156974 2.213822
v 4.354657 -0.000001 3.506833
v 4.831185 -0.000001 3.506833
v 4.354657 0.248037 3.506833
v 4.831185 0.156974 3.506833
v 4.354657 0.248037 3.553525
v 4.354657 -0.000001 3.553525
v 4.831185 -0.000001 3.553525
v 4.831185 0.156974 3.553525
v -3.916145 0.295338 1.729801
v 2.497360 0.295338 1.729801
v -3.916145 0.295338 -3.564051
v 2.497360 0.295338 -3.564051
v -0.719804 0.295338 1.729801
v -0.727037 0.295338 1.729801
v -0.363938 0.295338 -3.564051
v -0.356705 0.295338 -3.564051
v -3.916145 0.295338 -3.311266
v -3.916145 0.295338 -3.312660
v -3.916145 0.295338 -3.059178
v -3.916145 0.295338 -3.060572
v -3.916145 0.295338 -2.807090
v -3.916145 0.295338 -2.808484
v -3.916145 0.295338 -2.555002
v -3.916145 0.295338 -2.556396
v -3.916145 0.295338 -2.302914
v -3.916145 0.295338 -2.304307
v -3.916145 0.295338 -2.050826
v -3.916145 0.295338 -2.052219
v -3.916145 0.295338 -1.798737
v -3.916145 0.295338 -1.800131
v -3.916145 0.295338 -1.546649
v -3.916145 0.295338 -1.548042
v -3.916145 0.295338 -1.294561
v -3.916145 0.295338 -1.295954
v -3.916145 0.295338 -1.042472
v -3.916145 0.295338 -1.043866
v -3.916145 0.295338 -0.790384
v -3.916145 0.295338 -0.791778
v -3.916145 0.295338 -0.538296
v -3.916145 0.295338 -0.539689
v -3.916145 0.295338 -0.286208
v -3.916145 0.295338 -0.287601
v -3.916145 0.295338 -0.034119
v -3.916145 0.295338 -0.035513
v -3.916145 0.295338 0.217969
v -3.916145 0.295338 0.216575
v -3.916145 0.295338 0.470057
v -3.916145 0.295338 0.468664
v -3.916145 0.295338 0.722145
v -3.916145 0.295338 0.720752
v -3.916145 0.295338 0.974234
v -3.916145 0.295338 0.972840
v -3.916145 0.295338 1.226322
v -3.916145 0.295338 1.224928
v -3.916145 0.295338 1.478410
v -3.916145 0.295338 1.477016
v 2.497360 0.295338 1.477016
v 2.497360 0.295338 1.478410
v 2.497360 0.295338 1.224928
v 2.497360 0.295338 1.226322
v 2.497360 0.295338 0.972840
v 2.497360 0.295338 0.974234
v 2.497360 0.295338 0.720752
v 2.497360 0.295338 0.722146
v 2.497360 0.295338 0.468664
v 2.497360 0.295338 0.470057
v 2.497360 0.295338 0.216576
v 2.497360 0.295338 0.217969
v 2.497360 0.295338 -0.035513
v 2.497360 0.295338 -0.034119
v 2.497360 0.295338 -0.287601
v 2.497360 0.295338 -0.286208
v 2.497360 0.295338 -0.539689
v 2.497360 0.295338 -0.538296
v 2.497360 0.295338 -0.791778
v 2.497360 0.295338 -0.790384
v 2.497360 0.295338 -1.043866
v 2.497360 0.295338 -1.042472
v 2.497360 0.295338 -1.295954
v 2.497360 0.295338 -1.294561
v 2.497360 0.295338 -1.548042
v 2.497360 0.295338 -1.546649
v 2.497360 0.295338 -1.800130
v 2.497360 0.295338 -1.798737
v 2.497360 0.295338 -2.052219
v 2.497360 0.295338 -2.050825
v 2.497360 0.295338 -2.304307
v 2.497360 0.295338 -2.302914
v 2.497360 0.295338 -2.556396
v 2.497360 0.295338 -2.555002
v 2.497360 0.295338 -2.808484
v 2.497360 0.295338 -2.807090
v 2.497360 0.295338 -3.060572
v 2.497360 0.295338 -3.059178
v 2.497360 0.295338 -3.312660
v 2.497360 0.295338 -3.311266
v -0.719804 0.295338 1.478410
v -1.933207 0.295338 1.477016
v -1.940441 0.295338 1.477016
v -0.727037 0.295338 1.478410
v -1.933207 0.295338 1.226322
v -0.123623 0.295338 1.224928
v -0.130856 0.295338 1.224928
v -1.940441 0.295338 1.226322
v -0.123623 0.295338 0.974234
v -0.993345 0.295338 0.972840
v -1.000579 0.295338 0.972840
v -0.130856 0.295338 0.974234
v -0.993345 0.295338 0.722146
v -0.523415 0.295338 0.720752
v -0.530648 0.295338 0.720752
v -1.000579 0.295338 0.722146
v -0.523415 0.295338 0.470057
v -1.224804 0.295338 0.468664
v -1.232037 0.295338 0.468664
v -0.530648 0.295338 0.470057
v -1.224804 0.295338 0.217969
v 0.192002 0.295338 0.216576
v 0.184769 0.295338 0.216576
v -1.232037 0.295338 0.217969
v 0.192002 0.295338 -0.034119
v -0.018415 0.295338 -0.035513
v -0.025648 0.295338 -0.035513
v 0.184769 0.295338 -0.034119
v -0.018415 0.295338 -0.286208
v -0.355081 0.295338 -0.287601
v -0.362315 0.295338 -0.287601
v -0.025648 0.295338 -0.286208
v -0.355081 0.295338 -0.538296
v 0.269155 0.295338 -0.539689
v 0.261922 0.295338 -0.539689
v -0.362315 0.295338 -0.538296
v 0.269155 0.295338 -0.790384
v -2.248833 0.295338 -0.791778
v -2.256066 0.295338 -0.791778
v 0.261922 0.295338 -0.790384
v -2.248833 0.295338 -1.042472
v -1.842026 0.295338 -1.043866
v -1.849260 0.295338 -1.043866
v -2.256066 0.295338 -1.042472
v -1.842026 0.295338 -1.294561
v -0.909179 0.295338 -1.295954
v -0.916412 0.295338 -1.295954
v -1.849260 0.295338 -1.294561
v -0.909179 0.295338 -1.546649
v 0.739086 0.295338 -1.548042
v 0.731853 0.295338 -1.548042
v -0.916412 0.295338 -1.546649
v 0.739086 0.295338 -1.798737
v -0.705776 0.295338 -1.800130
v -0.713009 0.295338 -1.800130
v 0.731853 0.295338 -1.798737
v -0.705776 0.295338 -2.050825
v 0.739086 0.295338 -2.052219
v 0.731853 0.295338 -2.052219
v -0.713009 0.295338 -2.050825
v 0.739086 0.295338 -2.302914
v -0.123623 0.295338 -2.304307
v -0.130856 0.295338 -2.304307
v 0.731853 0.295338 -2.302914
v -0.123623 0.295338 -2.555002
v -1.989318 0.295338 -2.556396
v -1.996551 0.295338 -2.556396
v -0.130856 0.295338 -2.555002
v -1.989318 0.295338 -2.807090
v 0.621506 0.295338 -2.808484
v 0.614273 0.295338 -2.808484
v -1.996551 0.295338 -2.807090
v 0.621506 0.295338 -3.059178
v -1.265913 0.295338 -3.060572
v -1.273146 0.295338 -3.060572
v 0.614273 0.295338 -3.059178
v -0.363938 0.295338 -3.312660
v -1.273146 0.295338 -3.311266
v -1.265913 0.295338 -3.311266
v -0.356705 0.295338 -3.312660
v -3.916145 0.295338 1.984116
v 2.497360 0.295338 1.984116
v -1.129617 0.295338 1.984116
v -1.136850 0.295338 1.984116
v -3.916145 0.295338 1.732725
v 2.497360 0.295338 1.732725
v -1.129617 0.295338 1.732725
v -1.136850 0.295338 1.732725
v -3.916145 0.295338 -3.567989
v 2.497360 0.295338 -3.567989
v -0.719804 0.295338 -3.567989
v -0.727037 0.295338 -3.567989
v -3.916145 0.295338 -3.821415
v 2.497360 0.295338 -3.821415
v -0.719804 0.295338 -3.821415
v -0.727037 0.295338 -3.821415
v 2.446499 2.331096 0.283257
v 2.616328 2.331096 0.283257
v 2.446499 2.331096 0.153733
v 2.616328 2.331096 0.153733
v 2.446499 0.331682 0.153733
v 2.446499 0.331682 0.283257
v 2.616328 0.331682 0.283257
v 2.616328 0.331682 0.153733
v 2.446499 2.331096 -0.840160
v 2.616328 2.331096 -0.840160
v 2.446499 2.331096 -0.969684
v 2.616328 2.331096 -0.969684
v 2.446499 0.331682 -0.969684
v 2.446499 0.331682 -0.840160
v 2.616328 0.331682 -0.840160
v 2.616328 0.331682 -0.969684
v 2.436862 2.331096 -0.969684
v 2.625965 2.331096 -0.969684
v 2.436862 2.432765 -0.969684
v 2.625965 2.432765 -0.969684
v 2.436862 2.432765 0.283257
v 2.436862 2.331096 0.283257
v 2.625965 2.331096 0.283257
v 2.625965 2.432765 0.283257
v 0.138469 1.386605 2.141424
v 1.211520 1.386605 2.141424
v 0.138469 1.386605 1.962490
v 1.211520 1.386605 1.962490
v 0.138469 1.416227 1.962490
v 0.138469 1.416227 2.141424
v 1.211520 1.416227 2.141424
v 1.211520 1.416227 1.962490
v 1.211520 2.127278 1.962490
v 1.211520 2.127278 2.125571
v 0.138469 2.127278 2.125571
v 0.138469 2.127278 1.962490
v 1.211520 2.097655 1.962490
v 0.138469 2.097655 1.962490
v 1.211520 2.097655 2.125571
v 0.138469 2.097655 2.125571
v 1.211520 1.416227 1.966865
v 1.211520 1.416227 2.117857
v 1.211520 2.097655 2.117857
v 1.211520 2.097655 1.966865
v 1.158311 1.416227 1.966865
v 1.158311 2.097655 1.966865
v 1.158311 1.416227 2.117857
v 1.158311 2.097655 2.117857
v 0.191678 1.416228 1.966865
v 0.191678 1.416228 2.117857
v 0.191678 2.097655 2.117857
v 0.191678 2.097655 1.966865
v 0.138469 1.416228 1.966865
v 0.138469 2.097655 1.966865
v 0.138469 1.416228 2.117857
v 0.138469 2.097655 2.117857
v 0.191678 1.410666 2.088730
v 0.191678 2.097655 2.088730
v 1.158311 1.410666 2.088730
v 1.158311 2.097655 2.088730
v 0.216423 1.435411 2.088730
v 0.216423 2.072910 2.088730
v 1.133566 1.435412 2.088730
v 1.133566 2.072910 2.088730
v 0.191678 1.410666 1.998360
v 0.191678 2.097655 1.998360
v 1.158311 1.410666 1.998360
v 1.158311 2.097655 1.998360
v 0.216423 1.435411 1.998360
v 0.216423 2.072910 1.998360
v 1.133566 1.435412 1.998360
v 1.133566 2.072910 1.998360
v 1.133566 1.762614 2.056368
v 1.133566 1.745708 2.056368
v 0.216423 1.745708 2.056368
v 0.216423 1.762614 2.056368
v 1.133566 1.762614 2.030722
v 1.133566 1.745708 2.030722
v 0.216423 1.745708 2.030722
v 0.216423 1.762614 2.030722
v 0.836305 1.435412 2.057805
v 0.819399 1.435412 2.057805
v 0.530591 1.435411 2.057805
v 0.513684 1.435411 2.057805
v 0.513684 2.072910 2.057805
v 0.530591 2.072910 2.057805
v 0.819398 2.072910 2.057805
v 0.836305 2.072910 2.057805
v 0.836305 1.435412 2.029285
v 0.819399 1.435412 2.029285
v 0.530591 1.435411 2.029285
v 0.513684 1.435411 2.029285
v 0.513684 2.072910 2.029285
v 0.530591 2.072910 2.029285
v 0.819398 2.072910 2.029285
v 0.836305 2.072910 2.029285
v -2.992614 1.403769 -3.913477
v -1.919562 1.403770 -3.913477
v -2.992614 1.403769 -3.807299
v -1.919562 1.403770 -3.807299
v -2.992614 1.440288 -3.807299
v -2.992614 1.440288 -3.913477
v -1.919562 1.440288 -3.913477
v -1.919562 1.440288 -3.807299
v -1.919562 2.151339 -3.807299
v -1.919562 2.151339 -3.902203
v -2.992614 2.151339 -3.902203
v -2.992614 2.151339 -3.807299
v -1.919562 2.121716 -3.807299
v -2.992614 2.121716 -3.807299
v -1.919562 2.121716 -3.902203
v -2.992614 2.121716 -3.902203
v -1.919562 1.440288 -3.809870
v -1.919562 1.440288 -3.899632
v -1.919562 2.121716 -3.899632
v -1.919562 2.121716 -3.809870
v -1.972771 1.440288 -3.809870
v -1.972771 2.121716 -3.809870
v -1.972771 1.440288 -3.899632
v -1.972771 2.121716 -3.899632
v -2.939404 1.440289 -3.809870
v -2.939404 1.440289 -3.899632
v -2.939404 2.121716 -3.899632
v -2.939404 2.121716 -3.809870
v -2.992614 1.440289 -3.809870
v -2.992614 2.121716 -3.809870
v -2.992614 1.440289 -3.899632
v -2.992614 2.121716 -3.899632
v -2.939404 1.434727 -3.882522
v -2.939404 2.121716 -3.882522
v -1.972771 1.434727 -3.882522
v -1.972771 2.121716 -3.882522
v -2.914659 1.459472 -3.882522
v -2.914659 2.096971 -3.882522
v -1.997517 1.459473 -3.882522
v -1.997517 2.096971 -3.882522
v -2.939404 1.434727 -3.829435
v -2.939404 2.121716 -3.829435
v -1.972771 1.434727 -3.829435
v -1.972771 2.121716 -3.829435
v -2.914659 1.459472 -3.829435
v -2.914659 2.096971 -3.829435
v -1.997517 1.459473 -3.829435
v -1.997517 2.096971 -3.829435
v -1.997517 1.786675 -3.863511
v -1.997517 1.769769 -3.863511
v -2.914659 1.769769 -3.863511
v -2.914659 1.786675 -3.863511
v -1.997517 1.786675 -3.848446
v -1.997517 1.769769 -3.848446
v -2.914659 1.769769 -3.848446
v -2.914659 1.786675 -3.848446
v -2.294777 1.459473 -3.864356
v -2.311684 1.459473 -3.864356
v -2.600492 1.459472 -3.864356
v -2.617398 1.459472 -3.864356
v -2.617398 2.096971 -3.864356
v -2.600492 2.096971 -3.864356
v -2.311684 2.096971 -3.864356
v -2.294778 2.096971 -3.864356
v -2.294777 1.459473 -3.847602
v -2.311684 1.459473 -3.847602
v -2.600492 1.459472 -3.847602
v -2.617398 1.459472 -3.847602
v -2.617398 2.096971 -3.847602
v -2.600492 2.096971 -3.847602
v -2.311684 2.096971 -3.847602
v -2.294778 2.096971 -3.847602
v -4.219264 2.290879 3.538705
v 2.788277 2.271037 3.534870
v -4.219264 2.306542 3.445857
v 2.788277 2.286701 3.442023
v 2.788277 2.290879 3.538705
v -4.219264 2.271037 3.534870
v 2.788277 2.306542 3.445857
v -4.219264 2.286701 3.442023
v -4.219264 2.472873 2.344605
v 2.788277 2.450145 2.340771
v -4.219264 2.488537 2.251758
v 2.788277 2.465809 2.247923
v 2.788277 2.472873 2.344605
v -4.219264 2.450145 2.340771
v 2.788277 2.488537 2.251758
v -4.219264 2.465809 2.247923
v -2.925011 0.289674 0.533149
v -2.925011 1.347290 0.533149
v -3.362014 1.347290 0.493595
v -3.362014 0.289674 0.493595
v -2.925011 0.289674 0.493595
v -2.925011 1.347290 0.493595
v -3.417914 1.347290 0.533149
v -3.417914 0.289674 0.533149
v -3.362014 1.347290 0.832110
v -3.362014 0.289674 0.832110
v -3.417914 1.347290 0.832110
v -3.417914 0.289674 0.832110
v -3.398744 1.347290 0.493595
v -3.417914 1.347290 0.512765
v -3.417914 0.289674 0.512765
v -3.398744 0.289674 0.493595
v -3.330072 0.289674 0.533149
v -3.362014 0.289674 0.565091
v -3.362014 1.347290 0.565091
v -3.330072 1.347290 0.533149
v -2.925011 0.289674 1.131071
v -2.925011 1.347290 1.131071
v -3.362014 1.347290 1.170625
v -3.362014 0.289674 1.170625
v -2.925011 0.289674 1.170625
v -2.925011 1.347290 1.170625
v -3.417914 1.347290 1.131071
v -3.417914 0.289674 1.131071
v -3.398744 1.347290 1.170625
v -3.417914 1.347290 1.151455
v -3.417914 0.289674 1.151455
v -3.398744 0.289674 1.170625
v -3.330072 0.289674 1.131071
v -3.362014 0.289674 1.099128
v -3.362014 1.347290 1.099128
v -3.330072 1.347290 1.131071
v -3.362014 1.235855 1.131071
v -3.362014 1.235855 0.533149
v -2.936807 1.235855 1.131071
v -2.936807 1.235855 0.533149
v -3.362014 0.631854 1.131071
v -3.362014 0.631854 0.533149
v -3.362014 0.696305 1.131071
v -3.362014 0.696305 0.533149
v -2.936807 0.696305 0.533149
v -2.936807 0.696305 1.131071
v -2.936807 1.269727 0.533149
v -2.936807 1.269727 1.131071
v -2.950959 0.631854 1.131071
v -2.936807 0.646007 1.131071
v -2.936807 0.646007 0.533149
v -2.950959 0.631854 0.533149
v -2.945517 1.269727 1.131071
v -2.945517 1.269727 0.533149
v -3.362014 1.269727 0.533149
v -3.362014 1.269727 1.131071
v -3.362014 1.279188 1.131071
v -3.357121 1.284081 1.126178
v -3.357121 1.284081 0.538042
v -3.362014 1.279188 0.533149
v -2.945517 1.279188 1.131071
v -2.950410 1.284081 1.126178
v -2.950410 1.284081 0.538042
v -2.945517 1.279188 0.533149
v -2.946062 1.235855 0.533149
v -2.946062 0.696305 0.533149
v -2.946062 0.696305 1.131071
v -2.946062 1.235855 1.131071
v -3.350174 1.216311 1.111528
v -3.350174 0.715848 1.111528
v -3.350174 0.715848 0.552692
v -3.350174 1.216311 0.552692
v -2.946062 1.216311 0.552692
v -2.946062 0.715848 0.552692
v -2.946062 0.715848 1.111528
v -2.946062 1.216311 1.111528
v -3.638268 4.200641 0.925146
v -3.683608 4.200641 0.912997
v -3.716799 4.200641 0.879806
v -3.728948 4.200641 0.834466
v -3.716799 4.200641 0.789126
v -3.683608 4.200641 0.755935
v -3.638268 4.200641 0.743786
v -3.592928 4.200641 0.755935
v -3.559737 4.200641 0.789126
v -3.547589 4.200641 0.834466
v -3.559737 4.200641 0.879806
v -3.592928 4.200641 0.912997
v -3.687764 4.200641 0.920195
v -3.638268 4.200641 0.933457
v -3.723997 4.200641 0.883962
v -3.737260 4.200641 0.834466
v -3.723997 4.200641 0.784970
v -3.687764 4.200641 0.748737
v -3.638268 4.200641 0.735475
v -3.588773 4.200641 0.748737
v -3.552539 4.200641 0.784970
v -3.539277 4.200641 0.834466
v -3.552539 4.200641 0.883962
v -3.588773 4.200641 0.920195
v -3.683608 3.310133 0.912997
v -3.638268 3.310133 0.925146
v -3.716799 3.310133 0.879806
v -3.728948 3.310133 0.834466
v -3.716799 3.310133 0.789126
v -3.683608 3.310133 0.755935
v -3.638268 3.310133 0.743786
v -3.592928 3.310133 0.755935
v -3.559737 3.310133 0.789126
v -3.547589 3.310133 0.834466
v -3.559737 3.310133 0.879806
v -3.592928 3.310133 0.912997
v -3.638268 4.114021 0.933457
v -3.687764 4.114021 0.920195
v -3.723997 4.114021 0.883962
v -3.737260 4.114021 0.834466
v -3.723997 4.114021 0.784970
v -3.687764 4.114021 0.748737
v -3.638268 4.114021 0.735475
v -3.588773 4.114021 0.748737
v -3.552540 4.114021 0.784970
v -3.539277 4.114021 0.834466
v -3.552540 4.114021 0.883962
v -3.588773 4.114021 0.920195
v -3.638268 4.114021 0.946863
v -3.694467 4.114021 0.931804
v -3.735607 4.114021 0.890664
v -3.750665 4.114021 0.834466
v -3.735607 4.114021 0.778268
v -3.694467 4.114021 0.737128
v -3.638268 4.114021 0.722069
v -3.582070 4.114021 0.737128
v -3.540930 4.114021 0.778268
v -3.525872 4.114021 0.834466
v -3.540930 4.114021 0.890664
v -3.582070 4.114021 0.931804
v -3.687764 4.239441 0.920195
v -3.638268 4.239441 0.933457
v -3.694467 4.239441 0.931804
v -3.723997 4.239441 0.883962
v -3.737260 4.239441 0.834466
v -3.723997 4.239441 0.784970
v -3.687764 4.239441 0.748737
v -3.638268 4.239441 0.735475
v -3.588773 4.239441 0.748737
v -3.552539 4.239441 0.784970
v -3.539277 4.239441 0.834466
v -3.552539 4.239441 0.883962
v -3.588773 4.239441 0.920195
v -3.735607 4.239441 0.890664
v -3.540930 4.239441 0.778268
v -3.525872 4.239441 0.834466
v -3.750665 4.239441 0.834466
v -3.735607 4.239441 0.778268
v -3.638268 4.239441 0.946863
v -3.694467 4.239441 0.737128
v -3.638268 4.239441 0.722069
v -3.582070 4.239441 0.737128
v -3.540930 4.239441 0.890664
v -3.582070 4.239441 0.931804
v -3.588773 2.805760 0.920195
v -3.539277 2.805760 0.834466
v -3.723998 2.805760 0.883962
v -3.687764 2.805760 0.920195
v -3.737260 2.805760 0.834466
v -3.723998 2.805760 0.784970
v -3.687764 2.805760 0.748737
v -3.638268 2.805760 0.735475
v -3.588773 2.805760 0.748737
v -3.552540 2.805760 0.784970
v -3.552540 2.805760 0.883962
v -3.638268 2.805760 0.933457
v -3.598636 1.271517 0.766164
v -3.571169 1.160613 0.766908
v -3.601917 1.135636 0.755480
v -3.499901 1.085105 0.755519
v -3.637852 1.272736 0.755524
v -3.632988 1.110283 0.765639
v -3.509303 1.046693 0.765770
v -3.677369 1.274065 0.765823
v -3.655804 1.091657 0.794633
v -3.516203 1.018256 0.794649
v -3.706613 1.274996 0.794676
v -3.664156 1.084840 0.834466
v -3.518746 1.007785 0.834466
v -3.717391 1.275318 0.834466
v -3.655804 1.091657 0.874299
v -3.516203 1.018257 0.874283
v -3.706613 1.274996 0.874256
v -3.632988 1.110283 0.903293
v -3.509303 1.046693 0.903162
v -3.677369 1.274065 0.903109
v -3.405940 1.038353 0.902978
v -3.405940 1.038353 0.765954
v -3.406729 1.077843 0.755527
v -3.407807 1.146005 0.795018
v -3.482722 1.150657 0.795026
v -3.407807 1.146005 0.873914
v -3.482722 1.150657 0.873906
v -3.407411 1.117193 0.902769
v -3.490267 1.123036 0.902662
v -3.637852 1.272736 0.913408
v -3.601917 1.135636 0.913452
v -3.598636 1.271517 0.902768
v -3.598800 2.805760 0.902828
v -3.569860 1.270891 0.873999
v -3.559247 1.270761 0.834466
v -3.559331 2.805760 0.834466
v -3.569860 1.270891 0.794933
v -3.706630 2.805760 0.873935
v -3.406729 1.077843 0.913405
v -3.499901 1.085105 0.913413
v -3.569906 2.805760 0.873935
v -3.569906 2.805760 0.794997
v -3.717206 2.805760 0.834466
v -3.677737 2.805760 0.902828
v -3.638268 2.805760 0.913404
v -3.706630 2.805760 0.794997
v -3.677737 2.805760 0.766104
v -3.638268 2.805760 0.755528
v -3.598800 2.805760 0.766104
v -3.405320 1.009279 0.874111
v -3.405087 0.998592 0.834466
v -3.405320 1.009279 0.794821
v -3.407411 1.117193 0.766163
v -3.407923 1.156571 0.834466
v -3.479767 1.160815 0.834466
v -3.490267 1.123036 0.766270
v -3.549220 1.178182 0.796214
v -3.541485 1.184230 0.834466
v -3.549220 1.178182 0.872718
v -3.571169 1.160613 0.902024
v -3.592088 4.340413 0.914890
v -3.638049 4.340413 0.927206
v -3.557844 4.340413 0.788286
v -3.545529 4.340413 0.834247
v -3.684448 4.340413 0.754042
v -3.638487 4.340413 0.741726
v -3.718693 4.340413 0.880646
v -3.731008 4.340413 0.834685
v -3.636559 4.200641 0.932770
v -3.724257 4.200641 0.882137
v -3.736572 4.200641 0.836176
v -3.685940 4.200641 0.748477
v -3.639978 4.200641 0.736162
v -3.552280 4.200641 0.786795
v -3.539965 4.200641 0.832756
v -3.590597 4.200641 0.920455
v -3.736572 4.340413 0.836176
v -3.724257 4.340413 0.882137
v -3.639978 4.340413 0.736162
v -3.685940 4.340413 0.748477
v -3.539965 4.340413 0.832756
v -3.552280 4.340413 0.786795
v -3.636559 4.340413 0.932770
v -3.590597 4.340413 0.920455
v -3.592088 4.200641 0.914890
v -3.638049 4.200641 0.927206
v -3.557844 4.200641 0.788286
v -3.545529 4.200641 0.834247
v -3.684448 4.200641 0.754042
v -3.638487 4.200641 0.741726
v -3.718693 4.200641 0.880646
v -3.731008 4.200641 0.834685
v -3.638268 4.317213 0.711185
v -3.699909 4.317213 0.727702
v -3.745033 4.317213 0.772826
v -3.761549 4.317213 0.834466
v -3.745033 4.317213 0.896107
v -3.699909 4.317213 0.941231
v -3.638268 4.317213 0.957747
v -3.576628 4.317213 0.941231
v -3.531504 4.317213 0.896107
v -3.514987 4.317213 0.834466
v -3.531504 4.317213 0.772826
v -3.576628 4.317213 0.727702
v -3.638268 4.427073 0.826202
v -3.642401 4.427073 0.827309
v -3.645426 4.427073 0.830334
v -3.646533 4.427073 0.834467
v -3.645426 4.427073 0.838599
v -3.642401 4.427073 0.841624
v -3.638268 4.427073 0.842732
v -3.634136 4.427073 0.841624
v -3.631111 4.427073 0.838599
v -3.630003 4.427073 0.834467
v -3.631111 4.427073 0.830334
v -3.634136 4.427073 0.827309
v -3.638268 4.320889 0.707673
v -3.701665 4.320889 0.724660
v -3.748075 4.320889 0.771070
v -3.765062 4.320889 0.834466
v -3.748075 4.320889 0.897863
v -3.701665 4.320889 0.944273
v -3.638268 4.320889 0.961260
v -3.574872 4.320889 0.944273
v -3.528462 4.320889 0.897863
v -3.511475 4.320889 0.834466
v -3.528462 4.320889 0.771070
v -3.574872 4.320889 0.724660
v -3.638268 4.431958 0.823922
v -3.643541 4.431958 0.825334
v -3.647401 4.431958 0.829194
v -3.648813 4.431958 0.834467
v -3.647401 4.431958 0.839739
v -3.643541 4.431958 0.843599
v -3.638268 4.431958 0.845012
v -3.632996 4.431958 0.843599
v -3.629136 4.431958 0.839739
v -3.627723 4.431958 0.834467
v -3.629136 4.431958 0.829194
v -3.632996 4.431958 0.825334
v -3.362014 0.289674 1.131071
v -3.362014 0.289674 0.533149
v -2.950959 0.289674 1.131071
v -2.950959 0.289674 0.533149
v -3.362014 0.322803 0.533149
v -3.362014 0.322803 1.131071
v -2.950959 0.322803 1.131071
v -2.950959 0.322803 0.533149
v -4.354658 0.191625 3.506834
v -4.595117 0.191625 3.506834
v -4.354658 0.191625 2.260514
v -4.595117 0.191625 2.260514
v -4.354658 0.121607 2.260514
v -4.354658 0.121607 3.506834
v -4.595117 0.121607 3.506834
v -4.595117 0.121607 2.260514
v -4.496272 0.094396 3.506834
v -4.821997 0.094396 3.506834
v -4.496272 0.094396 2.260514
v -4.821997 0.094396 2.260514
v -4.496272 0.024379 2.260514
v -4.496272 0.024379 3.506834
v -4.821997 0.024379 3.506834
v -4.821997 0.024379 2.260514
v -4.354657 -0.000001 2.260514
v -4.831185 -0.000001 2.260514
v -4.354657 0.248037 2.260514
v -4.831185 0.156973 2.260514
v -4.354657 0.248037 2.213822
v -4.354657 -0.000001 2.213822
v -4.831185 -0.000001 2.213822
v -4.831185 0.156973 2.213822
v -4.354657 -0.000001 3.506833
v -4.831185 -0.000001 3.506833
v -4.354657 0.248037 3.506833
v -4.831185 0.156973 3.506833
v -4.354657 0.248037 3.553525
v -4.354657 -0.000001 3.553525
v -4.831185 -0.000001 3.553525
v -4.831185 0.156973 3.553525
vn 1.0000 -0.0000 -0.0000
vn -0.0000 -1.0000 -0.0000
vn -0.0000 1.0000 -0.0000
vn -1.0000 -0.0000 -0.0000
vn 0.7071 -0.7071 -0.0000
vn 0.7519 0.6593 -0.0000
vn 0.7678 0.6407 -0.0000
vn 0.7636 0.6456 -0.0000
vn 0.7071 0.7071 -0.0000
vn 0.7915 0.6112 -0.0000
vn -0.7071 -0.7071 -0.0000
vn -0.7071 0.7071 -0.0000
vn -0.7524 0.6588 -0.0000
vn -0.7451 0.6669 -0.0000
vn 0.9363 0.3511 -0.0000
vn 0.7071 -0.7072 -0.0000
vn 0.7071 0.7072 -0.0000
vn -0.0000 -0.0000 -1.0000
vn -0.0000 -0.0000 1.0000
vn -0.0000 0.6575 -0.7535
vn -0.0000 -0.7071 -0.7071
vn -0.0000 0.6803 -0.7329
vn -0.0000 0.6495 -0.7603
vn -0.0000 0.6694 -0.7429
vn -0.0000 0.6641 -0.7476
vn -0.0000 -0.7071 0.7071
vn -0.0000 0.7071 0.7071
vn -0.0000 0.6585 0.7526
vn -0.0000 0.7071 -0.7071
vn -0.0000 0.6363 -0.7715
vn -0.0000 0.6574 -0.7536
vn -0.0000 0.5771 0.8167
vn -0.0000 0.5980 0.8015
vn -0.0000 0.6439 0.7651
vn -0.0000 0.5937 0.8047
vn -0.0000 0.8650 0.5017
vn -0.0000 -0.8650 -0.5017
vn -0.0000 -0.5071 0.8619
vn -0.7071 0.6117 0.3548
vn 0.7071 0.6117 0.3548
vn 0.7071 -0.6117 -0.3548
vn -0.7071 -0.6117 -0.3548
vn -0.0000 0.8650 -0.5017
vn -0.0000 -0.8650 0.5017
vn -0.0000 -0.5071 -0.8619
vn -0.7071 0.6117 -0.3548
vn 0.7071 0.6117 -0.3548
vn 0.7071 -0.6117 0.3548
vn -0.7071 -0.6117 0.3548
vn -0.0000 -0.8653 -0.5012
vn -0.0000 -0.9888 -0.1493
vn -0.0000 0.9888 0.1494
vn -0.0000 -0.1504 0.9886
vn 0.0001 -0.1504 0.9886
vn 0.7071 0.6992 0.1056
vn -0.7071 0.6992 0.1056
vn -0.7071 -0.6992 -0.1056
vn 0.7071 -0.6992 -0.1056
vn -0.0000 -0.8575 -0.5145
vn -0.0000 0.9534 0.3017
vn -0.0000 0.8873 0.4611
vn -0.0000 0.8873 -0.4612
vn -0.0000 -0.9889 -0.1489
vn -0.0000 0.9889 0.1488
vn -0.0000 0.2297 0.9733
vn 0.0125 -0.9999 -0.0000
vn -0.0125 0.9999 -0.0000
vn 0.0125 0.9999 -0.0000
vn -0.0125 -0.9999 -0.0000
vn -0.0326 -0.9995 -0.0000
vn 0.0326 0.9995 -0.0000
vn 0.0326 -0.9995 -0.0000
vn -0.0326 0.9995 -0.0000
vn -0.0000 0.8297 0.5582
vn -0.0000 0.8297 -0.5583
vn 0.1877 0.9822 -0.0000
vn -0.0000 0.1897 -0.9818
vn -0.0000 -0.9861 -0.1664
vn -0.0000 0.9861 0.1663
vn -0.0000 -0.1897 0.9818
vn -0.0000 0.1664 -0.9861
vn -0.0000 -0.9861 -0.1663
vn -0.0000 0.9861 0.1664
vn -0.0000 -0.1664 0.9861
vn -0.7071 -0.0000 -0.7071
vn 0.7071 -0.0000 0.7071
vn -0.7071 -0.0000 0.7071
vn 0.7071 -0.0000 -0.7071
vn -0.9659 -0.0000 0.2588
vn 0.9659 -0.0000 0.2588
vn -0.2588 -0.0000 -0.9659
vn -0.2588 -0.0000 0.9659
vn 0.9659 -0.0000 -0.2588
vn -0.0000 1.0000 -0.0001
vn -0.9659 -0.0000 -0.2588
vn 0.2588 -0.0000 -0.9659
vn 0.2588 -0.0000 0.9659
vn 0.2631 0.0587 -0.9630
vn 0.1066 0.2460 -0.9634
vn -0.2537 -0.0662 -0.9650
vn -0.1136 -0.2301 -0.9665
vn -0.6929 -0.1870 -0.6963
vn -0.3251 -0.6338 -0.7018
vn -0.9329 -0.2585 -0.2506
vn -0.4501 -0.8561 -0.2539
vn -0.9348 -0.2613 0.2407
vn -0.4543 -0.8573 0.2420
vn -0.7058 -0.1954 0.6809
vn -0.3399 -0.6466 0.6829
vn -0.0187 -0.2535 0.9671
vn -0.0560 -0.7047 0.7073
vn -0.0779 -0.9629 0.2582
vn -0.0775 -0.9627 -0.2591
vn -0.0555 -0.7041 -0.7079
vn -0.0198 -0.2556 -0.9666
vn 0.0172 0.2612 -0.9651
vn 0.0438 0.7072 -0.7056
vn 0.0570 0.9644 -0.2582
vn 0.0599 0.9656 0.2532
vn 0.0494 0.7138 0.6986
vn 0.0210 0.2677 0.9633
vn 0.2611 0.6611 -0.7035
vn 0.7010 0.1464 -0.6980
vn 0.3427 0.9032 -0.2583
vn 0.9475 0.1945 -0.2537
vn 0.3700 0.9032 0.2176
vn 0.9516 0.2087 0.2254
vn 0.3157 0.6907 0.6505
vn 0.7338 0.1773 0.6559
vn 0.1344 0.2707 0.9532
vn 0.2919 0.0768 0.9533
vn -0.1212 -0.2377 0.9638
vn -0.2587 -0.0690 0.9635
vn -0.2522 -0.0001 0.9677
vn -0.7023 -0.0000 0.7119
vn -0.9652 -0.0000 0.2614
vn -0.9652 -0.0000 -0.2614
vn -0.7023 -0.0000 -0.7119
vn -0.2522 -0.0001 -0.9677
vn 0.2619 -0.0000 -0.9651
vn 0.7070 0.0001 -0.7072
vn 0.9658 0.0001 -0.2593
vn 0.9658 0.0001 0.2593
vn 0.7070 0.0001 0.7072
vn 0.2618 -0.0000 0.9651
vn -0.4972 -0.7110 -0.4972
vn 0.4972 -0.7111 -0.4972
vn -0.1820 -0.7111 0.6792
vn 0.4972 -0.7111 0.4972
vn -0.6792 -0.7111 -0.1820
vn 0.1820 -0.7110 -0.6792
vn 0.6792 -0.7111 0.1820
vn -0.6792 -0.7111 0.1820
vn -0.1820 -0.7111 -0.6792
vn 0.6792 -0.7110 -0.1820
vn -0.4972 -0.7111 0.4972
vn 0.1820 -0.7110 0.6792
vn 0.4973 0.7110 0.4973
vn -0.4973 0.7110 0.4973
vn 0.1820 0.7110 -0.6793
vn -0.4973 0.7110 -0.4973
vn 0.6793 0.7110 0.1820
vn -0.1820 0.7110 0.6793
vn -0.6793 0.7110 -0.1820
vn 0.6793 0.7110 -0.1820
vn 0.1820 0.7110 0.6793
vn -0.6793 0.7110 0.1820
vn 0.4973 0.7110 -0.4973
vn -0.1820 0.7110 -0.6793
vn -0.1902 -0.6782 -0.7099
vn -0.5197 -0.6780 -0.5198
vn -0.7100 -0.6780 -0.1903
vn -0.7099 -0.6782 0.1902
vn -0.5197 -0.6782 0.5196
vn -0.1902 -0.6781 0.7100
vn 0.1902 -0.6782 0.7099
vn 0.5197 -0.6782 0.5196
vn 0.7099 -0.6782 0.1902
vn 0.7099 -0.6782 -0.1902
vn 0.5197 -0.6781 -0.5198
vn 0.1902 -0.6781 -0.7099
vn -0.1877 0.9822 -0.0000
vn 0.7636 0.6457 -0.0000
vn -0.7072 -0.7070 -0.0000
vn -0.0001 -0.1504 0.9886
vn 0.7071 0.6991 0.1056
vn -0.0000 -0.9889 -0.1488
vn -0.0000 0.8297 -0.5582
vn -0.0000 1.0000 0.0001
vn 0.2919 0.0768 -0.9533
vn 0.1344 0.2707 -0.9532
vn -0.2587 -0.0690 -0.9635
vn -0.1212 -0.2377 -0.9638
vn -0.7058 -0.1954 -0.6809
vn -0.3399 -0.6466 -0.6829
vn -0.9348 -0.2613 -0.2407
vn -0.4543 -0.8573 -0.2420
vn -0.9329 -0.2585 0.2506
vn -0.4501 -0.8561 0.2539
vn -0.6929 -0.1870 0.6963
vn -0.3251 -0.6338 0.7018
vn -0.0198 -0.2556 0.9666
vn -0.0555 -0.7041 0.7079
vn -0.0775 -0.9627 0.2591
vn -0.0779 -0.9629 -0.2582
vn -0.0560 -0.7047 -0.7073
vn -0.0187 -0.2535 -0.9671
vn 0.0209 0.2677 -0.9633
vn 0.0494 0.7138 -0.6986
vn 0.0599 0.9656 -0.2532
vn 0.0570 0.9644 0.2582
vn 0.0438 0.7072 0.7056
vn 0.0172 0.2612 0.9651
vn 0.3157 0.6907 -0.6505
vn 0.7338 0.1773 -0.6559
vn 0.3700 0.9032 -0.2176
vn 0.9516 0.2087 -0.2254
vn 0.3427 0.9032 0.2583
vn 0.9475 0.1945 0.2537
vn 0.2611 0.6611 0.7035
vn 0.7010 0.1464 0.6980
vn 0.1066 0.2460 0.9634
vn 0.2631 0.0587 0.9630
vn -0.1136 -0.2301 0.9665
vn -0.2537 -0.0662 0.9650
vn -0.2588 0.0001 0.9659
vn -0.7071 0.0001 0.7071
vn -0.9659 0.0001 0.2588
vn -0.9659 0.0001 -0.2588
vn -0.7071 0.0001 -0.7071
vn -0.2588 0.0001 -0.9659
vn 0.2588 0.0001 -0.9659
vn 0.2588 0.0001 0.9659
vn -0.4972 -0.7111 -0.4972
vn -0.1820 -0.7110 0.6792
vn -0.6792 -0.7110 -0.1821
vn 0.1820 -0.7111 -0.6792
vn -0.6792 -0.7110 0.1821
vn -0.1820 -0.7110 -0.6792
vn 0.6792 -0.7111 -0.1820
vn 0.1820 -0.7111 0.6792
vn -0.4972 0.7110 -0.4973
vn -0.1820 0.7110 0.6792
vn 0.1820 0.7110 0.6792
vn -0.1820 0.7110 -0.6792
vn -0.0000 1.0000 -0.0003
vn -0.0000 1.0000 0.0003
vn -0.1902 -0.6781 -0.7100
vn -0.5197 -0.6782 -0.5196
vn -0.7099 -0.6782 -0.1902
vn -0.7100 -0.6781 0.1903
vn -0.5197 -0.6780 0.5198
vn -0.1902 -0.6782 0.7099
vn 0.1902 -0.6781 0.7099
vn 0.5197 -0.6781 0.5198
vn 0.7099 -0.6781 0.1902
vn 0.7099 -0.6781 -0.1902
vn 0.5197 -0.6782 -0.5196
vn 0.1902 -0.6782 -0.7099
vt 0.079738 0.830278
vt 0.080117 0.830278
vt 0.080630 0.829511
vt 0.078877 0.829511
vt 0.078877 0.865907
vt 0.079738 0.865907
vt 0.083858 0.874207
vt 0.084371 0.871635
vt 0.084371 0.874207
vt 0.084371 0.869035
vt 0.083858 0.871580
vt 0.084371 0.871580
vt 0.080117 0.858081
vt 0.080630 0.858081
vt 0.083858 0.861181
vt 0.084371 0.861181
vt 0.084371 0.863781
vt 0.083858 0.861235
vt 0.083858 0.863781
vt 0.083858 0.853382
vt 0.084371 0.853382
vt 0.080630 0.847736
vt 0.080117 0.850282
vt 0.080630 0.850282
vt 0.084371 0.853436
vt 0.083858 0.855982
vt 0.084371 0.855982
vt 0.083858 0.850836
vt 0.084371 0.850836
vt 0.084371 0.848237
vt 0.083858 0.850782
vt 0.084371 0.850782
vt 0.080630 0.837337
vt 0.080117 0.839883
vt 0.080630 0.839883
vt 0.084371 0.843037
vt 0.083858 0.845583
vt 0.084371 0.845583
vt 0.082618 0.853436
vt 0.083479 0.853436
vt 0.080117 0.855535
vt 0.080630 0.855535
vt 0.083858 0.868981
vt 0.084371 0.866435
vt 0.084371 0.868981
vt 0.080117 0.847736
vt 0.084371 0.861235
vt 0.084371 0.858636
vt 0.083858 0.853436
vt 0.078877 0.832083
vt 0.079738 0.832083
vt 0.083858 0.842983
vt 0.084371 0.840437
vt 0.084371 0.842983
vt 0.083479 0.850782
vt 0.082618 0.848399
vt 0.083479 0.848399
vt 0.083479 0.871418
vt 0.082618 0.869035
vt 0.083479 0.869035
vt 0.078877 0.863335
vt 0.079738 0.863335
vt 0.082618 0.868981
vt 0.083479 0.868981
vt 0.083479 0.869197
vt 0.082618 0.871580
vt 0.083479 0.871580
vt 0.082618 0.866381
vt 0.083479 0.866381
vt 0.083479 0.866597
vt 0.083479 0.863618
vt 0.082618 0.861235
vt 0.083479 0.861235
vt 0.082618 0.863835
vt 0.083479 0.863835
vt 0.079738 0.850336
vt 0.078877 0.852719
vt 0.079738 0.852719
vt 0.082618 0.858581
vt 0.083479 0.858581
vt 0.078877 0.850336
vt 0.082618 0.863781
vt 0.083479 0.863781
vt 0.082618 0.856036
vt 0.083479 0.856036
vt 0.078877 0.845082
vt 0.079738 0.845082
vt 0.083479 0.855819
vt 0.082618 0.853599
vt 0.083479 0.853599
vt 0.078877 0.852881
vt 0.079738 0.852881
vt 0.078877 0.842537
vt 0.079738 0.842537
vt 0.078877 0.839883
vt 0.079738 0.839883
vt 0.083479 0.848399
vt 0.082618 0.850620
vt 0.083479 0.850620
vt 0.082618 0.845583
vt 0.083479 0.845583
vt 0.078877 0.837337
vt 0.079738 0.837337
vt 0.082618 0.842983
vt 0.083479 0.842983
vt 0.082618 0.843037
vt 0.083479 0.843037
vt 0.082618 0.840437
vt 0.083479 0.840437
vt 0.082618 0.840383
vt 0.084371 0.837811
vt 0.084371 0.840383
vt 0.082618 0.837811
vt 0.082618 0.874207
vt 0.080630 0.858135
vt 0.078877 0.858135
vt 0.084371 0.845637
vt 0.082618 0.845637
vt 0.084371 0.863835
vt 0.084371 0.866381
vt 0.078877 0.855481
vt 0.080630 0.852936
vt 0.080630 0.855481
vt 0.082618 0.861181
vt 0.082618 0.855982
vt 0.082618 0.848237
vt 0.082618 0.853382
vt 0.080630 0.832138
vt 0.078877 0.832138
vt 0.082618 0.848182
vt 0.084371 0.848182
vt 0.078877 0.837283
vt 0.080630 0.834737
vt 0.080630 0.837283
vt 0.084371 0.863835
vt 0.082618 0.863835
vt 0.078877 0.860681
vt 0.080630 0.860681
vt 0.082618 0.858636
vt 0.084371 0.856036
vt 0.082618 0.858516
vt 0.084371 0.858516
vt 0.084371 0.858581
vt 0.082618 0.850782
vt 0.078877 0.834683
vt 0.080630 0.834683
vt 0.082618 0.871397
vt 0.084371 0.871397
vt 0.082618 0.871635
vt 0.084371 0.869100
vt 0.080630 0.858318
vt 0.084371 0.863901
vt 0.078877 0.852936
vt 0.082618 0.858399
vt 0.084371 0.858399
vt 0.084371 0.858701
vt 0.082618 0.855799
vt 0.084371 0.855799
vt 0.082618 0.850836
vt 0.084371 0.848419
vt 0.078877 0.837217
vt 0.080630 0.837217
vt 0.084371 0.845702
vt 0.078877 0.834737
vt 0.080630 0.832320
vt 0.083858 0.866435
vt 0.083858 0.868819
vt 0.084371 0.868819
vt 0.083479 0.855982
vt 0.082618 0.866435
vt 0.083479 0.866435
vt 0.083858 0.858636
vt 0.080117 0.832083
vt 0.080630 0.832083
vt 0.080630 0.847899
vt 0.083858 0.842821
vt 0.084371 0.842821
vt 0.084371 0.850998
vt 0.083858 0.853220
vt 0.084371 0.853220
vt 0.083858 0.845420
vt 0.084371 0.845420
vt 0.083858 0.861019
vt 0.084371 0.861019
vt 0.083858 0.848237
vt 0.084371 0.871796
vt 0.083858 0.843037
vt 0.083858 0.840437
vt 0.080117 0.839720
vt 0.080630 0.839720
vt 0.084371 0.869197
vt 0.080117 0.857919
vt 0.080630 0.857919
vt 0.083479 0.848237
vt 0.080630 0.855698
vt 0.080117 0.837337
vt 0.083858 0.871635
vt 0.083858 0.871796
vt 0.083858 0.850998
vt 0.082618 0.866597
vt 0.082618 0.848399
vt 0.082618 0.869197
vt 0.082618 0.871418
vt 0.083858 0.869197
vt 0.082618 0.863618
vt 0.080117 0.855698
vt 0.082618 0.855819
vt 0.080117 0.847899
vt 0.079738 0.831921
vt 0.078877 0.831921
vt 0.083858 0.869035
vt 0.078877 0.858318
vt 0.082618 0.848419
vt 0.078877 0.832320
vt 0.082618 0.874142
vt 0.084371 0.874142
vt 0.083479 0.874391
vt 0.082646 0.874391
vt 0.083406 0.900360
vt 0.083570 0.900360
vt 0.083191 0.892950
vt 0.083785 0.892950
vt 0.082973 0.885467
vt 0.084003 0.885467
vt 0.079230 0.877095
vt 0.080264 0.877095
vt 0.083297 0.896619
vt 0.083678 0.896619
vt 0.083676 0.896691
vt 0.084222 0.877912
vt 0.083479 0.876226
vt 0.083858 0.876226
vt 0.080153 0.880909
vt 0.079444 0.884463
vt 0.080050 0.884463
vt 0.084330 0.874391
vt 0.082754 0.877912
vt 0.079556 0.888319
vt 0.079938 0.888319
vt 0.083894 0.889209
vt 0.083189 0.892877
vt 0.083787 0.892877
vt 0.083080 0.889136
vt 0.083896 0.889136
vt 0.079015 0.869685
vt 0.080479 0.869685
vt 0.079122 0.873354
vt 0.080373 0.873354
vt 0.079450 0.884650
vt 0.080044 0.884650
vt 0.084215 0.878172
vt 0.082862 0.881653
vt 0.082761 0.878172
vt 0.080371 0.873426
vt 0.079226 0.876955
vt 0.080268 0.876955
vt 0.083408 0.900433
vt 0.083488 0.903177
vt 0.083568 0.900433
vt 0.083299 0.896691
vt 0.079124 0.873426
vt 0.082864 0.881726
vt 0.084111 0.881726
vt 0.083998 0.885613
vt 0.082977 0.885613
vt 0.079454 0.884790
vt 0.083858 0.874391
vt 0.084118 0.881513
vt 0.082756 0.877985
vt 0.082858 0.881513
vt 0.079129 0.873614
vt 0.080365 0.873614
vt 0.080051 0.884432
vt 0.079341 0.880909
vt 0.079455 0.884838
vt 0.080039 0.884838
vt 0.082971 0.885395
vt 0.084005 0.885395
vt 0.083082 0.889209
vt 0.079448 0.884578
vt 0.080046 0.884578
vt 0.082968 0.885280
vt 0.084008 0.885280
vt 0.084108 0.881840
vt 0.082868 0.881840
vt 0.084220 0.877985
vt 0.080040 0.884790
vt 0.084113 0.881653
vt 0.079444 0.884432
vt 0.082869 0.881872
vt 0.084107 0.881872
vt 0.084218 0.839046
vt 0.083101 0.843807
vt 0.084218 0.843807
vt 0.084215 0.839046
vt 0.083101 0.839046
vt 0.333863 0.863658
vt 0.334412 0.863658
vt 0.334412 0.823745
vt 0.083451 0.900818
vt 0.083264 0.900818
vt 0.083101 0.901552
vt 0.083451 0.882404
vt 0.084218 0.882404
vt 0.080360 0.877938
vt 0.079593 0.882650
vt 0.080360 0.882650
vt 0.079593 0.873026
vt 0.080360 0.873026
vt 0.083101 0.848462
vt 0.084218 0.844065
vt 0.084218 0.848462
vt 0.084218 0.872780
vt 0.083101 0.872780
vt 0.083451 0.876024
vt 0.084218 0.867968
vt 0.083101 0.872680
vt 0.084218 0.872680
vt 0.079243 0.849066
vt 0.080360 0.849066
vt 0.083101 0.843908
vt 0.084218 0.843908
vt 0.084218 0.853532
vt 0.083101 0.858244
vt 0.084218 0.858244
vt 0.080360 0.839442
vt 0.079243 0.844153
vt 0.080360 0.844153
vt 0.083264 0.891770
vt 0.083101 0.887216
vt 0.083264 0.887216
vt 0.084218 0.901552
vt 0.083451 0.896740
vt 0.084218 0.892028
vt 0.084218 0.896740
vt 0.083451 0.887116
vt 0.084218 0.887116
vt 0.080360 0.868314
vt 0.083264 0.876024
vt 0.083101 0.863156
vt 0.084218 0.863156
vt 0.079243 0.853777
vt 0.080360 0.853777
vt 0.083101 0.848620
vt 0.084218 0.848620
vt 0.333863 0.823745
vt 0.083101 0.896740
vt 0.083264 0.896740
vt 0.083101 0.896840
vt 0.083264 0.896840
vt 0.083101 0.892028
vt 0.083264 0.892028
vt 0.079243 0.877838
vt 0.079407 0.877838
vt 0.083264 0.887600
vt 0.083101 0.891544
vt 0.083264 0.891544
vt 0.083101 0.882304
vt 0.083264 0.882304
vt 0.079243 0.873126
vt 0.079407 0.873126
vt 0.083101 0.877492
vt 0.083264 0.877492
vt 0.083101 0.877592
vt 0.083264 0.877592
vt 0.083101 0.867710
vt 0.084218 0.863314
vt 0.084218 0.867710
vt 0.083101 0.867968
vt 0.084218 0.863540
vt 0.083101 0.867868
vt 0.084218 0.867868
vt 0.080360 0.849449
vt 0.083101 0.853532
vt 0.084218 0.844292
vt 0.083101 0.848236
vt 0.084218 0.848236
vt 0.079243 0.839442
vt 0.079243 0.834529
vt 0.080360 0.829767
vt 0.080360 0.834529
vt 0.079243 0.829767
vt 0.080357 0.829767
vt 0.334412 0.863658
vt 0.333863 0.863658
vt 0.334412 0.823745
vt 0.079950 0.890742
vt 0.080136 0.890742
vt 0.080360 0.892274
vt 0.083993 0.887216
vt 0.084218 0.887216
vt 0.084218 0.853432
vt 0.083101 0.853432
vt 0.083993 0.887116
vt 0.080136 0.873026
vt 0.084218 0.872780
vt 0.083993 0.875454
vt 0.083807 0.875454
vt 0.084218 0.863056
vt 0.083101 0.863056
vt 0.079243 0.858589
vt 0.080360 0.853878
vt 0.080360 0.858589
vt 0.080360 0.844254
vt 0.079243 0.844254
vt 0.083807 0.887116
vt 0.083101 0.887116
vt 0.083807 0.887216
vt 0.080360 0.882750
vt 0.080136 0.887462
vt 0.080360 0.887462
vt 0.084218 0.891928
vt 0.083993 0.891928
vt 0.083993 0.882404
vt 0.084218 0.858344
vt 0.079243 0.848965
vt 0.080360 0.848965
vt 0.084218 0.848720
vt 0.083101 0.848720
vt 0.080360 0.891973
vt 0.079243 0.891973
vt 0.333863 0.823745
vt 0.083807 0.896740
vt 0.079950 0.887562
vt 0.079243 0.887562
vt 0.083101 0.891628
vt 0.083807 0.891628
vt 0.083101 0.892285
vt 0.083807 0.892285
vt 0.083807 0.882404
vt 0.083101 0.886816
vt 0.083807 0.886816
vt 0.083807 0.891928
vt 0.083101 0.887473
vt 0.083807 0.887473
vt 0.079950 0.873026
vt 0.079243 0.873026
vt 0.083101 0.882404
vt 0.083807 0.877492
vt 0.079950 0.868314
vt 0.079243 0.868314
vt 0.083101 0.872423
vt 0.084218 0.867968
vt 0.084218 0.872424
vt 0.083101 0.872780
vt 0.083101 0.867968
vt 0.083101 0.862799
vt 0.084218 0.862799
vt 0.079243 0.853878
vt 0.083101 0.858344
vt 0.084218 0.849020
vt 0.083101 0.853131
vt 0.084218 0.853131
vt 0.080360 0.844510
vt 0.084218 0.848976
vt 0.084218 0.882705
vt 0.083993 0.886816
vt 0.084218 0.886816
vt 0.080136 0.887205
vt 0.080360 0.887205
vt 0.080136 0.882750
vt 0.083101 0.891928
vt 0.083807 0.892028
vt 0.083993 0.877492
vt 0.084218 0.877492
vt 0.080136 0.887562
vt 0.080360 0.887562
vt 0.083101 0.872379
vt 0.084218 0.872379
vt 0.080136 0.868314
vt 0.083993 0.887473
vt 0.084218 0.887473
vt 0.079593 0.877938
vt 0.083264 0.891928
vt 0.083451 0.892028
vt 0.083451 0.896840
vt 0.084218 0.896840
vt 0.083451 0.877492
vt 0.083451 0.896356
vt 0.084218 0.896356
vt 0.079593 0.872642
vt 0.080360 0.872642
vt 0.079593 0.868314
vt 0.083451 0.886732
vt 0.084218 0.886732
vt 0.083101 0.863540
vt 0.079243 0.849449
vt 0.083101 0.844292
vt 0.083101 0.887600
vt 0.079243 0.844510
vt 0.083101 0.848976
vt 0.079243 0.892274
vt 0.084218 0.886958
vt 0.083451 0.886958
vt 0.083101 0.863314
vt 0.083101 0.844065
vt 0.083451 0.882562
vt 0.084218 0.882562
vt 0.083101 0.891770
vt 0.473370 0.904186
vt 0.473370 0.936129
vt 0.473370 0.936559
vt 0.477751 0.920599
vt 0.477751 0.952541
vt 0.477751 0.920169
vt 0.473253 0.903757
vt 0.473370 0.903757
vt 0.477867 0.920599
vt 0.477751 0.952971
vt 0.479051 0.920599
vt 0.479044 0.920169
vt 0.479160 0.920169
vt 0.468305 0.893909
vt 0.468421 0.893909
vt 0.468414 0.894339
vt 0.466006 0.944765
vt 0.465890 0.912392
vt 0.466006 0.912392
vt 0.478578 0.920169
vt 0.478686 0.920169
vt 0.478581 0.920599
vt 0.478572 0.952971
vt 0.478457 0.920599
vt 0.478572 0.920599
vt 0.472546 0.904186
vt 0.472431 0.936559
vt 0.472431 0.904186
vt 0.454916 0.885703
vt 0.455028 0.885703
vt 0.454923 0.886133
vt 0.472311 0.936559
vt 0.472196 0.904186
vt 0.472311 0.904186
vt 0.477987 0.920169
vt 0.478102 0.920169
vt 0.478095 0.920599
vt 0.477985 0.952971
vt 0.477869 0.920599
vt 0.477985 0.920599
vt 0.477867 0.920169
vt 0.479160 0.952541
vt 0.478927 0.920599
vt 0.478927 0.920169
vt 0.479039 0.920169
vt 0.468421 0.926282
vt 0.466006 0.911963
vt 0.465890 0.944335
vt 0.466006 0.944335
vt 0.454916 0.885959
vt 0.454916 0.918075
vt 0.478457 0.920169
vt 0.478572 0.952541
vt 0.478572 0.920169
vt 0.472431 0.903757
vt 0.472546 0.936129
vt 0.472546 0.903757
vt 0.478102 0.920425
vt 0.478102 0.952541
vt 0.478102 0.952797
vt 0.472196 0.903757
vt 0.472307 0.903757
vt 0.477869 0.920169
vt 0.477981 0.920169
vt 0.477867 0.952541
vt 0.468421 0.894165
vt 0.468421 0.926537
vt 0.479042 0.920599
vt 0.478927 0.952971
vt 0.478690 0.920599
vt 0.478690 0.952639
vt 0.478690 0.952971
vt 0.468305 0.894165
vt 0.468305 0.926282
vt 0.465890 0.911963
vt 0.478581 0.952971
vt 0.472311 0.936227
vt 0.477985 0.952639
vt 0.477987 0.920425
vt 0.477987 0.952541
vt 0.477869 0.952541
vt 0.477867 0.952971
vt 0.477981 0.952541
vt 0.472196 0.936129
vt 0.478095 0.952971
vt 0.477993 0.920599
vt 0.455032 0.918505
vt 0.455032 0.886133
vt 0.472307 0.936129
vt 0.472431 0.936129
vt 0.455028 0.918075
vt 0.478457 0.952541
vt 0.472546 0.936559
vt 0.455032 0.918173
vt 0.478686 0.952541
vt 0.478574 0.920425
vt 0.478574 0.952639
vt 0.478574 0.920267
vt 0.478927 0.952541
vt 0.468414 0.926711
vt 0.468312 0.894339
vt 0.479160 0.952971
vt 0.479160 0.920599
vt 0.479039 0.952541
vt 0.473253 0.904186
vt 0.473253 0.936129
vt 0.479042 0.920267
vt 0.478690 0.920267
vt 0.478578 0.952541
vt 0.455032 0.885801
vt 0.472311 0.903854
vt 0.477985 0.920267
vt 0.479042 0.952639
vt 0.479042 0.952971
vt 0.479044 0.952797
vt 0.479044 0.920425
vt 0.468305 0.926537
vt 0.478574 0.952797
vt 0.454916 0.918331
vt 0.477987 0.952797
vt 0.479044 0.952541
vt 0.468775 0.927141
vt 0.468775 0.959084
vt 0.468775 0.926711
vt 0.471842 0.968931
vt 0.471842 0.936988
vt 0.471842 0.936559
vt 0.468658 0.959514
vt 0.468775 0.959514
vt 0.471959 0.968931
vt 0.471959 0.936559
vt 0.479044 0.985773
vt 0.479044 0.985518
vt 0.479051 0.985344
vt 0.468658 0.959084
vt 0.478918 0.985344
vt 0.478809 0.985773
vt 0.478816 0.985344
vt 0.478692 0.985344
vt 0.478807 0.952971
vt 0.478807 0.985344
vt 0.472666 0.969105
vt 0.472673 0.968931
vt 0.472670 0.969361
vt 0.465655 0.977137
vt 0.465771 0.944765
vt 0.465771 0.977137
vt 0.472546 0.968931
vt 0.478222 0.985773
vt 0.478222 0.985518
vt 0.478229 0.985344
vt 0.478104 0.985344
vt 0.478220 0.952971
vt 0.478220 0.985344
vt 0.478095 0.985344
vt 0.477987 0.985773
vt 0.477993 0.985344
vt 0.454563 0.950878
vt 0.454679 0.918505
vt 0.454679 0.950878
vt 0.471842 0.969361
vt 0.479160 0.953401
vt 0.479160 0.985773
vt 0.460328 0.961155
vt 0.460217 0.961155
vt 0.460217 0.960725
vt 0.478925 0.953401
vt 0.478925 0.985773
vt 0.478807 0.953401
vt 0.478692 0.985773
vt 0.478807 0.985773
vt 0.478222 0.953401
vt 0.465771 0.945195
vt 0.465655 0.977567
vt 0.465771 0.977567
vt 0.472546 0.936988
vt 0.472431 0.969361
vt 0.472546 0.969361
vt 0.478102 0.985518
vt 0.478102 0.953401
vt 0.478102 0.985773
vt 0.478216 0.985773
vt 0.478104 0.985773
vt 0.454675 0.951307
vt 0.454563 0.951307
vt 0.471959 0.969361
vt 0.478925 0.985518
vt 0.460332 0.960725
vt 0.460217 0.928353
vt 0.460332 0.928353
vt 0.472781 0.968931
vt 0.472781 0.936891
vt 0.472781 0.969263
vt 0.478809 0.953401
vt 0.478809 0.985518
vt 0.472673 0.936559
vt 0.472781 0.936559
vt 0.472431 0.968931
vt 0.478220 0.953303
vt 0.478220 0.985676
vt 0.454679 0.918837
vt 0.454679 0.951210
vt 0.477987 0.953401
vt 0.477987 0.985518
vt 0.454563 0.918935
vt 0.471959 0.936988
vt 0.454675 0.918935
vt 0.478104 0.953401
vt 0.478337 0.985344
vt 0.478229 0.952971
vt 0.478337 0.952971
vt 0.478216 0.953401
vt 0.472431 0.936988
vt 0.478333 0.985773
vt 0.465655 0.945195
vt 0.478337 0.953303
vt 0.478337 0.985676
vt 0.478692 0.953401
vt 0.472778 0.936988
vt 0.472778 0.969361
vt 0.472666 0.936891
vt 0.472666 0.969263
vt 0.460217 0.928782
vt 0.478918 0.952971
vt 0.479160 0.985344
vt 0.460328 0.928782
vt 0.468658 0.927141
vt 0.460332 0.961057
vt 0.472670 0.936988
vt 0.478333 0.953401
vt 0.460332 0.928685
vt 0.479044 0.953145
vt 0.479051 0.952971
vt 0.478925 0.953145
vt 0.478809 0.953145
vt 0.478816 0.952971
vt 0.472666 0.936733
vt 0.478222 0.953145
vt 0.478102 0.953145
vt 0.477987 0.953145
vt 0.477993 0.952971
vt 0.479044 0.953401
vt 0.361749 0.876631
vt 0.359165 0.876633
vt 0.359165 0.826434
vt 0.361749 0.826432
vt 0.473304 0.966666
vt 0.473203 0.970004
vt 0.473304 0.970004
vt 0.477674 0.982422
vt 0.477674 0.920228
vt 0.477674 0.985760
vt 0.473304 0.904472
vt 0.477776 0.920440
vt 0.477674 0.920440
vt 0.473203 0.904472
vt 0.471970 0.904472
vt 0.471869 0.970004
vt 0.471869 0.904472
vt 0.477983 0.920228
vt 0.477983 0.983483
vt 0.477983 0.920372
vt 0.478084 0.920228
vt 0.477983 0.985760
vt 0.472278 0.904472
vt 0.472177 0.970004
vt 0.472177 0.904472
vt 0.478188 0.920228
vt 0.478289 0.985760
vt 0.478188 0.985760
vt 0.478391 0.920228
vt 0.478291 0.985760
vt 0.478291 0.920228
vt 0.472585 0.904684
vt 0.472487 0.904472
vt 0.472485 0.904684
vt 0.472688 0.904472
vt 0.472587 0.970004
vt 0.472587 0.904472
vt 0.478699 0.920228
vt 0.478699 0.983483
vt 0.478699 0.985760
vt 0.478701 0.920228
vt 0.478802 0.985760
vt 0.478701 0.985760
vt 0.472996 0.904472
vt 0.472895 0.970004
vt 0.472895 0.904472
vt 0.479007 0.920440
vt 0.479007 0.920274
vt 0.479004 0.920228
vt 0.479109 0.920228
vt 0.479009 0.985760
vt 0.479009 0.920228
vt 0.473203 0.904684
vt 0.478598 0.983483
vt 0.478598 0.985040
vt 0.478601 0.985760
vt 0.478192 0.982422
vt 0.478188 0.983483
vt 0.472996 0.966666
vt 0.472996 0.970004
vt 0.478701 0.982422
vt 0.472485 0.966666
vt 0.472485 0.969284
vt 0.472487 0.970004
vt 0.472688 0.970004
vt 0.472587 0.966666
vt 0.478391 0.982422
vt 0.478391 0.985760
vt 0.477987 0.982422
vt 0.472278 0.966666
vt 0.472278 0.970004
vt 0.477884 0.982422
vt 0.477880 0.983483
vt 0.477880 0.985760
vt 0.471970 0.966666
vt 0.471970 0.970004
vt 0.477776 0.982422
vt 0.477776 0.985760
vt 0.471869 0.966666
vt 0.471970 0.904684
vt 0.471869 0.904684
vt 0.477981 0.920440
vt 0.477981 0.920274
vt 0.477978 0.920228
vt 0.477987 0.920440
vt 0.478084 0.920440
vt 0.472177 0.966666
vt 0.472278 0.904684
vt 0.472177 0.904684
vt 0.478285 0.920440
vt 0.478289 0.920372
vt 0.478289 0.920228
vt 0.478291 0.982422
vt 0.478391 0.920440
vt 0.478291 0.920440
vt 0.472688 0.904684
vt 0.472587 0.904684
vt 0.478695 0.920440
vt 0.478699 0.920372
vt 0.478701 0.920440
vt 0.478802 0.982422
vt 0.478802 0.920440
vt 0.472895 0.966666
vt 0.472996 0.904684
vt 0.472895 0.904684
vt 0.478906 0.982422
vt 0.478906 0.920440
vt 0.479013 0.920440
vt 0.479109 0.920440
vt 0.473203 0.966666
vt 0.473304 0.904684
vt 0.477776 0.920228
vt 0.472485 0.904518
vt 0.478188 0.920372
vt 0.478289 0.983483
vt 0.478602 0.982422
vt 0.478602 0.920440
vt 0.478906 0.920274
vt 0.478802 0.920228
vt 0.479007 0.982422
vt 0.479007 0.985040
vt 0.479013 0.982422
vt 0.479009 0.983483
vt 0.479109 0.982422
vt 0.479109 0.985760
vt 0.478906 0.985040
vt 0.478909 0.985760
vt 0.478909 0.920228
vt 0.479004 0.985760
vt 0.479009 0.920372
vt 0.472688 0.966666
vt 0.478601 0.920228
vt 0.472585 0.904472
vt 0.472585 0.966666
vt 0.472585 0.970004
vt 0.478598 0.920274
vt 0.478598 0.920372
vt 0.478192 0.920440
vt 0.478084 0.982422
vt 0.478084 0.985760
vt 0.477880 0.920228
vt 0.477884 0.920440
vt 0.477981 0.985040
vt 0.477978 0.985760
vt 0.477981 0.982422
vt 0.477880 0.920372
vt 0.478285 0.982422
vt 0.478695 0.982422
vt 0.361521 0.876858
vt 0.359260 0.876859
vt 0.361521 0.828053
vt 0.359260 0.828055
vt 0.236614 0.811889
vt 0.236687 0.811889
vt 0.236687 0.851144
vt 0.236614 0.851930
vt 0.236614 0.851144
vt 0.236687 0.851930
vt 0.364249 0.837986
vt 0.367966 0.869287
vt 0.364228 0.831871
vt 0.368167 0.877169
vt 0.107718 0.913714
vt 0.107221 0.941486
vt 0.107700 0.941486
vt 0.107204 0.913354
vt 0.107718 0.913354
vt 0.107221 0.941127
vt 0.107700 0.941127
vt 0.333859 0.864588
vt 0.335001 0.823385
vt 0.334961 0.864588
vt 0.333819 0.822851
vt 0.335001 0.822851
vt 0.333859 0.864054
vt 0.334961 0.864054
vt 0.334961 0.864588
vt 0.333819 0.823385
vt 0.333859 0.864588
vt 0.335001 0.822851
vt 0.333818 0.822851
vt 0.334961 0.864054
vt 0.333859 0.864054
vt 0.236625 0.811889
vt 0.236700 0.811889
vt 0.236700 0.850976
vt 0.236625 0.851930
vt 0.236625 0.850976
vt 0.236700 0.851930
vt 0.236700 0.850976
vt 0.236625 0.850976
vt 0.574176 0.843104
vt 0.574175 0.968671
vt 0.574175 0.843104
vt 0.574176 0.967098
vt 0.574175 0.967098
vt 0.574176 0.968671
vt 0.574226 0.968671
vt 0.574225 0.843104
vt 0.574226 0.843104
vt 0.574225 0.967098
vt 0.574226 0.967098
vt 0.574225 0.903864
vt 0.574176 0.909846
vt 0.574176 0.903864
vt 0.574225 0.909846
vt 0.574225 0.851748
vt 0.574176 0.857730
vt 0.574176 0.851748
vt 0.574225 0.857730
vt 0.364541 0.826500
vt 0.364541 0.836025
vt 0.364397 0.826500
vt 0.364397 0.836025
vt 0.574200 0.843104
vt 0.574201 0.968671
vt 0.574200 0.968671
vt 0.574201 0.843104
vt 0.574200 0.967098
vt 0.574201 0.967098
vt 0.574179 0.857730
vt 0.574179 0.903864
vt 0.574179 0.857730
vt 0.574179 0.903864
vt 0.579037 0.823067
vt 0.579037 0.869201
vt 0.579037 0.823067
vt 0.579037 0.869201
vt 0.574189 0.857730
vt 0.574189 0.903864
vt 0.574190 0.857730
vt 0.574190 0.903864
vt 0.574195 0.857730
vt 0.574195 0.903864
vt 0.574195 0.857730
vt 0.574195 0.903864
vt 0.579058 0.823067
vt 0.579058 0.869201
vt 0.579059 0.823067
vt 0.579059 0.869201
vt 0.574211 0.857730
vt 0.574211 0.903864
vt 0.574211 0.857730
vt 0.574211 0.903864
vt 0.574216 0.857730
vt 0.574216 0.903864
vt 0.574217 0.857730
vt 0.574217 0.903864
vt 0.579074 0.823067
vt 0.579074 0.869201
vt 0.579075 0.823067
vt 0.579075 0.869201
vt 0.226906 0.841406
vt 0.226867 0.854307
vt 0.226867 0.841406
vt 0.229051 0.836326
vt 0.229012 0.848887
vt 0.229012 0.836326
vt 0.229170 0.836326
vt 0.229131 0.848887
vt 0.229131 0.836326
vt 0.226866 0.835783
vt 0.226827 0.848684
vt 0.226827 0.835783
vt 0.229091 0.836326
vt 0.229052 0.848887
vt 0.229052 0.836326
vt 0.224835 0.822578
vt 0.224796 0.835140
vt 0.224796 0.822578
vt 0.224875 0.828201
vt 0.224835 0.840762
vt 0.224835 0.828201
vt 0.226708 0.841406
vt 0.226668 0.854307
vt 0.226668 0.841406
vt 0.222372 0.827658
vt 0.222333 0.840559
vt 0.222333 0.827658
vt 0.226787 0.841406
vt 0.226748 0.854307
vt 0.226748 0.841406
vt 0.222451 0.833281
vt 0.222412 0.846182
vt 0.222412 0.833281
vt 0.224756 0.822578
vt 0.224717 0.835140
vt 0.224717 0.822578
vt 0.226866 0.848684
vt 0.224835 0.835140
vt 0.229091 0.848887
vt 0.222451 0.846182
vt 0.226906 0.854307
vt 0.226708 0.854307
vt 0.229051 0.848887
vt 0.226787 0.854307
vt 0.224875 0.840762
vt 0.222372 0.840559
vt 0.229170 0.848887
vt 0.224756 0.835140
vt 0.229770 0.861595
vt 0.228779 0.835571
vt 0.229770 0.835571
vt 0.228779 0.861595
vt 0.218550 0.826803
vt 0.218564 0.853002
vt 0.218564 0.826803
vt 0.229267 0.835553
vt 0.229281 0.861752
vt 0.229281 0.835553
vt 0.218783 0.826803
vt 0.218798 0.853002
vt 0.218798 0.826803
vt 0.214394 0.814928
vt 0.214408 0.841127
vt 0.214408 0.814928
vt 0.229223 0.835553
vt 0.229237 0.861752
vt 0.229237 0.835553
vt 0.229208 0.835553
vt 0.229223 0.861752
vt 0.229223 0.835553
vt 0.229194 0.835553
vt 0.229208 0.861752
vt 0.229208 0.835553
vt 0.218710 0.826803
vt 0.218725 0.853002
vt 0.218725 0.826803
vt 0.214321 0.814928
vt 0.214335 0.841127
vt 0.214335 0.814928
vt 0.229150 0.835553
vt 0.229164 0.861752
vt 0.229164 0.835553
vt 0.229135 0.835553
vt 0.229150 0.861752
vt 0.229150 0.835553
vt 0.214277 0.814928
vt 0.214291 0.841127
vt 0.214291 0.814928
vt 0.229106 0.835553
vt 0.229120 0.861752
vt 0.229120 0.835553
vt 0.216123 0.823678
vt 0.216137 0.849877
vt 0.216137 0.823678
vt 0.218608 0.826803
vt 0.218623 0.853002
vt 0.218623 0.826803
vt 0.229062 0.835553
vt 0.229077 0.861752
vt 0.229077 0.835553
vt 0.214204 0.814928
vt 0.214218 0.841127
vt 0.214218 0.814928
vt 0.216064 0.823678
vt 0.216079 0.849877
vt 0.216079 0.823678
vt 0.214160 0.814928
vt 0.214175 0.841127
vt 0.214175 0.814928
vt 0.218710 0.853002
vt 0.218550 0.853002
vt 0.229208 0.861752
vt 0.229194 0.861752
vt 0.214160 0.841127
vt 0.229223 0.861752
vt 0.216064 0.849877
vt 0.214321 0.841127
vt 0.214394 0.841127
vt 0.214204 0.841127
vt 0.229150 0.861752
vt 0.218783 0.853002
vt 0.229062 0.861752
vt 0.229135 0.861752
vt 0.229267 0.861752
vt 0.218608 0.853002
vt 0.214277 0.841127
vt 0.216123 0.849877
vt 0.229106 0.861752
vt 0.229230 0.835732
vt 0.228780 0.844982
vt 0.228780 0.835732
vt 0.229230 0.844982
vt 0.229228 0.851942
vt 0.228778 0.861651
vt 0.228778 0.851942
vt 0.229228 0.861651
vt 0.229228 0.845005
vt 0.228778 0.851916
vt 0.228778 0.845005
vt 0.229228 0.851916
vt 0.091250 0.819722
vt 0.093330 0.892385
vt 0.091250 0.892385
vt 0.093330 0.819722
vt 0.091250 0.892385
vt 0.093330 0.892385
vt 0.091250 0.819722
vt 0.093330 0.819722
vt 0.114204 0.936358
vt 0.115530 0.871345
vt 0.115530 0.936358
vt 0.114204 0.871345
vt 0.115300 0.871345
vt 0.114019 0.871345
vt 0.115345 0.936358
vt 0.114019 0.936358
vt 0.115345 0.871345
vt 0.114249 0.871345
vt 0.609055 0.912848
vt 0.608942 0.912848
vt 0.608942 0.894731
vt 0.609055 0.894731
vt 0.608849 0.912488
vt 0.608696 0.912488
vt 0.608696 0.894371
vt 0.608849 0.894371
vt 0.611152 0.814844
vt 0.611558 0.856595
vt 0.611152 0.880815
vt 0.611558 0.814844
vt 0.222666 0.866989
vt 0.222652 0.887339
vt 0.222666 0.887339
vt 0.208386 0.898417
vt 0.208372 0.877897
vt 0.208372 0.898417
vt 0.210396 0.861490
vt 0.210382 0.888592
vt 0.210396 0.888592
vt 0.220856 0.854121
vt 0.220841 0.877575
vt 0.220856 0.877575
vt 0.210367 0.861490
vt 0.210353 0.890389
vt 0.210367 0.890389
vt 0.220827 0.854121
vt 0.220813 0.872020
vt 0.220827 0.872020
vt 0.222594 0.866989
vt 0.222580 0.886522
vt 0.222594 0.886522
vt 0.220799 0.854121
vt 0.220784 0.876268
vt 0.220799 0.876268
vt 0.222566 0.866989
vt 0.222552 0.884289
vt 0.222566 0.884289
vt 0.210296 0.861490
vt 0.210282 0.898340
vt 0.210296 0.898340
vt 0.222537 0.866989
vt 0.222523 0.900680
vt 0.222537 0.900680
vt 0.220741 0.854121
vt 0.220727 0.880570
vt 0.220741 0.880570
vt 0.222509 0.866989
vt 0.222495 0.880641
vt 0.222509 0.880641
vt 0.222495 0.866989
vt 0.222480 0.891858
vt 0.222495 0.891858
vt 0.222480 0.866989
vt 0.222466 0.880641
vt 0.222480 0.880641
vt 0.222466 0.866989
vt 0.222452 0.887339
vt 0.222466 0.887339
vt 0.217267 0.857404
vt 0.217253 0.892239
vt 0.217267 0.892239
vt 0.208400 0.848622
vt 0.208386 0.863186
vt 0.208400 0.863186
vt 0.217238 0.857404
vt 0.217224 0.886623
vt 0.217238 0.886623
vt 0.220627 0.854121
vt 0.220613 0.876281
vt 0.220627 0.876281
vt 0.210439 0.861490
vt 0.210424 0.886468
vt 0.210439 0.886468
vt 0.222694 0.916784
vt 0.222680 0.892024
vt 0.222680 0.916784
vt 0.210424 0.911285
vt 0.210410 0.895945
vt 0.210410 0.911285
vt 0.220884 0.874527
vt 0.220870 0.903916
vt 0.220884 0.903916
vt 0.222652 0.894148
vt 0.222637 0.916784
vt 0.222652 0.916784
vt 0.220856 0.877631
vt 0.220841 0.903916
vt 0.220856 0.903916
vt 0.210367 0.911285
vt 0.210353 0.890445
vt 0.210353 0.911285
vt 0.222609 0.884944
vt 0.222595 0.916784
vt 0.222609 0.916784
vt 0.208557 0.868211
vt 0.208543 0.898417
vt 0.208557 0.898417
vt 0.222580 0.889192
vt 0.222566 0.916784
vt 0.222580 0.916784
vt 0.220784 0.871478
vt 0.220770 0.903916
vt 0.220784 0.903916
vt 0.222552 0.903895
vt 0.222538 0.916784
vt 0.222552 0.916784
vt 0.222537 0.900737
vt 0.222523 0.916784
vt 0.222537 0.916784
vt 0.220741 0.880626
vt 0.220727 0.903916
vt 0.220741 0.903916
vt 0.210253 0.875197
vt 0.210239 0.911285
vt 0.210253 0.911285
vt 0.222495 0.891915
vt 0.222480 0.916784
vt 0.222495 0.916784
vt 0.208443 0.862330
vt 0.208429 0.898417
vt 0.208443 0.898417
vt 0.222466 0.887395
vt 0.222452 0.916784
vt 0.222466 0.916784
vt 0.210196 0.911285
vt 0.210182 0.896380
vt 0.210182 0.911285
vt 0.222438 0.881609
vt 0.222423 0.916784
vt 0.222438 0.916784
vt 0.220898 0.854121
vt 0.220884 0.888521
vt 0.220898 0.888521
vt 0.222409 0.916784
vt 0.222395 0.889204
vt 0.222395 0.916784
vt 0.222709 0.866989
vt 0.222695 0.895149
vt 0.222709 0.895149
vt 0.210453 0.889706
vt 0.210439 0.911285
vt 0.210453 0.911285
vt 0.210139 0.861490
vt 0.210124 0.886468
vt 0.210139 0.886468
vt 0.222395 0.892024
vt 0.222380 0.916784
vt 0.222395 0.916784
vt 0.092714 0.871996
vt 0.091610 0.871996
vt 0.091610 0.988333
vt 0.092714 0.988333
vt 0.092703 0.871996
vt 0.091600 0.871996
vt 0.091600 0.988333
vt 0.092703 0.988333
vt 0.091636 0.991603
vt 0.091636 0.927328
vt 0.092579 0.927328
vt 0.092579 0.991603
vt 0.587668 0.820921
vt 0.588460 0.820921
vt 0.588460 0.823992
vt 0.587668 0.823992
vt 0.587668 0.894625
vt 0.587668 0.897695
vt 0.588460 0.894624
vt 0.588460 0.897695
vt 0.588421 0.894624
vt 0.588421 0.823992
vt 0.587708 0.823992
vt 0.587708 0.894625
vt 0.587726 0.892060
vt 0.587708 0.823416
vt 0.587726 0.825980
vt 0.588403 0.825980
vt 0.588403 0.892060
vt 0.588421 0.823416
vt 0.587726 0.859896
vt 0.588403 0.858144
vt 0.588403 0.859896
vt 0.587726 0.858144
vt 0.588171 0.825980
vt 0.588183 0.892060
vt 0.588171 0.892060
vt 0.587945 0.892060
vt 0.587958 0.825980
vt 0.587958 0.892060
vt 0.588183 0.825980
vt 0.587945 0.825980
vt 0.588469 0.818498
vt 0.587677 0.818498
vt 0.587677 0.822283
vt 0.588469 0.822283
vt 0.587677 0.895986
vt 0.587677 0.892916
vt 0.588469 0.895986
vt 0.588469 0.892916
vt 0.588430 0.892916
vt 0.588430 0.822283
vt 0.587716 0.822283
vt 0.587716 0.892916
vt 0.587716 0.821707
vt 0.587734 0.890351
vt 0.587734 0.824271
vt 0.588411 0.824271
vt 0.588411 0.890351
vt 0.588430 0.821707
vt 0.588411 0.856435
vt 0.587734 0.858187
vt 0.588411 0.858187
vt 0.587734 0.856435
vt 0.588192 0.890351
vt 0.588179 0.824271
vt 0.588179 0.890351
vt 0.587954 0.890351
vt 0.587966 0.824271
vt 0.587954 0.824271
vt 0.588192 0.824271
vt 0.587966 0.890351
vt 0.365120 0.841217
vt 0.365114 0.843224
vt 0.364979 0.839632
vt 0.364973 0.841639
vt 0.366937 0.859334
vt 0.366931 0.861633
vt 0.366795 0.857750
vt 0.366790 0.860049
vt 0.821157 0.731143
vt 0.821157 0.669693
vt 0.821076 0.669693
vt 0.821076 0.731143
vt 0.821010 0.731143
vt 0.820459 0.731143
vt 0.821118 0.669693
vt 0.821118 0.731143
vt 0.821010 0.669693
vt 0.820459 0.669693
vt 0.819761 0.669693
vt 0.819761 0.731143
vt 0.819842 0.669693
vt 0.819842 0.731143
vt 0.819908 0.731143
vt 0.819801 0.669693
vt 0.819801 0.731143
vt 0.819908 0.669693
vt 0.819842 0.724669
vt 0.821076 0.724669
vt 0.819842 0.726637
vt 0.821076 0.693319
vt 0.819842 0.693319
vt 0.819842 0.689575
vt 0.821076 0.689575
vt 0.821076 0.726637
vt 0.819842 0.690397
vt 0.821076 0.690397
vt 0.819842 0.727186
vt 0.821076 0.727186
vt 0.821066 0.727471
vt 0.819853 0.727471
vt 0.843127 0.625048
vt 0.842464 0.641775
vt 0.842464 0.625048
vt 0.843127 0.641775
vt 0.843150 0.773145
vt 0.843127 0.790525
vt 0.843127 0.773798
vt 0.842464 0.773798
vt 0.842441 0.773145
vt 0.843150 0.791178
vt 0.842464 0.790525
vt 0.842441 0.791178
vt 0.834410 0.788993
vt 0.834474 0.788993
vt 0.834459 0.788993
vt 0.834459 0.790141
vt 0.834410 0.790655
vt 0.834410 0.790141
vt 0.834494 0.788993
vt 0.834476 0.788993
vt 0.834270 0.790655
vt 0.834344 0.788993
vt 0.834270 0.788993
vt 0.834213 0.790141
vt 0.834230 0.790655
vt 0.834230 0.790141
vt 0.834476 0.790655
vt 0.834476 0.790141
vt 0.834419 0.788993
vt 0.834279 0.790141
vt 0.834284 0.790141
vt 0.834344 0.778340
vt 0.834344 0.790141
vt 0.834230 0.788993
vt 0.834195 0.788993
vt 0.834215 0.788993
vt 0.834224 0.790141
vt 0.834240 0.790141
vt 0.834405 0.790141
vt 0.834449 0.790141
vt 0.834465 0.790141
vt 0.838123 0.639162
vt 0.837890 0.639162
vt 0.834284 0.778340
vt 0.834449 0.778340
vt 0.834405 0.778340
vt 0.834240 0.778340
vt 0.834224 0.778340
vt 0.834465 0.778340
vt 0.837786 0.698166
vt 0.837752 0.731690
vt 0.837752 0.698166
vt 0.837879 0.731690
vt 0.837879 0.698166
vt 0.838007 0.698166
vt 0.838134 0.731690
vt 0.838134 0.698166
vt 0.838227 0.731690
vt 0.838227 0.698166
vt 0.838261 0.731690
vt 0.838261 0.698166
vt 0.838007 0.731690
vt 0.837786 0.731690
vt 0.834215 0.790655
vt 0.834344 0.790655
vt 0.834419 0.790655
vt 0.834474 0.790655
vt 0.834494 0.790655
vt 0.834213 0.788993
vt 0.834279 0.788993
vt 0.834213 0.790655
vt 0.834279 0.790655
vt 0.834459 0.790655
vt 0.834195 0.790655
vt 0.837905 0.698166
vt 0.838108 0.698166
vt 0.838183 0.698166
vt 0.837831 0.698166
vt 0.838210 0.698166
vt 0.837803 0.698166
vt 0.838181 0.656010
vt 0.838210 0.658883
vt 0.838182 0.658852
vt 0.838210 0.654075
vt 0.838182 0.655047
vt 0.838210 0.655370
vt 0.838183 0.658917
vt 0.838184 0.653091
vt 0.838184 0.654720
vt 0.838109 0.658941
vt 0.838109 0.652362
vt 0.838109 0.654243
vt 0.838007 0.658949
vt 0.838007 0.652093
vt 0.837904 0.654243
vt 0.838007 0.654068
vt 0.837829 0.654720
vt 0.837904 0.658941
vt 0.837904 0.652362
vt 0.837830 0.652877
vt 0.837803 0.654075
vt 0.837830 0.653091
vt 0.837905 0.652132
vt 0.838007 0.651858
vt 0.838109 0.652132
vt 0.838183 0.652877
vt 0.838210 0.653889
vt 0.838182 0.654897
vt 0.838108 0.655755
vt 0.838108 0.655635
vt 0.838007 0.656015
vt 0.838007 0.655906
vt 0.837905 0.655635
vt 0.837905 0.655755
vt 0.837831 0.654897
vt 0.837831 0.655047
vt 0.837803 0.653889
vt 0.838105 0.656460
vt 0.838108 0.658836
vt 0.838007 0.656615
vt 0.838007 0.658832
vt 0.837908 0.656460
vt 0.837905 0.658836
vt 0.837833 0.656010
vt 0.837831 0.658852
vt 0.837803 0.655370
vt 0.837803 0.658883
vt 0.837830 0.658917
vt 0.834344 0.791993
vt 0.834342 0.790141
vt 0.834342 0.791993
vt 0.834283 0.790141
vt 0.834281 0.791993
vt 0.834281 0.790141
vt 0.834468 0.791993
vt 0.834475 0.790141
vt 0.834475 0.791993
vt 0.834345 0.791993
vt 0.834347 0.790141
vt 0.834347 0.791993
vt 0.834452 0.790141
vt 0.834459 0.791993
vt 0.834459 0.790141
vt 0.834221 0.791993
vt 0.834214 0.790141
vt 0.834214 0.791993
vt 0.834406 0.790141
vt 0.834408 0.791993
vt 0.834408 0.790141
vt 0.834237 0.790141
vt 0.834230 0.791993
vt 0.834230 0.790141
vt 0.834221 0.790141
vt 0.834345 0.790141
vt 0.834468 0.790141
vt 0.834344 0.790141
vt 0.834262 0.791685
vt 0.834335 0.793141
vt 0.834339 0.793141
vt 0.834202 0.791685
vt 0.834487 0.791685
vt 0.834355 0.793141
vt 0.834509 0.791685
vt 0.834427 0.791685
vt 0.834354 0.793141
vt 0.834350 0.793141
vt 0.834344 0.793141
vt 0.834344 0.791685
vt 0.834180 0.791685
vt 0.834333 0.793141
vt 0.834337 0.793206
vt 0.834198 0.791734
vt 0.834260 0.791734
vt 0.834513 0.791734
vt 0.834357 0.793206
vt 0.834491 0.791734
vt 0.834429 0.791734
vt 0.834344 0.793206
vt 0.834344 0.791734
vt 0.834330 0.793206
vt 0.834176 0.791734
vt 0.834351 0.793206
vt 0.834359 0.793206
vt 0.821076 0.671618
vt 0.819842 0.671618
vt 0.609175 0.912848
vt 0.609062 0.912848
vt 0.609062 0.894731
vt 0.609175 0.894731
vt 0.608796 0.912488
vt 0.608643 0.912488
vt 0.608643 0.894371
vt 0.608796 0.894371
vt 0.611573 0.814844
vt 0.611168 0.856595
vt 0.611168 0.814844
vt 0.611573 0.880815
vt 0.611573 0.814844
vt 0.611168 0.814844
vt 0.082618 0.869100
vt 0.082618 0.863901
vt 0.082618 0.858701
vt 0.082618 0.845702
vt 0.083101 0.849020
vt 0.083993 0.882705
vt 0.465890 0.944765
vt 0.478457 0.952971
vt 0.472196 0.936559
vt 0.477869 0.952971
vt 0.454923 0.918505
vt 0.468312 0.926711
vt 0.473253 0.936559
vt 0.478692 0.952971
vt 0.465655 0.944765
vt 0.478104 0.952971
vt 0.454563 0.918505
vt 0.468658 0.926711
vt 0.107204 0.913714
vt 0.333818 0.823385
vt 0.335001 0.823385
vt 0.574225 0.968671
vt 0.115300 0.936358
vt 0.114249 0.936358
vt 0.222652 0.866989
vt 0.208386 0.877897
vt 0.210382 0.861490
vt 0.220841 0.854121
vt 0.210353 0.861490
vt 0.220813 0.854121
vt 0.222580 0.866989
vt 0.220784 0.854121
vt 0.222552 0.866989
vt 0.210282 0.861490
vt 0.222523 0.866989
vt 0.220727 0.854121
vt 0.222495 0.866989
vt 0.222480 0.866989
vt 0.222466 0.866989
vt 0.222452 0.866989
vt 0.217253 0.857404
vt 0.208386 0.848622
vt 0.217224 0.857404
vt 0.220613 0.854121
vt 0.210424 0.861490
vt 0.222694 0.892024
vt 0.210424 0.895945
vt 0.220870 0.874527
vt 0.222637 0.894148
vt 0.220841 0.877631
vt 0.210367 0.890445
vt 0.222595 0.884944
vt 0.208543 0.868211
vt 0.222566 0.889192
vt 0.220770 0.871478
vt 0.222538 0.903895
vt 0.222523 0.900737
vt 0.220727 0.880626
vt 0.210239 0.875197
vt 0.222480 0.891915
vt 0.208429 0.862330
vt 0.222452 0.887395
vt 0.210196 0.896380
vt 0.222423 0.881609
vt 0.220884 0.854121
vt 0.222409 0.889204
vt 0.222695 0.866989
vt 0.210439 0.889706
vt 0.210124 0.861490
vt 0.222380 0.892024
vt 0.837804 0.639162
vt 0.837773 0.639162
vt 0.838007 0.639162
vt 0.838209 0.639162
vt 0.838240 0.639162
vt 0.834283 0.791993
vt 0.834452 0.791993
vt 0.834406 0.791993
vt 0.834237 0.791993
vt 0.834332 0.793206
s 0
usemtl Texture_Map
f 301/110/120 344/111/120 123/112/120
f 128/112/121 125/113/121 123/112/121
f 126/114/122 332/115/122 124/114/122
f 389/116/123 170/117/123 127/118/123
f 131/119/120 378/120/120 130/121/120
f 390/122/122 397/123/122 436/122/122
f 373/124/122 177/125/122 399/125/122
f 133/126/120 371/127/120 384/128/120
f 363/129/122 401/130/122 430/129/122
f 139/131/120 366/132/120 136/133/120
f 140/134/120 364/135/120 138/136/120
f 429/137/121 183/138/121 361/137/121
f 143/139/120 360/140/120 141/141/120
f 145/142/120 358/143/120 142/144/120
f 146/145/120 351/146/120 144/147/120
f 157/148/121 467/149/121 454/148/121
f 382/150/121 443/151/121 482/150/121
f 388/152/123 173/153/123 172/154/123
f 368/155/121 445/131/121 480/155/121
f 381/128/123 176/156/123 175/126/123
f 391/124/123 178/157/123 177/125/123
f 477/143/122 142/144/122 358/143/122
f 180/136/123 365/158/123 181/134/123
f 363/129/123 183/138/123 182/130/123
f 359/140/123 185/139/123 184/141/123
f 475/146/122 144/147/122 351/146/122
f 451/159/122 299/160/122 150/159/122
f 352/161/123 189/162/123 188/163/123
f 310/164/123 453/165/123 464/166/123
f 469/167/123 209/168/123 328/169/123
f 168/170/121 329/171/121 210/170/121
f 208/172/122 325/173/122 167/172/122
f 425/174/120 169/175/120 331/176/120
f 206/177/122 326/178/122 166/177/122
f 423/179/120 167/172/120 325/173/120
f 471/180/123 204/181/123 339/182/123
f 164/183/121 337/184/121 205/183/121
f 323/185/120 411/186/120 420/187/120
f 163/181/121 339/182/121 204/181/121
f 201/188/122 336/189/122 319/189/122
f 161/190/121 323/185/121 321/185/121
f 459/191/122 335/192/122 165/191/122
f 159/193/121 334/194/121 200/193/121
f 199/195/122 316/196/122 158/195/122
f 473/197/123 455/198/123 466/199/123
f 203/200/122 421/201/122 410/200/122
f 156/202/121 313/203/121 198/202/121
f 196/204/122 309/205/122 155/204/122
f 417/206/120 409/207/120 418/208/120
f 194/209/122 304/210/122 154/209/122
f 153/211/121 306/212/121 195/211/121
f 192/213/122 298/214/122 152/213/122
f 151/215/121 302/216/121 193/215/121
f 324/110/123 129/113/123 128/112/123
f 149/217/121 300/218/121 191/217/121
f 388/152/122 395/154/122 434/152/122
f 237/219/123 212/220/123 236/221/123
f 214/222/121 215/220/121 212/220/121
f 512/119/121 254/168/121 535/168/121
f 211/118/122 508/223/122 213/223/122
f 260/224/121 504/225/121 293/225/121
f 520/226/121 240/227/121 527/227/121
f 253/177/123 222/228/123 220/229/123
f 252/230/123 224/231/123 221/232/123
f 250/233/123 225/157/123 223/125/123
f 490/136/122 287/234/122 501/234/122
f 271/139/121 498/235/121 282/235/121
f 246/236/123 230/138/123 227/130/123
f 275/237/121 496/238/121 278/238/121
f 242/239/123 233/226/123 231/240/123
f 241/241/123 235/242/123 232/243/123
f 514/244/121 251/245/121 533/183/121
f 260/224/120 294/246/120 259/247/120
f 516/157/121 248/248/121 531/248/121
f 263/231/120 291/230/120 262/232/120
f 265/249/120 529/250/120 518/251/120
f 488/252/122 528/188/122 503/188/122
f 267/134/120 287/234/120 266/136/120
f 269/138/120 285/236/120 268/130/120
f 271/139/120 283/253/120 270/141/120
f 232/243/122 524/241/122 241/241/122
f 275/237/120 279/254/120 274/255/120
f 215/220/120 277/219/120 276/221/120
f 506/256/123 219/119/123 485/257/123
f 257/117/121 256/258/121 296/258/121
f 218/247/122 294/246/122 255/246/122
f 513/259/120 295/175/120 258/121/120
f 220/229/122 292/177/122 253/177/122
f 255/246/123 486/260/123 218/247/123
f 221/232/122 291/230/122 252/230/122
f 515/261/120 292/177/120 261/229/120
f 223/125/122 289/233/122 250/233/122
f 263/231/121 249/262/121 290/262/121
f 502/263/123 226/249/123 489/264/123
f 517/265/120 289/233/120 264/125/120
f 500/266/123 228/134/123 491/267/123
f 265/249/121 247/193/121 288/193/121
f 227/130/122 285/236/122 246/236/122
f 267/134/121 245/148/121 286/148/121
f 229/141/122 283/253/122 244/253/122
f 269/138/121 243/268/121 284/268/121
f 231/240/122 281/239/122 242/239/122
f 244/253/123 492/269/123 229/141/123
f 273/242/120 525/270/120 522/271/120
f 521/272/120 281/239/120 272/240/120
f 234/255/122 279/254/122 239/254/122
f 273/242/121 238/273/121 280/273/121
f 236/221/122 277/219/122 237/219/122
f 239/254/123 494/274/123 234/255/123
f 213/223/123 217/117/123 211/118/123
f 375/275/121 173/153/121 374/275/121
f 132/153/120 435/276/120 394/277/120
f 308/210/123 193/215/123 302/216/123
f 457/234/122 317/278/122 160/234/122
f 413/279/121 327/280/121 207/279/121
f 336/189/123 200/193/123 334/194/123
f 369/281/121 137/157/121 178/157/121
f 353/282/122 147/283/122 347/282/122
f 315/196/123 198/202/123 313/203/123
f 341/115/123 210/170/123 329/171/123
f 312/203/120 158/195/120 316/196/120
f 314/149/120 160/234/120 317/278/120
f 320/194/120 162/188/120 318/189/120
f 385/132/123 444/284/123 179/133/123
f 352/161/122 405/163/122 426/161/122
f 367/132/122 179/133/122 136/133/122
f 303/216/120 154/209/120 304/210/120
f 148/162/120 427/285/120 404/286/120
f 381/128/122 133/126/122 384/128/122
f 403/287/120 431/288/120 400/289/120
f 307/212/120 155/204/120 309/205/120
f 474/290/123 187/145/123 449/291/123
f 137/157/120 433/292/120 398/293/120
f 333/184/120 166/177/120 326/178/120
f 357/294/121 185/139/121 356/294/121
f 393/295/120 380/116/120 122/118/120
f 461/175/122 331/176/122 169/175/122
f 370/127/121 135/156/121 176/156/121
f 350/296/121 187/145/121 349/296/121
f 297/218/120 152/213/120 298/214/120
f 324/110/122 344/111/122 301/110/122
f 415/168/121 328/169/121 209/168/121
f 346/297/121 189/162/121 348/297/121
f 379/120/122 130/121/122 378/120/122
f 476/298/123 186/142/123 447/299/123
f 342/178/123 205/183/123 337/184/123
f 322/182/120 165/191/120 335/192/120
f 330/171/120 124/114/120 332/115/120
f 389/116/122 122/118/122 380/116/122
f 343/201/123 202/190/123 338/185/123
f 362/158/121 181/134/121 365/158/121
f 311/205/123 195/211/123 306/212/123
f 305/214/123 191/217/123 300/218/123
f 379/120/123 440/300/123 171/121/123
f 197/253/122 419/164/122 408/253/122
f 134/151/120 437/301/120 396/302/120
f 340/173/123 207/279/123 327/280/123
f 407/235/121 465/303/121 452/235/121
f 390/122/123 442/304/123 174/123/123
f 364/135/122 180/136/122 138/136/122
f 359/140/122 141/141/122 360/140/122
f 355/305/121 186/142/121 354/305/121
f 393/295/124 439/306/124 438/307/124
f 411/186/125 421/201/125 420/187/125
f 409/207/126 419/164/126 418/208/126
f 403/287/124 429/137/124 428/308/124
f 437/301/127 397/123/127 396/302/127
f 423/179/124 413/279/124 412/309/124
f 433/292/128 399/125/128 398/293/128
f 431/288/128 401/130/128 400/289/128
f 417/206/124 407/235/124 406/310/124
f 427/285/128 405/163/128 404/286/128
f 435/276/129 395/154/129 394/277/129
f 425/174/124 415/168/124 414/311/124
f 439/306/121 170/117/121 377/306/121
f 455/198/130 467/149/130 466/199/130
f 447/299/131 477/143/131 476/298/131
f 453/165/130 465/303/130 464/166/130
f 449/291/131 475/146/131 474/290/131
f 469/167/131 461/175/131 460/312/131
f 479/313/130 441/119/130 440/300/130
f 471/180/132 459/191/132 458/314/132
f 483/315/130 443/151/130 442/304/130
f 473/197/133 457/234/133 456/316/133
f 481/317/130 445/131/130 444/284/130
f 463/318/131 451/159/131 450/319/131
f 376/320/121 441/119/121 478/320/121
f 507/175/131 485/257/131 484/121/131
f 487/224/130 505/321/130 504/225/130
f 503/188/131 489/264/131 488/252/131
f 501/234/131 491/267/131 490/136/131
f 493/139/130 499/322/130 498/235/130
f 495/237/130 497/323/130 496/238/130
f 484/121/122 295/175/122 507/175/122
f 511/118/134 509/324/134 508/223/134
f 535/168/124 513/259/124 512/119/124
f 533/183/124 515/261/124 514/244/124
f 519/252/128 529/250/128 528/188/128
f 531/248/135 517/265/135 516/157/135
f 523/243/136 525/270/136 524/241/136
f 527/227/135 521/272/135 520/226/135
f 257/117/120 509/324/120 510/325/120
f 537/326/121 598/327/121 536/326/121
f 645/328/122 592/329/122 594/329/122
f 626/330/121 576/331/121 628/330/121
f 600/332/121 551/333/121 603/332/121
f 602/334/122 676/335/122 681/334/122
f 634/336/122 583/337/122 635/336/122
f 580/338/120 630/328/120 578/329/120
f 567/339/123 539/340/123 543/341/123
f 573/342/120 660/343/120 653/344/120
f 582/337/123 628/330/123 576/331/123
f 569/339/120 542/341/120 538/340/120
f 558/345/120 606/346/120 554/339/120
f 612/347/122 548/348/122 601/347/122
f 559/349/120 609/350/120 557/351/120
f 586/333/120 627/352/120 575/353/120
f 574/331/120 635/336/120 583/337/120
f 622/354/121 568/355/121 620/354/121
f 608/346/122 554/339/122 606/346/122
f 561/345/121 610/327/121 558/345/121
f 624/356/122 571/357/122 623/356/122
f 547/333/120 618/352/120 566/353/120
f 684/358/121 666/359/121 671/358/121
f 661/360/123 605/361/123 668/362/123
f 552/363/120 682/364/120 675/365/120
f 614/350/122 557/351/122 609/350/122
f 629/352/122 575/353/122 627/352/122
f 617/352/122 566/353/122 618/352/122
f 631/366/120 587/367/120 579/368/120
f 571/357/120 622/354/120 623/356/120
f 615/369/121 546/338/121 563/338/121
f 604/370/121 664/363/121 669/370/121
f 639/332/121 688/333/121 693/332/121
f 565/353/123 603/332/123 551/333/123
f 643/366/120 593/367/120 591/368/120
f 658/371/121 686/372/121 691/371/121
f 631/366/121 588/368/121 641/366/121
f 687/373/123 629/352/123 694/374/123
f 595/368/123 596/367/123 648/366/123
f 548/348/120 683/375/120 601/347/120
f 581/338/123 642/328/123 633/369/123
f 588/368/123 590/367/123 641/366/123
f 545/345/121 540/376/121 544/345/121
f 673/377/120 607/378/120 680/379/120
f 549/335/123 670/380/123 663/381/123
f 642/328/122 578/329/122 630/328/122
f 690/382/123 638/383/123 585/342/123
f 572/357/123 620/354/123 568/355/123
f 560/348/123 672/384/123 665/385/123
f 632/369/121 581/338/121 633/369/121
f 637/386/122 584/387/122 650/387/122
f 592/329/123 615/369/123 563/338/123
f 564/349/123 614/350/123 616/388/123
f 640/389/122 689/390/122 654/390/122
f 594/329/120 599/369/120 647/328/120
f 625/383/121 585/342/121 638/383/121
f 619/346/122 569/339/122 621/346/122
f 556/339/123 613/327/123 561/345/123
f 611/388/121 564/349/121 616/388/121
f 646/366/121 591/368/121 595/368/121
f 660/343/128 654/390/128 653/344/128
f 656/391/128 650/387/128 649/392/128
f 652/393/124 658/371/124 657/394/124
f 652/393/120 656/391/120 649/392/120
f 666/359/130 672/384/130 671/358/130
f 664/363/130 670/380/130 669/370/130
f 662/395/130 668/362/130 667/378/130
f 607/378/121 555/395/121 550/395/121
f 684/358/124 678/396/124 677/359/124
f 676/335/128 682/364/128 681/334/128
f 674/397/128 680/379/128 679/361/128
f 605/361/122 674/397/122 679/361/122
f 690/382/131 696/389/131 695/398/131
f 694/374/130 688/333/130 687/373/130
f 692/399/130 686/372/130 685/400/130
f 685/400/123 636/386/123 692/399/123
f 698/401/137 724/402/137 723/403/137
f 703/404/121 700/405/121 698/401/121
f 701/406/122 697/407/122 699/406/122
f 701/406/138 744/408/138 702/407/138
f 939/409/137 937/410/137 743/411/137
f 952/412/121 1059/413/121 1080/412/121
f 710/414/137 943/415/137 708/416/137
f 953/417/122 961/418/122 988/417/122
f 1070/419/138 1066/420/138 1065/421/138
f 715/422/137 732/423/137 924/424/137
f 717/425/137 733/426/137 714/427/137
f 975/428/121 758/429/121 769/428/121
f 971/430/121 1067/431/121 1068/430/121
f 721/432/137 728/433/137 719/434/137
f 722/435/137 727/436/137 720/437/137
f 1079/438/138 779/439/138 926/440/138
f 745/441/138 783/411/138 940/409/138
f 945/442/138 748/443/138 747/444/138
f 955/415/138 750/414/138 749/416/138
f 1083/445/122 959/446/122 990/445/122
f 953/417/138 752/447/138 751/418/138
f 925/424/138 923/448/138 773/423/138
f 772/426/138 756/425/138 755/427/138
f 977/449/121 1063/450/121 1072/449/121
f 770/451/138 758/429/138 757/452/138
f 768/433/138 760/432/138 759/434/138
f 766/436/138 762/435/138 761/437/138
f 1071/453/122 967/454/122 972/453/122
f 764/402/138 703/404/138 763/403/138
f 783/411/122 705/441/122 743/411/122
f 742/455/121 744/408/121 784/455/121
f 781/456/122 938/457/122 741/456/122
f 782/458/121 935/459/121 934/459/121
f 739/460/121 931/461/121 780/460/121
f 778/462/122 930/463/122 738/462/122
f 983/464/137 981/465/137 984/466/137
f 776/467/122 922/468/122 737/467/122
f 736/469/121 927/470/121 777/469/121
f 774/471/122 917/472/122 735/471/122
f 734/473/121 918/474/121 775/473/121
f 772/426/122 714/427/122 733/426/122
f 732/423/121 754/422/121 773/423/121
f 1074/475/138 1062/476/138 1061/477/138
f 730/478/121 756/425/121 771/478/121
f 770/451/122 718/452/122 729/451/122
f 963/479/137 731/480/137 716/481/137
f 768/433/122 719/434/122 728/433/122
f 965/482/137 729/451/137 718/452/137
f 766/436/122 720/437/122 727/436/122
f 726/483/121 760/432/121 767/483/121
f 969/484/137 973/485/137 966/486/137
f 725/487/121 762/435/121 765/487/121
f 764/402/122 723/403/122 724/402/122
f 979/439/121 926/440/121 779/439/121
f 706/408/137 699/406/137 697/407/137
f 814/488/138 786/489/138 811/490/138
f 788/491/121 791/492/121 786/489/121
f 785/493/122 789/494/122 787/494/122
f 833/495/137 789/494/137 790/493/137
f 873/496/138 875/497/138 793/498/138
f 904/499/121 838/500/121 995/500/121
f 809/501/122 1038/502/122 816/502/122
f 908/503/138 800/413/138 798/446/138
f 915/504/138 802/447/138 799/418/138
f 803/505/138 877/506/138 886/507/138
f 998/508/122 859/509/122 1009/509/122
f 821/510/138 806/511/138 804/512/138
f 849/513/121 1006/514/121 856/514/121
f 879/515/122 1042/516/122 827/516/122
f 896/517/121 1012/439/121 868/439/121
f 815/453/138 812/431/138 810/454/138
f 903/503/122 798/446/122 1027/446/122
f 836/518/137 902/519/137 835/520/137
f 837/521/137 906/499/137 901/522/137
f 907/523/121 1028/413/121 800/413/121
f 840/447/137 914/504/137 839/418/137
f 842/505/137 887/507/137 878/506/137
f 996/427/122 1040/426/122 1011/426/122
f 845/511/137 861/510/137 844/512/137
f 847/524/137 859/509/137 846/508/137
f 849/513/137 857/525/137 848/526/137
f 1034/527/121 1004/528/121 1037/528/121
f 851/431/137 855/453/137 850/454/137
f 791/492/137 853/488/137 852/490/137
f 1024/529/137 874/496/137 1047/530/137
f 833/495/121 831/531/121 872/531/121
f 882/532/122 870/456/122 830/456/122
f 883/533/121 829/534/121 871/534/121
f 896/517/137 1045/535/137 1048/536/137
f 882/532/138 1015/537/138 1018/538/138
f 893/539/137 1043/540/137 1050/541/137
f 880/542/138 1013/543/138 1016/544/138
f 895/545/122 866/546/122 826/546/122
f 893/539/121 825/547/121 867/547/121
f 889/548/122 864/471/122 824/471/122
f 892/549/121 823/550/121 865/550/121
f 1010/551/138 805/552/138 997/553/138
f 842/505/121 822/554/121 863/554/121
f 804/512/122 861/510/122 821/510/122
f 843/552/121 820/555/121 862/555/121
f 1008/556/138 808/524/138 999/557/138
f 845/511/121 819/558/121 860/558/121
f 807/526/122 857/525/122 818/525/122
f 847/524/121 817/559/121 858/559/121
f 1035/560/137 1039/561/137 1032/562/137
f 818/525/138 1000/563/138 807/526/138
f 810/454/122 855/453/122 815/453/122
f 816/502/138 1002/564/138 809/501/138
f 811/490/122 853/488/122 814/488/122
f 851/431/121 813/430/121 854/430/121
f 787/494/138 794/495/138 785/493/138
f 897/522/122 837/521/122 901/522/122
f 1029/565/137 1053/566/137 1026/567/137
f 1020/568/138 797/518/138 993/569/138
f 905/570/121 797/518/121 899/570/121
f 892/549/137 866/546/137 894/545/137
f 880/542/122 1044/571/122 828/571/122
f 885/572/137 870/456/137 884/532/137
f 885/572/121 1014/460/121 869/460/121
f 909/573/122 841/574/122 910/573/122
f 900/575/121 795/576/121 898/575/121
f 843/552/137 1041/577/137 1030/578/137
f 912/579/121 840/447/121 802/447/121
f 796/521/138 1023/580/138 994/581/138
f 895/545/138 823/550/138 891/549/138
f 879/515/138 825/547/138 888/539/138
f 915/504/122 839/418/122 914/504/122
f 951/582/121 750/414/121 950/582/121
f 1077/571/122 985/583/122 980/571/122
f 929/463/138 777/469/138 927/470/138
f 941/584/121 748/443/121 954/584/121
f 932/461/137 741/456/137 938/457/137
f 944/585/121 746/586/121 942/585/121
f 943/415/122 749/416/122 708/416/122
f 919/474/137 737/467/137 922/468/137
f 949/587/122 712/574/122 946/587/122
f 709/443/137 987/588/137 956/589/137
f 713/447/137 989/590/137 960/591/137
f 948/592/121 752/447/121 947/592/121
f 711/413/137 991/593/137 958/594/137
f 928/468/138 775/473/138 918/474/138
f 921/470/137 738/462/137 930/463/137
f 1075/480/122 716/481/122 731/480/122
f 931/461/138 781/456/138 780/460/138
f 981/465/139 985/583/139 984/466/139
f 963/479/140 977/449/140 976/595/140
f 965/482/140 975/428/140 974/596/140
f 973/485/141 967/454/141 966/486/141
f 969/484/140 971/430/140 970/597/140
f 991/593/142 959/446/142 958/594/142
f 983/464/140 979/439/140 978/598/140
f 989/590/143 961/418/143 960/591/143
f 987/588/144 957/444/144 956/589/144
f 945/442/122 957/444/122 986/442/122
f 995/500/145 1023/580/145 1022/499/145
f 1011/426/146 997/553/146 996/427/146
f 1009/509/146 999/557/146 998/508/146
f 1001/513/145 1007/599/145 1006/514/145
f 1003/527/145 1005/600/145 1004/528/145
f 1017/517/145 1013/543/145 1012/439/145
f 1021/519/147 993/569/147 992/520/147
f 1019/572/145 1015/537/145 1014/460/145
f 1021/519/122 835/520/122 902/519/122
f 1025/498/148 1047/530/148 1046/601/148
f 1027/446/148 1053/566/148 1052/503/148
f 1031/427/148 1041/577/148 1040/426/148
f 1033/501/148 1039/561/148 1038/502/148
f 1037/528/140 1035/560/140 1034/527/140
f 1055/523/140 1029/565/140 1028/413/140
f 1049/542/149 1045/535/149 1044/571/149
f 1051/515/150 1043/540/150 1042/516/150
f 793/498/122 1046/601/122 832/601/122
f 1057/602/151 1083/445/151 1082/603/151
f 1061/477/152 1075/480/152 1074/475/152
f 1073/604/145 1063/450/145 1062/476/145
f 1065/421/153 1071/453/153 1070/419/153
f 1069/605/145 1067/431/145 1066/420/145
f 1081/606/145 1059/413/145 1058/607/145
f 1079/438/154 1077/571/154 1076/608/154
f 1057/602/138 1081/606/138 1058/607/138
f 1084/609/123 1091/610/123 1087/611/123
f 1085/612/120 1090/613/120 1089/614/120
f 1127/615/155 1091/610/155 1088/616/155
f 1108/617/156 1086/618/156 1085/612/156
f 1186/619/157 1128/620/157 1126/621/157
f 1084/609/157 1127/615/157 1088/616/157
f 1132/622/157 1129/623/157 1189/624/157
f 1121/625/156 1097/626/156 1096/627/156
f 1167/628/157 1164/629/157 1192/630/157
f 1118/631/156 1100/632/156 1099/633/156
f 1101/634/156 1115/635/156 1102/636/156
f 1138/637/157 1168/638/157 1194/639/157
f 1113/640/156 1105/641/156 1104/642/156
f 1141/643/157 1139/644/157 1197/645/157
f 1111/646/156 1107/647/156 1106/648/156
f 1108/617/157 1089/614/157 1142/649/157
f 1128/620/155 1161/650/155 1126/621/155
f 1095/651/157 1130/652/157 1162/653/157
f 1132/622/155 1158/654/155 1129/623/155
f 1131/655/155 1154/656/155 1156/657/155
f 1195/658/120 1149/659/120 1138/637/120
f 1136/660/155 1153/661/155 1134/662/155
f 1137/663/155 1152/664/155 1135/665/155
f 1196/666/123 1148/667/123 1203/668/123
f 1105/641/157 1140/669/157 1170/670/157
f 1141/643/155 1148/667/155 1139/644/155
f 1107/647/157 1143/671/157 1172/672/157
f 1142/649/155 1090/613/155 1145/673/155
f 1188/674/123 1158/654/123 1211/675/123
f 1094/676/156 1122/677/156 1095/651/156
f 1098/678/123 1182/679/123 1119/680/123
f 1191/681/120 1155/682/120 1132/622/120
f 1096/627/157 1133/683/157 1131/655/157
f 1098/678/156 1207/684/156 1192/630/156
f 1100/632/157 1134/662/157 1099/633/157
f 1101/634/157 1137/663/157 1135/665/157
f 1104/642/123 1176/685/123 1113/640/123
f 1106/648/123 1174/686/123 1111/646/123
f 1199/687/120 1146/688/120 1141/643/120
f 1107/647/120 1144/689/120 1143/671/120
f 1108/617/123 1145/673/123 1109/690/123
f 1143/671/155 1175/691/155 1172/672/155
f 1105/641/120 1147/692/120 1140/669/120
f 1202/693/156 1198/694/156 1197/645/156
f 1114/695/156 1194/639/156 1103/696/156
f 1140/669/155 1177/697/155 1170/670/155
f 1102/636/120 1150/698/120 1137/663/120
f 1168/638/155 1149/659/155 1179/699/155
f 1100/632/120 1151/700/120 1136/660/120
f 1101/634/123 1152/664/123 1116/701/123
f 1103/696/123 1178/702/123 1114/695/123
f 1099/633/123 1153/661/123 1118/631/123
f 1097/626/120 1154/656/120 1133/683/120
f 1167/628/155 1183/703/155 1164/629/155
f 1193/704/120 1181/705/120 1166/706/120
f 1096/627/123 1156/657/123 1121/625/123
f 1095/651/120 1157/707/120 1130/652/120
f 1210/708/156 1190/709/156 1189/624/156
f 1124/710/156 1186/619/156 1093/711/156
f 1130/652/155 1185/712/155 1162/653/155
f 1092/713/120 1160/714/120 1127/615/120
f 1093/711/123 1161/650/123 1124/710/123
f 1087/611/156 1092/713/156 1084/609/156
f 1185/712/158 1163/715/158 1162/653/158
f 1183/703/158 1165/716/158 1164/629/158
f 1180/717/159 1166/706/159 1181/705/159
f 1179/699/158 1169/718/158 1168/638/158
f 1177/697/158 1171/719/158 1170/670/158
f 1175/691/158 1173/720/158 1172/672/158
f 1094/676/123 1184/721/123 1123/722/123
f 1186/619/160 1212/723/160 1187/724/160
f 1189/624/161 1211/675/161 1210/708/161
f 1190/709/160 1208/725/160 1191/681/160
f 1192/630/160 1206/726/160 1193/704/160
f 1194/639/160 1204/727/160 1195/658/160
f 1197/645/161 1203/668/161 1202/693/161
f 1198/694/160 1200/728/160 1199/687/160
f 1187/724/120 1159/729/120 1128/620/120
f 1219/730/123 1214/731/123 1087/732/123
f 1215/733/120 1218/734/120 1086/735/120
f 1219/730/162 1238/736/162 1216/737/162
f 1236/738/163 1086/735/163 1109/739/163
f 1239/740/164 1298/741/164 1297/742/164
f 1214/731/164 1238/736/164 1220/743/164
f 1300/744/164 1243/745/164 1301/746/164
f 1225/747/163 1121/748/163 1224/749/163
f 1304/750/164 1303/751/164 1278/752/164
f 1228/753/163 1118/754/163 1227/755/163
f 1229/756/163 1115/635/163 1116/701/163
f 1249/757/164 1306/758/164 1305/759/164
f 1233/760/163 1113/761/163 1232/762/163
f 1308/763/164 1252/764/164 1309/765/164
f 1235/766/163 1111/767/163 1234/768/163
f 1236/738/164 1217/769/164 1215/733/164
f 1272/770/162 1239/740/162 1237/771/162
f 1273/772/164 1241/773/164 1223/774/164
f 1269/775/162 1243/745/162 1240/776/162
f 1267/777/162 1244/778/162 1242/779/162
f 1260/780/120 1306/758/120 1249/757/120
f 1264/781/162 1247/782/162 1245/783/162
f 1263/784/162 1248/785/162 1246/786/162
f 1307/787/123 1259/788/123 1250/789/123
f 1281/790/164 1251/791/164 1233/760/164
f 1259/788/162 1252/764/162 1250/789/162
f 1283/792/164 1254/793/164 1235/766/164
f 1253/794/162 1218/734/162 1217/769/162
f 1299/795/123 1269/775/123 1240/776/123
f 1222/796/163 1122/797/163 1123/798/163
f 1226/799/123 1293/800/123 1276/801/123
f 1266/802/120 1302/803/120 1243/745/120
f 1224/749/164 1244/778/164 1225/747/164
f 1226/799/163 1207/804/163 1119/805/163
f 1245/783/164 1228/753/164 1227/755/164
f 1229/756/164 1248/785/164 1230/806/164
f 1232/762/123 1287/807/123 1282/808/123
f 1234/768/123 1285/809/123 1284/810/123
f 1257/811/120 1310/812/120 1252/764/120
f 1255/813/120 1235/766/120 1254/793/120
f 1236/738/123 1256/814/123 1253/794/123
f 1286/815/162 1254/793/162 1283/792/162
f 1258/816/120 1233/760/120 1251/791/120
f 1309/765/163 1202/693/163 1308/763/163
f 1231/817/163 1205/818/163 1114/819/163
f 1288/820/162 1251/791/162 1281/790/162
f 1261/821/120 1230/806/120 1248/785/120
f 1279/822/162 1260/780/162 1249/757/162
f 1262/823/120 1228/753/120 1247/782/120
f 1229/756/123 1263/784/123 1246/786/123
f 1231/817/123 1289/824/123 1280/825/123
f 1227/755/123 1264/781/123 1245/783/123
f 1265/826/120 1225/747/120 1244/778/120
f 1294/827/162 1278/752/162 1275/828/162
f 1292/829/120 1304/750/120 1277/830/120
f 1224/749/123 1267/777/123 1242/779/123
f 1268/831/120 1223/774/120 1241/773/120
f 1301/746/163 1210/832/163 1300/744/163
f 1297/742/163 1124/710/163 1221/833/163
f 1296/834/162 1241/773/162 1273/772/162
f 1271/835/120 1220/743/120 1238/736/120
f 1221/833/123 1272/770/123 1237/771/123
f 1220/743/163 1087/732/163 1214/731/163
f 1274/836/165 1296/834/165 1273/772/165
f 1276/801/165 1294/827/165 1275/828/165
f 1291/837/166 1277/830/166 1278/752/166
f 1280/825/165 1290/838/165 1279/822/165
f 1282/808/165 1288/820/165 1281/790/165
f 1284/810/165 1286/815/165 1283/792/165
f 1222/796/123 1295/839/123 1274/836/123
f 1297/742/167 1317/840/167 1213/841/167
f 1316/842/168 1300/744/168 1210/832/168
f 1301/746/167 1315/843/167 1209/844/167
f 1303/751/167 1314/845/167 1207/804/167
f 1305/759/167 1313/846/167 1205/818/167
f 1312/847/168 1308/763/168 1202/693/168
f 1309/765/167 1311/848/167 1201/849/167
f 1270/850/120 1298/741/120 1239/740/120
f 1319/851/120 1320/852/120 1318/851/120
f 1322/853/123 1324/854/123 1323/854/123
f 1324/854/121 1321/852/121 1319/851/121
f 1325/853/137 1320/852/137 1321/852/137
f 1323/854/138 1319/851/138 1318/851/138
f 1322/853/122 1318/851/122 1320/852/122
f 1332/855/169 1358/856/169 1328/857/169
f 1333/858/123 1326/859/123 1329/860/123
f 1327/861/120 1332/855/120 1328/857/120
f 1333/858/170 1380/862/170 1330/863/170
f 1327/861/171 1358/856/171 1355/864/171
f 1337/865/171 1379/866/171 1334/867/171
f 1338/868/123 1467/869/123 1444/870/123
f 1340/871/171 1375/872/171 1338/868/171
f 1342/873/171 1374/874/171 1339/875/171
f 1341/876/171 1369/877/171 1372/878/171
f 1345/879/171 1370/880/171 1343/881/171
f 1390/882/172 1424/883/172 1389/884/172
f 1348/885/171 1367/886/171 1346/887/171
f 1350/888/120 1458/889/120 1363/890/120
f 1349/891/171 1361/892/171 1364/893/171
f 1353/894/171 1362/895/171 1351/896/171
f 1398/897/173 1430/898/173 1431/899/173
f 1356/900/171 1359/901/171 1354/902/171
f 1400/903/172 1327/861/172 1355/864/172
f 1461/904/169 1436/905/169 1437/906/169
f 1464/907/169 1465/908/169 1372/878/169
f 1405/909/169 1362/895/169 1360/910/169
f 1361/892/169 1408/911/169 1364/893/169
f 1412/912/169 1438/913/169 1439/914/169
f 1365/915/169 1410/916/169 1367/886/169
f 1413/917/169 1370/880/169 1368/918/169
f 1375/872/169 1466/919/169 1467/869/169
f 1415/920/169 1374/874/169 1371/921/169
f 1468/922/169 1469/923/169 1377/924/169
f 1419/925/169 1379/866/169 1376/926/169
f 1421/927/169 1329/860/169 1378/928/169
f 1420/929/170 1382/930/170 1381/931/170
f 1383/932/173 1422/933/173 1423/934/173
f 1445/935/172 1384/936/172 1340/871/172
f 1416/937/170 1386/938/170 1385/939/170
f 1448/940/172 1449/941/172 1344/942/172
f 1414/943/170 1388/944/170 1387/945/170
f 1412/912/170 1390/882/170 1389/884/170
f 1410/916/170 1392/946/170 1391/947/170
f 1452/948/173 1453/949/173 1350/888/173
f 1393/950/170 1407/951/170 1394/952/170
f 1406/953/170 1396/954/170 1395/955/170
f 1404/956/170 1398/897/170 1397/957/170
f 1455/958/172 1399/959/172 1356/900/172
f 1401/960/170 1331/961/170 1400/903/170
f 1330/863/172 1335/962/172 1326/859/172
f 1381/931/172 1337/865/172 1334/867/172
f 1425/963/123 1412/912/123 1389/884/123
f 1341/876/123 1465/908/123 1446/964/123
f 1385/939/172 1342/873/172 1339/875/172
f 1344/942/120 1462/965/120 1369/877/120
f 1387/945/172 1345/879/172 1343/881/172
f 1460/966/170 1452/948/170 1451/967/170
f 1391/947/172 1348/885/172 1346/887/172
f 1429/968/123 1404/956/123 1397/957/123
f 1393/950/172 1352/969/172 1349/891/172
f 1395/955/172 1353/894/172 1351/896/172
f 1430/898/120 1403/970/120 1433/971/120
f 1359/901/169 1456/972/169 1457/973/169
f 1356/900/120 1402/974/120 1357/975/120
f 1355/864/123 1401/960/123 1400/903/123
f 1404/956/169 1434/976/169 1435/977/169
f 1456/972/170 1399/959/170 1455/958/170
f 1353/894/120 1405/909/120 1360/910/120
f 1428/978/171 1432/979/171 1435/977/171
f 1352/969/120 1407/951/120 1361/892/120
f 1351/896/123 1406/953/123 1395/955/123
f 1354/902/123 1457/973/123 1454/980/123
f 1349/891/123 1408/911/123 1393/950/123
f 1348/885/120 1409/981/120 1365/915/120
f 1350/888/171 1437/906/171 1426/982/171
f 1347/983/120 1411/984/120 1366/985/120
f 1346/887/123 1410/916/123 1391/947/123
f 1345/879/120 1413/917/120 1368/918/120
f 1347/983/171 1439/914/171 1424/883/171
f 1427/986/123 1461/904/123 1450/987/123
f 1343/881/123 1414/943/123 1387/945/123
f 1342/873/120 1415/920/120 1371/921/120
f 1464/907/170 1448/940/170 1447/988/170
f 1340/871/120 1417/989/120 1373/990/120
f 1339/875/123 1416/937/123 1385/939/123
f 1423/934/171 1377/924/171 1336/991/171
f 1466/919/170 1384/936/170 1445/935/170
f 1337/865/120 1419/925/120 1376/926/120
f 1468/922/170 1383/932/170 1443/992/170
f 1335/962/120 1421/927/120 1378/928/120
f 1334/867/123 1420/929/123 1381/931/123
f 1335/962/171 1329/860/171 1326/859/171
f 1423/934/174 1441/993/174 1440/994/174
f 1424/883/175 1438/913/175 1425/963/175
f 1426/982/175 1436/905/175 1427/986/175
f 1428/978/175 1434/976/175 1429/968/175
f 1431/899/174 1433/971/174 1432/979/174
f 1422/933/120 1418/995/120 1441/993/120
f 1468/922/176 1442/996/176 1469/923/176
f 1466/919/176 1444/870/176 1467/869/176
f 1464/907/176 1446/964/176 1465/908/176
f 1463/997/177 1449/941/177 1448/940/177
f 1460/966/176 1450/987/176 1461/904/176
f 1459/998/177 1453/949/177 1452/948/177
f 1456/972/176 1454/980/176 1457/973/176
f 1336/991/123 1469/923/123 1442/996/123
f 1470/999/120 1473/1000/120 1472/1000/120
f 1475/1001/123 1477/1002/123 1476/1001/123
f 1477/1002/137 1472/1000/137 1473/1000/137
f 1475/1001/138 1471/999/138 1470/999/138
f 1476/1001/178 1473/1000/178 1471/999/178
f 1474/1002/179 1470/999/179 1472/1000/179
f 1480/1003/121 1479/1004/121 1478/1003/121
f 1484/1005/180 1482/1006/180 1483/1007/180
f 1481/1004/120 1484/1005/120 1479/1004/120
f 1480/1003/123 1483/1007/123 1482/1006/123
f 1480/1003/137 1485/1008/137 1481/1004/137
f 1479/1004/138 1483/1007/138 1478/1003/138
f 1487/1004/121 1488/1003/121 1486/1003/121
f 1490/1006/181 1492/1005/181 1491/1007/181
f 1492/1005/120 1489/1004/120 1487/1004/120
f 1488/1003/123 1491/1007/123 1486/1003/123
f 1493/1008/138 1488/1003/138 1489/1004/138
f 1491/1007/137 1487/1004/137 1486/1003/137
f 1494/1009/123 1497/1010/123 1496/1011/123
f 1498/1009/120 1501/1010/120 1499/1012/120
f 1497/1010/182 1500/1011/182 1496/1011/182
f 1494/1009/183 1499/1012/183 1495/1012/183
f 1496/1011/184 1498/1009/184 1494/1009/184
f 1502/1009/123 1505/1010/123 1504/1011/123
f 1506/1009/120 1509/1010/120 1507/1012/120
f 1505/1010/182 1508/1011/182 1504/1011/182
f 1502/1009/183 1507/1012/183 1503/1012/183
f 1504/1011/184 1506/1009/184 1502/1009/184
f 1516/1013/120 1514/1014/120 1515/1015/120
f 1513/1016/185 1516/1013/185 1511/1017/185
f 1512/1018/186 1515/1015/186 1514/1014/186
f 1523/1018/187 1520/1015/187 1525/1019/187
f 1519/1013/188 1522/1016/188 1524/1017/188
f 1521/1014/123 1519/1013/123 1520/1015/123
f 1530/1020/123 1532/1021/123 1531/1022/123
f 1532/1021/189 1529/1023/189 1527/1024/189
f 1528/1025/190 1531/1022/190 1526/1026/190
f 1538/1027/120 1540/1028/120 1539/1029/120
f 1540/1028/191 1537/1030/191 1535/1031/191
f 1536/1032/192 1539/1029/192 1534/1033/192
f 1544/1034/121 1543/1035/121 1542/1034/121
f 1548/1036/193 1546/1037/193 1547/1038/193
f 1545/1035/120 1548/1036/120 1543/1035/120
f 1544/1034/123 1547/1038/123 1546/1037/123
f 1544/1034/137 1549/1039/137 1545/1035/137
f 1543/1035/138 1547/1038/138 1542/1034/138
f 1551/1035/121 1552/1034/121 1550/1034/121
f 1554/1037/194 1556/1040/194 1555/1041/194
f 1556/1040/120 1553/1035/120 1551/1035/120
f 1552/1034/123 1555/1041/123 1550/1034/123
f 1557/1039/138 1552/1034/138 1553/1035/138
f 1555/1041/137 1551/1035/137 1550/1034/137
f 1560/1042/137 1565/1043/137 1561/1044/137
f 1559/1044/138 1562/1045/138 1558/1042/138
f 1561/1044/120 1563/1046/120 1559/1044/120
f 1560/1042/123 1562/1045/123 1564/1047/123
f 1573/1048/137 1568/1049/137 1569/1050/137
f 1570/1051/138 1567/1050/138 1566/1049/138
f 1571/1052/123 1569/1050/123 1567/1050/123
f 1568/1049/120 1570/1051/120 1566/1049/120
f 1577/1053/137 1580/1054/137 1581/1055/137
f 1575/1053/138 1578/1054/138 1574/1056/138
f 1577/1053/121 1579/1055/121 1575/1053/121
f 1574/1056/122 1580/1054/122 1576/1056/122
f 1585/1057/137 1588/1058/137 1589/1059/137
f 1583/1057/138 1586/1058/138 1582/1060/138
f 1585/1057/121 1587/1059/121 1583/1057/121
f 1582/1060/122 1588/1058/122 1584/1060/122
f 1593/1061/137 1596/1062/137 1597/1061/137
f 1591/1063/138 1594/1064/138 1590/1064/138
f 1593/1061/121 1595/1063/121 1591/1063/121
f 1590/1064/122 1596/1062/122 1592/1062/122
f 1601/1065/137 1604/1066/137 1605/1067/137
f 1598/1068/138 1603/1069/138 1602/1070/138
f 1601/1065/120 1603/1069/120 1599/1065/120
f 1600/1068/123 1602/1070/123 1604/1066/123
f 1600/1068/121 1599/1065/121 1598/1068/121
f 1609/1071/120 1612/1072/120 1607/1071/120
f 1606/1073/123 1610/1074/123 1608/1073/123
f 1609/1071/137 1610/1074/137 1613/1072/137
f 1607/1071/138 1611/1074/138 1606/1073/138
f 1617/1075/120 1620/1076/120 1615/1075/120
f 1614/1077/123 1618/1078/123 1616/1077/123
f 1617/1075/137 1618/1078/137 1621/1076/137
f 1615/1075/138 1619/1078/138 1614/1077/138
f 1625/1079/120 1628/1080/120 1623/1079/120
f 1622/1081/123 1626/1082/123 1624/1081/123
f 1624/1081/137 1629/1080/137 1625/1079/137
f 1623/1079/138 1627/1082/138 1622/1081/138
f 1633/1083/120 1636/1084/120 1631/1083/120
f 1630/1085/123 1634/1086/123 1632/1085/123
f 1632/1085/137 1637/1084/137 1633/1083/137
f 1631/1083/138 1635/1086/138 1630/1085/138
f 1641/1087/120 1644/1088/120 1639/1087/120
f 1638/1089/123 1642/1090/123 1640/1089/123
f 1640/1089/137 1645/1088/137 1641/1087/137
f 1639/1087/138 1643/1090/138 1638/1089/138
f 1649/1091/120 1652/1092/120 1647/1091/120
f 1646/1093/123 1650/1094/123 1648/1093/123
f 1648/1093/137 1653/1092/137 1649/1091/137
f 1647/1091/138 1651/1094/138 1646/1093/138
f 1657/1095/120 1660/1096/120 1655/1095/120
f 1654/1097/123 1658/1098/123 1656/1097/123
f 1656/1097/137 1661/1096/137 1657/1095/137
f 1655/1095/138 1659/1098/138 1654/1097/138
f 1665/1099/120 1668/1100/120 1663/1099/120
f 1662/1101/123 1666/1102/123 1664/1101/123
f 1664/1101/137 1669/1100/137 1665/1099/137
f 1663/1099/138 1667/1102/138 1662/1101/138
f 1674/1103/122 1699/1104/122 1708/1105/122
f 1681/1106/122 1676/1107/122 1672/1108/122
f 1685/1109/122 1693/1110/122 1682/1111/122
f 1709/1112/122 1701/1113/122 1710/1114/122
f 1679/1115/122 1689/1116/122 1680/1117/122
f 1687/1118/122 1695/1119/122 1684/1120/122
f 1670/1121/122 1697/1122/122 1686/1123/122
f 1717/1124/122 1673/1125/122 1677/1126/122
f 1715/1127/122 1707/1128/122 1716/1129/122
f 1713/1130/122 1705/1131/122 1714/1132/122
f 1711/1133/122 1703/1134/122 1712/1135/122
f 1683/1136/122 1691/1137/122 1678/1138/122
f 1763/1104/121 1720/1103/121 1762/1105/121
f 1722/1107/121 1729/1106/121 1723/1108/121
f 1735/1110/121 1741/1109/121 1734/1111/121
f 1759/1113/121 1765/1112/121 1758/1114/121
f 1727/1116/121 1733/1115/121 1726/1117/121
f 1739/1119/121 1745/1118/121 1738/1120/121
f 1743/1122/121 1724/1121/121 1742/1123/121
f 1718/1125/121 1749/1124/121 1719/1126/121
f 1747/1128/121 1753/1127/121 1746/1129/121
f 1751/1131/121 1757/1130/121 1750/1132/121
f 1755/1134/121 1761/1133/121 1754/1135/121
f 1731/1137/121 1737/1136/121 1730/1138/121
f 1743/1122/123 1686/1123/123 1697/1122/123
f 1764/1139/137 1701/1113/137 1698/1139/137
f 1726/1117/138 1679/1115/138 1680/1117/138
f 1745/1118/120 1696/1140/120 1687/1118/120
f 1754/1135/138 1711/1133/138 1712/1135/138
f 1718/1125/123 1677/1126/123 1673/1125/123
f 1732/1141/137 1689/1116/137 1690/1141/137
f 1747/1128/123 1716/1129/123 1707/1128/123
f 1700/1142/137 1755/1134/137 1703/1134/137
f 1720/1103/120 1671/1143/120 1674/1103/120
f 1723/1108/138 1681/1106/138 1672/1108/138
f 1749/1124/120 1706/1144/120 1717/1124/120
f 1750/1132/138 1713/1130/138 1714/1132/138
f 1722/1107/123 1672/1108/123 1676/1107/123
f 1688/1145/137 1722/1107/137 1676/1107/137
f 1751/1131/123 1714/1132/123 1705/1131/123
f 1756/1146/137 1705/1131/137 1702/1146/137
f 1724/1121/120 1675/1147/120 1670/1121/120
f 1734/1111/138 1685/1109/138 1682/1111/138
f 1753/1127/120 1704/1148/120 1715/1127/120
f 1746/1129/138 1715/1127/138 1716/1129/138
f 1727/1116/123 1680/1117/123 1689/1116/123
f 1694/1149/137 1735/1110/137 1693/1110/137
f 1755/1134/123 1712/1135/123 1703/1134/123
f 1752/1148/137 1707/1128/137 1704/1148/137
f 1729/1106/120 1688/1145/120 1681/1106/120
f 1738/1120/138 1687/1118/138 1684/1120/138
f 1757/1130/120 1702/1146/120 1713/1130/120
f 1719/1126/138 1717/1124/138 1677/1126/138
f 1731/1137/123 1678/1138/123 1691/1137/123
f 1744/1140/137 1695/1119/137 1696/1140/137
f 1759/1113/123 1710/1114/123 1701/1113/123
f 1706/1144/137 1718/1125/137 1673/1125/137
f 1733/1115/120 1690/1141/120 1679/1115/120
f 1742/1123/138 1670/1121/138 1686/1123/138
f 1761/1133/120 1700/1142/120 1711/1133/120
f 1735/1110/123 1682/1111/123 1693/1110/123
f 1675/1147/137 1743/1122/137 1697/1122/137
f 1763/1104/123 1708/1105/123 1699/1104/123
f 1737/1136/120 1692/1150/120 1683/1136/120
f 1762/1105/138 1674/1103/138 1708/1105/138
f 1765/1112/120 1698/1139/120 1709/1112/120
f 1739/1119/123 1684/1120/123 1695/1119/123
f 1671/1143/137 1763/1104/137 1699/1104/137
f 1730/1138/138 1683/1136/138 1678/1138/138
f 1741/1109/120 1694/1149/120 1685/1109/120
f 1758/1114/138 1709/1112/138 1710/1114/138
f 1736/1150/137 1691/1137/137 1692/1150/137
f 1769/1151/122 1766/1152/122 1767/1153/122
f 1770/1152/121 1773/1151/121 1771/1153/121
f 1770/1152/138 1767/1153/138 1766/1152/138
f 1773/1151/137 1768/1154/137 1769/1151/137
f 1771/1153/120 1769/1151/120 1767/1153/120
f 1772/1154/123 1766/1152/123 1768/1154/123
f 1849/1155/122 1781/1156/122 1846/1157/122
f 1815/1158/122 1775/1159/122 1774/1160/122
f 1817/1161/122 1813/1162/122 1814/1163/122
f 1819/1164/122 1811/1165/122 1816/1166/122
f 1821/1167/122 1809/1168/122 1818/1169/122
f 1823/1170/122 1807/1171/122 1820/1172/122
f 1825/1173/122 1805/1174/122 1822/1175/122
f 1827/1176/122 1803/1177/122 1824/1178/122
f 1829/1179/122 1801/1180/122 1826/1181/122
f 1831/1182/122 1799/1183/122 1828/1184/122
f 1833/1185/122 1797/1186/122 1830/1187/122
f 1835/1188/122 1795/1189/122 1832/1190/122
f 1837/1191/122 1793/1192/122 1834/1193/122
f 1839/1194/122 1791/1195/122 1836/1196/122
f 1841/1197/122 1789/1198/122 1838/1199/122
f 1843/1200/122 1787/1201/122 1840/1202/122
f 1845/1203/122 1785/1204/122 1842/1205/122
f 1847/1206/122 1783/1207/122 1844/1208/122
f 1776/1209/122 1779/1210/122 1848/1211/122
f 1919/1156/121 1925/1155/121 1918/1157/121
f 1850/1159/121 1857/1158/121 1851/1160/121
f 1855/1162/121 1861/1161/121 1854/1163/121
f 1859/1165/121 1865/1164/121 1858/1166/121
f 1863/1168/121 1869/1167/121 1862/1169/121
f 1867/1171/121 1873/1170/121 1866/1172/121
f 1871/1174/121 1877/1173/121 1870/1175/121
f 1875/1177/121 1881/1176/121 1874/1178/121
f 1879/1180/121 1885/1179/121 1878/1181/121
f 1883/1183/121 1889/1182/121 1882/1184/121
f 1887/1186/121 1893/1185/121 1886/1187/121
f 1891/1189/121 1897/1188/121 1890/1190/121
f 1895/1192/121 1901/1191/121 1894/1193/121
f 1899/1195/121 1905/1194/121 1898/1196/121
f 1903/1198/121 1909/1197/121 1902/1199/121
f 1907/1201/121 1913/1200/121 1906/1202/121
f 1911/1204/121 1917/1203/121 1910/1205/121
f 1915/1207/121 1921/1206/121 1914/1208/121
f 1923/1210/121 1852/1209/121 1922/1211/121
f 1874/1178/138 1827/1176/138 1824/1178/138
f 1923/1210/123 1848/1211/123 1779/1210/123
f 1871/1174/123 1822/1175/123 1805/1174/123
f 1880/1212/137 1803/1177/137 1800/1212/137
f 1925/1155/120 1778/1213/120 1849/1155/120
f 1873/1170/120 1804/1214/120 1823/1170/120
f 1870/1175/138 1825/1173/138 1822/1175/138
f 1922/1211/138 1776/1209/138 1848/1211/138
f 1875/1177/123 1824/1178/123 1803/1177/123
f 1876/1215/137 1805/1174/137 1802/1215/137
f 1853/1216/137 1779/1210/137 1777/1216/137
f 1877/1173/120 1802/1215/120 1825/1173/120
f 1866/1172/138 1823/1170/138 1820/1172/138
f 1918/1157/138 1849/1155/138 1846/1157/138
f 1879/1180/123 1826/1181/123 1801/1180/123
f 1872/1214/137 1807/1171/137 1804/1214/137
f 1924/1213/137 1781/1156/137 1778/1213/137
f 1881/1176/120 1800/1212/120 1827/1176/120
f 1862/1169/138 1821/1167/138 1818/1169/138
f 1914/1208/138 1847/1206/138 1844/1208/138
f 1883/1183/123 1828/1184/123 1799/1183/123
f 1868/1217/137 1809/1168/137 1806/1217/137
f 1920/1218/137 1783/1207/137 1780/1218/137
f 1885/1179/120 1798/1219/120 1829/1179/120
f 1858/1166/138 1819/1164/138 1816/1166/138
f 1910/1205/138 1845/1203/138 1842/1205/138
f 1887/1186/123 1830/1187/123 1797/1186/123
f 1864/1220/137 1811/1165/137 1808/1220/137
f 1916/1221/137 1785/1204/137 1782/1221/137
f 1889/1182/120 1796/1222/120 1831/1182/120
f 1854/1163/138 1817/1161/138 1814/1163/138
f 1906/1202/138 1843/1200/138 1840/1202/138
f 1891/1189/123 1832/1190/123 1795/1189/123
f 1860/1223/137 1813/1162/137 1810/1223/137
f 1912/1224/137 1787/1201/137 1784/1224/137
f 1893/1185/120 1794/1225/120 1833/1185/120
f 1851/1160/138 1815/1158/138 1774/1160/138
f 1902/1199/138 1841/1197/138 1838/1199/138
f 1895/1192/123 1834/1193/123 1793/1192/123
f 1856/1226/137 1775/1159/137 1812/1226/137
f 1908/1227/137 1789/1198/137 1786/1227/137
f 1897/1188/120 1792/1228/120 1835/1188/120
f 1898/1196/138 1839/1194/138 1836/1196/138
f 1899/1195/123 1836/1196/123 1791/1195/123
f 1904/1229/137 1791/1195/137 1788/1229/137
f 1901/1191/120 1790/1230/120 1837/1191/120
f 1894/1193/138 1837/1191/138 1834/1193/138
f 1903/1198/123 1838/1199/123 1789/1198/123
f 1850/1159/123 1774/1160/123 1775/1159/123
f 1900/1230/137 1793/1192/137 1790/1230/137
f 1905/1194/120 1788/1229/120 1839/1194/120
f 1852/1209/120 1777/1216/120 1776/1209/120
f 1890/1190/138 1835/1188/138 1832/1190/138
f 1907/1201/123 1840/1202/123 1787/1201/123
f 1855/1162/123 1814/1163/123 1813/1162/123
f 1896/1228/137 1795/1189/137 1792/1228/137
f 1909/1197/120 1786/1227/120 1841/1197/120
f 1857/1158/120 1812/1226/120 1815/1158/120
f 1886/1187/138 1833/1185/138 1830/1187/138
f 1911/1204/123 1842/1205/123 1785/1204/123
f 1859/1165/123 1816/1166/123 1811/1165/123
f 1892/1225/137 1797/1186/137 1794/1225/137
f 1913/1200/120 1784/1224/120 1843/1200/120
f 1861/1161/120 1810/1223/120 1817/1161/120
f 1882/1184/138 1831/1182/138 1828/1184/138
f 1915/1207/123 1844/1208/123 1783/1207/123
f 1863/1168/123 1818/1169/123 1809/1168/123
f 1888/1222/137 1799/1183/137 1796/1222/137
f 1917/1203/120 1782/1221/120 1845/1203/120
f 1865/1164/120 1808/1220/120 1819/1164/120
f 1878/1181/138 1829/1179/138 1826/1181/138
f 1919/1156/123 1846/1157/123 1781/1156/123
f 1867/1171/123 1820/1172/123 1807/1171/123
f 1884/1219/137 1801/1180/137 1798/1219/137
f 1921/1206/120 1780/1218/120 1847/1206/120
f 1869/1167/120 1806/1217/120 1821/1167/120
f 1929/1231/122 1927/1232/122 1926/1233/122
f 1930/1232/121 1933/1231/121 1931/1233/121
f 1931/1233/138 1929/1231/138 1926/1233/138
f 1932/1234/137 1927/1232/137 1928/1234/137
f 1930/1232/123 1926/1233/123 1927/1232/123
f 1933/1231/120 1928/1234/120 1929/1231/120
f 1937/1235/122 1935/1236/122 1934/1237/122
f 1938/1236/121 1941/1235/121 1939/1237/121
f 1939/1237/138 1937/1235/138 1934/1237/138
f 1940/1238/137 1935/1236/137 1936/1238/137
f 1938/1236/123 1934/1237/123 1935/1236/123
f 1941/1235/120 1936/1238/120 1937/1235/120
f 1945/1239/122 1943/1240/122 1942/1241/122
f 1946/1240/121 1949/1239/121 1947/1241/121
f 1947/1241/138 1945/1239/138 1942/1241/138
f 1948/1242/137 1943/1240/137 1944/1242/137
f 1946/1240/123 1942/1241/123 1943/1240/123
f 1949/1239/120 1944/1242/120 1945/1239/120
f 1953/1243/137 1954/1244/137 1955/1245/137
f 1951/1246/138 1956/1247/138 1957/1248/138
f 1952/1249/120 1955/1245/120 1956/1247/120
f 1950/1250/123 1957/1248/123 1954/1244/123
f 1957/1248/122 1955/1245/122 1954/1244/122
f 1962/1251/138 1958/1252/138 1959/1253/138
f 1961/1254/123 1963/1251/123 1960/1254/123
f 1965/1255/137 1967/1253/137 1964/1252/137
f 1964/1252/120 1959/1253/120 1958/1252/120
f 1968/1256/138 1972/1257/138 1969/1258/138
f 1973/1257/120 1971/1259/120 1970/1259/120
f 1977/1258/137 1975/1260/137 1974/1256/137
f 1969/1258/123 1974/1256/123 1968/1256/123
f 1978/1252/137 1982/1251/137 1979/1253/137
f 1983/1251/123 1981/1254/123 1980/1254/123
f 1987/1253/138 1985/1255/138 1984/1252/138
f 1979/1253/120 1984/1252/120 1978/1252/120
f 1992/1257/137 1988/1256/137 1989/1258/137
f 1991/1259/120 1993/1257/120 1990/1259/120
f 1995/1260/138 1997/1258/138 1994/1256/138
f 1994/1256/123 1989/1258/123 1988/1256/123
f 1999/1261/122 2000/1262/122 1998/1262/122
f 2002/1263/121 2004/1264/121 2003/1263/121
f 2004/1264/120 2001/1261/120 1999/1261/120
f 2007/1265/122 2008/1266/122 2006/1266/122
f 2010/1267/121 2012/1268/121 2011/1267/121
f 2012/1268/120 2009/1265/120 2007/1265/120
f 2014/1269/138 2017/1270/138 2016/1271/138
f 2019/1269/137 2021/1270/137 2020/1272/137
f 2021/1270/195 2016/1271/195 2017/1270/195
f 2020/1272/120 2017/1270/120 2015/1272/120
f 2022/1269/137 2025/1270/137 2023/1272/137
f 2027/1269/138 2029/1270/138 2026/1271/138
f 2024/1271/195 2029/1270/195 2025/1270/195
f 2023/1272/120 2029/1270/120 2028/1272/120
f 2080/1273/122 2126/1274/122 2123/1275/122
f 2041/1276/122 2195/1277/122 2038/1278/122
f 2082/1279/122 2130/1280/122 2127/1281/122
f 2084/1282/122 2134/1283/122 2131/1284/122
f 2086/1285/122 2138/1286/122 2135/1287/122
f 2088/1288/122 2142/1289/122 2139/1290/122
f 2090/1291/122 2146/1292/122 2143/1293/122
f 2092/1294/122 2150/1295/122 2147/1296/122
f 2094/1297/122 2154/1298/122 2151/1299/122
f 2096/1300/122 2158/1301/122 2155/1302/122
f 2098/1303/122 2162/1304/122 2159/1305/122
f 2100/1306/122 2166/1307/122 2163/1308/122
f 2102/1309/122 2170/1310/122 2167/1311/122
f 2104/1312/122 2174/1313/122 2171/1314/122
f 2106/1315/122 2178/1316/122 2175/1317/122
f 2108/1318/122 2182/1319/122 2179/1320/122
f 2110/1321/122 2186/1322/122 2183/1323/122
f 2112/1324/122 2190/1325/122 2187/1326/122
f 2114/1327/122 2196/1328/122 2191/1329/122
f 2116/1330/122 2037/1331/122 2197/1332/122
f 2031/1333/122 2118/1334/122 2034/1335/122
f 2030/1336/122 2121/1337/122 2076/1338/122
f 2077/1339/122 2125/1340/122 2074/1341/122
f 2124/1342/122 2072/1343/122 2075/1344/122
f 2128/1345/122 2070/1346/122 2073/1347/122
f 2132/1348/122 2068/1349/122 2071/1350/122
f 2069/1351/122 2141/1352/122 2066/1353/122
f 2140/1354/122 2064/1355/122 2067/1356/122
f 2144/1357/122 2062/1358/122 2065/1359/122
f 2148/1360/122 2060/1361/122 2063/1362/122
f 2152/1363/122 2058/1364/122 2061/1365/122
f 2156/1366/122 2056/1367/122 2059/1368/122
f 2160/1369/122 2054/1370/122 2057/1371/122
f 2164/1372/122 2052/1373/122 2055/1374/122
f 2168/1375/122 2050/1376/122 2053/1377/122
f 2172/1378/122 2048/1379/122 2051/1380/122
f 2176/1381/122 2046/1382/122 2049/1383/122
f 2180/1384/122 2044/1385/122 2047/1386/122
f 2045/1387/122 2189/1388/122 2042/1389/122
f 2188/1390/122 2040/1391/122 2043/1392/122
f 2078/1393/122 2122/1394/122 2119/1395/122
f 2039/1396/122 2036/1397/122 2032/1398/122
f 2199/1399/122 2204/1400/122 2200/1401/122
f 2201/1402/122 2202/1403/122 2198/1404/122
f 2207/1405/122 2212/1406/122 2208/1407/122
f 2209/1408/122 2210/1409/122 2206/1410/122
f 2218/1411/121 2220/1412/121 2219/1412/121
f 2219/1412/138 2215/1413/138 2214/1413/138
f 2220/1412/120 2217/1414/120 2215/1413/120
f 2218/1411/123 2214/1413/123 2216/1414/123
f 2221/1411/137 2216/1414/137 2217/1414/137
f 2226/1415/121 2228/1416/121 2227/1416/121
f 2227/1416/138 2223/1417/138 2222/1417/138
f 2228/1416/120 2225/1418/120 2223/1417/120
f 2226/1415/123 2222/1417/123 2224/1418/123
f 2229/1415/137 2224/1418/137 2225/1418/137
f 2232/1419/137 2231/1420/137 2230/1420/137
f 2236/1421/138 2234/1422/138 2235/1421/138
f 2232/1419/122 2237/1422/122 2233/1419/122
f 2231/1420/121 2235/1421/121 2230/1420/121
f 2233/1419/120 2236/1421/120 2231/1420/120
f 2230/1420/123 2234/1422/123 2232/1419/123
f 2240/1423/121 2239/1424/121 2238/1423/121
f 2244/1425/122 2242/1426/122 2243/1426/122
f 2240/1423/137 2245/1425/137 2241/1424/137
f 2239/1424/138 2243/1426/138 2238/1423/138
f 2241/1424/120 2244/1425/120 2239/1424/120
f 2238/1423/123 2242/1426/123 2240/1423/123
f 2253/1427/123 2249/1428/123 2251/1427/123
f 2250/1429/120 2247/1430/120 2252/1429/120
f 2252/1429/138 2248/1428/138 2253/1427/138
f 2251/1427/137 2246/1430/137 2250/1429/137
f 2247/1430/122 2249/1428/122 2248/1428/122
f 2251/1427/121 2252/1429/121 2253/1427/121
f 2261/1431/138 2255/1425/138 2256/1429/138
f 2259/1431/137 2254/1425/137 2258/1432/137
f 2255/1425/120 2257/1429/120 2256/1429/120
f 2259/1431/123 2260/1432/123 2261/1431/123
f 2269/1427/138 2263/1433/138 2264/1434/138
f 2267/1427/137 2262/1433/137 2266/1426/137
f 2263/1433/120 2265/1434/120 2264/1434/120
f 2267/1427/123 2268/1426/123 2269/1427/123
f 2275/1435/138 2270/1436/138 2274/1437/138
f 2276/1438/138 2273/1431/138 2277/1439/138
f 2277/1439/138 2271/1434/138 2275/1435/138
f 2274/1437/138 2272/1440/138 2276/1438/138
f 2278/1436/137 2283/1435/137 2282/1437/137
f 2281/1431/137 2284/1438/137 2285/1439/137
f 2279/1434/137 2285/1439/137 2283/1435/137
f 2280/1440/137 2282/1437/137 2284/1438/137
f 2274/1437/120 2283/1435/120 2275/1435/120
f 2277/1439/123 2284/1438/123 2276/1438/123
f 2275/1435/121 2285/1439/121 2277/1439/121
f 2276/1438/122 2282/1437/122 2274/1437/122
f 2289/1441/138 2287/1442/138 2286/1443/138
f 2292/1444/137 2290/1443/137 2291/1442/137
f 2288/1444/121 2291/1442/121 2287/1442/121
f 2290/1443/122 2289/1441/122 2286/1443/122
f 2295/1445/138 2301/1446/138 2300/1447/138
f 2298/1448/138 2296/1449/138 2299/1450/138
f 2302/1451/137 2308/1447/137 2309/1446/137
f 2304/1449/137 2306/1448/137 2307/1450/137
f 2294/1451/120 2309/1446/120 2301/1446/120
f 2307/1450/120 2296/1449/120 2304/1449/120
f 2303/1445/123 2300/1447/123 2308/1447/123
f 2305/1452/123 2298/1448/123 2306/1448/123
f 2311/1453/121 2312/1454/121 2310/1454/121
f 2314/1455/122 2316/1456/122 2315/1455/122
f 2317/1456/138 2312/1454/138 2313/1453/138
f 2315/1455/137 2311/1453/137 2310/1454/137
f 2316/1456/120 2313/1453/120 2311/1453/120
f 2314/1455/123 2310/1454/123 2312/1454/123
f 2321/1457/123 2325/1458/123 2323/1458/123
f 2319/1459/120 2322/1460/120 2324/1460/120
f 2320/1457/137 2324/1460/137 2325/1458/137
f 2318/1459/138 2323/1458/138 2322/1460/138
f 2321/1457/122 2319/1459/122 2320/1457/122
f 2324/1460/121 2323/1458/121 2325/1458/121
f 2333/1461/137 2327/1456/137 2332/1462/137
f 2326/1456/138 2331/1461/138 2330/1462/138
f 2329/1460/120 2327/1456/120 2328/1460/120
f 2332/1462/123 2331/1461/123 2333/1461/123
f 2341/1458/137 2335/1463/137 2340/1455/137
f 2334/1463/138 2339/1458/138 2338/1455/138
f 2337/1464/120 2335/1463/120 2336/1464/120
f 2340/1455/123 2339/1458/123 2341/1458/123
f 2342/1465/137 2347/1466/137 2346/1467/137
f 2345/1461/137 2348/1468/137 2349/1469/137
f 2343/1464/137 2349/1469/137 2347/1466/137
f 2344/1470/137 2346/1467/137 2348/1468/137
f 2355/1466/138 2350/1465/138 2354/1467/138
f 2356/1468/138 2353/1461/138 2357/1469/138
f 2357/1469/138 2351/1464/138 2355/1466/138
f 2354/1467/138 2352/1470/138 2356/1468/138
f 2355/1466/120 2346/1467/120 2347/1466/120
f 2356/1468/123 2349/1469/123 2348/1468/123
f 2357/1469/121 2347/1466/121 2349/1469/121
f 2354/1467/122 2348/1468/122 2346/1467/122
f 2359/1471/137 2361/1472/137 2358/1473/137
f 2362/1473/138 2364/1474/138 2363/1471/138
f 2363/1471/121 2360/1474/121 2359/1471/121
f 2361/1472/122 2362/1473/122 2358/1473/122
f 2373/1475/137 2367/1476/137 2372/1477/137
f 2370/1478/137 2368/1479/137 2369/1480/137
f 2380/1477/138 2374/1481/138 2381/1475/138
f 2378/1478/138 2376/1479/138 2379/1482/138
f 2381/1475/120 2366/1481/120 2373/1475/120
f 2368/1479/120 2379/1482/120 2376/1479/120
f 2372/1477/123 2375/1476/123 2380/1477/123
f 2370/1478/123 2377/1480/123 2378/1478/123
f 2385/1483/196 2384/1484/196 2388/1484/196
f 2385/1483/197 2387/1485/197 2389/1483/197
f 2382/1486/198 2388/1484/198 2384/1484/198
f 2387/1485/199 2386/1486/199 2382/1486/199
f 2393/1487/200 2392/1488/200 2396/1488/200
f 2393/1487/201 2395/1489/201 2397/1487/201
f 2390/1490/202 2396/1488/202 2392/1488/202
f 2395/1489/203 2394/1490/203 2390/1490/203
f 2400/1491/137 2402/1492/137 2401/1492/137
f 2398/1493/120 2403/1491/120 2399/1494/120
f 2416/1495/122 2408/1496/122 2406/1496/122
f 2404/1494/123 2412/1497/123 2405/1493/123
f 2417/1494/122 2403/1491/122 2400/1491/122
f 2405/1493/123 2408/1496/123 2404/1494/123
f 2398/1493/138 2417/1494/138 2414/1493/138
f 2413/1492/204 2411/1498/204 2410/1491/204
f 2401/1492/137 2410/1491/137 2400/1491/137
f 2415/1499/205 2417/1494/205 2416/1495/205
f 2416/1495/120 2407/1500/120 2415/1499/120
f 2410/1491/122 2411/1498/122 2404/1494/122
f 2422/1501/138 2420/1502/138 2421/1501/138
f 2423/1502/120 2418/1503/120 2419/1504/120
f 2432/1505/122 2408/1496/122 2424/1504/122
f 2428/1506/123 2424/1504/123 2425/1503/123
f 2433/1504/122 2423/1502/122 2419/1504/122
f 2408/1496/123 2425/1503/123 2424/1504/123
f 2433/1504/137 2418/1503/137 2430/1503/137
f 2427/1507/206 2429/1501/206 2426/1502/206
f 2426/1502/138 2421/1501/138 2420/1502/138
f 2433/1504/207 2431/1508/207 2432/1505/207
f 2407/1500/120 2432/1505/120 2431/1508/120
f 2426/1502/122 2420/1502/122 2424/1504/122
f 2436/1509/121 2435/1510/121 2437/1510/121
f 2437/1510/120 2445/1511/120 2436/1509/120
f 2441/1512/122 2443/1513/122 2442/1512/122
f 2446/1514/121 2439/1515/121 2449/1515/121
f 2444/1516/122 2453/1511/122 2445/1511/122
f 2447/1517/124 2449/1515/124 2448/1518/124
f 2448/1518/120 2443/1513/120 2447/1517/120
f 2453/1511/121 2451/1516/121 2450/1511/121
f 2450/1511/138 2454/1519/138 2453/1511/138
f 2452/1516/137 2461/1520/137 2451/1516/137
f 2451/1516/120 2458/1519/120 2450/1511/120
f 2460/1521/122 2455/1522/122 2459/1522/122
f 2456/1521/131 2454/1519/131 2455/1522/131
f 2455/1522/146 2458/1519/146 2459/1522/146
f 2460/1521/148 2457/1520/148 2456/1521/148
f 2460/1521/128 2458/1519/128 2461/1520/128
f 2468/1523/120 2466/1524/120 2467/1525/120
f 2473/1524/121 2469/1526/121 2470/1526/121
f 2473/1524/137 2467/1525/137 2466/1524/137
f 2471/1523/122 2467/1525/122 2472/1525/122
f 2470/1526/138 2468/1523/138 2471/1523/138
f 2463/1527/120 2470/1528/120 2471/1529/120
f 2463/1527/120 2472/1530/120 2464/1531/120
f 2462/1532/120 2473/1533/120 2470/1528/120
f 2464/1531/120 2473/1533/120 2465/1534/120
f 2514/1535/121 2527/1536/121 2515/1537/121
f 2491/1538/205 2539/1539/205 2490/1540/205
f 2515/1537/121 2528/1541/121 2516/1542/121
f 2547/1543/208 2525/1544/208 2524/1545/208
f 2531/1544/209 2556/1543/209 2532/1545/209
f 2487/1546/210 2546/1547/210 2497/1548/210
f 2516/1542/121 2529/1536/121 2517/1537/121
f 2493/1538/211 2541/1549/211 2492/1550/211
f 2518/1535/121 2529/1536/121 2530/1551/121
f 2488/1552/207 2534/1547/207 2486/1548/207
f 2476/1553/212 2501/1554/212 2477/1555/212
f 2511/1556/121 2522/1557/121 2523/1558/121
f 2519/1544/121 2530/1551/121 2531/1544/121
f 2474/1559/122 2486/1548/122 2487/1546/122
f 2475/1560/122 2488/1552/122 2486/1548/122
f 2476/1553/122 2489/1555/122 2488/1552/122
f 2478/1561/122 2489/1555/122 2477/1555/122
f 2479/1562/122 2490/1540/122 2478/1561/122
f 2480/1563/213 2491/1538/213 2479/1562/213
f 2480/1563/122 2493/1538/122 2492/1550/122
f 2481/1562/122 2494/1540/122 2493/1538/122
f 2482/1561/122 2495/1555/122 2494/1540/122
f 2484/1553/122 2495/1555/122 2483/1555/122
f 2485/1560/122 2496/1552/122 2484/1553/122
f 2474/1559/122 2497/1548/122 2485/1560/122
f 2502/1564/122 2500/1565/122 2508/1565/122
f 2483/1555/214 2508/1566/214 2484/1553/214
f 2480/1563/211 2505/1567/211 2481/1562/211
f 2477/1555/209 2502/1568/209 2478/1561/209
f 2485/1560/204 2508/1566/204 2509/1569/204
f 2474/1559/215 2498/1569/215 2475/1560/215
f 2481/1562/206 2506/1568/206 2482/1561/206
f 2478/1561/205 2503/1567/205 2479/1562/205
f 2485/1560/210 2499/1570/210 2474/1559/210
f 2475/1560/207 2500/1566/207 2476/1553/207
f 2482/1561/208 2507/1554/208 2483/1555/208
f 2479/1562/216 2504/1571/216 2480/1563/216
f 2558/1572/216 2510/1573/216 2569/1574/216
f 2520/1575/205 2558/1572/205 2568/1576/205
f 2559/1577/209 2520/1575/209 2568/1576/209
f 2518/1578/212 2559/1577/212 2567/1579/212
f 2517/1580/207 2567/1579/207 2566/1581/207
f 2516/1582/215 2566/1581/215 2565/1583/215
f 2515/1580/210 2565/1583/210 2564/1581/210
f 2514/1578/204 2564/1581/204 2563/1579/204
f 2513/1584/214 2563/1579/214 2562/1577/214
f 2560/1576/208 2513/1584/208 2562/1577/208
f 2511/1585/206 2560/1576/206 2561/1572/206
f 2569/1574/211 2511/1585/211 2561/1572/211
f 2536/1586/206 2524/1545/206 2523/1558/206
f 2550/1587/214 2526/1551/214 2525/1544/214
f 2551/1588/204 2527/1536/204 2526/1551/204
f 2553/1589/210 2528/1541/210 2527/1536/210
f 2554/1590/215 2529/1536/215 2528/1541/215
f 2548/1588/207 2529/1536/207 2555/1589/207
f 2548/1588/212 2531/1544/212 2530/1551/212
f 2556/1543/205 2533/1558/205 2532/1545/205
f 2557/1586/216 2522/1557/216 2533/1558/216
f 2510/1591/121 2533/1558/121 2522/1557/121
f 2513/1544/121 2526/1551/121 2514/1535/121
f 2520/1592/121 2533/1558/121 2521/1556/121
f 2495/1555/208 2543/1539/208 2494/1540/208
f 2513/1544/121 2524/1545/121 2525/1544/121
f 2519/1544/121 2532/1545/121 2520/1592/121
f 2490/1540/209 2538/1587/209 2489/1555/209
f 2512/1592/121 2523/1558/121 2524/1545/121
f 2539/1539/122 2553/1589/122 2551/1588/122
f 2535/1593/122 2557/1586/122 2546/1547/122
f 2541/1549/122 2555/1589/122 2554/1590/122
f 2537/1594/122 2536/1586/122 2534/1547/122
f 2544/1587/122 2548/1588/122 2543/1539/122
f 2538/1587/122 2551/1588/122 2550/1587/122
f 2544/1587/122 2556/1543/122 2549/1587/122
f 2538/1587/122 2547/1543/122 2537/1594/122
f 2542/1595/122 2548/1588/122 2555/1589/122
f 2534/1547/122 2552/1596/122 2535/1593/122
f 2540/1595/122 2554/1590/122 2553/1589/122
f 2546/1547/122 2556/1543/122 2545/1594/122
f 2496/1552/214 2544/1587/214 2495/1555/214
f 2489/1555/212 2537/1594/212 2488/1552/212
f 2494/1540/206 2542/1595/206 2493/1538/206
f 2486/1548/215 2535/1593/215 2487/1546/215
f 2492/1550/216 2540/1595/216 2491/1538/216
f 2497/1548/204 2545/1594/204 2496/1552/204
f 2536/1586/211 2522/1557/211 2552/1596/211
f 2562/1577/121 2607/1597/121 2560/1576/121
f 2559/1577/121 2611/1598/121 2567/1579/121
f 2559/1577/121 2610/1597/121 2605/1577/121
f 2567/1579/121 2618/1599/121 2566/1581/121
f 2568/1576/121 2602/1600/121 2610/1597/121
f 2566/1581/121 2617/1601/121 2565/1583/121
f 2558/1572/121 2614/1602/121 2602/1600/121
f 2565/1583/121 2616/1599/121 2564/1581/121
f 2569/1574/121 2613/1600/121 2614/1602/121
f 2564/1581/121 2615/1598/121 2563/1579/121
f 2561/1572/121 2607/1597/121 2613/1600/121
f 2562/1577/121 2615/1598/121 2612/1577/121
f 2571/1603/217 2574/1604/217 2570/1605/217
f 2573/1606/218 2571/1603/218 2625/1607/218
f 2572/1608/219 2577/1609/219 2574/1604/219
f 2576/1610/220 2572/1608/220 2573/1606/220
f 2575/1611/221 2580/1612/221 2577/1609/221
f 2579/1613/222 2575/1611/222 2576/1610/222
f 2578/1614/223 2583/1615/223 2580/1612/223
f 2582/1616/224 2578/1614/224 2579/1613/224
f 2584/1617/225 2583/1615/225 2581/1618/225
f 2582/1616/226 2584/1617/226 2581/1618/226
f 2587/1619/227 2586/1620/227 2584/1617/227
f 2585/1621/228 2587/1619/228 2584/1617/228
f 2590/1622/229 2609/1623/229 2588/1624/229
f 2619/1625/230 2588/1624/230 2585/1621/230
f 2620/1626/231 2585/1621/231 2582/1616/231
f 2620/1626/232 2579/1613/232 2621/1627/232
f 2621/1627/233 2576/1610/233 2591/1628/233
f 2591/1628/234 2573/1606/234 2592/1629/234
f 2592/1629/235 2625/1607/235 2622/1630/235
f 2622/1630/236 2594/1631/236 2593/1632/236
f 2593/1632/237 2624/1633/237 2623/1634/237
f 2595/1635/238 2624/1633/238 2596/1636/238
f 2597/1637/239 2596/1636/239 2598/1638/239
f 2608/1639/240 2598/1638/240 2609/1623/240
f 2625/1607/241 2626/1640/241 2594/1631/241
f 2626/1640/242 2570/1605/242 2606/1641/242
f 2594/1631/243 2627/1642/243 2624/1633/243
f 2627/1642/244 2606/1641/244 2604/1643/244
f 2596/1636/245 2627/1642/245 2628/1644/245
f 2627/1642/246 2603/1645/246 2628/1644/246
f 2598/1638/247 2628/1644/247 2629/1646/247
f 2628/1644/248 2601/1647/248 2629/1646/248
f 2609/1623/249 2629/1646/249 2600/1648/249
f 2629/1646/250 2599/1649/250 2600/1648/250
f 2588/1624/251 2600/1648/251 2587/1619/251
f 2600/1648/252 2589/1650/252 2587/1619/252
f 2614/1602/253 2589/1650/253 2599/1649/253
f 2613/1600/254 2586/1620/254 2589/1650/254
f 2607/1597/255 2583/1615/255 2586/1620/255
f 2583/1615/256 2615/1598/256 2580/1612/256
f 2580/1612/257 2616/1599/257 2577/1609/257
f 2577/1609/258 2617/1601/258 2574/1604/258
f 2574/1604/259 2618/1599/259 2570/1605/259
f 2570/1605/260 2611/1598/260 2606/1641/260
f 2606/1641/261 2605/1577/261 2604/1643/261
f 2605/1577/262 2603/1645/262 2604/1643/262
f 2610/1597/263 2601/1647/263 2603/1645/263
f 2602/1600/264 2599/1649/264 2601/1647/264
f 2637/1651/210 2640/1652/210 2646/1653/210
f 2660/1654/216 2647/1655/216 2639/1656/216
f 2635/1657/212 2642/1658/212 2648/1659/212
f 2633/1660/216 2644/1661/216 2650/1662/216
f 2658/1663/208 2649/1664/208 2641/1665/208
f 2639/1656/208 2646/1653/208 2640/1652/208
f 2631/1666/208 2638/1667/208 2652/1668/208
f 2656/1669/210 2651/1670/210 2643/1671/210
f 2641/1665/210 2648/1659/210 2642/1658/210
f 2654/1672/212 2653/1673/212 2645/1674/212
f 2643/1671/212 2650/1662/212 2644/1661/212
f 2631/1666/210 2654/1672/210 2655/1675/210
f 2645/1674/216 2652/1668/216 2638/1667/216
f 2633/1660/208 2656/1669/208 2657/1676/208
f 2635/1657/216 2658/1663/216 2659/1677/216
f 2637/1651/212 2660/1654/212 2661/1678/212
f 2670/1679/265 2681/1680/265 2682/1681/265
f 2666/1679/266 2679/1680/266 2667/1682/266
f 2673/1683/267 2674/1684/267 2662/1685/267
f 2664/1686/268 2675/1687/268 2676/1688/268
f 2670/1679/269 2683/1689/269 2671/1690/269
f 2668/1691/270 2679/1680/270 2680/1692/270
f 2665/1690/271 2676/1688/271 2677/1689/271
f 2671/1690/272 2684/1688/272 2672/1686/272
f 2668/1691/273 2681/1680/273 2669/1682/273
f 2666/1679/274 2677/1689/274 2678/1681/274
f 2672/1686/275 2685/1687/275 2673/1683/275
f 2663/1683/276 2674/1684/276 2675/1687/276
f 2682/1681/121 2680/1692/121 2676/1688/121
f 2706/1693/277 2693/1694/277 2694/1695/277
f 2691/1694/278 2702/1693/278 2690/1695/278
f 2686/1696/279 2709/1697/279 2697/1698/279
f 2688/1699/280 2699/1697/280 2687/1698/280
f 2707/1700/281 2694/1695/281 2695/1701/281
f 2704/1702/282 2691/1694/282 2692/1703/282
f 2689/1701/283 2700/1704/283 2688/1699/283
f 2708/1704/284 2695/1701/284 2696/1699/284
f 2693/1694/285 2704/1702/285 2692/1703/285
f 2690/1695/286 2701/1700/286 2689/1701/286
f 2709/1697/287 2696/1699/287 2697/1698/287
f 2699/1697/288 2686/1696/288 2687/1698/288
f 2708/1704/122 2698/1705/122 2702/1693/122
f 2663/1683/289 2686/1696/289 2662/1685/289
f 2663/1683/290 2688/1699/290 2687/1698/290
f 2664/1686/291 2689/1701/291 2688/1699/291
f 2666/1679/292 2689/1701/292 2665/1690/292
f 2667/1682/293 2690/1695/293 2666/1679/293
f 2667/1682/294 2692/1703/294 2691/1694/294
f 2669/1682/295 2692/1703/295 2668/1691/295
f 2670/1679/296 2693/1694/296 2669/1682/296
f 2671/1690/297 2694/1695/297 2670/1679/297
f 2672/1686/298 2695/1701/298 2671/1690/298
f 2672/1686/299 2697/1698/299 2696/1699/299
f 2673/1683/300 2686/1696/300 2697/1698/300
f 2714/1706/122 2716/1707/122 2717/1706/122
f 2716/1707/138 2710/1503/138 2712/1503/138
f 2717/1706/120 2712/1503/120 2713/1493/120
f 2714/1706/137 2713/1493/137 2711/1493/137
f 2715/1707/123 2711/1493/123 2710/1503/123
f 2720/1708/122 2719/1709/122 2718/1708/122
f 2724/1710/121 2722/1711/121 2723/1711/121
f 2721/1709/123 2724/1710/123 2719/1709/123
f 2728/1712/122 2727/1713/122 2726/1712/122
f 2732/1714/121 2730/1715/121 2731/1715/121
f 2729/1713/123 2732/1714/123 2727/1713/123
f 2734/1716/138 2737/1717/138 2735/1718/138
f 2739/1716/137 2741/1717/137 2738/1719/137
f 2736/1719/301 2741/1717/301 2737/1717/301
f 2737/1717/123 2740/1718/123 2735/1718/123
f 2742/1720/137 2745/1717/137 2744/1719/137
f 2747/1720/138 2749/1717/138 2748/1721/138
f 2749/1717/301 2744/1719/301 2745/1717/301
f 2743/1721/123 2749/1717/123 2745/1717/123
f 347/282/120 147/283/120 344/111/120
f 147/283/120 123/112/120 344/111/120
f 125/113/120 150/159/120 301/110/120
f 150/159/120 299/160/120 301/110/120
f 125/113/120 301/110/120 123/112/120
f 128/112/121 129/113/121 125/113/121
f 126/114/122 341/115/122 332/115/122
f 389/116/123 377/306/123 170/117/123
f 131/119/120 376/320/120 378/120/120
f 390/122/122 174/123/122 397/123/122
f 399/125/122 432/124/122 373/124/122
f 373/124/122 391/124/122 177/125/122
f 133/126/120 135/156/120 371/127/120
f 363/129/122 182/130/122 401/130/122
f 139/131/120 368/155/120 366/132/120
f 140/134/120 362/158/120 364/135/120
f 429/137/121 402/138/121 183/138/121
f 143/139/120 357/294/120 360/140/120
f 145/142/120 355/305/120 358/143/120
f 146/145/120 350/296/120 351/146/120
f 157/148/121 314/149/121 467/149/121
f 382/150/121 134/151/121 443/151/121
f 388/152/123 374/275/123 173/153/123
f 368/155/121 139/131/121 445/131/121
f 381/128/123 387/127/123 176/156/123
f 391/124/123 386/281/123 178/157/123
f 477/143/122 446/144/122 142/144/122
f 180/136/123 383/135/123 365/158/123
f 363/129/123 361/137/123 183/138/123
f 359/140/123 356/294/123 185/139/123
f 475/146/122 448/147/122 144/147/122
f 451/159/122 462/160/122 299/160/122
f 352/161/123 348/297/123 189/162/123
f 310/164/123 197/253/123 453/165/123
f 469/167/123 460/312/123 209/168/123
f 168/170/121 330/171/121 329/171/121
f 208/172/122 340/173/122 325/173/122
f 425/174/120 414/311/120 169/175/120
f 206/177/122 342/178/122 326/178/122
f 423/179/120 412/309/120 167/172/120
f 471/180/123 458/314/123 204/181/123
f 164/183/121 333/184/121 337/184/121
f 323/185/120 161/190/120 411/186/120
f 163/181/121 322/182/121 339/182/121
f 318/189/122 162/188/122 319/189/122
f 162/188/122 201/188/122 319/189/122
f 338/185/121 202/190/121 321/185/121
f 202/190/121 161/190/121 321/185/121
f 459/191/122 470/192/122 335/192/122
f 159/193/121 320/194/121 334/194/121
f 199/195/122 315/196/122 316/196/122
f 473/197/123 456/316/123 455/198/123
f 203/200/122 343/201/122 421/201/122
f 156/202/121 312/203/121 313/203/121
f 196/204/122 311/205/122 309/205/122
f 417/206/120 406/310/120 409/207/120
f 194/209/122 308/210/122 304/210/122
f 153/211/121 307/212/121 306/212/121
f 192/213/122 305/214/122 298/214/122
f 151/215/121 303/216/121 302/216/121
f 128/112/123 190/283/123 345/111/123
f 190/283/123 353/282/123 345/111/123
f 463/318/123 450/319/123 324/110/123
f 450/319/123 129/113/123 324/110/123
f 128/112/123 345/111/123 324/110/123
f 149/217/121 297/218/121 300/218/121
f 388/152/122 172/154/122 395/154/122
f 237/219/123 214/222/123 212/220/123
f 214/222/121 216/222/121 215/220/121
f 512/119/121 219/119/121 254/168/121
f 211/118/122 511/118/122 508/223/122
f 260/224/121 487/224/121 504/225/121
f 520/226/121 233/226/121 240/227/121
f 253/177/123 251/245/123 222/228/123
f 252/230/123 249/262/123 224/231/123
f 250/233/123 248/248/123 225/157/123
f 490/136/122 266/136/122 287/234/122
f 271/139/121 493/139/121 498/235/121
f 246/236/123 243/268/123 230/138/123
f 275/237/121 495/237/121 496/238/121
f 242/239/123 240/227/123 233/226/123
f 241/241/123 238/273/123 235/242/123
f 514/244/121 222/228/121 251/245/121
f 260/224/120 293/225/120 294/246/120
f 516/157/121 225/157/121 248/248/121
f 263/231/120 290/262/120 291/230/120
f 265/249/120 288/193/120 529/250/120
f 488/252/122 519/252/122 528/188/122
f 267/134/120 286/148/120 287/234/120
f 269/138/120 284/268/120 285/236/120
f 271/139/120 282/235/120 283/253/120
f 232/243/122 523/243/122 524/241/122
f 275/237/120 278/238/120 279/254/120
f 215/220/120 216/222/120 277/219/120
f 506/256/123 254/168/123 219/119/123
f 257/117/121 217/117/121 256/258/121
f 218/247/122 259/247/122 294/246/122
f 513/259/120 534/1722/120 295/175/120
f 220/229/122 261/229/122 292/177/122
f 255/246/123 505/321/123 486/260/123
f 221/232/122 262/232/122 291/230/122
f 515/261/120 532/1723/120 292/177/120
f 223/125/122 264/125/122 289/233/122
f 263/231/121 224/231/121 249/262/121
f 502/263/123 247/193/123 226/249/123
f 517/265/120 530/1724/120 289/233/120
f 500/266/123 245/148/123 228/134/123
f 265/249/121 226/249/121 247/193/121
f 227/130/122 268/130/122 285/236/122
f 267/134/121 228/134/121 245/148/121
f 229/141/122 270/141/122 283/253/122
f 269/138/121 230/138/121 243/268/121
f 231/240/122 272/240/122 281/239/122
f 244/253/123 499/322/123 492/269/123
f 273/242/120 280/273/120 525/270/120
f 521/272/120 526/1725/120 281/239/120
f 234/255/122 274/255/122 279/254/122
f 273/242/121 235/242/121 238/273/121
f 236/221/122 276/221/122 277/219/122
f 239/254/123 497/323/123 494/274/123
f 213/223/123 256/258/123 217/117/123
f 375/275/121 132/153/121 173/153/121
f 132/153/120 375/275/120 435/276/120
f 308/210/123 194/209/123 193/215/123
f 457/234/122 472/278/122 317/278/122
f 413/279/121 422/280/121 327/280/121
f 336/189/123 201/188/123 200/193/123
f 178/157/121 386/281/121 369/281/121
f 369/281/121 372/281/121 137/157/121
f 353/282/122 190/283/122 147/283/122
f 315/196/123 199/195/123 198/202/123
f 341/115/123 126/114/123 210/170/123
f 312/203/120 156/202/120 158/195/120
f 314/149/120 157/148/120 160/234/120
f 320/194/120 159/193/120 162/188/120
f 385/132/123 481/317/123 444/284/123
f 352/161/122 188/163/122 405/163/122
f 136/133/122 366/132/122 367/132/122
f 367/132/122 385/132/122 179/133/122
f 303/216/120 151/215/120 154/209/120
f 148/162/120 346/297/120 427/285/120
f 381/128/122 175/126/122 133/126/122
f 403/287/120 428/308/120 431/288/120
f 307/212/120 153/211/120 155/204/120
f 474/290/123 349/296/123 187/145/123
f 137/157/120 372/281/120 433/292/120
f 333/184/120 164/183/120 166/177/120
f 357/294/121 143/139/121 185/139/121
f 393/295/120 438/307/120 380/116/120
f 461/175/122 468/176/122 331/176/122
f 176/156/121 387/127/121 370/127/121
f 370/127/121 371/127/121 135/156/121
f 350/296/121 146/145/121 187/145/121
f 297/218/120 149/217/120 152/213/120
f 324/110/122 345/111/122 344/111/122
f 415/168/121 424/169/121 328/169/121
f 346/297/121 148/162/121 189/162/121
f 379/120/122 171/121/122 130/121/122
f 476/298/123 354/305/123 186/142/123
f 342/178/123 206/177/123 205/183/123
f 322/182/120 163/181/120 165/191/120
f 330/171/120 168/170/120 124/114/120
f 389/116/122 127/118/122 122/118/122
f 343/201/123 203/200/123 202/190/123
f 362/158/121 140/134/121 181/134/121
f 311/205/123 196/204/123 195/211/123
f 305/214/123 192/213/123 191/217/123
f 379/120/123 479/313/123 440/300/123
f 197/253/122 310/164/122 419/164/122
f 134/151/120 382/150/120 437/301/120
f 340/173/123 208/172/123 207/279/123
f 407/235/121 416/303/121 465/303/121
f 390/122/123 483/315/123 442/304/123
f 364/135/122 383/135/122 180/136/122
f 359/140/122 184/141/122 141/141/122
f 355/305/121 145/142/121 186/142/121
f 393/295/124 392/117/124 439/306/124
f 411/186/125 410/200/125 421/201/125
f 409/207/126 408/253/126 419/164/126
f 403/287/124 402/138/124 429/137/124
f 437/301/302 436/122/302 397/123/302
f 423/179/124 422/280/124 413/279/124
f 433/292/128 432/124/128 399/125/128
f 431/288/128 430/129/128 401/130/128
f 417/206/124 416/303/124 407/235/124
f 427/285/128 426/161/128 405/163/128
f 435/276/129 434/152/129 395/154/129
f 425/174/124 424/169/124 415/168/124
f 439/306/121 392/117/121 170/117/121
f 455/198/130 454/148/130 467/149/130
f 447/299/131 446/144/131 477/143/131
f 453/165/130 452/235/130 465/303/130
f 449/291/131 448/147/131 475/146/131
f 469/167/131 468/176/131 461/175/131
f 479/313/130 478/320/130 441/119/130
f 471/180/132 470/192/132 459/191/132
f 483/315/130 482/150/130 443/151/130
f 473/197/133 472/278/133 457/234/133
f 481/317/130 480/155/130 445/131/130
f 463/318/131 462/160/131 451/159/131
f 376/320/121 131/119/121 441/119/121
f 507/175/131 506/256/131 485/257/131
f 487/224/130 486/260/130 505/321/130
f 503/188/131 502/263/131 489/264/131
f 501/234/131 500/266/131 491/267/131
f 493/139/130 492/269/130 499/322/130
f 495/237/130 494/274/130 497/323/130
f 484/121/122 258/121/122 295/175/122
f 511/118/134 510/325/134 509/324/134
f 535/168/124 534/1722/124 513/259/124
f 533/183/124 532/1723/124 515/261/124
f 519/252/128 518/251/128 529/250/128
f 531/248/124 530/1724/124 517/265/124
f 523/243/128 522/271/128 525/270/128
f 527/227/124 526/1725/124 521/272/124
f 257/117/120 296/258/120 509/324/120
f 537/326/121 597/327/121 598/327/121
f 594/329/122 647/328/122 645/328/122
f 645/328/122 644/328/122 592/329/122
f 626/330/121 574/331/121 576/331/121
f 600/332/121 547/333/121 551/333/121
f 602/334/122 549/335/122 676/335/122
f 634/336/122 582/337/122 583/337/122
f 580/338/120 632/369/120 630/328/120
f 541/376/123 545/345/123 567/339/123
f 567/339/123 619/346/123 539/340/123
f 619/346/123 597/327/123 537/326/123
f 539/340/123 619/346/123 537/326/123
f 543/341/123 541/376/123 567/339/123
f 573/342/120 625/383/120 660/343/120
f 582/337/123 634/336/123 628/330/123
f 569/339/120 544/345/120 540/376/120
f 569/339/120 540/376/120 542/341/120
f 598/327/120 621/346/120 536/326/120
f 621/346/120 569/339/120 538/340/120
f 538/340/120 536/326/120 621/346/120
f 558/345/120 610/327/120 606/346/120
f 612/347/122 560/348/122 548/348/122
f 559/349/120 611/388/120 609/350/120
f 586/333/120 639/332/120 627/352/120
f 574/331/120 626/330/120 635/336/120
f 622/354/121 570/355/121 568/355/121
f 608/346/122 556/339/122 554/339/122
f 561/345/121 613/327/121 610/327/121
f 624/356/122 572/357/122 571/357/122
f 547/333/120 600/332/120 618/352/120
f 684/358/121 677/359/121 666/359/121
f 661/360/123 553/397/123 605/361/123
f 552/363/120 604/370/120 682/364/120
f 614/350/122 562/351/122 557/351/122
f 629/352/122 577/353/122 575/353/122
f 617/352/122 565/353/122 566/353/122
f 571/357/120 570/355/120 622/354/120
f 615/369/121 599/369/121 546/338/121
f 604/370/121 552/363/121 664/363/121
f 639/332/121 586/333/121 688/333/121
f 565/353/123 617/352/123 603/332/123
f 658/371/121 651/372/121 686/372/121
f 631/366/121 579/368/121 588/368/121
f 687/373/123 577/353/123 629/352/123
f 548/348/120 678/396/120 683/375/120
f 581/338/123 589/329/123 642/328/123
f 545/345/121 541/376/121 540/376/121
f 673/377/120 555/395/120 607/378/120
f 549/335/123 602/334/123 670/380/123
f 642/328/122 589/329/122 578/329/122
f 690/382/123 695/398/123 638/383/123
f 572/357/123 624/356/123 620/354/123
f 560/348/123 612/347/123 672/384/123
f 632/369/121 580/338/121 581/338/121
f 650/387/122 655/386/122 637/386/122
f 637/386/122 636/386/122 584/387/122
f 592/329/123 644/328/123 615/369/123
f 564/349/123 562/351/123 614/350/123
f 654/390/122 659/389/122 640/389/122
f 640/389/122 696/389/122 689/390/122
f 594/329/120 546/338/120 599/369/120
f 625/383/121 573/342/121 585/342/121
f 619/346/122 567/339/122 569/339/122
f 556/339/123 608/346/123 613/327/123
f 611/388/121 559/349/121 564/349/121
f 595/368/121 648/366/121 646/366/121
f 646/366/121 643/366/121 591/368/121
f 660/343/128 659/389/128 654/390/128
f 656/391/128 655/386/128 650/387/128
f 652/393/124 651/372/124 658/371/124
f 652/393/120 657/394/120 656/391/120
f 666/359/130 665/385/130 672/384/130
f 664/363/303 663/381/303 670/380/303
f 662/395/303 661/360/303 668/362/303
f 662/395/121 667/378/121 550/395/121
f 667/378/121 607/378/121 550/395/121
f 684/358/124 683/375/124 678/396/124
f 676/335/128 675/365/128 682/364/128
f 674/397/128 673/377/128 680/379/128
f 605/361/122 553/397/122 674/397/122
f 690/382/131 689/390/131 696/389/131
f 694/374/130 693/332/130 688/333/130
f 692/399/130 691/371/130 686/372/130
f 685/400/123 584/387/123 636/386/123
f 698/401/137 700/405/137 724/402/137
f 703/404/121 704/405/121 700/405/121
f 701/406/122 702/407/122 697/407/122
f 701/406/138 784/455/138 744/408/138
f 705/441/137 707/586/137 939/409/137
f 707/586/137 944/585/137 939/409/137
f 935/459/137 740/458/137 937/410/137
f 740/458/137 743/411/137 937/410/137
f 705/441/137 939/409/137 743/411/137
f 952/412/121 711/413/121 1059/413/121
f 710/414/137 951/582/137 943/415/137
f 953/417/122 751/418/122 961/418/122
f 1070/419/138 1069/605/138 1066/420/138
f 946/587/137 712/574/137 924/424/137
f 712/574/137 715/422/137 924/424/137
f 732/423/137 735/471/137 916/448/137
f 735/471/137 917/472/137 916/448/137
f 732/423/137 916/448/137 924/424/137
f 717/425/137 730/478/137 733/426/137
f 975/428/121 964/429/121 758/429/121
f 971/430/121 968/431/121 1067/431/121
f 721/432/137 726/483/137 728/433/137
f 722/435/137 725/487/137 727/436/137
f 1079/438/138 1076/608/138 779/439/138
f 783/411/138 782/458/138 933/410/138
f 782/458/138 934/459/138 933/410/138
f 942/585/138 746/586/138 940/409/138
f 746/586/138 745/441/138 940/409/138
f 783/411/138 933/410/138 940/409/138
f 945/442/138 954/584/138 748/443/138
f 955/415/138 950/582/138 750/414/138
f 1083/445/122 1056/446/122 959/446/122
f 953/417/138 947/592/138 752/447/138
f 754/422/138 753/574/138 925/424/138
f 753/574/138 949/587/138 925/424/138
f 920/472/138 774/471/138 923/448/138
f 774/471/138 773/423/138 923/448/138
f 754/422/138 925/424/138 773/423/138
f 772/426/138 771/478/138 756/425/138
f 977/449/121 962/450/121 1063/450/121
f 770/451/138 769/428/138 758/429/138
f 768/433/138 767/483/138 760/432/138
f 766/436/138 765/487/138 762/435/138
f 1071/453/122 1064/454/122 967/454/122
f 764/402/138 704/405/138 703/404/138
f 783/411/122 745/441/122 705/441/122
f 742/455/121 706/408/121 744/408/121
f 781/456/122 936/457/122 938/457/122
f 782/458/121 740/458/121 935/459/121
f 739/460/121 932/461/121 931/461/121
f 778/462/122 929/463/122 930/463/122
f 983/464/137 978/598/137 981/465/137
f 776/467/122 928/468/122 922/468/122
f 736/469/121 921/470/121 927/470/121
f 774/471/122 920/472/122 917/472/122
f 734/473/121 919/474/121 918/474/121
f 772/426/122 755/427/122 714/427/122
f 732/423/121 715/422/121 754/422/121
f 1074/475/138 1073/604/138 1062/476/138
f 730/478/121 717/425/121 756/425/121
f 770/451/122 757/452/122 718/452/122
f 963/479/137 976/595/137 731/480/137
f 768/433/122 759/434/122 719/434/122
f 965/482/137 974/596/137 729/451/137
f 766/436/122 761/437/122 720/437/122
f 726/483/121 721/432/121 760/432/121
f 969/484/137 970/597/137 973/485/137
f 725/487/121 722/435/121 762/435/121
f 764/402/122 763/403/122 723/403/122
f 979/439/121 982/440/121 926/440/121
f 706/408/137 742/455/137 699/406/137
f 814/488/138 788/491/138 786/489/138
f 788/491/121 792/491/121 791/492/121
f 785/493/122 790/493/122 789/494/122
f 833/495/137 872/531/137 789/494/137
f 832/601/138 829/534/138 873/496/138
f 829/534/138 881/533/138 873/496/138
f 898/575/138 795/576/138 875/497/138
f 795/576/138 793/498/138 875/497/138
f 832/601/138 873/496/138 793/498/138
f 995/500/121 1022/499/121 904/499/121
f 904/499/121 906/499/121 838/500/121
f 809/501/122 1033/501/122 1038/502/122
f 908/503/138 907/523/138 800/413/138
f 915/504/138 911/579/138 802/447/138
f 803/505/138 801/574/138 877/506/138
f 801/574/138 909/573/138 877/506/138
f 824/471/138 822/554/138 886/507/138
f 822/554/138 803/505/138 886/507/138
f 886/507/138 889/548/138 824/471/138
f 998/508/122 846/508/122 859/509/122
f 821/510/138 819/558/138 806/511/138
f 849/513/121 1001/513/121 1006/514/121
f 879/515/122 1051/515/122 1042/516/122
f 896/517/121 1017/517/121 1012/439/121
f 815/453/138 813/430/138 812/431/138
f 1027/446/122 1052/503/122 903/503/122
f 903/503/122 908/503/122 798/446/122
f 836/518/137 905/570/137 902/519/137
f 837/521/137 838/500/137 906/499/137
f 907/523/121 1055/523/121 1028/413/121
f 840/447/137 913/579/137 914/504/137
f 910/573/137 841/574/137 878/506/137
f 841/574/137 842/505/137 878/506/137
f 842/505/137 863/554/137 887/507/137
f 863/554/137 864/471/137 887/507/137
f 864/471/137 890/548/137 887/507/137
f 996/427/122 1031/427/122 1040/426/122
f 845/511/137 860/558/137 861/510/137
f 847/524/137 858/559/137 859/509/137
f 849/513/137 856/514/137 857/525/137
f 1034/527/121 1003/527/121 1004/528/121
f 851/431/137 854/430/137 855/453/137
f 791/492/137 792/491/137 853/488/137
f 1024/529/137 834/576/137 876/497/137
f 834/576/137 900/575/137 876/497/137
f 883/533/137 871/534/137 874/496/137
f 871/534/137 1047/530/137 874/496/137
f 1024/529/137 876/497/137 874/496/137
f 833/495/121 794/495/121 831/531/121
f 882/532/122 884/532/122 870/456/122
f 883/533/121 881/533/121 829/534/121
f 896/517/137 868/439/137 1045/535/137
f 882/532/138 830/456/138 1015/537/138
f 893/539/137 867/547/137 1043/540/137
f 880/542/138 828/571/138 1013/543/138
f 895/545/122 894/545/122 866/546/122
f 893/539/121 888/539/121 825/547/121
f 889/548/122 890/548/122 864/471/122
f 892/549/121 891/549/121 823/550/121
f 1010/551/138 820/555/138 805/552/138
f 842/505/121 803/505/121 822/554/121
f 804/512/122 844/512/122 861/510/122
f 843/552/121 805/552/121 820/555/121
f 1008/556/138 817/559/138 808/524/138
f 845/511/121 806/511/121 819/558/121
f 807/526/122 848/526/122 857/525/122
f 847/524/121 808/524/121 817/559/121
f 1035/560/137 1036/1726/137 1039/561/137
f 818/525/138 1007/599/138 1000/563/138
f 810/454/122 850/454/122 855/453/122
f 816/502/138 1005/600/138 1002/564/138
f 811/490/122 852/490/122 853/488/122
f 851/431/121 812/431/121 813/430/121
f 787/494/138 831/531/138 794/495/138
f 897/522/122 796/521/122 837/521/122
f 1029/565/137 1054/1727/137 1053/566/137
f 1020/568/138 899/570/138 797/518/138
f 905/570/121 836/518/121 797/518/121
f 892/549/137 865/550/137 866/546/137
f 880/542/122 1049/542/122 1044/571/122
f 885/572/137 869/460/137 870/456/137
f 885/572/121 1019/572/121 1014/460/121
f 909/573/122 801/574/122 841/574/122
f 900/575/121 834/576/121 795/576/121
f 843/552/137 862/555/137 1041/577/137
f 802/447/121 911/579/121 912/579/121
f 912/579/121 913/579/121 840/447/121
f 796/521/138 897/522/138 1023/580/138
f 895/545/138 826/546/138 823/550/138
f 879/515/138 827/516/138 825/547/138
f 915/504/122 799/418/122 839/418/122
f 951/582/121 710/414/121 750/414/121
f 1077/571/122 1078/583/122 985/583/122
f 929/463/138 778/462/138 777/469/138
f 941/584/121 709/443/121 748/443/121
f 932/461/137 739/460/137 741/456/137
f 944/585/121 707/586/121 746/586/121
f 943/415/122 955/415/122 749/416/122
f 919/474/137 734/473/137 737/467/137
f 949/587/122 753/574/122 712/574/122
f 709/443/137 941/584/137 987/588/137
f 713/447/137 948/592/137 989/590/137
f 948/592/121 713/447/121 752/447/121
f 711/413/137 952/412/137 991/593/137
f 928/468/138 776/467/138 775/473/138
f 921/470/137 736/469/137 738/462/137
f 1075/480/122 1060/481/122 716/481/122
f 931/461/138 936/457/138 781/456/138
f 981/465/139 980/571/139 985/583/139
f 963/479/140 962/450/140 977/449/140
f 965/482/140 964/429/140 975/428/140
f 973/485/141 972/453/141 967/454/141
f 969/484/140 968/431/140 971/430/140
f 991/593/142 990/445/142 959/446/142
f 983/464/140 982/440/140 979/439/140
f 989/590/143 988/417/143 961/418/143
f 987/588/144 986/442/144 957/444/144
f 945/442/122 747/444/122 957/444/122
f 995/500/145 994/581/145 1023/580/145
f 1011/426/146 1010/551/146 997/553/146
f 1009/509/146 1008/556/146 999/557/146
f 1001/513/145 1000/563/145 1007/599/145
f 1003/527/145 1002/564/145 1005/600/145
f 1017/517/145 1016/544/145 1013/543/145
f 1021/519/147 1020/568/147 993/569/147
f 1019/572/145 1018/538/145 1015/537/145
f 1021/519/122 992/520/122 835/520/122
f 1025/498/148 1024/529/148 1047/530/148
f 1027/446/148 1026/567/148 1053/566/148
f 1031/427/148 1030/578/148 1041/577/148
f 1033/501/148 1032/562/148 1039/561/148
f 1037/528/140 1036/1726/140 1035/560/140
f 1055/523/140 1054/1727/140 1029/565/140
f 1049/542/149 1048/536/149 1045/535/149
f 1051/515/150 1050/541/150 1043/540/150
f 793/498/122 1025/498/122 1046/601/122
f 1057/602/151 1056/446/151 1083/445/151
f 1061/477/152 1060/481/152 1075/480/152
f 1073/604/145 1072/449/145 1063/450/145
f 1065/421/153 1064/454/153 1071/453/153
f 1069/605/145 1068/430/145 1067/431/145
f 1081/606/145 1080/412/145 1059/413/145
f 1079/438/154 1078/583/154 1077/571/154
f 1057/602/138 1082/603/138 1081/606/138
f 1084/609/123 1088/616/123 1091/610/123
f 1085/612/120 1086/618/120 1090/613/120
f 1127/615/155 1160/714/155 1091/610/155
f 1108/617/156 1109/690/156 1086/618/156
f 1126/621/157 1093/711/157 1186/619/157
f 1186/619/157 1187/724/157 1128/620/157
f 1084/609/157 1092/713/157 1127/615/157
f 1129/623/157 1188/674/157 1189/624/157
f 1189/624/157 1190/709/157 1132/622/157
f 1190/709/157 1191/681/157 1132/622/157
f 1121/625/156 1120/1728/156 1097/626/156
f 1165/716/157 1098/678/157 1164/629/157
f 1098/678/157 1192/630/157 1164/629/157
f 1192/630/157 1193/704/157 1167/628/157
f 1193/704/157 1166/706/157 1167/628/157
f 1118/631/156 1117/1729/156 1100/632/156
f 1101/634/156 1116/701/156 1115/635/156
f 1169/718/157 1103/696/157 1168/638/157
f 1103/696/157 1194/639/157 1168/638/157
f 1194/639/157 1195/658/157 1138/637/157
f 1113/640/156 1112/1730/156 1105/641/156
f 1139/644/157 1196/666/157 1197/645/157
f 1197/645/157 1198/694/157 1141/643/157
f 1198/694/157 1199/687/157 1141/643/157
f 1111/646/156 1110/1731/156 1107/647/156
f 1108/617/157 1085/612/157 1089/614/157
f 1128/620/155 1159/729/155 1161/650/155
f 1163/715/157 1094/676/157 1162/653/157
f 1094/676/157 1095/651/157 1162/653/157
f 1132/622/155 1155/682/155 1158/654/155
f 1131/655/155 1133/683/155 1154/656/155
f 1195/658/120 1204/727/120 1149/659/120
f 1136/660/155 1151/700/155 1153/661/155
f 1137/663/155 1150/698/155 1152/664/155
f 1196/666/123 1139/644/123 1148/667/123
f 1171/719/157 1104/642/157 1170/670/157
f 1104/642/157 1105/641/157 1170/670/157
f 1141/643/155 1146/688/155 1148/667/155
f 1173/720/157 1106/648/157 1172/672/157
f 1106/648/157 1107/647/157 1172/672/157
f 1142/649/155 1089/614/155 1090/613/155
f 1188/674/123 1129/623/123 1158/654/123
f 1094/676/156 1123/722/156 1122/677/156
f 1098/678/123 1165/716/123 1182/679/123
f 1191/681/120 1208/725/120 1155/682/120
f 1096/627/157 1097/626/157 1133/683/157
f 1098/678/156 1119/680/156 1207/684/156
f 1100/632/157 1136/660/157 1134/662/157
f 1101/634/157 1102/636/157 1137/663/157
f 1104/642/123 1171/719/123 1176/685/123
f 1106/648/123 1173/720/123 1174/686/123
f 1199/687/120 1200/728/120 1146/688/120
f 1107/647/120 1110/1731/120 1144/689/120
f 1108/617/123 1142/649/123 1145/673/123
f 1143/671/155 1144/689/155 1175/691/155
f 1105/641/120 1112/1730/120 1147/692/120
f 1202/693/156 1201/849/156 1198/694/156
f 1114/695/156 1205/1732/156 1194/639/156
f 1140/669/155 1147/692/155 1177/697/155
f 1102/636/120 1115/635/120 1150/698/120
f 1168/638/155 1138/637/155 1149/659/155
f 1100/632/120 1117/1729/120 1151/700/120
f 1101/634/123 1135/665/123 1152/664/123
f 1103/696/123 1169/718/123 1178/702/123
f 1099/633/123 1134/662/123 1153/661/123
f 1097/626/120 1120/1728/120 1154/656/120
f 1167/628/155 1180/717/155 1183/703/155
f 1193/704/120 1206/726/120 1181/705/120
f 1096/627/123 1131/655/123 1156/657/123
f 1095/651/120 1122/677/120 1157/707/120
f 1210/708/156 1209/1733/156 1190/709/156
f 1124/710/156 1213/841/156 1186/619/156
f 1130/652/155 1157/707/155 1185/712/155
f 1092/713/120 1125/1734/120 1160/714/120
f 1093/711/123 1126/621/123 1161/650/123
f 1087/611/156 1125/1734/156 1092/713/156
f 1185/712/158 1184/721/158 1163/715/158
f 1183/703/158 1182/679/158 1165/716/158
f 1180/717/159 1167/628/159 1166/706/159
f 1179/699/158 1178/702/158 1169/718/158
f 1177/697/158 1176/685/158 1171/719/158
f 1175/691/158 1174/686/158 1173/720/158
f 1094/676/123 1163/715/123 1184/721/123
f 1186/619/160 1213/841/160 1212/723/160
f 1189/624/161 1188/674/161 1211/675/161
f 1190/709/160 1209/1733/160 1208/725/160
f 1192/630/160 1207/684/160 1206/726/160
f 1194/639/160 1205/1732/160 1204/727/160
f 1197/645/161 1196/666/161 1203/668/161
f 1198/694/160 1201/849/160 1200/728/160
f 1187/724/120 1212/723/120 1159/729/120
f 1219/730/123 1216/737/123 1214/731/123
f 1215/733/120 1217/769/120 1218/734/120
f 1219/730/162 1271/835/162 1238/736/162
f 1236/738/163 1215/733/163 1086/735/163
f 1297/742/164 1221/833/164 1237/771/164
f 1237/771/164 1239/740/164 1297/742/164
f 1214/731/164 1216/737/164 1238/736/164
f 1300/744/164 1299/795/164 1240/776/164
f 1240/776/164 1243/745/164 1300/744/164
f 1243/745/164 1302/803/164 1301/746/164
f 1225/747/163 1120/1735/163 1121/748/163
f 1303/751/164 1226/799/164 1275/828/164
f 1226/799/164 1276/801/164 1275/828/164
f 1275/828/164 1278/752/164 1303/751/164
f 1278/752/164 1277/830/164 1304/750/164
f 1228/753/163 1117/1736/163 1118/754/163
f 1229/756/163 1230/806/163 1115/635/163
f 1305/759/164 1231/817/164 1279/822/164
f 1231/817/164 1280/825/164 1279/822/164
f 1279/822/164 1249/757/164 1305/759/164
f 1233/760/163 1112/1737/163 1113/761/163
f 1308/763/164 1307/787/164 1250/789/164
f 1250/789/164 1252/764/164 1308/763/164
f 1252/764/164 1310/812/164 1309/765/164
f 1235/766/163 1110/1738/163 1111/767/163
f 1236/738/164 1253/794/164 1217/769/164
f 1272/770/162 1270/850/162 1239/740/162
f 1223/774/164 1222/796/164 1273/772/164
f 1222/796/164 1274/836/164 1273/772/164
f 1269/775/162 1266/802/162 1243/745/162
f 1267/777/162 1265/826/162 1244/778/162
f 1260/780/120 1313/846/120 1306/758/120
f 1264/781/162 1262/823/162 1247/782/162
f 1263/784/162 1261/821/162 1248/785/162
f 1307/787/123 1312/847/123 1259/788/123
f 1233/760/164 1232/762/164 1281/790/164
f 1232/762/164 1282/808/164 1281/790/164
f 1259/788/162 1257/811/162 1252/764/162
f 1235/766/164 1234/768/164 1283/792/164
f 1234/768/164 1284/810/164 1283/792/164
f 1253/794/162 1256/814/162 1218/734/162
f 1299/795/123 1316/842/123 1269/775/123
f 1222/796/163 1223/774/163 1122/797/163
f 1226/799/123 1119/805/123 1293/800/123
f 1266/802/120 1315/843/120 1302/803/120
f 1224/749/164 1242/779/164 1244/778/164
f 1226/799/163 1303/751/163 1207/804/163
f 1245/783/164 1247/782/164 1228/753/164
f 1229/756/164 1246/786/164 1248/785/164
f 1232/762/123 1113/761/123 1287/807/123
f 1234/768/123 1111/767/123 1285/809/123
f 1257/811/120 1311/848/120 1310/812/120
f 1255/813/120 1110/1738/120 1235/766/120
f 1236/738/123 1109/739/123 1256/814/123
f 1286/815/162 1255/813/162 1254/793/162
f 1258/816/120 1112/1737/120 1233/760/120
f 1309/765/163 1201/849/163 1202/693/163
f 1231/817/163 1305/759/163 1205/818/163
f 1288/820/162 1258/816/162 1251/791/162
f 1261/821/120 1115/635/120 1230/806/120
f 1279/822/162 1290/838/162 1260/780/162
f 1262/823/120 1117/1736/120 1228/753/120
f 1229/756/123 1116/701/123 1263/784/123
f 1231/817/123 1114/819/123 1289/824/123
f 1227/755/123 1118/754/123 1264/781/123
f 1265/826/120 1120/1735/120 1225/747/120
f 1294/827/162 1291/837/162 1278/752/162
f 1292/829/120 1314/845/120 1304/750/120
f 1224/749/123 1121/748/123 1267/777/123
f 1268/831/120 1122/797/120 1223/774/120
f 1301/746/163 1209/844/163 1210/832/163
f 1297/742/163 1213/841/163 1124/710/163
f 1296/834/162 1268/831/162 1241/773/162
f 1271/835/120 1125/1739/120 1220/743/120
f 1221/833/123 1124/710/123 1272/770/123
f 1220/743/163 1125/1739/163 1087/732/163
f 1274/836/165 1295/839/165 1296/834/165
f 1276/801/165 1293/800/165 1294/827/165
f 1291/837/166 1292/829/166 1277/830/166
f 1280/825/165 1289/824/165 1290/838/165
f 1282/808/165 1287/807/165 1288/820/165
f 1284/810/165 1285/809/165 1286/815/165
f 1222/796/123 1123/798/123 1295/839/123
f 1297/742/167 1298/741/167 1317/840/167
f 1316/842/168 1299/795/168 1300/744/168
f 1301/746/167 1302/803/167 1315/843/167
f 1303/751/167 1304/750/167 1314/845/167
f 1305/759/167 1306/758/167 1313/846/167
f 1312/847/168 1307/787/168 1308/763/168
f 1309/765/167 1310/812/167 1311/848/167
f 1270/850/120 1317/840/120 1298/741/120
f 1319/851/120 1321/852/120 1320/852/120
f 1322/853/123 1325/853/123 1324/854/123
f 1324/854/121 1325/853/121 1321/852/121
f 1325/853/137 1322/853/137 1320/852/137
f 1323/854/138 1324/854/138 1319/851/138
f 1322/853/122 1323/854/122 1318/851/122
f 1332/855/169 1401/960/169 1358/856/169
f 1333/858/123 1330/863/123 1326/859/123
f 1327/861/120 1331/961/120 1332/855/120
f 1333/858/170 1421/927/170 1380/862/170
f 1327/861/171 1328/857/171 1358/856/171
f 1337/865/171 1376/926/171 1379/866/171
f 1338/868/123 1375/872/123 1467/869/123
f 1340/871/171 1373/990/171 1375/872/171
f 1342/873/171 1371/921/171 1374/874/171
f 1341/876/171 1344/942/171 1369/877/171
f 1345/879/171 1368/918/171 1370/880/171
f 1347/983/172 1424/883/172 1390/882/172
f 1424/883/304 1425/963/304 1389/884/304
f 1348/885/171 1365/915/171 1367/886/171
f 1350/888/120 1453/949/120 1458/889/120
f 1349/891/171 1352/969/171 1361/892/171
f 1353/894/171 1360/910/171 1362/895/171
f 1431/899/172 1428/978/172 1398/897/172
f 1428/978/304 1429/968/304 1397/957/304
f 1398/897/172 1428/978/172 1397/957/172
f 1356/900/171 1357/975/171 1359/901/171
f 1400/903/172 1331/961/172 1327/861/172
f 1437/906/169 1363/890/169 1459/998/169
f 1363/890/169 1458/889/169 1459/998/169
f 1459/998/169 1460/966/169 1437/906/169
f 1460/966/169 1461/904/169 1437/906/169
f 1372/878/169 1369/877/169 1463/997/169
f 1369/877/169 1462/965/169 1463/997/169
f 1463/997/169 1464/907/169 1372/878/169
f 1405/909/169 1406/953/169 1362/895/169
f 1361/892/169 1407/951/169 1408/911/169
f 1439/914/169 1366/985/169 1411/984/169
f 1411/984/169 1412/912/169 1439/914/169
f 1365/915/169 1409/981/169 1410/916/169
f 1413/917/169 1414/943/169 1370/880/169
f 1375/872/169 1373/990/169 1466/919/169
f 1373/990/169 1417/989/169 1466/919/169
f 1415/920/169 1416/937/169 1374/874/169
f 1377/924/169 1440/994/169 1468/922/169
f 1440/994/169 1441/993/169 1418/995/169
f 1468/922/169 1440/994/169 1418/995/169
f 1419/925/169 1420/929/169 1379/866/169
f 1421/927/169 1333/858/169 1329/860/169
f 1420/929/170 1419/925/170 1382/930/170
f 1423/934/172 1336/991/172 1443/992/172
f 1336/991/172 1442/996/172 1443/992/172
f 1443/992/172 1383/932/172 1423/934/172
f 1340/871/172 1338/868/172 1445/935/172
f 1338/868/172 1444/870/172 1445/935/172
f 1416/937/170 1415/920/170 1386/938/170
f 1344/942/172 1341/876/172 1448/940/172
f 1341/876/172 1446/964/172 1447/988/172
f 1448/940/172 1341/876/172 1447/988/172
f 1414/943/170 1413/917/170 1388/944/170
f 1412/912/170 1411/984/170 1390/882/170
f 1410/916/170 1409/981/170 1392/946/170
f 1350/888/172 1426/982/172 1452/948/172
f 1426/982/172 1427/986/172 1450/987/172
f 1451/967/172 1426/982/172 1450/987/172
f 1451/967/172 1452/948/172 1426/982/172
f 1393/950/170 1408/911/170 1407/951/170
f 1406/953/170 1405/909/170 1396/954/170
f 1404/956/170 1403/970/170 1398/897/170
f 1356/900/172 1354/902/172 1455/958/172
f 1354/902/172 1454/980/172 1455/958/172
f 1401/960/170 1332/855/170 1331/961/170
f 1330/863/172 1380/862/172 1335/962/172
f 1381/931/172 1382/930/172 1337/865/172
f 1425/963/123 1438/913/123 1412/912/123
f 1341/876/123 1372/878/123 1465/908/123
f 1385/939/172 1386/938/172 1342/873/172
f 1344/942/120 1449/941/120 1462/965/120
f 1387/945/172 1388/944/172 1345/879/172
f 1460/966/170 1459/998/170 1452/948/170
f 1391/947/172 1392/946/172 1348/885/172
f 1429/968/123 1434/976/123 1404/956/123
f 1393/950/172 1394/952/172 1352/969/172
f 1395/955/172 1396/954/172 1353/894/172
f 1430/898/120 1398/897/120 1403/970/120
f 1359/901/169 1357/975/169 1456/972/169
f 1357/975/169 1402/974/169 1456/972/169
f 1356/900/120 1399/959/120 1402/974/120
f 1355/864/123 1358/856/123 1401/960/123
f 1435/977/169 1432/979/169 1404/956/169
f 1432/979/169 1433/971/169 1403/970/169
f 1404/956/169 1432/979/169 1403/970/169
f 1456/972/170 1402/974/170 1399/959/170
f 1353/894/120 1396/954/120 1405/909/120
f 1428/978/171 1431/899/171 1432/979/171
f 1352/969/120 1394/952/120 1407/951/120
f 1351/896/123 1362/895/123 1406/953/123
f 1354/902/123 1359/901/123 1457/973/123
f 1349/891/123 1364/893/123 1408/911/123
f 1348/885/120 1392/946/120 1409/981/120
f 1350/888/171 1363/890/171 1437/906/171
f 1347/983/120 1390/882/120 1411/984/120
f 1346/887/123 1367/886/123 1410/916/123
f 1345/879/120 1388/944/120 1413/917/120
f 1347/983/171 1366/985/171 1439/914/171
f 1427/986/123 1436/905/123 1461/904/123
f 1343/881/123 1370/880/123 1414/943/123
f 1342/873/120 1386/938/120 1415/920/120
f 1464/907/170 1463/997/170 1448/940/170
f 1340/871/120 1384/936/120 1417/989/120
f 1339/875/123 1374/874/123 1416/937/123
f 1423/934/171 1440/994/171 1377/924/171
f 1466/919/170 1417/989/170 1384/936/170
f 1337/865/120 1382/930/120 1419/925/120
f 1468/922/170 1418/995/170 1383/932/170
f 1335/962/120 1380/862/120 1421/927/120
f 1334/867/123 1379/866/123 1420/929/123
f 1335/962/171 1378/928/171 1329/860/171
f 1423/934/305 1422/933/305 1441/993/305
f 1424/883/175 1439/914/175 1438/913/175
f 1426/982/175 1437/906/175 1436/905/175
f 1428/978/175 1435/977/175 1434/976/175
f 1431/899/174 1430/898/174 1433/971/174
f 1422/933/120 1383/932/120 1418/995/120
f 1468/922/176 1443/992/176 1442/996/176
f 1466/919/176 1445/935/176 1444/870/176
f 1464/907/176 1447/988/176 1446/964/176
f 1463/997/177 1462/965/177 1449/941/177
f 1460/966/176 1451/967/176 1450/987/176
f 1459/998/177 1458/889/177 1453/949/177
f 1456/972/176 1455/958/176 1454/980/176
f 1336/991/123 1377/924/123 1469/923/123
f 1470/999/120 1471/999/120 1473/1000/120
f 1475/1001/123 1474/1002/123 1477/1002/123
f 1477/1002/137 1474/1002/137 1472/1000/137
f 1475/1001/138 1476/1001/138 1471/999/138
f 1476/1001/178 1477/1002/178 1473/1000/178
f 1474/1002/179 1475/1001/179 1470/999/179
f 1480/1003/121 1481/1004/121 1479/1004/121
f 1484/1005/180 1485/1008/180 1482/1006/180
f 1481/1004/120 1485/1008/120 1484/1005/120
f 1480/1003/123 1478/1003/123 1483/1007/123
f 1480/1003/137 1482/1006/137 1485/1008/137
f 1479/1004/138 1484/1005/138 1483/1007/138
f 1487/1004/121 1489/1004/121 1488/1003/121
f 1490/1006/181 1493/1008/181 1492/1005/181
f 1492/1005/120 1493/1008/120 1489/1004/120
f 1488/1003/123 1490/1006/123 1491/1007/123
f 1493/1008/138 1490/1006/138 1488/1003/138
f 1491/1007/137 1492/1005/137 1487/1004/137
f 1494/1009/123 1495/1012/123 1497/1010/123
f 1498/1009/120 1500/1011/120 1501/1010/120
f 1497/1010/306 1501/1010/306 1500/1011/306
f 1494/1009/183 1498/1009/183 1499/1012/183
f 1496/1011/184 1500/1011/184 1498/1009/184
f 1502/1009/123 1503/1012/123 1505/1010/123
f 1506/1009/120 1508/1011/120 1509/1010/120
f 1505/1010/306 1509/1010/306 1508/1011/306
f 1502/1009/183 1506/1009/183 1507/1012/183
f 1504/1011/184 1508/1011/184 1506/1009/184
f 1516/1013/120 1517/1740/120 1514/1014/120
f 1513/1016/185 1517/1740/185 1516/1013/185
f 1512/1018/186 1510/1019/186 1515/1015/186
f 1523/1018/187 1521/1014/187 1520/1015/187
f 1519/1013/188 1518/1740/188 1522/1016/188
f 1521/1014/123 1518/1740/123 1519/1013/123
f 1530/1020/123 1533/1741/123 1532/1021/123
f 1532/1021/189 1533/1741/189 1529/1023/189
f 1528/1025/190 1530/1020/190 1531/1022/190
f 1538/1027/120 1541/1742/120 1540/1028/120
f 1540/1028/191 1541/1742/191 1537/1030/191
f 1536/1032/192 1538/1027/192 1539/1029/192
f 1544/1034/121 1545/1035/121 1543/1035/121
f 1548/1036/193 1549/1039/193 1546/1037/193
f 1545/1035/120 1549/1039/120 1548/1036/120
f 1544/1034/123 1542/1034/123 1547/1038/123
f 1544/1034/137 1546/1037/137 1549/1039/137
f 1543/1035/138 1548/1036/138 1547/1038/138
f 1551/1035/121 1553/1035/121 1552/1034/121
f 1554/1037/307 1557/1039/307 1556/1040/307
f 1556/1040/120 1557/1039/120 1553/1035/120
f 1552/1034/123 1554/1037/123 1555/1041/123
f 1557/1039/138 1554/1037/138 1552/1034/138
f 1555/1041/137 1556/1040/137 1551/1035/137
f 1560/1042/137 1564/1047/137 1565/1043/137
f 1559/1044/138 1563/1046/138 1562/1045/138
f 1561/1044/120 1565/1043/120 1563/1046/120
f 1560/1042/123 1558/1042/123 1562/1045/123
f 1573/1048/137 1572/1743/137 1568/1049/137
f 1570/1051/138 1571/1052/138 1567/1050/138
f 1571/1052/123 1573/1048/123 1569/1050/123
f 1568/1049/120 1572/1743/120 1570/1051/120
f 1577/1053/137 1576/1056/137 1580/1054/137
f 1575/1053/138 1579/1055/138 1578/1054/138
f 1577/1053/121 1581/1055/121 1579/1055/121
f 1574/1056/122 1578/1054/122 1580/1054/122
f 1585/1057/137 1584/1060/137 1588/1058/137
f 1583/1057/138 1587/1059/138 1586/1058/138
f 1585/1057/121 1589/1059/121 1587/1059/121
f 1582/1060/122 1586/1058/122 1588/1058/122
f 1593/1061/137 1592/1062/137 1596/1062/137
f 1591/1063/138 1595/1063/138 1594/1064/138
f 1593/1061/121 1597/1061/121 1595/1063/121
f 1590/1064/122 1594/1064/122 1596/1062/122
f 1601/1065/137 1600/1068/137 1604/1066/137
f 1598/1068/138 1599/1065/138 1603/1069/138
f 1601/1065/120 1605/1067/120 1603/1069/120
f 1600/1068/123 1598/1068/123 1602/1070/123
f 1600/1068/121 1601/1065/121 1599/1065/121
f 1609/1071/120 1613/1072/120 1612/1072/120
f 1606/1073/123 1611/1074/123 1610/1074/123
f 1609/1071/137 1608/1073/137 1610/1074/137
f 1607/1071/138 1612/1072/138 1611/1074/138
f 1617/1075/120 1621/1076/120 1620/1076/120
f 1614/1077/123 1619/1078/123 1618/1078/123
f 1617/1075/137 1616/1077/137 1618/1078/137
f 1615/1075/138 1620/1076/138 1619/1078/138
f 1625/1079/120 1629/1080/120 1628/1080/120
f 1622/1081/123 1627/1082/123 1626/1082/123
f 1624/1081/137 1626/1082/137 1629/1080/137
f 1623/1079/138 1628/1080/138 1627/1082/138
f 1633/1083/120 1637/1084/120 1636/1084/120
f 1630/1085/123 1635/1086/123 1634/1086/123
f 1632/1085/137 1634/1086/137 1637/1084/137
f 1631/1083/138 1636/1084/138 1635/1086/138
f 1641/1087/120 1645/1088/120 1644/1088/120
f 1638/1089/123 1643/1090/123 1642/1090/123
f 1640/1089/137 1642/1090/137 1645/1088/137
f 1639/1087/138 1644/1088/138 1643/1090/138
f 1649/1091/120 1653/1092/120 1652/1092/120
f 1646/1093/123 1651/1094/123 1650/1094/123
f 1648/1093/137 1650/1094/137 1653/1092/137
f 1647/1091/138 1652/1092/138 1651/1094/138
f 1657/1095/120 1661/1096/120 1660/1096/120
f 1654/1097/123 1659/1098/123 1658/1098/123
f 1656/1097/137 1658/1098/137 1661/1096/137
f 1655/1095/138 1660/1096/138 1659/1098/138
f 1665/1099/120 1669/1100/120 1668/1100/120
f 1662/1101/123 1667/1102/123 1666/1102/123
f 1664/1101/137 1666/1102/137 1669/1100/137
f 1663/1099/138 1668/1100/138 1667/1102/138
f 1674/1103/122 1671/1143/122 1699/1104/122
f 1681/1106/122 1688/1145/122 1676/1107/122
f 1685/1109/122 1694/1149/122 1693/1110/122
f 1709/1112/122 1698/1139/122 1701/1113/122
f 1679/1115/122 1690/1141/122 1689/1116/122
f 1687/1118/122 1696/1140/122 1695/1119/122
f 1670/1121/122 1675/1147/122 1697/1122/122
f 1717/1124/122 1706/1144/122 1673/1125/122
f 1715/1127/122 1704/1148/122 1707/1128/122
f 1713/1130/122 1702/1146/122 1705/1131/122
f 1711/1133/122 1700/1142/122 1703/1134/122
f 1683/1136/122 1692/1150/122 1691/1137/122
f 1763/1104/121 1721/1143/121 1720/1103/121
f 1722/1107/121 1728/1145/121 1729/1106/121
f 1735/1110/121 1740/1149/121 1741/1109/121
f 1759/1113/121 1764/1139/121 1765/1112/121
f 1727/1116/121 1732/1141/121 1733/1115/121
f 1739/1119/121 1744/1140/121 1745/1118/121
f 1743/1122/121 1725/1147/121 1724/1121/121
f 1718/1125/121 1748/1144/121 1749/1124/121
f 1747/1128/121 1752/1148/121 1753/1127/121
f 1751/1131/121 1756/1146/121 1757/1130/121
f 1755/1134/121 1760/1142/121 1761/1133/121
f 1731/1137/121 1736/1150/121 1737/1136/121
f 1743/1122/123 1742/1123/123 1686/1123/123
f 1764/1139/137 1759/1113/137 1701/1113/137
f 1726/1117/138 1733/1115/138 1679/1115/138
f 1745/1118/120 1744/1140/120 1696/1140/120
f 1754/1135/138 1761/1133/138 1711/1133/138
f 1718/1125/123 1719/1126/123 1677/1126/123
f 1732/1141/137 1727/1116/137 1689/1116/137
f 1747/1128/123 1746/1129/123 1716/1129/123
f 1700/1142/137 1760/1142/137 1755/1134/137
f 1720/1103/120 1721/1143/120 1671/1143/120
f 1723/1108/138 1729/1106/138 1681/1106/138
f 1749/1124/120 1748/1144/120 1706/1144/120
f 1750/1132/138 1757/1130/138 1713/1130/138
f 1722/1107/123 1723/1108/123 1672/1108/123
f 1688/1145/137 1728/1145/137 1722/1107/137
f 1751/1131/123 1750/1132/123 1714/1132/123
f 1756/1146/137 1751/1131/137 1705/1131/137
f 1724/1121/120 1725/1147/120 1675/1147/120
f 1734/1111/138 1741/1109/138 1685/1109/138
f 1753/1127/120 1752/1148/120 1704/1148/120
f 1746/1129/138 1753/1127/138 1715/1127/138
f 1727/1116/123 1726/1117/123 1680/1117/123
f 1694/1149/137 1740/1149/137 1735/1110/137
f 1755/1134/123 1754/1135/123 1712/1135/123
f 1752/1148/137 1747/1128/137 1707/1128/137
f 1729/1106/120 1728/1145/120 1688/1145/120
f 1738/1120/138 1745/1118/138 1687/1118/138
f 1757/1130/120 1756/1146/120 1702/1146/120
f 1719/1126/138 1749/1124/138 1717/1124/138
f 1731/1137/123 1730/1138/123 1678/1138/123
f 1744/1140/137 1739/1119/137 1695/1119/137
f 1759/1113/123 1758/1114/123 1710/1114/123
f 1706/1144/137 1748/1144/137 1718/1125/137
f 1733/1115/120 1732/1141/120 1690/1141/120
f 1742/1123/138 1724/1121/138 1670/1121/138
f 1761/1133/120 1760/1142/120 1700/1142/120
f 1735/1110/123 1734/1111/123 1682/1111/123
f 1675/1147/137 1725/1147/137 1743/1122/137
f 1763/1104/123 1762/1105/123 1708/1105/123
f 1737/1136/120 1736/1150/120 1692/1150/120
f 1762/1105/138 1720/1103/138 1674/1103/138
f 1765/1112/120 1764/1139/120 1698/1139/120
f 1739/1119/123 1738/1120/123 1684/1120/123
f 1671/1143/137 1721/1143/137 1763/1104/137
f 1730/1138/138 1737/1136/138 1683/1136/138
f 1741/1109/120 1740/1149/120 1694/1149/120
f 1758/1114/138 1765/1112/138 1709/1112/138
f 1736/1150/137 1731/1137/137 1691/1137/137
f 1769/1151/122 1768/1154/122 1766/1152/122
f 1770/1152/121 1772/1154/121 1773/1151/121
f 1770/1152/138 1771/1153/138 1767/1153/138
f 1773/1151/137 1772/1154/137 1768/1154/137
f 1771/1153/120 1773/1151/120 1769/1151/120
f 1772/1154/123 1770/1152/123 1766/1152/123
f 1849/1155/122 1778/1213/122 1781/1156/122
f 1815/1158/122 1812/1226/122 1775/1159/122
f 1817/1161/122 1810/1223/122 1813/1162/122
f 1819/1164/122 1808/1220/122 1811/1165/122
f 1821/1167/122 1806/1217/122 1809/1168/122
f 1823/1170/122 1804/1214/122 1807/1171/122
f 1825/1173/122 1802/1215/122 1805/1174/122
f 1827/1176/122 1800/1212/122 1803/1177/122
f 1829/1179/122 1798/1219/122 1801/1180/122
f 1831/1182/122 1796/1222/122 1799/1183/122
f 1833/1185/122 1794/1225/122 1797/1186/122
f 1835/1188/122 1792/1228/122 1795/1189/122
f 1837/1191/122 1790/1230/122 1793/1192/122
f 1839/1194/122 1788/1229/122 1791/1195/122
f 1841/1197/122 1786/1227/122 1789/1198/122
f 1843/1200/122 1784/1224/122 1787/1201/122
f 1845/1203/122 1782/1221/122 1785/1204/122
f 1847/1206/122 1780/1218/122 1783/1207/122
f 1776/1209/122 1777/1216/122 1779/1210/122
f 1919/1156/121 1924/1213/121 1925/1155/121
f 1850/1159/121 1856/1226/121 1857/1158/121
f 1855/1162/121 1860/1223/121 1861/1161/121
f 1859/1165/121 1864/1220/121 1865/1164/121
f 1863/1168/121 1868/1217/121 1869/1167/121
f 1867/1171/121 1872/1214/121 1873/1170/121
f 1871/1174/121 1876/1215/121 1877/1173/121
f 1875/1177/121 1880/1212/121 1881/1176/121
f 1879/1180/121 1884/1219/121 1885/1179/121
f 1883/1183/121 1888/1222/121 1889/1182/121
f 1887/1186/121 1892/1225/121 1893/1185/121
f 1891/1189/121 1896/1228/121 1897/1188/121
f 1895/1192/121 1900/1230/121 1901/1191/121
f 1899/1195/121 1904/1229/121 1905/1194/121
f 1903/1198/121 1908/1227/121 1909/1197/121
f 1907/1201/121 1912/1224/121 1913/1200/121
f 1911/1204/121 1916/1221/121 1917/1203/121
f 1915/1207/121 1920/1218/121 1921/1206/121
f 1923/1210/121 1853/1216/121 1852/1209/121
f 1874/1178/138 1881/1176/138 1827/1176/138
f 1923/1210/123 1922/1211/123 1848/1211/123
f 1871/1174/123 1870/1175/123 1822/1175/123
f 1880/1212/137 1875/1177/137 1803/1177/137
f 1925/1155/120 1924/1213/120 1778/1213/120
f 1873/1170/120 1872/1214/120 1804/1214/120
f 1870/1175/138 1877/1173/138 1825/1173/138
f 1922/1211/138 1852/1209/138 1776/1209/138
f 1875/1177/123 1874/1178/123 1824/1178/123
f 1876/1215/137 1871/1174/137 1805/1174/137
f 1853/1216/137 1923/1210/137 1779/1210/137
f 1877/1173/120 1876/1215/120 1802/1215/120
f 1866/1172/138 1873/1170/138 1823/1170/138
f 1918/1157/138 1925/1155/138 1849/1155/138
f 1879/1180/123 1878/1181/123 1826/1181/123
f 1872/1214/137 1867/1171/137 1807/1171/137
f 1924/1213/137 1919/1156/137 1781/1156/137
f 1881/1176/120 1880/1212/120 1800/1212/120
f 1862/1169/138 1869/1167/138 1821/1167/138
f 1914/1208/138 1921/1206/138 1847/1206/138
f 1883/1183/123 1882/1184/123 1828/1184/123
f 1868/1217/137 1863/1168/137 1809/1168/137
f 1920/1218/137 1915/1207/137 1783/1207/137
f 1885/1179/120 1884/1219/120 1798/1219/120
f 1858/1166/138 1865/1164/138 1819/1164/138
f 1910/1205/138 1917/1203/138 1845/1203/138
f 1887/1186/123 1886/1187/123 1830/1187/123
f 1864/1220/137 1859/1165/137 1811/1165/137
f 1916/1221/137 1911/1204/137 1785/1204/137
f 1889/1182/120 1888/1222/120 1796/1222/120
f 1854/1163/138 1861/1161/138 1817/1161/138
f 1906/1202/138 1913/1200/138 1843/1200/138
f 1891/1189/123 1890/1190/123 1832/1190/123
f 1860/1223/137 1855/1162/137 1813/1162/137
f 1912/1224/137 1907/1201/137 1787/1201/137
f 1893/1185/120 1892/1225/120 1794/1225/120
f 1851/1160/138 1857/1158/138 1815/1158/138
f 1902/1199/138 1909/1197/138 1841/1197/138
f 1895/1192/123 1894/1193/123 1834/1193/123
f 1856/1226/137 1850/1159/137 1775/1159/137
f 1908/1227/137 1903/1198/137 1789/1198/137
f 1897/1188/120 1896/1228/120 1792/1228/120
f 1898/1196/138 1905/1194/138 1839/1194/138
f 1899/1195/123 1898/1196/123 1836/1196/123
f 1904/1229/137 1899/1195/137 1791/1195/137
f 1901/1191/120 1900/1230/120 1790/1230/120
f 1894/1193/138 1901/1191/138 1837/1191/138
f 1903/1198/123 1902/1199/123 1838/1199/123
f 1850/1159/123 1851/1160/123 1774/1160/123
f 1900/1230/137 1895/1192/137 1793/1192/137
f 1905/1194/120 1904/1229/120 1788/1229/120
f 1852/1209/120 1853/1216/120 1777/1216/120
f 1890/1190/138 1897/1188/138 1835/1188/138
f 1907/1201/123 1906/1202/123 1840/1202/123
f 1855/1162/123 1854/1163/123 1814/1163/123
f 1896/1228/137 1891/1189/137 1795/1189/137
f 1909/1197/120 1908/1227/120 1786/1227/120
f 1857/1158/120 1856/1226/120 1812/1226/120
f 1886/1187/138 1893/1185/138 1833/1185/138
f 1911/1204/123 1910/1205/123 1842/1205/123
f 1859/1165/123 1858/1166/123 1816/1166/123
f 1892/1225/137 1887/1186/137 1797/1186/137
f 1913/1200/120 1912/1224/120 1784/1224/120
f 1861/1161/120 1860/1223/120 1810/1223/120
f 1882/1184/138 1889/1182/138 1831/1182/138
f 1915/1207/123 1914/1208/123 1844/1208/123
f 1863/1168/123 1862/1169/123 1818/1169/123
f 1888/1222/137 1883/1183/137 1799/1183/137
f 1917/1203/120 1916/1221/120 1782/1221/120
f 1865/1164/120 1864/1220/120 1808/1220/120
f 1878/1181/138 1885/1179/138 1829/1179/138
f 1919/1156/123 1918/1157/123 1846/1157/123
f 1867/1171/123 1866/1172/123 1820/1172/123
f 1884/1219/137 1879/1180/137 1801/1180/137
f 1921/1206/120 1920/1218/120 1780/1218/120
f 1869/1167/120 1868/1217/120 1806/1217/120
f 1929/1231/122 1928/1234/122 1927/1232/122
f 1930/1232/121 1932/1234/121 1933/1231/121
f 1931/1233/138 1933/1231/138 1929/1231/138
f 1932/1234/137 1930/1232/137 1927/1232/137
f 1930/1232/123 1931/1233/123 1926/1233/123
f 1933/1231/120 1932/1234/120 1928/1234/120
f 1937/1235/122 1936/1238/122 1935/1236/122
f 1938/1236/121 1940/1238/121 1941/1235/121
f 1939/1237/138 1941/1235/138 1937/1235/138
f 1940/1238/137 1938/1236/137 1935/1236/137
f 1938/1236/123 1939/1237/123 1934/1237/123
f 1941/1235/120 1940/1238/120 1936/1238/120
f 1945/1239/122 1944/1242/122 1943/1240/122
f 1946/1240/121 1948/1242/121 1949/1239/121
f 1947/1241/138 1949/1239/138 1945/1239/138
f 1948/1242/137 1946/1240/137 1943/1240/137
f 1946/1240/123 1947/1241/123 1942/1241/123
f 1949/1239/120 1948/1242/120 1944/1242/120
f 1953/1243/137 1950/1250/137 1954/1244/137
f 1951/1246/138 1952/1249/138 1956/1247/138
f 1952/1249/120 1953/1243/120 1955/1245/120
f 1950/1250/123 1951/1246/123 1957/1248/123
f 1957/1248/122 1956/1247/122 1955/1245/122
f 1962/1251/138 1961/1254/138 1958/1252/138
f 1961/1254/123 1962/1251/123 1963/1251/123
f 1965/1255/137 1966/1744/137 1967/1253/137
f 1964/1252/120 1967/1253/120 1959/1253/120
f 1968/1256/138 1971/1259/138 1972/1257/138
f 1973/1257/120 1972/1257/120 1971/1259/120
f 1977/1258/137 1976/1745/137 1975/1260/137
f 1969/1258/123 1977/1258/123 1974/1256/123
f 1978/1252/137 1981/1254/137 1982/1251/137
f 1983/1251/123 1982/1251/123 1981/1254/123
f 1987/1253/138 1986/1744/138 1985/1255/138
f 1979/1253/120 1987/1253/120 1984/1252/120
f 1992/1257/137 1991/1259/137 1988/1256/137
f 1991/1259/120 1992/1257/120 1993/1257/120
f 1995/1260/138 1996/1745/138 1997/1258/138
f 1994/1256/123 1997/1258/123 1989/1258/123
f 1999/1261/122 2001/1261/122 2000/1262/122
f 2002/1263/121 2005/1264/121 2004/1264/121
f 2004/1264/120 2005/1264/120 2001/1261/120
f 2007/1265/122 2009/1265/122 2008/1266/122
f 2010/1267/121 2013/1268/121 2012/1268/121
f 2012/1268/120 2013/1268/120 2009/1265/120
f 2014/1269/138 2015/1272/138 2017/1270/138
f 2019/1269/137 2018/1271/137 2021/1270/137
f 2021/1270/195 2018/1271/195 2016/1271/195
f 2020/1272/120 2021/1270/120 2017/1270/120
f 2022/1269/137 2024/1271/137 2025/1270/137
f 2027/1269/138 2028/1272/138 2029/1270/138
f 2024/1271/195 2026/1271/195 2029/1270/195
f 2023/1272/120 2025/1270/120 2029/1270/120
f 2080/1273/122 2083/1746/122 2126/1274/122
f 2041/1276/122 2192/1747/122 2195/1277/122
f 2082/1279/122 2085/1748/122 2130/1280/122
f 2084/1282/122 2087/1749/122 2134/1283/122
f 2086/1285/122 2089/1750/122 2138/1286/122
f 2088/1288/122 2091/1751/122 2142/1289/122
f 2090/1291/122 2093/1752/122 2146/1292/122
f 2092/1294/122 2095/1753/122 2150/1295/122
f 2094/1297/122 2097/1754/122 2154/1298/122
f 2096/1300/122 2099/1755/122 2158/1301/122
f 2098/1303/122 2101/1756/122 2162/1304/122
f 2100/1306/122 2103/1757/122 2166/1307/122
f 2102/1309/122 2105/1758/122 2170/1310/122
f 2104/1312/122 2107/1759/122 2174/1313/122
f 2106/1315/122 2109/1760/122 2178/1316/122
f 2108/1318/122 2111/1761/122 2182/1319/122
f 2110/1321/122 2113/1762/122 2186/1322/122
f 2112/1324/122 2115/1763/122 2190/1325/122
f 2114/1327/122 2117/1764/122 2196/1328/122
f 2116/1330/122 2033/1765/122 2037/1331/122
f 2031/1333/122 2079/1766/122 2118/1334/122
f 2030/1336/122 2035/1767/122 2121/1337/122
f 2077/1339/122 2120/1768/122 2125/1340/122
f 2124/1342/122 2129/1769/122 2072/1343/122
f 2128/1345/122 2133/1770/122 2070/1346/122
f 2132/1348/122 2137/1771/122 2068/1349/122
f 2069/1351/122 2136/1772/122 2141/1352/122
f 2140/1354/122 2145/1773/122 2064/1355/122
f 2144/1357/122 2149/1774/122 2062/1358/122
f 2148/1360/122 2153/1775/122 2060/1361/122
f 2152/1363/122 2157/1776/122 2058/1364/122
f 2156/1366/122 2161/1777/122 2056/1367/122
f 2160/1369/122 2165/1778/122 2054/1370/122
f 2164/1372/122 2169/1779/122 2052/1373/122
f 2168/1375/122 2173/1780/122 2050/1376/122
f 2172/1378/122 2177/1781/122 2048/1379/122
f 2176/1381/122 2181/1782/122 2046/1382/122
f 2180/1384/122 2185/1783/122 2044/1385/122
f 2045/1387/122 2184/1784/122 2189/1388/122
f 2188/1390/122 2193/1785/122 2040/1391/122
f 2078/1393/122 2081/1786/122 2122/1394/122
f 2039/1396/122 2194/1787/122 2036/1397/122
f 2199/1399/122 2203/1788/122 2204/1400/122
f 2201/1402/122 2205/1789/122 2202/1403/122
f 2207/1405/122 2211/1790/122 2212/1406/122
f 2209/1408/122 2213/1791/122 2210/1409/122
f 2218/1411/121 2221/1411/121 2220/1412/121
f 2219/1412/138 2220/1412/138 2215/1413/138
f 2220/1412/120 2221/1411/120 2217/1414/120
f 2218/1411/123 2219/1412/123 2214/1413/123
f 2221/1411/137 2218/1411/137 2216/1414/137
f 2226/1415/121 2229/1415/121 2228/1416/121
f 2227/1416/138 2228/1416/138 2223/1417/138
f 2228/1416/120 2229/1415/120 2225/1418/120
f 2226/1415/123 2227/1416/123 2222/1417/123
f 2229/1415/137 2226/1415/137 2224/1418/137
f 2232/1419/137 2233/1419/137 2231/1420/137
f 2236/1421/138 2237/1422/138 2234/1422/138
f 2232/1419/122 2234/1422/122 2237/1422/122
f 2231/1420/121 2236/1421/121 2235/1421/121
f 2233/1419/120 2237/1422/120 2236/1421/120
f 2230/1420/123 2235/1421/123 2234/1422/123
f 2240/1423/121 2241/1424/121 2239/1424/121
f 2244/1425/122 2245/1425/122 2242/1426/122
f 2240/1423/137 2242/1426/137 2245/1425/137
f 2239/1424/138 2244/1425/138 2243/1426/138
f 2241/1424/120 2245/1425/120 2244/1425/120
f 2238/1423/123 2243/1426/123 2242/1426/123
f 2253/1427/123 2248/1428/123 2249/1428/123
f 2250/1429/120 2246/1430/120 2247/1430/120
f 2252/1429/138 2247/1430/138 2248/1428/138
f 2251/1427/137 2249/1428/137 2246/1430/137
f 2247/1430/122 2246/1430/122 2249/1428/122
f 2251/1427/121 2250/1429/121 2252/1429/121
f 2261/1431/138 2260/1432/138 2255/1425/138
f 2259/1431/137 2257/1429/137 2254/1425/137
f 2255/1425/120 2254/1425/120 2257/1429/120
f 2259/1431/123 2258/1432/123 2260/1432/123
f 2269/1427/138 2268/1426/138 2263/1433/138
f 2267/1427/137 2265/1434/137 2262/1433/137
f 2263/1433/120 2262/1433/120 2265/1434/120
f 2267/1427/123 2266/1426/123 2268/1426/123
f 2275/1435/138 2271/1434/138 2270/1436/138
f 2276/1438/138 2272/1440/138 2273/1431/138
f 2277/1439/138 2273/1431/138 2271/1434/138
f 2274/1437/138 2270/1436/138 2272/1440/138
f 2278/1436/137 2279/1434/137 2283/1435/137
f 2281/1431/137 2280/1440/137 2284/1438/137
f 2279/1434/137 2281/1431/137 2285/1439/137
f 2280/1440/137 2278/1436/137 2282/1437/137
f 2274/1437/120 2282/1437/120 2283/1435/120
f 2277/1439/123 2285/1439/123 2284/1438/123
f 2275/1435/121 2283/1435/121 2285/1439/121
f 2276/1438/122 2284/1438/122 2282/1437/122
f 2289/1441/138 2288/1444/138 2287/1442/138
f 2292/1444/137 2293/1441/137 2290/1443/137
f 2288/1444/121 2292/1444/121 2291/1442/121
f 2290/1443/122 2293/1441/122 2289/1441/122
f 2295/1445/138 2294/1451/138 2301/1446/138
f 2298/1448/138 2297/1452/138 2296/1449/138
f 2302/1451/137 2303/1445/137 2308/1447/137
f 2304/1449/137 2305/1452/137 2306/1448/137
f 2294/1451/120 2302/1451/120 2309/1446/120
f 2307/1450/120 2299/1450/120 2296/1449/120
f 2303/1445/123 2295/1445/123 2300/1447/123
f 2305/1452/123 2297/1452/123 2298/1448/123
f 2311/1453/121 2313/1453/121 2312/1454/121
f 2314/1455/122 2317/1456/122 2316/1456/122
f 2317/1456/138 2314/1455/138 2312/1454/138
f 2315/1455/137 2316/1456/137 2311/1453/137
f 2316/1456/120 2317/1456/120 2313/1453/120
f 2314/1455/123 2315/1455/123 2310/1454/123
f 2321/1457/123 2320/1457/123 2325/1458/123
f 2319/1459/120 2318/1459/120 2322/1460/120
f 2320/1457/137 2319/1459/137 2324/1460/137
f 2318/1459/138 2321/1457/138 2323/1458/138
f 2321/1457/122 2318/1459/122 2319/1459/122
f 2324/1460/121 2322/1460/121 2323/1458/121
f 2333/1461/137 2328/1460/137 2327/1456/137
f 2326/1456/138 2329/1460/138 2331/1461/138
f 2329/1460/120 2326/1456/120 2327/1456/120
f 2332/1462/123 2330/1462/123 2331/1461/123
f 2341/1458/137 2336/1464/137 2335/1463/137
f 2334/1463/138 2337/1464/138 2339/1458/138
f 2337/1464/120 2334/1463/120 2335/1463/120
f 2340/1455/123 2338/1455/123 2339/1458/123
f 2342/1465/137 2343/1464/137 2347/1466/137
f 2345/1461/137 2344/1470/137 2348/1468/137
f 2343/1464/137 2345/1461/137 2349/1469/137
f 2344/1470/137 2342/1465/137 2346/1467/137
f 2355/1466/138 2351/1464/138 2350/1465/138
f 2356/1468/138 2352/1470/138 2353/1461/138
f 2357/1469/138 2353/1461/138 2351/1464/138
f 2354/1467/138 2350/1465/138 2352/1470/138
f 2355/1466/120 2354/1467/120 2346/1467/120
f 2356/1468/123 2357/1469/123 2349/1469/123
f 2357/1469/121 2355/1466/121 2347/1466/121
f 2354/1467/122 2356/1468/122 2348/1468/122
f 2359/1471/137 2360/1474/137 2361/1472/137
f 2362/1473/138 2365/1472/138 2364/1474/138
f 2363/1471/121 2364/1474/121 2360/1474/121
f 2361/1472/122 2365/1472/122 2362/1473/122
f 2373/1475/137 2366/1481/137 2367/1476/137
f 2370/1478/137 2371/1482/137 2368/1479/137
f 2380/1477/138 2375/1476/138 2374/1481/138
f 2378/1478/138 2377/1480/138 2376/1479/138
f 2381/1475/120 2374/1481/120 2366/1481/120
f 2368/1479/120 2371/1482/120 2379/1482/120
f 2372/1477/123 2367/1476/123 2375/1476/123
f 2370/1478/123 2369/1480/123 2377/1480/123
f 2385/1483/196 2389/1483/196 2384/1484/196
f 2385/1483/197 2383/1485/197 2387/1485/197
f 2382/1486/202 2386/1486/202 2388/1484/202
f 2387/1485/199 2383/1485/199 2386/1486/199
f 2393/1487/200 2397/1487/200 2392/1488/200
f 2393/1487/197 2391/1489/197 2395/1489/197
f 2390/1490/202 2394/1490/202 2396/1488/202
f 2395/1489/203 2391/1489/203 2394/1490/203
f 2400/1491/137 2403/1491/137 2402/1492/137
f 2398/1493/120 2402/1492/120 2403/1491/120
f 2416/1495/122 2404/1494/122 2408/1496/122
f 2404/1494/123 2411/1498/123 2412/1497/123
f 2417/1494/122 2399/1494/122 2403/1491/122
f 2405/1493/123 2409/1500/123 2408/1496/123
f 2398/1493/138 2399/1494/138 2417/1494/138
f 2413/1492/204 2412/1497/204 2411/1498/204
f 2401/1492/137 2413/1492/137 2410/1491/137
f 2415/1499/205 2414/1493/205 2417/1494/205
f 2416/1495/120 2406/1496/120 2407/1500/120
f 2404/1494/122 2416/1495/122 2400/1491/122
f 2416/1495/122 2417/1494/122 2400/1491/122
f 2400/1491/122 2410/1491/122 2404/1494/122
f 2422/1501/138 2423/1502/138 2420/1502/138
f 2423/1502/120 2422/1501/120 2418/1503/120
f 2432/1505/122 2406/1496/122 2408/1496/122
f 2428/1506/123 2427/1507/123 2424/1504/123
f 2433/1504/122 2420/1502/122 2423/1502/122
f 2408/1496/123 2409/1500/123 2425/1503/123
f 2433/1504/137 2419/1504/137 2418/1503/137
f 2427/1507/206 2428/1506/206 2429/1501/206
f 2426/1502/138 2429/1501/138 2421/1501/138
f 2433/1504/207 2430/1503/207 2431/1508/207
f 2407/1500/120 2406/1496/120 2432/1505/120
f 2433/1504/122 2432/1505/122 2420/1502/122
f 2432/1505/122 2424/1504/122 2420/1502/122
f 2424/1504/122 2427/1507/122 2426/1502/122
f 2436/1509/121 2434/1509/121 2435/1510/121
f 2437/1510/120 2444/1516/120 2445/1511/120
f 2441/1512/122 2440/1513/122 2443/1513/122
f 2446/1514/121 2438/1514/121 2439/1515/121
f 2444/1516/122 2452/1516/122 2453/1511/122
f 2447/1517/124 2446/1514/124 2449/1515/124
f 2448/1518/120 2442/1512/120 2443/1513/120
f 2453/1511/121 2452/1516/121 2451/1516/121
f 2450/1511/138 2458/1519/138 2454/1519/138
f 2452/1516/137 2457/1520/137 2461/1520/137
f 2451/1516/120 2461/1520/120 2458/1519/120
f 2460/1521/122 2456/1521/122 2455/1522/122
f 2456/1521/131 2457/1520/131 2454/1519/131
f 2455/1522/146 2454/1519/146 2458/1519/146
f 2460/1521/148 2461/1520/148 2457/1520/148
f 2460/1521/128 2459/1522/128 2458/1519/128
f 2468/1523/120 2469/1526/120 2466/1524/120
f 2473/1524/121 2466/1524/121 2469/1526/121
f 2473/1524/137 2472/1525/137 2467/1525/137
f 2471/1523/122 2468/1523/122 2467/1525/122
f 2470/1526/138 2469/1526/138 2468/1523/138
f 2463/1527/120 2462/1532/120 2470/1528/120
f 2463/1527/120 2471/1529/120 2472/1530/120
f 2462/1532/120 2465/1534/120 2473/1533/120
f 2464/1531/120 2472/1530/120 2473/1533/120
f 2514/1535/121 2526/1551/121 2527/1536/121
f 2491/1538/205 2540/1595/205 2539/1539/205
f 2515/1537/121 2527/1536/121 2528/1541/121
f 2547/1543/208 2550/1587/208 2525/1544/208
f 2531/1544/209 2549/1587/209 2556/1543/209
f 2487/1546/210 2535/1593/210 2546/1547/210
f 2516/1542/121 2528/1541/121 2529/1536/121
f 2493/1538/211 2542/1595/211 2541/1549/211
f 2518/1535/121 2517/1537/121 2529/1536/121
f 2488/1552/207 2537/1594/207 2534/1547/207
f 2476/1553/212 2500/1566/212 2501/1554/212
f 2511/1556/121 2510/1591/121 2522/1557/121
f 2519/1544/121 2518/1535/121 2530/1551/121
f 2474/1559/308 2475/1560/308 2486/1548/308
f 2475/1560/122 2476/1553/122 2488/1552/122
f 2476/1553/122 2477/1555/122 2489/1555/122
f 2478/1561/122 2490/1540/122 2489/1555/122
f 2479/1562/122 2491/1538/122 2490/1540/122
f 2480/1563/122 2492/1550/122 2491/1538/122
f 2480/1563/122 2481/1562/122 2493/1538/122
f 2481/1562/122 2482/1561/122 2494/1540/122
f 2482/1561/122 2483/1555/122 2495/1555/122
f 2484/1553/122 2496/1552/122 2495/1555/122
f 2485/1560/122 2497/1548/122 2496/1552/122
f 2474/1559/122 2487/1546/122 2497/1548/122
f 2500/1565/308 2498/1792/308 2499/1793/308
f 2499/1793/122 2509/1792/122 2508/1565/122
f 2508/1565/122 2507/1794/122 2506/1564/122
f 2506/1564/122 2505/1795/122 2504/1796/122
f 2504/1796/122 2503/1795/122 2502/1564/122
f 2502/1564/122 2501/1794/122 2500/1565/122
f 2500/1565/122 2499/1793/122 2508/1565/122
f 2508/1565/122 2506/1564/122 2504/1796/122
f 2504/1796/122 2502/1564/122 2508/1565/122
f 2483/1555/214 2507/1554/214 2508/1566/214
f 2480/1563/211 2504/1571/211 2505/1567/211
f 2477/1555/209 2501/1554/209 2502/1568/209
f 2485/1560/204 2484/1553/204 2508/1566/204
f 2474/1559/215 2499/1570/215 2498/1569/215
f 2481/1562/206 2505/1567/206 2506/1568/206
f 2478/1561/205 2502/1568/205 2503/1567/205
f 2485/1560/210 2509/1569/210 2499/1570/210
f 2475/1560/207 2498/1569/207 2500/1566/207
f 2482/1561/208 2506/1568/208 2507/1554/208
f 2479/1562/216 2503/1567/216 2504/1571/216
f 2558/1572/216 2521/1585/216 2510/1573/216
f 2520/1575/205 2521/1585/205 2558/1572/205
f 2559/1577/209 2519/1584/209 2520/1575/209
f 2518/1578/212 2519/1584/212 2559/1577/212
f 2517/1580/207 2518/1578/207 2567/1579/207
f 2516/1582/215 2517/1580/215 2566/1581/215
f 2515/1580/210 2516/1582/210 2565/1583/210
f 2514/1578/204 2515/1580/204 2564/1581/204
f 2513/1584/214 2514/1578/214 2563/1579/214
f 2560/1576/208 2512/1575/208 2513/1584/208
f 2511/1585/206 2512/1575/206 2560/1576/206
f 2569/1574/211 2510/1573/211 2511/1585/211
f 2536/1586/206 2547/1543/206 2524/1545/206
f 2550/1587/214 2551/1588/214 2526/1551/214
f 2551/1588/204 2553/1589/204 2527/1536/204
f 2553/1589/210 2554/1590/210 2528/1541/210
f 2554/1590/215 2555/1589/215 2529/1536/215
f 2548/1588/207 2530/1551/207 2529/1536/207
f 2548/1588/212 2549/1587/212 2531/1544/212
f 2556/1543/205 2557/1586/205 2533/1558/205
f 2557/1586/216 2552/1596/216 2522/1557/216
f 2510/1591/121 2521/1556/121 2533/1558/121
f 2513/1544/121 2525/1544/121 2526/1551/121
f 2520/1592/121 2532/1545/121 2533/1558/121
f 2495/1555/208 2544/1587/208 2543/1539/208
f 2513/1544/121 2512/1592/121 2524/1545/121
f 2519/1544/121 2531/1544/121 2532/1545/121
f 2490/1540/209 2539/1539/209 2538/1587/209
f 2512/1592/121 2511/1556/121 2523/1558/121
f 2539/1539/122 2540/1595/122 2553/1589/122
f 2535/1593/122 2552/1596/122 2557/1586/122
f 2541/1549/122 2542/1595/122 2555/1589/122
f 2537/1594/122 2547/1543/122 2536/1586/122
f 2544/1587/122 2549/1587/122 2548/1588/122
f 2538/1587/122 2539/1539/122 2551/1588/122
f 2544/1587/122 2545/1594/122 2556/1543/122
f 2538/1587/122 2550/1587/122 2547/1543/122
f 2542/1595/122 2543/1539/122 2548/1588/122
f 2534/1547/122 2536/1586/122 2552/1596/122
f 2540/1595/122 2541/1549/122 2554/1590/122
f 2546/1547/122 2557/1586/122 2556/1543/122
f 2496/1552/214 2545/1594/214 2544/1587/214
f 2489/1555/212 2538/1587/212 2537/1594/212
f 2494/1540/206 2543/1539/206 2542/1595/206
f 2486/1548/215 2534/1547/215 2535/1593/215
f 2492/1550/216 2541/1549/216 2540/1595/216
f 2497/1548/204 2546/1547/204 2545/1594/204
f 2536/1586/211 2523/1558/211 2522/1557/211
f 2562/1577/121 2612/1577/121 2607/1597/121
f 2559/1577/121 2605/1577/121 2611/1598/121
f 2559/1577/121 2568/1576/121 2610/1597/121
f 2567/1579/121 2611/1598/121 2618/1599/121
f 2568/1576/121 2558/1572/121 2602/1600/121
f 2566/1581/121 2618/1599/121 2617/1601/121
f 2558/1572/121 2569/1574/121 2614/1602/121
f 2565/1583/121 2617/1601/121 2616/1599/121
f 2569/1574/121 2561/1572/121 2613/1600/121
f 2564/1581/121 2616/1599/121 2615/1598/121
f 2561/1572/121 2560/1576/121 2607/1597/121
f 2562/1577/121 2563/1579/121 2615/1598/121
f 2571/1603/309 2572/1608/309 2574/1604/309
f 2573/1606/310 2572/1608/310 2571/1603/310
f 2572/1608/311 2575/1611/311 2577/1609/311
f 2576/1610/312 2575/1611/312 2572/1608/312
f 2575/1611/313 2578/1614/313 2580/1612/313
f 2579/1613/314 2578/1614/314 2575/1611/314
f 2578/1614/315 2581/1618/315 2583/1615/315
f 2582/1616/316 2581/1618/316 2578/1614/316
f 2584/1617/317 2586/1620/317 2583/1615/317
f 2582/1616/318 2585/1621/318 2584/1617/318
f 2587/1619/319 2589/1650/319 2586/1620/319
f 2585/1621/320 2588/1624/320 2587/1619/320
f 2590/1622/321 2608/1639/321 2609/1623/321
f 2619/1625/322 2590/1622/322 2588/1624/322
f 2620/1626/323 2619/1625/323 2585/1621/323
f 2620/1626/324 2582/1616/324 2579/1613/324
f 2621/1627/325 2579/1613/325 2576/1610/325
f 2591/1628/326 2576/1610/326 2573/1606/326
f 2592/1629/327 2573/1606/327 2625/1607/327
f 2622/1630/328 2625/1607/328 2594/1631/328
f 2593/1632/329 2594/1631/329 2624/1633/329
f 2595/1635/330 2623/1634/330 2624/1633/330
f 2597/1637/331 2595/1635/331 2596/1636/331
f 2608/1639/332 2597/1637/332 2598/1638/332
f 2625/1607/333 2571/1603/333 2626/1640/333
f 2626/1640/334 2571/1603/334 2570/1605/334
f 2594/1631/335 2626/1640/335 2627/1642/335
f 2627/1642/336 2626/1640/336 2606/1641/336
f 2596/1636/337 2624/1633/337 2627/1642/337
f 2627/1642/338 2604/1643/338 2603/1645/338
f 2598/1638/339 2596/1636/339 2628/1644/339
f 2628/1644/340 2603/1645/340 2601/1647/340
f 2609/1623/341 2598/1638/341 2629/1646/341
f 2629/1646/342 2601/1647/342 2599/1649/342
f 2588/1624/343 2609/1623/343 2600/1648/343
f 2600/1648/344 2599/1649/344 2589/1650/344
f 2614/1602/345 2613/1600/345 2589/1650/345
f 2613/1600/346 2607/1597/346 2586/1620/346
f 2607/1597/347 2612/1577/347 2583/1615/347
f 2583/1615/348 2612/1577/348 2615/1598/348
f 2580/1612/349 2615/1598/349 2616/1599/349
f 2577/1609/350 2616/1599/350 2617/1601/350
f 2574/1604/351 2617/1601/351 2618/1599/351
f 2570/1605/207 2618/1599/207 2611/1598/207
f 2606/1641/212 2611/1598/212 2605/1577/212
f 2605/1577/209 2610/1597/209 2603/1645/209
f 2610/1597/205 2602/1600/205 2601/1647/205
f 2602/1600/352 2614/1602/352 2599/1649/352
f 2637/1651/210 2661/1678/210 2640/1652/210
f 2660/1654/216 2636/1797/216 2647/1655/216
f 2635/1657/212 2659/1677/212 2642/1658/212
f 2633/1660/216 2657/1676/216 2644/1661/216
f 2658/1663/208 2634/1798/208 2649/1664/208
f 2639/1656/208 2647/1655/208 2646/1653/208
f 2631/1666/208 2655/1675/208 2638/1667/208
f 2656/1669/210 2632/1799/210 2651/1670/210
f 2641/1665/210 2649/1664/210 2648/1659/210
f 2654/1672/212 2630/1800/212 2653/1673/212
f 2643/1671/212 2651/1670/212 2650/1662/212
f 2631/1666/210 2630/1800/210 2654/1672/210
f 2645/1674/216 2653/1673/216 2652/1668/216
f 2633/1660/208 2632/1799/208 2656/1669/208
f 2635/1657/216 2634/1798/216 2658/1663/216
f 2637/1651/212 2636/1797/212 2660/1654/212
f 2670/1679/353 2669/1682/353 2681/1680/353
f 2666/1679/266 2678/1681/266 2679/1680/266
f 2673/1683/354 2685/1687/354 2674/1684/354
f 2664/1686/268 2663/1683/268 2675/1687/268
f 2670/1679/355 2682/1681/355 2683/1689/355
f 2668/1691/356 2667/1682/356 2679/1680/356
f 2665/1690/271 2664/1686/271 2676/1688/271
f 2671/1690/357 2683/1689/357 2684/1688/357
f 2668/1691/358 2680/1692/358 2681/1680/358
f 2666/1679/359 2665/1690/359 2677/1689/359
f 2672/1686/275 2684/1688/275 2685/1687/275
f 2663/1683/360 2662/1685/360 2674/1684/360
f 2676/1688/121 2675/1687/121 2674/1684/121
f 2674/1684/121 2685/1687/121 2676/1688/121
f 2685/1687/121 2684/1688/121 2676/1688/121
f 2684/1688/121 2683/1689/121 2682/1681/121
f 2682/1681/121 2681/1680/121 2680/1692/121
f 2680/1692/121 2679/1680/121 2678/1681/121
f 2678/1681/121 2677/1689/121 2680/1692/121
f 2677/1689/121 2676/1688/121 2680/1692/121
f 2684/1688/121 2682/1681/121 2676/1688/121
f 2706/1693/277 2705/1801/277 2693/1694/277
f 2691/1694/278 2703/1801/278 2702/1693/278
f 2686/1696/279 2698/1705/279 2709/1697/279
f 2688/1699/361 2700/1704/361 2699/1697/361
f 2707/1700/281 2706/1693/281 2694/1695/281
f 2704/1702/362 2703/1801/362 2691/1694/362
f 2689/1701/283 2701/1700/283 2700/1704/283
f 2708/1704/284 2707/1700/284 2695/1701/284
f 2693/1694/363 2705/1801/363 2704/1702/363
f 2690/1695/286 2702/1693/286 2701/1700/286
f 2709/1697/287 2708/1704/287 2696/1699/287
f 2699/1697/364 2698/1705/364 2686/1696/364
f 2698/1705/365 2699/1697/365 2700/1704/365
f 2700/1704/122 2701/1700/122 2702/1693/122
f 2702/1693/122 2703/1801/122 2706/1693/122
f 2703/1801/122 2704/1702/122 2706/1693/122
f 2704/1702/366 2705/1801/366 2706/1693/366
f 2706/1693/122 2707/1700/122 2708/1704/122
f 2708/1704/365 2709/1697/365 2698/1705/365
f 2698/1705/122 2700/1704/122 2702/1693/122
f 2706/1693/122 2708/1704/122 2702/1693/122
f 2663/1683/367 2687/1698/367 2686/1696/367
f 2663/1683/368 2664/1686/368 2688/1699/368
f 2664/1686/369 2665/1690/369 2689/1701/369
f 2666/1679/370 2690/1695/370 2689/1701/370
f 2667/1682/371 2691/1694/371 2690/1695/371
f 2667/1682/372 2668/1691/372 2692/1703/372
f 2669/1682/373 2693/1694/373 2692/1703/373
f 2670/1679/374 2694/1695/374 2693/1694/374
f 2671/1690/375 2695/1701/375 2694/1695/375
f 2672/1686/376 2696/1699/376 2695/1701/376
f 2672/1686/377 2673/1683/377 2697/1698/377
f 2673/1683/378 2662/1685/378 2686/1696/378
f 2714/1706/122 2715/1707/122 2716/1707/122
f 2716/1707/138 2715/1707/138 2710/1503/138
f 2717/1706/120 2716/1707/120 2712/1503/120
f 2714/1706/137 2717/1706/137 2713/1493/137
f 2715/1707/123 2714/1706/123 2711/1493/123
f 2720/1708/122 2721/1709/122 2719/1709/122
f 2724/1710/121 2725/1710/121 2722/1711/121
f 2721/1709/123 2725/1710/123 2724/1710/123
f 2728/1712/122 2729/1713/122 2727/1713/122
f 2732/1714/121 2733/1714/121 2730/1715/121
f 2729/1713/123 2733/1714/123 2732/1714/123
f 2734/1716/138 2736/1719/138 2737/1717/138
f 2739/1716/137 2740/1718/137 2741/1717/137
f 2736/1719/301 2738/1719/301 2741/1717/301
f 2737/1717/123 2741/1717/123 2740/1718/123
f 2742/1720/137 2743/1721/137 2745/1717/137
f 2747/1720/138 2746/1719/138 2749/1717/138
f 2749/1717/301 2746/1719/301 2744/1719/301
f 2743/1721/123 2748/1721/123 2749/1717/123
o Bld_Wooden_Cabin_Door_02
v 2.513277 1.861499 -0.692197
v 2.513277 1.890380 -0.692197
v 2.513277 1.890380 0.006201
v 2.513277 1.861499 0.006201
v 2.497906 1.890380 -0.692197
v 2.497906 1.861499 -0.692197
v 2.497906 1.861499 0.006201
v 2.497906 1.890380 0.006201
v 2.528659 0.332407 -0.839730
v 2.528659 0.332406 0.153733
v 2.528659 2.331096 -0.839730
v 2.528659 2.331096 0.153734
v 2.528659 2.331096 -0.706120
v 2.528659 2.331096 0.020124
v 2.528659 0.332406 0.020124
v 2.528659 0.332407 -0.706120
v 2.482565 2.331096 0.153734
v 2.482565 2.331096 0.020124
v 2.482565 0.332407 -0.839730
v 2.482565 0.332407 -0.706120
v 2.482565 0.332406 0.020124
v 2.482565 0.332406 0.153733
v 2.482565 2.331096 -0.706120
v 2.482565 2.331096 -0.839730
v 2.521910 2.331096 -0.706120
v 2.521910 2.331096 0.020124
v 2.521910 0.332406 0.020124
v 2.521910 0.332407 -0.706120
v 2.521910 2.200172 -0.706120
v 2.521910 0.463330 -0.706120
v 2.521910 0.463330 0.020124
v 2.521910 2.200172 0.020124
v 2.489314 2.331096 0.020124
v 2.489314 2.331096 -0.706120
v 2.489314 0.332407 -0.706120
v 2.489314 0.332406 0.020124
v 2.489314 0.463330 -0.706120
v 2.489314 0.463330 0.020124
v 2.489314 2.200172 0.020124
v 2.489314 2.200172 -0.706120
v 2.528659 1.551708 0.020124
v 2.528659 1.424859 0.020124
v 2.528659 1.424859 -0.706120
v 2.528659 1.551708 -0.706120
v 2.482565 1.424859 0.020124
v 2.482565 1.551708 0.020124
v 2.482565 1.551708 -0.706120
v 2.482565 1.424859 -0.706120
v 2.505612 1.424859 0.020124
v 2.505612 1.424859 -0.706120
v 2.505612 1.551708 -0.706120
v 2.505612 1.551708 0.020124
v 2.520612 1.551708 -0.706120
v 2.520612 1.551708 0.020124
v 2.520612 2.200172 -0.706120
v 2.520612 2.200172 0.020124
v 2.520612 1.575691 -0.691824
v 2.520612 1.575691 0.005827
v 2.520612 2.176189 -0.691824
v 2.520612 2.176189 0.005827
v 2.490612 1.551708 -0.706120
v 2.490612 1.551708 0.020124
v 2.490612 2.200172 -0.706120
v 2.490612 2.200172 0.020124
v 2.490612 1.575691 -0.691824
v 2.490612 1.575691 0.005827
v 2.490612 2.176189 -0.691824
v 2.490612 2.176189 0.005827
v 2.505612 1.575691 -0.691824
v 2.505612 1.575691 0.005827
v 2.505612 2.176189 -0.691824
v 2.505612 2.176189 0.005827
v 2.516612 1.424859 0.020124
v 2.516612 1.424859 -0.706120
v 2.516612 0.463330 0.020124
v 2.516612 0.463330 -0.706120
v 2.494612 1.424859 0.020124
v 2.494612 1.424859 -0.706120
v 2.494612 0.463330 0.020124
v 2.494612 0.463330 -0.706120
v 2.514449 2.176815 -0.235207
v 2.514449 2.176815 -0.217990
v 2.514449 2.176815 -0.468006
v 2.514449 2.176815 -0.450790
v 2.514449 1.575065 -0.217991
v 2.514449 1.575065 -0.235207
v 2.514449 1.575065 -0.450790
v 2.514449 1.575065 -0.468006
v 2.496735 2.176815 -0.450790
v 2.496735 2.176815 -0.468006
v 2.496735 2.176815 -0.217990
v 2.496735 2.176815 -0.235207
v 2.496735 1.575065 -0.468006
v 2.496735 1.575065 -0.450790
v 2.496735 1.575065 -0.235207
v 2.496735 1.575065 -0.217991
v 2.482570 1.526386 0.094670
v 2.482570 1.526386 0.073031
v 2.482570 1.515566 0.054290
v 2.482570 1.496825 0.043471
v 2.482570 1.475186 0.043471
v 2.482570 1.432369 0.054290
v 2.482570 1.408843 0.073031
v 2.482570 1.408843 0.094670
v 2.482570 1.432369 0.113411
v 2.482570 1.475186 0.124231
v 2.482570 1.496825 0.124231
v 2.482570 1.515566 0.113411
v 2.476528 1.526386 0.094670
v 2.476528 1.526386 0.073031
v 2.476528 1.515566 0.054290
v 2.476528 1.496825 0.043471
v 2.476528 1.475186 0.043471
v 2.476528 1.432369 0.054290
v 2.476528 1.408843 0.073031
v 2.476528 1.408843 0.094670
v 2.476528 1.432369 0.113411
v 2.476528 1.475186 0.124231
v 2.476528 1.496825 0.124231
v 2.476528 1.515566 0.113411
v 2.483433 1.493895 0.065818
v 2.483433 1.499248 0.074835
v 2.483433 1.500778 0.083851
v 2.483433 1.499248 0.092867
v 2.483433 1.493895 0.101884
v 2.483433 1.452477 0.074835
v 2.483433 1.450946 0.083851
v 2.483433 1.452477 0.092867
v 2.483433 1.484878 0.107237
v 2.483433 1.475862 0.108767
v 2.448220 1.456818 0.064807
v 2.483433 1.466846 0.107237
v 2.483433 1.457829 0.101884
v 2.483433 1.484878 0.060465
v 2.446986 1.466340 0.059153
v 2.483433 1.475862 0.058935
v 2.483433 1.466846 0.060465
v 2.483433 1.457829 0.065818
v 2.446613 1.475862 0.057537
v 2.463136 1.463844 0.071832
v 2.463136 1.469853 0.068265
v 2.463136 1.475862 0.067245
v 2.446986 1.485384 0.059153
v 2.435921 1.458223 0.066212
v 2.432876 1.455179 0.075031
v 2.431957 1.454259 0.083851
v 2.432876 1.455179 0.092670
v 2.432876 1.467043 0.063167
v 2.426736 1.465520 0.073509
v 2.424981 1.465061 0.083851
v 2.426736 1.465520 0.094193
v 2.431957 1.475862 0.062248
v 2.424981 1.475862 0.073049
v 2.423008 1.475862 0.083851
v 2.424981 1.475862 0.094653
v 2.432876 1.484682 0.063167
v 2.426736 1.486204 0.073509
v 2.424981 1.486664 0.083851
v 2.426736 1.486204 0.094193
v 2.435921 1.458223 0.101490
v 2.448220 1.456818 0.102895
v 2.463136 1.481871 0.068265
v 2.463136 1.463844 0.095869
v 2.432876 1.467043 0.104534
v 2.446986 1.466340 0.108549
v 2.463136 1.469853 0.099437
v 2.463136 1.475862 0.100457
v 2.431957 1.475862 0.105454
v 2.446613 1.475862 0.110164
v 2.463136 1.481871 0.099437
v 2.463136 1.460276 0.089860
v 2.432876 1.484682 0.104534
v 2.446986 1.485384 0.108549
v 2.463136 1.459256 0.083851
v 2.463136 1.460276 0.077842
v 2.446986 1.451165 0.093373
v 2.446613 1.449549 0.083851
v 2.446986 1.451165 0.074329
v 2.463136 1.487881 0.095869
v 2.463136 1.491448 0.089860
v 2.463136 1.492468 0.083851
v 2.463136 1.491448 0.077842
v 2.463136 1.487881 0.071832
v 2.448220 1.494907 0.102895
v 2.446986 1.500560 0.093373
v 2.446613 1.502176 0.083851
v 2.446986 1.500560 0.074329
v 2.448220 1.494907 0.064807
v 2.435921 1.493501 0.101490
v 2.432876 1.496546 0.092670
v 2.431957 1.497465 0.083851
v 2.432876 1.496546 0.075031
v 2.435921 1.493501 0.066212
v 2.528659 1.526386 0.094670
v 2.528659 1.526386 0.073031
v 2.528659 1.515566 0.054290
v 2.528659 1.496825 0.043471
v 2.528659 1.475186 0.043471
v 2.528659 1.432369 0.054290
v 2.528659 1.408843 0.073031
v 2.528659 1.408843 0.094670
v 2.528659 1.432369 0.113411
v 2.528659 1.475186 0.124231
v 2.528659 1.496825 0.124231
v 2.528659 1.515566 0.113411
v 2.534701 1.526386 0.094670
v 2.534701 1.526386 0.073031
v 2.534701 1.515566 0.054290
v 2.534701 1.496825 0.043471
v 2.534701 1.475186 0.043471
v 2.534701 1.432369 0.054290
v 2.534701 1.408843 0.073031
v 2.534701 1.408843 0.094670
v 2.534701 1.432369 0.113411
v 2.534701 1.475186 0.124231
v 2.534701 1.496825 0.124231
v 2.534701 1.515566 0.113411
v 2.527797 1.493895 0.065818
v 2.527797 1.499248 0.074835
v 2.527797 1.500778 0.083851
v 2.527797 1.499248 0.092867
v 2.527797 1.493895 0.101884
v 2.527797 1.452477 0.074835
v 2.527797 1.450946 0.083851
v 2.527797 1.452477 0.092867
v 2.527797 1.484878 0.107237
v 2.527797 1.475862 0.108767
v 2.563009 1.456818 0.064807
v 2.527797 1.466846 0.107237
v 2.527797 1.457829 0.101884
v 2.527797 1.484878 0.060465
v 2.564243 1.466340 0.059153
v 2.527797 1.475862 0.058935
v 2.527797 1.466846 0.060465
v 2.527797 1.457829 0.065818
v 2.564616 1.475862 0.057537
v 2.548093 1.463844 0.071832
v 2.548093 1.469853 0.068265
v 2.548093 1.475862 0.067245
v 2.564243 1.485384 0.059153
v 2.575308 1.458223 0.066212
v 2.578353 1.455179 0.075031
v 2.579273 1.454259 0.083851
v 2.578353 1.455179 0.092670
v 2.578353 1.467043 0.063167
v 2.584493 1.465520 0.073509
v 2.586248 1.465061 0.083851
v 2.584493 1.465520 0.094193
v 2.579273 1.475862 0.062248
v 2.586248 1.475862 0.073049
v 2.588221 1.475862 0.083851
v 2.586248 1.475862 0.094653
v 2.578353 1.484682 0.063167
v 2.584493 1.486204 0.073509
v 2.586248 1.486664 0.083851
v 2.584493 1.486204 0.094193
v 2.575308 1.458223 0.101490
v 2.563009 1.456818 0.102895
v 2.548093 1.481871 0.068265
v 2.548093 1.463844 0.095869
v 2.578353 1.467043 0.104534
v 2.564243 1.466340 0.108549
v 2.548093 1.469853 0.099437
v 2.548093 1.475862 0.100457
v 2.579273 1.475862 0.105454
v 2.564616 1.475862 0.110164
v 2.548093 1.481871 0.099437
v 2.548093 1.460276 0.089860
v 2.578353 1.484682 0.104534
v 2.564243 1.485384 0.108549
v 2.548093 1.459256 0.083851
v 2.548093 1.460276 0.077842
v 2.564243 1.451165 0.093373
v 2.564616 1.449549 0.083851
v 2.564243 1.451165 0.074329
v 2.548093 1.487881 0.095869
v 2.548093 1.491448 0.089860
v 2.548093 1.492468 0.083851
v 2.548093 1.491448 0.077842
v 2.548093 1.487881 0.071832
v 2.563009 1.494907 0.102895
v 2.564243 1.500560 0.093373
v 2.564616 1.502176 0.083851
v 2.564243 1.500560 0.074329
v 2.563009 1.494907 0.064807
v 2.575308 1.493501 0.101490
v 2.578353 1.496546 0.092670
v 2.579273 1.497465 0.083851
v 2.578353 1.496546 0.075031
v 2.575308 1.493501 0.066212
vn 1.0000 -0.0000 -0.0000
vn -1.0000 -0.0000 -0.0000
vn -0.0000 -1.0000 -0.0000
vn -0.0000 1.0000 -0.0000
vn -0.0000 -0.0000 1.0000
vn -0.0000 -0.0000 -1.0000
vn -0.0000 0.5000 0.8660
vn -0.0000 -0.6231 0.7822
vn -0.0000 -0.2450 -0.9695
vn -0.0000 0.8660 0.5000
vn -0.0000 0.8660 -0.5000
vn -0.0000 -0.2450 0.9695
vn -0.0000 -0.6231 -0.7822
vn -0.0000 0.5000 -0.8660
vn -0.3762 -0.4730 0.7967
vn -0.3743 -0.9142 0.1551
vn -0.3762 0.7967 -0.4730
vn -0.1554 -0.5191 -0.8405
vn -0.3762 0.4730 -0.7967
vn -0.3743 0.9142 -0.1551
vn -0.3762 -0.7967 0.4730
vn -0.2775 -0.1713 -0.9453
vn -0.3743 0.9142 0.1551
vn -0.3743 0.1551 -0.9142
vn -0.3762 0.4730 0.7967
vn -0.2775 0.1713 -0.9453
vn -0.3762 0.7967 0.4730
vn -0.3743 -0.1551 -0.9142
vn -0.3743 0.1551 0.9142
vn -0.1554 0.5191 -0.8405
vn -0.7460 -0.4324 -0.5065
vn -0.8372 -0.5214 -0.1653
vn -0.8315 -0.5369 0.1427
vn -0.7460 -0.5065 0.4324
vn -0.8315 -0.1427 -0.5369
vn -0.9690 -0.1723 -0.1770
vn -0.9690 -0.1770 0.1723
vn -0.8372 -0.1653 0.5214
vn -0.8315 0.1427 -0.5369
vn -0.9690 0.1723 -0.1770
vn -0.9690 0.1770 0.1723
vn -0.8372 0.1653 0.5214
vn -0.7460 0.4324 -0.5065
vn -0.8372 0.5214 -0.1653
vn -0.8315 0.5369 0.1427
vn -0.7460 0.5065 0.4324
vn -0.2695 -0.3960 0.8778
vn -0.3762 -0.7967 -0.4730
vn -0.3762 -0.4730 -0.7967
vn -0.3743 -0.1551 0.9142
vn -0.3034 -0.1301 0.9440
vn -0.3743 -0.9142 -0.1551
vn 0.5423 -0.4289 -0.7224
vn 0.5098 0.8482 -0.1439
vn -0.3034 0.1301 0.9440
vn 0.5423 0.4289 0.7224
vn 0.5423 -0.7224 0.4289
vn 0.5098 -0.1439 -0.8482
vn -0.2695 0.3960 0.8778
vn 0.5098 -0.8482 0.1439
vn 0.5025 0.1255 -0.8554
vn 0.5026 -0.8554 -0.1255
vn -0.1554 -0.8405 0.5191
vn -0.2775 -0.9453 0.1713
vn -0.3034 -0.9440 -0.1301
vn -0.2695 -0.8778 -0.3960
vn 0.5155 0.3871 -0.7645
vn 0.5155 -0.7645 -0.3871
vn 0.5155 -0.3871 0.7645
vn 0.5155 0.7645 0.3871
vn 0.5026 -0.1255 0.8554
vn 0.5026 0.8554 0.1255
vn 0.5098 0.1439 0.8482
vn -0.1554 0.8405 0.5191
vn -0.2775 0.9453 0.1713
vn -0.3034 0.9440 -0.1301
vn -0.2695 0.8778 -0.3960
vn 0.5423 0.7224 -0.4289
vn 0.3762 -0.4730 0.7967
vn 0.3743 -0.9142 0.1551
vn 0.3762 0.7967 -0.4730
vn 0.1554 -0.5191 -0.8405
vn 0.3762 0.4730 -0.7967
vn 0.3743 0.9142 -0.1551
vn 0.3763 -0.7967 0.4730
vn 0.2775 -0.1713 -0.9453
vn 0.3743 0.9142 0.1551
vn 0.3743 0.1551 -0.9142
vn 0.3762 0.4730 0.7967
vn 0.3034 0.1301 -0.9440
vn 0.3762 0.7967 0.4730
vn 0.3743 -0.1551 -0.9142
vn 0.3743 0.1551 0.9142
vn 0.2695 0.3960 -0.8778
vn 0.7460 -0.5065 -0.4324
vn 0.8315 -0.5369 -0.1427
vn 0.8315 -0.5369 0.1427
vn 0.7460 -0.5065 0.4324
vn 0.8372 -0.1653 -0.5214
vn 0.9690 -0.1770 -0.1723
vn 0.9690 -0.1770 0.1723
vn 0.8372 -0.1653 0.5214
vn 0.8315 0.1427 -0.5369
vn 0.9690 0.1723 -0.1770
vn 0.9690 0.1723 0.1770
vn 0.8315 0.1427 0.5369
vn 0.7460 0.4324 -0.5065
vn 0.8372 0.5214 -0.1653
vn 0.8372 0.5214 0.1653
vn 0.7460 0.4324 0.5065
vn 0.1553 -0.5191 0.8405
vn 0.3762 -0.7967 -0.4730
vn 0.3762 -0.4730 -0.7967
vn 0.3743 -0.1551 0.9142
vn 0.2775 -0.1713 0.9453
vn 0.3743 -0.9142 -0.1551
vn -0.5155 -0.3871 -0.7645
vn -0.5025 0.8554 -0.1255
vn 0.3034 0.1301 0.9440
vn -0.5155 0.3871 0.7645
vn -0.5155 -0.7645 0.3871
vn -0.5025 -0.1255 -0.8554
vn 0.2695 0.3960 0.8778
vn -0.5026 -0.8554 0.1255
vn -0.5026 0.1255 -0.8554
vn -0.5026 -0.8554 -0.1255
vn 0.2695 -0.8778 0.3960
vn 0.3034 -0.9440 0.1301
vn 0.3034 -0.9440 -0.1301
vn 0.2695 -0.8778 -0.3960
vn -0.5155 0.3871 -0.7645
vn -0.5155 -0.7645 -0.3871
vn -0.5155 -0.3871 0.7645
vn -0.5155 0.7645 0.3871
vn -0.5026 -0.1255 0.8554
vn -0.5026 0.8554 0.1255
vn -0.5026 0.1255 0.8554
vn 0.1554 0.8405 0.5191
vn 0.2775 0.9453 0.1713
vn 0.2775 0.9453 -0.1713
vn 0.1554 0.8405 -0.5191
vn -0.5155 0.7645 -0.3871
vn -0.2695 -0.3960 -0.8778
vn -0.3034 -0.1301 -0.9440
vn -0.3034 0.1301 -0.9440
vn -0.2695 0.3960 -0.8778
vn -0.7460 -0.5065 -0.4324
vn -0.8315 -0.5369 -0.1427
vn -0.8372 -0.5214 0.1653
vn -0.7460 -0.4324 0.5065
vn -0.8372 -0.1653 -0.5214
vn -0.9690 -0.1770 -0.1723
vn -0.9690 -0.1723 0.1770
vn -0.8315 -0.1427 0.5369
vn -0.8372 0.1653 -0.5214
vn -0.9690 0.1770 -0.1723
vn -0.9690 0.1723 0.1770
vn -0.8315 0.1427 0.5369
vn -0.7460 0.5065 -0.4324
vn -0.8315 0.5369 -0.1427
vn -0.8372 0.5214 0.1653
vn -0.7460 0.4324 0.5065
vn -0.1554 -0.5191 0.8405
vn -0.2775 -0.1713 0.9453
vn 0.5155 -0.3871 -0.7645
vn 0.5025 0.8554 -0.1255
vn -0.2775 0.1713 0.9453
vn 0.5155 0.3871 0.7645
vn 0.5155 -0.7645 0.3871
vn 0.5025 -0.1255 -0.8554
vn -0.1554 0.5191 0.8405
vn 0.5026 -0.8554 0.1255
vn 0.5098 0.1439 -0.8482
vn 0.5098 -0.8482 -0.1439
vn -0.2695 -0.8778 0.3960
vn -0.3034 -0.9440 0.1301
vn -0.2775 -0.9453 -0.1713
vn -0.1554 -0.8405 -0.5191
vn 0.5423 0.4289 -0.7225
vn 0.5423 -0.7224 -0.4289
vn 0.5423 -0.4289 0.7224
vn 0.5423 0.7224 0.4289
vn 0.5098 -0.1439 0.8482
vn 0.5098 0.8482 0.1439
vn 0.5026 0.1255 0.8554
vn -0.2695 0.8778 0.3960
vn -0.3034 0.9440 0.1301
vn -0.2775 0.9453 -0.1713
vn -0.1554 0.8405 -0.5191
vn 0.5155 0.7645 -0.3871
vn 0.3763 -0.4730 0.7967
vn 0.2695 -0.3960 -0.8778
vn 0.3762 -0.7967 0.4730
vn 0.3034 -0.1301 -0.9440
vn 0.2775 0.1713 -0.9453
vn 0.1554 0.5191 -0.8405
vn 0.7460 -0.4324 -0.5065
vn 0.8372 -0.5214 -0.1653
vn 0.8372 -0.5214 0.1653
vn 0.7460 -0.4324 0.5065
vn 0.8315 -0.1427 -0.5369
vn 0.9690 -0.1723 -0.1770
vn 0.9690 -0.1723 0.1770
vn 0.8315 -0.1427 0.5369
vn 0.8372 0.1653 -0.5214
vn 0.9690 0.1770 -0.1723
vn 0.9690 0.1770 0.1723
vn 0.8372 0.1653 0.5214
vn 0.7460 0.5065 -0.4324
vn 0.8315 0.5369 -0.1427
vn 0.8315 0.5369 0.1427
vn 0.7460 0.5065 0.4324
vn 0.2695 -0.3960 0.8778
vn 0.3034 -0.1301 0.9440
vn -0.5423 -0.4289 -0.7224
vn -0.5098 0.8482 -0.1439
vn 0.2775 0.1713 0.9453
vn -0.5423 0.4289 0.7224
vn -0.5423 -0.7224 0.4289
vn -0.5098 -0.1439 -0.8482
vn 0.1554 0.5191 0.8405
vn -0.5098 -0.8482 0.1439
vn -0.5098 0.1439 -0.8482
vn -0.5098 -0.8482 -0.1439
vn 0.1554 -0.8405 0.5191
vn 0.2775 -0.9453 0.1713
vn 0.2775 -0.9453 -0.1713
vn 0.1553 -0.8405 -0.5191
vn -0.5423 0.4289 -0.7225
vn -0.5423 -0.7224 -0.4289
vn -0.5423 -0.4289 0.7224
vn -0.5423 0.7224 0.4289
vn -0.5098 -0.1439 0.8482
vn -0.5098 0.8482 0.1439
vn -0.5098 0.1439 0.8482
vn 0.2695 0.8778 0.3960
vn 0.3034 0.9440 0.1301
vn 0.3034 0.9440 -0.1301
vn 0.2695 0.8778 -0.3960
vn -0.5423 0.7224 -0.4289
vt 0.600787 0.874133
vt 0.599751 0.876595
vt 0.600787 0.876595
vt 0.599751 0.874133
vt 0.194250 0.897237
vt 0.194946 0.869275
vt 0.194946 0.897237
vt 0.194957 0.869275
vt 0.194261 0.897237
vt 0.194261 0.869275
vt 0.194250 0.869275
vt 0.194957 0.897237
vt 0.205297 0.890796
vt 0.204179 0.888859
vt 0.204179 0.890796
vt 0.205297 0.918435
vt 0.204179 0.916498
vt 0.204179 0.918435
vt 0.205297 0.916498
vt 0.205297 0.888859
vt 0.205297 0.905025
vt 0.204179 0.906902
vt 0.205297 0.906902
vt 0.204179 0.905025
vt 0.600786 0.849772
vt 0.599730 0.847727
vt 0.599751 0.849772
vt 0.599751 0.900957
vt 0.600807 0.903001
vt 0.600786 0.900957
vt 0.600807 0.847727
vt 0.599730 0.903001
vt 0.600715 0.903733
vt 0.599822 0.843638
vt 0.599822 0.903733
vt 0.600715 0.843638
vt 0.600109 0.849718
vt 0.600083 0.901010
vt 0.600109 0.901010
vt 0.600454 0.849718
vt 0.600428 0.901010
vt 0.600454 0.901010
vt 0.600083 0.849718
vt 0.600428 0.849718
vt 0.453356 0.739860
vt 0.454038 0.762529
vt 0.455220 0.723265
vt 0.453356 0.723265
vt 0.454038 0.672387
vt 0.454538 0.672387
vt 0.455220 0.739860
vt 0.453606 0.754232
vt 0.454538 0.762529
vt 0.453606 0.690430
vt 0.454970 0.690430
vt 0.454970 0.754232
vt 0.454010 0.714567
vt 0.453748 0.716869
vt 0.453928 0.719175
vt 0.454149 0.711831
vt 0.454288 0.704676
vt 0.454080 0.705850
vt 0.454565 0.733001
vt 0.454496 0.741718
vt 0.454704 0.737613
vt 0.454695 0.710257
vt 0.454858 0.716481
vt 0.454727 0.709179
vt 0.454828 0.730698
vt 0.454648 0.728392
vt 0.454427 0.735736
vt 0.454288 0.742891
vt 0.453872 0.709955
vt 0.454765 0.717020
vt 0.454895 0.723784
vt 0.454149 0.735736
vt 0.454288 0.736519
vt 0.454863 0.723784
vt 0.454671 0.723784
vt 0.454010 0.733001
vt 0.453748 0.730698
vt 0.453872 0.737613
vt 0.454765 0.730547
vt 0.454858 0.731086
vt 0.454080 0.741718
vt 0.454648 0.719175
vt 0.454828 0.716869
vt 0.453928 0.728392
vt 0.453713 0.723784
vt 0.454695 0.737311
vt 0.454727 0.738388
vt 0.454526 0.715853
vt 0.454491 0.707922
vt 0.454288 0.715500
vt 0.454084 0.707922
vt 0.454288 0.707216
vt 0.453881 0.710257
vt 0.454049 0.715853
vt 0.454537 0.723784
vt 0.454786 0.723784
vt 0.454288 0.723784
vt 0.453810 0.717020
vt 0.454039 0.723784
vt 0.454526 0.731715
vt 0.454049 0.731715
vt 0.454288 0.732067
vt 0.453810 0.730547
vt 0.454491 0.739645
vt 0.454084 0.739645
vt 0.454288 0.740351
vt 0.453881 0.737311
vt 0.453718 0.716481
vt 0.454565 0.714567
vt 0.454496 0.705850
vt 0.454427 0.711831
vt 0.454704 0.709955
vt 0.453905 0.723784
vt 0.453681 0.723784
vt 0.453789 0.723784
vt 0.454288 0.711049
vt 0.454508 0.742724
vt 0.453848 0.738388
vt 0.453848 0.709179
vt 0.453718 0.731086
vt 0.454068 0.704843
vt 0.454508 0.704843
vt 0.454288 0.703604
vt 0.454068 0.742724
vt 0.454288 0.743963
vt 0.454491 0.707922
vt 0.454084 0.707922
s 0
usemtl Texture_Map
f 2753/1802/379 2751/1803/379 2752/1804/379
f 2754/1803/380 2756/1802/380 2757/1804/380
f 2750/1805/381 2756/1802/381 2755/1805/381
f 2757/1804/382 2751/1803/382 2754/1803/382
f 2762/1806/379 2758/1807/379 2760/1808/379
f 2764/1809/379 2761/1810/379 2759/1811/379
f 2772/1806/380 2768/1807/380 2769/1812/380
f 2770/1809/380 2766/1810/380 2767/1813/380
f 2760/1808/382 2772/1806/382 2762/1806/382
f 2762/1806/383 2769/1812/383 2765/1812/383
f 2763/1813/384 2770/1809/384 2767/1813/384
f 2761/1810/383 2771/1811/383 2759/1811/383
f 2763/1813/382 2766/1810/382 2761/1810/382
f 2760/1808/384 2768/1807/384 2773/1808/384
f 2758/1807/381 2769/1812/381 2768/1807/381
f 2764/1809/381 2771/1811/381 2770/1809/381
f 2780/1814/379 2777/1815/379 2779/1816/379
f 2775/1817/379 2778/1818/379 2774/1819/379
f 2784/1815/380 2787/1814/380 2786/1816/380
f 2789/1818/380 2782/1817/380 2783/1819/380
f 2781/1820/381 2789/1818/381 2778/1818/381
f 2777/1815/381 2785/1821/381 2784/1815/381
f 2779/1816/382 2787/1814/382 2780/1814/382
f 2774/1819/382 2782/1817/382 2775/1817/382
f 2791/1822/379 2793/1823/379 2790/1824/379
f 2796/1823/380 2794/1822/380 2795/1824/380
f 2799/1825/381 2794/1822/381 2797/1825/381
f 2800/1823/382 2795/1824/382 2801/1824/382
f 2793/1823/382 2801/1824/382 2790/1824/382
f 2792/1825/381 2798/1822/381 2799/1825/381
f 2807/1826/379 2802/1827/379 2806/1828/379
f 2808/1829/379 2805/1830/379 2809/1831/379
f 2809/1831/379 2803/1832/379 2807/1826/379
f 2808/1829/379 2802/1827/379 2804/1833/379
f 2810/1827/380 2815/1826/380 2814/1828/380
f 2813/1830/380 2816/1829/380 2817/1831/380
f 2811/1832/380 2817/1831/380 2815/1826/380
f 2816/1829/380 2810/1827/380 2814/1828/380
f 2818/1828/382 2815/1826/382 2819/1826/382
f 2821/1831/381 2816/1829/381 2820/1829/381
f 2819/1826/384 2817/1831/384 2821/1831/384
f 2820/1829/383 2814/1828/383 2818/1828/383
f 2808/1829/383 2818/1828/383 2806/1828/383
f 2807/1826/384 2821/1831/384 2809/1831/384
f 2809/1831/381 2820/1829/381 2808/1829/381
f 2806/1828/382 2819/1826/382 2807/1826/382
f 2822/1834/379 2825/1835/379 2823/1836/379
f 2829/1835/380 2826/1834/380 2827/1836/380
f 2823/1836/382 2826/1834/382 2822/1834/382
f 2824/1837/381 2829/1835/381 2825/1835/381
f 2825/1835/384 2827/1836/384 2823/1836/384
f 2822/1834/383 2828/1837/383 2824/1837/383
f 2836/1838/379 2832/1839/379 2833/1840/379
f 2834/1841/379 2830/1842/379 2831/1843/379
f 2842/1844/380 2838/1840/380 2839/1839/380
f 2844/1845/380 2840/1843/380 2841/1842/380
f 2835/1845/384 2841/1842/384 2830/1842/384
f 2831/1843/383 2845/1841/383 2834/1841/383
f 2837/1844/384 2839/1839/384 2832/1839/384
f 2843/1838/383 2833/1840/383 2838/1840/383
f 2868/1846/380 2858/1847/380 2862/1848/380
f 2856/1846/383 2867/1849/383 2855/1849/383
f 2865/1850/381 2852/1851/381 2853/1850/381
f 2862/1848/384 2849/1852/384 2850/1848/384
f 2857/1853/385 2868/1846/385 2856/1846/385
f 2847/1854/382 2858/1847/382 2846/1847/382
f 2866/1855/386 2853/1850/386 2854/1855/386
f 2863/1856/387 2850/1848/387 2851/1856/387
f 2858/1847/388 2857/1853/388 2846/1847/388
f 2848/1857/389 2859/1854/389 2847/1854/389
f 2867/1849/390 2854/1855/390 2855/1849/390
f 2864/1851/391 2851/1856/391 2852/1851/391
f 2849/1852/392 2860/1857/392 2848/1857/392
f 2912/1858/393 2881/1859/393 2915/1860/393
f 2920/1861/394 2876/1862/394 2877/1863/394
f 2932/1864/395 2871/1865/395 2870/1866/395
f 2893/1867/396 2884/1868/396 2880/1869/396
f 2932/1864/397 2883/1870/397 2911/1871/397
f 2931/1872/398 2872/1873/398 2871/1865/398
f 2912/1858/399 2877/1863/399 2882/1874/399
f 2897/1875/400 2888/1876/400 2884/1868/400
f 2929/1877/401 2872/1873/401 2930/1878/401
f 2911/1871/402 2885/1879/402 2891/1880/402
f 2928/1881/403 2878/1882/403 2874/1883/403
f 2888/1876/404 2905/1884/404 2892/1885/404
f 2928/1881/405 2873/1886/405 2929/1877/405
f 2890/1887/406 2885/1879/406 2886/1888/406
f 2919/1889/407 2879/1890/407 2878/1882/407
f 2892/1885/408 2942/1891/408 2937/1892/408
f 2893/1867/409 2898/1893/409 2897/1875/409
f 2894/1894/410 2899/1895/410 2898/1893/410
f 2896/1896/411 2899/1895/411 2895/1897/411
f 2909/1898/412 2900/1899/412 2896/1896/412
f 2897/1875/413 2902/1900/413 2901/1901/413
f 2898/1893/414 2903/1902/414 2902/1900/414
f 2900/1899/415 2903/1902/415 2899/1895/415
f 2913/1903/416 2904/1904/416 2900/1899/416
f 2902/1900/417 2905/1884/417 2901/1901/417
f 2903/1902/418 2906/1905/418 2902/1900/418
f 2903/1902/419 2908/1906/419 2907/1907/419
f 2904/1904/420 2921/1908/420 2908/1906/420
f 2906/1905/421 2942/1891/421 2905/1884/421
f 2907/1907/422 2941/1909/422 2906/1905/422
f 2907/1907/423 2939/1910/423 2940/1911/423
f 2908/1906/424 2938/1912/424 2939/1910/424
f 2909/1898/425 2914/1913/425 2913/1903/425
f 2889/1914/426 2875/1915/426 2924/1916/426
f 2889/1914/427 2886/1888/427 2887/1917/427
f 2915/1860/428 2879/1890/428 2916/1918/428
f 2913/1903/429 2918/1919/429 2917/1920/429
f 2924/1916/430 2876/1862/430 2923/1921/430
f 2880/1869/431 2890/1887/431 2889/1914/431
f 2936/1922/432 2930/1878/432 2931/1872/432
f 2918/1919/433 2921/1908/433 2917/1920/433
f 2933/1923/434 2919/1889/434 2928/1881/434
f 2910/1924/435 2920/1861/435 2912/1858/435
f 2884/1868/436 2891/1880/436 2890/1887/436
f 2922/1925/437 2938/1912/437 2921/1908/437
f 2925/1926/438 2923/1921/438 2920/1861/438
f 2892/1885/439 2891/1880/439 2888/1876/439
f 2927/1927/440 2923/1921/440 2926/1928/440
f 2909/1898/441 2925/1926/441 2910/1924/441
f 2896/1896/442 2926/1928/442 2925/1926/442
f 2894/1894/443 2926/1928/443 2895/1897/443
f 2893/1867/444 2927/1927/444 2894/1894/444
f 2937/1892/445 2911/1871/445 2892/1885/445
f 2880/1869/446 2924/1916/446 2927/1927/446
f 2910/1924/447 2915/1860/447 2914/1913/447
f 2933/1923/448 2929/1877/448 2934/1929/448
f 2914/1913/449 2916/1918/449 2918/1919/449
f 2934/1929/450 2930/1878/450 2935/1930/450
f 2922/1925/451 2916/1918/451 2919/1889/451
f 2934/1929/452 2938/1912/452 2933/1923/452
f 2935/1930/453 2939/1910/453 2934/1929/453
f 2935/1930/454 2941/1909/454 2940/1911/454
f 2936/1922/455 2942/1891/455 2941/1909/455
f 2937/1892/456 2931/1872/456 2932/1864/456
f 2959/1848/379 2957/1857/379 2965/1846/379
f 2952/1849/383 2965/1846/383 2953/1846/383
f 2949/1851/381 2962/1850/381 2950/1850/381
f 2947/1848/384 2958/1852/384 2959/1848/384
f 2954/1853/385 2965/1846/385 2966/1853/385
f 2943/1847/382 2956/1854/382 2944/1854/382
f 2951/1855/386 2962/1850/386 2963/1855/386
f 2947/1848/387 2960/1856/387 2948/1856/387
f 2954/1853/388 2955/1847/388 2943/1847/388
f 2944/1854/389 2957/1857/389 2945/1857/389
f 2951/1855/390 2964/1849/390 2952/1849/390
f 2948/1856/391 2961/1851/391 2949/1851/391
f 2945/1857/392 2958/1852/392 2946/1852/392
f 2978/1859/457 3009/1858/457 3012/1860/457
f 3017/1861/458 2973/1862/458 3020/1921/458
f 3029/1864/459 2968/1865/459 3028/1872/459
f 2981/1868/460 2990/1867/460 2977/1869/460
f 2980/1870/461 3029/1864/461 3008/1871/461
f 3028/1872/462 2969/1873/462 3027/1878/462
f 3009/1858/463 2974/1863/463 3017/1861/463
f 2985/1876/464 2994/1875/464 2981/1868/464
f 2969/1873/465 3026/1877/465 3027/1878/465
f 2982/1879/466 3008/1871/466 2988/1880/466
f 3025/1881/467 2975/1882/467 3016/1889/467
f 2985/1876/468 3002/1884/468 2998/1901/468
f 2970/1886/469 3025/1881/469 3026/1877/469
f 2987/1887/470 2982/1879/470 2988/1880/470
f 3016/1889/471 2976/1890/471 3013/1918/471
f 2989/1885/472 3039/1891/472 3002/1884/472
f 2990/1867/473 2995/1893/473 2991/1931/473
f 2991/1931/474 2996/1895/474 2992/1897/474
f 2996/1895/475 2993/1932/475 2992/1897/475
f 2997/1899/476 3006/1898/476 2993/1932/476
f 2994/1875/477 2999/1900/477 2995/1893/477
f 2995/1893/478 3000/1902/478 2996/1895/478
f 3000/1902/479 2997/1899/479 2996/1895/479
f 3001/1904/480 3010/1903/480 2997/1899/480
f 3002/1884/481 2999/1900/481 2998/1901/481
f 3003/1905/482 3000/1902/482 2999/1900/482
f 3000/1902/483 3005/1906/483 3001/1904/483
f 3001/1904/484 3018/1908/484 3014/1920/484
f 3039/1891/485 3003/1905/485 3002/1884/485
f 3038/1909/486 3004/1907/486 3003/1905/486
f 3004/1907/487 3036/1910/487 3005/1906/487
f 3005/1906/488 3035/1912/488 3018/1908/488
f 3006/1898/489 3011/1913/489 3007/1924/489
f 2972/1915/490 2986/1914/490 3021/1916/490
f 2986/1914/491 2983/1888/491 2987/1887/491
f 2976/1890/492 3012/1860/492 3013/1918/492
f 3010/1903/493 3015/1919/493 3011/1913/493
f 2973/1862/494 3021/1916/494 3020/1921/494
f 2977/1869/495 2987/1887/495 2981/1868/495
f 3033/1922/496 3027/1878/496 3032/1930/496
f 3018/1908/497 3015/1919/497 3014/1920/497
f 3030/1923/498 3016/1889/498 3019/1925/498
f 3007/1924/499 3017/1861/499 3022/1926/499
f 2981/1868/500 2988/1880/500 2985/1876/500
f 3035/1912/501 3019/1925/501 3018/1908/501
f 3022/1926/502 3020/1921/502 3023/1928/502
f 2988/1880/503 2989/1885/503 2985/1876/503
f 3020/1921/504 3024/1927/504 3023/1928/504
f 3006/1898/505 3022/1926/505 2993/1932/505
f 2993/1932/506 3023/1928/506 2992/1897/506
f 3023/1928/507 2991/1931/507 2992/1897/507
f 3024/1927/508 2990/1867/508 2991/1931/508
f 3008/1871/509 3034/1892/509 2989/1885/509
f 3021/1916/510 2977/1869/510 3024/1927/510
f 3012/1860/511 3007/1924/511 3011/1913/511
f 3026/1877/512 3030/1923/512 3031/1929/512
f 3013/1918/513 3011/1913/513 3015/1919/513
f 3027/1878/514 3031/1929/514 3032/1930/514
f 3019/1925/515 3013/1918/515 3015/1919/515
f 3035/1912/516 3031/1929/516 3030/1923/516
f 3036/1910/517 3032/1930/517 3031/1929/517
f 3032/1930/518 3038/1909/518 3033/1922/518
f 3033/1922/519 3039/1891/519 3034/1892/519
f 3034/1892/520 3028/1872/520 3033/1922/520
f 2753/1802/379 2750/1805/379 2751/1803/379
f 2754/1803/380 2755/1805/380 2756/1802/380
f 2750/1805/381 2753/1802/381 2756/1802/381
f 2757/1804/382 2752/1804/382 2751/1803/382
f 2762/1806/379 2765/1812/379 2758/1807/379
f 2764/1809/379 2763/1813/379 2761/1810/379
f 2772/1806/380 2773/1808/380 2768/1807/380
f 2770/1809/380 2771/1811/380 2766/1810/380
f 2760/1808/382 2773/1808/382 2772/1806/382
f 2762/1806/383 2772/1806/383 2769/1812/383
f 2763/1813/384 2764/1809/384 2770/1809/384
f 2761/1810/383 2766/1810/383 2771/1811/383
f 2763/1813/382 2767/1813/382 2766/1810/382
f 2760/1808/384 2758/1807/384 2768/1807/384
f 2758/1807/381 2765/1812/381 2769/1812/381
f 2764/1809/381 2759/1811/381 2771/1811/381
f 2780/1814/379 2776/1821/379 2777/1815/379
f 2775/1817/379 2781/1820/379 2778/1818/379
f 2784/1815/380 2785/1821/380 2787/1814/380
f 2789/1818/380 2788/1820/380 2782/1817/380
f 2781/1820/381 2788/1820/381 2789/1818/381
f 2777/1815/381 2776/1821/381 2785/1821/381
f 2779/1816/382 2786/1816/382 2787/1814/382
f 2774/1819/382 2783/1819/382 2782/1817/382
f 2791/1822/379 2792/1825/379 2793/1823/379
f 2796/1823/380 2797/1825/380 2794/1822/380
f 2799/1825/381 2798/1822/381 2794/1822/381
f 2800/1823/382 2796/1823/382 2795/1824/382
f 2793/1823/382 2800/1823/382 2801/1824/382
f 2792/1825/381 2791/1822/381 2798/1822/381
f 2807/1826/379 2803/1832/379 2802/1827/379
f 2808/1829/379 2804/1833/379 2805/1830/379
f 2809/1831/379 2805/1830/379 2803/1832/379
f 2808/1829/379 2806/1828/379 2802/1827/379
f 2810/1827/380 2811/1832/380 2815/1826/380
f 2813/1830/380 2812/1833/380 2816/1829/380
f 2811/1832/380 2813/1830/380 2817/1831/380
f 2816/1829/380 2812/1833/380 2810/1827/380
f 2818/1828/382 2814/1828/382 2815/1826/382
f 2821/1831/381 2817/1831/381 2816/1829/381
f 2819/1826/384 2815/1826/384 2817/1831/384
f 2820/1829/383 2816/1829/383 2814/1828/383
f 2808/1829/383 2820/1829/383 2818/1828/383
f 2807/1826/384 2819/1826/384 2821/1831/384
f 2809/1831/381 2821/1831/381 2820/1829/381
f 2806/1828/382 2818/1828/382 2819/1826/382
f 2822/1834/379 2824/1837/379 2825/1835/379
f 2829/1835/380 2828/1837/380 2826/1834/380
f 2823/1836/382 2827/1836/382 2826/1834/382
f 2824/1837/381 2828/1837/381 2829/1835/381
f 2825/1835/384 2829/1835/384 2827/1836/384
f 2822/1834/383 2826/1834/383 2828/1837/383
f 2836/1838/379 2837/1844/379 2832/1839/379
f 2834/1841/379 2835/1845/379 2830/1842/379
f 2842/1844/380 2843/1838/380 2838/1840/380
f 2844/1845/380 2845/1841/380 2840/1843/380
f 2835/1845/384 2844/1845/384 2841/1842/384
f 2831/1843/383 2840/1843/383 2845/1841/383
f 2837/1844/384 2842/1844/384 2839/1839/384
f 2843/1838/383 2836/1838/383 2833/1840/383
f 2858/1847/380 2859/1854/380 2860/1857/380
f 2860/1857/380 2861/1852/380 2858/1847/380
f 2861/1852/380 2862/1848/380 2858/1847/380
f 2862/1848/380 2863/1856/380 2866/1855/380
f 2863/1856/380 2864/1851/380 2866/1855/380
f 2864/1851/380 2865/1850/380 2866/1855/380
f 2866/1855/380 2867/1849/380 2862/1848/380
f 2867/1849/380 2868/1846/380 2862/1848/380
f 2868/1846/380 2869/1853/380 2858/1847/380
f 2856/1846/383 2868/1846/383 2867/1849/383
f 2865/1850/381 2864/1851/381 2852/1851/381
f 2862/1848/384 2861/1852/384 2849/1852/384
f 2857/1853/385 2869/1853/385 2868/1846/385
f 2847/1854/382 2859/1854/382 2858/1847/382
f 2866/1855/386 2865/1850/386 2853/1850/386
f 2863/1856/387 2862/1848/387 2850/1848/387
f 2858/1847/388 2869/1853/388 2857/1853/388
f 2848/1857/389 2860/1857/389 2859/1854/389
f 2867/1849/390 2866/1855/390 2854/1855/390
f 2864/1851/391 2863/1856/391 2851/1856/391
f 2849/1852/392 2861/1852/392 2860/1857/392
f 2912/1858/393 2882/1874/393 2881/1859/393
f 2920/1861/394 2923/1921/394 2876/1862/394
f 2932/1864/395 2931/1872/395 2871/1865/395
f 2893/1867/521 2897/1875/521 2884/1868/521
f 2932/1864/397 2870/1866/397 2883/1870/397
f 2931/1872/398 2930/1878/398 2872/1873/398
f 2912/1858/399 2920/1861/399 2877/1863/399
f 2897/1875/522 2901/1901/522 2888/1876/522
f 2929/1877/401 2873/1886/401 2872/1873/401
f 2911/1871/402 2883/1870/402 2885/1879/402
f 2928/1881/403 2919/1889/403 2878/1882/403
f 2888/1876/523 2901/1901/523 2905/1884/523
f 2928/1881/405 2874/1883/405 2873/1886/405
f 2890/1887/406 2891/1880/406 2885/1879/406
f 2919/1889/407 2916/1918/407 2879/1890/407
f 2892/1885/524 2905/1884/524 2942/1891/524
f 2893/1867/525 2894/1894/525 2898/1893/525
f 2894/1894/526 2895/1897/526 2899/1895/526
f 2896/1896/527 2900/1899/527 2899/1895/527
f 2909/1898/528 2913/1903/528 2900/1899/528
f 2897/1875/529 2898/1893/529 2902/1900/529
f 2898/1893/530 2899/1895/530 2903/1902/530
f 2900/1899/531 2904/1904/531 2903/1902/531
f 2913/1903/532 2917/1920/532 2904/1904/532
f 2902/1900/533 2906/1905/533 2905/1884/533
f 2903/1902/534 2907/1907/534 2906/1905/534
f 2903/1902/535 2904/1904/535 2908/1906/535
f 2904/1904/536 2917/1920/536 2921/1908/536
f 2906/1905/537 2941/1909/537 2942/1891/537
f 2907/1907/538 2940/1911/538 2941/1909/538
f 2907/1907/539 2908/1906/539 2939/1910/539
f 2908/1906/540 2921/1908/540 2938/1912/540
f 2909/1898/541 2910/1924/541 2914/1913/541
f 2889/1914/426 2887/1917/426 2875/1915/426
f 2889/1914/427 2890/1887/427 2886/1888/427
f 2915/1860/428 2881/1859/428 2879/1890/428
f 2913/1903/542 2914/1913/542 2918/1919/542
f 2924/1916/430 2875/1915/430 2876/1862/430
f 2880/1869/543 2884/1868/543 2890/1887/543
f 2936/1922/544 2935/1930/544 2930/1878/544
f 2918/1919/545 2922/1925/545 2921/1908/545
f 2933/1923/546 2922/1925/546 2919/1889/546
f 2910/1924/547 2925/1926/547 2920/1861/547
f 2884/1868/548 2888/1876/548 2891/1880/548
f 2922/1925/549 2933/1923/549 2938/1912/549
f 2925/1926/550 2926/1928/550 2923/1921/550
f 2892/1885/551 2911/1871/551 2891/1880/551
f 2927/1927/552 2924/1916/552 2923/1921/552
f 2909/1898/553 2896/1896/553 2925/1926/553
f 2896/1896/554 2895/1897/554 2926/1928/554
f 2894/1894/555 2927/1927/555 2926/1928/555
f 2893/1867/556 2880/1869/556 2927/1927/556
f 2937/1892/557 2932/1864/557 2911/1871/557
f 2880/1869/558 2889/1914/558 2924/1916/558
f 2910/1924/559 2912/1858/559 2915/1860/559
f 2933/1923/560 2928/1881/560 2929/1877/560
f 2914/1913/561 2915/1860/561 2916/1918/561
f 2934/1929/562 2929/1877/562 2930/1878/562
f 2922/1925/563 2918/1919/563 2916/1918/563
f 2934/1929/564 2939/1910/564 2938/1912/564
f 2935/1930/565 2940/1911/565 2939/1910/565
f 2935/1930/566 2936/1922/566 2941/1909/566
f 2936/1922/567 2937/1892/567 2942/1891/567
f 2937/1892/568 2936/1922/568 2931/1872/568
f 2957/1857/379 2956/1854/379 2955/1847/379
f 2955/1847/379 2966/1853/379 2965/1846/379
f 2965/1846/379 2964/1849/379 2959/1848/379
f 2964/1849/379 2963/1855/379 2959/1848/379
f 2963/1855/379 2962/1850/379 2961/1851/379
f 2961/1851/379 2960/1856/379 2963/1855/379
f 2960/1856/379 2959/1848/379 2963/1855/379
f 2959/1848/379 2958/1852/379 2957/1857/379
f 2957/1857/379 2955/1847/379 2965/1846/379
f 2952/1849/383 2964/1849/383 2965/1846/383
f 2949/1851/381 2961/1851/381 2962/1850/381
f 2947/1848/384 2946/1852/384 2958/1852/384
f 2954/1853/385 2953/1846/385 2965/1846/385
f 2943/1847/382 2955/1847/382 2956/1854/382
f 2951/1855/386 2950/1850/386 2962/1850/386
f 2947/1848/387 2959/1848/387 2960/1856/387
f 2954/1853/388 2966/1853/388 2955/1847/388
f 2944/1854/389 2956/1854/389 2957/1857/389
f 2951/1855/390 2963/1855/390 2964/1849/390
f 2948/1856/391 2960/1856/391 2961/1851/391
f 2945/1857/392 2957/1857/392 2958/1852/392
f 2978/1859/569 2979/1874/569 3009/1858/569
f 3017/1861/458 2974/1863/458 2973/1862/458
f 3029/1864/459 2967/1866/459 2968/1865/459
f 2981/1868/570 2994/1875/570 2990/1867/570
f 2980/1870/461 2967/1866/461 3029/1864/461
f 3028/1872/462 2968/1865/462 2969/1873/462
f 3009/1858/571 2979/1874/571 2974/1863/571
f 2985/1876/572 2998/1901/572 2994/1875/572
f 2969/1873/465 2970/1886/465 3026/1877/465
f 2982/1879/466 2980/1870/466 3008/1871/466
f 3025/1881/467 2971/1883/467 2975/1882/467
f 2985/1876/573 2989/1885/573 3002/1884/573
f 2970/1886/469 2971/1883/469 3025/1881/469
f 2987/1887/470 2983/1888/470 2982/1879/470
f 3016/1889/471 2975/1882/471 2976/1890/471
f 2989/1885/574 3034/1892/574 3039/1891/574
f 2990/1867/575 2994/1875/575 2995/1893/575
f 2991/1931/576 2995/1893/576 2996/1895/576
f 2996/1895/577 2997/1899/577 2993/1932/577
f 2997/1899/578 3010/1903/578 3006/1898/578
f 2994/1875/579 2998/1901/579 2999/1900/579
f 2995/1893/580 2999/1900/580 3000/1902/580
f 3000/1902/581 3001/1904/581 2997/1899/581
f 3001/1904/582 3014/1920/582 3010/1903/582
f 3002/1884/583 3003/1905/583 2999/1900/583
f 3003/1905/584 3004/1907/584 3000/1902/584
f 3000/1902/585 3004/1907/585 3005/1906/585
f 3001/1904/586 3005/1906/586 3018/1908/586
f 3039/1891/587 3038/1909/587 3003/1905/587
f 3038/1909/588 3037/1911/588 3004/1907/588
f 3004/1907/589 3037/1911/589 3036/1910/589
f 3005/1906/590 3036/1910/590 3035/1912/590
f 3006/1898/591 3010/1903/591 3011/1913/591
f 2972/1915/490 2984/1917/490 2986/1914/490
f 2986/1914/491 2984/1917/491 2983/1888/491
f 2976/1890/492 2978/1859/492 3012/1860/492
f 3010/1903/592 3014/1920/592 3015/1919/592
f 2973/1862/494 2972/1915/494 3021/1916/494
f 2977/1869/593 2986/1914/593 2987/1887/593
f 3033/1922/594 3028/1872/594 3027/1878/594
f 3018/1908/595 3019/1925/595 3015/1919/595
f 3030/1923/596 3025/1881/596 3016/1889/596
f 3007/1924/597 3009/1858/597 3017/1861/597
f 2981/1868/598 2987/1887/598 2988/1880/598
f 3035/1912/599 3030/1923/599 3019/1925/599
f 3022/1926/600 3017/1861/600 3020/1921/600
f 2988/1880/601 3008/1871/601 2989/1885/601
f 3020/1921/602 3021/1916/602 3024/1927/602
f 3006/1898/603 3007/1924/603 3022/1926/603
f 2993/1932/604 3022/1926/604 3023/1928/604
f 3023/1928/605 3024/1927/605 2991/1931/605
f 3024/1927/606 2977/1869/606 2990/1867/606
f 3008/1871/607 3029/1864/607 3034/1892/607
f 3021/1916/608 2986/1914/608 2977/1869/608
f 3012/1860/609 3009/1858/609 3007/1924/609
f 3026/1877/610 3025/1881/610 3030/1923/610
f 3013/1918/611 3012/1860/611 3011/1913/611
f 3027/1878/612 3026/1877/612 3031/1929/612
f 3019/1925/613 3016/1889/613 3013/1918/613
f 3035/1912/614 3036/1910/614 3031/1929/614
f 3036/1910/615 3037/1911/615 3032/1930/615
f 3032/1930/616 3037/1911/616 3038/1909/616
f 3033/1922/617 3038/1909/617 3039/1891/617
f 3034/1892/618 3029/1864/618 3028/1872/618
o (_ignore)_Bld_Wooden_Cabin_Windows_02
v 1.133566 1.435411 2.052285
v 1.133566 2.072910 2.052285
v 0.216424 1.435411 2.052285
v 0.216424 2.072910 2.052285
v 1.133566 1.435411 2.034621
v 1.133566 2.072910 2.034621
v 0.216424 1.435411 2.034621
v 0.216424 2.072910 2.034621
v -1.997517 1.459473 -3.861113
v -1.997517 2.096971 -3.861113
v -2.914659 1.459473 -3.861113
v -2.914659 2.096971 -3.861113
v -1.997517 1.459473 -3.850737
v -1.997517 2.096971 -3.850737
v -2.914659 1.459473 -3.850737
v -2.914659 2.096971 -3.850737
vn -0.0000 -0.0000 1.0000
vn -0.0000 -0.0000 -1.0000
vt 0.739560 0.098394
vt 0.712864 0.079839
vt 0.739560 0.079839
vt 0.621728 0.080539
vt 0.648423 0.099095
vt 0.648423 0.080539
vt 0.712864 0.098394
vt 0.621728 0.099095
s 0
usemtl Glass
f 3041/1933/619 3042/1934/619 3040/1935/619
f 3046/1934/620 3045/1933/620 3044/1935/620
f 3050/1936/620 3049/1937/620 3048/1938/620
f 3053/1937/619 3054/1936/619 3052/1938/619
f 3041/1933/619 3043/1939/619 3042/1934/619
f 3046/1934/620 3047/1939/620 3045/1933/620
f 3050/1936/620 3051/1940/620 3049/1937/620
f 3053/1937/619 3055/1940/619 3054/1936/619
o (_ignore)_Bld_Wooden_Cabin_Fireplace_Window_02
v -2.931923 0.814806 1.020596
v -2.931923 1.117354 1.020597
v -2.931923 0.814806 0.643622
v -2.931923 1.117354 0.643622
v -2.939484 0.814806 1.020596
v -2.939484 1.117354 1.020597
v -2.939484 0.814806 0.643622
v -2.939484 1.117354 0.643622
vn 1.0000 -0.0000 -0.0000
vn -1.0000 -0.0000 -0.0000
vt 0.621226 0.061775
vt 0.621226 0.070581
vt 0.621006 0.070581
vt 0.621006 0.061775
s 0
usemtl Glass
f 3058/1941/621 3057/1942/621 3056/1941/621
f 3061/1943/622 3062/1944/622 3060/1944/622
f 3058/1941/621 3059/1942/621 3057/1942/621
f 3061/1943/622 3063/1943/622 3062/1944/622
o (_ignore)_Bld_Wooden_Cabin_Door_Window_02
v 2.510674 1.575691 -0.691824
v 2.510674 1.575691 0.005827
v 2.510674 2.176189 -0.691824
v 2.510674 2.176189 0.005828
v 2.500407 1.575691 -0.691824
v 2.500407 1.575691 0.005827
v 2.500407 2.176189 -0.691824
v 2.500407 2.176189 0.005828
vn 1.0000 -0.0000 -0.0000
vn -1.0000 -0.0000 -0.0000
vt 0.779643 0.101400
vt 0.779643 0.083922
vt 0.779344 0.083922
vt 0.779344 0.101400
s 0
usemtl Glass
f 3067/1945/623 3064/1946/623 3066/1945/623
f 3068/1947/624 3071/1948/624 3070/1948/624
f 3067/1945/623 3065/1946/623 3064/1946/623
f 3068/1947/624 3069/1947/624 3071/1948/624
