# Blender 4.4.0
# www.blender.org
mtllib Bld_Barn_01.mtl
o Bld_Barn_Slide_Door_Left_01
v -0.131799 0.076580 6.101285
v -0.131799 2.670420 6.101285
v -1.682690 0.076580 6.101285
v -1.682690 2.670420 6.101285
v -1.682690 0.079637 6.112946
v -0.131799 0.079637 6.112946
v -1.682690 2.667363 6.112946
v -0.131799 2.667363 6.112946
v -1.356047 0.079637 6.112946
v -1.351298 0.079637 6.112946
v -1.055269 0.079637 6.112946
v -0.755552 0.079637 6.112946
v -0.459523 0.079637 6.112946
v -1.351298 2.667363 6.112946
v -1.356047 2.667363 6.112946
v -1.055269 2.667363 6.112946
v -0.755552 2.667363 6.112946
v -0.459523 2.667363 6.112946
v -1.351298 0.076580 6.101285
v -1.356047 0.076580 6.101285
v -1.055269 0.076580 6.101285
v -0.755552 0.076580 6.101285
v -0.459523 0.076580 6.101285
v -1.356047 2.670420 6.101285
v -1.351298 2.670420 6.101285
v -1.055269 2.670420 6.101285
v -0.755552 2.670420 6.101285
v -0.459523 2.670420 6.101285
v -1.679916 0.079637 6.191091
v -0.131799 0.079637 6.191091
v -1.674081 2.667363 6.191090
v -0.131799 2.667363 6.191090
v -1.758741 -0.007213 6.191091
v -0.057237 -0.007213 6.191091
v -1.752476 2.754212 6.191090
v -0.057237 2.754212 6.191090
v -1.758741 -0.007213 6.075142
v -0.057237 -0.007213 6.075142
v -1.682690 0.076580 6.075142
v -0.133080 0.076580 6.075142
v -1.676840 2.667363 6.075141
v -0.133080 2.667363 6.075141
v -1.625184 2.754212 6.191090
v -1.625184 2.754212 6.075141
v -1.752476 2.754212 6.075141
v -1.625184 2.804448 6.075141
v -1.625184 2.804448 6.191090
v -1.752476 2.804448 6.191090
v -1.752476 2.804448 6.075141
v -0.183334 2.754212 6.191090
v -0.057237 2.754212 6.075141
v -0.183334 2.754212 6.075141
v -0.057237 2.804448 6.075141
v -0.057237 2.804448 6.191090
v -0.183334 2.804448 6.191090
v -0.183334 2.804448 6.075141
v -1.045029 0.079637 6.112946
v -0.765792 0.079637 6.112946
v -0.757396 0.077436 6.104550
v -0.449283 0.079637 6.112946
v -1.045029 2.667363 6.112946
v -0.765792 2.667363 6.112946
v -0.449283 2.667363 6.112946
v -1.046610 0.076580 6.101285
v -1.053425 0.077436 6.104550
v -0.764212 0.076580 6.101285
v -0.450863 0.076580 6.101285
v -0.457678 0.077436 6.104550
v -1.053425 2.669564 6.104549
v -1.046610 2.670420 6.101285
v -0.764212 2.670420 6.101285
v -0.757396 2.669564 6.104549
v -0.457678 2.669564 6.104549
v -0.450863 2.670420 6.101285
v -0.861884 1.488480 6.158154
v -0.904351 1.553441 6.158154
v -0.946923 1.488565 6.158154
v -0.904456 1.423681 6.158154
v -1.701683 0.111274 6.112453
v -1.659268 0.046310 6.112453
v -0.109964 2.635808 6.112453
v -0.152484 2.700688 6.112453
v -0.946923 1.488565 6.112453
v -0.904351 1.553441 6.112453
v -0.861884 1.488480 6.112453
v -0.904456 1.423681 6.112453
v -0.152484 2.700688 6.158154
v -0.109964 2.635808 6.158154
v -1.659268 0.046310 6.158155
v -1.701683 0.111274 6.158155
v -0.152484 0.046310 6.112453
v -0.109964 0.111190 6.112453
v -1.653379 2.700688 6.112453
v -1.696004 2.635892 6.112453
v -0.861884 1.488480 6.164883
v -1.696004 2.635892 6.164883
v -1.653379 2.700688 6.164883
v -0.904456 1.423681 6.164883
v -0.109964 0.111190 6.164883
v -0.152484 0.046310 6.164883
vn -0.0000 -0.0000 -1.0000
vn -0.0000 -0.0000 1.0000
vn -1.0000 -0.0000 -0.0000
vn 1.0000 -0.0000 -0.0000
vn -0.0000 1.0000 -0.0000
vn -1.0000 0.0023 -0.0000
vn -0.0000 0.9997 -0.0264
vn -0.9999 -0.0000 0.0110
vn -0.0000 -1.0000 -0.0000
vn 0.9997 -0.0023 -0.0239
vn -0.7071 -0.0000 0.7071
vn 0.7071 -0.0000 0.7071
vn -0.4321 -0.0000 -0.9018
vn 0.4320 -0.0000 -0.9019
vn -0.4320 -0.0000 -0.9019
vn 0.8364 -0.5481 -0.0000
vn -0.8770 0.4806 -0.0000
vn -0.8364 0.5481 -0.0000
vn 0.8770 -0.4806 -0.0000
vn -0.8777 -0.4792 -0.0000
vn 0.8777 0.4792 -0.0000
vn 0.8373 0.5467 -0.0000
vn -0.8373 -0.5467 -0.0000
vn 0.9997 -0.0023 -0.0238
vt 0.087415 0.482261
vt 0.088552 0.595443
vt 0.088552 0.482261
vt 0.088552 0.595260
vt 0.087415 0.482445
vt 0.088552 0.482445
vt 0.086142 0.482261
vt 0.087396 0.595443
vt 0.087396 0.482261
vt 0.090839 0.595260
vt 0.089703 0.482445
vt 0.090839 0.482445
vt 0.089703 0.482261
vt 0.090839 0.595443
vt 0.090839 0.482261
vt 0.087396 0.595260
vt 0.086142 0.482445
vt 0.087396 0.482445
vt 0.087415 0.595443
vt 0.087415 0.595260
vt 0.089663 0.595260
vt 0.088591 0.482445
vt 0.089663 0.482445
vt 0.090873 0.482261
vt 0.092098 0.595443
vt 0.092098 0.482261
vt 0.089703 0.595443
vt 0.089703 0.595260
vt 0.092098 0.595260
vt 0.090879 0.482445
vt 0.092098 0.482445
vt 0.699969 0.995746
vt 0.699969 0.892357
vt 0.694553 0.995746
vt 0.694533 0.892357
vt 0.694784 0.895609
vt 0.699731 0.895609
vt 0.694803 0.992494
vt 0.699731 0.992494
vt 0.699727 0.895494
vt 0.694776 0.895494
vt 0.699727 0.992494
vt 0.694794 0.992494
vt 0.694553 0.997627
vt 0.694959 0.995746
vt 0.694959 0.997627
vt 0.699566 0.997627
vt 0.699566 0.995746
vt 0.699969 0.997627
vt 0.090846 0.595392
vt 0.090879 0.595260
vt 0.089695 0.482313
vt 0.088559 0.595392
vt 0.088591 0.595260
vt 0.088585 0.482261
vt 0.089669 0.595443
vt 0.089669 0.482261
vt 0.090846 0.482313
vt 0.090873 0.595443
vt 0.089695 0.595392
vt 0.088559 0.482313
vt 0.088585 0.595443
vt 0.699801 0.991313
vt 0.697263 0.950789
vt 0.697398 0.948356
vt 0.697262 0.945930
vt 0.694715 0.896793
vt 0.694850 0.894361
vt 0.697127 0.948360
vt 0.699665 0.993742
vt 0.694733 0.991316
vt 0.699665 0.894361
vt 0.699801 0.896790
vt 0.694869 0.993742
vt 0.086142 0.595443
vt 0.086142 0.595260
s 0
usemtl Texture_Map
f 19/1/1 26/2/1 21/3/1
f 16/4/2 10/5/2 11/6/2
f 3/7/1 24/8/1 20/9/1
f 18/10/2 12/11/2 13/12/2
f 22/13/1 28/14/1 23/15/1
f 15/16/2 5/17/2 9/18/2
f 25/19/3 10/5/3 14/20/3
f 20/9/4 15/16/4 9/18/4
f 21/3/4 16/4/4 11/6/4
f 62/21/2 57/22/2 58/23/2
f 67/24/1 2/25/1 1/26/1
f 27/27/3 12/11/3 17/28/3
f 8/29/2 60/30/2 6/31/2
f 23/15/4 18/10/4 13/12/4
f 36/32/4 38/33/4 51/32/4
f 36/32/5 45/34/5 35/34/5
f 35/34/6 37/35/6 33/35/6
f 29/36/2 34/33/2 30/37/2
f 36/32/2 31/38/2 32/39/2
f 35/34/2 29/36/2 31/38/2
f 34/33/2 32/39/2 30/37/2
f 29/36/7 40/40/7 39/41/7
f 30/37/8 42/42/8 40/40/8
f 31/38/9 42/42/9 32/39/9
f 38/33/1 39/41/1 40/40/1
f 45/34/1 42/42/1 41/43/1
f 37/35/1 41/43/1 39/41/1
f 42/42/1 38/33/1 40/40/1
f 41/43/10 29/36/10 39/41/10
f 33/35/9 38/33/9 34/33/9
f 49/44/1 44/45/1 45/34/1
f 47/46/2 35/34/2 43/45/2
f 48/44/3 45/34/3 35/34/3
f 46/46/4 43/45/4 44/45/4
f 56/47/1 51/32/1 52/48/1
f 54/49/2 50/48/2 36/32/2
f 55/47/3 52/48/3 50/48/3
f 53/49/4 36/32/4 51/32/4
f 73/50/11 60/30/11 63/51/11
f 59/52/12 62/21/12 58/23/12
f 69/53/11 57/22/11 61/54/11
f 64/55/1 71/56/1 66/57/1
f 68/58/13 74/59/13 67/24/13
f 72/60/14 66/57/14 71/56/14
f 65/61/15 70/62/15 64/55/15
f 88/63/2 76/64/2 75/65/2
f 78/66/2 90/67/2 89/68/2
f 88/63/16 85/65/16 81/63/16
f 90/67/17 83/69/17 79/67/17
f 84/64/18 87/70/18 82/70/18
f 78/66/19 80/68/19 86/66/19
f 81/63/1 84/64/1 82/70/1
f 86/66/1 79/67/1 83/69/1
f 94/71/1 85/65/1 86/66/1
f 86/66/20 100/72/20 98/66/20
f 85/65/21 99/73/21 92/73/21
f 96/71/2 95/65/2 97/74/2
f 97/74/22 85/65/22 93/74/22
f 98/66/2 99/73/2 95/65/2
f 92/73/1 86/66/1 85/65/1
f 86/66/23 96/71/23 94/71/23
f 19/1/1 25/19/1 26/2/1
f 16/4/2 14/20/2 10/5/2
f 3/7/1 4/75/1 24/8/1
f 18/10/2 17/28/2 12/11/2
f 22/13/1 27/27/1 28/14/1
f 15/16/2 7/76/2 5/17/2
f 25/19/3 19/1/3 10/5/3
f 20/9/4 24/8/4 15/16/4
f 21/3/4 26/2/4 16/4/4
f 62/21/2 61/54/2 57/22/2
f 67/24/1 74/59/1 2/25/1
f 27/27/3 22/13/3 12/11/3
f 8/29/2 63/51/2 60/30/2
f 23/15/4 28/14/4 18/10/4
f 36/32/4 34/33/4 38/33/4
f 36/32/5 51/32/5 45/34/5
f 35/34/6 45/34/6 37/35/6
f 29/36/2 33/35/2 34/33/2
f 36/32/2 35/34/2 31/38/2
f 35/34/2 33/35/2 29/36/2
f 34/33/2 36/32/2 32/39/2
f 29/36/7 30/37/7 40/40/7
f 30/37/8 32/39/8 42/42/8
f 31/38/9 41/43/9 42/42/9
f 38/33/1 37/35/1 39/41/1
f 45/34/1 51/32/1 42/42/1
f 37/35/1 45/34/1 41/43/1
f 42/42/1 51/32/1 38/33/1
f 41/43/24 31/38/24 29/36/24
f 33/35/9 37/35/9 38/33/9
f 49/44/1 46/46/1 44/45/1
f 47/46/2 48/44/2 35/34/2
f 48/44/3 49/44/3 45/34/3
f 46/46/4 47/46/4 43/45/4
f 56/47/1 53/49/1 51/32/1
f 54/49/2 55/47/2 50/48/2
f 55/47/3 56/47/3 52/48/3
f 53/49/4 54/49/4 36/32/4
f 73/50/11 68/58/11 60/30/11
f 59/52/12 72/60/12 62/21/12
f 69/53/11 65/61/11 57/22/11
f 64/55/1 70/62/1 71/56/1
f 68/58/13 73/50/13 74/59/13
f 72/60/14 59/52/14 66/57/14
f 65/61/15 69/53/15 70/62/15
f 88/63/2 87/70/2 76/64/2
f 78/66/2 77/69/2 90/67/2
f 88/63/16 75/65/16 85/65/16
f 90/67/17 77/69/17 83/69/17
f 84/64/18 76/64/18 87/70/18
f 78/66/19 89/68/19 80/68/19
f 81/63/1 85/65/1 84/64/1
f 86/66/1 80/68/1 79/67/1
f 94/71/1 93/74/1 85/65/1
f 86/66/20 91/72/20 100/72/20
f 85/65/21 95/65/21 99/73/21
f 96/71/2 98/66/2 95/65/2
f 97/74/22 95/65/22 85/65/22
f 98/66/2 100/72/2 99/73/2
f 92/73/1 91/72/1 86/66/1
f 86/66/23 98/66/23 96/71/23
o Bld_Barn_01
v 5.411927 -0.007213 -7.102632
v 5.411927 4.387005 -7.102632
v 5.449970 -0.007213 6.072497
v 5.449970 4.339919 6.072497
v 1.589364 -0.007213 6.072497
v 2.893457 -0.007213 -7.102632
v 2.906381 -0.007213 -7.102632
v 2.906381 6.735262 -7.102632
v 2.893457 6.744089 -7.102632
v 1.582901 -0.007213 -7.102632
v 1.595826 -0.007213 -7.102632
v 1.595826 7.294576 -7.102632
v 1.582901 7.300058 -7.102632
v 2.893457 -0.007213 6.072497
v 2.893457 6.744089 6.072497
v 1.595826 7.294576 6.072497
v 1.595826 2.754212 6.072497
v 1.589364 2.747750 6.072497
v 1.168534 2.816433 6.072497
v 0.776129 2.816433 6.072497
v 0.353356 2.816433 6.072497
v 0.353356 7.821661 6.072497
v 0.776129 7.642311 6.072497
v 1.168534 7.473926 6.072497
v 1.173053 -0.007213 -7.102632
v 1.185977 -0.007213 -7.102632
v 0.763204 -0.007213 -7.102632
v 0.776129 -0.007213 -7.102632
v 0.353356 -0.007213 -7.102632
v 0.366280 -0.007213 -7.102632
v 1.185977 7.468443 -7.102632
v 1.173053 7.473926 -7.102632
v 0.776129 7.642311 -7.102632
v 0.763204 7.647794 -7.102632
v 0.366280 7.816179 -7.102632
v 0.353356 7.821661 -7.102632
v 1.910540 -0.007213 6.072497
v 2.251103 -0.007213 6.072497
v 2.580384 -0.007213 6.072497
v 2.565818 -0.007213 6.072497
v 1.910540 7.161066 6.072497
v 2.251103 7.016591 6.072497
v 2.565818 6.883081 6.072497
v 2.580384 6.877599 6.072497
v 1.910540 2.754212 6.072497
v 2.565818 -0.007213 -7.102632
v 2.578743 -0.007213 -7.102632
v 2.238179 -0.007213 -7.102632
v 2.251103 -0.007213 -7.102632
v 1.910540 -0.007213 -7.102632
v 1.923465 -0.007213 -7.102632
v 2.578743 6.877599 -7.102632
v 2.565818 6.883081 -7.102632
v 2.251103 7.016591 -7.102632
v 2.238179 7.022074 -7.102632
v 1.923465 7.155583 -7.102632
v 1.910540 7.161066 -7.102632
v 4.933497 -0.007213 -7.102632
v 4.946422 -0.007213 -7.102632
v 4.423487 -0.007213 -7.102632
v 4.436411 -0.007213 -7.102632
v 3.913477 -0.007213 -7.102632
v 3.926401 -0.007213 -7.102632
v 3.403467 -0.007213 -7.102632
v 3.416391 -0.007213 -7.102632
v 4.946422 4.814119 -7.102632
v 4.933497 4.826290 -7.102632
v 4.436411 5.294405 -7.102632
v 4.423487 5.306576 -7.102632
v 3.926401 5.774691 -7.102632
v 3.913477 5.786861 -7.102632
v 3.416391 6.254976 -7.102632
v 3.403467 6.267147 -7.102632
v 3.416391 -0.007213 6.072497
v 3.926402 -0.007213 6.072497
v 3.913477 -0.007213 6.072497
v 4.423488 -0.007213 6.072497
v 4.946422 -0.007213 6.072497
v 3.416391 6.254977 6.072497
v 3.926402 5.774691 6.072497
v 4.423488 5.306576 6.072497
v 4.946422 4.814119 6.072497
v 5.411927 -0.007213 -6.971632
v 5.411927 4.387005 -6.971632
v 5.449970 -0.007213 5.941497
v 5.449970 4.339919 5.941497
v 1.589364 -0.007213 5.941497
v 2.906381 -0.007213 -6.971632
v 2.906381 6.735262 -6.971632
v 1.582901 -0.007213 -6.971632
v 1.595826 -0.007213 -6.971632
v 1.595826 7.294576 -6.971632
v 1.582901 7.300058 -6.971632
v 2.897909 -0.007213 5.941497
v 2.897909 6.735262 5.941497
v 1.589364 7.297317 5.941497
v 1.595826 2.754212 5.941497
v 1.582901 2.816433 5.941497
v 1.589364 2.747750 5.941497
v 1.168534 2.816433 5.941497
v 0.763204 2.816433 5.941497
v 0.366280 2.816433 5.941497
v 0.353356 2.816433 5.941497
v 0.353356 7.821661 5.941497
v 0.366280 7.816178 5.941497
v 0.763204 7.647793 5.941497
v 1.168534 7.473926 5.941497
v 1.173053 -0.007213 -6.971632
v 0.763204 -0.007213 -6.971632
v 0.353356 -0.007213 -6.971632
v 0.366280 -0.007213 -6.971632
v 1.173053 7.473926 -6.971632
v 0.763204 7.647794 -6.971632
v 0.366280 7.816179 -6.971632
v 0.353356 7.821661 -6.971632
v 1.923465 -0.007213 5.941497
v 1.910540 -0.007213 5.941497
v 2.251103 -0.007213 5.941497
v 2.238179 -0.007213 5.941497
v 2.565818 -0.007213 5.941497
v 1.910540 7.161066 5.941497
v 1.923465 7.155583 5.941497
v 2.238179 7.022074 5.941497
v 2.251103 7.016591 5.941497
v 2.565818 6.883081 5.941497
v 1.910540 2.754212 5.941497
v 2.565818 -0.007213 -6.971632
v 2.578743 -0.007213 -6.971632
v 2.238179 -0.007213 -6.971632
v 2.251103 -0.007213 -6.971632
v 1.910540 -0.007213 -6.971632
v 1.923465 -0.007213 -6.971632
v 2.578743 6.877599 -6.971632
v 2.565818 6.883081 -6.971632
v 2.251103 7.016591 -6.971632
v 2.238179 7.022074 -6.971632
v 1.923465 7.155583 -6.971632
v 1.910540 7.161066 -6.971632
v 4.933497 -0.007213 -6.971632
v 4.946422 -0.007213 -6.971632
v 4.423487 -0.007213 -6.971632
v 4.436411 -0.007213 -6.971632
v 3.913477 -0.007213 -6.971632
v 3.926401 -0.007213 -6.971632
v 3.403467 -0.007213 -6.971632
v 3.416391 -0.007213 -6.971632
v 4.946422 4.814119 -6.971632
v 4.933497 4.826290 -6.971632
v 4.436411 5.294405 -6.971632
v 4.423487 5.306576 -6.971632
v 3.926401 5.774691 -6.971632
v 3.913477 5.786861 -6.971632
v 3.416391 6.254976 -6.971632
v 3.403467 6.267147 -6.971632
v 3.416391 -0.007213 5.941497
v 3.410237 -0.007213 5.941497
v 3.926402 -0.007213 5.941497
v 3.913477 -0.007213 5.941497
v 4.436412 -0.007213 5.941497
v 4.423488 -0.007213 5.941497
v 4.946422 -0.007213 5.941497
v 3.410237 6.267148 5.941497
v 3.416391 6.254977 5.941497
v 3.913477 5.786862 5.941497
v 3.926402 5.774691 5.941497
v 4.423488 5.306576 5.941497
v 4.436412 5.294405 5.941497
v 4.946422 4.814119 5.941497
v 2.940529 -0.007213 6.072497
v 2.897909 -0.007213 6.029877
v 2.897909 6.735262 6.029877
v 2.940529 6.695126 6.072497
v 1.582901 2.816433 6.029877
v 1.540281 2.816433 6.072497
v 1.173053 2.816433 6.072497
v 0.763204 2.816433 6.029877
v 0.720584 2.816433 6.072497
v 0.408901 2.816433 6.072497
v 0.366280 2.816433 6.029877
v 0.366280 7.816178 6.029877
v 0.408901 7.798098 6.072497
v 0.720584 7.665874 6.072497
v 0.763204 7.647793 6.029877
v 1.185977 7.468443 6.029877
v 1.228597 7.450363 6.072497
v 1.966085 -0.007213 6.072497
v 1.923465 -0.007213 6.029877
v 2.238179 -0.007213 6.029877
v 2.195559 -0.007213 6.072497
v 1.923465 7.155583 6.029877
v 1.966085 7.137503 6.072497
v 2.195559 7.040154 6.072497
v 2.238179 7.022074 6.029877
v 3.410237 -0.007213 6.029877
v 3.367617 -0.007213 6.072497
v 4.479032 -0.007213 6.072497
v 4.436412 -0.007213 6.029877
v 4.933498 -0.007213 6.029877
v 4.890878 -0.007213 6.072497
v 3.367617 6.307284 6.072497
v 3.410237 6.267148 6.029877
v 4.436412 5.294405 6.029877
v 4.479032 5.254269 6.072497
v 4.890878 4.866426 6.072497
v 4.933498 4.826290 6.029877
v 2.864366 -0.007213 5.941497
v 2.893457 -0.007213 5.970588
v 2.893457 6.744089 5.970588
v 2.864366 6.756431 5.941497
v 1.185977 2.816433 5.970588
v 1.215069 2.816433 5.941497
v 0.776129 2.816433 5.970588
v 0.805220 2.816433 5.941497
v 0.805220 7.629970 5.941497
v 0.776129 7.642311 5.970588
v 1.215069 7.456102 5.941497
v 1.185977 7.468443 5.970588
v 2.580384 -0.007213 5.970588
v 2.597913 -0.007213 5.941497
v 2.597913 6.865257 5.941497
v 2.580384 6.877599 5.970588
v 4.904407 -0.007213 5.941497
v 4.933498 -0.007213 5.970588
v 4.933498 4.826290 5.970588
v 4.904407 4.853686 5.941497
v -5.445047 -0.007213 -7.102632
v -5.445047 4.441674 -7.102632
v -5.550030 -0.007213 6.072497
v -5.550030 4.339919 6.072497
v -1.689424 -0.007213 6.072497
v -2.993518 -0.007213 -7.102632
v -3.006442 -0.007213 -7.102632
v -3.006442 6.735262 -7.102632
v -2.993518 6.744089 -7.102632
v -1.682962 -0.007213 -7.102632
v -1.695886 -0.007213 -7.102632
v -1.695886 7.294576 -7.102632
v -1.682962 7.300058 -7.102632
v -2.993518 -0.007213 6.072497
v -2.993518 6.744089 6.072497
v -1.695886 7.294576 6.072497
v -1.695886 2.754212 6.072497
v -1.689424 2.747750 6.072497
v -1.273113 2.816433 6.072497
v -0.876189 2.816433 6.072497
v -0.453416 2.816433 6.072497
v -0.453416 7.821661 6.072497
v -0.876189 7.642311 6.072497
v -1.273113 7.473926 6.072497
v -1.273113 -0.007213 -7.102632
v -1.286038 -0.007213 -7.102632
v -0.863265 -0.007213 -7.102632
v -0.876189 -0.007213 -7.102632
v -0.453416 -0.007213 -7.102632
v -0.466341 -0.007213 -7.102632
v -1.286038 7.468443 -7.102632
v -1.273113 7.473926 -7.102632
v -0.876189 7.642311 -7.102632
v -0.863265 7.647794 -7.102632
v -0.466341 7.816179 -7.102632
v -0.453416 7.821661 -7.102632
v -2.010601 -0.007213 6.072497
v -2.351164 -0.007213 6.072497
v -2.678803 -0.007213 6.072497
v -2.665879 -0.007213 6.072497
v -2.010601 7.161066 6.072497
v -2.351164 7.016591 6.072497
v -2.665879 6.883081 6.072497
v -2.678803 6.877599 6.072497
v -2.010601 2.754212 6.072497
v -2.665879 -0.007213 -7.102632
v -2.678803 -0.007213 -7.102632
v -2.338240 -0.007213 -7.102632
v -2.351164 -0.007213 -7.102632
v -2.010601 -0.007213 -7.102632
v -2.023525 -0.007213 -7.102632
v -2.678803 6.877599 -7.102632
v -2.665879 6.883081 -7.102632
v -2.351164 7.016591 -7.102632
v -2.338240 7.022074 -7.102632
v -2.023525 7.155583 -7.102632
v -2.010601 7.161066 -7.102632
v -5.033558 -0.007213 -7.102632
v -5.046482 -0.007213 -7.102632
v -4.523548 -0.007213 -7.102632
v -4.536472 -0.007213 -7.102632
v -4.013537 -0.007213 -7.102632
v -4.026462 -0.007213 -7.102632
v -3.503528 -0.007213 -7.102632
v -3.516452 -0.007213 -7.102632
v -5.046482 4.814119 -7.102632
v -5.033558 4.826290 -7.102632
v -4.536472 5.294405 -7.102632
v -4.523548 5.306576 -7.102632
v -4.026462 5.774691 -7.102632
v -4.013537 5.786861 -7.102632
v -3.516452 6.254976 -7.102632
v -3.503528 6.267147 -7.102632
v -3.516452 -0.007213 6.072497
v -4.026462 -0.007213 6.072497
v -4.013538 -0.007213 6.072497
v -4.523548 -0.007213 6.072497
v -5.046483 -0.007213 6.072497
v -3.516452 6.254977 6.072497
v -4.013538 5.786862 6.072497
v -4.026462 5.774691 6.072497
v -4.523548 5.306576 6.072497
v -5.046483 4.814119 6.072497
v -5.445047 -0.007213 -6.971632
v -5.445047 4.441674 -6.971632
v -5.550030 -0.007213 5.941497
v -5.550030 4.339919 5.941497
v -1.689424 -0.007213 5.941497
v -2.993518 -0.007213 -6.971632
v -3.006442 -0.007213 -6.971632
v -3.006442 6.735262 -6.971632
v -2.993518 6.744089 -6.971632
v -1.695886 -0.007213 -6.971632
v -1.695886 7.294576 -6.971632
v -3.006442 -0.007213 5.941497
v -3.006442 6.735262 5.941497
v -1.689424 7.297317 5.941497
v -1.695886 2.754212 5.941497
v -1.682962 2.816433 5.941497
v -1.689424 2.747750 5.941497
v -1.273113 2.816433 5.941497
v -0.863265 2.816433 5.941497
v -0.466341 2.816433 5.941497
v -0.453416 2.816433 5.941497
v -0.453416 7.821661 5.941497
v -0.466341 7.816178 5.941497
v -0.863265 7.647793 5.941497
v -1.273113 7.473926 5.941497
v -1.273113 -0.007213 -6.971632
v -1.286038 -0.007213 -6.971632
v -0.863265 -0.007213 -6.971632
v -0.876189 -0.007213 -6.971632
v -0.466341 -0.007213 -6.971632
v -1.286038 7.468443 -6.971632
v -1.273113 7.473926 -6.971632
v -0.876189 7.642311 -6.971632
v -0.863265 7.647794 -6.971632
v -0.466341 7.816179 -6.971632
v -2.023525 -0.007213 5.941497
v -2.010601 -0.007213 5.941497
v -2.351164 -0.007213 5.941497
v -2.338240 -0.007213 5.941497
v -2.665879 -0.007213 5.941497
v -2.010601 7.161066 5.941497
v -2.023525 7.155583 5.941497
v -2.338240 7.022074 5.941497
v -2.351164 7.016591 5.941497
v -2.665879 6.883081 5.941497
v -2.010601 2.754212 5.941497
v -2.665879 -0.007213 -6.971632
v -2.678803 -0.007213 -6.971632
v -2.338240 -0.007213 -6.971632
v -2.351164 -0.007213 -6.971632
v -2.010601 -0.007213 -6.971632
v -2.023525 -0.007213 -6.971632
v -2.678803 6.877599 -6.971632
v -2.665879 6.883081 -6.971632
v -2.351164 7.016591 -6.971632
v -2.338240 7.022074 -6.971632
v -2.023525 7.155583 -6.971632
v -2.010601 7.161066 -6.971632
v -5.033558 -0.007213 -6.971632
v -5.046482 -0.007213 -6.971632
v -4.536472 -0.007213 -6.971632
v -4.013537 -0.007213 -6.971632
v -4.026462 -0.007213 -6.971632
v -3.516452 -0.007213 -6.971632
v -5.046482 4.814119 -6.971632
v -5.033558 4.826290 -6.971632
v -4.536472 5.294405 -6.971632
v -4.026462 5.774691 -6.971632
v -4.013537 5.786861 -6.971632
v -3.516452 6.254976 -6.971632
v -3.516452 -0.007213 5.941497
v -3.503528 -0.007213 5.941497
v -4.026462 -0.007213 5.941497
v -4.013538 -0.007213 5.941497
v -4.536472 -0.007213 5.941497
v -4.523548 -0.007213 5.941497
v -5.046483 -0.007213 5.941497
v -3.503528 6.267148 5.941497
v -3.516452 6.254977 5.941497
v -4.013538 5.786862 5.941497
v -4.026462 5.774691 5.941497
v -4.523548 5.306576 5.941497
v -4.536472 5.294405 5.941497
v -5.046483 4.814119 5.941497
v -3.049062 -0.007213 6.072497
v -3.006442 -0.007213 6.029877
v -3.006442 6.735262 6.029877
v -3.049062 6.695126 6.072497
v -1.640342 7.318139 6.072497
v -1.685061 7.299168 6.029929
v -1.682962 2.816433 6.029877
v -1.640342 2.816433 6.072497
v -1.328658 2.816433 6.072497
v -1.286038 2.816433 6.029877
v -0.863265 2.816433 6.029877
v -0.820645 2.816433 6.072497
v -0.508961 2.816433 6.072497
v -0.466341 2.816433 6.029877
v -0.466341 7.816178 6.029877
v -0.508961 7.798098 6.072497
v -0.820645 7.665874 6.072497
v -0.863265 7.647793 6.029877
v -1.286038 7.468443 6.029877
v -1.328658 7.450363 6.072497
v -2.066145 -0.007213 6.072497
v -2.023525 -0.007213 6.029877
v -2.338240 -0.007213 6.029877
v -2.295619 -0.007213 6.072497
v -2.023525 7.155583 6.029877
v -2.066145 7.137503 6.072497
v -2.295619 7.040154 6.072497
v -2.338240 7.022074 6.029877
v -3.503528 -0.007213 6.029877
v -3.460907 -0.007213 6.072497
v -4.579093 -0.007213 6.072497
v -4.536472 -0.007213 6.029877
v -5.033558 -0.007213 6.029877
v -4.990938 -0.007213 6.072497
v -3.460907 6.307284 6.072497
v -3.503528 6.267148 6.029877
v -4.536472 5.294405 6.029877
v -4.579093 5.254269 6.072497
v -4.990938 4.866426 6.072497
v -5.033558 4.826290 6.029877
v -2.964426 -0.007213 5.941497
v -2.993518 -0.007213 5.970588
v -2.993518 6.744089 5.970588
v -2.964426 6.756431 5.941497
v -1.286038 2.816433 5.970588
v -1.315129 2.816433 5.941497
v -0.876189 2.816433 5.970588
v -0.905280 2.816433 5.941497
v -0.905281 7.629970 5.941497
v -0.876189 7.642311 5.970588
v -1.315129 7.456102 5.941497
v -1.286038 7.468443 5.970588
v -2.678803 -0.007213 5.970588
v -2.707894 -0.007213 5.941497
v -2.707894 6.865257 5.941497
v -2.678803 6.877599 5.970588
v -5.004467 -0.007213 5.941497
v -5.033558 -0.007213 5.970588
v -5.033558 4.826290 5.970588
v -5.004467 4.853686 5.941497
v 0.547641 6.540508 5.941497
v 0.353356 6.540507 6.072497
v 0.547641 6.540508 6.072497
v 0.353356 6.540508 5.941497
v 0.366280 6.540508 5.941497
v -0.453416 6.540508 6.072497
v -0.453416 6.540508 5.941497
v -0.647701 6.540508 5.941497
v -0.466341 6.540508 5.941497
v -0.466341 6.540508 6.029876
v -0.498334 6.540508 6.061870
v -0.508961 6.540508 6.072497
v -0.647701 6.540508 6.072497
v -0.647701 4.933146 6.072497
v -0.647701 4.933146 5.941497
v 0.547641 4.933146 5.941497
v 0.547641 4.933146 6.072497
v -0.453416 4.933146 6.072497
v 0.353356 4.933146 5.941497
v -0.453416 4.933146 5.941497
v -0.466341 4.933146 5.941497
v 0.353356 4.933146 6.072497
v 3.465554 1.301610 5.941496
v 3.913478 1.301610 6.072497
v 3.926402 1.301610 6.072497
v 3.465553 1.301610 6.072497
v 4.293774 1.301610 5.941497
v 4.293774 1.301610 6.072497
v 4.293773 2.300981 5.941497
v 4.293773 2.300981 6.072497
v 3.913477 1.301610 5.941497
v 3.926402 1.301610 5.941497
v 3.913477 2.300981 6.072497
v 3.926402 2.300981 6.072497
v 3.465554 2.300981 5.941496
v 3.913477 2.300981 5.941497
v 3.926402 2.300981 5.941497
v 3.465553 2.300981 6.072497
v -3.565614 2.300981 5.941497
v -3.565614 2.300981 6.072497
v -4.013538 2.300981 5.941497
v -4.026462 2.300981 5.941497
v -4.393834 2.300981 5.941496
v -4.393834 2.300981 6.072497
v -4.013538 2.300981 6.072497
v -4.026462 2.300981 6.072497
v -3.565614 1.301610 5.941497
v -3.565614 1.301610 6.072497
v -4.393834 1.301610 5.941496
v -4.393834 1.301610 6.072497
v -4.013538 1.301610 6.072497
v -4.026462 1.301610 6.072497
v -4.013538 1.301610 5.941497
v -4.026462 1.301610 5.941497
v -0.050800 2.816433 6.072497
v -0.055943 2.815935 5.942043
v -0.049260 2.816433 5.941497
v -0.050800 4.933146 6.072497
v -0.049260 4.933146 5.941497
v -0.055943 4.932648 5.942043
v 5.449970 -0.007213 5.926097
v 5.449970 -0.007213 -6.997652
v 5.449970 4.339919 5.926097
v 5.449970 4.339919 -6.997652
v 5.449970 -0.007213 5.415315
v 5.449970 -0.007213 4.756558
v 5.449970 -0.007213 4.094187
v 5.449970 -0.007213 4.100418
v 5.449970 -0.007213 3.435898
v 5.449970 -0.007213 2.777141
v 5.449970 -0.007213 2.118385
v 5.449970 -0.007213 1.445565
v 5.449970 -0.007213 1.456500
v 5.449970 -0.007213 0.788409
v 5.449970 -0.007213 0.794068
v 5.449970 -0.007213 0.145263
v 5.449970 -0.007213 -0.526957
v 5.449970 -0.007213 -0.513493
v 5.449970 -0.007213 -1.172250
v 5.449970 -0.007213 -1.831006
v 5.449970 -0.007213 -2.489763
v 5.449970 -0.007213 -3.162466
v 5.449970 -0.007213 -3.148519
v 5.449970 -0.007213 -3.807276
v 5.449970 -0.007213 -4.466032
v 5.449970 -0.007213 -5.127936
v 5.449970 -0.007213 -5.763784
v 5.449970 -0.007213 -5.775724
v 5.449970 -0.007213 -6.442302
v 5.449970 4.339919 5.415315
v 5.449970 4.339919 4.756558
v 5.449970 4.339919 4.097802
v 5.449970 4.339919 4.089611
v 5.449970 4.339919 3.435898
v 5.449970 4.339919 2.777141
v 5.449970 4.339919 2.118385
v 5.449970 4.339919 1.456500
v 5.449970 4.339919 1.445565
v 5.449970 4.339919 0.800872
v 5.449970 4.339919 0.145263
v 5.449970 4.339919 -0.513493
v 5.449970 4.339919 -0.526957
v 5.449970 4.339919 -1.172250
v 5.449970 4.339919 -1.831006
v 5.449970 4.339919 -2.489763
v 5.449970 4.339919 -3.148519
v 5.449970 4.339919 -3.162466
v 5.449970 4.339919 -3.807276
v 5.449970 4.339919 -4.466032
v 5.449970 4.339919 -5.127936
v 5.449970 4.339919 -5.783545
v 5.449970 4.339919 -6.442302
v 5.318970 -0.007213 5.926097
v 5.318970 -0.007213 -6.997652
v 5.318970 4.501386 5.926097
v 5.318970 4.501386 -6.997652
v 5.318970 -0.007213 5.412167
v 5.318970 -0.007213 5.415315
v 5.318970 -0.007213 4.753410
v 5.318970 -0.007213 4.094187
v 5.318970 -0.007213 4.100418
v 5.318970 -0.007213 3.439046
v 5.318970 -0.007213 2.780289
v 5.318970 -0.007213 2.118385
v 5.318970 -0.007213 1.445565
v 5.318970 -0.007213 1.456500
v 5.318970 -0.007213 0.794068
v 5.318970 -0.007213 0.132748
v 5.318970 -0.007213 0.145263
v 5.318970 -0.007213 -0.526957
v 5.318970 -0.007213 -0.513493
v 5.318970 -0.007213 -1.175398
v 5.318970 -0.007213 -1.834154
v 5.318970 -0.007213 -2.489763
v 5.318970 -0.007213 -3.162466
v 5.318970 -0.007213 -3.148519
v 5.318970 -0.007213 -3.810424
v 5.318970 -0.007213 -4.469180
v 5.318970 -0.007213 -5.127936
v 5.318970 -0.007213 -5.751128
v 5.318970 4.501386 5.415315
v 5.318970 4.501386 5.412167
v 5.318970 4.501386 4.753410
v 5.318970 4.501386 4.097802
v 5.318970 4.501386 4.089611
v 5.318970 4.501386 3.439046
v 5.318970 4.501386 2.780289
v 5.318970 4.501386 2.118385
v 5.318970 4.501386 1.456500
v 5.318970 4.501386 1.445565
v 5.318970 4.501386 0.804020
v 5.318970 4.501386 0.145263
v 5.318970 4.501386 0.132748
v 5.318970 4.501386 -0.513493
v 5.318970 4.501386 -0.526957
v 5.318970 4.501386 -1.175398
v 5.318970 4.501386 -1.834154
v 5.318970 4.501386 -2.492911
v 5.318970 4.501386 -3.148519
v 5.318970 4.501386 -3.162466
v 5.318970 4.501386 -3.810424
v 5.318970 4.501386 -4.469180
v 5.318970 4.501386 -5.127936
v 5.318970 4.501386 -5.758115
v 5.318970 4.501386 -5.786693
v 5.449970 -0.007213 5.383822
v 5.421626 -0.007213 5.412167
v 5.421626 -0.007213 3.439046
v 5.449970 -0.007213 3.467390
v 5.421626 -0.007213 2.780289
v 5.449970 -0.007213 2.808633
v 5.421626 -0.007213 2.121533
v 5.449970 -0.007213 2.149877
v 5.449970 -0.007213 0.113771
v 5.421626 -0.007213 0.142115
v 5.449970 -0.007213 -1.203742
v 5.421626 -0.007213 -1.175398
v 5.449970 -0.007213 -4.497524
v 5.421626 -0.007213 -4.469180
v 5.421626 -0.007213 -5.124788
v 5.449970 -0.007213 -5.096444
v 5.449970 -0.007213 -6.473794
v 5.421626 -0.007213 -6.445450
v 5.421626 4.339919 5.412167
v 5.449970 4.339919 5.383822
v 5.449970 4.339919 3.467390
v 5.421626 4.339919 3.439046
v 5.449970 4.339919 2.808633
v 5.421626 4.339919 2.780289
v 5.449970 4.339919 2.149877
v 5.421626 4.339919 2.121533
v 5.421626 4.339919 0.142115
v 5.449970 4.339919 0.113771
v 5.421626 4.339919 -1.175398
v 5.449970 4.339919 -1.203742
v 5.421626 4.339919 -4.469180
v 5.449970 4.339919 -4.497524
v 5.449970 4.339919 -5.096444
v 5.421626 4.339919 -5.124788
v 5.421626 4.339919 -6.445450
v 5.449970 4.339919 -6.473794
v 5.449970 -0.007213 -1.866648
v 5.417476 -0.007213 -1.834154
v 5.417476 4.339919 -1.834154
v 5.449970 4.339919 -1.866648
v 5.333278 -0.007213 3.435898
v 5.318970 -0.007213 3.421589
v 5.318970 -0.007213 2.135841
v 5.333278 -0.007213 2.121533
v 5.333278 -0.007213 0.788409
v 5.318970 -0.007213 0.786563
v 5.318970 -0.007213 -1.157942
v 5.333278 -0.007213 -1.172250
v 5.318970 -0.007213 -1.816698
v 5.333278 -0.007213 -1.831006
v 5.318970 -0.007213 -3.792968
v 5.333278 -0.007213 -3.807276
v 5.318970 -0.007213 -5.110480
v 5.333278 -0.007213 -5.124788
v 5.318970 -0.007213 -6.427993
v 5.333278 -0.007213 -6.442302
v 5.318970 4.501386 3.421589
v 5.333278 4.339919 3.435898
v 5.333278 4.339919 2.121533
v 5.318970 4.501386 2.135841
v 5.318970 4.501386 0.786563
v 5.333278 4.339919 0.800872
v 5.333278 4.339919 -1.172250
v 5.318970 4.501386 -1.157942
v 5.333278 4.339919 -1.831006
v 5.318970 4.501386 -1.816698
v 5.333278 4.339919 -3.807276
v 5.318970 4.501386 -3.792968
v 5.333278 4.339919 -5.124788
v 5.318970 4.501386 -5.110480
v 5.333278 4.339919 -6.442302
v 5.318970 4.501386 -6.427993
v -5.550030 -0.007213 5.926097
v -5.550030 -0.007213 -6.997652
v -5.550030 4.339919 5.926097
v -5.550030 4.339919 -6.997652
v -5.550030 -0.007213 5.415315
v -5.550030 -0.007213 4.753410
v -5.550030 -0.007213 4.097802
v -5.550030 -0.007213 3.435898
v -5.550030 -0.007213 2.777141
v -5.550030 -0.007213 2.118385
v -5.550030 -0.007213 1.459628
v -5.550030 -0.007213 1.480474
v -5.550030 -0.007213 0.804020
v -5.550030 -0.007213 0.145263
v -5.550030 -0.007213 -0.510472
v -5.550030 -0.007213 -0.501468
v -5.550030 -0.007213 -1.172250
v -5.550030 -0.007213 -1.831006
v -5.550030 -0.007213 -2.487685
v -5.550030 -0.007213 -2.479652
v -5.550030 -0.007213 -3.148519
v -5.550030 -0.007213 -3.810424
v -5.550030 -0.007213 -4.466032
v -5.550030 -0.007213 -5.127936
v -5.550030 -0.007213 -5.786693
v -5.550030 -0.007213 -6.442302
v -5.550030 4.339919 5.415315
v -5.550030 4.339919 4.753410
v -5.550030 4.339919 4.111487
v -5.550030 4.339919 4.094654
v -5.550030 4.339919 3.435898
v -5.550030 4.339919 2.777141
v -5.550030 4.339919 2.118385
v -5.550030 4.339919 1.480474
v -5.550030 4.339919 1.459628
v -5.550030 4.339919 0.804020
v -5.550030 4.339919 0.777584
v -5.550030 4.339919 0.145263
v -5.550030 4.339919 -0.501468
v -5.550030 4.339919 -0.510472
v -5.550030 4.339919 -1.172250
v -5.550030 4.339919 -1.831006
v -5.550030 4.339919 -2.479652
v -5.550030 4.339919 -2.492911
v -5.550030 4.339919 -3.148519
v -5.550030 4.339919 -3.810424
v -5.550030 4.339919 -4.466032
v -5.550030 4.339919 -5.127936
v -5.550030 4.339919 -5.768421
v -5.550030 4.339919 -6.442302
v -5.419030 -0.007213 5.926097
v -5.419030 -0.007213 -6.997652
v -5.419030 4.467117 5.926097
v -5.419030 4.467117 -6.997652
v -5.419030 -0.007213 5.412167
v -5.419030 -0.007213 4.753410
v -5.419030 -0.007213 4.764922
v -5.419030 -0.007213 4.097802
v -5.419030 -0.007213 3.439046
v -5.419030 -0.007213 2.777141
v -5.419030 -0.007213 2.118385
v -5.419030 -0.007213 1.459628
v -5.419030 -0.007213 1.473330
v -5.419030 -0.007213 0.804020
v -5.419030 -0.007213 0.145263
v -5.419030 -0.007213 -0.501468
v -5.419030 -0.007213 -1.175398
v -5.419030 -0.007213 -1.834154
v -5.419030 -0.007213 -2.487685
v -5.419030 -0.007213 -2.479652
v -5.419030 -0.007213 -3.162781
v -5.419030 -0.007213 -3.148519
v -5.419030 -0.007213 -3.810424
v -5.419030 -0.007213 -4.469180
v -5.419030 -0.007213 -4.454909
v -5.419030 -0.007213 -5.127936
v -5.419030 -0.007213 -5.783545
v -5.419030 -0.007213 -6.445450
v -5.419030 4.467117 5.412167
v -5.419030 4.467117 4.764922
v -5.419030 4.467117 4.753410
v -5.419030 4.467117 4.111487
v -5.419030 4.467117 4.094654
v -5.419030 4.467117 3.439046
v -5.419030 4.467117 2.777141
v -5.419030 4.467117 2.118385
v -5.419030 4.467117 1.473330
v -5.419030 4.467117 1.459628
v -5.419030 4.467117 0.804020
v -5.419030 4.467117 0.145263
v -5.419030 4.467117 -0.501468
v -5.419030 4.467117 -1.175398
v -5.419030 4.467117 -1.834154
v -5.419030 4.467117 -2.479652
v -5.419030 4.467117 -3.148519
v -5.419030 4.467117 -3.162781
v -5.419030 4.467117 -3.810424
v -5.419030 4.467117 -4.454909
v -5.419030 4.467117 -4.469180
v -5.419030 4.467117 -5.127936
v -5.419030 4.467117 -5.768421
v -5.419030 4.467117 -5.786693
v -5.419030 4.467117 -6.445450
v -5.550030 -0.007213 5.383822
v -5.521686 -0.007213 5.412167
v -5.521686 -0.007213 3.439046
v -5.550030 -0.007213 3.467390
v -5.521686 -0.007213 2.780289
v -5.550030 -0.007213 2.808633
v -5.521686 -0.007213 2.121533
v -5.550030 -0.007213 2.149877
v -5.550030 -0.007213 0.113771
v -5.521686 -0.007213 0.142115
v -5.550030 -0.007213 -1.203742
v -5.521686 -0.007213 -1.175398
v -5.550030 -0.007213 -4.497524
v -5.521686 -0.007213 -4.469180
v -5.521686 -0.007213 -5.124788
v -5.550030 -0.007213 -5.096444
v -5.550030 -0.007213 -6.473794
v -5.521686 -0.007213 -6.445450
v -5.521686 4.339919 5.412167
v -5.550030 4.339919 5.383822
v -5.550030 4.339919 3.467390
v -5.521686 4.339919 3.439046
v -5.550030 4.339919 2.808633
v -5.521686 4.339919 2.780289
v -5.550030 4.339919 2.149877
v -5.521686 4.339919 2.121533
v -5.521686 4.339919 0.142115
v -5.550030 4.339919 0.113771
v -5.521686 4.339919 -1.175398
v -5.550030 4.339919 -1.203742
v -5.521686 4.339919 -4.469180
v -5.550030 4.339919 -4.497524
v -5.550030 4.339919 -5.096444
v -5.521686 4.339919 -5.124788
v -5.521686 4.339919 -6.445450
v -5.550030 4.339919 -6.473794
v -5.550030 -0.007213 -1.866648
v -5.517537 -0.007213 -1.834154
v -5.517537 4.339919 -1.834154
v -5.550030 4.339919 -1.866648
v -5.433339 -0.007213 3.435898
v -5.419030 -0.007213 3.421589
v -5.419030 -0.007213 2.135841
v -5.433339 -0.007213 2.121533
v -5.433339 -0.007213 0.800872
v -5.419030 -0.007213 0.786563
v -5.419030 -0.007213 -1.157942
v -5.433339 -0.007213 -1.172250
v -5.419030 -0.007213 -1.816698
v -5.433339 -0.007213 -1.831006
v -5.419030 -0.007213 -3.792968
v -5.433339 -0.007213 -3.807276
v -5.419030 -0.007213 -5.110480
v -5.433339 -0.007213 -5.124788
v -5.419030 -0.007213 -6.427993
v -5.433339 -0.007213 -6.442302
v -5.419030 4.467117 3.421589
v -5.433339 4.339919 3.435898
v -5.433339 4.339919 2.121533
v -5.419030 4.467117 2.135841
v -5.419030 4.467117 0.786563
v -5.433339 4.339919 0.800872
v -5.433339 4.339919 -1.172250
v -5.419030 4.467117 -1.157942
v -5.433339 4.339919 -1.831006
v -5.419030 4.467117 -1.816698
v -5.433339 4.339919 -3.807276
v -5.419030 4.467117 -3.792968
v -5.433339 4.339919 -5.124788
v -5.419030 4.467117 -5.110480
v -5.433339 4.339919 -6.442302
v -5.419030 4.467117 -6.427993
v 5.318970 1.355851 3.903910
v 5.449970 1.355851 3.903910
v 5.318970 2.246740 3.903910
v 5.449970 2.246740 3.903910
v 5.449970 2.246740 4.613494
v 5.318970 2.246740 4.613494
v 5.318970 2.246740 4.089611
v 5.449970 2.246740 4.097802
v 5.449970 2.246740 4.089611
v 5.318970 2.246740 4.097802
v 5.449970 1.355851 4.613494
v 5.318970 1.355851 4.613494
v 5.318970 1.355851 4.094187
v 5.449970 1.355851 4.100418
v 5.449970 1.355851 4.094187
v 5.318970 1.355851 4.100418
v 5.449970 1.355851 0.443943
v 5.318970 1.355851 0.443943
v 5.449970 2.246740 0.443943
v 5.318970 2.246740 0.443943
v 5.318970 2.246740 0.786563
v 5.449970 2.246740 1.153527
v 5.318970 2.246740 0.804020
v 5.333278 2.246740 0.800872
v 5.318970 2.246740 1.153527
v 5.449970 2.246740 0.800872
v 5.449970 1.355851 1.153527
v 5.318970 1.355851 1.153527
v 5.318970 1.355851 0.786563
v 5.318970 1.355851 0.794068
v 5.333278 1.355851 0.788409
v 5.449970 1.355851 0.788409
v 5.449970 1.355851 0.794068
v 5.449970 1.355851 -3.115664
v 5.318970 1.355851 -3.115664
v 5.449970 2.246740 -3.115664
v 5.318970 2.246740 -3.115664
v 5.449970 2.246740 -2.489763
v 5.318970 2.246740 -2.492911
v 5.449970 2.246740 -2.406080
v 5.318970 2.246740 -2.406080
v 5.449970 1.355851 -2.406080
v 5.318970 1.355851 -2.406080
v 5.318970 1.355850 -2.489763
v 5.449970 1.355850 -2.489763
v -5.419030 1.355851 3.903910
v -5.550030 1.355851 3.903910
v -5.419030 2.246740 3.903910
v -5.550030 2.246740 3.903910
v -5.419030 2.246740 4.613494
v -5.550030 2.246740 4.613494
v -5.419030 2.246740 4.111487
v -5.419030 2.246740 4.094654
v -5.550030 2.246740 4.094654
v -5.550030 2.246740 4.111487
v -5.419030 1.355851 4.613494
v -5.550030 1.355851 4.613494
v -5.419030 1.355851 4.097802
v -5.550030 1.355851 4.097802
v -5.550030 1.355851 0.443943
v -5.419030 1.355851 0.443943
v -5.550030 2.246740 0.443943
v -5.419030 2.246740 0.443943
v -5.550030 2.246740 0.804020
v -5.550030 2.246740 1.153527
v -5.419030 2.246740 1.153527
v -5.550030 2.246740 0.777584
v -5.419030 2.246740 0.786563
v -5.433339 2.246740 0.800872
v -5.419030 2.246740 0.804020
v -5.550030 1.355851 1.153527
v -5.419030 1.355851 1.153527
v -5.550030 1.355851 0.804020
v -5.419030 1.355851 0.786563
v -5.433339 1.355851 0.800872
v -5.419030 1.355851 0.804020
v -5.419030 1.355851 -3.115664
v -5.550030 1.355851 -3.115664
v -5.419030 2.246740 -3.115664
v -5.550030 2.246740 -3.115664
v -5.419030 2.246740 -2.406080
v -5.419030 2.246740 -2.479652
v -5.550030 2.246740 -2.492911
v -5.550030 2.246740 -2.479652
v -5.550030 2.246740 -2.406080
v -5.419030 1.355851 -2.406080
v -5.550030 1.355851 -2.406080
v -5.419030 1.355850 -2.487685
v -5.419030 1.355850 -2.479652
v -5.550030 1.355850 -2.487685
v -5.550030 1.355850 -2.479652
v 5.449970 1.325445 -6.285251
v 5.318970 1.325445 -6.285251
v 5.449970 2.425406 -6.285251
v 5.318970 2.425406 -6.285251
v 5.318970 2.425406 -5.786693
v 5.449970 2.425406 -5.412952
v 5.318970 2.425406 -5.758115
v 5.318970 2.425406 -5.412952
v 5.449970 2.425406 -5.783545
v 5.449970 1.325445 -5.412952
v 5.318970 1.325445 -5.412952
v 5.318970 1.325445 -5.751128
v 5.449970 1.325444 -5.775724
v 5.449970 1.325444 -5.763784
v -5.419030 1.325445 -6.285251
v -5.550030 1.325445 -6.285251
v -5.419030 2.425406 -6.285251
v -5.550030 2.425406 -6.285251
v -5.419030 2.425406 -5.412952
v -5.550030 2.425406 -5.412952
v -5.550030 2.425406 -5.768421
v -5.419030 2.425406 -5.768421
v -5.419030 2.425406 -5.786693
v -5.419030 1.325445 -5.412952
v -5.550030 1.325445 -5.412952
v -5.419031 1.325444 -5.783545
v -5.550030 1.325444 -5.786693
v -0.033640 2.816433 6.072497
v -0.049260 2.816433 6.056877
v -0.049260 4.933146 6.056877
v -0.033640 4.933146 6.072497
v -0.054397 7.990935 6.072497
v -0.045663 7.990935 6.072497
v -0.045663 7.990935 5.941497
v -0.054397 7.990935 5.941497
v -0.054397 6.540508 6.072496
v -0.045663 6.540508 6.072496
v -0.045663 6.540508 5.941497
v -0.054397 6.540508 5.941497
v -0.053821 -0.007213 -7.102632
v -0.046239 -0.007213 -7.102632
v -0.046239 7.991179 -7.102632
v -0.053821 7.991179 -7.102632
v -0.046239 -0.007213 -6.971632
v -0.053821 -0.007213 -6.971632
v -0.053821 7.991179 -6.971632
v -0.046239 7.991179 -6.971632
v 5.449970 -0.007213 -3.831472
v 5.428921 -0.007213 -3.810424
v 5.428921 4.365863 -3.810424
v 5.449970 4.339919 -3.831472
v 5.449970 -0.007213 4.726650
v 5.423209 -0.007213 4.753410
v 5.423209 4.372903 4.753410
v 5.449970 4.339919 4.726650
v 5.449970 4.339919 0.827899
v 5.426091 4.369352 0.804020
v 5.426091 2.246740 0.804020
v 5.449970 2.246740 0.827899
v 5.426507 4.368838 -2.492911
v 5.449970 4.339919 -2.516373
v 5.449970 2.246740 -2.516373
v 5.426507 2.246740 -2.492911
v 5.449970 -0.007213 -2.514893
v 5.427988 -0.007213 -2.492911
v 5.427988 1.355850 -2.492911
v 5.449970 1.355850 -2.514893
v 5.424436 4.371392 -5.786693
v 5.449970 4.339919 -5.812227
v 5.449970 2.425406 -5.812227
v 5.424436 2.425406 -5.786693
v -5.550030 -0.007213 4.793832
v -5.512757 -0.007213 4.756558
v -5.512757 4.376111 4.756558
v -5.550030 4.339919 4.793832
v -5.528067 -0.007213 4.094654
v -5.550030 -0.007213 4.072691
v -5.550030 1.355851 4.072691
v -5.528067 1.355851 4.094654
v -5.504201 -0.007213 0.800872
v -5.550030 -0.007213 0.755043
v -5.550030 1.355851 0.755043
v -5.504201 1.355851 0.800872
v -5.534235 -0.007213 -3.151667
v -5.550030 -0.007213 -3.167463
v -5.550030 -0.007213 -3.791480
v -5.534235 -0.007213 -3.807276
v -5.550030 4.339919 -3.167463
v -5.534235 4.355257 -3.151667
v -5.534235 4.339919 -3.807276
v -5.550030 4.339919 -3.791480
v -5.550030 4.339919 -5.795498
v -5.541225 4.348468 -5.786693
v -5.541225 2.425406 -5.786693
v -5.550030 2.425406 -5.795498
v -5.550030 -0.007213 -5.764727
v -5.531212 -0.007213 -5.783545
v -5.531212 1.325444 -5.783545
v -5.550030 1.325444 -5.764727
v 5.318970 -0.007213 4.769037
v 5.331449 -0.007213 4.756558
v 5.331449 4.486005 4.756558
v 5.318970 4.501386 4.769037
v 5.330411 -0.007213 2.777141
v 5.318970 -0.007213 2.765700
v 5.318970 4.501386 2.765700
v 5.330411 4.487283 2.777141
v 5.329301 -0.007213 -2.492911
v 5.318970 -0.007213 -2.503242
v 5.329301 4.488652 -2.489763
v 5.318970 4.501386 -2.479432
v 5.318970 2.246740 -2.479432
v 5.329301 2.246740 -2.489763
v 5.318970 1.355850 -2.503242
v 5.329301 1.355850 -2.492911
v 5.318970 -0.007213 -4.449630
v 5.335372 -0.007213 -4.466032
v 5.335372 4.481169 -4.466032
v 5.318970 4.501386 -4.449630
v 5.338640 -0.007213 -6.445450
v 5.318970 -0.007213 -6.465120
v 5.318970 4.501386 -6.465120
v 5.338640 4.470446 -6.445450
v 2.893457 -0.007213 -6.990675
v 2.874413 -0.007213 -6.971632
v 2.874413 6.752168 -6.971632
v 2.893457 6.744089 -6.990675
v 1.205021 -0.007213 -6.971632
v 1.185977 -0.007213 -6.990675
v 0.795172 -0.007213 -6.971632
v 0.776129 -0.007213 -6.990675
v 1.185977 7.468443 -6.990675
v 1.205021 7.460365 -6.971632
v 0.776129 7.642311 -6.990675
v 0.795172 7.634233 -6.971632
v -1.663918 -0.007213 -6.971632
v -1.682962 -0.007213 -6.990675
v -1.682962 7.300058 -6.990675
v -1.663918 7.308137 -6.971632
v -0.434373 -0.007213 -6.971632
v -0.453416 -0.007213 -6.990675
v -0.453416 7.821661 -6.990675
v -0.434373 7.829740 -6.971632
v -4.504504 -0.007213 -6.971632
v -4.523548 -0.007213 -6.990675
v -3.484484 -0.007213 -6.971632
v -3.503528 -0.007213 -6.990675
v -4.523548 5.306576 -6.990675
v -4.504504 5.324509 -6.971632
v -3.503528 6.267147 -6.990675
v -3.484484 6.285081 -6.971632
v -5.419030 -0.007213 -5.800078
v -5.432415 -0.007213 -5.786693
v -5.432416 1.325444 -5.786693
v -5.419031 1.325444 -5.800078
v -5.430377 4.456100 -2.492911
v -5.419030 4.467117 -2.504257
v -5.419030 2.246740 -2.504257
v -5.430377 2.246740 -2.492911
v -5.419030 -0.007213 0.120099
v -5.441047 -0.007213 0.142115
v -5.441047 4.439837 0.142115
v -5.419030 4.467117 0.120099
v -5.446216 -0.007213 2.780289
v -5.419030 -0.007213 2.807475
v -5.419030 4.467117 2.807475
v -5.446216 4.433433 2.780289
v -5.428087 -0.007213 5.415315
v -5.419030 -0.007213 5.424372
v -5.419030 -0.007213 4.085597
v -5.428087 -0.007213 4.094654
v -5.419030 4.467117 5.424372
v -5.428087 4.458323 5.415315
v -5.428087 1.355851 4.094654
v -5.419030 1.355851 4.085597
v 5.341803 -0.007213 -5.763784
v 5.318970 -0.007213 -5.786618
v 5.318970 1.325445 -5.786618
v 5.341803 1.325445 -5.763784
v -5.419030 -0.007213 -0.536919
v -5.445478 -0.007213 -0.510472
v -5.445478 4.441437 -0.510472
v -5.419030 4.467117 -0.536919
v 3.537671 1.794691 5.955809
v 4.221656 1.794691 5.955809
v 3.537671 1.824922 5.955809
v 4.221656 1.824922 5.955809
v 3.537671 1.824922 5.979558
v 3.537671 1.794691 5.979558
v 4.221656 1.794691 5.979558
v 4.221656 1.824922 5.979558
v 3.537671 1.301610 6.082379
v 4.221656 1.301610 6.082379
v 3.537671 1.301610 5.938448
v 4.221656 1.301610 5.938448
v 3.537671 1.371600 5.938448
v 3.537671 1.371600 6.082379
v 4.221656 1.371600 6.082379
v 4.221656 1.371600 5.938448
v 3.465553 2.247412 6.091719
v 4.293774 2.247412 6.091719
v 3.465553 2.247412 5.932410
v 4.293774 2.247412 5.932410
v 3.465553 2.300981 5.932410
v 3.465553 2.300981 6.091719
v 4.293774 2.300981 6.091719
v 4.293774 2.300981 5.932410
v 4.221656 2.247411 5.934931
v 4.221656 1.301610 5.934931
v 4.293774 2.247411 5.934931
v 4.293774 1.301610 5.934931
v 4.293774 2.247411 6.089198
v 4.221656 2.247411 6.089198
v 4.221656 1.301610 6.089198
v 4.293774 1.301610 6.089198
v 3.465553 2.247411 5.934931
v 3.465553 1.301610 5.934931
v 3.537671 2.247411 5.934931
v 3.537671 1.301610 5.934931
v 3.537671 2.247411 6.089198
v 3.465553 2.247411 6.089198
v 3.465553 1.301610 6.089198
v 3.537671 1.301610 6.089198
v 3.537671 1.371600 6.037851
v 4.221656 1.371600 6.037851
v 3.537671 2.248013 6.037851
v 4.221656 2.248013 6.037851
v 3.582911 2.203618 6.037851
v 3.582911 1.415995 6.037851
v 4.176415 1.415995 6.037851
v 4.176415 2.203618 6.037851
v 3.537671 1.371600 5.966852
v 4.221656 1.371600 5.966852
v 3.537671 2.248013 5.966852
v 4.221656 2.248013 5.966852
v 3.582911 2.203618 5.966852
v 3.582911 1.415995 5.966852
v 4.176415 1.415995 5.966852
v 4.176415 2.203618 5.966852
v 3.537671 1.794691 6.025145
v 4.221656 1.794691 6.025145
v 3.537671 1.824922 6.025145
v 4.221656 1.824922 6.025145
v 3.537671 1.824922 6.047863
v 3.537671 1.794691 6.047863
v 4.221656 1.794691 6.047863
v 4.221656 1.824922 6.047863
v -3.637731 1.794691 5.955809
v -4.321717 1.794691 5.955809
v -3.637731 1.824922 5.955809
v -4.321717 1.824922 5.955809
v -3.637731 1.824922 5.979558
v -3.637731 1.794691 5.979558
v -4.321717 1.794691 5.979558
v -4.321717 1.824922 5.979558
v -3.637731 1.301610 6.082379
v -4.321717 1.301610 6.082379
v -3.637731 1.301610 5.937355
v -4.321717 1.301610 5.937355
v -3.637731 1.371600 5.937355
v -3.637731 1.371600 6.082379
v -4.321717 1.371600 6.082379
v -4.321717 1.371600 5.937355
v -3.565614 2.247412 6.093064
v -4.393834 2.247412 6.093064
v -3.565614 2.247412 5.931065
v -4.393834 2.247412 5.931065
v -3.565614 2.300981 5.931065
v -3.565614 2.300981 6.093064
v -4.393834 2.300981 6.093064
v -4.393834 2.300981 5.931065
v -4.321717 2.247411 5.934931
v -4.321717 1.301610 5.934931
v -4.393835 2.247411 5.934931
v -4.393835 1.301610 5.934931
v -4.393835 2.247411 6.089198
v -4.321717 2.247411 6.089198
v -4.321717 1.301610 6.089198
v -4.393835 1.301610 6.089198
v -3.565614 2.247411 5.934931
v -3.565614 1.301610 5.934931
v -3.637731 2.247411 5.934931
v -3.637731 1.301610 5.934931
v -3.637731 2.247411 6.089198
v -3.565614 2.247411 6.089198
v -3.565614 1.301610 6.089198
v -3.637731 1.301610 6.089198
v -3.637731 1.371600 6.037851
v -4.321717 1.371600 6.037851
v -3.637731 2.248013 6.037851
v -4.321717 2.248013 6.037851
v -3.682972 2.203618 6.037851
v -3.682972 1.415995 6.037851
v -4.276475 1.415995 6.037851
v -4.276475 2.203618 6.037851
v -3.637731 1.371600 5.966852
v -4.321717 1.371600 5.966852
v -3.637731 2.248013 5.966852
v -4.321717 2.248013 5.966852
v -3.682972 2.203618 5.966852
v -3.682972 1.415995 5.966852
v -4.276475 1.415995 5.966852
v -4.276475 2.203618 5.966852
v -3.637731 1.794691 6.025145
v -4.321717 1.794691 6.025145
v -3.637731 1.824922 6.025145
v -4.321717 1.824922 6.025145
v -3.637731 1.824922 6.047863
v -3.637731 1.794691 6.047863
v -4.321717 1.794691 6.047863
v -4.321717 1.824922 6.047863
v 2.962199 3.000265 6.203206
v 2.962199 2.797935 6.203206
v 2.962199 2.797935 6.072497
v 2.962199 3.000265 6.072497
v -3.062259 3.000265 6.203206
v -3.062259 2.797935 6.203206
v -3.062259 2.797935 6.072497
v -3.062259 3.000265 6.072497
v 2.992860 6.675968 6.203206
v 3.175378 6.555928 6.203206
v 3.175378 6.555928 6.072497
v 2.992860 6.675968 6.072497
v -3.092920 6.675968 6.203206
v -3.275439 6.555928 6.203206
v -3.275439 6.555928 6.072497
v -3.092920 6.675968 6.072497
v 1.649869 -0.007213 2.392626
v 1.942532 -0.007213 2.392626
v 1.649869 -0.007213 2.115382
v 1.942532 -0.007213 2.115382
v 1.649869 3.333995 2.115382
v 1.649869 3.333995 2.392626
v 1.942532 3.333995 2.392626
v 1.942532 3.333995 2.115382
v 1.649869 -0.007213 -1.149161
v 1.942532 -0.007213 -1.149161
v 1.649869 -0.007213 -1.426405
v 1.942532 -0.007213 -1.426405
v 1.649869 3.333995 -1.426405
v 1.649869 3.333995 -1.149161
v 1.942532 3.333995 -1.149161
v 1.942532 3.333995 -1.426405
v 1.649869 -0.007213 -4.690948
v 1.942532 -0.007213 -4.690948
v 1.649869 -0.007213 -4.968192
v 1.942532 -0.007213 -4.968192
v 1.649869 3.333995 -4.968192
v 1.649869 3.333995 -4.690948
v 1.942532 3.333995 -4.690948
v 1.942532 3.333995 -4.968192
v 5.344987 -0.007177 6.223718
v 5.546283 -0.007177 6.223718
v 5.344987 -0.007177 6.022422
v 5.546283 -0.007177 6.022422
v 5.344987 4.451815 6.022422
v 5.344987 4.451815 6.223718
v 5.546283 4.377387 6.223718
v 5.546283 4.377387 6.022422
v -5.445048 -0.007177 6.223718
v -5.646344 -0.007177 6.223718
v -5.445048 -0.007177 6.022422
v -5.646344 -0.007177 6.022422
v -5.445048 4.451815 6.022422
v -5.445048 4.451815 6.223718
v -5.646344 4.377388 6.223718
v -5.646344 4.377388 6.022422
v 5.344987 -0.007177 -6.997652
v 5.546283 -0.007177 -6.997652
v 5.344987 -0.007177 -7.198947
v 5.546283 -0.007177 -7.198947
v 5.344987 4.466416 -7.198947
v 5.344987 4.466416 -6.997652
v 5.546283 4.377387 -6.997652
v 5.546283 4.377387 -7.198947
v -5.445047 -0.007177 -6.997652
v -5.646343 -0.007177 -6.997652
v -5.445047 -0.007177 -7.198947
v -5.646343 -0.007177 -7.198947
v -5.445047 4.466416 -7.198947
v -5.445047 4.466416 -6.997652
v -5.646343 4.377387 -6.997652
v -5.646343 4.377387 -7.198947
v 5.517773 -0.007177 6.032560
v 5.517773 -0.007177 -6.999387
v 5.449970 0.327811 -6.999387
v 5.449970 0.327811 6.032560
v 5.517773 0.327811 6.032560
v 5.517773 0.327811 -6.999387
v 5.449970 -0.007177 -6.999387
v 5.449970 -0.007177 6.032560
v -5.617835 -0.007177 6.032560
v -5.617835 -0.007177 -6.999387
v -5.550032 0.327811 -6.999387
v -5.550032 0.327811 6.032560
v -5.617835 0.327811 6.032560
v -5.617835 0.327811 -6.999387
v -5.550032 -0.007177 -6.999387
v -5.550032 -0.007177 6.032560
v 5.448649 -0.007213 -4.473527
v 5.543115 -0.007213 -4.473527
v 5.448649 -0.007213 -4.629730
v 5.543115 -0.007213 -4.629730
v 5.448649 4.377986 -4.629730
v 5.448649 4.377986 -4.473527
v 5.543115 4.377986 -4.473527
v 5.543115 4.377986 -4.629730
v 5.448649 -0.007213 2.610048
v 5.543115 -0.007213 2.610048
v 5.448649 -0.007213 2.453845
v 5.543115 -0.007213 2.453845
v 5.448649 4.377986 2.453845
v 5.448649 4.377986 2.610048
v 5.543115 4.377986 2.610048
v 5.543115 4.377986 2.453845
v 5.448649 -0.007213 -0.931740
v 5.543115 -0.007213 -0.931740
v 5.448649 -0.007213 -1.087943
v 5.448649 4.377986 -1.087943
v 5.448649 4.377986 -0.931740
v 5.543115 -0.007213 -1.087943
v 5.543115 4.377986 -1.087943
v 5.543115 4.377986 -0.931740
v -0.137896 6.705306 7.182820
v -0.137896 6.848953 7.182820
v -0.137896 6.705306 6.072496
v -0.137896 6.848953 6.072496
v 0.037836 6.705306 7.182820
v 0.037836 6.848953 7.182820
v 0.037836 6.705306 6.072496
v 0.037836 6.848953 6.072496
v 3.409448 -0.019736 -5.738105
v 3.512118 -0.019736 -5.738105
v 3.409448 -0.000442 -5.826525
v 3.512118 -0.000442 -5.826525
v 3.409448 3.531420 -4.963188
v 3.512118 3.531420 -4.963188
v 3.409448 3.495299 -5.063700
v 3.512118 3.495299 -5.063700
v 2.786122 -0.019736 -5.738105
v 2.888792 -0.019736 -5.738105
v 2.786122 -0.000442 -5.826525
v 2.888792 -0.000442 -5.826525
v 2.786122 3.531420 -4.963188
v 2.888792 3.531420 -4.963188
v 2.786122 3.495299 -5.063700
v 2.888792 3.495299 -5.063700
v 2.888792 0.169086 -5.721009
v 2.888792 0.262142 -5.700702
v 2.888792 0.178337 -5.763404
v 2.888792 0.271393 -5.743098
v 3.435261 0.169086 -5.721009
v 3.435261 0.262142 -5.700702
v 3.435261 0.178337 -5.763404
v 3.435261 0.271393 -5.743098
v 2.888792 0.516185 -5.645266
v 2.888792 0.609241 -5.624960
v 2.888792 0.525436 -5.687662
v 2.888792 0.618492 -5.667356
v 3.435261 0.516185 -5.645266
v 3.435261 0.609241 -5.624960
v 3.435261 0.525436 -5.687662
v 3.435261 0.618492 -5.667356
v 2.888792 0.863284 -5.569524
v 2.888792 0.956340 -5.549218
v 2.888792 0.872535 -5.611919
v 2.888792 0.965591 -5.591613
v 3.435261 0.863284 -5.569524
v 3.435261 0.956340 -5.549218
v 3.435261 0.872535 -5.611919
v 3.435261 0.965591 -5.591613
v 2.888792 1.210383 -5.493782
v 2.888792 1.303439 -5.473475
v 2.888792 1.219634 -5.536177
v 2.888792 1.312690 -5.515871
v 3.435261 1.210383 -5.493782
v 3.435261 1.303439 -5.473475
v 3.435261 1.219634 -5.536177
v 3.435261 1.312690 -5.515871
v 2.888792 1.557482 -5.418039
v 2.888792 1.650538 -5.397733
v 2.888792 1.566733 -5.460435
v 2.888792 1.659789 -5.440129
v 3.435261 1.557482 -5.418039
v 3.435261 1.650538 -5.397733
v 3.435261 1.566733 -5.460435
v 3.435261 1.659789 -5.440129
v 2.888792 1.904581 -5.342297
v 2.888792 1.997637 -5.321990
v 2.888792 1.913832 -5.384693
v 2.888792 2.006888 -5.364386
v 3.435261 1.904581 -5.342297
v 3.435261 1.997637 -5.321990
v 3.435261 1.913832 -5.384693
v 3.435261 2.006888 -5.364386
v 2.888792 2.251680 -5.266554
v 2.888792 2.344736 -5.246248
v 2.888792 2.260931 -5.308950
v 2.888792 2.353987 -5.288644
v 3.435261 2.251680 -5.266554
v 3.435261 2.344736 -5.246248
v 3.435261 2.260931 -5.308950
v 3.435261 2.353987 -5.288644
v 2.888792 2.598779 -5.190812
v 2.888792 2.691835 -5.170506
v 2.888792 2.608030 -5.233208
v 2.888792 2.701086 -5.212902
v 3.435261 2.598779 -5.190812
v 3.435261 2.691835 -5.170506
v 3.435261 2.608030 -5.233208
v 3.435261 2.701086 -5.212902
v 2.888792 2.945878 -5.115070
v 2.888792 3.038934 -5.094763
v 2.888792 2.955129 -5.157465
v 2.888792 3.048185 -5.137159
v 3.435261 2.945878 -5.115070
v 3.435261 3.038934 -5.094763
v 3.435261 2.955129 -5.157465
v 3.435261 3.048185 -5.137159
v 2.888792 3.292977 -5.039327
v 2.888792 3.386033 -5.019021
v 2.888792 3.302228 -5.081723
v 2.888792 3.395284 -5.061417
v 3.435261 3.292977 -5.039327
v 3.435261 3.386033 -5.019021
v 3.435261 3.302228 -5.081723
v 3.435261 3.395284 -5.061417
v 5.432148 4.402968 6.203206
v 5.432148 4.200638 6.203206
v 5.432148 4.200638 6.072497
v 5.432148 4.402968 6.072497
v -5.532208 4.402968 6.203206
v -5.532208 4.200638 6.203206
v -5.532208 4.200638 6.072497
v -5.532208 4.402968 6.072497
v 1.864909 3.333995 5.957947
v 1.864909 3.048333 5.957947
v 1.729726 3.333995 5.957947
v 1.729726 3.048333 5.957947
v 1.729726 3.333995 -4.727793
v 1.864909 3.333995 -4.727793
v 1.864909 3.048333 -4.727793
v 1.729726 3.048333 -4.727793
v 1.649869 -0.007213 5.940799
v 1.942532 -0.007213 5.940799
v 1.649869 -0.007213 5.663555
v 1.942532 -0.007213 5.663555
v 1.649869 3.333995 5.663555
v 1.649869 3.333995 5.940799
v 1.942532 3.333995 5.940799
v 1.942532 3.333995 5.663555
v -1.764602 -0.007213 2.392626
v -2.057265 -0.007213 2.392626
v -1.764602 -0.007213 2.115382
v -2.057265 -0.007213 2.115382
v -1.764602 3.333995 2.115382
v -1.764602 3.333995 2.392626
v -2.057265 3.333995 2.392626
v -2.057265 3.333995 2.115382
v -1.764602 -0.007213 -1.149161
v -2.057265 -0.007213 -1.149161
v -1.764602 -0.007213 -1.426405
v -2.057265 -0.007213 -1.426405
v -1.764602 3.333995 -1.426405
v -1.764602 3.333995 -1.149161
v -2.057265 3.333995 -1.149161
v -2.057265 3.333995 -1.426405
v -1.764602 -0.007213 -4.690948
v -2.057265 -0.007213 -4.690948
v -1.764602 -0.007213 -4.968192
v -2.057265 -0.007213 -4.968192
v -1.764602 3.333995 -4.968192
v -1.764602 3.333995 -4.690948
v -2.057265 3.333995 -4.690948
v -2.057265 3.333995 -4.968192
v -1.764602 -0.007213 5.940799
v -2.057265 -0.007213 5.940799
v -1.764602 -0.007213 5.663555
v -2.057265 -0.007213 5.663555
v -1.764602 3.333995 5.663555
v -1.764602 3.333995 5.940799
v -2.057265 3.333995 5.940799
v -2.057265 3.333995 5.663555
v -1.843649 3.333995 5.957947
v -1.843649 3.048333 5.957947
v -1.978831 3.333995 5.957947
v -1.978831 3.048333 5.957947
v -1.978832 3.333995 -4.727793
v -1.843649 3.333995 -4.727793
v -1.843649 3.048333 -4.727793
v -1.978832 3.048333 -4.727793
v 1.663981 2.900621 5.806902
v 1.663981 2.752820 5.806902
v 1.663981 2.900621 6.072497
v 1.663981 2.752820 6.072497
v -1.813114 2.900620 6.072498
v -1.813114 2.900620 5.806903
v -1.813114 2.752820 5.806903
v -1.813114 2.752820 6.072498
v 1.663981 3.314759 -4.904855
v 1.663981 3.113296 -4.904855
v 1.663981 3.314759 -4.769673
v 1.663981 3.113296 -4.769673
v -1.813114 3.314759 -4.769672
v -1.813114 3.314759 -4.904854
v -1.813114 3.113295 -4.904854
v -1.813114 3.113295 -4.769672
v -0.050030 8.106062 6.422630
v 1.456674 7.488473 6.422630
v -0.050030 8.159435 6.422630
v 1.478555 7.541846 6.422630
v -0.050030 8.159435 1.720325
v 1.478555 7.541846 1.720325
v -0.050030 8.189473 1.720325
v -0.050030 8.189473 -7.450194
v 1.490695 7.571884 1.720325
v 1.490695 7.571884 -7.450194
v 1.478555 7.541846 -7.450194
v -0.050030 8.159435 -7.450194
v 1.456674 7.488473 -7.450194
v -0.050030 8.106062 -7.450194
v 1.456674 7.488473 1.720325
v 5.644712 4.353051 6.422630
v 5.644712 4.353051 -7.450194
v 6.186907 4.014725 6.422630
v 6.186907 4.014725 -7.450194
v 5.644712 4.353051 -1.442881
v 6.186907 4.014725 -1.442881
v 5.666594 4.406424 -1.442881
v 5.666594 4.406424 -7.450194
v 6.208788 4.068098 -1.442881
v 6.208788 4.068098 -7.450194
v 5.666594 4.406424 6.422630
v 6.208788 4.068098 6.422630
v 5.678733 4.436461 -1.442881
v 5.678733 4.436461 -7.450194
v 6.220928 4.098136 -1.442881
v 6.220928 4.098136 -7.450194
v 2.975152 6.864483 6.422552
v 1.465336 7.484809 6.422630
v 2.975152 6.864483 -0.513860
v 2.997034 6.917856 6.422552
v 1.487217 7.538182 6.422630
v 2.997034 6.917856 -0.513860
v 2.997034 6.917856 -7.450273
v 1.487217 7.538182 -0.513782
v 3.009173 6.947894 -0.513860
v 3.009173 6.947894 -7.450273
v 1.499357 7.568220 -0.513782
v 1.499357 7.568220 -7.450194
v 1.487217 7.538182 -7.450194
v 1.465336 7.484809 -7.450194
v 2.975152 6.864483 -7.450273
v 1.465336 7.484809 -0.513782
v 2.980702 6.863556 6.422630
v 4.302427 5.614060 6.422630
v 2.980702 6.863556 -3.097081
v 3.002583 6.916929 6.422630
v 4.324308 5.667433 6.422630
v 3.002583 6.916929 -3.097081
v 3.014723 6.946967 6.422630
v 4.336448 5.697471 6.422630
v 3.014723 6.946967 -3.097081
v 4.336448 5.697471 -3.097081
v 4.324308 5.667433 -3.097081
v 4.324308 5.667433 -7.450194
v 4.302427 5.614060 -3.097081
v 4.302427 5.614060 -7.450194
v 2.980702 6.863556 -7.450194
v 3.002583 6.916929 -7.450194
v 5.635186 4.359082 6.422630
v 4.312707 5.608303 6.422630
v 5.635186 4.359082 1.990824
v 5.657067 4.412455 6.422630
v 4.334589 5.661676 6.422630
v 5.657067 4.412455 1.990824
v 5.657067 4.412455 -7.450194
v 4.334589 5.661676 1.990824
v 5.669207 4.442492 1.990824
v 5.669207 4.442492 -7.450194
v 4.346728 5.691714 1.990824
v 4.346728 5.691714 -7.450194
v 4.334589 5.661676 -7.450194
v 4.312707 5.608303 -7.450194
v 5.635186 4.359082 -7.450194
v 4.312707 5.608303 1.990824
v 5.571319 4.225642 6.436556
v 5.571319 4.225642 -7.466691
v -0.050030 7.992787 6.436556
v -0.050030 7.992787 -7.466691
v 2.899919 6.741347 6.436556
v 2.899919 6.741347 -7.466691
v 5.644712 4.353050 6.436556
v 5.644712 4.353050 -7.466691
v -0.050030 8.106061 6.436556
v -0.050030 8.106061 -7.466691
v 2.980702 6.863555 6.436556
v 2.980702 6.863555 -7.466691
v 6.104954 3.893256 6.436556
v 6.104954 3.893256 -7.466691
v 6.186907 4.014725 6.436556
v 6.186907 4.014725 -7.466691
v -1.556734 7.488473 6.422630
v -1.578616 7.541846 6.422630
v -1.578616 7.541846 1.720325
v -1.590755 7.571884 1.720325
v -1.590755 7.571884 -7.450194
v -1.578616 7.541846 -7.450194
v -1.556734 7.488473 -7.450194
v -1.556734 7.488473 1.720325
v -5.744773 4.353051 6.422630
v -5.744773 4.353051 -7.450194
v -6.286968 4.014725 6.422630
v -6.286968 4.014725 -7.450194
v -5.744773 4.353051 -1.442881
v -6.286968 4.014725 -1.442881
v -5.766654 4.406424 -1.442881
v -5.766654 4.406424 -7.450194
v -6.308849 4.068098 -1.442881
v -6.308849 4.068098 -7.450194
v -5.766654 4.406424 6.422630
v -6.308849 4.068098 6.422630
v -5.778793 4.436461 -1.442881
v -5.778793 4.436461 -7.450194
v -6.320988 4.098136 -1.442881
v -6.320988 4.098136 -7.450194
v -3.075213 6.864483 6.422552
v -1.565396 7.484809 6.422630
v -3.075213 6.864483 -0.513860
v -3.097094 6.917856 6.422552
v -1.587277 7.538182 6.422630
v -3.097094 6.917856 -0.513860
v -3.097094 6.917856 -7.450273
v -1.587277 7.538182 -0.513782
v -3.109234 6.947894 -0.513860
v -3.109234 6.947894 -7.450273
v -1.599417 7.568220 -0.513782
v -1.599417 7.568220 -7.450194
v -1.587277 7.538182 -7.450194
v -1.565396 7.484809 -7.450194
v -3.075213 6.864483 -7.450273
v -1.565396 7.484809 -0.513782
v -3.080762 6.863556 6.422630
v -4.402488 5.614060 6.422630
v -3.080762 6.863556 -3.097081
v -3.102644 6.916929 6.422630
v -4.424369 5.667433 6.422630
v -3.102644 6.916929 -3.097081
v -3.114783 6.946967 6.422630
v -4.436508 5.697471 6.422630
v -3.114783 6.946967 -3.097081
v -4.436508 5.697471 -3.097081
v -4.424369 5.667433 -3.097081
v -4.424369 5.667433 -7.450194
v -4.402488 5.614060 -3.097081
v -4.402488 5.614060 -7.450194
v -3.080762 6.863556 -7.450194
v -3.102644 6.916929 -7.450194
v -5.735247 4.359082 6.422630
v -4.412768 5.608303 6.422630
v -5.735247 4.359082 1.990824
v -5.757128 4.412455 6.422630
v -4.434649 5.661676 6.422630
v -5.757128 4.412455 1.990824
v -5.757128 4.412455 -7.450194
v -4.434649 5.661676 1.990824
v -5.769267 4.442492 1.990824
v -5.769267 4.442492 -7.450194
v -4.446788 5.691714 1.990824
v -4.446788 5.691714 -7.450194
v -4.434649 5.661676 -7.450194
v -4.412768 5.608303 -7.450194
v -5.735247 4.359082 -7.450194
v -4.412768 5.608303 1.990824
v -5.671379 4.225642 6.436556
v -5.671379 4.225642 -7.466691
v -2.999979 6.741347 6.436556
v -2.999979 6.741347 -7.466691
v -5.744772 4.353050 6.436556
v -5.744772 4.353050 -7.466691
v -3.080762 6.863555 6.436556
v -3.080762 6.863555 -7.466691
v -6.205014 3.893256 6.436556
v -6.205014 3.893256 -7.466691
v -6.286967 4.014725 6.436556
v -6.286967 4.014725 -7.466691
v 5.326328 3.314759 -4.912139
v 5.326328 3.113296 -4.912139
v 5.326328 3.314759 -4.776957
v 5.326328 3.113296 -4.776957
v 1.849233 3.314759 -4.776956
v 1.849233 3.314759 -4.912138
v 1.849233 3.113295 -4.912138
v 1.849233 3.113295 -4.776956
v 5.326328 3.314759 -1.358497
v 5.326329 3.113296 -1.358497
v 5.326329 3.314759 -1.223315
v 5.326329 3.113296 -1.223315
v 1.849233 3.314759 -1.223314
v 1.849233 3.314759 -1.358496
v 1.849233 3.113295 -1.358496
v 1.849233 3.113295 -1.223314
v 5.326329 3.314759 2.188898
v 5.326329 3.113296 2.188898
v 5.326329 3.314759 2.324081
v 5.326329 3.113296 2.324081
v 1.849234 3.314759 2.324081
v 1.849234 3.314759 2.188899
v 1.849234 3.113295 2.188899
v 1.849234 3.113295 2.324081
v 5.326329 3.314759 5.739062
v 5.326329 3.113296 5.739062
v 5.326329 3.314759 5.874243
v 5.326329 3.113296 5.874243
v 1.849234 3.314759 5.874245
v 1.849234 3.314759 5.739062
v 1.849234 3.113295 5.739062
v 1.849234 3.113295 5.874245
v -0.604525 4.932046 6.085250
v 0.507012 4.932046 6.085250
v -0.604525 4.932046 5.925213
v 0.507012 4.932046 5.925213
v -0.604525 4.973775 5.925213
v -0.604525 4.973775 6.085250
v 0.507012 4.973775 6.085250
v 0.507012 4.973775 5.925213
v -0.647365 6.541607 6.089739
v -0.647365 4.932046 6.089739
v -0.647365 6.541607 5.920723
v -0.647365 4.932046 5.920723
v -0.604524 6.541607 5.920723
v -0.604524 6.541607 6.089739
v -0.604525 4.932046 6.089739
v -0.604525 4.932046 5.920723
v 0.507011 6.541607 6.089739
v 0.507011 4.932046 6.089739
v 0.507011 6.541607 5.920723
v 0.507011 4.932046 5.920723
v 0.549852 6.541607 5.920723
v 0.549852 6.541607 6.089739
v 0.549852 4.932046 6.089739
v 0.549852 4.932046 5.920723
v -0.604525 6.499878 6.085250
v 0.507012 6.499878 6.085250
v -0.604525 6.499878 5.925213
v 0.507012 6.499878 5.925213
v -0.604525 6.541607 5.925213
v -0.604525 6.541607 6.085250
v 0.507012 6.541607 6.085250
v 0.507012 6.541607 5.925213
v 2.926210 6.746264 -0.617988
v 3.035741 6.621660 -0.617988
v 2.926210 6.746264 -0.417549
v 3.035741 6.621660 -0.417549
v -3.129859 6.746263 -0.417547
v -3.129859 6.746263 -0.617986
v -3.200406 6.621660 -0.617986
v -3.200406 6.621660 -0.417547
v 2.964822 6.746264 -5.860920
v 3.031929 6.621660 -5.860920
v 2.964822 6.746264 -5.660481
v 3.031929 6.621660 -5.660481
v -3.105155 6.746263 -5.660480
v -3.105155 6.746263 -5.860919
v -3.158989 6.621660 -5.860919
v -3.158989 6.621660 -5.660480
v 2.911008 6.746264 -3.257533
v 3.060967 6.621660 -3.257533
v 2.911008 6.746264 -3.057094
v 3.060967 6.621660 -3.057094
v -3.046813 6.746263 -3.057093
v -3.046813 6.746263 -3.257532
v -3.193840 6.621660 -3.257532
v -3.193840 6.621660 -3.057093
v 2.951930 6.746264 1.804609
v 3.038967 6.621660 1.804609
v 2.951930 6.746264 2.005048
v 3.038967 6.621660 2.005048
v -3.044761 6.746263 2.005049
v -3.044761 6.746263 1.804610
v -3.154688 6.621660 1.804610
v -3.154688 6.621660 2.005049
v 2.950332 6.746264 5.058843
v 3.035332 6.621660 5.058843
v 2.950332 6.746264 5.259282
v 3.035332 6.621660 5.259282
v -3.082670 6.746263 5.259284
v -3.082670 6.746263 5.058844
v -3.211143 6.621660 5.058844
v -3.211143 6.621660 5.259284
v -5.417586 3.419255 5.952793
v 5.317525 3.419255 5.952793
v -5.417586 3.419255 -4.986955
v 5.317525 3.419255 -4.986955
v -4.528077 3.332752 5.952793
v -4.528077 3.332752 2.311294
v -4.517909 3.332752 1.483794
v -4.517909 3.332752 5.952793
v 4.417848 3.332752 -0.537897
v 4.417848 3.332752 -4.986955
v 4.428016 3.332752 -4.986955
v 4.428016 3.332752 0.219415
v 3.523256 3.332752 -1.345457
v 3.523256 3.332752 -4.986955
v 3.533424 3.332752 -4.986955
v 3.533424 3.332752 -0.537897
v 2.628663 3.332752 -0.537897
v 2.628663 3.332752 -4.986955
v 2.638831 3.332752 -4.986955
v 2.638831 3.332752 -1.345457
v 1.734071 3.332752 -2.491992
v 1.734071 3.332752 -4.986955
v 1.744239 3.332752 -4.986955
v 1.744239 3.332752 -0.537897
v 0.839478 3.332752 -1.345457
v 0.839478 3.332752 -4.986955
v 0.849646 3.332752 -4.986955
v 0.849646 3.332752 -2.491992
v -0.055114 3.332752 -4.986955
v -0.044946 3.332752 -4.986955
v -0.044946 3.332752 -1.345457
v -0.949707 3.332752 -1.345457
v -0.949707 3.332752 -4.986955
v -0.939539 3.332752 -4.986955
v -1.844299 3.332752 -1.656545
v -1.844299 3.332752 -4.986955
v -1.834131 3.332752 -4.986955
v -1.834131 3.332752 -1.345457
v -2.738892 3.332752 -0.472003
v -2.738892 3.332752 -4.986955
v -2.728724 3.332752 -4.986955
v -2.728724 3.332752 -1.656545
v -3.633485 3.332752 -2.408910
v -3.633485 3.332752 -4.986955
v -3.623317 3.332752 -4.986955
v -3.623317 3.332752 -0.472003
v -4.528077 3.332752 -0.963278
v -4.528077 3.332752 -4.986955
v -4.517909 3.332752 -4.986955
v -4.517909 3.332752 -2.408910
v -4.528077 3.419255 5.952793
v -3.623316 3.419255 5.952793
v -3.633484 3.419255 5.952793
v -2.728724 3.419255 5.952793
v -2.738892 3.419255 5.952793
v -1.834131 3.419255 5.952793
v -1.844299 3.419255 5.952793
v -0.939538 3.419255 5.952793
v -0.949707 3.419255 5.952793
v -0.044946 3.419255 5.952793
v -0.055114 3.419255 5.952793
v 0.849647 3.419255 5.952793
v 0.839478 3.419255 5.952793
v 1.744239 3.419255 5.952793
v 2.638832 3.419255 5.952793
v 2.628663 3.419255 5.952793
v 3.533424 3.419255 5.952793
v 3.523256 3.419255 5.952793
v 4.428017 3.419255 5.952793
v 4.417849 3.419255 5.952793
v 4.417848 3.419255 -4.986955
v 4.428016 3.419255 -4.986955
v 3.533424 3.419255 -4.986955
v 2.628663 3.419255 -4.986955
v 2.638831 3.419255 -4.986955
v 1.734071 3.419255 -4.986955
v 1.744239 3.419255 -4.986955
v 0.839478 3.419255 -4.986955
v 0.849646 3.419255 -4.986955
v -0.044946 3.419255 -4.986955
v -0.939539 3.419255 -4.986955
v -1.844299 3.419255 -4.986955
v -1.834131 3.419255 -4.986955
v -2.738892 3.419255 -4.986955
v -2.728724 3.419255 -4.986955
v -3.633485 3.419255 -4.986955
v -3.623317 3.419255 -4.986955
v -4.528077 3.419255 -4.986955
v -4.517909 3.419255 -4.986955
v -5.417586 3.419255 -0.953110
v -5.417586 3.419255 -0.963278
v -5.417586 3.419255 2.311294
v -5.417586 3.419255 2.301126
v 5.317525 3.419255 2.301126
v 5.317525 3.419255 2.311294
v 5.317525 3.419255 0.219415
v 5.317525 3.419255 0.229583
v -4.528077 3.419255 2.311294
v -4.517909 3.419255 1.473626
v -4.528077 3.419255 2.301126
v -4.528077 3.419255 -0.963278
v -4.528077 3.419255 -0.953110
v -4.517909 3.419255 -2.398742
v -4.517909 3.419255 -2.408910
v -3.623316 3.419255 3.467800
v -3.623316 3.419255 3.457632
v -3.633484 3.419255 1.473626
v -3.633485 3.419255 -2.408910
v -3.633485 3.419255 -2.398742
v -3.623317 3.419255 -0.472003
v -2.738892 3.419255 3.467800
v -2.728724 3.419255 2.311294
v -2.728724 3.419255 2.301126
v -2.738892 3.419255 -0.472003
v -2.728724 3.419255 -1.646377
v -2.728724 3.419255 -1.656545
v -1.844299 3.419255 2.311294
v -1.834131 3.419255 2.809590
v -1.844299 3.419255 2.301126
v -1.844299 3.419255 -1.656545
v -1.844299 3.419255 -1.646377
v -1.834131 3.419255 -1.335289
v -0.939539 3.419255 2.311294
v -0.939539 3.419255 2.301126
v -0.949707 3.419255 2.809590
v -0.949707 3.419255 -1.335289
v -0.939539 3.419255 -0.527729
v -0.939539 3.419255 -0.537897
v -0.055114 3.419255 2.311294
v -0.044946 3.419255 3.148764
v -0.055114 3.419255 2.301126
v -0.055114 3.419255 -0.527729
v 0.839478 3.419255 3.148764
v 0.849647 3.419255 2.311294
v 0.849647 3.419255 2.301126
v 0.849646 3.419255 -2.481824
v 0.849646 3.419255 -2.491992
v 1.744239 3.419255 1.972318
v 1.744239 3.419255 1.962150
v 1.734071 3.419255 2.301126
v 1.734071 3.419255 -2.491992
v 1.734071 3.419255 -2.481824
v 1.744239 3.419255 -0.527729
v 1.744239 3.419255 -0.537897
v 2.628663 3.419255 1.972318
v 2.638832 3.419255 2.919456
v 2.638832 3.419255 2.909288
v 2.628663 3.419255 -0.537897
v 2.638831 3.419255 -1.345457
v 3.523256 3.419255 2.919456
v 3.533424 3.419255 1.483794
v 3.533424 3.419255 1.473626
v 3.533424 3.419255 -0.527729
v 3.533424 3.419255 -0.537897
v 4.428017 3.419255 2.311294
v 4.428017 3.419255 2.301126
v 4.417849 3.419255 1.473626
v 4.417849 3.419255 1.483794
v 4.428016 3.419255 0.219415
v 4.417848 3.419255 -0.537897
v 4.417848 3.419255 -0.527729
v 4.428016 3.419255 0.229583
v -4.517909 3.332752 1.473626
v -4.517909 3.332752 -2.398742
v -4.528077 3.332752 -0.953110
v -4.528077 3.332752 2.301126
v -3.623316 3.332752 5.952793
v -3.623316 3.332752 3.467800
v -3.633484 3.332752 1.483794
v -3.633484 3.332752 5.952793
v -3.623316 3.332752 3.457632
v -3.633485 3.332752 -2.398742
v -3.633484 3.332752 1.473626
v -2.728724 3.332752 5.952793
v -2.728724 3.332752 2.311294
v -2.738892 3.332752 3.467800
v -2.738892 3.332752 5.952793
v -2.728724 3.332752 2.301126
v -2.728724 3.332752 -1.646377
v -2.738892 3.332752 3.457632
v -1.834131 3.332752 5.952793
v -1.834131 3.332752 2.819758
v -1.844299 3.332752 2.311294
v -1.844299 3.332752 5.952793
v -1.834131 3.332752 2.809590
v -1.844299 3.332752 -1.646377
v -1.844299 3.332752 2.301126
v -0.949707 3.332752 2.819758
v -0.949707 3.332752 5.952793
v -0.949707 3.332752 2.809590
v -0.044946 3.332752 5.952793
v -0.055114 3.332752 2.311294
v -0.055114 3.332752 5.952793
v -0.044946 3.332752 3.138596
v -0.044946 3.332752 -1.335289
v -0.055114 3.332752 -0.527729
v -0.055114 3.332752 2.301126
v 0.849647 3.332752 5.952793
v 0.849647 3.332752 2.311294
v 0.839478 3.332752 5.952793
v 0.849647 3.332752 2.301126
v 0.849646 3.332752 -2.481824
v 0.839478 3.332752 -1.335289
v 0.839478 3.332752 3.138596
v 1.744239 3.332752 5.952793
v 1.744239 3.332752 1.972318
v 1.734071 3.332752 2.311294
v 1.734071 3.332752 5.952793
v 1.744239 3.332752 1.962150
v 1.744239 3.332752 -0.527729
v 1.734071 3.332752 -2.481824
v 1.734071 3.332752 2.301126
v 2.638832 3.332752 5.952793
v 2.638832 3.332752 2.919456
v 2.628663 3.332752 1.972318
v 2.628663 3.332752 5.952793
v 2.638832 3.332752 2.909288
v 2.638831 3.332752 -1.335289
v 2.628663 3.332752 -0.527729
v 2.628663 3.332752 1.962150
v 3.533424 3.332752 5.952793
v 3.533424 3.332752 1.483794
v 3.523256 3.332752 2.919456
v 3.523256 3.332752 5.952793
v 3.533424 3.332752 1.473626
v 3.533424 3.332752 -0.527729
v 3.523256 3.332752 -1.335289
v 3.523256 3.332752 2.909288
v 4.428017 3.332752 5.952793
v 4.428017 3.332752 2.311294
v 4.417849 3.332752 1.483794
v 4.417849 3.332752 5.952793
v 4.428017 3.332752 2.301126
v 4.428016 3.332752 0.229583
v 4.417848 3.332752 -0.527729
v 4.417849 3.332752 1.473626
v -5.417586 3.332752 2.301126
v -5.417586 3.332752 2.311294
v -5.417586 3.332752 -0.963278
v -5.417586 3.332752 -0.953110
v 5.317525 3.332752 2.301126
v 5.317525 3.332752 2.311294
v 5.317525 3.332752 0.219415
v 5.317525 3.332752 0.229583
v -5.417586 3.332752 5.952793
v 5.317525 3.332752 5.952793
v 5.317525 3.332752 -4.986955
v -5.417586 3.332752 -4.986955
v -4.493753 3.419255 5.952793
v -4.517909 3.395099 5.952793
v 1.734071 3.395099 5.952793
v 1.709915 3.419255 5.952793
v 3.499099 3.419255 -4.986955
v 3.523256 3.395099 -4.986955
v -0.079271 3.419255 -4.986955
v -0.055114 3.395099 -4.986955
v -0.973863 3.419255 -4.986955
v -0.949707 3.395099 -4.986955
v -4.517909 3.395099 1.483794
v -2.738892 3.395099 3.457632
v -2.763048 3.419255 3.457632
v -2.738892 3.395099 -0.461834
v -0.949707 3.395099 -1.345457
v -0.044946 3.395099 3.138596
v -0.055114 3.395099 -0.537897
v -0.079271 3.419255 -0.537897
v -0.044946 3.395099 -1.335289
v -0.020790 3.419255 -1.335289
v 0.839478 3.395099 3.138596
v 0.815322 3.419255 -1.335289
v 0.839478 3.395099 -1.335289
v 1.709914 3.419255 2.311294
v 1.734071 3.395099 2.311294
v 2.628663 3.395099 1.962150
v 2.604507 3.419255 1.962150
v 2.604507 3.419255 -0.527729
v 2.628663 3.395099 -0.527729
v 3.523256 3.395099 2.909288
v 3.499100 3.419255 2.909288
v 3.523256 3.395099 -1.345457
v 3.499100 3.419255 -1.345457
v 3.523256 3.395099 -1.335289
v -3.633484 3.399558 1.483794
v -3.633484 3.419255 1.503492
v -3.623317 3.419255 -0.442137
v -3.623317 3.399558 -0.461834
v -1.834131 3.419255 2.839456
v -1.834131 3.399558 2.819758
v -1.834131 3.399558 -1.345457
v -1.834131 3.419255 -1.365154
v -0.949707 3.399558 2.819758
v -0.949707 3.419255 2.839456
v -0.044946 3.399558 -1.345457
v -0.044946 3.419255 -1.365154
v 0.839478 3.419255 -1.365154
v 0.839478 3.399558 -1.345457
v 2.638831 3.419255 -1.315591
v 2.638831 3.399558 -1.335289
v -4.493753 3.419255 1.503492
v -4.513450 3.399558 1.483794
v -2.743351 3.399558 -0.461834
v -2.763048 3.419255 -0.442137
v -0.973863 3.419255 -1.365154
v -0.954166 3.399558 -1.345457
v -0.040487 3.399558 3.138596
v -0.020790 3.419255 3.118898
v 0.815322 3.419255 3.118898
v 0.835020 3.399558 3.138596
v 3.518797 3.399558 -1.335289
v 3.499100 3.419255 -1.315591
v -0.055114 3.341589 -0.537897
v -0.055114 3.332752 -0.546733
v -0.939539 3.332752 -0.546733
v -0.939539 3.341589 -0.537897
v -3.623317 3.341589 -0.461834
v -3.623317 3.332752 -0.452998
v -2.738892 3.332752 -0.452998
v -2.738892 3.341589 -0.461834
v -1.834131 3.341589 -1.335289
v -1.834131 3.332752 -1.326452
v -0.939538 3.341589 5.952793
v -0.930702 3.332752 5.952793
v -0.930702 3.332752 2.311294
v -0.939539 3.341589 2.311294
v -0.939539 3.341589 2.301126
v -0.930702 3.332752 2.301126
v -0.930702 3.332752 -0.527729
v -0.939539 3.341589 -0.527729
v -0.949707 3.332752 -1.326452
v -0.949707 3.341589 -1.335289
v -0.044946 3.341589 3.148764
v -0.044946 3.332752 3.157600
v 0.839478 3.332752 3.157600
v 0.839478 3.341589 3.148764
v -4.031229 4.259630 5.892790
v -4.031229 4.259630 4.622249
v -0.518727 4.217763 4.622249
v -0.518727 4.217763 5.892790
v -0.962899 4.217763 5.892790
v -0.962899 4.217763 4.622249
v -0.957449 4.217763 4.622249
v -0.957449 4.217763 5.892790
v -1.401621 4.217763 5.892790
v -1.401621 4.217763 4.622249
v -1.396171 4.217763 4.622249
v -1.396171 4.217763 5.892790
v -1.840343 4.217763 5.892790
v -1.840343 4.217763 4.622249
v -1.834893 4.217763 4.622249
v -1.834893 4.217763 5.892790
v -2.279066 4.217763 5.892790
v -2.279065 4.217763 4.622249
v -2.273615 4.217763 4.622249
v -2.273615 4.217763 5.892790
v -2.717788 4.217763 5.892790
v -2.717787 4.217763 4.622249
v -2.712337 4.217763 4.622249
v -2.712337 4.217763 5.892790
v -3.156510 4.217763 5.892790
v -3.156509 4.217763 4.622249
v -3.151059 4.217763 4.622249
v -3.151060 4.217763 5.892790
v -3.595232 4.217763 5.892790
v -3.595232 4.217763 4.622249
v -3.589781 4.217763 4.622249
v -3.589781 4.217763 5.892790
v -4.031229 4.217763 5.892790
v -4.031229 4.217763 4.622249
v -3.589781 4.259630 5.892790
v -3.595232 4.259630 5.892790
v -3.156510 4.259630 5.892790
v -2.712337 4.259630 5.892790
v -2.273615 4.259630 5.892790
v -2.279066 4.259630 5.892790
v -1.840343 4.259630 5.892790
v -1.396171 4.259630 5.892790
v -1.401621 4.259630 5.892790
v -0.957449 4.259630 5.892790
v -0.962899 4.259630 5.892790
v -0.518727 4.259630 5.892790
v -0.080005 4.259630 5.892790
v -0.085455 4.259630 5.892790
v 0.358717 4.259630 5.892790
v 0.353267 4.259630 5.892790
v 1.236162 4.259630 5.892790
v 1.669433 4.259630 5.892790
v 1.669433 4.259630 4.622249
v 1.236162 4.259630 4.622249
v 0.353267 4.259630 4.622249
v 0.358718 4.259630 4.622249
v -0.085455 4.259630 4.622249
v -0.080005 4.259630 4.622249
v -0.518727 4.259630 4.622249
v -0.962899 4.259630 4.622249
v -0.957449 4.259630 4.622249
v -1.401621 4.259630 4.622249
v -1.396171 4.259630 4.622249
v -1.840343 4.259630 4.622249
v -2.279065 4.259630 4.622249
v -2.273615 4.259630 4.622249
v -2.712337 4.259630 4.622249
v -3.156509 4.259630 4.622249
v -3.595232 4.259630 4.622249
v -3.589781 4.259630 4.622249
v -0.524177 4.217763 4.622249
v -0.524177 4.217763 5.892790
v -0.080005 4.217763 5.892790
v -0.080005 4.217763 4.622249
v -0.085455 4.217763 4.622249
v -0.085455 4.217763 5.892790
v 0.358717 4.217763 5.892790
v 0.358718 4.217763 4.622249
v 0.353267 4.217763 4.622249
v 0.353267 4.217763 5.892790
v 0.797439 4.217763 5.892790
v 0.797440 4.217763 4.622249
v 0.791989 4.217763 4.622249
v 0.791989 4.217763 5.892790
v 1.236162 4.217763 5.892790
v 1.236162 4.217763 4.622249
v 1.230711 4.217763 4.622249
v 1.230711 4.217763 5.892790
v 1.669433 4.217763 4.622249
v 1.669433 4.217763 5.892790
v -3.138250 4.259630 5.892790
v -3.151060 4.246820 5.892790
v -2.717788 4.246820 5.892790
v -2.730597 4.259630 5.892790
v -1.822084 4.259630 5.892790
v -1.834893 4.246820 5.892790
v -0.524177 4.246820 5.892790
v -0.536986 4.259630 5.892790
v 0.810249 4.259630 5.892790
v 0.797439 4.246820 5.892790
v 0.791989 4.246820 5.892790
v 0.779180 4.259630 5.892790
v 1.230711 4.246820 5.892790
v 1.217902 4.259630 5.892790
v 1.217902 4.259630 4.622249
v 1.230711 4.246820 4.622249
v 0.779180 4.259630 4.622249
v 0.791989 4.246820 4.622249
v 0.797440 4.246820 4.622249
v 0.810249 4.259630 4.622249
v -0.536986 4.259630 4.622249
v -0.524177 4.246820 4.622249
v -1.834893 4.246820 4.622249
v -1.822084 4.259630 4.622249
v -2.730597 4.259630 4.622249
v -2.717787 4.246820 4.622249
v -3.151059 4.246820 4.622249
v -3.138250 4.259630 4.622249
v -3.923053 3.439299 3.389997
v -3.923053 4.283122 4.609340
v -3.291561 4.283122 4.609340
v -3.291561 3.439299 3.389997
v -3.923053 3.560259 3.564787
v -3.923053 3.559431 3.563590
v -3.923053 3.680805 3.738979
v -3.923053 3.800523 3.911974
v -3.923053 3.921898 4.087363
v -3.923053 4.042444 4.261555
v -3.923053 4.041615 4.260357
v -3.923053 4.162990 4.435747
v -3.291561 4.162990 4.435747
v -3.291561 4.041615 4.260357
v -3.291561 4.042444 4.261555
v -3.291561 3.921898 4.087363
v -3.291561 3.800523 3.911974
v -3.291561 3.680805 3.738979
v -3.291561 3.559430 3.563590
v -3.291561 3.560259 3.564787
v -3.923053 4.263165 4.623151
v -3.291561 4.263165 4.623151
v -3.291561 3.419342 3.403807
v -3.923053 3.419342 3.403807
v -3.291561 4.142205 4.448360
v -3.923053 4.142205 4.448360
v -3.923053 4.143033 4.449557
v -3.291561 4.143033 4.449557
v -3.291561 4.021658 4.274168
v -3.923053 4.021658 4.274168
v -3.923053 4.022487 4.275365
v -3.291561 4.022487 4.275365
v -3.291561 3.901112 4.099976
v -3.923053 3.901112 4.099976
v -3.923053 3.901941 4.101174
v -3.291561 3.901941 4.101174
v -3.291561 3.780566 3.925784
v -3.923053 3.780566 3.925784
v -3.923053 3.781395 3.926982
v -3.291561 3.781395 3.926982
v -3.291561 3.660020 3.751592
v -3.923053 3.660020 3.751592
v -3.923053 3.660849 3.752790
v -3.291561 3.660848 3.752790
v -3.291561 3.539474 3.577401
v -3.923053 3.539474 3.577401
v -3.923053 3.540302 3.578598
v -3.291561 3.540302 3.578598
v -3.923053 3.674494 3.741576
v -3.923053 3.676182 3.732299
v -3.923053 3.805146 3.918654
v -3.923053 3.795868 3.916965
v -3.923053 3.915586 4.089960
v -3.923053 3.917274 4.080683
v -3.923053 4.156678 4.438344
v -3.923053 4.158367 4.429066
v -3.291561 4.158367 4.429066
v -3.291561 4.156678 4.438344
v -3.291561 3.917274 4.080683
v -3.291561 3.915586 4.089960
v -3.291561 3.795868 3.916965
v -3.291561 3.805146 3.918654
v -3.291561 3.676182 3.732299
v -3.291561 3.674494 3.741576
v 1.576364 3.419255 4.709205
v 1.677819 3.419255 4.709205
v 1.576364 3.419255 4.607749
v 1.677819 3.419255 4.607749
v 1.576364 4.322732 4.607749
v 1.576364 4.322732 4.709205
v 1.677819 4.322732 4.709205
v 1.677819 4.322732 4.607749
v -3.935643 3.419255 4.709205
v -4.037099 3.419255 4.709205
v -3.935643 3.419255 4.607749
v -4.037099 3.419255 4.607749
v -3.935643 4.322732 4.607749
v -3.935643 4.322732 4.709205
v -4.037099 4.322732 4.709205
v -4.037099 4.322732 4.607749
v 1.576364 3.419255 5.805833
v 1.677819 3.419255 5.805833
v 1.576364 3.419255 5.907289
v 1.677819 3.419255 5.907289
v 1.576364 4.322732 5.907289
v 1.576364 4.322732 5.805833
v 1.677819 4.322732 5.805833
v 1.677819 4.322732 5.907289
v -3.935643 3.419255 5.805833
v -4.037099 3.419255 5.805833
v -3.935643 3.419255 5.907289
v -4.037099 3.419255 5.907289
v -3.935643 4.322732 5.907289
v -3.935643 4.322732 5.805833
v -4.037099 4.322732 5.805833
v -4.037099 4.322732 5.907289
v -1.230641 3.419255 4.709205
v -1.129186 3.419255 4.709205
v -1.230641 3.419255 4.607749
v -1.129186 3.419255 4.607749
v -1.230641 4.322732 4.607749
v -1.230641 4.322732 4.709205
v -1.129186 4.322732 4.709205
v -1.129186 4.322732 4.607749
v -1.230641 3.419255 5.805833
v -1.129186 3.419255 5.805833
v -1.230641 3.419255 5.907289
v -1.129186 3.419255 5.907289
v -1.230641 4.322732 5.907289
v -1.230641 4.322732 5.805833
v -1.129186 4.322732 5.805833
v -1.129186 4.322732 5.907289
v -3.277732 3.419255 4.709205
v -3.176277 3.419255 4.709205
v -3.277732 3.419255 4.607749
v -3.176277 3.419255 4.607749
v -3.277732 4.322732 4.607749
v -3.277732 4.322732 4.709205
v -3.176277 4.322732 4.709205
v -3.176277 4.322732 4.607749
v -3.277732 3.419255 5.805833
v -3.176277 3.419255 5.805833
v -3.277732 3.419255 5.907289
v -3.176277 3.419255 5.907289
v -3.277732 4.322732 5.907289
v -3.277732 4.322732 5.805833
v -3.176277 4.322732 5.805833
v -3.176277 4.322732 5.907289
v -1.132263 3.986823 4.685780
v -1.132263 3.885367 4.685780
v -1.132263 3.986823 4.631175
v -1.132263 3.885367 4.631175
v 1.670796 3.986823 4.631175
v 1.670796 3.986823 4.685780
v 1.670796 3.885367 4.685780
v 1.670796 3.885367 4.631175
v -1.132263 3.986823 5.829258
v -1.132263 3.885367 5.829258
v -1.132263 3.986823 5.883864
v -1.132263 3.885367 5.883864
v 1.670796 3.986823 5.883864
v 1.670796 3.986823 5.829258
v 1.670796 3.885367 5.829258
v 1.670796 3.885367 5.883864
v -3.212580 3.986823 4.685780
v -3.212580 3.885367 4.685780
v -3.212580 3.986823 4.631175
v -3.212580 3.885367 4.631175
v -1.179776 3.986823 4.631175
v -1.179776 3.986823 4.685780
v -1.179776 3.885367 4.685780
v -1.179776 3.885367 4.631175
v -3.212580 3.986823 5.829258
v -3.212580 3.885367 5.829258
v -3.212580 3.986823 5.883864
v -3.212580 3.885367 5.883864
v -1.179776 3.986823 5.883864
v -1.179776 3.986823 5.829258
v -1.179776 3.885367 5.829258
v -1.179776 3.885367 5.883864
v 1.649994 4.116324 5.852731
v 1.649994 4.014869 5.852731
v 1.595388 4.116324 5.852731
v 1.595388 4.014869 5.852731
v 1.595388 4.116324 4.628974
v 1.649994 4.116324 4.628974
v 1.649994 4.014868 4.628974
v 1.595388 4.014868 4.628974
v -4.009274 4.116324 5.852731
v -4.009274 4.014869 5.852731
v -3.954668 4.116324 5.852731
v -3.954668 4.014869 5.852731
v -3.954667 4.116324 4.628974
v -4.009273 4.116324 4.628974
v -4.009273 4.014868 4.628974
v -3.954668 4.014868 4.628974
v -3.984958 4.217763 5.090555
v -3.984958 4.116308 5.090555
v -3.984958 4.217763 4.895167
v -3.984958 4.116308 4.895167
v 1.624525 4.217763 4.895167
v 1.624525 4.217763 5.090555
v 1.624525 4.116308 5.090555
v 1.624525 4.116308 4.895167
v -3.984957 4.217763 5.424483
v -3.984957 4.116308 5.424483
v -3.984957 4.217763 5.619871
v -3.984957 4.116308 5.619871
v 1.624525 4.217763 5.619871
v 1.624525 4.217763 5.424483
v 1.624525 4.116308 5.424483
v 1.624525 4.116308 5.619871
v -0.143665 7.822279 5.943187
v -0.143665 8.009550 5.943187
v -0.143665 7.822279 -6.973426
v -0.143665 8.009550 -6.973426
v 0.043605 7.822279 5.943187
v 0.043605 8.009550 5.943187
v 0.043605 7.822279 -6.973426
v 0.043605 8.009550 -6.973426
v 2.845046 6.606647 5.942342
v 2.845046 6.793917 5.942342
v 2.845046 6.606647 -6.972582
v 2.845046 6.793917 -6.972582
v 3.032317 6.606647 5.942342
v 3.032317 6.793917 5.942342
v 3.032317 6.606647 -6.972582
v 3.032317 6.793917 -6.972582
v -2.945107 6.606647 5.942342
v -2.945107 6.793917 5.942342
v -2.945107 6.606647 -6.972582
v -2.945107 6.793917 -6.972582
v -3.132377 6.606647 5.942342
v -3.132377 6.793917 5.942342
v -3.132377 6.606647 -6.972582
v -3.132377 6.793917 -6.972582
v 5.204030 4.377608 5.946115
v 5.204030 4.564878 5.946115
v 5.204030 4.377608 -6.976356
v 5.204030 4.564878 -6.976356
v 5.328269 4.377608 5.946115
v 5.328269 4.377608 -6.976356
v 5.328269 4.564878 5.946115
v 5.328269 4.564878 -6.976356
v -5.304090 4.377608 5.946115
v -5.304090 4.564878 5.946115
v -5.304090 4.377608 -6.976356
v -5.304090 4.564878 -6.976356
v -5.428329 4.377608 5.946115
v -5.428329 4.377608 -6.976356
v -5.428329 4.564878 5.946115
v -5.428329 4.564878 -6.976356
v -0.136938 3.419255 -0.392737
v -0.136938 7.822279 -0.392737
v -0.136938 3.419255 -0.637502
v -0.136938 7.822279 -0.637502
v 0.036878 3.419255 -0.392737
v 0.036878 7.822279 -0.392737
v 0.036878 3.419255 -0.637502
v 0.036878 7.822279 -0.637502
v -0.128701 6.000331 -0.450289
v -0.646294 6.642990 -0.450289
v -0.128701 6.000331 -0.585246
v -0.646294 6.642990 -0.585246
v -0.127738 6.090970 -0.450289
v -0.570292 6.642990 -0.450289
v -0.127738 6.090970 -0.585246
v -0.570292 6.642990 -0.585246
v 0.033354 6.000331 -0.450289
v 0.550946 6.642990 -0.450289
v 0.033354 6.000332 -0.585246
v 0.550946 6.642990 -0.585246
v 0.032391 6.090970 -0.450289
v 0.474945 6.642990 -0.450289
v 0.032391 6.090970 -0.585246
v 0.474945 6.642990 -0.585246
v -0.050030 7.992787 5.940224
v -0.050030 7.992787 -6.970359
v 2.899919 6.741347 5.940224
v 2.899919 6.741347 -6.970359
v 2.312802 6.980474 5.940224
v 2.312802 6.980475 -6.970359
v 2.001898 7.112368 -6.970359
v 2.001898 7.112368 5.940224
v 2.017807 7.105618 5.940224
v 2.017807 7.105619 -6.970359
v 1.706903 7.237512 -6.970359
v 1.706903 7.237512 5.940224
v 1.722813 7.230762 5.940224
v 1.722813 7.230763 -6.970359
v 1.411908 7.362656 -6.970359
v 1.411908 7.362656 5.940224
v 1.427818 7.355906 5.940224
v 1.427818 7.355907 -6.970359
v 1.116913 7.487800 -6.970359
v 1.116913 7.487800 5.940224
v 1.132823 7.481050 5.940224
v 1.132823 7.481051 -6.970359
v 0.821918 7.612944 -6.970359
v 0.821918 7.612944 5.940224
v 0.837828 7.606194 5.940224
v 0.837828 7.606195 -6.970359
v 0.526923 7.738088 -6.970359
v 0.526923 7.738088 5.940224
v 0.542833 7.731339 5.940224
v 0.542833 7.731339 -6.970359
v 0.231928 7.863232 -6.970359
v 0.231928 7.863232 5.940224
v 0.247838 7.856483 5.940224
v 0.247838 7.856483 -6.970359
v 2.894837 6.733562 -6.970359
v 2.894837 6.733562 5.940224
v -0.050030 7.985001 5.940224
v -0.050030 7.985001 -6.970359
v 2.612879 6.863117 -6.970359
v 2.596969 6.869866 -6.970359
v 2.317884 6.988261 -6.970359
v 2.301975 6.995010 -6.970359
v 2.022889 7.113405 -6.970359
v 2.006980 7.120154 -6.970359
v 1.727895 7.238549 -6.970359
v 1.711985 7.245298 -6.970359
v 1.432900 7.363693 -6.970359
v 1.416990 7.370442 -6.970359
v 1.137905 7.488837 -6.970359
v 1.121995 7.495586 -6.970359
v 0.842910 7.613981 -6.970359
v 0.827000 7.620730 -6.970359
v 0.547915 7.739125 -6.970359
v 0.532005 7.745874 -6.970359
v 0.252920 7.864269 -6.970359
v 0.237011 7.871018 -6.970359
v 0.237010 7.871017 5.940224
v 0.252920 7.864268 5.940224
v 0.532005 7.745873 5.940224
v 0.547915 7.739124 5.940224
v 0.827000 7.620729 5.940224
v 0.842910 7.613980 5.940224
v 1.121995 7.495585 5.940224
v 1.137905 7.488836 5.940224
v 1.416990 7.370441 5.940224
v 1.432900 7.363692 5.940224
v 1.711985 7.245297 5.940224
v 1.727895 7.238548 5.940224
v 2.006979 7.120153 5.940224
v 2.022889 7.113404 5.940224
v 2.301974 6.995009 5.940224
v 2.317884 6.988260 5.940224
v 2.596969 6.869866 5.940224
v 2.612879 6.863117 5.940224
v 3.160768 6.495701 5.940224
v 3.173350 6.483852 5.940224
v 3.427908 6.244130 5.940224
v 3.440490 6.232282 5.940224
v 3.695048 5.992559 5.940224
v 3.707629 5.980711 5.940224
v 3.962188 5.740989 5.940224
v 3.974770 5.729140 5.940224
v 4.229328 5.489418 5.940224
v 4.241910 5.477570 5.940224
v 4.496468 5.237848 5.940224
v 4.509049 5.225999 5.940224
v 4.763608 4.986278 5.940224
v 4.776189 4.974429 5.940224
v 5.030747 4.734707 5.940224
v 5.043329 4.722858 5.940224
v 5.297887 4.483136 5.940224
v 5.297887 4.483137 -6.970359
v 5.043330 4.722859 -6.970359
v 5.030748 4.734707 -6.970359
v 4.776190 4.974430 -6.970359
v 4.763608 4.986278 -6.970359
v 4.509050 5.226000 -6.970359
v 4.496468 5.237849 -6.970359
v 4.241910 5.477571 -6.970359
v 4.229328 5.489419 -6.970359
v 3.974770 5.729141 -6.970359
v 3.962188 5.740990 -6.970359
v 3.707630 5.980712 -6.970359
v 3.695049 5.992560 -6.970359
v 3.440490 6.232282 -6.970359
v 3.427908 6.244131 -6.970359
v 3.173350 6.483852 -6.970359
v 3.160768 6.495701 -6.970359
v 2.296892 6.987224 5.940224
v 2.296893 6.987224 -6.970359
v 2.607797 6.855331 -6.970359
v 2.607797 6.855331 5.940224
v 2.591887 6.862080 5.940224
v 2.591887 6.862080 -6.970359
v 3.168268 6.476067 -6.970359
v 3.168268 6.476067 5.940224
v 3.155686 6.487915 5.940224
v 3.155686 6.487915 -6.970359
v 3.435408 6.224496 -6.970359
v 3.435408 6.224496 5.940224
v 3.422826 6.236344 5.940224
v 3.422827 6.236345 -6.970359
v 3.702548 5.972926 -6.970359
v 3.702548 5.972925 5.940224
v 3.689966 5.984774 5.940224
v 3.689967 5.984775 -6.970359
v 3.969688 5.721355 -6.970359
v 3.969687 5.721354 5.940224
v 3.957106 5.733203 5.940224
v 3.957106 5.733204 -6.970359
v 4.236828 5.469785 -6.970359
v 4.236827 5.469784 5.940224
v 4.224246 5.481632 5.940224
v 4.224246 5.481633 -6.970359
v 4.503968 5.218215 -6.970359
v 4.503967 5.218214 5.940224
v 4.491385 5.230062 5.940224
v 4.491386 5.230063 -6.970359
v 4.771108 4.966644 -6.970359
v 4.771107 4.966643 5.940224
v 4.758525 4.978492 5.940224
v 4.758526 4.978492 -6.970359
v 5.038248 4.715073 -6.970359
v 5.038247 4.715073 5.940224
v 5.025665 4.726921 5.940224
v 5.025666 4.726922 -6.970359
v 5.292805 4.475350 5.940224
v 5.292805 4.475351 -6.970359
v -2.999979 6.741347 5.940224
v -2.999979 6.741347 -6.970359
v -2.412863 6.980474 5.940224
v -2.412863 6.980475 -6.970359
v -2.101958 7.112368 -6.970359
v -2.101958 7.112368 5.940224
v -2.117868 7.105618 5.940224
v -2.117868 7.105619 -6.970359
v -1.806963 7.237512 -6.970359
v -1.806963 7.237512 5.940224
v -1.822873 7.230762 5.940224
v -1.822873 7.230763 -6.970359
v -1.511968 7.362656 -6.970359
v -1.511968 7.362656 5.940224
v -1.527878 7.355906 5.940224
v -1.527878 7.355907 -6.970359
v -1.216973 7.487800 -6.970359
v -1.216973 7.487800 5.940224
v -1.232883 7.481050 5.940224
v -1.232883 7.481051 -6.970359
v -0.921979 7.612944 -6.970359
v -0.921979 7.612944 5.940224
v -0.937888 7.606194 5.940224
v -0.937888 7.606195 -6.970359
v -0.626984 7.738088 -6.970359
v -0.626984 7.738088 5.940224
v -0.642893 7.731339 5.940224
v -0.642893 7.731339 -6.970359
v -0.331989 7.863232 -6.970359
v -0.331989 7.863232 5.940224
v -0.347898 7.856483 5.940224
v -0.347898 7.856483 -6.970359
v -2.994898 6.733562 -6.970359
v -2.994898 6.733562 5.940224
v -2.712940 6.863117 -6.970359
v -2.697030 6.869866 -6.970359
v -2.417945 6.988261 -6.970359
v -2.402035 6.995010 -6.970359
v -2.122950 7.113405 -6.970359
v -2.107040 7.120154 -6.970359
v -1.827955 7.238549 -6.970359
v -1.812045 7.245298 -6.970359
v -1.532960 7.363693 -6.970359
v -1.517050 7.370442 -6.970359
v -1.237965 7.488837 -6.970359
v -1.222055 7.495586 -6.970359
v -0.942970 7.613981 -6.970359
v -0.927061 7.620730 -6.970359
v -0.647975 7.739125 -6.970359
v -0.632066 7.745874 -6.970359
v -0.352980 7.864269 -6.970359
v -0.337071 7.871018 -6.970359
v -0.337071 7.871017 5.940224
v -0.352980 7.864268 5.940224
v -0.632066 7.745873 5.940224
v -0.647975 7.739124 5.940224
v -0.927060 7.620729 5.940224
v -0.942970 7.613980 5.940224
v -1.222055 7.495585 5.940224
v -1.237965 7.488836 5.940224
v -1.517050 7.370441 5.940224
v -1.532960 7.363692 5.940224
v -1.812045 7.245297 5.940224
v -1.827955 7.238548 5.940224
v -2.107040 7.120153 5.940224
v -2.122950 7.113404 5.940224
v -2.402035 6.995009 5.940224
v -2.417944 6.988260 5.940224
v -2.697030 6.869866 5.940224
v -2.712940 6.863117 5.940224
v -3.260829 6.495701 5.940224
v -3.273410 6.483852 5.940224
v -3.527969 6.244130 5.940224
v -3.540550 6.232282 5.940224
v -3.795109 5.992559 5.940224
v -3.807690 5.980711 5.940224
v -4.062248 5.740989 5.940224
v -4.074830 5.729140 5.940224
v -4.329388 5.489418 5.940224
v -4.341970 5.477570 5.940224
v -4.596528 5.237848 5.940224
v -4.609110 5.225999 5.940224
v -4.863668 4.986278 5.940224
v -4.876250 4.974429 5.940224
v -5.130807 4.734707 5.940224
v -5.143389 4.722858 5.940224
v -5.397948 4.483136 5.940224
v -5.397948 4.483137 -6.970359
v -5.143390 4.722859 -6.970359
v -5.130808 4.734707 -6.970359
v -4.876250 4.974430 -6.970359
v -4.863668 4.986278 -6.970359
v -4.609110 5.226000 -6.970359
v -4.596529 5.237849 -6.970359
v -4.341970 5.477571 -6.970359
v -4.329389 5.489419 -6.970359
v -4.074831 5.729141 -6.970359
v -4.062249 5.740990 -6.970359
v -3.807690 5.980712 -6.970359
v -3.795109 5.992560 -6.970359
v -3.540550 6.232282 -6.970359
v -3.527969 6.244131 -6.970359
v -3.273410 6.483852 -6.970359
v -3.260829 6.495701 -6.970359
v -2.396953 6.987224 5.940224
v -2.396953 6.987224 -6.970359
v -2.707858 6.855331 -6.970359
v -2.707858 6.855331 5.940224
v -2.691948 6.862080 5.940224
v -2.691948 6.862080 -6.970359
v -3.268328 6.476067 -6.970359
v -3.268328 6.476067 5.940224
v -3.255747 6.487915 5.940224
v -3.255747 6.487915 -6.970359
v -3.535468 6.224496 -6.970359
v -3.535468 6.224496 5.940224
v -3.522887 6.236344 5.940224
v -3.522887 6.236345 -6.970359
v -3.802608 5.972926 -6.970359
v -3.802608 5.972925 5.940224
v -3.790027 5.984774 5.940224
v -3.790027 5.984775 -6.970359
v -4.069748 5.721355 -6.970359
v -4.069748 5.721354 5.940224
v -4.057166 5.733203 5.940224
v -4.057167 5.733204 -6.970359
v -4.336888 5.469785 -6.970359
v -4.336888 5.469784 5.940224
v -4.324306 5.481632 5.940224
v -4.324306 5.481633 -6.970359
v -4.604028 5.218215 -6.970359
v -4.604028 5.218214 5.940224
v -4.591446 5.230062 5.940224
v -4.591446 5.230063 -6.970359
v -4.871168 4.966644 -6.970359
v -4.871168 4.966643 5.940224
v -4.858586 4.978492 5.940224
v -4.858586 4.978492 -6.970359
v -5.138308 4.715073 -6.970359
v -5.138307 4.715073 5.940224
v -5.125725 4.726921 5.940224
v -5.125726 4.726922 -6.970359
v -5.392866 4.475350 5.940224
v -5.392866 4.475351 -6.970359
v -1.941931 3.314759 -4.912139
v -1.941931 3.113296 -4.912139
v -1.941931 3.314759 -4.776957
v -1.941931 3.113296 -4.776957
v -5.419027 3.314759 -4.776956
v -5.419027 3.314759 -4.912138
v -5.419027 3.113295 -4.912138
v -5.419027 3.113295 -4.776956
v -1.941931 3.314759 -1.358497
v -1.941931 3.113296 -1.358497
v -1.941931 3.314759 -1.223315
v -1.941931 3.113296 -1.223315
v -5.419027 3.314759 -1.223314
v -5.419027 3.314759 -1.358496
v -5.419027 3.113295 -1.358496
v -5.419027 3.113295 -1.223314
v -1.941931 3.314759 2.188898
v -1.941931 3.113296 2.188898
v -1.941931 3.314759 2.324081
v -1.941931 3.113296 2.324081
v -5.419026 3.314759 2.324081
v -5.419027 3.314759 2.188899
v -5.419027 3.113295 2.188899
v -5.419026 3.113295 2.324081
v -1.941931 3.314759 5.739062
v -1.941931 3.113296 5.739062
v -1.941931 3.314759 5.874243
v -1.941931 3.113296 5.874243
v -5.419027 3.314759 5.874245
v -5.419027 3.314759 5.739062
v -5.419027 3.113295 5.739062
v -5.419027 3.113295 5.874245
v 5.344987 4.402968 -7.102633
v 5.344987 4.200638 -7.102633
v -5.502310 4.402968 -7.102633
v 5.344987 4.200638 -7.195426
v -5.502310 4.200638 -7.102633
v -5.502310 4.200638 -7.195426
v 5.344987 4.402968 -7.195426
v -5.502310 4.402968 -7.195426
v 5.328828 4.329900 -6.840923
v 5.328828 4.127570 -6.840923
v -0.050030 4.329900 -6.840923
v 5.328828 4.127570 -6.971632
v -0.050030 4.127570 -6.840923
v -0.050030 4.127570 -6.971632
v 5.328828 4.329900 -6.971632
v -0.050030 4.329900 -6.971632
v -5.428888 4.329900 -6.840923
v -5.428888 4.127570 -6.840923
v -5.428888 4.127570 -6.971632
v -5.428888 4.329900 -6.971632
v 1.931984 1.165795 2.332597
v 1.931984 1.260054 2.332597
v 1.931984 1.165795 2.175920
v 1.931984 1.260054 2.175920
v 5.304297 1.260054 2.175920
v 5.304297 1.260054 2.332597
v 5.304297 1.165795 2.175920
v 5.304297 1.165795 2.332597
v 1.677992 -0.007219 5.663555
v 1.767228 -0.007219 5.663555
v 1.677992 0.023046 3.833953
v 1.767228 0.023046 3.833953
v 1.677992 1.258836 3.833953
v 1.677992 1.289101 5.663555
v 1.767228 1.289101 5.663555
v 1.767228 1.258836 3.833953
v 1.677992 -0.007219 3.805650
v 1.767228 -0.007219 3.805650
v 1.677992 0.023046 5.635252
v 1.767228 0.023046 5.635252
v 1.677992 1.289101 3.805650
v 1.767228 1.289101 3.805650
v 1.677992 1.258836 5.635252
v 1.767228 1.258836 5.635252
v 1.685808 1.252157 5.657745
v 1.685808 0.609615 4.753397
v 1.685808 0.672266 4.715808
v 1.685808 0.971998 5.152700
v 1.685808 0.927779 5.217154
v 1.706594 1.282707 5.594962
v 1.706594 1.252157 5.657745
v 1.706594 -0.000886 3.849512
v 1.706594 0.032245 3.817873
v 1.706594 0.672266 4.715808
v 1.706594 0.609615 4.753397
v 1.706594 0.927779 5.217154
v 1.706594 0.971998 5.152700
v 1.706594 0.309884 4.316505
v 1.706594 0.354103 4.252050
v 1.685808 1.282707 5.594962
v 1.685808 0.309884 4.316505
v 1.685808 0.354103 4.252050
v 1.685808 0.032245 3.817873
v 1.685808 -0.000886 3.849512
v 1.738626 1.258836 5.635252
v 1.738626 0.023046 5.635252
v 1.706594 0.023046 5.635252
v 1.706594 1.258836 5.635252
v 1.706594 0.023046 3.833953
v 1.738626 0.023046 3.833953
v 1.706594 1.258836 3.833953
v 1.738626 1.258836 3.833953
v 1.706594 0.023046 4.037310
v 1.706594 0.023046 4.030884
v 1.706594 0.023046 4.237454
v 1.706594 0.023046 4.437599
v 1.706594 0.023046 4.637743
v 1.706594 0.023046 4.837887
v 1.706594 0.023046 4.831461
v 1.706594 0.023046 5.038032
v 1.706594 0.023046 5.231750
v 1.706594 0.023046 5.438321
v 1.706594 1.258836 4.030884
v 1.706594 1.258836 4.037310
v 1.706594 1.258836 4.237454
v 1.706594 1.258836 4.437599
v 1.706594 1.258836 4.637743
v 1.706594 1.258836 4.831461
v 1.706594 1.258836 4.837887
v 1.706594 1.258836 5.038032
v 1.706594 1.258836 5.231750
v 1.706594 1.258836 5.438321
v 1.738626 0.023046 5.431895
v 1.738626 0.023046 5.438321
v 1.738626 0.023046 5.231750
v 1.738626 0.023046 5.238176
v 1.738626 0.023046 5.031606
v 1.738626 0.023046 5.038032
v 1.738626 0.023046 4.831461
v 1.738626 0.023046 4.837887
v 1.738626 0.023046 4.631317
v 1.738626 0.023046 4.637743
v 1.738626 0.023046 4.431173
v 1.738626 0.023046 4.437599
v 1.738626 0.023046 4.231028
v 1.738626 0.023046 4.237454
v 1.738626 0.023046 4.030884
v 1.738626 0.023046 4.037310
v 1.738626 1.258836 5.438321
v 1.738626 1.258836 5.431895
v 1.738626 1.258836 5.238176
v 1.738626 1.258836 5.231750
v 1.738626 1.258836 5.038032
v 1.738626 1.258836 5.031606
v 1.738626 1.258836 4.837887
v 1.738626 1.258836 4.831461
v 1.738626 1.258836 4.637743
v 1.738626 1.258836 4.631317
v 1.738626 1.258836 4.437599
v 1.738626 1.258836 4.431173
v 1.738626 1.258836 4.237454
v 1.738626 1.258836 4.231028
v 1.738626 1.258836 4.037310
v 1.738626 1.258836 4.030884
v 1.738626 0.029725 5.657745
v 1.738626 0.672266 4.753397
v 1.738626 0.609615 4.715808
v 1.738626 0.309884 5.152700
v 1.738626 0.354103 5.217154
v 1.759412 -0.000825 5.594962
v 1.759412 0.029725 5.657745
v 1.759412 1.282768 3.849512
v 1.759412 1.249637 3.817873
v 1.759412 0.609615 4.715808
v 1.759412 0.672266 4.753397
v 1.759412 0.354103 5.217154
v 1.759412 0.309884 5.152700
v 1.759412 0.971998 4.316505
v 1.759412 0.927779 4.252050
v 1.738626 -0.000825 5.594962
v 1.738626 0.971998 4.316505
v 1.738626 0.927779 4.252050
v 1.738626 1.249637 3.817873
v 1.738626 1.282768 3.849512
v 1.931984 -0.007223 2.303007
v 1.931984 -0.007223 2.205510
v 5.304297 -0.007223 2.205510
v 5.304297 -0.007223 2.303007
v 1.931984 1.165795 2.303007
v 5.304297 1.165795 2.303007
v 1.931984 1.165795 2.205510
v 5.304297 1.165795 2.205510
v 2.194090 -0.007223 2.303007
v 2.188694 -0.007223 2.303007
v 2.453499 -0.007223 2.303007
v 2.448103 -0.007223 2.303007
v 2.707512 -0.007223 2.303007
v 2.972316 -0.007223 2.303007
v 2.966921 -0.007223 2.303007
v 3.231725 -0.007223 2.303007
v 3.485738 -0.007223 2.303007
v 3.750543 -0.007223 2.303007
v 3.745147 -0.007223 2.303007
v 4.009952 -0.007223 2.303007
v 4.269360 -0.007223 2.303007
v 4.528769 -0.007223 2.303007
v 4.523373 -0.007223 2.303007
v 4.782782 -0.007223 2.303007
v 5.047586 -0.007223 2.303007
v 5.042191 -0.007223 2.303007
v 2.188694 1.165795 2.303007
v 2.194090 1.165795 2.303007
v 2.448103 1.165795 2.303007
v 2.453499 1.165795 2.303007
v 2.707512 1.165795 2.303007
v 2.966921 1.165795 2.303007
v 2.972316 1.165795 2.303007
v 3.231725 1.165795 2.303007
v 3.485738 1.165795 2.303007
v 3.745147 1.165795 2.303007
v 3.750543 1.165795 2.303007
v 4.009952 1.165795 2.303007
v 4.269360 1.165795 2.303007
v 4.523373 1.165795 2.303007
v 4.528769 1.165795 2.303007
v 4.782782 1.165795 2.303007
v 5.042191 1.165795 2.303007
v 5.047586 1.165795 2.303007
v 2.188694 -0.007223 2.205510
v 2.194090 -0.007223 2.205510
v 2.448103 -0.007223 2.205510
v 2.707512 -0.007223 2.205510
v 2.712908 -0.007223 2.205510
v 2.966921 -0.007223 2.205510
v 2.972316 -0.007223 2.205510
v 3.226330 -0.007223 2.205510
v 3.231725 -0.007223 2.205510
v 3.485738 -0.007223 2.205510
v 3.745147 -0.007223 2.205510
v 3.750543 -0.007223 2.205510
v 4.004556 -0.007223 2.205510
v 4.009952 -0.007223 2.205510
v 4.269360 -0.007223 2.205510
v 4.523373 -0.007223 2.205510
v 4.788178 -0.007223 2.205510
v 5.042191 -0.007223 2.205510
v 5.047586 -0.007223 2.205510
v 2.194090 1.165795 2.205510
v 2.188694 1.165795 2.205510
v 2.448103 1.165795 2.205510
v 2.712908 1.165795 2.205510
v 2.707512 1.165795 2.205510
v 2.972316 1.165795 2.205510
v 2.966921 1.165795 2.205510
v 3.231725 1.165795 2.205510
v 3.226330 1.165795 2.205510
v 3.485738 1.165795 2.205510
v 3.750543 1.165795 2.205510
v 3.745147 1.165795 2.205510
v 4.009952 1.165795 2.205510
v 4.004556 1.165795 2.205510
v 4.269360 1.165795 2.205510
v 4.523373 1.165795 2.205510
v 4.788178 1.165795 2.205510
v 5.047586 1.165795 2.205510
v 5.042191 1.165795 2.205510
v 1.713413 0.023046 4.231028
v 1.706594 0.023046 4.224209
v 1.713413 0.023046 4.431173
v 1.706594 0.023046 4.424353
v 1.713413 0.023046 4.631317
v 1.706594 0.023046 4.624498
v 1.713413 0.023046 5.031606
v 1.706594 0.023046 5.024786
v 1.706594 0.023046 5.244996
v 1.713413 0.023046 5.238176
v 1.713413 0.023046 5.431895
v 1.706594 0.023046 5.425075
v 1.706594 1.258836 4.224209
v 1.713413 1.258836 4.231028
v 1.706594 1.258836 4.424353
v 1.713413 1.258836 4.431173
v 1.706594 1.258836 4.624498
v 1.713413 1.258836 4.631317
v 1.706594 1.258836 5.024786
v 1.713413 1.258836 5.031606
v 1.713413 1.258836 5.238176
v 1.706594 1.258836 5.244996
v 1.706594 1.258836 5.425075
v 1.713413 1.258836 5.431895
v 2.727987 -0.007223 2.303007
v 2.712908 -0.007223 2.287928
v 3.226330 -0.007223 2.287928
v 3.211250 -0.007223 2.303007
v 3.506213 -0.007223 2.303007
v 3.491134 -0.007223 2.287928
v 4.004556 -0.007223 2.287928
v 3.989477 -0.007223 2.303007
v 4.263965 -0.007223 2.287928
v 4.248885 -0.007223 2.303007
v 4.803257 -0.007223 2.303007
v 4.788178 -0.007223 2.287928
v 2.712908 1.165795 2.287928
v 2.727987 1.165795 2.303007
v 3.211250 1.165795 2.303007
v 3.226330 1.165795 2.287928
v 3.491134 1.165795 2.287928
v 3.506213 1.165795 2.303007
v 3.989477 1.165795 2.303007
v 4.004556 1.165795 2.287928
v 4.248885 1.165795 2.303007
v 4.263965 1.165795 2.287928
v 4.788178 1.165795 2.287928
v 4.803257 1.165795 2.303007
v 2.453499 -0.007223 2.214795
v 2.462784 -0.007223 2.205510
v 3.491134 -0.007223 2.214795
v 3.500419 -0.007223 2.205510
v 4.254679 -0.007223 2.205510
v 4.263965 -0.007223 2.214795
v 4.528769 -0.007223 2.214795
v 4.538054 -0.007223 2.205510
v 4.773497 -0.007223 2.205510
v 4.782782 -0.007223 2.214795
v 2.462784 1.165795 2.205510
v 2.453499 1.165795 2.214795
v 3.500419 1.165795 2.205510
v 3.491134 1.165795 2.214795
v 4.263965 1.165795 2.214795
v 4.254679 1.165795 2.205510
v 4.538054 1.165795 2.205510
v 4.528769 1.165795 2.214795
v 4.782782 1.165795 2.214795
v 4.773497 1.165795 2.205510
v 1.931984 1.165795 -1.215576
v 1.931984 1.260054 -1.215576
v 1.931984 1.165795 -1.372253
v 1.931984 1.260054 -1.372253
v 5.304297 1.260054 -1.372253
v 5.304297 1.260054 -1.215576
v 5.304297 1.165795 -1.372253
v 5.304297 1.165795 -1.215576
v 1.677992 -0.007219 2.115382
v 1.767228 -0.007219 2.115382
v 1.677992 0.023046 0.285780
v 1.767228 0.023046 0.285780
v 1.677992 1.258836 0.285780
v 1.677992 1.289101 2.115382
v 1.767228 1.289101 2.115382
v 1.767228 1.258836 0.285780
v 1.677992 -0.007219 0.257477
v 1.767228 -0.007219 0.257477
v 1.677992 0.023046 2.087079
v 1.767228 0.023046 2.087079
v 1.677992 1.289101 0.257477
v 1.767228 1.289101 0.257477
v 1.677992 1.258836 2.087079
v 1.767228 1.258836 2.087079
v 1.685808 1.252157 2.109572
v 1.685808 0.609615 1.205223
v 1.685808 0.672266 1.167635
v 1.685808 0.971998 1.604527
v 1.685808 0.927779 1.668981
v 1.706594 1.282707 2.046788
v 1.706594 1.252157 2.109572
v 1.706594 -0.000886 0.301339
v 1.706594 0.032245 0.269700
v 1.706594 0.672266 1.167635
v 1.706594 0.609615 1.205223
v 1.706594 0.927779 1.668981
v 1.706594 0.971998 1.604527
v 1.706594 0.309884 0.768332
v 1.706594 0.354103 0.703877
v 1.685808 1.282707 2.046788
v 1.685808 0.309884 0.768332
v 1.685808 0.354103 0.703877
v 1.685808 0.032245 0.269700
v 1.685808 -0.000886 0.301339
v 1.738626 1.258836 2.087079
v 1.738626 0.023046 2.087079
v 1.706594 0.023046 2.087079
v 1.706594 1.258836 2.087079
v 1.706594 0.023046 0.285780
v 1.738626 0.023046 0.285780
v 1.706594 1.258836 0.285780
v 1.738626 1.258836 0.285780
v 1.706594 0.023046 0.489137
v 1.706594 0.023046 0.482711
v 1.706594 0.023046 0.689281
v 1.706594 0.023046 0.889426
v 1.706594 0.023046 0.883000
v 1.706594 0.023046 1.083144
v 1.706594 0.023046 1.289714
v 1.706594 0.023046 1.489859
v 1.706594 0.023046 1.483433
v 1.706594 0.023046 1.690003
v 1.706594 0.023046 1.883722
v 1.706594 1.258836 0.482711
v 1.706594 1.258836 0.489137
v 1.706594 1.258836 0.689281
v 1.706594 1.258836 0.883000
v 1.706594 1.258836 0.889426
v 1.706594 1.258836 1.083144
v 1.706594 1.258836 1.289714
v 1.706594 1.258836 1.483433
v 1.706594 1.258836 1.489859
v 1.706594 1.258836 1.690003
v 1.706594 1.258836 1.883722
v 1.738626 0.023046 1.883722
v 1.738626 0.023046 1.890148
v 1.738626 0.023046 1.683577
v 1.738626 0.023046 1.690003
v 1.738626 0.023046 1.489859
v 1.738626 0.023046 1.283288
v 1.738626 0.023046 1.289714
v 1.738626 0.023046 1.089570
v 1.738626 0.023046 0.883000
v 1.738626 0.023046 0.889426
v 1.738626 0.023046 0.682855
v 1.738626 0.023046 0.689281
v 1.738626 0.023046 0.482711
v 1.738626 0.023046 0.489137
v 1.738626 1.258836 1.890148
v 1.738626 1.258836 1.883722
v 1.738626 1.258836 1.690003
v 1.738626 1.258836 1.683577
v 1.738626 1.258836 1.489859
v 1.738626 1.258836 1.289714
v 1.738626 1.258836 1.283288
v 1.738626 1.258836 1.089570
v 1.738626 1.258836 0.889426
v 1.738626 1.258836 0.883000
v 1.738626 1.258836 0.689281
v 1.738626 1.258836 0.682855
v 1.738626 1.258836 0.489137
v 1.738626 1.258836 0.482711
v 1.738626 0.029725 2.109572
v 1.738626 0.672266 1.205223
v 1.738626 0.609615 1.167635
v 1.738626 0.309884 1.604527
v 1.738626 0.354103 1.668981
v 1.759412 -0.000825 2.046788
v 1.759412 0.029725 2.109572
v 1.759412 1.282768 0.301339
v 1.759412 1.249637 0.269700
v 1.759412 0.609615 1.167635
v 1.759412 0.672266 1.205223
v 1.759412 0.354103 1.668981
v 1.759412 0.309884 1.604527
v 1.759412 0.971998 0.768332
v 1.759412 0.927779 0.703877
v 1.738626 -0.000825 2.046788
v 1.738626 0.971998 0.768332
v 1.738626 0.927779 0.703877
v 1.738626 1.249637 0.269700
v 1.738626 1.282768 0.301339
v 1.931984 -0.007223 -1.245166
v 1.931984 -0.007223 -1.342663
v 5.304297 -0.007223 -1.342663
v 5.304297 -0.007223 -1.245166
v 1.931984 1.165795 -1.245166
v 5.304297 1.165795 -1.245166
v 1.931984 1.165795 -1.342663
v 5.304297 1.165795 -1.342663
v 2.194090 -0.007223 -1.245166
v 2.188694 -0.007223 -1.245166
v 2.453499 -0.007223 -1.245166
v 2.448103 -0.007223 -1.245166
v 2.707512 -0.007223 -1.245166
v 2.972316 -0.007223 -1.245166
v 3.231725 -0.007223 -1.245166
v 3.226330 -0.007223 -1.245166
v 3.491134 -0.007223 -1.245166
v 3.485738 -0.007223 -1.245166
v 3.750543 -0.007223 -1.245166
v 3.745147 -0.007223 -1.245166
v 4.009952 -0.007223 -1.245166
v 4.269360 -0.007223 -1.245166
v 4.263965 -0.007223 -1.245166
v 4.523373 -0.007223 -1.245166
v 4.788178 -0.007223 -1.245166
v 5.047586 -0.007223 -1.245166
v 5.042191 -0.007223 -1.245166
v 2.188694 1.165795 -1.245166
v 2.194090 1.165795 -1.245166
v 2.448103 1.165795 -1.245166
v 2.453499 1.165795 -1.245166
v 2.707512 1.165795 -1.245166
v 2.972316 1.165795 -1.245166
v 3.226330 1.165795 -1.245166
v 3.231725 1.165795 -1.245166
v 3.485738 1.165795 -1.245166
v 3.491134 1.165795 -1.245166
v 3.745147 1.165795 -1.245166
v 3.750543 1.165795 -1.245166
v 4.009952 1.165795 -1.245166
v 4.263965 1.165795 -1.245166
v 4.269360 1.165795 -1.245166
v 4.523373 1.165795 -1.245166
v 4.788178 1.165795 -1.245166
v 5.042191 1.165795 -1.245166
v 5.047586 1.165795 -1.245166
v 2.188694 -0.007223 -1.342663
v 2.194090 -0.007223 -1.342663
v 2.453499 -0.007223 -1.342663
v 2.707512 -0.007223 -1.342663
v 2.712908 -0.007223 -1.342663
v 2.966921 -0.007223 -1.342663
v 2.972316 -0.007223 -1.342663
v 3.231725 -0.007223 -1.342663
v 3.485738 -0.007223 -1.342663
v 3.491134 -0.007223 -1.342663
v 3.745147 -0.007223 -1.342663
v 3.750543 -0.007223 -1.342663
v 4.004556 -0.007223 -1.342663
v 4.269360 -0.007223 -1.342663
v 4.523373 -0.007223 -1.342663
v 4.528769 -0.007223 -1.342663
v 4.782782 -0.007223 -1.342663
v 4.788178 -0.007223 -1.342663
v 5.047586 -0.007223 -1.342663
v 2.194090 1.165795 -1.342663
v 2.188694 1.165795 -1.342663
v 2.453499 1.165795 -1.342663
v 2.712908 1.165795 -1.342663
v 2.707512 1.165795 -1.342663
v 2.972316 1.165795 -1.342663
v 2.966921 1.165795 -1.342663
v 3.231725 1.165795 -1.342663
v 3.491134 1.165795 -1.342663
v 3.485738 1.165795 -1.342663
v 3.750543 1.165795 -1.342663
v 3.745147 1.165795 -1.342663
v 4.004556 1.165795 -1.342663
v 4.269360 1.165795 -1.342663
v 4.528769 1.165795 -1.342663
v 4.523373 1.165795 -1.342663
v 4.788178 1.165795 -1.342663
v 4.782782 1.165795 -1.342663
v 5.047586 1.165795 -1.342663
v 1.713310 0.023046 0.682855
v 1.706594 0.023046 0.676139
v 1.706594 0.023046 1.096286
v 1.713310 0.023046 1.089570
v 1.713310 0.023046 1.283288
v 1.706594 0.023046 1.276572
v 1.713310 0.023046 1.683577
v 1.706594 0.023046 1.676861
v 1.706594 0.023046 1.896864
v 1.713310 0.023046 1.890148
v 1.706594 1.258836 0.676139
v 1.713310 1.258836 0.682855
v 1.713310 1.258836 1.089570
v 1.706594 1.258836 1.096286
v 1.706594 1.258836 1.276572
v 1.713310 1.258836 1.283288
v 1.706594 1.258836 1.676861
v 1.713310 1.258836 1.683577
v 1.713310 1.258836 1.890148
v 1.706594 1.258836 1.896864
v 1.738626 0.023046 1.477921
v 1.733114 0.023046 1.483433
v 1.738626 0.023046 1.077632
v 1.733114 0.023046 1.083144
v 1.733114 1.258836 1.483433
v 1.738626 1.258836 1.477921
v 1.733114 1.258836 1.083144
v 1.738626 1.258836 1.077632
v 2.724432 -0.007223 -1.245166
v 2.712908 -0.007223 -1.256691
v 2.966921 -0.007223 -1.256691
v 2.955396 -0.007223 -1.245166
v 4.004556 -0.007223 -1.256691
v 3.993032 -0.007223 -1.245166
v 4.540293 -0.007223 -1.245166
v 4.528769 -0.007223 -1.256691
v 4.782782 -0.007223 -1.256691
v 4.771258 -0.007223 -1.245166
v 2.712908 1.165795 -1.256691
v 2.724432 1.165795 -1.245166
v 2.955396 1.165795 -1.245166
v 2.966921 1.165795 -1.256691
v 3.993032 1.165795 -1.245166
v 4.004556 1.165795 -1.256691
v 4.528769 1.165795 -1.256691
v 4.540293 1.165795 -1.245166
v 4.771258 1.165795 -1.245166
v 4.782782 1.165795 -1.256691
v 2.437934 -0.007223 -1.342663
v 2.448103 -0.007223 -1.332494
v 3.216161 -0.007223 -1.342663
v 3.226330 -0.007223 -1.332494
v 4.009952 -0.007223 -1.332494
v 4.020120 -0.007223 -1.342663
v 4.253796 -0.007223 -1.342663
v 4.263965 -0.007223 -1.332494
v 5.032022 -0.007223 -1.342663
v 5.042191 -0.007223 -1.332494
v 2.448103 1.165795 -1.332494
v 2.437934 1.165795 -1.342663
v 3.226330 1.165795 -1.332494
v 3.216161 1.165795 -1.342663
v 4.020120 1.165795 -1.342663
v 4.009952 1.165795 -1.332494
v 4.263965 1.165795 -1.332494
v 4.253796 1.165795 -1.342663
v 5.042191 1.165795 -1.332494
v 5.032022 1.165795 -1.342663
v 1.931984 1.165795 -4.757363
v 1.931984 1.260054 -4.757363
v 1.931984 1.165795 -4.914040
v 1.931984 1.260054 -4.914040
v 5.304297 1.260054 -4.914040
v 5.304297 1.260054 -4.757363
v 5.304297 1.165795 -4.914040
v 5.304297 1.165795 -4.757363
v 1.677992 -0.007219 -1.426405
v 1.767228 -0.007219 -1.426405
v 1.677992 0.023046 -3.256007
v 1.767228 0.023046 -3.256007
v 1.677992 1.258836 -3.256007
v 1.677992 1.289101 -1.426405
v 1.767228 1.289101 -1.426405
v 1.767228 1.258836 -3.256007
v 1.677992 -0.007219 -3.284310
v 1.767228 -0.007219 -3.284310
v 1.677992 0.023046 -1.454708
v 1.767228 0.023046 -1.454708
v 1.677992 1.289101 -3.284310
v 1.767228 1.289101 -3.284310
v 1.677992 1.258836 -1.454708
v 1.767228 1.258836 -1.454708
v 1.685808 1.252157 -1.432215
v 1.685808 0.609615 -2.336564
v 1.685808 0.672266 -2.374152
v 1.685808 0.971998 -1.937260
v 1.685808 0.927779 -1.872806
v 1.706594 1.282707 -1.494999
v 1.706594 1.252157 -1.432215
v 1.706594 -0.000886 -3.240448
v 1.706594 0.032245 -3.272087
v 1.706594 0.672266 -2.374152
v 1.706594 0.609615 -2.336564
v 1.706594 0.927779 -1.872806
v 1.706594 0.971998 -1.937260
v 1.706594 0.309884 -2.773455
v 1.706594 0.354103 -2.837910
v 1.685808 1.282707 -1.494999
v 1.685808 0.309884 -2.773455
v 1.685808 0.354103 -2.837910
v 1.685808 0.032245 -3.272087
v 1.685808 -0.000886 -3.240448
v 1.738626 1.258836 -1.454708
v 1.738626 0.023046 -1.454708
v 1.706594 0.023046 -1.454708
v 1.706594 1.258836 -1.454708
v 1.706594 0.023046 -3.256007
v 1.738626 0.023046 -3.256007
v 1.706594 1.258836 -3.256007
v 1.738626 1.258836 -3.256007
v 1.706594 0.023046 -3.052650
v 1.706594 0.023046 -3.059076
v 1.706594 0.023046 -2.852506
v 1.706594 0.023046 -2.858932
v 1.706594 0.023046 -2.652361
v 1.706594 0.023046 -2.452217
v 1.706594 0.023046 -2.458643
v 1.706594 0.023046 -2.252073
v 1.706594 0.023046 -2.058354
v 1.706594 0.023046 -1.851784
v 1.706594 0.023046 -1.651639
v 1.706594 0.023046 -1.658065
v 1.706594 1.258836 -3.059076
v 1.706594 1.258836 -3.052650
v 1.706594 1.258836 -2.858932
v 1.706594 1.258836 -2.852506
v 1.706594 1.258836 -2.652361
v 1.706594 1.258836 -2.458643
v 1.706594 1.258836 -2.452217
v 1.706594 1.258836 -2.252073
v 1.706594 1.258836 -2.058354
v 1.706594 1.258836 -1.851784
v 1.706594 1.258836 -1.658065
v 1.706594 1.258836 -1.651639
v 1.738626 0.023046 -1.658065
v 1.738626 0.023046 -1.651639
v 1.738626 0.023046 -1.858210
v 1.738626 0.023046 -1.851784
v 1.738626 0.023046 -2.058354
v 1.738626 0.023046 -2.051928
v 1.738626 0.023046 -2.258499
v 1.738626 0.023046 -2.252073
v 1.738626 0.023046 -2.458643
v 1.738626 0.023046 -2.452217
v 1.738626 0.023046 -2.658787
v 1.738626 0.023046 -2.652361
v 1.738626 0.023046 -2.858932
v 1.738626 0.023046 -2.852506
v 1.738626 0.023046 -3.059076
v 1.738626 0.023046 -3.052650
v 1.738626 1.258836 -1.651639
v 1.738626 1.258836 -1.658065
v 1.738626 1.258836 -1.851784
v 1.738626 1.258836 -1.858210
v 1.738626 1.258836 -2.051928
v 1.738626 1.258836 -2.058354
v 1.738626 1.258836 -2.252073
v 1.738626 1.258836 -2.258499
v 1.738626 1.258836 -2.452217
v 1.738626 1.258836 -2.458643
v 1.738626 1.258836 -2.652361
v 1.738626 1.258836 -2.658787
v 1.738626 1.258836 -2.852506
v 1.738626 1.258836 -2.858932
v 1.738626 1.258836 -3.052650
v 1.738626 1.258836 -3.059076
v 1.738626 0.029725 -1.432215
v 1.738626 0.672266 -2.336564
v 1.738626 0.609615 -2.374152
v 1.738626 0.309884 -1.937260
v 1.738626 0.354103 -1.872806
v 1.759412 -0.000825 -1.494999
v 1.759412 0.029725 -1.432215
v 1.759412 1.282768 -3.240448
v 1.759412 1.249637 -3.272087
v 1.759412 0.609615 -2.374152
v 1.759412 0.672266 -2.336564
v 1.759412 0.354103 -1.872806
v 1.759412 0.309884 -1.937260
v 1.759412 0.971998 -2.773455
v 1.759412 0.927779 -2.837910
v 1.738626 -0.000825 -1.494999
v 1.738626 0.971998 -2.773455
v 1.738626 0.927779 -2.837910
v 1.738626 1.249637 -3.272087
v 1.738626 1.282768 -3.240448
v 1.931984 -0.007223 -4.786953
v 1.931984 -0.007223 -4.884450
v 5.304297 -0.007223 -4.884450
v 5.304297 -0.007223 -4.786953
v 1.931984 1.165795 -4.786953
v 5.304297 1.165795 -4.786953
v 1.931984 1.165795 -4.884450
v 5.304297 1.165795 -4.884450
v 2.194090 -0.007223 -4.786953
v 2.188694 -0.007223 -4.786953
v 2.448103 -0.007223 -4.786953
v 2.712908 -0.007223 -4.786953
v 2.972316 -0.007223 -4.786953
v 2.966921 -0.007223 -4.786953
v 3.231725 -0.007223 -4.786953
v 3.226330 -0.007223 -4.786953
v 3.491134 -0.007223 -4.786953
v 3.750543 -0.007223 -4.786953
v 3.745147 -0.007223 -4.786953
v 4.009952 -0.007223 -4.786953
v 4.269360 -0.007223 -4.786953
v 4.263965 -0.007223 -4.786953
v 4.528769 -0.007223 -4.786953
v 4.523373 -0.007223 -4.786953
v 4.788178 -0.007223 -4.786953
v 5.047586 -0.007223 -4.786953
v 5.042191 -0.007223 -4.786953
v 2.188694 1.165795 -4.786953
v 2.194090 1.165795 -4.786953
v 2.448103 1.165795 -4.786953
v 2.712908 1.165795 -4.786953
v 2.966921 1.165795 -4.786953
v 2.972316 1.165795 -4.786953
v 3.226330 1.165795 -4.786953
v 3.231725 1.165795 -4.786953
v 3.491134 1.165795 -4.786953
v 3.745147 1.165795 -4.786953
v 3.750543 1.165795 -4.786953
v 4.009952 1.165795 -4.786953
v 4.263965 1.165795 -4.786953
v 4.269360 1.165795 -4.786953
v 4.523373 1.165795 -4.786953
v 4.528769 1.165795 -4.786953
v 4.788178 1.165795 -4.786953
v 5.042191 1.165795 -4.786953
v 5.047586 1.165795 -4.786953
v 2.188694 -0.007223 -4.884450
v 2.448103 -0.007223 -4.884450
v 2.453499 -0.007223 -4.884450
v 2.707512 -0.007223 -4.884450
v 2.712908 -0.007223 -4.884450
v 2.966921 -0.007223 -4.884450
v 3.231725 -0.007223 -4.884450
v 3.485738 -0.007223 -4.884450
v 3.491134 -0.007223 -4.884450
v 3.745147 -0.007223 -4.884450
v 3.750543 -0.007223 -4.884450
v 4.004556 -0.007223 -4.884450
v 4.009952 -0.007223 -4.884450
v 4.269360 -0.007223 -4.884450
v 4.523373 -0.007223 -4.884450
v 4.782782 -0.007223 -4.884450
v 4.788178 -0.007223 -4.884450
v 5.042191 -0.007223 -4.884450
v 5.047586 -0.007223 -4.884450
v 2.188694 1.165795 -4.884450
v 2.453499 1.165795 -4.884450
v 2.448103 1.165795 -4.884450
v 2.712908 1.165795 -4.884450
v 2.707512 1.165795 -4.884450
v 2.966921 1.165795 -4.884450
v 3.231725 1.165795 -4.884450
v 3.491134 1.165795 -4.884450
v 3.485738 1.165795 -4.884450
v 3.750543 1.165795 -4.884450
v 3.745147 1.165795 -4.884450
v 4.009952 1.165795 -4.884450
v 4.004556 1.165795 -4.884450
v 4.269360 1.165795 -4.884450
v 4.523373 1.165795 -4.884450
v 4.788178 1.165795 -4.884450
v 4.782782 1.165795 -4.884450
v 5.047586 1.165795 -4.884450
v 5.042191 1.165795 -4.884450
v 1.718089 0.023046 -2.658787
v 1.706594 0.023046 -2.670283
v 1.718089 0.023046 -2.258499
v 1.706594 0.023046 -2.269994
v 1.706594 0.023046 -2.040433
v 1.718089 0.023046 -2.051928
v 1.718089 0.023046 -1.858210
v 1.706594 0.023046 -1.869705
v 1.706594 1.258836 -2.670283
v 1.718089 1.258836 -2.658787
v 1.706594 1.258836 -2.269994
v 1.718089 1.258836 -2.258499
v 1.718089 1.258836 -2.051928
v 1.706594 1.258836 -2.040433
v 1.706594 1.258836 -1.869705
v 1.718089 1.258836 -1.858210
v 2.466360 -0.007223 -4.786953
v 2.453499 -0.007223 -4.799815
v 2.707512 -0.007223 -4.799815
v 2.694650 -0.007223 -4.786953
v 3.485738 -0.007223 -4.799815
v 3.472877 -0.007223 -4.786953
v 4.004556 -0.007223 -4.799815
v 3.991694 -0.007223 -4.786953
v 4.782782 -0.007223 -4.799815
v 4.769921 -0.007223 -4.786953
v 2.453499 1.165795 -4.799815
v 2.466360 1.165795 -4.786953
v 2.694650 1.165795 -4.786953
v 2.707512 1.165795 -4.799815
v 3.472877 1.165795 -4.786953
v 3.485738 1.165795 -4.799815
v 3.991694 1.165795 -4.786953
v 4.004556 1.165795 -4.799815
v 4.769921 1.165795 -4.786953
v 4.782782 1.165795 -4.799815
v 2.194090 -0.007223 -4.875285
v 2.203256 -0.007223 -4.884450
v 2.972316 -0.007223 -4.875285
v 2.981482 -0.007223 -4.884450
v 3.217164 -0.007223 -4.884450
v 3.226330 -0.007223 -4.875285
v 4.254798 -0.007223 -4.884450
v 4.263965 -0.007223 -4.875285
v 4.528769 -0.007223 -4.875285
v 4.537935 -0.007223 -4.884450
v 2.203256 1.165795 -4.884450
v 2.194090 1.165795 -4.875285
v 2.981482 1.165795 -4.884450
v 2.972316 1.165795 -4.875285
v 3.226330 1.165795 -4.875285
v 3.217164 1.165795 -4.884450
v 4.263965 1.165795 -4.875285
v 4.254798 1.165795 -4.884450
v 4.537935 1.165795 -4.884450
v 4.528769 1.165795 -4.875285
v 1.942532 1.165795 5.941173
v 1.942532 1.260054 5.941173
v 1.942532 1.165795 5.784495
v 1.942532 1.260054 5.784495
v 5.319643 1.260054 5.784495
v 5.319643 1.260054 5.941172
v 5.319643 1.165795 5.784495
v 5.319643 1.165795 5.941172
v 1.942532 -0.007223 5.814085
v 5.319643 -0.007223 5.814085
v 1.942532 1.165795 5.814085
v 5.319643 1.165795 5.814085
v 2.202310 -0.007223 5.935010
v 2.462088 -0.007223 5.935010
v 2.721866 -0.007223 5.935010
v 2.981643 -0.007223 5.935010
v 3.241421 -0.007223 5.935010
v 3.501199 -0.007223 5.935010
v 3.760977 -0.007223 5.935010
v 4.020754 -0.007223 5.935010
v 4.280532 -0.007223 5.935010
v 4.540309 -0.007223 5.935010
v 4.800087 -0.007223 5.935010
v 5.059865 -0.007223 5.935010
v 2.202310 1.165795 5.935010
v 2.462088 1.165795 5.935010
v 2.721866 1.165795 5.935010
v 2.981643 1.165795 5.935010
v 3.241421 1.165795 5.935010
v 3.501199 1.165795 5.935010
v 3.760977 1.165795 5.935010
v 4.020754 1.165795 5.935010
v 4.280532 1.165795 5.935010
v 4.540309 1.165795 5.935010
v 4.800087 1.165795 5.935010
v 5.059865 1.165795 5.935010
v 2.199608 -0.007223 5.814085
v 2.205012 -0.007223 5.814085
v 2.459386 -0.007223 5.814085
v 2.464789 -0.007223 5.814085
v 2.719164 -0.007223 5.814085
v 2.724567 -0.007223 5.814085
v 2.978942 -0.007223 5.814085
v 2.984345 -0.007223 5.814085
v 3.238719 -0.007223 5.814085
v 3.244123 -0.007223 5.814085
v 3.498497 -0.007223 5.814085
v 3.503901 -0.007223 5.814085
v 3.758275 -0.007223 5.814085
v 3.763678 -0.007223 5.814085
v 4.018053 -0.007223 5.814085
v 4.023456 -0.007223 5.814085
v 4.277831 -0.007223 5.814085
v 4.283234 -0.007223 5.814085
v 4.537608 -0.007223 5.814085
v 4.543011 -0.007223 5.814085
v 4.797386 -0.007223 5.814085
v 4.802789 -0.007223 5.814085
v 5.057164 -0.007223 5.814085
v 5.062567 -0.007223 5.814085
v 2.205012 1.165795 5.814085
v 2.199608 1.165795 5.814085
v 2.464789 1.165795 5.814085
v 2.459386 1.165795 5.814085
v 2.724567 1.165795 5.814085
v 2.719164 1.165795 5.814085
v 2.984345 1.165795 5.814085
v 2.978942 1.165795 5.814085
v 3.244123 1.165795 5.814085
v 3.238719 1.165795 5.814085
v 3.503901 1.165795 5.814085
v 3.498497 1.165795 5.814085
v 3.763678 1.165795 5.814085
v 3.758275 1.165795 5.814085
v 4.023456 1.165795 5.814085
v 4.018053 1.165795 5.814085
v 4.283234 1.165795 5.814085
v 4.277831 1.165795 5.814085
v 4.543011 1.165795 5.814085
v 4.537608 1.165795 5.814085
v 4.802789 1.165795 5.814085
v 4.797386 1.165795 5.814085
v 5.062567 1.165795 5.814085
v 5.057164 1.165795 5.814085
v 5.319643 1.165795 5.935010
v 5.319643 -0.007223 5.935010
v 1.942532 1.165795 5.935010
v 1.942532 -0.007223 5.935010
v -2.046716 1.165795 2.332597
v -2.046716 1.260054 2.332597
v -2.046716 1.165795 2.175920
v -2.046716 1.260054 2.175920
v -5.419030 1.260054 2.175920
v -5.419030 1.260054 2.332597
v -5.419030 1.165795 2.175920
v -5.419030 1.165795 2.332597
v -1.792724 -0.007219 5.663555
v -1.881960 -0.007219 5.663555
v -1.792724 0.023046 3.833953
v -1.881960 0.023046 3.833953
v -1.792724 1.258836 3.833953
v -1.792724 1.289101 5.663555
v -1.881960 1.289101 5.663555
v -1.881960 1.258836 3.833953
v -1.792724 -0.007219 3.805650
v -1.881960 -0.007219 3.805650
v -1.792724 0.023046 5.635252
v -1.881960 0.023046 5.635252
v -1.792724 1.289101 3.805650
v -1.881960 1.289101 3.805650
v -1.792724 1.258836 5.635252
v -1.881960 1.258836 5.635252
v -1.800540 1.252157 5.657745
v -1.800540 0.609615 4.753397
v -1.800540 0.672266 4.715808
v -1.800540 0.971998 5.152700
v -1.800540 0.927779 5.217154
v -1.821326 1.282707 5.594962
v -1.821326 1.252157 5.657745
v -1.821326 -0.000886 3.849512
v -1.821326 0.032245 3.817873
v -1.821326 0.672266 4.715808
v -1.821326 0.609615 4.753397
v -1.821326 0.927779 5.217154
v -1.821326 0.971998 5.152700
v -1.821326 0.309884 4.316505
v -1.821326 0.354103 4.252050
v -1.800540 1.282707 5.594962
v -1.800540 0.309884 4.316505
v -1.800540 0.354103 4.252050
v -1.800540 0.032245 3.817873
v -1.800540 -0.000886 3.849512
v -1.853358 1.258836 5.635252
v -1.853358 0.023046 5.635252
v -1.821326 0.023046 5.635252
v -1.821326 1.258836 5.635252
v -1.821326 0.023046 3.833953
v -1.853359 0.023046 3.833953
v -1.821326 1.258836 3.833953
v -1.853359 1.258836 3.833953
v -1.821326 0.023046 4.037310
v -1.821326 0.023046 4.030884
v -1.821326 0.023046 4.237454
v -1.821326 0.023046 4.437599
v -1.821326 0.023046 4.637743
v -1.821326 0.023046 4.837887
v -1.821326 0.023046 4.831461
v -1.821326 0.023046 5.038032
v -1.821326 0.023046 5.231750
v -1.821326 0.023046 5.438321
v -1.821326 1.258836 4.030884
v -1.821326 1.258836 4.037310
v -1.821326 1.258836 4.237454
v -1.821326 1.258836 4.437599
v -1.821326 1.258836 4.637743
v -1.821326 1.258836 4.831461
v -1.821326 1.258836 4.837887
v -1.821326 1.258836 5.038032
v -1.821326 1.258836 5.231750
v -1.821326 1.258836 5.438321
v -1.853358 0.023046 5.431895
v -1.853358 0.023046 5.438321
v -1.853358 0.023046 5.231750
v -1.853358 0.023046 5.238176
v -1.853358 0.023046 5.031606
v -1.853358 0.023046 5.038032
v -1.853358 0.023046 4.831461
v -1.853358 0.023046 4.837887
v -1.853359 0.023046 4.631317
v -1.853359 0.023046 4.637743
v -1.853359 0.023046 4.431173
v -1.853359 0.023046 4.437599
v -1.853359 0.023046 4.231028
v -1.853359 0.023046 4.237454
v -1.853359 0.023046 4.030884
v -1.853359 0.023046 4.037310
v -1.853358 1.258836 5.438321
v -1.853358 1.258836 5.431895
v -1.853358 1.258836 5.238176
v -1.853358 1.258836 5.231750
v -1.853358 1.258836 5.038032
v -1.853358 1.258836 5.031606
v -1.853358 1.258836 4.837887
v -1.853358 1.258836 4.831461
v -1.853359 1.258836 4.637743
v -1.853359 1.258836 4.631317
v -1.853359 1.258836 4.437599
v -1.853359 1.258836 4.431173
v -1.853359 1.258836 4.237454
v -1.853359 1.258836 4.231028
v -1.853359 1.258836 4.037310
v -1.853359 1.258836 4.030884
v -1.853359 0.029725 5.657745
v -1.853359 0.672266 4.753397
v -1.853359 0.609615 4.715808
v -1.853359 0.309884 5.152700
v -1.853359 0.354103 5.217154
v -1.874144 -0.000825 5.594962
v -1.874144 0.029725 5.657745
v -1.874144 1.282768 3.849512
v -1.874144 1.249637 3.817873
v -1.874144 0.609615 4.715808
v -1.874144 0.672266 4.753397
v -1.874144 0.354103 5.217154
v -1.874144 0.309884 5.152700
v -1.874144 0.971998 4.316505
v -1.874144 0.927779 4.252050
v -1.853359 -0.000825 5.594962
v -1.853359 0.971998 4.316505
v -1.853359 0.927779 4.252050
v -1.853359 1.249637 3.817873
v -1.853359 1.282768 3.849512
v -2.046716 -0.007223 2.303007
v -2.046716 -0.007223 2.205510
v -5.419030 -0.007223 2.205510
v -5.419030 -0.007223 2.303007
v -2.046716 1.165795 2.303007
v -5.419030 1.165795 2.303007
v -2.046716 1.165795 2.205510
v -5.419030 1.165795 2.205510
v -2.308823 -0.007223 2.303007
v -2.303427 -0.007223 2.303007
v -2.568232 -0.007223 2.303007
v -2.562836 -0.007223 2.303007
v -2.822245 -0.007223 2.303007
v -3.087049 -0.007223 2.303007
v -3.081654 -0.007223 2.303007
v -3.346458 -0.007223 2.303007
v -3.600471 -0.007223 2.303007
v -3.865275 -0.007223 2.303007
v -3.859880 -0.007223 2.303007
v -4.124684 -0.007223 2.303007
v -4.384093 -0.007223 2.303007
v -4.643502 -0.007223 2.303007
v -4.638106 -0.007223 2.303007
v -4.897515 -0.007223 2.303007
v -5.162319 -0.007223 2.303007
v -5.156924 -0.007223 2.303007
v -2.303427 1.165795 2.303007
v -2.308823 1.165795 2.303007
v -2.562836 1.165795 2.303007
v -2.568232 1.165795 2.303007
v -2.822245 1.165795 2.303007
v -3.081654 1.165795 2.303007
v -3.087049 1.165795 2.303007
v -3.346458 1.165795 2.303007
v -3.600471 1.165795 2.303007
v -3.859880 1.165795 2.303007
v -3.865275 1.165795 2.303007
v -4.124684 1.165795 2.303007
v -4.384093 1.165795 2.303007
v -4.638106 1.165795 2.303007
v -4.643502 1.165795 2.303007
v -4.897515 1.165795 2.303007
v -5.156924 1.165795 2.303007
v -5.162319 1.165795 2.303007
v -2.303427 -0.007223 2.205510
v -2.308823 -0.007223 2.205510
v -2.562836 -0.007223 2.205510
v -2.822245 -0.007223 2.205510
v -2.827640 -0.007223 2.205510
v -3.081654 -0.007223 2.205510
v -3.087049 -0.007223 2.205510
v -3.341062 -0.007223 2.205510
v -3.346458 -0.007223 2.205510
v -3.600471 -0.007223 2.205510
v -3.859880 -0.007223 2.205510
v -3.865275 -0.007223 2.205510
v -4.119288 -0.007223 2.205510
v -4.124684 -0.007223 2.205510
v -4.384093 -0.007223 2.205510
v -4.638106 -0.007223 2.205510
v -4.902911 -0.007223 2.205510
v -5.156924 -0.007223 2.205510
v -5.162319 -0.007223 2.205510
v -2.308823 1.165795 2.205510
v -2.303427 1.165795 2.205510
v -2.562836 1.165795 2.205510
v -2.827640 1.165795 2.205510
v -2.822245 1.165795 2.205510
v -3.087049 1.165795 2.205510
v -3.081654 1.165795 2.205510
v -3.346458 1.165795 2.205510
v -3.341062 1.165795 2.205510
v -3.600471 1.165795 2.205510
v -3.865275 1.165795 2.205510
v -3.859880 1.165795 2.205510
v -4.124684 1.165795 2.205510
v -4.119288 1.165795 2.205510
v -4.384093 1.165795 2.205510
v -4.638106 1.165795 2.205510
v -4.902911 1.165795 2.205510
v -5.162319 1.165795 2.205510
v -5.156924 1.165795 2.205510
v -1.828145 0.023046 4.231028
v -1.821326 0.023046 4.224209
v -1.828145 0.023046 4.431173
v -1.821326 0.023046 4.424353
v -1.828145 0.023046 4.631317
v -1.821326 0.023046 4.624498
v -1.828145 0.023046 5.031606
v -1.821326 0.023046 5.024786
v -1.821326 0.023046 5.244996
v -1.828145 0.023046 5.238176
v -1.828145 0.023046 5.431895
v -1.821326 0.023046 5.425075
v -1.821326 1.258836 4.224209
v -1.828145 1.258836 4.231028
v -1.821326 1.258836 4.424353
v -1.828145 1.258836 4.431173
v -1.821326 1.258836 4.624498
v -1.828145 1.258836 4.631317
v -1.821326 1.258836 5.024786
v -1.828145 1.258836 5.031606
v -1.828145 1.258836 5.238176
v -1.821326 1.258836 5.244996
v -1.821326 1.258836 5.425075
v -1.828145 1.258836 5.431895
v -2.842720 -0.007223 2.303007
v -2.827640 -0.007223 2.287928
v -3.341062 -0.007223 2.287928
v -3.325983 -0.007223 2.303007
v -3.620946 -0.007223 2.303007
v -3.605867 -0.007223 2.287928
v -4.119288 -0.007223 2.287928
v -4.104209 -0.007223 2.303007
v -4.378697 -0.007223 2.287928
v -4.363618 -0.007223 2.303007
v -4.917990 -0.007223 2.303007
v -4.902911 -0.007223 2.287928
v -2.827640 1.165795 2.287928
v -2.842720 1.165795 2.303007
v -3.325983 1.165795 2.303007
v -3.341062 1.165795 2.287928
v -3.605867 1.165795 2.287928
v -3.620946 1.165795 2.303007
v -4.104209 1.165795 2.303007
v -4.119288 1.165795 2.287928
v -4.363618 1.165795 2.303007
v -4.378697 1.165795 2.287928
v -4.902911 1.165795 2.287928
v -4.917990 1.165795 2.303007
v -2.568232 -0.007223 2.214795
v -2.577517 -0.007223 2.205510
v -3.605867 -0.007223 2.214795
v -3.615152 -0.007223 2.205510
v -4.369412 -0.007223 2.205510
v -4.378697 -0.007223 2.214795
v -4.643502 -0.007223 2.214795
v -4.652787 -0.007223 2.205510
v -4.888229 -0.007223 2.205510
v -4.897515 -0.007223 2.214795
v -2.577517 1.165795 2.205510
v -2.568232 1.165795 2.214795
v -3.615152 1.165795 2.205510
v -3.605867 1.165795 2.214795
v -4.378697 1.165795 2.214795
v -4.369412 1.165795 2.205510
v -4.652787 1.165795 2.205510
v -4.643502 1.165795 2.214795
v -4.897515 1.165795 2.214795
v -4.888229 1.165795 2.205510
v -2.046716 1.165795 -1.215576
v -2.046716 1.260054 -1.215576
v -2.046716 1.165795 -1.372253
v -2.046716 1.260054 -1.372253
v -5.419030 1.260054 -1.372253
v -5.419030 1.260054 -1.215576
v -5.419030 1.165795 -1.372253
v -5.419030 1.165795 -1.215576
v -1.792724 -0.007219 2.115382
v -1.881960 -0.007219 2.115382
v -1.792724 0.023046 0.285780
v -1.881960 0.023046 0.285780
v -1.792724 1.258836 0.285780
v -1.792724 1.289101 2.115382
v -1.881960 1.289101 2.115382
v -1.881960 1.258836 0.285780
v -1.792724 -0.007219 0.257477
v -1.881960 -0.007219 0.257477
v -1.792724 0.023046 2.087079
v -1.881960 0.023046 2.087079
v -1.792724 1.289101 0.257477
v -1.881960 1.289101 0.257477
v -1.792724 1.258836 2.087079
v -1.881960 1.258836 2.087079
v -1.800540 1.252157 2.109572
v -1.800540 0.609615 1.205223
v -1.800540 0.672266 1.167635
v -1.800540 0.971998 1.604527
v -1.800540 0.927779 1.668981
v -1.821326 1.282707 2.046788
v -1.821326 1.252157 2.109572
v -1.821326 -0.000886 0.301339
v -1.821326 0.032245 0.269700
v -1.821326 0.672266 1.167635
v -1.821326 0.609615 1.205223
v -1.821326 0.927779 1.668981
v -1.821326 0.971998 1.604527
v -1.821326 0.309884 0.768332
v -1.821326 0.354103 0.703877
v -1.800540 1.282707 2.046788
v -1.800540 0.309884 0.768332
v -1.800540 0.354103 0.703877
v -1.800540 0.032245 0.269700
v -1.800540 -0.000886 0.301339
v -1.853358 1.258836 2.087079
v -1.853358 0.023046 2.087079
v -1.821326 0.023046 2.087079
v -1.821326 1.258836 2.087079
v -1.821326 0.023046 0.285780
v -1.853359 0.023046 0.285780
v -1.821326 1.258836 0.285780
v -1.853359 1.258836 0.285780
v -1.821326 0.023046 0.489137
v -1.821326 0.023046 0.482711
v -1.821326 0.023046 0.689281
v -1.821326 0.023046 0.889426
v -1.821326 0.023046 0.883000
v -1.821326 0.023046 1.083144
v -1.821326 0.023046 1.289714
v -1.821326 0.023046 1.489859
v -1.821326 0.023046 1.483433
v -1.821326 0.023046 1.690003
v -1.821326 0.023046 1.883722
v -1.821326 1.258836 0.482711
v -1.821326 1.258836 0.489137
v -1.821326 1.258836 0.689281
v -1.821326 1.258836 0.883000
v -1.821326 1.258836 0.889426
v -1.821326 1.258836 1.083144
v -1.821326 1.258836 1.289714
v -1.821326 1.258836 1.483433
v -1.821326 1.258836 1.489859
v -1.821326 1.258836 1.690003
v -1.821326 1.258836 1.883722
v -1.853358 0.023046 1.883722
v -1.853358 0.023046 1.890148
v -1.853358 0.023046 1.683577
v -1.853358 0.023046 1.690003
v -1.853358 0.023046 1.489859
v -1.853358 0.023046 1.283288
v -1.853358 0.023046 1.289714
v -1.853359 0.023046 1.089570
v -1.853359 0.023046 0.883000
v -1.853359 0.023046 0.889426
v -1.853359 0.023046 0.682855
v -1.853359 0.023046 0.689281
v -1.853359 0.023046 0.482711
v -1.853359 0.023046 0.489137
v -1.853358 1.258836 1.890148
v -1.853358 1.258836 1.883722
v -1.853358 1.258836 1.690003
v -1.853358 1.258836 1.683577
v -1.853358 1.258836 1.489859
v -1.853358 1.258836 1.289714
v -1.853358 1.258836 1.283288
v -1.853359 1.258836 1.089570
v -1.853359 1.258836 0.889426
v -1.853359 1.258836 0.883000
v -1.853359 1.258836 0.689281
v -1.853359 1.258836 0.682855
v -1.853359 1.258836 0.489137
v -1.853359 1.258836 0.482711
v -1.853359 0.029725 2.109572
v -1.853359 0.672266 1.205223
v -1.853359 0.609615 1.167635
v -1.853359 0.309884 1.604527
v -1.853359 0.354103 1.668981
v -1.874144 -0.000825 2.046788
v -1.874144 0.029725 2.109572
v -1.874144 1.282768 0.301339
v -1.874144 1.249637 0.269700
v -1.874144 0.609615 1.167635
v -1.874144 0.672266 1.205223
v -1.874144 0.354103 1.668981
v -1.874144 0.309884 1.604527
v -1.874144 0.971998 0.768332
v -1.874144 0.927779 0.703877
v -1.853359 -0.000825 2.046788
v -1.853359 0.971998 0.768332
v -1.853359 0.927779 0.703877
v -1.853359 1.249637 0.269700
v -1.853359 1.282768 0.301339
v -2.046716 -0.007223 -1.245166
v -2.046716 -0.007223 -1.342663
v -5.419030 -0.007223 -1.342663
v -5.419030 -0.007223 -1.245166
v -2.046716 1.165795 -1.245166
v -5.419030 1.165795 -1.245166
v -2.046716 1.165795 -1.342663
v -5.419030 1.165795 -1.342663
v -2.308823 -0.007223 -1.245166
v -2.303427 -0.007223 -1.245166
v -2.568232 -0.007223 -1.245166
v -2.562836 -0.007223 -1.245166
v -2.822245 -0.007223 -1.245166
v -3.087049 -0.007223 -1.245166
v -3.346458 -0.007223 -1.245166
v -3.341062 -0.007223 -1.245166
v -3.605867 -0.007223 -1.245166
v -3.600471 -0.007223 -1.245166
v -3.865275 -0.007223 -1.245166
v -3.859880 -0.007223 -1.245166
v -4.124684 -0.007223 -1.245166
v -4.384093 -0.007223 -1.245166
v -4.378697 -0.007223 -1.245166
v -4.638106 -0.007223 -1.245166
v -4.902911 -0.007223 -1.245166
v -5.162319 -0.007223 -1.245166
v -5.156924 -0.007223 -1.245166
v -2.303427 1.165795 -1.245166
v -2.308823 1.165795 -1.245166
v -2.562836 1.165795 -1.245166
v -2.568232 1.165795 -1.245166
v -2.822245 1.165795 -1.245166
v -3.087049 1.165795 -1.245166
v -3.341062 1.165795 -1.245166
v -3.346458 1.165795 -1.245166
v -3.600471 1.165795 -1.245166
v -3.605867 1.165795 -1.245166
v -3.859880 1.165795 -1.245166
v -3.865275 1.165795 -1.245166
v -4.124684 1.165795 -1.245166
v -4.378697 1.165795 -1.245166
v -4.384093 1.165795 -1.245166
v -4.638106 1.165795 -1.245166
v -4.902911 1.165795 -1.245166
v -5.156924 1.165795 -1.245166
v -5.162319 1.165795 -1.245166
v -2.303427 -0.007223 -1.342663
v -2.308823 -0.007223 -1.342663
v -2.568232 -0.007223 -1.342663
v -2.822245 -0.007223 -1.342663
v -2.827640 -0.007223 -1.342663
v -3.081654 -0.007223 -1.342663
v -3.087049 -0.007223 -1.342663
v -3.346458 -0.007223 -1.342663
v -3.600471 -0.007223 -1.342663
v -3.605867 -0.007223 -1.342663
v -3.859880 -0.007223 -1.342663
v -3.865275 -0.007223 -1.342663
v -4.119288 -0.007223 -1.342663
v -4.384093 -0.007223 -1.342663
v -4.638106 -0.007223 -1.342663
v -4.643502 -0.007223 -1.342663
v -4.897515 -0.007223 -1.342663
v -4.902911 -0.007223 -1.342663
v -5.162319 -0.007223 -1.342663
v -2.308823 1.165795 -1.342663
v -2.303427 1.165795 -1.342663
v -2.568232 1.165795 -1.342663
v -2.827640 1.165795 -1.342663
v -2.822245 1.165795 -1.342663
v -3.087049 1.165795 -1.342663
v -3.081654 1.165795 -1.342663
v -3.346458 1.165795 -1.342663
v -3.605867 1.165795 -1.342663
v -3.600471 1.165795 -1.342663
v -3.865275 1.165795 -1.342663
v -3.859880 1.165795 -1.342663
v -4.119288 1.165795 -1.342663
v -4.384093 1.165795 -1.342663
v -4.643502 1.165795 -1.342663
v -4.638106 1.165795 -1.342663
v -4.902911 1.165795 -1.342663
v -4.897515 1.165795 -1.342663
v -5.162319 1.165795 -1.342663
v -1.828042 0.023046 0.682855
v -1.821326 0.023046 0.676139
v -1.821326 0.023046 1.096286
v -1.828042 0.023046 1.089570
v -1.828042 0.023046 1.283288
v -1.821326 0.023046 1.276572
v -1.828042 0.023046 1.683577
v -1.821326 0.023046 1.676861
v -1.821326 0.023046 1.896864
v -1.828042 0.023046 1.890148
v -1.821326 1.258836 0.676139
v -1.828042 1.258836 0.682855
v -1.828042 1.258836 1.089570
v -1.821326 1.258836 1.096286
v -1.821326 1.258836 1.276572
v -1.828042 1.258836 1.283288
v -1.821326 1.258836 1.676861
v -1.828042 1.258836 1.683577
v -1.828042 1.258836 1.890148
v -1.821326 1.258836 1.896864
v -1.853358 0.023046 1.477921
v -1.847847 0.023046 1.483433
v -1.853359 0.023046 1.077632
v -1.847847 0.023046 1.083144
v -1.847847 1.258836 1.483433
v -1.853358 1.258836 1.477921
v -1.847847 1.258836 1.083144
v -1.853359 1.258836 1.077632
v -2.839165 -0.007223 -1.245166
v -2.827640 -0.007223 -1.256691
v -3.081654 -0.007223 -1.256691
v -3.070129 -0.007223 -1.245166
v -4.119288 -0.007223 -1.256691
v -4.107764 -0.007223 -1.245166
v -4.655026 -0.007223 -1.245166
v -4.643502 -0.007223 -1.256691
v -4.897515 -0.007223 -1.256691
v -4.885991 -0.007223 -1.245166
v -2.827640 1.165795 -1.256691
v -2.839165 1.165795 -1.245166
v -3.070129 1.165795 -1.245166
v -3.081654 1.165795 -1.256691
v -4.107764 1.165795 -1.245166
v -4.119288 1.165795 -1.256691
v -4.643502 1.165795 -1.256691
v -4.655026 1.165795 -1.245166
v -4.885991 1.165795 -1.245166
v -4.897515 1.165795 -1.256691
v -2.552667 -0.007223 -1.342663
v -2.562836 -0.007223 -1.332494
v -3.330893 -0.007223 -1.342663
v -3.341062 -0.007223 -1.332494
v -4.124684 -0.007223 -1.332494
v -4.134853 -0.007223 -1.342663
v -4.368528 -0.007223 -1.342663
v -4.378697 -0.007223 -1.332494
v -5.146755 -0.007223 -1.342663
v -5.156924 -0.007223 -1.332494
v -2.562836 1.165795 -1.332494
v -2.552667 1.165795 -1.342663
v -3.341062 1.165795 -1.332494
v -3.330893 1.165795 -1.342663
v -4.134853 1.165795 -1.342663
v -4.124684 1.165795 -1.332494
v -4.378697 1.165795 -1.332494
v -4.368528 1.165795 -1.342663
v -5.156924 1.165795 -1.332494
v -5.146755 1.165795 -1.342663
v -2.046716 1.165795 -4.757363
v -2.046716 1.260054 -4.757363
v -2.046716 1.165795 -4.914040
v -2.046716 1.260054 -4.914040
v -5.419030 1.260054 -4.914040
v -5.419030 1.260054 -4.757363
v -5.419030 1.165795 -4.914040
v -5.419030 1.165795 -4.757363
v -1.792724 -0.007219 -1.426405
v -1.881960 -0.007219 -1.426405
v -1.792724 0.023046 -3.256007
v -1.881960 0.023046 -3.256007
v -1.792724 1.258836 -3.256007
v -1.792724 1.289101 -1.426405
v -1.881960 1.289101 -1.426405
v -1.881960 1.258836 -3.256007
v -1.792724 -0.007219 -3.284310
v -1.881960 -0.007219 -3.284310
v -1.792724 0.023046 -1.454708
v -1.881960 0.023046 -1.454708
v -1.792724 1.289101 -3.284310
v -1.881960 1.289101 -3.284310
v -1.792724 1.258836 -1.454708
v -1.881960 1.258836 -1.454708
v -1.800540 1.252157 -1.432215
v -1.800540 0.609615 -2.336564
v -1.800540 0.672266 -2.374152
v -1.800540 0.971998 -1.937260
v -1.800540 0.927779 -1.872806
v -1.821326 1.282707 -1.494999
v -1.821326 1.252157 -1.432215
v -1.821326 -0.000886 -3.240448
v -1.821326 0.032245 -3.272087
v -1.821326 0.672266 -2.374152
v -1.821326 0.609615 -2.336564
v -1.821326 0.927779 -1.872806
v -1.821326 0.971998 -1.937260
v -1.821326 0.309884 -2.773455
v -1.821326 0.354103 -2.837910
v -1.800540 1.282707 -1.494999
v -1.800540 0.309884 -2.773455
v -1.800540 0.354103 -2.837910
v -1.800540 0.032245 -3.272087
v -1.800540 -0.000886 -3.240448
v -1.853358 1.258836 -1.454708
v -1.853358 0.023046 -1.454708
v -1.821326 0.023046 -1.454708
v -1.821326 1.258836 -1.454708
v -1.821326 0.023046 -3.256007
v -1.853359 0.023046 -3.256007
v -1.821326 1.258836 -3.256007
v -1.853359 1.258836 -3.256007
v -1.821326 0.023046 -3.052650
v -1.821326 0.023046 -3.059076
v -1.821326 0.023046 -2.852506
v -1.821326 0.023046 -2.858932
v -1.821326 0.023046 -2.652361
v -1.821326 0.023046 -2.452217
v -1.821326 0.023046 -2.458643
v -1.821326 0.023046 -2.252073
v -1.821326 0.023046 -2.058354
v -1.821326 0.023046 -1.851784
v -1.821326 0.023046 -1.651639
v -1.821326 0.023046 -1.658065
v -1.821326 1.258836 -3.059076
v -1.821326 1.258836 -3.052650
v -1.821326 1.258836 -2.858932
v -1.821326 1.258836 -2.852506
v -1.821326 1.258836 -2.652361
v -1.821326 1.258836 -2.458643
v -1.821326 1.258836 -2.452217
v -1.821326 1.258836 -2.252073
v -1.821326 1.258836 -2.058354
v -1.821326 1.258836 -1.851784
v -1.821326 1.258836 -1.658065
v -1.821326 1.258836 -1.651639
v -1.853358 0.023046 -1.658065
v -1.853358 0.023046 -1.651639
v -1.853358 0.023046 -1.858210
v -1.853358 0.023046 -1.851784
v -1.853358 0.023046 -2.058354
v -1.853358 0.023046 -2.051928
v -1.853358 0.023046 -2.258499
v -1.853358 0.023046 -2.252073
v -1.853359 0.023046 -2.458643
v -1.853359 0.023046 -2.452217
v -1.853359 0.023046 -2.658787
v -1.853359 0.023046 -2.652361
v -1.853359 0.023046 -2.858932
v -1.853359 0.023046 -2.852506
v -1.853359 0.023046 -3.059076
v -1.853359 0.023046 -3.052650
v -1.853358 1.258836 -1.651639
v -1.853358 1.258836 -1.658065
v -1.853358 1.258836 -1.851784
v -1.853358 1.258836 -1.858210
v -1.853358 1.258836 -2.051928
v -1.853358 1.258836 -2.058354
v -1.853358 1.258836 -2.252073
v -1.853358 1.258836 -2.258499
v -1.853359 1.258836 -2.452217
v -1.853359 1.258836 -2.458643
v -1.853359 1.258836 -2.652361
v -1.853359 1.258836 -2.658787
v -1.853359 1.258836 -2.852506
v -1.853359 1.258836 -2.858932
v -1.853359 1.258836 -3.052650
v -1.853359 1.258836 -3.059076
v -1.853359 0.029725 -1.432215
v -1.853359 0.672266 -2.336564
v -1.853359 0.609615 -2.374152
v -1.853359 0.309884 -1.937260
v -1.853359 0.354103 -1.872806
v -1.874144 -0.000825 -1.494999
v -1.874144 0.029725 -1.432215
v -1.874144 1.282768 -3.240448
v -1.874144 1.249637 -3.272087
v -1.874144 0.609615 -2.374152
v -1.874144 0.672266 -2.336564
v -1.874144 0.354103 -1.872806
v -1.874144 0.309884 -1.937260
v -1.874144 0.971998 -2.773455
v -1.874144 0.927779 -2.837910
v -1.853359 -0.000825 -1.494999
v -1.853359 0.971998 -2.773455
v -1.853359 0.927779 -2.837910
v -1.853359 1.249637 -3.272087
v -1.853359 1.282768 -3.240448
v -2.046716 -0.007223 -4.786953
v -2.046716 -0.007223 -4.884450
v -5.419030 -0.007223 -4.884450
v -5.419030 -0.007223 -4.786953
v -2.046716 1.165795 -4.786953
v -5.419030 1.165795 -4.786953
v -2.046716 1.165795 -4.884450
v -5.419030 1.165795 -4.884450
v -2.308823 -0.007223 -4.786953
v -2.303427 -0.007223 -4.786953
v -2.562836 -0.007223 -4.786953
v -2.827640 -0.007223 -4.786953
v -3.087049 -0.007223 -4.786953
v -3.081654 -0.007223 -4.786953
v -3.346458 -0.007223 -4.786953
v -3.341062 -0.007223 -4.786953
v -3.605867 -0.007223 -4.786953
v -3.865275 -0.007223 -4.786953
v -3.859880 -0.007223 -4.786953
v -4.124684 -0.007223 -4.786953
v -4.384093 -0.007223 -4.786953
v -4.378697 -0.007223 -4.786953
v -4.643502 -0.007223 -4.786953
v -4.638106 -0.007223 -4.786953
v -4.902911 -0.007223 -4.786953
v -5.162319 -0.007223 -4.786953
v -5.156924 -0.007223 -4.786953
v -2.303427 1.165795 -4.786953
v -2.308823 1.165795 -4.786953
v -2.562836 1.165795 -4.786953
v -2.827640 1.165795 -4.786953
v -3.081654 1.165795 -4.786953
v -3.087049 1.165795 -4.786953
v -3.341062 1.165795 -4.786953
v -3.346458 1.165795 -4.786953
v -3.605867 1.165795 -4.786953
v -3.859880 1.165795 -4.786953
v -3.865275 1.165795 -4.786953
v -4.124684 1.165795 -4.786953
v -4.378697 1.165795 -4.786953
v -4.384093 1.165795 -4.786953
v -4.638106 1.165795 -4.786953
v -4.643502 1.165795 -4.786953
v -4.902911 1.165795 -4.786953
v -5.156924 1.165795 -4.786953
v -5.162319 1.165795 -4.786953
v -2.303427 -0.007223 -4.884450
v -2.562836 -0.007223 -4.884450
v -2.568232 -0.007223 -4.884450
v -2.822245 -0.007223 -4.884450
v -2.827640 -0.007223 -4.884450
v -3.081654 -0.007223 -4.884450
v -3.346458 -0.007223 -4.884450
v -3.600471 -0.007223 -4.884450
v -3.605867 -0.007223 -4.884450
v -3.859880 -0.007223 -4.884450
v -3.865275 -0.007223 -4.884450
v -4.119288 -0.007223 -4.884450
v -4.124684 -0.007223 -4.884450
v -4.384093 -0.007223 -4.884450
v -4.638106 -0.007223 -4.884450
v -4.897515 -0.007223 -4.884450
v -4.902911 -0.007223 -4.884450
v -5.156924 -0.007223 -4.884450
v -5.162319 -0.007223 -4.884450
v -2.303427 1.165795 -4.884450
v -2.568232 1.165795 -4.884450
v -2.562836 1.165795 -4.884450
v -2.827640 1.165795 -4.884450
v -2.822245 1.165795 -4.884450
v -3.081654 1.165795 -4.884450
v -3.346458 1.165795 -4.884450
v -3.605867 1.165795 -4.884450
v -3.600471 1.165795 -4.884450
v -3.865275 1.165795 -4.884450
v -3.859880 1.165795 -4.884450
v -4.124684 1.165795 -4.884450
v -4.119288 1.165795 -4.884450
v -4.384093 1.165795 -4.884450
v -4.638106 1.165795 -4.884450
v -4.902911 1.165795 -4.884450
v -4.897515 1.165795 -4.884450
v -5.162319 1.165795 -4.884450
v -5.156924 1.165795 -4.884450
v -1.832822 0.023046 -2.658787
v -1.821326 0.023046 -2.670283
v -1.832821 0.023046 -2.258499
v -1.821326 0.023046 -2.269994
v -1.821326 0.023046 -2.040433
v -1.832821 0.023046 -2.051928
v -1.832821 0.023046 -1.858210
v -1.821326 0.023046 -1.869705
v -1.821326 1.258836 -2.670283
v -1.832822 1.258836 -2.658787
v -1.821326 1.258836 -2.269994
v -1.832821 1.258836 -2.258499
v -1.832821 1.258836 -2.051928
v -1.821326 1.258836 -2.040433
v -1.821326 1.258836 -1.869705
v -1.832821 1.258836 -1.858210
v -2.581093 -0.007223 -4.786953
v -2.568232 -0.007223 -4.799815
v -2.822245 -0.007223 -4.799815
v -2.809383 -0.007223 -4.786953
v -3.600471 -0.007223 -4.799815
v -3.587610 -0.007223 -4.786953
v -4.119288 -0.007223 -4.799815
v -4.106427 -0.007223 -4.786953
v -4.897515 -0.007223 -4.799815
v -4.884654 -0.007223 -4.786953
v -2.568232 1.165795 -4.799815
v -2.581093 1.165795 -4.786953
v -2.809383 1.165795 -4.786953
v -2.822245 1.165795 -4.799815
v -3.587610 1.165795 -4.786953
v -3.600471 1.165795 -4.799815
v -4.106427 1.165795 -4.786953
v -4.119288 1.165795 -4.799815
v -4.884654 1.165795 -4.786953
v -4.897515 1.165795 -4.799815
v -2.308823 -0.007223 -4.875285
v -2.317989 -0.007223 -4.884450
v -3.087049 -0.007223 -4.875285
v -3.096215 -0.007223 -4.884450
v -3.331897 -0.007223 -4.884450
v -3.341062 -0.007223 -4.875285
v -4.369531 -0.007223 -4.884450
v -4.378697 -0.007223 -4.875284
v -4.643502 -0.007223 -4.875284
v -4.652668 -0.007223 -4.884450
v -2.317989 1.165795 -4.884450
v -2.308823 1.165795 -4.875285
v -3.096215 1.165795 -4.884450
v -3.087049 1.165795 -4.875285
v -3.341062 1.165795 -4.875285
v -3.331897 1.165795 -4.884450
v -4.378697 1.165795 -4.875284
v -4.369531 1.165795 -4.884450
v -4.652668 1.165795 -4.884450
v -4.643502 1.165795 -4.875284
v -2.057265 1.165795 5.941173
v -2.057265 1.260054 5.941173
v -2.057265 1.165795 5.784496
v -2.057265 1.260054 5.784496
v -5.434376 1.260054 5.784496
v -5.434376 1.260054 5.941173
v -5.434376 1.165795 5.784496
v -5.434376 1.165795 5.941173
v -2.057265 -0.007223 5.814086
v -5.434376 -0.007223 5.814086
v -2.057265 1.165795 5.814086
v -5.434376 1.165795 5.814086
v -2.317043 -0.007223 5.935011
v -2.576820 -0.007223 5.935011
v -2.836598 -0.007223 5.935011
v -3.096376 -0.007223 5.935011
v -3.356154 -0.007223 5.935011
v -3.615932 -0.007223 5.935011
v -3.875709 -0.007223 5.935011
v -4.135487 -0.007223 5.935011
v -4.395265 -0.007223 5.935011
v -4.655042 -0.007223 5.935011
v -4.914820 -0.007223 5.935011
v -5.174598 -0.007223 5.935011
v -2.317043 1.165795 5.935011
v -2.576820 1.165795 5.935011
v -2.836598 1.165795 5.935011
v -3.096376 1.165795 5.935011
v -3.356154 1.165795 5.935011
v -3.615932 1.165795 5.935011
v -3.875709 1.165795 5.935011
v -4.135487 1.165795 5.935011
v -4.395265 1.165795 5.935011
v -4.655042 1.165795 5.935011
v -4.914820 1.165795 5.935011
v -5.174598 1.165795 5.935011
v -2.314341 -0.007223 5.814086
v -2.319744 -0.007223 5.814086
v -2.574119 -0.007223 5.814086
v -2.579522 -0.007223 5.814086
v -2.833897 -0.007223 5.814086
v -2.839300 -0.007223 5.814086
v -3.093674 -0.007223 5.814086
v -3.099078 -0.007223 5.814086
v -3.353452 -0.007223 5.814086
v -3.358855 -0.007223 5.814086
v -3.613230 -0.007223 5.814086
v -3.618633 -0.007223 5.814086
v -3.873008 -0.007223 5.814086
v -3.878411 -0.007223 5.814086
v -4.132785 -0.007223 5.814086
v -4.138189 -0.007223 5.814086
v -4.392563 -0.007223 5.814086
v -4.397966 -0.007223 5.814086
v -4.652341 -0.007223 5.814086
v -4.657744 -0.007223 5.814086
v -4.912119 -0.007223 5.814086
v -4.917522 -0.007223 5.814086
v -5.171896 -0.007223 5.814086
v -5.177300 -0.007223 5.814086
v -2.319744 1.165795 5.814086
v -2.314341 1.165795 5.814086
v -2.579522 1.165795 5.814086
v -2.574119 1.165795 5.814086
v -2.839300 1.165795 5.814086
v -2.833897 1.165795 5.814086
v -3.099078 1.165795 5.814086
v -3.093674 1.165795 5.814086
v -3.358855 1.165795 5.814086
v -3.353452 1.165795 5.814086
v -3.618633 1.165795 5.814086
v -3.613230 1.165795 5.814086
v -3.878411 1.165795 5.814086
v -3.873008 1.165795 5.814086
v -4.138189 1.165795 5.814086
v -4.132785 1.165795 5.814086
v -4.397966 1.165795 5.814086
v -4.392563 1.165795 5.814086
v -4.657744 1.165795 5.814086
v -4.652341 1.165795 5.814086
v -4.917522 1.165795 5.814086
v -4.912119 1.165795 5.814086
v -5.177300 1.165795 5.814086
v -5.171896 1.165795 5.814086
v -5.434376 1.165795 5.935011
v -5.434376 -0.007223 5.935011
v -2.057265 1.165795 5.935011
v -2.057265 -0.007223 5.935011
v 5.335905 1.795368 4.552284
v 5.335905 1.795368 3.965120
v 5.335905 1.822346 4.552284
v 5.335905 1.822346 3.965120
v 5.359390 1.822346 4.552284
v 5.359390 1.795368 4.552284
v 5.359390 1.795368 3.965120
v 5.359390 1.822346 3.965120
v 5.461071 1.355851 4.552284
v 5.461071 1.355851 3.965120
v 5.318921 1.355851 4.552284
v 5.318921 1.355851 3.965120
v 5.318921 1.418308 4.552284
v 5.461071 1.418308 4.552284
v 5.461071 1.418308 3.965120
v 5.318921 1.418308 3.965120
v 5.471381 2.198936 4.613494
v 5.471381 2.198936 3.903910
v 5.311692 2.198936 4.613494
v 5.311692 2.198936 3.903910
v 5.311692 2.246740 4.613494
v 5.471381 2.246740 4.613494
v 5.471381 2.246740 3.903910
v 5.311692 2.246740 3.903910
v 5.315259 2.198936 3.965120
v 5.315259 1.355851 3.965120
v 5.315259 2.198936 3.903910
v 5.315259 1.355851 3.903910
v 5.467814 2.198936 3.903910
v 5.467814 2.198936 3.965120
v 5.467814 1.355851 3.965120
v 5.467814 1.355851 3.903910
v 5.315259 2.198936 4.613494
v 5.315259 1.355851 4.613494
v 5.315259 2.198936 4.552284
v 5.315259 1.355851 4.552284
v 5.467814 2.198936 4.552284
v 5.467814 2.198936 4.613494
v 5.467814 1.355851 4.613494
v 5.467814 1.355851 4.552284
v 5.417037 1.418308 4.552285
v 5.417037 1.418308 3.965120
v 5.417037 2.199472 4.552285
v 5.417037 2.199472 3.965120
v 5.417037 2.159856 4.513886
v 5.417037 1.457925 4.513886
v 5.417037 1.457925 4.003518
v 5.417037 2.159856 4.003518
v 5.346825 1.418308 4.552285
v 5.346825 1.418308 3.965120
v 5.346825 2.199472 4.552285
v 5.346825 2.199472 3.965120
v 5.346825 2.159856 4.513886
v 5.346825 1.457925 4.513886
v 5.346825 1.457925 4.003518
v 5.346825 2.159856 4.003518
v 5.404472 1.795368 4.552284
v 5.404472 1.795368 3.965120
v 5.404472 1.822346 4.552284
v 5.404472 1.822346 3.965120
v 5.426938 1.822346 4.552284
v 5.426938 1.795368 4.552284
v 5.426938 1.795368 3.965120
v 5.426938 1.822346 3.965120
v -5.435966 1.795368 4.552285
v -5.435966 1.795368 3.965120
v -5.435966 1.822346 4.552285
v -5.435966 1.822346 3.965120
v -5.459451 1.822346 4.552285
v -5.459451 1.795368 4.552285
v -5.459451 1.795368 3.965120
v -5.459451 1.822346 3.965120
v -5.561131 1.355851 4.552285
v -5.561131 1.355851 3.965120
v -5.421972 1.355851 4.552285
v -5.421972 1.355851 3.965120
v -5.421972 1.418308 4.552285
v -5.561131 1.418308 4.552285
v -5.561131 1.418308 3.965120
v -5.421972 1.418308 3.965120
v -5.572670 2.198936 4.613495
v -5.572669 2.198936 3.903910
v -5.410537 2.198936 4.613495
v -5.410537 2.198936 3.903910
v -5.410537 2.246740 4.613495
v -5.572670 2.246740 4.613495
v -5.572669 2.246740 3.903910
v -5.410537 2.246740 3.903910
v -5.415318 2.198936 3.965120
v -5.415318 1.355851 3.965120
v -5.415318 2.198936 3.903910
v -5.415318 1.355851 3.903910
v -5.567875 2.198936 3.903910
v -5.567875 2.198936 3.965120
v -5.567874 1.355851 3.965120
v -5.567874 1.355851 3.903910
v -5.415319 2.198936 4.613495
v -5.415319 1.355851 4.613495
v -5.415319 2.198936 4.552285
v -5.415319 1.355851 4.552285
v -5.567875 2.198936 4.552285
v -5.567875 2.198936 4.613495
v -5.567875 1.355851 4.613495
v -5.567875 1.355851 4.552285
v -5.517097 1.418308 4.552285
v -5.517097 1.418308 3.965120
v -5.517097 2.199472 4.552285
v -5.517097 2.199472 3.965120
v -5.517097 2.159856 4.513887
v -5.517097 1.457925 4.513887
v -5.517097 1.457925 4.003519
v -5.517097 2.159856 4.003519
v -5.446886 1.418308 4.552285
v -5.446885 1.418308 3.965120
v -5.446886 2.199472 4.552285
v -5.446886 2.199472 3.965120
v -5.446886 2.159856 4.513887
v -5.446886 1.457925 4.513887
v -5.446885 1.457925 4.003519
v -5.446886 2.159856 4.003519
v -5.504533 1.795368 4.552285
v -5.504533 1.795368 3.965120
v -5.504533 1.822346 4.552285
v -5.504533 1.822346 3.965120
v -5.526999 1.822346 4.552285
v -5.526999 1.795368 4.552285
v -5.526999 1.795368 3.965120
v -5.526999 1.822346 3.965120
v 5.335905 1.795368 1.092317
v 5.335905 1.795368 0.505153
v 5.335905 1.822346 1.092317
v 5.335905 1.822346 0.505153
v 5.359390 1.822346 1.092317
v 5.359390 1.795368 1.092317
v 5.359390 1.795368 0.505153
v 5.359390 1.822346 0.505153
v 5.461071 1.355851 1.092317
v 5.461071 1.355851 0.505153
v 5.318996 1.355851 1.092317
v 5.318996 1.355851 0.505153
v 5.318996 1.418308 1.092317
v 5.461071 1.418308 1.092317
v 5.461071 1.418308 0.505153
v 5.318996 1.418308 0.505153
v 5.470975 2.198936 1.153527
v 5.470975 2.198936 0.443943
v 5.312097 2.198936 1.153527
v 5.312097 2.198936 0.443943
v 5.312097 2.246740 1.153527
v 5.470975 2.246740 1.153527
v 5.470975 2.246740 0.443943
v 5.312097 2.246740 0.443943
v 5.315259 2.198936 0.505153
v 5.315259 1.355851 0.505153
v 5.315259 2.198936 0.443943
v 5.315259 1.355851 0.443943
v 5.467814 2.198936 0.443943
v 5.467814 2.198936 0.505153
v 5.467814 1.355851 0.505153
v 5.467814 1.355851 0.443943
v 5.315259 2.198936 1.153527
v 5.315259 1.355851 1.153527
v 5.315259 2.198936 1.092317
v 5.315259 1.355851 1.092317
v 5.467814 2.198936 1.092317
v 5.467814 2.198936 1.153527
v 5.467814 1.355851 1.153527
v 5.467814 1.355851 1.092317
v 5.417037 1.418308 1.092317
v 5.417037 1.418308 0.505153
v 5.417037 2.199472 1.092317
v 5.417037 2.199472 0.505153
v 5.417037 2.159856 1.053919
v 5.417037 1.457925 1.053919
v 5.417037 1.457925 0.543552
v 5.417037 2.159856 0.543552
v 5.346825 1.418308 1.092317
v 5.346825 1.418308 0.505153
v 5.346825 2.199472 1.092317
v 5.346825 2.199472 0.505153
v 5.346825 2.159856 1.053919
v 5.346825 1.457925 1.053919
v 5.346825 1.457925 0.543552
v 5.346825 2.159856 0.543552
v 5.404472 1.795368 1.092317
v 5.404472 1.795368 0.505153
v 5.404472 1.822346 1.092317
v 5.404472 1.822346 0.505153
v 5.426938 1.822346 1.092317
v 5.426938 1.795368 1.092317
v 5.426938 1.795368 0.505153
v 5.426938 1.822346 0.505153
v -5.435966 1.795368 1.092317
v -5.435966 1.795368 0.505153
v -5.435966 1.822346 1.092317
v -5.435966 1.822346 0.505153
v -5.459451 1.822346 1.092317
v -5.459451 1.795368 1.092317
v -5.459451 1.795368 0.505153
v -5.459451 1.822346 0.505153
v -5.561131 1.355851 1.092317
v -5.561131 1.355851 0.505153
v -5.419428 1.355851 1.092317
v -5.419428 1.355851 0.505153
v -5.419428 1.418308 1.092317
v -5.561131 1.418308 1.092317
v -5.561131 1.418308 0.505153
v -5.419428 1.418308 0.505153
v -5.572228 2.198936 1.153527
v -5.572227 2.198936 0.443943
v -5.410965 2.198936 1.153527
v -5.410965 2.198936 0.443943
v -5.410965 2.246740 1.153527
v -5.572228 2.246740 1.153527
v -5.572227 2.246740 0.443943
v -5.410965 2.246740 0.443943
v -5.415318 2.198936 0.505153
v -5.415318 1.355851 0.505153
v -5.415318 2.198936 0.443943
v -5.415318 1.355851 0.443943
v -5.567875 2.198936 0.443943
v -5.567875 2.198936 0.505153
v -5.567874 1.355851 0.505153
v -5.567874 1.355851 0.443943
v -5.415319 2.198936 1.153527
v -5.415319 1.355851 1.153527
v -5.415319 2.198936 1.092317
v -5.415319 1.355851 1.092317
v -5.567875 2.198936 1.092317
v -5.567875 2.198936 1.153527
v -5.567875 1.355851 1.153527
v -5.567875 1.355851 1.092317
v -5.517097 1.418308 1.092317
v -5.517097 1.418308 0.505153
v -5.517097 2.199472 1.092317
v -5.517097 2.199472 0.505153
v -5.517097 2.159856 1.053919
v -5.517097 1.457925 1.053919
v -5.517097 1.457925 0.543552
v -5.517097 2.159856 0.543552
v -5.446886 1.418308 1.092317
v -5.446885 1.418308 0.505153
v -5.446886 2.199472 1.092317
v -5.446886 2.199472 0.505153
v -5.446886 2.159856 1.053919
v -5.446886 1.457925 1.053919
v -5.446885 1.457925 0.543552
v -5.446886 2.159856 0.543552
v -5.504533 1.795368 1.092317
v -5.504533 1.795368 0.505153
v -5.504533 1.822346 1.092317
v -5.504533 1.822346 0.505153
v -5.526999 1.822346 1.092317
v -5.526999 1.795368 1.092317
v -5.526999 1.795368 0.505153
v -5.526999 1.822346 0.505153
v 5.335905 1.795368 -2.468111
v 5.335905 1.795368 -3.055276
v 5.335905 1.822346 -2.468111
v 5.335905 1.822346 -3.055276
v 5.359390 1.822346 -2.468111
v 5.359390 1.795368 -2.468111
v 5.359390 1.795368 -3.055276
v 5.359390 1.822346 -3.055276
v 5.461071 1.355851 -2.468111
v 5.461071 1.355851 -3.055275
v 5.319709 1.355851 -2.468111
v 5.319709 1.355851 -3.055275
v 5.319709 1.418308 -2.468111
v 5.461071 1.418308 -2.468111
v 5.461071 1.418308 -3.055275
v 5.319709 1.418308 -3.055275
v 5.470709 2.198936 -2.406901
v 5.470709 2.198936 -3.116485
v 5.312363 2.198936 -2.406901
v 5.312363 2.198936 -3.116485
v 5.312363 2.246740 -2.406901
v 5.470709 2.246740 -2.406901
v 5.470709 2.246740 -3.116485
v 5.312363 2.246740 -3.116485
v 5.315259 2.198936 -3.055275
v 5.315259 1.355851 -3.055275
v 5.315259 2.198936 -3.116485
v 5.315259 1.355851 -3.116485
v 5.467814 2.198936 -3.116485
v 5.467814 2.198936 -3.055275
v 5.467814 1.355851 -3.055275
v 5.467814 1.355851 -3.116485
v 5.315259 2.198936 -2.406901
v 5.315259 1.355851 -2.406901
v 5.315259 2.198936 -2.468111
v 5.315259 1.355851 -2.468111
v 5.467814 2.198936 -2.468111
v 5.467814 2.198936 -2.406901
v 5.467814 1.355851 -2.406901
v 5.467814 1.355851 -2.468111
v 5.417037 1.418308 -2.468111
v 5.417037 1.418308 -3.055275
v 5.417037 2.199472 -2.468111
v 5.417037 2.199472 -3.055275
v 5.417037 2.159856 -2.506509
v 5.417037 1.457925 -2.506509
v 5.417037 1.457925 -3.016877
v 5.417037 2.159856 -3.016877
v 5.346825 1.418308 -2.468111
v 5.346825 1.418308 -3.055275
v 5.346825 2.199472 -2.468111
v 5.346825 2.199472 -3.055275
v 5.346825 2.159856 -2.506509
v 5.346825 1.457925 -2.506509
v 5.346825 1.457925 -3.016877
v 5.346825 2.159856 -3.016877
v 5.404472 1.795368 -2.468111
v 5.404472 1.795368 -3.055276
v 5.404472 1.822346 -2.468111
v 5.404472 1.822346 -3.055276
v 5.426938 1.822346 -2.468111
v 5.426938 1.795368 -2.468111
v 5.426938 1.795368 -3.055276
v 5.426938 1.822346 -3.055276
v -5.435966 1.795368 -2.468111
v -5.435966 1.795368 -3.055276
v -5.435966 1.822346 -2.468111
v -5.435966 1.822346 -3.055276
v -5.459451 1.822346 -2.468111
v -5.459451 1.795368 -2.468111
v -5.459451 1.795368 -3.055276
v -5.459451 1.822346 -3.055276
v -5.561131 1.355851 -2.468111
v -5.561131 1.355851 -3.055275
v -5.419851 1.355851 -2.468111
v -5.419851 1.355851 -3.055275
v -5.419851 1.418308 -2.468111
v -5.561131 1.418308 -2.468111
v -5.561131 1.418308 -3.055275
v -5.419851 1.418308 -3.055275
v -5.571383 2.198936 -2.406901
v -5.571383 2.198936 -3.116485
v -5.411810 2.198936 -2.406901
v -5.411810 2.198936 -3.116485
v -5.411810 2.246740 -2.406901
v -5.571383 2.246740 -2.406901
v -5.571383 2.246740 -3.116485
v -5.411810 2.246740 -3.116485
v -5.415318 2.198936 -3.055275
v -5.415318 1.355851 -3.055275
v -5.415318 2.198936 -3.116485
v -5.415318 1.355851 -3.116485
v -5.567875 2.198936 -3.116485
v -5.567875 2.198936 -3.055275
v -5.567874 1.355851 -3.055275
v -5.567874 1.355851 -3.116485
v -5.415319 2.198936 -2.406901
v -5.415319 1.355851 -2.406901
v -5.415319 2.198936 -2.468111
v -5.415319 1.355851 -2.468111
v -5.567875 2.198936 -2.468111
v -5.567875 2.198936 -2.406901
v -5.567875 1.355851 -2.406901
v -5.567875 1.355851 -2.468111
v -5.517097 1.418308 -2.468111
v -5.517097 1.418308 -3.055275
v -5.517097 2.199472 -2.468111
v -5.517097 2.199472 -3.055275
v -5.517097 2.159856 -2.506509
v -5.517097 1.457925 -2.506509
v -5.517097 1.457925 -3.016877
v -5.517097 2.159856 -3.016877
v -5.446886 1.418308 -2.468111
v -5.446885 1.418308 -3.055275
v -5.446886 2.199472 -2.468111
v -5.446886 2.199472 -3.055275
v -5.446886 2.159856 -2.506509
v -5.446886 1.457925 -2.506509
v -5.446885 1.457925 -3.016877
v -5.446886 2.159856 -3.016877
v -5.504533 1.795368 -2.468111
v -5.504533 1.795368 -3.055276
v -5.504533 1.822346 -2.468111
v -5.504533 1.822346 -3.055276
v -5.526999 1.822346 -2.468111
v -5.526999 1.795368 -2.468111
v -5.526999 1.795368 -3.055276
v -5.526999 1.822346 -3.055276
v 5.334391 1.762922 -5.474162
v 5.334391 1.762922 -6.224041
v 5.334391 1.789900 -5.474162
v 5.334391 1.789900 -6.224041
v 5.358589 1.789900 -5.474162
v 5.358589 1.762922 -5.474162
v 5.358589 1.762922 -6.224041
v 5.358589 1.789900 -6.224041
v 5.463357 1.323405 -5.474162
v 5.463357 1.323405 -6.224041
v 5.316562 1.323405 -5.474162
v 5.316562 1.323405 -6.224041
v 5.316562 1.385862 -5.474162
v 5.463357 1.385862 -5.474162
v 5.463357 1.385862 -6.224041
v 5.316562 1.385862 -6.224041
v 5.472872 2.380668 -5.412952
v 5.472872 2.380668 -6.285251
v 5.310551 2.380668 -5.412952
v 5.310551 2.380668 -6.285251
v 5.310551 2.428472 -5.412952
v 5.472872 2.428472 -5.412952
v 5.472872 2.428472 -6.285251
v 5.310551 2.428472 -6.285251
v 5.313117 2.380668 -6.224041
v 5.313117 1.323404 -6.224041
v 5.313117 2.380668 -6.285252
v 5.313117 1.323404 -6.285252
v 5.470305 2.380668 -6.285252
v 5.470305 2.380668 -6.224041
v 5.470305 1.323404 -6.224041
v 5.470305 1.323404 -6.285252
v 5.313117 2.380668 -5.412952
v 5.313117 1.323404 -5.412952
v 5.313117 2.380668 -5.474162
v 5.313117 1.323404 -5.474162
v 5.470305 2.380668 -5.474162
v 5.470305 2.380668 -5.412952
v 5.470305 1.323404 -5.412952
v 5.470305 1.323404 -5.474162
v 5.417987 1.385862 -5.474162
v 5.417987 1.385862 -6.224041
v 5.417987 2.381205 -5.474162
v 5.417987 2.381205 -6.224041
v 5.417987 2.341588 -5.512560
v 5.417987 1.425479 -5.512560
v 5.417987 1.425479 -6.185643
v 5.417987 2.341588 -6.185643
v 5.345643 1.385862 -5.474162
v 5.345643 1.385862 -6.224041
v 5.345643 2.381205 -5.474162
v 5.345643 2.381205 -6.224041
v 5.345643 2.341588 -5.512560
v 5.345643 1.425479 -5.512560
v 5.345643 1.425479 -6.185643
v 5.345643 2.341588 -6.185643
v 5.405040 1.869923 -5.474162
v 5.405040 1.869923 -6.224041
v 5.405040 1.896900 -5.474162
v 5.405040 1.896900 -6.224041
v 5.428189 1.896900 -5.474162
v 5.428189 1.869923 -5.474162
v 5.428188 1.869923 -6.224041
v 5.428188 1.896900 -6.224041
v -5.434451 1.762922 -5.474162
v -5.434451 1.762922 -6.224041
v -5.434451 1.789900 -5.474162
v -5.434451 1.789900 -6.224041
v -5.458650 1.789900 -5.474162
v -5.458650 1.762922 -5.474162
v -5.458650 1.762922 -6.224041
v -5.458650 1.789900 -6.224041
v -5.561579 1.323405 -5.474162
v -5.561579 1.323405 -6.224041
v -5.420741 1.323405 -5.474162
v -5.420741 1.323405 -6.224041
v -5.420741 1.385862 -5.474162
v -5.561579 1.385862 -5.474162
v -5.561579 1.385862 -6.224041
v -5.420741 1.385862 -6.224041
v -5.575829 2.380668 -5.412951
v -5.575829 2.380668 -6.285251
v -5.407715 2.380668 -5.412951
v -5.407715 2.380668 -6.285251
v -5.407715 2.428472 -5.412951
v -5.575829 2.428472 -5.412951
v -5.575829 2.428472 -6.285251
v -5.407715 2.428472 -6.285251
v -5.413177 2.380668 -6.224041
v -5.413177 1.323404 -6.224041
v -5.413177 2.380668 -6.285251
v -5.413177 1.323404 -6.285251
v -5.570366 2.380668 -6.285251
v -5.570366 2.380668 -6.224041
v -5.570366 1.323404 -6.224041
v -5.570366 1.323404 -6.285251
v -5.413177 2.380668 -5.412951
v -5.413177 1.323404 -5.412951
v -5.413177 2.380668 -5.474162
v -5.413177 1.323404 -5.474162
v -5.570366 2.380668 -5.474162
v -5.570366 2.380668 -5.412951
v -5.570366 1.323404 -5.412951
v -5.570366 1.323404 -5.474162
v -5.518047 1.385862 -5.474162
v -5.518047 1.385862 -6.224041
v -5.518047 2.381205 -5.474162
v -5.518047 2.381205 -6.224041
v -5.518047 2.341588 -5.512559
v -5.518047 1.425479 -5.512559
v -5.518047 1.425479 -6.185643
v -5.518047 2.341588 -6.185643
v -5.445703 1.385862 -5.474162
v -5.445703 1.385862 -6.224041
v -5.445704 2.381205 -5.474162
v -5.445703 2.381205 -6.224041
v -5.445704 2.341588 -5.512559
v -5.445703 1.425479 -5.512559
v -5.445703 1.425479 -6.185643
v -5.445703 2.341588 -6.185643
v -5.505100 1.869923 -5.474162
v -5.505100 1.869923 -6.224041
v -5.505100 1.896900 -5.474162
v -5.505100 1.896900 -6.224041
v -5.528249 1.896900 -5.474162
v -5.528249 1.869923 -5.474162
v -5.528249 1.869923 -6.224041
v -5.528249 1.896900 -6.224041
v -5.419030 0.001763 6.075142
v 5.318970 0.001763 6.075142
v -5.419030 0.001763 -6.971632
v 5.318970 0.001763 -6.971632
v -5.644497 -0.007213 -4.473527
v -5.550031 -0.007213 -4.473527
v -5.644497 -0.007213 -4.629730
v -5.550031 -0.007213 -4.629730
v -5.644497 4.377986 -4.629730
v -5.644497 4.377986 -4.473527
v -5.550031 4.377986 -4.473527
v -5.550031 4.377986 -4.629730
v -5.644497 -0.007213 2.610048
v -5.550031 -0.007213 2.610048
v -5.644497 -0.007213 2.453845
v -5.550031 -0.007213 2.453845
v -5.644497 4.377986 2.453845
v -5.644497 4.377986 2.610048
v -5.550031 4.377986 2.610048
v -5.550031 4.377986 2.453845
v -5.644497 -0.007213 -0.931740
v -5.550031 -0.007213 -0.931740
v -5.644497 -0.007213 -1.087943
v -5.644497 4.377986 -1.087943
v -5.644497 4.377986 -0.931740
v -5.550031 -0.007213 -1.087943
v -5.550031 4.377986 -1.087943
v -5.550031 4.377986 -0.931740
vn -0.0000 -0.0000 -1.0000
vn -0.0000 -0.0000 1.0000
vn -0.9921 0.0016 -0.1258
vn -1.0000 -0.0000 -0.0000
vn 0.0014 -0.0000 -1.0000
vn 1.0000 -0.0000 -0.0000
vn -0.7071 0.7071 -0.0000
vn 0.9952 -0.0000 -0.0982
vn 0.9988 -0.0014 -0.0493
vn -1.0000 -0.0061 -0.0000
vn -0.7071 -0.0000 0.7071
vn 0.7071 -0.0088 0.7071
vn -0.7070 -0.0186 0.7070
vn 0.7071 -0.0000 0.7071
vn -0.7053 0.0085 0.7089
vn 0.7071 -0.0000 -0.7071
vn -0.7071 -0.0000 -0.7071
vn -0.8565 -0.0000 -0.5161
vn 0.7071 0.7071 -0.0000
vn -0.9988 -0.0005 0.0493
vn 0.9952 -0.0041 -0.0982
vn -0.6895 -0.0000 0.7243
vn 0.7070 -0.0186 0.7070
vn -0.7002 0.0309 0.7133
vn 0.9992 -0.0000 -0.0394
vn -0.0909 -0.0000 0.9959
vn -0.1906 -0.0000 -0.9817
vn -0.1279 -0.0000 0.9918
vn -0.0545 -0.0000 -0.9985
vn 0.0846 -0.0000 -0.9964
vn -0.1957 -0.0000 0.9807
vn -0.1845 -0.0000 -0.9828
vn 0.0889 -0.0000 -0.9960
vn 0.0960 -0.0000 0.9954
vn -0.0000 1.0000 -0.0000
vn -0.0000 -1.0000 -0.0000
vn -0.0000 0.9411 -0.3382
vn -0.0000 0.2132 -0.9770
vn -0.0000 -0.2132 0.9770
vn -0.0000 -0.9770 -0.2132
vn -0.0000 0.9770 0.2132
vn 0.3746 0.9272 -0.0000
vn 0.3721 0.9282 -0.0000
vn 0.9271 -0.3747 -0.0000
vn 0.9253 -0.3793 -0.0000
vn 0.5294 0.8484 -0.0000
vn -0.9271 0.3747 -0.0000
vn -0.9253 0.3793 -0.0000
vn 0.9272 -0.3747 -0.0000
vn 0.3800 0.9250 -0.0000
vn 0.6870 0.7267 -0.0000
vn 0.6867 0.7270 -0.0000
vn -0.6856 -0.7280 -0.0000
vn -0.3905 -0.9206 -0.0000
vn 0.6858 0.7278 -0.0000
vn 0.3793 0.9253 -0.0000
vn -0.5287 -0.8488 -0.0000
vn 0.8290 -0.5593 -0.0000
vn -0.3746 0.9272 -0.0000
vn -0.3721 0.9282 -0.0000
vn -0.9272 -0.3747 -0.0000
vn -0.9253 -0.3793 -0.0000
vn -0.5294 0.8484 -0.0000
vn 0.9272 0.3747 -0.0000
vn 0.9253 0.3793 -0.0000
vn -0.3800 0.9250 -0.0000
vn 0.0001 -0.0000 -1.0000
vn 0.9271 0.3747 -0.0000
vn -0.6870 0.7267 -0.0000
vn -0.9271 -0.3747 -0.0000
vn -0.6867 0.7270 -0.0000
vn 0.6856 -0.7280 -0.0000
vn 0.3905 -0.9206 -0.0000
vn -0.6858 0.7278 -0.0000
vn -0.3793 0.9253 -0.0000
vn 0.5287 -0.8488 -0.0000
vn -0.8290 -0.5593 -0.0000
vn -0.0000 0.7071 0.7071
vn -0.0000 0.7071 -0.7071
vn -0.0000 -0.7071 -0.7071
vn -0.0000 -0.7071 0.7071
vn -0.7071 -0.7071 -0.0000
vn -1.0000 0.0001 -0.0000
vn -0.0000 0.8223 -0.5691
vn -0.0000 -0.8223 0.5691
vn -0.0000 0.5691 0.8223
vn -0.0000 0.5690 0.8223
vn -0.0000 -0.5691 -0.8223
vn -0.0000 -0.5690 -0.8223
vn -0.0000 0.9838 0.1791
vn -0.0000 0.1791 -0.9838
vn -0.7788 -0.6273 -0.0000
vn 0.7802 0.6255 -0.0000
vn 0.9999 -0.0106 -0.0000
vn 0.7788 -0.6273 -0.0000
vn -0.7802 0.6255 -0.0000
vn -0.9999 -0.0106 -0.0000
vn -0.3965 -0.9180 -0.0000
vn 0.8374 -0.5466 -0.0000
vn -0.8374 0.5466 -0.0000
vn -0.0001 -0.0000 -1.0000
vn -0.8373 0.5467 -0.0000
vn 0.8373 -0.5467 -0.0000
vn -0.8375 0.5465 -0.0000
vn 0.3965 -0.9180 -0.0000
vn -0.8374 -0.5466 -0.0000
vn 0.8374 0.5466 -0.0000
vn 0.8375 0.5465 -0.0000
vn 0.8373 0.5467 -0.0000
vn -0.8373 -0.5467 -0.0000
vn -0.0000 -0.8325 0.5540
vn -0.0000 -0.8246 0.5657
vn -0.0000 -0.8053 0.5929
vn -0.0000 0.8246 -0.5657
vn -0.0000 0.8033 -0.5955
vn -0.0000 0.8183 -0.5749
vn -0.0000 0.8325 0.5540
vn -0.0000 0.8246 0.5657
vn -0.0000 0.8053 0.5929
vn -0.0000 -0.8246 -0.5657
vn -0.0000 -0.8033 -0.5955
vn -0.0000 -0.8183 -0.5749
vn -0.7070 -0.0000 0.7072
vn -0.7072 -0.0000 0.7071
vn -0.9998 -0.0000 -0.0223
vn 0.9998 -0.0000 -0.0223
vn 0.7070 -0.0000 0.7072
vn 0.7072 -0.0000 0.7071
vn -0.9988 -0.0014 0.0492
vn 1.0000 -0.0037 -0.0000
vn 1.0000 -0.0029 -0.0000
vn 0.9988 -0.0014 0.0492
vn -1.0000 -0.0014 -0.0000
vn -0.7071 -0.0003 0.7071
vn -0.9951 0.0068 -0.0982
vn -0.9272 0.3747 -0.0000
vn -0.7072 0.7070 -0.0000
vn 1.0000 0.0001 -0.0000
vn -0.8375 -0.5465 -0.0000
vt 0.359855 0.828137
vt 0.359856 0.941820
vt 0.359856 0.828137
vt 0.073187 0.411225
vt 0.073325 0.578241
vt 0.073325 0.411225
vt 0.072649 0.411225
vt 0.072823 0.580537
vt 0.072823 0.411225
vt 0.072828 0.411225
vt 0.073002 0.579717
vt 0.073002 0.411225
vt 0.359667 0.808457
vt 0.359674 0.971256
vt 0.359674 0.808457
vt 0.080056 0.473432
vt 0.080056 0.450221
vt 0.080063 0.430905
vt 0.073187 0.485677
vt 0.073187 0.578871
vt 0.359627 0.931892
vt 0.359633 0.884586
vt 0.359627 0.884586
vt 0.079866 0.430905
vt 0.079890 0.545484
vt 0.079890 0.430905
vt 0.073469 0.577586
vt 0.073331 0.411225
vt 0.073331 0.578215
vt 0.073008 0.579691
vt 0.073008 0.487355
vt 0.073002 0.487355
vt 0.079841 0.482929
vt 0.079865 0.546045
vt 0.079841 0.546588
vt 0.359658 0.808457
vt 0.359662 0.974162
vt 0.359662 0.808457
vt 0.073325 0.485677
vt 0.073184 0.485503
vt 0.073612 0.576930
vt 0.073474 0.411225
vt 0.073474 0.577560
vt 0.080064 0.430905
vt 0.080095 0.537510
vt 0.080095 0.430905
vt 0.074655 0.411225
vt 0.074875 0.564934
vt 0.074875 0.411225
vt 0.079951 0.430905
vt 0.079970 0.543692
vt 0.079970 0.430905
vt 0.074208 0.411225
vt 0.074426 0.569493
vt 0.074426 0.411225
vt 0.080002 0.430905
vt 0.080032 0.540607
vt 0.080032 0.430905
vt 0.359674 0.971256
vt 0.359667 0.808457
vt 0.359674 0.808457
vt 0.074655 0.411225
vt 0.074875 0.411225
vt 0.359675 0.870689
vt 0.359675 0.836724
vt 0.359674 0.808457
vt 0.359654 0.975473
vt 0.359649 0.808457
vt 0.359654 0.808457
vt 0.359638 0.977769
vt 0.359633 0.808457
vt 0.359638 0.808457
vt 0.071751 0.578897
vt 0.071751 0.411225
vt 0.359860 0.870663
vt 0.359860 0.936290
vt 0.359860 0.828137
vt 0.359649 0.882909
vt 0.359654 0.882909
vt 0.359622 0.884586
vt 0.359627 0.931887
vt 0.359627 0.884573
vt 0.359635 0.972546
vt 0.359633 0.972546
vt 0.072828 0.580511
vt 0.359658 0.974817
vt 0.359654 0.808457
vt 0.359658 0.808457
vt 0.359856 0.828137
vt 0.359857 0.940964
vt 0.359857 0.828137
vt 0.359649 0.882735
vt 0.359654 0.808457
vt 0.359658 0.808457
vt 0.359662 0.808457
vt 0.359861 0.934742
vt 0.359860 0.828137
vt 0.359861 0.828137
vt 0.359701 0.962165
vt 0.359694 0.808457
vt 0.359701 0.808457
vt 0.079866 0.546027
vt 0.359687 0.966725
vt 0.359681 0.808457
vt 0.359687 0.808457
vt 0.359859 0.937838
vt 0.359858 0.828137
vt 0.359859 0.828137
vt 0.074649 0.411225
vt 0.074649 0.567228
vt 0.359694 0.808457
vt 0.359701 0.808457
vt 0.359667 0.973464
vt 0.359694 0.964402
vt 0.359855 0.942716
vt 0.359855 0.828137
vt 0.359857 0.940950
vt 0.359856 0.828137
vt 0.359857 0.828137
vt 0.359649 0.976102
vt 0.359633 0.978589
vt 0.359633 0.808457
vt 0.359688 0.966668
vt 0.359688 0.808457
vt 0.359694 0.964589
vt 0.359694 0.808457
vt 0.073026 0.579606
vt 0.359852 0.944397
vt 0.359852 0.940268
vt 0.359853 0.880160
vt 0.359854 0.943276
vt 0.359854 0.880160
vt 0.072804 0.487355
vt 0.072804 0.580622
vt 0.072728 0.534660
vt 0.359638 0.884586
vt 0.359854 0.828137
vt 0.359654 0.975447
vt 0.359644 0.976948
vt 0.359639 0.808457
vt 0.359644 0.808457
vt 0.359633 0.978563
vt 0.073474 0.411225
vt 0.073612 0.411225
vt 0.079951 0.430905
vt 0.079970 0.430905
vt 0.359667 0.973464
vt 0.359658 0.974791
vt 0.359856 0.941354
vt 0.070954 0.574024
vt 0.071172 0.411225
vt 0.070954 0.411225
vt 0.359860 0.936251
vt 0.359681 0.968933
vt 0.359858 0.939347
vt 0.073985 0.411225
vt 0.074006 0.473457
vt 0.073985 0.573967
vt 0.359681 0.870689
vt 0.359681 0.968991
vt 0.359674 0.971199
vt 0.359859 0.828137
vt 0.359859 0.847453
vt 0.074630 0.567417
vt 0.074450 0.411225
vt 0.074630 0.411225
vt 0.359649 0.884586
vt 0.359649 0.976115
vt 0.359644 0.884586
vt 0.073184 0.411225
vt 0.079951 0.544123
vt 0.359633 0.884586
vt 0.359633 0.931892
vt 0.079928 0.544647
vt 0.079914 0.430905
vt 0.079928 0.430905
vt 0.359855 0.942250
vt 0.073776 0.576043
vt 0.073757 0.411225
vt 0.073776 0.411225
vt 0.073163 0.487355
vt 0.073182 0.487355
vt 0.072668 0.487355
vt 0.072643 0.534660
vt 0.072649 0.487355
vt 0.079914 0.544960
vt 0.079911 0.430905
vt 0.079930 0.544588
vt 0.073963 0.411225
vt 0.073982 0.574024
vt 0.073963 0.574214
vt 0.074450 0.569247
vt 0.074431 0.411225
vt 0.359857 0.940924
vt 0.359853 0.880160
vt 0.359853 0.943779
vt 0.359644 0.884586
vt 0.359644 0.976864
vt 0.359856 0.828137
vt 0.359856 0.941314
vt 0.359694 0.964460
vt 0.359601 0.808457
vt 0.359597 0.974817
vt 0.359601 0.975447
vt 0.071608 0.578241
vt 0.071746 0.411225
vt 0.071608 0.411225
vt 0.072110 0.580537
vt 0.072284 0.411225
vt 0.072110 0.411225
vt 0.079716 0.546045
vt 0.079740 0.430905
vt 0.079716 0.430905
vt 0.359846 0.828137
vt 0.359845 0.939386
vt 0.359846 0.940895
vt 0.079518 0.430905
vt 0.079526 0.473432
vt 0.079518 0.539059
vt 0.071746 0.485677
vt 0.071608 0.485677
vt 0.071925 0.411225
vt 0.079651 0.544588
vt 0.079670 0.430905
vt 0.079651 0.430905
vt 0.071925 0.487355
vt 0.071925 0.579691
vt 0.079740 0.482929
vt 0.079716 0.482929
vt 0.359847 0.828137
vt 0.359847 0.941372
vt 0.359847 0.941802
vt 0.071749 0.485503
vt 0.071608 0.411225
vt 0.071321 0.576930
vt 0.071459 0.411225
vt 0.071321 0.411225
vt 0.079487 0.537510
vt 0.079517 0.430905
vt 0.079487 0.430905
vt 0.070058 0.564934
vt 0.070278 0.411225
vt 0.070058 0.411225
vt 0.071177 0.576274
vt 0.071315 0.411225
vt 0.071177 0.411225
vt 0.070507 0.569493
vt 0.070725 0.411225
vt 0.070507 0.411225
vt 0.079549 0.540607
vt 0.079579 0.430905
vt 0.079549 0.430905
vt 0.070278 0.411225
vt 0.070278 0.567171
vt 0.359581 0.808457
vt 0.359580 0.870689
vt 0.359581 0.971199
vt 0.359605 0.808457
vt 0.359601 0.975473
vt 0.359601 0.808457
vt 0.359622 0.808457
vt 0.359617 0.977769
vt 0.359617 0.808457
vt 0.359850 0.828137
vt 0.359849 0.943276
vt 0.359849 0.828137
vt 0.359843 0.870663
vt 0.359843 0.847453
vt 0.359843 0.828137
vt 0.359605 0.882909
vt 0.359605 0.976115
vt 0.359617 0.884586
vt 0.359619 0.931892
vt 0.359851 0.944423
vt 0.359852 0.828137
vt 0.359852 0.944944
vt 0.359847 0.941820
vt 0.359848 0.828137
vt 0.359848 0.942250
vt 0.359592 0.808457
vt 0.359588 0.973564
vt 0.359592 0.974077
vt 0.359847 0.828137
vt 0.359601 0.882909
vt 0.359605 0.882735
vt 0.359592 0.974162
vt 0.359597 0.808457
vt 0.359597 0.974791
vt 0.359843 0.828137
vt 0.359842 0.934742
vt 0.359842 0.828137
vt 0.359560 0.808457
vt 0.359554 0.962165
vt 0.359554 0.808457
vt 0.359592 0.808457
vt 0.359588 0.973506
vt 0.359588 0.808457
vt 0.359845 0.828137
vt 0.359844 0.937838
vt 0.359844 0.828137
vt 0.070284 0.567228
vt 0.070284 0.411225
vt 0.359560 0.808457
vt 0.359560 0.964402
vt 0.359554 0.808457
vt 0.359588 0.808457
vt 0.359588 0.973464
vt 0.359611 0.808457
vt 0.359606 0.976166
vt 0.359606 0.808457
vt 0.359605 0.976102
vt 0.359567 0.808457
vt 0.359567 0.966668
vt 0.359561 0.964589
vt 0.071907 0.487355
vt 0.071770 0.578982
vt 0.071770 0.487355
vt 0.359622 0.978589
vt 0.359622 0.972546
vt 0.359850 0.880160
vt 0.359850 0.943779
vt 0.072205 0.575314
vt 0.072266 0.575314
vt 0.072129 0.580622
vt 0.359849 0.880160
vt 0.359611 0.976923
vt 0.359850 0.943819
vt 0.359622 0.978563
vt 0.079650 0.430905
vt 0.079631 0.544140
vt 0.079631 0.430905
vt 0.359601 0.808457
vt 0.071315 0.411225
vt 0.071315 0.576904
vt 0.359597 0.808457
vt 0.359581 0.971341
vt 0.359581 0.808457
vt 0.359592 0.808457
vt 0.359592 0.974136
vt 0.359847 0.828137
vt 0.359843 0.936251
vt 0.359574 0.968933
vt 0.359574 0.808457
vt 0.359568 0.966810
vt 0.359568 0.808457
vt 0.359845 0.939347
vt 0.070927 0.473457
vt 0.070927 0.439492
vt 0.070948 0.411225
vt 0.359574 0.968991
vt 0.359574 0.870689
vt 0.359843 0.936290
vt 0.359844 0.828137
vt 0.359844 0.847453
vt 0.070483 0.411225
vt 0.070303 0.567417
vt 0.070303 0.411225
vt 0.359606 0.884586
vt 0.359605 0.976124
vt 0.359610 0.884586
vt 0.359610 0.976864
vt 0.079740 0.546588
vt 0.071749 0.411225
vt 0.359622 0.884586
vt 0.359622 0.931892
vt 0.359622 0.931892
vt 0.071584 0.411225
vt 0.071483 0.577671
vt 0.071483 0.411225
vt 0.072466 0.534660
vt 0.072290 0.487355
vt 0.072466 0.487355
vt 0.359845 0.828137
vt 0.079611 0.430905
vt 0.079608 0.543534
vt 0.079608 0.430905
vt 0.071750 0.578893
vt 0.072266 0.487355
vt 0.072284 0.487355
vt 0.072290 0.534660
vt 0.072129 0.487355
vt 0.071907 0.579606
vt 0.071602 0.411225
vt 0.071584 0.578130
vt 0.071464 0.577586
vt 0.079580 0.542155
vt 0.079583 0.430905
vt 0.079583 0.542284
vt 0.070502 0.411225
vt 0.070483 0.569247
vt 0.359588 0.808457
vt 0.359588 0.808457
vt 0.359850 0.880160
vt 0.359611 0.884586
vt 0.359592 0.808457
vt 0.359561 0.964460
vt 0.359561 0.808457
vt 0.359561 0.808457
vt 0.071177 0.411225
vt 0.072643 0.575314
vt 0.072668 0.581246
vt 0.072649 0.581331
vt 0.359627 0.972546
vt 0.359627 0.979387
vt 0.072284 0.575314
vt 0.072284 0.581331
vt 0.072266 0.581246
vt 0.359852 0.940268
vt 0.079791 0.543036
vt 0.079815 0.547166
vt 0.079791 0.547711
vt 0.359622 0.972546
vt 0.359681 0.836724
vt 0.359681 0.808457
vt 0.359859 0.870663
vt 0.359859 0.937799
vt 0.359574 0.836724
vt 0.359574 0.808457
vt 0.359844 0.870663
vt 0.359844 0.937799
vt 0.072643 0.487355
vt 0.072474 0.534660
vt 0.072474 0.487355
vt 0.361090 0.984471
vt 0.361090 0.808892
vt 0.361090 0.990829
vt 0.360688 0.952291
vt 0.360688 0.840278
vt 0.360688 0.956348
vt 0.121065 0.453129
vt 0.121065 0.411661
vt 0.360697 0.952291
vt 0.360697 0.840278
vt 0.120865 0.587240
vt 0.120666 0.411661
vt 0.120865 0.411661
vt 0.360695 0.953031
vt 0.360695 0.901264
vt 0.360695 0.956348
vt 0.121168 0.507254
vt 0.121168 0.453129
vt 0.121258 0.411661
vt 0.361133 0.984471
vt 0.361133 0.808892
vt 0.121653 0.587240
vt 0.121459 0.411661
vt 0.121653 0.411661
vt 0.361163 0.984471
vt 0.361163 0.808892
vt 0.107892 0.555060
vt 0.107816 0.443047
vt 0.107892 0.443047
vt 0.123233 0.411661
vt 0.123233 0.587240
vt 0.108081 0.508520
vt 0.108047 0.555060
vt 0.108047 0.443047
vt 0.106805 0.443047
vt 0.106745 0.555060
vt 0.106745 0.443047
vt 0.360681 0.901264
vt 0.360681 0.866734
vt 0.360681 0.840278
vt 0.361086 0.904486
vt 0.361084 0.990829
vt 0.107193 0.443047
vt 0.107193 0.555060
vt 0.361102 0.808892
vt 0.361108 0.990829
vt 0.361108 0.808892
vt 0.360694 0.901264
vt 0.360694 0.866734
vt 0.360693 0.840278
vt 0.360700 0.956348
vt 0.360700 0.840278
vt 0.121850 0.411661
vt 0.121850 0.587240
vt 0.107736 0.555060
vt 0.107736 0.504032
vt 0.107736 0.558796
vt 0.122049 0.453129
vt 0.122049 0.411661
vt 0.361169 0.990829
vt 0.361169 0.808892
vt 0.122838 0.411661
vt 0.122838 0.587240
vt 0.360717 0.905752
vt 0.360717 0.865970
vt 0.360716 0.840278
vt 0.360676 0.956348
vt 0.360678 0.840278
vt 0.360676 0.840278
vt 0.360676 0.952291
vt 0.119875 0.587240
vt 0.119687 0.411661
vt 0.119875 0.411661
vt 0.360678 0.952291
vt 0.360678 0.956348
vt 0.106899 0.504032
vt 0.106886 0.555060
vt 0.106886 0.443047
vt 0.361072 0.808892
vt 0.361078 0.990829
vt 0.361078 0.808892
vt 0.361084 0.850361
vt 0.361084 0.808892
vt 0.360683 0.952291
vt 0.360683 0.901264
vt 0.360683 0.956348
vt 0.360685 0.840278
vt 0.120131 0.453129
vt 0.120074 0.453129
vt 0.120074 0.411661
vt 0.360688 0.840278
vt 0.360690 0.956348
vt 0.360690 0.840278
vt 0.107112 0.555060
vt 0.107038 0.443047
vt 0.107112 0.443047
vt 0.361102 0.984471
vt 0.107190 0.555060
vt 0.107116 0.443047
vt 0.107190 0.443047
vt 0.360693 0.952291
vt 0.361108 0.984471
vt 0.361121 0.808892
vt 0.361118 0.904486
vt 0.361121 0.990829
vt 0.107503 0.555060
vt 0.107430 0.443047
vt 0.107503 0.443047
vt 0.361121 0.984471
vt 0.361127 0.984471
vt 0.361127 0.808892
vt 0.360700 0.952291
vt 0.121662 0.411661
vt 0.361132 0.990829
vt 0.361132 0.808892
vt 0.107663 0.443047
vt 0.107726 0.469502
vt 0.107726 0.504032
vt 0.361139 0.990829
vt 0.361139 0.808892
vt 0.360709 0.952291
vt 0.360709 0.840278
vt 0.361151 0.984471
vt 0.361151 0.808892
vt 0.361151 0.990829
vt 0.122640 0.587240
vt 0.122450 0.411661
vt 0.122640 0.411661
vt 0.360711 0.956348
vt 0.360711 0.840278
vt 0.122829 0.587240
vt 0.122650 0.411661
vt 0.122829 0.411661
vt 0.361157 0.808892
vt 0.361163 0.990829
vt 0.361163 0.808892
vt 0.360716 0.952291
vt 0.360721 0.840278
vt 0.360723 0.956348
vt 0.360723 0.840278
vt 0.361181 0.808892
vt 0.361180 0.911522
vt 0.361181 0.990829
vt 0.360719 0.952291
vt 0.360719 0.905752
vt 0.360719 0.956348
vt 0.108262 0.555060
vt 0.108206 0.443047
vt 0.108262 0.443047
vt 0.119687 0.587240
vt 0.119678 0.411661
vt 0.120262 0.411661
vt 0.120270 0.587240
vt 0.120262 0.587240
vt 0.107115 0.555060
vt 0.107430 0.555060
vt 0.107426 0.443047
vt 0.121662 0.587240
vt 0.121654 0.411661
vt 0.122650 0.587240
vt 0.122641 0.411661
vt 0.108206 0.555060
vt 0.108202 0.443047
vt 0.361072 0.984471
vt 0.107663 0.555060
vt 0.107659 0.443047
vt 0.360704 0.952291
vt 0.360704 0.840278
vt 0.360685 0.952291
vt 0.360685 0.840278
vt 0.360690 0.952291
vt 0.361115 0.850361
vt 0.361115 0.808892
vt 0.361115 0.808892
vt 0.361133 0.984471
vt 0.361139 0.984471
vt 0.360711 0.952291
vt 0.361169 0.984471
vt 0.361181 0.984471
vt 0.107038 0.555060
vt 0.360685 0.952291
vt 0.360685 0.840278
vt 0.119918 0.507254
vt 0.119918 0.453129
vt 0.119876 0.411661
vt 0.107193 0.443047
vt 0.107269 0.555060
vt 0.107269 0.443047
vt 0.120955 0.507254
vt 0.120955 0.453129
vt 0.120864 0.411661
vt 0.107349 0.443047
vt 0.107349 0.469502
vt 0.107503 0.443047
vt 0.107581 0.555060
vt 0.107581 0.443047
vt 0.360714 0.840278
vt 0.360714 0.952291
vt 0.107814 0.443047
vt 0.107810 0.504032
vt 0.107814 0.555060
vt 0.122444 0.411661
vt 0.108202 0.555060
vt 0.108202 0.443047
vt 0.119524 0.587240
vt 0.119677 0.411661
vt 0.119524 0.411661
vt 0.360681 0.955487
vt 0.360681 0.840278
vt 0.361080 0.904486
vt 0.361078 0.989480
vt 0.361078 0.808892
vt 0.106960 0.443047
vt 0.106960 0.469502
vt 0.360690 0.955487
vt 0.360692 0.955487
vt 0.360690 0.840278
vt 0.360692 0.840278
vt 0.361111 0.904486
vt 0.361108 0.989480
vt 0.361108 0.808892
vt 0.121259 0.411661
vt 0.121259 0.587240
vt 0.361139 0.808892
vt 0.361144 0.850361
vt 0.361144 0.904486
vt 0.360716 0.955487
vt 0.360716 0.840278
vt 0.361163 0.989480
vt 0.361163 0.808892
vt 0.108047 0.555060
vt 0.108047 0.443047
vt 0.361172 0.911522
vt 0.361169 0.989480
vt 0.361169 0.808892
vt 0.361186 0.989480
vt 0.361181 0.808892
vt 0.361186 0.808892
vt 0.360684 0.866734
vt 0.360683 0.866734
vt 0.360683 0.840278
vt 0.361067 0.808892
vt 0.361067 0.984471
vt 0.361072 0.808892
vt 0.361067 0.989480
vt 0.361078 0.984471
vt 0.106809 0.443047
vt 0.106878 0.555060
vt 0.106878 0.443047
vt 0.106983 0.504032
vt 0.106960 0.555060
vt 0.107034 0.555060
vt 0.361084 0.984471
vt 0.361084 0.904486
vt 0.120468 0.587240
vt 0.120468 0.411661
vt 0.120271 0.411661
vt 0.120459 0.587240
vt 0.120459 0.411661
vt 0.361108 0.984471
vt 0.360692 0.952291
vt 0.360696 0.901264
vt 0.360696 0.866734
vt 0.361114 0.984471
vt 0.361114 0.904486
vt 0.121267 0.411661
vt 0.121452 0.587240
vt 0.121452 0.411661
vt 0.361126 0.984471
vt 0.361126 0.808892
vt 0.107503 0.555060
vt 0.121861 0.411661
vt 0.122023 0.507254
vt 0.122023 0.453129
vt 0.361139 0.989480
vt 0.360707 0.840278
vt 0.360707 0.866734
vt 0.361145 0.984471
vt 0.361145 0.904486
vt 0.107816 0.443047
vt 0.107890 0.555060
vt 0.107890 0.443047
vt 0.360709 0.952291
vt 0.360709 0.840278
vt 0.361157 0.984471
vt 0.360711 0.955487
vt 0.107973 0.443047
vt 0.108044 0.555060
vt 0.108044 0.443047
vt 0.361163 0.984471
vt 0.361163 0.808892
vt 0.361169 0.984471
vt 0.360720 0.905752
vt 0.360720 0.865970
vt 0.360721 0.840278
vt 0.361175 0.984471
vt 0.361175 0.911522
vt 0.123242 0.411661
vt 0.123386 0.587240
vt 0.123386 0.411661
vt 0.106805 0.443047
vt 0.106809 0.555060
vt 0.107038 0.555060
vt 0.107034 0.443047
vt 0.121267 0.587240
vt 0.107970 0.443047
vt 0.107973 0.555060
vt 0.123234 0.411661
vt 0.123242 0.587240
vt 0.121851 0.411661
vt 0.121861 0.587240
vt 0.361090 0.808892
vt 0.361090 0.984471
vt 0.361090 0.808892
vt 0.360695 0.840278
vt 0.360695 0.866734
vt 0.360695 0.840278
vt 0.360702 0.952291
vt 0.360702 0.840278
vt 0.360702 0.840278
vt 0.360711 0.840278
vt 0.360721 0.952291
vt 0.360721 0.840278
vt 0.120271 0.587240
vt 0.361084 0.904486
vt 0.361084 0.984471
vt 0.360683 0.866734
vt 0.360683 0.840278
vt 0.361115 0.904486
vt 0.361115 0.984471
vt 0.361115 0.990829
vt 0.360695 0.866734
vt 0.121061 0.507254
vt 0.121061 0.587240
vt 0.360707 0.866734
vt 0.360707 0.840278
vt 0.360706 0.901264
vt 0.360706 0.866734
vt 0.361084 0.850361
vt 0.361084 0.808892
vt 0.360695 0.901264
vt 0.360695 0.952291
vt 0.360695 0.901264
vt 0.107349 0.504032
vt 0.107351 0.555060
vt 0.107351 0.504032
vt 0.361114 0.850361
vt 0.361114 0.808892
vt 0.360709 0.901264
vt 0.360709 0.866734
vt 0.361145 0.850361
vt 0.361145 0.808892
vt 0.360719 0.865970
vt 0.360718 0.840278
vt 0.360718 0.865970
vt 0.123186 0.514290
vt 0.123186 0.451932
vt 0.122924 0.514290
vt 0.122924 0.451932
vt 0.122839 0.411661
vt 0.108184 0.508520
vt 0.072467 0.487355
vt 0.359852 0.944943
vt 0.072465 0.575314
vt 0.072290 0.581357
vt 0.072290 0.575314
vt 0.073761 0.411225
vt 0.073979 0.574024
vt 0.073979 0.411225
vt 0.079766 0.547166
vt 0.079791 0.430905
vt 0.079766 0.430905
vt 0.359627 0.808457
vt 0.072468 0.411225
vt 0.072643 0.581357
vt 0.072643 0.411225
vt 0.359627 0.979388
vt 0.122450 0.587240
vt 0.361157 0.985493
vt 0.106883 0.443047
vt 0.360681 0.953120
vt 0.107345 0.555060
vt 0.107348 0.504032
vt 0.107348 0.555799
vt 0.107307 0.504032
vt 0.107273 0.555060
vt 0.107273 0.443047
vt 0.122056 0.587240
vt 0.122049 0.507254
vt 0.122056 0.507254
vt 0.361145 0.904486
vt 0.361145 0.985610
vt 0.361145 0.990829
vt 0.122055 0.453129
vt 0.122055 0.411661
vt 0.122235 0.507254
vt 0.122235 0.453129
vt 0.122245 0.411661
vt 0.123044 0.587240
vt 0.123036 0.514290
vt 0.123044 0.514290
vt 0.361175 0.911522
vt 0.361175 0.985711
vt 0.361175 0.990829
vt 0.106882 0.443047
vt 0.106882 0.555969
vt 0.360681 0.953201
vt 0.360681 0.840278
vt 0.106963 0.443047
vt 0.107354 0.443047
vt 0.107426 0.443047
vt 0.107391 0.504032
vt 0.107426 0.555060
vt 0.107814 0.443047
vt 0.107816 0.555060
vt 0.360709 0.952677
vt 0.108125 0.508520
vt 0.108126 0.555060
vt 0.108126 0.508520
vt 0.360719 0.905752
vt 0.360719 0.952506
vt 0.123035 0.411661
vt 0.123030 0.451932
vt 0.123035 0.451932
vt 0.361175 0.849164
vt 0.361175 0.808892
vt 0.361078 0.990224
vt 0.119875 0.592992
vt 0.360688 0.955994
vt 0.107116 0.555060
vt 0.361145 0.850361
vt 0.361145 0.808892
vt 0.361145 0.808892
vt 0.360707 0.956028
vt 0.360707 0.901264
vt 0.360707 0.956348
vt 0.361150 0.904486
vt 0.361163 0.990033
vt 0.122640 0.592802
vt 0.360721 0.955571
vt 0.360721 0.840278
vt 0.108202 0.555060
vt 0.359857 0.828137
vt 0.359854 0.828137
vt 0.359854 0.943233
vt 0.359854 0.943259
vt 0.359638 0.808457
vt 0.359639 0.977705
vt 0.359638 0.977743
vt 0.359606 0.976128
vt 0.359606 0.808457
vt 0.359851 0.828137
vt 0.359851 0.944397
vt 0.359851 0.828137
vt 0.359567 0.966725
vt 0.359567 0.808457
vt 0.359581 0.971256
vt 0.359581 0.808457
vt 0.360719 0.865970
vt 0.360719 0.840278
vt 0.360719 0.840278
vt 0.108125 0.443047
vt 0.108125 0.468738
vt 0.360707 0.901264
vt 0.360707 0.955210
vt 0.360707 0.901264
vt 0.107737 0.504032
vt 0.107737 0.555060
vt 0.361121 0.808892
vt 0.361121 0.988406
vt 0.361121 0.808892
vt 0.361126 0.989480
vt 0.361096 0.808892
vt 0.361096 0.988154
vt 0.361096 0.989480
vt 0.361072 0.989134
vt 0.361072 0.989480
vt 0.360683 0.840278
vt 0.119677 0.587240
vt 0.361175 0.849164
vt 0.361175 0.808892
vt 0.361175 0.808892
vt 0.123029 0.451932
vt 0.123029 0.411661
vt 0.360700 0.840278
vt 0.360700 0.954842
vt 0.360702 0.955487
vt 0.696693 0.999042
vt 0.698392 0.860280
vt 0.696693 0.860280
vt 0.698392 0.999042
vt 0.695895 0.891312
vt 0.698154 0.891312
vt 0.698154 0.898669
vt 0.695895 0.898669
vt 0.695657 0.990734
vt 0.698393 0.990734
vt 0.698393 0.996365
vt 0.695657 0.996365
vt 0.698154 0.990734
vt 0.698393 0.891312
vt 0.695895 0.990734
vt 0.695657 0.891312
vt 0.696044 0.986130
vt 0.696044 0.903336
vt 0.698005 0.903336
vt 0.698005 0.986130
vt 0.695895 0.990797
vt 0.698154 0.990797
vt 0.695895 0.946322
vt 0.698154 0.943144
vt 0.695895 0.943144
vt 0.698154 0.946322
vt 0.696812 0.860280
vt 0.698511 0.999042
vt 0.698511 0.860280
vt 0.696812 0.999042
vt 0.695781 0.891312
vt 0.698040 0.891312
vt 0.695781 0.898669
vt 0.698040 0.898669
vt 0.695542 0.990734
vt 0.698278 0.990734
vt 0.698278 0.996365
vt 0.695542 0.996365
vt 0.695781 0.990734
vt 0.695542 0.891312
vt 0.698278 0.891312
vt 0.698040 0.990734
vt 0.697891 0.986130
vt 0.697891 0.903336
vt 0.695930 0.903336
vt 0.698040 0.990797
vt 0.695930 0.986130
vt 0.695781 0.990797
vt 0.695781 0.943144
vt 0.698040 0.946322
vt 0.698040 0.943144
vt 0.695781 0.946322
vt 0.698881 0.897453
vt 0.698881 0.990459
vt 0.693110 0.990459
vt 0.693110 0.897453
vt 0.700540 0.896981
vt 0.700540 0.990932
vt 0.697116 0.993749
vt 0.697116 0.894162
vt 0.694214 0.894571
vt 0.694214 0.994258
vt 0.067809 0.993219
vt 0.070938 0.993219
vt 0.070938 0.803765
vt 0.067809 0.803765
vt 0.067427 0.993219
vt 0.070556 0.993219
vt 0.070556 0.803765
vt 0.067427 0.803765
vt 0.067321 0.993219
vt 0.070451 0.993219
vt 0.070451 0.803765
vt 0.067321 0.803765
vt 0.700375 0.847946
vt 0.697089 0.987006
vt 0.697089 0.847946
vt 0.700375 0.989366
vt 0.697799 0.987006
vt 0.694514 0.847946
vt 0.697799 0.847946
vt 0.694514 0.989366
vt 0.700375 0.989829
vt 0.694514 0.847946
vt 0.694514 0.989829
vt 0.734733 0.767465
vt 0.738214 0.767465
vt 0.738214 0.646248
vt 0.734733 0.646248
vt 0.697141 0.847945
vt 0.697141 0.987025
vt 0.698683 0.847945
vt 0.698683 0.987025
vt 0.701993 0.984216
vt 0.692183 0.984216
vt 0.701993 0.898005
vt 0.692183 0.898005
vt 0.593460 0.877690
vt 0.593854 0.877189
vt 0.596499 0.828484
vt 0.596846 0.828752
vt 0.585690 0.879929
vt 0.585777 0.881346
vt 0.585856 0.880057
vt 0.585610 0.881218
vt 0.585393 0.884738
vt 0.585480 0.886156
vt 0.585559 0.884866
vt 0.585313 0.886028
vt 0.585016 0.890837
vt 0.585262 0.889676
vt 0.585096 0.889548
vt 0.585182 0.890965
vt 0.584719 0.895647
vt 0.584965 0.894485
vt 0.584799 0.894357
vt 0.584886 0.895775
vt 0.584502 0.899167
vt 0.584589 0.900584
vt 0.584668 0.899295
vt 0.584422 0.900456
vt 0.584205 0.903976
vt 0.584292 0.905394
vt 0.584371 0.904104
vt 0.584125 0.905266
vt 0.583828 0.910075
vt 0.584074 0.908914
vt 0.583908 0.908786
vt 0.583995 0.910203
vt 0.583531 0.914884
vt 0.583777 0.913723
vt 0.583611 0.913595
vt 0.583697 0.915013
vt 0.583234 0.919694
vt 0.583480 0.918533
vt 0.583314 0.918405
vt 0.583400 0.919822
vt 0.582937 0.924503
vt 0.583183 0.923342
vt 0.583017 0.923214
vt 0.583103 0.924631
vt 0.699985 0.894571
vt 0.699985 0.994258
vt 0.078437 0.952872
vt 0.078437 0.994201
vt 0.081181 0.994201
vt 0.081181 0.952872
vt 0.071248 0.803765
vt 0.068119 0.993219
vt 0.068119 0.803765
vt 0.071248 0.993219
vt 0.080820 0.953391
vt 0.080820 0.993752
vt 0.077623 0.993752
vt 0.077623 0.953391
vt 0.080975 0.953619
vt 0.080975 0.993962
vt 0.077778 0.993962
vt 0.077778 0.953619
vt 0.715193 0.771863
vt 0.716181 0.751165
vt 0.715193 0.773821
vt 0.716189 0.752267
vt 0.715193 0.774923
vt 0.716167 0.749207
vt 0.718887 0.636143
vt 0.719238 0.623731
vt 0.718895 0.637245
vt 0.718873 0.634184
vt 0.719224 0.621773
vt 0.719246 0.624833
vt 0.716173 0.749072
vt 0.717162 0.728274
vt 0.716187 0.751030
vt 0.717148 0.726316
vt 0.717170 0.729376
vt 0.716195 0.752132
vt 0.717152 0.726282
vt 0.718020 0.682403
vt 0.717166 0.728240
vt 0.718028 0.683504
vt 0.717174 0.729342
vt 0.718006 0.680444
vt 0.718013 0.680233
vt 0.718881 0.636364
vt 0.718027 0.682192
vt 0.718867 0.634406
vt 0.718881 0.636363
vt 0.718889 0.637466
vt 0.718035 0.683293
vt 0.718027 0.682191
vt 0.717100 0.721799
vt 0.718826 0.629511
vt 0.717100 0.721799
vt 0.715193 0.767707
vt 0.719171 0.617318
vt 0.719171 0.617317
vt 0.714206 0.751165
vt 0.714220 0.749207
vt 0.714198 0.752267
vt 0.711149 0.623731
vt 0.711499 0.636143
vt 0.711492 0.637245
vt 0.711514 0.634184
vt 0.711163 0.621773
vt 0.711141 0.624833
vt 0.714214 0.749072
vt 0.713224 0.728274
vt 0.713239 0.726316
vt 0.714200 0.751030
vt 0.713217 0.729376
vt 0.714192 0.752132
vt 0.713235 0.726282
vt 0.712367 0.682403
vt 0.712381 0.680444
vt 0.713221 0.728240
vt 0.712359 0.683504
vt 0.713213 0.729342
vt 0.712374 0.680233
vt 0.711506 0.636364
vt 0.711520 0.634406
vt 0.712360 0.682192
vt 0.711498 0.637466
vt 0.711506 0.636363
vt 0.712352 0.683293
vt 0.712360 0.682191
vt 0.711561 0.629511
vt 0.713287 0.721799
vt 0.713287 0.721799
vt 0.711216 0.617318
vt 0.711216 0.617317
vt 0.080975 0.953619
vt 0.077777 0.953619
vt 0.080975 0.993962
vt 0.077777 0.993962
vt 0.080975 0.993962
vt 0.080975 0.953619
vt 0.077777 0.993962
vt 0.077777 0.953619
vt 0.080975 0.993961
vt 0.694807 0.894713
vt 0.699750 0.894713
vt 0.699750 0.897249
vt 0.694807 0.897249
vt 0.694616 0.992556
vt 0.694616 0.894713
vt 0.694807 0.992556
vt 0.699750 0.992556
vt 0.699940 0.894713
vt 0.699940 0.992556
vt 0.694807 0.990020
vt 0.699750 0.990020
vt 0.079652 0.960453
vt 0.077566 0.960453
vt 0.079616 0.988521
vt 0.077589 0.988521
vt 0.079651 0.960453
vt 0.077580 0.960453
vt 0.079629 0.988521
vt 0.077598 0.988521
vt 0.079661 0.960453
vt 0.077568 0.960453
vt 0.079611 0.988521
vt 0.077617 0.988521
vt 0.079653 0.960453
vt 0.077581 0.960453
vt 0.079624 0.988521
vt 0.077618 0.988521
vt 0.079652 0.960453
vt 0.077562 0.960453
vt 0.079624 0.988522
vt 0.077605 0.988521
vt 0.103120 0.856000
vt 0.103191 0.828065
vt 0.103191 0.856000
vt 0.107836 0.886746
vt 0.107907 0.866312
vt 0.107907 0.886746
vt 0.103837 0.853329
vt 0.103909 0.828065
vt 0.103909 0.853329
vt 0.103766 0.844252
vt 0.103836 0.828065
vt 0.103836 0.844252
vt 0.107693 0.869333
vt 0.107763 0.840984
vt 0.107763 0.869333
vt 0.103622 0.848976
vt 0.103693 0.828065
vt 0.103693 0.848976
vt 0.103621 0.828065
vt 0.103552 0.828065
vt 0.103550 0.828065
vt 0.103550 0.828065
vt 0.103481 0.828065
vt 0.103479 0.828065
vt 0.103478 0.850930
vt 0.103407 0.850930
vt 0.103335 0.843731
vt 0.103406 0.828065
vt 0.103406 0.843731
vt 0.107262 0.868919
vt 0.107333 0.840984
vt 0.107333 0.868919
vt 0.103550 0.855945
vt 0.103550 0.856000
vt 0.103048 0.896756
vt 0.103119 0.873890
vt 0.103119 0.896756
vt 0.103766 0.868631
vt 0.103766 0.844316
vt 0.103120 0.896756
vt 0.103191 0.868695
vt 0.103191 0.896756
vt 0.103191 0.868631
vt 0.103120 0.856064
vt 0.103191 0.856064
vt 0.107191 0.909675
vt 0.107261 0.890628
vt 0.107261 0.909675
vt 0.103192 0.877645
vt 0.103194 0.877645
vt 0.103263 0.896756
vt 0.103334 0.871762
vt 0.103334 0.896756
vt 0.103334 0.856064
vt 0.103265 0.856064
vt 0.103263 0.856064
vt 0.103335 0.896756
vt 0.103337 0.896756
vt 0.107334 0.886746
vt 0.107405 0.856713
vt 0.107405 0.886746
vt 0.107406 0.909675
vt 0.107477 0.892068
vt 0.107477 0.909675
vt 0.103409 0.878962
vt 0.103407 0.879085
vt 0.103407 0.850994
vt 0.103550 0.896756
vt 0.103479 0.873890
vt 0.103550 0.873890
vt 0.107548 0.886746
vt 0.107477 0.868983
vt 0.107548 0.868983
vt 0.103550 0.877083
vt 0.103621 0.877083
vt 0.103550 0.877019
vt 0.103621 0.850994
vt 0.103621 0.877019
vt 0.103622 0.896756
vt 0.103693 0.873890
vt 0.103693 0.896756
vt 0.107621 0.886746
vt 0.107692 0.861959
vt 0.107692 0.886746
vt 0.107693 0.909675
vt 0.107763 0.894071
vt 0.107763 0.909675
vt 0.103694 0.881088
vt 0.103696 0.881088
vt 0.103766 0.896756
vt 0.103835 0.896756
vt 0.103836 0.896756
vt 0.103119 0.873827
vt 0.103048 0.860819
vt 0.103119 0.860819
vt 0.107047 0.873675
vt 0.107118 0.840984
vt 0.107118 0.873675
vt 0.103836 0.844316
vt 0.103836 0.868631
vt 0.107191 0.890628
vt 0.103694 0.856533
vt 0.103694 0.856478
vt 0.103192 0.850930
vt 0.103194 0.850930
vt 0.103835 0.868818
vt 0.103335 0.873890
vt 0.103909 0.896756
vt 0.103837 0.896756
vt 0.103120 0.868695
vt 0.103909 0.873890
vt 0.107836 0.866312
vt 0.103120 0.868631
vt 0.103837 0.873890
vt 0.103765 0.881088
vt 0.103696 0.856602
vt 0.103765 0.856602
vt 0.103048 0.873890
vt 0.103048 0.873827
vt 0.103120 0.828065
vt 0.103836 0.868695
vt 0.103263 0.850930
vt 0.103194 0.828065
vt 0.103263 0.828065
vt 0.107262 0.840984
vt 0.103334 0.871698
vt 0.103263 0.851117
vt 0.103263 0.877645
vt 0.103765 0.856533
vt 0.103621 0.851049
vt 0.103621 0.896756
vt 0.103550 0.896756
vt 0.103478 0.850994
vt 0.103478 0.879085
vt 0.107477 0.892124
vt 0.103406 0.896756
vt 0.103263 0.871698
vt 0.103192 0.850994
vt 0.103407 0.828065
vt 0.103479 0.855945
vt 0.103621 0.850930
vt 0.103550 0.850930
vt 0.103263 0.850994
vt 0.103549 0.873890
vt 0.103479 0.896756
vt 0.103549 0.896756
vt 0.107693 0.894071
vt 0.103192 0.828065
vt 0.103263 0.871762
vt 0.103765 0.856478
vt 0.103694 0.856478
vt 0.103550 0.877207
vt 0.103621 0.877207
vt 0.103265 0.871698
vt 0.103622 0.873890
vt 0.107047 0.840984
vt 0.107334 0.856713
vt 0.107621 0.861959
vt 0.103837 0.828065
vt 0.103407 0.850806
vt 0.103478 0.850806
vt 0.107548 0.868983
vt 0.103335 0.828065
vt 0.103766 0.828065
vt 0.107477 0.886746
vt 0.107548 0.886746
vt 0.107406 0.892068
vt 0.103478 0.828065
vt 0.103476 0.850994
vt 0.107406 0.892124
vt 0.103766 0.868695
vt 0.103766 0.868818
vt 0.107693 0.840984
vt 0.103550 0.851049
vt 0.103550 0.850994
vt 0.103622 0.828065
vt 0.103551 0.850930
vt 0.103407 0.879085
vt 0.103552 0.850806
vt 0.103621 0.850806
vt 0.103406 0.873890
vt 0.103337 0.873890
vt 0.103481 0.856000
vt 0.103192 0.850994
vt 0.103476 0.878962
vt 0.103194 0.851117
vt 0.103477 0.879085
vt 0.103836 0.868695
vt 0.103479 0.856000
vt 0.327094 0.882321
vt 0.326986 0.882321
vt 0.326877 0.886308
vt 0.326984 0.886308
vt 0.326767 0.882321
vt 0.326767 0.885088
vt 0.326771 0.886308
vt 0.316388 0.910336
vt 0.316496 0.910336
vt 0.316279 0.910336
vt 0.316387 0.910336
vt 0.326440 0.882321
vt 0.326545 0.886308
vt 0.326548 0.882321
vt 0.326331 0.886308
vt 0.326439 0.886308
vt 0.315952 0.906349
vt 0.315952 0.909116
vt 0.315955 0.910336
vt 0.326113 0.886308
vt 0.326221 0.886308
vt 0.326004 0.886308
vt 0.326111 0.886308
vt 0.315625 0.906349
vt 0.315625 0.909116
vt 0.315628 0.910336
vt 0.325785 0.882321
vt 0.325785 0.885088
vt 0.325789 0.886308
vt 0.315406 0.910336
vt 0.315514 0.910336
vt 0.315514 0.906349
vt 0.315406 0.906349
vt 0.325893 0.882321
vt 0.315732 0.906349
vt 0.326111 0.882321
vt 0.326004 0.882321
vt 0.326221 0.882321
vt 0.326113 0.882321
vt 0.316060 0.906349
vt 0.326439 0.882321
vt 0.326331 0.882321
vt 0.316387 0.906349
vt 0.316279 0.906349
vt 0.316496 0.906349
vt 0.316388 0.906349
vt 0.326875 0.882321
vt 0.326984 0.882321
vt 0.326877 0.882321
vt 0.326986 0.886308
vt 0.327094 0.886308
vt 0.316060 0.910336
vt 0.326875 0.885088
vt 0.326872 0.886308
vt 0.325893 0.885088
vt 0.326548 0.885088
vt 0.315732 0.910336
vt 0.325890 0.886308
vt 0.326440 0.886308
vt 0.316797 0.853225
vt 0.316797 0.854604
vt 0.316797 0.854765
vt 0.326910 0.888546
vt 0.327067 0.877103
vt 0.327067 0.888546
vt 0.316797 0.899152
vt 0.316797 0.900530
vt 0.316797 0.900691
vt 0.326910 0.865543
vt 0.327067 0.854140
vt 0.327067 0.865543
vt 0.316797 0.876188
vt 0.316797 0.877567
vt 0.316797 0.877728
vt 0.326910 0.842579
vt 0.327067 0.831177
vt 0.327067 0.842579
vt 0.326910 0.819616
vt 0.327067 0.808174
vt 0.327067 0.819616
vt 0.316797 0.841822
vt 0.316640 0.853225
vt 0.327067 0.875203
vt 0.326910 0.886645
vt 0.327067 0.886645
vt 0.316797 0.887749
vt 0.316640 0.899152
vt 0.327067 0.852239
vt 0.326910 0.863642
vt 0.327067 0.863642
vt 0.316797 0.864786
vt 0.316640 0.876188
vt 0.327067 0.829276
vt 0.326910 0.840679
vt 0.327067 0.840679
vt 0.327067 0.806273
vt 0.326910 0.817715
vt 0.327067 0.817715
vt 0.326910 0.831177
vt 0.316640 0.900530
vt 0.316640 0.877567
vt 0.326910 0.852239
vt 0.326910 0.854140
vt 0.316640 0.841822
vt 0.316640 0.854765
vt 0.316640 0.877728
vt 0.316797 0.867048
vt 0.316797 0.843723
vt 0.316640 0.887749
vt 0.316640 0.900691
vt 0.326910 0.829276
vt 0.316640 0.864786
vt 0.316640 0.866164
vt 0.316640 0.867048
vt 0.316640 0.843723
vt 0.326910 0.877103
vt 0.326910 0.806273
vt 0.326910 0.808174
vt 0.316797 0.889650
vt 0.316797 0.866164
vt 0.326910 0.875203
vt 0.316640 0.889650
vt 0.316640 0.854604
vt 0.325674 0.892319
vt 0.325699 0.892319
vt 0.325699 0.806265
vt 0.325674 0.806265
vt 0.327070 0.892319
vt 0.327096 0.892319
vt 0.327070 0.806265
vt 0.327096 0.806265
vt 0.326372 0.892319
vt 0.326398 0.892319
vt 0.326398 0.806265
vt 0.326372 0.806265
vt 0.326882 0.892319
vt 0.326907 0.892319
vt 0.326907 0.806265
vt 0.326882 0.806265
vt 0.326373 0.860324
vt 0.325676 0.850661
vt 0.326373 0.850661
vt 0.325676 0.860324
vt 0.326373 0.850661
vt 0.326891 0.860324
vt 0.326385 0.850661
vt 0.326891 0.850661
vt 0.326385 0.860324
vt 0.326891 0.850661
vt 0.325695 0.862996
vt 0.325695 0.872659
vt 0.325695 0.862995
vt 0.325681 0.862996
vt 0.325681 0.872659
vt 0.325681 0.862995
vt 0.327075 0.862996
vt 0.327075 0.872659
vt 0.327089 0.872659
vt 0.327089 0.862996
vt 0.327089 0.862995
vt 0.327083 0.882321
vt 0.325687 0.872657
vt 0.327083 0.872657
vt 0.325687 0.882321
vt 0.080822 0.993733
vt 0.080822 0.958260
vt 0.080822 0.958260
vt 0.077457 0.993732
vt 0.077457 0.958260
vt 0.077457 0.958260
vt 0.080960 0.993565
vt 0.080960 0.958092
vt 0.080960 0.958092
vt 0.080960 0.993564
vt 0.077595 0.958092
vt 0.077595 0.993565
vt 0.077595 0.958092
vt 0.077730 0.955777
vt 0.077730 0.991249
vt 0.077730 0.955777
vt 0.081095 0.955777
vt 0.077730 0.991249
vt 0.081095 0.991249
vt 0.081095 0.955777
vt 0.078082 0.839500
vt 0.078082 0.834078
vt 0.078061 0.834078
vt 0.078061 0.839500
vt 0.079879 0.834078
vt 0.079879 0.839500
vt 0.079900 0.834078
vt 0.079900 0.839500
vt 0.068673 0.937081
vt 0.068673 0.852155
vt 0.069536 0.852155
vt 0.069536 0.937081
vt 0.066144 0.914335
vt 0.068714 0.901939
vt 0.068718 0.903687
vt 0.066521 0.914335
vt 0.069518 0.901939
vt 0.072088 0.914335
vt 0.069514 0.903687
vt 0.071711 0.914335
vt 0.078110 0.843849
vt 0.078067 0.836908
vt 0.078156 0.851133
vt 0.078112 0.844192
vt 0.078156 0.851134
vt 0.078202 0.858418
vt 0.078158 0.851477
vt 0.078247 0.865702
vt 0.078204 0.858761
vt 0.078247 0.865703
vt 0.078293 0.874512
vt 0.078249 0.866046
vt 0.078339 0.878599
vt 0.078295 0.875027
vt 0.078384 0.880602
vt 0.078341 0.878733
vt 0.078430 0.882646
vt 0.078386 0.880686
vt 0.078627 0.887913
vt 0.078579 0.886961
vt 0.078677 0.888920
vt 0.078629 0.887967
vt 0.078728 0.889926
vt 0.078680 0.888974
vt 0.078778 0.890933
vt 0.078730 0.889981
vt 0.078829 0.891939
vt 0.078781 0.890987
vt 0.078879 0.892946
vt 0.078831 0.891994
vt 0.078929 0.893952
vt 0.078882 0.893000
vt 0.078980 0.894986
vt 0.078932 0.894007
vt 0.078477 0.884921
vt 0.078432 0.882754
vt 0.078576 0.886907
vt 0.078529 0.885954
vt 0.078526 0.885900
vt 0.078830 0.892056
vt 0.078830 0.892056
vt 0.078931 0.894069
vt 0.078980 0.895049
vt 0.078109 0.844075
vt 0.078431 0.882827
vt 0.078432 0.882754
vt 0.078777 0.890995
vt 0.078476 0.884983
vt 0.078111 0.844418
vt 0.078384 0.880662
vt 0.078780 0.891050
vt 0.078386 0.880746
vt 0.078429 0.882719
vt 0.078386 0.880686
vt 0.078727 0.889989
vt 0.078340 0.878819
vt 0.078066 0.837133
vt 0.078338 0.878689
vt 0.078730 0.890043
vt 0.078294 0.875359
vt 0.078525 0.885963
vt 0.078676 0.888982
vt 0.078249 0.866271
vt 0.078575 0.886969
vt 0.078528 0.886017
vt 0.078292 0.874841
vt 0.078679 0.889037
vt 0.078680 0.888974
vt 0.078203 0.858987
vt 0.078626 0.887976
vt 0.078578 0.887023
vt 0.078246 0.865928
vt 0.078157 0.851702
vt 0.078629 0.888030
vt 0.078201 0.858644
vt 0.078929 0.894015
vt 0.078155 0.851359
vt 0.078878 0.893008
vt 0.078828 0.892002
vt 0.078881 0.893063
vt 0.079894 0.836908
vt 0.079851 0.843849
vt 0.079848 0.844192
vt 0.079805 0.851133
vt 0.079805 0.851134
vt 0.079803 0.851477
vt 0.079759 0.858418
vt 0.079757 0.858761
vt 0.079714 0.865702
vt 0.079714 0.865703
vt 0.079711 0.866046
vt 0.079668 0.874512
vt 0.079666 0.875027
vt 0.079622 0.878599
vt 0.079620 0.878733
vt 0.079576 0.880602
vt 0.079574 0.880686
vt 0.079531 0.882646
vt 0.079382 0.886961
vt 0.079334 0.887913
vt 0.079331 0.887967
vt 0.079284 0.888920
vt 0.079281 0.888974
vt 0.079233 0.889926
vt 0.079230 0.889981
vt 0.079183 0.890933
vt 0.079180 0.890987
vt 0.079132 0.891939
vt 0.079130 0.891994
vt 0.079082 0.892946
vt 0.079079 0.893000
vt 0.079031 0.893952
vt 0.079029 0.894007
vt 0.079529 0.882754
vt 0.079484 0.884921
vt 0.079432 0.885954
vt 0.079385 0.886907
vt 0.079435 0.885900
vt 0.079130 0.892056
vt 0.079130 0.892056
vt 0.079030 0.894069
vt 0.079851 0.844075
vt 0.079529 0.882754
vt 0.079529 0.882827
vt 0.079184 0.890995
vt 0.079485 0.884983
vt 0.079849 0.844418
vt 0.079577 0.880662
vt 0.079181 0.891050
vt 0.079575 0.880746
vt 0.079532 0.882719
vt 0.079574 0.880686
vt 0.079234 0.889989
vt 0.079621 0.878819
vt 0.079895 0.837133
vt 0.079623 0.878689
vt 0.079231 0.890043
vt 0.079667 0.875359
vt 0.079436 0.885963
vt 0.079284 0.888982
vt 0.079712 0.866271
vt 0.079669 0.874841
vt 0.079385 0.886969
vt 0.079433 0.886017
vt 0.079281 0.888974
vt 0.079282 0.889037
vt 0.079758 0.858987
vt 0.079714 0.865928
vt 0.079335 0.887976
vt 0.079383 0.887023
vt 0.079804 0.851702
vt 0.079760 0.858644
vt 0.079332 0.888030
vt 0.079032 0.894015
vt 0.079806 0.851359
vt 0.079083 0.893008
vt 0.079133 0.892002
vt 0.079080 0.893063
vt 0.080977 0.953619
vt 0.077779 0.953619
vt 0.080977 0.993962
vt 0.077779 0.993962
vt 0.080977 0.993962
vt 0.080977 0.953619
vt 0.077779 0.993962
vt 0.077779 0.953619
vt 0.080977 0.993961
vt 0.694214 0.895032
vt 0.694214 0.992912
vt 0.699985 0.992912
vt 0.699985 0.895032
vt 0.078610 0.966044
vt 0.079642 0.966044
vt 0.079642 0.992162
vt 0.078610 0.992162
vt 0.077579 0.966044
vt 0.077579 0.992162
vt 0.084969 0.924955
vt 0.087218 0.924955
vt 0.087218 0.920376
vt 0.084969 0.920376
vt 0.225703 0.851220
vt 0.232174 0.851220
vt 0.232075 0.850339
vt 0.225802 0.850339
vt 0.232075 0.814375
vt 0.232174 0.813494
vt 0.225703 0.813494
vt 0.225802 0.814375
vt 0.227482 0.841991
vt 0.228873 0.831445
vt 0.227258 0.840704
vt 0.230395 0.822722
vt 0.232021 0.813678
vt 0.225723 0.850145
vt 0.225942 0.851034
vt 0.230619 0.824009
vt 0.229004 0.833268
vt 0.232131 0.814642
vt 0.100510 0.883359
vt 0.100626 0.957371
vt 0.100626 0.883359
vt 0.093060 0.893047
vt 0.093060 0.967060
vt 0.100037 0.883359
vt 0.100037 0.957371
vt 0.095225 0.893047
vt 0.095225 0.967060
vt 0.100154 0.883359
vt 0.100041 0.957371
vt 0.100041 0.883359
vt 0.095970 0.967060
vt 0.095970 0.893047
vt 0.100389 0.883359
vt 0.100276 0.957371
vt 0.100276 0.883359
vt 0.096668 0.893047
vt 0.096668 0.967060
vt 0.100510 0.957371
vt 0.100389 0.957371
vt 0.094527 0.893047
vt 0.100154 0.957371
vt 0.099923 0.883359
vt 0.092362 0.893047
vt 0.099688 0.883359
vt 0.099802 0.957371
vt 0.099802 0.883359
vt 0.090907 0.893047
vt 0.091617 0.967060
vt 0.091617 0.893047
vt 0.099688 0.957371
vt 0.099798 0.883359
vt 0.092362 0.967060
vt 0.093036 0.893047
vt 0.099923 0.957371
vt 0.100033 0.883359
vt 0.094527 0.967060
vt 0.095200 0.893047
vt 0.096644 0.893047
vt 0.095994 0.967060
vt 0.095994 0.893047
vt 0.090907 0.967060
vt 0.227482 0.822722
vt 0.228873 0.833268
vt 0.229004 0.831445
vt 0.232021 0.851035
vt 0.230395 0.841991
vt 0.227258 0.824009
vt 0.225723 0.814569
vt 0.225942 0.813680
vt 0.230619 0.840704
vt 0.232131 0.850071
vt 0.088586 0.909917
vt 0.088650 0.852934
vt 0.088586 0.852934
vt 0.085144 0.863393
vt 0.085313 0.920376
vt 0.085144 0.920376
vt 0.085317 0.863393
vt 0.085486 0.920376
vt 0.085317 0.920376
vt 0.085832 0.863393
vt 0.085832 0.920376
vt 0.089107 0.909917
vt 0.089168 0.852934
vt 0.089107 0.852934
vt 0.088912 0.852934
vt 0.088975 0.909917
vt 0.088912 0.909917
vt 0.086351 0.863393
vt 0.086351 0.920376
vt 0.086700 0.920376
vt 0.086700 0.863393
vt 0.089302 0.909917
vt 0.089302 0.852934
vt 0.089172 0.852934
vt 0.089235 0.909917
vt 0.089172 0.909917
vt 0.086870 0.920376
vt 0.087046 0.863393
vt 0.087046 0.920376
vt 0.085313 0.863393
vt 0.086015 0.920376
vt 0.086178 0.863393
vt 0.086015 0.863393
vt 0.088782 0.909917
vt 0.088845 0.852934
vt 0.088782 0.852934
vt 0.085663 0.920376
vt 0.085663 0.863393
vt 0.088975 0.852934
vt 0.086009 0.920376
vt 0.086009 0.863393
vt 0.086182 0.920376
vt 0.086182 0.863393
vt 0.089170 0.852934
vt 0.089170 0.909917
vt 0.089235 0.852934
vt 0.086870 0.863393
vt 0.089365 0.852934
vt 0.087218 0.863393
vt 0.088650 0.909917
vt 0.089365 0.909917
vt 0.089305 0.852934
vt 0.089305 0.909917
vt 0.086707 0.920376
vt 0.086864 0.863393
vt 0.086707 0.863393
vt 0.089167 0.909917
vt 0.086341 0.920376
vt 0.086178 0.920376
vt 0.086019 0.863393
vt 0.086019 0.920376
vt 0.085822 0.920376
vt 0.088845 0.909917
vt 0.088785 0.852934
vt 0.088785 0.909917
vt 0.085486 0.863393
vt 0.085323 0.920376
vt 0.085323 0.863393
vt 0.099798 0.957371
vt 0.093036 0.967060
vt 0.100033 0.957371
vt 0.095200 0.967060
vt 0.096644 0.967060
vt 0.085822 0.863393
vt 0.086341 0.863393
vt 0.089167 0.852934
vt 0.089168 0.909917
vt 0.086864 0.920376
vt 0.225684 0.851220
vt 0.232155 0.851220
vt 0.232056 0.850339
vt 0.225782 0.850339
vt 0.232056 0.814375
vt 0.232155 0.813494
vt 0.225684 0.813494
vt 0.225782 0.814375
vt 0.227463 0.841991
vt 0.228854 0.831445
vt 0.227239 0.840704
vt 0.230375 0.822722
vt 0.232002 0.813678
vt 0.225704 0.850145
vt 0.225923 0.851034
vt 0.230600 0.824009
vt 0.228985 0.833268
vt 0.232112 0.814642
vt 0.100487 0.883359
vt 0.100602 0.957371
vt 0.100602 0.883359
vt 0.093660 0.967060
vt 0.093660 0.893047
vt 0.092915 0.893047
vt 0.092217 0.967060
vt 0.092217 0.893047
vt 0.100013 0.883359
vt 0.099900 0.957371
vt 0.099900 0.883359
vt 0.094358 0.893047
vt 0.094358 0.967060
vt 0.095080 0.893047
vt 0.094382 0.967060
vt 0.094382 0.893047
vt 0.100487 0.957371
vt 0.096523 0.893047
vt 0.095825 0.967060
vt 0.095825 0.893047
vt 0.096523 0.967060
vt 0.100252 0.883359
vt 0.100366 0.957371
vt 0.100366 0.883359
vt 0.100013 0.957371
vt 0.092915 0.967060
vt 0.099665 0.883359
vt 0.099778 0.957371
vt 0.099778 0.883359
vt 0.090762 0.893047
vt 0.091472 0.967060
vt 0.091472 0.893047
vt 0.099665 0.957371
vt 0.099774 0.883359
vt 0.100010 0.957371
vt 0.100010 0.883359
vt 0.094334 0.893047
vt 0.093684 0.967060
vt 0.093684 0.893047
vt 0.095060 0.967060
vt 0.095060 0.893047
vt 0.100252 0.957371
vt 0.100362 0.883359
vt 0.100491 0.957371
vt 0.100491 0.883359
vt 0.090762 0.967060
vt 0.227673 0.822739
vt 0.228846 0.833236
vt 0.228956 0.831421
vt 0.231500 0.850921
vt 0.230129 0.841918
vt 0.227484 0.824019
vt 0.226190 0.814623
vt 0.226375 0.813738
vt 0.230318 0.840637
vt 0.231593 0.849961
vt 0.085140 0.863393
vt 0.084969 0.863393
vt 0.088652 0.852934
vt 0.088715 0.909917
vt 0.088652 0.909917
vt 0.088717 0.852934
vt 0.088780 0.909917
vt 0.088717 0.909917
vt 0.085659 0.863393
vt 0.085659 0.920376
vt 0.088780 0.852934
vt 0.085490 0.920376
vt 0.085490 0.863393
vt 0.085140 0.920376
vt 0.089363 0.852934
vt 0.086708 0.863393
vt 0.086862 0.920376
vt 0.086708 0.920376
vt 0.089109 0.909917
vt 0.089168 0.852934
vt 0.089109 0.852934
vt 0.086343 0.920376
vt 0.085825 0.863393
vt 0.085497 0.863393
vt 0.085651 0.920376
vt 0.085497 0.920376
vt 0.088713 0.852934
vt 0.099774 0.957371
vt 0.094334 0.967060
vt 0.100362 0.957371
vt 0.095080 0.967060
vt 0.085651 0.863393
vt 0.086343 0.863393
vt 0.086862 0.863393
vt 0.088713 0.909917
vt 0.088715 0.852934
vt 0.085825 0.920376
vt 0.089168 0.909917
vt 0.089363 0.909917
vt 0.084969 0.924955
vt 0.087218 0.924955
vt 0.087218 0.920376
vt 0.084969 0.920376
vt 0.225672 0.851220
vt 0.232143 0.851220
vt 0.232045 0.850339
vt 0.225771 0.850339
vt 0.232045 0.814375
vt 0.232143 0.813494
vt 0.225672 0.813494
vt 0.225771 0.814375
vt 0.227452 0.841991
vt 0.228842 0.831445
vt 0.227227 0.840704
vt 0.230364 0.822722
vt 0.231990 0.813678
vt 0.225693 0.850145
vt 0.225911 0.851034
vt 0.230588 0.824009
vt 0.228973 0.833268
vt 0.232101 0.814642
vt 0.096498 0.893047
vt 0.097208 0.967060
vt 0.097208 0.893047
vt 0.092145 0.893047
vt 0.091447 0.967060
vt 0.091447 0.893047
vt 0.094310 0.893047
vt 0.094310 0.967060
vt 0.093588 0.893047
vt 0.092890 0.967060
vt 0.092890 0.893047
vt 0.095055 0.967060
vt 0.095055 0.893047
vt 0.100240 0.883359
vt 0.100127 0.957371
vt 0.100127 0.883359
vt 0.095753 0.893047
vt 0.095753 0.967060
vt 0.100475 0.883359
vt 0.100361 0.957371
vt 0.100361 0.883359
vt 0.096498 0.967060
vt 0.100475 0.957371
vt 0.100240 0.957371
vt 0.093612 0.893047
vt 0.093588 0.967060
vt 0.099774 0.883359
vt 0.099888 0.957371
vt 0.099888 0.883359
vt 0.092145 0.967060
vt 0.099537 0.883359
vt 0.099653 0.957371
vt 0.099653 0.883359
vt 0.099774 0.957371
vt 0.099881 0.883359
vt 0.093612 0.967060
vt 0.094269 0.893047
vt 0.095712 0.893047
vt 0.095096 0.967060
vt 0.095096 0.893047
vt 0.099537 0.957371
vt 0.227621 0.822739
vt 0.228794 0.833236
vt 0.228904 0.831421
vt 0.231448 0.850921
vt 0.230077 0.841918
vt 0.227432 0.824019
vt 0.226138 0.814623
vt 0.226322 0.813738
vt 0.230266 0.840637
vt 0.231541 0.849961
vt 0.088715 0.909917
vt 0.088652 0.909917
vt 0.085486 0.920376
vt 0.088845 0.909917
vt 0.088782 0.909917
vt 0.085832 0.920376
vt 0.085663 0.920376
vt 0.086351 0.920376
vt 0.088977 0.852934
vt 0.089040 0.909917
vt 0.088977 0.909917
vt 0.089300 0.852934
vt 0.089300 0.909917
vt 0.086355 0.863393
vt 0.086524 0.920376
vt 0.086355 0.920376
vt 0.086528 0.863393
vt 0.086697 0.920376
vt 0.086528 0.920376
vt 0.089365 0.909917
vt 0.089302 0.909917
vt 0.087046 0.920376
vt 0.085317 0.920376
vt 0.088912 0.909917
vt 0.089040 0.852934
vt 0.086182 0.920376
vt 0.089237 0.909917
vt 0.089237 0.852934
vt 0.086697 0.863393
vt 0.085140 0.920376
vt 0.089297 0.909917
vt 0.089239 0.909917
vt 0.089239 0.852934
vt 0.086518 0.863393
vt 0.086342 0.920376
vt 0.088972 0.909917
vt 0.086524 0.863393
vt 0.085669 0.920376
vt 0.085826 0.863393
vt 0.085669 0.863393
vt 0.088975 0.909917
vt 0.085325 0.863393
vt 0.085478 0.920376
vt 0.085325 0.920376
vt 0.088654 0.909917
vt 0.088654 0.852934
vt 0.099881 0.957371
vt 0.094269 0.967060
vt 0.095712 0.967060
vt 0.085478 0.863393
vt 0.088972 0.852934
vt 0.086342 0.863393
vt 0.089297 0.852934
vt 0.085826 0.920376
vt 0.086518 0.920376
vt 0.084976 0.924955
vt 0.087228 0.924955
vt 0.087228 0.920376
vt 0.084976 0.920376
vt 0.088589 0.909917
vt 0.088653 0.852934
vt 0.088589 0.852934
vt 0.085151 0.920376
vt 0.085321 0.863393
vt 0.085151 0.863393
vt 0.085324 0.920376
vt 0.085494 0.863393
vt 0.085324 0.863393
vt 0.088785 0.909917
vt 0.088848 0.852934
vt 0.088785 0.852934
vt 0.085671 0.920376
vt 0.085840 0.863393
vt 0.085671 0.863393
vt 0.085844 0.920376
vt 0.086014 0.863393
vt 0.085844 0.863393
vt 0.088980 0.909917
vt 0.089044 0.852934
vt 0.088980 0.852934
vt 0.089045 0.909917
vt 0.089109 0.852934
vt 0.089045 0.852934
vt 0.086364 0.920376
vt 0.086533 0.863393
vt 0.086364 0.863393
vt 0.086537 0.920376
vt 0.086706 0.863393
vt 0.086537 0.863393
vt 0.089240 0.909917
vt 0.089304 0.852934
vt 0.089240 0.852934
vt 0.086883 0.920376
vt 0.087053 0.863393
vt 0.086883 0.863393
vt 0.087056 0.920376
vt 0.087228 0.863393
vt 0.087056 0.863393
vt 0.087055 0.920376
vt 0.087055 0.863393
vt 0.087053 0.920376
vt 0.086881 0.920376
vt 0.086881 0.863393
vt 0.089305 0.852934
vt 0.089304 0.909917
vt 0.089305 0.909917
vt 0.089240 0.909917
vt 0.089240 0.852934
vt 0.086708 0.863393
vt 0.086706 0.920376
vt 0.086535 0.920376
vt 0.086535 0.863393
vt 0.086533 0.920376
vt 0.086362 0.920376
vt 0.086362 0.863393
vt 0.089109 0.852934
vt 0.089109 0.909917
vt 0.089109 0.909917
vt 0.089044 0.909917
vt 0.089044 0.852934
vt 0.089044 0.909917
vt 0.088979 0.909917
vt 0.088979 0.852934
vt 0.086015 0.863393
vt 0.086014 0.920376
vt 0.086015 0.920376
vt 0.085842 0.920376
vt 0.085842 0.863393
vt 0.085840 0.920376
vt 0.085669 0.920376
vt 0.085669 0.863393
vt 0.088849 0.852934
vt 0.088848 0.909917
vt 0.088849 0.909917
vt 0.088784 0.909917
vt 0.088784 0.852934
vt 0.085496 0.863393
vt 0.085494 0.920376
vt 0.085496 0.920376
vt 0.085322 0.920376
vt 0.085322 0.863393
vt 0.085321 0.920376
vt 0.085149 0.920376
vt 0.085149 0.863393
vt 0.088654 0.852934
vt 0.088653 0.909917
vt 0.088654 0.909917
vt 0.084976 0.863393
vt 0.084958 0.924955
vt 0.087206 0.924955
vt 0.084958 0.920376
vt 0.087206 0.920376
vt 0.099919 0.957371
vt 0.099919 0.883359
vt 0.093782 0.967060
vt 0.093782 0.893047
vt 0.093084 0.893047
vt 0.099806 0.883359
vt 0.099806 0.957371
vt 0.099915 0.883359
vt 0.093084 0.967060
vt 0.093757 0.893047
vt 0.087035 0.863393
vt 0.087206 0.863393
vt 0.089297 0.909917
vt 0.089361 0.852934
vt 0.089361 0.909917
vt 0.086689 0.920376
vt 0.086859 0.863393
vt 0.086859 0.920376
vt 0.089102 0.909917
vt 0.089102 0.852934
vt 0.088845 0.852934
vt 0.088906 0.909917
vt 0.088906 0.852934
vt 0.086170 0.920376
vt 0.086340 0.863393
vt 0.086340 0.920376
vt 0.088907 0.909917
vt 0.088907 0.852934
vt 0.085475 0.863393
vt 0.085475 0.920376
vt 0.088711 0.852934
vt 0.088711 0.909917
vt 0.085479 0.920376
vt 0.085648 0.863393
vt 0.085648 0.920376
vt 0.085306 0.920376
vt 0.085129 0.863393
vt 0.085129 0.920376
vt 0.089297 0.852934
vt 0.085997 0.863393
vt 0.086161 0.920376
vt 0.086161 0.863393
vt 0.086516 0.863393
vt 0.086686 0.920376
vt 0.086686 0.863393
vt 0.089166 0.909917
vt 0.089166 0.852934
vt 0.086170 0.863393
vt 0.086167 0.863393
vt 0.086167 0.920376
vt 0.088971 0.909917
vt 0.088971 0.852934
vt 0.088842 0.909917
vt 0.088842 0.852934
vt 0.085479 0.863393
vt 0.085306 0.863393
vt 0.088647 0.852934
vt 0.084958 0.863393
vt 0.087035 0.920376
vt 0.088647 0.909917
vt 0.088707 0.852934
vt 0.088707 0.909917
vt 0.085312 0.863393
vt 0.085469 0.920376
vt 0.085469 0.863393
vt 0.088846 0.909917
vt 0.088911 0.909917
vt 0.085997 0.920376
vt 0.086157 0.863393
vt 0.086157 0.920376
vt 0.089106 0.909917
vt 0.086516 0.920376
vt 0.086676 0.863393
vt 0.086676 0.920376
vt 0.086689 0.863393
vt 0.086852 0.920376
vt 0.086852 0.863393
vt 0.099915 0.957371
vt 0.093757 0.967060
vt 0.089106 0.852934
vt 0.088911 0.852934
vt 0.088846 0.852934
vt 0.088845 0.909917
vt 0.085312 0.920376
vt 0.100017 0.883359
vt 0.100017 0.957371
vt 0.099782 0.957371
vt 0.099896 0.883359
vt 0.099782 0.883359
vt 0.092939 0.967060
vt 0.093637 0.893047
vt 0.092939 0.893047
vt 0.100131 0.957371
vt 0.100131 0.883359
vt 0.093637 0.967060
vt 0.099896 0.957371
vt 0.092194 0.967060
vt 0.091496 0.893047
vt 0.092194 0.893047
vt 0.099661 0.957371
vt 0.099545 0.883359
vt 0.099661 0.883359
vt 0.091496 0.967060
vt 0.092170 0.893047
vt 0.093617 0.967060
vt 0.093617 0.893047
vt 0.100021 0.957371
vt 0.100127 0.883359
vt 0.100021 0.883359
vt 0.099545 0.957371
vt 0.089167 0.909917
vt 0.089167 0.852934
vt 0.086343 0.920376
vt 0.086513 0.863393
vt 0.086513 0.920376
vt 0.089037 0.909917
vt 0.089101 0.852934
vt 0.089101 0.909917
vt 0.088776 0.852934
vt 0.088776 0.909917
vt 0.085651 0.920376
vt 0.085821 0.863393
vt 0.085821 0.920376
vt 0.088777 0.909917
vt 0.088841 0.852934
vt 0.088841 0.909917
vt 0.088712 0.909917
vt 0.088712 0.852934
vt 0.085133 0.920376
vt 0.085302 0.863393
vt 0.085302 0.920376
vt 0.088582 0.909917
vt 0.088646 0.852934
vt 0.088646 0.909917
vt 0.086343 0.863393
vt 0.089231 0.909917
vt 0.089231 0.852934
vt 0.089037 0.852934
vt 0.085824 0.863393
vt 0.085994 0.920376
vt 0.085994 0.863393
vt 0.085651 0.863393
vt 0.088777 0.852934
vt 0.088582 0.852934
vt 0.085139 0.863393
vt 0.088715 0.909917
vt 0.088773 0.852934
vt 0.088773 0.909917
vt 0.085133 0.863393
vt 0.085658 0.863393
vt 0.085814 0.920376
vt 0.085814 0.863393
vt 0.085832 0.920376
vt 0.086350 0.863393
vt 0.085824 0.920376
vt 0.089170 0.909917
vt 0.089228 0.852934
vt 0.089228 0.909917
vt 0.089300 0.852934
vt 0.092170 0.967060
vt 0.100127 0.957371
vt 0.089170 0.852934
vt 0.085832 0.863393
vt 0.088715 0.852934
vt 0.089300 0.909917
vt 0.086350 0.920376
vt 0.085658 0.920376
vt 0.085139 0.920376
vt 0.084958 0.924955
vt 0.087206 0.924955
vt 0.084958 0.920376
vt 0.087206 0.920376
vt 0.099892 0.957371
vt 0.100005 0.883359
vt 0.099892 0.883359
vt 0.100244 0.883359
vt 0.100244 0.957371
vt 0.094333 0.967060
vt 0.095032 0.893047
vt 0.094333 0.893047
vt 0.100358 0.957371
vt 0.100358 0.883359
vt 0.095032 0.967060
vt 0.100005 0.957371
vt 0.092867 0.967060
vt 0.092169 0.893047
vt 0.092867 0.893047
vt 0.092169 0.967060
vt 0.092826 0.893047
vt 0.100251 0.957371
vt 0.100351 0.883359
vt 0.100251 0.883359
vt 0.089362 0.852934
vt 0.089427 0.909917
vt 0.089427 0.852934
vt 0.086862 0.920376
vt 0.087032 0.863393
vt 0.087032 0.920376
vt 0.089232 0.909917
vt 0.089232 0.852934
vt 0.089167 0.909917
vt 0.089231 0.909917
vt 0.086343 0.920376
vt 0.086513 0.920376
vt 0.085824 0.920376
vt 0.088972 0.909917
vt 0.089036 0.852934
vt 0.089036 0.909917
vt 0.088712 0.909917
vt 0.085651 0.920376
vt 0.085821 0.920376
vt 0.088777 0.909917
vt 0.088841 0.909917
vt 0.085133 0.920376
vt 0.085302 0.920376
vt 0.085129 0.920376
vt 0.089296 0.909917
vt 0.089296 0.852934
vt 0.086340 0.920376
vt 0.088972 0.852934
vt 0.085994 0.920376
vt 0.088776 0.909917
vt 0.089362 0.909917
vt 0.088716 0.909917
vt 0.088774 0.909917
vt 0.088774 0.852934
vt 0.085658 0.863393
vt 0.085833 0.920376
vt 0.086179 0.920376
vt 0.086349 0.863393
vt 0.086507 0.920376
vt 0.086507 0.863393
vt 0.086170 0.920376
vt 0.089236 0.909917
vt 0.089293 0.852934
vt 0.089293 0.909917
vt 0.086862 0.863393
vt 0.087025 0.920376
vt 0.087025 0.863393
vt 0.092826 0.967060
vt 0.100351 0.957371
vt 0.089236 0.852934
vt 0.086179 0.863393
vt 0.085833 0.863393
vt 0.088716 0.852934
vt 0.086349 0.920376
vt 0.085658 0.920376
vt 0.084948 0.924955
vt 0.087199 0.924955
vt 0.084948 0.920376
vt 0.087199 0.920376
vt 0.087028 0.863393
vt 0.087199 0.863393
vt 0.089295 0.852934
vt 0.089358 0.909917
vt 0.089358 0.852934
vt 0.086682 0.863393
vt 0.086851 0.920376
vt 0.086851 0.863393
vt 0.086508 0.863393
vt 0.086678 0.920376
vt 0.086678 0.863393
vt 0.089099 0.852934
vt 0.089163 0.909917
vt 0.089163 0.852934
vt 0.086162 0.863393
vt 0.086331 0.920376
vt 0.086331 0.863393
vt 0.085989 0.863393
vt 0.086158 0.920376
vt 0.086158 0.863393
vt 0.088904 0.852934
vt 0.088968 0.909917
vt 0.088968 0.852934
vt 0.085642 0.863393
vt 0.085812 0.920376
vt 0.085812 0.863393
vt 0.085469 0.863393
vt 0.085639 0.920376
vt 0.085639 0.863393
vt 0.088709 0.852934
vt 0.088773 0.909917
vt 0.088773 0.852934
vt 0.085123 0.863393
vt 0.085292 0.920376
vt 0.085292 0.863393
vt 0.084948 0.863393
vt 0.085119 0.920376
vt 0.085119 0.863393
vt 0.085121 0.920376
vt 0.085121 0.863393
vt 0.085123 0.920376
vt 0.085294 0.920376
vt 0.085294 0.863393
vt 0.088709 0.909917
vt 0.088708 0.852934
vt 0.088708 0.909917
vt 0.088773 0.852934
vt 0.085469 0.920376
vt 0.085467 0.863393
vt 0.085467 0.920376
vt 0.085640 0.920376
vt 0.085640 0.863393
vt 0.085642 0.920376
vt 0.085814 0.920376
vt 0.085814 0.863393
vt 0.088904 0.909917
vt 0.088903 0.852934
vt 0.088903 0.909917
vt 0.088968 0.909917
vt 0.088968 0.852934
vt 0.085989 0.920376
vt 0.085987 0.863393
vt 0.085987 0.920376
vt 0.086160 0.920376
vt 0.086160 0.863393
vt 0.086162 0.920376
vt 0.086333 0.920376
vt 0.086333 0.863393
vt 0.089099 0.909917
vt 0.089099 0.852934
vt 0.089099 0.909917
vt 0.089164 0.909917
vt 0.089164 0.852934
vt 0.086508 0.920376
vt 0.086506 0.863393
vt 0.086506 0.920376
vt 0.086680 0.920376
vt 0.086680 0.863393
vt 0.086682 0.920376
vt 0.086853 0.920376
vt 0.086853 0.863393
vt 0.089295 0.909917
vt 0.089294 0.852934
vt 0.089294 0.909917
vt 0.089359 0.909917
vt 0.089359 0.852934
vt 0.087028 0.920376
vt 0.087026 0.863393
vt 0.087026 0.920376
vt 0.696710 0.991946
vt 0.701427 0.852811
vt 0.696710 0.852811
vt 0.701427 0.991946
vt 0.694246 0.979874
vt 0.694246 0.894049
vt 0.694553 0.894049
vt 0.694553 0.979874
vt 0.698391 0.988822
vt 0.698391 0.885102
vt 0.698627 0.885102
vt 0.698627 0.988822
vt 0.698391 0.894049
vt 0.694246 0.885102
vt 0.698391 0.979874
vt 0.694246 0.988822
vt 0.694748 0.974262
vt 0.698394 0.979874
vt 0.694553 0.979875
vt 0.694748 0.899661
vt 0.698199 0.899661
vt 0.698199 0.974262
vt 0.698394 0.894049
vt 0.696540 0.979874
vt 0.696407 0.894049
vt 0.696407 0.979874
vt 0.696540 0.894049
vt 0.694246 0.894049
vt 0.694246 0.979875
vt 0.694553 0.894049
vt 0.694246 0.885102
vt 0.696407 0.894049
vt 0.696540 0.979875
vt 0.696407 0.979875
vt 0.696540 0.894049
vt 0.696861 0.991946
vt 0.701577 0.852811
vt 0.696861 0.852811
vt 0.701577 0.991946
vt 0.694246 0.985570
vt 0.694246 0.899744
vt 0.694553 0.899744
vt 0.694553 0.985570
vt 0.698391 0.994516
vt 0.698391 0.890797
vt 0.698627 0.890797
vt 0.698627 0.994516
vt 0.698391 0.899744
vt 0.694246 0.890797
vt 0.698391 0.985570
vt 0.694246 0.994517
vt 0.694748 0.979957
vt 0.698394 0.985570
vt 0.694748 0.905357
vt 0.698199 0.979957
vt 0.698394 0.899744
vt 0.698199 0.905357
vt 0.696540 0.985570
vt 0.696407 0.899744
vt 0.696407 0.985570
vt 0.696540 0.899744
vt 0.696570 0.991946
vt 0.701287 0.852811
vt 0.696570 0.852811
vt 0.701287 0.991946
vt 0.694246 0.989167
vt 0.694246 0.903341
vt 0.694553 0.903341
vt 0.694553 0.989167
vt 0.698391 0.998114
vt 0.698391 0.894394
vt 0.698627 0.894394
vt 0.698627 0.998114
vt 0.698391 0.903341
vt 0.694246 0.894394
vt 0.698391 0.989167
vt 0.694246 0.998114
vt 0.694748 0.983554
vt 0.698394 0.989167
vt 0.694748 0.908953
vt 0.698199 0.908953
vt 0.698199 0.983554
vt 0.698394 0.903341
vt 0.696540 0.989167
vt 0.696407 0.903341
vt 0.696407 0.989167
vt 0.696540 0.903341
vt 0.696595 0.996361
vt 0.701197 0.857226
vt 0.696595 0.857226
vt 0.701197 0.996361
vt 0.694237 0.991353
vt 0.694237 0.899598
vt 0.694494 0.899598
vt 0.694494 0.991353
vt 0.698589 0.998843
vt 0.698589 0.892108
vt 0.698786 0.892108
vt 0.698786 0.998843
vt 0.698589 0.899598
vt 0.694237 0.892109
vt 0.698589 0.991353
vt 0.694237 0.998843
vt 0.694658 0.986655
vt 0.698591 0.991353
vt 0.694494 0.991353
vt 0.694658 0.904297
vt 0.698428 0.904297
vt 0.698428 0.986655
vt 0.698591 0.899598
vt 0.696487 0.899598
vt 0.696598 0.991353
vt 0.696487 0.991353
vt 0.696598 0.899598
vt 0.694237 0.991353
vt 0.696598 0.991353
vt 0.696487 0.991353
vt 0.344321 0.822671
vt 0.337925 0.991548
vt 0.337925 0.822671
vt 0.696227 0.847945
vt 0.696227 0.987025
vt 0.697769 0.847945
vt 0.697769 0.987025
vt 0.080063 0.539059
vt 0.080033 0.540567
vt 0.080033 0.473432
vt 0.080033 0.450221
vt 0.080033 0.430905
vt 0.073469 0.411225
vt 0.079865 0.482929
vt 0.073325 0.411225
vt 0.073612 0.411225
vt 0.080064 0.539019
vt 0.074655 0.567171
vt 0.079951 0.544123
vt 0.074208 0.571702
vt 0.080002 0.542116
vt 0.359860 0.847453
vt 0.359635 0.931892
vt 0.359649 0.808457
vt 0.072728 0.575314
vt 0.071172 0.576233
vt 0.074202 0.411225
vt 0.074006 0.439492
vt 0.074202 0.439492
vt 0.074202 0.473457
vt 0.073757 0.576233
vt 0.072823 0.487355
vt 0.079911 0.545019
vt 0.079930 0.430905
vt 0.073982 0.411225
vt 0.074431 0.569436
vt 0.359857 0.828137
vt 0.359853 0.943819
vt 0.359644 0.976923
vt 0.359694 0.808457
vt 0.071746 0.578871
vt 0.079548 0.430905
vt 0.079526 0.450221
vt 0.079548 0.450221
vt 0.079548 0.473432
vt 0.079548 0.540567
vt 0.079670 0.545019
vt 0.071459 0.577560
vt 0.079517 0.539019
vt 0.070725 0.571702
vt 0.079579 0.542116
vt 0.070058 0.411225
vt 0.359580 0.836724
vt 0.359619 0.972546
vt 0.359605 0.808457
vt 0.072205 0.534660
vt 0.079650 0.544571
vt 0.070948 0.573967
vt 0.070731 0.571759
vt 0.070731 0.473457
vt 0.070731 0.439492
vt 0.070731 0.411225
vt 0.079611 0.543664
vt 0.071751 0.487355
vt 0.072110 0.487355
vt 0.071602 0.578215
vt 0.071464 0.411225
vt 0.079580 0.430905
vt 0.070502 0.569436
vt 0.359633 0.972546
vt 0.072270 0.575314
vt 0.079815 0.543036
vt 0.360697 0.956348
vt 0.120666 0.587240
vt 0.121258 0.587240
vt 0.361133 0.990829
vt 0.121459 0.587240
vt 0.361163 0.990829
vt 0.107816 0.555060
vt 0.108124 0.443047
vt 0.108081 0.468738
vt 0.108124 0.468738
vt 0.108124 0.508520
vt 0.108124 0.555060
vt 0.106805 0.555060
vt 0.360681 0.956348
vt 0.361086 0.850361
vt 0.361102 0.990829
vt 0.360693 0.956348
vt 0.360716 0.956348
vt 0.106960 0.443047
vt 0.106899 0.469502
vt 0.106960 0.469502
vt 0.106960 0.504032
vt 0.106960 0.555060
vt 0.361072 0.990829
vt 0.360685 0.956348
vt 0.120131 0.507254
vt 0.120075 0.587240
vt 0.120075 0.507254
vt 0.360688 0.956348
vt 0.361118 0.850361
vt 0.361115 0.850361
vt 0.361127 0.990829
vt 0.107736 0.443047
vt 0.107736 0.469502
vt 0.360709 0.956348
vt 0.361157 0.990829
vt 0.360721 0.956348
vt 0.361180 0.849164
vt 0.361175 0.849164
vt 0.119678 0.587240
vt 0.120270 0.411661
vt 0.107115 0.443047
vt 0.107426 0.555060
vt 0.121654 0.587240
vt 0.122641 0.587240
vt 0.107659 0.555060
vt 0.360704 0.956348
vt 0.361133 0.808892
vt 0.361169 0.808892
vt 0.360685 0.955487
vt 0.120073 0.453129
vt 0.120073 0.411661
vt 0.119876 0.587240
vt 0.120068 0.587240
vt 0.120068 0.507254
vt 0.107193 0.555060
vt 0.121060 0.453129
vt 0.121060 0.411661
vt 0.120864 0.587240
vt 0.121060 0.587240
vt 0.121060 0.507254
vt 0.361133 0.989480
vt 0.360714 0.955487
vt 0.107736 0.443047
vt 0.107810 0.469502
vt 0.107736 0.469502
vt 0.122444 0.587240
vt 0.360678 0.955487
vt 0.361080 0.850361
vt 0.361084 0.989480
vt 0.360688 0.955487
vt 0.360690 0.955487
vt 0.361111 0.850361
vt 0.361114 0.989480
vt 0.121259 0.591174
vt 0.361145 0.989480
vt 0.361139 0.989480
vt 0.361157 0.989480
vt 0.361172 0.849164
vt 0.361175 0.989480
vt 0.361181 0.989480
vt 0.360684 0.901264
vt 0.360683 0.955487
vt 0.106983 0.469502
vt 0.106963 0.469502
vt 0.106960 0.504032
vt 0.120468 0.590922
vt 0.360697 0.955487
vt 0.360695 0.955487
vt 0.107503 0.557610
vt 0.122045 0.453129
vt 0.122045 0.411661
vt 0.122045 0.587240
vt 0.122045 0.507254
vt 0.360709 0.955487
vt 0.360709 0.955487
vt 0.360721 0.955487
vt 0.360719 0.955487
vt 0.106805 0.555060
vt 0.107038 0.443047
vt 0.107970 0.555060
vt 0.123234 0.587240
vt 0.121851 0.587240
vt 0.361090 0.989480
vt 0.361115 0.904486
vt 0.107349 0.555060
vt 0.360707 0.955487
vt 0.123030 0.411661
vt 0.122839 0.587240
vt 0.123031 0.587240
vt 0.123031 0.514290
vt 0.108184 0.468738
vt 0.072467 0.534660
vt 0.072465 0.582156
vt 0.073761 0.576233
vt 0.079791 0.547712
vt 0.072468 0.582157
vt 0.122444 0.588261
vt 0.106883 0.555889
vt 0.107345 0.504032
vt 0.107349 0.443047
vt 0.107307 0.469502
vt 0.107349 0.469502
vt 0.122049 0.588378
vt 0.122245 0.587240
vt 0.123036 0.588479
vt 0.107354 0.469502
vt 0.107391 0.469502
vt 0.107814 0.555445
vt 0.108125 0.555275
vt 0.361078 0.808892
vt 0.107116 0.558762
vt 0.361145 0.850361
vt 0.361150 0.850361
vt 0.108202 0.558339
vt 0.107737 0.557979
vt 0.361121 0.989480
vt 0.361096 0.808892
vt 0.361072 0.808892
vt 0.360683 0.866734
vt 0.119677 0.591902
vt 0.123029 0.451932
vt 0.360700 0.955487
vt 0.103409 0.850994
vt 0.327075 0.862995
vt 0.080822 0.993732
vt 0.077457 0.993733
vt 0.077595 0.993564
vt 0.081095 0.991249
vt 0.344321 0.991548
s 0
usemtl Texture_Map
f 216/77/25 223/78/25 219/79/25
f 111/80/25 157/81/25 150/82/25
f 130/83/25 134/84/25 127/85/25
f 128/86/25 132/87/25 125/88/25
f 194/89/25 262/90/25 256/91/25
f 582/92/26 580/93/26 177/94/26
f 117/95/26 141/81/26 116/96/26
f 611/97/25 203/98/25 609/99/25
f 126/100/25 113/101/25 110/102/25
f 155/103/25 151/104/25 156/105/25
f 284/106/27 310/107/27 275/108/27
f 120/109/26 124/110/26 123/111/26
f 218/112/25 225/113/25 220/114/25
f 145/115/26 117/95/26 118/116/26
f 153/117/25 149/118/25 154/119/25
f 161/120/25 167/121/25 158/122/25
f 159/123/25 102/124/25 101/125/25
f 147/126/25 109/127/25 106/128/25
f 163/129/25 169/130/25 160/131/25
f 165/132/25 171/133/25 162/134/25
f 254/135/26 188/136/26 245/137/26
f 104/124/26 178/138/26 103/139/26
f 587/140/25 575/141/25 255/142/25
f 238/143/26 191/144/26 231/145/26
f 213/146/26 211/147/26 209/148/26
f 1193/149/28 335/150/28 1192/150/28
f 581/151/25 266/152/25 260/153/25
f 197/154/25 221/143/25 226/155/25
f 429/156/29 612/157/29 608/158/29
f 553/159/25 557/160/25 206/146/25
f 128/86/28 1189/161/28 133/161/28
f 236/162/26 232/163/26 229/164/26
f 319/165/25 309/166/25 306/167/25
f 140/114/30 225/113/30 143/113/30
f 199/168/25 226/155/25 217/169/25
f 234/113/26 230/170/26 227/171/26
f 248/172/26 242/173/26 239/174/26
f 184/175/26 240/176/26 183/177/26
f 126/100/28 1187/178/28 131/178/28
f 250/179/26 244/180/26 241/181/26
f 252/182/26 246/183/26 243/184/26
f 298/185/30 324/186/30 305/186/30
f 261/187/25 186/175/25 185/188/25
f 103/188/30 186/175/30 104/175/30
f 107/136/28 189/189/28 108/189/28
f 182/190/28 261/187/28 178/187/28
f 117/154/31 199/168/31 118/168/31
f 113/191/30 190/192/30 110/192/30
f 1181/193/26 228/194/26 1180/195/26
f 111/144/28 192/196/28 112/196/28
f 136/197/30 210/198/30 129/198/30
f 302/199/28 259/200/28 297/200/28
f 259/200/25 325/201/25 322/202/25
f 116/196/28 197/154/28 117/154/28
f 275/108/26 116/96/26 285/203/26
f 122/204/30 556/205/30 204/204/30
f 313/206/25 207/207/25 200/208/25
f 277/209/26 282/210/26 569/211/26
f 276/212/30 206/146/30 283/146/30
f 119/208/30 207/207/30 124/207/30
f 193/191/26 1183/213/26 190/192/26
f 151/163/28 237/214/28 156/214/28
f 212/215/26 1185/216/26 208/217/26
f 132/215/30 208/217/30 125/217/30
f 130/147/28 214/218/28 135/218/28
f 134/146/30 209/148/30 127/148/30
f 143/117/26 138/219/26 140/220/26
f 137/169/30 226/155/30 145/155/30
f 115/127/26 139/221/26 114/222/26
f 288/79/30 223/78/30 293/78/30
f 271/223/28 194/89/28 270/89/28
f 142/224/28 218/112/28 138/112/28
f 145/155/30 221/143/30 141/143/30
f 173/135/30 245/137/30 164/137/30
f 153/113/30 227/171/30 146/171/30
f 147/194/28 233/225/28 152/225/28
f 155/162/30 229/164/30 148/164/30
f 149/170/28 235/224/28 154/224/28
f 157/143/30 231/145/30 150/145/30
f 159/176/28 247/190/28 166/190/28
f 398/226/25 332/227/25 389/228/25
f 161/173/28 249/229/28 168/229/28
f 167/172/30 239/174/30 158/174/30
f 163/180/28 251/230/28 170/230/28
f 169/179/30 241/181/30 160/181/30
f 165/183/28 253/231/28 172/231/28
f 171/182/30 243/184/30 162/184/30
f 174/232/26 590/233/26 179/234/26
f 180/230/32 588/235/32 264/236/32
f 179/237/28 255/142/28 174/142/28
f 177/153/30 266/152/30 181/152/30
f 175/238/28 584/239/28 257/238/28
f 304/240/26 296/241/26 299/242/26
f 116/196/33 198/243/33 196/244/33
f 311/245/25 196/244/25 198/243/25
f 123/111/28 312/109/28 120/109/28
f 118/116/28 187/246/28 105/246/28
f 144/247/28 318/221/28 139/221/28
f 279/248/34 571/249/34 202/248/34
f 292/250/26 286/251/26 289/252/26
f 294/91/30 262/90/30 301/90/30
f 290/253/28 216/77/28 287/77/28
f 272/254/35 270/255/35 269/256/35
f 116/96/36 274/257/36 273/258/36
f 278/259/37 574/260/37 279/261/37
f 277/209/38 283/84/38 282/210/38
f 275/108/39 285/203/39 284/106/39
f 291/262/35 287/263/35 286/251/35
f 289/252/38 293/264/38 292/250/38
f 295/265/38 301/266/38 300/267/38
f 303/268/35 297/269/35 296/241/35
f 299/242/38 305/186/38 304/240/38
f 269/256/26 300/267/26 272/254/26
f 308/270/40 306/167/40 309/166/40
f 312/271/41 314/272/41 313/206/41
f 310/273/41 316/274/41 311/245/41
f 318/275/42 320/276/42 319/165/42
f 324/277/40 322/202/40 325/201/40
f 114/222/30 308/127/30 115/127/30
f 444/278/25 451/279/25 450/280/25
f 382/281/25 336/282/25 375/283/25
f 359/284/25 355/285/25 352/286/25
f 357/287/25 353/288/25 350/289/25
f 420/290/25 486/291/25 421/292/25
f 402/293/26 596/294/26 407/295/26
f 342/296/26 366/281/26 370/297/26
f 338/149/25 351/298/25 335/150/25
f 380/299/25 376/300/25 373/301/25
f 537/302/30 511/303/30 502/302/30
f 345/304/26 349/287/26 344/305/26
f 446/306/25 453/307/25 452/308/25
f 343/309/26 370/297/26 362/310/26
f 378/311/25 374/312/25 371/313/25
f 392/314/25 386/315/25 383/316/25
f 327/317/25 384/318/25 326/319/25
f 334/320/25 372/321/25 331/322/25
f 394/323/25 388/324/25 385/325/25
f 396/326/25 390/327/25 387/328/25
f 329/317/26 403/329/26 408/330/26
f 479/331/25 591/332/25 487/333/25
f 418/334/26 466/335/26 459/336/26
f 438/337/26 442/338/26 436/339/26
f 437/340/26 440/341/26 434/342/26
f 595/343/25 601/344/25 484/345/25
f 423/346/25 449/335/25 422/347/25
f 427/348/25 432/338/25 567/349/25
f 1198/350/26 1100/351/26 1101/352/26
f 464/353/26 460/354/26 465/355/26
f 546/356/25 536/357/25 547/358/25
f 453/307/28 365/359/28 368/307/28
f 454/360/25 423/346/25 425/361/25
f 462/362/26 458/363/26 463/364/26
f 469/365/26 474/366/26 467/367/26
f 468/368/26 410/369/26 409/370/26
f 456/371/26 417/372/26 414/373/26
f 1205/226/28 389/228/28 1202/228/28
f 472/374/26 477/375/26 470/376/26
f 551/377/28 525/378/28 532/377/28
f 485/379/25 412/369/25 492/380/25
f 412/369/28 328/381/28 329/369/28
f 415/382/30 333/383/30 416/383/30
f 485/379/30 408/380/30 403/379/30
f 425/361/43 342/346/43 343/361/43
f 435/384/26 1194/385/26 1191/386/26
f 414/373/28 334/372/28 331/373/28
f 419/387/30 336/334/30 337/387/30
f 1203/323/28 385/325/28 1200/325/28
f 483/388/30 529/389/30 524/388/30
f 483/388/25 552/390/25 491/389/25
f 423/346/30 341/387/30 342/346/30
f 501/391/26 497/392/26 500/393/26
f 430/394/28 558/395/28 347/394/28
f 540/396/25 433/341/25 541/397/25
f 565/398/26 564/399/26 509/400/26
f 432/338/28 503/348/28 510/338/28
f 433/341/28 344/401/28 349/341/28
f 439/402/30 351/384/30 356/402/30
f 460/354/30 381/355/30 465/355/30
f 441/403/30 353/340/30 358/403/30
f 440/341/28 350/342/28 434/342/28
f 443/404/30 355/337/30 360/404/30
f 442/338/28 352/339/28 436/339/28
f 363/405/26 368/406/26 365/407/26
f 454/360/28 362/408/28 370/360/28
f 340/320/26 364/409/26 369/410/26
f 451/279/28 515/411/28 520/279/28
f 420/290/30 495/292/30 494/290/30
f 446/306/30 367/308/30 363/306/30
f 449/335/28 370/360/28 366/335/28
f 415/382/26 1206/412/26 1201/413/26
f 455/414/28 378/362/28 371/414/28
f 456/371/30 377/415/30 461/415/30
f 457/416/28 380/353/28 373/416/28
f 458/363/30 379/364/30 463/364/30
f 459/336/28 382/335/28 375/336/28
f 473/380/30 384/368/30 391/380/30
f 475/417/30 386/365/30 393/417/30
f 474/366/28 383/367/28 467/367/28
f 476/418/30 388/419/30 395/418/30
f 471/419/26 1204/420/26 1199/421/26
f 478/422/30 390/374/30 397/422/30
f 477/375/28 387/376/28 470/376/28
f 592/423/26 600/424/26 399/425/26
f 488/426/28 597/427/28 405/426/28
f 479/331/30 404/333/30 399/331/30
f 490/428/28 402/345/28 407/428/28
f 481/429/30 604/430/30 400/429/30
f 523/431/26 531/432/26 526/433/26
f 422/347/44 499/434/44 498/435/44
f 538/436/25 422/347/25 543/437/25
f 539/304/30 348/438/30 345/304/30
f 413/439/30 343/309/30 330/439/30
f 545/409/30 369/410/30 364/409/30
f 506/440/45 573/441/45 570/442/45
f 513/443/26 519/444/26 516/445/26
f 610/446/26 346/447/26 607/448/26
f 486/291/28 521/449/28 528/291/28
f 444/278/30 517/280/30 514/278/30
f 494/450/38 496/451/38 493/452/38
f 498/453/46 500/393/46 497/392/46
f 505/454/47 506/455/47 570/456/47
f 510/284/35 504/457/35 509/400/35
f 502/302/38 512/458/38 501/391/38
f 514/459/38 518/460/38 513/443/38
f 520/461/35 516/445/35 519/444/35
f 528/462/35 522/463/35 527/464/35
f 524/465/38 530/466/38 523/431/38
f 532/377/35 526/433/35 531/432/35
f 493/452/26 527/464/26 522/463/26
f 535/372/41 533/467/41 534/468/41
f 539/469/40 541/397/40 542/403/40
f 537/470/40 543/437/40 544/402/40
f 545/471/40 547/358/40 548/415/40
f 551/472/41 549/473/41 550/474/41
f 535/320/28 339/475/28 340/320/28
f 557/160/28 280/218/28 205/218/28
f 572/442/28 346/156/28 570/442/28
f 554/476/48 281/477/48 280/478/48
f 1094/479/25 430/394/25 1090/480/25
f 562/481/38 507/482/38 508/483/38
f 1093/484/25 204/204/25 556/205/25
f 574/249/30 203/98/30 571/249/30
f 1092/485/26 122/486/26 1088/487/26
f 561/488/30 507/404/30 562/488/30
f 583/489/30 176/490/30 258/490/30
f 586/491/28 265/492/28 589/491/28
f 605/493/28 401/494/28 603/493/28
f 594/495/30 406/496/30 598/495/30
f 607/99/49 612/157/49 610/97/49
f 121/497/26 1086/498/26 1083/499/26
f 1084/99/28 611/97/28 609/99/28
f 739/500/25 674/501/25 698/502/25
f 741/503/25 675/504/25 699/505/25
f 996/506/26 762/507/26 626/507/26
f 744/508/50 680/509/50 727/509/50
f 649/510/30 623/511/30 625/512/30
f 1112/513/25 987/514/25 703/515/25
f 983/516/30 981/517/30 628/518/30
f 746/519/26 684/520/26 729/520/26
f 655/521/30 629/522/30 631/523/30
f 748/524/26 690/525/26 731/525/26
f 660/526/30 634/527/30 636/528/30
f 641/529/25 788/530/25 664/530/25
f 1061/531/30 662/532/30 638/533/30
f 617/534/30 615/535/30 613/536/30
f 970/537/28 976/538/28 671/539/28
f 967/540/28 697/541/28 698/502/28
f 724/542/25 776/543/25 743/543/25
f 676/544/28 701/545/28 678/546/28
f 989/547/28 992/548/28 677/549/28
f 631/523/25 780/521/25 655/521/25
f 680/509/28 706/550/28 683/551/28
f 632/552/25 782/553/25 656/553/25
f 636/528/25 784/526/25 660/526/25
f 657/554/25 1168/555/25 1165/556/25
f 1121/557/26 1163/558/26 1120/558/26
f 690/525/28 787/559/28 770/560/28
f 732/561/25 786/562/25 751/562/25
f 1063/563/28 1066/564/28 691/565/28
f 667/566/28 670/567/28 665/568/28
f 615/569/26 665/568/26 613/568/26
f 643/570/30 718/571/30 618/572/30
f 642/573/25 670/567/25 693/574/25
f 969/575/30 1110/576/30 1107/577/30
f 669/578/28 1158/579/28 1155/580/28
f 979/581/26 672/582/26 619/582/26
f 644/583/25 974/584/25 696/585/25
f 759/586/28 699/505/28 675/504/28
f 966/587/30 979/588/30 619/589/30
f 1160/590/28 777/591/28 760/592/28
f 740/593/30 621/594/30 723/595/30
f 648/596/26 676/544/26 623/544/26
f 742/597/30 622/598/30 725/599/30
f 650/600/26 677/549/26 624/549/26
f 649/601/25 678/546/25 701/545/25
f 681/602/28 984/603/28 704/604/28
f 653/605/30 726/606/30 630/607/30
f 652/608/25 681/602/25 704/604/25
f 654/609/26 682/610/26 629/610/26
f 653/611/25 683/551/25 706/550/25
f 656/553/30 728/612/30 632/552/30
f 682/610/28 781/613/28 764/614/28
f 754/615/30 1006/616/30 1004/617/30
f 684/520/28 783/618/28 766/619/28
f 659/620/26 687/621/26 634/621/26
f 658/622/25 688/623/25 711/624/25
f 661/625/30 1103/626/30 637/627/30
f 687/621/28 785/628/28 768/629/28
f 750/630/30 730/631/30 733/632/30
f 689/633/28 1174/634/28 1171/635/28
f 662/636/26 691/565/26 638/565/26
f 1176/637/28 668/638/28 666/639/28
f 772/640/28 1059/641/28 789/642/28
f 663/643/51 1062/644/51 716/645/51
f 616/646/30 734/647/30 614/648/30
f 737/649/38 719/650/38 718/571/38
f 721/651/40 739/652/40 738/653/40
f 723/595/40 741/654/40 740/593/40
f 725/599/40 743/543/40 742/597/40
f 745/655/38 727/656/38 726/606/38
f 747/657/38 729/658/38 728/612/38
f 749/659/38 731/660/38 730/631/38
f 733/632/40 751/562/40 750/630/40
f 753/661/38 735/662/38 734/647/38
f 736/663/26 669/578/26 719/578/26
f 757/664/38 755/665/38 754/615/38
f 756/666/26 685/667/26 755/667/26
f 775/668/35 759/586/35 758/669/35
f 776/670/41 760/592/41 777/591/41
f 995/671/52 763/672/52 762/673/52
f 780/674/41 764/614/41 781/613/41
f 782/675/41 766/619/41 783/618/41
f 784/676/41 768/629/41 785/628/41
f 786/677/41 770/560/41 787/559/41
f 788/678/41 772/640/41 789/642/41
f 646/679/26 758/594/26 621/594/26
f 914/680/25 848/681/25 895/681/25
f 1015/682/28 1021/683/28 795/684/28
f 799/685/28 823/686/28 801/687/28
f 1029/688/28 1035/689/28 800/690/28
f 937/691/26 1138/692/26 1135/691/26
f 856/520/26 921/519/26 904/520/26
f 804/693/28 830/694/28 806/695/28
f 863/696/26 923/697/26 906/696/26
f 810/698/28 1044/699/28 834/700/28
f 959/526/25 1142/528/25 1145/526/25
f 811/701/28 836/625/28 812/627/28
f 963/702/25 815/703/25 839/702/25
f 792/704/28 794/705/28 790/706/28
f 869/707/30 844/567/30 846/708/30
f 1014/709/30 870/710/30 845/711/30
f 1226/712/26 1134/713/26 1131/712/26
f 952/714/30 849/504/30 935/592/30
f 951/543/25 899/542/25 918/543/25
f 876/715/30 850/716/30 852/717/30
f 1030/718/30 877/719/30 851/720/30
f 955/694/25 806/695/25 830/694/25
f 1216/721/26 919/722/26 902/721/26
f 957/553/25 807/552/25 831/553/25
f 857/723/30 1050/724/30 1045/725/30
f 962/726/30 863/696/30 945/727/30
f 887/728/30 862/633/30 864/729/30
f 961/730/25 907/731/25 926/730/25
f 1074/732/30 889/733/30 865/734/30
f 843/735/30 867/736/30 841/737/30
f 1010/738/30 1230/739/30 1225/740/30
f 840/741/26 792/742/26 790/741/26
f 1224/743/30 842/744/30 840/741/30
f 845/711/26 817/745/26 795/711/26
f 893/746/28 1130/747/28 1127/748/28
f 1013/749/28 819/750/28 913/751/28
f 818/752/25 1016/753/25 1019/753/25
f 916/754/25 1219/755/25 897/755/25
f 849/504/26 821/503/26 798/504/26
f 797/756/28 915/757/28 898/758/28
f 850/716/26 822/670/26 799/716/26
f 798/598/28 917/597/28 900/599/28
f 851/720/26 824/759/26 800/720/26
f 823/760/53 852/717/53 801/717/53
f 1027/761/30 1025/762/30 854/509/30
f 825/763/25 1034/764/25 1028/764/25
f 901/765/28 828/766/28 805/767/28
f 827/508/25 854/509/25 803/509/25
f 828/768/25 855/769/25 805/769/25
f 903/612/28 831/553/28 807/552/28
f 1236/693/26 829/770/26 804/693/26
f 929/771/28 1049/772/28 1051/773/28
f 958/774/30 856/520/30 941/619/30
f 858/775/26 1054/776/26 808/775/26
f 832/777/25 1046/778/25 1048/778/25
f 1140/779/28 1146/780/28 1141/781/28
f 834/782/25 861/783/25 810/783/25
f 862/633/26 835/784/26 811/633/26
f 960/785/30 860/621/30 943/629/30
f 905/786/28 925/787/28 908/788/28
f 836/789/54 864/729/54 812/790/54
f 865/734/26 837/791/26 813/734/26
f 867/736/26 927/678/26 910/736/26
f 1072/792/30 1070/793/30 947/794/30
f 838/795/25 1077/796/25 1076/796/25
f 909/797/28 793/798/28 791/799/28
f 894/800/35 912/801/35 893/746/35
f 914/802/41 896/803/41 913/751/41
f 916/754/41 898/758/41 915/757/41
f 918/543/41 900/599/41 917/597/41
f 902/721/35 920/804/35 901/765/35
f 904/658/35 922/657/35 903/612/35
f 906/805/35 924/806/35 905/786/35
f 926/730/41 908/788/41 925/787/41
f 910/807/35 928/808/35 909/797/35
f 844/567/26 911/573/26 894/567/26
f 930/809/35 932/810/35 929/771/35
f 857/723/26 931/675/26 930/723/26
f 934/811/38 950/812/38 933/813/38
f 951/670/40 935/592/40 936/716/40
f 938/814/38 1039/815/38 937/816/38
f 955/817/40 939/818/40 940/819/40
f 957/675/40 941/619/40 942/723/40
f 959/676/40 943/629/40 944/820/40
f 961/636/40 945/727/40 946/565/40
f 963/821/40 947/794/40 948/822/40
f 933/756/26 820/823/26 797/756/26
f 971/824/26 645/825/26 697/541/26
f 978/826/25 673/827/25 980/826/25
f 985/828/35 779/829/35 778/830/35
f 997/831/25 679/814/25 994/831/25
f 990/832/26 779/833/26 988/832/26
f 1009/834/25 686/835/25 1008/834/25
f 685/667/28 1005/836/28 1007/837/28
f 1022/838/25 796/839/25 1023/838/25
f 1017/584/26 819/583/26 1018/584/26
f 1032/840/38 954/841/38 1033/842/38
f 1033/843/55 826/844/55 1031/845/55
f 1040/846/25 802/847/25 1037/846/25
f 1043/848/30 1041/849/30 861/783/30
f 1053/850/25 809/851/25 1055/850/25
f 1068/852/56 692/853/56 1067/854/56
f 1058/855/30 1056/856/30 641/529/30
f 1075/857/28 1080/858/28 813/859/28
f 815/703/28 1073/860/28 839/702/28
f 1086/498/35 1084/861/35 1083/499/35
f 1091/479/30 1090/480/30 1087/480/30
f 1092/484/28 1089/862/28 1093/484/28
f 1091/863/26 347/864/26 558/865/26
f 107/866/25 173/867/25 164/868/25
f 361/869/25 1095/870/25 354/871/25
f 1197/869/28 354/871/28 1196/871/28
f 215/197/26 1099/872/26 210/198/26
f 1100/351/30 1098/352/30 1101/352/30
f 1096/873/25 136/874/25 129/875/25
f 1102/876/28 1096/872/28 1099/872/28
f 1106/877/38 1104/701/38 1103/626/38
f 1105/878/26 689/633/26 1104/633/26
f 1110/576/38 1108/879/38 1107/577/38
f 1109/880/26 671/539/26 1108/539/26
f 1111/881/40 1113/882/40 1112/883/40
f 986/884/30 650/885/30 624/886/30
f 1116/887/38 1118/888/38 1117/889/38
f 1003/890/26 1115/891/26 710/892/26
f 1122/893/38 1120/558/38 1119/894/38
f 1000/895/30 998/896/30 635/897/30
f 1124/898/38 1126/899/38 1125/900/38
f 1060/901/26 1123/902/26 717/903/26
f 1128/904/41 1130/747/41 1129/905/41
f 1129/906/57 846/708/57 1128/907/57
f 1134/713/35 1132/908/35 1131/712/35
f 1138/692/35 1136/909/35 1135/691/35
f 803/910/28 1026/911/28 827/912/28
f 1139/913/35 1143/914/35 1140/779/35
f 1142/528/41 1146/780/41 1145/526/41
f 860/621/58 1144/915/58 1139/783/58
f 1149/916/35 1147/917/35 1150/918/35
f 1078/919/26 1148/920/26 1149/919/26
f 1152/921/41 1154/922/41 1153/923/41
f 1081/924/25 1152/925/25 1153/924/25
f 1157/926/41 1155/580/41 1158/579/41
f 643/570/25 1156/572/25 1157/927/25
f 1162/928/35 1160/590/35 1159/504/35
f 647/929/26 1159/598/26 622/598/26
f 1170/930/35 1164/931/35 1163/932/35
f 1165/933/41 1167/934/41 1166/935/41
f 688/623/28 1001/936/28 711/624/28
f 1173/937/41 1171/635/41 1174/634/41
f 661/625/25 1172/627/25 1173/938/25
f 1178/939/35 1176/637/35 1175/940/35
f 752/941/26 1175/662/26 735/662/26
f 1182/270/38 1180/195/38 1179/942/38
f 1184/943/35 1188/944/35 1187/945/35
f 1186/946/35 1190/947/35 1189/948/35
f 1191/386/35 1193/949/35 1192/950/35
f 1195/951/35 1197/952/35 1196/953/35
f 1199/421/35 1203/954/35 1200/955/35
f 1201/413/35 1205/956/35 1202/957/35
f 109/127/30 1179/128/30 106/128/30
f 1210/958/38 1208/959/38 1207/960/38
f 814/961/26 1209/962/26 1082/962/26
f 1213/963/38 1211/964/38 1214/965/38
f 1214/966/26 833/967/26 1047/966/26
f 1215/968/38 1217/969/38 1216/970/38
f 880/971/30 1215/968/30 855/769/30
f 1220/972/40 1222/973/40 1221/974/40
f 1221/974/30 934/811/30 1220/972/30
f 1224/743/40 1228/975/40 1227/976/40
f 1230/739/38 1226/977/38 1225/740/38
f 816/978/25 1223/705/25 794/705/25
f 1234/979/35 1232/980/35 1231/981/35
f 1069/982/26 1231/983/26 639/983/26
f 1235/984/38 1237/985/38 1236/551/38
f 956/986/30 1235/984/30 939/818/30
f 1241/987/25 1240/988/25 1239/989/25
f 1245/988/26 1243/987/26 1244/989/26
f 1241/987/59 1246/990/59 1242/990/59
f 1240/988/60 1244/989/60 1239/989/60
f 1249/991/60 1248/992/60 1247/991/60
f 1249/991/25 1254/993/25 1250/992/25
f 1248/992/26 1252/994/26 1247/991/26
f 1253/993/59 1251/994/59 1252/994/59
f 1257/995/60 1256/996/60 1255/995/60
f 1261/997/59 1259/998/59 1260/998/59
f 1257/995/25 1262/997/25 1258/996/25
f 1256/996/26 1260/998/26 1255/995/26
f 1258/996/30 1261/997/30 1256/996/30
f 1255/995/28 1259/998/28 1257/995/28
f 1265/996/25 1264/992/25 1263/999/25
f 1269/992/26 1267/996/26 1268/999/26
f 1265/996/30 1270/1000/30 1266/1000/30
f 1264/992/28 1268/999/28 1263/999/28
f 1266/1000/60 1269/992/60 1264/992/60
f 1273/1001/25 1272/1002/25 1271/995/25
f 1277/1002/26 1275/1001/26 1276/995/26
f 1273/1001/30 1278/991/30 1274/991/30
f 1272/1002/28 1276/995/28 1271/995/28
f 1274/991/60 1277/1002/60 1272/1002/60
f 1283/1003/26 1279/994/26 1284/1004/26
f 1285/1005/26 1279/994/26 1280/993/26
f 1286/1006/26 1281/1007/26 1283/1003/26
f 1287/994/25 1291/1003/25 1292/1004/25
f 1293/1005/25 1287/994/25 1292/1004/25
f 1285/1005/26 1282/1008/26 1286/1006/26
f 1289/1007/25 1294/1006/25 1291/1003/25
f 1285/1005/59 1292/1004/59 1284/1004/59
f 1290/1008/25 1293/1005/25 1294/1006/25
f 1283/1003/30 1292/1004/30 1291/1003/30
f 1286/1006/28 1293/1005/28 1285/1005/28
f 1294/1006/60 1283/1003/60 1291/1003/60
f 1297/1009/25 1296/1010/25 1295/1011/25
f 1301/1010/26 1299/1009/26 1300/1011/26
f 1297/1009/59 1302/1012/59 1298/1012/59
f 1296/1010/60 1300/1011/60 1295/1011/60
f 1304/1013/25 1305/1014/25 1303/1015/25
f 1307/1014/26 1309/1013/26 1308/1015/26
f 1310/1016/59 1305/1014/59 1306/1016/59
f 1308/1015/60 1304/1013/60 1303/1015/60
f 1312/1017/60 1313/1018/60 1311/1018/60
f 1318/1019/25 1313/1018/25 1314/1017/25
f 1316/1020/26 1312/1017/26 1311/1018/26
f 1315/1020/59 1317/1019/59 1316/1020/59
f 1320/1021/60 1321/1022/60 1319/1022/60
f 1323/1023/59 1325/1024/59 1324/1023/59
f 1326/1024/25 1321/1022/25 1322/1021/25
f 1324/1023/26 1320/1021/26 1319/1022/26
f 1325/1024/28 1322/1021/28 1320/1021/28
f 1323/1023/30 1319/1022/30 1321/1022/30
f 1328/1017/25 1329/1021/25 1327/1025/25
f 1331/1021/26 1333/1017/26 1332/1025/26
f 1334/1026/28 1329/1021/28 1330/1026/28
f 1332/1025/30 1328/1017/30 1327/1025/30
f 1333/1017/60 1330/1026/60 1328/1017/60
f 1336/1027/25 1337/1028/25 1335/1022/25
f 1339/1028/26 1341/1027/26 1340/1022/26
f 1342/1018/28 1337/1028/28 1338/1018/28
f 1340/1022/30 1336/1027/30 1335/1022/30
f 1341/1027/60 1338/1018/60 1336/1027/60
f 1343/1020/26 1347/1029/26 1348/1030/26
f 1349/1031/26 1343/1020/26 1348/1030/26
f 1345/1032/26 1350/1033/26 1347/1029/26
f 1355/1029/25 1351/1020/25 1356/1030/25
f 1357/1031/25 1351/1020/25 1352/1019/25
f 1346/1034/26 1349/1031/26 1350/1033/26
f 1358/1033/25 1353/1032/25 1355/1029/25
f 1356/1030/59 1349/1031/59 1348/1030/59
f 1357/1031/25 1354/1034/25 1358/1033/25
f 1356/1030/28 1347/1029/28 1355/1029/28
f 1357/1031/30 1350/1033/30 1349/1031/30
f 1347/1029/60 1358/1033/60 1355/1029/60
f 1360/1035/25 1361/1036/25 1359/1037/25
f 1363/1036/26 1365/1035/26 1364/1037/26
f 1366/1038/59 1361/1036/59 1362/1038/59
f 1364/1037/60 1360/1035/60 1359/1037/60
f 1374/1039/59 1367/1040/59 1370/1040/59
f 1371/1039/26 1368/1041/26 1367/1040/26
f 1373/1042/25 1370/1040/25 1369/1041/25
f 1369/1041/30 1367/1040/30 1368/1041/30
f 1371/1039/28 1373/1042/28 1372/1042/28
f 1382/1043/59 1375/1044/59 1378/1044/59
f 1379/1043/26 1376/1045/26 1375/1044/26
f 1381/1046/25 1378/1044/25 1377/1045/25
f 1588/1047/60 1585/1048/60 1584/1048/60
f 1389/1049/59 1387/1050/59 1388/1049/59
f 1386/1051/30 1389/1049/30 1384/1052/30
f 1383/1052/28 1387/1050/28 1385/1051/28
f 1385/1051/25 1390/1050/25 1386/1051/25
f 1384/1052/26 1388/1049/26 1383/1052/26
f 1397/1053/59 1395/1054/59 1396/1053/59
f 1394/1055/30 1397/1053/30 1392/1056/30
f 1391/1056/28 1395/1054/28 1393/1055/28
f 1393/1055/25 1398/1054/25 1394/1055/25
f 1392/1056/26 1396/1053/26 1391/1056/26
f 1405/1057/59 1403/1058/59 1404/1057/59
f 1402/1059/30 1405/1057/30 1400/1060/30
f 1399/1060/28 1403/1058/28 1401/1059/28
f 1401/1059/25 1406/1058/25 1402/1059/25
f 1400/1060/26 1404/1057/26 1399/1060/26
f 1409/1061/25 1414/1062/25 1410/1063/25
f 1407/1061/26 1413/1062/26 1412/1064/26
f 1410/1063/30 1413/1062/30 1408/1063/30
f 1407/1061/28 1411/1064/28 1409/1061/28
f 1422/1065/25 1417/1066/25 1418/1067/25
f 1415/1066/26 1421/1065/26 1416/1067/26
f 1421/1065/28 1418/1067/28 1416/1067/28
f 1419/1068/30 1415/1066/30 1417/1066/30
f 1425/1061/25 1430/1062/25 1426/1063/25
f 1423/1061/26 1429/1062/26 1428/1069/26
f 1426/1063/30 1429/1062/30 1424/1063/30
f 1423/1061/28 1427/1069/28 1425/1061/28
f 1438/1065/25 1433/1070/25 1434/1067/25
f 1431/1070/26 1437/1065/26 1432/1067/26
f 1437/1065/28 1434/1067/28 1432/1067/28
f 1435/1071/30 1431/1070/30 1433/1070/30
f 1443/1072/59 1441/1073/59 1442/1072/59
f 1440/1074/30 1443/1072/30 1439/1075/30
f 1441/1073/28 1446/1075/28 1442/1072/28
f 1449/1073/59 1451/1072/59 1450/1072/59
f 1451/1072/28 1448/1074/28 1447/1075/28
f 1454/1075/30 1449/1073/30 1450/1072/30
f 1458/1076/30 1461/1077/30 1456/1076/30
f 1457/1078/25 1462/1077/25 1458/1076/25
f 1456/1076/26 1460/1079/26 1455/1078/26
f 1466/1076/30 1469/1077/30 1464/1076/30
f 1465/1078/25 1470/1077/25 1466/1076/25
f 1464/1076/26 1468/1079/26 1463/1078/26
f 1476/1076/30 1478/1077/30 1472/1076/30
f 1473/1078/25 1477/1077/25 1476/1076/25
f 1472/1076/26 1475/1079/26 1471/1078/26
f 1460/1079/28 1457/1078/28 1455/1078/28
f 1468/1079/28 1465/1078/28 1463/1078/28
f 1475/1079/28 1473/1078/28 1471/1078/28
f 1480/1080/28 1481/1081/28 1479/1081/28
f 1486/1082/30 1483/1083/30 1485/1083/30
f 1484/1082/26 1479/1081/26 1483/1083/26
f 1485/1083/60 1479/1081/60 1481/1081/60
f 1482/1080/59 1484/1082/59 1486/1082/59
f 1482/1080/25 1485/1083/25 1481/1081/25
f 1492/1084/61 1493/1085/61 1491/1084/61
f 1487/1086/28 1493/1085/28 1489/1087/28
f 1489/1087/62 1494/1085/62 1490/1087/62
f 1488/1086/63 1491/1084/63 1487/1086/63
f 1488/1086/30 1494/1085/30 1492/1084/30
f 1500/1084/61 1501/1085/61 1499/1084/61
f 1495/1086/28 1501/1085/28 1497/1087/28
f 1497/1087/62 1502/1085/62 1498/1087/62
f 1496/1086/63 1499/1084/63 1495/1086/63
f 1496/1086/30 1502/1085/30 1500/1084/30
f 1503/1088/28 1506/1089/28 1505/1090/28
f 1506/1089/62 1509/1090/62 1505/1090/62
f 1510/1089/30 1507/1088/30 1509/1090/30
f 1508/1091/63 1503/1088/63 1507/1088/63
f 1509/1090/64 1503/1088/64 1505/1090/64
f 1506/1089/65 1508/1091/65 1510/1089/65
f 1511/1092/28 1514/1093/28 1513/1094/28
f 1514/1093/62 1517/1094/62 1513/1094/62
f 1518/1093/30 1515/1092/30 1517/1094/30
f 1516/1095/63 1511/1092/63 1515/1092/63
f 1517/1094/64 1511/1092/64 1513/1094/64
f 1514/1093/65 1516/1095/65 1518/1093/65
f 1520/1096/28 1521/1097/28 1519/1098/28
f 1522/1099/62 1525/1097/62 1521/1097/62
f 1525/1097/30 1524/1096/30 1523/1098/30
f 1524/1096/63 1519/1098/63 1523/1098/63
f 1525/1097/64 1519/1098/64 1521/1097/64
f 1522/1099/65 1524/1096/65 1526/1099/65
f 1528/1100/28 1529/1101/28 1527/1102/28
f 1530/1103/62 1533/1101/62 1529/1101/62
f 1533/1101/30 1532/1100/30 1531/1102/30
f 1532/1100/63 1527/1102/63 1531/1102/63
f 1533/1101/64 1527/1102/64 1529/1101/64
f 1530/1103/65 1532/1100/65 1534/1103/65
f 1535/1104/28 1538/1105/28 1537/1106/28
f 1538/1105/62 1541/1106/62 1537/1106/62
f 1542/1105/30 1539/1104/30 1541/1106/30
f 1540/1107/63 1535/1104/63 1539/1104/63
f 1541/1106/64 1535/1104/64 1537/1106/64
f 1538/1105/65 1540/1107/65 1542/1105/65
f 1543/1108/28 1546/1109/28 1545/1110/28
f 1546/1109/62 1549/1110/62 1545/1110/62
f 1550/1109/30 1547/1108/30 1549/1110/30
f 1548/1111/63 1543/1108/63 1547/1108/63
f 1549/1110/64 1543/1108/64 1545/1110/64
f 1546/1109/65 1548/1111/65 1550/1109/65
f 1552/1112/28 1553/1113/28 1551/1114/28
f 1554/1115/62 1557/1113/62 1553/1113/62
f 1557/1113/30 1556/1112/30 1555/1114/30
f 1556/1112/63 1551/1114/63 1555/1114/63
f 1557/1113/64 1551/1114/64 1553/1113/64
f 1554/1115/65 1556/1112/65 1558/1115/65
f 1560/1116/28 1561/1117/28 1559/1118/28
f 1562/1119/62 1565/1117/62 1561/1117/62
f 1565/1117/30 1564/1116/30 1563/1118/30
f 1564/1116/63 1559/1118/63 1563/1118/63
f 1565/1117/64 1559/1118/64 1561/1117/64
f 1562/1119/65 1564/1116/65 1566/1119/65
f 1568/1120/28 1569/1121/28 1567/1122/28
f 1570/1123/62 1573/1121/62 1569/1121/62
f 1573/1121/30 1572/1120/30 1571/1122/30
f 1572/1120/63 1567/1122/63 1571/1122/63
f 1573/1121/64 1567/1122/64 1569/1121/64
f 1570/1123/65 1572/1120/65 1574/1123/65
f 1576/1124/28 1577/1125/28 1575/1126/28
f 1578/1127/62 1581/1125/62 1577/1125/62
f 1581/1125/30 1580/1124/30 1579/1126/30
f 1580/1124/63 1575/1126/63 1579/1126/63
f 1581/1125/64 1575/1126/64 1577/1125/64
f 1578/1127/65 1580/1124/65 1582/1127/65
f 1590/1128/59 1583/1129/59 1586/1129/59
f 1587/1128/26 1584/1048/26 1583/1129/26
f 1589/1047/25 1586/1129/25 1585/1048/25
f 1372/1042/60 1369/1041/60 1368/1041/60
f 1593/1130/26 1592/1131/26 1591/1130/26
f 1597/1132/25 1595/1133/25 1596/1133/25
f 1594/1131/60 1597/1132/60 1592/1131/60
f 1593/1130/28 1598/1132/28 1594/1131/28
f 1592/1131/30 1596/1133/30 1591/1130/30
f 1591/1130/59 1595/1133/59 1593/1130/59
f 1602/1134/30 1605/1135/30 1600/1136/30
f 1599/1136/28 1603/1137/28 1601/1134/28
f 1605/1135/59 1603/1137/59 1604/1135/59
f 1601/1134/25 1606/1137/25 1602/1134/25
f 1600/1136/26 1604/1135/26 1599/1136/26
f 1611/1050/59 1613/1049/59 1612/1049/59
f 1613/1049/28 1610/1051/28 1608/1052/28
f 1611/1050/30 1607/1052/30 1609/1051/30
f 1614/1050/25 1609/1051/25 1610/1051/25
f 1612/1049/26 1608/1052/26 1607/1052/26
f 1619/1054/59 1621/1053/59 1620/1053/59
f 1621/1053/28 1618/1055/28 1616/1056/28
f 1619/1054/30 1615/1056/30 1617/1055/30
f 1622/1054/25 1617/1055/25 1618/1055/25
f 1620/1053/26 1616/1056/26 1615/1056/26
f 1627/1058/59 1629/1057/59 1628/1057/59
f 1629/1057/28 1626/1059/28 1624/1060/28
f 1627/1058/30 1623/1060/30 1625/1059/30
f 1630/1058/25 1625/1059/25 1626/1059/25
f 1628/1057/26 1624/1060/26 1623/1060/26
f 1637/1135/28 1634/1134/28 1632/1136/28
f 1635/1137/30 1631/1136/30 1633/1134/30
f 1635/1137/59 1637/1135/59 1636/1135/59
f 1638/1137/25 1633/1134/25 1634/1134/25
f 1636/1135/26 1632/1136/26 1631/1136/26
f 1641/1130/26 1640/1131/26 1639/1130/26
f 1645/1132/25 1643/1133/25 1644/1133/25
f 1642/1131/60 1645/1132/60 1640/1131/60
f 1641/1130/28 1646/1132/28 1642/1131/28
f 1640/1131/30 1644/1133/30 1639/1130/30
f 1639/1130/59 1643/1133/59 1641/1130/59
f 1649/1138/30 1648/1139/30 1647/1138/30
f 1653/1140/28 1651/1141/28 1652/1141/28
f 1650/1139/60 1653/1140/60 1648/1139/60
f 1649/1138/59 1652/1141/59 1651/1141/59
f 1649/1138/26 1654/1140/26 1650/1139/26
f 1648/1139/25 1652/1141/25 1647/1138/25
f 1657/1142/30 1656/1143/30 1655/1142/30
f 1661/1144/28 1659/1145/28 1660/1145/28
f 1658/1143/60 1661/1144/60 1656/1143/60
f 1655/1142/59 1659/1145/59 1657/1142/59
f 1657/1142/26 1662/1144/26 1658/1143/26
f 1656/1143/25 1660/1145/25 1655/1142/25
f 1663/1146/26 1666/1147/26 1665/1148/26
f 1666/1147/66 1667/1148/66 1665/1148/66
f 1667/1148/26 1671/1149/26 1669/1150/26
f 1671/1149/67 1670/1150/67 1669/1150/67
f 1673/1147/68 1671/1149/68 1668/1147/68
f 1674/1148/25 1672/1149/25 1673/1147/25
f 1676/1146/25 1673/1147/25 1675/1151/25
f 1675/1151/69 1668/1147/69 1677/1151/69
f 1677/1151/69 1666/1147/69 1664/1151/69
f 1688/1152/70 1686/1153/70 1684/1152/70
f 1684/1152/71 1691/1154/71 1685/1152/71
f 1682/1155/72 1685/1152/72 1679/1155/72
f 1683/1156/69 1689/1153/69 1680/1156/69
f 1679/1155/25 1687/1153/25 1681/1156/25
f 1681/1156/69 1686/1153/69 1683/1156/69
f 1678/1155/72 1684/1152/72 1682/1155/72
f 1678/1155/26 1689/1153/26 1688/1152/26
f 1690/1154/70 1693/1157/70 1691/1154/70
f 1685/1152/25 1693/1157/25 1687/1153/25
f 1687/1153/73 1692/1157/73 1686/1153/73
f 1684/1152/26 1692/1157/26 1690/1154/26
f 1695/1158/26 1697/1159/26 1698/1160/26
f 1696/1161/69 1697/1159/69 1694/1161/69
f 1697/1159/74 1701/1160/74 1698/1160/74
f 1700/1159/68 1702/1162/68 1699/1159/68
f 1708/1161/69 1699/1159/69 1696/1161/69
f 1701/1160/26 1702/1162/26 1704/1163/26
f 1702/1162/74 1705/1163/74 1704/1163/74
f 1701/1160/71 1705/1163/71 1706/1160/71
f 1706/1160/25 1703/1162/25 1700/1159/25
f 1707/1158/25 1700/1159/25 1708/1161/25
f 1709/1158/72 1706/1160/72 1707/1158/72
f 1695/1158/72 1701/1160/72 1709/1158/72
f 1710/1164/26 1714/1165/26 1713/1166/26
f 1710/1164/72 1715/1166/72 1712/1164/72
f 1713/1166/26 1717/1167/26 1716/1168/26
f 1713/1166/71 1718/1168/71 1715/1166/71
f 1717/1167/75 1718/1168/75 1716/1168/75
f 1715/1166/25 1719/1167/25 1720/1165/25
f 1720/1165/68 1717/1167/68 1714/1165/68
f 1723/1169/69 1720/1165/69 1722/1169/69
f 1720/1165/75 1725/1166/75 1715/1166/75
f 1722/1169/69 1714/1165/69 1711/1169/69
f 1724/1164/25 1721/1165/25 1723/1169/25
f 1712/1164/72 1725/1166/72 1724/1164/72
f 1727/1170/26 1729/1171/26 1730/1172/26
f 1728/1173/69 1729/1171/69 1726/1173/69
f 1729/1171/76 1733/1172/76 1730/1172/76
f 1732/1174/68 1734/1175/68 1731/1171/68
f 1740/1173/69 1731/1171/69 1728/1173/69
f 1733/1172/26 1734/1175/26 1736/1176/26
f 1734/1175/76 1737/1176/76 1736/1176/76
f 1733/1172/71 1737/1176/71 1738/1177/71
f 1738/1177/25 1735/1175/25 1732/1174/25
f 1739/1170/25 1732/1174/25 1740/1173/25
f 1741/1170/72 1738/1177/72 1739/1170/72
f 1727/1170/72 1733/1172/72 1741/1170/72
f 1747/1178/77 1742/1179/77 1746/1180/77
f 1745/1181/78 1746/1180/78 1744/1181/78
f 1748/1155/79 1753/1164/79 1752/1164/79
f 1752/1164/80 1751/1146/80 1750/1146/80
f 1744/1181/26 1752/1164/26 1750/1146/26
f 1746/1180/26 1748/1155/26 1752/1164/26
f 1743/1179/81 1754/1182/81 1742/1179/81
f 1747/1178/25 1749/1155/25 1743/1179/25
f 1745/1181/25 1753/1164/25 1747/1178/25
f 1755/1183/82 1756/1156/82 1754/1182/82
f 1748/1155/70 1757/1156/70 1749/1155/70
f 1748/1155/26 1754/1182/26 1756/1156/26
f 1749/1155/25 1755/1183/25 1743/1179/25
f 1663/1146/26 1759/1184/26 1758/1185/26
f 1667/1148/83 1759/1184/83 1665/1148/83
f 1667/1148/26 1761/1186/26 1760/1184/26
f 1670/1150/84 1761/1186/84 1669/1150/84
f 1761/1186/85 1763/1184/85 1760/1184/85
f 1762/1186/25 1674/1148/25 1763/1184/25
f 1763/1184/25 1676/1146/25 1764/1185/25
f 1760/1184/86 1764/1185/86 1765/1185/86
f 1759/1184/86 1765/1185/86 1758/1185/86
f 1774/1187/87 1776/1188/87 1772/1188/87
f 1779/1189/88 1772/1188/88 1773/1188/88
f 1773/1188/89 1770/1190/89 1767/1190/89
f 1777/1187/86 1771/1191/86 1768/1191/86
f 1775/1187/25 1767/1190/25 1769/1191/25
f 1774/1187/86 1769/1191/86 1771/1191/86
f 1772/1188/89 1766/1190/89 1770/1190/89
f 1766/1190/26 1777/1187/26 1768/1191/26
f 1781/1192/87 1778/1189/87 1779/1189/87
f 1781/1192/25 1773/1188/25 1775/1187/25
f 1780/1192/85 1775/1187/85 1774/1187/85
f 1772/1188/26 1780/1192/26 1774/1187/26
f 1783/1193/26 1785/1194/26 1782/1195/26
f 1785/1194/86 1784/1195/86 1782/1195/86
f 1789/1196/90 1785/1194/90 1786/1196/90
f 1790/1197/85 1788/1194/85 1787/1194/85
f 1787/1194/86 1796/1195/86 1784/1195/86
f 1789/1196/26 1790/1197/26 1787/1194/26
f 1793/1198/90 1790/1197/90 1792/1198/90
f 1793/1198/88 1789/1196/88 1794/1196/88
f 1791/1197/91 1794/1196/91 1788/1194/91
f 1788/1194/91 1795/1193/91 1796/1195/91
f 1794/1196/89 1797/1193/89 1795/1193/89
f 1789/1196/89 1783/1193/89 1797/1193/89
f 1798/1199/26 1802/1200/26 1799/1201/26
f 1803/1202/89 1798/1199/89 1800/1199/89
f 1801/1202/26 1805/1203/26 1802/1200/26
f 1806/1204/92 1801/1202/92 1803/1202/92
f 1806/1204/93 1805/1203/93 1804/1204/93
f 1807/1203/25 1803/1202/25 1808/1200/25
f 1805/1203/94 1808/1200/94 1802/1200/94
f 1808/1200/86 1811/1201/86 1810/1201/86
f 1813/1202/93 1808/1200/93 1803/1202/93
f 1802/1200/86 1810/1201/86 1799/1201/86
f 1809/1200/25 1812/1199/25 1811/1201/25
f 1813/1202/89 1800/1199/89 1812/1199/89
f 1815/1205/26 1817/1206/26 1814/1207/26
f 1817/1206/86 1816/1207/86 1814/1207/86
f 1821/1208/95 1817/1206/95 1818/1208/95
f 1822/1209/94 1820/1210/94 1819/1206/94
f 1819/1206/86 1828/1207/86 1816/1207/86
f 1821/1208/26 1822/1209/26 1819/1206/26
f 1825/1211/95 1822/1209/95 1824/1211/95
f 1825/1211/88 1821/1208/88 1826/1212/88
f 1823/1209/25 1826/1212/25 1820/1210/25
f 1820/1210/25 1827/1205/25 1828/1207/25
f 1826/1212/89 1829/1205/89 1827/1205/89
f 1821/1208/89 1815/1205/89 1829/1205/89
f 1830/1213/96 1833/1214/96 1832/1215/96
f 1832/1215/97 1745/1181/97 1744/1181/97
f 1837/1199/98 1834/1190/98 1836/1199/98
f 1751/1146/99 1836/1199/99 1750/1146/99
f 1744/1181/26 1836/1199/26 1832/1215/26
f 1832/1215/26 1834/1190/26 1830/1213/26
f 1838/1216/100 1831/1213/100 1830/1213/100
f 1835/1190/25 1833/1214/25 1831/1213/25
f 1837/1199/25 1745/1181/25 1833/1214/25
f 1840/1191/101 1839/1217/101 1838/1216/101
f 1841/1191/87 1834/1190/87 1835/1190/87
f 1834/1190/26 1838/1216/26 1830/1213/26
f 1839/1217/25 1835/1190/25 1831/1213/25
f 1850/1218/59 1854/1219/59 1852/1218/59
f 1853/1220/60 1856/1221/60 1851/1220/60
f 1845/1222/60 1848/1221/60 1843/1222/60
f 1842/1218/59 1846/1219/59 1844/1218/59
f 1844/1218/26 1849/1221/26 1845/1222/26
f 1843/1222/25 1847/1219/25 1842/1218/25
f 1852/1218/26 1857/1221/26 1853/1220/26
f 1850/1218/25 1856/1221/25 1855/1219/25
f 1858/1223/59 1862/1219/59 1860/1223/59
f 1861/1220/60 1864/1224/60 1859/1220/60
f 1860/1223/26 1865/1224/26 1861/1220/26
f 1859/1220/25 1863/1219/25 1858/1223/25
f 1866/1223/59 1870/1225/59 1868/1223/59
f 1869/1226/60 1872/1224/60 1867/1226/60
f 1868/1223/26 1873/1224/26 1869/1226/26
f 1867/1226/25 1871/1225/25 1866/1223/25
f 1876/1227/60 1875/1228/60 1874/1227/60
f 1880/1229/59 1878/1230/59 1879/1230/59
f 1876/1227/25 1881/1229/25 1877/1228/25
f 1874/1227/26 1880/1229/26 1879/1230/26
f 1884/1231/28 1883/1232/28 1882/1231/28
f 1888/1227/30 1886/1233/30 1887/1233/30
f 1884/1231/25 1889/1227/25 1885/1232/25
f 1883/1232/26 1887/1233/26 1882/1231/26
f 1885/1232/60 1888/1227/60 1883/1232/60
f 1882/1231/59 1886/1233/59 1884/1231/59
f 1892/1234/28 1891/1228/28 1890/1234/28
f 1896/1235/30 1894/1236/30 1895/1236/30
f 1892/1234/25 1897/1235/25 1893/1228/25
f 1891/1228/26 1895/1236/26 1890/1234/26
f 1893/1228/60 1896/1235/60 1891/1228/60
f 1890/1234/59 1894/1236/59 1892/1234/59
f 1900/1237/60 1899/1238/60 1898/1237/60
f 1904/1234/59 1902/1233/59 1903/1233/59
f 1901/1238/25 1902/1233/25 1905/1234/25
f 1899/1238/26 1903/1233/26 1898/1237/26
f 1909/1239/60 1912/1240/60 1907/1239/60
f 1906/1241/59 1910/1242/59 1908/1241/59
f 1908/1241/26 1913/1240/26 1909/1239/26
f 1906/1241/25 1912/1240/25 1911/1242/25
f 1917/1243/60 1920/1244/60 1915/1243/60
f 1914/1245/59 1918/1246/59 1916/1245/59
f 1916/1245/26 1921/1244/26 1917/1243/26
f 1914/1245/25 1920/1244/25 1919/1246/25
f 1925/1247/60 1928/1248/60 1923/1247/60
f 1922/1249/59 1926/1250/59 1924/1249/59
f 1924/1249/26 1929/1248/26 1925/1247/26
f 1922/1249/25 1928/1248/25 1927/1250/25
f 1933/1251/60 1936/1252/60 1931/1251/60
f 1930/1253/59 1934/1254/59 1932/1253/59
f 1933/1251/26 1934/1254/26 1937/1252/26
f 1931/1251/25 1935/1254/25 1930/1253/25
f 1941/1255/60 1944/1256/60 1939/1255/60
f 1938/1257/59 1942/1258/59 1940/1257/59
f 1941/1255/26 1942/1258/26 1945/1256/26
f 1939/1255/25 1943/1258/25 1938/1257/25
f 2105/1259/59 2018/1260/59 2099/1261/59
f 2045/1262/59 2035/1263/59 2038/1264/59
f 2046/1265/59 1948/1266/59 2036/1267/59
f 2053/1268/59 2034/1269/59 2049/1270/59
f 2059/1271/59 2032/1272/59 2055/1273/59
f 2065/1274/59 2030/1275/59 2061/1276/59
f 1982/1277/25 2202/1278/25 1978/1279/25
f 1979/1280/25 2200/1281/25 1974/1282/25
f 1976/1283/26 2241/1284/26 2238/1283/26
f 2086/1285/59 2024/1286/59 2082/1287/59
f 2093/1288/59 2022/1289/59 2089/1290/59
f 2258/1291/28 2259/1292/28 2073/1292/28
f 1947/1293/59 2100/1294/59 2014/1295/59
f 2118/1296/30 2054/1297/30 2052/1296/30
f 2015/1298/59 2096/1299/59 2012/1300/59
f 2097/1301/59 2106/1302/59 2098/1303/59
f 2013/1304/59 2091/1305/59 2010/1306/59
f 2173/1307/26 2223/1307/26 2224/1308/26
f 2011/1309/59 2083/1310/59 2009/1311/59
f 2155/1312/25 2221/1313/25 2164/1314/25
f 2153/1315/26 2196/1315/26 2197/1316/26
f 2085/1317/59 2081/1318/59 2080/1319/59
f 2008/1320/59 2075/1321/59 2005/1322/59
f 2252/1323/43 2214/1324/43 2216/1325/43
f 2003/1326/59 2074/1327/59 2068/1328/59
f 2069/1329/59 2077/1330/59 2072/1331/59
f 2133/1332/25 2233/1333/25 2236/1332/25
f 2070/1334/59 2067/1335/59 2063/1336/59
f 2002/1337/59 2057/1338/59 1999/1339/59
f 2064/1340/59 2060/1341/59 2058/1342/59
f 2000/1343/59 2050/1344/59 1997/1345/59
f 2125/1346/26 2205/1346/26 2206/1347/26
f 2115/1348/26 2194/1349/26 1953/1350/26
f 2101/1351/59 2042/1352/59 2107/1353/59
f 2041/1354/59 2017/1355/59 2104/1356/59
f 2052/1296/59 2048/1357/59 2044/1358/59
f 2168/1359/25 2091/1305/25 2095/1359/25
f 2119/1339/26 2002/1337/26 1999/1339/26
f 2262/1360/30 2263/1361/30 2207/1361/30
f 1958/1362/26 2225/1362/26 2226/1363/26
f 2112/1345/26 2000/1343/26 1997/1345/26
f 1998/1348/59 2244/1364/59 2194/1349/59
f 2180/1302/25 2098/1303/25 2106/1302/25
f 2153/1315/30 2218/1365/30 2196/1315/30
f 2113/1344/28 1997/1345/28 2050/1344/28
f 1961/1261/26 2105/1259/26 2099/1261/26
f 2190/1366/26 1996/1367/26 1946/1366/26
f 2176/1368/25 2096/1299/25 2103/1368/25
f 2183/1369/28 1946/1366/28 2037/1369/28
f 2111/1262/30 2047/1370/30 2045/1262/30
f 2170/1301/26 2102/1371/26 2097/1301/26
f 2189/1352/25 2107/1353/25 2042/1352/25
f 2109/1357/28 2044/1358/28 2048/1357/28
f 2181/1371/30 2106/1302/30 2102/1371/30
f 1957/1356/26 2041/1354/26 2104/1356/26
f 1950/1367/30 2043/1372/30 1996/1367/30
f 2179/1353/28 2101/1351/28 2107/1353/28
f 2051/1373/59 2247/1374/59 2230/1375/59
f 2177/1298/30 2103/1368/30 2015/1298/30
f 2187/1376/25 2100/1294/25 2040/1376/25
f 2175/1294/28 2014/1295/28 2100/1294/28
f 2178/1351/26 2039/1377/26 2101/1351/26
f 1954/1259/30 2016/1378/30 2105/1259/30
f 2244/1364/31 2204/1379/31 2195/1350/31
f 2110/1370/25 2035/1263/25 2047/1370/25
f 1956/1355/28 2104/1356/28 2017/1355/28
f 2171/1303/28 2097/1301/28 2098/1303/28
f 2094/1380/59 2198/1381/59 2020/1382/59
f 2169/1304/30 2095/1359/30 2013/1304/30
f 2184/1267/26 2046/1265/26 2036/1267/26
f 2167/1299/28 2012/1300/28 2096/1299/28
f 1951/1372/25 2037/1369/25 2043/1372/25
f 1960/1260/28 2099/1261/28 2018/1260/28
f 1962/1288/30 2019/1383/30 2093/1288/30
f 2084/1384/59 2221/1313/59 2088/1312/59
f 2182/1264/26 2045/1262/26 2038/1264/26
f 2224/1308/59 2242/1385/59 2092/1386/59
f 2117/1297/25 2048/1357/25 2054/1297/25
f 1964/1382/28 2094/1380/28 2020/1382/28
f 2183/1369/60 1950/1367/60 2190/1366/60
f 2109/1357/60 2118/1296/60 2108/1358/60
f 1956/1355/60 2188/1354/60 1957/1356/60
f 2178/1351/60 2189/1352/60 2186/1377/60
f 1952/1379/60 2115/1348/60 1953/1350/60
f 2261/1387/28 2116/1373/28 2230/1375/28
f 2113/1344/60 2122/1343/60 2112/1345/60
f 2124/1341/60 2132/1340/60 2123/1342/60
f 2120/1338/60 2129/1337/60 2119/1339/60
f 2265/1388/28 2130/1336/28 2063/1336/28
f 2126/1389/60 2133/1332/60 2134/1390/60
f 2273/1331/28 2069/1329/28 2072/1331/28
f 2269/1328/28 2003/1326/28 2068/1328/28
f 2140/1391/60 2149/1324/60 2139/1392/60
f 2277/1393/28 2136/1322/28 2005/1322/28
f 2147/1318/60 2157/1317/60 2146/1319/60
f 2143/1394/60 2152/1365/60 2153/1315/60
f 2154/1384/60 2164/1314/60 2165/1395/60
f 2151/1310/60 2161/1309/60 2150/1311/60
f 2162/1386/60 2172/1396/60 2173/1307/60
f 2159/1305/60 2169/1304/60 2158/1306/60
f 2170/1301/60 2180/1302/60 2181/1371/60
f 2167/1299/60 2177/1298/60 2166/1300/60
f 2175/1294/60 2191/1293/60 2174/1295/60
f 1964/1382/60 1958/1362/60 1965/1380/60
f 1968/1289/60 1962/1288/60 1969/1290/60
f 1972/1286/60 1966/1285/60 1973/1287/60
f 1976/1283/60 1971/1397/60 1970/1284/60
f 2257/1398/30 1974/1282/30 2201/1282/30
f 1983/1399/60 1978/1279/60 1977/1400/60
f 1986/1275/60 1980/1274/60 1987/1276/60
f 1990/1272/60 1984/1271/60 1991/1273/60
f 1994/1269/60 1988/1268/60 1995/1270/60
f 2193/1266/60 1992/1265/60 2184/1267/60
f 2185/1263/60 2111/1262/60 2182/1264/60
f 1960/1260/60 1954/1259/60 1961/1261/60
f 1996/1367/59 2037/1369/59 1946/1366/59
f 2126/1389/26 2004/1390/26 2001/1389/26
f 2162/1386/28 2242/1385/28 2163/1401/28
f 2268/1402/60 2138/1403/60 2267/1404/60
f 2120/1338/28 1999/1339/28 2057/1338/28
f 2136/1322/26 2008/1320/26 2005/1322/26
f 2165/1395/30 2222/1314/30 2219/1395/30
f 2122/1343/30 2056/1405/30 2000/1343/30
f 1964/1382/25 2198/1381/25 1959/1406/25
f 2160/1407/25 2083/1310/25 2090/1407/25
f 2124/1341/28 2058/1342/28 2060/1341/28
f 2150/1311/26 2011/1309/26 2009/1311/26
f 1969/1290/26 2093/1288/26 2089/1290/26
f 2260/1408/25 2246/1409/25 2263/1361/25
f 2158/1306/26 2013/1304/26 2010/1306/26
f 2173/1307/30 2227/1396/30 2223/1307/30
f 2166/1300/26 2015/1298/26 2012/1300/26
f 2146/1319/26 2085/1317/26 2080/1319/26
f 2001/1389/59 2237/1410/59 2232/1411/59
f 2174/1295/26 1947/1293/26 2014/1295/26
f 2165/1395/26 2219/1395/26 2220/1412/26
f 2129/1337/30 2062/1413/30 2002/1337/30
f 2191/1293/30 2040/1376/30 1947/1293/30
f 1973/1287/26 2086/1285/26 2082/1287/26
f 2267/1404/26 2138/1403/26 2006/1403/26
f 2188/1354/30 1949/1414/30 2041/1354/30
f 1994/1269/28 2049/1270/28 2034/1269/28
f 2156/1415/25 2081/1318/25 2087/1415/25
f 2132/1340/30 2066/1416/30 2064/1340/30
f 2192/1414/25 2017/1355/25 1949/1414/25
f 1979/1280/60 2257/1398/60 2258/1291/60
f 1955/1378/25 2018/1260/25 2016/1378/25
f 1992/1265/30 2033/1417/30 2046/1265/30
f 2277/1393/60 2145/1320/60 2136/1322/60
f 2268/1402/25 2269/1328/25 2068/1328/25
f 1958/1362/30 2199/1406/30 2225/1362/30
f 1990/1272/28 2055/1273/28 2032/1272/28
f 1971/1397/30 2240/1418/30 1970/1284/30
f 1976/1283/28 2238/1283/28 2239/1419/28
f 1963/1383/25 2022/1289/25 2019/1383/25
f 2149/1324/30 2216/1325/30 2214/1324/30
f 2272/1420/25 2273/1331/25 2072/1331/25
f 1967/1421/25 2024/1286/25 2021/1421/25
f 1988/1268/30 2031/1422/30 2053/1268/30
f 2272/1420/60 2142/1423/60 2271/1424/60
f 2279/1425/25 2075/1321/25 2078/1425/25
f 1971/1397/25 2025/1426/25 2023/1397/25
f 1986/1275/28 2061/1276/28 2030/1275/28
f 2271/1424/26 2142/1423/26 2076/1423/26
f 1977/1400/30 2203/1279/30 2208/1400/30
f 2140/1391/25 2212/1391/25 2213/1427/25
f 2278/1428/30 2279/1425/30 2078/1425/30
f 2114/1429/30 2228/1429/30 2229/1430/30
f 1984/1271/30 2029/1431/30 2059/1271/30
f 2274/1432/30 2275/1433/30 2071/1433/30
f 2138/1403/30 2074/1327/30 2006/1403/30
f 1981/1434/25 2030/1275/25 2027/1434/25
f 1977/1400/26 2208/1400/26 2249/1435/26
f 2130/1336/26 2070/1334/26 2063/1336/26
f 2149/1324/26 2214/1324/26 2253/1436/26
f 1985/1431/25 2032/1272/25 2029/1431/25
f 2248/1437/59 2028/1277/59 2235/1438/59
f 2142/1423/30 2077/1330/30 2076/1423/30
f 1989/1422/25 2034/1269/25 2031/1422/25
f 1980/1274/30 2027/1434/30 2065/1274/30
f 2140/1391/28 2209/1392/28 2212/1391/28
f 2193/1266/28 2036/1267/28 1948/1266/28
f 2116/1373/60 2262/1360/60 2125/1346/60
f 2265/1388/60 2135/1334/60 2130/1336/60
f 2144/1439/28 2007/1394/28 2079/1439/28
f 1993/1417/25 1948/1266/25 2033/1417/25
f 2123/1342/26 2064/1340/26 2058/1342/26
f 2185/1263/28 2038/1264/28 2035/1263/28
f 1983/1399/28 2234/1399/28 2235/1438/28
f 2128/1413/25 2057/1338/25 2062/1413/25
f 2147/1318/28 2080/1319/28 2081/1318/28
f 2186/1377/30 2042/1352/30 2039/1377/30
f 2240/1418/59 2025/1426/59 2239/1419/59
f 1987/1276/26 2065/1274/26 2061/1276/26
f 2144/1439/25 2217/1440/25 2152/1365/25
f 2131/1416/25 2060/1341/25 2066/1416/25
f 2211/1441/59 2026/1280/59 2073/1292/59
f 2126/1389/28 2232/1411/28 2127/1333/28
f 2151/1310/28 2009/1311/28 2083/1310/28
f 1972/1286/28 2082/1287/28 2024/1286/28
f 2121/1405/25 2050/1344/25 2056/1405/25
f 2197/1316/59 2079/1439/59 2007/1394/59
f 1991/1273/26 2059/1271/26 2055/1273/26
f 2155/1312/28 2084/1384/28 2088/1312/28
f 2163/1401/25 2254/1442/25 2172/1396/25
f 2133/1332/30 2236/1332/30 2237/1410/30
f 2157/1317/30 2087/1415/30 2085/1317/30
f 1968/1289/28 2089/1290/28 2022/1289/28
f 2108/1358/26 2052/1296/26 2044/1358/26
f 2275/1433/25 2067/1335/25 2071/1433/25
f 2159/1305/28 2010/1306/28 2091/1305/28
f 1966/1285/30 2021/1421/30 2086/1285/30
f 1995/1270/26 2053/1268/26 2049/1270/26
f 2161/1309/30 2090/1407/30 2011/1309/30
f 2251/1443/31 2212/1391/31 2209/1392/31
f 2211/1441/43 2201/1282/43 2200/1281/43
f 2226/1363/43 2199/1406/43 2198/1381/43
f 2247/1374/43 2205/1346/43 2207/1361/43
f 2248/1437/43 2208/1400/43 2203/1279/43
f 2252/1323/59 2213/1427/59 2251/1443/59
f 2255/1444/43 2223/1307/43 2227/1396/43
f 2197/1316/43 2218/1365/43 2217/1440/43
f 2220/1412/43 2222/1314/43 2221/1313/43
f 1952/1379/28 2195/1350/28 2204/1379/28
f 2239/1419/102 2241/1284/102 2240/1418/102
f 2237/1410/103 2233/1333/103 2232/1411/103
f 2228/1429/103 2244/1364/103 2229/1430/103
f 2234/1399/102 2248/1437/102 2235/1438/102
f 2231/1408/103 2247/1374/103 2246/1409/103
f 2253/1436/102 2251/1443/102 2250/1445/102
f 2243/1401/103 2255/1444/103 2254/1442/103
f 1952/1379/25 2204/1379/25 2245/1446/25
f 2263/1361/104 2261/1387/104 2260/1408/104
f 2275/1433/104 2265/1388/104 2264/1335/104
f 2259/1292/105 2257/1398/105 2256/1447/105
f 2279/1425/104 2277/1393/104 2276/1321/104
f 2273/1331/106 2271/1424/106 2270/1329/106
f 2269/1328/106 2267/1404/106 2266/1326/106
f 2256/1447/26 2210/1447/26 2211/1441/26
f 2313/1448/60 2308/1449/60 2312/1448/60
f 2316/1450/59 2349/1451/59 2314/1451/59
f 2300/1452/26 2372/1453/26 2373/1454/26
f 2319/1455/59 2346/1456/59 2317/1456/59
f 2320/1457/59 2345/1458/59 2318/1458/59
f 2288/1459/26 2374/1460/26 2295/1461/26
f 2324/1462/59 2342/1463/59 2321/1463/59
f 2351/1464/26 2376/1465/26 2377/1466/26
f 2327/1467/59 2338/1468/59 2325/1468/59
f 2329/1469/59 2337/1470/59 2326/1470/59
f 2363/1471/26 2380/1472/26 2381/1473/26
f 2367/1474/26 2382/1475/26 2383/1476/26
f 2331/1477/59 2333/1478/59 2330/1478/59
f 2365/1479/60 2369/1480/60 2364/1479/60
f 2361/1481/60 2367/1474/60 2360/1481/60
f 2357/1482/60 2363/1471/60 2356/1482/60
f 2353/1483/60 2359/1484/60 2352/1483/60
f 2282/1485/60 2355/1486/60 2283/1485/60
f 2286/1487/60 2351/1464/60 2287/1487/60
f 2290/1488/60 2284/1489/60 2291/1488/60
f 2294/1461/60 2288/1459/60 2295/1461/60
f 2298/1490/60 2292/1491/60 2299/1490/60
f 2302/1492/60 2296/1493/60 2303/1492/60
f 2306/1494/60 2300/1452/60 2307/1494/60
f 2310/1495/60 2304/1496/60 2311/1495/60
f 2315/1497/59 2281/1498/59 2280/1498/59
f 2369/1480/30 2332/1477/30 2331/1477/30
f 2286/1487/28 2323/1499/28 2340/1499/28
f 2351/1464/30 2391/1465/30 2376/1465/30
f 2306/1494/25 2396/1500/25 2397/1501/25
f 2284/1489/30 2339/1462/30 2324/1462/30
f 2310/1495/28 2314/1451/28 2349/1451/28
f 2291/1488/26 2324/1462/26 2321/1463/26
f 2285/1489/25 2342/1463/25 2339/1462/25
f 2282/1485/28 2325/1468/28 2338/1468/28
f 2308/1449/30 2348/1497/30 2315/1497/30
f 2361/1481/28 2379/1502/28 2388/1502/28
f 2294/1461/25 2392/1503/25 2393/1460/25
f 2377/1466/59 2340/1499/59 2323/1499/59
f 2373/1454/59 2397/1501/59 2370/1501/59
f 2283/1485/26 2327/1467/26 2325/1468/26
f 2354/1486/25 2338/1468/25 2336/1467/25
f 2353/1483/28 2326/1470/28 2337/1470/28
f 2304/1496/30 2347/1450/30 2316/1450/30
f 2352/1483/26 2329/1469/26 2326/1470/26
f 2358/1484/25 2337/1470/25 2334/1469/25
f 2355/1486/30 2336/1467/30 2327/1467/30
f 2302/1492/28 2317/1456/28 2346/1456/28
f 2367/1474/30 2385/1475/30 2382/1475/30
f 2286/1487/25 2390/1466/25 2350/1464/25
f 2357/1482/28 2328/1504/28 2335/1504/28
f 2294/1461/28 2375/1503/28 2392/1503/28
f 2363/1471/30 2387/1472/30 2380/1472/30
f 2357/1482/25 2386/1473/25 2362/1471/25
f 2359/1484/30 2334/1469/30 2329/1469/30
f 2298/1490/28 2318/1458/28 2345/1458/28
f 2364/1479/26 2331/1477/26 2330/1478/26
f 2368/1480/25 2333/1478/25 2332/1477/25
f 2383/1476/59 2389/1505/59 2378/1505/59
f 2296/1493/30 2344/1455/30 2319/1455/30
f 2312/1448/26 2315/1497/26 2280/1498/26
f 2309/1449/25 2281/1498/25 2348/1497/25
f 2381/1473/59 2335/1504/59 2328/1504/59
f 2322/1506/59 2393/1460/59 2374/1460/59
f 2311/1495/26 2316/1450/26 2314/1451/26
f 2305/1496/25 2349/1451/25 2347/1450/25
f 2365/1479/28 2330/1478/28 2333/1478/28
f 2292/1491/30 2343/1457/30 2320/1457/30
f 2300/1452/30 2395/1453/30 2372/1453/30
f 2361/1481/25 2388/1502/25 2389/1505/25
f 2290/1488/28 2321/1463/28 2342/1463/28
f 2303/1492/26 2319/1455/26 2317/1456/26
f 2297/1493/25 2346/1456/25 2344/1455/25
f 2288/1459/30 2341/1506/30 2322/1506/30
f 2313/1448/28 2280/1498/28 2281/1498/28
f 2299/1490/26 2320/1457/26 2318/1458/26
f 2293/1491/25 2345/1458/25 2343/1457/25
f 2397/1501/31 2371/1500/31 2370/1501/31
f 2373/1454/43 2395/1453/43 2394/1454/43
f 2393/1460/31 2375/1503/31 2374/1460/31
f 2377/1466/43 2391/1465/43 2390/1466/43
f 2389/1505/31 2379/1502/31 2378/1505/31
f 2381/1473/43 2387/1472/43 2386/1473/43
f 2383/1476/43 2385/1475/43 2384/1476/43
f 2306/1494/28 2371/1500/28 2396/1500/28
f 2439/1507/107 2446/1508/107 2447/1509/107
f 2400/1510/108 2409/1511/108 2399/1512/108
f 2423/1513/28 2452/1514/28 2453/1515/28
f 2411/1516/108 2406/1517/108 2408/1518/108
f 2431/1519/28 2450/1520/28 2451/1521/28
f 2414/1522/108 2404/1523/108 2405/1524/108
f 2416/1525/108 2398/1526/108 2403/1527/108
f 2444/1528/109 2438/1529/109 2439/1507/109
f 2424/1530/109 2419/1531/109 2418/1532/109
f 2428/1533/109 2422/1534/109 2423/1513/109
f 2432/1535/109 2426/1536/109 2427/1537/109
f 2436/1538/109 2430/1539/109 2431/1519/109
f 2440/1540/109 2434/1541/109 2435/1542/109
f 2421/1543/109 2442/1544/109 2443/1545/109
f 2434/1541/30 2415/1546/30 2414/1522/30
f 2423/1513/110 2455/1547/110 2452/1514/110
f 2431/1519/111 2457/1548/111 2450/1520/111
f 2433/1549/112 2406/1517/112 2413/1550/112
f 2445/1551/30 2460/1552/30 2438/1529/30
f 2435/1542/111 2414/1522/111 2405/1524/111
f 2432/1535/28 2408/1518/28 2406/1517/28
f 2456/1553/108 2448/1554/108 2451/1521/108
f 2411/1516/30 2433/1549/30 2413/1550/30
f 2460/1552/108 2402/1555/108 2447/1509/108
f 2429/1556/30 2454/1557/30 2422/1534/30
f 2441/1558/113 2404/1523/113 2415/1546/113
f 2437/1559/30 2458/1560/30 2459/1561/30
f 2443/1545/110 2416/1525/110 2403/1527/110
f 2409/1511/28 2418/1532/28 2399/1512/28
f 2445/1551/112 2402/1555/112 2417/1562/112
f 2418/1532/110 2400/1510/110 2399/1512/110
f 2419/1531/30 2410/1563/30 2400/1510/30
f 2421/1543/28 2403/1527/28 2398/1526/28
f 2420/1564/113 2398/1526/113 2401/1565/113
f 2416/1525/30 2420/1564/30 2401/1565/30
f 2454/1557/108 2407/1566/108 2453/1515/108
f 2437/1559/112 2449/1567/112 2458/1560/112
f 2425/1568/113 2409/1511/113 2410/1563/113
f 2427/1537/111 2411/1516/111 2408/1518/111
f 2404/1523/28 2435/1542/28 2405/1524/28
f 2429/1556/113 2407/1566/113 2412/1569/113
f 2453/1515/114 2455/1547/114 2454/1557/114
f 2451/1521/114 2457/1548/114 2456/1553/114
f 2459/1561/115 2449/1567/115 2448/1554/115
f 2447/1509/114 2461/1570/114 2460/1552/114
f 2439/1507/111 2461/1570/111 2446/1508/111
f 2468/1571/59 2466/1572/59 2467/1572/59
f 2464/1573/25 2469/1571/25 2465/1574/25
f 2463/1574/26 2467/1572/26 2462/1573/26
f 2465/1574/30 2468/1571/30 2463/1574/30
f 2462/1573/28 2466/1572/28 2464/1573/28
f 2474/1575/59 2476/1576/59 2475/1575/59
f 2477/1576/25 2472/1577/25 2473/1578/25
f 2475/1575/26 2471/1578/26 2470/1577/26
f 2476/1576/28 2473/1578/28 2471/1578/28
f 2474/1575/30 2470/1577/30 2472/1577/30
f 2482/1572/59 2484/1571/59 2483/1572/59
f 2485/1571/26 2480/1573/26 2481/1574/26
f 2483/1572/25 2479/1574/25 2478/1573/25
f 2484/1571/30 2481/1574/30 2479/1574/30
f 2482/1572/28 2478/1573/28 2480/1573/28
f 2492/1576/59 2490/1575/59 2491/1575/59
f 2488/1577/26 2493/1576/26 2489/1578/26
f 2487/1578/25 2491/1575/25 2486/1577/25
f 2489/1578/28 2492/1576/28 2487/1578/28
f 2486/1577/30 2490/1575/30 2488/1577/30
f 2500/1579/59 2498/1580/59 2499/1580/59
f 2496/1581/25 2501/1579/25 2497/1582/25
f 2495/1582/26 2499/1580/26 2494/1581/26
f 2497/1582/30 2500/1579/30 2495/1582/30
f 2494/1581/28 2498/1580/28 2496/1581/28
f 2506/1580/59 2508/1579/59 2507/1580/59
f 2509/1579/26 2504/1581/26 2505/1582/26
f 2507/1580/25 2503/1582/25 2502/1581/25
f 2508/1579/30 2505/1582/30 2503/1582/30
f 2506/1580/28 2502/1581/28 2504/1581/28
f 2516/1583/59 2514/1584/59 2515/1584/59
f 2512/1585/25 2517/1583/25 2513/1586/25
f 2511/1586/26 2515/1584/26 2510/1585/26
f 2513/1586/30 2516/1583/30 2511/1586/30
f 2510/1585/28 2514/1584/28 2512/1585/28
f 2522/1584/59 2524/1583/59 2523/1584/59
f 2525/1583/26 2520/1585/26 2521/1586/26
f 2523/1584/25 2519/1586/25 2518/1585/25
f 2524/1583/30 2521/1586/30 2519/1586/30
f 2522/1584/28 2518/1585/28 2520/1585/28
f 2528/1587/25 2533/1588/25 2529/1589/25
f 2526/1587/26 2532/1588/26 2531/1590/26
f 2529/1589/60 2532/1588/60 2527/1589/60
f 2526/1587/59 2530/1590/59 2528/1587/59
f 2541/1588/26 2536/1587/26 2537/1591/26
f 2534/1587/25 2540/1588/25 2535/1591/25
f 2540/1588/60 2537/1591/60 2535/1591/60
f 2538/1590/59 2534/1587/59 2536/1587/59
f 2544/1592/25 2549/1593/25 2545/1594/25
f 2542/1592/26 2548/1593/26 2547/1595/26
f 2545/1594/60 2548/1593/60 2543/1594/60
f 2542/1592/59 2546/1595/59 2544/1592/59
f 2557/1593/26 2552/1592/26 2553/1596/26
f 2550/1592/25 2556/1593/25 2551/1596/25
f 2556/1593/60 2553/1596/60 2551/1596/60
f 2554/1595/59 2550/1592/59 2552/1592/59
f 2561/1597/28 2562/1598/28 2565/1599/28
f 2559/1600/30 2563/1601/30 2558/1601/30
f 2561/1597/60 2564/1602/60 2559/1600/60
f 2558/1601/59 2562/1598/59 2560/1598/59
f 2569/1603/30 2570/1604/30 2568/1604/30
f 2571/1605/28 2567/1606/28 2566/1605/28
f 2572/1607/60 2569/1603/60 2567/1606/60
f 2570/1604/59 2566/1605/59 2568/1604/59
f 2576/1608/25 2581/1609/25 2577/1610/25
f 2575/1610/26 2579/1611/26 2574/1608/26
f 2577/1610/60 2580/1609/60 2575/1610/60
f 2574/1608/59 2578/1611/59 2576/1608/59
f 2579/1611/30 2581/1609/30 2578/1611/30
f 2577/1610/28 2574/1608/28 2576/1608/28
f 2589/1609/26 2584/1608/26 2585/1610/26
f 2587/1611/25 2583/1610/25 2582/1608/25
f 2588/1609/60 2585/1610/60 2583/1610/60
f 2586/1611/59 2582/1608/59 2584/1608/59
f 2589/1609/30 2587/1611/30 2586/1611/30
f 2582/1608/28 2585/1610/28 2584/1608/28
f 2591/1612/28 2592/1613/28 2590/1614/28
f 2597/1615/30 2594/1616/30 2596/1617/30
f 2596/1617/60 2590/1614/60 2592/1613/60
f 2599/1618/28 2600/1619/28 2598/1620/28
f 2601/1621/25 2604/1622/25 2600/1619/25
f 2603/1623/26 2598/1620/26 2602/1624/26
f 2604/1622/60 2598/1620/60 2600/1619/60
f 2608/1625/30 2607/1626/30 2606/1627/30
f 2612/1628/25 2609/1629/25 2608/1625/25
f 2606/1627/26 2611/1630/26 2610/1631/26
f 2606/1627/60 2612/1628/60 2608/1625/60
f 2615/1632/28 2616/1633/28 2614/1633/28
f 2619/1634/60 2614/1633/60 2616/1633/60
f 2619/1634/30 2620/1635/30 2618/1634/30
f 2624/1636/30 2623/1637/30 2622/1636/30
f 2622/1636/60 2627/1638/60 2624/1636/60
f 2628/1639/28 2627/1638/28 2626/1638/28
f 2631/1640/28 2632/1641/28 2630/1641/28
f 2633/1640/25 2636/1642/25 2632/1641/25
f 2637/1643/30 2634/1642/30 2636/1642/30
f 2635/1643/26 2630/1641/26 2634/1642/26
f 2636/1642/60 2630/1641/60 2632/1641/60
f 2639/1644/116 2640/1645/116 2638/1645/116
f 2641/1644/25 2644/1646/25 2640/1645/25
f 2645/1647/117 2642/1646/117 2644/1646/117
f 2642/1646/26 2639/1644/26 2638/1645/26
f 2644/1646/118 2638/1645/118 2640/1645/118
f 2641/1644/59 2643/1647/59 2645/1647/59
f 2648/1648/119 2647/1649/119 2646/1648/119
f 2652/1650/25 2649/1649/25 2648/1648/25
f 2650/1650/120 2653/1651/120 2652/1650/120
f 2650/1650/26 2647/1649/26 2651/1651/26
f 2648/1648/121 2650/1650/121 2652/1650/121
f 2651/1651/59 2649/1649/59 2653/1651/59
f 2796/1652/77 2800/1653/77 2797/1652/77
f 2792/1654/77 2798/1655/77 2793/1656/77
f 2788/1657/77 2794/1658/77 2789/1657/77
f 2784/1659/77 2790/1660/77 2785/1661/77
f 2780/1662/77 2786/1663/77 2781/1662/77
f 2776/1664/77 2782/1665/77 2777/1664/77
f 2772/1666/77 2778/1667/77 2773/1666/77
f 2768/1668/77 2774/1669/77 2769/1668/77
f 2663/1670/78 2762/1671/78 2662/1670/78
f 2667/1672/78 2661/1673/78 2666/1672/78
f 2671/1674/78 2665/1675/78 2670/1674/78
f 2675/1676/78 2669/1677/78 2674/1676/78
f 2679/1678/78 2673/1679/78 2678/1678/78
f 2683/1680/78 2677/1681/78 2682/1680/78
f 2687/1682/78 2681/1683/78 2686/1682/78
f 2691/1684/122 2685/1685/122 2690/1684/122
f 2688/1686/77 2770/1687/77 2689/1686/77
f 2659/1688/78 2766/1689/78 2658/1688/78
f 2764/1690/78 2689/1686/78 2765/1690/78
f 2714/1691/123 2676/1681/123 2705/1692/123
f 2710/1693/26 2690/1684/26 2685/1685/26
f 2709/1693/25 2691/1684/25 2655/1694/25
f 2746/1695/124 2797/1652/124 2743/1695/124
f 2728/1696/123 2771/1697/123 2761/1696/123
f 2702/1698/124 2674/1676/124 2717/1698/124
f 2728/1696/26 2689/1686/26 2770/1687/26
f 2761/1696/25 2688/1686/25 2657/1699/25
f 2742/1700/123 2799/1655/123 2747/1700/123
f 2758/1701/124 2773/1666/124 2731/1701/124
f 2716/1702/123 2672/1679/123 2703/1702/123
f 2730/1703/26 2769/1668/26 2774/1669/26
f 2759/1703/25 2768/1668/25 2760/1704/25
f 2730/1703/123 2775/1705/123 2759/1703/123
f 2700/1706/124 2670/1674/124 2719/1706/124
f 2732/1707/26 2773/1666/26 2778/1667/26
f 2757/1707/25 2772/1666/25 2758/1701/25
f 2744/1708/123 2801/1653/123 2745/1708/123
f 2756/1709/124 2777/1664/124 2733/1709/124
f 2718/1710/123 2668/1677/123 2701/1710/123
f 2734/1711/26 2777/1664/26 2782/1665/26
f 2727/1712/26 2689/1686/26 2656/1699/26
f 2755/1711/125 2776/1664/125 2756/1709/125
f 2692/1712/25 2688/1686/25 2764/1690/25
f 2732/1707/123 2779/1667/123 2757/1707/123
f 2698/1713/124 2666/1672/124 2721/1713/124
f 2736/1714/26 2781/1662/26 2786/1663/26
f 2725/1715/26 2766/1689/26 2726/1716/26
f 2753/1714/125 2780/1662/125 2754/1717/125
f 2694/1715/25 2767/1689/25 2659/1688/25
f 2754/1717/124 2781/1662/124 2735/1717/124
f 2720/1718/123 2664/1719/123 2699/1718/123
f 2738/1720/26 2785/1661/26 2790/1660/26
f 2723/1721/26 2762/1671/26 2724/1722/26
f 2751/1720/25 2784/1659/25 2752/1723/25
f 2696/1721/25 2763/1671/25 2663/1670/25
f 2734/1711/123 2783/1665/123 2755/1711/123
f 2696/1721/124 2662/1670/124 2723/1721/124
f 2740/1724/26 2789/1657/26 2794/1658/26
f 2721/1713/26 2661/1673/26 2722/1725/26
f 2749/1724/125 2788/1657/125 2750/1726/125
f 2698/1713/25 2660/1673/25 2667/1672/25
f 2752/1723/126 2785/1661/126 2737/1723/126
f 2722/1725/123 2660/1673/123 2697/1725/123
f 2708/1727/124 2686/1682/124 2711/1727/124
f 2742/1700/26 2793/1656/26 2798/1655/26
f 2719/1706/26 2665/1675/26 2720/1718/26
f 2747/1700/125 2792/1654/125 2748/1728/125
f 2700/1706/25 2664/1719/25 2671/1674/25
f 2736/1714/127 2787/1663/127 2753/1714/127
f 2694/1715/124 2658/1688/124 2725/1715/124
f 2710/1693/123 2684/1685/123 2709/1693/123
f 2744/1708/26 2797/1652/26 2800/1653/26
f 2717/1698/26 2669/1677/26 2718/1710/26
f 2745/1708/125 2796/1652/125 2746/1695/125
f 2702/1698/25 2668/1677/25 2675/1676/25
f 2750/1726/128 2789/1657/128 2739/1726/128
f 2724/1722/123 2763/1671/123 2695/1722/123
f 2706/1729/124 2682/1680/124 2713/1729/124
f 2715/1730/26 2673/1679/26 2716/1702/26
f 2704/1730/25 2672/1679/25 2679/1678/25
f 2738/1720/123 2791/1660/123 2751/1720/123
f 2692/1712/124 2765/1690/124 2727/1712/124
f 2712/1731/123 2680/1683/123 2707/1731/123
f 2713/1729/26 2677/1681/26 2714/1691/26
f 2706/1729/25 2676/1681/25 2683/1680/25
f 2748/1728/126 2793/1656/126 2741/1728/126
f 2726/1716/123 2767/1689/123 2693/1716/123
f 2704/1730/124 2678/1678/124 2715/1730/124
f 2711/1727/26 2681/1683/26 2712/1731/26
f 2708/1727/25 2680/1683/25 2687/1682/25
f 2740/1724/123 2795/1658/123 2749/1724/123
f 2760/1704/124 2769/1668/124 2729/1704/124
f 2944/1732/96 2940/1733/96 2941/1733/96
f 2942/1734/96 2936/1735/96 2937/1736/96
f 2938/1737/96 2932/1738/96 2933/1738/96
f 2934/1739/96 2928/1740/96 2929/1741/96
f 2930/1742/96 2924/1743/96 2925/1743/96
f 2926/1744/96 2920/1745/96 2921/1745/96
f 2922/1746/96 2916/1747/96 2917/1747/96
f 2918/1748/96 2912/1749/96 2913/1749/96
f 2906/1750/97 2809/1751/97 2808/1751/97
f 2807/1752/97 2813/1753/97 2812/1753/97
f 2811/1754/97 2817/1755/97 2816/1755/97
f 2815/1756/97 2821/1757/97 2820/1757/97
f 2819/1758/97 2825/1759/97 2824/1759/97
f 2823/1760/97 2829/1761/97 2828/1761/97
f 2827/1762/97 2833/1763/97 2832/1763/97
f 2831/1764/129 2691/1684/129 2690/1684/129
f 2914/1765/96 2834/1766/96 2835/1766/96
f 2910/1767/97 2805/1768/97 2804/1768/97
f 2835/1766/97 2908/1769/97 2909/1769/97
f 2822/1760/130 2858/1770/130 2849/1771/130
f 2854/1772/26 2690/1684/26 2654/1694/26
f 2691/1684/25 2853/1772/25 2655/1694/25
f 2941/1733/131 2890/1773/131 2887/1773/131
f 2915/1774/130 2872/1775/130 2905/1775/130
f 2820/1757/131 2846/1776/131 2861/1776/131
f 2872/1775/26 2835/1766/26 2802/1777/26
f 2834/1766/25 2905/1775/25 2803/1777/25
f 2943/1734/130 2886/1778/130 2891/1778/130
f 2917/1747/131 2902/1779/131 2875/1779/131
f 2818/1758/130 2860/1780/130 2847/1780/130
f 2874/1781/26 2913/1749/26 2873/1782/26
f 2912/1749/25 2903/1781/25 2904/1782/25
f 2919/1783/130 2874/1781/130 2903/1781/130
f 2816/1755/131 2844/1784/131 2863/1784/131
f 2876/1785/26 2917/1747/26 2875/1779/26
f 2916/1747/25 2901/1785/25 2902/1779/25
f 2945/1732/130 2888/1786/130 2889/1786/130
f 2921/1745/131 2900/1787/131 2877/1787/131
f 2814/1756/130 2862/1788/130 2845/1788/130
f 2878/1789/26 2921/1745/26 2877/1787/26
f 2835/1766/26 2871/1790/26 2802/1777/26
f 2920/1745/91 2899/1789/91 2900/1787/91
f 2836/1790/25 2834/1766/25 2803/1777/25
f 2923/1746/130 2876/1785/130 2901/1785/130
f 2812/1753/131 2842/1791/131 2865/1791/131
f 2880/1792/26 2925/1743/26 2879/1793/26
f 2910/1767/26 2869/1794/26 2870/1795/26
f 2924/1743/91 2897/1792/91 2898/1793/91
f 2838/1794/25 2911/1767/25 2837/1795/25
f 2925/1743/132 2898/1793/132 2879/1793/132
f 2810/1796/130 2864/1797/130 2843/1797/130
f 2882/1798/26 2929/1741/26 2881/1799/26
f 2906/1750/26 2867/1800/26 2868/1801/26
f 2928/1740/25 2895/1798/25 2896/1799/25
f 2840/1800/25 2907/1750/25 2839/1801/25
f 2927/1744/130 2878/1789/130 2899/1789/130
f 2808/1751/131 2840/1800/131 2867/1800/131
f 2884/1802/26 2933/1738/26 2883/1803/26
f 2807/1752/26 2865/1791/26 2866/1804/26
f 2932/1738/91 2893/1802/91 2894/1803/91
f 2842/1791/25 2806/1752/25 2841/1804/25
f 2929/1741/133 2896/1799/133 2881/1799/133
f 2806/1752/130 2866/1804/130 2841/1804/130
f 2832/1763/131 2852/1805/131 2855/1805/131
f 2886/1778/26 2937/1736/26 2885/1806/26
f 2811/1754/26 2863/1784/26 2864/1797/26
f 2936/1735/91 2891/1778/91 2892/1806/91
f 2844/1784/25 2810/1796/25 2843/1797/25
f 2931/1742/130 2880/1792/130 2897/1792/130
f 2804/1768/131 2838/1794/131 2869/1794/131
f 2830/1764/130 2854/1772/130 2853/1772/130
f 2888/1786/26 2941/1733/26 2887/1773/26
f 2815/1756/26 2861/1776/26 2862/1788/26
f 2940/1733/91 2889/1786/91 2890/1773/91
f 2846/1776/25 2814/1756/25 2845/1788/25
f 2933/1738/132 2894/1803/132 2883/1803/132
f 2907/1750/130 2868/1801/130 2839/1801/130
f 2828/1761/131 2850/1807/131 2857/1807/131
f 2819/1758/26 2859/1808/26 2860/1780/26
f 2848/1808/25 2818/1758/25 2847/1780/25
f 2935/1739/130 2882/1798/130 2895/1798/130
f 2909/1769/131 2836/1790/131 2871/1790/131
f 2826/1762/130 2856/1809/130 2851/1809/130
f 2823/1760/26 2857/1807/26 2858/1770/26
f 2850/1807/25 2822/1760/25 2849/1771/25
f 2937/1736/131 2892/1806/131 2885/1806/131
f 2911/1767/130 2870/1795/130 2837/1795/130
f 2824/1759/131 2848/1808/131 2859/1808/131
f 2827/1762/26 2855/1805/26 2856/1809/26
f 2852/1805/25 2826/1762/25 2851/1809/25
f 2939/1737/134 2884/1802/134 2893/1802/134
f 2913/1749/131 2904/1782/131 2873/1782/131
f 2954/1810/59 2958/1811/59 2956/1810/59
f 2957/1812/60 2960/1813/60 2955/1812/60
f 2949/1814/60 2952/1813/60 2947/1814/60
f 2946/1810/59 2950/1811/59 2948/1810/59
f 2948/1810/26 2953/1813/26 2949/1814/26
f 2947/1814/25 2951/1811/25 2946/1810/25
f 2956/1810/26 2961/1813/26 2957/1812/26
f 2954/1810/25 2960/1813/25 2959/1811/25
f 2962/1815/59 2966/1811/59 2964/1815/59
f 2963/1812/60 2969/1816/60 2968/1816/60
f 2964/1815/26 2969/1816/26 2965/1812/26
f 2963/1812/25 2967/1811/25 2962/1815/25
f 2970/1815/59 2974/1817/59 2972/1815/59
f 2973/1818/60 2976/1816/60 2971/1818/60
f 2972/1815/26 2977/1816/26 2973/1818/26
f 2971/1818/25 2975/1817/25 2970/1815/25
f 2983/1819/60 2979/1820/60 2982/1819/60
f 2978/1821/59 2985/1822/59 2980/1822/59
f 2979/1820/26 2980/1822/26 2982/1819/26
f 2984/1821/25 2983/1819/25 2985/1822/25
f 2991/1823/60 2987/1824/60 2990/1823/60
f 2986/1825/59 2993/1826/59 2988/1826/59
f 2987/1824/26 2988/1826/26 2990/1823/26
f 2992/1825/25 2991/1823/25 2993/1826/25
f 2992/1825/30 2987/1824/30 2989/1824/30
f 2995/1827/60 2991/1823/60 2990/1823/60
f 2993/1826/59 2994/1828/59 2988/1826/59
f 2988/1826/26 2995/1827/26 2990/1823/26
f 2991/1823/25 2997/1828/25 2993/1826/25
f 2995/1827/28 2997/1828/28 2996/1827/28
f 2999/1829/59 3002/1830/59 3001/1829/59
f 3001/1829/25 3004/1831/25 3000/1832/25
f 2998/1832/26 3003/1830/26 2999/1829/26
f 2998/1832/60 3004/1831/60 3005/1831/60
f 3012/1833/59 3018/1834/59 3011/1833/59
f 3013/1835/60 3020/1836/60 3010/1835/60
f 3010/1835/26 3009/1837/26 3013/1835/26
f 3014/1838/25 3019/1834/25 3015/1838/25
f 3008/1837/28 3006/1839/28 3016/1840/28
f 3017/1840/30 3015/1838/30 3009/1837/30
f 3020/1836/28 3018/1834/28 3010/1835/28
f 3013/1835/30 3012/1833/30 3021/1836/30
f 3013/1835/30 3015/1838/30 3019/1834/30
f 3021/1836/30 3007/1839/30 3017/1840/30
f 3020/1836/28 3006/1839/28 3011/1833/28
f 3010/1835/28 3014/1838/28 3008/1837/28
f 3017/1840/59 3008/1837/59 3016/1840/59
f 3016/1840/25 3021/1836/25 3017/1840/25
f 3025/1841/28 3023/1842/28 3026/1843/28
f 3035/1844/135 3041/1845/135 3029/1845/135
f 3033/1843/136 3023/1842/136 3032/1842/136
f 3028/1846/137 3026/1843/137 3033/1843/137
f 3037/1847/28 3026/1843/28 3022/1846/28
f 3039/1848/28 3041/1845/28 3038/1844/28
f 3024/1849/28 3038/1844/28 3023/1842/28
f 3036/1848/138 3024/1849/138 3031/1849/138
f 3031/1849/138 3025/1841/138 3034/1841/138
f 3030/1850/139 3039/1848/139 3036/1848/139
f 3034/1841/140 3037/1847/140 3027/1847/140
f 3032/1842/136 3038/1844/136 3035/1844/136
f 3027/1847/30 3033/1843/30 3034/1841/30
f 3034/1841/30 3032/1842/30 3031/1849/30
f 3031/1849/30 3035/1844/30 3036/1848/30
f 3036/1848/30 3029/1845/30 3030/1850/30
f 3071/1851/30 3042/1852/30 3043/1853/30
f 3206/1854/26 3097/1855/26 3219/1855/26
f 3208/1856/26 3095/1857/26 3221/1857/26
f 3210/1858/26 3091/1859/26 3223/1859/26
f 3056/1860/28 3064/1861/28 3054/1862/28
f 3224/1863/25 3073/1864/25 3213/1864/25
f 3058/1865/28 3067/1866/28 3057/1867/28
f 3214/1868/26 3087/1869/26 3227/1869/26
f 3044/1853/28 3069/1870/28 3059/1851/28
f 3073/1864/30 3087/1869/30 3070/1868/30
f 3075/1867/30 3089/1871/30 3072/1865/30
f 3077/1872/30 3091/1859/30 3074/1858/30
f 3079/1862/30 3093/1873/30 3076/1860/30
f 3081/1874/30 3095/1857/30 3078/1856/30
f 3083/1875/30 3097/1855/30 3080/1854/30
f 3085/1876/30 3099/1877/30 3082/1878/30
f 3047/1879/30 3101/1880/30 3084/1881/30
f 3101/1880/26 3051/1881/26 3084/1881/26
f 3061/1882/25 3085/1876/25 3050/1876/25
f 3205/1883/28 3061/1882/28 3050/1876/28
f 3062/1884/25 3083/1875/25 3052/1875/25
f 3207/1885/28 3062/1884/28 3052/1875/28
f 3063/1886/25 3081/1874/25 3053/1874/25
f 3209/1887/28 3063/1886/28 3053/1874/28
f 3064/1861/25 3079/1862/25 3054/1862/25
f 3056/1860/26 3093/1873/26 3065/1873/26
f 3066/1888/25 3077/1872/25 3055/1872/25
f 3211/1889/28 3066/1888/28 3055/1872/28
f 3067/1866/25 3075/1867/25 3057/1867/25
f 3215/1890/28 3225/1891/28 3212/1892/28
f 3058/1865/26 3089/1871/26 3068/1871/26
f 3069/1870/25 3071/1851/25 3059/1851/25
f 3051/1881/28 3048/1893/28 3046/1879/28
f 3105/1894/28 3103/1895/28 3104/1896/28
f 3121/1897/141 3115/1898/141 3109/1897/141
f 3103/1895/142 3113/1899/142 3112/1895/142
f 3106/1899/143 3108/1900/143 3113/1899/143
f 3117/1901/28 3106/1899/28 3105/1894/28
f 3119/1902/28 3121/1897/28 3120/1903/28
f 3104/1896/28 3118/1898/28 3119/1902/28
f 3104/1896/144 3116/1902/144 3111/1896/144
f 3105/1894/144 3111/1896/144 3114/1894/144
f 3119/1902/145 3110/1903/145 3116/1902/145
f 3117/1901/146 3114/1894/146 3107/1901/146
f 3118/1898/142 3112/1895/142 3115/1898/142
f 3107/1901/30 3113/1899/30 3108/1900/30
f 3114/1894/30 3112/1895/30 3113/1899/30
f 3111/1896/30 3115/1898/30 3112/1895/30
f 3116/1902/30 3109/1897/30 3115/1898/30
f 3128/1904/25 3166/1905/25 3123/1906/25
f 3130/1907/26 3150/1908/26 3149/1909/26
f 3132/1910/26 3152/1911/26 3151/1912/26
f 3230/1913/30 3193/1914/30 3243/1914/30
f 3197/1915/25 3256/1916/25 3179/1917/25
f 3137/1918/26 3156/1919/26 3155/1920/26
f 3234/1921/30 3198/1922/30 3247/1922/30
f 3162/1923/28 3258/1924/28 3143/1924/28
f 3250/1925/28 3182/1926/28 3239/1926/28
f 3142/1927/26 3161/1928/26 3160/1929/26
f 3143/1924/26 3163/1930/26 3162/1923/26
f 3146/1931/26 3127/1831/26 3165/1932/26
f 3185/1909/25 3168/1933/25 3167/1907/25
f 3264/1934/25 3176/1935/25 3255/1936/25
f 3188/1937/25 3171/1938/25 3170/1939/25
f 3190/1940/25 3173/1913/25 3172/1941/25
f 3192/1920/25 3175/1942/25 3174/1918/25
f 3244/1943/28 3254/1944/28 3233/1944/28
f 3195/1945/25 3178/1921/25 3177/1946/25
f 3236/1947/30 3266/1948/30 3249/1948/30
f 3199/1929/25 3181/1949/25 3180/1927/25
f 3145/1950/30 3270/1930/30 3163/1930/30
f 3201/1925/25 3183/1951/25 3182/1926/25
f 3202/1932/25 3124/1952/25 3184/1931/25
f 3122/1906/26 3148/1953/26 3126/1904/26
f 3165/1932/28 3184/1931/28 3146/1931/28
f 3147/1951/30 3203/1954/30 3164/1954/30
f 3238/1955/26 3164/1954/26 3251/1956/26
f 3268/1957/25 3260/1958/25 3259/1959/25
f 3144/1949/30 3200/1928/30 3161/1928/30
f 3160/1929/28 3180/1927/28 3142/1927/28
f 3141/1917/26 3248/1960/26 3159/1915/26
f 3159/1915/28 3179/1917/28 3141/1917/28
f 3139/1946/26 3246/1961/26 3158/1945/26
f 3158/1945/28 3177/1946/28 3139/1946/28
f 3140/1935/30 3196/1962/30 3157/1962/30
f 3232/1963/26 3157/1962/26 3245/1964/26
f 3138/1942/30 3194/1919/30 3156/1919/30
f 3155/1920/28 3174/1918/28 3137/1918/28
f 3135/1941/26 3242/1965/26 3154/1940/26
f 3154/1940/28 3172/1941/28 3135/1941/28
f 3136/1938/30 3191/1966/30 3153/1966/30
f 3228/1967/26 3153/1966/26 3241/1968/26
f 3134/1969/30 3189/1911/30 3152/1911/30
f 3262/1970/25 3169/1969/25 3253/1971/25
f 3133/1933/30 3187/1908/30 3150/1908/30
f 3149/1909/28 3167/1907/28 3130/1907/28
f 3131/1905/30 3186/1953/30 3148/1953/30
f 3205/1883/147 3217/1877/147 3216/1972/147
f 3207/1885/148 3219/1855/148 3218/1973/148
f 3209/1887/35 3221/1857/35 3220/1974/35
f 3211/1889/35 3223/1859/35 3222/1975/35
f 3225/1891/41 3213/1864/41 3212/1892/41
f 3215/1890/35 3227/1869/35 3226/1976/35
f 3204/1878/26 3099/1877/26 3217/1877/26
f 3241/1968/35 3229/1939/35 3228/1967/35
f 3231/1977/38 3243/1914/38 3242/1965/38
f 3245/1964/35 3233/1944/35 3232/1963/35
f 3235/1978/38 3247/1922/38 3246/1961/38
f 3237/1979/38 3249/1948/38 3248/1960/38
f 3251/1956/35 3239/1926/35 3238/1955/35
f 3240/1937/28 3170/1939/28 3229/1939/28
f 3253/1971/41 3263/1912/41 3262/1970/41
f 3255/1936/41 3265/1943/41 3264/1934/41
f 3267/1980/40 3257/1947/40 3256/1916/40
f 3259/1959/41 3269/1923/41 3268/1957/41
f 3271/1981/40 3261/1950/40 3260/1958/40
f 3151/1912/28 3252/1910/28 3132/1910/28
f 3273/1829/59 3276/1830/59 3275/1829/59
f 3275/1829/25 3278/1831/25 3274/1832/25
f 3272/1832/26 3277/1830/26 3273/1829/26
f 3272/1832/60 3278/1831/60 3279/1831/60
f 3286/1982/59 3292/1983/59 3285/1982/59
f 3287/1984/60 3294/1985/60 3284/1984/60
f 3284/1984/26 3283/1986/26 3287/1984/26
f 3288/1987/25 3293/1983/25 3289/1987/25
f 3282/1986/28 3280/1988/28 3290/1989/28
f 3291/1989/30 3289/1987/30 3283/1986/30
f 3294/1985/28 3292/1983/28 3284/1984/28
f 3287/1984/30 3286/1982/30 3295/1985/30
f 3287/1984/30 3289/1987/30 3293/1983/30
f 3295/1985/30 3281/1988/30 3291/1989/30
f 3294/1985/28 3280/1988/28 3285/1982/28
f 3284/1984/28 3288/1987/28 3282/1986/28
f 3291/1989/59 3282/1986/59 3290/1989/59
f 3290/1989/25 3295/1985/25 3291/1989/25
f 3299/1990/28 3297/1991/28 3300/1992/28
f 3309/1993/135 3315/1994/135 3303/1994/135
f 3307/1992/136 3297/1991/136 3306/1991/136
f 3302/1995/137 3300/1992/137 3307/1992/137
f 3311/1996/28 3300/1992/28 3296/1995/28
f 3313/1997/28 3315/1994/28 3312/1993/28
f 3298/1998/28 3312/1993/28 3297/1991/28
f 3310/1997/138 3298/1998/138 3305/1998/138
f 3305/1998/138 3299/1990/138 3308/1990/138
f 3304/1999/139 3313/1997/139 3310/1997/139
f 3308/1990/140 3311/1996/140 3301/1996/140
f 3306/1991/136 3312/1993/136 3309/1993/136
f 3301/1996/30 3307/1992/30 3308/1990/30
f 3308/1990/30 3306/1991/30 3305/1998/30
f 3305/1998/30 3309/1993/30 3310/1997/30
f 3310/1997/30 3303/1994/30 3304/1999/30
f 3347/2000/30 3316/2001/30 3317/2002/30
f 3490/2003/25 3353/2004/25 3481/2004/25
f 3328/2005/28 3337/2006/28 3326/2007/28
f 3329/2008/28 3339/2009/28 3327/2010/28
f 3482/2011/26 3366/2012/26 3493/2012/26
f 3332/2013/28 3341/2014/28 3330/2015/28
f 3496/2016/25 3347/2000/25 3487/2000/25
f 3334/2017/28 3344/2018/28 3333/2019/28
f 3349/2019/30 3361/2020/30 3346/2017/30
f 3350/2021/30 3363/2022/30 3348/2023/30
f 3329/2008/26 3504/2024/26 3340/2024/26
f 3353/2004/30 3366/2012/30 3351/2011/30
f 3357/2007/30 3369/2025/30 3354/2005/30
f 3359/2026/30 3371/2027/30 3356/2028/30
f 3321/2029/30 3373/2030/30 3358/2031/30
f 3373/2030/26 3325/2031/26 3358/2031/26
f 3336/2032/25 3359/2026/25 3324/2026/25
f 3479/2033/28 3336/2032/28 3324/2026/28
f 3337/2006/25 3357/2007/25 3326/2007/25
f 3328/2005/26 3369/2025/26 3338/2025/26
f 3339/2009/25 3355/2010/25 3327/2010/25
f 3355/2010/30 3505/2034/30 3500/2035/30
f 3483/2036/28 3491/2037/28 3480/2038/28
f 3484/2023/26 3363/2022/26 3495/2022/26
f 3341/2014/25 3352/2015/25 3330/2015/25
f 3352/2015/30 3503/2039/30 3498/2040/30
f 3343/2041/25 3350/2021/25 3331/2021/25
f 3344/2018/25 3349/2019/25 3333/2019/25
f 3485/2042/28 3343/2041/28 3331/2021/28
f 3334/2017/26 3361/2020/26 3345/2020/26
f 3318/2002/28 3497/2043/28 3486/2044/28
f 3325/2031/28 3322/2045/28 3320/2029/28
f 3377/2046/28 3375/2047/28 3376/2048/28
f 3393/2049/141 3387/2050/141 3381/2049/141
f 3375/2047/142 3385/2051/142 3384/2047/142
f 3378/2051/143 3380/2052/143 3385/2051/143
f 3389/2053/28 3378/2051/28 3377/2046/28
f 3391/2054/28 3393/2049/28 3392/2055/28
f 3376/2048/28 3390/2050/28 3391/2054/28
f 3383/2048/144 3391/2054/144 3388/2054/144
f 3377/2046/144 3383/2048/144 3386/2046/144
f 3391/2054/145 3382/2055/145 3388/2054/145
f 3389/2053/146 3386/2046/146 3379/2053/146
f 3390/2050/142 3384/2047/142 3387/2050/142
f 3379/2053/30 3385/2051/30 3380/2052/30
f 3386/2046/30 3384/2047/30 3385/2051/30
f 3383/2048/30 3387/2050/30 3384/2047/30
f 3388/2054/30 3381/2049/30 3387/2050/30
f 3400/1832/25 3440/2056/25 3395/2057/25
f 3402/2058/26 3423/2059/26 3422/2060/26
f 3404/2061/26 3425/2062/26 3424/2063/26
f 3508/2064/30 3465/2065/30 3519/2065/30
f 3407/1941/26 3427/1914/26 3426/1940/26
f 3408/1918/26 3429/1919/26 3428/1920/26
f 3410/1944/26 3431/1962/26 3430/1943/26
f 3522/1923/28 3455/1924/28 3513/1924/28
f 3414/1917/26 3434/1948/26 3433/1915/26
f 3415/1927/26 3436/1928/26 3435/1929/26
f 3514/1950/30 3476/1930/30 3525/1930/30
f 3418/1926/26 3438/1954/26 3437/1925/26
f 3419/1931/26 3399/1831/26 3439/1932/26
f 3409/1913/30 3538/1914/30 3427/1914/30
f 3461/2063/25 3443/2066/25 3442/2061/25
f 3462/2067/25 3445/2064/25 3444/2068/25
f 3433/1915/28 3530/1917/28 3414/1917/28
f 3466/1920/25 3448/1942/25 3447/1918/25
f 3467/1943/25 3450/1935/25 3449/1944/25
f 3469/1945/25 3452/1921/25 3451/1946/25
f 3416/1947/30 3542/1948/30 3434/1948/30
f 3472/1929/25 3454/1949/25 3453/1927/25
f 3473/1923/25 3456/1950/25 3455/1924/25
f 3477/1932/25 3396/1952/25 3458/1931/25
f 3394/2057/26 3421/2069/26 3398/1832/26
f 3439/1932/28 3458/1931/28 3419/1931/28
f 3475/1925/25 3534/2070/25 3457/1926/25
f 3437/1925/28 3457/1926/28 3418/1926/28
f 3512/2071/26 3524/2072/26 3523/2073/26
f 3417/1949/30 3474/1928/30 3436/1928/30
f 3435/1929/28 3453/1927/28 3415/1927/28
f 3420/1951/30 3544/1954/30 3438/1954/30
f 3540/2074/25 3532/2075/25 3531/2076/25
f 3412/1946/26 3520/2077/26 3432/1945/26
f 3432/1945/28 3451/1946/28 3412/1946/28
f 3413/1935/30 3470/1962/30 3431/1962/30
f 3430/1943/28 3449/1944/28 3410/1944/28
f 3411/1942/30 3468/1919/30 3429/1919/30
f 3428/1920/28 3447/1918/28 3408/1918/28
f 3464/1940/25 3528/2078/25 3446/1941/25
f 3426/1940/28 3446/1941/28 3407/1941/28
f 3510/1921/30 3471/1922/30 3521/1922/30
f 3506/2079/26 3518/2080/26 3517/2081/26
f 3406/2066/30 3463/2062/30 3425/2062/30
f 3424/2063/28 3442/2061/28 3404/2061/28
f 3459/2060/25 3526/2082/25 3441/2058/25
f 3422/2060/28 3441/2058/28 3402/2058/28
f 3403/2056/30 3460/2069/30 3421/2069/30
f 3479/2033/35 3489/2027/35 3488/2083/35
f 3491/2037/41 3481/2004/41 3480/2038/41
f 3483/2036/35 3493/2012/35 3492/2084/35
f 3485/2042/35 3495/2022/35 3494/2085/35
f 3497/2043/41 3487/2000/41 3486/2044/41
f 3478/2028/26 3371/2027/26 3489/2027/26
f 3503/2039/38 3499/2013/38 3498/2040/38
f 3505/2034/38 3501/2008/38 3500/2035/38
f 3332/2013/26 3502/2086/26 3342/2086/26
f 3517/2081/35 3507/2068/35 3506/2079/35
f 3509/2087/38 3519/2065/38 3518/2080/38
f 3511/2088/38 3521/1922/38 3520/2077/38
f 3523/2073/35 3513/1924/35 3512/2071/35
f 3515/2089/38 3525/1930/38 3524/2072/38
f 3516/2067/28 3444/2068/28 3507/2068/28
f 3537/2090/40 3527/2091/40 3526/2082/40
f 3539/2092/40 3529/1913/40 3528/2078/40
f 3531/2076/41 3541/1915/41 3540/2074/41
f 3543/2093/40 3533/1947/40 3532/2075/40
f 3545/2094/40 3535/1951/40 3534/2070/40
f 3405/2091/30 3536/2059/30 3423/2059/30
f 3547/2095/59 3550/2096/59 3549/2095/59
f 3549/2095/25 3552/2097/25 3548/2098/25
f 3546/2098/26 3551/2096/26 3547/2095/26
f 3546/2098/60 3552/2097/60 3553/2097/60
f 3560/2099/59 3566/2100/59 3559/2099/59
f 3561/2101/60 3568/2102/60 3558/2101/60
f 3558/2101/26 3557/2103/26 3561/2101/26
f 3562/2104/25 3567/2100/25 3563/2104/25
f 3556/2103/28 3554/2105/28 3564/2106/28
f 3565/2106/30 3563/2104/30 3557/2103/30
f 3568/2102/28 3566/2100/28 3558/2101/28
f 3561/2101/30 3560/2099/30 3569/2102/30
f 3561/2101/30 3563/2104/30 3567/2100/30
f 3569/2102/30 3555/2105/30 3565/2106/30
f 3568/2102/28 3554/2105/28 3559/2099/28
f 3558/2101/28 3562/2104/28 3556/2103/28
f 3565/2106/59 3556/2103/59 3564/2106/59
f 3564/2106/25 3569/2102/25 3565/2106/25
f 3573/2107/28 3571/2108/28 3574/2109/28
f 3583/2110/135 3589/2111/135 3577/2111/135
f 3581/2109/136 3571/2108/136 3580/2108/136
f 3576/2112/137 3574/2109/137 3581/2109/137
f 3585/2113/28 3574/2109/28 3570/2112/28
f 3587/2114/28 3589/2111/28 3586/2110/28
f 3572/2115/28 3586/2110/28 3571/2108/28
f 3584/2114/138 3572/2115/138 3579/2115/138
f 3579/2115/138 3573/2107/138 3582/2107/138
f 3578/2116/139 3587/2114/139 3584/2114/139
f 3582/2107/140 3585/2113/140 3575/2113/140
f 3580/2108/136 3586/2110/136 3583/2110/136
f 3575/2113/30 3581/2109/30 3582/2107/30
f 3582/2107/30 3580/2108/30 3579/2115/30
f 3579/2115/30 3583/2110/30 3584/2114/30
f 3584/2114/30 3577/2111/30 3578/2116/30
f 3623/2117/30 3590/2118/30 3591/2119/30
f 3601/2120/28 3611/2121/28 3598/2122/28
f 3760/2123/26 3645/2124/26 3769/2124/26
f 3604/2125/28 3614/2126/28 3602/2127/28
f 3770/2128/25 3627/2129/25 3763/2129/25
f 3606/2130/28 3617/2131/28 3605/2132/28
f 3764/2133/26 3641/2134/26 3773/2134/26
f 3609/2135/28 3619/2136/28 3607/2137/28
f 3592/2119/28 3621/2138/28 3608/2117/28
f 3625/2137/30 3639/2139/30 3622/2135/30
f 3627/2129/30 3641/2134/30 3624/2133/30
f 3629/2132/30 3643/2140/30 3626/2130/30
f 3631/2141/30 3645/2124/30 3628/2123/30
f 3633/2127/30 3647/2142/30 3630/2125/30
f 3635/2143/30 3649/2144/30 3632/2145/30
f 3637/2122/30 3651/2146/30 3634/2120/30
f 3595/2147/30 3653/2148/30 3636/2149/30
f 3653/2148/26 3599/2149/26 3636/2149/26
f 3611/2121/25 3637/2122/25 3598/2122/25
f 3601/2120/26 3651/2146/26 3612/2146/26
f 3613/2150/25 3635/2143/25 3600/2143/25
f 3759/2151/28 3613/2150/28 3600/2143/28
f 3614/2126/25 3633/2127/25 3602/2127/25
f 3604/2125/26 3647/2142/26 3615/2142/26
f 3616/2152/25 3631/2141/25 3603/2141/25
f 3761/2153/28 3616/2152/28 3603/2141/28
f 3617/2131/25 3629/2132/25 3605/2132/25
f 3606/2130/26 3643/2140/26 3618/2140/26
f 3765/2154/28 3771/2155/28 3762/2156/28
f 3619/2136/25 3625/2137/25 3607/2137/25
f 3609/2135/26 3639/2139/26 3620/2139/26
f 3621/2138/25 3623/2117/25 3608/2117/25
f 3599/2149/28 3596/2157/28 3594/2147/28
f 3657/2158/28 3655/2159/28 3656/2160/28
f 3673/2161/141 3667/2162/141 3661/2161/141
f 3655/2159/142 3665/2163/142 3664/2159/142
f 3658/2163/143 3660/2164/143 3665/2163/143
f 3669/2165/28 3658/2163/28 3657/2158/28
f 3671/2166/28 3673/2161/28 3672/2167/28
f 3656/2160/28 3670/2162/28 3671/2166/28
f 3663/2160/144 3671/2166/144 3668/2166/144
f 3657/2158/144 3663/2160/144 3666/2158/144
f 3671/2166/145 3662/2167/145 3668/2166/145
f 3669/2165/146 3666/2158/146 3659/2165/146
f 3670/2162/142 3664/2159/142 3667/2162/142
f 3659/2165/30 3665/2163/30 3660/2164/30
f 3666/2158/30 3664/2159/30 3665/2163/30
f 3663/2160/30 3667/2162/30 3664/2159/30
f 3668/2166/30 3661/2161/30 3667/2162/30
f 3680/2098/25 3720/2056/25 3675/2057/25
f 3682/2058/26 3703/2168/26 3702/2169/26
f 3776/1969/30 3743/2170/30 3787/2170/30
f 3685/1939/26 3705/2171/26 3704/2172/26
f 3686/1941/26 3707/2173/26 3706/2174/26
f 3780/1921/30 3751/2175/30 3791/2175/30
f 3690/2176/26 3710/2177/26 3709/2178/26
f 3782/2179/30 3755/2180/30 3793/2180/30
f 3693/2181/26 3713/2182/26 3712/2183/26
f 3694/2184/26 3715/2185/26 3714/2186/26
f 3698/1926/26 3718/2187/26 3717/2188/26
f 3699/1931/26 3679/2097/26 3719/2189/26
f 3706/2174/28 3796/1941/28 3686/1941/28
f 3740/2190/25 3723/1969/25 3722/1910/25
f 3742/2172/25 3725/1938/25 3724/1939/25
f 3689/1913/30 3808/2173/30 3707/2173/30
f 3745/2191/25 3727/1942/25 3726/1918/25
f 3746/2178/25 3729/2192/25 3728/2176/25
f 3748/2193/25 3731/1921/25 3730/1946/25
f 3716/2194/28 3802/2195/28 3696/2195/28
f 3752/2186/25 3734/2196/25 3733/2184/25
f 3754/2188/25 3737/1951/25 3736/1926/25
f 3756/2189/25 3676/1952/25 3738/1931/25
f 3674/2057/26 3701/2197/26 3678/2098/26
f 3719/2189/28 3738/1931/28 3699/1931/28
f 3700/1951/30 3757/2187/30 3718/2187/30
f 3717/2188/28 3736/1926/28 3698/1926/28
f 3696/2195/26 3792/2198/26 3716/2194/26
f 3812/2199/25 3735/2179/25 3803/2200/25
f 3697/2196/30 3753/2185/30 3715/2185/30
f 3714/2186/28 3733/2184/28 3694/2184/28
f 3750/2183/25 3800/2201/25 3732/2181/25
f 3712/2183/28 3732/2181/28 3693/2181/28
f 3691/1946/26 3790/2202/26 3711/2193/26
f 3711/2193/28 3730/1946/28 3691/1946/28
f 3692/2192/30 3749/2177/30 3710/2177/30
f 3709/2178/28 3728/2176/28 3690/2176/28
f 3688/1918/26 3788/2203/26 3708/2191/26
f 3708/2191/28 3726/1918/28 3688/1918/28
f 3695/2204/30 3810/2182/30 3713/2182/30
f 3806/2205/25 3798/2206/25 3797/2207/25
f 3687/1938/30 3744/2171/30 3705/2171/30
f 3704/2172/28 3724/1939/28 3685/1939/28
f 3778/1942/30 3747/2208/30 3789/2208/30
f 3774/2209/26 3786/2210/26 3785/2211/26
f 3684/2091/30 3741/2168/30 3703/2168/30
f 3804/2212/25 3721/2091/25 3795/2213/25
f 3683/2056/30 3739/2197/30 3701/2197/30
f 3759/2151/35 3767/2144/35 3766/2214/35
f 3761/2153/35 3769/2124/35 3768/2215/35
f 3771/2155/41 3763/2129/41 3762/2156/41
f 3765/2154/35 3773/2134/35 3772/2216/35
f 3758/2145/26 3649/2144/26 3767/2144/26
f 3785/2211/35 3775/1910/35 3774/2209/35
f 3777/2217/38 3787/2170/38 3786/2210/38
f 3779/2218/38 3789/2208/38 3788/2203/38
f 3781/2219/38 3791/2175/38 3790/2202/38
f 3783/2220/38 3793/2180/38 3792/2198/38
f 3784/2190/28 3722/1910/28 3775/1910/28
f 3795/2213/41 3805/2169/41 3804/2212/41
f 3797/2207/41 3807/2174/41 3806/2205/41
f 3809/2221/40 3799/1913/40 3798/2206/40
f 3811/2222/40 3801/2204/40 3800/2201/40
f 3803/2200/41 3813/2194/41 3812/2199/41
f 3702/2169/28 3794/2058/28 3682/2058/28
f 3815/2223/59 3818/2224/59 3817/2223/59
f 3817/2223/25 3820/2225/25 3816/2226/25
f 3814/2226/60 3820/2225/60 3821/2225/60
f 3824/2227/25 3850/2228/25 3822/2229/25
f 3874/2230/25 3852/2231/25 3851/2232/25
f 3876/2233/25 3854/2234/25 3853/2235/25
f 3878/2236/25 3856/2237/25 3855/2238/25
f 3880/2239/25 3858/2240/25 3857/2241/25
f 3882/2242/25 3860/2243/25 3859/2244/25
f 3884/2245/25 3862/2246/25 3861/2247/25
f 3886/2248/25 3864/2249/25 3863/2250/25
f 3888/2251/25 3866/2252/25 3865/2253/25
f 3890/2254/25 3868/2255/25 3867/2256/25
f 3892/2257/25 3870/2258/25 3869/2259/25
f 3894/2260/25 3872/2261/25 3871/2262/25
f 3896/2263/25 3823/2264/25 3873/2265/25
f 3849/2266/149 3873/2265/149 3837/2267/149
f 3837/2267/150 3897/2268/150 3849/2266/150
f 3848/2269/149 3871/2262/149 3836/2270/149
f 3836/2271/150 3895/2272/150 3848/2273/150
f 3847/2274/149 3869/2259/149 3835/2275/149
f 3835/2276/150 3893/2277/150 3847/2073/150
f 3846/2278/149 3867/2256/149 3834/2279/149
f 3834/2279/150 3891/2280/150 3846/2278/150
f 3845/2281/149 3865/2253/149 3833/2282/149
f 3833/2283/150 3889/2284/150 3845/2285/150
f 3844/2286/149 3863/2250/149 3832/2287/149
f 3832/2287/150 3887/2288/150 3844/2286/150
f 3843/2289/149 3861/2247/149 3831/2290/149
f 3831/2291/150 3885/2292/150 3843/2293/150
f 3842/2294/149 3859/2244/149 3830/2295/149
f 3830/2295/150 3883/2296/150 3842/2294/150
f 3841/2297/149 3857/2241/149 3829/2298/149
f 3829/2299/150 3881/2300/150 3841/2301/150
f 3840/2302/149 3855/2238/149 3828/2303/149
f 3828/2304/150 3879/2305/150 3840/2306/150
f 3839/2307/149 3853/2235/149 3827/2308/149
f 3827/2308/150 3877/2309/150 3839/2307/150
f 3838/2310/149 3851/2232/149 3826/2311/149
f 3826/2312/150 3875/2313/150 3838/2314/150
f 3818/2224/30 3821/2225/30 3820/2225/30
f 3825/2225/30 3899/2264/30 3823/2264/30
f 3898/2225/26 3901/2315/26 3899/2264/26
f 3815/2223/26 3821/2225/26 3819/2224/26
f 3906/2316/59 3903/2317/59 3905/2317/59
f 3908/2318/25 3905/2317/25 3904/2319/25
f 3907/2316/26 3902/2319/26 3903/2317/26
f 3908/2318/60 3902/2319/60 3909/2318/60
f 3922/1834/59 3916/1833/59 3915/1833/59
f 3924/1836/60 3917/1835/60 3914/1835/60
f 3913/1837/26 3914/1835/26 3917/1835/26
f 3923/1834/25 3918/1838/25 3919/1838/25
f 3910/1839/30 3912/1837/30 3920/1840/30
f 3919/1838/28 3921/1840/28 3913/1837/28
f 3922/1834/30 3924/1836/30 3914/1835/30
f 3916/1833/28 3917/1835/28 3925/1836/28
f 3917/1835/28 3919/1838/28 3913/1837/28
f 3911/1839/28 3925/1836/28 3921/1840/28
f 3924/1836/30 3910/1839/30 3920/1840/30
f 3918/1838/30 3914/1835/30 3912/1837/30
f 3912/1837/59 3921/1840/59 3920/1840/59
f 3925/1836/25 3920/1840/25 3921/1840/25
f 3929/1841/30 3927/1842/30 3928/1849/30
f 3945/1845/135 3939/1844/135 3933/1845/135
f 3927/1842/136 3937/1843/136 3936/1842/136
f 3930/1843/137 3932/1846/137 3937/1843/137
f 3941/1847/30 3930/1843/30 3929/1841/30
f 3943/1848/30 3945/1845/30 3944/1850/30
f 3928/1849/30 3942/1844/30 3943/1848/30
f 3928/1849/138 3940/1848/138 3935/1849/138
f 3929/1841/138 3935/1849/138 3938/1841/138
f 3943/1848/139 3934/1850/139 3940/1848/139
f 3941/1847/140 3938/1841/140 3931/1847/140
f 3942/1844/136 3936/1842/136 3939/1844/136
f 3931/1847/28 3937/1843/28 3932/1846/28
f 3938/1841/28 3936/1842/28 3937/1843/28
f 3935/1849/28 3939/1844/28 3936/1842/28
f 3940/1848/28 3933/1845/28 3939/1844/28
f 3946/1852/28 3975/1851/28 3947/1853/28
f 4001/2320/26 4110/2321/26 4123/2320/26
f 3999/2322/26 4112/2323/26 4125/2322/26
f 3995/1859/26 4114/1858/26 4127/1859/26
f 3968/1861/30 3960/1860/30 3958/1862/30
f 3977/1864/25 4128/1863/25 4117/1864/25
f 3971/1866/30 3962/1865/30 3961/1867/30
f 3991/1869/26 4118/1868/26 4131/1869/26
f 3973/1870/30 3948/1853/30 3963/1851/30
f 3991/1869/28 3977/1864/28 3974/1868/28
f 3993/1871/28 3979/1867/28 3976/1865/28
f 3995/1859/28 3981/1872/28 3978/1858/28
f 3997/1873/28 3983/1862/28 3980/1860/28
f 3999/2322/28 3985/2324/28 3982/2323/28
f 4001/2320/28 3987/2325/28 3984/2321/28
f 4003/1877/28 3989/1876/28 3986/1878/28
f 4005/1880/28 3951/1879/28 3988/1881/28
f 3955/1881/26 4005/1880/26 3988/1881/26
f 3989/1876/25 3965/1882/25 3954/1876/25
f 3965/1882/30 4109/1883/30 3954/1876/30
f 3987/2325/25 3966/2326/25 3956/2325/25
f 3966/2326/30 4111/2327/30 3956/2325/30
f 3985/2324/25 3967/2328/25 3957/2324/25
f 3967/2328/30 4113/2329/30 3957/2324/30
f 3983/1862/25 3968/1861/25 3958/1862/25
f 3997/1873/26 3960/1860/26 3969/1873/26
f 3981/1872/25 3970/1888/25 3959/1872/25
f 3970/1888/30 4115/1889/30 3959/1872/30
f 3979/1867/25 3971/1866/25 3961/1867/25
f 4129/1891/30 4119/1890/30 4116/1892/30
f 3993/1871/26 3962/1865/26 3972/1871/26
f 3975/1851/25 3973/1870/25 3963/1851/25
f 3952/1893/30 3955/1881/30 3950/1879/30
f 4009/1894/30 4007/1895/30 4010/1899/30
f 4019/1898/141 4025/1897/141 4013/1897/141
f 4017/1899/142 4007/1895/142 4016/1895/142
f 4012/1900/143 4010/1899/143 4017/1899/143
f 4021/1901/30 4010/1899/30 4006/1900/30
f 4023/1902/30 4025/1897/30 4022/1898/30
f 4008/1896/30 4022/1898/30 4007/1895/30
f 4020/1902/144 4008/1896/144 4015/1896/144
f 4015/1896/144 4009/1894/144 4018/1894/144
f 4014/1903/145 4023/1902/145 4020/1902/145
f 4018/1894/146 4021/1901/146 4011/1901/146
f 4016/1895/142 4022/1898/142 4019/1898/142
f 4011/1901/28 4017/1899/28 4018/1894/28
f 4018/1894/28 4016/1895/28 4015/1896/28
f 4015/1896/28 4019/1898/28 4020/1902/28
f 4020/1902/28 4013/1897/28 4014/1903/28
f 4070/2330/25 4032/2319/25 4027/2331/25
f 4054/2332/26 4034/2333/26 4053/2334/26
f 4056/2335/26 4036/2336/26 4055/2337/26
f 4097/2338/28 4134/2339/28 4147/2338/28
f 4160/2340/25 4101/2341/25 4083/2342/25
f 4060/2343/26 4041/2344/26 4059/2345/26
f 4102/2346/28 4138/2347/28 4151/2346/28
f 4162/2348/30 4066/2349/30 4047/2348/30
f 4086/2350/30 4154/2351/30 4143/2350/30
f 4065/2352/26 4046/2353/26 4064/2354/26
f 4067/2355/26 4047/2348/26 4066/2349/26
f 4031/2318/26 4050/2356/26 4069/2357/26
f 4072/2358/25 4089/2334/25 4071/2333/25
f 4080/2359/25 4168/2360/25 4159/2361/25
f 4075/2362/25 4092/2363/25 4074/2364/25
f 4077/2339/25 4094/2365/25 4076/2366/25
f 4079/2367/25 4096/2345/25 4078/2344/25
f 4158/2368/30 4148/2369/30 4137/2368/30
f 4082/2347/25 4099/2370/25 4081/2371/25
f 4170/2372/28 4140/2373/28 4153/2372/28
f 4085/2374/25 4103/2354/25 4084/2353/25
f 4174/2355/28 4049/2375/28 4067/2355/28
f 4087/2376/25 4105/2351/25 4086/2350/25
f 4028/2377/25 4106/2357/25 4088/2356/25
f 4052/2378/26 4026/2331/26 4030/2319/26
f 4088/2356/30 4069/2357/30 4050/2356/30
f 4107/2379/28 4051/2376/28 4068/2379/28
f 4068/2379/26 4142/2380/26 4155/2381/26
f 4164/2382/25 4172/2383/25 4163/2384/25
f 4104/2352/28 4048/2374/28 4065/2352/28
f 4084/2353/30 4064/2354/30 4046/2353/30
f 4152/2385/26 4045/2342/26 4063/2341/26
f 4083/2342/30 4063/2341/30 4045/2342/30
f 4150/2386/26 4043/2371/26 4062/2370/26
f 4081/2371/30 4062/2370/30 4043/2371/30
f 4100/2387/28 4044/2359/28 4061/2387/28
f 4061/2387/26 4136/2388/26 4149/2389/26
f 4098/2343/28 4042/2367/28 4060/2343/28
f 4078/2344/30 4059/2345/30 4041/2344/30
f 4146/2390/26 4039/2366/26 4058/2365/26
f 4076/2366/30 4058/2365/30 4039/2366/30
f 4095/2391/28 4040/2362/28 4057/2391/28
f 4057/2391/26 4132/2392/26 4145/2393/26
f 4093/2335/28 4038/2394/28 4056/2335/28
f 4073/2394/25 4166/2395/25 4157/2396/25
f 4091/2332/28 4037/2358/28 4054/2332/28
f 4071/2333/30 4053/2334/30 4034/2333/30
f 4090/2378/28 4035/2330/28 4052/2378/28
f 4121/1877/151 4109/1883/151 4120/1972/151
f 4123/2320/152 4111/2327/152 4122/2397/152
f 4125/2322/38 4113/2329/38 4124/2398/38
f 4127/1859/38 4115/1889/38 4126/1975/38
f 4117/1864/40 4129/1891/40 4116/1892/40
f 4131/1869/38 4119/1890/38 4130/1976/38
f 4003/1877/26 4108/1878/26 4121/1877/26
f 4133/2364/38 4145/2393/38 4132/2392/38
f 4147/2338/35 4135/2399/35 4146/2390/35
f 4137/2368/38 4149/2389/38 4136/2388/38
f 4151/2346/35 4139/2400/35 4150/2386/35
f 4153/2372/35 4141/2401/35 4152/2385/35
f 4143/2350/38 4155/2381/38 4142/2380/38
f 4074/2364/30 4144/2363/30 4133/2364/30
f 4167/2337/40 4157/2396/40 4166/2395/40
f 4169/2369/40 4159/2361/40 4168/2360/40
f 4161/2373/41 4171/2402/41 4160/2340/41
f 4173/2349/40 4163/2384/40 4172/2383/40
f 4165/2375/41 4175/2403/41 4164/2382/41
f 4156/2336/30 4055/2337/30 4036/2336/30
f 4180/2316/59 4177/2317/59 4179/2317/59
f 4182/2318/25 4179/2317/25 4178/2319/25
f 4181/2316/26 4176/2319/26 4177/2317/26
f 4182/2318/60 4176/2319/60 4183/2318/60
f 4196/1983/59 4190/1982/59 4189/1982/59
f 4198/1985/60 4191/1984/60 4188/1984/60
f 4187/1986/26 4188/1984/26 4191/1984/26
f 4197/1983/25 4192/1987/25 4193/1987/25
f 4184/1988/30 4186/1986/30 4194/1989/30
f 4193/1987/28 4195/1989/28 4187/1986/28
f 4196/1983/30 4198/1985/30 4188/1984/30
f 4190/1982/28 4191/1984/28 4199/1985/28
f 4191/1984/28 4193/1987/28 4187/1986/28
f 4185/1988/28 4199/1985/28 4195/1989/28
f 4198/1985/30 4184/1988/30 4194/1989/30
f 4192/1987/30 4188/1984/30 4186/1986/30
f 4186/1986/59 4195/1989/59 4194/1989/59
f 4199/1985/25 4194/1989/25 4195/1989/25
f 4203/1990/30 4201/1991/30 4202/1998/30
f 4219/1994/135 4213/1993/135 4207/1994/135
f 4201/1991/136 4211/1992/136 4210/1991/136
f 4204/1992/137 4206/1995/137 4211/1992/137
f 4215/1996/30 4204/1992/30 4203/1990/30
f 4217/1997/30 4219/1994/30 4218/1999/30
f 4202/1998/30 4216/1993/30 4217/1997/30
f 4202/1998/138 4214/1997/138 4209/1998/138
f 4203/1990/138 4209/1998/138 4212/1990/138
f 4217/1997/139 4208/1999/139 4214/1997/139
f 4215/1996/140 4212/1990/140 4205/1996/140
f 4216/1993/136 4210/1991/136 4213/1993/136
f 4205/1996/28 4211/1992/28 4206/1995/28
f 4212/1990/28 4210/1991/28 4211/1992/28
f 4209/1998/28 4213/1993/28 4210/1991/28
f 4214/1997/28 4207/1994/28 4213/1993/28
f 4220/2001/28 4251/2000/28 4221/2002/28
f 4257/2404/25 4394/2405/25 4385/2404/25
f 4241/2406/30 4232/2407/30 4230/2408/30
f 4243/2409/30 4233/2410/30 4231/2411/30
f 4270/2412/26 4386/2413/26 4397/2412/26
f 4245/2014/30 4236/2013/30 4234/2015/30
f 4251/2000/25 4400/2016/25 4391/2000/25
f 4248/2018/30 4238/2017/30 4237/2019/30
f 4265/2020/28 4253/2019/28 4250/2017/28
f 4267/2022/28 4254/2021/28 4252/2023/28
f 4408/2414/26 4233/2410/26 4244/2414/26
f 4270/2412/28 4257/2404/28 4255/2413/28
f 4273/2415/28 4261/2408/28 4258/2407/28
f 4275/2416/28 4263/2417/28 4260/2418/28
f 4277/2419/28 4225/2420/28 4262/2421/28
f 4229/2421/26 4277/2419/26 4262/2421/26
f 4263/2417/25 4240/2422/25 4228/2417/25
f 4240/2422/30 4383/2423/30 4228/2417/30
f 4261/2408/25 4241/2406/25 4230/2408/25
f 4273/2415/26 4232/2407/26 4242/2415/26
f 4259/2411/25 4243/2409/25 4231/2411/25
f 4409/2424/28 4259/2411/28 4404/2425/28
f 4395/2426/30 4387/2427/30 4384/2428/30
f 4267/2022/26 4388/2023/26 4399/2022/26
f 4256/2015/25 4245/2014/25 4234/2015/25
f 4407/2039/28 4256/2015/28 4402/2040/28
f 4254/2021/25 4247/2041/25 4235/2021/25
f 4253/2019/25 4248/2018/25 4237/2019/25
f 4247/2041/30 4389/2042/30 4235/2021/30
f 4265/2020/26 4238/2017/26 4249/2020/26
f 4401/2043/30 4222/2002/30 4390/2044/30
f 4226/2429/30 4229/2421/30 4224/2420/30
f 4281/2046/30 4279/2047/30 4282/2051/30
f 4291/2050/141 4297/2049/141 4285/2049/141
f 4289/2051/142 4279/2047/142 4288/2047/142
f 4284/2052/143 4282/2051/143 4289/2051/143
f 4293/2053/30 4282/2051/30 4278/2052/30
f 4295/2054/30 4297/2049/30 4294/2050/30
f 4280/2048/30 4294/2050/30 4279/2047/30
f 4287/2048/144 4295/2054/144 4280/2048/144
f 4287/2048/144 4281/2046/144 4290/2046/144
f 4286/2055/145 4295/2054/145 4292/2054/145
f 4290/2046/146 4293/2053/146 4283/2053/146
f 4288/2047/142 4294/2050/142 4291/2050/142
f 4283/2053/28 4289/2051/28 4290/2046/28
f 4290/2046/28 4288/2047/28 4287/2048/28
f 4287/2048/28 4291/2050/28 4292/2054/28
f 4292/2054/28 4285/2049/28 4286/2055/28
f 4344/2330/25 4304/2319/25 4299/2331/25
f 4327/2332/26 4306/2333/26 4326/2334/26
f 4329/2335/26 4308/2336/26 4328/2337/26
f 4369/2430/28 4412/2431/28 4423/2430/28
f 4331/2432/26 4311/2433/26 4330/2434/26
f 4333/2435/26 4312/2436/26 4332/2437/26
f 4335/2387/26 4314/2368/26 4334/2369/26
f 4359/2438/30 4426/2439/30 4417/2438/30
f 4338/2440/26 4318/2441/26 4337/2442/26
f 4340/2443/26 4319/2444/26 4339/2445/26
f 4380/2446/28 4418/2447/28 4429/2446/28
f 4342/2448/26 4322/2449/26 4341/2450/26
f 4303/2451/26 4323/2452/26 4343/2453/26
f 4442/2432/28 4313/2454/28 4331/2432/28
f 4347/2394/25 4365/2337/25 4346/2336/25
f 4349/2431/25 4366/2455/25 4348/2456/25
f 4434/2441/30 4337/2442/30 4318/2441/30
f 4352/2457/25 4370/2437/25 4351/2436/25
f 4354/2359/25 4371/2369/25 4353/2368/25
f 4356/2458/25 4373/2459/25 4355/2460/25
f 4446/2440/28 4320/2461/28 4338/2440/28
f 4358/2462/25 4376/2445/25 4357/2444/25
f 4360/2447/25 4377/2439/25 4359/2438/25
f 4300/2463/25 4381/2453/25 4362/2452/25
f 4325/2378/26 4298/2331/26 4302/2319/26
f 4362/2452/30 4343/2453/30 4323/2452/30
f 4438/2464/25 4379/2450/25 4361/2449/25
f 4361/2449/30 4341/2450/30 4322/2449/30
f 4428/2465/26 4416/2466/26 4427/2467/26
f 4378/2443/28 4321/2462/28 4340/2443/28
f 4357/2444/30 4339/2445/30 4319/2444/30
f 4448/2448/28 4324/2468/28 4342/2448/28
f 4436/2469/25 4444/2470/25 4435/2471/25
f 4424/2472/26 4316/2460/26 4336/2459/26
f 4355/2460/30 4336/2459/30 4316/2460/30
f 4374/2387/28 4317/2359/28 4335/2387/28
f 4353/2368/30 4334/2369/30 4314/2368/30
f 4372/2435/28 4315/2457/28 4333/2435/28
f 4351/2436/30 4332/2437/30 4312/2436/30
f 4432/2473/25 4368/2434/25 4350/2433/25
f 4350/2433/30 4330/2434/30 4311/2433/30
f 4375/2474/28 4414/2458/28 4425/2474/28
f 4422/2475/26 4410/2476/26 4421/2477/26
f 4367/2335/28 4310/2394/28 4329/2335/28
f 4346/2336/30 4328/2337/30 4308/2336/30
f 4430/2478/25 4363/2334/25 4345/2333/25
f 4345/2333/30 4326/2334/30 4306/2333/30
f 4364/2378/28 4307/2330/28 4325/2378/28
f 4393/2416/38 4383/2423/38 4392/2479/38
f 4385/2404/40 4395/2426/40 4384/2428/40
f 4397/2412/38 4387/2427/38 4396/2480/38
f 4399/2022/38 4389/2042/38 4398/2085/38
f 4391/2000/40 4401/2043/40 4390/2044/40
f 4275/2416/26 4382/2418/26 4393/2416/26
f 4403/2013/35 4407/2039/35 4402/2040/35
f 4405/2410/35 4409/2424/35 4404/2425/35
f 4406/2086/26 4236/2013/26 4246/2086/26
f 4411/2456/38 4421/2477/38 4410/2476/38
f 4423/2430/35 4413/2481/35 4422/2475/35
f 4425/2474/35 4415/2482/35 4424/2472/35
f 4417/2438/38 4427/2467/38 4416/2466/38
f 4429/2446/35 4419/2483/35 4428/2465/35
f 4348/2456/30 4420/2455/30 4411/2456/30
f 4431/2358/41 4441/2484/41 4430/2478/41
f 4433/2454/41 4443/2485/41 4432/2473/41
f 4445/2442/40 4435/2471/40 4444/2470/40
f 4437/2461/41 4447/2486/41 4436/2469/41
f 4439/2468/41 4449/2487/41 4438/2464/41
f 4440/2332/28 4309/2358/28 4327/2332/28
f 4454/2488/59 4451/2489/59 4453/2489/59
f 4456/2490/25 4453/2489/25 4452/2491/25
f 4455/2488/26 4450/2491/26 4451/2489/26
f 4456/2490/60 4450/2491/60 4457/2490/60
f 4470/2100/59 4464/2099/59 4463/2099/59
f 4472/2102/60 4465/2101/60 4462/2101/60
f 4461/2103/26 4462/2101/26 4465/2101/26
f 4471/2100/25 4466/2104/25 4467/2104/25
f 4458/2105/30 4460/2103/30 4468/2106/30
f 4467/2104/28 4469/2106/28 4461/2103/28
f 4470/2100/30 4472/2102/30 4462/2101/30
f 4464/2099/28 4465/2101/28 4473/2102/28
f 4465/2101/28 4467/2104/28 4461/2103/28
f 4459/2105/28 4473/2102/28 4469/2106/28
f 4472/2102/30 4458/2105/30 4468/2106/30
f 4466/2104/30 4462/2101/30 4460/2103/30
f 4460/2103/59 4469/2106/59 4468/2106/59
f 4473/2102/25 4468/2106/25 4469/2106/25
f 4477/2107/30 4475/2108/30 4476/2115/30
f 4493/2111/135 4487/2110/135 4481/2111/135
f 4475/2108/136 4485/2109/136 4484/2108/136
f 4478/2109/137 4480/2112/137 4485/2109/137
f 4489/2113/30 4478/2109/30 4477/2107/30
f 4491/2114/30 4493/2111/30 4492/2116/30
f 4476/2115/30 4490/2110/30 4491/2114/30
f 4476/2115/138 4488/2114/138 4483/2115/138
f 4477/2107/138 4483/2115/138 4486/2107/138
f 4491/2114/139 4482/2116/139 4488/2114/139
f 4489/2113/140 4486/2107/140 4479/2113/140
f 4490/2110/136 4484/2108/136 4487/2110/136
f 4479/2113/28 4485/2109/28 4480/2112/28
f 4486/2107/28 4484/2108/28 4485/2109/28
f 4483/2115/28 4487/2110/28 4484/2108/28
f 4488/2114/28 4481/2111/28 4487/2110/28
f 4494/2118/28 4527/2117/28 4495/2119/28
f 4515/2121/30 4505/2120/30 4502/2122/30
f 4549/2124/26 4664/2123/26 4673/2124/26
f 4518/2492/30 4508/2493/30 4506/2494/30
f 4531/2495/25 4674/2496/25 4667/2495/25
f 4521/2497/30 4510/2498/30 4509/2499/30
f 4545/2500/26 4668/2501/26 4677/2500/26
f 4523/2136/30 4513/2135/30 4511/2137/30
f 4525/2138/30 4496/2119/30 4512/2117/30
f 4543/2139/28 4529/2137/28 4526/2135/28
f 4545/2500/28 4531/2495/28 4528/2501/28
f 4547/2502/28 4533/2499/28 4530/2498/28
f 4549/2124/28 4535/2141/28 4532/2123/28
f 4551/2503/28 4537/2494/28 4534/2493/28
f 4553/2504/28 4539/2505/28 4536/2506/28
f 4555/2146/28 4541/2122/28 4538/2120/28
f 4557/2148/28 4499/2147/28 4540/2149/28
f 4503/2149/26 4557/2148/26 4540/2149/26
f 4541/2122/25 4515/2121/25 4502/2122/25
f 4555/2146/26 4505/2120/26 4516/2146/26
f 4539/2505/25 4517/2507/25 4504/2505/25
f 4517/2507/30 4663/2508/30 4504/2505/30
f 4537/2494/25 4518/2492/25 4506/2494/25
f 4551/2503/26 4508/2493/26 4519/2503/26
f 4535/2141/25 4520/2152/25 4507/2141/25
f 4520/2152/30 4665/2153/30 4507/2141/30
f 4533/2499/25 4521/2497/25 4509/2499/25
f 4547/2502/26 4510/2498/26 4522/2502/26
f 4675/2509/30 4669/2510/30 4666/2511/30
f 4529/2137/25 4523/2136/25 4511/2137/25
f 4543/2139/26 4513/2135/26 4524/2139/26
f 4527/2117/25 4525/2138/25 4512/2117/25
f 4500/2157/30 4503/2149/30 4498/2147/30
f 4561/2158/30 4559/2159/30 4562/2163/30
f 4571/2162/141 4577/2161/141 4565/2161/141
f 4569/2163/142 4559/2159/142 4568/2159/142
f 4564/2164/143 4562/2163/143 4569/2163/143
f 4573/2165/30 4562/2163/30 4558/2164/30
f 4575/2166/30 4577/2161/30 4574/2162/30
f 4560/2160/30 4574/2162/30 4559/2159/30
f 4567/2160/144 4575/2166/144 4560/2160/144
f 4567/2160/144 4561/2158/144 4570/2158/144
f 4566/2167/145 4575/2166/145 4572/2166/145
f 4570/2158/146 4573/2165/146 4563/2165/146
f 4568/2159/142 4574/2162/142 4571/2162/142
f 4563/2165/28 4569/2163/28 4570/2158/28
f 4570/2158/28 4568/2159/28 4567/2160/28
f 4567/2160/28 4571/2162/28 4572/2166/28
f 4572/2166/28 4565/2161/28 4566/2167/28
f 4624/2512/25 4584/2513/25 4579/2514/25
f 4607/2515/26 4586/2516/26 4606/2517/26
f 4647/2518/28 4680/2519/28 4691/2518/28
f 4609/2520/26 4589/2456/26 4608/2521/26
f 4611/2522/26 4590/2433/26 4610/2523/26
f 4655/2524/28 4684/2458/28 4695/2524/28
f 4614/2525/26 4594/2526/26 4613/2527/26
f 4659/2528/28 4686/2447/28 4697/2528/28
f 4617/2529/26 4597/2441/26 4616/2530/26
f 4619/2531/26 4598/2444/26 4618/2532/26
f 4622/2533/26 4602/2449/26 4621/2534/26
f 4583/2490/26 4603/2356/26 4623/2535/26
f 4700/2433/30 4610/2523/30 4590/2433/30
f 4627/2519/25 4644/2536/25 4626/2537/25
f 4629/2431/25 4646/2521/25 4628/2456/25
f 4712/2522/28 4593/2454/28 4611/2522/28
f 4631/2367/25 4649/2538/25 4630/2344/25
f 4633/2539/25 4650/2527/25 4632/2526/25
f 4635/2458/25 4652/2540/25 4634/2460/25
f 4706/2438/30 4620/2541/30 4600/2438/30
f 4638/2462/25 4656/2532/25 4637/2444/25
f 4641/2468/25 4658/2534/25 4640/2449/25
f 4580/2377/25 4660/2535/25 4642/2356/25
f 4605/2542/26 4578/2514/26 4582/2513/26
f 4642/2356/30 4623/2535/30 4603/2356/30
f 4661/2533/28 4604/2468/28 4622/2533/28
f 4640/2449/30 4621/2534/30 4602/2449/30
f 4696/2543/26 4600/2438/26 4620/2541/26
f 4639/2447/25 4716/2544/25 4707/2545/25
f 4657/2531/28 4601/2462/28 4619/2531/28
f 4637/2444/30 4618/2532/30 4598/2444/30
f 4704/2546/25 4654/2530/25 4636/2441/25
f 4636/2441/30 4616/2530/30 4597/2441/30
f 4694/2547/26 4595/2460/26 4615/2540/26
f 4634/2460/30 4615/2540/30 4595/2460/30
f 4653/2525/28 4596/2539/28 4614/2525/28
f 4632/2526/30 4613/2527/30 4594/2526/30
f 4692/2548/26 4592/2344/26 4612/2538/26
f 4630/2344/30 4612/2538/30 4592/2344/30
f 4714/2529/28 4599/2461/28 4617/2529/28
f 4702/2549/25 4710/2550/25 4701/2551/25
f 4648/2520/28 4591/2431/28 4609/2520/28
f 4628/2456/30 4608/2521/30 4589/2456/30
f 4651/2552/28 4682/2367/28 4693/2552/28
f 4690/2553/26 4678/2554/26 4689/2555/26
f 4645/2515/28 4588/2556/28 4607/2515/28
f 4625/2556/25 4708/2557/25 4699/2558/25
f 4643/2542/28 4587/2512/28 4605/2542/28
f 4671/2504/38 4663/2508/38 4670/2559/38
f 4673/2124/38 4665/2153/38 4672/2215/38
f 4667/2495/40 4675/2509/40 4666/2511/40
f 4677/2500/38 4669/2510/38 4676/2560/38
f 4553/2504/26 4662/2506/26 4671/2504/26
f 4679/2537/38 4689/2555/38 4678/2554/38
f 4691/2518/35 4681/2561/35 4690/2553/35
f 4693/2552/35 4683/2562/35 4692/2548/35
f 4695/2524/35 4685/2563/35 4694/2547/35
f 4697/2528/35 4687/2564/35 4696/2543/35
f 4626/2537/30 4688/2536/30 4679/2537/30
f 4709/2517/40 4699/2558/40 4708/2557/40
f 4711/2523/40 4701/2551/40 4710/2550/40
f 4703/2454/41 4713/2565/41 4702/2549/41
f 4705/2461/41 4715/2566/41 4704/2546/41
f 4717/2541/40 4707/2545/40 4716/2544/40
f 4698/2516/30 4606/2517/30 4586/2516/30
f 4722/2567/59 4719/2568/59 4721/2568/59
f 4724/2569/25 4721/2568/25 4720/2570/25
f 4724/2569/60 4718/2570/60 4725/2569/60
f 4754/2571/25 4728/2570/25 4726/2572/25
f 4756/2573/25 4778/2574/25 4755/2575/25
f 4758/2576/25 4780/2577/25 4757/2578/25
f 4760/2579/25 4782/2580/25 4759/2581/25
f 4762/2582/25 4784/2583/25 4761/2584/25
f 4764/2585/25 4786/2586/25 4763/2587/25
f 4766/2588/25 4788/2589/25 4765/2590/25
f 4768/2591/25 4790/2592/25 4767/2593/25
f 4770/2594/25 4792/2595/25 4769/2596/25
f 4772/2597/25 4794/2598/25 4771/2599/25
f 4774/2600/25 4796/2601/25 4773/2602/25
f 4776/2603/25 4798/2604/25 4775/2605/25
f 4727/2606/25 4800/2607/25 4777/2608/25
f 4777/2608/150 4753/2609/150 4741/2610/150
f 4801/2611/149 4741/2610/149 4753/2609/149
f 4775/2605/150 4752/2612/150 4740/2613/150
f 4799/2614/149 4740/2615/149 4752/2616/149
f 4773/2602/150 4751/2467/150 4739/2617/150
f 4797/2618/149 4739/2619/149 4751/2620/149
f 4771/2599/150 4750/2621/150 4738/2622/150
f 4795/2623/149 4738/2622/149 4750/2621/149
f 4769/2596/150 4749/2624/150 4737/2625/150
f 4793/2626/149 4737/2627/149 4749/2628/149
f 4767/2593/150 4748/2629/150 4736/2630/150
f 4791/2631/149 4736/2632/149 4748/2633/149
f 4765/2590/150 4747/2634/150 4735/2635/150
f 4789/2636/149 4735/2635/149 4747/2634/149
f 4763/2587/150 4746/2637/150 4734/2638/150
f 4787/2639/149 4734/2640/149 4746/2641/149
f 4761/2584/150 4745/2642/150 4733/2643/150
f 4785/2644/149 4733/2645/149 4745/2646/149
f 4759/2581/150 4744/2647/150 4732/2648/150
f 4783/2649/149 4732/2648/149 4744/2647/149
f 4757/2578/150 4743/2650/150 4731/2651/150
f 4781/2652/149 4731/2653/149 4743/2654/149
f 4755/2575/150 4742/2655/150 4730/2656/150
f 4779/2657/149 4730/2658/149 4742/2659/149
f 4725/2569/28 4722/2567/28 4724/2569/28
f 4803/2606/28 4729/2569/28 4727/2606/28
f 4805/2572/26 4802/2569/26 4803/2606/26
f 4725/2569/26 4719/2568/26 4723/2567/26
f 4808/2660/28 4807/2661/28 4806/2662/28
f 4812/2661/30 4810/2660/30 4811/2662/30
f 4808/2660/59 4813/2663/59 4809/2663/59
f 4807/2661/60 4811/2662/60 4806/2662/60
f 4816/2664/60 4815/2665/60 4814/2664/60
f 4816/2664/28 4821/2666/28 4817/2665/28
f 4815/2665/30 4819/2667/30 4814/2664/30
f 4820/2666/59 4818/2667/59 4819/2667/59
f 4824/2668/60 4823/2669/60 4822/2668/60
f 4828/2670/59 4826/2671/59 4827/2671/59
f 4824/2668/28 4829/2670/28 4825/2669/28
f 4823/2669/30 4827/2671/30 4822/2668/30
f 4825/2669/25 4828/2670/25 4823/2669/25
f 4822/2668/26 4826/2671/26 4824/2668/26
f 4832/2669/28 4831/2665/28 4830/2672/28
f 4836/2665/30 4834/2669/30 4835/2672/30
f 4832/2669/25 4837/2673/25 4833/2673/25
f 4831/2665/26 4835/2672/26 4830/2672/26
f 4833/2673/60 4836/2665/60 4831/2665/60
f 4840/2674/28 4839/2675/28 4838/2668/28
f 4844/2675/30 4842/2674/30 4843/2668/30
f 4840/2674/25 4845/2664/25 4841/2664/25
f 4839/2675/26 4843/2668/26 4838/2668/26
f 4841/2664/60 4844/2675/60 4839/2675/60
f 4851/2676/30 4848/2677/30 4846/2678/30
f 4851/2676/30 4847/2666/30 4852/2679/30
f 4853/2680/30 4848/2677/30 4850/2681/30
f 4859/2676/28 4856/2677/28 4858/2681/28
f 4855/2666/28 4859/2676/28 4860/2679/28
f 4852/2679/30 4849/2682/30 4853/2680/30
f 4856/2677/28 4861/2680/28 4858/2681/28
f 4852/2679/59 4859/2676/59 4851/2676/59
f 4857/2682/28 4860/2679/28 4861/2680/28
f 4850/2681/25 4859/2676/25 4858/2681/25
f 4853/2680/26 4860/2679/26 4852/2679/26
f 4861/2680/60 4850/2681/60 4858/2681/60
f 4864/2683/28 4863/2684/28 4862/2685/28
f 4868/2684/30 4866/2683/30 4867/2685/30
f 4864/2683/59 4869/2686/59 4865/2686/59
f 4863/2684/60 4867/2685/60 4862/2685/60
f 4871/2661/30 4872/2660/30 4870/2662/30
f 4874/2660/28 4876/2661/28 4875/2662/28
f 4877/2663/59 4872/2660/59 4873/2663/59
f 4875/2662/60 4871/2661/60 4870/2662/60
f 4879/2687/60 4880/2688/60 4878/2688/60
f 4885/2689/30 4880/2688/30 4881/2687/30
f 4883/2678/28 4879/2687/28 4878/2688/28
f 4882/2678/59 4884/2689/59 4883/2678/59
f 4887/2669/60 4888/2668/60 4886/2668/60
f 4890/2671/59 4892/2670/59 4891/2671/59
f 4893/2670/30 4888/2668/30 4889/2669/30
f 4891/2671/28 4887/2669/28 4886/2668/28
f 4892/2670/25 4889/2669/25 4887/2669/25
f 4890/2671/26 4886/2668/26 4888/2668/26
f 4895/2687/30 4896/2669/30 4894/2672/30
f 4898/2669/28 4900/2687/28 4899/2672/28
f 4901/2690/25 4896/2669/25 4897/2690/25
f 4894/2672/26 4900/2687/26 4895/2687/26
f 4900/2687/60 4897/2690/60 4895/2687/60
f 4903/2675/30 4904/2674/30 4902/2668/30
f 4906/2674/28 4908/2675/28 4907/2668/28
f 4909/2688/25 4904/2674/25 4905/2688/25
f 4907/2668/26 4903/2675/26 4902/2668/26
f 4908/2675/60 4905/2688/60 4903/2675/60
f 4915/2676/28 4912/2677/28 4914/2681/28
f 4916/2679/28 4910/2678/28 4915/2676/28
f 4912/2677/28 4917/2680/28 4914/2681/28
f 4923/2676/30 4920/2677/30 4918/2678/30
f 4924/2679/30 4918/2678/30 4919/2689/30
f 4913/2682/28 4916/2679/28 4917/2680/28
f 4925/2680/30 4920/2677/30 4922/2681/30
f 4923/2676/59 4916/2679/59 4915/2676/59
f 4924/2679/30 4921/2682/30 4925/2680/30
f 4923/2676/25 4914/2681/25 4922/2681/25
f 4916/2679/26 4925/2680/26 4917/2680/26
f 4914/2681/60 4925/2680/60 4922/2681/60
f 4927/2691/30 4928/2692/30 4926/2693/30
f 4930/2692/28 4932/2691/28 4931/2693/28
f 4933/2694/59 4928/2692/59 4929/2694/59
f 4931/2693/60 4927/2691/60 4926/2693/60
f 4936/2695/28 4935/2696/28 4934/2697/28
f 4940/2696/30 4938/2695/30 4939/2697/30
f 4936/2695/59 4941/2698/59 4937/2698/59
f 4935/2696/60 4939/2697/60 4934/2697/60
f 4944/2699/60 4943/2700/60 4942/2699/60
f 4944/2699/28 4949/2701/28 4945/2700/28
f 4943/2700/30 4947/2702/30 4942/2699/30
f 4948/2701/59 4946/2702/59 4947/2702/59
f 4952/2703/60 4951/2704/60 4950/2703/60
f 4956/2705/59 4954/2706/59 4955/2706/59
f 4952/2703/28 4957/2705/28 4953/2704/28
f 4951/2704/30 4955/2706/30 4950/2703/30
f 4953/2704/25 4956/2705/25 4951/2704/25
f 4950/2703/26 4954/2706/26 4952/2703/26
f 4960/2704/28 4959/2700/28 4958/2707/28
f 4964/2700/30 4962/2704/30 4963/2707/30
f 4960/2704/25 4965/2708/25 4961/2708/25
f 4959/2700/26 4963/2707/26 4958/2707/26
f 4961/2708/60 4964/2700/60 4959/2700/60
f 4968/2709/28 4967/2710/28 4966/2703/28
f 4972/2710/30 4970/2709/30 4971/2703/30
f 4968/2709/25 4973/2699/25 4969/2699/25
f 4967/2710/26 4971/2703/26 4966/2703/26
f 4969/2699/60 4972/2710/60 4967/2710/60
f 4979/2711/30 4976/2712/30 4974/2702/30
f 4979/2711/30 4975/2701/30 4980/2713/30
f 4978/2714/30 4977/2715/30 4976/2712/30
f 4987/2711/28 4984/2712/28 4986/2714/28
f 4983/2701/28 4987/2711/28 4988/2713/28
f 4980/2713/30 4977/2715/30 4981/2716/30
f 4986/2714/28 4985/2715/28 4989/2716/28
f 4980/2713/59 4987/2711/59 4979/2711/59
f 4985/2715/28 4988/2713/28 4989/2716/28
f 4978/2714/25 4987/2711/25 4986/2714/25
f 4981/2716/26 4988/2713/26 4980/2713/26
f 4989/2716/60 4978/2714/60 4986/2714/60
f 4992/2717/28 4991/2718/28 4990/2719/28
f 4996/2718/30 4994/2717/30 4995/2719/30
f 4992/2717/59 4997/2720/59 4993/2720/59
f 4991/2718/60 4995/2719/60 4990/2719/60
f 4999/2696/30 5000/2695/30 4998/2697/30
f 5002/2695/28 5004/2696/28 5003/2697/28
f 5005/2698/59 5000/2695/59 5001/2698/59
f 5003/2697/60 4999/2696/60 4998/2697/60
f 5007/2700/60 5008/2699/60 5006/2699/60
f 5013/2701/30 5008/2699/30 5009/2700/30
f 5011/2702/28 5007/2700/28 5006/2699/28
f 5010/2702/59 5012/2701/59 5011/2702/59
f 5015/2704/60 5016/2703/60 5014/2703/60
f 5018/2706/59 5020/2705/59 5019/2706/59
f 5021/2705/30 5016/2703/30 5017/2704/30
f 5019/2706/28 5015/2704/28 5014/2703/28
f 5020/2705/25 5017/2704/25 5015/2704/25
f 5018/2706/26 5014/2703/26 5016/2703/26
f 5023/2700/30 5024/2704/30 5022/2707/30
f 5026/2704/28 5028/2700/28 5027/2707/28
f 5029/2708/25 5024/2704/25 5025/2708/25
f 5022/2707/26 5028/2700/26 5023/2700/26
f 5028/2700/60 5025/2708/60 5023/2700/60
f 5031/2710/30 5032/2709/30 5030/2703/30
f 5034/2709/28 5036/2710/28 5035/2703/28
f 5037/2699/25 5032/2709/25 5033/2699/25
f 5035/2703/26 5031/2710/26 5030/2703/26
f 5036/2710/60 5033/2699/60 5031/2710/60
f 5043/2711/28 5040/2712/28 5042/2714/28
f 5039/2701/28 5043/2711/28 5044/2713/28
f 5042/2714/28 5041/2715/28 5045/2716/28
f 5051/2711/30 5048/2712/30 5046/2702/30
f 5051/2711/30 5047/2701/30 5052/2713/30
f 5041/2715/28 5044/2713/28 5045/2716/28
f 5050/2714/30 5049/2715/30 5048/2712/30
f 5051/2711/59 5044/2713/59 5043/2711/59
f 5052/2713/30 5049/2715/30 5053/2716/30
f 5051/2711/25 5042/2714/25 5050/2714/25
f 5044/2713/26 5053/2716/26 5045/2716/26
f 5042/2714/60 5053/2716/60 5050/2714/60
f 5055/2718/30 5056/2717/30 5054/2719/30
f 5058/2717/28 5060/2718/28 5059/2719/28
f 5061/2720/59 5056/2717/59 5057/2720/59
f 5059/2719/60 5055/2718/60 5054/2719/60
f 5064/2721/28 5063/2722/28 5062/2723/28
f 5068/2722/30 5066/2721/30 5067/2723/30
f 5064/2721/59 5069/2724/59 5065/2724/59
f 5063/2722/60 5067/2723/60 5062/2723/60
f 5072/2725/60 5071/2726/60 5070/2725/60
f 5072/2725/28 5077/2727/28 5073/2726/28
f 5071/2726/30 5075/2728/30 5070/2725/30
f 5076/2727/59 5074/2728/59 5075/2728/59
f 5080/2729/60 5079/2730/60 5078/2729/60
f 5084/2731/59 5082/2732/59 5083/2732/59
f 5080/2729/28 5085/2731/28 5081/2730/28
f 5079/2730/30 5083/2732/30 5078/2729/30
f 5081/2730/25 5084/2731/25 5079/2730/25
f 5078/2729/26 5082/2732/26 5080/2729/26
f 5088/2730/28 5087/2726/28 5086/2733/28
f 5092/2726/30 5090/2730/30 5091/2733/30
f 5088/2730/25 5093/2734/25 5089/2734/25
f 5087/2726/26 5091/2733/26 5086/2733/26
f 5089/2734/60 5092/2726/60 5087/2726/60
f 5096/2735/28 5095/2736/28 5094/2729/28
f 5100/2736/30 5098/2735/30 5099/2729/30
f 5096/2735/25 5101/2725/25 5097/2725/25
f 5095/2736/26 5099/2729/26 5094/2729/26
f 5097/2725/60 5100/2736/60 5095/2736/60
f 5107/2737/30 5104/2738/30 5102/2728/30
f 5107/2737/30 5103/2727/30 5108/2739/30
f 5109/2740/30 5104/2738/30 5106/2741/30
f 5115/2737/28 5112/2738/28 5114/2741/28
f 5111/2727/28 5115/2737/28 5116/2739/28
f 5108/2739/30 5105/2742/30 5109/2740/30
f 5112/2738/28 5117/2740/28 5114/2741/28
f 5108/2739/59 5115/2737/59 5107/2737/59
f 5113/2742/28 5116/2739/28 5117/2740/28
f 5106/2741/25 5115/2737/25 5114/2741/25
f 5109/2740/26 5116/2739/26 5108/2739/26
f 5117/2740/60 5106/2741/60 5114/2741/60
f 5120/2743/28 5119/2744/28 5118/2745/28
f 5124/2744/30 5122/2743/30 5123/2745/30
f 5120/2743/59 5125/2746/59 5121/2746/59
f 5119/2744/60 5123/2745/60 5118/2745/60
f 5127/2722/30 5128/2721/30 5126/2723/30
f 5130/2721/28 5132/2722/28 5131/2723/28
f 5133/2724/59 5128/2721/59 5129/2724/59
f 5131/2723/60 5127/2722/60 5126/2723/60
f 5135/2726/60 5136/2725/60 5134/2725/60
f 5141/2727/30 5136/2725/30 5137/2726/30
f 5139/2728/28 5135/2726/28 5134/2725/28
f 5138/2728/59 5140/2727/59 5139/2728/59
f 5143/2730/60 5144/2729/60 5142/2729/60
f 5146/2732/59 5148/2731/59 5147/2732/59
f 5149/2731/30 5144/2729/30 5145/2730/30
f 5147/2732/28 5143/2730/28 5142/2729/28
f 5148/2731/25 5145/2730/25 5143/2730/25
f 5146/2732/26 5142/2729/26 5144/2729/26
f 5151/2726/30 5152/2730/30 5150/2733/30
f 5154/2730/28 5156/2726/28 5155/2733/28
f 5157/2734/25 5152/2730/25 5153/2734/25
f 5150/2733/26 5156/2726/26 5151/2726/26
f 5156/2726/60 5153/2734/60 5151/2726/60
f 5159/2736/30 5160/2735/30 5158/2729/30
f 5162/2735/28 5164/2736/28 5163/2729/28
f 5165/2725/25 5160/2735/25 5161/2725/25
f 5163/2729/26 5159/2736/26 5158/2729/26
f 5164/2736/60 5161/2725/60 5159/2736/60
f 5171/2737/28 5168/2738/28 5170/2741/28
f 5167/2727/28 5171/2737/28 5172/2739/28
f 5168/2738/28 5173/2740/28 5170/2741/28
f 5179/2737/30 5176/2738/30 5174/2728/30
f 5179/2737/30 5175/2727/30 5180/2739/30
f 5169/2742/28 5172/2739/28 5173/2740/28
f 5181/2740/30 5176/2738/30 5178/2741/30
f 5179/2737/59 5172/2739/59 5171/2737/59
f 5180/2739/30 5177/2742/30 5181/2740/30
f 5179/2737/25 5170/2741/25 5178/2741/25
f 5172/2739/26 5181/2740/26 5173/2740/26
f 5170/2741/60 5181/2740/60 5178/2741/60
f 5183/2744/30 5184/2743/30 5182/2745/30
f 5186/2743/28 5188/2744/28 5187/2745/28
f 5189/2746/59 5184/2743/59 5185/2746/59
f 5187/2745/60 5183/2744/60 5182/2745/60
f 5192/2747/28 5191/2748/28 5190/2749/28
f 5196/2748/30 5194/2747/30 5195/2749/30
f 5192/2747/59 5197/2750/59 5193/2750/59
f 5191/2748/60 5195/2749/60 5190/2749/60
f 5200/2751/60 5199/2752/60 5198/2751/60
f 5200/2751/28 5205/2753/28 5201/2752/28
f 5199/2752/30 5203/2754/30 5198/2751/30
f 5204/2753/59 5202/2754/59 5203/2754/59
f 5208/2755/60 5207/2756/60 5206/2755/60
f 5212/2757/59 5210/2758/59 5211/2758/59
f 5208/2755/28 5213/2757/28 5209/2756/28
f 5207/2756/30 5211/2758/30 5206/2755/30
f 5209/2756/25 5212/2757/25 5207/2756/25
f 5206/2755/26 5210/2758/26 5208/2755/26
f 5216/2756/28 5215/2752/28 5214/2759/28
f 5220/2752/30 5218/2756/30 5219/2759/30
f 5216/2756/25 5221/2760/25 5217/2760/25
f 5215/2752/26 5219/2759/26 5214/2759/26
f 5217/2760/60 5220/2752/60 5215/2752/60
f 5224/2761/28 5223/2762/28 5222/2755/28
f 5228/2762/30 5226/2761/30 5227/2755/30
f 5224/2761/25 5229/2751/25 5225/2751/25
f 5223/2762/26 5227/2755/26 5222/2755/26
f 5225/2751/60 5228/2762/60 5223/2762/60
f 5235/2763/30 5232/2764/30 5230/2765/30
f 5235/2763/30 5231/2753/30 5236/2766/30
f 5237/2767/30 5232/2764/30 5234/2768/30
f 5243/2763/28 5240/2764/28 5242/2768/28
f 5239/2753/28 5243/2763/28 5244/2766/28
f 5240/2764/28 5245/2767/28 5242/2768/28
f 5236/2766/59 5243/2763/59 5235/2763/59
f 5236/2766/30 5233/2769/30 5237/2767/30
f 5234/2768/25 5243/2763/25 5242/2768/25
f 5241/2769/28 5244/2766/28 5245/2767/28
f 5245/2767/60 5234/2768/60 5242/2768/60
f 5237/2767/26 5244/2766/26 5236/2766/26
f 5252/2770/30 5250/2771/30 5251/2772/30
f 5248/2771/59 5253/2773/59 5249/2773/59
f 5247/2770/60 5251/2772/60 5246/2772/60
f 5248/2771/28 5247/2770/28 5246/2772/28
f 5255/2748/30 5256/2747/30 5254/2749/30
f 5258/2747/28 5260/2748/28 5259/2749/28
f 5261/2750/59 5256/2747/59 5257/2750/59
f 5259/2749/60 5255/2748/60 5254/2749/60
f 5263/2752/60 5264/2774/60 5262/2774/60
f 5269/2753/30 5264/2774/30 5265/2752/30
f 5267/2765/28 5263/2752/28 5262/2774/28
f 5266/2765/59 5268/2753/59 5267/2765/59
f 5271/2756/60 5272/2755/60 5270/2755/60
f 5274/2758/59 5276/2757/59 5275/2758/59
f 5277/2757/30 5272/2755/30 5273/2756/30
f 5275/2758/28 5271/2756/28 5270/2755/28
f 5276/2757/25 5273/2756/25 5271/2756/25
f 5274/2758/26 5270/2755/26 5272/2755/26
f 5279/2752/30 5280/2756/30 5278/2759/30
f 5282/2756/28 5284/2752/28 5283/2759/28
f 5285/2760/25 5280/2756/25 5281/2760/25
f 5283/2759/26 5279/2752/26 5278/2759/26
f 5284/2752/60 5281/2760/60 5279/2752/60
f 5287/2762/30 5288/2761/30 5286/2755/30
f 5290/2761/28 5292/2762/28 5291/2755/28
f 5293/2774/25 5288/2761/25 5289/2774/25
f 5291/2755/26 5287/2762/26 5286/2755/26
f 5292/2762/60 5289/2774/60 5287/2762/60
f 5299/2763/28 5296/2764/28 5298/2768/28
f 5300/2766/28 5294/2765/28 5299/2763/28
f 5296/2764/28 5301/2767/28 5298/2768/28
f 5307/2763/30 5304/2764/30 5302/2765/30
f 5308/2766/30 5302/2765/30 5303/2753/30
f 5309/2767/30 5304/2764/30 5306/2768/30
f 5307/2763/59 5300/2766/59 5299/2763/59
f 5297/2769/28 5300/2766/28 5301/2767/28
f 5306/2768/25 5299/2763/25 5298/2768/25
f 5308/2766/30 5305/2769/30 5309/2767/30
f 5306/2768/60 5301/2767/60 5309/2767/60
f 5308/2766/26 5301/2767/26 5300/2766/26
f 5314/2775/28 5316/2770/28 5315/2776/28
f 5317/2773/59 5312/2775/59 5313/2773/59
f 5315/2776/60 5311/2770/60 5310/2776/60
f 5311/2770/30 5312/2775/30 5310/2776/30
f 5319/2777/59 5320/2778/59 5318/2779/59
f 5325/2780/30 5328/2781/30 5323/2780/30
f 5324/2782/25 5329/2781/25 5325/2780/25
f 5323/2780/26 5327/2783/26 5322/2782/26
f 5333/2780/30 5336/2781/30 5331/2780/30
f 5332/2782/25 5337/2781/25 5333/2780/25
f 5331/2780/26 5335/2783/26 5330/2782/26
f 5343/2780/30 5345/2781/30 5339/2780/30
f 5340/2782/25 5344/2781/25 5343/2780/25
f 5339/2780/26 5342/2783/26 5338/2782/26
f 5327/2783/28 5324/2782/28 5322/2782/28
f 5335/2783/28 5332/2782/28 5330/2782/28
f 5342/2783/28 5340/2782/28 5338/2782/28
f 1380/1046/60 1377/1045/60 1376/1045/60
f 216/77/25 222/253/25 223/78/25
f 111/80/25 112/96/25 157/81/25
f 130/83/25 135/478/25 134/84/25
f 128/86/25 133/161/25 132/87/25
f 194/89/25 195/223/25 262/90/25
f 181/2784/26 180/2785/26 586/2786/26
f 181/2784/26 586/2786/26 582/92/26
f 577/2787/26 175/2788/26 580/93/26
f 175/2788/26 177/94/26 580/93/26
f 181/2784/26 582/92/26 177/94/26
f 117/95/26 145/115/26 141/81/26
f 611/97/25 571/249/25 203/98/25
f 126/100/25 131/178/25 113/101/25
f 155/103/25 148/2789/25 151/104/25
f 284/106/28 317/106/28 310/107/28
f 120/109/26 119/2790/26 124/110/26
f 218/112/25 224/224/25 225/113/25
f 118/116/26 105/246/26 137/2791/26
f 137/2791/26 145/115/26 118/116/26
f 153/117/25 146/2792/25 149/118/25
f 161/120/25 168/2793/25 167/121/25
f 159/123/25 166/2794/25 102/124/25
f 147/126/25 152/2795/25 109/127/25
f 163/129/25 170/2796/25 169/130/25
f 165/132/25 172/2797/25 171/133/25
f 254/135/26 189/189/26 188/136/26
f 104/124/26 182/2794/26 178/138/26
f 263/237/25 264/236/25 587/140/25
f 264/236/25 588/235/25 587/140/25
f 583/489/25 258/490/25 575/141/25
f 258/490/25 255/142/25 575/141/25
f 263/237/25 587/140/25 255/142/25
f 238/143/26 192/196/26 191/144/26
f 213/146/26 214/218/26 211/147/26
f 1193/149/28 338/149/28 335/150/28
f 260/153/25 257/238/25 579/2798/25
f 257/238/25 584/239/25 579/2798/25
f 589/491/25 265/492/25 266/152/25
f 260/153/25 579/2798/25 581/151/25
f 581/151/25 589/491/25 266/152/25
f 197/154/25 196/244/25 221/143/25
f 429/156/29 572/442/29 612/157/29
f 201/212/25 202/248/25 568/2799/25
f 202/248/25 571/249/25 568/2799/25
f 557/160/25 205/218/25 206/146/25
f 201/212/25 568/2799/25 206/146/25
f 568/2799/25 553/159/25 206/146/25
f 128/86/28 1186/86/28 1189/161/28
f 236/162/26 237/214/26 232/163/26
f 319/165/25 320/276/25 309/166/25
f 140/114/30 220/114/30 225/113/30
f 217/169/25 187/2800/25 199/168/25
f 199/168/25 197/154/25 226/155/25
f 234/113/26 235/224/26 230/170/26
f 248/172/26 249/229/26 242/173/26
f 184/175/26 247/190/26 240/176/26
f 126/100/28 1184/100/28 1187/178/28
f 250/179/26 251/230/26 244/180/26
f 252/182/26 253/231/26 246/183/26
f 298/185/30 323/185/30 324/186/30
f 261/187/25 268/190/25 186/175/25
f 103/188/30 185/188/30 186/175/30
f 107/136/28 188/136/28 189/189/28
f 182/190/28 268/190/28 261/187/28
f 117/154/31 197/154/31 199/168/31
f 113/191/30 193/191/30 190/192/30
f 1181/193/26 233/225/26 228/194/26
f 111/144/28 191/144/28 192/196/28
f 136/197/30 215/197/30 210/198/30
f 302/199/28 267/199/28 259/200/28
f 259/200/25 267/199/25 325/201/25
f 116/196/153 196/244/153 197/154/153
f 275/108/26 274/257/26 116/96/26
f 122/204/30 554/205/30 556/205/30
f 313/206/25 314/272/25 207/207/25
f 574/260/26 278/259/26 569/211/26
f 278/259/26 277/209/26 569/211/26
f 282/210/26 281/477/26 554/476/26
f 282/210/26 554/476/26 555/2801/26
f 282/210/26 555/2801/26 569/211/26
f 276/212/30 201/212/30 206/146/30
f 119/208/30 200/208/30 207/207/30
f 193/191/26 1188/944/26 1183/213/26
f 151/163/28 232/163/28 237/214/28
f 212/215/26 1190/947/26 1185/216/26
f 132/215/30 212/215/30 208/217/30
f 130/147/28 211/147/28 214/218/28
f 134/146/30 213/146/30 209/148/30
f 143/117/26 142/119/26 138/219/26
f 137/169/30 217/169/30 226/155/30
f 115/127/26 144/247/26 139/221/26
f 288/79/30 219/79/30 223/78/30
f 271/223/28 195/223/28 194/89/28
f 142/224/28 224/224/28 218/112/28
f 145/155/30 226/155/30 221/143/30
f 173/135/30 254/135/30 245/137/30
f 153/113/30 234/113/30 227/171/30
f 147/194/28 228/194/28 233/225/28
f 155/162/30 236/162/30 229/164/30
f 149/170/28 230/170/28 235/224/28
f 157/143/30 238/143/30 231/145/30
f 159/176/28 240/176/28 247/190/28
f 398/226/25 333/2802/25 332/227/25
f 161/173/28 242/173/28 249/229/28
f 167/172/30 248/172/30 239/174/30
f 163/180/28 244/180/28 251/230/28
f 169/179/30 250/179/30 241/181/30
f 165/183/28 246/183/28 253/231/28
f 171/182/30 252/182/30 243/184/30
f 174/232/26 176/2803/26 578/2804/26
f 176/2803/26 576/2805/26 578/2804/26
f 585/2806/26 180/2796/26 590/233/26
f 180/2796/26 179/234/26 590/233/26
f 174/232/26 578/2804/26 590/233/26
f 180/230/154 585/235/154 588/235/154
f 179/237/28 263/237/28 255/142/28
f 177/153/30 260/153/30 266/152/30
f 175/238/28 577/239/28 584/239/28
f 304/240/26 303/268/26 296/241/26
f 116/196/155 273/243/155 198/243/155
f 311/245/25 316/274/25 196/244/25
f 123/111/28 315/111/28 312/109/28
f 118/116/28 199/116/28 187/246/28
f 144/247/28 321/247/28 318/221/28
f 279/248/34 574/249/34 571/249/34
f 292/250/26 291/262/26 286/251/26
f 294/91/30 256/91/30 262/90/30
f 290/253/28 222/253/28 216/77/28
f 272/254/35 271/2807/35 270/255/35
f 277/209/38 276/2808/38 283/84/38
f 291/262/35 290/2809/35 287/263/35
f 289/252/38 288/2810/38 293/264/38
f 295/265/38 294/2811/38 301/266/38
f 303/268/35 302/2812/35 297/269/35
f 299/242/38 298/185/38 305/186/38
f 269/256/26 295/265/26 300/267/26
f 308/270/40 307/2813/40 306/167/40
f 312/271/41 315/2814/41 314/272/41
f 310/273/41 317/2815/41 316/274/41
f 318/275/42 321/225/42 320/276/42
f 324/277/40 323/2816/40 322/202/40
f 114/222/30 307/222/30 308/127/30
f 444/278/25 447/411/25 451/279/25
f 382/281/25 337/2817/25 336/282/25
f 359/284/25 360/482/25 355/285/25
f 357/287/25 358/438/25 353/288/25
f 420/290/25 480/449/25 486/291/25
f 402/293/26 400/2818/26 602/2819/26
f 400/2818/26 604/2820/26 602/2819/26
f 598/2821/26 406/2822/26 407/295/26
f 402/293/26 602/2819/26 596/294/26
f 596/294/26 598/2821/26 407/295/26
f 342/296/26 341/2817/26 366/281/26
f 338/149/25 356/303/25 351/298/25
f 380/299/25 381/2823/25 376/300/25
f 537/302/30 544/303/30 511/303/30
f 345/304/26 348/438/26 349/287/26
f 446/306/25 448/359/25 453/307/25
f 362/310/26 330/439/26 343/309/26
f 343/309/26 342/296/26 370/297/26
f 378/311/25 379/2824/25 374/312/25
f 392/314/25 393/2825/25 386/315/25
f 327/317/25 391/330/25 384/318/25
f 334/320/25 377/410/25 372/321/25
f 394/323/25 395/2826/25 388/324/25
f 396/326/25 397/2827/25 390/327/25
f 329/317/26 328/2828/26 403/329/26
f 479/331/25 482/494/25 599/2829/25
f 482/494/25 605/493/25 599/2829/25
f 593/427/25 488/426/25 591/332/25
f 488/426/25 487/333/25 591/332/25
f 479/331/25 599/2829/25 591/332/25
f 418/334/26 419/387/26 466/335/26
f 438/337/26 443/404/26 442/338/26
f 437/340/26 441/403/26 440/341/26
f 606/430/25 481/429/25 601/344/25
f 481/429/25 484/345/25 601/344/25
f 490/428/25 489/496/25 594/495/25
f 490/428/25 594/495/25 595/343/25
f 490/428/25 595/343/25 484/345/25
f 423/346/25 454/360/25 449/335/25
f 573/441/25 428/440/25 567/349/25
f 428/440/25 427/348/25 567/349/25
f 432/338/25 431/404/25 561/488/25
f 432/338/25 561/488/25 560/2830/25
f 432/338/25 560/2830/25 567/349/25
f 1198/350/26 1195/951/26 1100/351/26
f 464/353/26 457/416/26 460/354/26
f 546/356/25 533/467/25 536/357/25
f 453/307/28 448/359/28 365/359/28
f 425/361/25 413/2831/25 445/408/25
f 445/408/25 454/360/25 425/361/25
f 462/362/26 455/414/26 458/363/26
f 469/365/26 475/417/26 474/366/26
f 468/368/26 473/380/26 410/369/26
f 456/371/26 461/415/26 417/372/26
f 1205/226/28 398/226/28 389/228/28
f 472/374/26 478/422/26 477/375/26
f 551/377/28 550/378/28 525/378/28
f 485/379/25 411/381/25 412/369/25
f 412/369/28 411/381/28 328/381/28
f 415/382/30 332/382/30 333/383/30
f 485/379/30 492/380/30 408/380/30
f 425/361/43 423/346/43 342/346/43
f 435/384/26 439/402/26 1194/385/26
f 414/373/28 417/372/28 334/372/28
f 419/387/30 418/334/30 336/334/30
f 1203/323/28 394/323/28 385/325/28
f 483/388/30 491/389/30 529/389/30
f 483/388/25 549/473/25 552/390/25
f 423/346/156 422/347/156 341/387/156
f 501/391/26 512/458/26 497/392/26
f 430/394/28 559/395/28 558/395/28
f 540/396/25 426/401/25 433/341/25
f 504/457/26 505/454/26 566/2832/26
f 505/454/26 570/456/26 566/2832/26
f 564/399/26 508/483/26 509/400/26
f 504/457/26 566/2832/26 509/400/26
f 566/2832/26 565/398/26 509/400/26
f 432/338/28 427/348/28 503/348/28
f 433/341/28 426/401/28 344/401/28
f 439/402/30 435/384/30 351/384/30
f 460/354/30 376/354/30 381/355/30
f 441/403/30 437/340/30 353/340/30
f 440/341/28 357/341/28 350/342/28
f 443/404/30 438/337/30 355/337/30
f 442/338/28 359/338/28 352/339/28
f 363/405/26 367/2833/26 368/406/26
f 454/360/28 445/408/28 362/408/28
f 340/320/26 339/475/26 364/409/26
f 451/279/28 447/411/28 515/411/28
f 420/290/30 421/292/30 495/292/30
f 446/306/30 452/308/30 367/308/30
f 449/335/28 454/360/28 370/360/28
f 415/382/26 416/383/26 1206/412/26
f 455/414/28 462/362/28 378/362/28
f 456/371/30 372/371/30 377/415/30
f 457/416/28 464/353/28 380/353/28
f 458/363/30 374/363/30 379/364/30
f 459/336/28 466/335/28 382/335/28
f 473/380/30 468/368/30 384/368/30
f 475/417/30 469/365/30 386/365/30
f 474/366/28 392/366/28 383/367/28
f 476/418/30 471/419/30 388/419/30
f 471/419/26 476/418/26 1204/420/26
f 478/422/30 472/374/30 390/374/30
f 477/375/28 396/375/28 387/376/28
f 404/2834/26 405/2835/26 592/423/26
f 405/2835/26 597/2836/26 592/423/26
f 603/2837/26 401/2838/26 600/424/26
f 401/2838/26 399/425/26 600/424/26
f 404/2834/26 592/423/26 399/425/26
f 488/426/28 593/427/28 597/427/28
f 479/331/30 487/333/30 404/333/30
f 490/428/28 484/345/28 402/345/28
f 481/429/30 606/430/30 604/430/30
f 523/431/26 530/466/26 531/432/26
f 422/347/157 424/434/157 499/434/157
f 538/436/25 424/434/25 422/347/25
f 539/304/30 542/438/30 348/438/30
f 413/439/30 425/309/30 343/309/30
f 545/409/30 548/410/30 369/410/30
f 506/440/30 428/440/30 573/441/30
f 513/443/26 518/460/26 519/444/26
f 610/446/26 570/456/26 346/447/26
f 486/291/28 480/449/28 521/449/28
f 444/278/30 450/280/30 517/280/30
f 494/450/38 495/2839/38 496/451/38
f 498/453/158 499/2840/158 500/393/158
f 510/284/35 503/2841/35 504/457/35
f 502/302/38 511/303/38 512/458/38
f 514/459/38 517/2842/38 518/460/38
f 520/461/35 515/2843/35 516/445/35
f 528/462/35 521/2844/35 522/463/35
f 524/465/38 529/2845/38 530/466/38
f 532/377/35 525/378/35 526/433/35
f 493/452/26 496/451/26 527/464/26
f 535/372/41 536/357/41 533/467/41
f 539/469/40 540/396/40 541/397/40
f 537/470/40 538/436/40 543/437/40
f 545/471/40 546/356/40 547/358/40
f 551/472/41 552/390/41 549/473/41
f 535/320/28 534/475/28 339/475/28
f 557/160/159 554/2846/159 280/218/159
f 572/442/28 429/156/28 346/156/28
f 1094/479/25 559/395/25 430/394/25
f 508/483/38 564/399/38 563/2847/38
f 563/2847/38 562/481/38 508/483/38
f 1093/484/25 1089/862/25 204/204/25
f 574/249/30 121/98/30 203/98/30
f 1092/485/26 554/2848/26 122/486/26
f 561/488/30 431/404/30 507/404/30
f 583/489/30 576/489/30 176/490/30
f 586/491/28 180/492/28 265/492/28
f 605/493/28 482/494/28 401/494/28
f 594/495/30 489/496/30 406/496/30
f 607/99/49 608/158/49 612/157/49
f 121/497/26 574/260/26 1086/498/26
f 1084/99/28 1085/97/28 611/97/28
f 739/500/25 720/501/25 674/501/25
f 741/503/25 722/504/25 675/504/25
f 996/506/26 995/506/26 762/507/26
f 744/508/50 705/2849/50 680/509/50
f 649/510/30 648/2850/30 623/511/30
f 1112/513/25 1113/514/25 987/514/25
f 652/2851/30 651/833/30 983/516/30
f 651/833/30 990/832/30 983/516/30
f 996/506/30 626/507/30 981/517/30
f 626/507/30 628/518/30 981/517/30
f 652/2851/30 983/516/30 628/518/30
f 746/519/26 708/2852/26 684/520/26
f 655/521/30 654/2853/30 629/522/30
f 748/524/26 714/2854/26 690/525/26
f 660/526/30 659/2855/30 634/527/30
f 641/529/25 773/529/25 788/530/25
f 638/533/30 640/2856/30 1065/2857/30
f 640/2856/30 1068/2858/30 1065/2857/30
f 1064/2859/30 663/2860/30 1061/531/30
f 663/2860/30 662/532/30 1061/531/30
f 638/533/30 1065/2857/30 1061/531/30
f 617/534/30 642/2861/30 615/535/30
f 980/826/28 673/827/28 976/538/28
f 673/827/28 671/539/28 976/538/28
f 695/2862/28 696/585/28 970/537/28
f 696/585/28 974/584/28 970/537/28
f 695/2862/28 970/537/28 671/539/28
f 698/502/28 674/501/28 967/540/28
f 674/501/28 672/582/28 965/2863/28
f 672/582/28 977/581/28 965/2863/28
f 967/540/28 971/824/28 697/541/28
f 674/501/28 965/2863/28 967/540/28
f 724/542/25 761/542/25 776/543/25
f 676/544/28 700/2864/28 701/545/28
f 994/831/28 679/814/28 992/548/28
f 679/814/28 677/549/28 992/548/28
f 702/2865/28 703/515/28 989/547/28
f 703/515/28 987/514/28 989/547/28
f 702/2865/28 989/547/28 677/549/28
f 631/523/25 765/523/25 780/521/25
f 680/509/28 705/2849/28 706/550/28
f 632/552/25 767/552/25 782/553/25
f 636/528/25 769/528/25 784/526/25
f 657/554/25 1002/555/25 1168/555/25
f 1121/557/26 1170/557/26 1163/558/26
f 690/525/28 714/2854/28 787/559/28
f 732/561/25 771/561/25 786/562/25
f 1067/854/28 692/853/28 1066/564/28
f 692/853/28 691/565/28 1066/564/28
f 715/2866/28 716/645/28 1063/563/28
f 716/645/28 1062/644/28 1063/563/28
f 715/2866/28 1063/563/28 691/565/28
f 667/566/28 693/574/28 670/567/28
f 615/569/26 667/566/26 665/568/26
f 643/570/30 737/649/30 718/571/30
f 642/573/25 617/567/25 670/567/25
f 1107/577/30 620/2867/30 975/2868/30
f 620/2867/30 978/2869/30 975/2868/30
f 972/2870/30 644/2871/30 969/575/30
f 644/2871/30 1110/576/30 969/575/30
f 1107/577/30 975/2868/30 969/575/30
f 669/578/28 694/2872/28 1158/579/28
f 979/581/26 977/581/26 672/582/26
f 644/583/25 972/584/25 974/584/25
f 759/586/28 774/2873/28 699/505/28
f 619/589/30 721/651/30 966/587/30
f 721/651/30 738/653/30 968/2874/30
f 966/587/30 721/651/30 968/2874/30
f 738/653/30 645/2875/30 968/2874/30
f 645/2875/30 973/2876/30 968/2874/30
f 1160/590/28 1161/2877/28 777/591/28
f 740/593/30 646/679/30 621/594/30
f 648/596/26 700/2864/26 676/544/26
f 742/597/30 647/929/30 622/598/30
f 650/600/26 702/2865/26 677/549/26
f 649/601/25 625/546/25 678/546/25
f 681/602/28 763/672/28 982/2878/28
f 763/672/28 993/2879/28 982/2878/28
f 985/828/28 778/830/28 984/603/28
f 778/830/28 704/604/28 984/603/28
f 681/602/28 982/2878/28 984/603/28
f 653/605/30 745/655/30 726/606/30
f 652/608/25 628/602/25 681/602/25
f 654/609/26 707/2880/26 682/610/26
f 653/611/25 630/551/25 683/551/25
f 656/553/30 747/657/30 728/612/30
f 682/610/28 707/2880/28 781/613/28
f 754/615/30 633/2881/30 1006/616/30
f 633/2881/30 1009/2882/30 1006/616/30
f 657/554/30 757/664/30 1004/617/30
f 757/664/30 754/615/30 1004/617/30
f 1004/617/30 1002/555/30 657/554/30
f 684/520/28 708/2852/28 783/618/28
f 659/620/26 712/2883/26 687/621/26
f 658/622/25 635/623/25 688/623/25
f 661/625/30 1106/877/30 1103/626/30
f 687/621/28 712/2883/28 785/628/28
f 750/630/30 749/659/30 730/631/30
f 689/633/28 713/2884/28 1174/634/28
f 662/636/26 715/2866/26 691/565/26
f 1176/637/28 1177/2885/28 668/638/28
f 772/640/28 1232/980/28 1057/2886/28
f 1232/980/28 1233/2887/28 1057/2886/28
f 1060/901/28 717/903/28 1059/641/28
f 717/903/28 789/642/28 1059/641/28
f 772/640/28 1057/2886/28 1059/641/28
f 663/643/51 1064/919/51 1062/644/51
f 616/646/30 753/661/30 734/647/30
f 737/649/38 736/2888/38 719/650/38
f 721/651/40 720/2889/40 739/652/40
f 723/595/40 722/2890/40 741/654/40
f 725/599/40 724/542/40 743/543/40
f 745/655/38 744/2891/38 727/656/38
f 747/657/38 746/2892/38 729/658/38
f 749/659/38 748/2893/38 731/660/38
f 733/632/40 732/561/40 751/562/40
f 753/661/38 752/941/38 735/662/38
f 736/663/26 694/2872/26 669/578/26
f 757/664/38 756/2894/38 755/665/38
f 756/666/26 709/2895/26 685/667/26
f 775/668/35 774/2873/35 759/586/35
f 776/670/41 761/716/41 760/592/41
f 995/671/52 993/2879/52 763/672/52
f 780/674/41 765/2896/41 764/614/41
f 782/675/41 767/723/41 766/619/41
f 784/676/41 769/820/41 768/629/41
f 786/677/41 771/2897/41 770/560/41
f 788/678/41 773/736/41 772/640/41
f 646/679/26 775/679/26 758/594/26
f 914/680/25 873/2898/25 848/681/25
f 1023/2899/28 796/2900/28 1021/683/28
f 796/2900/28 795/684/28 1021/683/28
f 817/2901/28 818/2902/28 1015/682/28
f 818/2902/28 1019/2903/28 1015/682/28
f 817/2901/28 1015/682/28 795/684/28
f 799/685/28 822/2904/28 823/686/28
f 1037/2905/28 802/2906/28 1035/689/28
f 802/2906/28 800/690/28 1035/689/28
f 824/2907/28 825/2908/28 1029/688/28
f 825/2908/28 1028/2909/28 1029/688/28
f 824/2907/28 1029/688/28 800/690/28
f 937/691/26 1039/692/26 1138/692/26
f 856/520/26 881/2910/26 921/519/26
f 804/693/28 829/770/28 830/694/28
f 863/696/26 888/2911/26 923/697/26
f 810/698/28 808/2912/28 1042/2913/28
f 808/2912/28 1054/2914/28 1042/2913/28
f 1047/966/28 833/967/28 1044/699/28
f 833/967/28 834/700/28 1044/699/28
f 810/698/28 1042/2913/28 1044/699/28
f 959/526/25 944/528/25 1142/528/25
f 811/701/28 835/2915/28 836/625/28
f 963/702/25 948/703/25 815/703/25
f 792/704/28 816/978/28 794/705/28
f 869/707/30 868/2916/30 844/567/30
f 845/711/30 847/839/30 1020/2917/30
f 847/839/30 1022/838/30 1020/2917/30
f 1016/753/30 871/2918/30 1014/709/30
f 871/2918/30 870/710/30 1014/709/30
f 845/711/30 1020/2917/30 1014/709/30
f 1226/712/26 1229/713/26 1134/713/26
f 952/714/30 874/2919/30 849/504/30
f 951/543/25 936/542/25 899/542/25
f 876/715/30 875/2920/30 850/716/30
f 851/720/30 853/847/30 1036/2921/30
f 853/847/30 1040/846/30 1036/2921/30
f 1034/764/30 878/2922/30 1030/718/30
f 878/2922/30 877/719/30 1030/718/30
f 851/720/30 1036/2921/30 1030/718/30
f 955/694/25 940/695/25 806/695/25
f 1216/721/26 1217/2923/26 919/722/26
f 957/553/25 942/552/25 807/552/25
f 857/723/30 859/851/30 1050/724/30
f 859/851/30 1053/850/30 1050/724/30
f 883/2924/30 882/2925/30 1045/725/30
f 882/2925/30 857/723/30 1045/725/30
f 1045/725/30 1046/778/30 883/2924/30
f 962/726/30 888/2911/30 863/696/30
f 887/728/30 886/2926/30 862/633/30
f 961/730/25 946/731/25 907/731/25
f 865/734/30 866/925/30 1079/2927/30
f 866/925/30 1081/924/30 1079/2927/30
f 1077/796/30 890/2928/30 1074/732/30
f 890/2928/30 889/733/30 1074/732/30
f 865/734/30 1079/2927/30 1074/732/30
f 843/735/30 892/2929/30 867/736/30
f 1225/740/30 848/681/30 1010/738/30
f 848/681/30 873/2898/30 1012/2930/30
f 1010/738/30 848/681/30 1012/2930/30
f 873/2898/30 872/2931/30 1012/2930/30
f 872/2931/30 1017/584/30 1012/2930/30
f 840/741/26 842/744/26 792/742/26
f 1224/743/30 1227/976/30 842/744/30
f 845/711/26 870/710/26 817/745/26
f 893/746/28 912/801/28 1130/747/28
f 913/751/28 896/803/28 1013/749/28
f 896/803/28 1132/908/28 1011/2932/28
f 1132/908/28 1133/2933/28 1011/2932/28
f 1013/749/28 1018/2934/28 819/750/28
f 896/803/28 1011/2932/28 1013/749/28
f 818/752/25 871/2918/25 1016/753/25
f 916/754/25 1222/2935/25 1219/755/25
f 849/504/26 874/2919/26 821/503/26
f 797/756/28 820/823/28 915/757/28
f 850/716/26 875/2920/26 822/670/26
f 798/598/28 821/929/28 917/597/28
f 851/720/26 877/719/26 824/759/26
f 823/760/53 876/715/53 852/717/53
f 879/2936/30 953/2937/30 1027/761/30
f 953/2937/30 1032/840/30 1027/761/30
f 1038/831/30 938/814/30 1025/762/30
f 938/814/30 854/509/30 1025/762/30
f 879/2936/30 1027/761/30 854/509/30
f 825/763/25 878/2922/25 1034/764/25
f 901/765/28 920/804/28 828/766/28
f 827/508/25 879/2936/25 854/509/25
f 828/768/25 880/971/25 855/769/25
f 903/612/28 922/657/28 831/553/28
f 1236/693/26 1237/2938/26 829/770/26
f 1055/2939/28 809/2940/28 1051/773/28
f 809/2940/28 929/771/28 1051/773/28
f 929/771/28 932/810/28 1049/772/28
f 932/810/28 832/2941/28 1049/772/28
f 832/2941/28 1048/2942/28 1049/772/28
f 958/774/30 881/2910/30 856/520/30
f 858/775/26 1052/776/26 1054/776/26
f 832/777/25 883/2924/25 1046/778/25
f 1140/779/28 1143/914/28 1146/780/28
f 834/782/25 884/2943/25 861/783/25
f 862/633/26 886/2926/26 835/784/26
f 960/785/30 885/2944/30 860/621/30
f 905/786/28 924/806/28 925/787/28
f 836/789/54 887/728/54 864/729/54
f 865/734/26 889/733/26 837/791/26
f 867/736/26 892/2929/26 927/678/26
f 964/2945/30 891/2946/30 1072/792/30
f 891/2946/30 1078/919/30 1072/792/30
f 1210/958/30 1207/960/30 1070/793/30
f 1207/960/30 947/794/30 1070/793/30
f 964/2945/30 1072/792/30 947/794/30
f 838/795/25 890/2928/25 1077/796/25
f 909/797/28 928/808/28 793/798/28
f 894/800/35 911/2947/35 912/801/35
f 914/802/41 895/2948/41 896/803/41
f 916/754/41 897/755/41 898/758/41
f 918/543/41 899/542/41 900/599/41
f 902/721/35 919/722/35 920/804/35
f 904/658/35 921/2892/35 922/657/35
f 906/805/35 923/2949/35 924/806/35
f 926/730/41 907/731/41 908/788/41
f 910/807/35 927/2950/35 928/808/35
f 844/567/26 868/2916/26 911/573/26
f 930/809/35 931/2951/35 932/810/35
f 857/723/26 882/2925/26 931/675/26
f 934/811/38 949/2952/38 950/812/38
f 951/670/40 952/714/40 935/592/40
f 938/814/38 1038/831/38 1039/815/38
f 955/817/40 956/986/40 939/818/40
f 957/675/40 958/774/40 941/619/40
f 959/676/40 960/785/40 943/629/40
f 961/636/40 962/726/40 945/727/40
f 963/821/40 964/2945/40 947/794/40
f 933/756/26 950/823/26 820/823/26
f 971/824/26 973/824/26 645/825/26
f 978/826/25 620/827/25 673/827/25
f 985/828/35 988/2953/35 779/829/35
f 997/831/25 627/814/25 679/814/25
f 990/832/26 651/833/26 779/833/26
f 1009/834/25 633/835/25 686/835/25
f 1008/834/28 686/835/28 1007/837/28
f 686/835/28 685/667/28 1007/837/28
f 685/667/28 709/2895/28 1005/836/28
f 709/2895/28 1166/935/28 1005/836/28
f 1166/935/28 1167/934/28 1005/836/28
f 1022/838/25 847/839/25 796/839/25
f 1017/584/26 872/2931/26 819/583/26
f 1032/840/38 953/2937/38 954/841/38
f 1033/843/55 954/2954/55 826/844/55
f 1040/846/25 853/847/25 802/847/25
f 884/2943/30 1212/2955/30 1043/848/30
f 1212/2955/30 1213/963/30 1043/848/30
f 1052/776/30 858/775/30 1041/849/30
f 858/775/30 861/783/30 1041/849/30
f 884/2943/30 1043/848/30 861/783/30
f 1053/850/25 859/851/25 809/851/25
f 1068/852/56 640/959/56 692/853/56
f 664/530/30 1124/898/30 1058/855/30
f 1124/898/30 1125/900/30 1058/855/30
f 1069/982/30 639/983/30 1056/856/30
f 639/983/30 641/529/30 1056/856/30
f 664/530/30 1058/855/30 641/529/30
f 1154/922/28 1151/2956/28 1080/858/28
f 1151/2956/28 813/859/28 1080/858/28
f 837/2957/28 838/2958/28 1075/857/28
f 838/2958/28 1076/2959/28 1075/857/28
f 837/2957/28 1075/857/28 813/859/28
f 815/703/28 814/961/28 1071/2960/28
f 814/961/28 1082/962/28 1071/2960/28
f 1150/918/28 1147/917/28 1073/860/28
f 1147/917/28 839/702/28 1073/860/28
f 815/703/28 1071/2960/28 1073/860/28
f 1086/498/35 1085/2961/35 1084/861/35
f 1091/479/30 1094/479/30 1090/480/30
f 1092/484/28 1088/862/28 1089/862/28
f 1091/863/26 1087/2962/26 347/864/26
f 107/866/25 108/2963/25 173/867/25
f 361/869/25 1098/2964/25 1095/870/25
f 1197/869/28 361/869/28 354/871/28
f 215/197/26 1102/876/26 1099/872/26
f 1100/351/30 1095/351/30 1098/352/30
f 1096/873/25 1097/2965/25 136/874/25
f 1102/876/28 1097/876/28 1096/872/28
f 1106/877/38 1105/2966/38 1104/701/38
f 1105/878/26 713/2884/26 689/633/26
f 1110/576/38 1109/2967/38 1108/879/38
f 1109/880/26 695/2862/26 671/539/26
f 1111/881/40 1114/2968/40 1113/882/40
f 624/886/30 627/2969/30 991/2970/30
f 627/2969/30 997/2971/30 991/2970/30
f 1114/2968/30 1111/881/30 986/884/30
f 1111/881/30 650/885/30 986/884/30
f 624/886/30 991/2970/30 986/884/30
f 1116/887/38 1115/2972/38 1118/888/38
f 1003/890/26 1118/890/26 1115/891/26
f 1122/893/38 1121/557/38 1120/558/38
f 658/2973/30 1116/887/30 1000/895/30
f 1116/887/30 1117/889/30 1000/895/30
f 1122/893/30 1119/894/30 998/896/30
f 1119/894/30 635/897/30 998/896/30
f 658/2973/30 1000/895/30 635/897/30
f 1124/898/38 1123/2974/38 1126/899/38
f 1060/901/26 1126/901/26 1123/902/26
f 1128/904/41 1127/748/41 1130/747/41
f 1129/906/57 869/707/57 846/708/57
f 1134/713/35 1133/2933/35 1132/908/35
f 1138/692/35 1137/2975/35 1136/909/35
f 803/910/28 1136/909/28 1024/2976/28
f 1136/909/28 1137/2975/28 1024/2976/28
f 1031/845/28 826/844/28 1026/911/28
f 826/844/28 827/912/28 1026/911/28
f 803/910/28 1024/2976/28 1026/911/28
f 1139/913/35 1144/2977/35 1143/914/35
f 1142/528/41 1141/781/41 1146/780/41
f 860/621/58 885/2944/58 1144/915/58
f 1149/916/35 1148/2978/35 1147/917/35
f 1078/919/26 891/2946/26 1148/920/26
f 1152/921/41 1151/2956/41 1154/922/41
f 1081/924/25 866/925/25 1152/925/25
f 1157/926/41 1156/2979/41 1155/580/41
f 643/570/25 618/572/25 1156/572/25
f 1162/928/35 1161/2877/35 1160/590/35
f 647/929/26 1162/2980/26 1159/598/26
f 1170/930/35 1169/2981/35 1164/931/35
f 1165/933/41 1168/965/41 1167/934/41
f 688/623/28 1164/931/28 999/2982/28
f 1164/931/28 1169/2981/28 999/2982/28
f 1003/890/28 710/892/28 1001/936/28
f 710/892/28 711/624/28 1001/936/28
f 688/623/28 999/2982/28 1001/936/28
f 1173/937/41 1172/790/41 1171/635/41
f 661/625/25 637/627/25 1172/627/25
f 1178/939/35 1177/2885/35 1176/637/35
f 752/941/26 1178/2983/26 1175/662/26
f 1182/270/38 1181/193/38 1180/195/38
f 1184/943/35 1183/213/35 1188/944/35
f 1186/946/35 1185/216/35 1190/947/35
f 1191/386/35 1194/385/35 1193/949/35
f 1195/951/35 1198/350/35 1197/952/35
f 1199/421/35 1204/420/35 1203/954/35
f 1201/413/35 1206/412/35 1205/956/35
f 109/127/30 1182/127/30 1179/128/30
f 1210/958/38 1209/852/38 1208/959/38
f 814/961/26 1208/961/26 1209/962/26
f 1213/963/38 1212/2955/38 1211/964/38
f 1214/966/26 1211/2984/26 833/967/26
f 1215/968/38 1218/2985/38 1217/969/38
f 880/971/30 1218/2985/30 1215/968/30
f 1220/972/40 1219/2986/40 1222/973/40
f 1221/974/30 949/2952/30 934/811/30
f 1224/743/40 1223/2987/40 1228/975/40
f 1230/739/38 1229/2988/38 1226/977/38
f 816/978/25 1228/2989/25 1223/705/25
f 1234/979/35 1233/2887/35 1232/980/35
f 1069/982/26 1234/2990/26 1231/983/26
f 1235/984/38 1238/2991/38 1237/985/38
f 956/986/30 1238/2991/30 1235/984/30
f 1241/987/25 1242/990/25 1240/988/25
f 1245/988/26 1246/990/26 1243/987/26
f 1241/987/59 1243/987/59 1246/990/59
f 1240/988/60 1245/988/60 1244/989/60
f 1249/991/60 1250/992/60 1248/992/60
f 1249/991/25 1251/994/25 1254/993/25
f 1248/992/26 1253/993/26 1252/994/26
f 1253/993/59 1254/993/59 1251/994/59
f 1257/995/60 1258/996/60 1256/996/60
f 1261/997/59 1262/997/59 1259/998/59
f 1257/995/25 1259/998/25 1262/997/25
f 1256/996/26 1261/997/26 1260/998/26
f 1258/996/30 1262/997/30 1261/997/30
f 1255/995/28 1260/998/28 1259/998/28
f 1265/996/25 1266/1000/25 1264/992/25
f 1269/992/26 1270/1000/26 1267/996/26
f 1265/996/30 1267/996/30 1270/1000/30
f 1264/992/28 1269/992/28 1268/999/28
f 1266/1000/60 1270/1000/60 1269/992/60
f 1273/1001/25 1274/991/25 1272/1002/25
f 1277/1002/26 1278/991/26 1275/1001/26
f 1273/1001/30 1275/1001/30 1278/991/30
f 1272/1002/28 1277/1002/28 1276/995/28
f 1274/991/60 1278/991/60 1277/1002/60
f 1283/1003/26 1281/1007/26 1279/994/26
f 1285/1005/26 1284/1004/26 1279/994/26
f 1286/1006/26 1282/1008/26 1281/1007/26
f 1287/994/25 1289/1007/25 1291/1003/25
f 1293/1005/25 1288/993/25 1287/994/25
f 1285/1005/26 1280/993/26 1282/1008/26
f 1289/1007/25 1290/1008/25 1294/1006/25
f 1285/1005/59 1293/1005/59 1292/1004/59
f 1290/1008/25 1288/993/25 1293/1005/25
f 1283/1003/30 1284/1004/30 1292/1004/30
f 1286/1006/28 1294/1006/28 1293/1005/28
f 1294/1006/60 1286/1006/60 1283/1003/60
f 1297/1009/25 1298/1012/25 1296/1010/25
f 1301/1010/26 1302/1012/26 1299/1009/26
f 1297/1009/59 1299/1009/59 1302/1012/59
f 1296/1010/60 1301/1010/60 1300/1011/60
f 1304/1013/25 1306/1016/25 1305/1014/25
f 1307/1014/26 1310/1016/26 1309/1013/26
f 1310/1016/59 1307/1014/59 1305/1014/59
f 1308/1015/60 1309/1013/60 1304/1013/60
f 1312/1017/60 1314/1017/60 1313/1018/60
f 1318/1019/25 1315/1020/25 1313/1018/25
f 1316/1020/26 1317/1019/26 1312/1017/26
f 1315/1020/59 1318/1019/59 1317/1019/59
f 1320/1021/60 1322/1021/60 1321/1022/60
f 1323/1023/59 1326/1024/59 1325/1024/59
f 1326/1024/25 1323/1023/25 1321/1022/25
f 1324/1023/26 1325/1024/26 1320/1021/26
f 1325/1024/28 1326/1024/28 1322/1021/28
f 1323/1023/30 1324/1023/30 1319/1022/30
f 1328/1017/25 1330/1026/25 1329/1021/25
f 1331/1021/26 1334/1026/26 1333/1017/26
f 1334/1026/28 1331/1021/28 1329/1021/28
f 1332/1025/30 1333/1017/30 1328/1017/30
f 1333/1017/60 1334/1026/60 1330/1026/60
f 1336/1027/25 1338/1018/25 1337/1028/25
f 1339/1028/26 1342/1018/26 1341/1027/26
f 1342/1018/28 1339/1028/28 1337/1028/28
f 1340/1022/30 1341/1027/30 1336/1027/30
f 1341/1027/60 1342/1018/60 1338/1018/60
f 1343/1020/26 1345/1032/26 1347/1029/26
f 1349/1031/26 1344/1019/26 1343/1020/26
f 1345/1032/26 1346/1034/26 1350/1033/26
f 1355/1029/25 1353/1032/25 1351/1020/25
f 1357/1031/25 1356/1030/25 1351/1020/25
f 1346/1034/26 1344/1019/26 1349/1031/26
f 1358/1033/25 1354/1034/25 1353/1032/25
f 1356/1030/59 1357/1031/59 1349/1031/59
f 1357/1031/25 1352/1019/25 1354/1034/25
f 1356/1030/28 1348/1030/28 1347/1029/28
f 1357/1031/30 1358/1033/30 1350/1033/30
f 1347/1029/60 1350/1033/60 1358/1033/60
f 1360/1035/25 1362/1038/25 1361/1036/25
f 1363/1036/26 1366/1038/26 1365/1035/26
f 1366/1038/59 1363/1036/59 1361/1036/59
f 1364/1037/60 1365/1035/60 1360/1035/60
f 1374/1039/59 1371/1039/59 1367/1040/59
f 1371/1039/26 1372/1042/26 1368/1041/26
f 1373/1042/25 1374/1039/25 1370/1040/25
f 1369/1041/30 1370/1040/30 1367/1040/30
f 1371/1039/28 1374/1039/28 1373/1042/28
f 1382/1043/59 1379/1043/59 1375/1044/59
f 1379/1043/26 1380/1046/26 1376/1045/26
f 1381/1046/25 1382/1043/25 1378/1044/25
f 1588/1047/60 1589/1047/60 1585/1048/60
f 1389/1049/59 1390/1050/59 1387/1050/59
f 1386/1051/30 1390/1050/30 1389/1049/30
f 1383/1052/28 1388/1049/28 1387/1050/28
f 1385/1051/25 1387/1050/25 1390/1050/25
f 1384/1052/26 1389/1049/26 1388/1049/26
f 1397/1053/59 1398/1054/59 1395/1054/59
f 1394/1055/30 1398/1054/30 1397/1053/30
f 1391/1056/28 1396/1053/28 1395/1054/28
f 1393/1055/25 1395/1054/25 1398/1054/25
f 1392/1056/26 1397/1053/26 1396/1053/26
f 1405/1057/59 1406/1058/59 1403/1058/59
f 1402/1059/30 1406/1058/30 1405/1057/30
f 1399/1060/28 1404/1057/28 1403/1058/28
f 1401/1059/25 1403/1058/25 1406/1058/25
f 1400/1060/26 1405/1057/26 1404/1057/26
f 1409/1061/25 1411/1064/25 1414/1062/25
f 1407/1061/26 1408/1063/26 1413/1062/26
f 1410/1063/30 1414/1062/30 1413/1062/30
f 1407/1061/28 1412/1064/28 1411/1064/28
f 1422/1065/25 1419/1068/25 1417/1066/25
f 1415/1066/26 1420/1068/26 1421/1065/26
f 1421/1065/28 1422/1065/28 1418/1067/28
f 1419/1068/30 1420/1068/30 1415/1066/30
f 1425/1061/25 1427/1069/25 1430/1062/25
f 1423/1061/26 1424/1063/26 1429/1062/26
f 1426/1063/30 1430/1062/30 1429/1062/30
f 1423/1061/28 1428/1069/28 1427/1069/28
f 1438/1065/25 1435/1071/25 1433/1070/25
f 1431/1070/26 1436/1071/26 1437/1065/26
f 1437/1065/28 1438/1065/28 1434/1067/28
f 1435/1071/30 1436/1071/30 1431/1070/30
f 1443/1072/59 1444/1073/59 1441/1073/59
f 1440/1074/30 1444/1073/30 1443/1072/30
f 1441/1073/28 1445/1074/28 1446/1075/28
f 1449/1073/59 1452/1073/59 1451/1072/59
f 1451/1072/28 1452/1073/28 1448/1074/28
f 1454/1075/30 1453/1074/30 1449/1073/30
f 1458/1076/30 1462/1077/30 1461/1077/30
f 1457/1078/25 1459/1079/25 1462/1077/25
f 1456/1076/26 1461/1077/26 1460/1079/26
f 1466/1076/30 1470/1077/30 1469/1077/30
f 1465/1078/25 1467/1079/25 1470/1077/25
f 1464/1076/26 1469/1077/26 1468/1079/26
f 1476/1076/30 1477/1077/30 1478/1077/30
f 1473/1078/25 1474/1079/25 1477/1077/25
f 1472/1076/26 1478/1077/26 1475/1079/26
f 1460/1079/28 1459/1079/28 1457/1078/28
f 1468/1079/28 1467/1079/28 1465/1078/28
f 1475/1079/28 1474/1079/28 1473/1078/28
f 1480/1080/28 1482/1080/28 1481/1081/28
f 1486/1082/30 1484/1082/30 1483/1083/30
f 1484/1082/26 1480/1080/26 1479/1081/26
f 1485/1083/60 1483/1083/60 1479/1081/60
f 1482/1080/59 1480/1080/59 1484/1082/59
f 1482/1080/25 1486/1082/25 1485/1083/25
f 1492/1084/61 1494/1085/61 1493/1085/61
f 1487/1086/28 1491/1084/28 1493/1085/28
f 1489/1087/62 1493/1085/62 1494/1085/62
f 1488/1086/63 1492/1084/63 1491/1084/63
f 1488/1086/30 1490/1087/30 1494/1085/30
f 1500/1084/61 1502/1085/61 1501/1085/61
f 1495/1086/28 1499/1084/28 1501/1085/28
f 1497/1087/62 1501/1085/62 1502/1085/62
f 1496/1086/63 1500/1084/63 1499/1084/63
f 1496/1086/30 1498/1087/30 1502/1085/30
f 1503/1088/28 1504/1091/28 1506/1089/28
f 1506/1089/62 1510/1089/62 1509/1090/62
f 1510/1089/30 1508/1091/30 1507/1088/30
f 1508/1091/63 1504/1091/63 1503/1088/63
f 1509/1090/64 1507/1088/64 1503/1088/64
f 1506/1089/65 1504/1091/65 1508/1091/65
f 1511/1092/28 1512/1095/28 1514/1093/28
f 1514/1093/62 1518/1093/62 1517/1094/62
f 1518/1093/30 1516/1095/30 1515/1092/30
f 1516/1095/63 1512/1095/63 1511/1092/63
f 1517/1094/64 1515/1092/64 1511/1092/64
f 1514/1093/65 1512/1095/65 1516/1095/65
f 1520/1096/28 1522/1099/28 1521/1097/28
f 1522/1099/62 1526/1099/62 1525/1097/62
f 1525/1097/30 1526/1099/30 1524/1096/30
f 1524/1096/63 1520/1096/63 1519/1098/63
f 1525/1097/64 1523/1098/64 1519/1098/64
f 1522/1099/65 1520/1096/65 1524/1096/65
f 1528/1100/28 1530/1103/28 1529/1101/28
f 1530/1103/62 1534/1103/62 1533/1101/62
f 1533/1101/30 1534/1103/30 1532/1100/30
f 1532/1100/63 1528/1100/63 1527/1102/63
f 1533/1101/64 1531/1102/64 1527/1102/64
f 1530/1103/65 1528/1100/65 1532/1100/65
f 1535/1104/28 1536/1107/28 1538/1105/28
f 1538/1105/62 1542/1105/62 1541/1106/62
f 1542/1105/30 1540/1107/30 1539/1104/30
f 1540/1107/63 1536/1107/63 1535/1104/63
f 1541/1106/64 1539/1104/64 1535/1104/64
f 1538/1105/65 1536/1107/65 1540/1107/65
f 1543/1108/28 1544/1111/28 1546/1109/28
f 1546/1109/62 1550/1109/62 1549/1110/62
f 1550/1109/30 1548/1111/30 1547/1108/30
f 1548/1111/63 1544/1111/63 1543/1108/63
f 1549/1110/64 1547/1108/64 1543/1108/64
f 1546/1109/65 1544/1111/65 1548/1111/65
f 1552/1112/28 1554/1115/28 1553/1113/28
f 1554/1115/62 1558/1115/62 1557/1113/62
f 1557/1113/30 1558/1115/30 1556/1112/30
f 1556/1112/63 1552/1112/63 1551/1114/63
f 1557/1113/64 1555/1114/64 1551/1114/64
f 1554/1115/65 1552/1112/65 1556/1112/65
f 1560/1116/28 1562/1119/28 1561/1117/28
f 1562/1119/62 1566/1119/62 1565/1117/62
f 1565/1117/30 1566/1119/30 1564/1116/30
f 1564/1116/63 1560/1116/63 1559/1118/63
f 1565/1117/64 1563/1118/64 1559/1118/64
f 1562/1119/65 1560/1116/65 1564/1116/65
f 1568/1120/28 1570/1123/28 1569/1121/28
f 1570/1123/62 1574/1123/62 1573/1121/62
f 1573/1121/30 1574/1123/30 1572/1120/30
f 1572/1120/63 1568/1120/63 1567/1122/63
f 1573/1121/64 1571/1122/64 1567/1122/64
f 1570/1123/65 1568/1120/65 1572/1120/65
f 1576/1124/28 1578/1127/28 1577/1125/28
f 1578/1127/62 1582/1127/62 1581/1125/62
f 1581/1125/30 1582/1127/30 1580/1124/30
f 1580/1124/63 1576/1124/63 1575/1126/63
f 1581/1125/64 1579/1126/64 1575/1126/64
f 1578/1127/65 1576/1124/65 1580/1124/65
f 1590/1128/59 1587/1128/59 1583/1129/59
f 1587/1128/26 1588/1047/26 1584/1048/26
f 1589/1047/25 1590/1128/25 1586/1129/25
f 1372/1042/60 1373/1042/60 1369/1041/60
f 1593/1130/26 1594/1131/26 1592/1131/26
f 1597/1132/25 1598/1132/25 1595/1133/25
f 1594/1131/60 1598/1132/60 1597/1132/60
f 1593/1130/28 1595/1133/28 1598/1132/28
f 1592/1131/30 1597/1132/30 1596/1133/30
f 1591/1130/59 1596/1133/59 1595/1133/59
f 1602/1134/30 1606/1137/30 1605/1135/30
f 1599/1136/28 1604/1135/28 1603/1137/28
f 1605/1135/59 1606/1137/59 1603/1137/59
f 1601/1134/25 1603/1137/25 1606/1137/25
f 1600/1136/26 1605/1135/26 1604/1135/26
f 1611/1050/59 1614/1050/59 1613/1049/59
f 1613/1049/28 1614/1050/28 1610/1051/28
f 1611/1050/30 1612/1049/30 1607/1052/30
f 1614/1050/25 1611/1050/25 1609/1051/25
f 1612/1049/26 1613/1049/26 1608/1052/26
f 1619/1054/59 1622/1054/59 1621/1053/59
f 1621/1053/28 1622/1054/28 1618/1055/28
f 1619/1054/30 1620/1053/30 1615/1056/30
f 1622/1054/25 1619/1054/25 1617/1055/25
f 1620/1053/26 1621/1053/26 1616/1056/26
f 1627/1058/59 1630/1058/59 1629/1057/59
f 1629/1057/28 1630/1058/28 1626/1059/28
f 1627/1058/30 1628/1057/30 1623/1060/30
f 1630/1058/25 1627/1058/25 1625/1059/25
f 1628/1057/26 1629/1057/26 1624/1060/26
f 1637/1135/28 1638/1137/28 1634/1134/28
f 1635/1137/30 1636/1135/30 1631/1136/30
f 1635/1137/59 1638/1137/59 1637/1135/59
f 1638/1137/25 1635/1137/25 1633/1134/25
f 1636/1135/26 1637/1135/26 1632/1136/26
f 1641/1130/26 1642/1131/26 1640/1131/26
f 1645/1132/25 1646/1132/25 1643/1133/25
f 1642/1131/60 1646/1132/60 1645/1132/60
f 1641/1130/28 1643/1133/28 1646/1132/28
f 1640/1131/30 1645/1132/30 1644/1133/30
f 1639/1130/59 1644/1133/59 1643/1133/59
f 1649/1138/30 1650/1139/30 1648/1139/30
f 1653/1140/28 1654/1140/28 1651/1141/28
f 1650/1139/60 1654/1140/60 1653/1140/60
f 1649/1138/59 1647/1138/59 1652/1141/59
f 1649/1138/26 1651/1141/26 1654/1140/26
f 1648/1139/25 1653/1140/25 1652/1141/25
f 1657/1142/30 1658/1143/30 1656/1143/30
f 1661/1144/28 1662/1144/28 1659/1145/28
f 1658/1143/60 1662/1144/60 1661/1144/60
f 1655/1142/59 1660/1145/59 1659/1145/59
f 1657/1142/26 1659/1145/26 1662/1144/26
f 1656/1143/25 1661/1144/25 1660/1145/25
f 1663/1146/26 1664/1151/26 1666/1147/26
f 1666/1147/66 1668/1147/66 1667/1148/66
f 1667/1148/26 1668/1147/26 1671/1149/26
f 1671/1149/67 1672/1149/67 1670/1150/67
f 1673/1147/73 1672/1149/73 1671/1149/73
f 1674/1148/25 1670/1150/25 1672/1149/25
f 1676/1146/25 1674/1148/25 1673/1147/25
f 1675/1151/69 1673/1147/69 1668/1147/69
f 1677/1151/69 1668/1147/69 1666/1147/69
f 1688/1152/70 1689/1153/70 1686/1153/70
f 1684/1152/160 1690/1154/160 1691/1154/160
f 1682/1155/72 1684/1152/72 1685/1152/72
f 1683/1156/69 1686/1153/69 1689/1153/69
f 1679/1155/25 1685/1152/25 1687/1153/25
f 1681/1156/69 1687/1153/69 1686/1153/69
f 1678/1155/72 1688/1152/72 1684/1152/72
f 1678/1155/26 1680/1156/26 1689/1153/26
f 1690/1154/70 1692/1157/70 1693/1157/70
f 1685/1152/25 1691/1154/25 1693/1157/25
f 1687/1153/73 1693/1157/73 1692/1157/73
f 1684/1152/26 1686/1153/26 1692/1157/26
f 1695/1158/26 1694/1161/26 1697/1159/26
f 1696/1161/69 1699/1159/69 1697/1159/69
f 1697/1159/74 1699/1159/74 1701/1160/74
f 1700/1159/73 1703/1162/73 1702/1162/73
f 1708/1161/69 1700/1159/69 1699/1159/69
f 1701/1160/26 1699/1159/26 1702/1162/26
f 1702/1162/74 1703/1162/74 1705/1163/74
f 1701/1160/71 1704/1163/71 1705/1163/71
f 1706/1160/25 1705/1163/25 1703/1162/25
f 1707/1158/25 1706/1160/25 1700/1159/25
f 1709/1158/72 1701/1160/72 1706/1160/72
f 1695/1158/72 1698/1160/72 1701/1160/72
f 1710/1164/26 1711/1169/26 1714/1165/26
f 1710/1164/72 1713/1166/72 1715/1166/72
f 1713/1166/26 1714/1165/26 1717/1167/26
f 1713/1166/71 1716/1168/71 1718/1168/71
f 1717/1167/75 1719/1167/75 1718/1168/75
f 1715/1166/25 1718/1168/25 1719/1167/25
f 1720/1165/68 1719/1167/68 1717/1167/68
f 1723/1169/69 1721/1165/69 1720/1165/69
f 1720/1165/75 1721/1165/75 1725/1166/75
f 1722/1169/69 1720/1165/69 1714/1165/69
f 1724/1164/25 1725/1166/25 1721/1165/25
f 1712/1164/72 1715/1166/72 1725/1166/72
f 1727/1170/26 1726/1173/26 1729/1171/26
f 1728/1173/69 1731/1171/69 1729/1171/69
f 1729/1171/76 1731/1171/76 1733/1172/76
f 1732/1174/68 1735/1175/68 1734/1175/68
f 1740/1173/69 1732/1174/69 1731/1171/69
f 1733/1172/26 1731/1171/26 1734/1175/26
f 1734/1175/76 1735/1175/76 1737/1176/76
f 1733/1172/71 1736/1176/71 1737/1176/71
f 1738/1177/25 1737/1176/25 1735/1175/25
f 1739/1170/25 1738/1177/25 1732/1174/25
f 1741/1170/72 1733/1172/72 1738/1177/72
f 1727/1170/72 1730/1172/72 1733/1172/72
f 1747/1178/77 1743/1179/77 1742/1179/77
f 1745/1181/78 1747/1178/78 1746/1180/78
f 1748/1155/79 1749/1155/79 1753/1164/79
f 1752/1164/80 1753/1164/80 1751/1146/80
f 1744/1181/26 1746/1180/26 1752/1164/26
f 1746/1180/26 1742/1179/26 1748/1155/26
f 1743/1179/81 1755/1183/81 1754/1182/81
f 1747/1178/25 1753/1164/25 1749/1155/25
f 1745/1181/25 1751/1146/25 1753/1164/25
f 1755/1183/82 1757/1156/82 1756/1156/82
f 1748/1155/70 1756/1156/70 1757/1156/70
f 1748/1155/26 1742/1179/26 1754/1182/26
f 1749/1155/25 1757/1156/25 1755/1183/25
f 1663/1146/26 1665/1148/26 1759/1184/26
f 1667/1148/83 1760/1184/83 1759/1184/83
f 1667/1148/26 1669/1150/26 1761/1186/26
f 1670/1150/84 1762/1186/84 1761/1186/84
f 1761/1186/94 1762/1186/94 1763/1184/94
f 1762/1186/25 1670/1150/25 1674/1148/25
f 1763/1184/25 1674/1148/25 1676/1146/25
f 1760/1184/86 1763/1184/86 1764/1185/86
f 1759/1184/86 1760/1184/86 1765/1185/86
f 1774/1187/87 1777/1187/87 1776/1188/87
f 1779/1189/88 1778/1189/88 1772/1188/88
f 1773/1188/89 1772/1188/89 1770/1190/89
f 1777/1187/86 1774/1187/86 1771/1191/86
f 1775/1187/25 1773/1188/25 1767/1190/25
f 1774/1187/86 1775/1187/86 1769/1191/86
f 1772/1188/89 1776/1188/89 1766/1190/89
f 1766/1190/26 1776/1188/26 1777/1187/26
f 1781/1192/87 1780/1192/87 1778/1189/87
f 1781/1192/25 1779/1189/25 1773/1188/25
f 1780/1192/94 1781/1192/94 1775/1187/94
f 1772/1188/26 1778/1189/26 1780/1192/26
f 1783/1193/26 1786/1196/26 1785/1194/26
f 1785/1194/86 1787/1194/86 1784/1195/86
f 1789/1196/90 1787/1194/90 1785/1194/90
f 1790/1197/94 1791/1197/94 1788/1194/94
f 1787/1194/86 1788/1194/86 1796/1195/86
f 1789/1196/26 1792/1198/26 1790/1197/26
f 1793/1198/90 1791/1197/90 1790/1197/90
f 1793/1198/92 1792/1198/92 1789/1196/92
f 1791/1197/25 1793/1198/25 1794/1196/25
f 1788/1194/25 1794/1196/25 1795/1193/25
f 1794/1196/89 1789/1196/89 1797/1193/89
f 1789/1196/89 1786/1196/89 1783/1193/89
f 1798/1199/26 1801/1202/26 1802/1200/26
f 1803/1202/89 1801/1202/89 1798/1199/89
f 1801/1202/26 1804/1204/26 1805/1203/26
f 1806/1204/92 1804/1204/92 1801/1202/92
f 1806/1204/93 1807/1203/93 1805/1203/93
f 1807/1203/25 1806/1204/25 1803/1202/25
f 1805/1203/94 1807/1203/94 1808/1200/94
f 1808/1200/86 1809/1200/86 1811/1201/86
f 1813/1202/93 1809/1200/93 1808/1200/93
f 1802/1200/86 1808/1200/86 1810/1201/86
f 1809/1200/25 1813/1202/25 1812/1199/25
f 1813/1202/89 1803/1202/89 1800/1199/89
f 1815/1205/26 1818/1208/26 1817/1206/26
f 1817/1206/86 1819/1206/86 1816/1207/86
f 1821/1208/95 1819/1206/95 1817/1206/95
f 1822/1209/94 1823/1209/94 1820/1210/94
f 1819/1206/86 1820/1210/86 1828/1207/86
f 1821/1208/26 1824/1211/26 1822/1209/26
f 1825/1211/95 1823/1209/95 1822/1209/95
f 1825/1211/92 1824/1211/92 1821/1208/92
f 1823/1209/25 1825/1211/25 1826/1212/25
f 1820/1210/25 1826/1212/25 1827/1205/25
f 1826/1212/89 1821/1208/89 1829/1205/89
f 1821/1208/89 1818/1208/89 1815/1205/89
f 1830/1213/96 1831/1213/96 1833/1214/96
f 1832/1215/97 1833/1214/97 1745/1181/97
f 1837/1199/98 1835/1190/98 1834/1190/98
f 1751/1146/99 1837/1199/99 1836/1199/99
f 1744/1181/26 1750/1146/26 1836/1199/26
f 1832/1215/26 1836/1199/26 1834/1190/26
f 1838/1216/100 1839/1217/100 1831/1213/100
f 1835/1190/25 1837/1199/25 1833/1214/25
f 1837/1199/25 1751/1146/25 1745/1181/25
f 1840/1191/101 1841/1191/101 1839/1217/101
f 1841/1191/87 1840/1191/87 1834/1190/87
f 1834/1190/26 1840/1191/26 1838/1216/26
f 1839/1217/25 1841/1191/25 1835/1190/25
f 1850/1218/59 1855/1219/59 1854/1219/59
f 1853/1220/60 1857/1221/60 1856/1221/60
f 1845/1222/60 1849/1221/60 1848/1221/60
f 1842/1218/59 1847/1219/59 1846/1219/59
f 1844/1218/26 1846/1219/26 1849/1221/26
f 1843/1222/25 1848/1221/25 1847/1219/25
f 1852/1218/26 1854/1219/26 1857/1221/26
f 1850/1218/25 1851/1220/25 1856/1221/25
f 1858/1223/59 1863/1219/59 1862/1219/59
f 1861/1220/60 1865/1224/60 1864/1224/60
f 1860/1223/26 1862/1219/26 1865/1224/26
f 1859/1220/25 1864/1224/25 1863/1219/25
f 1866/1223/59 1871/1225/59 1870/1225/59
f 1869/1226/60 1873/1224/60 1872/1224/60
f 1868/1223/26 1870/1225/26 1873/1224/26
f 1867/1226/25 1872/1224/25 1871/1225/25
f 1876/1227/60 1877/1228/60 1875/1228/60
f 1880/1229/59 1881/1229/59 1878/1230/59
f 1876/1227/25 1878/1230/25 1881/1229/25
f 1874/1227/26 1875/1228/26 1880/1229/26
f 1884/1231/28 1885/1232/28 1883/1232/28
f 1888/1227/30 1889/1227/30 1886/1233/30
f 1884/1231/25 1886/1233/25 1889/1227/25
f 1883/1232/26 1888/1227/26 1887/1233/26
f 1885/1232/60 1889/1227/60 1888/1227/60
f 1882/1231/59 1887/1233/59 1886/1233/59
f 1892/1234/28 1893/1228/28 1891/1228/28
f 1896/1235/30 1897/1235/30 1894/1236/30
f 1892/1234/25 1894/1236/25 1897/1235/25
f 1891/1228/26 1896/1235/26 1895/1236/26
f 1893/1228/60 1897/1235/60 1896/1235/60
f 1890/1234/59 1895/1236/59 1894/1236/59
f 1900/1237/60 1901/1238/60 1899/1238/60
f 1904/1234/59 1905/1234/59 1902/1233/59
f 1901/1238/25 1900/1237/25 1902/1233/25
f 1899/1238/26 1904/1234/26 1903/1233/26
f 1909/1239/60 1913/1240/60 1912/1240/60
f 1906/1241/59 1911/1242/59 1910/1242/59
f 1908/1241/26 1910/1242/26 1913/1240/26
f 1906/1241/25 1907/1239/25 1912/1240/25
f 1917/1243/60 1921/1244/60 1920/1244/60
f 1914/1245/59 1919/1246/59 1918/1246/59
f 1916/1245/26 1918/1246/26 1921/1244/26
f 1914/1245/25 1915/1243/25 1920/1244/25
f 1925/1247/60 1929/1248/60 1928/1248/60
f 1922/1249/59 1927/1250/59 1926/1250/59
f 1924/1249/26 1926/1250/26 1929/1248/26
f 1922/1249/25 1923/1247/25 1928/1248/25
f 1933/1251/60 1937/1252/60 1936/1252/60
f 1930/1253/59 1935/1254/59 1934/1254/59
f 1933/1251/26 1932/1253/26 1934/1254/26
f 1931/1251/25 1936/1252/25 1935/1254/25
f 1941/1255/60 1945/1256/60 1944/1256/60
f 1938/1257/59 1943/1258/59 1942/1258/59
f 1941/1255/26 1940/1257/26 1942/1258/26
f 1939/1255/25 1944/1256/25 1943/1258/25
f 2105/1259/59 2016/1378/59 2018/1260/59
f 2045/1262/59 2047/1370/59 2035/1263/59
f 2046/1265/59 2033/1417/59 1948/1266/59
f 2053/1268/59 2031/1422/59 2034/1269/59
f 2059/1271/59 2029/1431/59 2032/1272/59
f 2065/1274/59 2027/1434/59 2030/1275/59
f 2028/1277/25 2202/1278/25 1982/1277/25
f 2202/1278/25 2203/1279/25 1978/1279/25
f 2026/1280/25 2200/1281/25 1979/1280/25
f 2200/1281/25 2201/1282/25 1974/1282/25
f 1976/1283/26 1970/1284/26 2241/1284/26
f 2086/1285/59 2021/1421/59 2024/1286/59
f 2093/1288/59 2019/1383/59 2022/1289/59
f 2073/1292/28 2026/1280/28 2258/1291/28
f 2026/1280/28 1979/1280/28 2258/1291/28
f 1947/1293/59 2040/1376/59 2100/1294/59
f 2118/1296/30 2117/1297/30 2054/1297/30
f 2015/1298/59 2103/1368/59 2096/1299/59
f 2097/1301/59 2102/1371/59 2106/1302/59
f 2013/1304/59 2095/1359/59 2091/1305/59
f 2224/1308/26 2092/1386/26 2162/1386/26
f 2162/1386/26 2173/1307/26 2224/1308/26
f 2011/1309/59 2090/1407/59 2083/1310/59
f 2088/1312/25 2221/1313/25 2155/1312/25
f 2221/1313/25 2222/1314/25 2164/1314/25
f 2197/1316/26 2007/1394/26 2143/1394/26
f 2143/1394/26 2153/1315/26 2197/1316/26
f 2085/1317/59 2087/1415/59 2081/1318/59
f 2008/1320/59 2078/1425/59 2075/1321/59
f 2216/1325/43 2215/2992/43 2252/1323/43
f 2252/1323/43 2253/1436/43 2214/1324/43
f 2003/1326/59 2006/1403/59 2074/1327/59
f 2069/1329/59 2076/1423/59 2077/1330/59
f 2133/1332/25 2127/1333/25 2233/1333/25
f 2070/1334/59 2071/1433/59 2067/1335/59
f 2002/1337/59 2062/1413/59 2057/1338/59
f 2064/1340/59 2066/1416/59 2060/1341/59
f 2000/1343/59 2056/1405/59 2050/1344/59
f 2206/1347/26 2051/1373/26 2116/1373/26
f 2116/1373/26 2125/1346/26 2206/1347/26
f 1998/1348/26 2194/1349/26 2115/1348/26
f 2194/1349/26 2195/1350/26 1953/1350/26
f 2101/1351/59 2039/1377/59 2042/1352/59
f 2041/1354/59 1949/1414/59 2017/1355/59
f 2052/1296/59 2054/1297/59 2048/1357/59
f 2168/1359/25 2159/1305/25 2091/1305/25
f 2119/1339/26 2129/1337/26 2002/1337/26
f 2207/1361/30 2205/1346/30 2262/1360/30
f 2205/1346/30 2125/1346/30 2262/1360/30
f 2226/1363/26 2094/1380/26 1965/1380/26
f 1965/1380/26 1958/1362/26 2226/1363/26
f 2112/1345/26 2122/1343/26 2000/1343/26
f 1998/1348/59 2229/1430/59 2244/1364/59
f 2180/1302/25 2171/1303/25 2098/1303/25
f 2153/1315/30 2152/1365/30 2218/1365/30
f 2113/1344/28 2112/1345/28 1997/1345/28
f 1961/1261/26 1954/1259/26 2105/1259/26
f 2190/1366/26 1950/1367/26 1996/1367/26
f 2176/1368/25 2167/1299/25 2096/1299/25
f 2183/1369/28 2190/1366/28 1946/1366/28
f 2111/1262/30 2110/1370/30 2047/1370/30
f 2170/1301/26 2181/1371/26 2102/1371/26
f 2189/1352/25 2179/1353/25 2107/1353/25
f 2109/1357/28 2108/1358/28 2044/1358/28
f 2181/1371/30 2180/1302/30 2106/1302/30
f 1957/1356/26 2188/1354/26 2041/1354/26
f 1950/1367/30 1951/1372/30 2043/1372/30
f 2179/1353/28 2178/1351/28 2101/1351/28
f 2051/1373/59 2206/1347/59 2247/1374/59
f 2177/1298/30 2176/1368/30 2103/1368/30
f 2187/1376/25 2175/1294/25 2100/1294/25
f 2175/1294/28 2174/1295/28 2014/1295/28
f 2178/1351/26 2186/1377/26 2039/1377/26
f 1954/1259/30 1955/1378/30 2016/1378/30
f 2195/1350/31 2194/1349/31 2244/1364/31
f 2244/1364/161 2245/1446/161 2204/1379/161
f 2110/1370/25 2185/1263/25 2035/1263/25
f 1956/1355/28 1957/1356/28 2104/1356/28
f 2171/1303/28 2170/1301/28 2097/1301/28
f 2094/1380/59 2226/1363/59 2198/1381/59
f 2169/1304/30 2168/1359/30 2095/1359/30
f 2184/1267/26 1992/1265/26 2046/1265/26
f 2167/1299/28 2166/1300/28 2012/1300/28
f 1951/1372/25 2183/1369/25 2037/1369/25
f 1960/1260/28 1961/1261/28 2099/1261/28
f 1962/1288/30 1963/1383/30 2019/1383/30
f 2084/1384/59 2220/1412/59 2221/1313/59
f 2182/1264/26 2111/1262/26 2045/1262/26
f 2224/1308/59 2255/1444/59 2242/1385/59
f 2117/1297/25 2109/1357/25 2048/1357/25
f 1964/1382/28 1965/1380/28 2094/1380/28
f 2183/1369/60 1951/1372/60 1950/1367/60
f 2109/1357/60 2117/1297/60 2118/1296/60
f 1956/1355/60 2192/1414/60 2188/1354/60
f 2178/1351/60 2179/1353/60 2189/1352/60
f 1952/1379/60 2114/1429/60 2115/1348/60
f 2051/1373/28 2230/1375/28 2116/1373/28
f 2230/1375/28 2231/1408/28 2261/1387/28
f 2231/1408/28 2260/1408/28 2261/1387/28
f 2113/1344/60 2121/1405/60 2122/1343/60
f 2124/1341/60 2131/1416/60 2132/1340/60
f 2120/1338/60 2128/1413/60 2129/1337/60
f 2063/1336/28 2067/1335/28 2265/1388/28
f 2067/1335/28 2264/1335/28 2265/1388/28
f 2126/1389/60 2127/1333/60 2133/1332/60
f 2273/1331/28 2270/1329/28 2069/1329/28
f 2269/1328/28 2266/1326/28 2003/1326/28
f 2140/1391/60 2148/1325/60 2149/1324/60
f 2005/1322/28 2075/1321/28 2277/1393/28
f 2075/1321/28 2276/1321/28 2277/1393/28
f 2147/1318/60 2156/1415/60 2157/1317/60
f 2143/1394/60 2144/1439/60 2152/1365/60
f 2154/1384/60 2155/1312/60 2164/1314/60
f 2151/1310/60 2160/1407/60 2161/1309/60
f 2162/1386/60 2163/1401/60 2172/1396/60
f 2159/1305/60 2168/1359/60 2169/1304/60
f 2170/1301/60 2171/1303/60 2180/1302/60
f 2167/1299/60 2176/1368/60 2177/1298/60
f 2175/1294/60 2187/1376/60 2191/1293/60
f 1964/1382/60 1959/1406/60 1958/1362/60
f 1968/1289/60 1963/1383/60 1962/1288/60
f 1972/1286/60 1967/1421/60 1966/1285/60
f 1976/1283/60 1975/1426/60 1971/1397/60
f 2201/1282/30 2210/1447/30 2257/1398/30
f 2210/1447/30 2256/1447/30 2257/1398/30
f 1983/1399/60 1982/1277/60 1978/1279/60
f 1986/1275/60 1981/1434/60 1980/1274/60
f 1990/1272/60 1985/1431/60 1984/1271/60
f 1994/1269/60 1989/1422/60 1988/1268/60
f 2193/1266/60 1993/1417/60 1992/1265/60
f 2185/1263/60 2110/1370/60 2111/1262/60
f 1960/1260/60 1955/1378/60 1954/1259/60
f 1996/1367/59 2043/1372/59 2037/1369/59
f 2126/1389/26 2134/1390/26 2004/1390/26
f 2092/1386/28 2242/1385/28 2162/1386/28
f 2242/1385/28 2243/1401/28 2163/1401/28
f 2268/1402/60 2137/1327/60 2138/1403/60
f 2120/1338/28 2119/1339/28 1999/1339/28
f 2136/1322/26 2145/1320/26 2008/1320/26
f 2165/1395/30 2164/1314/30 2222/1314/30
f 2122/1343/30 2121/1405/30 2056/1405/30
f 2020/1382/25 2198/1381/25 1964/1382/25
f 2198/1381/25 2199/1406/25 1959/1406/25
f 2160/1407/25 2151/1310/25 2083/1310/25
f 2124/1341/28 2123/1342/28 2058/1342/28
f 2150/1311/26 2161/1309/26 2011/1309/26
f 1969/1290/26 1962/1288/26 2093/1288/26
f 2231/1408/25 2246/1409/25 2260/1408/25
f 2246/1409/25 2207/1361/25 2263/1361/25
f 2158/1306/26 2169/1304/26 2013/1304/26
f 2173/1307/30 2172/1396/30 2227/1396/30
f 2166/1300/26 2177/1298/26 2015/1298/26
f 2146/1319/26 2157/1317/26 2085/1317/26
f 2001/1389/59 2004/1390/59 2237/1410/59
f 2174/1295/26 2191/1293/26 1947/1293/26
f 2220/1412/26 2084/1384/26 2154/1384/26
f 2154/1384/26 2165/1395/26 2220/1412/26
f 2129/1337/30 2128/1413/30 2062/1413/30
f 2191/1293/30 2187/1376/30 2040/1376/30
f 1973/1287/26 1966/1285/26 2086/1285/26
f 2006/1403/26 2003/1326/26 2267/1404/26
f 2003/1326/26 2266/1326/26 2267/1404/26
f 2188/1354/30 2192/1414/30 1949/1414/30
f 1994/1269/28 1995/1270/28 2049/1270/28
f 2156/1415/25 2147/1318/25 2081/1318/25
f 2132/1340/30 2131/1416/30 2066/1416/30
f 2192/1414/25 1956/1355/25 2017/1355/25
f 1979/1280/60 1974/1282/60 2257/1398/60
f 1955/1378/25 1960/1260/25 2018/1260/25
f 1992/1265/30 1993/1417/30 2033/1417/30
f 2277/1393/60 2278/1428/60 2145/1320/60
f 2068/1328/25 2074/1327/25 2268/1402/25
f 2074/1327/25 2137/1327/25 2268/1402/25
f 1958/1362/30 1959/1406/30 2199/1406/30
f 1990/1272/28 1991/1273/28 2055/1273/28
f 2023/1397/30 2240/1418/30 1971/1397/30
f 2240/1418/30 2241/1284/30 1970/1284/30
f 2239/1419/28 2025/1426/28 1975/1426/28
f 1975/1426/28 1976/1283/28 2239/1419/28
f 1963/1383/25 1968/1289/25 2022/1289/25
f 2149/1324/30 2148/1325/30 2216/1325/30
f 2072/1331/25 2077/1330/25 2272/1420/25
f 2077/1330/25 2141/1330/25 2272/1420/25
f 1967/1421/25 1972/1286/25 2024/1286/25
f 1988/1268/30 1989/1422/30 2031/1422/30
f 2272/1420/60 2141/1330/60 2142/1423/60
f 2279/1425/25 2276/1321/25 2075/1321/25
f 1971/1397/25 1975/1426/25 2025/1426/25
f 1986/1275/28 1987/1276/28 2061/1276/28
f 2076/1423/26 2069/1329/26 2271/1424/26
f 2069/1329/26 2270/1329/26 2271/1424/26
f 1977/1400/30 1978/1279/30 2203/1279/30
f 2213/1427/25 2215/2992/25 2140/1391/25
f 2215/2992/25 2216/1325/25 2148/1325/25
f 2140/1391/25 2215/2992/25 2148/1325/25
f 2078/1425/30 2008/1320/30 2278/1428/30
f 2008/1320/30 2145/1320/30 2278/1428/30
f 2229/1430/30 1998/1348/30 2115/1348/30
f 2115/1348/30 2114/1429/30 2229/1430/30
f 1984/1271/30 1985/1431/30 2029/1431/30
f 2071/1433/30 2070/1334/30 2274/1432/30
f 2070/1334/30 2135/1334/30 2274/1432/30
f 2138/1403/30 2137/1327/30 2074/1327/30
f 1981/1434/25 1986/1275/25 2030/1275/25
f 2249/1435/26 2234/1399/26 1983/1399/26
f 1983/1399/26 1977/1400/26 2249/1435/26
f 2130/1336/26 2135/1334/26 2070/1334/26
f 2253/1436/26 2250/1445/26 2149/1324/26
f 2250/1445/26 2209/1392/26 2139/1392/26
f 2149/1324/26 2250/1445/26 2139/1392/26
f 1985/1431/25 1990/1272/25 2032/1272/25
f 2248/1437/59 2202/1278/59 2028/1277/59
f 2142/1423/30 2141/1330/30 2077/1330/30
f 1989/1422/25 1994/1269/25 2034/1269/25
f 1980/1274/30 1981/1434/30 2027/1434/30
f 2140/1391/28 2139/1392/28 2209/1392/28
f 2193/1266/28 2184/1267/28 2036/1267/28
f 2116/1373/60 2261/1387/60 2262/1360/60
f 2265/1388/60 2274/1432/60 2135/1334/60
f 2144/1439/28 2143/1394/28 2007/1394/28
f 1993/1417/25 2193/1266/25 1948/1266/25
f 2123/1342/26 2132/1340/26 2064/1340/26
f 2185/1263/28 2182/1264/28 2038/1264/28
f 2235/1438/28 2028/1277/28 1982/1277/28
f 1982/1277/28 1983/1399/28 2235/1438/28
f 2128/1413/25 2120/1338/25 2057/1338/25
f 2147/1318/28 2146/1319/28 2080/1319/28
f 2186/1377/30 2189/1352/30 2042/1352/30
f 2240/1418/59 2023/1397/59 2025/1426/59
f 1987/1276/26 1980/1274/26 2065/1274/26
f 2079/1439/25 2217/1440/25 2144/1439/25
f 2217/1440/25 2218/1365/25 2152/1365/25
f 2131/1416/25 2124/1341/25 2060/1341/25
f 2211/1441/59 2200/1281/59 2026/1280/59
f 2001/1389/28 2232/1411/28 2126/1389/28
f 2232/1411/28 2233/1333/28 2127/1333/28
f 2151/1310/28 2150/1311/28 2009/1311/28
f 1972/1286/28 1973/1287/28 2082/1287/28
f 2121/1405/25 2113/1344/25 2050/1344/25
f 2197/1316/59 2217/1440/59 2079/1439/59
f 1991/1273/26 1984/1271/26 2059/1271/26
f 2155/1312/28 2154/1384/28 2084/1384/28
f 2243/1401/25 2254/1442/25 2163/1401/25
f 2254/1442/91 2227/1396/91 2172/1396/91
f 2237/1410/30 2004/1390/30 2134/1390/30
f 2134/1390/30 2133/1332/30 2237/1410/30
f 2157/1317/30 2156/1415/30 2087/1415/30
f 1968/1289/28 1969/1290/28 2089/1290/28
f 2108/1358/26 2118/1296/26 2052/1296/26
f 2275/1433/25 2264/1335/25 2067/1335/25
f 2159/1305/28 2158/1306/28 2010/1306/28
f 1966/1285/30 1967/1421/30 2021/1421/30
f 1995/1270/26 1988/1268/26 2053/1268/26
f 2161/1309/30 2160/1407/30 2090/1407/30
f 2209/1392/31 2250/1445/31 2251/1443/31
f 2251/1443/31 2213/1427/31 2212/1391/31
f 2211/1441/43 2210/1447/43 2201/1282/43
f 2226/1363/43 2225/1362/43 2199/1406/43
f 2207/1361/43 2246/1409/43 2247/1374/43
f 2247/1374/43 2206/1347/43 2205/1346/43
f 2203/1279/43 2202/1278/43 2248/1437/43
f 2248/1437/43 2249/1435/43 2208/1400/43
f 2252/1323/59 2215/2992/59 2213/1427/59
f 2227/1396/43 2254/1442/43 2255/1444/43
f 2255/1444/43 2224/1308/43 2223/1307/43
f 2197/1316/43 2196/1315/43 2218/1365/43
f 2220/1412/43 2219/1395/43 2222/1314/43
f 1952/1379/28 1953/1350/28 2195/1350/28
f 2239/1419/102 2238/1283/102 2241/1284/102
f 2237/1410/103 2236/1332/103 2233/1333/103
f 2228/1429/103 2245/1446/103 2244/1364/103
f 2234/1399/102 2249/1435/102 2248/1437/102
f 2231/1408/103 2230/1375/103 2247/1374/103
f 2253/1436/102 2252/1323/102 2251/1443/102
f 2243/1401/103 2242/1385/103 2255/1444/103
f 2245/1446/25 2228/1429/25 2114/1429/25
f 2114/1429/25 1952/1379/25 2245/1446/25
f 2263/1361/104 2262/1360/104 2261/1387/104
f 2275/1433/104 2274/1432/104 2265/1388/104
f 2259/1292/105 2258/1291/105 2257/1398/105
f 2279/1425/104 2278/1428/104 2277/1393/104
f 2273/1331/106 2272/1420/106 2271/1424/106
f 2269/1328/106 2268/1402/106 2267/1404/106
f 2211/1441/26 2073/1292/26 2259/1292/26
f 2259/1292/26 2256/1447/26 2211/1441/26
f 2313/1448/60 2309/1449/60 2308/1449/60
f 2316/1450/59 2347/1450/59 2349/1451/59
f 2373/1454/26 2370/1501/26 2307/1494/26
f 2370/1501/26 2371/1500/26 2307/1494/26
f 2307/1494/26 2300/1452/26 2373/1454/26
f 2319/1455/59 2344/1455/59 2346/1456/59
f 2320/1457/59 2343/1457/59 2345/1458/59
f 2322/1506/26 2374/1460/26 2288/1459/26
f 2374/1460/26 2375/1503/26 2295/1461/26
f 2324/1462/59 2339/1462/59 2342/1463/59
f 2377/1466/26 2323/1499/26 2287/1487/26
f 2287/1487/26 2351/1464/26 2377/1466/26
f 2327/1467/59 2336/1467/59 2338/1468/59
f 2329/1469/59 2334/1469/59 2337/1470/59
f 2381/1473/26 2328/1504/26 2356/1482/26
f 2356/1482/26 2363/1471/26 2381/1473/26
f 2383/1476/26 2378/1505/26 2360/1481/26
f 2378/1505/26 2379/1502/26 2360/1481/26
f 2360/1481/26 2367/1474/26 2383/1476/26
f 2331/1477/59 2332/1477/59 2333/1478/59
f 2365/1479/60 2368/1480/60 2369/1480/60
f 2361/1481/60 2366/1474/60 2367/1474/60
f 2357/1482/60 2362/1471/60 2363/1471/60
f 2353/1483/60 2358/1484/60 2359/1484/60
f 2282/1485/60 2354/1486/60 2355/1486/60
f 2286/1487/60 2350/1464/60 2351/1464/60
f 2290/1488/60 2285/1489/60 2284/1489/60
f 2294/1461/60 2289/1459/60 2288/1459/60
f 2298/1490/60 2293/1491/60 2292/1491/60
f 2302/1492/60 2297/1493/60 2296/1493/60
f 2306/1494/60 2301/1452/60 2300/1452/60
f 2310/1495/60 2305/1496/60 2304/1496/60
f 2315/1497/59 2348/1497/59 2281/1498/59
f 2369/1480/30 2368/1480/30 2332/1477/30
f 2286/1487/28 2287/1487/28 2323/1499/28
f 2351/1464/30 2350/1464/30 2391/1465/30
f 2397/1501/25 2394/1454/25 2301/1452/25
f 2394/1454/25 2395/1453/25 2301/1452/25
f 2301/1452/25 2306/1494/25 2397/1501/25
f 2284/1489/30 2285/1489/30 2339/1462/30
f 2310/1495/28 2311/1495/28 2314/1451/28
f 2291/1488/26 2284/1489/26 2324/1462/26
f 2285/1489/25 2290/1488/25 2342/1463/25
f 2282/1485/28 2283/1485/28 2325/1468/28
f 2308/1449/30 2309/1449/30 2348/1497/30
f 2361/1481/28 2360/1481/28 2379/1502/28
f 2393/1460/25 2341/1506/25 2289/1459/25
f 2289/1459/25 2294/1461/25 2393/1460/25
f 2377/1466/59 2390/1466/59 2340/1499/59
f 2373/1454/59 2394/1454/59 2397/1501/59
f 2283/1485/26 2355/1486/26 2327/1467/26
f 2354/1486/25 2282/1485/25 2338/1468/25
f 2353/1483/28 2352/1483/28 2326/1470/28
f 2304/1496/30 2305/1496/30 2347/1450/30
f 2352/1483/26 2359/1484/26 2329/1469/26
f 2358/1484/25 2353/1483/25 2337/1470/25
f 2355/1486/30 2354/1486/30 2336/1467/30
f 2302/1492/28 2303/1492/28 2317/1456/28
f 2367/1474/30 2366/1474/30 2385/1475/30
f 2340/1499/25 2390/1466/25 2286/1487/25
f 2390/1466/25 2391/1465/25 2350/1464/25
f 2357/1482/28 2356/1482/28 2328/1504/28
f 2294/1461/28 2295/1461/28 2375/1503/28
f 2363/1471/30 2362/1471/30 2387/1472/30
f 2335/1504/25 2386/1473/25 2357/1482/25
f 2386/1473/25 2387/1472/25 2362/1471/25
f 2359/1484/30 2358/1484/30 2334/1469/30
f 2298/1490/28 2299/1490/28 2318/1458/28
f 2364/1479/26 2369/1480/26 2331/1477/26
f 2368/1480/25 2365/1479/25 2333/1478/25
f 2383/1476/59 2384/1476/59 2389/1505/59
f 2296/1493/30 2297/1493/30 2344/1455/30
f 2312/1448/26 2308/1449/26 2315/1497/26
f 2309/1449/25 2313/1448/25 2281/1498/25
f 2381/1473/59 2386/1473/59 2335/1504/59
f 2322/1506/59 2341/1506/59 2393/1460/59
f 2311/1495/26 2304/1496/26 2316/1450/26
f 2305/1496/25 2310/1495/25 2349/1451/25
f 2365/1479/28 2364/1479/28 2330/1478/28
f 2292/1491/30 2293/1491/30 2343/1457/30
f 2300/1452/30 2301/1452/30 2395/1453/30
f 2389/1505/25 2384/1476/25 2366/1474/25
f 2384/1476/25 2385/1475/25 2366/1474/25
f 2366/1474/25 2361/1481/25 2389/1505/25
f 2290/1488/28 2291/1488/28 2321/1463/28
f 2303/1492/26 2296/1493/26 2319/1455/26
f 2297/1493/25 2302/1492/25 2346/1456/25
f 2288/1459/30 2289/1459/30 2341/1506/30
f 2313/1448/28 2312/1448/28 2280/1498/28
f 2299/1490/26 2292/1491/26 2320/1457/26
f 2293/1491/25 2298/1490/25 2345/1458/25
f 2397/1501/31 2396/1500/31 2371/1500/31
f 2373/1454/43 2372/1453/43 2395/1453/43
f 2393/1460/31 2392/1503/31 2375/1503/31
f 2377/1466/43 2376/1465/43 2391/1465/43
f 2389/1505/31 2388/1502/31 2379/1502/31
f 2381/1473/43 2380/1472/43 2387/1472/43
f 2383/1476/43 2382/1475/43 2385/1475/43
f 2306/1494/28 2307/1494/28 2371/1500/28
f 2447/1509/28 2402/1555/28 2444/1528/28
f 2444/1528/28 2439/1507/28 2447/1509/28
f 2400/1510/108 2410/1563/108 2409/1511/108
f 2453/1515/28 2407/1566/28 2428/1533/28
f 2428/1533/28 2423/1513/28 2453/1515/28
f 2411/1516/108 2413/1550/108 2406/1517/108
f 2451/1521/28 2448/1554/28 2431/1519/28
f 2448/1554/28 2449/1567/28 2436/1538/28
f 2431/1519/28 2448/1554/28 2436/1538/28
f 2414/1522/108 2415/1546/108 2404/1523/108
f 2416/1525/108 2401/1565/108 2398/1526/108
f 2444/1528/109 2445/1551/109 2438/1529/109
f 2424/1530/109 2425/1568/109 2419/1531/109
f 2428/1533/109 2429/1556/109 2422/1534/109
f 2432/1535/109 2433/1549/109 2426/1536/109
f 2436/1538/109 2437/1559/109 2430/1539/109
f 2440/1540/109 2441/1558/109 2434/1541/109
f 2421/1543/109 2420/1564/109 2442/1544/109
f 2434/1541/30 2441/1558/30 2415/1546/30
f 2423/1513/110 2422/1534/110 2455/1547/110
f 2431/1519/111 2430/1539/111 2457/1548/111
f 2433/1549/112 2432/1535/112 2406/1517/112
f 2417/1562/30 2460/1552/30 2445/1551/30
f 2460/1552/30 2461/1570/30 2438/1529/30
f 2435/1542/110 2434/1541/110 2414/1522/110
f 2432/1535/28 2427/1537/28 2408/1518/28
f 2456/1553/108 2459/1561/108 2448/1554/108
f 2411/1516/30 2426/1536/30 2433/1549/30
f 2460/1552/108 2417/1562/108 2402/1555/108
f 2412/1569/30 2454/1557/30 2429/1556/30
f 2454/1557/162 2455/1547/162 2422/1534/162
f 2441/1558/112 2440/1540/112 2404/1523/112
f 2459/1561/30 2456/1553/30 2437/1559/30
f 2456/1553/162 2457/1548/162 2430/1539/162
f 2437/1559/30 2456/1553/30 2430/1539/30
f 2443/1545/110 2442/1544/110 2416/1525/110
f 2409/1511/28 2424/1530/28 2418/1532/28
f 2445/1551/113 2444/1528/113 2402/1555/113
f 2418/1532/110 2419/1531/110 2400/1510/110
f 2419/1531/30 2425/1568/30 2410/1563/30
f 2421/1543/28 2443/1545/28 2403/1527/28
f 2420/1564/112 2421/1543/112 2398/1526/112
f 2416/1525/30 2442/1544/30 2420/1564/30
f 2454/1557/108 2412/1569/108 2407/1566/108
f 2437/1559/112 2436/1538/112 2449/1567/112
f 2425/1568/112 2424/1530/112 2409/1511/112
f 2427/1537/110 2426/1536/110 2411/1516/110
f 2404/1523/28 2440/1540/28 2435/1542/28
f 2429/1556/112 2428/1533/112 2407/1566/112
f 2453/1515/114 2452/1514/114 2455/1547/114
f 2451/1521/114 2450/1520/114 2457/1548/114
f 2459/1561/115 2458/1560/115 2449/1567/115
f 2447/1509/114 2446/1508/114 2461/1570/114
f 2439/1507/110 2438/1529/110 2461/1570/110
f 2468/1571/59 2469/1571/59 2466/1572/59
f 2464/1573/25 2466/1572/25 2469/1571/25
f 2463/1574/26 2468/1571/26 2467/1572/26
f 2465/1574/30 2469/1571/30 2468/1571/30
f 2462/1573/28 2467/1572/28 2466/1572/28
f 2474/1575/59 2477/1576/59 2476/1576/59
f 2477/1576/25 2474/1575/25 2472/1577/25
f 2475/1575/26 2476/1576/26 2471/1578/26
f 2476/1576/28 2477/1576/28 2473/1578/28
f 2474/1575/30 2475/1575/30 2470/1577/30
f 2482/1572/59 2485/1571/59 2484/1571/59
f 2485/1571/26 2482/1572/26 2480/1573/26
f 2483/1572/25 2484/1571/25 2479/1574/25
f 2484/1571/30 2485/1571/30 2481/1574/30
f 2482/1572/28 2483/1572/28 2478/1573/28
f 2492/1576/59 2493/1576/59 2490/1575/59
f 2488/1577/26 2490/1575/26 2493/1576/26
f 2487/1578/25 2492/1576/25 2491/1575/25
f 2489/1578/28 2493/1576/28 2492/1576/28
f 2486/1577/30 2491/1575/30 2490/1575/30
f 2500/1579/59 2501/1579/59 2498/1580/59
f 2496/1581/25 2498/1580/25 2501/1579/25
f 2495/1582/26 2500/1579/26 2499/1580/26
f 2497/1582/30 2501/1579/30 2500/1579/30
f 2494/1581/28 2499/1580/28 2498/1580/28
f 2506/1580/59 2509/1579/59 2508/1579/59
f 2509/1579/26 2506/1580/26 2504/1581/26
f 2507/1580/25 2508/1579/25 2503/1582/25
f 2508/1579/30 2509/1579/30 2505/1582/30
f 2506/1580/28 2507/1580/28 2502/1581/28
f 2516/1583/59 2517/1583/59 2514/1584/59
f 2512/1585/25 2514/1584/25 2517/1583/25
f 2511/1586/26 2516/1583/26 2515/1584/26
f 2513/1586/30 2517/1583/30 2516/1583/30
f 2510/1585/28 2515/1584/28 2514/1584/28
f 2522/1584/59 2525/1583/59 2524/1583/59
f 2525/1583/26 2522/1584/26 2520/1585/26
f 2523/1584/25 2524/1583/25 2519/1586/25
f 2524/1583/30 2525/1583/30 2521/1586/30
f 2522/1584/28 2523/1584/28 2518/1585/28
f 2528/1587/25 2530/1590/25 2533/1588/25
f 2526/1587/26 2527/1589/26 2532/1588/26
f 2529/1589/60 2533/1588/60 2532/1588/60
f 2526/1587/59 2531/1590/59 2530/1590/59
f 2541/1588/26 2538/1590/26 2536/1587/26
f 2534/1587/25 2539/1590/25 2540/1588/25
f 2540/1588/60 2541/1588/60 2537/1591/60
f 2538/1590/59 2539/1590/59 2534/1587/59
f 2544/1592/25 2546/1595/25 2549/1593/25
f 2542/1592/26 2543/1594/26 2548/1593/26
f 2545/1594/60 2549/1593/60 2548/1593/60
f 2542/1592/59 2547/1595/59 2546/1595/59
f 2557/1593/26 2554/1595/26 2552/1592/26
f 2550/1592/25 2555/1595/25 2556/1593/25
f 2556/1593/60 2557/1593/60 2553/1596/60
f 2554/1595/59 2555/1595/59 2550/1592/59
f 2561/1597/28 2560/1598/28 2562/1598/28
f 2559/1600/30 2564/1602/30 2563/1601/30
f 2561/1597/60 2565/1599/60 2564/1602/60
f 2558/1601/59 2563/1601/59 2562/1598/59
f 2569/1603/30 2573/2993/30 2570/1604/30
f 2571/1605/28 2572/1607/28 2567/1606/28
f 2572/1607/60 2573/2993/60 2569/1603/60
f 2570/1604/59 2571/1605/59 2566/1605/59
f 2576/1608/25 2578/1611/25 2581/1609/25
f 2575/1610/26 2580/1609/26 2579/1611/26
f 2577/1610/60 2581/1609/60 2580/1609/60
f 2574/1608/59 2579/1611/59 2578/1611/59
f 2579/1611/30 2580/1609/30 2581/1609/30
f 2577/1610/28 2575/1610/28 2574/1608/28
f 2589/1609/26 2586/1611/26 2584/1608/26
f 2587/1611/25 2588/1609/25 2583/1610/25
f 2588/1609/60 2589/1609/60 2585/1610/60
f 2586/1611/59 2587/1611/59 2582/1608/59
f 2589/1609/30 2588/1609/30 2587/1611/30
f 2582/1608/28 2583/1610/28 2585/1610/28
f 2591/1612/28 2593/2994/28 2592/1613/28
f 2597/1615/30 2595/2995/30 2594/1616/30
f 2596/1617/60 2594/1616/60 2590/1614/60
f 2599/1618/28 2601/1621/28 2600/1619/28
f 2601/1621/25 2605/2996/25 2604/1622/25
f 2603/1623/26 2599/1618/26 2598/1620/26
f 2604/1622/60 2602/1624/60 2598/1620/60
f 2608/1625/30 2609/1629/30 2607/1626/30
f 2612/1628/25 2613/2997/25 2609/1629/25
f 2606/1627/26 2607/1626/26 2611/1630/26
f 2606/1627/60 2610/1631/60 2612/1628/60
f 2615/1632/28 2617/1632/28 2616/1633/28
f 2619/1634/60 2618/1634/60 2614/1633/60
f 2619/1634/30 2621/1635/30 2620/1635/30
f 2624/1636/30 2625/1637/30 2623/1637/30
f 2622/1636/60 2626/1638/60 2627/1638/60
f 2628/1639/28 2629/1639/28 2627/1638/28
f 2631/1640/28 2633/1640/28 2632/1641/28
f 2633/1640/25 2637/1643/25 2636/1642/25
f 2637/1643/30 2635/1643/30 2634/1642/30
f 2635/1643/26 2631/1640/26 2630/1641/26
f 2636/1642/60 2634/1642/60 2630/1641/60
f 2639/1644/116 2641/1644/116 2640/1645/116
f 2641/1644/25 2645/1647/25 2644/1646/25
f 2645/1647/117 2643/1647/117 2642/1646/117
f 2642/1646/26 2643/1647/26 2639/1644/26
f 2644/1646/118 2642/1646/118 2638/1645/118
f 2641/1644/59 2639/1644/59 2643/1647/59
f 2648/1648/119 2649/1649/119 2647/1649/119
f 2652/1650/25 2653/1651/25 2649/1649/25
f 2650/1650/120 2651/1651/120 2653/1651/120
f 2650/1650/26 2646/1648/26 2647/1649/26
f 2648/1648/121 2646/1648/121 2650/1650/121
f 2651/1651/59 2647/1649/59 2649/1649/59
f 2796/1652/77 2801/1653/77 2800/1653/77
f 2792/1654/77 2799/1655/77 2798/1655/77
f 2788/1657/77 2795/1658/77 2794/1658/77
f 2784/1659/77 2791/1660/77 2790/1660/77
f 2780/1662/77 2787/1663/77 2786/1663/77
f 2776/1664/77 2783/1665/77 2782/1665/77
f 2772/1666/77 2779/1667/77 2778/1667/77
f 2768/1668/77 2775/1705/77 2774/1669/77
f 2663/1670/78 2763/1671/78 2762/1671/78
f 2667/1672/78 2660/1673/78 2661/1673/78
f 2671/1674/78 2664/1719/78 2665/1675/78
f 2675/1676/78 2668/1677/78 2669/1677/78
f 2679/1678/78 2672/1679/78 2673/1679/78
f 2683/1680/78 2676/1681/78 2677/1681/78
f 2687/1682/78 2680/1683/78 2681/1683/78
f 2691/1684/122 2684/1685/122 2685/1685/122
f 2688/1686/77 2771/1697/77 2770/1687/77
f 2659/1688/78 2767/1689/78 2766/1689/78
f 2764/1690/78 2688/1686/78 2689/1686/78
f 2714/1691/123 2677/1681/123 2676/1681/123
f 2710/1693/26 2654/1694/26 2690/1684/26
f 2709/1693/25 2684/1685/25 2691/1684/25
f 2746/1695/124 2796/1652/124 2797/1652/124
f 2728/1696/123 2770/1687/123 2771/1697/123
f 2702/1698/124 2675/1676/124 2674/1676/124
f 2728/1696/26 2656/1699/26 2689/1686/26
f 2761/1696/25 2771/1697/25 2688/1686/25
f 2742/1700/123 2798/1655/123 2799/1655/123
f 2758/1701/124 2772/1666/124 2773/1666/124
f 2716/1702/123 2673/1679/123 2672/1679/123
f 2730/1703/26 2729/1704/26 2769/1668/26
f 2759/1703/25 2775/1705/25 2768/1668/25
f 2730/1703/123 2774/1669/123 2775/1705/123
f 2700/1706/124 2671/1674/124 2670/1674/124
f 2732/1707/26 2731/1701/26 2773/1666/26
f 2757/1707/25 2779/1667/25 2772/1666/25
f 2744/1708/123 2800/1653/123 2801/1653/123
f 2756/1709/124 2776/1664/124 2777/1664/124
f 2718/1710/123 2669/1677/123 2668/1677/123
f 2734/1711/26 2733/1709/26 2777/1664/26
f 2727/1712/26 2765/1690/26 2689/1686/26
f 2755/1711/91 2783/1665/91 2776/1664/91
f 2692/1712/25 2657/1699/25 2688/1686/25
f 2732/1707/123 2778/1667/123 2779/1667/123
f 2698/1713/124 2667/1672/124 2666/1672/124
f 2736/1714/26 2735/1717/26 2781/1662/26
f 2725/1715/26 2658/1688/26 2766/1689/26
f 2753/1714/91 2787/1663/91 2780/1662/91
f 2694/1715/25 2693/1716/25 2767/1689/25
f 2754/1717/124 2780/1662/124 2781/1662/124
f 2720/1718/123 2665/1675/123 2664/1719/123
f 2738/1720/26 2737/1723/26 2785/1661/26
f 2723/1721/26 2662/1670/26 2762/1671/26
f 2751/1720/25 2791/1660/25 2784/1659/25
f 2696/1721/25 2695/1722/25 2763/1671/25
f 2734/1711/123 2782/1665/123 2783/1665/123
f 2696/1721/124 2663/1670/124 2662/1670/124
f 2740/1724/26 2739/1726/26 2789/1657/26
f 2721/1713/26 2666/1672/26 2661/1673/26
f 2749/1724/91 2795/1658/91 2788/1657/91
f 2698/1713/25 2697/1725/25 2660/1673/25
f 2752/1723/128 2784/1659/128 2785/1661/128
f 2722/1725/123 2661/1673/123 2660/1673/123
f 2708/1727/124 2687/1682/124 2686/1682/124
f 2742/1700/26 2741/1728/26 2793/1656/26
f 2719/1706/26 2670/1674/26 2665/1675/26
f 2747/1700/91 2799/1655/91 2792/1654/91
f 2700/1706/25 2699/1718/25 2664/1719/25
f 2736/1714/123 2786/1663/123 2787/1663/123
f 2694/1715/124 2659/1688/124 2658/1688/124
f 2710/1693/123 2685/1685/123 2684/1685/123
f 2744/1708/26 2743/1695/26 2797/1652/26
f 2717/1698/26 2674/1676/26 2669/1677/26
f 2745/1708/91 2801/1653/91 2796/1652/91
f 2702/1698/25 2701/1710/25 2668/1677/25
f 2750/1726/126 2788/1657/126 2789/1657/126
f 2724/1722/123 2762/1671/123 2763/1671/123
f 2706/1729/124 2683/1680/124 2682/1680/124
f 2715/1730/26 2678/1678/26 2673/1679/26
f 2704/1730/25 2703/1702/25 2672/1679/25
f 2738/1720/123 2790/1660/123 2791/1660/123
f 2692/1712/124 2764/1690/124 2765/1690/124
f 2712/1731/123 2681/1683/123 2680/1683/123
f 2713/1729/26 2682/1680/26 2677/1681/26
f 2706/1729/25 2705/1692/25 2676/1681/25
f 2748/1728/124 2792/1654/124 2793/1656/124
f 2726/1716/123 2766/1689/123 2767/1689/123
f 2704/1730/124 2679/1678/124 2678/1678/124
f 2711/1727/26 2686/1682/26 2681/1683/26
f 2708/1727/25 2707/1731/25 2680/1683/25
f 2740/1724/123 2794/1658/123 2795/1658/123
f 2760/1704/124 2768/1668/124 2769/1668/124
f 2944/1732/96 2945/1732/96 2940/1733/96
f 2942/1734/96 2943/1734/96 2936/1735/96
f 2938/1737/96 2939/1737/96 2932/1738/96
f 2934/1739/96 2935/1739/96 2928/1740/96
f 2930/1742/96 2931/1742/96 2924/1743/96
f 2926/1744/96 2927/1744/96 2920/1745/96
f 2922/1746/96 2923/1746/96 2916/1747/96
f 2918/1748/96 2919/1783/96 2912/1749/96
f 2906/1750/97 2907/1750/97 2809/1751/97
f 2807/1752/97 2806/1752/97 2813/1753/97
f 2811/1754/97 2810/1796/97 2817/1755/97
f 2815/1756/97 2814/1756/97 2821/1757/97
f 2819/1758/97 2818/1758/97 2825/1759/97
f 2823/1760/97 2822/1760/97 2829/1761/97
f 2827/1762/97 2826/1762/97 2833/1763/97
f 2831/1764/129 2830/1764/129 2691/1684/129
f 2914/1765/96 2915/1774/96 2834/1766/96
f 2910/1767/97 2911/1767/97 2805/1768/97
f 2835/1766/97 2834/1766/97 2908/1769/97
f 2822/1760/130 2823/1760/130 2858/1770/130
f 2854/1772/26 2831/1764/26 2690/1684/26
f 2691/1684/25 2830/1764/25 2853/1772/25
f 2941/1733/131 2940/1733/131 2890/1773/131
f 2915/1774/130 2914/1765/130 2872/1775/130
f 2820/1757/131 2821/1757/131 2846/1776/131
f 2872/1775/26 2914/1765/26 2835/1766/26
f 2834/1766/25 2915/1774/25 2905/1775/25
f 2943/1734/130 2942/1734/130 2886/1778/130
f 2917/1747/131 2916/1747/131 2902/1779/131
f 2818/1758/130 2819/1758/130 2860/1780/130
f 2874/1781/26 2918/1748/26 2913/1749/26
f 2912/1749/25 2919/1783/25 2903/1781/25
f 2919/1783/130 2918/1748/130 2874/1781/130
f 2816/1755/131 2817/1755/131 2844/1784/131
f 2876/1785/26 2922/1746/26 2917/1747/26
f 2916/1747/25 2923/1746/25 2901/1785/25
f 2945/1732/130 2944/1732/130 2888/1786/130
f 2921/1745/131 2920/1745/131 2900/1787/131
f 2814/1756/130 2815/1756/130 2862/1788/130
f 2878/1789/26 2926/1744/26 2921/1745/26
f 2835/1766/26 2909/1769/26 2871/1790/26
f 2920/1745/125 2927/1744/125 2899/1789/125
f 2836/1790/25 2908/1769/25 2834/1766/25
f 2923/1746/130 2922/1746/130 2876/1785/130
f 2812/1753/131 2813/1753/131 2842/1791/131
f 2880/1792/26 2930/1742/26 2925/1743/26
f 2910/1767/26 2804/1768/26 2869/1794/26
f 2924/1743/125 2931/1742/125 2897/1792/125
f 2838/1794/25 2805/1768/25 2911/1767/25
f 2925/1743/133 2924/1743/133 2898/1793/133
f 2810/1796/130 2811/1754/130 2864/1797/130
f 2882/1798/26 2934/1739/26 2929/1741/26
f 2906/1750/26 2808/1751/26 2867/1800/26
f 2928/1740/25 2935/1739/25 2895/1798/25
f 2840/1800/25 2809/1751/25 2907/1750/25
f 2927/1744/130 2926/1744/130 2878/1789/130
f 2808/1751/131 2809/1751/131 2840/1800/131
f 2884/1802/26 2938/1737/26 2933/1738/26
f 2807/1752/26 2812/1753/26 2865/1791/26
f 2932/1738/125 2939/1737/125 2893/1802/125
f 2842/1791/25 2813/1753/25 2806/1752/25
f 2929/1741/132 2928/1740/132 2896/1799/132
f 2806/1752/130 2807/1752/130 2866/1804/130
f 2832/1763/131 2833/1763/131 2852/1805/131
f 2886/1778/26 2942/1734/26 2937/1736/26
f 2811/1754/26 2816/1755/26 2863/1784/26
f 2936/1735/125 2943/1734/125 2891/1778/125
f 2844/1784/25 2817/1755/25 2810/1796/25
f 2931/1742/130 2930/1742/130 2880/1792/130
f 2804/1768/131 2805/1768/131 2838/1794/131
f 2830/1764/130 2831/1764/130 2854/1772/130
f 2888/1786/26 2944/1732/26 2941/1733/26
f 2815/1756/26 2820/1757/26 2861/1776/26
f 2940/1733/125 2945/1732/125 2889/1786/125
f 2846/1776/25 2821/1757/25 2814/1756/25
f 2933/1738/133 2932/1738/133 2894/1803/133
f 2907/1750/130 2906/1750/130 2868/1801/130
f 2828/1761/131 2829/1761/131 2850/1807/131
f 2819/1758/26 2824/1759/26 2859/1808/26
f 2848/1808/25 2825/1759/25 2818/1758/25
f 2935/1739/130 2934/1739/130 2882/1798/130
f 2909/1769/131 2908/1769/131 2836/1790/131
f 2826/1762/130 2827/1762/130 2856/1809/130
f 2823/1760/26 2828/1761/26 2857/1807/26
f 2850/1807/25 2829/1761/25 2822/1760/25
f 2937/1736/131 2936/1735/131 2892/1806/131
f 2911/1767/130 2910/1767/130 2870/1795/130
f 2824/1759/131 2825/1759/131 2848/1808/131
f 2827/1762/26 2832/1763/26 2855/1805/26
f 2852/1805/25 2833/1763/25 2826/1762/25
f 2939/1737/163 2938/1737/163 2884/1802/163
f 2913/1749/131 2912/1749/131 2904/1782/131
f 2954/1810/59 2959/1811/59 2958/1811/59
f 2957/1812/60 2961/1813/60 2960/1813/60
f 2949/1814/60 2953/1813/60 2952/1813/60
f 2946/1810/59 2951/1811/59 2950/1811/59
f 2948/1810/26 2950/1811/26 2953/1813/26
f 2947/1814/25 2952/1813/25 2951/1811/25
f 2956/1810/26 2958/1811/26 2961/1813/26
f 2954/1810/25 2955/1812/25 2960/1813/25
f 2962/1815/59 2967/1811/59 2966/1811/59
f 2963/1812/60 2965/1812/60 2969/1816/60
f 2964/1815/26 2966/1811/26 2969/1816/26
f 2963/1812/25 2968/1816/25 2967/1811/25
f 2970/1815/59 2975/1817/59 2974/1817/59
f 2973/1818/60 2977/1816/60 2976/1816/60
f 2972/1815/26 2974/1817/26 2977/1816/26
f 2971/1818/25 2976/1816/25 2975/1817/25
f 2983/1819/60 2981/1820/60 2979/1820/60
f 2978/1821/59 2984/1821/59 2985/1822/59
f 2979/1820/26 2978/1821/26 2980/1822/26
f 2984/1821/25 2981/1820/25 2983/1819/25
f 2991/1823/60 2989/1824/60 2987/1824/60
f 2986/1825/59 2992/1825/59 2993/1826/59
f 2987/1824/26 2986/1825/26 2988/1826/26
f 2992/1825/25 2989/1824/25 2991/1823/25
f 2992/1825/30 2986/1825/30 2987/1824/30
f 2995/1827/60 2996/1827/60 2991/1823/60
f 2993/1826/59 2997/1828/59 2994/1828/59
f 2988/1826/26 2994/1828/26 2995/1827/26
f 2991/1823/25 2996/1827/25 2997/1828/25
f 2995/1827/28 2994/1828/28 2997/1828/28
f 2999/1829/59 3003/1830/59 3002/1830/59
f 3001/1829/25 3002/1830/25 3004/1831/25
f 2998/1832/26 3005/1831/26 3003/1830/26
f 2998/1832/60 3000/1832/60 3004/1831/60
f 3012/1833/59 3019/1834/59 3018/1834/59
f 3013/1835/60 3021/1836/60 3020/1836/60
f 3010/1835/26 3008/1837/26 3009/1837/26
f 3014/1838/25 3018/1834/25 3019/1834/25
f 3008/1837/28 3014/1838/28 3006/1839/28
f 3017/1840/30 3007/1839/30 3015/1838/30
f 3020/1836/28 3011/1833/28 3018/1834/28
f 3013/1835/30 3019/1834/30 3012/1833/30
f 3013/1835/30 3009/1837/30 3015/1838/30
f 3021/1836/30 3012/1833/30 3007/1839/30
f 3020/1836/28 3016/1840/28 3006/1839/28
f 3010/1835/28 3018/1834/28 3014/1838/28
f 3017/1840/59 3009/1837/59 3008/1837/59
f 3016/1840/25 3020/1836/25 3021/1836/25
f 3025/1841/28 3024/1849/28 3023/1842/28
f 3035/1844/135 3038/1844/135 3041/1845/135
f 3033/1843/136 3026/1843/136 3023/1842/136
f 3028/1846/137 3022/1846/137 3026/1843/137
f 3037/1847/28 3025/1841/28 3026/1843/28
f 3039/1848/28 3040/1850/28 3041/1845/28
f 3024/1849/28 3039/1848/28 3038/1844/28
f 3036/1848/138 3039/1848/138 3024/1849/138
f 3031/1849/138 3024/1849/138 3025/1841/138
f 3030/1850/139 3040/1850/139 3039/1848/139
f 3034/1841/140 3025/1841/140 3037/1847/140
f 3032/1842/136 3023/1842/136 3038/1844/136
f 3027/1847/30 3028/1846/30 3033/1843/30
f 3034/1841/30 3033/1843/30 3032/1842/30
f 3031/1849/30 3032/1842/30 3035/1844/30
f 3036/1848/30 3035/1844/30 3029/1845/30
f 3071/1851/30 3086/1870/30 3042/1852/30
f 3206/1854/26 3080/1854/26 3097/1855/26
f 3208/1856/26 3078/1856/26 3095/1857/26
f 3210/1858/26 3074/1858/26 3091/1859/26
f 3056/1860/28 3065/1873/28 3064/1861/28
f 3224/1863/25 3088/1863/25 3073/1864/25
f 3058/1865/28 3068/1871/28 3067/1866/28
f 3214/1868/26 3070/1868/26 3087/1869/26
f 3044/1853/28 3045/1852/28 3069/1870/28
f 3073/1864/30 3088/1863/30 3087/1869/30
f 3075/1867/30 3090/1866/30 3089/1871/30
f 3077/1872/30 3092/1888/30 3091/1859/30
f 3079/1862/30 3094/1861/30 3093/1873/30
f 3081/1874/30 3096/1886/30 3095/1857/30
f 3083/1875/30 3098/1884/30 3097/1855/30
f 3085/1876/30 3100/1882/30 3099/1877/30
f 3047/1879/30 3049/1893/30 3101/1880/30
f 3101/1880/26 3060/1880/26 3051/1881/26
f 3061/1882/25 3100/1882/25 3085/1876/25
f 3205/1883/28 3216/1972/28 3061/1882/28
f 3062/1884/25 3098/1884/25 3083/1875/25
f 3207/1885/28 3218/1973/28 3062/1884/28
f 3063/1886/25 3096/1886/25 3081/1874/25
f 3209/1887/28 3220/1974/28 3063/1886/28
f 3064/1861/25 3094/1861/25 3079/1862/25
f 3056/1860/26 3076/1860/26 3093/1873/26
f 3066/1888/25 3092/1888/25 3077/1872/25
f 3211/1889/28 3222/1975/28 3066/1888/28
f 3067/1866/25 3090/1866/25 3075/1867/25
f 3215/1890/28 3226/1976/28 3225/1891/28
f 3058/1865/26 3072/1865/26 3089/1871/26
f 3069/1870/25 3086/1870/25 3071/1851/25
f 3051/1881/28 3060/1880/28 3048/1893/28
f 3105/1894/28 3106/1899/28 3103/1895/28
f 3121/1897/141 3118/1898/141 3115/1898/141
f 3103/1895/142 3106/1899/142 3113/1899/142
f 3106/1899/143 3102/1900/143 3108/1900/143
f 3117/1901/28 3102/1900/28 3106/1899/28
f 3119/1902/28 3118/1898/28 3121/1897/28
f 3104/1896/28 3103/1895/28 3118/1898/28
f 3104/1896/144 3119/1902/144 3116/1902/144
f 3105/1894/144 3104/1896/144 3111/1896/144
f 3119/1902/145 3120/1903/145 3110/1903/145
f 3117/1901/146 3105/1894/146 3114/1894/146
f 3118/1898/142 3103/1895/142 3112/1895/142
f 3107/1901/30 3114/1894/30 3113/1899/30
f 3114/1894/30 3111/1896/30 3112/1895/30
f 3111/1896/30 3116/1902/30 3115/1898/30
f 3116/1902/30 3110/1903/30 3109/1897/30
f 3128/1904/25 3186/1953/25 3166/1905/25
f 3130/1907/26 3133/1933/26 3150/1908/26
f 3132/1910/26 3134/1969/26 3152/1911/26
f 3230/1913/30 3173/1913/30 3193/1914/30
f 3197/1915/25 3267/1980/25 3256/1916/25
f 3137/1918/26 3138/1942/26 3156/1919/26
f 3234/1921/30 3178/1921/30 3198/1922/30
f 3162/1923/28 3269/1923/28 3258/1924/28
f 3250/1925/28 3201/1925/28 3182/1926/28
f 3142/1927/26 3144/1949/26 3161/1928/26
f 3143/1924/26 3145/1950/26 3163/1930/26
f 3146/1931/26 3125/1952/26 3127/1831/26
f 3185/1909/25 3187/1908/25 3168/1933/25
f 3264/1934/25 3196/1962/25 3176/1935/25
f 3188/1937/25 3191/1966/25 3171/1938/25
f 3190/1940/25 3193/1914/25 3173/1913/25
f 3192/1920/25 3194/1919/25 3175/1942/25
f 3244/1943/28 3265/1943/28 3254/1944/28
f 3195/1945/25 3198/1922/25 3178/1921/25
f 3236/1947/30 3257/1947/30 3266/1948/30
f 3199/1929/25 3200/1928/25 3181/1949/25
f 3145/1950/30 3261/1950/30 3270/1930/30
f 3201/1925/25 3203/1954/25 3183/1951/25
f 3202/1932/25 3129/1831/25 3124/1952/25
f 3122/1906/26 3131/1905/26 3148/1953/26
f 3165/1932/28 3202/1932/28 3184/1931/28
f 3147/1951/30 3183/1951/30 3203/1954/30
f 3238/1955/26 3147/1951/26 3164/1954/26
f 3268/1957/25 3271/1981/25 3260/1958/25
f 3144/1949/30 3181/1949/30 3200/1928/30
f 3160/1929/28 3199/1929/28 3180/1927/28
f 3141/1917/26 3237/1979/26 3248/1960/26
f 3159/1915/28 3197/1915/28 3179/1917/28
f 3139/1946/26 3235/1978/26 3246/1961/26
f 3158/1945/28 3195/1945/28 3177/1946/28
f 3140/1935/30 3176/1935/30 3196/1962/30
f 3232/1963/26 3140/1935/26 3157/1962/26
f 3138/1942/30 3175/1942/30 3194/1919/30
f 3155/1920/28 3192/1920/28 3174/1918/28
f 3135/1941/26 3231/1977/26 3242/1965/26
f 3154/1940/28 3190/1940/28 3172/1941/28
f 3136/1938/30 3171/1938/30 3191/1966/30
f 3228/1967/26 3136/1938/26 3153/1966/26
f 3134/1969/30 3169/1969/30 3189/1911/30
f 3262/1970/25 3189/1911/25 3169/1969/25
f 3133/1933/30 3168/1933/30 3187/1908/30
f 3149/1909/28 3185/1909/28 3167/1907/28
f 3131/1905/30 3166/1905/30 3186/1953/30
f 3205/1883/148 3204/1878/148 3217/1877/148
f 3207/1885/35 3206/1854/35 3219/1855/35
f 3209/1887/35 3208/1856/35 3221/1857/35
f 3211/1889/148 3210/1858/148 3223/1859/148
f 3225/1891/41 3224/1863/41 3213/1864/41
f 3215/1890/35 3214/1868/35 3227/1869/35
f 3204/1878/26 3082/1878/26 3099/1877/26
f 3241/1968/35 3240/1937/35 3229/1939/35
f 3231/1977/38 3230/1913/38 3243/1914/38
f 3245/1964/35 3244/1943/35 3233/1944/35
f 3235/1978/38 3234/1921/38 3247/1922/38
f 3237/1979/38 3236/1947/38 3249/1948/38
f 3251/1956/35 3250/1925/35 3239/1926/35
f 3240/1937/28 3188/1937/28 3170/1939/28
f 3253/1971/41 3252/1910/41 3263/1912/41
f 3255/1936/41 3254/1944/41 3265/1943/41
f 3267/1980/40 3266/1948/40 3257/1947/40
f 3259/1959/41 3258/1924/41 3269/1923/41
f 3271/1981/40 3270/1930/40 3261/1950/40
f 3151/1912/28 3263/1912/28 3252/1910/28
f 3273/1829/59 3277/1830/59 3276/1830/59
f 3275/1829/25 3276/1830/25 3278/1831/25
f 3272/1832/26 3279/1831/26 3277/1830/26
f 3272/1832/60 3274/1832/60 3278/1831/60
f 3286/1982/59 3293/1983/59 3292/1983/59
f 3287/1984/60 3295/1985/60 3294/1985/60
f 3284/1984/26 3282/1986/26 3283/1986/26
f 3288/1987/25 3292/1983/25 3293/1983/25
f 3282/1986/28 3288/1987/28 3280/1988/28
f 3291/1989/30 3281/1988/30 3289/1987/30
f 3294/1985/28 3285/1982/28 3292/1983/28
f 3287/1984/30 3293/1983/30 3286/1982/30
f 3287/1984/30 3283/1986/30 3289/1987/30
f 3295/1985/30 3286/1982/30 3281/1988/30
f 3294/1985/28 3290/1989/28 3280/1988/28
f 3284/1984/28 3292/1983/28 3288/1987/28
f 3291/1989/59 3283/1986/59 3282/1986/59
f 3290/1989/25 3294/1985/25 3295/1985/25
f 3299/1990/28 3298/1998/28 3297/1991/28
f 3309/1993/135 3312/1993/135 3315/1994/135
f 3307/1992/136 3300/1992/136 3297/1991/136
f 3302/1995/137 3296/1995/137 3300/1992/137
f 3311/1996/28 3299/1990/28 3300/1992/28
f 3313/1997/28 3314/1999/28 3315/1994/28
f 3298/1998/28 3313/1997/28 3312/1993/28
f 3310/1997/138 3313/1997/138 3298/1998/138
f 3305/1998/138 3298/1998/138 3299/1990/138
f 3304/1999/139 3314/1999/139 3313/1997/139
f 3308/1990/140 3299/1990/140 3311/1996/140
f 3306/1991/136 3297/1991/136 3312/1993/136
f 3301/1996/30 3302/1995/30 3307/1992/30
f 3308/1990/30 3307/1992/30 3306/1991/30
f 3305/1998/30 3306/1991/30 3309/1993/30
f 3310/1997/30 3309/1993/30 3303/1994/30
f 3347/2000/30 3360/2016/30 3316/2001/30
f 3490/2003/25 3367/2003/25 3353/2004/25
f 3328/2005/28 3338/2025/28 3337/2006/28
f 3329/2008/28 3340/2024/28 3339/2009/28
f 3482/2011/26 3351/2011/26 3366/2012/26
f 3332/2013/28 3342/2086/28 3341/2014/28
f 3496/2016/25 3360/2016/25 3347/2000/25
f 3334/2017/28 3345/2020/28 3344/2018/28
f 3349/2019/30 3362/2018/30 3361/2020/30
f 3350/2021/30 3364/2041/30 3363/2022/30
f 3329/2008/26 3501/2008/26 3504/2024/26
f 3353/2004/30 3367/2003/30 3366/2012/30
f 3357/2007/30 3370/2006/30 3369/2025/30
f 3359/2026/30 3372/2032/30 3371/2027/30
f 3321/2029/30 3323/2045/30 3373/2030/30
f 3373/2030/26 3335/2030/26 3325/2031/26
f 3336/2032/25 3372/2032/25 3359/2026/25
f 3479/2033/28 3488/2083/28 3336/2032/28
f 3337/2006/25 3370/2006/25 3357/2007/25
f 3328/2005/26 3354/2005/26 3369/2025/26
f 3339/2009/25 3368/2009/25 3355/2010/25
f 3355/2010/30 3368/2009/30 3505/2034/30
f 3483/2036/28 3492/2084/28 3491/2037/28
f 3484/2023/26 3348/2023/26 3363/2022/26
f 3341/2014/25 3365/2014/25 3352/2015/25
f 3352/2015/30 3365/2014/30 3503/2039/30
f 3343/2041/25 3364/2041/25 3350/2021/25
f 3344/2018/25 3362/2018/25 3349/2019/25
f 3485/2042/28 3494/2085/28 3343/2041/28
f 3334/2017/26 3346/2017/26 3361/2020/26
f 3318/2002/28 3319/2001/28 3497/2043/28
f 3325/2031/28 3335/2030/28 3322/2045/28
f 3377/2046/28 3378/2051/28 3375/2047/28
f 3393/2049/141 3390/2050/141 3387/2050/141
f 3375/2047/142 3378/2051/142 3385/2051/142
f 3378/2051/143 3374/2052/143 3380/2052/143
f 3389/2053/28 3374/2052/28 3378/2051/28
f 3391/2054/28 3390/2050/28 3393/2049/28
f 3376/2048/28 3375/2047/28 3390/2050/28
f 3383/2048/144 3376/2048/144 3391/2054/144
f 3377/2046/144 3376/2048/144 3383/2048/144
f 3391/2054/145 3392/2055/145 3382/2055/145
f 3389/2053/146 3377/2046/146 3386/2046/146
f 3390/2050/142 3375/2047/142 3384/2047/142
f 3379/2053/30 3386/2046/30 3385/2051/30
f 3386/2046/30 3383/2048/30 3384/2047/30
f 3383/2048/30 3388/2054/30 3387/2050/30
f 3388/2054/30 3382/2055/30 3381/2049/30
f 3400/1832/25 3460/2069/25 3440/2056/25
f 3402/2058/26 3405/2091/26 3423/2059/26
f 3404/2061/26 3406/2066/26 3425/2062/26
f 3508/2064/30 3445/2064/30 3465/2065/30
f 3407/1941/26 3409/1913/26 3427/1914/26
f 3408/1918/26 3411/1942/26 3429/1919/26
f 3410/1944/26 3413/1935/26 3431/1962/26
f 3522/1923/28 3473/1923/28 3455/1924/28
f 3414/1917/26 3416/1947/26 3434/1948/26
f 3415/1927/26 3417/1949/26 3436/1928/26
f 3514/1950/30 3456/1950/30 3476/1930/30
f 3418/1926/26 3420/1951/26 3438/1954/26
f 3419/1931/26 3397/1952/26 3399/1831/26
f 3409/1913/30 3529/1913/30 3538/1914/30
f 3461/2063/25 3463/2062/25 3443/2066/25
f 3462/2067/25 3465/2065/25 3445/2064/25
f 3433/1915/28 3541/1915/28 3530/1917/28
f 3466/1920/25 3468/1919/25 3448/1942/25
f 3467/1943/25 3470/1962/25 3450/1935/25
f 3469/1945/25 3471/1922/25 3452/1921/25
f 3416/1947/30 3533/1947/30 3542/1948/30
f 3472/1929/25 3474/1928/25 3454/1949/25
f 3473/1923/25 3476/1930/25 3456/1950/25
f 3477/1932/25 3401/1831/25 3396/1952/25
f 3394/2057/26 3403/2056/26 3421/2069/26
f 3439/1932/28 3477/1932/28 3458/1931/28
f 3475/1925/25 3545/2094/25 3534/2070/25
f 3437/1925/28 3475/1925/28 3457/1926/28
f 3512/2071/26 3515/2089/26 3524/2072/26
f 3417/1949/30 3454/1949/30 3474/1928/30
f 3435/1929/28 3472/1929/28 3453/1927/28
f 3420/1951/30 3535/1951/30 3544/1954/30
f 3540/2074/25 3543/2093/25 3532/2075/25
f 3412/1946/26 3511/2088/26 3520/2077/26
f 3432/1945/28 3469/1945/28 3451/1946/28
f 3413/1935/30 3450/1935/30 3470/1962/30
f 3430/1943/28 3467/1943/28 3449/1944/28
f 3411/1942/30 3448/1942/30 3468/1919/30
f 3428/1920/28 3466/1920/28 3447/1918/28
f 3464/1940/25 3539/2092/25 3528/2078/25
f 3426/1940/28 3464/1940/28 3446/1941/28
f 3510/1921/30 3452/1921/30 3471/1922/30
f 3506/2079/26 3509/2087/26 3518/2080/26
f 3406/2066/30 3443/2066/30 3463/2062/30
f 3424/2063/28 3461/2063/28 3442/2061/28
f 3459/2060/25 3537/2090/25 3526/2082/25
f 3422/2060/28 3459/2060/28 3441/2058/28
f 3403/2056/30 3440/2056/30 3460/2069/30
f 3479/2033/35 3478/2028/35 3489/2027/35
f 3491/2037/41 3490/2003/41 3481/2004/41
f 3483/2036/35 3482/2011/35 3493/2012/35
f 3485/2042/35 3484/2023/35 3495/2022/35
f 3497/2043/41 3496/2016/41 3487/2000/41
f 3478/2028/26 3356/2028/26 3371/2027/26
f 3503/2039/38 3502/2086/38 3499/2013/38
f 3505/2034/38 3504/2024/38 3501/2008/38
f 3332/2013/26 3499/2013/26 3502/2086/26
f 3517/2081/35 3516/2067/35 3507/2068/35
f 3509/2087/38 3508/2064/38 3519/2065/38
f 3511/2088/38 3510/1921/38 3521/1922/38
f 3523/2073/35 3522/1923/35 3513/1924/35
f 3515/2089/38 3514/1950/38 3525/1930/38
f 3516/2067/28 3462/2067/28 3444/2068/28
f 3537/2090/40 3536/2059/40 3527/2091/40
f 3539/2092/40 3538/1914/40 3529/1913/40
f 3531/2076/41 3530/1917/41 3541/1915/41
f 3543/2093/40 3542/1948/40 3533/1947/40
f 3545/2094/40 3544/1954/40 3535/1951/40
f 3405/2091/30 3527/2091/30 3536/2059/30
f 3547/2095/59 3551/2096/59 3550/2096/59
f 3549/2095/25 3550/2096/25 3552/2097/25
f 3546/2098/26 3553/2097/26 3551/2096/26
f 3546/2098/60 3548/2098/60 3552/2097/60
f 3560/2099/59 3567/2100/59 3566/2100/59
f 3561/2101/60 3569/2102/60 3568/2102/60
f 3558/2101/26 3556/2103/26 3557/2103/26
f 3562/2104/25 3566/2100/25 3567/2100/25
f 3556/2103/28 3562/2104/28 3554/2105/28
f 3565/2106/30 3555/2105/30 3563/2104/30
f 3568/2102/28 3559/2099/28 3566/2100/28
f 3561/2101/30 3567/2100/30 3560/2099/30
f 3561/2101/30 3557/2103/30 3563/2104/30
f 3569/2102/30 3560/2099/30 3555/2105/30
f 3568/2102/28 3564/2106/28 3554/2105/28
f 3558/2101/28 3566/2100/28 3562/2104/28
f 3565/2106/59 3557/2103/59 3556/2103/59
f 3564/2106/25 3568/2102/25 3569/2102/25
f 3573/2107/28 3572/2115/28 3571/2108/28
f 3583/2110/135 3586/2110/135 3589/2111/135
f 3581/2109/136 3574/2109/136 3571/2108/136
f 3576/2112/137 3570/2112/137 3574/2109/137
f 3585/2113/28 3573/2107/28 3574/2109/28
f 3587/2114/28 3588/2116/28 3589/2111/28
f 3572/2115/28 3587/2114/28 3586/2110/28
f 3584/2114/138 3587/2114/138 3572/2115/138
f 3579/2115/138 3572/2115/138 3573/2107/138
f 3578/2116/139 3588/2116/139 3587/2114/139
f 3582/2107/140 3573/2107/140 3585/2113/140
f 3580/2108/136 3571/2108/136 3586/2110/136
f 3575/2113/30 3576/2112/30 3581/2109/30
f 3582/2107/30 3581/2109/30 3580/2108/30
f 3579/2115/30 3580/2108/30 3583/2110/30
f 3584/2114/30 3583/2110/30 3577/2111/30
f 3623/2117/30 3638/2138/30 3590/2118/30
f 3601/2120/28 3612/2146/28 3611/2121/28
f 3760/2123/26 3628/2123/26 3645/2124/26
f 3604/2125/28 3615/2142/28 3614/2126/28
f 3770/2128/25 3642/2128/25 3627/2129/25
f 3606/2130/28 3618/2140/28 3617/2131/28
f 3764/2133/26 3624/2133/26 3641/2134/26
f 3609/2135/28 3620/2139/28 3619/2136/28
f 3592/2119/28 3593/2118/28 3621/2138/28
f 3625/2137/30 3640/2136/30 3639/2139/30
f 3627/2129/30 3642/2128/30 3641/2134/30
f 3629/2132/30 3644/2131/30 3643/2140/30
f 3631/2141/30 3646/2152/30 3645/2124/30
f 3633/2127/30 3648/2126/30 3647/2142/30
f 3635/2143/30 3650/2150/30 3649/2144/30
f 3637/2122/30 3652/2121/30 3651/2146/30
f 3595/2147/30 3597/2157/30 3653/2148/30
f 3653/2148/26 3610/2148/26 3599/2149/26
f 3611/2121/25 3652/2121/25 3637/2122/25
f 3601/2120/26 3634/2120/26 3651/2146/26
f 3613/2150/25 3650/2150/25 3635/2143/25
f 3759/2151/28 3766/2214/28 3613/2150/28
f 3614/2126/25 3648/2126/25 3633/2127/25
f 3604/2125/26 3630/2125/26 3647/2142/26
f 3616/2152/25 3646/2152/25 3631/2141/25
f 3761/2153/28 3768/2215/28 3616/2152/28
f 3617/2131/25 3644/2131/25 3629/2132/25
f 3606/2130/26 3626/2130/26 3643/2140/26
f 3765/2154/28 3772/2216/28 3771/2155/28
f 3619/2136/25 3640/2136/25 3625/2137/25
f 3609/2135/26 3622/2135/26 3639/2139/26
f 3621/2138/25 3638/2138/25 3623/2117/25
f 3599/2149/28 3610/2148/28 3596/2157/28
f 3657/2158/28 3658/2163/28 3655/2159/28
f 3673/2161/141 3670/2162/141 3667/2162/141
f 3655/2159/142 3658/2163/142 3665/2163/142
f 3658/2163/143 3654/2164/143 3660/2164/143
f 3669/2165/28 3654/2164/28 3658/2163/28
f 3671/2166/28 3670/2162/28 3673/2161/28
f 3656/2160/28 3655/2159/28 3670/2162/28
f 3663/2160/144 3656/2160/144 3671/2166/144
f 3657/2158/144 3656/2160/144 3663/2160/144
f 3671/2166/145 3672/2167/145 3662/2167/145
f 3669/2165/146 3657/2158/146 3666/2158/146
f 3670/2162/142 3655/2159/142 3664/2159/142
f 3659/2165/30 3666/2158/30 3665/2163/30
f 3666/2158/30 3663/2160/30 3664/2159/30
f 3663/2160/30 3668/2166/30 3667/2162/30
f 3668/2166/30 3662/2167/30 3661/2161/30
f 3680/2098/25 3739/2197/25 3720/2056/25
f 3682/2058/26 3684/2091/26 3703/2168/26
f 3776/1969/30 3723/1969/30 3743/2170/30
f 3685/1939/26 3687/1938/26 3705/2171/26
f 3686/1941/26 3689/1913/26 3707/2173/26
f 3780/1921/30 3731/1921/30 3751/2175/30
f 3690/2176/26 3692/2192/26 3710/2177/26
f 3782/2179/30 3735/2179/30 3755/2180/30
f 3693/2181/26 3695/2204/26 3713/2182/26
f 3694/2184/26 3697/2196/26 3715/2185/26
f 3698/1926/26 3700/1951/26 3718/2187/26
f 3699/1931/26 3677/1952/26 3679/2097/26
f 3706/2174/28 3807/2174/28 3796/1941/28
f 3740/2190/25 3743/2170/25 3723/1969/25
f 3742/2172/25 3744/2171/25 3725/1938/25
f 3689/1913/30 3799/1913/30 3808/2173/30
f 3745/2191/25 3747/2208/25 3727/1942/25
f 3746/2178/25 3749/2177/25 3729/2192/25
f 3748/2193/25 3751/2175/25 3731/1921/25
f 3716/2194/28 3813/2194/28 3802/2195/28
f 3752/2186/25 3753/2185/25 3734/2196/25
f 3754/2188/25 3757/2187/25 3737/1951/25
f 3756/2189/25 3681/2097/25 3676/1952/25
f 3674/2057/26 3683/2056/26 3701/2197/26
f 3719/2189/28 3756/2189/28 3738/1931/28
f 3700/1951/30 3737/1951/30 3757/2187/30
f 3717/2188/28 3754/2188/28 3736/1926/28
f 3696/2195/26 3783/2220/26 3792/2198/26
f 3812/2199/25 3755/2180/25 3735/2179/25
f 3697/2196/30 3734/2196/30 3753/2185/30
f 3714/2186/28 3752/2186/28 3733/2184/28
f 3750/2183/25 3811/2222/25 3800/2201/25
f 3712/2183/28 3750/2183/28 3732/2181/28
f 3691/1946/26 3781/2219/26 3790/2202/26
f 3711/2193/28 3748/2193/28 3730/1946/28
f 3692/2192/30 3729/2192/30 3749/2177/30
f 3709/2178/28 3746/2178/28 3728/2176/28
f 3688/1918/26 3779/2218/26 3788/2203/26
f 3708/2191/28 3745/2191/28 3726/1918/28
f 3695/2204/30 3801/2204/30 3810/2182/30
f 3806/2205/25 3809/2221/25 3798/2206/25
f 3687/1938/30 3725/1938/30 3744/2171/30
f 3704/2172/28 3742/2172/28 3724/1939/28
f 3778/1942/30 3727/1942/30 3747/2208/30
f 3774/2209/26 3777/2217/26 3786/2210/26
f 3684/2091/30 3721/2091/30 3741/2168/30
f 3804/2212/25 3741/2168/25 3721/2091/25
f 3683/2056/30 3720/2056/30 3739/2197/30
f 3759/2151/35 3758/2145/35 3767/2144/35
f 3761/2153/35 3760/2123/35 3769/2124/35
f 3771/2155/41 3770/2128/41 3763/2129/41
f 3765/2154/35 3764/2133/35 3773/2134/35
f 3758/2145/26 3632/2145/26 3649/2144/26
f 3785/2211/35 3784/2190/35 3775/1910/35
f 3777/2217/38 3776/1969/38 3787/2170/38
f 3779/2218/38 3778/1942/38 3789/2208/38
f 3781/2219/38 3780/1921/38 3791/2175/38
f 3783/2220/38 3782/2179/38 3793/2180/38
f 3784/2190/28 3740/2190/28 3722/1910/28
f 3795/2213/41 3794/2058/41 3805/2169/41
f 3797/2207/41 3796/1941/41 3807/2174/41
f 3809/2221/40 3808/2173/40 3799/1913/40
f 3811/2222/40 3810/2182/40 3801/2204/40
f 3803/2200/41 3802/2195/41 3813/2194/41
f 3702/2169/28 3805/2169/28 3794/2058/28
f 3815/2223/59 3819/2224/59 3818/2224/59
f 3817/2223/25 3818/2224/25 3820/2225/25
f 3814/2226/60 3816/2226/60 3820/2225/60
f 3824/2227/25 3875/2313/25 3850/2228/25
f 3874/2230/25 3877/2309/25 3852/2231/25
f 3876/2233/25 3879/2305/25 3854/2234/25
f 3878/2236/25 3881/2300/25 3856/2237/25
f 3880/2239/25 3883/2296/25 3858/2240/25
f 3882/2242/25 3885/2292/25 3860/2243/25
f 3884/2245/25 3887/2288/25 3862/2246/25
f 3886/2248/25 3889/2284/25 3864/2249/25
f 3888/2251/25 3891/2280/25 3866/2252/25
f 3890/2254/25 3893/2277/25 3868/2255/25
f 3892/2257/25 3895/2272/25 3870/2258/25
f 3894/2260/25 3897/2268/25 3872/2261/25
f 3896/2263/25 3825/2225/25 3823/2264/25
f 3849/2266/149 3896/2263/149 3873/2265/149
f 3837/2267/150 3872/2261/150 3897/2268/150
f 3848/2269/149 3894/2260/149 3871/2262/149
f 3836/2271/150 3870/2258/150 3895/2272/150
f 3847/2274/149 3892/2257/149 3869/2259/149
f 3835/2276/150 3868/2255/150 3893/2277/150
f 3846/2278/149 3890/2254/149 3867/2256/149
f 3834/2279/150 3866/2252/150 3891/2280/150
f 3845/2281/149 3888/2251/149 3865/2253/149
f 3833/2283/150 3864/2249/150 3889/2284/150
f 3844/2286/149 3886/2248/149 3863/2250/149
f 3832/2287/150 3862/2246/150 3887/2288/150
f 3843/2289/149 3884/2245/149 3861/2247/149
f 3831/2291/150 3860/2243/150 3885/2292/150
f 3842/2294/149 3882/2242/149 3859/2244/149
f 3830/2295/150 3858/2240/150 3883/2296/150
f 3841/2297/149 3880/2239/149 3857/2241/149
f 3829/2299/150 3856/2237/150 3881/2300/150
f 3840/2302/149 3878/2236/149 3855/2238/149
f 3828/2304/150 3854/2234/150 3879/2305/150
f 3839/2307/149 3876/2233/149 3853/2235/149
f 3827/2308/150 3852/2231/150 3877/2309/150
f 3838/2310/149 3874/2230/149 3851/2232/149
f 3826/2312/150 3850/2228/150 3875/2313/150
f 3818/2224/30 3819/2224/30 3821/2225/30
f 3825/2225/30 3898/2225/30 3899/2264/30
f 3898/2225/26 3900/2226/26 3901/2315/26
f 3815/2223/26 3814/2226/26 3821/2225/26
f 3906/2316/59 3907/2316/59 3903/2317/59
f 3908/2318/25 3906/2316/25 3905/2317/25
f 3907/2316/26 3909/2318/26 3902/2319/26
f 3908/2318/60 3904/2319/60 3902/2319/60
f 3922/1834/59 3923/1834/59 3916/1833/59
f 3924/1836/60 3925/1836/60 3917/1835/60
f 3913/1837/26 3912/1837/26 3914/1835/26
f 3923/1834/25 3922/1834/25 3918/1838/25
f 3910/1839/30 3918/1838/30 3912/1837/30
f 3919/1838/28 3911/1839/28 3921/1840/28
f 3922/1834/30 3915/1833/30 3924/1836/30
f 3916/1833/28 3923/1834/28 3917/1835/28
f 3917/1835/28 3923/1834/28 3919/1838/28
f 3911/1839/28 3916/1833/28 3925/1836/28
f 3924/1836/30 3915/1833/30 3910/1839/30
f 3918/1838/30 3922/1834/30 3914/1835/30
f 3912/1837/59 3913/1837/59 3921/1840/59
f 3925/1836/25 3924/1836/25 3920/1840/25
f 3929/1841/30 3930/1843/30 3927/1842/30
f 3945/1845/135 3942/1844/135 3939/1844/135
f 3927/1842/136 3930/1843/136 3937/1843/136
f 3930/1843/137 3926/1846/137 3932/1846/137
f 3941/1847/30 3926/1846/30 3930/1843/30
f 3943/1848/30 3942/1844/30 3945/1845/30
f 3928/1849/30 3927/1842/30 3942/1844/30
f 3928/1849/138 3943/1848/138 3940/1848/138
f 3929/1841/138 3928/1849/138 3935/1849/138
f 3943/1848/139 3944/1850/139 3934/1850/139
f 3941/1847/140 3929/1841/140 3938/1841/140
f 3942/1844/136 3927/1842/136 3936/1842/136
f 3931/1847/28 3938/1841/28 3937/1843/28
f 3938/1841/28 3935/1849/28 3936/1842/28
f 3935/1849/28 3940/1848/28 3939/1844/28
f 3940/1848/28 3934/1850/28 3933/1845/28
f 3946/1852/28 3990/1870/28 3975/1851/28
f 4001/2320/26 3984/2321/26 4110/2321/26
f 3999/2322/26 3982/2323/26 4112/2323/26
f 3995/1859/26 3978/1858/26 4114/1858/26
f 3968/1861/30 3969/1873/30 3960/1860/30
f 3977/1864/25 3992/1863/25 4128/1863/25
f 3971/1866/30 3972/1871/30 3962/1865/30
f 3991/1869/26 3974/1868/26 4118/1868/26
f 3973/1870/30 3949/1852/30 3948/1853/30
f 3991/1869/28 3992/1863/28 3977/1864/28
f 3993/1871/28 3994/1866/28 3979/1867/28
f 3995/1859/28 3996/1888/28 3981/1872/28
f 3997/1873/28 3998/1861/28 3983/1862/28
f 3999/2322/28 4000/2328/28 3985/2324/28
f 4001/2320/28 4002/2326/28 3987/2325/28
f 4003/1877/28 4004/1882/28 3989/1876/28
f 4005/1880/28 3953/1893/28 3951/1879/28
f 3955/1881/26 3964/1880/26 4005/1880/26
f 3989/1876/25 4004/1882/25 3965/1882/25
f 3965/1882/30 4120/1972/30 4109/1883/30
f 3987/2325/25 4002/2326/25 3966/2326/25
f 3966/2326/30 4122/2397/30 4111/2327/30
f 3985/2324/25 4000/2328/25 3967/2328/25
f 3967/2328/30 4124/2398/30 4113/2329/30
f 3983/1862/25 3998/1861/25 3968/1861/25
f 3997/1873/26 3980/1860/26 3960/1860/26
f 3981/1872/25 3996/1888/25 3970/1888/25
f 3970/1888/30 4126/1975/30 4115/1889/30
f 3979/1867/25 3994/1866/25 3971/1866/25
f 4129/1891/30 4130/1976/30 4119/1890/30
f 3993/1871/26 3976/1865/26 3962/1865/26
f 3975/1851/25 3990/1870/25 3973/1870/25
f 3952/1893/30 3964/1880/30 3955/1881/30
f 4009/1894/30 4008/1896/30 4007/1895/30
f 4019/1898/141 4022/1898/141 4025/1897/141
f 4017/1899/142 4010/1899/142 4007/1895/142
f 4012/1900/143 4006/1900/143 4010/1899/143
f 4021/1901/30 4009/1894/30 4010/1899/30
f 4023/1902/30 4024/1903/30 4025/1897/30
f 4008/1896/30 4023/1902/30 4022/1898/30
f 4020/1902/144 4023/1902/144 4008/1896/144
f 4015/1896/144 4008/1896/144 4009/1894/144
f 4014/1903/145 4024/1903/145 4023/1902/145
f 4018/1894/146 4009/1894/146 4021/1901/146
f 4016/1895/142 4007/1895/142 4022/1898/142
f 4011/1901/28 4012/1900/28 4017/1899/28
f 4018/1894/28 4017/1899/28 4016/1895/28
f 4015/1896/28 4016/1895/28 4019/1898/28
f 4020/1902/28 4019/1898/28 4013/1897/28
f 4070/2330/25 4090/2378/25 4032/2319/25
f 4054/2332/26 4037/2358/26 4034/2333/26
f 4056/2335/26 4038/2394/26 4036/2336/26
f 4097/2338/28 4077/2339/28 4134/2339/28
f 4160/2340/25 4171/2402/25 4101/2341/25
f 4060/2343/26 4042/2367/26 4041/2344/26
f 4102/2346/28 4082/2347/28 4138/2347/28
f 4162/2348/30 4173/2349/30 4066/2349/30
f 4086/2350/30 4105/2351/30 4154/2351/30
f 4065/2352/26 4048/2374/26 4046/2353/26
f 4067/2355/26 4049/2375/26 4047/2348/26
f 4031/2318/26 4029/2377/26 4050/2356/26
f 4072/2358/25 4091/2332/25 4089/2334/25
f 4080/2359/25 4100/2387/25 4168/2360/25
f 4075/2362/25 4095/2391/25 4092/2363/25
f 4077/2339/25 4097/2338/25 4094/2365/25
f 4079/2367/25 4098/2343/25 4096/2345/25
f 4158/2368/30 4169/2369/30 4148/2369/30
f 4082/2347/25 4102/2346/25 4099/2370/25
f 4170/2372/28 4161/2373/28 4140/2373/28
f 4085/2374/25 4104/2352/25 4103/2354/25
f 4174/2355/28 4165/2375/28 4049/2375/28
f 4087/2376/25 4107/2379/25 4105/2351/25
f 4028/2377/25 4033/2318/25 4106/2357/25
f 4052/2378/26 4035/2330/26 4026/2331/26
f 4088/2356/30 4106/2357/30 4069/2357/30
f 4107/2379/28 4087/2376/28 4051/2376/28
f 4068/2379/26 4051/2376/26 4142/2380/26
f 4164/2382/25 4175/2403/25 4172/2383/25
f 4104/2352/28 4085/2374/28 4048/2374/28
f 4084/2353/30 4103/2354/30 4064/2354/30
f 4152/2385/26 4141/2401/26 4045/2342/26
f 4083/2342/30 4101/2341/30 4063/2341/30
f 4150/2386/26 4139/2400/26 4043/2371/26
f 4081/2371/30 4099/2370/30 4062/2370/30
f 4100/2387/28 4080/2359/28 4044/2359/28
f 4061/2387/26 4044/2359/26 4136/2388/26
f 4098/2343/28 4079/2367/28 4042/2367/28
f 4078/2344/30 4096/2345/30 4059/2345/30
f 4146/2390/26 4135/2399/26 4039/2366/26
f 4076/2366/30 4094/2365/30 4058/2365/30
f 4095/2391/28 4075/2362/28 4040/2362/28
f 4057/2391/26 4040/2362/26 4132/2392/26
f 4093/2335/28 4073/2394/28 4038/2394/28
f 4073/2394/25 4093/2335/25 4166/2395/25
f 4091/2332/28 4072/2358/28 4037/2358/28
f 4071/2333/30 4089/2334/30 4053/2334/30
f 4090/2378/28 4070/2330/28 4035/2330/28
f 4121/1877/152 4108/1878/152 4109/1883/152
f 4123/2320/38 4110/2321/38 4111/2327/38
f 4125/2322/38 4112/2323/38 4113/2329/38
f 4127/1859/152 4114/1858/152 4115/1889/152
f 4117/1864/40 4128/1863/40 4129/1891/40
f 4131/1869/38 4118/1868/38 4119/1890/38
f 4003/1877/26 3986/1878/26 4108/1878/26
f 4133/2364/38 4144/2363/38 4145/2393/38
f 4147/2338/35 4134/2339/35 4135/2399/35
f 4137/2368/38 4148/2369/38 4149/2389/38
f 4151/2346/35 4138/2347/35 4139/2400/35
f 4153/2372/35 4140/2373/35 4141/2401/35
f 4143/2350/38 4154/2351/38 4155/2381/38
f 4074/2364/30 4092/2363/30 4144/2363/30
f 4167/2337/40 4156/2336/40 4157/2396/40
f 4169/2369/40 4158/2368/40 4159/2361/40
f 4161/2373/41 4170/2372/41 4171/2402/41
f 4173/2349/40 4162/2348/40 4163/2384/40
f 4165/2375/41 4174/2355/41 4175/2403/41
f 4156/2336/30 4167/2337/30 4055/2337/30
f 4180/2316/59 4181/2316/59 4177/2317/59
f 4182/2318/25 4180/2316/25 4179/2317/25
f 4181/2316/26 4183/2318/26 4176/2319/26
f 4182/2318/60 4178/2319/60 4176/2319/60
f 4196/1983/59 4197/1983/59 4190/1982/59
f 4198/1985/60 4199/1985/60 4191/1984/60
f 4187/1986/26 4186/1986/26 4188/1984/26
f 4197/1983/25 4196/1983/25 4192/1987/25
f 4184/1988/30 4192/1987/30 4186/1986/30
f 4193/1987/28 4185/1988/28 4195/1989/28
f 4196/1983/30 4189/1982/30 4198/1985/30
f 4190/1982/28 4197/1983/28 4191/1984/28
f 4191/1984/28 4197/1983/28 4193/1987/28
f 4185/1988/28 4190/1982/28 4199/1985/28
f 4198/1985/30 4189/1982/30 4184/1988/30
f 4192/1987/30 4196/1983/30 4188/1984/30
f 4186/1986/59 4187/1986/59 4195/1989/59
f 4199/1985/25 4198/1985/25 4194/1989/25
f 4203/1990/30 4204/1992/30 4201/1991/30
f 4219/1994/135 4216/1993/135 4213/1993/135
f 4201/1991/136 4204/1992/136 4211/1992/136
f 4204/1992/137 4200/1995/137 4206/1995/137
f 4215/1996/30 4200/1995/30 4204/1992/30
f 4217/1997/30 4216/1993/30 4219/1994/30
f 4202/1998/30 4201/1991/30 4216/1993/30
f 4202/1998/138 4217/1997/138 4214/1997/138
f 4203/1990/138 4202/1998/138 4209/1998/138
f 4217/1997/139 4218/1999/139 4208/1999/139
f 4215/1996/140 4203/1990/140 4212/1990/140
f 4216/1993/136 4201/1991/136 4210/1991/136
f 4205/1996/28 4212/1990/28 4211/1992/28
f 4212/1990/28 4209/1998/28 4210/1991/28
f 4209/1998/28 4214/1997/28 4213/1993/28
f 4214/1997/28 4208/1999/28 4207/1994/28
f 4220/2001/28 4264/2016/28 4251/2000/28
f 4257/2404/25 4271/2405/25 4394/2405/25
f 4241/2406/30 4242/2415/30 4232/2407/30
f 4243/2409/30 4244/2414/30 4233/2410/30
f 4270/2412/26 4255/2413/26 4386/2413/26
f 4245/2014/30 4246/2086/30 4236/2013/30
f 4251/2000/25 4264/2016/25 4400/2016/25
f 4248/2018/30 4249/2020/30 4238/2017/30
f 4265/2020/28 4266/2018/28 4253/2019/28
f 4267/2022/28 4268/2041/28 4254/2021/28
f 4408/2414/26 4405/2410/26 4233/2410/26
f 4270/2412/28 4271/2405/28 4257/2404/28
f 4273/2415/28 4274/2406/28 4261/2408/28
f 4275/2416/28 4276/2422/28 4263/2417/28
f 4277/2419/28 4227/2429/28 4225/2420/28
f 4229/2421/26 4239/2419/26 4277/2419/26
f 4263/2417/25 4276/2422/25 4240/2422/25
f 4240/2422/30 4392/2479/30 4383/2423/30
f 4261/2408/25 4274/2406/25 4241/2406/25
f 4273/2415/26 4258/2407/26 4232/2407/26
f 4259/2411/25 4272/2409/25 4243/2409/25
f 4409/2424/28 4272/2409/28 4259/2411/28
f 4395/2426/30 4396/2480/30 4387/2427/30
f 4267/2022/26 4252/2023/26 4388/2023/26
f 4256/2015/25 4269/2014/25 4245/2014/25
f 4407/2039/28 4269/2014/28 4256/2015/28
f 4254/2021/25 4268/2041/25 4247/2041/25
f 4253/2019/25 4266/2018/25 4248/2018/25
f 4247/2041/30 4398/2085/30 4389/2042/30
f 4265/2020/26 4250/2017/26 4238/2017/26
f 4401/2043/30 4223/2001/30 4222/2002/30
f 4226/2429/30 4239/2419/30 4229/2421/30
f 4281/2046/30 4280/2048/30 4279/2047/30
f 4291/2050/141 4294/2050/141 4297/2049/141
f 4289/2051/142 4282/2051/142 4279/2047/142
f 4284/2052/143 4278/2052/143 4282/2051/143
f 4293/2053/30 4281/2046/30 4282/2051/30
f 4295/2054/30 4296/2055/30 4297/2049/30
f 4280/2048/30 4295/2054/30 4294/2050/30
f 4287/2048/144 4292/2054/144 4295/2054/144
f 4287/2048/144 4280/2048/144 4281/2046/144
f 4286/2055/145 4296/2055/145 4295/2054/145
f 4290/2046/146 4281/2046/146 4293/2053/146
f 4288/2047/142 4279/2047/142 4294/2050/142
f 4283/2053/28 4284/2052/28 4289/2051/28
f 4290/2046/28 4289/2051/28 4288/2047/28
f 4287/2048/28 4288/2047/28 4291/2050/28
f 4292/2054/28 4291/2050/28 4285/2049/28
f 4344/2330/25 4364/2378/25 4304/2319/25
f 4327/2332/26 4309/2358/26 4306/2333/26
f 4329/2335/26 4310/2394/26 4308/2336/26
f 4369/2430/28 4349/2431/28 4412/2431/28
f 4331/2432/26 4313/2454/26 4311/2433/26
f 4333/2435/26 4315/2457/26 4312/2436/26
f 4335/2387/26 4317/2359/26 4314/2368/26
f 4359/2438/30 4377/2439/30 4426/2439/30
f 4338/2440/26 4320/2461/26 4318/2441/26
f 4340/2443/26 4321/2462/26 4319/2444/26
f 4380/2446/28 4360/2447/28 4418/2447/28
f 4342/2448/26 4324/2468/26 4322/2449/26
f 4303/2451/26 4301/2463/26 4323/2452/26
f 4442/2432/28 4433/2454/28 4313/2454/28
f 4347/2394/25 4367/2335/25 4365/2337/25
f 4349/2431/25 4369/2430/25 4366/2455/25
f 4434/2441/30 4445/2442/30 4337/2442/30
f 4352/2457/25 4372/2435/25 4370/2437/25
f 4354/2359/25 4374/2387/25 4371/2369/25
f 4356/2458/25 4375/2474/25 4373/2459/25
f 4446/2440/28 4437/2461/28 4320/2461/28
f 4358/2462/25 4378/2443/25 4376/2445/25
f 4360/2447/25 4380/2446/25 4377/2439/25
f 4300/2463/25 4305/2451/25 4381/2453/25
f 4325/2378/26 4307/2330/26 4298/2331/26
f 4362/2452/30 4381/2453/30 4343/2453/30
f 4438/2464/25 4449/2487/25 4379/2450/25
f 4361/2449/30 4379/2450/30 4341/2450/30
f 4428/2465/26 4419/2483/26 4416/2466/26
f 4378/2443/28 4358/2462/28 4321/2462/28
f 4357/2444/30 4376/2445/30 4339/2445/30
f 4448/2448/28 4439/2468/28 4324/2468/28
f 4436/2469/25 4447/2486/25 4444/2470/25
f 4424/2472/26 4415/2482/26 4316/2460/26
f 4355/2460/30 4373/2459/30 4336/2459/30
f 4374/2387/28 4354/2359/28 4317/2359/28
f 4353/2368/30 4371/2369/30 4334/2369/30
f 4372/2435/28 4352/2457/28 4315/2457/28
f 4351/2436/30 4370/2437/30 4332/2437/30
f 4432/2473/25 4443/2485/25 4368/2434/25
f 4350/2433/30 4368/2434/30 4330/2434/30
f 4375/2474/28 4356/2458/28 4414/2458/28
f 4422/2475/26 4413/2481/26 4410/2476/26
f 4367/2335/28 4347/2394/28 4310/2394/28
f 4346/2336/30 4365/2337/30 4328/2337/30
f 4430/2478/25 4441/2484/25 4363/2334/25
f 4345/2333/30 4363/2334/30 4326/2334/30
f 4364/2378/28 4344/2330/28 4307/2330/28
f 4393/2416/38 4382/2418/38 4383/2423/38
f 4385/2404/40 4394/2405/40 4395/2426/40
f 4397/2412/38 4386/2413/38 4387/2427/38
f 4399/2022/38 4388/2023/38 4389/2042/38
f 4391/2000/40 4400/2016/40 4401/2043/40
f 4275/2416/26 4260/2418/26 4382/2418/26
f 4403/2013/35 4406/2086/35 4407/2039/35
f 4405/2410/35 4408/2414/35 4409/2424/35
f 4406/2086/26 4403/2013/26 4236/2013/26
f 4411/2456/38 4420/2455/38 4421/2477/38
f 4423/2430/35 4412/2431/35 4413/2481/35
f 4425/2474/35 4414/2458/35 4415/2482/35
f 4417/2438/38 4426/2439/38 4427/2467/38
f 4429/2446/35 4418/2447/35 4419/2483/35
f 4348/2456/30 4366/2455/30 4420/2455/30
f 4431/2358/41 4440/2332/41 4441/2484/41
f 4433/2454/41 4442/2432/41 4443/2485/41
f 4445/2442/40 4434/2441/40 4435/2471/40
f 4437/2461/41 4446/2440/41 4447/2486/41
f 4439/2468/41 4448/2448/41 4449/2487/41
f 4440/2332/28 4431/2358/28 4309/2358/28
f 4454/2488/59 4455/2488/59 4451/2489/59
f 4456/2490/25 4454/2488/25 4453/2489/25
f 4455/2488/26 4457/2490/26 4450/2491/26
f 4456/2490/60 4452/2491/60 4450/2491/60
f 4470/2100/59 4471/2100/59 4464/2099/59
f 4472/2102/60 4473/2102/60 4465/2101/60
f 4461/2103/26 4460/2103/26 4462/2101/26
f 4471/2100/25 4470/2100/25 4466/2104/25
f 4458/2105/30 4466/2104/30 4460/2103/30
f 4467/2104/28 4459/2105/28 4469/2106/28
f 4470/2100/30 4463/2099/30 4472/2102/30
f 4464/2099/28 4471/2100/28 4465/2101/28
f 4465/2101/28 4471/2100/28 4467/2104/28
f 4459/2105/28 4464/2099/28 4473/2102/28
f 4472/2102/30 4463/2099/30 4458/2105/30
f 4466/2104/30 4470/2100/30 4462/2101/30
f 4460/2103/59 4461/2103/59 4469/2106/59
f 4473/2102/25 4472/2102/25 4468/2106/25
f 4477/2107/30 4478/2109/30 4475/2108/30
f 4493/2111/135 4490/2110/135 4487/2110/135
f 4475/2108/136 4478/2109/136 4485/2109/136
f 4478/2109/137 4474/2112/137 4480/2112/137
f 4489/2113/30 4474/2112/30 4478/2109/30
f 4491/2114/30 4490/2110/30 4493/2111/30
f 4476/2115/30 4475/2108/30 4490/2110/30
f 4476/2115/138 4491/2114/138 4488/2114/138
f 4477/2107/138 4476/2115/138 4483/2115/138
f 4491/2114/139 4492/2116/139 4482/2116/139
f 4489/2113/140 4477/2107/140 4486/2107/140
f 4490/2110/136 4475/2108/136 4484/2108/136
f 4479/2113/28 4486/2107/28 4485/2109/28
f 4486/2107/28 4483/2115/28 4484/2108/28
f 4483/2115/28 4488/2114/28 4487/2110/28
f 4488/2114/28 4482/2116/28 4481/2111/28
f 4494/2118/28 4542/2138/28 4527/2117/28
f 4515/2121/30 4516/2146/30 4505/2120/30
f 4549/2124/26 4532/2123/26 4664/2123/26
f 4518/2492/30 4519/2503/30 4508/2493/30
f 4531/2495/25 4546/2496/25 4674/2496/25
f 4521/2497/30 4522/2502/30 4510/2498/30
f 4545/2500/26 4528/2501/26 4668/2501/26
f 4523/2136/30 4524/2139/30 4513/2135/30
f 4525/2138/30 4497/2118/30 4496/2119/30
f 4543/2139/28 4544/2136/28 4529/2137/28
f 4545/2500/28 4546/2496/28 4531/2495/28
f 4547/2502/28 4548/2497/28 4533/2499/28
f 4549/2124/28 4550/2152/28 4535/2141/28
f 4551/2503/28 4552/2492/28 4537/2494/28
f 4553/2504/28 4554/2507/28 4539/2505/28
f 4555/2146/28 4556/2121/28 4541/2122/28
f 4557/2148/28 4501/2157/28 4499/2147/28
f 4503/2149/26 4514/2148/26 4557/2148/26
f 4541/2122/25 4556/2121/25 4515/2121/25
f 4555/2146/26 4538/2120/26 4505/2120/26
f 4539/2505/25 4554/2507/25 4517/2507/25
f 4517/2507/30 4670/2559/30 4663/2508/30
f 4537/2494/25 4552/2492/25 4518/2492/25
f 4551/2503/26 4534/2493/26 4508/2493/26
f 4535/2141/25 4550/2152/25 4520/2152/25
f 4520/2152/30 4672/2215/30 4665/2153/30
f 4533/2499/25 4548/2497/25 4521/2497/25
f 4547/2502/26 4530/2498/26 4510/2498/26
f 4675/2509/30 4676/2560/30 4669/2510/30
f 4529/2137/25 4544/2136/25 4523/2136/25
f 4543/2139/26 4526/2135/26 4513/2135/26
f 4527/2117/25 4542/2138/25 4525/2138/25
f 4500/2157/30 4514/2148/30 4503/2149/30
f 4561/2158/30 4560/2160/30 4559/2159/30
f 4571/2162/141 4574/2162/141 4577/2161/141
f 4569/2163/142 4562/2163/142 4559/2159/142
f 4564/2164/143 4558/2164/143 4562/2163/143
f 4573/2165/30 4561/2158/30 4562/2163/30
f 4575/2166/30 4576/2167/30 4577/2161/30
f 4560/2160/30 4575/2166/30 4574/2162/30
f 4567/2160/144 4572/2166/144 4575/2166/144
f 4567/2160/144 4560/2160/144 4561/2158/144
f 4566/2167/145 4576/2167/145 4575/2166/145
f 4570/2158/146 4561/2158/146 4573/2165/146
f 4568/2159/142 4559/2159/142 4574/2162/142
f 4563/2165/28 4564/2164/28 4569/2163/28
f 4570/2158/28 4569/2163/28 4568/2159/28
f 4567/2160/28 4568/2159/28 4571/2162/28
f 4572/2166/28 4571/2162/28 4565/2161/28
f 4624/2512/25 4643/2542/25 4584/2513/25
f 4607/2515/26 4588/2556/26 4586/2516/26
f 4647/2518/28 4627/2519/28 4680/2519/28
f 4609/2520/26 4591/2431/26 4589/2456/26
f 4611/2522/26 4593/2454/26 4590/2433/26
f 4655/2524/28 4635/2458/28 4684/2458/28
f 4614/2525/26 4596/2539/26 4594/2526/26
f 4659/2528/28 4639/2447/28 4686/2447/28
f 4617/2529/26 4599/2461/26 4597/2441/26
f 4619/2531/26 4601/2462/26 4598/2444/26
f 4622/2533/26 4604/2468/26 4602/2449/26
f 4583/2490/26 4581/2377/26 4603/2356/26
f 4700/2433/30 4711/2523/30 4610/2523/30
f 4627/2519/25 4647/2518/25 4644/2536/25
f 4629/2431/25 4648/2520/25 4646/2521/25
f 4712/2522/28 4703/2454/28 4593/2454/28
f 4631/2367/25 4651/2552/25 4649/2538/25
f 4633/2539/25 4653/2525/25 4650/2527/25
f 4635/2458/25 4655/2524/25 4652/2540/25
f 4706/2438/30 4717/2541/30 4620/2541/30
f 4638/2462/25 4657/2531/25 4656/2532/25
f 4641/2468/25 4661/2533/25 4658/2534/25
f 4580/2377/25 4585/2490/25 4660/2535/25
f 4605/2542/26 4587/2512/26 4578/2514/26
f 4642/2356/30 4660/2535/30 4623/2535/30
f 4661/2533/28 4641/2468/28 4604/2468/28
f 4640/2449/30 4658/2534/30 4621/2534/30
f 4696/2543/26 4687/2564/26 4600/2438/26
f 4639/2447/25 4659/2528/25 4716/2544/25
f 4657/2531/28 4638/2462/28 4601/2462/28
f 4637/2444/30 4656/2532/30 4618/2532/30
f 4704/2546/25 4715/2566/25 4654/2530/25
f 4636/2441/30 4654/2530/30 4616/2530/30
f 4694/2547/26 4685/2563/26 4595/2460/26
f 4634/2460/30 4652/2540/30 4615/2540/30
f 4653/2525/28 4633/2539/28 4596/2539/28
f 4632/2526/30 4650/2527/30 4613/2527/30
f 4692/2548/26 4683/2562/26 4592/2344/26
f 4630/2344/30 4649/2538/30 4612/2538/30
f 4714/2529/28 4705/2461/28 4599/2461/28
f 4702/2549/25 4713/2565/25 4710/2550/25
f 4648/2520/28 4629/2431/28 4591/2431/28
f 4628/2456/30 4646/2521/30 4608/2521/30
f 4651/2552/28 4631/2367/28 4682/2367/28
f 4690/2553/26 4681/2561/26 4678/2554/26
f 4645/2515/28 4625/2556/28 4588/2556/28
f 4625/2556/25 4645/2515/25 4708/2557/25
f 4643/2542/28 4624/2512/28 4587/2512/28
f 4671/2504/38 4662/2506/38 4663/2508/38
f 4673/2124/38 4664/2123/38 4665/2153/38
f 4667/2495/40 4674/2496/40 4675/2509/40
f 4677/2500/38 4668/2501/38 4669/2510/38
f 4553/2504/26 4536/2506/26 4662/2506/26
f 4679/2537/38 4688/2536/38 4689/2555/38
f 4691/2518/35 4680/2519/35 4681/2561/35
f 4693/2552/35 4682/2367/35 4683/2562/35
f 4695/2524/35 4684/2458/35 4685/2563/35
f 4697/2528/35 4686/2447/35 4687/2564/35
f 4626/2537/30 4644/2536/30 4688/2536/30
f 4709/2517/40 4698/2516/40 4699/2558/40
f 4711/2523/40 4700/2433/40 4701/2551/40
f 4703/2454/41 4712/2522/41 4713/2565/41
f 4705/2461/41 4714/2529/41 4715/2566/41
f 4717/2541/40 4706/2438/40 4707/2545/40
f 4698/2516/30 4709/2517/30 4606/2517/30
f 4722/2567/59 4723/2567/59 4719/2568/59
f 4724/2569/25 4722/2567/25 4721/2568/25
f 4724/2569/60 4720/2570/60 4718/2570/60
f 4754/2571/25 4779/2657/25 4728/2570/25
f 4756/2573/25 4781/2652/25 4778/2574/25
f 4758/2576/25 4783/2649/25 4780/2577/25
f 4760/2579/25 4785/2644/25 4782/2580/25
f 4762/2582/25 4787/2639/25 4784/2583/25
f 4764/2585/25 4789/2636/25 4786/2586/25
f 4766/2588/25 4791/2631/25 4788/2589/25
f 4768/2591/25 4793/2626/25 4790/2592/25
f 4770/2594/25 4795/2623/25 4792/2595/25
f 4772/2597/25 4797/2618/25 4794/2598/25
f 4774/2600/25 4799/2614/25 4796/2601/25
f 4776/2603/25 4801/2611/25 4798/2604/25
f 4727/2606/25 4729/2569/25 4800/2607/25
f 4777/2608/150 4800/2607/150 4753/2609/150
f 4801/2611/149 4776/2603/149 4741/2610/149
f 4775/2605/150 4798/2604/150 4752/2612/150
f 4799/2614/149 4774/2600/149 4740/2615/149
f 4773/2602/150 4796/2601/150 4751/2467/150
f 4797/2618/149 4772/2597/149 4739/2619/149
f 4771/2599/150 4794/2598/150 4750/2621/150
f 4795/2623/149 4770/2594/149 4738/2622/149
f 4769/2596/150 4792/2595/150 4749/2624/150
f 4793/2626/149 4768/2591/149 4737/2627/149
f 4767/2593/150 4790/2592/150 4748/2629/150
f 4791/2631/149 4766/2588/149 4736/2632/149
f 4765/2590/150 4788/2589/150 4747/2634/150
f 4789/2636/149 4764/2585/149 4735/2635/149
f 4763/2587/150 4786/2586/150 4746/2637/150
f 4787/2639/149 4762/2582/149 4734/2640/149
f 4761/2584/150 4784/2583/150 4745/2642/150
f 4785/2644/149 4760/2579/149 4733/2645/149
f 4759/2581/150 4782/2580/150 4744/2647/150
f 4783/2649/149 4758/2576/149 4732/2648/149
f 4757/2578/150 4780/2577/150 4743/2650/150
f 4781/2652/149 4756/2573/149 4731/2653/149
f 4755/2575/150 4778/2574/150 4742/2655/150
f 4779/2657/149 4754/2571/149 4730/2658/149
f 4725/2569/28 4723/2567/28 4722/2567/28
f 4803/2606/28 4802/2569/28 4729/2569/28
f 4805/2572/26 4804/2570/26 4802/2569/26
f 4725/2569/26 4718/2570/26 4719/2568/26
f 4808/2660/28 4809/2663/28 4807/2661/28
f 4812/2661/30 4813/2663/30 4810/2660/30
f 4808/2660/59 4810/2660/59 4813/2663/59
f 4807/2661/60 4812/2661/60 4811/2662/60
f 4816/2664/60 4817/2665/60 4815/2665/60
f 4816/2664/28 4818/2667/28 4821/2666/28
f 4815/2665/30 4820/2666/30 4819/2667/30
f 4820/2666/59 4821/2666/59 4818/2667/59
f 4824/2668/60 4825/2669/60 4823/2669/60
f 4828/2670/59 4829/2670/59 4826/2671/59
f 4824/2668/28 4826/2671/28 4829/2670/28
f 4823/2669/30 4828/2670/30 4827/2671/30
f 4825/2669/25 4829/2670/25 4828/2670/25
f 4822/2668/26 4827/2671/26 4826/2671/26
f 4832/2669/28 4833/2673/28 4831/2665/28
f 4836/2665/30 4837/2673/30 4834/2669/30
f 4832/2669/25 4834/2669/25 4837/2673/25
f 4831/2665/26 4836/2665/26 4835/2672/26
f 4833/2673/60 4837/2673/60 4836/2665/60
f 4840/2674/28 4841/2664/28 4839/2675/28
f 4844/2675/30 4845/2664/30 4842/2674/30
f 4840/2674/25 4842/2674/25 4845/2664/25
f 4839/2675/26 4844/2675/26 4843/2668/26
f 4841/2664/60 4845/2664/60 4844/2675/60
f 4851/2676/30 4850/2681/30 4848/2677/30
f 4851/2676/30 4846/2678/30 4847/2666/30
f 4853/2680/30 4849/2682/30 4848/2677/30
f 4859/2676/28 4854/2678/28 4856/2677/28
f 4855/2666/28 4854/2678/28 4859/2676/28
f 4852/2679/30 4847/2666/30 4849/2682/30
f 4856/2677/28 4857/2682/28 4861/2680/28
f 4852/2679/59 4860/2679/59 4859/2676/59
f 4857/2682/28 4855/2666/28 4860/2679/28
f 4850/2681/25 4851/2676/25 4859/2676/25
f 4853/2680/26 4861/2680/26 4860/2679/26
f 4861/2680/60 4853/2680/60 4850/2681/60
f 4864/2683/28 4865/2686/28 4863/2684/28
f 4868/2684/30 4869/2686/30 4866/2683/30
f 4864/2683/59 4866/2683/59 4869/2686/59
f 4863/2684/60 4868/2684/60 4867/2685/60
f 4871/2661/30 4873/2663/30 4872/2660/30
f 4874/2660/28 4877/2663/28 4876/2661/28
f 4877/2663/59 4874/2660/59 4872/2660/59
f 4875/2662/60 4876/2661/60 4871/2661/60
f 4879/2687/60 4881/2687/60 4880/2688/60
f 4885/2689/30 4882/2678/30 4880/2688/30
f 4883/2678/28 4884/2689/28 4879/2687/28
f 4882/2678/59 4885/2689/59 4884/2689/59
f 4887/2669/60 4889/2669/60 4888/2668/60
f 4890/2671/59 4893/2670/59 4892/2670/59
f 4893/2670/30 4890/2671/30 4888/2668/30
f 4891/2671/28 4892/2670/28 4887/2669/28
f 4892/2670/25 4893/2670/25 4889/2669/25
f 4890/2671/26 4891/2671/26 4886/2668/26
f 4895/2687/30 4897/2690/30 4896/2669/30
f 4898/2669/28 4901/2690/28 4900/2687/28
f 4901/2690/25 4898/2669/25 4896/2669/25
f 4894/2672/26 4899/2672/26 4900/2687/26
f 4900/2687/60 4901/2690/60 4897/2690/60
f 4903/2675/30 4905/2688/30 4904/2674/30
f 4906/2674/28 4909/2688/28 4908/2675/28
f 4909/2688/25 4906/2674/25 4904/2674/25
f 4907/2668/26 4908/2675/26 4903/2675/26
f 4908/2675/60 4909/2688/60 4905/2688/60
f 4915/2676/28 4910/2678/28 4912/2677/28
f 4916/2679/28 4911/2689/28 4910/2678/28
f 4912/2677/28 4913/2682/28 4917/2680/28
f 4923/2676/30 4922/2681/30 4920/2677/30
f 4924/2679/30 4923/2676/30 4918/2678/30
f 4913/2682/28 4911/2689/28 4916/2679/28
f 4925/2680/30 4921/2682/30 4920/2677/30
f 4923/2676/59 4924/2679/59 4916/2679/59
f 4924/2679/30 4919/2689/30 4921/2682/30
f 4923/2676/25 4915/2676/25 4914/2681/25
f 4916/2679/26 4924/2679/26 4925/2680/26
f 4914/2681/60 4917/2680/60 4925/2680/60
f 4927/2691/30 4929/2694/30 4928/2692/30
f 4930/2692/28 4933/2694/28 4932/2691/28
f 4933/2694/59 4930/2692/59 4928/2692/59
f 4931/2693/60 4932/2691/60 4927/2691/60
f 4936/2695/28 4937/2698/28 4935/2696/28
f 4940/2696/30 4941/2698/30 4938/2695/30
f 4936/2695/59 4938/2695/59 4941/2698/59
f 4935/2696/60 4940/2696/60 4939/2697/60
f 4944/2699/60 4945/2700/60 4943/2700/60
f 4944/2699/28 4946/2702/28 4949/2701/28
f 4943/2700/30 4948/2701/30 4947/2702/30
f 4948/2701/59 4949/2701/59 4946/2702/59
f 4952/2703/60 4953/2704/60 4951/2704/60
f 4956/2705/59 4957/2705/59 4954/2706/59
f 4952/2703/28 4954/2706/28 4957/2705/28
f 4951/2704/30 4956/2705/30 4955/2706/30
f 4953/2704/25 4957/2705/25 4956/2705/25
f 4950/2703/26 4955/2706/26 4954/2706/26
f 4960/2704/28 4961/2708/28 4959/2700/28
f 4964/2700/30 4965/2708/30 4962/2704/30
f 4960/2704/25 4962/2704/25 4965/2708/25
f 4959/2700/26 4964/2700/26 4963/2707/26
f 4961/2708/60 4965/2708/60 4964/2700/60
f 4968/2709/28 4969/2699/28 4967/2710/28
f 4972/2710/30 4973/2699/30 4970/2709/30
f 4968/2709/25 4970/2709/25 4973/2699/25
f 4967/2710/26 4972/2710/26 4971/2703/26
f 4969/2699/60 4973/2699/60 4972/2710/60
f 4979/2711/30 4978/2714/30 4976/2712/30
f 4979/2711/30 4974/2702/30 4975/2701/30
f 4978/2714/30 4981/2716/30 4977/2715/30
f 4987/2711/28 4982/2702/28 4984/2712/28
f 4983/2701/28 4982/2702/28 4987/2711/28
f 4980/2713/30 4975/2701/30 4977/2715/30
f 4986/2714/28 4984/2712/28 4985/2715/28
f 4980/2713/59 4988/2713/59 4987/2711/59
f 4985/2715/28 4983/2701/28 4988/2713/28
f 4978/2714/25 4979/2711/25 4987/2711/25
f 4981/2716/26 4989/2716/26 4988/2713/26
f 4989/2716/60 4981/2716/60 4978/2714/60
f 4992/2717/28 4993/2720/28 4991/2718/28
f 4996/2718/30 4997/2720/30 4994/2717/30
f 4992/2717/59 4994/2717/59 4997/2720/59
f 4991/2718/60 4996/2718/60 4995/2719/60
f 4999/2696/30 5001/2698/30 5000/2695/30
f 5002/2695/28 5005/2698/28 5004/2696/28
f 5005/2698/59 5002/2695/59 5000/2695/59
f 5003/2697/60 5004/2696/60 4999/2696/60
f 5007/2700/60 5009/2700/60 5008/2699/60
f 5013/2701/30 5010/2702/30 5008/2699/30
f 5011/2702/28 5012/2701/28 5007/2700/28
f 5010/2702/59 5013/2701/59 5012/2701/59
f 5015/2704/60 5017/2704/60 5016/2703/60
f 5018/2706/59 5021/2705/59 5020/2705/59
f 5021/2705/30 5018/2706/30 5016/2703/30
f 5019/2706/28 5020/2705/28 5015/2704/28
f 5020/2705/25 5021/2705/25 5017/2704/25
f 5018/2706/26 5019/2706/26 5014/2703/26
f 5023/2700/30 5025/2708/30 5024/2704/30
f 5026/2704/28 5029/2708/28 5028/2700/28
f 5029/2708/25 5026/2704/25 5024/2704/25
f 5022/2707/26 5027/2707/26 5028/2700/26
f 5028/2700/60 5029/2708/60 5025/2708/60
f 5031/2710/30 5033/2699/30 5032/2709/30
f 5034/2709/28 5037/2699/28 5036/2710/28
f 5037/2699/25 5034/2709/25 5032/2709/25
f 5035/2703/26 5036/2710/26 5031/2710/26
f 5036/2710/60 5037/2699/60 5033/2699/60
f 5043/2711/28 5038/2702/28 5040/2712/28
f 5039/2701/28 5038/2702/28 5043/2711/28
f 5042/2714/28 5040/2712/28 5041/2715/28
f 5051/2711/30 5050/2714/30 5048/2712/30
f 5051/2711/30 5046/2702/30 5047/2701/30
f 5041/2715/28 5039/2701/28 5044/2713/28
f 5050/2714/30 5053/2716/30 5049/2715/30
f 5051/2711/59 5052/2713/59 5044/2713/59
f 5052/2713/30 5047/2701/30 5049/2715/30
f 5051/2711/25 5043/2711/25 5042/2714/25
f 5044/2713/26 5052/2713/26 5053/2716/26
f 5042/2714/60 5045/2716/60 5053/2716/60
f 5055/2718/30 5057/2720/30 5056/2717/30
f 5058/2717/28 5061/2720/28 5060/2718/28
f 5061/2720/59 5058/2717/59 5056/2717/59
f 5059/2719/60 5060/2718/60 5055/2718/60
f 5064/2721/28 5065/2724/28 5063/2722/28
f 5068/2722/30 5069/2724/30 5066/2721/30
f 5064/2721/59 5066/2721/59 5069/2724/59
f 5063/2722/60 5068/2722/60 5067/2723/60
f 5072/2725/60 5073/2726/60 5071/2726/60
f 5072/2725/28 5074/2728/28 5077/2727/28
f 5071/2726/30 5076/2727/30 5075/2728/30
f 5076/2727/59 5077/2727/59 5074/2728/59
f 5080/2729/60 5081/2730/60 5079/2730/60
f 5084/2731/59 5085/2731/59 5082/2732/59
f 5080/2729/28 5082/2732/28 5085/2731/28
f 5079/2730/30 5084/2731/30 5083/2732/30
f 5081/2730/25 5085/2731/25 5084/2731/25
f 5078/2729/26 5083/2732/26 5082/2732/26
f 5088/2730/28 5089/2734/28 5087/2726/28
f 5092/2726/30 5093/2734/30 5090/2730/30
f 5088/2730/25 5090/2730/25 5093/2734/25
f 5087/2726/26 5092/2726/26 5091/2733/26
f 5089/2734/60 5093/2734/60 5092/2726/60
f 5096/2735/28 5097/2725/28 5095/2736/28
f 5100/2736/30 5101/2725/30 5098/2735/30
f 5096/2735/25 5098/2735/25 5101/2725/25
f 5095/2736/26 5100/2736/26 5099/2729/26
f 5097/2725/60 5101/2725/60 5100/2736/60
f 5107/2737/30 5106/2741/30 5104/2738/30
f 5107/2737/30 5102/2728/30 5103/2727/30
f 5109/2740/30 5105/2742/30 5104/2738/30
f 5115/2737/28 5110/2728/28 5112/2738/28
f 5111/2727/28 5110/2728/28 5115/2737/28
f 5108/2739/30 5103/2727/30 5105/2742/30
f 5112/2738/28 5113/2742/28 5117/2740/28
f 5108/2739/59 5116/2739/59 5115/2737/59
f 5113/2742/28 5111/2727/28 5116/2739/28
f 5106/2741/25 5107/2737/25 5115/2737/25
f 5109/2740/26 5117/2740/26 5116/2739/26
f 5117/2740/60 5109/2740/60 5106/2741/60
f 5120/2743/28 5121/2746/28 5119/2744/28
f 5124/2744/30 5125/2746/30 5122/2743/30
f 5120/2743/59 5122/2743/59 5125/2746/59
f 5119/2744/60 5124/2744/60 5123/2745/60
f 5127/2722/30 5129/2724/30 5128/2721/30
f 5130/2721/28 5133/2724/28 5132/2722/28
f 5133/2724/59 5130/2721/59 5128/2721/59
f 5131/2723/60 5132/2722/60 5127/2722/60
f 5135/2726/60 5137/2726/60 5136/2725/60
f 5141/2727/30 5138/2728/30 5136/2725/30
f 5139/2728/28 5140/2727/28 5135/2726/28
f 5138/2728/59 5141/2727/59 5140/2727/59
f 5143/2730/60 5145/2730/60 5144/2729/60
f 5146/2732/59 5149/2731/59 5148/2731/59
f 5149/2731/30 5146/2732/30 5144/2729/30
f 5147/2732/28 5148/2731/28 5143/2730/28
f 5148/2731/25 5149/2731/25 5145/2730/25
f 5146/2732/26 5147/2732/26 5142/2729/26
f 5151/2726/30 5153/2734/30 5152/2730/30
f 5154/2730/28 5157/2734/28 5156/2726/28
f 5157/2734/25 5154/2730/25 5152/2730/25
f 5150/2733/26 5155/2733/26 5156/2726/26
f 5156/2726/60 5157/2734/60 5153/2734/60
f 5159/2736/30 5161/2725/30 5160/2735/30
f 5162/2735/28 5165/2725/28 5164/2736/28
f 5165/2725/25 5162/2735/25 5160/2735/25
f 5163/2729/26 5164/2736/26 5159/2736/26
f 5164/2736/60 5165/2725/60 5161/2725/60
f 5171/2737/28 5166/2728/28 5168/2738/28
f 5167/2727/28 5166/2728/28 5171/2737/28
f 5168/2738/28 5169/2742/28 5173/2740/28
f 5179/2737/30 5178/2741/30 5176/2738/30
f 5179/2737/30 5174/2728/30 5175/2727/30
f 5169/2742/28 5167/2727/28 5172/2739/28
f 5181/2740/30 5177/2742/30 5176/2738/30
f 5179/2737/59 5180/2739/59 5172/2739/59
f 5180/2739/30 5175/2727/30 5177/2742/30
f 5179/2737/25 5171/2737/25 5170/2741/25
f 5172/2739/26 5180/2739/26 5181/2740/26
f 5170/2741/60 5173/2740/60 5181/2740/60
f 5183/2744/30 5185/2746/30 5184/2743/30
f 5186/2743/28 5189/2746/28 5188/2744/28
f 5189/2746/59 5186/2743/59 5184/2743/59
f 5187/2745/60 5188/2744/60 5183/2744/60
f 5192/2747/28 5193/2750/28 5191/2748/28
f 5196/2748/30 5197/2750/30 5194/2747/30
f 5192/2747/59 5194/2747/59 5197/2750/59
f 5191/2748/60 5196/2748/60 5195/2749/60
f 5200/2751/60 5201/2752/60 5199/2752/60
f 5200/2751/28 5202/2754/28 5205/2753/28
f 5199/2752/30 5204/2753/30 5203/2754/30
f 5204/2753/59 5205/2753/59 5202/2754/59
f 5208/2755/60 5209/2756/60 5207/2756/60
f 5212/2757/59 5213/2757/59 5210/2758/59
f 5208/2755/28 5210/2758/28 5213/2757/28
f 5207/2756/30 5212/2757/30 5211/2758/30
f 5209/2756/25 5213/2757/25 5212/2757/25
f 5206/2755/26 5211/2758/26 5210/2758/26
f 5216/2756/28 5217/2760/28 5215/2752/28
f 5220/2752/30 5221/2760/30 5218/2756/30
f 5216/2756/25 5218/2756/25 5221/2760/25
f 5215/2752/26 5220/2752/26 5219/2759/26
f 5217/2760/60 5221/2760/60 5220/2752/60
f 5224/2761/28 5225/2751/28 5223/2762/28
f 5228/2762/30 5229/2751/30 5226/2761/30
f 5224/2761/25 5226/2761/25 5229/2751/25
f 5223/2762/26 5228/2762/26 5227/2755/26
f 5225/2751/60 5229/2751/60 5228/2762/60
f 5235/2763/30 5234/2768/30 5232/2764/30
f 5235/2763/30 5230/2765/30 5231/2753/30
f 5237/2767/30 5233/2769/30 5232/2764/30
f 5243/2763/28 5238/2765/28 5240/2764/28
f 5239/2753/28 5238/2765/28 5243/2763/28
f 5240/2764/28 5241/2769/28 5245/2767/28
f 5236/2766/59 5244/2766/59 5243/2763/59
f 5236/2766/30 5231/2753/30 5233/2769/30
f 5234/2768/25 5235/2763/25 5243/2763/25
f 5241/2769/28 5239/2753/28 5244/2766/28
f 5245/2767/60 5237/2767/60 5234/2768/60
f 5237/2767/26 5245/2767/26 5244/2766/26
f 5252/2770/30 5253/2773/30 5250/2771/30
f 5248/2771/59 5250/2771/59 5253/2773/59
f 5247/2770/60 5252/2770/60 5251/2772/60
f 5248/2771/28 5249/2773/28 5247/2770/28
f 5255/2748/30 5257/2750/30 5256/2747/30
f 5258/2747/28 5261/2750/28 5260/2748/28
f 5261/2750/59 5258/2747/59 5256/2747/59
f 5259/2749/60 5260/2748/60 5255/2748/60
f 5263/2752/60 5265/2752/60 5264/2774/60
f 5269/2753/30 5266/2765/30 5264/2774/30
f 5267/2765/28 5268/2753/28 5263/2752/28
f 5266/2765/59 5269/2753/59 5268/2753/59
f 5271/2756/60 5273/2756/60 5272/2755/60
f 5274/2758/59 5277/2757/59 5276/2757/59
f 5277/2757/30 5274/2758/30 5272/2755/30
f 5275/2758/28 5276/2757/28 5271/2756/28
f 5276/2757/25 5277/2757/25 5273/2756/25
f 5274/2758/26 5275/2758/26 5270/2755/26
f 5279/2752/30 5281/2760/30 5280/2756/30
f 5282/2756/28 5285/2760/28 5284/2752/28
f 5285/2760/25 5282/2756/25 5280/2756/25
f 5283/2759/26 5284/2752/26 5279/2752/26
f 5284/2752/60 5285/2760/60 5281/2760/60
f 5287/2762/30 5289/2774/30 5288/2761/30
f 5290/2761/28 5293/2774/28 5292/2762/28
f 5293/2774/25 5290/2761/25 5288/2761/25
f 5291/2755/26 5292/2762/26 5287/2762/26
f 5292/2762/60 5293/2774/60 5289/2774/60
f 5299/2763/28 5294/2765/28 5296/2764/28
f 5300/2766/28 5295/2753/28 5294/2765/28
f 5296/2764/28 5297/2769/28 5301/2767/28
f 5307/2763/30 5306/2768/30 5304/2764/30
f 5308/2766/30 5307/2763/30 5302/2765/30
f 5309/2767/30 5305/2769/30 5304/2764/30
f 5307/2763/59 5308/2766/59 5300/2766/59
f 5297/2769/28 5295/2753/28 5300/2766/28
f 5306/2768/25 5307/2763/25 5299/2763/25
f 5308/2766/30 5303/2753/30 5305/2769/30
f 5306/2768/60 5298/2768/60 5301/2767/60
f 5308/2766/26 5309/2767/26 5301/2767/26
f 5314/2775/28 5317/2773/28 5316/2770/28
f 5317/2773/59 5314/2775/59 5312/2775/59
f 5315/2776/60 5316/2770/60 5311/2770/60
f 5311/2770/30 5313/2773/30 5312/2775/30
f 5319/2777/59 5321/2998/59 5320/2778/59
f 5325/2780/30 5329/2781/30 5328/2781/30
f 5324/2782/25 5326/2783/25 5329/2781/25
f 5323/2780/26 5328/2781/26 5327/2783/26
f 5333/2780/30 5337/2781/30 5336/2781/30
f 5332/2782/25 5334/2783/25 5337/2781/25
f 5331/2780/26 5336/2781/26 5335/2783/26
f 5343/2780/30 5344/2781/30 5345/2781/30
f 5340/2782/25 5341/2783/25 5344/2781/25
f 5339/2780/26 5345/2781/26 5342/2783/26
f 5327/2783/28 5326/2783/28 5324/2782/28
f 5335/2783/28 5334/2783/28 5332/2782/28
f 5342/2783/28 5341/2783/28 5340/2782/28
f 1380/1046/60 1381/1046/60 1377/1045/60
o Bld_Barn_Door_Upper_01
v 0.516464 6.463181 6.116916
v 0.489042 6.499432 6.116916
v 0.489042 4.970208 6.116916
v 0.516464 5.006459 6.116916
v -0.640277 5.006459 6.116916
v -0.612855 4.970208 6.116916
v -0.612855 6.499432 6.116916
v -0.640277 6.463181 6.116916
v -0.061907 5.771071 6.116916
v -0.034485 5.734820 6.116916
v -0.061907 5.698568 6.116916
v -0.089328 5.734820 6.116916
v -0.089328 5.734820 6.098105
v -0.061907 5.771071 6.098105
v -0.034485 5.734820 6.098105
v -0.061907 5.698568 6.098105
v -0.640277 6.463181 6.098105
v -0.612855 6.499432 6.098105
v -0.612855 4.970208 6.098105
v -0.640277 5.006459 6.098105
v 0.516464 5.006459 6.098105
v 0.489042 4.970208 6.098105
v 0.489042 6.499432 6.098105
v 0.516464 6.463181 6.098105
v -0.612855 4.970208 6.096043
v -0.640277 5.006459 6.096043
v 0.489042 6.499432 6.096043
v 0.516464 6.463181 6.096043
v -0.623546 4.992326 6.150421
v 0.499733 4.992326 6.150421
v -0.623546 6.477314 6.150421
v 0.499733 6.477314 6.150421
v -0.623546 6.477314 6.090185
v -0.623546 4.992326 6.090184
v 0.499733 4.992326 6.090184
v 0.499733 6.477314 6.090185
v -0.623546 6.477314 6.123689
v -0.623546 4.992326 6.123689
v 0.499733 4.992326 6.123689
v 0.499733 6.477314 6.123689
v -0.623546 6.477314 6.116917
v 0.499733 6.477314 6.116917
v -0.671435 6.555928 6.150867
v -0.671435 4.913712 6.150866
v 0.547622 4.913712 6.150866
v 0.547622 6.555928 6.150867
v -0.671435 6.555928 6.089739
v -0.671435 4.913712 6.089739
v 0.547622 4.913712 6.089739
v 0.547622 6.555928 6.089739
v -0.640277 6.463181 6.123263
v -0.612855 6.499432 6.123263
v -0.612855 4.970208 6.123263
v -0.640277 5.006459 6.123263
v 0.516464 5.006459 6.123263
v 0.489042 4.970208 6.123263
v 0.489042 6.499432 6.123263
v 0.516464 6.463181 6.123263
v -0.061907 5.771071 6.123263
v -0.089328 5.734820 6.123263
v -0.061907 5.698568 6.123263
v -0.034485 5.734820 6.123263
v -0.034485 5.734820 6.142075
v -0.061907 5.771071 6.142075
v -0.089328 5.734820 6.142075
v -0.061907 5.698568 6.142075
v 0.516464 6.463181 6.142075
v 0.489042 6.499432 6.142075
v 0.489042 4.970208 6.142074
v 0.516464 5.006459 6.142074
v -0.640277 5.006459 6.142074
v -0.612855 4.970208 6.142074
v -0.612855 6.499432 6.142075
v -0.640277 6.463181 6.142075
v 0.489042 4.970208 6.144136
v 0.516464 5.006459 6.144136
v -0.612855 6.499432 6.144136
v -0.640277 6.463181 6.144136
v -0.623546 4.992326 6.116916
v 0.499733 4.992326 6.116916
v -0.397828 4.992326 6.123689
v -0.399952 4.992326 6.123689
v -0.173173 4.992326 6.123689
v -0.175296 4.992326 6.123689
v 0.051483 4.992326 6.123689
v 0.049360 4.992326 6.123689
v 0.276139 4.992326 6.123689
v 0.274015 4.992326 6.123689
v 0.274015 6.477314 6.123689
v 0.276139 6.477314 6.123689
v 0.049360 6.477314 6.123689
v 0.051483 6.477314 6.123689
v -0.175296 6.477314 6.123689
v -0.173173 6.477314 6.123689
v -0.399952 6.477314 6.123689
v -0.397828 6.477314 6.123689
v -0.399952 4.992326 6.116916
v -0.397828 4.992326 6.116916
v -0.175296 4.992326 6.116916
v -0.173173 4.992326 6.116916
v 0.049360 4.992326 6.116916
v 0.051483 4.992326 6.116916
v 0.274015 4.992326 6.116916
v 0.276139 4.992326 6.116916
v 0.276139 6.477314 6.116917
v 0.274015 6.477314 6.116917
v 0.051483 6.477314 6.116917
v 0.049360 6.477314 6.116917
v -0.173173 6.477314 6.116917
v -0.175296 6.477314 6.116917
v -0.397828 6.477314 6.116917
v -0.399952 6.477314 6.116917
vn -0.0000 -0.0000 1.0000
vn -0.0000 -0.0000 -1.0000
vn -0.7975 0.6033 -0.0000
vn 0.7975 0.6033 -0.0000
vn 0.7975 -0.6033 -0.0000
vn -0.7975 -0.6033 -0.0000
vn 0.7975 -0.6033 0.0003
vn -1.0000 -0.0000 -0.0000
vn 1.0000 -0.0000 -0.0000
vn -0.0000 0.0057 1.0000
vn -0.0000 -0.0057 1.0000
vn -0.0000 0.0057 -1.0000
vn -0.0000 -0.0057 -1.0000
vn -0.0093 -0.0000 1.0000
vn 0.0093 -0.0000 -1.0000
vn -0.0093 -0.0000 -1.0000
vn -0.0000 -1.0000 -0.0000
vn -0.0000 1.0000 -0.0000
vn 0.0093 -0.0000 1.0000
vn -0.7975 0.6033 0.0001
vn 0.7975 0.6033 -0.0003
vt 0.697098 0.943512
vt 0.697342 0.943512
vt 0.697220 0.945716
vt 0.694648 0.987789
vt 0.694770 0.989992
vt 0.699792 0.899236
vt 0.697220 0.941309
vt 0.699670 0.989992
vt 0.694770 0.897032
vt 0.699670 0.897032
vt 0.694648 0.899236
vt 0.699792 0.987789
vt 0.699717 0.988648
vt 0.699717 0.898377
vt 0.694722 0.898377
vt 0.694722 0.988648
vt 0.694509 0.893598
vt 0.694509 0.993427
vt 0.699930 0.893598
vt 0.699930 0.993427
vt 0.086198 0.481121
vt 0.087355 0.594490
vt 0.087355 0.481121
vt 0.088595 0.481121
vt 0.087443 0.594490
vt 0.087443 0.481121
vt 0.089758 0.481121
vt 0.088606 0.594490
vt 0.088606 0.481121
vt 0.090921 0.481121
vt 0.089769 0.594490
vt 0.089769 0.481121
vt 0.092089 0.481121
vt 0.090932 0.594490
vt 0.090932 0.481121
vt 0.087366 0.594490
vt 0.088518 0.481121
vt 0.087366 0.481121
vt 0.088529 0.594490
vt 0.089681 0.481121
vt 0.088529 0.481121
vt 0.089692 0.594490
vt 0.090844 0.481121
vt 0.089692 0.481121
vt 0.090855 0.594490
vt 0.092012 0.481121
vt 0.090855 0.481121
vt 0.087432 0.481121
vt 0.088518 0.594490
vt 0.088595 0.594490
vt 0.089681 0.594490
vt 0.089758 0.594490
vt 0.090844 0.594490
vt 0.090921 0.594490
vt 0.086275 0.481121
vt 0.087432 0.594490
vt 0.086275 0.594490
vt 0.086198 0.594490
vt 0.092089 0.594490
vt 0.092012 0.594490
s 0
usemtl Texture_Map
f 5357/2999/164 5355/3000/164 5354/3001/164
f 5359/3001/165 5362/3002/165 5363/3003/165
f 5366/3004/165 5361/3005/165 5360/3000/165
f 5347/3006/166 5359/3001/166 5354/3001/166
f 5354/3001/167 5363/3003/167 5352/3003/167
f 5366/3004/167 5355/3000/167 5349/3004/167
f 5351/3007/168 5361/3005/168 5356/3005/168
f 5353/3002/169 5358/2999/169 5357/2999/169
f 5356/3005/169 5367/3008/169 5348/3008/169
f 5357/2999/166 5365/3009/166 5350/3009/166
f 5346/3010/164 5354/3001/164 5355/3000/164
f 5356/3005/164 5350/3009/164 5351/3007/164
f 5355/3000/168 5369/3010/168 5346/3010/168
f 5359/3001/166 5372/3006/166 5371/3009/166
f 5360/3000/170 5361/3005/170 5370/3007/170
f 5356/3005/164 5349/3004/164 5355/3000/164
f 5373/3010/165 5371/3009/165 5372/3006/165
f 5377/3011/171 5384/3012/171 5375/3012/171
f 5379/3013/172 5386/3014/172 5424/3013/172
f 5389/3015/173 5375/3012/173 5374/3013/173
f 5377/3011/174 5388/3016/174 5376/3014/174
f 5393/3015/175 5380/3012/175 5394/3017/175
f 5392/3016/176 5381/3011/176 5378/3014/176
f 5377/3011/177 5390/3017/177 5391/3018/177
f 5378/3014/178 5393/3015/178 5392/3016/178
f 5381/3011/179 5394/3017/179 5380/3012/179
f 5374/3013/172 5382/3014/172 5376/3014/172
f 5381/3011/180 5386/3014/180 5378/3014/180
f 5379/3013/181 5425/3012/181 5380/3012/181
f 5376/3014/180 5385/3011/180 5377/3011/180
f 5375/3012/181 5383/3013/181 5374/3013/181
f 5380/3012/171 5387/3011/171 5381/3011/171
f 5394/3017/172 5391/3018/172 5390/3017/172
f 5392/3016/171 5389/3015/171 5388/3016/171
f 5395/3018/181 5388/3016/181 5391/3018/181
f 5393/3015/180 5390/3017/180 5389/3015/180
f 5376/3014/182 5389/3015/182 5374/3013/182
f 5407/3000/165 5405/2999/165 5404/3001/165
f 5396/3002/165 5404/3001/165 5405/2999/165
f 5406/3005/165 5399/3009/165 5405/2999/165
f 5421/3004/167 5415/3004/167 5408/3000/167
f 5409/3001/164 5412/3010/164 5413/3006/164
f 5404/3001/166 5413/3006/166 5402/3006/166
f 5423/3002/169 5419/3002/169 5410/2999/169
f 5416/3009/164 5411/3005/164 5410/2999/164
f 5403/3010/168 5408/3000/168 5407/3000/168
f 5401/3008/169 5411/3005/169 5406/3005/169
f 5406/3005/168 5417/3007/168 5398/3007/168
f 5397/3003/167 5409/3001/167 5404/3001/167
f 5407/3000/167 5415/3004/167 5400/3004/167
f 5405/2999/169 5419/3002/169 5396/3002/169
f 5421/3004/164 5423/3002/164 5420/3008/164
f 5406/3005/165 5400/3004/165 5401/3008/165
f 5416/3009/166 5405/2999/166 5399/3009/166
f 5403/3010/165 5404/3001/165 5402/3006/165
f 5424/3019/165 5457/3020/165 5442/3021/165
f 5429/3022/164 5441/3023/164 5426/3024/164
f 5431/3025/164 5439/3026/164 5428/3027/164
f 5433/3028/164 5437/3029/164 5430/3030/164
f 5384/3031/164 5435/3032/164 5432/3033/164
f 5456/3034/165 5444/3035/165 5443/3036/165
f 5454/3037/165 5446/3038/165 5445/3039/165
f 5452/3040/165 5448/3041/165 5447/3042/165
f 5450/3043/165 5425/3044/165 5449/3045/165
f 5457/3020/172 5427/3046/172 5442/3021/172
f 5441/3023/171 5443/3036/171 5426/3024/171
f 5429/3022/172 5455/3047/172 5438/3048/172
f 5439/3026/171 5445/3039/171 5428/3027/171
f 5431/3025/172 5453/3049/172 5436/3050/172
f 5437/3029/171 5447/3042/171 5430/3030/171
f 5433/3028/172 5451/3051/172 5434/3052/172
f 5435/3032/171 5449/3045/171 5432/3033/171
f 5383/3053/164 5440/3054/164 5382/3055/164
f 5353/3002/164 5354/3001/164 5352/3003/164
f 5357/2999/164 5356/3005/164 5355/3000/164
f 5359/3001/165 5358/2999/165 5362/3002/165
f 5366/3004/165 5367/3008/165 5361/3005/165
f 5347/3006/166 5368/3006/166 5359/3001/166
f 5354/3001/167 5359/3001/167 5363/3003/167
f 5366/3004/167 5360/3000/167 5355/3000/167
f 5351/3007/168 5364/3007/168 5361/3005/168
f 5353/3002/169 5362/3002/169 5358/2999/169
f 5356/3005/169 5361/3005/169 5367/3008/169
f 5357/2999/166 5358/2999/166 5365/3009/166
f 5346/3010/164 5347/3006/164 5354/3001/164
f 5356/3005/164 5357/2999/164 5350/3009/164
f 5355/3000/168 5360/3000/168 5369/3010/168
f 5371/3009/166 5365/3009/166 5358/2999/166
f 5359/3001/166 5368/3006/166 5372/3006/166
f 5371/3009/183 5358/2999/183 5359/3001/183
f 5361/3005/168 5364/3007/168 5370/3007/168
f 5370/3007/168 5373/3010/168 5360/3000/168
f 5373/3010/168 5369/3010/168 5360/3000/168
f 5356/3005/164 5348/3008/164 5349/3004/164
f 5373/3010/165 5370/3007/165 5371/3009/165
f 5377/3011/171 5385/3011/171 5384/3012/171
f 5379/3013/172 5378/3014/172 5386/3014/172
f 5389/3015/173 5390/3017/173 5375/3012/173
f 5377/3011/174 5391/3018/174 5388/3016/174
f 5393/3015/175 5379/3013/175 5380/3012/175
f 5392/3016/176 5395/3018/176 5381/3011/176
f 5377/3011/177 5375/3012/177 5390/3017/177
f 5378/3014/178 5379/3013/178 5393/3015/178
f 5381/3011/179 5395/3018/179 5394/3017/179
f 5374/3013/172 5383/3013/172 5382/3014/172
f 5381/3011/180 5387/3011/180 5386/3014/180
f 5379/3013/181 5424/3013/181 5425/3012/181
f 5376/3014/180 5382/3014/180 5385/3011/180
f 5375/3012/181 5384/3012/181 5383/3013/181
f 5380/3012/171 5425/3012/171 5387/3011/171
f 5394/3017/172 5395/3018/172 5391/3018/172
f 5392/3016/171 5393/3015/171 5389/3015/171
f 5395/3018/181 5392/3016/181 5388/3016/181
f 5393/3015/180 5394/3017/180 5390/3017/180
f 5376/3014/182 5388/3016/182 5389/3015/182
f 5407/3000/165 5406/3005/165 5405/2999/165
f 5396/3002/165 5397/3003/165 5404/3001/165
f 5406/3005/165 5398/3007/165 5399/3009/165
f 5408/3000/184 5409/3001/184 5422/3003/184
f 5409/3001/167 5418/3003/167 5422/3003/167
f 5422/3003/167 5421/3004/167 5408/3000/167
f 5409/3001/164 5408/3000/164 5412/3010/164
f 5404/3001/166 5409/3001/166 5413/3006/166
f 5410/2999/169 5411/3005/169 5420/3008/169
f 5411/3005/169 5414/3008/169 5420/3008/169
f 5420/3008/169 5423/3002/169 5410/2999/169
f 5416/3009/164 5417/3007/164 5411/3005/164
f 5403/3010/168 5412/3010/168 5408/3000/168
f 5401/3008/169 5414/3008/169 5411/3005/169
f 5406/3005/168 5411/3005/168 5417/3007/168
f 5397/3003/167 5418/3003/167 5409/3001/167
f 5407/3000/167 5408/3000/167 5415/3004/167
f 5405/2999/169 5410/2999/169 5419/3002/169
f 5421/3004/164 5422/3003/164 5423/3002/164
f 5406/3005/165 5407/3000/165 5400/3004/165
f 5416/3009/166 5410/2999/166 5405/2999/166
f 5403/3010/165 5407/3000/165 5404/3001/165
f 5424/3019/165 5386/3056/165 5457/3020/165
f 5429/3022/164 5438/3048/164 5441/3023/164
f 5431/3025/164 5436/3050/164 5439/3026/164
f 5433/3028/164 5434/3052/164 5437/3029/164
f 5384/3031/164 5385/3057/164 5435/3032/164
f 5456/3034/165 5455/3047/165 5444/3035/165
f 5454/3037/165 5453/3049/165 5446/3038/165
f 5452/3040/165 5451/3051/165 5448/3041/165
f 5450/3043/165 5387/3058/165 5425/3044/165
f 5457/3020/172 5440/3054/172 5427/3046/172
f 5441/3023/171 5456/3034/171 5443/3036/171
f 5429/3022/172 5444/3035/172 5455/3047/172
f 5439/3026/171 5454/3037/171 5445/3039/171
f 5431/3025/172 5446/3038/172 5453/3049/172
f 5437/3029/171 5452/3040/171 5447/3042/171
f 5433/3028/172 5448/3041/172 5451/3051/172
f 5435/3032/171 5450/3043/171 5449/3045/171
f 5383/3053/164 5427/3046/164 5440/3054/164
f 5353/3002/164 5357/2999/164 5354/3001/164
o Bld_Barn_01_Stall_Door_02
v 1.723242 0.009277 2.399013
v 1.723242 1.236415 2.399013
v 1.666248 0.009277 2.399013
v 1.666248 1.236415 2.399013
v 1.666248 0.009277 3.805651
v 1.723242 0.009277 3.805651
v 1.723242 1.236415 3.805651
v 1.666248 1.236415 3.805651
v 1.666248 0.009277 2.631893
v 1.666248 0.009277 2.878287
v 1.671481 0.009277 3.103891
v 1.666248 0.009277 3.100772
v 1.666248 0.009277 3.327840
v 1.666248 0.009277 3.572771
v 1.666248 1.236415 3.572771
v 1.666248 1.236415 3.327840
v 1.666248 1.236415 3.100772
v 1.671481 1.236415 3.103891
v 1.666248 1.236415 2.878287
v 1.666248 1.236415 2.631893
v 1.723242 0.009277 2.631893
v 1.723242 0.009277 2.635012
v 1.723242 0.009277 2.878287
v 1.723242 0.009277 3.100772
v 1.723242 0.009277 3.103891
v 1.723242 0.009277 3.324721
v 1.723242 0.009277 3.569652
v 1.723242 0.009277 3.572771
v 1.723242 1.236415 2.635012
v 1.723242 1.236415 2.631893
v 1.723242 1.236415 2.878287
v 1.723242 1.236415 3.103891
v 1.723242 1.236415 3.100772
v 1.723242 1.236415 3.324721
v 1.723242 1.236415 3.572771
v 1.723242 1.236415 3.569652
v 1.662249 0.009277 2.644169
v 1.675405 0.009277 2.635012
v 1.675405 0.009277 2.875167
v 1.662249 0.009277 2.866010
v 1.675405 0.009277 3.324721
v 1.671481 0.009277 3.315563
v 1.675405 0.009277 3.569652
v 1.666248 0.009277 3.560494
v 1.666248 1.236415 3.560495
v 1.675405 1.236415 3.569652
v 1.671481 1.236415 3.315564
v 1.675405 1.236415 3.324721
v 1.662249 1.236415 2.866010
v 1.675405 1.236415 2.875167
v 1.675405 1.236415 2.635012
v 1.662249 1.236415 2.644169
v 1.723242 0.009277 2.865244
v 1.713318 0.009277 2.875167
v 1.713318 0.009277 3.327840
v 1.723242 0.009277 3.337763
v 1.713318 1.236415 2.875167
v 1.723242 1.236415 2.865244
v 1.723242 1.236415 3.337763
v 1.713318 1.236415 3.327840
vn -0.0000 -0.0000 -1.0000
vn -0.0000 -1.0000 -0.0000
vn 1.0000 -0.0000 -0.0000
vn -0.0000 -0.0000 1.0000
vn -1.0000 -0.0000 -0.0000
vn -0.0000 1.0000 -0.0000
vn -0.5713 -0.0000 -0.8208
vn -0.5713 -0.0000 0.8208
vn -0.9192 -0.0000 0.3939
vn -0.7071 -0.0000 0.7071
vn 0.7071 -0.0000 -0.7071
vn 0.7071 -0.0000 0.7071
vt 0.112856 0.967914
vt 0.112856 0.893345
vt 0.118545 0.881098
vt 0.118696 0.881098
vt 0.118702 0.881098
vt 0.112697 0.967914
vt 0.112697 0.893345
vt 0.118545 0.955667
vt 0.117902 0.881098
vt 0.117902 0.955667
vt 0.118061 0.955667
vt 0.118061 0.881098
vt 0.118544 0.955667
vt 0.118538 0.955667
vt 0.112377 0.893345
vt 0.112529 0.967914
vt 0.112529 0.893345
vt 0.112215 0.893345
vt 0.112056 0.893345
vt 0.112063 0.893345
vt 0.118382 0.881098
vt 0.118231 0.955667
vt 0.118231 0.881098
vt 0.112377 0.967914
vt 0.118544 0.881098
vt 0.118696 0.955667
vt 0.118237 0.881098
vt 0.118382 0.955667
vt 0.112056 0.967914
vt 0.118237 0.955667
vt 0.112222 0.967914
vt 0.112222 0.893345
vt 0.112063 0.967914
vt 0.112215 0.967914
vt 0.118702 0.955667
vt 0.118538 0.881098
s 0
usemtl Texture_Map
f 5461/3059/185 5458/3060/185 5460/3060/185
f 5510/3061/186 5494/3062/186 5479/3063/186
f 5458/3060/187 5487/3064/187 5478/3065/187
f 5479/3063/187 5515/3066/187 5510/3061/187
f 5463/3067/188 5465/3068/188 5462/3067/188
f 5462/3067/189 5472/3069/189 5471/3070/189
f 5506/3071/190 5507/3072/190 5515/3066/190
f 5469/3073/189 5476/3074/189 5467/3075/189
f 5485/3070/187 5464/3068/187 5463/3067/187
f 5513/3076/186 5484/3077/186 5501/3078/186
f 5482/3079/187 5491/3080/187 5483/3081/187
f 5480/3075/187 5490/3082/187 5481/3073/187
f 5497/3083/189 5509/3084/189 5494/3062/189
f 5478/3065/188 5477/3064/188 5466/3065/188
f 5467/3075/185 5488/3074/185 5480/3075/185
f 5499/3085/186 5482/3079/186 5483/3081/186
f 5468/3079/185 5489/3086/185 5482/3079/185
f 5481/3073/188 5474/3082/188 5469/3073/188
f 5513/3076/187 5493/3087/187 5484/3077/187
f 5468/3079/189 5504/3088/189 5475/3086/189
f 5471/3070/185 5492/3069/185 5485/3070/185
f 5501/3078/189 5473/3089/189 5470/3090/189
f 5460/3060/189 5477/3064/189 5461/3059/189
f 5492/3069/190 5465/3068/190 5464/3068/190
f 5489/3086/190 5475/3086/190 5504/3088/190
f 5473/3089/190 5502/3091/190 5516/3092/190
f 5488/3074/190 5474/3082/190 5490/3082/190
f 5477/3064/190 5459/3059/190 5461/3059/190
f 5478/3065/186 5460/3060/186 5458/3060/186
f 5462/3067/186 5485/3070/186 5463/3067/186
f 5484/3077/188 5503/3087/188 5500/3077/188
f 5483/3081/188 5505/3080/188 5498/3081/188
f 5469/3073/186 5480/3075/186 5481/3073/186
f 5495/3063/185 5486/3093/185 5479/3063/185
f 5509/3084/191 5495/3063/191 5494/3062/191
f 5497/3083/192 5507/3072/192 5506/3071/192
f 5499/3085/193 5505/3080/193 5504/3088/193
f 5501/3078/194 5503/3087/194 5502/3091/194
f 5470/3090/185 5517/3089/185 5512/3090/185
f 5513/3076/195 5517/3089/195 5516/3092/195
f 5515/3066/196 5511/3094/196 5510/3061/196
f 5511/3094/188 5507/3072/188 5496/3094/188
f 5461/3059/185 5459/3059/185 5458/3060/185
f 5511/3094/186 5496/3094/186 5510/3061/186
f 5496/3094/186 5497/3083/186 5510/3061/186
f 5497/3083/186 5494/3062/186 5510/3061/186
f 5494/3062/186 5495/3063/186 5479/3063/186
f 5458/3060/187 5459/3059/187 5487/3064/187
f 5479/3063/187 5486/3093/187 5515/3066/187
f 5463/3067/188 5464/3068/188 5465/3068/188
f 5462/3067/189 5465/3068/189 5472/3069/189
f 5507/3072/190 5514/3072/190 5515/3066/190
f 5515/3066/190 5486/3093/190 5509/3084/190
f 5486/3093/190 5508/3093/190 5509/3084/190
f 5509/3084/190 5506/3071/190 5515/3066/190
f 5469/3073/189 5474/3082/189 5476/3074/189
f 5485/3070/187 5492/3069/187 5464/3068/187
f 5484/3077/186 5500/3077/186 5501/3078/186
f 5501/3078/186 5470/3090/186 5513/3076/186
f 5470/3090/186 5512/3090/186 5513/3076/186
f 5482/3079/187 5489/3086/187 5491/3080/187
f 5480/3075/187 5488/3074/187 5490/3082/187
f 5497/3083/189 5506/3071/189 5509/3084/189
f 5478/3065/188 5487/3064/188 5477/3064/188
f 5467/3075/185 5476/3074/185 5488/3074/185
f 5483/3081/186 5498/3081/186 5499/3085/186
f 5499/3085/186 5468/3079/186 5482/3079/186
f 5468/3079/185 5475/3086/185 5489/3086/185
f 5481/3073/188 5490/3082/188 5474/3082/188
f 5513/3076/187 5516/3092/187 5493/3087/187
f 5468/3079/189 5499/3085/189 5504/3088/189
f 5471/3070/185 5472/3069/185 5492/3069/185
f 5501/3078/189 5502/3091/189 5473/3089/189
f 5460/3060/189 5466/3065/189 5477/3064/189
f 5492/3069/190 5472/3069/190 5465/3068/190
f 5505/3080/190 5491/3080/190 5504/3088/190
f 5491/3080/190 5489/3086/190 5504/3088/190
f 5503/3087/190 5493/3087/190 5502/3091/190
f 5493/3087/190 5516/3092/190 5502/3091/190
f 5516/3092/190 5517/3089/190 5473/3089/190
f 5488/3074/190 5476/3074/190 5474/3082/190
f 5477/3064/190 5487/3064/190 5459/3059/190
f 5478/3065/186 5466/3065/186 5460/3060/186
f 5462/3067/186 5471/3070/186 5485/3070/186
f 5484/3077/188 5493/3087/188 5503/3087/188
f 5483/3081/188 5491/3080/188 5505/3080/188
f 5469/3073/186 5467/3075/186 5480/3075/186
f 5495/3063/185 5508/3093/185 5486/3093/185
f 5509/3084/191 5508/3093/191 5495/3063/191
f 5497/3083/192 5496/3094/192 5507/3072/192
f 5499/3085/193 5498/3081/193 5505/3080/193
f 5501/3078/194 5500/3077/194 5503/3087/194
f 5470/3090/185 5473/3089/185 5517/3089/185
f 5513/3076/195 5512/3090/195 5517/3089/195
f 5515/3066/196 5514/3072/196 5511/3094/196
f 5511/3094/188 5514/3072/188 5507/3072/188
o Bld_Barn_01_Stall_Door_04
v 1.723242 0.009277 -1.149161
v 1.723242 1.236415 -1.149161
v 1.666248 0.009277 -1.149161
v 1.666248 1.236415 -1.149161
v 1.723242 0.009277 0.257477
v 1.723242 1.236415 0.257478
v 1.666248 0.009277 -0.913161
v 1.666248 0.009277 -0.678722
v 1.666248 0.009277 -0.447401
v 1.666248 0.009277 -0.209842
v 1.666248 0.009277 0.024597
v 1.666248 0.009277 0.021478
v 1.666248 1.236415 0.021478
v 1.666248 1.236415 0.024597
v 1.666248 1.236415 -0.209842
v 1.666248 1.236415 -0.447401
v 1.666248 1.236415 -0.678722
v 1.666248 1.236415 -0.913161
v 1.723242 0.009277 -0.916281
v 1.723242 0.009277 -0.913161
v 1.723242 0.009277 -0.681841
v 1.723242 0.009277 -0.678722
v 1.723242 0.009277 -0.447401
v 1.723242 0.009277 -0.212962
v 1.723242 0.009277 -0.209842
v 1.723242 0.009277 0.024597
v 1.723242 1.236415 -0.913161
v 1.723242 1.236415 -0.916281
v 1.723242 1.236415 -0.678722
v 1.723242 1.236415 -0.681841
v 1.723242 1.236415 -0.447401
v 1.723242 1.236415 -0.209842
v 1.723242 1.236415 -0.212961
v 1.723242 1.236415 0.024597
v 1.682108 0.009277 0.257477
v 1.666248 0.009277 0.241618
v 1.666248 1.236415 0.241618
v 1.682108 1.236415 0.257478
v 1.682108 0.009277 -0.916281
v 1.666248 0.009277 -0.932140
v 1.682108 0.009277 -0.681841
v 1.666248 0.009277 -0.697700
v 1.666248 0.009277 -0.428423
v 1.682108 0.009277 -0.444282
v 1.682108 0.009277 -0.212962
v 1.666248 0.009277 -0.228821
v 1.666248 1.236415 -0.228821
v 1.682108 1.236415 -0.212961
v 1.682108 1.236415 -0.444282
v 1.666248 1.236415 -0.428423
v 1.666248 1.236415 -0.697700
v 1.682108 1.236415 -0.681841
v 1.666248 1.236415 -0.932140
v 1.682108 1.236415 -0.916281
v 1.714186 0.009277 -0.444282
v 1.723242 0.009277 -0.435226
v 1.723242 0.009277 0.012422
v 1.714186 0.009277 0.021478
v 1.723242 1.236415 -0.435226
v 1.714186 1.236415 -0.444282
v 1.714186 1.236415 0.021478
v 1.723242 1.236415 0.012422
vn -0.0000 -0.0000 -1.0000
vn 1.0000 -0.0000 -0.0000
vn -0.0000 -1.0000 -0.0000
vn -1.0000 -0.0000 -0.0000
vn -0.0000 1.0000 -0.0000
vn -0.0000 -0.0000 1.0000
vn -0.7071 -0.0000 0.7071
vn -0.7071 -0.0000 -0.7071
vn 0.7071 -0.0000 0.7071
vn 0.7071 -0.0000 -0.7071
vt 0.118859 0.955667
vt 0.118859 0.881098
vt 0.118698 0.881098
vt 0.118540 0.955667
vt 0.118540 0.881098
vt 0.118700 0.955667
vt 0.118700 0.881098
vt 0.112211 0.893345
vt 0.112059 0.893345
vt 0.111902 0.893345
vt 0.112051 0.967914
vt 0.112051 0.893345
vt 0.111902 0.967914
vt 0.112053 0.893345
vt 0.112211 0.967914
vt 0.118220 0.881098
vt 0.118220 0.955667
vt 0.112373 0.893345
vt 0.112531 0.967914
vt 0.112531 0.893345
vt 0.111891 0.967914
vt 0.111891 0.893345
vt 0.118367 0.955667
vt 0.118231 0.955667
vt 0.118372 0.955667
vt 0.118372 0.881098
vt 0.118231 0.881098
vt 0.112373 0.967914
vt 0.118698 0.955667
vt 0.118711 0.881098
vt 0.118551 0.881098
vt 0.118367 0.881098
vt 0.112059 0.967914
vt 0.112053 0.967914
vt 0.118551 0.955667
vt 0.118711 0.955667
vt 0.118378 0.881098
vt 0.118378 0.955667
s 0
usemtl Texture_Map
f 5521/3095/197 5518/3096/197 5520/3096/197
f 5537/3097/198 5547/3098/198 5538/3099/198
f 5518/3096/198 5545/3100/198 5536/3101/198
f 5527/3102/199 5542/3102/199 5574/3103/199
f 5553/3104/200 5531/3105/200 5528/3106/200
f 5551/3105/201 5531/3105/201 5554/3107/201
f 5529/3108/200 5532/3109/200 5527/3102/200
f 5541/3110/202 5565/3111/202 5562/3110/202
f 5526/3112/200 5534/3113/200 5525/3114/200
f 5543/3106/198 5523/3115/198 5522/3116/198
f 5567/3117/201 5564/3118/201 5576/3119/201
f 5573/3120/199 5541/3110/199 5563/3121/199
f 5539/3114/198 5548/3122/198 5540/3112/198
f 5524/3097/197 5544/3123/197 5537/3097/197
f 5557/3124/200 5521/3095/200 5520/3096/200
f 5525/3114/197 5546/3113/197 5539/3114/197
f 5559/3125/200 5535/3123/200 5524/3097/200
f 5563/3121/200 5567/3117/200 5560/3126/200
f 5540/3112/202 5533/3122/202 5526/3112/202
f 5527/3102/197 5549/3109/197 5542/3102/197
f 5579/3127/201 5532/3109/201 5530/3128/201
f 5528/3106/197 5551/3105/197 5543/3106/197
f 5542/3102/198 5579/3127/198 5574/3103/198
f 5559/3125/199 5537/3097/199 5538/3099/199
f 5536/3101/199 5556/3101/199 5557/3124/199
f 5544/3123/201 5535/3123/201 5568/3129/201
f 5546/3113/201 5533/3122/201 5548/3122/201
f 5570/3130/201 5545/3100/201 5519/3095/201
f 5536/3101/202 5571/3100/202 5556/3101/202
f 5522/3116/202 5555/3115/202 5552/3116/202
f 5575/3108/202 5530/3128/202 5529/3108/202
f 5573/3120/198 5550/3111/198 5541/3110/198
f 5526/3112/199 5539/3114/199 5540/3112/199
f 5538/3099/202 5569/3098/202 5558/3099/202
f 5553/3104/203 5555/3115/203 5554/3107/203
f 5557/3124/203 5571/3100/203 5570/3130/203
f 5559/3125/203 5569/3098/203 5568/3129/203
f 5567/3117/204 5561/3131/204 5560/3126/204
f 5563/3121/203 5565/3111/203 5564/3118/203
f 5553/3104/199 5543/3106/199 5522/3116/199
f 5579/3127/205 5575/3108/205 5574/3103/205
f 5573/3120/206 5577/3132/206 5576/3119/206
f 5561/3131/197 5577/3132/197 5572/3131/197
f 5521/3095/197 5519/3095/197 5518/3096/197
f 5537/3097/198 5544/3123/198 5547/3098/198
f 5518/3096/198 5519/3095/198 5545/3100/198
f 5575/3108/199 5529/3108/199 5574/3103/199
f 5529/3108/199 5527/3102/199 5574/3103/199
f 5553/3104/200 5554/3107/200 5531/3105/200
f 5555/3115/201 5523/3115/201 5554/3107/201
f 5523/3115/201 5551/3105/201 5554/3107/201
f 5529/3108/200 5530/3128/200 5532/3109/200
f 5541/3110/202 5550/3111/202 5565/3111/202
f 5526/3112/200 5533/3122/200 5534/3113/200
f 5543/3106/198 5551/3105/198 5523/3115/198
f 5565/3111/201 5550/3111/201 5564/3118/201
f 5550/3111/201 5576/3119/201 5564/3118/201
f 5576/3119/201 5577/3132/201 5566/3132/201
f 5566/3132/201 5567/3117/201 5576/3119/201
f 5541/3110/199 5562/3110/199 5563/3121/199
f 5563/3121/199 5560/3126/199 5573/3120/199
f 5560/3126/199 5561/3131/199 5573/3120/199
f 5561/3131/199 5572/3131/199 5573/3120/199
f 5539/3114/198 5546/3113/198 5548/3122/198
f 5524/3097/197 5535/3123/197 5544/3123/197
f 5557/3124/200 5570/3130/200 5521/3095/200
f 5525/3114/197 5534/3113/197 5546/3113/197
f 5559/3125/200 5568/3129/200 5535/3123/200
f 5563/3121/200 5564/3118/200 5567/3117/200
f 5540/3112/202 5548/3122/202 5533/3122/202
f 5527/3102/197 5532/3109/197 5549/3109/197
f 5530/3128/201 5578/3128/201 5579/3127/201
f 5579/3127/201 5549/3109/201 5532/3109/201
f 5528/3106/197 5531/3105/197 5551/3105/197
f 5542/3102/198 5549/3109/198 5579/3127/198
f 5538/3099/199 5558/3099/199 5559/3125/199
f 5559/3125/199 5524/3097/199 5537/3097/199
f 5520/3096/199 5518/3096/199 5557/3124/199
f 5518/3096/199 5536/3101/199 5557/3124/199
f 5569/3098/201 5547/3098/201 5568/3129/201
f 5547/3098/201 5544/3123/201 5568/3129/201
f 5546/3113/201 5534/3113/201 5533/3122/201
f 5519/3095/201 5521/3095/201 5570/3130/201
f 5570/3130/201 5571/3100/201 5545/3100/201
f 5536/3101/202 5545/3100/202 5571/3100/202
f 5522/3116/202 5523/3115/202 5555/3115/202
f 5575/3108/202 5578/3128/202 5530/3128/202
f 5573/3120/198 5576/3119/198 5550/3111/198
f 5526/3112/199 5525/3114/199 5539/3114/199
f 5538/3099/202 5547/3098/202 5569/3098/202
f 5553/3104/203 5552/3116/203 5555/3115/203
f 5557/3124/203 5556/3101/203 5571/3100/203
f 5559/3125/203 5558/3099/203 5569/3098/203
f 5567/3117/204 5566/3132/204 5561/3131/204
f 5563/3121/203 5562/3110/203 5565/3111/203
f 5522/3116/199 5552/3116/199 5553/3104/199
f 5553/3104/199 5528/3106/199 5543/3106/199
f 5579/3127/205 5578/3128/205 5575/3108/205
f 5573/3120/206 5572/3131/206 5577/3132/206
f 5561/3131/197 5566/3132/197 5577/3132/197
o Bld_Barn_01_Stall_Door_06
v 1.666248 0.009277 -4.690948
v 1.666248 1.236415 -4.690948
v 1.666248 0.009277 -3.284310
v 1.723242 0.009277 -3.284310
v 1.723242 1.236415 -3.284310
v 1.666248 1.236415 -3.284310
v 1.666248 0.009277 -4.458068
v 1.666248 0.009277 -4.220509
v 1.666248 0.009277 -4.223628
v 1.666248 0.009277 -3.989188
v 1.666248 0.009277 -3.751630
v 1.666248 0.009277 -3.520309
v 1.666248 1.236415 -3.520309
v 1.666248 1.236415 -3.751629
v 1.666248 1.236415 -3.989188
v 1.666248 1.236415 -4.223628
v 1.666248 1.236415 -4.220509
v 1.666248 1.236415 -4.458068
v 1.723242 0.009277 -4.458068
v 1.723242 0.009277 -4.454948
v 1.723242 0.009277 -4.223628
v 1.723242 0.009277 -4.220509
v 1.723242 0.009277 -3.986069
v 1.723242 0.009277 -3.754749
v 1.723242 0.009277 -3.520309
v 1.723242 0.009277 -3.517190
v 1.723242 1.236415 -4.454948
v 1.723242 1.236415 -4.458068
v 1.723242 1.236415 -4.220509
v 1.723242 1.236415 -4.223628
v 1.723242 1.236415 -3.986069
v 1.723242 1.236415 -3.754749
v 1.723242 1.236415 -3.517190
v 1.723242 1.236415 -3.520309
v 1.666248 0.009277 -4.445899
v 1.675298 0.009277 -4.454948
v 1.666248 0.009277 -3.977020
v 1.675298 0.009277 -3.986069
v 1.675298 0.009277 -3.754749
v 1.666248 0.009277 -3.763798
v 1.666248 0.009277 -3.508140
v 1.675298 0.009277 -3.517190
v 1.675298 1.236415 -3.517190
v 1.666248 1.236415 -3.508140
v 1.666248 1.236415 -3.763798
v 1.675298 1.236415 -3.754749
v 1.675298 1.236415 -3.986069
v 1.666248 1.236415 -3.977019
v 1.675298 1.236415 -4.454948
v 1.666248 1.236415 -4.445899
v 1.711820 0.009277 -4.690948
v 1.723242 0.009277 -4.679526
v 1.723242 1.236415 -4.679526
v 1.711820 1.236415 -4.690948
v 1.723242 0.009277 -4.000610
v 1.711820 0.009277 -3.989188
v 1.711820 0.009277 -3.751630
v 1.723242 0.009277 -3.740207
v 1.711820 1.236415 -3.989188
v 1.723242 1.236415 -4.000610
v 1.723242 1.236415 -3.740207
v 1.711820 1.236415 -3.751629
vn -0.0000 -1.0000 -0.0000
vn 1.0000 -0.0000 -0.0000
vn -0.0000 -0.0000 -1.0000
vn -0.0000 -0.0000 1.0000
vn -0.0000 1.0000 -0.0000
vn -1.0000 -0.0000 -0.0000
vn -0.7071 -0.0000 -0.7071
vn -0.7071 -0.0000 0.7071
vn 0.7071 -0.0000 -0.7071
vn 0.7071 -0.0000 0.7071
vt 0.118843 0.881098
vt 0.118692 0.881098
vt 0.118851 0.881098
vt 0.112683 0.893345
vt 0.112525 0.967914
vt 0.112525 0.893345
vt 0.118851 0.955667
vt 0.112205 0.893345
vt 0.112357 0.893345
vt 0.112363 0.893345
vt 0.117890 0.881098
vt 0.117890 0.955667
vt 0.118049 0.955667
vt 0.118043 0.955667
vt 0.112045 0.893345
vt 0.112203 0.967914
vt 0.112203 0.893345
vt 0.112205 0.967914
vt 0.118372 0.881098
vt 0.118530 0.955667
vt 0.118530 0.881098
vt 0.118049 0.881098
vt 0.118380 0.955667
vt 0.118372 0.955667
vt 0.112195 0.893345
vt 0.112677 0.967914
vt 0.112677 0.893345
vt 0.118692 0.955667
vt 0.112211 0.967914
vt 0.112357 0.967914
vt 0.118380 0.881098
vt 0.112045 0.967914
vt 0.118043 0.881098
vt 0.112363 0.967914
vt 0.112683 0.967914
vt 0.112195 0.967914
vt 0.118843 0.955667
vt 0.112211 0.893345
s 0
usemtl Texture_Map
f 5631/3133/207 5586/3134/207 5580/3135/207
f 5599/3136/208 5609/3137/208 5600/3138/208
f 5581/3139/209 5630/3135/209 5580/3135/209
f 5603/3140/207 5616/3141/207 5602/3142/207
f 5583/3143/210 5585/3144/210 5582/3143/210
f 5612/3145/211 5622/3145/211 5623/3146/211
f 5591/3147/212 5593/3148/212 5590/3149/212
f 5603/3140/210 5625/3150/210 5618/3140/210
f 5589/3151/212 5596/3152/212 5587/3153/212
f 5605/3154/208 5584/3144/208 5583/3143/208
f 5639/3155/211 5596/3152/211 5594/3156/211
f 5602/3142/208 5611/3150/208 5603/3140/208
f 5590/3149/207 5636/3149/207 5637/3157/207
f 5588/3138/212 5629/3158/212 5614/3159/212
f 5598/3134/210 5597/3160/210 5586/3134/210
f 5587/3153/209 5608/3152/209 5601/3153/209
f 5600/3138/210 5595/3137/210 5588/3138/210
f 5616/3141/212 5624/3161/212 5627/3162/212
f 5601/3153/208 5639/3155/208 5634/3163/208
f 5637/3157/208 5613/3164/208 5604/3147/208
f 5620/3165/207 5605/3154/207 5583/3143/207
f 5582/3143/212 5623/3146/212 5620/3165/212
f 5604/3147/210 5592/3164/210 5591/3147/210
f 5580/3135/212 5597/3160/212 5581/3139/212
f 5627/3162/211 5624/3161/211 5610/3166/211
f 5606/3167/211 5628/3167/211 5629/3158/211
f 5640/3168/211 5593/3148/211 5592/3164/211
f 5587/3153/207 5601/3153/207 5634/3163/207
f 5597/3160/211 5607/3160/211 5632/3169/211
f 5621/3154/209 5612/3145/209 5605/3154/209
f 5590/3149/209 5641/3148/209 5636/3149/209
f 5617/3142/209 5610/3166/209 5602/3142/209
f 5635/3151/210 5594/3156/210 5589/3151/210
f 5615/3136/209 5606/3167/209 5599/3136/209
f 5629/3158/213 5615/3136/213 5614/3159/213
f 5627/3162/213 5617/3142/213 5616/3141/213
f 5619/3170/214 5625/3150/214 5624/3161/214
f 5623/3146/213 5621/3154/213 5620/3165/213
f 5614/3159/207 5599/3136/207 5600/3138/207
f 5631/3133/215 5633/3139/215 5632/3169/215
f 5637/3157/215 5641/3148/215 5640/3168/215
f 5639/3155/216 5635/3151/216 5634/3163/216
f 5631/3133/208 5607/3160/208 5598/3134/208
f 5580/3135/207 5630/3135/207 5631/3133/207
f 5631/3133/207 5598/3134/207 5586/3134/207
f 5599/3136/208 5606/3167/208 5609/3137/208
f 5581/3139/209 5633/3139/209 5630/3135/209
f 5603/3140/207 5618/3140/207 5619/3170/207
f 5619/3170/207 5616/3141/207 5603/3140/207
f 5616/3141/207 5617/3142/207 5602/3142/207
f 5583/3143/210 5584/3144/210 5585/3144/210
f 5585/3144/211 5584/3144/211 5623/3146/211
f 5584/3144/211 5612/3145/211 5623/3146/211
f 5591/3147/212 5592/3164/212 5593/3148/212
f 5603/3140/210 5611/3150/210 5625/3150/210
f 5589/3151/212 5594/3156/212 5596/3152/212
f 5605/3154/208 5612/3145/208 5584/3144/208
f 5594/3156/211 5638/3156/211 5639/3155/211
f 5639/3155/211 5608/3152/211 5596/3152/211
f 5602/3142/208 5610/3166/208 5611/3150/208
f 5604/3147/207 5591/3147/207 5637/3157/207
f 5591/3147/207 5590/3149/207 5637/3157/207
f 5588/3138/212 5595/3137/212 5629/3158/212
f 5598/3134/210 5607/3160/210 5597/3160/210
f 5587/3153/209 5596/3152/209 5608/3152/209
f 5600/3138/210 5609/3137/210 5595/3137/210
f 5616/3141/212 5619/3170/212 5624/3161/212
f 5601/3153/208 5608/3152/208 5639/3155/208
f 5637/3157/208 5640/3168/208 5613/3164/208
f 5583/3143/207 5582/3143/207 5620/3165/207
f 5620/3165/207 5621/3154/207 5605/3154/207
f 5582/3143/212 5585/3144/212 5623/3146/212
f 5604/3147/210 5613/3164/210 5592/3164/210
f 5580/3135/212 5586/3134/212 5597/3160/212
f 5625/3150/211 5611/3150/211 5624/3161/211
f 5611/3150/211 5610/3166/211 5624/3161/211
f 5610/3166/211 5626/3166/211 5627/3162/211
f 5595/3137/211 5609/3137/211 5629/3158/211
f 5609/3137/211 5606/3167/211 5629/3158/211
f 5592/3164/211 5613/3164/211 5640/3168/211
f 5640/3168/211 5641/3148/211 5593/3148/211
f 5635/3151/207 5589/3151/207 5634/3163/207
f 5589/3151/207 5587/3153/207 5634/3163/207
f 5633/3139/211 5581/3139/211 5632/3169/211
f 5581/3139/211 5597/3160/211 5632/3169/211
f 5621/3154/209 5622/3145/209 5612/3145/209
f 5590/3149/209 5593/3148/209 5641/3148/209
f 5617/3142/209 5626/3166/209 5610/3166/209
f 5635/3151/210 5638/3156/210 5594/3156/210
f 5615/3136/209 5628/3167/209 5606/3167/209
f 5629/3158/213 5628/3167/213 5615/3136/213
f 5627/3162/213 5626/3166/213 5617/3142/213
f 5619/3170/214 5618/3140/214 5625/3150/214
f 5623/3146/213 5622/3145/213 5621/3154/213
f 5600/3138/207 5588/3138/207 5614/3159/207
f 5614/3159/207 5615/3136/207 5599/3136/207
f 5631/3133/215 5630/3135/215 5633/3139/215
f 5637/3157/215 5636/3149/215 5641/3148/215
f 5639/3155/216 5638/3156/216 5635/3151/216
f 5631/3133/208 5632/3169/208 5607/3160/208
o Bld_Barn_01_Stall_Door_01
v -1.837974 0.009277 2.399013
v -1.837974 1.236415 2.399013
v -1.780981 0.009277 2.399013
v -1.780981 1.236415 2.399013
v -1.780981 0.009277 3.805651
v -1.837974 0.009277 3.805651
v -1.837974 1.236415 3.805651
v -1.780981 1.236415 3.805651
v -1.780981 0.009277 2.631893
v -1.780981 0.009277 2.878287
v -1.786214 0.009277 3.103891
v -1.780981 0.009277 3.100772
v -1.780981 0.009277 3.327840
v -1.780981 0.009277 3.572771
v -1.780981 1.236415 3.572771
v -1.780981 1.236415 3.327840
v -1.780981 1.236415 3.100772
v -1.786214 1.236415 3.103891
v -1.780981 1.236415 2.878287
v -1.780981 1.236415 2.631893
v -1.837974 0.009277 2.631893
v -1.837974 0.009277 2.635012
v -1.837974 0.009277 2.878287
v -1.837974 0.009277 3.100772
v -1.837974 0.009277 3.103891
v -1.837974 0.009277 3.324721
v -1.837974 0.009277 3.569652
v -1.837974 0.009277 3.572771
v -1.837974 1.236415 2.635012
v -1.837974 1.236415 2.631893
v -1.837974 1.236415 2.878287
v -1.837974 1.236415 3.103891
v -1.837974 1.236415 3.100772
v -1.837974 1.236415 3.324721
v -1.837974 1.236415 3.572771
v -1.837974 1.236415 3.569652
v -1.776982 0.009277 2.644169
v -1.790138 0.009277 2.635012
v -1.790138 0.009277 2.875167
v -1.776982 0.009277 2.866010
v -1.790138 0.009277 3.324721
v -1.786214 0.009277 3.315563
v -1.790138 0.009277 3.569652
v -1.780981 0.009277 3.560494
v -1.780981 1.236415 3.560495
v -1.790138 1.236415 3.569652
v -1.786214 1.236415 3.315564
v -1.790138 1.236415 3.324721
v -1.776982 1.236415 2.866010
v -1.790138 1.236415 2.875167
v -1.790138 1.236415 2.635012
v -1.776982 1.236415 2.644169
v -1.837974 0.009277 2.865244
v -1.828051 0.009277 2.875167
v -1.828051 0.009277 3.327840
v -1.837974 0.009277 3.337763
v -1.828051 1.236415 2.875167
v -1.837974 1.236415 2.865244
v -1.837974 1.236415 3.337763
v -1.828051 1.236415 3.327840
vn -0.0000 -0.0000 -1.0000
vn -0.0000 -1.0000 -0.0000
vn -1.0000 -0.0000 -0.0000
vn -0.0000 -0.0000 1.0000
vn 1.0000 -0.0000 -0.0000
vn -0.0000 1.0000 -0.0000
vn 0.5713 -0.0000 -0.8208
vn 0.5713 -0.0000 0.8208
vn 0.9192 -0.0000 0.3939
vn 0.7071 -0.0000 0.7071
vn -0.7071 -0.0000 -0.7071
vn -0.7071 -0.0000 0.7071
vt 0.118863 0.881098
vt 0.118863 0.955667
vt 0.112689 0.893345
vt 0.112537 0.893345
vt 0.112538 0.893345
vt 0.118704 0.955667
vt 0.118704 0.881098
vt 0.112538 0.967914
vt 0.112695 0.893345
vt 0.117902 0.955667
vt 0.117902 0.881098
vt 0.118061 0.955667
vt 0.118061 0.881098
vt 0.112695 0.967914
vt 0.112689 0.967914
vt 0.112529 0.967914
vt 0.112377 0.893345
vt 0.112529 0.893345
vt 0.112063 0.893345
vt 0.112215 0.893345
vt 0.112222 0.893345
vt 0.118231 0.955667
vt 0.118382 0.881098
vt 0.118231 0.881098
vt 0.112377 0.967914
vt 0.118237 0.881098
vt 0.118382 0.955667
vt 0.112056 0.967914
vt 0.112056 0.893345
vt 0.118237 0.955667
vt 0.112222 0.967914
vt 0.112215 0.967914
vt 0.112531 0.967914
vt 0.112537 0.967914
vt 0.112063 0.967914
vt 0.112531 0.893345
s 0
usemtl Texture_Map
f 5642/3171/217 5645/3172/217 5644/3171/217
f 5678/3173/218 5681/3174/218 5694/3175/218
f 5671/3176/219 5642/3171/219 5662/3177/219
f 5699/3178/219 5663/3179/219 5694/3175/219
f 5649/3180/220 5647/3181/220 5646/3181/220
f 5656/3182/221 5646/3181/221 5655/3183/221
f 5670/3184/222 5699/3178/222 5693/3185/222
f 5660/3186/221 5653/3187/221 5651/3188/221
f 5648/3180/219 5669/3183/219 5647/3181/219
f 5685/3189/218 5697/3190/218 5654/3191/218
f 5675/3192/219 5666/3193/219 5667/3194/219
f 5674/3195/219 5664/3188/219 5665/3187/219
f 5693/3185/221 5681/3174/221 5678/3173/221
f 5661/3176/220 5662/3177/220 5650/3177/220
f 5672/3186/217 5651/3188/217 5664/3188/217
f 5666/3193/218 5652/3193/218 5683/3196/218
f 5673/3197/217 5652/3193/217 5666/3193/217
f 5658/3195/220 5665/3187/220 5653/3187/220
f 5677/3198/219 5697/3190/219 5668/3199/219
f 5652/3193/221 5688/3200/221 5683/3196/221
f 5676/3182/217 5655/3183/217 5669/3183/217
f 5657/3201/221 5685/3189/221 5654/3191/221
f 5644/3171/221 5661/3176/221 5650/3177/221
f 5649/3180/222 5676/3182/222 5648/3180/222
f 5688/3200/222 5659/3197/222 5673/3197/222
f 5657/3201/222 5701/3201/222 5700/3202/222
f 5658/3195/222 5672/3186/222 5674/3195/222
f 5643/3172/222 5661/3176/222 5645/3172/222
f 5644/3171/218 5662/3177/218 5642/3171/218
f 5647/3181/218 5655/3183/218 5646/3181/218
f 5687/3198/220 5668/3199/220 5684/3199/220
f 5689/3192/220 5667/3194/220 5682/3194/220
f 5665/3187/218 5651/3188/218 5653/3187/218
f 5670/3184/217 5679/3179/217 5663/3179/217
f 5679/3179/223 5693/3185/223 5678/3173/223
f 5691/3203/224 5681/3174/224 5690/3204/224
f 5689/3192/225 5683/3196/225 5688/3200/225
f 5687/3198/226 5685/3189/226 5686/3205/226
f 5701/3201/217 5654/3191/217 5696/3191/217
f 5701/3201/227 5697/3190/227 5700/3202/227
f 5695/3206/228 5699/3178/228 5694/3175/228
f 5691/3203/220 5695/3206/220 5680/3206/220
f 5642/3171/217 5643/3172/217 5645/3172/217
f 5681/3174/218 5680/3206/218 5694/3175/218
f 5680/3206/218 5695/3206/218 5694/3175/218
f 5694/3175/218 5663/3179/218 5678/3173/218
f 5663/3179/218 5679/3179/218 5678/3173/218
f 5671/3176/219 5643/3172/219 5642/3171/219
f 5699/3178/219 5670/3184/219 5663/3179/219
f 5649/3180/220 5648/3180/220 5647/3181/220
f 5656/3182/221 5649/3180/221 5646/3181/221
f 5699/3178/222 5698/3203/222 5691/3203/222
f 5691/3203/222 5690/3204/222 5699/3178/222
f 5690/3204/222 5693/3185/222 5699/3178/222
f 5693/3185/222 5692/3184/222 5670/3184/222
f 5660/3186/221 5658/3195/221 5653/3187/221
f 5648/3180/219 5676/3182/219 5669/3183/219
f 5685/3189/218 5684/3199/218 5668/3199/218
f 5668/3199/218 5697/3190/218 5685/3189/218
f 5697/3190/218 5696/3191/218 5654/3191/218
f 5675/3192/219 5673/3197/219 5666/3193/219
f 5674/3195/219 5672/3186/219 5664/3188/219
f 5693/3185/221 5690/3204/221 5681/3174/221
f 5661/3176/220 5671/3176/220 5662/3177/220
f 5672/3186/217 5660/3186/217 5651/3188/217
f 5683/3196/218 5682/3194/218 5667/3194/218
f 5667/3194/218 5666/3193/218 5683/3196/218
f 5673/3197/217 5659/3197/217 5652/3193/217
f 5658/3195/220 5674/3195/220 5665/3187/220
f 5677/3198/219 5700/3202/219 5697/3190/219
f 5652/3193/221 5659/3197/221 5688/3200/221
f 5676/3182/217 5656/3182/217 5655/3183/217
f 5657/3201/221 5686/3205/221 5685/3189/221
f 5644/3171/221 5645/3172/221 5661/3176/221
f 5649/3180/222 5656/3182/222 5676/3182/222
f 5673/3197/222 5675/3192/222 5688/3200/222
f 5675/3192/222 5689/3192/222 5688/3200/222
f 5700/3202/222 5677/3198/222 5686/3205/222
f 5677/3198/222 5687/3198/222 5686/3205/222
f 5686/3205/222 5657/3201/222 5700/3202/222
f 5658/3195/222 5660/3186/222 5672/3186/222
f 5643/3172/222 5671/3176/222 5661/3176/222
f 5644/3171/218 5650/3177/218 5662/3177/218
f 5647/3181/218 5669/3183/218 5655/3183/218
f 5687/3198/220 5677/3198/220 5668/3199/220
f 5689/3192/220 5675/3192/220 5667/3194/220
f 5665/3187/218 5664/3188/218 5651/3188/218
f 5670/3184/217 5692/3184/217 5679/3179/217
f 5679/3179/223 5692/3184/223 5693/3185/223
f 5691/3203/224 5680/3206/224 5681/3174/224
f 5689/3192/225 5682/3194/225 5683/3196/225
f 5687/3198/226 5684/3199/226 5685/3189/226
f 5701/3201/217 5657/3201/217 5654/3191/217
f 5701/3201/227 5696/3191/227 5697/3190/227
f 5695/3206/228 5698/3203/228 5699/3178/228
f 5691/3203/220 5698/3203/220 5695/3206/220
o Bld_Barn_01_Stall_Door_03
v -1.837974 0.009277 -1.149161
v -1.837974 1.236415 -1.149161
v -1.780981 0.009277 -1.149161
v -1.780981 1.236415 -1.149161
v -1.837974 0.009277 0.257478
v -1.837974 1.236415 0.257478
v -1.780981 0.009277 -0.913161
v -1.780981 0.009277 -0.678722
v -1.780981 0.009277 -0.447401
v -1.780981 0.009277 -0.209842
v -1.780981 0.009277 0.024598
v -1.780981 0.009277 0.021478
v -1.780981 1.236415 0.021478
v -1.780981 1.236415 0.024598
v -1.780981 1.236415 -0.209842
v -1.780981 1.236415 -0.447401
v -1.780981 1.236415 -0.678721
v -1.780981 1.236415 -0.913161
v -1.837974 0.009277 -0.916280
v -1.837974 0.009277 -0.913161
v -1.837974 0.009277 -0.681841
v -1.837974 0.009277 -0.678722
v -1.837974 0.009277 -0.447401
v -1.837974 0.009277 -0.212961
v -1.837974 0.009277 -0.209842
v -1.837974 0.009277 0.024598
v -1.837974 1.236415 -0.913161
v -1.837974 1.236415 -0.916280
v -1.837974 1.236415 -0.678721
v -1.837974 1.236415 -0.681841
v -1.837974 1.236415 -0.447401
v -1.837974 1.236415 -0.209842
v -1.837974 1.236415 -0.212961
v -1.837974 1.236415 0.024598
v -1.796840 0.009277 0.257478
v -1.780981 0.009277 0.241618
v -1.780981 1.236415 0.241618
v -1.796840 1.236415 0.257478
v -1.796840 0.009277 -0.916280
v -1.780981 0.009277 -0.932140
v -1.796840 0.009277 -0.681841
v -1.780981 0.009277 -0.697700
v -1.780981 0.009277 -0.428422
v -1.796840 0.009277 -0.444282
v -1.796840 0.009277 -0.212961
v -1.780981 0.009277 -0.228821
v -1.780981 1.236415 -0.228821
v -1.796840 1.236415 -0.212961
v -1.796840 1.236415 -0.444282
v -1.780981 1.236415 -0.428422
v -1.780981 1.236415 -0.697700
v -1.796840 1.236415 -0.681841
v -1.780981 1.236415 -0.932140
v -1.796840 1.236415 -0.916280
v -1.828918 0.009277 -0.444282
v -1.837974 0.009277 -0.435226
v -1.837974 0.009277 0.012422
v -1.828918 0.009277 0.021478
v -1.837974 1.236415 -0.435226
v -1.828918 1.236415 -0.444282
v -1.828918 1.236415 0.021478
v -1.837974 1.236415 0.012422
vn -0.0000 -0.0000 -1.0000
vn -1.0000 -0.0000 -0.0000
vn -0.0000 -1.0000 -0.0000
vn 1.0000 -0.0000 -0.0000
vn -0.0000 1.0000 -0.0000
vn -0.0000 -0.0000 1.0000
vn 0.7071 -0.0000 0.7071
vn 0.7071 -0.0000 -0.7071
vn -0.7071 -0.0000 0.7071
vn -0.7071 -0.0000 -0.7071
vt 0.112852 0.893345
vt 0.112852 0.967914
vt 0.112533 0.967914
vt 0.112691 0.893345
vt 0.112533 0.893345
vt 0.112693 0.967914
vt 0.112693 0.893345
vt 0.118066 0.881098
vt 0.118218 0.881098
vt 0.112051 0.967914
vt 0.111902 0.893345
vt 0.112051 0.893345
vt 0.111902 0.967914
vt 0.118218 0.955667
vt 0.118060 0.881098
vt 0.112213 0.967914
vt 0.112213 0.893345
vt 0.118538 0.955667
vt 0.118380 0.881098
vt 0.118538 0.881098
vt 0.111891 0.967914
vt 0.111891 0.893345
vt 0.112371 0.967914
vt 0.112365 0.967914
vt 0.112360 0.893345
vt 0.112224 0.893345
vt 0.112365 0.893345
vt 0.118380 0.955667
vt 0.112691 0.967914
vt 0.112704 0.893345
vt 0.112544 0.893345
vt 0.112360 0.967914
vt 0.118066 0.955667
vt 0.112544 0.967914
vt 0.112704 0.967914
vt 0.118060 0.955667
vt 0.112371 0.893345
vt 0.112224 0.967914
s 0
usemtl Texture_Map
f 5702/3207/229 5705/3208/229 5704/3207/229
f 5731/3209/230 5721/3210/230 5722/3211/230
f 5729/3212/230 5702/3207/230 5720/3213/230
f 5758/3214/231 5726/3215/231 5711/3215/231
f 5715/3216/232 5737/3217/232 5712/3218/232
f 5738/3219/233 5715/3216/233 5735/3216/233
f 5716/3220/232 5713/3221/232 5711/3215/232
f 5749/3222/234 5725/3223/234 5746/3223/234
f 5718/3224/232 5710/3225/232 5709/3226/232
f 5707/3227/230 5727/3218/230 5706/3228/230
f 5750/3229/233 5761/3229/233 5760/3230/233
f 5744/3231/231 5747/3232/231 5757/3233/231
f 5732/3234/230 5723/3226/230 5724/3225/230
f 5728/3235/229 5708/3210/229 5721/3210/229
f 5705/3208/232 5741/3236/232 5704/3207/232
f 5730/3224/229 5709/3226/229 5723/3226/229
f 5719/3235/232 5743/3237/232 5708/3210/232
f 5751/3238/232 5747/3232/232 5744/3231/232
f 5717/3234/234 5724/3225/234 5710/3225/234
f 5733/3220/229 5711/3215/229 5726/3215/229
f 5716/3220/233 5733/3220/233 5763/3239/233
f 5735/3216/229 5712/3218/229 5727/3218/229
f 5763/3239/230 5726/3215/230 5758/3214/230
f 5721/3210/231 5708/3210/231 5743/3237/231
f 5741/3236/231 5740/3213/231 5720/3213/231
f 5752/3240/233 5719/3235/233 5728/3235/233
f 5717/3234/233 5730/3224/233 5732/3234/233
f 5729/3212/233 5755/3212/233 5754/3241/233
f 5755/3212/234 5720/3213/234 5740/3213/234
f 5739/3227/234 5706/3228/234 5736/3228/234
f 5714/3242/234 5759/3221/234 5713/3221/234
f 5734/3222/230 5757/3233/230 5725/3223/230
f 5724/3225/231 5709/3226/231 5710/3225/231
f 5753/3209/234 5722/3211/234 5742/3211/234
f 5739/3227/235 5737/3217/235 5738/3219/235
f 5755/3212/235 5741/3236/235 5754/3241/235
f 5753/3209/235 5743/3237/235 5752/3240/235
f 5745/3243/236 5751/3238/236 5744/3231/236
f 5749/3222/235 5747/3232/235 5748/3244/235
f 5727/3218/231 5712/3218/231 5737/3217/231
f 5759/3221/237 5763/3239/237 5758/3214/237
f 5761/3229/238 5757/3233/238 5760/3230/238
f 5761/3229/229 5745/3243/229 5756/3243/229
f 5702/3207/229 5703/3208/229 5705/3208/229
f 5731/3209/230 5728/3235/230 5721/3210/230
f 5729/3212/230 5703/3208/230 5702/3207/230
f 5711/3215/231 5713/3221/231 5758/3214/231
f 5713/3221/231 5759/3221/231 5758/3214/231
f 5715/3216/232 5738/3219/232 5737/3217/232
f 5735/3216/233 5707/3227/233 5738/3219/233
f 5707/3227/233 5739/3227/233 5738/3219/233
f 5716/3220/232 5714/3242/232 5713/3221/232
f 5749/3222/234 5734/3222/234 5725/3223/234
f 5718/3224/232 5717/3234/232 5710/3225/232
f 5707/3227/230 5735/3216/230 5727/3218/230
f 5760/3230/233 5734/3222/233 5748/3244/233
f 5734/3222/233 5749/3222/233 5748/3244/233
f 5748/3244/233 5751/3238/233 5760/3230/233
f 5751/3238/233 5750/3229/233 5760/3230/233
f 5747/3232/231 5746/3223/231 5725/3223/231
f 5725/3223/231 5757/3233/231 5747/3232/231
f 5757/3233/231 5756/3243/231 5745/3243/231
f 5744/3231/231 5757/3233/231 5745/3243/231
f 5732/3234/230 5730/3224/230 5723/3226/230
f 5728/3235/229 5719/3235/229 5708/3210/229
f 5705/3208/232 5754/3241/232 5741/3236/232
f 5730/3224/229 5718/3224/229 5709/3226/229
f 5719/3235/232 5752/3240/232 5743/3237/232
f 5751/3238/232 5748/3244/232 5747/3232/232
f 5717/3234/234 5732/3234/234 5724/3225/234
f 5733/3220/229 5716/3220/229 5711/3215/229
f 5763/3239/233 5762/3242/233 5714/3242/233
f 5714/3242/233 5716/3220/233 5763/3239/233
f 5735/3216/229 5715/3216/229 5712/3218/229
f 5763/3239/230 5733/3220/230 5726/3215/230
f 5743/3237/231 5742/3211/231 5722/3211/231
f 5722/3211/231 5721/3210/231 5743/3237/231
f 5720/3213/231 5702/3207/231 5741/3236/231
f 5702/3207/231 5704/3207/231 5741/3236/231
f 5728/3235/233 5731/3209/233 5752/3240/233
f 5731/3209/233 5753/3209/233 5752/3240/233
f 5717/3234/233 5718/3224/233 5730/3224/233
f 5754/3241/233 5705/3208/233 5703/3208/233
f 5703/3208/233 5729/3212/233 5754/3241/233
f 5755/3212/234 5729/3212/234 5720/3213/234
f 5739/3227/234 5707/3227/234 5706/3228/234
f 5714/3242/234 5762/3242/234 5759/3221/234
f 5734/3222/230 5760/3230/230 5757/3233/230
f 5724/3225/231 5723/3226/231 5709/3226/231
f 5753/3209/234 5731/3209/234 5722/3211/234
f 5739/3227/235 5736/3228/235 5737/3217/235
f 5755/3212/235 5740/3213/235 5741/3236/235
f 5753/3209/235 5742/3211/235 5743/3237/235
f 5745/3243/236 5750/3229/236 5751/3238/236
f 5749/3222/235 5746/3223/235 5747/3232/235
f 5737/3217/231 5736/3228/231 5706/3228/231
f 5706/3228/231 5727/3218/231 5737/3217/231
f 5759/3221/237 5762/3242/237 5763/3239/237
f 5761/3229/238 5756/3243/238 5757/3233/238
f 5761/3229/229 5750/3229/229 5745/3243/229
o Bld_Barn_01_Stall_Door_05
v -1.780981 0.009277 -4.690948
v -1.780981 1.236415 -4.690948
v -1.780981 0.009277 -3.284310
v -1.837974 0.009277 -3.284310
v -1.837974 1.236415 -3.284310
v -1.780981 1.236415 -3.284310
v -1.780981 0.009277 -4.458068
v -1.780981 0.009277 -4.220509
v -1.780981 0.009277 -4.223628
v -1.780981 0.009277 -3.989188
v -1.780981 0.009277 -3.751630
v -1.780981 0.009277 -3.520309
v -1.780981 1.236415 -3.520309
v -1.780981 1.236415 -3.751629
v -1.780981 1.236415 -3.989188
v -1.780981 1.236415 -4.223628
v -1.780981 1.236415 -4.220509
v -1.780981 1.236415 -4.458068
v -1.837974 0.009277 -4.458068
v -1.837974 0.009277 -4.454948
v -1.837974 0.009277 -4.223628
v -1.837974 0.009277 -4.220509
v -1.837974 0.009277 -3.986069
v -1.837974 0.009277 -3.754749
v -1.837974 0.009277 -3.520309
v -1.837974 0.009277 -3.517190
v -1.837974 1.236415 -4.454948
v -1.837974 1.236415 -4.458068
v -1.837974 1.236415 -4.220509
v -1.837974 1.236415 -4.223628
v -1.837974 1.236415 -3.986069
v -1.837974 1.236415 -3.754749
v -1.837974 1.236415 -3.517190
v -1.837974 1.236415 -3.520309
v -1.780981 0.009277 -4.445899
v -1.790030 0.009277 -4.454948
v -1.780981 0.009277 -3.977020
v -1.790030 0.009277 -3.986069
v -1.790030 0.009277 -3.754749
v -1.780981 0.009277 -3.763798
v -1.780981 0.009277 -3.508140
v -1.790030 0.009277 -3.517190
v -1.790030 1.236415 -3.517190
v -1.780981 1.236415 -3.508140
v -1.780981 1.236415 -3.763798
v -1.790030 1.236415 -3.754749
v -1.790030 1.236415 -3.986069
v -1.780981 1.236415 -3.977019
v -1.790030 1.236415 -4.454948
v -1.780981 1.236415 -4.445899
v -1.826552 0.009277 -4.690948
v -1.837974 0.009277 -4.679526
v -1.837974 1.236415 -4.679526
v -1.826552 1.236415 -4.690948
v -1.837974 0.009277 -4.000610
v -1.826552 0.009277 -3.989188
v -1.826552 0.009277 -3.751630
v -1.837974 0.009277 -3.740207
v -1.826552 1.236415 -3.989188
v -1.837974 1.236415 -4.000610
v -1.837974 1.236415 -3.740207
v -1.826552 1.236415 -3.751629
vn -0.0000 -1.0000 -0.0000
vn -1.0000 -0.0000 -0.0000
vn -0.0000 -0.0000 -1.0000
vn -0.0000 -0.0000 1.0000
vn -0.0000 1.0000 -0.0000
vn 1.0000 -0.0000 -0.0000
vn 0.7071 -0.0000 -0.7071
vn 0.7071 -0.0000 0.7071
vn -0.7071 -0.0000 -0.7071
vn -0.7071 -0.0000 0.7071
vt 0.118692 0.881098
vt 0.118843 0.881098
vt 0.112525 0.967914
vt 0.112683 0.893345
vt 0.112525 0.893345
vt 0.118851 0.881098
vt 0.118851 0.955667
vt 0.112357 0.893345
vt 0.112211 0.893345
vt 0.112205 0.893345
vt 0.111883 0.967914
vt 0.111883 0.893345
vt 0.112036 0.967914
vt 0.112042 0.967914
vt 0.118210 0.955667
vt 0.118052 0.881098
vt 0.118210 0.881098
vt 0.112205 0.967914
vt 0.118530 0.955667
vt 0.118372 0.881098
vt 0.118530 0.881098
vt 0.112042 0.893345
vt 0.118380 0.955667
vt 0.112363 0.893345
vt 0.118202 0.881098
vt 0.112677 0.967914
vt 0.112677 0.893345
vt 0.118692 0.955667
vt 0.112211 0.967914
vt 0.118380 0.881098
vt 0.118052 0.955667
vt 0.112036 0.893345
vt 0.112357 0.967914
vt 0.112363 0.967914
vt 0.112683 0.967914
vt 0.118202 0.955667
vt 0.118843 0.955667
vt 0.118372 0.955667
s 0
usemtl Texture_Map
f 5770/3245/239 5782/3245/239 5815/3246/239
f 5793/3247/240 5783/3248/240 5784/3249/240
f 5814/3250/241 5765/3251/241 5764/3250/241
f 5800/3252/239 5803/3253/239 5787/3254/239
f 5769/3255/242 5767/3256/242 5766/3256/242
f 5807/3257/243 5806/3258/243 5796/3258/243
f 5777/3259/244 5775/3260/244 5774/3261/244
f 5809/3262/242 5787/3254/242 5802/3254/242
f 5780/3263/244 5773/3264/244 5771/3265/244
f 5768/3255/240 5789/3266/240 5767/3256/240
f 5780/3263/243 5792/3263/243 5823/3267/243
f 5795/3262/240 5786/3268/240 5787/3254/240
f 5821/3269/239 5820/3261/239 5774/3261/239
f 5813/3270/244 5772/3249/244 5798/3271/244
f 5781/3272/242 5782/3245/242 5770/3245/242
f 5792/3263/241 5771/3265/241 5785/3265/241
f 5779/3247/242 5784/3249/242 5772/3249/242
f 5800/3252/244 5808/3273/244 5803/3253/244
f 5823/3267/240 5785/3265/240 5818/3274/240
f 5797/3275/240 5821/3269/240 5788/3260/240
f 5789/3266/239 5805/3266/239 5804/3276/239
f 5807/3257/244 5766/3256/244 5804/3276/244
f 5776/3275/242 5788/3260/242 5775/3260/242
f 5764/3250/244 5781/3272/244 5770/3245/244
f 5811/3277/243 5810/3278/243 5794/3278/243
f 5813/3270/243 5812/3279/243 5790/3279/243
f 5777/3259/243 5825/3259/243 5824/3280/243
f 5818/3274/239 5785/3265/239 5771/3265/239
f 5816/3281/243 5791/3272/243 5781/3272/243
f 5796/3258/241 5805/3266/241 5789/3266/241
f 5825/3259/241 5774/3261/241 5820/3261/241
f 5794/3278/241 5801/3268/241 5786/3268/241
f 5778/3282/242 5819/3264/242 5773/3264/242
f 5790/3279/241 5799/3248/241 5783/3248/241
f 5799/3248/245 5813/3270/245 5798/3271/245
f 5801/3268/245 5811/3277/245 5800/3252/245
f 5809/3262/246 5803/3253/246 5808/3273/246
f 5805/3266/245 5807/3257/245 5804/3276/245
f 5783/3248/239 5799/3248/239 5798/3271/239
f 5817/3251/247 5815/3246/247 5816/3281/247
f 5825/3259/247 5821/3269/247 5824/3280/247
f 5819/3264/248 5823/3267/248 5818/3274/248
f 5791/3272/240 5815/3246/240 5782/3245/240
f 5815/3246/239 5814/3250/239 5764/3250/239
f 5764/3250/239 5770/3245/239 5815/3246/239
f 5793/3247/240 5790/3279/240 5783/3248/240
f 5814/3250/241 5817/3251/241 5765/3251/241
f 5803/3253/239 5802/3254/239 5787/3254/239
f 5787/3254/239 5786/3268/239 5800/3252/239
f 5786/3268/239 5801/3268/239 5800/3252/239
f 5769/3255/242 5768/3255/242 5767/3256/242
f 5796/3258/243 5768/3255/243 5807/3257/243
f 5768/3255/243 5769/3255/243 5807/3257/243
f 5777/3259/244 5776/3275/244 5775/3260/244
f 5809/3262/242 5795/3262/242 5787/3254/242
f 5780/3263/244 5778/3282/244 5773/3264/244
f 5768/3255/240 5796/3258/240 5789/3266/240
f 5823/3267/243 5822/3282/243 5778/3282/243
f 5778/3282/243 5780/3263/243 5823/3267/243
f 5795/3262/240 5794/3278/240 5786/3268/240
f 5774/3261/239 5775/3260/239 5821/3269/239
f 5775/3260/239 5788/3260/239 5821/3269/239
f 5813/3270/244 5779/3247/244 5772/3249/244
f 5781/3272/242 5791/3272/242 5782/3245/242
f 5792/3263/241 5780/3263/241 5771/3265/241
f 5779/3247/242 5793/3247/242 5784/3249/242
f 5800/3252/244 5811/3277/244 5808/3273/244
f 5823/3267/240 5792/3263/240 5785/3265/240
f 5797/3275/240 5824/3280/240 5821/3269/240
f 5804/3276/239 5766/3256/239 5767/3256/239
f 5767/3256/239 5789/3266/239 5804/3276/239
f 5807/3257/244 5769/3255/244 5766/3256/244
f 5776/3275/242 5797/3275/242 5788/3260/242
f 5764/3250/244 5765/3251/244 5781/3272/244
f 5794/3278/243 5795/3262/243 5808/3273/243
f 5795/3262/243 5809/3262/243 5808/3273/243
f 5808/3273/243 5811/3277/243 5794/3278/243
f 5790/3279/243 5793/3247/243 5813/3270/243
f 5793/3247/243 5779/3247/243 5813/3270/243
f 5824/3280/243 5797/3275/243 5776/3275/243
f 5776/3275/243 5777/3259/243 5824/3280/243
f 5771/3265/239 5773/3264/239 5818/3274/239
f 5773/3264/239 5819/3264/239 5818/3274/239
f 5781/3272/243 5765/3251/243 5816/3281/243
f 5765/3251/243 5817/3251/243 5816/3281/243
f 5796/3258/241 5806/3258/241 5805/3266/241
f 5825/3259/241 5777/3259/241 5774/3261/241
f 5794/3278/241 5810/3278/241 5801/3268/241
f 5778/3282/242 5822/3282/242 5819/3264/242
f 5790/3279/241 5812/3279/241 5799/3248/241
f 5799/3248/245 5812/3279/245 5813/3270/245
f 5801/3268/245 5810/3278/245 5811/3277/245
f 5809/3262/246 5802/3254/246 5803/3253/246
f 5805/3266/245 5806/3258/245 5807/3257/245
f 5798/3271/239 5772/3249/239 5784/3249/239
f 5784/3249/239 5783/3248/239 5798/3271/239
f 5817/3251/247 5814/3250/247 5815/3246/247
f 5825/3259/247 5820/3261/247 5821/3269/247
f 5819/3264/248 5822/3282/248 5823/3267/248
f 5791/3272/240 5816/3281/240 5815/3246/240
o Bld_Barn_Slide_Door_Right_01
v 0.028606 0.076580 6.101285
v 0.028606 2.670420 6.101285
v 1.579498 0.076580 6.101285
v 1.579498 2.670420 6.101285
v 1.579498 0.079637 6.112946
v 0.028606 0.079637 6.112946
v 1.579498 2.667363 6.112946
v 0.028606 2.667363 6.112946
v 1.252855 0.079637 6.112946
v 1.248106 0.079637 6.112946
v 0.952077 0.079637 6.112946
v 0.652359 0.079637 6.112946
v 0.356330 0.079637 6.112946
v 1.248106 2.667363 6.112946
v 1.252855 2.667363 6.112946
v 0.952077 2.667363 6.112946
v 0.652359 2.667363 6.112946
v 0.356330 2.667363 6.112946
v 1.248106 0.076580 6.101285
v 1.252855 0.076580 6.101285
v 0.952077 0.076580 6.101285
v 0.652359 0.076580 6.101285
v 0.356330 0.076580 6.101285
v 1.252855 2.670420 6.101285
v 1.248106 2.670420 6.101285
v 0.952077 2.670420 6.101285
v 0.652359 2.670420 6.101285
v 0.356330 2.670420 6.101285
v 1.576723 0.079637 6.191091
v 0.028606 0.079637 6.191091
v 1.570888 2.667363 6.191090
v 0.028606 2.667363 6.191090
v 1.655549 -0.007213 6.191091
v -0.045956 -0.007213 6.191091
v 1.649284 2.754212 6.191090
v -0.045956 2.754212 6.191090
v 1.655549 -0.007213 6.075142
v -0.045956 -0.007213 6.075142
v 1.579498 0.076580 6.075142
v 0.029887 0.076580 6.075142
v 1.573647 2.667363 6.075141
v 0.029887 2.667363 6.075141
v 1.521992 2.754212 6.191090
v 1.521992 2.754212 6.075141
v 1.649284 2.754212 6.075141
v 1.521992 2.804448 6.075141
v 1.521992 2.804448 6.191090
v 1.649284 2.804448 6.191090
v 1.649284 2.804448 6.075141
v 0.080142 2.754212 6.191090
v -0.045956 2.754212 6.075141
v 0.080142 2.754212 6.075141
v -0.045956 2.804448 6.075141
v -0.045956 2.804448 6.191090
v 0.080142 2.804448 6.191090
v 0.080142 2.804448 6.075141
v 0.941837 0.079637 6.112946
v 0.662599 0.079637 6.112946
v 0.654204 0.077436 6.104550
v 0.346090 0.079637 6.112946
v 0.941837 2.667363 6.112946
v 0.662599 2.667363 6.112946
v 0.346090 2.667363 6.112946
v 0.943417 0.076580 6.101285
v 0.950232 0.077436 6.104550
v 0.661019 0.076580 6.101285
v 0.347671 0.076580 6.101285
v 0.354486 0.077436 6.104550
v 0.950232 2.669564 6.104549
v 0.943417 2.670420 6.101285
v 0.661019 2.670420 6.101285
v 0.654204 2.669564 6.104549
v 0.354486 2.669564 6.104549
v 0.347671 2.670420 6.101285
v 0.758691 1.488480 6.158154
v 0.801158 1.553441 6.158154
v 0.843731 1.488565 6.158154
v 0.801263 1.423681 6.158154
v 1.598490 0.111274 6.112453
v 1.556076 0.046310 6.112453
v 0.006771 2.635808 6.112453
v 0.049291 2.700688 6.112453
v 0.843731 1.488565 6.112453
v 0.801158 1.553441 6.112453
v 0.758691 1.488480 6.112453
v 0.801263 1.423681 6.112453
v 0.049291 2.700688 6.158154
v 0.006771 2.635808 6.158154
v 1.556076 0.046310 6.158155
v 1.598490 0.111274 6.158155
v 0.049291 0.046310 6.112453
v 0.006771 0.111190 6.112453
v 1.550186 2.700688 6.112453
v 1.592811 2.635892 6.112453
v 0.758691 1.488480 6.164883
v 1.592811 2.635892 6.164883
v 1.550186 2.700688 6.164883
v 0.801263 1.423681 6.164883
v 0.006771 0.111190 6.164883
v 0.049291 0.046310 6.164883
vn -0.0000 -0.0000 -1.0000
vn -0.0000 -0.0000 1.0000
vn 1.0000 -0.0000 -0.0000
vn -1.0000 -0.0000 -0.0000
vn -0.0000 1.0000 -0.0000
vn 1.0000 0.0023 -0.0000
vn -0.0000 0.9997 -0.0264
vn 0.9999 -0.0000 0.0110
vn -0.0000 -1.0000 -0.0000
vn -0.9997 -0.0023 -0.0239
vn 0.7071 -0.0000 0.7071
vn -0.7071 -0.0000 0.7071
vn 0.4321 -0.0000 -0.9018
vn -0.4320 -0.0000 -0.9019
vn 0.4320 -0.0000 -0.9019
vn -0.8364 -0.5481 -0.0000
vn 0.8770 0.4806 -0.0000
vn 0.8364 0.5481 -0.0000
vn -0.8770 -0.4806 -0.0000
vn 0.8777 -0.4792 -0.0000
vn -0.8777 0.4792 -0.0000
vn -0.8373 0.5467 -0.0000
vn 0.8373 -0.5467 -0.0000
vn -0.9997 -0.0023 -0.0238
vt 0.089717 0.595443
vt 0.090854 0.482261
vt 0.089717 0.482261
vt 0.090854 0.482445
vt 0.089717 0.595260
vt 0.089717 0.482445
vt 0.090872 0.595443
vt 0.092127 0.482261
vt 0.090872 0.482261
vt 0.088566 0.482445
vt 0.087429 0.595260
vt 0.087429 0.482445
vt 0.087429 0.595443
vt 0.088566 0.482261
vt 0.087429 0.482261
vt 0.092127 0.482445
vt 0.090872 0.595260
vt 0.090872 0.482445
vt 0.090854 0.595443
vt 0.090854 0.595260
vt 0.089678 0.482445
vt 0.088605 0.595260
vt 0.088605 0.482445
vt 0.086171 0.595443
vt 0.087396 0.482261
vt 0.086171 0.482261
vt 0.088566 0.595443
vt 0.088566 0.595260
vt 0.087390 0.482445
vt 0.086171 0.595260
vt 0.086171 0.482445
vt 0.694543 0.995746
vt 0.694543 0.892357
vt 0.699960 0.995746
vt 0.699980 0.892357
vt 0.699728 0.895609
vt 0.699709 0.992494
vt 0.694781 0.992494
vt 0.694781 0.895609
vt 0.694785 0.895494
vt 0.694785 0.992494
vt 0.699737 0.895494
vt 0.699718 0.992494
vt 0.699553 0.995746
vt 0.699960 0.997627
vt 0.699553 0.997627
vt 0.694946 0.997627
vt 0.694946 0.995746
vt 0.694543 0.997627
vt 0.087422 0.595392
vt 0.087390 0.595260
vt 0.088573 0.482313
vt 0.089710 0.595392
vt 0.089678 0.595260
vt 0.088599 0.595443
vt 0.089684 0.482261
vt 0.088599 0.482261
vt 0.087396 0.595443
vt 0.087422 0.482313
vt 0.088573 0.595392
vt 0.089684 0.595443
vt 0.089710 0.482313
vt 0.694711 0.991313
vt 0.697250 0.950789
vt 0.694847 0.993742
vt 0.697250 0.945930
vt 0.699797 0.896793
vt 0.697386 0.948360
vt 0.697114 0.948356
vt 0.699662 0.894361
vt 0.699779 0.991316
vt 0.699643 0.993742
vt 0.694847 0.894361
vt 0.694711 0.896790
vt 0.092127 0.595443
vt 0.092127 0.595260
s 0
usemtl Texture_Map
f 5851/3283/249 5844/3284/249 5846/3285/249
f 5835/3286/250 5841/3287/250 5836/3288/250
f 5849/3289/249 5828/3290/249 5845/3291/249
f 5837/3292/250 5843/3293/250 5838/3294/250
f 5853/3295/249 5847/3296/249 5848/3297/249
f 5830/3298/250 5840/3299/250 5834/3300/250
f 5835/3286/251 5850/3301/251 5839/3302/251
f 5840/3299/252 5845/3291/252 5834/3300/252
f 5841/3287/252 5846/3285/252 5836/3288/252
f 5882/3303/250 5887/3304/250 5883/3305/250
f 5827/3306/249 5892/3307/249 5826/3308/249
f 5837/3292/251 5852/3309/251 5842/3310/251
f 5885/3311/250 5833/3312/250 5831/3313/250
f 5843/3293/252 5848/3297/252 5838/3294/252
f 5861/3314/252 5863/3315/252 5859/3315/252
f 5870/3316/253 5861/3314/253 5860/3316/253
f 5862/3317/254 5860/3316/254 5858/3317/254
f 5854/3318/250 5859/3315/250 5858/3317/250
f 5856/3319/250 5861/3314/250 5857/3320/250
f 5854/3318/250 5860/3316/250 5856/3319/250
f 5857/3320/250 5859/3315/250 5855/3321/250
f 5854/3318/255 5865/3322/255 5855/3321/255
f 5855/3321/256 5867/3323/256 5857/3320/256
f 5867/3323/257 5856/3319/257 5857/3320/257
f 5864/3324/249 5863/3315/249 5865/3322/249
f 5867/3323/249 5870/3316/249 5866/3325/249
f 5866/3325/249 5862/3317/249 5864/3324/249
f 5867/3323/249 5863/3315/249 5876/3314/249
f 5854/3318/258 5866/3325/258 5864/3324/258
f 5863/3315/257 5858/3317/257 5859/3315/257
f 5869/3326/249 5874/3327/249 5870/3316/249
f 5860/3316/250 5872/3328/250 5868/3326/250
f 5870/3316/251 5873/3327/251 5860/3316/251
f 5868/3326/252 5871/3328/252 5869/3326/252
f 5876/3314/249 5881/3329/249 5877/3330/249
f 5875/3330/250 5879/3331/250 5861/3314/250
f 5877/3330/251 5880/3329/251 5875/3330/251
f 5861/3314/252 5878/3331/252 5876/3314/252
f 5885/3311/259 5898/3332/259 5888/3333/259
f 5887/3304/260 5884/3334/260 5883/3305/260
f 5882/3303/259 5894/3335/259 5886/3336/259
f 5896/3337/249 5889/3338/249 5891/3339/249
f 5899/3340/261 5893/3341/261 5892/3307/261
f 5891/3339/262 5897/3342/262 5896/3337/262
f 5895/3343/263 5890/3344/263 5889/3338/263
f 5913/3345/250 5901/3346/250 5912/3347/250
f 5903/3348/250 5915/3349/250 5902/3350/250
f 5910/3351/264 5913/3345/264 5906/3345/264
f 5908/3350/265 5915/3349/265 5904/3349/265
f 5909/3346/266 5912/3347/266 5901/3346/266
f 5905/3352/267 5903/3348/267 5911/3348/267
f 5906/3345/249 5909/3346/249 5910/3351/249
f 5911/3348/249 5904/3349/249 5905/3352/249
f 5919/3353/249 5910/3351/249 5918/3354/249
f 5925/3355/268 5911/3348/268 5923/3348/268
f 5924/3356/269 5910/3351/269 5917/3356/269
f 5920/3351/250 5921/3353/250 5922/3354/250
f 5910/3351/270 5922/3354/270 5918/3354/270
f 5924/3356/250 5923/3348/250 5920/3351/250
f 5911/3348/249 5917/3356/249 5910/3351/249
f 5921/3353/271 5911/3348/271 5919/3353/271
f 5851/3283/249 5850/3301/249 5844/3284/249
f 5835/3286/250 5839/3302/250 5841/3287/250
f 5849/3289/249 5829/3357/249 5828/3290/249
f 5837/3292/250 5842/3310/250 5843/3293/250
f 5853/3295/249 5852/3309/249 5847/3296/249
f 5830/3298/250 5832/3358/250 5840/3299/250
f 5835/3286/251 5844/3284/251 5850/3301/251
f 5840/3299/252 5849/3289/252 5845/3291/252
f 5841/3287/252 5851/3283/252 5846/3285/252
f 5882/3303/250 5886/3336/250 5887/3304/250
f 5827/3306/249 5899/3340/249 5892/3307/249
f 5837/3292/251 5847/3296/251 5852/3309/251
f 5885/3311/250 5888/3333/250 5833/3312/250
f 5843/3293/252 5853/3295/252 5848/3297/252
f 5861/3314/252 5876/3314/252 5863/3315/252
f 5870/3316/253 5876/3314/253 5861/3314/253
f 5862/3317/254 5870/3316/254 5860/3316/254
f 5854/3318/250 5855/3321/250 5859/3315/250
f 5856/3319/250 5860/3316/250 5861/3314/250
f 5854/3318/250 5858/3317/250 5860/3316/250
f 5857/3320/250 5861/3314/250 5859/3315/250
f 5854/3318/255 5864/3324/255 5865/3322/255
f 5855/3321/256 5865/3322/256 5867/3323/256
f 5867/3323/257 5866/3325/257 5856/3319/257
f 5864/3324/249 5862/3317/249 5863/3315/249
f 5867/3323/249 5876/3314/249 5870/3316/249
f 5866/3325/249 5870/3316/249 5862/3317/249
f 5867/3323/249 5865/3322/249 5863/3315/249
f 5854/3318/272 5856/3319/272 5866/3325/272
f 5863/3315/257 5862/3317/257 5858/3317/257
f 5869/3326/249 5871/3328/249 5874/3327/249
f 5860/3316/250 5873/3327/250 5872/3328/250
f 5870/3316/251 5874/3327/251 5873/3327/251
f 5868/3326/252 5872/3328/252 5871/3328/252
f 5876/3314/249 5878/3331/249 5881/3329/249
f 5875/3330/250 5880/3329/250 5879/3331/250
f 5877/3330/251 5881/3329/251 5880/3329/251
f 5861/3314/252 5879/3331/252 5878/3331/252
f 5885/3311/259 5893/3341/259 5898/3332/259
f 5887/3304/260 5897/3342/260 5884/3334/260
f 5882/3303/259 5890/3344/259 5894/3335/259
f 5896/3337/249 5895/3343/249 5889/3338/249
f 5899/3340/261 5898/3332/261 5893/3341/261
f 5891/3339/262 5884/3334/262 5897/3342/262
f 5895/3343/263 5894/3335/263 5890/3344/263
f 5913/3345/250 5900/3351/250 5901/3346/250
f 5903/3348/250 5914/3352/250 5915/3349/250
f 5910/3351/264 5900/3351/264 5913/3345/264
f 5908/3350/265 5902/3350/265 5915/3349/265
f 5909/3346/266 5907/3347/266 5912/3347/266
f 5905/3352/267 5914/3352/267 5903/3348/267
f 5906/3345/249 5907/3347/249 5909/3346/249
f 5911/3348/249 5908/3350/249 5904/3349/249
f 5919/3353/249 5911/3348/249 5910/3351/249
f 5925/3355/268 5916/3355/268 5911/3348/268
f 5924/3356/269 5920/3351/269 5910/3351/269
f 5920/3351/250 5923/3348/250 5921/3353/250
f 5910/3351/270 5920/3351/270 5922/3354/270
f 5924/3356/250 5925/3355/250 5923/3348/250
f 5911/3348/249 5916/3355/249 5917/3356/249
f 5921/3353/271 5923/3348/271 5911/3348/271
o (_ignore)_Bld_Barn_Windows_01
v 3.582911 2.203617 6.025146
v 3.582911 2.203617 5.979558
v 3.582911 1.415994 5.979558
v 3.582911 1.415994 6.025146
v 4.176415 1.415994 5.979558
v 4.176415 1.415994 6.025146
v 4.176415 2.203617 6.025146
v 4.176415 2.203617 5.979558
v -3.682972 2.203617 6.025146
v -3.682972 2.203617 5.979558
v -3.682972 1.415994 5.979558
v -3.682972 1.415994 6.025146
v -4.276475 1.415994 5.979558
v -4.276475 1.415994 6.025146
v -4.276475 2.203617 6.025146
v -4.276475 2.203617 5.979558
v 5.404472 2.159855 4.513886
v 5.359390 2.159855 4.513886
v 5.359390 1.457924 4.513886
v 5.404472 1.457924 4.513886
v 5.359390 1.457925 4.003518
v 5.404472 1.457925 4.003518
v 5.404472 2.159855 4.003518
v 5.359390 2.159855 4.003518
v -5.504533 2.159855 4.513887
v -5.459451 2.159855 4.513887
v -5.459451 1.457924 4.513887
v -5.504533 1.457924 4.513887
v -5.459451 1.457925 4.003519
v -5.504533 1.457925 4.003519
v -5.504533 2.159855 4.003519
v -5.459451 2.159855 4.003519
v 5.404472 2.159856 1.053919
v 5.359390 2.159856 1.053919
v 5.359390 1.457925 1.053919
v 5.404472 1.457925 1.053919
v 5.359390 1.457925 0.543552
v 5.404472 1.457925 0.543552
v 5.404472 2.159856 0.543552
v 5.359390 2.159856 0.543552
v -5.504533 2.159856 1.053919
v -5.459451 2.159856 1.053919
v -5.459451 1.457925 1.053919
v -5.504533 1.457925 1.053919
v -5.459451 1.457925 0.543552
v -5.504533 1.457925 0.543552
v -5.504533 2.159856 0.543552
v -5.459451 2.159856 0.543552
v 5.404472 2.159856 -2.506509
v 5.359390 2.159856 -2.506509
v 5.359390 1.457925 -2.506509
v 5.404472 1.457925 -2.506509
v 5.359390 1.457925 -3.016877
v 5.404472 1.457925 -3.016877
v 5.404472 2.159856 -3.016877
v 5.359390 2.159856 -3.016877
v -5.504533 2.159856 -2.506509
v -5.459451 2.159856 -2.506509
v -5.459451 1.457925 -2.506509
v -5.504533 1.457925 -2.506509
v -5.459451 1.457925 -3.016877
v -5.504533 1.457925 -3.016877
v -5.504533 2.159856 -3.016877
v -5.459451 2.159856 -3.016877
v 5.405040 2.341588 -5.512560
v 5.358589 2.341588 -5.512560
v 5.358589 1.425480 -5.512560
v 5.405040 1.425480 -5.512560
v 5.358589 1.425480 -6.185643
v 5.405040 1.425480 -6.185643
v 5.405040 2.341588 -6.185643
v 5.358589 2.341588 -6.185643
v -5.505101 2.341588 -5.512559
v -5.458650 2.341588 -5.512559
v -5.458650 1.425480 -5.512559
v -5.505100 1.425480 -5.512559
v -5.458650 1.425480 -6.185643
v -5.505100 1.425480 -6.185643
v -5.505100 2.341588 -6.185643
v -5.458650 2.341588 -6.185643
vn -0.0000 -0.0000 1.0000
vn -0.0000 -0.0000 -1.0000
vn 1.0000 -0.0000 -0.0000
vn -1.0000 -0.0000 -0.0000
vt 0.770774 0.067170
vt 0.761823 0.079049
vt 0.761823 0.067170
vt 0.770774 0.079049
vt 0.652239 0.079049
vt 0.643288 0.067170
vt 0.652239 0.067170
vt 0.643288 0.079049
vt 0.789296 0.067802
vt 0.789296 0.078389
vt 0.788616 0.078389
vt 0.788616 0.067802
vt 0.624767 0.078389
vt 0.624767 0.067802
vt 0.625447 0.067802
vt 0.625447 0.078389
vt 0.789304 0.067313
vt 0.789304 0.081130
vt 0.788604 0.081130
vt 0.788604 0.067313
vt 0.624758 0.081130
vt 0.624758 0.067313
vt 0.625459 0.067313
vt 0.625459 0.081130
vt 0.624758 0.081130
s 0
usemtl Glass
f 5931/3359/273 5926/3360/273 5929/3361/273
f 5933/3362/274 5928/3361/274 5927/3360/274
f 5934/3363/273 5939/3364/273 5937/3365/273
f 5936/3365/274 5941/3366/274 5935/3363/274
f 5947/3367/275 5942/3368/275 5945/3367/275
f 5949/3369/276 5944/3370/276 5943/3369/276
f 5950/3371/276 5955/3372/276 5953/3372/276
f 5952/3373/275 5957/3374/275 5951/3374/275
f 5963/3367/275 5958/3368/275 5961/3367/275
f 5965/3369/276 5960/3370/276 5959/3369/276
f 5966/3371/276 5971/3372/276 5969/3372/276
f 5968/3373/275 5973/3374/275 5967/3374/275
f 5979/3367/275 5974/3368/275 5977/3367/275
f 5981/3369/276 5976/3370/276 5975/3369/276
f 5982/3371/276 5987/3372/276 5985/3372/276
f 5984/3373/275 5989/3374/275 5983/3374/275
f 5995/3375/275 5990/3376/275 5993/3375/275
f 5997/3377/276 5992/3378/276 5991/3377/276
f 5998/3379/276 6003/3380/276 6001/3380/276
f 6000/3381/275 6005/3382/275 5999/3382/275
f 5931/3359/273 5932/3362/273 5926/3360/273
f 5933/3362/274 5930/3359/274 5928/3361/274
f 5934/3363/273 5940/3366/273 5939/3364/273
f 5936/3365/274 5938/3364/274 5941/3366/274
f 5947/3367/275 5948/3368/275 5942/3368/275
f 5949/3369/276 5946/3370/276 5944/3370/276
f 5950/3371/276 5956/3371/276 5955/3372/276
f 5952/3373/275 5954/3373/275 5957/3374/275
f 5963/3367/275 5964/3368/275 5958/3368/275
f 5965/3369/276 5962/3370/276 5960/3370/276
f 5966/3371/276 5972/3371/276 5971/3372/276
f 5968/3373/275 5970/3373/275 5973/3374/275
f 5979/3367/275 5980/3368/275 5974/3368/275
f 5981/3369/276 5978/3370/276 5976/3370/276
f 5982/3371/276 5988/3371/276 5987/3372/276
f 5984/3373/275 5986/3373/275 5989/3374/275
f 5995/3375/275 5996/3376/275 5990/3376/275
f 5997/3377/276 5994/3378/276 5992/3378/276
f 5998/3379/276 6004/3383/276 6003/3380/276
f 6000/3381/275 6002/3381/275 6005/3382/275
