# Blender 4.4.0
# www.blender.org
mtllib Bld_Shed_01.mtl
o Bld_Shed_Door_Left_01
v 0.005078 0.052165 7.153238
v -1.257081 0.052165 7.153238
v 0.005078 2.127542 7.153238
v -1.257081 2.127542 7.153238
v 0.005078 2.127542 7.241133
v 0.005078 0.052165 7.241133
v -1.257081 0.052165 7.241133
v -1.257081 2.127542 7.241133
v -0.087772 0.052165 7.153238
v -1.164231 0.052165 7.153238
v -1.164231 2.127542 7.153238
v -0.087772 2.127542 7.153238
v -1.164231 0.052165 7.241133
v -0.087772 0.052165 7.241133
v -0.087772 2.127542 7.241133
v -1.164231 2.127542 7.241133
v 0.005078 2.180239 7.146775
v -1.257081 2.180239 7.146775
v 0.005078 2.180239 7.247719
v -1.257081 2.180239 7.247719
v -1.257081 2.127542 7.146775
v 0.005078 2.127542 7.146775
v -1.257081 2.127542 7.247719
v 0.005078 2.127542 7.247719
v 0.005078 0.052165 7.144505
v -1.257081 0.052165 7.144505
v 0.005078 0.052165 7.247719
v -1.257081 0.052165 7.247719
v -1.257081 -0.000532 7.144505
v 0.005078 -0.000532 7.144505
v -1.257081 -0.000532 7.247719
v 0.005078 -0.000532 7.247719
v -0.087772 0.052165 7.186896
v -1.164231 0.052165 7.186896
v -1.164231 2.127542 7.186896
v -0.087772 2.127542 7.186896
v -1.164231 0.052165 7.207475
v -0.087772 0.052165 7.207475
v -0.087772 2.127542 7.207476
v -1.164231 2.127542 7.207476
v -0.269929 0.052165 7.186896
v -0.264434 0.052165 7.186896
v -0.449339 0.052165 7.186896
v -0.628749 0.052165 7.186896
v -0.623254 0.052165 7.186896
v -0.808159 0.052165 7.186896
v -0.987569 0.052165 7.186896
v -0.982074 0.052165 7.186896
v -0.982074 0.052165 7.207475
v -0.987569 0.052165 7.207475
v -0.808159 0.052165 7.207475
v -0.628749 0.052165 7.207475
v -0.443844 0.052165 7.207475
v -0.269929 0.052165 7.207475
v -0.982074 2.127542 7.186896
v -0.987569 2.127542 7.186896
v -0.808159 2.127542 7.186896
v -0.623254 2.127542 7.186896
v -0.628749 2.127542 7.186896
v -0.449339 2.127542 7.186896
v -0.264434 2.127542 7.186896
v -0.269929 2.127542 7.186896
v -0.269929 2.127542 7.207476
v -0.443844 2.127542 7.207476
v -0.628749 2.127542 7.207476
v -0.808159 2.127542 7.207476
v -0.987569 2.127542 7.207476
v -0.982074 2.127542 7.207476
v -0.097954 0.000862 7.207475
v -0.061162 0.071797 7.207475
v -1.154049 2.178845 7.207476
v -1.190841 2.107910 7.207475
v -0.061162 0.071797 7.233986
v -0.097954 0.000862 7.233986
v -1.190841 2.107910 7.233986
v -1.154049 2.178845 7.233986
v -1.154049 0.000862 7.160385
v -1.190842 0.071797 7.160385
v -0.097955 2.178845 7.160385
v -0.061162 2.107910 7.160385
v -1.190842 0.071797 7.186896
v -1.154049 0.000862 7.186896
v -0.061162 2.107910 7.186896
v -0.097955 2.178845 7.186896
v -0.794827 0.052165 7.207475
v -0.802664 0.052165 7.199638
v -0.615417 0.052165 7.207475
v -0.623254 0.052165 7.199638
v -0.449339 0.052165 7.199638
v -0.457176 0.052165 7.207475
v -0.256597 0.052165 7.207475
v -0.264434 0.052165 7.199638
v -0.264434 2.127542 7.199638
v -0.256597 2.127542 7.207476
v -0.457176 2.127542 7.207476
v -0.449339 2.127542 7.199639
v -0.623254 2.127542 7.199638
v -0.615417 2.127542 7.207476
v -0.802664 2.127542 7.199638
v -0.794827 2.127542 7.207476
v -0.443844 0.052165 7.197364
v -0.433375 0.052165 7.186896
v -0.802664 0.052165 7.197364
v -0.792195 0.052165 7.186896
v -0.792195 2.127542 7.186896
v -0.802664 2.127542 7.197365
v -0.433375 2.127542 7.186896
v -0.443844 2.127542 7.197365
vn -0.0000 -0.0000 1.0000
vn 1.0000 -0.0000 -0.0000
vn -0.0000 -0.0000 -1.0000
vn -1.0000 -0.0000 -0.0000
vn -0.0000 1.0000 -0.0000
vn -0.0000 -1.0000 -0.0000
vn 0.8877 0.4604 -0.0000
vn -0.8877 -0.4604 -0.0000
vn -0.8877 0.4604 -0.0000
vn 0.8877 -0.4604 -0.0000
vn -0.7071 -0.0000 0.7071
vn 0.7071 -0.0000 0.7071
vn -0.7071 -0.0000 -0.7071
vt 0.105908 0.897643
vt 0.105819 0.814771
vt 0.105908 0.814771
vt 0.104697 0.814771
vt 0.104697 0.897643
vt 0.104786 0.897643
vt 0.104786 0.814771
vt 0.105819 0.897643
vt 0.104697 0.899747
vt 0.105908 0.899747
vt 0.105908 0.897643
vt 0.104697 0.897643
vt 0.105908 0.812667
vt 0.104697 0.812667
vt 0.200106 0.817484
vt 0.199986 0.866853
vt 0.199986 0.817484
vt 0.196487 0.811786
vt 0.196274 0.900476
vt 0.196274 0.811786
vt 0.200355 0.817484
vt 0.200355 0.866853
vt 0.200474 0.866853
vt 0.200474 0.817484
vt 0.200597 0.817484
vt 0.200478 0.866853
vt 0.200478 0.817484
vt 0.200106 0.866853
vt 0.196487 0.900476
vt 0.196494 0.811786
vt 0.196494 0.900476
vt 0.200597 0.866853
vt 0.197372 0.811786
vt 0.197164 0.900476
vt 0.197164 0.811786
vt 0.197155 0.811786
vt 0.197155 0.900476
vt 0.197155 0.811786
vt 0.200485 0.817484
vt 0.200485 0.866853
vt 0.196708 0.900476
vt 0.196708 0.811786
vt 0.200469 0.817484
vt 0.200361 0.866853
vt 0.200361 0.817484
vt 0.196504 0.900476
vt 0.196504 0.811786
vt 0.197372 0.900476
vt 0.105844 0.815555
vt 0.104761 0.896859
vt 0.105809 0.812723
vt 0.104796 0.899692
vt 0.105844 0.896859
vt 0.104761 0.815555
vt 0.104796 0.812723
vt 0.105809 0.899692
vt 0.196494 0.900476
vt 0.197155 0.900476
vt 0.196507 0.811786
vt 0.196507 0.900476
vt 0.200469 0.866853
s 0
usemtl Texture_Map
f 5/1/1 14/2/1 6/3/1
f 5/1/2 1/3/2 3/1/2
f 9/2/3 3/1/3 1/3/3
f 7/4/4 4/5/4 2/4/4
f 2/4/3 11/6/3 10/7/3
f 16/6/1 7/4/1 13/7/1
f 15/8/4 9/2/4 14/2/4
f 11/6/2 13/7/2 10/7/2
f 20/9/5 17/10/5 18/9/5
f 22/11/6 23/12/6 21/12/6
f 17/10/2 24/11/2 22/11/2
f 17/10/3 21/12/3 18/9/3
f 18/9/4 23/12/4 20/9/4
f 20/9/1 24/11/1 19/10/1
f 28/4/5 25/3/5 26/4/5
f 30/13/6 31/14/6 29/14/6
f 27/3/2 30/13/2 25/3/2
f 25/3/3 29/14/3 26/4/3
f 26/4/4 31/14/4 28/4/4
f 28/4/1 32/13/1 27/3/1
f 50/15/1 40/16/1 37/17/1
f 51/18/1 68/19/1 49/20/1
f 88/21/4 58/22/4 45/21/4
f 96/23/2 43/24/2 60/23/2
f 54/25/1 64/26/1 53/27/1
f 56/28/3 34/17/3 35/16/3
f 57/29/3 48/20/3 55/19/3
f 60/23/3 45/21/3 58/22/3
f 86/30/4 106/31/4 103/30/4
f 63/32/2 41/25/2 62/32/2
f 38/33/1 94/34/1 91/35/1
f 92/36/4 61/37/4 42/38/4
f 62/32/3 102/39/3 107/40/3
f 65/41/2 44/42/2 59/41/2
f 90/43/1 98/44/1 87/45/1
f 66/29/2 46/18/2 57/29/2
f 52/42/1 100/46/1 85/47/1
f 67/28/2 47/15/2 56/28/2
f 49/20/4 55/19/4 48/20/4
f 33/33/2 39/48/2 38/33/2
f 37/17/4 35/16/4 34/17/4
f 36/48/3 42/38/3 61/37/3
f 73/49/1 75/50/1 74/51/1
f 76/52/7 70/49/7 71/52/7
f 72/50/3 70/49/3 69/51/3
f 72/50/8 74/51/8 75/50/8
f 83/53/1 81/54/1 82/55/1
f 78/54/9 84/56/9 79/56/9
f 78/54/3 80/53/3 77/55/3
f 82/55/10 80/53/10 83/53/10
f 86/30/11 100/46/11 99/57/11
f 88/21/11 98/44/11 97/22/11
f 96/23/12 90/43/12 89/24/12
f 92/36/11 94/34/11 93/58/11
f 59/41/3 104/59/3 105/60/3
f 106/31/13 104/59/13 103/30/13
f 108/26/13 102/39/13 101/27/13
f 53/27/4 108/26/4 101/27/4
f 5/1/1 15/8/1 14/2/1
f 5/1/2 6/3/2 1/3/2
f 9/2/3 12/8/3 3/1/3
f 7/4/4 8/5/4 4/5/4
f 2/4/3 4/5/3 11/6/3
f 16/6/1 8/5/1 7/4/1
f 15/8/4 12/8/4 9/2/4
f 11/6/2 16/6/2 13/7/2
f 20/9/5 19/10/5 17/10/5
f 22/11/6 24/11/6 23/12/6
f 17/10/2 19/10/2 24/11/2
f 17/10/3 22/11/3 21/12/3
f 18/9/4 21/12/4 23/12/4
f 20/9/1 23/12/1 24/11/1
f 28/4/5 27/3/5 25/3/5
f 30/13/6 32/13/6 31/14/6
f 27/3/2 32/13/2 30/13/2
f 25/3/3 30/13/3 29/14/3
f 26/4/4 29/14/4 31/14/4
f 28/4/1 31/14/1 32/13/1
f 50/15/1 67/28/1 40/16/1
f 51/18/1 66/29/1 68/19/1
f 88/21/4 97/22/4 58/22/4
f 96/23/2 89/24/2 43/24/2
f 54/25/1 63/32/1 64/26/1
f 56/28/3 47/15/3 34/17/3
f 57/29/3 46/18/3 48/20/3
f 60/23/3 43/24/3 45/21/3
f 86/30/4 99/57/4 106/31/4
f 63/32/2 54/25/2 41/25/2
f 38/33/1 39/48/1 94/34/1
f 92/36/4 93/58/4 61/37/4
f 62/32/3 41/25/3 102/39/3
f 65/41/2 52/42/2 44/42/2
f 90/43/1 95/61/1 98/44/1
f 66/29/2 51/18/2 46/18/2
f 52/42/1 65/41/1 100/46/1
f 67/28/2 50/15/2 47/15/2
f 49/20/4 68/19/4 55/19/4
f 33/33/2 36/48/2 39/48/2
f 37/17/4 40/16/4 35/16/4
f 36/48/3 33/33/3 42/38/3
f 73/49/1 76/52/1 75/50/1
f 76/52/7 73/49/7 70/49/7
f 72/50/3 71/52/3 70/49/3
f 72/50/8 69/51/8 74/51/8
f 83/53/1 84/56/1 81/54/1
f 78/54/9 81/54/9 84/56/9
f 78/54/3 79/56/3 80/53/3
f 82/55/10 77/55/10 80/53/10
f 86/30/11 85/47/11 100/46/11
f 88/21/11 87/45/11 98/44/11
f 96/23/12 95/61/12 90/43/12
f 92/36/11 91/35/11 94/34/11
f 59/41/3 44/42/3 104/59/3
f 106/31/13 105/60/13 104/59/13
f 108/26/13 107/40/13 102/39/13
f 53/27/4 64/26/4 108/26/4
o Bld_Shed_01
v 4.127665 1.940057 4.923841
v 4.272988 1.940057 4.923841
v 4.127665 1.940057 4.844981
v 4.272988 1.940057 4.844981
v 4.127665 -0.000532 4.844981
v 4.127665 -0.000532 4.923841
v 4.272988 -0.000532 4.923841
v 4.272988 -0.000532 4.844981
v 4.127665 1.940057 5.957275
v 4.272988 1.940057 5.957275
v 4.127665 1.940057 6.036136
v 4.272988 1.940057 6.036136
v 4.127665 -0.000532 6.036136
v 4.127665 -0.000532 5.957275
v 4.272988 -0.000532 5.957275
v 4.272988 -0.000532 6.036136
v 4.121943 2.060073 6.036137
v 4.278710 2.060073 6.036137
v 4.121943 2.060073 4.844980
v 4.278710 2.060073 4.844980
v 4.121943 1.940057 4.844980
v 4.121943 1.940057 6.036137
v 4.278710 1.940057 6.036137
v 4.278710 1.940057 4.844980
v 1.212077 2.107639 7.153238
v 1.284615 2.107639 7.153238
v 1.212077 2.107639 7.045238
v 1.284615 2.107639 7.045238
v 1.212077 -0.000532 7.045238
v 1.212077 -0.000532 7.153238
v 1.284615 -0.000532 7.153238
v 1.284615 -0.000532 7.045238
v -1.185483 2.107639 7.153238
v -1.258022 2.107639 7.153238
v -1.185483 2.107639 7.045238
v -1.258022 2.107639 7.045238
v -1.185483 -0.000532 7.045238
v -1.185483 -0.000532 7.153238
v -1.258022 -0.000532 7.153238
v -1.258022 -0.000532 7.045238
v 1.284616 2.107639 7.032279
v -1.258054 2.107639 7.030759
v 1.284616 2.180239 7.032279
v -1.258054 2.180239 7.030759
v 1.284616 2.180239 7.151057
v 1.284616 2.107639 7.151057
v -1.258054 2.107639 7.151057
v -1.258054 2.180239 7.151057
v 4.254327 -0.000532 7.153238
v 4.254327 -0.000532 -6.024276
v 4.254327 3.337809 7.153238
v 4.254327 3.337809 -6.024276
v 1.283674 -0.000532 7.153238
v -4.227733 -0.000532 7.153238
v -4.227733 -0.000532 -6.024276
v -4.227733 3.337809 7.153238
v -4.227733 3.337809 -6.024276
v -1.257080 -0.000532 7.153238
v 0.010821 -0.000532 -6.024276
v 0.010821 6.514916 7.153238
v 0.015772 6.514916 -6.024276
v 1.281199 5.543864 7.153238
v 1.286149 5.540128 7.153238
v 1.286149 -0.000532 -6.024276
v 1.286149 5.540128 -6.024276
v 0.015772 2.180239 7.153238
v 0.010821 2.180239 7.153238
v 1.281199 2.180239 7.153238
v 0.227502 6.352441 7.153238
v 0.434280 6.193766 7.153238
v 0.439231 6.189966 7.153238
v 0.646010 6.031290 7.153238
v 0.650961 6.027491 7.153238
v 0.857739 5.868814 7.153238
v 0.862690 5.865015 7.153238
v 1.069469 5.706339 7.153238
v 1.074420 5.702539 7.153238
v 1.074420 2.180239 7.153238
v 1.069469 2.180239 7.153238
v 0.862690 2.180239 7.153238
v 0.857739 2.180239 7.153238
v 0.650961 2.180239 7.153238
v 0.646010 2.180239 7.153238
v 0.439231 2.180239 7.153238
v 0.222551 2.180239 7.153238
v 1.611271 -0.000532 7.153238
v 1.946294 -0.000532 7.153238
v 2.276367 -0.000532 7.153238
v 2.606440 -0.000532 7.153238
v 2.601489 -0.000532 7.153238
v 2.931561 -0.000532 7.153238
v 3.266585 -0.000532 7.153238
v 3.596657 -0.000532 7.153238
v 3.591706 -0.000532 7.153238
v 3.926730 -0.000532 7.153238
v 3.921779 -0.000532 7.153238
v 1.611271 5.298895 7.153238
v 1.946294 5.050316 7.153238
v 2.276367 4.805409 7.153238
v 2.601489 4.564177 7.153238
v 2.606440 4.560503 7.153238
v 2.931561 4.319271 7.153238
v 3.266585 4.070691 7.153238
v 3.591706 3.829459 7.153238
v 3.596657 3.825785 7.153238
v 3.921779 3.584553 7.153238
v 3.926730 3.580879 7.153238
v 1.027123 -0.000532 -6.024276
v 1.032074 -0.000532 -6.024276
v 0.773047 -0.000532 -6.024276
v 0.777998 -0.000532 -6.024276
v 0.518972 -0.000532 -6.024276
v 0.523923 -0.000532 -6.024276
v 0.269848 -0.000532 -6.024276
v 1.032074 5.735035 -6.024276
v 1.027123 5.738834 -6.024276
v 0.777998 5.930005 -6.024276
v 0.773047 5.933805 -6.024276
v 0.523923 6.124975 -6.024276
v 0.518972 6.128775 -6.024276
v 0.269848 6.319945 -6.024276
v 3.954786 -0.000532 -6.024276
v 3.959737 -0.000532 -6.024276
v 3.657721 -0.000532 -6.024276
v 3.662672 -0.000532 -6.024276
v 3.365607 -0.000532 -6.024276
v 3.063590 -0.000532 -6.024276
v 3.068541 -0.000532 -6.024276
v 2.771476 -0.000532 -6.024276
v 2.469460 -0.000532 -6.024276
v 2.474411 -0.000532 -6.024276
v 2.177345 -0.000532 -6.024276
v 1.875329 -0.000532 -6.024276
v 1.578264 -0.000532 -6.024276
v 1.583214 -0.000532 -6.024276
v 3.959737 3.556388 -6.024276
v 3.954786 3.560062 -6.024276
v 3.662672 3.776804 -6.024276
v 3.657721 3.780478 -6.024276
v 3.365607 3.997219 -6.024276
v 3.068541 4.217635 -6.024276
v 3.063590 4.221308 -6.024276
v 2.771476 4.438051 -6.024276
v 2.474411 4.658466 -6.024276
v 2.469460 4.662139 -6.024276
v 2.177345 4.878882 -6.024276
v 1.875329 5.102970 -6.024276
v 1.583214 5.319712 -6.024276
v 1.578264 5.323385 -6.024276
v -1.259555 5.540128 7.153238
v -1.254605 5.543864 7.153238
v -1.259555 -0.000532 -6.024276
v -1.254605 -0.000532 -6.024276
v -1.254605 5.543864 -6.024276
v -1.259555 5.540128 -6.024276
v -1.254605 2.180239 7.153238
v -0.200908 6.352441 7.153238
v -0.412638 6.189966 7.153238
v -0.407687 6.193766 7.153238
v -0.624367 6.027491 7.153238
v -0.619417 6.031290 7.153238
v -0.836097 5.865015 7.153238
v -1.047826 5.702539 7.153238
v -1.047826 2.180239 7.153238
v -0.836097 2.180239 7.153238
v -0.619417 2.180239 7.153238
v -0.624367 2.180239 7.153238
v -0.412637 2.180239 7.153238
v -0.195957 2.180239 7.153238
v -0.200908 2.180239 7.153238
v -1.584677 -0.000532 7.153238
v -1.589629 -0.000532 7.153238
v -1.919701 -0.000532 7.153238
v -2.244822 -0.000532 7.153238
v -2.249774 -0.000532 7.153238
v -2.579846 -0.000532 7.153238
v -2.904967 -0.000532 7.153238
v -3.239991 -0.000532 7.153238
v -3.565112 -0.000532 7.153238
v -3.570064 -0.000532 7.153238
v -3.900136 -0.000532 7.153238
v -1.589629 5.295221 7.153238
v -1.584677 5.298895 7.153238
v -1.919701 5.050316 7.153238
v -2.249774 4.805409 7.153238
v -2.244822 4.809083 7.153238
v -2.579846 4.560503 7.153238
v -2.904967 4.319271 7.153238
v -3.239991 4.070691 7.153238
v -3.570064 3.825785 7.153238
v -3.565112 3.829459 7.153238
v -3.900136 3.580879 7.153238
v -1.005480 -0.000532 -6.024276
v -0.746454 -0.000532 -6.024276
v -0.497329 -0.000532 -6.024276
v -0.492379 -0.000532 -6.024276
v -0.238303 -0.000532 -6.024276
v -1.005480 5.735035 -6.024276
v -0.746454 5.933805 -6.024276
v -0.492379 6.128775 -6.024276
v -0.497329 6.124975 -6.024276
v -0.238303 6.323745 -6.024276
v -0.243254 6.319945 -6.024276
v -3.933143 -0.000532 -6.024276
v -3.631127 -0.000532 -6.024276
v -3.339013 -0.000532 -6.024276
v -3.334062 -0.000532 -6.024276
v -3.041948 -0.000532 -6.024276
v -3.036996 -0.000532 -6.024276
v -2.739932 -0.000532 -6.024276
v -2.447817 -0.000532 -6.024276
v -2.442866 -0.000532 -6.024276
v -2.150752 -0.000532 -6.024276
v -2.145801 -0.000532 -6.024276
v -1.853686 -0.000532 -6.024276
v -1.848736 -0.000532 -6.024276
v -1.551670 -0.000532 -6.024276
v -3.933143 3.556388 -6.024276
v -3.631127 3.780478 -6.024276
v -3.334062 4.000893 -6.024276
v -3.339013 3.997219 -6.024276
v -3.036996 4.221308 -6.024276
v -3.041948 4.217635 -6.024276
v -2.739932 4.441724 -6.024276
v -2.442866 4.662139 -6.024276
v -2.447817 4.658466 -6.024276
v -2.145801 4.882555 -6.024276
v -2.150752 4.878882 -6.024276
v -1.848736 5.102970 -6.024276
v -1.853686 5.099297 -6.024276
v -1.551670 5.323385 -6.024276
v 4.254327 -0.000532 7.045238
v 4.254327 -0.000532 -5.916276
v 4.254327 3.337809 7.045238
v 4.254327 3.337809 -5.916276
v 1.283674 -0.000532 7.045238
v -4.227733 -0.000532 7.045238
v -4.227733 3.337809 7.045238
v -4.227733 3.337809 -5.916276
v -1.257080 -0.000532 7.045238
v 0.010821 -0.000532 -5.916276
v 0.015772 -0.000532 -5.916276
v 0.010821 6.514916 7.045238
v 0.015772 6.514916 7.045238
v 0.015772 6.514916 -5.916276
v 0.010821 6.514916 -5.916276
v 1.281199 5.543864 7.045238
v 1.286149 5.540128 7.045238
v 1.281199 -0.000532 -5.916276
v 1.286149 -0.000532 -5.916276
v 1.286149 5.540128 -5.916276
v 1.281199 5.543864 -5.916276
v 0.015772 2.180239 7.045238
v 1.281199 2.180239 7.045238
v 0.222551 6.356240 7.045238
v 0.227502 6.352441 7.045238
v 0.434280 6.193766 7.045238
v 0.439231 6.189966 7.045238
v 0.646010 6.031290 7.045238
v 0.650961 6.027491 7.045238
v 0.857739 5.868814 7.045238
v 0.862690 5.865015 7.045238
v 1.074420 5.702539 7.045238
v 1.074420 2.180239 7.045238
v 0.862690 2.180239 7.045238
v 0.857739 2.180239 7.045238
v 0.650961 2.180239 7.045238
v 0.646010 2.180239 7.045238
v 0.439231 2.180239 7.045238
v 0.227502 2.180239 7.045238
v 0.222551 2.180239 7.045238
v 1.611271 -0.000532 7.045238
v 1.946294 -0.000532 7.045238
v 2.271416 -0.000532 7.045238
v 2.606440 -0.000532 7.045238
v 2.936512 -0.000532 7.045238
v 2.931561 -0.000532 7.045238
v 3.266585 -0.000532 7.045238
v 3.261634 -0.000532 7.045238
v 3.596657 -0.000532 7.045238
v 3.926730 -0.000532 7.045238
v 3.921779 -0.000532 7.045238
v 1.611271 5.298895 7.045238
v 1.946294 5.050316 7.045238
v 2.271416 4.809083 7.045238
v 2.606440 4.560503 7.045238
v 2.931561 4.319271 7.045238
v 2.936512 4.315598 7.045238
v 3.261634 4.074365 7.045238
v 3.266585 4.070691 7.045238
v 3.596657 3.825785 7.045238
v 3.921779 3.584553 7.045238
v 3.926730 3.580879 7.045238
v 1.027123 -0.000532 -5.916276
v 1.032074 -0.000532 -5.916276
v 0.773047 -0.000532 -5.916276
v 0.777998 -0.000532 -5.916276
v 0.518972 -0.000532 -5.916276
v 0.523923 -0.000532 -5.916276
v 0.264897 -0.000532 -5.916276
v 0.269848 -0.000532 -5.916276
v 1.032074 5.735035 -5.916276
v 1.027123 5.738834 -5.916276
v 0.777998 5.930005 -5.916276
v 0.773047 5.933805 -5.916276
v 0.523923 6.124975 -5.916276
v 0.518972 6.128775 -5.916276
v 0.269848 6.319945 -5.916276
v 0.264897 6.323745 -5.916276
v 3.954786 -0.000532 -5.916276
v 3.959737 -0.000532 -5.916276
v 3.657721 -0.000532 -5.916276
v 3.662672 -0.000532 -5.916276
v 3.360656 -0.000532 -5.916276
v 3.365607 -0.000532 -5.916276
v 3.063590 -0.000532 -5.916276
v 3.068541 -0.000532 -5.916276
v 2.766525 -0.000532 -5.916276
v 2.771476 -0.000532 -5.916276
v 2.469460 -0.000532 -5.916276
v 2.474411 -0.000532 -5.916276
v 2.172394 -0.000532 -5.916276
v 2.177345 -0.000532 -5.916276
v 1.875329 -0.000532 -5.916276
v 1.880280 -0.000532 -5.916276
v 1.578264 -0.000532 -5.916276
v 1.583214 -0.000532 -5.916276
v 3.959737 3.556388 -5.916276
v 3.954786 3.560062 -5.916276
v 3.662672 3.776804 -5.916276
v 3.657721 3.780478 -5.916276
v 3.365607 3.997219 -5.916276
v 3.360656 4.000893 -5.916276
v 3.068541 4.217635 -5.916276
v 3.063590 4.221308 -5.916276
v 2.771476 4.438051 -5.916276
v 2.766525 4.441724 -5.916276
v 2.474411 4.658466 -5.916276
v 2.469460 4.662139 -5.916276
v 2.177345 4.878882 -5.916276
v 2.172394 4.882555 -5.916276
v 1.880280 5.099297 -5.916276
v 1.875329 5.102970 -5.916276
v 1.583214 5.319712 -5.916276
v 1.578264 5.323385 -5.916276
v -1.259555 5.540128 7.045238
v -1.259555 -0.000532 -5.916276
v -1.254605 -0.000532 -5.916276
v -1.254605 5.543864 -5.916276
v -1.259555 5.540128 -5.916276
v -0.200908 6.352441 7.045238
v -0.195957 6.356240 7.045238
v -0.412638 6.189966 7.045238
v -0.407687 6.193766 7.045238
v -0.624367 6.027491 7.045238
v -0.619417 6.031290 7.045238
v -0.836097 5.865015 7.045238
v -0.831146 5.868814 7.045238
v -1.042875 5.706339 7.045238
v -1.042875 2.180239 7.045238
v -0.831146 2.180239 7.045238
v -0.836097 2.180239 7.045238
v -0.619417 2.180239 7.045238
v -0.624367 2.180239 7.045238
v -0.407687 2.180239 7.045238
v -0.412637 2.180239 7.045238
v -0.200908 2.180239 7.045238
v -1.584677 -0.000532 7.045238
v -1.914750 -0.000532 7.045238
v -1.919701 -0.000532 7.045238
v -2.244822 -0.000532 7.045238
v -2.249774 -0.000532 7.045238
v -2.579846 -0.000532 7.045238
v -2.909918 -0.000532 7.045238
v -3.235040 -0.000532 7.045238
v -3.239991 -0.000532 7.045238
v -3.570064 -0.000532 7.045238
v -3.895185 -0.000532 7.045238
v -3.900136 -0.000532 7.045238
v -1.584677 5.298895 7.045238
v -1.919701 5.050316 7.045238
v -1.914750 5.053989 7.045238
v -2.249774 4.805409 7.045238
v -2.244822 4.809083 7.045238
v -2.579846 4.560503 7.045238
v -2.909918 4.315598 7.045238
v -3.239991 4.070691 7.045238
v -3.235040 4.074365 7.045238
v -3.570064 3.825785 7.045238
v -3.900136 3.580879 7.045238
v -3.895185 3.584553 7.045238
v -1.005480 -0.000532 -5.916276
v -1.000529 -0.000532 -5.916276
v -0.751405 -0.000532 -5.916276
v -0.746454 -0.000532 -5.916276
v -0.497329 -0.000532 -5.916276
v -0.492379 -0.000532 -5.916276
v -0.243254 -0.000532 -5.916276
v -0.238303 -0.000532 -5.916276
v -1.000529 5.738834 -5.916276
v -1.005480 5.735035 -5.916276
v -0.746454 5.933805 -5.916276
v -0.751405 5.930005 -5.916276
v -0.492379 6.128775 -5.916276
v -0.497329 6.124975 -5.916276
v -0.238303 6.323745 -5.916276
v -0.243254 6.319945 -5.916276
v -3.933143 -0.000532 -5.916276
v -3.928193 -0.000532 -5.916276
v -3.636078 -0.000532 -5.916276
v -3.631127 -0.000532 -5.916276
v -3.339013 -0.000532 -5.916276
v -3.334062 -0.000532 -5.916276
v -3.041948 -0.000532 -5.916276
v -3.036996 -0.000532 -5.916276
v -2.744882 -0.000532 -5.916276
v -2.739932 -0.000532 -5.916276
v -2.447817 -0.000532 -5.916276
v -2.442866 -0.000532 -5.916276
v -2.150752 -0.000532 -5.916276
v -2.145801 -0.000532 -5.916276
v -1.853686 -0.000532 -5.916276
v -1.848736 -0.000532 -5.916276
v -1.556621 -0.000532 -5.916276
v -1.551670 -0.000532 -5.916276
v -3.928193 3.560062 -5.916276
v -3.933143 3.556388 -5.916276
v -3.631127 3.780478 -5.916276
v -3.636078 3.776804 -5.916276
v -3.334062 4.000893 -5.916276
v -3.339013 3.997219 -5.916276
v -3.036996 4.221308 -5.916276
v -3.041948 4.217635 -5.916276
v -2.739932 4.441724 -5.916276
v -2.744882 4.438051 -5.916276
v -2.442866 4.662139 -5.916276
v -2.447817 4.658466 -5.916276
v -2.145801 4.882555 -5.916276
v -2.150752 4.878882 -5.916276
v -1.848736 5.102970 -5.916276
v -1.853686 5.099297 -5.916276
v -1.551670 5.323385 -5.916276
v -1.556621 5.319712 -5.916276
v 0.015772 5.249282 7.045238
v 0.222551 5.249282 7.045238
v 0.227502 5.249282 7.153238
v 0.227502 5.249282 7.045238
v 0.434280 5.249282 7.045238
v 0.434280 5.249282 7.153238
v 0.525422 5.249282 7.153238
v 0.439231 5.249283 7.153238
v 0.525422 5.249282 7.045238
v 0.439231 5.249283 7.045238
v 0.010821 5.249282 7.153238
v 0.010821 5.249282 7.045238
v -0.195957 5.249282 7.127587
v -0.200908 5.249282 7.129830
v -0.200908 5.249282 7.153238
v -0.195957 5.249282 7.045238
v -0.200908 5.249282 7.045238
v -0.407687 5.249282 7.153238
v -0.407687 5.249282 7.045238
v -0.412638 5.249282 7.153238
v -0.498828 5.249282 7.153238
v -0.412638 5.249282 7.045238
v -0.498828 5.249282 7.045238
v -0.498828 3.883854 7.153238
v -0.498828 3.883854 7.045238
v 0.525422 3.883854 7.153238
v 0.525422 3.883854 7.045238
v 0.015772 3.883854 7.153238
v 0.015772 3.883854 7.045238
v 0.222551 3.883854 7.153238
v 0.010821 3.883854 7.153238
v -0.195957 3.883854 7.153238
v -0.200908 3.883854 7.153238
v -0.200908 3.883854 7.045238
v -0.407687 3.883854 7.045238
v -0.412637 3.883854 7.153238
v -0.412637 3.883854 7.045238
v 0.222551 3.883854 7.045238
v 0.227502 3.883854 7.045238
v 0.439231 3.883854 7.153238
v 0.439231 3.883854 7.045238
v 0.390696 4.826042 -6.024276
v 0.264897 4.826042 -5.916274
v 0.264897 4.826042 -6.009985
v 0.269848 4.826042 -6.012230
v 0.269848 4.826042 -5.916274
v 0.390696 4.826042 -5.916276
v 0.015772 4.826042 -6.024276
v -0.238303 4.826042 -6.024276
v -0.238303 4.826042 -5.916276
v -0.243254 4.826043 -6.024276
v -0.243254 4.826043 -5.916276
v -0.364102 4.826042 -6.024276
v 0.269848 4.826043 -6.024276
v 0.010821 4.826042 -5.916276
v 0.015772 4.826042 -5.916276
v -0.364102 4.826042 -5.916276
v -0.364102 3.819821 -6.024276
v -0.364102 3.819821 -5.916276
v 0.390696 3.819821 -6.024276
v 0.390696 3.819821 -5.916276
v -0.238303 3.819821 -5.916276
v -0.243254 3.819821 -5.916276
v -0.238303 3.819821 -6.024276
v 0.269848 3.819822 -6.024276
v 0.010821 3.819821 -6.024276
v 0.264897 3.819821 -5.916276
v 0.269848 3.819822 -5.916276
v 0.010821 3.819821 -5.916276
v 0.015772 3.819821 -5.916276
v 0.015772 6.514916 7.146725
v 0.022285 6.509918 7.153238
v 0.216038 6.361238 7.153238
v 0.222551 6.356240 7.146725
v 0.434280 2.180239 7.146725
v 0.427767 2.180239 7.153238
v 0.234015 2.180239 7.153238
v 0.227502 2.180239 7.146725
v 1.622735 -0.000532 7.153238
v 1.616222 -0.000532 7.146725
v 1.941344 -0.000532 7.146725
v 1.934830 -0.000532 7.153238
v 2.271416 -0.000532 7.146725
v 2.264903 -0.000532 7.153238
v 2.943026 -0.000532 7.153238
v 2.936512 -0.000532 7.146725
v 3.261634 -0.000532 7.146725
v 3.255120 -0.000532 7.153238
v 1.616222 5.295221 7.146725
v 1.622735 5.290389 7.153238
v 1.934830 5.058822 7.153238
v 1.941344 5.053989 7.146725
v 2.264903 4.813916 7.153238
v 2.271416 4.809083 7.146725
v 2.936512 4.315598 7.146725
v 2.943026 4.310765 7.153238
v 3.255120 4.079197 7.153238
v 3.261634 4.074365 7.146725
v -0.195957 6.356240 7.146725
v -0.189444 6.361238 7.153238
v -0.831146 5.868814 7.146725
v -0.824632 5.873813 7.153238
v -1.042875 5.706339 7.146725
v -1.036362 5.711337 7.153238
v -1.036362 2.180239 7.153238
v -1.042875 2.180239 7.146725
v -0.824632 2.180239 7.153238
v -0.831146 2.180239 7.146725
v -0.401173 2.180239 7.153238
v -0.407687 2.180239 7.146725
v -1.908237 -0.000532 7.153238
v -1.914750 -0.000532 7.146725
v -2.568382 -0.000532 7.153238
v -2.574895 -0.000532 7.146725
v -2.909918 -0.000532 7.146725
v -2.916431 -0.000532 7.153238
v -3.228527 -0.000532 7.153238
v -3.235040 -0.000532 7.146725
v -3.888671 -0.000532 7.153238
v -3.895185 -0.000532 7.146725
v -1.914750 5.053989 7.146725
v -1.908237 5.058822 7.153238
v -2.574895 4.564177 7.146725
v -2.568382 4.569009 7.153238
v -2.916431 4.310765 7.153238
v -2.909918 4.315598 7.146725
v -3.235040 4.074365 7.146725
v -3.228527 4.079197 7.153238
v -3.895185 3.584553 7.146725
v -3.888671 3.589386 7.153238
v 0.022285 5.249282 7.153238
v 0.015772 5.249282 7.146725
v 0.222551 5.249282 7.146725
v 0.216038 5.249282 7.153238
v -0.189444 5.249282 7.153238
v -0.195957 5.249282 7.146725
v 0.227502 3.883854 7.146725
v 0.234015 3.883854 7.153238
v -0.407687 3.883854 7.146725
v -0.401173 3.883854 7.153238
v 0.427767 3.883854 7.153238
v 0.434280 3.883854 7.146725
v 0.015772 -0.000532 -6.017226
v 0.022821 -0.000532 -6.024276
v 0.010821 6.514916 -6.017226
v 0.003772 6.509507 -6.024276
v 1.274149 -0.000532 -6.024276
v 1.281199 -0.000532 -6.017226
v 1.281199 5.543864 -6.017226
v 1.274149 5.549273 -6.024276
v 0.257848 -0.000532 -6.024276
v 0.264897 -0.000532 -6.017226
v 0.264897 6.323745 -6.017226
v 0.257848 6.329154 -6.024276
v 3.353606 -0.000532 -6.024276
v 3.360656 -0.000532 -6.017226
v 2.759476 -0.000532 -6.024276
v 2.766525 -0.000532 -6.017226
v 2.165345 -0.000532 -6.024276
v 2.172394 -0.000532 -6.017226
v 1.880280 -0.000532 -6.017226
v 1.887329 -0.000532 -6.024276
v 3.360656 4.000893 -6.017226
v 3.353606 4.006123 -6.024276
v 2.766525 4.441724 -6.017226
v 2.759476 4.446955 -6.024276
v 2.172394 4.882555 -6.017226
v 2.165345 4.887786 -6.024276
v 1.887329 5.094067 -6.024276
v 1.880280 5.099297 -6.017226
v -1.000529 -0.000532 -6.017226
v -0.993480 -0.000532 -6.024276
v -0.758454 -0.000532 -6.024276
v -0.751405 -0.000532 -6.017226
v -0.250303 -0.000532 -6.024276
v -0.243254 -0.000532 -6.017226
v -0.993480 5.744244 -6.024276
v -1.000529 5.738834 -6.017226
v -0.751405 5.930005 -6.017226
v -0.758454 5.924596 -6.024276
v -3.928193 -0.000532 -6.017226
v -3.921143 -0.000532 -6.024276
v -3.643128 -0.000532 -6.024276
v -3.636078 -0.000532 -6.017226
v -2.751931 -0.000532 -6.024276
v -2.744882 -0.000532 -6.017226
v -1.563670 -0.000532 -6.024276
v -1.556621 -0.000532 -6.017226
v -3.921143 3.565292 -6.024276
v -3.928193 3.560062 -6.017226
v -3.636078 3.776804 -6.017226
v -3.643128 3.771574 -6.024276
v -2.744882 4.438051 -6.017226
v -2.751931 4.432820 -6.024276
v -1.556621 5.319712 -6.017226
v -1.563670 5.314482 -6.024276
v 0.257848 4.826042 -6.024276
v 0.264897 4.826042 -6.017226
v 0.003772 4.826042 -6.024276
v 0.010821 4.826042 -6.017226
v 0.022821 3.819821 -6.024276
v 0.015772 3.819821 -6.017226
v 0.264897 3.819821 -6.017226
v 0.257848 3.819821 -6.024276
v -0.243254 3.819822 -6.017226
v -0.250303 3.819822 -6.024276
v 0.002788 2.180239 7.045238
v 0.010821 2.180239 7.053272
v 1.069469 5.706339 7.053272
v 1.061436 5.712503 7.045238
v 1.061436 2.180239 7.045238
v 1.069469 2.180239 7.053272
v 0.426247 2.180239 7.045238
v 0.434280 2.180239 7.053272
v 1.616222 -0.000532 7.053272
v 1.624255 -0.000532 7.045238
v 1.933310 -0.000532 7.045238
v 1.941344 -0.000532 7.053272
v 2.276367 -0.000532 7.053272
v 2.284400 -0.000532 7.045238
v 2.593455 -0.000532 7.045238
v 2.601489 -0.000532 7.053272
v 3.583673 -0.000532 7.045238
v 3.591706 -0.000532 7.053272
v 1.624255 5.289261 7.045238
v 1.616222 5.295221 7.053272
v 1.941344 5.053989 7.053272
v 1.933310 5.059950 7.045238
v 2.284400 4.799449 7.045238
v 2.276367 4.805409 7.053272
v 2.601489 4.564177 7.053272
v 2.593455 4.570138 7.045238
v 3.591706 3.829459 7.053272
v 3.583673 3.835419 7.045238
v -1.246572 5.550029 7.045238
v -1.254605 5.543864 7.053272
v -1.254605 2.180239 7.053272
v -1.246572 2.180239 7.045238
v -1.047826 5.702539 7.053272
v -1.055859 5.696375 7.045238
v -1.055859 2.180239 7.045238
v -1.047826 2.180239 7.053272
v -0.195957 2.180239 7.053272
v -0.187924 2.180239 7.045238
v -1.597661 -0.000532 7.045238
v -1.589629 -0.000532 7.053272
v -2.574895 -0.000532 7.053272
v -2.566862 -0.000532 7.045238
v -2.904967 -0.000532 7.053272
v -2.896935 -0.000532 7.045238
v -3.565112 -0.000532 7.053272
v -3.557080 -0.000532 7.045238
v -1.589629 5.295221 7.053272
v -1.597661 5.289261 7.045238
v -2.566862 4.570138 7.045238
v -2.574895 4.564177 7.053272
v -2.896935 4.325231 7.045238
v -2.904967 4.319271 7.053272
v -3.557080 3.835419 7.045238
v -3.565112 3.829459 7.053272
v 0.010821 3.883854 7.053272
v 0.002788 3.883854 7.045238
v -0.187924 3.883854 7.045238
v -0.195957 3.883854 7.053272
v 0.434280 3.883854 7.053272
v 0.426247 3.883854 7.045238
v 4.254327 3.304069 7.045238
v 4.254326 3.304069 -5.916276
v 4.254326 3.304069 -5.448984
v 4.254326 3.304069 -5.457744
v 4.254326 3.304069 -4.986073
v 4.254326 3.304069 -4.523161
v 4.254326 3.304069 -4.183444
v 4.254326 3.304069 -4.192202
v 4.254326 3.304069 -3.597338
v 4.254326 3.304069 -3.134426
v 4.254326 3.304069 -3.143185
v 4.254326 3.304069 -2.671515
v 4.254326 3.304069 -2.680272
v 4.254326 3.304069 -2.217363
v 4.254326 3.304069 -1.745694
v 4.254326 3.304069 -1.282781
v 4.254326 3.304069 -1.291542
v 4.254326 3.304069 -0.828630
v 4.254326 3.304069 -0.356959
v 4.254326 3.304069 0.105952
v 4.254326 3.304069 0.097192
v 4.254326 3.304069 0.510053
v 4.254326 3.304069 0.501294
v 4.254326 3.304069 1.031774
v 4.254326 3.304069 1.023015
v 4.254326 3.304069 1.494685
v 4.254326 3.304069 1.485926
v 4.254326 3.304069 1.957596
v 4.254326 3.304069 1.948837
v 4.254326 3.304069 2.420507
v 4.254326 3.304069 2.411748
v 4.254326 3.304069 2.883419
v 4.254326 3.304069 2.874659
v 4.254326 3.304069 3.346329
v 4.254326 3.304069 3.337571
v 4.254326 3.304069 3.809240
v 4.254326 3.304069 3.800482
v 4.254326 3.304069 4.272151
v 4.254326 3.304069 4.263392
v 4.254326 3.304069 4.735063
v 4.254326 3.304069 4.726304
v 4.254326 3.304069 5.189215
v 4.254326 3.304069 5.660885
v 4.254326 3.304069 6.123796
v 4.254326 3.304069 6.115036
v 4.254326 3.304069 6.586707
v 4.254326 3.304069 6.577948
v 4.254326 -0.000532 6.577948
v 4.254326 -0.000532 6.586707
v 4.254326 -0.000532 6.115036
v 4.254326 -0.000532 6.123796
v 4.254326 -0.000532 4.726303
v 4.254326 -0.000532 4.735062
v 4.254326 -0.000532 4.263391
v 4.254326 -0.000532 4.272151
v 4.254326 -0.000532 3.800481
v 4.254326 -0.000532 3.809240
v 4.254326 -0.000532 3.337570
v 4.254326 -0.000532 3.346328
v 4.254326 -0.000532 2.874658
v 4.254326 -0.000532 2.883417
v 4.254326 -0.000532 2.411747
v 4.254326 -0.000532 2.420506
v 4.254326 -0.000532 1.948836
v 4.254326 -0.000532 1.957595
v 4.254326 -0.000532 1.485924
v 4.254326 -0.000532 1.494684
v 4.254326 -0.000532 1.023013
v 4.254326 -0.000532 1.031773
v 4.254326 -0.000532 0.501292
v 4.254326 -0.000532 0.510052
v 4.254326 -0.000532 0.097190
v 4.254326 -0.000532 0.105951
v 4.254326 -0.000532 -0.356961
v 4.254326 -0.000532 -0.828631
v 4.254326 -0.000532 -1.291542
v 4.254326 -0.000532 -1.282782
v 4.254326 -0.000532 -1.745695
v 4.254326 -0.000532 -2.217363
v 4.254326 -0.000532 -2.680275
v 4.254326 -0.000532 -2.671517
v 4.254326 -0.000532 -3.143186
v 4.254326 -0.000532 -3.134428
v 4.254326 -0.000532 -3.597339
v 4.254326 -0.000532 -4.192204
v 4.254326 -0.000532 -4.183445
v 4.254326 -0.000532 -4.523164
v 4.254326 -0.000532 -4.986073
v 4.254326 -0.000532 -5.457744
v 4.254326 -0.000532 -5.448984
v -4.227733 -0.000532 -5.916276
v -4.227733 3.292236 7.045238
v -4.227733 3.292236 -5.916276
v -4.227733 3.292236 -5.457744
v -4.227733 3.292236 -4.994831
v -4.227733 3.292236 -4.523161
v -4.227733 3.292236 -4.183444
v -4.227733 3.292236 -4.192202
v -4.227733 3.292236 -3.597338
v -4.227733 3.292236 -3.606095
v -4.227733 3.292236 -3.143185
v -4.227733 3.292236 -2.671515
v -4.227733 3.292236 -2.217363
v -4.227733 3.292236 -1.745694
v -4.227733 3.292236 -1.754453
v -4.227733 3.292236 -1.282781
v -4.227733 3.292236 -1.291542
v -4.227733 3.292236 -0.828630
v -4.227733 3.292236 -0.356959
v -4.227733 3.292236 0.097192
v -4.227733 3.292236 0.510053
v -4.227733 3.292236 0.501294
v -4.227733 3.292236 1.031774
v -4.227733 3.292236 1.023015
v -4.227733 3.292236 1.485926
v -4.227733 3.292236 1.957596
v -4.227733 3.292236 1.948837
v -4.227733 3.292236 2.411748
v -4.227733 3.292236 2.883419
v -4.227733 3.292236 3.337571
v -4.227733 3.292236 3.809240
v -4.227733 3.292236 3.800482
v -4.227733 3.292236 4.263392
v -4.227733 3.292236 4.735063
v -4.227733 3.292236 5.197974
v -4.227733 3.292236 5.189215
v -4.227733 3.292236 5.652126
v -4.227733 3.292236 6.123796
v -4.227733 3.292236 6.577948
v -4.227733 -0.000532 6.577948
v -4.227733 -0.000532 6.115036
v -4.227733 -0.000532 6.123796
v -4.227733 -0.000532 5.652125
v -4.227733 -0.000532 5.660884
v -4.227733 -0.000532 5.189214
v -4.227733 -0.000532 5.197973
v -4.227733 -0.000532 4.735062
v -4.227733 -0.000532 4.263391
v -4.227733 -0.000532 3.800481
v -4.227733 -0.000532 3.809240
v -4.227733 -0.000532 3.337570
v -4.227733 -0.000532 2.883417
v -4.227733 -0.000532 2.411747
v -4.227733 -0.000532 1.948836
v -4.227733 -0.000532 1.957595
v -4.227733 -0.000532 1.485924
v -4.227733 -0.000532 1.023013
v -4.227733 -0.000532 1.031773
v -4.227733 -0.000532 0.501292
v -4.227733 -0.000532 0.510052
v -4.227733 -0.000532 0.097190
v -4.227733 -0.000532 -0.356961
v -4.227733 -0.000532 -0.828631
v -4.227733 -0.000532 -1.291542
v -4.227733 -0.000532 -1.282782
v -4.227733 -0.000532 -1.754453
v -4.227733 -0.000532 -1.745695
v -4.227733 -0.000532 -2.217363
v -4.227733 -0.000532 -2.671517
v -4.227733 -0.000532 -3.143186
v -4.227733 -0.000532 -3.606098
v -4.227733 -0.000532 -3.597339
v -4.227733 -0.000532 -4.192204
v -4.227733 -0.000532 -4.183445
v -4.227733 -0.000532 -4.523164
v -4.227733 -0.000532 -4.994831
v -4.227733 -0.000532 -5.457744
v 4.146327 -0.000532 7.045238
v 4.146327 -0.000532 -5.916276
v 4.146327 3.337809 7.045238
v 4.146327 3.337809 -5.916276
v 4.146327 3.337809 -5.448984
v 4.146327 3.337809 -5.457744
v 4.146327 3.337809 -4.986073
v 4.146327 3.337809 -4.994831
v 4.146327 3.337809 -4.523161
v 4.146327 3.337809 -4.531920
v 4.146327 3.337809 -4.183444
v 4.146327 3.337809 -4.192202
v 4.146327 3.337809 -3.597338
v 4.146327 3.337809 -3.606095
v 4.146327 3.337809 -3.134426
v 4.146327 3.337809 -3.143185
v 4.146327 3.337809 -2.671515
v 4.146327 3.337809 -2.680272
v 4.146327 3.337809 -2.208605
v 4.146327 3.337809 -2.217363
v 4.146327 3.337809 -1.745694
v 4.146327 3.337809 -1.754453
v 4.146327 3.337809 -1.282781
v 4.146327 3.337809 -1.291542
v 4.146327 3.337809 -0.819870
v 4.146327 3.337809 -0.828630
v 4.146327 3.337809 -0.356959
v 4.146327 3.337809 -0.365719
v 4.146327 3.337809 0.105952
v 4.146327 3.337809 0.097192
v 4.146327 3.337809 0.510053
v 4.146327 3.337809 0.501294
v 4.146327 3.337809 1.031774
v 4.146327 3.337809 1.023015
v 4.146327 3.337809 1.494685
v 4.146327 3.337809 1.485926
v 4.146327 3.337809 1.957596
v 4.146327 3.337809 1.948837
v 4.146327 3.337809 2.420507
v 4.146327 3.337809 2.411748
v 4.146327 3.337809 2.883419
v 4.146327 3.337809 2.874659
v 4.146327 3.337809 3.346329
v 4.146327 3.337809 3.337571
v 4.146327 3.337809 3.809240
v 4.146327 3.337809 3.800482
v 4.146327 3.337809 4.272151
v 4.146327 3.337809 4.263392
v 4.146327 3.337809 4.735063
v 4.146327 3.337809 4.726304
v 4.146327 3.337809 5.197974
v 4.146327 3.337809 5.189215
v 4.146327 3.337809 5.660885
v 4.146327 3.337809 5.652126
v 4.146327 3.337809 6.123796
v 4.146327 3.337809 6.115036
v 4.146327 3.337809 6.586707
v 4.146327 3.337809 6.577948
v 4.146327 -0.000532 6.577948
v 4.146327 -0.000532 6.586707
v 4.146327 -0.000532 6.115036
v 4.146327 -0.000532 6.123796
v 4.146327 -0.000532 4.726303
v 4.146327 -0.000532 4.735062
v 4.146327 -0.000532 4.263391
v 4.146327 -0.000532 4.272151
v 4.146327 -0.000532 3.800481
v 4.146327 -0.000532 3.809240
v 4.146327 -0.000532 3.337570
v 4.146327 -0.000532 3.346328
v 4.146327 -0.000532 2.874658
v 4.146327 -0.000532 2.883417
v 4.146327 -0.000532 2.411747
v 4.146327 -0.000532 2.420506
v 4.146327 -0.000532 1.948836
v 4.146327 -0.000532 1.957595
v 4.146327 -0.000532 1.485924
v 4.146327 -0.000532 1.494684
v 4.146327 -0.000532 1.023013
v 4.146327 -0.000532 1.031773
v 4.146327 -0.000532 0.501292
v 4.146327 -0.000532 0.510052
v 4.146327 -0.000532 0.097190
v 4.146327 -0.000532 0.105951
v 4.146327 -0.000532 -0.365720
v 4.146327 -0.000532 -0.356961
v 4.146327 -0.000532 -0.828631
v 4.146327 -0.000532 -0.819872
v 4.146327 -0.000532 -1.291542
v 4.146327 -0.000532 -1.282782
v 4.146327 -0.000532 -1.754453
v 4.146327 -0.000532 -1.745695
v 4.146327 -0.000532 -2.217363
v 4.146327 -0.000532 -2.208605
v 4.146327 -0.000532 -2.680275
v 4.146327 -0.000532 -2.671517
v 4.146327 -0.000532 -3.143186
v 4.146327 -0.000532 -3.134428
v 4.146327 -0.000532 -3.606098
v 4.146327 -0.000532 -3.597339
v 4.146327 -0.000532 -4.192204
v 4.146327 -0.000532 -4.183445
v 4.146327 -0.000532 -4.531921
v 4.146327 -0.000532 -4.523164
v 4.146327 -0.000532 -4.994831
v 4.146327 -0.000532 -4.986073
v 4.146327 -0.000532 -5.457744
v 4.146327 -0.000532 -5.448984
v -4.119732 -0.000532 7.045238
v -4.119732 -0.000532 -5.916276
v -4.119732 3.337809 -5.448984
v -4.119732 3.337809 -5.457744
v -4.119732 3.337809 -4.986073
v -4.119732 3.337809 -4.994831
v -4.119732 3.337809 -4.523161
v -4.119732 3.337809 -4.531920
v -4.119732 3.337809 -4.183444
v -4.119732 3.337809 -4.192202
v -4.119732 3.337809 -3.597338
v -4.119732 3.337809 -3.606095
v -4.119732 3.337809 -3.134426
v -4.119732 3.337809 -3.143185
v -4.119732 3.337809 -2.671515
v -4.119732 3.337809 -2.680272
v -4.119732 3.337809 -2.208605
v -4.119732 3.337809 -2.217363
v -4.119732 3.337809 -1.745694
v -4.119732 3.337809 -1.754453
v -4.119732 3.337809 -1.282781
v -4.119732 3.337809 -1.291542
v -4.119732 3.337809 -0.819870
v -4.119732 3.337809 -0.828630
v -4.119732 3.337809 -0.356959
v -4.119732 3.337809 -0.365719
v -4.119732 3.337809 0.105952
v -4.119732 3.337809 0.097192
v -4.119732 3.337809 0.510053
v -4.119732 3.337809 0.501294
v -4.119732 3.337809 1.031774
v -4.119732 3.337809 1.023015
v -4.119732 3.337809 1.494685
v -4.119732 3.337809 1.485926
v -4.119732 3.337809 1.957596
v -4.119732 3.337809 1.948837
v -4.119732 3.337809 2.420507
v -4.119732 3.337809 2.411748
v -4.119732 3.337809 2.883419
v -4.119732 3.337809 2.874659
v -4.119732 3.337809 3.346329
v -4.119732 3.337809 3.337571
v -4.119732 3.337809 3.809240
v -4.119732 3.337809 3.800482
v -4.119732 3.337809 4.272151
v -4.119732 3.337809 4.263392
v -4.119732 3.337809 4.735063
v -4.119732 3.337809 4.726304
v -4.119732 3.337809 5.197974
v -4.119732 3.337809 5.189215
v -4.119732 3.337809 5.660885
v -4.119732 3.337809 5.652126
v -4.119732 3.337809 6.123796
v -4.119732 3.337809 6.115036
v -4.119732 3.337809 6.586707
v -4.119732 3.337809 6.577948
v -4.119732 -0.000532 6.577948
v -4.119732 -0.000532 6.586707
v -4.119732 -0.000532 6.115036
v -4.119732 -0.000532 6.123796
v -4.119732 -0.000532 5.652125
v -4.119732 -0.000532 5.660884
v -4.119732 -0.000532 5.189214
v -4.119732 -0.000532 5.197973
v -4.119732 -0.000532 4.726303
v -4.119732 -0.000532 4.735062
v -4.119732 -0.000532 4.263391
v -4.119732 -0.000532 4.272151
v -4.119732 -0.000532 3.800481
v -4.119732 -0.000532 3.809240
v -4.119732 -0.000532 3.337570
v -4.119732 -0.000532 3.346328
v -4.119732 -0.000532 2.874658
v -4.119732 -0.000532 2.883417
v -4.119732 -0.000532 2.411747
v -4.119732 -0.000532 2.420506
v -4.119732 -0.000532 1.948836
v -4.119732 -0.000532 1.957595
v -4.119732 -0.000532 1.485924
v -4.119732 -0.000532 1.494684
v -4.119732 -0.000532 1.023013
v -4.119732 -0.000532 1.031773
v -4.119732 -0.000532 0.501292
v -4.119732 -0.000532 0.510052
v -4.119732 -0.000532 0.097190
v -4.119732 -0.000532 0.105951
v -4.119732 -0.000532 -0.365720
v -4.119732 -0.000532 -0.356961
v -4.119732 -0.000532 -0.828631
v -4.119732 -0.000532 -0.819872
v -4.119732 -0.000532 -1.291542
v -4.119732 -0.000532 -1.282782
v -4.119732 -0.000532 -1.754453
v -4.119732 -0.000532 -1.745695
v -4.119732 -0.000532 -2.217363
v -4.119732 -0.000532 -2.208605
v -4.119732 -0.000532 -2.680275
v -4.119732 -0.000532 -2.671517
v -4.119732 -0.000532 -3.143186
v -4.119732 -0.000532 -3.134428
v -4.119732 -0.000532 -3.606098
v -4.119732 -0.000532 -3.597339
v -4.119732 -0.000532 -4.192204
v -4.119732 -0.000532 -4.183445
v -4.119732 -0.000532 -4.531921
v -4.119732 -0.000532 -4.523164
v -4.119732 -0.000532 -4.994831
v -4.119732 -0.000532 -4.986073
v -4.119732 -0.000532 -5.457744
v -4.119732 -0.000532 -5.448984
v -4.119732 1.184552 -3.597339
v -4.227733 1.184552 -3.597339
v -4.119732 1.184552 -3.606095
v -4.119732 1.184551 -3.533786
v -4.227733 1.184552 -3.606095
v -4.227733 1.184551 -3.533786
v -4.227733 1.184552 -4.183444
v -4.227733 1.184552 -4.192202
v -4.119732 1.184552 -4.192202
v -4.119732 1.184551 -4.282159
v -4.119732 1.184552 -4.183444
v -4.227733 1.184551 -4.282159
v -4.119732 2.182205 -3.597338
v -4.227733 2.182205 -3.597338
v -4.119732 2.182205 -3.606095
v -4.119732 2.182205 -3.533786
v -4.227733 2.182205 -3.606095
v -4.227733 2.182205 -3.533786
v -4.227733 2.182205 -4.183444
v -4.227733 2.182205 -4.192202
v -4.119732 2.182205 -4.192202
v -4.119732 2.182205 -4.282159
v -4.119732 2.182205 -4.183444
v -4.227733 2.182205 -4.282159
v -4.119732 1.184551 0.582250
v -4.227733 1.184551 0.582250
v -4.119732 2.182205 0.582250
v -4.227733 2.182205 0.582250
v -4.119732 1.184552 1.031773
v -4.227733 1.184552 1.023014
v -4.119732 1.184551 1.330620
v -4.119732 1.184552 1.023014
v -4.227733 1.184552 1.031773
v -4.227733 1.184551 1.330620
v -4.227733 2.182205 1.023014
v -4.119732 2.182205 1.330620
v -4.227733 2.182205 1.031773
v -4.227733 2.182205 1.330620
v -4.119732 2.182205 1.031773
v -4.119732 2.182205 1.023014
v -4.119732 2.182205 5.660884
v -4.227733 2.182205 5.652125
v -4.119732 2.182205 5.652125
v -4.119732 2.182205 5.446658
v -4.227733 2.182205 5.446658
v -4.119732 2.182205 6.115036
v -4.119732 2.182205 6.123796
v -4.227733 2.182205 6.123796
v -4.227733 2.182205 6.195028
v -4.119732 2.182205 6.195028
v -4.227733 1.184551 6.195028
v -4.119732 1.184551 6.195028
v -4.227733 1.184551 5.446658
v -4.119732 1.184551 5.446658
v -4.227733 1.184551 5.660884
v -4.227733 1.184551 5.652125
v -4.227733 1.184551 6.115036
v -4.119732 1.184551 6.115036
v -4.119732 1.184551 6.123796
v -4.227733 1.184551 6.123796
v -4.119732 1.184551 5.660884
v -4.119732 1.184551 5.652125
v 4.254326 2.182205 -4.048376
v 4.146327 2.182205 -4.048376
v 4.254326 2.182205 -3.597338
v 4.146327 2.182205 -3.606095
v 4.254326 2.182205 -3.300006
v 4.146327 2.182205 -3.597338
v 4.146327 2.182205 -3.300006
v 4.254326 1.184551 -3.300006
v 4.146327 1.184551 -3.300006
v 4.254326 1.184551 -4.048376
v 4.146327 1.184551 -4.048376
v 4.254326 1.184552 -3.597339
v 4.146327 1.184552 -3.606095
v 4.146327 1.184552 -3.597338
v 4.254326 -0.000532 4.844980
v 4.146327 -0.000532 4.844980
v 4.254326 2.060073 4.844980
v 4.146327 2.060073 4.844980
v 4.254326 2.060073 5.189214
v 4.254326 2.060073 5.660884
v 4.146327 2.060073 5.660884
v 4.254326 2.060073 6.036137
v 4.146327 2.060073 5.652125
v 4.146327 2.060073 6.036137
v 4.146327 2.060073 5.197974
v 4.146327 2.060073 5.189214
v 4.254326 -0.000532 6.036137
v 4.146327 -0.000532 6.036137
v 4.229650 3.304069 -4.994831
v 4.254326 3.304069 -5.019506
v 4.229650 3.304069 -4.531920
v 4.254326 3.304069 -4.556595
v 4.229650 3.304069 -3.606095
v 4.254326 3.304069 -3.630772
v 4.254326 3.304069 -2.183928
v 4.229650 3.304069 -2.208605
v 4.229650 3.304069 -1.754453
v 4.254326 3.304069 -1.779128
v 4.254326 3.304069 -0.795193
v 4.229650 3.304069 -0.819870
v 4.229650 3.304069 -0.365719
v 4.254326 3.304069 -0.390396
v 4.254326 3.304069 5.222651
v 4.229650 3.304069 5.197974
v 4.229650 3.304069 5.652126
v 4.254326 3.304069 5.627449
v 4.254326 -0.000532 -0.390397
v 4.229650 -0.000532 -0.365720
v 4.229650 -0.000532 -0.819872
v 4.254326 -0.000532 -0.795195
v 4.254326 -0.000532 -1.779131
v 4.229650 -0.000532 -1.754453
v 4.229650 -0.000532 -2.208605
v 4.254326 -0.000532 -2.183929
v 4.254326 -0.000532 -3.630774
v 4.229650 -0.000532 -3.606098
v 4.254326 -0.000532 -4.556598
v 4.229650 -0.000532 -4.531921
v 4.254326 -0.000532 -5.019508
v 4.229650 -0.000532 -4.994831
v -4.203056 3.292236 -5.448984
v -4.227733 3.292236 -5.424307
v -4.203056 3.292236 -4.986073
v -4.227733 3.292236 -4.961396
v -4.227733 3.292236 -4.556595
v -4.203056 3.292236 -4.531920
v -4.203056 3.292236 -3.134426
v -4.227733 3.292236 -3.109748
v -4.227733 3.292236 -2.704950
v -4.203056 3.292236 -2.680272
v -4.203056 3.292236 -2.208605
v -4.227733 3.292236 -2.183928
v -4.203056 3.292236 -0.819870
v -4.227733 3.292236 -0.795193
v -4.227733 3.292236 -0.390396
v -4.203056 3.292236 -0.365719
v -4.203056 3.292236 0.105952
v -4.227733 3.292236 0.130628
v -4.203056 3.292236 1.494685
v -4.227733 3.292236 1.519362
v -4.203056 3.292236 2.420507
v -4.227733 3.292236 2.445184
v -4.227733 3.292236 2.849983
v -4.203056 3.292236 2.874659
v -4.203056 3.292236 3.346329
v -4.227733 3.292236 3.371006
v -4.203056 3.292236 4.272151
v -4.227733 3.292236 4.296828
v -4.227733 3.292236 4.701627
v -4.203056 3.292236 4.726304
v -4.203056 3.292236 5.660885
v -4.227733 3.292236 5.685562
v -4.227733 3.292236 6.090360
v -4.203056 3.292236 6.115036
v -4.203056 3.292236 6.586707
v -4.227733 3.292236 6.611383
v -4.227733 -0.000532 6.611383
v -4.203056 -0.000532 6.586707
v -4.203056 -0.000532 4.726303
v -4.227733 -0.000532 4.701626
v -4.227733 -0.000532 4.296827
v -4.203056 -0.000532 4.272151
v -4.227733 -0.000532 3.371005
v -4.203056 -0.000532 3.346328
v -4.203056 -0.000532 2.874658
v -4.227733 -0.000532 2.849982
v -4.227733 -0.000532 2.445183
v -4.203056 -0.000532 2.420506
v -4.227733 -0.000532 1.519361
v -4.203056 -0.000532 1.494684
v -4.227733 -0.000532 0.130627
v -4.203056 -0.000532 0.105951
v -4.203056 -0.000532 -0.365720
v -4.227733 -0.000532 -0.390397
v -4.227733 -0.000532 -0.795195
v -4.203056 -0.000532 -0.819872
v -4.227733 -0.000532 -2.183929
v -4.203056 -0.000532 -2.208605
v -4.203056 -0.000532 -2.680275
v -4.227733 -0.000532 -2.704952
v -4.227733 -0.000532 -3.109753
v -4.203056 -0.000532 -3.134428
v -4.203056 -0.000532 -4.531921
v -4.227733 -0.000532 -4.556598
v -4.227733 -0.000532 -4.961397
v -4.203056 -0.000532 -4.986073
v -4.227733 -0.000532 -5.424307
v -4.203056 -0.000532 -5.448984
v -4.227733 2.182205 5.685561
v -4.203056 2.182205 5.660884
v -4.203056 2.182205 6.115036
v -4.227733 2.182205 6.090360
v 4.254326 2.182205 -3.630772
v 4.229650 2.182205 -3.606095
v 4.229650 1.184552 -3.606095
v 4.254326 1.184552 -3.630774
v 4.254326 2.060073 5.627449
v 4.229650 2.060073 5.652125
v 4.229650 2.060073 5.197974
v 4.254326 2.060073 5.222650
v -4.119732 3.337809 7.045238
v -4.119732 3.337809 -5.916274
v 4.146327 3.342407 -5.916276
v 4.146327 3.342407 7.045238
v 4.254327 3.308666 7.045238
v 4.254327 3.308666 -5.916276
v -4.227731 3.296833 -5.916274
v -4.227731 3.296833 7.045238
v -4.119732 3.342407 7.045238
v -4.119732 3.342407 -5.916274
v 4.195608 -0.000887 7.212287
v 4.313046 -0.000887 7.212287
v 4.195608 -0.000887 7.015899
v 4.313046 -0.000887 7.015899
v 4.195608 3.318350 7.015899
v 4.195608 3.318350 7.212287
v 4.313046 3.232040 7.212287
v 4.313046 3.232040 7.015899
v -4.169014 -0.000887 7.212287
v -4.286452 -0.000887 7.212287
v -4.169014 -0.000887 7.015899
v -4.286452 -0.000887 7.015899
v -4.169014 3.318350 7.015899
v -4.169014 3.318350 7.212287
v -4.286452 3.232040 7.212287
v -4.286452 3.232040 7.015899
v -0.065191 6.606019 7.285271
v 0.091784 6.606019 7.285271
v -0.065191 6.606019 -6.156308
v 0.091784 6.606019 -6.156308
v -0.065191 6.402186 -6.156308
v -0.065191 6.402186 7.285271
v 0.091784 6.402186 7.285271
v 0.091784 6.402186 -6.156308
v 4.420029 3.135213 7.252521
v 4.420029 3.135213 -6.123557
v 0.013297 6.516816 7.252521
v 0.013297 6.516816 -6.123557
v 0.058259 6.575408 1.528236
v 4.464990 3.193805 1.528236
v 4.464990 3.193805 1.511596
v 0.058259 6.575408 1.511596
v 0.058259 6.575408 2.165192
v 4.464990 3.193805 2.165192
v 4.464990 3.193805 2.148552
v 0.058259 6.575408 2.148552
v 4.464990 3.193805 2.785509
v 0.058259 6.575408 2.785509
v 0.058259 6.575408 3.439105
v 4.464990 3.193805 3.439105
v 4.464990 3.193805 4.059421
v 0.058259 6.575408 4.059421
v 0.058259 6.575408 4.713017
v 4.464990 3.193805 4.713017
v 4.464990 3.193805 4.696377
v 0.058259 6.575408 4.696377
v 4.464990 3.193805 5.333333
v 0.058259 6.575408 5.333333
v 0.058259 6.575408 5.986928
v 4.464990 3.193805 5.986928
v 0.058259 6.575408 6.623885
v 4.464990 3.193805 6.623885
v 4.464990 3.193805 6.607245
v 0.058259 6.575408 6.607245
v 0.058259 6.575408 -6.123557
v 4.464990 3.193805 -6.123557
v 4.464990 3.193805 7.252521
v 0.058259 6.575408 7.252521
v 4.420029 3.135213 4.713017
v 4.420029 3.135213 4.696377
v 4.420029 3.135213 5.333333
v 4.420029 3.135213 5.986928
v 4.420029 3.135213 6.623885
v 4.420029 3.135213 6.607245
v 4.420029 3.135213 4.059421
v 4.420029 3.135213 3.439105
v 4.420029 3.135213 3.422465
v 4.420029 3.135213 2.802149
v 4.420029 3.135213 2.148552
v 4.420029 3.135213 1.528236
v 4.420029 3.135213 1.511596
v 4.420029 3.135213 0.891279
v 4.420029 3.135213 0.874640
v 4.420029 3.135213 0.254323
v 4.420029 3.135213 0.237684
v 4.420029 3.135213 -0.382633
v 4.420029 3.135213 -0.399273
v 4.420029 3.135213 -1.019589
v 4.420029 3.135213 -1.673185
v 4.420029 3.135213 -2.293501
v 4.420029 3.135213 -2.310140
v 4.420029 3.135213 -2.947098
v 4.420029 3.135213 -3.567413
v 4.420029 3.135213 -3.584054
v 4.420029 3.135213 -4.204369
v 4.420029 3.135213 -4.221008
v 4.420029 3.135213 -4.857965
v 4.420029 3.135213 -5.478282
v 4.420029 3.135213 -5.494921
v 0.013297 6.516816 6.607245
v 0.013297 6.516816 6.623885
v 0.013297 6.516816 5.986928
v 0.013297 6.516816 5.333333
v 0.013297 6.516816 4.696377
v 0.013297 6.516816 4.713017
v 0.013297 6.516816 4.059421
v 0.013297 6.516816 3.422465
v 0.013297 6.516816 3.439105
v 0.013297 6.516816 2.802149
v 0.013297 6.516816 2.148552
v 0.013297 6.516816 1.511596
v 0.013297 6.516816 1.528236
v 0.013297 6.516816 0.874640
v 0.013297 6.516816 0.891279
v 0.013297 6.516816 0.237684
v 0.013297 6.516816 0.254323
v 0.013297 6.516816 -0.399273
v 0.013297 6.516816 -0.382633
v 0.013297 6.516816 -1.019589
v 0.013297 6.516816 -1.673185
v 0.013297 6.516816 -2.310140
v 0.013297 6.516816 -2.293501
v 0.013297 6.516816 -2.947098
v 0.013297 6.516816 -3.584054
v 0.013297 6.516816 -3.567413
v 0.013297 6.516816 -4.221008
v 0.013297 6.516816 -4.204369
v 0.013297 6.516816 -4.857965
v 0.013297 6.516816 -5.494921
v 0.013297 6.516816 -5.478282
v 0.058259 6.575408 0.874640
v 4.464990 3.193805 0.874640
v 0.058259 6.575408 0.237684
v 4.464990 3.193805 0.237684
v 4.464990 3.193805 0.254323
v 0.058259 6.575408 0.254323
v 0.058259 6.575408 -0.399273
v 4.464990 3.193805 -0.399273
v 4.464990 3.193805 -0.382633
v 0.058259 6.575408 -0.382633
v 4.464990 3.193805 -1.019589
v 0.058259 6.575408 -1.019589
v 0.058259 6.575408 -1.673185
v 4.464990 3.193805 -1.673185
v 0.058259 6.575408 -2.310140
v 4.464990 3.193805 -2.310140
v 4.464990 3.193805 -2.293501
v 0.058259 6.575408 -2.293501
v 4.464990 3.193805 -2.930459
v 0.058259 6.575408 -2.930459
v 4.464990 3.193805 -3.567413
v 0.058259 6.575408 -3.567413
v 0.058259 6.575408 -4.221008
v 4.464990 3.193805 -4.221008
v 4.464990 3.193805 -4.841326
v 0.058259 6.575408 -4.841326
v 0.058259 6.575408 -5.494921
v 4.464990 3.193805 -5.494921
v 4.464990 3.193805 -5.478282
v 0.058259 6.575408 -5.478282
v 0.058259 6.575408 2.820163
v 0.047292 6.561116 2.802149
v 4.454023 3.179513 2.802149
v 4.464990 3.193805 2.820163
v 4.464990 3.193805 3.404451
v 4.454023 3.179513 3.422465
v 0.047292 6.561116 3.422465
v 0.058259 6.575408 3.404451
v 0.058259 6.575408 4.094074
v 0.047292 6.561116 4.076060
v 4.454023 3.179513 4.076060
v 4.464990 3.193805 4.094074
v 0.058259 6.575408 5.367987
v 0.047292 6.561116 5.349973
v 4.454023 3.179513 5.349973
v 4.464990 3.193805 5.367987
v 4.464990 3.193805 5.952275
v 4.454023 3.179513 5.970289
v 0.047292 6.561116 5.970289
v 0.058259 6.575408 5.952275
v 4.454023 3.179513 0.891279
v 4.464990 3.193805 0.909294
v 0.058259 6.575408 0.909294
v 0.047292 6.561116 0.891279
v 0.047292 6.561116 -1.036228
v 0.058259 6.575408 -1.054243
v 4.464990 3.193805 -1.054243
v 4.454023 3.179513 -1.036228
v 4.454023 3.179513 -1.656545
v 4.464990 3.193805 -1.638531
v 0.058259 6.575408 -1.638531
v 0.047292 6.561116 -1.656545
v 0.047292 6.561116 -2.947098
v 0.058259 6.575408 -2.965111
v 4.464990 3.193805 -2.965111
v 4.454023 3.179513 -2.947098
v 0.047292 6.561116 -3.584054
v 0.058259 6.575408 -3.602068
v 4.464990 3.193805 -3.602068
v 4.454023 3.179513 -3.584054
v 4.454023 3.179513 -4.204369
v 4.464990 3.193805 -4.186356
v 0.058259 6.575408 -4.186356
v 0.047292 6.561116 -4.204369
v 0.047292 6.561116 -4.857965
v 0.058259 6.575408 -4.875978
v 4.464990 3.193805 -4.875978
v 4.454023 3.179513 -4.857965
v 4.420029 3.135213 5.367661
v 4.430797 3.149245 5.349973
v 4.430797 3.149245 5.970289
v 4.420029 3.135213 5.952601
v 4.420029 3.135213 4.093749
v 4.430797 3.149245 4.076060
v 4.430797 3.149245 2.785509
v 4.420029 3.135213 2.767821
v 4.420029 3.135213 2.182880
v 4.430797 3.149245 2.165192
v 4.430797 3.149245 -1.036228
v 4.420029 3.135213 -1.053917
v 4.420029 3.135213 -1.638856
v 4.430797 3.149245 -1.656545
v 4.420029 3.135213 -2.912769
v 4.430797 3.149245 -2.930459
v 4.420029 3.135213 -4.823637
v 4.430797 3.149245 -4.841326
v 0.013297 6.516816 5.952601
v 0.024065 6.530849 5.970289
v 0.024065 6.530849 5.349973
v 0.013297 6.516816 5.367661
v 0.024065 6.530849 4.076060
v 0.013297 6.516816 4.093749
v 0.013297 6.516816 2.767821
v 0.024065 6.530849 2.785509
v 0.024065 6.530849 2.165192
v 0.013297 6.516816 2.182880
v 0.013297 6.516816 -1.053917
v 0.024065 6.530849 -1.036228
v 0.024065 6.530849 -1.656545
v 0.013297 6.516816 -1.638856
v 0.024065 6.530849 -2.930459
v 0.013297 6.516816 -2.912769
v 0.024065 6.530849 -4.841326
v 0.013297 6.516816 -4.823637
v -4.393435 3.135213 7.252521
v -4.393435 3.135213 -6.123557
v -0.031665 6.575408 1.528236
v -4.438397 3.193805 1.528236
v -4.438397 3.193805 1.511596
v -0.031665 6.575408 1.511596
v -0.031665 6.575408 2.165192
v -4.438397 3.193805 2.165192
v -4.438397 3.193805 2.148552
v -0.031665 6.575408 2.148552
v -4.438397 3.193805 2.785509
v -0.031665 6.575408 2.785509
v -0.031665 6.575408 3.439105
v -4.438397 3.193805 3.439105
v -4.438397 3.193805 4.059421
v -0.031665 6.575408 4.059421
v -0.031665 6.575408 4.713017
v -4.438397 3.193805 4.713017
v -4.438397 3.193805 4.696377
v -0.031665 6.575408 4.696377
v -4.438397 3.193805 5.333333
v -0.031665 6.575408 5.333333
v -0.031665 6.575408 5.986928
v -4.438397 3.193805 5.986928
v -0.031665 6.575408 6.623885
v -4.438397 3.193805 6.623885
v -4.438397 3.193805 6.607245
v -0.031665 6.575408 6.607245
v -0.031665 6.575408 -6.123557
v -4.438397 3.193805 -6.123557
v -4.438397 3.193805 7.252521
v -0.031665 6.575408 7.252521
v -4.393435 3.135213 4.713017
v -4.393435 3.135213 4.696377
v -4.393435 3.135213 5.333333
v -4.393435 3.135213 5.986928
v -4.393435 3.135213 6.623885
v -4.393435 3.135213 6.607245
v -4.393435 3.135213 4.059421
v -4.393435 3.135213 3.439105
v -4.393435 3.135213 3.422465
v -4.393435 3.135213 2.802149
v -4.393435 3.135213 2.148552
v -4.393435 3.135213 1.528236
v -4.393435 3.135213 1.511596
v -4.393435 3.135213 0.891279
v -4.393435 3.135213 0.874640
v -4.393435 3.135213 0.254323
v -4.393435 3.135213 0.237684
v -4.393435 3.135213 -0.382633
v -4.393435 3.135213 -0.399273
v -4.393435 3.135213 -1.019589
v -4.393435 3.135213 -1.673185
v -4.393435 3.135213 -2.293501
v -4.393435 3.135213 -2.310140
v -4.393435 3.135213 -2.947098
v -4.393435 3.135213 -3.567413
v -4.393435 3.135213 -3.584054
v -4.393435 3.135213 -4.204369
v -4.393435 3.135213 -4.221008
v -4.393435 3.135213 -4.857965
v -4.393435 3.135213 -5.478282
v -4.393435 3.135213 -5.494921
v -0.031665 6.575408 0.874640
v -4.438397 3.193805 0.874640
v -0.031665 6.575408 0.237684
v -4.438397 3.193805 0.237684
v -4.438397 3.193805 0.254323
v -0.031665 6.575408 0.254323
v -0.031665 6.575408 -0.399273
v -4.438397 3.193805 -0.399273
v -4.438397 3.193805 -0.382633
v -0.031665 6.575408 -0.382633
v -4.438397 3.193805 -1.019589
v -0.031665 6.575408 -1.019589
v -0.031665 6.575408 -1.673185
v -4.438397 3.193805 -1.673185
v -0.031665 6.575408 -2.310140
v -4.438397 3.193805 -2.310140
v -4.438397 3.193805 -2.293501
v -0.031665 6.575408 -2.293501
v -4.438397 3.193805 -2.930459
v -0.031665 6.575408 -2.930459
v -4.438397 3.193805 -3.567413
v -0.031665 6.575408 -3.567413
v -0.031665 6.575408 -4.221008
v -4.438397 3.193805 -4.221008
v -4.438397 3.193805 -4.841326
v -0.031665 6.575408 -4.841326
v -0.031665 6.575408 -5.494921
v -4.438397 3.193805 -5.494921
v -4.438397 3.193805 -5.478282
v -0.031665 6.575408 -5.478282
v -0.031665 6.575408 2.820163
v -0.020698 6.561116 2.802149
v -4.427430 3.179513 2.802149
v -4.438397 3.193805 2.820163
v -4.438397 3.193805 3.404451
v -4.427430 3.179513 3.422465
v -0.020698 6.561116 3.422465
v -0.031665 6.575408 3.404451
v -0.031665 6.575408 4.094074
v -0.020698 6.561116 4.076060
v -4.427430 3.179513 4.076060
v -4.438397 3.193805 4.094074
v -0.031665 6.575408 5.367987
v -0.020698 6.561116 5.349973
v -4.427430 3.179513 5.349973
v -4.438397 3.193805 5.367987
v -4.438397 3.193805 5.952275
v -4.427430 3.179513 5.970289
v -0.020698 6.561116 5.970289
v -0.031665 6.575408 5.952275
v -4.427430 3.179513 0.891279
v -4.438397 3.193805 0.909294
v -0.031665 6.575408 0.909294
v -0.020698 6.561116 0.891279
v -0.020698 6.561116 -1.036228
v -0.031665 6.575408 -1.054243
v -4.438397 3.193805 -1.054243
v -4.427430 3.179513 -1.036228
v -4.427430 3.179513 -1.656545
v -4.438397 3.193805 -1.638531
v -0.031665 6.575408 -1.638531
v -0.020698 6.561116 -1.656545
v -0.020698 6.561116 -2.947098
v -0.031665 6.575408 -2.965111
v -4.438397 3.193805 -2.965111
v -4.427430 3.179513 -2.947098
v -0.020698 6.561116 -3.584054
v -0.031665 6.575408 -3.602068
v -4.438397 3.193805 -3.602068
v -4.427430 3.179513 -3.584054
v -4.427430 3.179513 -4.204369
v -4.438397 3.193805 -4.186356
v -0.031665 6.575408 -4.186356
v -0.020698 6.561116 -4.204369
v -0.020698 6.561116 -4.857965
v -0.031665 6.575408 -4.875978
v -4.438397 3.193805 -4.875978
v -4.427430 3.179513 -4.857965
v -4.393435 3.135213 5.367661
v -4.404203 3.149245 5.349973
v -4.404203 3.149245 5.970289
v -4.393435 3.135213 5.952601
v -4.393435 3.135213 4.093749
v -4.404203 3.149245 4.076060
v -4.404203 3.149245 2.785509
v -4.393435 3.135213 2.767821
v -4.393435 3.135213 2.182880
v -4.404203 3.149245 2.165192
v -4.404203 3.149245 -1.036228
v -4.393435 3.135213 -1.053917
v -4.393435 3.135213 -1.638856
v -4.404203 3.149245 -1.656545
v -4.393435 3.135213 -2.912769
v -4.404203 3.149245 -2.930459
v -4.393435 3.135213 -4.823637
v -4.404203 3.149245 -4.841326
v 0.002529 6.530849 5.970289
v 0.002529 6.530849 5.349973
v 0.002529 6.530849 4.076060
v 0.002529 6.530849 2.785509
v 0.002529 6.530849 2.165192
v 0.002529 6.530849 -1.036228
v 0.002529 6.530849 -1.656545
v 0.002529 6.530849 -2.930459
v 0.002529 6.530849 -4.841326
v -0.498828 3.883867 7.171775
v 0.525422 3.883867 7.171775
v -0.498828 3.883867 7.038369
v 0.525422 3.883867 7.038369
v -0.498828 3.972257 7.038369
v -0.498828 3.972257 7.171775
v 0.525422 3.972257 7.171775
v 0.525422 3.972257 7.038369
v -0.498828 5.160892 7.161431
v 0.525422 5.160892 7.161431
v -0.498828 5.160892 7.038369
v 0.525422 5.160892 7.038369
v -0.498828 5.249282 7.038369
v -0.498828 5.249282 7.161431
v 0.525422 5.249282 7.161431
v 0.525422 5.249282 7.038369
v 0.437032 5.160892 7.159431
v 0.437032 3.972257 7.159431
v 0.437032 5.160892 7.039955
v 0.437032 3.972257 7.039955
v 0.525422 5.160892 7.039955
v 0.525422 5.160892 7.159431
v 0.525422 3.972257 7.159431
v 0.525422 3.972257 7.039955
v -0.498828 5.160892 7.159431
v -0.498828 3.972257 7.159431
v -0.498828 5.160892 7.039955
v -0.498828 3.972257 7.039955
v -0.410438 5.160892 7.039955
v -0.410438 5.160892 7.159431
v -0.410438 3.972257 7.159431
v -0.410438 3.972257 7.039955
v -0.410438 3.972257 7.131589
v 0.437032 3.972257 7.131589
v -0.410438 5.160892 7.131589
v 0.437032 5.160892 7.131589
v -0.371178 5.121633 7.131589
v -0.371178 4.011517 7.131589
v 0.397772 4.011517 7.131589
v 0.397772 5.121633 7.131589
v -0.410438 3.972257 7.070590
v 0.437032 3.972257 7.070590
v -0.410438 5.160892 7.070590
v 0.437032 5.160892 7.070590
v -0.371178 5.121633 7.070590
v -0.371178 4.011517 7.070590
v 0.397772 4.011517 7.070590
v 0.397772 5.121633 7.070590
v 0.397772 4.578205 7.116590
v 0.397772 4.554945 7.116590
v -0.371178 4.554945 7.116590
v -0.371178 4.578205 7.116590
v 0.024927 4.554945 7.116590
v 0.001667 4.554945 7.116590
v 0.397772 4.578205 7.085589
v 0.397772 4.554945 7.085589
v -0.371178 4.554945 7.085589
v -0.371178 4.578205 7.085589
v 0.024927 4.554945 7.085589
v 0.001667 4.554945 7.085589
v 0.001667 5.121633 7.117577
v 0.024927 5.121633 7.117577
v 0.024927 4.011517 7.117577
v 0.001667 4.011517 7.117577
v 0.001667 5.121633 7.084602
v 0.024927 5.121633 7.084602
v 0.024927 4.011517 7.084602
v 0.001667 4.011517 7.084602
v -0.371178 5.121633 7.101089
v -0.371178 4.011517 7.101089
v 0.397772 4.011517 7.101089
v 0.397772 5.121633 7.101089
v -4.242929 1.184561 6.195028
v -4.113361 1.184561 6.195028
v -4.242929 1.184561 5.446657
v -4.113361 1.184561 5.446657
v -4.242929 1.243020 5.446657
v -4.242929 1.243020 6.195028
v -4.113361 1.243020 6.195028
v -4.113361 1.243020 5.446657
v -4.234062 2.148148 6.195028
v -4.113361 2.148148 6.195028
v -4.234062 2.148148 5.446657
v -4.113361 2.148148 5.446657
v -4.234062 2.182204 5.446657
v -4.234062 2.182204 6.195028
v -4.113361 2.182204 6.195028
v -4.113361 2.182204 5.446657
v -4.227733 1.243020 6.160972
v -4.119734 1.243020 6.160972
v -4.227733 2.148148 6.160972
v -4.119734 2.148148 6.160972
v -4.227733 2.148148 6.195028
v -4.227733 1.243020 6.195028
v -4.119734 1.243020 6.195028
v -4.119734 2.148148 6.195028
v -4.227733 1.243020 5.446657
v -4.119734 1.243020 5.446657
v -4.227733 2.148148 5.446657
v -4.119734 2.148148 5.446657
v -4.227733 2.148148 5.480713
v -4.227733 1.243020 5.480713
v -4.119734 1.243020 5.480713
v -4.119734 2.148148 5.480713
v -4.151734 2.148148 6.160972
v -4.151734 1.243020 6.160972
v -4.151734 2.148148 5.480713
v -4.151734 1.243020 5.480713
v -4.151734 2.123769 5.505093
v -4.151734 2.123769 6.136593
v -4.151734 1.267399 6.136593
v -4.151734 1.267399 5.505093
v -4.195733 2.148148 6.160972
v -4.195733 1.243020 6.160972
v -4.195733 2.148148 5.480713
v -4.195733 1.243020 5.480713
v -4.195733 2.123769 5.505093
v -4.195733 2.123769 6.136593
v -4.195733 1.267399 6.136593
v -4.195733 1.267399 5.505093
v -4.173733 2.123769 5.505093
v -4.173733 2.123769 6.136593
v -4.173733 1.267399 6.136593
v -4.173733 1.267399 5.505093
v -4.158964 1.714730 5.505093
v -4.158964 1.676439 5.505093
v -4.158964 1.676439 6.136592
v -4.158964 1.714730 6.136592
v -4.188501 1.714730 5.505093
v -4.188501 1.676439 5.505093
v -4.188501 1.676439 6.136592
v -4.188501 1.714730 6.136592
v -4.242929 1.184561 1.330620
v -4.113361 1.184561 1.330620
v -4.242929 1.184561 0.582250
v -4.113361 1.184561 0.582250
v -4.242929 1.243020 0.582250
v -4.242929 1.243020 1.330620
v -4.113361 1.243020 1.330620
v -4.113361 1.243020 0.582250
v -4.234062 2.148148 1.330620
v -4.113361 2.148148 1.330620
v -4.234062 2.148148 0.582250
v -4.113361 2.148148 0.582250
v -4.234062 2.182204 0.582250
v -4.234062 2.182204 1.330620
v -4.113361 2.182204 1.330620
v -4.113361 2.182204 0.582250
v -4.227733 1.243020 1.296564
v -4.119734 1.243020 1.296564
v -4.227733 2.148148 1.296564
v -4.119734 2.148148 1.296564
v -4.227733 2.148148 1.330620
v -4.227733 1.243020 1.330620
v -4.119734 1.243020 1.330620
v -4.119734 2.148148 1.330620
v -4.227733 1.243020 0.582250
v -4.119734 1.243020 0.582250
v -4.227733 2.148148 0.582250
v -4.119734 2.148148 0.582250
v -4.227733 2.148148 0.616306
v -4.227733 1.243020 0.616306
v -4.119734 1.243020 0.616306
v -4.119734 2.148148 0.616306
v -4.151734 2.148148 1.296564
v -4.151734 1.243020 1.296564
v -4.151734 2.148148 0.616306
v -4.151734 1.243020 0.616306
v -4.151734 2.123769 0.640685
v -4.151734 2.123769 1.272184
v -4.151734 1.267399 1.272184
v -4.151734 1.267399 0.640685
v -4.195733 2.148148 1.296564
v -4.195733 1.243020 1.296564
v -4.195733 2.148148 0.616306
v -4.195733 1.243020 0.616306
v -4.195733 2.123769 0.640685
v -4.195733 2.123769 1.272184
v -4.195733 1.267399 1.272184
v -4.195733 1.267399 0.640685
v -4.173733 2.123769 0.640685
v -4.173733 2.123769 1.272184
v -4.173733 1.267399 1.272184
v -4.173733 1.267399 0.640685
v -4.158964 1.714730 0.640685
v -4.158964 1.676439 0.640685
v -4.158964 1.676439 1.272184
v -4.158964 1.714730 1.272184
v -4.188501 1.714730 0.640685
v -4.188501 1.676439 0.640685
v -4.188501 1.676439 1.272184
v -4.188501 1.714730 1.272184
v -4.242929 1.184561 -3.533789
v -4.113361 1.184561 -3.533789
v -4.242929 1.184561 -4.282159
v -4.113361 1.184561 -4.282159
v -4.242929 1.243020 -4.282159
v -4.242929 1.243020 -3.533789
v -4.113361 1.243020 -3.533789
v -4.113361 1.243020 -4.282159
v -4.234062 2.148148 -3.533789
v -4.113361 2.148148 -3.533789
v -4.234062 2.148148 -4.282159
v -4.113361 2.148148 -4.282159
v -4.234062 2.182204 -4.282159
v -4.234062 2.182204 -3.533789
v -4.113361 2.182204 -3.533789
v -4.113361 2.182204 -4.282159
v -4.227733 1.243020 -3.567844
v -4.119734 1.243020 -3.567844
v -4.227733 2.148148 -3.567844
v -4.119734 2.148148 -3.567844
v -4.227733 2.148148 -3.533789
v -4.227733 1.243020 -3.533789
v -4.119734 1.243020 -3.533789
v -4.119734 2.148148 -3.533789
v -4.227733 1.243020 -4.282159
v -4.119734 1.243020 -4.282159
v -4.227733 2.148148 -4.282159
v -4.119734 2.148148 -4.282159
v -4.227733 2.148148 -4.248104
v -4.227733 1.243020 -4.248104
v -4.119734 1.243020 -4.248104
v -4.119734 2.148148 -4.248104
v -4.151734 2.148148 -3.567844
v -4.151734 1.243020 -3.567844
v -4.151734 2.148148 -4.248104
v -4.151734 1.243020 -4.248104
v -4.151734 2.123769 -4.223723
v -4.151734 2.123769 -3.592224
v -4.151734 1.267399 -3.592224
v -4.151734 1.267399 -4.223723
v -4.195733 2.148148 -3.567844
v -4.195733 1.243020 -3.567844
v -4.195733 2.148148 -4.248104
v -4.195733 1.243020 -4.248104
v -4.195733 2.123769 -4.223723
v -4.195733 2.123769 -3.592224
v -4.195733 1.267399 -3.592224
v -4.195733 1.267399 -4.223723
v -4.173733 2.123769 -4.223723
v -4.173733 2.123769 -3.592224
v -4.173733 1.267399 -3.592224
v -4.173733 1.267399 -4.223723
v -4.158964 1.714730 -4.223723
v -4.158964 1.676439 -4.223723
v -4.158964 1.676439 -3.592224
v -4.158964 1.714730 -3.592224
v -4.188501 1.714730 -4.223723
v -4.188501 1.676439 -4.223723
v -4.188501 1.676439 -3.592224
v -4.188501 1.714730 -3.592224
v 4.214560 1.714730 -3.989949
v 4.214560 1.676439 -3.989949
v 4.214560 1.676439 -3.358449
v 4.214560 1.714730 -3.358449
v 4.185022 1.714730 -3.989949
v 4.185022 1.676439 -3.989949
v 4.185022 1.676439 -3.358449
v 4.185022 1.714730 -3.358449
v 4.199790 1.267399 -3.358449
v 4.199790 1.267399 -3.989949
v 4.199790 2.123769 -3.989949
v 4.199790 2.123769 -3.358449
v 4.221790 1.267399 -3.358449
v 4.221790 1.267399 -3.989949
v 4.221790 2.123769 -3.989949
v 4.221790 2.123769 -3.358449
v 4.221790 1.243020 -3.334069
v 4.221790 2.148148 -3.334069
v 4.221790 1.243020 -4.014327
v 4.221790 2.148148 -4.014327
v 4.177791 1.267399 -3.358449
v 4.177791 1.267399 -3.989949
v 4.177791 2.123769 -3.989949
v 4.177791 2.123769 -3.358449
v 4.177791 1.243020 -3.334069
v 4.177791 2.148148 -3.334069
v 4.177791 1.243020 -4.014327
v 4.177791 2.148148 -4.014327
v 4.145792 2.148148 -3.334069
v 4.145792 1.243020 -3.334069
v 4.253791 1.243020 -3.334069
v 4.253791 2.148148 -3.334069
v 4.145792 2.148148 -3.300013
v 4.253791 2.148148 -3.300013
v 4.145792 1.243020 -3.300013
v 4.253791 1.243020 -3.300013
v 4.145792 2.148148 -4.048384
v 4.145792 1.243020 -4.048384
v 4.253791 1.243020 -4.048384
v 4.253791 2.148148 -4.048384
v 4.145792 2.148148 -4.014327
v 4.253791 2.148148 -4.014327
v 4.145792 1.243020 -4.014327
v 4.253791 1.243020 -4.014327
v 4.139419 2.182204 -3.300013
v 4.139419 2.182204 -4.048384
v 4.260118 2.182204 -4.048384
v 4.260118 2.182204 -3.300013
v 4.139419 2.148148 -3.300013
v 4.260118 2.148148 -3.300013
v 4.139419 2.148148 -4.048384
v 4.260118 2.148148 -4.048384
v 4.139419 1.243020 -3.300013
v 4.139419 1.243020 -4.048384
v 4.268988 1.243020 -4.048384
v 4.268988 1.243020 -3.300013
v 4.139419 1.184561 -3.300013
v 4.268988 1.184561 -3.300013
v 4.139419 1.184561 -4.048384
v 4.268988 1.184561 -4.048384
v 7.432216 -0.006683 0.110618
v 7.478212 -0.006683 0.110618
v 7.432216 0.114372 0.110618
v 7.478212 0.114372 0.110618
v 7.432216 0.114371 7.079368
v 7.432216 -0.006683 7.079368
v 7.478212 -0.006683 7.079368
v 7.478212 0.114371 7.079368
v 4.254327 -0.000885 -5.894732
v 4.300322 -0.000885 -5.894732
v 4.254327 0.120169 -5.894732
v 4.300322 0.120169 -5.894732
v 4.254327 0.120169 -0.081296
v 4.254327 -0.000885 -0.081296
v 4.300322 -0.000885 -0.081296
v 4.300322 0.120169 -0.081296
v 4.319981 -0.000885 0.033964
v 4.319981 -0.000885 -0.012031
v 4.319981 0.120169 0.033964
v 4.319981 0.120169 -0.012031
v 7.387199 0.120169 0.033964
v 7.387199 -0.000885 0.033964
v 7.387199 -0.000885 -0.012031
v 7.387199 0.120169 -0.012031
v -4.273728 -0.006683 -5.915876
v -4.227733 -0.006683 -5.915876
v -4.273728 0.114372 -5.915876
v -4.227733 0.114372 -5.915876
v -4.273728 0.114371 7.065898
v -4.273728 -0.006683 7.065898
v -4.227733 -0.006683 7.065898
v -4.227733 0.114371 7.065898
v 4.261832 2.694207 7.153238
v -4.235239 2.694207 7.153238
v 4.261832 2.949838 7.153238
v -4.235239 2.949838 7.153238
v 4.261832 2.949838 7.207436
v 4.261832 2.694207 7.207436
v -4.235239 2.694207 7.207436
v -4.235239 2.949838 7.207436
v 4.254080 -0.000886 7.153238
v 4.254080 -0.000886 0.036560
v 4.254080 2.754349 7.153238
v 4.254080 2.754349 0.036560
v 7.387199 -0.000886 0.036560
v 7.387198 -0.000886 7.153238
v 7.387198 1.985119 7.153238
v 7.387199 1.985119 0.036560
v 7.034399 -0.000886 7.153238
v 7.030536 -0.000886 7.153238
v 6.633624 -0.000886 7.153238
v 6.240574 -0.000886 7.153238
v 6.236711 -0.000886 7.153238
v 5.843662 -0.000886 7.153238
v 5.839798 -0.000886 7.153238
v 5.442885 -0.000886 7.153238
v 5.049836 -0.000886 7.153238
v 4.649061 -0.000886 7.153238
v 7.030536 2.081740 7.153238
v 7.034399 2.080805 7.153238
v 6.633624 2.177894 7.153238
v 6.236711 2.274048 7.153238
v 6.240574 2.273112 7.153238
v 5.839798 2.370201 7.153238
v 5.442885 2.466355 7.153238
v 5.446749 2.465420 7.153238
v 5.049836 2.561573 7.153238
v 4.649061 2.658663 7.153238
v 4.649061 2.658663 0.036560
v 5.049837 2.561574 0.036560
v 5.446749 2.465420 0.036560
v 5.442887 2.466356 0.036560
v 5.839799 2.370202 0.036560
v 6.240574 2.273112 0.036560
v 6.236712 2.274048 0.036560
v 6.633625 2.177894 0.036560
v 7.034400 2.080805 0.036560
v 7.034399 -0.000886 0.036560
v 6.633624 -0.000886 0.036560
v 6.236711 -0.000886 0.036560
v 6.240574 -0.000886 0.036560
v 5.839798 -0.000886 0.036560
v 5.442885 -0.000886 0.036560
v 5.446749 -0.000886 0.036560
v 5.049836 -0.000886 0.036560
v 4.649061 -0.000886 0.036560
v 4.254080 -0.000886 7.086238
v 4.254080 -0.000886 0.103560
v 4.254080 2.754349 7.086238
v 4.254080 2.754349 0.103560
v 7.387199 -0.000886 0.103560
v 7.387198 -0.000886 7.086238
v 7.387198 1.985119 7.086238
v 7.387199 1.985119 0.103560
v 7.034399 -0.000886 7.086238
v 7.030536 -0.000886 7.086238
v 6.637486 -0.000886 7.086238
v 6.240574 -0.000886 7.086238
v 6.236711 -0.000886 7.086238
v 5.843662 -0.000886 7.086238
v 5.839798 -0.000886 7.086238
v 5.446749 -0.000886 7.086238
v 5.442885 -0.000886 7.086238
v 5.049836 -0.000886 7.086238
v 4.649061 -0.000886 7.086238
v 7.030536 2.081740 7.086238
v 7.034399 2.080805 7.086238
v 6.637486 2.176958 7.086238
v 6.236711 2.274048 7.086238
v 6.240574 2.273112 7.086238
v 5.839798 2.370201 7.086238
v 5.843662 2.369266 7.086238
v 5.442885 2.466355 7.086238
v 5.446749 2.465420 7.086238
v 5.049836 2.561573 7.086238
v 4.649061 2.658663 7.086238
v 4.652924 2.657727 0.103560
v 5.049837 2.561574 0.103560
v 5.045974 2.562509 0.103560
v 5.446749 2.465420 0.103560
v 5.843662 2.369266 0.103560
v 6.240574 2.273112 0.103560
v 6.236712 2.274048 0.103560
v 6.637486 2.176958 0.103560
v 6.633625 2.177894 0.103560
v 7.034400 2.080805 0.103560
v 7.030537 2.081740 0.103560
v 7.030536 -0.000886 0.103560
v 7.034399 -0.000886 0.103560
v 6.633624 -0.000886 0.103560
v 6.637486 -0.000886 0.103560
v 6.236711 -0.000886 0.103560
v 6.240574 -0.000886 0.103560
v 5.843662 -0.000886 0.103560
v 5.446749 -0.000886 0.103560
v 5.045974 -0.000886 0.103560
v 5.049836 -0.000886 0.103560
v 4.652924 -0.000886 0.103560
v 5.326581 1.962107 7.086238
v 5.442885 1.962107 7.086238
v 5.446749 1.962107 7.086238
v 5.446749 1.962107 7.153238
v 5.326581 1.962107 7.153238
v 5.442885 1.962107 7.153238
v 5.839798 1.962108 7.086238
v 6.177676 1.962107 7.086238
v 5.843662 1.962108 7.086238
v 5.839798 1.962108 7.153238
v 6.177676 1.962107 7.153238
v 5.839798 1.183596 7.086238
v 5.843662 1.183596 7.086238
v 6.177676 1.183596 7.086238
v 6.177676 1.183596 7.153238
v 5.326581 1.183596 7.086238
v 5.442885 1.183596 7.086238
v 5.446749 1.183596 7.086238
v 5.839798 1.183596 7.153238
v 5.843662 1.183596 7.153238
v 5.442885 1.183596 7.153238
v 5.326581 1.183596 7.153238
v 6.651317 -0.000886 7.153238
v 6.637486 -0.000886 7.139408
v 5.460579 -0.000886 7.153238
v 5.446749 -0.000886 7.139408
v 5.045974 -0.000886 7.139408
v 5.032143 -0.000886 7.153238
v 4.666755 -0.000886 7.153238
v 4.652924 -0.000886 7.139408
v 6.637486 2.176958 7.139408
v 6.651317 2.173608 7.153238
v 5.843662 2.369266 7.139408
v 5.857492 2.365916 7.153238
v 5.032143 2.565859 7.153238
v 5.045974 2.562509 7.139408
v 4.652924 2.657727 7.139408
v 4.666755 2.654377 7.153238
v 4.666755 2.654377 0.036560
v 4.652924 2.657727 0.050390
v 5.045974 2.562509 0.050390
v 5.032144 2.565860 0.036560
v 5.857492 2.365916 0.036560
v 5.843662 2.369266 0.050390
v 6.651317 2.173608 0.036560
v 6.637486 2.176958 0.050390
v 7.030537 2.081740 0.050390
v 7.016707 2.085091 0.036560
v 7.016706 -0.000886 0.036560
v 7.030536 -0.000886 0.050390
v 6.637486 -0.000886 0.050390
v 6.651317 -0.000886 0.036560
v 5.843662 -0.000886 0.050390
v 5.857492 -0.000886 0.036560
v 5.032143 -0.000886 0.036560
v 5.045974 -0.000886 0.050390
v 4.652924 -0.000886 0.050390
v 4.666755 -0.000886 0.036560
v 5.857492 1.962108 7.153238
v 5.843662 1.962108 7.139408
v 5.446749 1.183596 7.139408
v 5.460579 1.183596 7.153238
v 6.619528 -0.000886 7.086238
v 6.633624 -0.000886 7.100334
v 5.031878 -0.000886 7.086238
v 5.045974 -0.000886 7.100334
v 4.652924 -0.000886 7.100334
v 4.667019 -0.000886 7.086238
v 6.633624 2.177894 7.100334
v 6.619528 2.181309 7.086238
v 5.045974 2.562509 7.100334
v 5.031878 2.565923 7.086238
v 4.667019 2.654312 7.086238
v 4.652924 2.657727 7.100334
v 4.634966 2.662078 0.103560
v 4.649061 2.658663 0.089465
v 5.428792 2.469770 0.103560
v 5.442887 2.466356 0.089465
v 5.825704 2.373616 0.103560
v 5.839799 2.370202 0.089465
v 5.839798 -0.000886 0.089465
v 5.825703 -0.000886 0.103560
v 5.442885 -0.000886 0.089465
v 5.428790 -0.000886 0.103560
v 4.649061 -0.000886 0.089465
v 4.634966 -0.000886 0.103560
v 4.254080 2.754349 7.188072
v 4.254080 2.754349 -0.093887
v 7.631048 1.915288 7.188072
v 7.631048 1.915288 -0.093887
v 4.267838 2.805640 2.822145
v 7.644804 1.966579 2.822145
v 7.644804 1.966579 2.330184
v 4.267838 2.805640 2.330184
v 7.644804 1.966579 1.844720
v 4.267838 2.805640 1.844720
v 4.267838 2.805640 1.851217
v 7.644804 1.966579 1.851217
v 7.644804 1.966579 1.359256
v 4.267838 2.805640 1.359256
v 4.267838 2.805640 1.365753
v 7.644804 1.966579 1.365753
v 7.644804 1.966579 0.873792
v 4.267838 2.805640 0.873792
v 7.644804 1.966579 0.388328
v 4.267838 2.805640 0.388328
v 4.267838 2.805640 0.394826
v 7.644804 1.966579 0.394826
v 4.267838 2.805640 7.188072
v 7.644804 1.966579 7.188072
v 7.644804 1.966579 -0.093887
v 4.267838 2.805640 -0.093887
v 4.254080 2.754349 5.242968
v 4.254080 2.754349 5.249465
v 4.254080 2.754349 5.734929
v 4.254080 2.754349 6.213896
v 4.254080 2.754349 6.220392
v 4.254080 2.754349 6.705856
v 4.254080 2.754349 4.757504
v 4.254080 2.754349 4.764001
v 4.254080 2.754349 4.272040
v 4.254080 2.754349 4.278537
v 4.254080 2.754349 3.793072
v 4.254080 2.754349 3.301112
v 4.254080 2.754349 3.307609
v 4.254080 2.754349 2.822145
v 4.254080 2.754349 2.330184
v 4.254080 2.754349 2.336681
v 4.254080 2.754349 1.851217
v 4.254080 2.754349 1.359256
v 4.254080 2.754349 1.365753
v 4.254080 2.754349 0.880289
v 4.254080 2.754349 0.388328
v 7.631048 1.915288 6.705856
v 7.631048 1.915288 6.220392
v 7.631048 1.915288 6.213896
v 7.631048 1.915288 5.734929
v 7.631048 1.915288 5.249465
v 7.631048 1.915288 5.242968
v 7.631048 1.915288 4.764001
v 7.631048 1.915288 4.757504
v 7.631048 1.915288 4.278537
v 7.631048 1.915288 4.272040
v 7.631048 1.915288 3.793072
v 7.631048 1.915288 3.307609
v 7.631048 1.915288 3.301112
v 7.631048 1.915288 2.822145
v 7.631048 1.915288 2.336681
v 7.631048 1.915288 2.330184
v 7.631048 1.915288 1.851217
v 7.631048 1.915288 1.365753
v 7.631048 1.915288 1.359256
v 7.631048 1.915288 0.880289
v 7.631048 1.915288 0.388328
v 7.644804 1.966579 3.307609
v 4.267838 2.805640 3.307609
v 4.267838 2.805640 3.301112
v 7.644804 1.966579 3.301112
v 7.644804 1.966579 3.793072
v 4.267838 2.805640 3.793072
v 4.267838 2.805640 3.786576
v 7.644804 1.966579 3.786576
v 7.644804 1.966579 4.278537
v 4.267838 2.805640 4.278537
v 4.267838 2.805640 4.757504
v 7.644804 1.966579 4.757504
v 7.644804 1.966579 5.249465
v 4.267838 2.805640 5.249465
v 4.267838 2.805640 5.242968
v 7.644804 1.966579 5.242968
v 4.267838 2.805640 5.728432
v 7.644804 1.966579 5.728432
v 7.644804 1.966579 6.220392
v 4.267838 2.805640 6.220392
v 7.644804 1.966579 6.705856
v 4.267838 2.805640 6.705856
v 4.267838 2.805640 6.699360
v 7.644804 1.966579 6.699360
v 7.644804 1.966579 2.802799
v 7.641475 1.954166 2.815648
v 4.264508 2.793227 2.815648
v 4.267838 2.805640 2.802799
v 4.267838 2.805640 2.349531
v 4.264508 2.793227 2.336681
v 7.641475 1.954166 2.336681
v 7.644804 1.966579 2.349531
v 4.267838 2.805640 0.893139
v 4.264508 2.793227 0.880289
v 7.641475 1.954166 0.880289
v 7.644804 1.966579 0.893139
v 4.264508 2.793227 4.272040
v 4.267838 2.805640 4.259190
v 7.644804 1.966579 4.259190
v 7.641475 1.954166 4.272040
v 7.641475 1.954166 4.764001
v 7.644804 1.966579 4.776850
v 4.267838 2.805640 4.776850
v 4.264508 2.793227 4.764001
v 7.641475 1.954166 5.734929
v 7.644804 1.966579 5.747778
v 4.267838 2.805640 5.747778
v 4.264508 2.793227 5.734929
v 4.264508 2.793227 6.213896
v 4.267838 2.805640 6.201046
v 7.644804 1.966579 6.201046
v 7.641475 1.954166 6.213896
v 4.254080 2.754349 5.712371
v 4.258242 2.769864 5.728432
v 4.254080 2.754349 6.683299
v 4.258242 2.769864 6.699360
v 4.254080 2.754349 3.770515
v 4.258242 2.769864 3.786576
v 4.254080 2.754349 2.799587
v 4.258242 2.769864 2.815648
v 4.254080 2.754349 1.828660
v 4.258242 2.769864 1.844720
v 4.254080 2.754349 0.857731
v 4.258242 2.769864 0.873792
v 4.258242 2.769864 0.394826
v 4.254080 2.754349 0.410887
v 7.635209 1.930804 6.699360
v 7.631048 1.915288 6.683299
v 7.635209 1.930804 5.728432
v 7.631048 1.915288 5.712371
v 7.635209 1.930804 3.786576
v 7.631048 1.915288 3.770515
v 7.635209 1.930804 2.815648
v 7.631048 1.915288 2.799587
v 7.635209 1.930804 1.844720
v 7.631048 1.915288 1.828660
v 7.635209 1.930804 0.873792
v 7.631048 1.915288 0.857731
v 7.631048 1.915288 0.410887
v 7.635209 1.930804 0.394826
v 5.326581 1.183594 7.184133
v 6.177677 1.183594 7.184133
v 5.326581 1.183594 7.078165
v 6.177677 1.183594 7.078165
v 5.326581 1.252017 7.078165
v 5.326581 1.252017 7.184133
v 6.177677 1.252017 7.184133
v 6.177677 1.252017 7.078165
v 5.326581 1.927674 7.161313
v 6.177677 1.927674 7.161313
v 5.326581 1.927674 7.078165
v 6.177677 1.927674 7.078165
v 5.326581 1.962107 7.078165
v 5.326581 1.962107 7.161313
v 6.177677 1.962107 7.161313
v 6.177677 1.962107 7.078165
v 6.143244 1.927674 7.153238
v 6.143244 1.252017 7.153238
v 6.143244 1.927674 7.086239
v 6.143244 1.252017 7.086239
v 6.177677 1.927674 7.086239
v 6.177677 1.927674 7.153238
v 6.177677 1.252017 7.153238
v 6.177677 1.252017 7.086239
v 5.326581 1.927674 7.153238
v 5.326581 1.252017 7.153238
v 5.326581 1.927674 7.086239
v 5.326581 1.252017 7.086239
v 5.361015 1.927674 7.086239
v 5.361015 1.927674 7.153238
v 5.361015 1.252017 7.153238
v 5.361015 1.252017 7.086239
v 6.126657 1.707402 7.127014
v 6.126657 1.686450 7.127014
v 6.126657 1.493241 7.127014
v 6.126657 1.472289 7.127014
v 5.377601 1.472289 7.127014
v 5.377601 1.493241 7.127014
v 5.377601 1.686450 7.127014
v 5.377601 1.707402 7.127014
v 6.126657 1.707402 7.112463
v 6.126657 1.686450 7.112463
v 6.126657 1.493241 7.112463
v 6.126657 1.472289 7.112463
v 5.377601 1.472289 7.112463
v 5.377601 1.493241 7.112463
v 5.377601 1.686450 7.112463
v 5.377601 1.707402 7.112463
v 5.616810 1.911087 7.128738
v 5.637764 1.911087 7.128738
v 5.866496 1.911087 7.128738
v 5.887448 1.911087 7.128738
v 5.887448 1.268603 7.128738
v 5.866496 1.268603 7.128738
v 5.637764 1.268603 7.128738
v 5.616810 1.268603 7.128738
v 5.887448 1.472289 7.128738
v 5.887448 1.493241 7.128738
v 5.616810 1.911087 7.110738
v 5.637764 1.911087 7.110738
v 5.866496 1.911087 7.110738
v 5.887448 1.911087 7.110738
v 5.887448 1.268603 7.110738
v 5.866496 1.268603 7.110738
v 5.637764 1.268603 7.110738
v 5.616810 1.268603 7.110738
v 5.887448 1.472289 7.110738
v 5.887448 1.493241 7.110738
v 5.361015 1.252017 7.133739
v 6.143244 1.252017 7.133739
v 5.361015 1.927674 7.133739
v 6.143244 1.927674 7.133739
v 5.377601 1.911087 7.133739
v 5.377601 1.268603 7.133739
v 6.126657 1.268603 7.133739
v 6.126657 1.911087 7.133739
v 5.361015 1.252017 7.105739
v 6.143244 1.252017 7.105739
v 5.361015 1.927674 7.105739
v 6.143244 1.927674 7.105739
v 5.377601 1.911087 7.105739
v 5.377601 1.268603 7.105739
v 6.126657 1.268603 7.105739
v 6.126657 1.911087 7.105739
v 7.429380 -0.000886 0.110658
v 7.429380 -0.000886 7.082055
v 7.429380 1.985119 7.082055
v 7.429380 1.985119 0.110658
v 7.429380 -0.000886 0.512513
v 7.429380 -0.000886 0.516098
v 7.429380 -0.000886 0.926844
v 7.429380 -0.000886 1.334005
v 7.429380 -0.000886 1.748335
v 7.429380 -0.000886 2.155496
v 7.429380 -0.000886 2.159081
v 7.429380 -0.000886 2.566242
v 7.429380 -0.000886 2.569827
v 7.429380 -0.000886 2.980573
v 7.429380 -0.000886 3.387733
v 7.429380 -0.000886 3.391319
v 7.429380 -0.000886 3.798480
v 7.429380 -0.000886 3.802064
v 7.429380 -0.000886 4.209225
v 7.429380 -0.000886 4.623556
v 7.429380 -0.000886 5.030717
v 7.429380 -0.000886 5.034302
v 7.429380 -0.000886 5.445048
v 7.429380 -0.000886 5.852209
v 7.429380 -0.000886 5.855793
v 7.429380 -0.000886 6.266539
v 7.429380 -0.000886 6.677285
v 7.429380 1.985119 6.677285
v 7.429380 1.985119 6.266539
v 7.429380 1.985119 5.855793
v 7.429380 1.985119 5.852209
v 7.429380 1.985119 5.445048
v 7.429380 1.985119 5.034302
v 7.429380 1.985119 5.030717
v 7.429380 1.985119 4.623556
v 7.429380 1.985119 4.209226
v 7.429380 1.985119 3.802064
v 7.429380 1.985119 3.798480
v 7.429380 1.985119 3.391319
v 7.429380 1.985119 3.387734
v 7.429380 1.985119 2.980573
v 7.429380 1.985119 2.569827
v 7.429380 1.985119 2.566242
v 7.429380 1.985119 2.159081
v 7.429380 1.985119 2.155496
v 7.429380 1.985119 1.748335
v 7.429380 1.985119 1.334005
v 7.429380 1.985119 0.926844
v 7.429380 1.985119 0.516098
v 7.429380 1.985119 0.512514
v 7.362380 -0.000886 0.110658
v 7.362380 -0.000886 7.082055
v 7.362380 1.985119 7.082055
v 7.362380 1.985119 0.110658
v 7.362380 -0.000886 0.512513
v 7.362380 -0.000886 0.516098
v 7.362380 -0.000886 0.923259
v 7.362380 -0.000886 1.334005
v 7.362380 -0.000886 1.337589
v 7.362380 -0.000886 1.744750
v 7.362380 -0.000886 1.748335
v 7.362380 -0.000886 2.155496
v 7.362380 -0.000886 2.569827
v 7.362380 -0.000886 2.976987
v 7.362380 -0.000886 3.387733
v 7.362380 -0.000886 3.798480
v 7.362380 -0.000886 4.212810
v 7.362380 -0.000886 4.619971
v 7.362380 -0.000886 4.623556
v 7.362380 -0.000886 5.030717
v 7.362380 -0.000886 5.034302
v 7.362380 -0.000886 5.441463
v 7.362380 -0.000886 5.852209
v 7.362380 -0.000886 5.855793
v 7.362380 -0.000886 6.262955
v 7.362380 -0.000886 6.266539
v 7.362380 -0.000886 6.673700
v 7.362380 -0.000886 6.677285
v 7.362380 1.985119 6.677285
v 7.362380 1.985119 6.673700
v 7.362380 1.985119 6.266539
v 7.362380 1.985119 6.262955
v 7.362380 1.985119 5.855793
v 7.362380 1.985119 5.852209
v 7.362380 1.985119 5.441463
v 7.362380 1.985119 5.034302
v 7.362380 1.985119 5.030717
v 7.362380 1.985119 4.623556
v 7.362380 1.985119 4.619971
v 7.362380 1.985119 4.212810
v 7.362380 1.985119 3.798480
v 7.362380 1.985119 3.387734
v 7.362380 1.985119 2.976988
v 7.362380 1.985119 2.569827
v 7.362380 1.985119 2.155496
v 7.362380 1.985119 1.748335
v 7.362380 1.985119 1.744750
v 7.362380 1.985119 1.337590
v 7.362380 1.985119 1.334005
v 7.362380 1.985119 0.923259
v 7.362380 1.985119 0.516098
v 7.362380 1.985119 0.512514
v 7.429380 -0.000886 0.909428
v 7.415550 -0.000886 0.923259
v 7.415550 -0.000886 1.337589
v 7.429380 -0.000886 1.351420
v 7.429380 -0.000886 1.730919
v 7.415550 -0.000886 1.744750
v 7.429380 -0.000886 2.963157
v 7.415550 -0.000886 2.976987
v 7.415550 -0.000886 4.212810
v 7.429380 -0.000886 4.226640
v 7.429380 -0.000886 4.606141
v 7.415550 -0.000886 4.619971
v 7.429380 -0.000886 5.427632
v 7.415550 -0.000886 5.441463
v 7.429380 -0.000886 6.249125
v 7.415550 -0.000886 6.262955
v 7.429380 -0.000886 6.659870
v 7.415550 -0.000886 6.673700
v 7.415550 1.985119 6.673700
v 7.429380 1.985119 6.659870
v 7.415550 1.985119 6.262955
v 7.429380 1.985119 6.249125
v 7.415550 1.985119 5.441463
v 7.429380 1.985119 5.427633
v 7.415550 1.985119 4.619971
v 7.429380 1.985119 4.606142
v 7.429380 1.985119 4.226641
v 7.415550 1.985119 4.212810
v 7.415550 1.985119 2.976988
v 7.429380 1.985119 2.963158
v 7.415550 1.985119 1.744750
v 7.429380 1.985119 1.730920
v 7.429380 1.985119 1.351420
v 7.415550 1.985119 1.337590
v 7.415550 1.985119 0.923259
v 7.429380 1.985119 0.909429
v 7.362380 -0.000886 0.940939
v 7.376475 -0.000886 0.926844
v 7.362380 -0.000886 2.173176
v 7.376475 -0.000886 2.159081
v 7.376475 -0.000886 2.566242
v 7.362380 -0.000886 2.552146
v 7.362380 -0.000886 2.994668
v 7.376475 -0.000886 2.980573
v 7.362380 -0.000886 3.405414
v 7.376475 -0.000886 3.391319
v 7.362380 -0.000886 3.816160
v 7.376475 -0.000886 3.802064
v 7.376475 -0.000886 4.209225
v 7.362380 -0.000886 4.195130
v 7.362380 -0.000886 5.459143
v 7.376475 -0.000886 5.445048
v 7.376475 1.985119 5.445048
v 7.362380 1.985119 5.459143
v 7.362380 1.985119 4.195131
v 7.376475 1.985119 4.209226
v 7.376475 1.985119 3.802064
v 7.362380 1.985119 3.816160
v 7.376475 1.985119 3.391319
v 7.362380 1.985119 3.405414
v 7.376475 1.985119 2.980573
v 7.362380 1.985119 2.994668
v 7.362380 1.985119 2.552146
v 7.376475 1.985119 2.566242
v 7.376475 1.985119 2.159081
v 7.362380 1.985119 2.173176
v 7.376475 1.985119 0.926844
v 7.362380 1.985119 0.940939
v 7.362380 1.985119 7.082055
v 7.429380 1.985119 7.082055
v 7.362380 1.985119 0.112573
v 7.429380 1.985119 0.112573
v 7.362380 1.988203 0.112573
v 7.362380 1.988203 7.082055
v 7.429380 1.988203 7.082055
v 7.429380 1.988203 0.112573
v 7.387199 -0.000887 7.183742
v 7.484098 -0.000887 7.182413
v 7.387199 -0.000887 7.080615
v 7.484098 -0.000887 7.079286
v 7.388034 1.981461 7.080615
v 7.388034 1.981461 7.183742
v 7.483262 1.967909 7.182413
v 7.483262 1.967909 7.079286
v 7.387199 -0.000887 0.111236
v 7.484098 -0.000887 0.109907
v 7.387199 -0.000887 -0.028801
v 7.484098 -0.000887 -0.030131
v 7.388034 1.981461 -0.028801
v 7.388034 1.981461 0.111236
v 7.483262 1.967909 0.109907
v 7.483262 1.967909 -0.030131
v 4.254327 -0.000886 0.036560
v 4.351226 -0.000886 0.035231
v 4.254327 -0.000886 -0.080667
v 4.351226 -0.000886 -0.081995
v 4.255163 2.759476 -0.080667
v 4.255163 2.759476 0.036560
v 4.350390 2.745924 0.035231
v 4.350390 2.745924 -0.081995
v 4.267354 3.213059 -6.035594
v -4.196512 3.213059 -6.035594
v 4.200815 3.391798 -6.035594
v -4.162063 3.391798 -6.035594
v 4.200815 3.391798 -6.024276
v 4.267354 3.213059 -6.024276
v -4.196512 3.213059 -6.024276
v -4.162063 3.391798 -6.024276
v 4.195608 -0.000887 -5.894732
v 4.313046 -0.000887 -5.894732
v 4.195608 -0.000887 -6.091121
v 4.313046 -0.000887 -6.091121
v 4.195608 3.318350 -6.091121
v 4.195608 3.318350 -5.894732
v 4.313046 3.232040 -5.894732
v 4.313046 3.232040 -6.091121
v -4.169014 -0.000887 -5.894732
v -4.286452 -0.000887 -5.894732
v -4.169014 -0.000887 -6.091121
v -4.286452 -0.000887 -6.091121
v -4.169014 3.318350 -6.091121
v -4.169014 3.318350 -5.894732
v -4.286452 3.232040 -5.894732
v -4.286452 3.232040 -6.091121
v -0.364102 3.819843 -5.913514
v 0.390696 3.819843 -5.913514
v -0.364102 3.819843 -6.036178
v 0.390696 3.819843 -6.036178
v -0.364102 3.858634 -6.036178
v -0.364102 3.858634 -5.913514
v 0.390696 3.858634 -5.913514
v 0.390696 3.858634 -6.036178
v -0.364102 4.807238 -5.913514
v 0.390696 4.807238 -5.913514
v -0.364102 4.807238 -6.027035
v 0.390696 4.807238 -6.027035
v -0.364102 4.826042 -6.027035
v -0.364102 4.826042 -5.913514
v 0.390696 4.826042 -5.913514
v 0.390696 4.826042 -6.027035
v -0.364102 4.807238 -5.916276
v -0.364102 3.858634 -5.916276
v -0.364102 4.807238 -6.024276
v -0.364102 3.858634 -6.024276
v -0.317605 4.807238 -6.024276
v -0.317605 4.807238 -5.916276
v -0.317605 3.858634 -5.916276
v -0.317605 3.858634 -6.024276
v 0.344199 4.807238 -5.916276
v 0.344199 3.858634 -5.916276
v 0.344199 4.807238 -6.024276
v 0.344199 3.858634 -6.024276
v 0.390696 4.807238 -6.024276
v 0.390696 4.807238 -5.916276
v 0.390696 3.858634 -5.916276
v 0.390696 3.858634 -6.024276
v -0.317605 3.858635 -5.949652
v 0.344199 3.858635 -5.949652
v -0.317605 4.807237 -5.949652
v 0.344199 4.807237 -5.949652
v -0.302237 4.791868 -5.949652
v -0.302237 3.874003 -5.949652
v 0.328830 3.874003 -5.949652
v 0.328830 4.791868 -5.949652
v -0.317605 3.858635 -5.990651
v 0.344199 3.858635 -5.990651
v -0.317605 4.807237 -5.990651
v 0.344199 4.807237 -5.990651
v -0.302237 4.791868 -5.990651
v -0.302237 3.874003 -5.990651
v 0.328830 3.874003 -5.990651
v 0.328830 4.791868 -5.990651
v -0.302237 4.791868 -5.970152
v -0.302237 3.874003 -5.970152
v 0.328830 3.874003 -5.970152
v 0.328830 4.791868 -5.970152
v 0.328830 4.359907 -5.953151
v 0.328830 4.305964 -5.953151
v -0.302237 4.305964 -5.953151
v -0.302237 4.359907 -5.953151
v 0.328830 4.359907 -5.987152
v 0.328830 4.305964 -5.987152
v -0.302237 4.305964 -5.987152
v -0.302237 4.359907 -5.987152
v 2.171533 -0.000885 0.966533
v 2.065179 -0.000885 0.966533
v 2.171533 -0.000885 0.820520
v 2.065179 -0.000885 0.820520
v 2.171533 2.334075 0.820520
v 2.171533 2.334075 0.966533
v 2.065179 2.334075 0.966533
v 2.065179 2.334075 0.820520
v 1.096959 -0.000885 -2.674722
v 1.096959 -0.000885 -2.781075
v 1.242973 -0.000885 -2.674722
v 1.242973 -0.000885 -2.781075
v 1.242973 2.334075 -2.674722
v 1.096959 2.334075 -2.674722
v 1.096959 2.334075 -2.781075
v 1.242973 2.334075 -2.781075
v -1.740368 -0.000885 -2.674722
v -1.740368 -0.000885 -2.781075
v -1.594354 -0.000885 -2.674722
v -1.594354 -0.000885 -2.781075
v -1.594354 2.334075 -2.674722
v -1.740368 2.334075 -2.674722
v -1.740368 2.334075 -2.781075
v -1.594354 2.334075 -2.781075
v 1.096959 -0.000885 -5.809922
v 1.096959 -0.000885 -5.916276
v 1.242973 -0.000885 -5.809922
v 1.242973 -0.000885 -5.916276
v 1.242973 2.334075 -5.809922
v 1.096959 2.334075 -5.809922
v 1.096959 2.334075 -5.916276
v 1.242973 2.334075 -5.916276
v -1.740368 -0.000885 -5.809922
v -1.740368 -0.000885 -5.916276
v -1.594354 -0.000885 -5.809922
v -1.594354 -0.000885 -5.916276
v -1.594354 2.334075 -5.809922
v -1.740368 2.334075 -5.809922
v -1.740368 2.334075 -5.916276
v -1.594354 2.334075 -5.916276
v 2.078739 -0.000885 -2.674722
v 2.078739 -0.000885 -2.781075
v 2.224753 -0.000885 -2.674722
v 2.224753 -0.000885 -2.781075
v 2.224753 2.334075 -2.674722
v 2.078739 2.334075 -2.674722
v 2.078739 2.334075 -2.781075
v 2.224753 2.334075 -2.781075
v -4.119734 -0.000885 -2.674722
v -4.119734 -0.000885 -2.781075
v -3.973719 -0.000885 -2.674722
v -3.973719 -0.000885 -2.781075
v -3.973719 2.334075 -2.674722
v -4.119734 2.334075 -2.674722
v -4.119734 2.334075 -2.781075
v -3.973719 2.334075 -2.781075
v 4.146327 -0.000885 0.966533
v 4.039974 -0.000885 0.966533
v 4.146327 -0.000885 0.820520
v 4.039974 -0.000885 0.820520
v 4.146327 2.334075 0.820520
v 4.146327 2.334075 0.966533
v 4.039974 2.334075 0.966533
v 4.039974 2.334075 0.820520
v 4.039974 3.389153 -5.839668
v -3.999913 3.389153 -5.839668
v -3.999913 3.194602 -5.839668
v 4.039974 3.194602 -5.839668
v 4.039974 3.194602 -5.916276
v -3.999913 3.194602 -5.916276
v 4.039974 3.389153 -5.916276
v -3.999913 3.389153 -5.916276
v 4.069720 3.404373 7.023715
v 4.069720 3.404373 -5.892357
v 4.069720 3.185560 -5.892357
v 4.069720 3.185560 7.023715
v 4.160148 3.185560 7.023715
v 4.160148 3.185560 -5.892357
v 4.160148 3.340264 7.023715
v 4.160148 3.340264 -5.892357
v -4.043127 3.404373 7.023715
v -4.043127 3.404373 -5.892357
v -4.043127 3.185560 -5.892357
v -4.043127 3.185560 7.023715
v -4.133555 3.185560 7.023715
v -4.133555 3.185560 -5.892357
v -4.133555 3.340264 7.023715
v -4.133555 3.340264 -5.892357
v 4.146327 -0.000885 4.129730
v 4.039974 -0.000885 4.129730
v 4.146327 -0.000885 3.898184
v 4.039974 -0.000885 3.898184
v 4.146327 3.338869 3.898184
v 4.146327 3.338869 4.129730
v 4.039974 3.426856 4.129730
v 4.039974 3.426856 3.898184
v 4.146327 -0.000885 -1.760786
v 4.039974 -0.000885 -1.760786
v 4.146327 -0.000885 -1.992331
v 4.039974 -0.000885 -1.992331
v 4.146327 3.338869 -1.992331
v 4.146327 3.338869 -1.760786
v 4.039974 3.426856 -1.760786
v 4.039974 3.426856 -1.992331
v -4.119732 -0.000885 4.129730
v -4.013379 -0.000885 4.129730
v -4.119732 -0.000885 3.898184
v -4.013379 -0.000885 3.898184
v -4.119732 3.338869 3.898184
v -4.119732 3.338869 4.129730
v -4.013379 3.426856 4.129730
v -4.013379 3.426856 3.898184
v -4.119732 -0.000885 -1.760786
v -4.013379 -0.000885 -1.760786
v -4.119732 -0.000885 -1.992331
v -4.013379 -0.000885 -1.992331
v -4.119732 3.338869 -1.992331
v -4.119732 3.338869 -1.760786
v -4.013379 3.426856 -1.760786
v -4.013379 3.426856 -1.992331
v 4.146327 -0.000885 -5.684729
v 4.039974 -0.000885 -5.684729
v 4.146327 -0.000885 -5.916274
v 4.039974 -0.000885 -5.916274
v 4.146327 3.364265 -5.916274
v 4.146327 3.364265 -5.684729
v 4.039974 3.452252 -5.684729
v 4.039974 3.452252 -5.916274
v -4.119732 -0.000885 -5.684729
v -4.013379 -0.000885 -5.684729
v -4.119732 -0.000885 -5.916274
v -4.013379 -0.000885 -5.916274
v -4.119732 3.364265 -5.916274
v -4.119732 3.364265 -5.684729
v -4.013379 3.452252 -5.684729
v -4.013379 3.452252 -5.916274
v -4.043127 0.864027 7.045238
v -4.043127 0.864027 -5.916276
v -4.043127 0.669476 7.045238
v -4.119732 0.864027 7.045238
v -4.119732 0.864027 -5.916276
v -4.119732 0.669476 7.045238
v -4.119732 0.669476 -5.916276
v -4.043127 0.669476 -5.916276
v 2.048826 4.954808 7.045238
v 2.048826 4.954808 -5.916276
v 2.048826 4.859133 -5.916276
v 2.048826 4.859133 7.045238
v 2.139253 4.859133 7.045238
v 2.139253 4.859133 -5.916276
v 2.139253 4.885416 7.045238
v 2.139253 4.885416 -5.916276
v -2.022232 4.954808 7.045238
v -2.022232 4.954808 -5.916276
v -2.022232 4.859133 -5.916276
v -2.022232 4.859133 7.045238
v -2.112659 4.859133 7.045238
v -2.112659 4.859133 -5.916276
v -2.112659 4.885416 7.045238
v -2.112659 4.885416 -5.916276
v 4.069720 0.864027 3.951189
v 4.069720 0.864027 -5.916276
v 4.069720 0.669476 -5.916276
v 4.069720 0.669476 3.951189
v 4.146327 0.669476 3.951189
v 4.146327 0.669476 -5.916276
v 4.146327 0.864027 3.951189
v 4.146327 0.864027 -5.916276
v -4.117210 2.334075 -2.626277
v -4.117210 2.334075 -5.916276
v -4.117210 2.416296 -5.916276
v -4.117210 2.416296 -2.626277
v 2.031785 2.334075 -2.626277
v 2.031785 2.334075 -5.916276
v 2.031785 2.416296 -2.626277
v 2.031785 2.416296 -5.916276
v 1.419674 2.334075 -5.916276
v 0.815269 2.334075 -5.916276
v 0.187984 2.334075 -5.916276
v -0.427861 2.334075 -5.916276
v -0.416421 2.334075 -5.916276
v -1.043705 2.334075 -5.916276
v -1.659550 2.334075 -5.916276
v -2.275396 2.334075 -5.916276
v -2.263956 2.334075 -5.916276
v -2.891241 2.334075 -5.916276
v -2.879801 2.334075 -5.916276
v -3.507086 2.334075 -5.916276
v 1.431114 2.416296 -5.916276
v 0.803829 2.416296 -5.916276
v 0.199424 2.416296 -5.916276
v 0.187984 2.416296 -5.916276
v -0.416421 2.416296 -5.916276
v -1.043705 2.416296 -5.916276
v -1.648111 2.416296 -5.916276
v -2.275396 2.416296 -5.916276
v -2.879801 2.416296 -5.916276
v -3.507086 2.416296 -5.916276
v -3.507085 2.334075 -2.626277
v -2.879800 2.334075 -2.626277
v -2.891240 2.334075 -2.626277
v -2.263956 2.334075 -2.626277
v -2.275395 2.334075 -2.626277
v -1.659550 2.334075 -2.626277
v -1.043705 2.334075 -2.626277
v -0.416421 2.334075 -2.626277
v -0.427861 2.334075 -2.626277
v 0.187984 2.334075 -2.626277
v 0.815269 2.334075 -2.626277
v 1.419674 2.334075 -2.626277
v -3.507085 2.416296 -2.626277
v -2.879800 2.416296 -2.626277
v -2.275395 2.416296 -2.626277
v -1.648110 2.416296 -2.626277
v -1.043705 2.416296 -2.626277
v -0.416421 2.416296 -2.626277
v 0.187984 2.416296 -2.626277
v 0.199424 2.416296 -2.626277
v 0.803829 2.416296 -2.626277
v 1.431114 2.416296 -2.626277
v 1.401634 2.416296 -5.916276
v 1.419674 2.398256 -5.916276
v 0.815269 2.398256 -5.916276
v 0.833308 2.416296 -5.916276
v -0.445900 2.416296 -5.916276
v -0.427861 2.398256 -5.916276
v -1.032266 2.398256 -5.916276
v -1.014227 2.416296 -5.916276
v -1.677590 2.416296 -5.916276
v -1.659550 2.398256 -5.916276
v -2.263956 2.398256 -5.916276
v -2.245916 2.416296 -5.916276
v -2.909280 2.416296 -5.916276
v -2.891241 2.398256 -5.916276
v -3.495645 2.398256 -5.916276
v -3.477606 2.416296 -5.916276
v -3.477605 2.416296 -2.626277
v -3.495645 2.398256 -2.626277
v -2.891240 2.398256 -2.626277
v -2.909280 2.416296 -2.626277
v -2.245916 2.416296 -2.626277
v -2.263956 2.398256 -2.626277
v -1.659550 2.398256 -2.626277
v -1.677590 2.416296 -2.626277
v -1.014226 2.416296 -2.626277
v -1.032266 2.398256 -2.626277
v -0.427861 2.398256 -2.626277
v -0.445900 2.416296 -2.626277
v 0.833308 2.416296 -2.626277
v 0.815269 2.398256 -2.626277
v 1.419674 2.398256 -2.626277
v 1.401634 2.416296 -2.626277
v 1.450897 2.334075 -5.916276
v 1.431114 2.353858 -5.916276
v 0.803829 2.353858 -5.916276
v 0.784046 2.334075 -5.916276
v 0.219207 2.334075 -5.916276
v 0.199424 2.353858 -5.916276
v -1.012483 2.334075 -5.916276
v -1.032266 2.353858 -5.916276
v -1.628328 2.334075 -5.916276
v -1.648111 2.353858 -5.916276
v -3.475863 2.334075 -5.916276
v -3.495645 2.353858 -5.916276
v -3.495645 2.353858 -2.626277
v -3.475863 2.334075 -2.626277
v -1.648110 2.353858 -2.626277
v -1.628328 2.334075 -2.626277
v -1.032266 2.353858 -2.626277
v -1.012483 2.334075 -2.626277
v 0.199424 2.353858 -2.626277
v 0.219207 2.334075 -2.626277
v 0.784046 2.334075 -2.626277
v 0.803829 2.353858 -2.626277
v 1.431114 2.353858 -2.626277
v 1.450897 2.334075 -2.626277
v 4.148316 3.213058 7.001299
v -4.124289 3.213058 7.001299
v 4.148316 3.391798 7.001299
v -4.124289 3.391798 7.001299
v 4.148316 3.391798 7.045239
v 4.148316 3.213058 7.045239
v -4.124289 3.213058 7.045239
v -4.124289 3.391798 7.045239
v -4.119734 2.334075 -5.824866
v -4.119734 2.334075 -5.901332
v -4.119734 2.282142 -5.824866
v -4.119734 2.282142 -5.901332
v 4.146327 2.282142 -5.824866
v 4.146327 2.334075 -5.824866
v 4.146327 2.334075 -5.901332
v 4.146327 2.282142 -5.901332
v -4.119734 2.334075 -2.696149
v -4.119734 2.334075 -2.770543
v -4.119734 2.282142 -2.696149
v -4.119734 2.282142 -2.770543
v 4.146327 2.282142 -2.696149
v 4.146327 2.334075 -2.696149
v 4.146327 2.334075 -2.770543
v 4.146327 2.282142 -2.770543
v 3.721803 2.317666 -5.824866
v 3.828157 2.317666 -5.824866
v 3.721803 2.289024 -5.824866
v 3.828157 2.289024 -5.824866
v 3.721803 2.289024 0.849581
v 3.721803 2.317666 0.849581
v 3.828156 2.317666 0.849580
v 3.828156 2.289024 0.849580
v 2.171533 2.334075 0.946595
v 2.171533 2.334075 0.840242
v 2.171533 2.282142 0.946595
v 2.171533 2.282142 0.840242
v 4.146327 2.282142 0.946595
v 4.146327 2.334075 0.946595
v 4.146327 2.334075 0.840242
v 4.146327 2.282142 0.840242
v -2.757450 2.334075 -5.824866
v -2.651097 2.334075 -5.824866
v -2.757450 2.305433 -5.824866
v -2.651097 2.305433 -5.824866
v -2.757451 2.305433 -2.770543
v -2.757451 2.334075 -2.770543
v -2.651097 2.334075 -2.770543
v -2.651097 2.305433 -2.770543
v 2.541903 2.317666 -5.824866
v 2.648257 2.317666 -5.824866
v 2.541903 2.289024 -5.824866
v 2.648257 2.289024 -5.824866
v 2.541903 2.289024 0.849581
v 2.541903 2.317666 0.849581
v 2.648256 2.317666 0.849580
v 2.648256 2.289024 0.849580
v -4.119734 2.334075 -4.211802
v -4.119734 2.334075 -4.318156
v -4.119734 2.282142 -4.211802
v -4.119734 2.282142 -4.318156
v 4.146327 2.282142 -4.211802
v 4.146327 2.334075 -4.211802
v 4.146327 2.334075 -4.318156
v 4.146327 2.282142 -4.318156
v 4.143804 2.334075 -5.916276
v 4.143804 2.416296 -5.916276
v 2.041239 2.334075 -5.916276
v 2.041239 2.416296 -5.916276
v 2.041239 2.334075 0.986326
v 4.143804 2.334075 0.986326
v 2.041239 2.416296 0.986326
v 4.143804 2.416296 0.986326
v 4.143804 2.334075 -2.724170
v 4.143804 2.334075 -2.705781
v 4.143804 2.416296 -2.705781
v 4.143804 2.416296 -2.724170
v 2.041239 2.334075 -2.705781
v 2.041239 2.334075 -2.724170
v 2.041239 2.416296 -2.724170
v 2.041239 2.416296 -2.705781
v 3.437229 2.334075 0.986326
v 3.098241 2.334075 0.986326
v 3.086802 2.334075 0.986326
v 2.747814 2.334075 0.986326
v 2.736374 2.334075 0.986326
v 2.385946 2.334075 0.986326
v 3.787657 2.334075 0.986326
v 2.385946 2.416296 0.986326
v 2.747814 2.416296 0.986326
v 3.086802 2.416296 0.986326
v 3.448669 2.416296 0.986326
v 3.437229 2.416296 0.986326
v 3.787657 2.416296 0.986326
v 3.787657 2.334075 -2.705781
v 3.437229 2.334075 -2.705781
v 3.086802 2.334075 -2.705781
v 3.098241 2.334075 -2.705781
v 2.736374 2.334075 -2.705781
v 2.747814 2.334075 -2.705781
v 2.385946 2.334075 -2.705781
v 2.385946 2.416296 -2.705781
v 2.747814 2.416296 -2.705781
v 3.086802 2.416296 -2.705781
v 3.437229 2.416296 -2.705781
v 3.448669 2.416296 -2.705781
v 3.787657 2.416296 -2.705781
v 3.787657 2.334075 -5.916276
v 3.799096 2.334075 -5.916276
v 3.437229 2.334075 -5.916276
v 3.448669 2.334075 -5.916276
v 3.098241 2.334075 -5.916276
v 2.736374 2.334075 -5.916276
v 2.385946 2.334075 -5.916276
v 2.397386 2.334075 -5.916276
v 3.799096 2.416296 -5.916276
v 3.448669 2.416296 -5.916276
v 3.437229 2.416296 -5.916276
v 3.098241 2.416296 -5.916276
v 2.736374 2.416296 -5.916276
v 2.397386 2.416296 -5.916276
v 2.385946 2.416296 -5.916276
v 2.385946 2.334075 -2.724170
v 2.397386 2.334075 -2.724170
v 2.736374 2.334075 -2.724170
v 3.098241 2.334075 -2.724170
v 3.437229 2.334075 -2.724170
v 3.448669 2.334075 -2.724170
v 3.787657 2.334075 -2.724170
v 3.799096 2.334075 -2.724170
v 3.799096 2.416296 -2.724170
v 3.448669 2.416296 -2.724170
v 3.437229 2.416296 -2.724170
v 3.098241 2.416296 -2.724170
v 2.736374 2.416296 -2.724170
v 2.397386 2.416296 -2.724170
v 2.385946 2.416296 -2.724170
v 2.414043 2.416296 0.986326
v 2.397386 2.399639 0.986326
v 2.736374 2.399639 0.986326
v 2.719717 2.416296 0.986326
v 3.114898 2.416296 0.986326
v 3.098241 2.399639 0.986326
v 3.815753 2.416296 0.986326
v 3.799096 2.399639 0.986326
v 2.397386 2.399639 -2.705781
v 2.414043 2.416296 -2.705781
v 2.719717 2.416296 -2.705781
v 2.736374 2.399639 -2.705781
v 3.098241 2.399639 -2.705781
v 3.114898 2.416296 -2.705781
v 3.799096 2.399639 -2.705781
v 3.815753 2.416296 -2.705781
v 3.771000 2.416296 -5.916276
v 3.787657 2.399639 -5.916276
v 3.070145 2.416296 -5.916276
v 3.086802 2.399639 -5.916276
v 2.747814 2.399639 -5.916276
v 2.764471 2.416296 -5.916276
v 3.787657 2.399639 -2.724170
v 3.771000 2.416296 -2.724170
v 3.086802 2.399639 -2.724170
v 3.070145 2.416296 -2.724170
v 2.764471 2.416296 -2.724170
v 2.747814 2.399639 -2.724170
v 3.448669 2.350763 0.986326
v 3.465357 2.334075 0.986326
v 2.397386 2.350763 0.986326
v 2.414074 2.334075 0.986326
v 3.799096 2.350763 0.986326
v 3.815784 2.334075 0.986326
v 3.815784 2.334075 -2.705781
v 3.799096 2.350763 -2.705781
v 3.465357 2.334075 -2.705781
v 3.448669 2.350763 -2.705781
v 2.414074 2.334075 -2.705781
v 2.397386 2.350763 -2.705781
v 3.086802 2.350763 -5.916276
v 3.070114 2.334075 -5.916276
v 2.764502 2.334075 -5.916276
v 2.747814 2.350763 -5.916276
v 2.747814 2.350763 -2.724170
v 2.764502 2.334075 -2.724170
v 3.070114 2.334075 -2.724170
v 3.086802 2.350763 -2.724170
v 2.298499 2.763228 0.887052
v 2.401673 2.763228 0.887052
v 2.298499 2.653185 0.852367
v 2.401673 2.653185 0.852367
v 2.298499 -0.004479 2.351305
v 2.298499 -0.019544 2.456551
v 2.401673 -0.019544 2.456551
v 2.401673 -0.004479 2.351305
v 3.000597 2.763228 0.887052
v 3.103770 2.763228 0.887052
v 3.000597 2.653185 0.852367
v 3.103770 2.653185 0.852367
v 3.000597 -0.004479 2.351305
v 3.000597 -0.019544 2.456551
v 3.103770 -0.019544 2.456551
v 3.103770 -0.004479 2.351305
v 2.341719 0.273958 2.276031
v 3.040116 0.273958 2.276031
v 2.341719 0.363508 2.226896
v 3.040116 0.363508 2.226896
v 2.341719 0.336649 2.177946
v 2.341719 0.247099 2.227081
v 3.040116 0.247099 2.227081
v 3.040116 0.336649 2.177946
v 2.341719 0.595174 2.092778
v 3.040116 0.595174 2.092778
v 2.341719 0.684724 2.043643
v 3.040116 0.684724 2.043643
v 2.341719 0.657865 1.994692
v 2.341719 0.568315 2.043828
v 3.040116 0.568315 2.043828
v 3.040116 0.657865 1.994692
v 2.341719 0.916390 1.909525
v 3.040116 0.916390 1.909525
v 2.341719 1.005940 1.860390
v 3.040116 1.005940 1.860390
v 2.341719 0.979081 1.811439
v 2.341719 0.889531 1.860574
v 3.040116 0.889531 1.860574
v 3.040116 0.979081 1.811439
v 2.341719 1.237606 1.726272
v 3.040116 1.237606 1.726272
v 2.341719 1.327156 1.677137
v 3.040116 1.327156 1.677137
v 2.341719 1.300297 1.628186
v 2.341719 1.210747 1.677321
v 3.040116 1.210747 1.677321
v 3.040116 1.300297 1.628186
v 2.341719 1.558822 1.543019
v 3.040116 1.558822 1.543019
v 2.341719 1.648372 1.493884
v 3.040116 1.648372 1.493884
v 2.341719 1.621513 1.444933
v 2.341719 1.531963 1.494068
v 3.040116 1.531963 1.494068
v 3.040116 1.621513 1.444933
v 2.341719 1.880038 1.359766
v 3.040116 1.880038 1.359766
v 2.341719 1.969588 1.310631
v 3.040116 1.969588 1.310631
v 2.341719 1.942729 1.261680
v 2.341719 1.853180 1.310814
v 3.040116 1.853180 1.310814
v 3.040116 1.942729 1.261680
v 2.341719 2.201255 1.176512
v 3.040116 2.201255 1.176512
v 2.341719 2.290805 1.127378
v 3.040116 2.290805 1.127378
v 2.341719 2.263946 1.078426
v 2.341719 2.174396 1.127561
v 3.040116 2.174396 1.127561
v 3.040116 2.263946 1.078426
v 2.341719 2.522471 0.993259
v 3.040116 2.522471 0.993259
v 2.341719 2.612021 0.944124
v 3.040116 2.612021 0.944124
v 2.341719 2.585162 0.895173
v 2.341719 2.495612 0.944308
v 3.040116 2.495612 0.944308
v 3.040116 2.585162 0.895173
v 4.146327 -0.000885 7.045238
v 4.039973 -0.000885 7.045238
v 4.146327 -0.000885 6.813693
v 4.039973 -0.000885 6.813693
v 4.146327 3.364265 6.813693
v 4.146327 3.364265 7.045238
v 4.039973 3.452252 7.045238
v 4.039973 3.452252 6.813693
v -4.119733 -0.000885 7.045238
v -4.013380 -0.000885 7.045238
v -4.119733 -0.000885 6.813693
v -4.013380 -0.000885 6.813693
v -4.119733 3.364265 6.813693
v -4.119733 3.364265 7.045238
v -4.013380 3.452252 7.045238
v -4.013380 3.452252 6.813693
v 4.254327 2.689731 0.103560
v 4.350871 2.689731 0.103560
v 4.254327 2.729065 0.103560
v 4.350871 2.729065 0.103560
v 4.254327 2.729064 7.085974
v 4.254327 2.689731 7.085974
v 4.350871 2.689731 7.085974
v 4.350871 2.729064 7.085974
v 7.265835 1.947128 0.103560
v 7.362380 1.947128 0.103560
v 7.265835 1.986462 0.103560
v 7.362380 1.986462 0.103560
v 7.265835 1.986462 7.086238
v 7.265835 1.947128 7.086238
v 7.362380 1.947128 7.086238
v 7.362380 1.986462 7.086238
v 4.254327 -0.000884 0.177101
v 4.332129 -0.000884 0.177101
v 4.332129 -0.000884 0.099298
v 4.254327 2.689731 0.177101
v 4.332129 2.689731 0.177101
v 4.332129 2.689731 0.099298
v 4.332129 -0.000884 7.086238
v 4.254327 -0.000884 7.008436
v 4.332129 -0.000884 7.008436
v 4.254327 2.689731 7.008436
v 4.332129 2.689731 7.086238
v 4.332129 2.689731 7.008436
v 4.254327 -0.000884 0.099298
v 4.254327 2.689731 0.099298
v 7.284578 -0.000884 0.177101
v 7.362381 -0.000884 0.177101
v 7.284578 -0.000884 0.099298
v 7.284578 1.947128 0.099298
v 7.284578 1.947128 0.177101
v 7.362381 1.947128 0.177101
v 7.284578 -0.000884 7.086239
v 7.284578 -0.000884 7.008436
v 7.362381 -0.000884 7.008436
v 7.284578 1.947128 7.008436
v 7.284578 1.947128 7.086239
v 7.362381 1.947128 7.008436
v -4.119732 0.001872 7.153238
v 4.254327 0.001872 7.153238
v -4.119732 0.001872 -5.921784
v 4.254327 0.001872 -5.921784
v 4.254327 0.001872 0.097190
v 7.429379 0.001872 7.153238
v 7.429379 0.001872 0.097190
vn -0.0000 1.0000 -0.0000
vn 1.0000 -0.0000 -0.0000
vn -1.0000 -0.0000 -0.0000
vn -0.0000 -0.0000 -1.0000
vn -0.0000 -0.0000 1.0000
vn -0.0000 -1.0000 -0.0000
vn 0.0006 -0.0000 -1.0000
vn 1.0000 0.0004 -0.0000
vn -1.0000 0.0004 -0.0000
vn -0.7072 -0.0000 0.7070
vn 0.7071 -0.0000 0.7071
vn -0.7071 -0.0000 0.7071
vn 0.7070 -0.0000 0.7072
vn 0.7071 -0.0000 -0.7071
vn -0.7071 -0.0000 -0.7071
vn 0.7072 -0.0000 -0.7070
vn 0.7072 -0.0000 -0.7071
vn -0.7072 -0.0000 -0.7071
vn -0.7071 -0.0000 -0.7072
vn -0.2982 -0.9545 -0.0000
vn 0.3888 -0.9213 -0.0000
vn 0.2982 0.9545 -0.0000
vn -0.3888 0.9213 -0.0000
vn -1.0000 0.0001 -0.0000
vn -1.0000 0.0005 -0.0000
vn 0.7933 -0.6088 -0.0000
vn -0.6088 -0.7933 -0.0000
vn 0.6088 0.7933 -0.0000
vn 0.4305 0.5610 0.7071
vn 0.4305 0.5610 -0.7071
vn 0.4304 0.5610 -0.7071
vn -0.4305 -0.5610 0.7071
vn -0.4305 -0.5610 -0.7071
vn -0.7933 -0.6088 -0.0000
vn 0.6088 -0.7933 -0.0000
vn -0.6088 0.7933 -0.0000
vn -0.4305 0.5610 0.7071
vn -0.4304 0.5609 -0.7071
vn -0.4305 0.5610 -0.7071
vn -0.4304 0.5610 -0.7071
vn -0.4304 0.5610 0.7071
vn 0.4305 -0.5610 0.7071
vn 0.4305 -0.5610 -0.7071
vn -0.2411 -0.9705 -0.0000
vn -0.9659 0.2591 -0.0000
vn 0.2411 0.9705 -0.0000
vn 0.9659 -0.2591 -0.0000
vn 0.9659 -0.2590 -0.0000
vn 0.1705 0.6863 0.7071
vn 0.1705 0.6862 -0.7071
vn 0.1705 0.6862 0.7071
vn -0.1705 -0.6862 -0.7071
vn -0.1705 -0.6862 0.7071
vn -0.0137 -0.0000 -0.9999
vn 0.0139 -0.0000 0.9999
vn 1.0000 0.0003 -0.0000
vn -1.0000 0.0003 -0.0000
vn 0.5784 0.8158 -0.0000
vn -0.5784 0.8158 -0.0000
vn 0.6374 0.7705 -0.0000
vn -0.6374 0.7705 -0.0000
vn -0.7071 0.7071 -0.0000
vn 0.7071 0.7071 -0.0000
vn -0.7071 -0.7071 -0.0000
vn 0.7071 -0.7071 -0.0000
vn -0.0000 0.3006 -0.9537
vn -0.0000 -0.4913 -0.8710
vn -0.0000 0.4913 0.8710
vn -0.0000 0.4810 0.8767
vn -0.0000 -0.4810 -0.8767
vn -0.0000 0.8767 -0.4810
vn -0.0000 -0.8767 0.4810
vn 0.7071 -0.0000 0.7072
vn -0.7070 -0.0000 0.7072
vn -0.7071 -0.0000 0.7072
vn 0.7072 -0.0000 0.7071
vn -0.7072 -0.0000 0.7071
vn 0.7071 -0.0000 -0.7072
vn 0.4305 0.5609 0.7071
vn -0.4304 -0.5610 0.7071
vn -0.4304 0.5609 0.7072
vn -0.4305 0.5609 -0.7071
vn -0.4305 0.5609 0.7071
vn -0.9659 0.2590 -0.0000
vn 0.1705 0.6863 -0.7071
vn -0.0005 -0.0000 -1.0000
vn -0.0001 -0.0000 -1.0000
vn -0.0139 -0.0000 -0.9999
vn 0.0137 -0.0000 0.9999
vn -0.0140 -0.0000 -0.9999
vt 0.610631 0.923591
vt 0.610673 0.923591
vt 0.610631 0.878672
vt 0.610673 0.878672
vt 0.610036 0.923591
vt 0.610079 0.923591
vt 0.610079 0.878672
vt 0.610036 0.878672
vt 0.612526 0.943960
vt 0.613162 0.943960
vt 0.613162 0.941182
vt 0.612526 0.941182
vt 0.066864 0.832652
vt 0.066864 0.914393
vt 0.066855 0.832652
vt 0.066855 0.914393
vt 0.066568 0.914393
vt 0.066568 0.832652
vt 0.066576 0.914393
vt 0.066576 0.832652
vt 0.065378 0.891764
vt 0.066473 0.968150
vt 0.066473 0.891764
vt 0.065378 0.968150
vt 0.616101 0.822381
vt 0.616092 0.853221
vt 0.616092 0.822381
vt 0.574964 0.811988
vt 0.575028 0.899994
vt 0.575028 0.811988
vt 0.574742 0.875140
vt 0.574742 0.811988
vt 0.567390 0.810144
vt 0.567413 0.885087
vt 0.567413 0.810144
vt 0.574734 0.876198
vt 0.574734 0.848037
vt 0.598676 0.861849
vt 0.598676 0.816920
vt 0.574917 0.906325
vt 0.574872 0.848037
vt 0.574917 0.848037
vt 0.567361 0.893146
vt 0.567347 0.840984
vt 0.567361 0.840984
vt 0.600541 0.891672
vt 0.600534 0.882156
vt 0.600534 0.865542
vt 0.600612 0.818278
vt 0.600612 0.879780
vt 0.575610 0.867172
vt 0.575538 0.811988
vt 0.575610 0.811988
vt 0.567571 0.860843
vt 0.567549 0.810144
vt 0.567571 0.810144
vt 0.575466 0.875299
vt 0.575395 0.811988
vt 0.575466 0.811988
vt 0.598681 0.816920
vt 0.598681 0.859338
vt 0.567503 0.871233
vt 0.567481 0.810144
vt 0.567503 0.810144
vt 0.575250 0.887444
vt 0.575180 0.811988
vt 0.575250 0.811988
vt 0.567338 0.810144
vt 0.567356 0.894065
vt 0.567356 0.810144
vt 0.575545 0.811988
vt 0.616198 0.861750
vt 0.616202 0.861750
vt 0.616194 0.872376
vt 0.574963 0.903639
vt 0.574918 0.848037
vt 0.574963 0.848037
vt 0.567553 0.810144
vt 0.567573 0.860497
vt 0.567573 0.810144
vt 0.567356 0.810144
vt 0.567373 0.891308
vt 0.567373 0.810144
vt 0.616261 0.865806
vt 0.616252 0.822381
vt 0.616261 0.822381
vt 0.567411 0.810144
vt 0.567431 0.882316
vt 0.567431 0.810144
vt 0.616150 0.822381
vt 0.616150 0.863979
vt 0.567452 0.810144
vt 0.567472 0.876082
vt 0.567472 0.810144
vt 0.616140 0.862211
vt 0.616140 0.822381
vt 0.575287 0.811988
vt 0.575351 0.881777
vt 0.575351 0.811988
vt 0.575286 0.885420
vt 0.575286 0.811988
vt 0.574457 0.848037
vt 0.574412 0.903639
vt 0.574412 0.848037
vt 0.616329 0.853221
vt 0.616319 0.822381
vt 0.616329 0.822381
vt 0.567318 0.840984
vt 0.567304 0.865076
vt 0.567304 0.840984
vt 0.567217 0.888551
vt 0.567234 0.810144
vt 0.567217 0.810144
vt 0.574596 0.876198
vt 0.574596 0.848037
vt 0.567194 0.885087
vt 0.567217 0.810144
vt 0.567194 0.810144
vt 0.567171 0.810144
vt 0.567149 0.878160
vt 0.567149 0.810144
vt 0.574598 0.848037
vt 0.574641 0.876198
vt 0.574598 0.876198
vt 0.598606 0.876326
vt 0.598606 0.839621
vt 0.567268 0.865076
vt 0.567268 0.884385
vt 0.567260 0.895444
vt 0.574125 0.887444
vt 0.574125 0.811988
vt 0.573837 0.811988
vt 0.573766 0.867172
vt 0.573766 0.811988
vt 0.573980 0.811988
vt 0.573910 0.875299
vt 0.573910 0.811988
vt 0.598568 0.859338
vt 0.598568 0.816920
vt 0.567126 0.810144
vt 0.567104 0.871233
vt 0.567104 0.810144
vt 0.598574 0.816920
vt 0.598574 0.861849
vt 0.574522 0.910085
vt 0.574577 0.811988
vt 0.574522 0.811988
vt 0.574642 0.848037
vt 0.574687 0.876198
vt 0.574642 0.876198
vt 0.573830 0.811988
vt 0.567286 0.810144
vt 0.567286 0.864170
vt 0.574687 0.811988
vt 0.574633 0.875140
vt 0.574687 0.875140
vt 0.567054 0.863562
vt 0.567054 0.810144
vt 0.567251 0.894012
vt 0.567251 0.810144
vt 0.574688 0.811988
vt 0.574688 0.875140
vt 0.567156 0.879199
vt 0.567176 0.810144
vt 0.567156 0.810144
vt 0.574154 0.889064
vt 0.574217 0.811988
vt 0.574154 0.811988
vt 0.574089 0.885420
vt 0.574153 0.811988
vt 0.574089 0.811988
vt 0.574346 0.899933
vt 0.574346 0.811988
vt 0.573960 0.878133
vt 0.574023 0.811988
vt 0.573960 0.811988
vt 0.574909 0.811988
vt 0.574963 0.811988
vt 0.600594 0.882715
vt 0.600594 0.818278
vt 0.567436 0.810144
vt 0.567458 0.878160
vt 0.567458 0.810144
vt 0.574779 0.876198
vt 0.574779 0.848037
vt 0.616198 0.853542
vt 0.567553 0.863562
vt 0.575223 0.811988
vt 0.567533 0.866731
vt 0.567513 0.810144
vt 0.567533 0.810144
vt 0.574457 0.906262
vt 0.567318 0.865076
vt 0.574641 0.848037
vt 0.567216 0.888498
vt 0.598610 0.839621
vt 0.574504 0.909010
vt 0.574549 0.848037
vt 0.574504 0.848037
vt 0.567036 0.860843
vt 0.567058 0.810144
vt 0.567036 0.810144
vt 0.567278 0.878400
vt 0.567286 0.878400
vt 0.567269 0.896823
vt 0.574633 0.811988
vt 0.567034 0.860497
vt 0.567034 0.810144
vt 0.567234 0.891308
vt 0.567234 0.810144
vt 0.574283 0.896351
vt 0.574283 0.811988
vt 0.567115 0.810144
vt 0.567095 0.869848
vt 0.567095 0.810144
vt 0.575538 0.871190
vt 0.574687 0.891773
vt 0.574687 0.919691
vt 0.567037 0.860911
vt 0.567037 0.810144
vt 0.567391 0.888498
vt 0.567303 0.884385
vt 0.567303 0.902283
vt 0.574962 0.903728
vt 0.574962 0.811988
vt 0.617315 0.855151
vt 0.617315 0.866936
vt 0.617312 0.865640
vt 0.617312 0.855151
vt 0.574964 0.903577
vt 0.574915 0.906426
vt 0.574915 0.848037
vt 0.574918 0.906262
vt 0.574872 0.908948
vt 0.600541 0.844813
vt 0.567347 0.895390
vt 0.574779 0.898769
vt 0.574779 0.914382
vt 0.600529 0.865542
vt 0.600529 0.844813
vt 0.574777 0.848037
vt 0.574777 0.876198
vt 0.600612 0.879839
vt 0.600595 0.818278
vt 0.600612 0.818278
vt 0.567549 0.864254
vt 0.575395 0.879287
vt 0.575464 0.875398
vt 0.575464 0.811988
vt 0.598681 0.859388
vt 0.598676 0.816920
vt 0.598681 0.816920
vt 0.567290 0.900110
vt 0.567290 0.884385
vt 0.567481 0.874645
vt 0.575181 0.811988
vt 0.575249 0.887543
vt 0.575249 0.811988
vt 0.567436 0.881571
vt 0.567458 0.878228
vt 0.567458 0.810144
vt 0.575180 0.891432
vt 0.574127 0.887543
vt 0.574196 0.811988
vt 0.574127 0.811988
vt 0.616194 0.822381
vt 0.616202 0.853542
vt 0.616202 0.822381
vt 0.567338 0.896769
vt 0.567356 0.894012
vt 0.574909 0.906799
vt 0.616202 0.873935
vt 0.567411 0.885381
vt 0.616149 0.822381
vt 0.616140 0.862253
vt 0.616140 0.822381
vt 0.567452 0.879147
vt 0.575285 0.885507
vt 0.575285 0.811988
vt 0.575223 0.889003
vt 0.575287 0.885359
vt 0.567532 0.866805
vt 0.567532 0.810144
vt 0.567513 0.869796
vt 0.616101 0.854989
vt 0.616252 0.867574
vt 0.575545 0.870785
vt 0.574414 0.903741
vt 0.574455 0.848037
vt 0.574414 0.848037
vt 0.598606 0.876378
vt 0.598606 0.839621
vt 0.598610 0.877978
vt 0.574505 0.909093
vt 0.574505 0.848037
vt 0.574549 0.911633
vt 0.567260 0.840984
vt 0.567274 0.884385
vt 0.567274 0.897688
vt 0.574268 0.895541
vt 0.574268 0.811988
vt 0.574641 0.898769
vt 0.574641 0.917005
vt 0.574339 0.811988
vt 0.574339 0.899529
vt 0.573911 0.875398
vt 0.573911 0.811988
vt 0.573837 0.871190
vt 0.567058 0.864254
vt 0.567104 0.871317
vt 0.567104 0.810144
vt 0.573980 0.879287
vt 0.574126 0.887524
vt 0.574126 0.811988
vt 0.598574 0.816920
vt 0.598568 0.859388
vt 0.598568 0.816920
vt 0.567126 0.874645
vt 0.574270 0.895621
vt 0.574270 0.811988
vt 0.574196 0.891432
vt 0.574337 0.811988
vt 0.567171 0.881571
vt 0.574577 0.913245
vt 0.567278 0.864170
vt 0.567269 0.810144
vt 0.567234 0.891254
vt 0.574345 0.811988
vt 0.567235 0.891385
vt 0.567251 0.810144
vt 0.567235 0.810144
vt 0.574633 0.891773
vt 0.574633 0.916530
vt 0.567176 0.882264
vt 0.574217 0.892646
vt 0.574153 0.889003
vt 0.567114 0.810144
vt 0.574023 0.881716
vt 0.616319 0.854989
vt 0.567115 0.872913
vt 0.573830 0.870785
vt 0.567053 0.810144
vt 0.567034 0.860570
vt 0.567053 0.863488
vt 0.574596 0.914382
vt 0.574778 0.848037
vt 0.574736 0.876198
vt 0.574736 0.848037
vt 0.574644 0.848037
vt 0.574685 0.876198
vt 0.574685 0.848037
vt 0.600529 0.882156
vt 0.600529 0.893602
vt 0.574734 0.898769
vt 0.574734 0.917005
vt 0.567274 0.865076
vt 0.567274 0.840984
vt 0.574596 0.898769
vt 0.574733 0.898769
vt 0.574733 0.917068
vt 0.567289 0.900039
vt 0.567289 0.884385
vt 0.574688 0.898769
vt 0.574688 0.919691
vt 0.574686 0.891773
vt 0.574686 0.919601
vt 0.617312 0.855151
vt 0.617312 0.865602
vt 0.567286 0.899526
vt 0.600595 0.818278
vt 0.600612 0.879853
vt 0.600612 0.818278
vt 0.574690 0.919608
vt 0.574690 0.898769
vt 0.574778 0.876198
vt 0.598676 0.861799
vt 0.600595 0.882657
vt 0.598574 0.861799
vt 0.574732 0.898769
vt 0.574732 0.917150
vt 0.574690 0.811988
vt 0.574690 0.875140
vt 0.616149 0.863936
vt 0.567251 0.893935
vt 0.574345 0.899847
vt 0.567114 0.872839
vt 0.567034 0.810144
vt 0.567285 0.864170
vt 0.567285 0.810144
vt 0.574741 0.875140
vt 0.574741 0.811988
vt 0.574687 0.848037
vt 0.575181 0.891333
vt 0.600595 0.882643
vt 0.574455 0.906160
vt 0.574337 0.899430
vt 0.239458 0.958680
vt 0.239535 0.810990
vt 0.239458 0.810990
vt 0.584880 0.907698
vt 0.584870 0.841104
vt 0.584880 0.841104
vt 0.580785 0.844894
vt 0.580785 0.872633
vt 0.580778 0.903825
vt 0.584836 0.907698
vt 0.584821 0.841104
vt 0.584836 0.841104
vt 0.580757 0.903825
vt 0.580737 0.811945
vt 0.580757 0.811945
vt 0.580716 0.903825
vt 0.580696 0.811945
vt 0.580716 0.811945
vt 0.584776 0.907698
vt 0.584762 0.841104
vt 0.584776 0.841104
vt 0.580654 0.903825
vt 0.580634 0.811945
vt 0.580654 0.811945
vt 0.580634 0.903825
vt 0.580616 0.811945
vt 0.580634 0.811945
vt 0.584718 0.907698
vt 0.584702 0.841104
vt 0.584718 0.841104
vt 0.580593 0.903825
vt 0.580572 0.811945
vt 0.580593 0.811945
vt 0.580572 0.903825
vt 0.580552 0.811945
vt 0.580572 0.811945
vt 0.584672 0.907698
vt 0.584657 0.841104
vt 0.584672 0.841104
vt 0.580531 0.903825
vt 0.580511 0.811945
vt 0.580531 0.811945
vt 0.584642 0.907698
vt 0.584628 0.841104
vt 0.584642 0.841104
vt 0.580490 0.903825
vt 0.580470 0.811945
vt 0.580490 0.811945
vt 0.580469 0.903825
vt 0.580449 0.811945
vt 0.580469 0.811945
vt 0.584597 0.907698
vt 0.584583 0.841104
vt 0.584597 0.841104
vt 0.580428 0.903825
vt 0.580423 0.869237
vt 0.580428 0.811945
vt 0.580387 0.869237
vt 0.580387 0.903825
vt 0.580387 0.904763
vt 0.584538 0.841104
vt 0.584541 0.841104
vt 0.584541 0.882629
vt 0.580346 0.903825
vt 0.580366 0.811945
vt 0.580366 0.903825
vt 0.584523 0.907698
vt 0.584508 0.841104
vt 0.584523 0.841104
vt 0.580881 0.903825
vt 0.580901 0.811945
vt 0.580901 0.903825
vt 0.580828 0.872633
vt 0.580824 0.872633
vt 0.580824 0.903496
vt 0.584870 0.885090
vt 0.584851 0.907459
vt 0.584870 0.907459
vt 0.580778 0.903496
vt 0.580795 0.872633
vt 0.580795 0.844894
vt 0.580757 0.903496
vt 0.580737 0.903496
vt 0.584791 0.907459
vt 0.584777 0.841104
vt 0.584777 0.907459
vt 0.580695 0.903496
vt 0.580675 0.811945
vt 0.580675 0.903496
vt 0.580654 0.903496
vt 0.580634 0.903496
vt 0.580612 0.844894
vt 0.580612 0.872633
vt 0.580616 0.903496
vt 0.584692 0.864985
vt 0.584687 0.841104
vt 0.584687 0.907459
vt 0.580551 0.903496
vt 0.580531 0.811945
vt 0.580531 0.903496
vt 0.580510 0.903496
vt 0.580490 0.811945
vt 0.580490 0.903496
vt 0.580469 0.903496
vt 0.580449 0.903496
vt 0.580428 0.903496
vt 0.580408 0.811945
vt 0.580408 0.903496
vt 0.584560 0.864985
vt 0.584560 0.885090
vt 0.584568 0.907459
vt 0.580367 0.903496
vt 0.580367 0.872633
vt 0.580367 0.904763
vt 0.580346 0.903496
vt 0.580363 0.872633
vt 0.580363 0.844894
vt 0.580881 0.903496
vt 0.580901 0.903496
vt 0.584910 0.841104
vt 0.584896 0.908378
vt 0.584910 0.908378
vt 0.580860 0.904763
vt 0.580840 0.811945
vt 0.580840 0.904763
vt 0.584880 0.908378
vt 0.584870 0.908378
vt 0.580818 0.844894
vt 0.580818 0.872633
vt 0.580824 0.904763
vt 0.580778 0.811945
vt 0.580778 0.904763
vt 0.584836 0.908378
vt 0.584821 0.908378
vt 0.580757 0.904763
vt 0.580737 0.904763
vt 0.584806 0.841104
vt 0.584791 0.908378
vt 0.584806 0.908378
vt 0.580716 0.904763
vt 0.580696 0.904763
vt 0.584776 0.908378
vt 0.584762 0.908378
vt 0.580675 0.904763
vt 0.580655 0.811945
vt 0.580655 0.904763
vt 0.580654 0.904763
vt 0.580634 0.904763
vt 0.580634 0.904763
vt 0.580616 0.904763
vt 0.584718 0.908378
vt 0.584702 0.908378
vt 0.580593 0.904763
vt 0.580572 0.904763
vt 0.580572 0.904763
vt 0.580552 0.904763
vt 0.584672 0.908378
vt 0.584657 0.908378
vt 0.580531 0.904763
vt 0.580511 0.904763
vt 0.584642 0.908378
vt 0.584628 0.908378
vt 0.580490 0.904763
vt 0.580470 0.904763
vt 0.580469 0.904763
vt 0.580449 0.904763
vt 0.584597 0.908378
vt 0.584583 0.908378
vt 0.580428 0.904763
vt 0.580408 0.904763
vt 0.580408 0.904763
vt 0.584538 0.908378
vt 0.580346 0.904763
vt 0.580366 0.904763
vt 0.584523 0.908378
vt 0.584508 0.908378
vt 0.580881 0.904763
vt 0.580901 0.904763
vt 0.580860 0.811945
vt 0.580828 0.844894
vt 0.580824 0.811945
vt 0.580839 0.811945
vt 0.584851 0.908378
vt 0.584870 0.908378
vt 0.580716 0.904763
vt 0.580736 0.811945
vt 0.580736 0.904763
vt 0.584791 0.908378
vt 0.584791 0.841104
vt 0.580695 0.904763
vt 0.580695 0.811945
vt 0.584761 0.908378
vt 0.584747 0.841104
vt 0.584761 0.841104
vt 0.580616 0.904763
vt 0.580616 0.811945
vt 0.584692 0.885090
vt 0.584687 0.908378
vt 0.580551 0.904763
vt 0.580551 0.811945
vt 0.584657 0.908378
vt 0.584642 0.841104
vt 0.584657 0.841104
vt 0.580510 0.904763
vt 0.580510 0.811945
vt 0.584627 0.908378
vt 0.584613 0.841104
vt 0.584627 0.841104
vt 0.584568 0.908378
vt 0.584568 0.841104
vt 0.580387 0.904763
vt 0.580387 0.872633
vt 0.580881 0.811945
vt 0.584910 0.907698
vt 0.580860 0.903825
vt 0.584896 0.841104
vt 0.580841 0.811945
vt 0.580824 0.903825
vt 0.580824 0.811945
vt 0.584870 0.907698
vt 0.580798 0.903825
vt 0.580798 0.872633
vt 0.580798 0.904763
vt 0.584910 0.907459
vt 0.584821 0.907698
vt 0.584805 0.907698
vt 0.584792 0.841104
vt 0.584805 0.841104
vt 0.580737 0.903825
vt 0.580675 0.903825
vt 0.580675 0.811945
vt 0.580696 0.903825
vt 0.580674 0.903825
vt 0.580656 0.811945
vt 0.580674 0.811945
vt 0.584762 0.907698
vt 0.580634 0.903825
vt 0.580616 0.903825
vt 0.584702 0.907698
vt 0.580572 0.903825
vt 0.580552 0.903825
vt 0.584657 0.907698
vt 0.580511 0.903825
vt 0.584628 0.907698
vt 0.580470 0.903825
vt 0.580449 0.903825
vt 0.584583 0.907698
vt 0.580406 0.903825
vt 0.580388 0.869237
vt 0.580406 0.869237
vt 0.584553 0.907698
vt 0.584553 0.882629
vt 0.584553 0.908378
vt 0.584538 0.907698
vt 0.580346 0.811945
vt 0.580840 0.903825
vt 0.580798 0.872633
vt 0.580798 0.903825
vt 0.580798 0.904763
vt 0.584806 0.907698
vt 0.584791 0.907698
vt 0.584791 0.841104
vt 0.580655 0.903825
vt 0.580408 0.903825
vt 0.580408 0.869237
vt 0.584909 0.841104
vt 0.584896 0.907459
vt 0.584909 0.907459
vt 0.580859 0.903496
vt 0.580841 0.903496
vt 0.584896 0.841104
vt 0.580839 0.903496
vt 0.584836 0.907459
vt 0.584870 0.864985
vt 0.584870 0.841104
vt 0.580824 0.904763
vt 0.580798 0.844894
vt 0.580798 0.811945
vt 0.584851 0.885090
vt 0.584835 0.907459
vt 0.584822 0.841104
vt 0.584822 0.907459
vt 0.580736 0.903496
vt 0.580735 0.903496
vt 0.580716 0.811945
vt 0.580716 0.903496
vt 0.584777 0.908378
vt 0.584760 0.907459
vt 0.584747 0.841104
vt 0.584747 0.907459
vt 0.580675 0.904763
vt 0.580634 0.903496
vt 0.580633 0.903496
vt 0.580616 0.903496
vt 0.584702 0.864985
vt 0.584702 0.841104
vt 0.580593 0.903496
vt 0.580593 0.872633
vt 0.580593 0.904763
vt 0.580571 0.903496
vt 0.580552 0.903496
vt 0.584656 0.907459
vt 0.584643 0.841104
vt 0.584643 0.907459
vt 0.580531 0.904763
vt 0.584627 0.907459
vt 0.584626 0.907459
vt 0.584613 0.907459
vt 0.580490 0.904763
vt 0.584613 0.908378
vt 0.584597 0.907459
vt 0.584584 0.841104
vt 0.584584 0.907459
vt 0.580387 0.844894
vt 0.580387 0.811945
vt 0.584553 0.907459
vt 0.584553 0.885090
vt 0.584553 0.908378
vt 0.580366 0.844894
vt 0.584523 0.907459
vt 0.584522 0.841104
vt 0.584508 0.907459
vt 0.584522 0.907459
vt 0.580860 0.903496
vt 0.580840 0.903496
vt 0.584821 0.907459
vt 0.584761 0.907459
vt 0.584747 0.907459
vt 0.584747 0.908378
vt 0.580572 0.903496
vt 0.584657 0.907459
vt 0.584642 0.907459
vt 0.584642 0.908378
vt 0.584597 0.907459
vt 0.584583 0.907459
vt 0.580387 0.903496
vt 0.584851 0.841104
vt 0.580824 0.844894
vt 0.580367 0.844894
vt 0.580367 0.811945
vt 0.580386 0.903496
vt 0.580368 0.872633
vt 0.580368 0.903496
vt 0.584851 0.864985
vt 0.580366 0.872633
vt 0.580366 0.903496
vt 0.580593 0.844894
vt 0.580593 0.811945
vt 0.580798 0.903496
vt 0.584702 0.885090
vt 0.584702 0.907459
vt 0.584702 0.908378
vt 0.584553 0.864985
vt 0.584553 0.841104
vt 0.580798 0.844894
vt 0.580798 0.811945
vt 0.580408 0.869237
vt 0.580408 0.903825
vt 0.584896 0.907698
vt 0.580841 0.903825
vt 0.580799 0.903825
vt 0.580799 0.872633
vt 0.584792 0.907698
vt 0.580656 0.903825
vt 0.580388 0.903825
vt 0.580386 0.872633
vt 0.580799 0.844894
vt 0.580799 0.811945
vt 0.584896 0.907698
vt 0.239475 0.810990
vt 0.239551 0.958680
vt 0.239551 0.810990
vt 0.239475 0.958680
vt 0.239535 0.958680
vt 0.239475 0.958680
vt 0.096295 0.807967
vt 0.096295 0.902932
vt 0.094421 0.807967
vt 0.094421 0.905467
vt 0.095638 0.902932
vt 0.095638 0.807967
vt 0.097512 0.905467
vt 0.097512 0.807967
vt 0.077175 0.845634
vt 0.077170 0.869415
vt 0.077175 0.869415
vt 0.077170 0.845634
vt 0.072844 0.822850
vt 0.072990 0.822850
vt 0.072845 0.822850
vt 0.072844 0.828485
vt 0.072845 0.828485
vt 0.072845 0.828454
vt 0.070620 0.843530
vt 0.070474 0.844628
vt 0.070620 0.844628
vt 0.072991 0.829641
vt 0.072845 0.830754
vt 0.072991 0.830754
vt 0.072991 0.824006
vt 0.072845 0.825104
vt 0.072991 0.825104
vt 0.072991 0.826260
vt 0.072845 0.827358
vt 0.072991 0.827358
vt 0.070620 0.837896
vt 0.070474 0.838993
vt 0.070620 0.838993
vt 0.072845 0.822819
vt 0.077277 0.807797
vt 0.077203 0.808357
vt 0.077277 0.808357
vt 0.072991 0.819499
vt 0.072845 0.820596
vt 0.072991 0.820596
vt 0.070620 0.833388
vt 0.070474 0.834485
vt 0.070620 0.834485
vt 0.072991 0.817245
vt 0.072845 0.818342
vt 0.072991 0.818342
vt 0.072991 0.816118
vt 0.072845 0.817215
vt 0.072991 0.817215
vt 0.072844 0.816088
vt 0.072845 0.816088
vt 0.072845 0.816057
vt 0.072991 0.813864
vt 0.072845 0.814962
vt 0.072991 0.814962
vt 0.077202 0.804332
vt 0.077203 0.803788
vt 0.077202 0.803772
vt 0.070620 0.826626
vt 0.070474 0.827724
vt 0.070620 0.827724
vt 0.072991 0.810483
vt 0.072845 0.811581
vt 0.072991 0.811581
vt 0.070473 0.825470
vt 0.070474 0.824404
vt 0.070473 0.824372
vt 0.072991 0.808229
vt 0.072845 0.809327
vt 0.072991 0.809327
vt 0.072991 0.807088
vt 0.072845 0.808200
vt 0.072991 0.808200
vt 0.072844 0.808200
vt 0.072989 0.807088
vt 0.072989 0.808200
vt 0.072990 0.809327
vt 0.070618 0.824372
vt 0.070618 0.825470
vt 0.072990 0.811581
vt 0.070619 0.827724
vt 0.077276 0.803772
vt 0.077276 0.804332
vt 0.072844 0.814962
vt 0.072989 0.813864
vt 0.072989 0.814962
vt 0.072991 0.815022
vt 0.072991 0.816057
vt 0.072844 0.817215
vt 0.072989 0.816118
vt 0.072989 0.817215
vt 0.072844 0.818342
vt 0.072989 0.817245
vt 0.072989 0.818342
vt 0.070473 0.834485
vt 0.070618 0.833388
vt 0.070618 0.834485
vt 0.072990 0.819499
vt 0.072845 0.819499
vt 0.077202 0.808357
vt 0.077276 0.807797
vt 0.077276 0.808357
vt 0.072989 0.821753
vt 0.072989 0.822850
vt 0.070619 0.837896
vt 0.070474 0.837896
vt 0.072844 0.827358
vt 0.072989 0.826260
vt 0.072989 0.827358
vt 0.072844 0.825104
vt 0.072989 0.824006
vt 0.072989 0.825104
vt 0.072844 0.830754
vt 0.072989 0.829641
vt 0.072989 0.830754
vt 0.070473 0.844628
vt 0.070618 0.843530
vt 0.070618 0.844628
vt 0.072991 0.827419
vt 0.072991 0.828454
vt 0.070473 0.840181
vt 0.070473 0.841247
vt 0.070474 0.841247
vt 0.070619 0.838993
vt 0.070473 0.826626
vt 0.070474 0.826626
vt 0.072844 0.826260
vt 0.072845 0.826260
vt 0.072844 0.807088
vt 0.072845 0.807088
vt 0.072990 0.821753
vt 0.072844 0.821753
vt 0.072845 0.821753
vt 0.070620 0.825470
vt 0.070474 0.825470
vt 0.070473 0.833388
vt 0.070474 0.833388
vt 0.077202 0.807797
vt 0.077203 0.807797
vt 0.070619 0.840150
vt 0.070474 0.840150
vt 0.070620 0.840150
vt 0.072844 0.820596
vt 0.072989 0.819531
vt 0.072989 0.820596
vt 0.072844 0.809295
vt 0.072844 0.809327
vt 0.072844 0.817245
vt 0.072845 0.817245
vt 0.070620 0.824404
vt 0.072990 0.814991
vt 0.072845 0.814991
vt 0.072990 0.814991
vt 0.072844 0.824006
vt 0.072845 0.824006
vt 0.072844 0.816118
vt 0.072845 0.816118
vt 0.072991 0.821784
vt 0.072991 0.822819
vt 0.072844 0.808229
vt 0.072845 0.808229
vt 0.070473 0.838961
vt 0.070473 0.838993
vt 0.072844 0.816057
vt 0.072989 0.815023
vt 0.072989 0.816057
vt 0.070618 0.840181
vt 0.070618 0.841247
vt 0.077277 0.803772
vt 0.077203 0.803772
vt 0.072844 0.829641
vt 0.072845 0.829641
vt 0.072844 0.813864
vt 0.072845 0.813864
vt 0.077277 0.804332
vt 0.077203 0.804332
vt 0.072990 0.816088
vt 0.072990 0.816088
vt 0.072844 0.819531
vt 0.072844 0.828453
vt 0.072989 0.827419
vt 0.072989 0.828453
vt 0.070620 0.824372
vt 0.070474 0.824372
vt 0.070620 0.840181
vt 0.070620 0.841247
vt 0.070473 0.843530
vt 0.070474 0.843530
vt 0.070473 0.827692
vt 0.070618 0.826626
vt 0.070618 0.827692
vt 0.070473 0.827724
vt 0.072844 0.811549
vt 0.072989 0.810515
vt 0.072989 0.811549
vt 0.072990 0.810483
vt 0.072845 0.810483
vt 0.077277 0.803788
vt 0.072990 0.828485
vt 0.072990 0.828485
vt 0.072844 0.811581
vt 0.072989 0.808229
vt 0.072989 0.809295
vt 0.070618 0.837928
vt 0.070618 0.838961
vt 0.072844 0.810515
vt 0.072844 0.810483
vt 0.072844 0.815023
vt 0.072844 0.814991
vt 0.072844 0.819499
vt 0.070473 0.837928
vt 0.070473 0.837896
vt 0.070473 0.840150
vt 0.072990 0.827387
vt 0.072844 0.827419
vt 0.072844 0.827387
vt 0.072845 0.827387
vt 0.072845 0.827419
vt 0.070474 0.840181
vt 0.072845 0.821784
vt 0.072845 0.815022
vt 0.072990 0.827387
vt 0.073137 0.822850
vt 0.072992 0.822850
vt 0.073138 0.822850
vt 0.073138 0.827419
vt 0.073138 0.827387
vt 0.073137 0.827419
vt 0.070766 0.844628
vt 0.073137 0.830754
vt 0.073137 0.825104
vt 0.077352 0.811232
vt 0.077277 0.810672
vt 0.077277 0.811232
vt 0.073137 0.823977
vt 0.072991 0.822880
vt 0.072991 0.823977
vt 0.073138 0.821753
vt 0.073137 0.821784
vt 0.073137 0.821723
vt 0.072991 0.820626
vt 0.072991 0.821723
vt 0.073137 0.820596
vt 0.073137 0.819469
vt 0.072991 0.818372
vt 0.072991 0.819469
vt 0.077352 0.806632
vt 0.077277 0.806072
vt 0.077277 0.806632
vt 0.073137 0.817215
vt 0.070767 0.830039
vt 0.070767 0.830007
vt 0.070766 0.830038
vt 0.073137 0.814962
vt 0.073138 0.812737
vt 0.073137 0.812768
vt 0.073138 0.813835
vt 0.073137 0.812708
vt 0.072991 0.811610
vt 0.072991 0.812708
vt 0.073137 0.811581
vt 0.070767 0.824372
vt 0.070766 0.824404
vt 0.070767 0.825470
vt 0.073137 0.809327
vt 0.073137 0.808200
vt 0.072992 0.807088
vt 0.073138 0.808200
vt 0.072992 0.808200
vt 0.073138 0.809327
vt 0.070621 0.824372
vt 0.070621 0.825470
vt 0.073138 0.811581
vt 0.073138 0.812708
vt 0.072992 0.812737
vt 0.072992 0.813835
vt 0.072992 0.813864
vt 0.073138 0.814962
vt 0.072992 0.814962
vt 0.070766 0.831073
vt 0.070620 0.830038
vt 0.070620 0.831073
vt 0.072992 0.816118
vt 0.073138 0.817215
vt 0.072992 0.817215
vt 0.077278 0.806072
vt 0.077352 0.806632
vt 0.077278 0.806632
vt 0.072992 0.818372
vt 0.073138 0.819469
vt 0.072992 0.819469
vt 0.073138 0.819499
vt 0.072992 0.819499
vt 0.072992 0.820626
vt 0.073138 0.821723
vt 0.072992 0.821723
vt 0.072992 0.821753
vt 0.073138 0.822880
vt 0.072992 0.822880
vt 0.077278 0.810672
vt 0.077352 0.811232
vt 0.077278 0.811232
vt 0.072992 0.824006
vt 0.073138 0.825104
vt 0.072992 0.825104
vt 0.072992 0.829641
vt 0.073138 0.830754
vt 0.072992 0.830754
vt 0.070621 0.843530
vt 0.070767 0.844628
vt 0.070621 0.844628
vt 0.073137 0.828454
vt 0.070767 0.840181
vt 0.070767 0.840150
vt 0.070766 0.840181
vt 0.073138 0.823977
vt 0.073138 0.811610
vt 0.072992 0.811610
vt 0.077352 0.810672
vt 0.073138 0.807088
vt 0.073137 0.807088
vt 0.073137 0.821753
vt 0.072991 0.821753
vt 0.070766 0.825470
vt 0.073138 0.818372
vt 0.073138 0.820626
vt 0.073137 0.820626
vt 0.070766 0.840150
vt 0.070621 0.840150
vt 0.070620 0.840150
vt 0.072992 0.819531
vt 0.073138 0.820596
vt 0.072992 0.820596
vt 0.073138 0.809295
vt 0.077352 0.806072
vt 0.073137 0.818372
vt 0.070766 0.830007
vt 0.070621 0.830007
vt 0.070620 0.830007
vt 0.073138 0.824006
vt 0.077352 0.806072
vt 0.073138 0.816118
vt 0.073137 0.822819
vt 0.073137 0.816118
vt 0.073138 0.808229
vt 0.072992 0.808229
vt 0.073138 0.823945
vt 0.073138 0.822911
vt 0.070621 0.830039
vt 0.070767 0.831073
vt 0.070621 0.831073
vt 0.070621 0.840181
vt 0.070767 0.841247
vt 0.070621 0.841247
vt 0.073137 0.812737
vt 0.072991 0.812737
vt 0.073138 0.829641
vt 0.073138 0.813864
vt 0.073137 0.813864
vt 0.077352 0.810672
vt 0.072991 0.813835
vt 0.073137 0.813835
vt 0.070766 0.831105
vt 0.070621 0.831105
vt 0.070767 0.831105
vt 0.073138 0.819531
vt 0.072992 0.827419
vt 0.073138 0.828453
vt 0.072992 0.828453
vt 0.070766 0.824372
vt 0.070620 0.824372
vt 0.070766 0.841247
vt 0.070767 0.843530
vt 0.073138 0.812676
vt 0.072992 0.812676
vt 0.070766 0.843530
vt 0.072992 0.810515
vt 0.073138 0.811549
vt 0.072992 0.811549
vt 0.073138 0.810483
vt 0.072992 0.810483
vt 0.073137 0.829641
vt 0.072991 0.812768
vt 0.073137 0.828485
vt 0.072992 0.828485
vt 0.073138 0.828485
vt 0.073137 0.824006
vt 0.073138 0.810515
vt 0.072992 0.809295
vt 0.072992 0.822911
vt 0.072992 0.823945
vt 0.072992 0.809327
vt 0.072992 0.811581
vt 0.072992 0.812708
vt 0.072992 0.823977
vt 0.072992 0.827387
vt 0.073137 0.827387
vt 0.072991 0.827387
vt 0.114892 0.830577
vt 0.115988 0.830577
vt 0.115988 0.835017
vt 0.114892 0.835017
vt 0.114892 0.894727
vt 0.115988 0.894727
vt 0.115988 0.899167
vt 0.114892 0.899167
vt 0.115893 0.894727
vt 0.115893 0.835017
vt 0.114986 0.835017
vt 0.114986 0.894727
vt 0.115028 0.892755
vt 0.115028 0.836990
vt 0.115851 0.836990
vt 0.115851 0.892755
vt 0.115893 0.894727
vt 0.114986 0.894727
vt 0.115427 0.864288
vt 0.115452 0.864288
vt 0.115851 0.865456
vt 0.115851 0.864288
vt 0.115028 0.865456
vt 0.115028 0.864288
vt 0.115452 0.892755
vt 0.115427 0.836990
vt 0.115452 0.836990
vt 0.115427 0.892755
vt 0.115710 0.827356
vt 0.115098 0.827356
vt 0.115098 0.831530
vt 0.115710 0.831530
vt 0.115710 0.896159
vt 0.115098 0.896159
vt 0.115098 0.898590
vt 0.115710 0.898590
vt 0.115126 0.896159
vt 0.115126 0.831530
vt 0.115098 0.831530
vt 0.115098 0.896159
vt 0.115682 0.831530
vt 0.115682 0.896159
vt 0.115662 0.894418
vt 0.115146 0.894418
vt 0.115146 0.833271
vt 0.115662 0.833271
vt 0.115662 0.862477
vt 0.115146 0.865212
vt 0.115146 0.862477
vt 0.115662 0.865212
vt 0.115689 0.827356
vt 0.115077 0.827356
vt 0.115077 0.831530
vt 0.115689 0.831530
vt 0.115689 0.896159
vt 0.115077 0.896159
vt 0.115077 0.898590
vt 0.115689 0.898590
vt 0.115105 0.896159
vt 0.115105 0.831530
vt 0.115661 0.831530
vt 0.115661 0.896159
vt 0.115125 0.894418
vt 0.115125 0.833271
vt 0.115641 0.833271
vt 0.115641 0.894418
vt 0.115641 0.862477
vt 0.115125 0.865212
vt 0.115125 0.862477
vt 0.115641 0.865212
vt 0.115751 0.827356
vt 0.115139 0.827356
vt 0.115139 0.831530
vt 0.115751 0.831530
vt 0.115751 0.896159
vt 0.115139 0.896159
vt 0.115139 0.898590
vt 0.115751 0.898590
vt 0.115167 0.896159
vt 0.115167 0.831530
vt 0.115723 0.831530
vt 0.115723 0.896159
vt 0.115703 0.894418
vt 0.115187 0.894418
vt 0.115187 0.833271
vt 0.115703 0.833271
vt 0.115703 0.862477
vt 0.115187 0.865212
vt 0.115187 0.862477
vt 0.115703 0.865212
vt 0.114995 0.865212
vt 0.115512 0.865212
vt 0.115512 0.862477
vt 0.114995 0.862477
vt 0.115512 0.894418
vt 0.114995 0.894418
vt 0.115512 0.833271
vt 0.114995 0.833271
vt 0.114975 0.896159
vt 0.115532 0.831530
vt 0.115532 0.896159
vt 0.114975 0.831530
vt 0.114947 0.831530
vt 0.114947 0.896159
vt 0.115560 0.831530
vt 0.115560 0.896159
vt 0.115560 0.898590
vt 0.114947 0.898590
vt 0.115560 0.827356
vt 0.114947 0.827356
vt 0.857327 0.740613
vt 0.855971 0.740613
vt 0.857327 0.645757
vt 0.855971 0.645757
vt 0.858496 0.745157
vt 0.857365 0.745157
vt 0.858496 0.650301
vt 0.857365 0.650300
vt 0.856410 0.742757
vt 0.857788 0.742755
vt 0.857788 0.646787
vt 0.856410 0.646787
vt 0.858500 0.740613
vt 0.855974 0.740613
vt 0.855974 0.645757
vt 0.858500 0.645757
vt 0.091287 0.877878
vt 0.091966 0.955708
vt 0.091966 0.877878
vt 0.091287 0.955708
vt 0.575954 0.831562
vt 0.575872 0.811982
vt 0.575954 0.811982
vt 0.575610 0.811982
vt 0.575695 0.855945
vt 0.575695 0.811982
vt 0.575610 0.811982
vt 0.575610 0.857527
vt 0.600784 0.849453
vt 0.600800 0.832686
vt 0.600800 0.842159
vt 0.575869 0.844431
vt 0.575954 0.851177
vt 0.575869 0.852751
vt 0.577997 0.810663
vt 0.577997 0.836759
vt 0.595283 0.812752
vt 0.595301 0.833467
vt 0.595283 0.834373
vt 0.578047 0.835824
vt 0.578047 0.810663
vt 0.578048 0.810663
vt 0.578099 0.834880
vt 0.578099 0.810663
vt 0.575869 0.811982
vt 0.575954 0.811982
vt 0.578253 0.810663
vt 0.578253 0.832040
vt 0.576041 0.811982
vt 0.576127 0.847998
vt 0.576127 0.811982
vt 0.578304 0.831105
vt 0.578304 0.810663
vt 0.576214 0.811982
vt 0.576291 0.844811
vt 0.576291 0.811982
vt 0.567784 0.810139
vt 0.567808 0.838224
vt 0.567784 0.839577
vt 0.576213 0.846409
vt 0.576128 0.811982
vt 0.576128 0.847983
vt 0.567621 0.847736
vt 0.567621 0.810139
vt 0.576028 0.831562
vt 0.576028 0.844431
vt 0.576041 0.849588
vt 0.567648 0.810139
vt 0.567648 0.846389
vt 0.578150 0.810663
vt 0.578201 0.832993
vt 0.578150 0.833927
vt 0.576041 0.849572
vt 0.576214 0.846393
vt 0.575955 0.844431
vt 0.575955 0.851162
vt 0.575695 0.811982
vt 0.600784 0.818273
vt 0.567622 0.810139
vt 0.567647 0.846437
vt 0.567622 0.847689
vt 0.567647 0.846438
vt 0.567622 0.847688
vt 0.600806 0.842159
vt 0.600806 0.848294
vt 0.575955 0.831562
vt 0.575955 0.811982
vt 0.575954 0.844431
vt 0.576041 0.811982
vt 0.576041 0.849588
vt 0.576131 0.811982
vt 0.576131 0.847927
vt 0.595300 0.833500
vt 0.595283 0.834373
vt 0.576213 0.811982
vt 0.577998 0.810663
vt 0.578046 0.835857
vt 0.578046 0.810663
vt 0.575692 0.856002
vt 0.578048 0.835815
vt 0.578097 0.834914
vt 0.578152 0.810663
vt 0.578201 0.810663
vt 0.575951 0.851234
vt 0.578255 0.810663
vt 0.578302 0.831138
vt 0.578302 0.810663
vt 0.575869 0.831562
vt 0.575869 0.811982
vt 0.600806 0.832686
vt 0.600806 0.818273
vt 0.567647 0.810139
vt 0.575958 0.851106
vt 0.575958 0.844431
vt 0.577998 0.836726
vt 0.578152 0.833894
vt 0.578255 0.832007
vt 0.575872 0.831562
vt 0.595300 0.812752
vt 0.575692 0.811982
vt 0.578097 0.810663
vt 0.575951 0.811982
vt 0.595301 0.812752
vt 0.070368 0.840508
vt 0.070480 0.841355
vt 0.070480 0.840508
vt 0.072850 0.820338
vt 0.072851 0.821157
vt 0.072850 0.821186
vt 0.070368 0.834495
vt 0.070480 0.835343
vt 0.070480 0.834495
vt 0.072850 0.818620
vt 0.072739 0.818620
vt 0.072850 0.818620
vt 0.070368 0.832772
vt 0.070480 0.833625
vt 0.070480 0.832772
vt 0.070479 0.841367
vt 0.070368 0.841367
vt 0.070480 0.841367
vt 0.070368 0.836213
vt 0.070480 0.837061
vt 0.070480 0.836213
vt 0.072850 0.822881
vt 0.072850 0.822079
vt 0.072851 0.822875
vt 0.070368 0.837931
vt 0.070480 0.838778
vt 0.070480 0.837931
vt 0.070479 0.838790
vt 0.070480 0.839609
vt 0.070479 0.839637
vt 0.072739 0.824633
vt 0.072851 0.825480
vt 0.072851 0.824633
vt 0.072850 0.827209
vt 0.072851 0.828029
vt 0.072850 0.828057
vt 0.072739 0.828068
vt 0.072851 0.828916
vt 0.072851 0.828068
vt 0.070479 0.843943
vt 0.070480 0.844762
vt 0.070479 0.844791
vt 0.072739 0.829786
vt 0.072851 0.830639
vt 0.072851 0.829786
vt 0.072850 0.830639
vt 0.072739 0.829786
vt 0.072850 0.829786
vt 0.070368 0.843943
vt 0.072850 0.828068
vt 0.072739 0.827209
vt 0.072739 0.825480
vt 0.072850 0.825480
vt 0.070368 0.838790
vt 0.070479 0.838778
vt 0.070368 0.837931
vt 0.070479 0.837931
vt 0.072739 0.822056
vt 0.072851 0.822056
vt 0.070479 0.837061
vt 0.070368 0.836213
vt 0.070479 0.836213
vt 0.070479 0.833625
vt 0.070368 0.832772
vt 0.070479 0.832772
vt 0.072850 0.819468
vt 0.072739 0.818620
vt 0.070479 0.834495
vt 0.072739 0.820338
vt 0.070479 0.841355
vt 0.070368 0.840508
vt 0.070479 0.840508
vt 0.070480 0.842214
vt 0.070368 0.833625
vt 0.070368 0.839637
vt 0.070368 0.839637
vt 0.070368 0.839609
vt 0.072739 0.818649
vt 0.072851 0.819439
vt 0.072851 0.818649
vt 0.072739 0.828916
vt 0.072850 0.828916
vt 0.072850 0.828893
vt 0.072739 0.828091
vt 0.072850 0.828091
vt 0.072739 0.825457
vt 0.072739 0.825480
vt 0.072739 0.820338
vt 0.072851 0.820338
vt 0.072739 0.830639
vt 0.070480 0.839637
vt 0.072739 0.828057
vt 0.072739 0.828057
vt 0.072739 0.828029
vt 0.070479 0.841389
vt 0.070368 0.835343
vt 0.070479 0.835343
vt 0.070368 0.841355
vt 0.072739 0.827209
vt 0.072851 0.827209
vt 0.072850 0.825457
vt 0.072739 0.824633
vt 0.072850 0.824633
vt 0.070368 0.841389
vt 0.070368 0.842214
vt 0.070368 0.842214
vt 0.070479 0.842214
vt 0.070479 0.834518
vt 0.072739 0.822903
vt 0.072850 0.822903
vt 0.072850 0.822903
vt 0.072739 0.822875
vt 0.072739 0.822881
vt 0.070368 0.837061
vt 0.070368 0.838778
vt 0.072850 0.822056
vt 0.072739 0.822079
vt 0.070368 0.843943
vt 0.070480 0.843943
vt 0.072739 0.821186
vt 0.072850 0.821186
vt 0.070368 0.838790
vt 0.070480 0.838790
vt 0.072739 0.819468
vt 0.072739 0.819468
vt 0.072739 0.819439
vt 0.070368 0.844791
vt 0.070368 0.844791
vt 0.070368 0.844762
vt 0.070368 0.834518
vt 0.072850 0.819468
vt 0.072739 0.828893
vt 0.072739 0.828916
vt 0.070368 0.835343
vt 0.070480 0.844791
vt 0.072739 0.828068
vt 0.070368 0.841367
vt 0.072739 0.822903
vt 0.072739 0.822056
vt 0.070368 0.834495
vt 0.072739 0.821186
vt 0.072739 0.821157
vt 0.072850 0.828057
vt 0.114960 0.830350
vt 0.115871 0.830350
vt 0.115871 0.836096
vt 0.114960 0.836096
vt 0.114960 0.892839
vt 0.115871 0.892839
vt 0.115871 0.895731
vt 0.114960 0.895731
vt 0.115834 0.892839
vt 0.115834 0.836096
vt 0.114997 0.836096
vt 0.114997 0.892839
vt 0.115015 0.874340
vt 0.115816 0.872581
vt 0.115816 0.874340
vt 0.115015 0.856355
vt 0.115816 0.854595
vt 0.115816 0.856355
vt 0.115015 0.872581
vt 0.115015 0.854595
vt 0.115271 0.891446
vt 0.115293 0.837489
vt 0.115293 0.891446
vt 0.115560 0.854595
vt 0.115560 0.856355
vt 0.115538 0.837489
vt 0.115271 0.837489
vt 0.115538 0.891446
vt 0.115560 0.891446
vt 0.115560 0.837489
vt 0.115015 0.891446
vt 0.115015 0.837489
vt 0.115816 0.837489
vt 0.115816 0.891446
vt 0.607881 0.813872
vt 0.607881 0.840725
vt 0.580342 0.811935
vt 0.580324 0.867153
vt 0.580324 0.811935
vt 0.584520 0.881118
vt 0.584520 0.841097
vt 0.580397 0.811935
vt 0.580379 0.867153
vt 0.580379 0.811935
vt 0.584533 0.881118
vt 0.584533 0.841097
vt 0.607822 0.813872
vt 0.607829 0.840725
vt 0.607822 0.840725
vt 0.584586 0.881118
vt 0.584586 0.841097
vt 0.580469 0.811935
vt 0.580451 0.867153
vt 0.580451 0.811935
vt 0.608554 0.821520
vt 0.608549 0.840982
vt 0.608549 0.821520
vt 0.607855 0.813872
vt 0.607848 0.840725
vt 0.607848 0.813872
vt 0.584599 0.841097
vt 0.584599 0.881118
vt 0.580543 0.811935
vt 0.580524 0.867153
vt 0.580524 0.811935
vt 0.584666 0.841097
vt 0.584679 0.881118
vt 0.584666 0.881118
vt 0.607874 0.840725
vt 0.607874 0.813872
vt 0.584705 0.841097
vt 0.584692 0.881118
vt 0.584692 0.841097
vt 0.580616 0.811935
vt 0.580633 0.867153
vt 0.580616 0.867153
vt 0.584705 0.881118
vt 0.584718 0.841097
vt 0.584705 0.841097
vt 0.584533 0.841097
vt 0.584547 0.841097
vt 0.584560 0.881118
vt 0.584573 0.841097
vt 0.584560 0.841097
vt 0.607829 0.813872
vt 0.580469 0.867153
vt 0.608554 0.840982
vt 0.584639 0.881118
vt 0.584652 0.841097
vt 0.584639 0.841097
vt 0.584679 0.841097
vt 0.580543 0.867153
vt 0.580633 0.811935
vt 0.584521 0.881118
vt 0.584521 0.841097
vt 0.580342 0.867153
vt 0.584534 0.881118
vt 0.584534 0.841097
vt 0.584533 0.881118
vt 0.584547 0.881118
vt 0.584560 0.841097
vt 0.584573 0.881118
vt 0.584560 0.881118
vt 0.580396 0.811935
vt 0.580397 0.867153
vt 0.584587 0.841097
vt 0.584599 0.881118
vt 0.584587 0.881118
vt 0.580452 0.811935
vt 0.580469 0.867153
vt 0.580469 0.811935
vt 0.608554 0.821520
vt 0.584640 0.841097
vt 0.584652 0.881118
vt 0.584640 0.881118
vt 0.607854 0.840725
vt 0.607854 0.813872
vt 0.607855 0.840725
vt 0.580525 0.867153
vt 0.580542 0.811935
vt 0.580525 0.811935
vt 0.607874 0.813872
vt 0.607880 0.840725
vt 0.607874 0.840725
vt 0.584706 0.841097
vt 0.584718 0.881118
vt 0.584706 0.881118
vt 0.584705 0.881118
vt 0.584705 0.841097
vt 0.584599 0.841097
vt 0.607880 0.813872
vt 0.580396 0.867153
vt 0.608554 0.840982
vt 0.580542 0.867153
vt 0.584705 0.881118
vt 0.000000 1.000000
vt 1.000000 0.000000
vt 0.000000 0.000000
vt 1.000000 1.000000
vt 0.097327 0.806550
vt 0.097308 0.900468
vt 0.095107 0.806550
vt 0.095127 0.901115
vt 0.096904 0.807967
vt 0.096891 0.888652
vt 0.095358 0.807967
vt 0.095371 0.889050
vt 0.091290 0.893358
vt 0.091961 0.947779
vt 0.091967 0.893358
vt 0.091293 0.947779
vt 0.096295 0.807966
vt 0.096295 0.902932
vt 0.094421 0.807966
vt 0.095638 0.902932
vt 0.095638 0.807966
vt 0.097512 0.807966
vt 0.115036 0.827361
vt 0.115844 0.827361
vt 0.115844 0.829310
vt 0.115036 0.829310
vt 0.115036 0.876961
vt 0.115844 0.876961
vt 0.115844 0.877906
vt 0.115036 0.877906
vt 0.115086 0.829310
vt 0.115086 0.876961
vt 0.115794 0.876961
vt 0.115794 0.829310
vt 0.115102 0.876189
vt 0.115086 0.829310
vt 0.115102 0.830082
vt 0.115794 0.829310
vt 0.115778 0.830082
vt 0.115778 0.876189
vt 0.115778 0.851781
vt 0.115102 0.854490
vt 0.115102 0.851781
vt 0.115778 0.854490
vt 0.119302 0.954780
vt 0.119302 0.900636
vt 0.119713 0.954780
vt 0.119713 0.900636
vt 0.119302 0.954780
vt 0.119866 0.900636
vt 0.119302 0.900636
vt 0.119866 0.954780
vt 0.119268 0.954780
vt 0.119832 0.900636
vt 0.119268 0.900636
vt 0.119832 0.954780
vt 0.119355 0.954780
vt 0.119918 0.900636
vt 0.119355 0.900636
vt 0.119918 0.954780
vt 0.119176 0.954780
vt 0.119740 0.900636
vt 0.119176 0.900636
vt 0.119740 0.954780
vt 0.119339 0.954780
vt 0.119339 0.900636
vt 0.119750 0.900636
vt 0.119750 0.954780
vt 0.100224 0.888135
vt 0.101182 0.888135
vt 0.101182 0.964929
vt 0.100224 0.964929
vt 0.112120 0.874517
vt 0.112269 0.874518
vt 0.112120 0.874518
vt 0.112120 0.939541
vt 0.112120 0.939541
vt 0.112269 0.874517
vt 0.112269 0.920490
vt 0.112269 0.920490
vt 0.112015 0.886462
vt 0.112164 0.886461
vt 0.112164 0.886462
vt 0.112164 0.951487
vt 0.112164 0.951486
vt 0.112015 0.932435
vt 0.112015 0.886461
vt 0.111423 0.949425
vt 0.112777 0.875377
vt 0.111423 0.875377
vt 0.112777 0.947524
vt 0.111423 0.947524
vt 0.111345 0.949425
vt 0.112699 0.875377
vt 0.111345 0.875377
vt 0.112699 0.947524
vt 0.111345 0.947524
vt 0.112777 0.949425
vt 0.112699 0.949425
vt 0.111396 0.949974
vt 0.112750 0.875377
vt 0.111396 0.875377
vt 0.112750 0.948073
vt 0.111396 0.948073
vt 0.112750 0.949974
vt 0.112006 0.939898
vt 0.112132 0.939899
vt 0.112132 0.939898
vt 0.112132 0.882084
vt 0.112006 0.939899
vt 0.112006 0.882084
vt 0.112006 0.882085
vt 0.112132 0.882085
vt 0.112159 0.907160
vt 0.112308 0.907161
vt 0.112159 0.907161
vt 0.112159 0.935592
vt 0.112159 0.935592
vt 0.112308 0.907160
vt 0.112308 0.914971
vt 0.112308 0.914971
vt 0.112041 0.907161
vt 0.112190 0.907160
vt 0.112190 0.907161
vt 0.112190 0.935592
vt 0.112190 0.935592
vt 0.112041 0.914971
vt 0.112041 0.907160
vt 0.112041 0.914971
vt 0.112001 0.891767
vt 0.112127 0.891767
vt 0.112001 0.949581
vt 0.112001 0.949581
vt 0.112127 0.949581
vt 0.112127 0.949581
vt 0.203526 0.845671
vt 0.203526 0.935936
vt 0.215421 0.812447
vt 0.215388 0.855032
vt 0.215388 0.812447
vt 0.211198 0.828943
vt 0.211198 0.919208
vt 0.211265 0.828943
vt 0.211200 0.919208
vt 0.211200 0.828943
vt 0.215421 0.855032
vt 0.203596 0.935936
vt 0.203596 0.845671
vt 0.210708 0.828943
vt 0.210773 0.919208
vt 0.210708 0.919208
vt 0.203668 0.935936
vt 0.203737 0.935936
vt 0.210849 0.828943
vt 0.210914 0.919208
vt 0.210849 0.919208
vt 0.210919 0.919208
vt 0.210986 0.828943
vt 0.210919 0.828943
vt 0.215257 0.812447
vt 0.215287 0.855032
vt 0.215257 0.855032
vt 0.203949 0.935936
vt 0.204018 0.935936
vt 0.211130 0.828943
vt 0.211195 0.919208
vt 0.211195 0.828943
vt 0.210773 0.828943
vt 0.210709 0.828943
vt 0.203668 0.845671
vt 0.210847 0.828943
vt 0.210847 0.919208
vt 0.210917 0.828943
vt 0.210986 0.919208
vt 0.210917 0.919208
vt 0.204018 0.845671
vt 0.203949 0.845671
vt 0.211197 0.828943
vt 0.211128 0.919208
vt 0.211128 0.828943
vt 0.210914 0.828943
vt 0.210916 0.828943
vt 0.203737 0.845671
vt 0.215287 0.812447
vt 0.215257 0.812447
vt 0.211267 0.828943
vt 0.215389 0.812447
vt 0.211197 0.919208
vt 0.211267 0.919208
vt 0.215257 0.855032
vt 0.210775 0.919208
vt 0.210775 0.828943
vt 0.210916 0.919208
vt 0.210709 0.919208
vt 0.211265 0.919208
vt 0.215389 0.855032
vt 0.211130 0.919208
vt 0.215288 0.855032
vt 0.215288 0.812447
vt 0.215256 0.812447
vt 0.215256 0.855032
vt 0.210706 0.828943
vt 0.210706 0.919208
vt 0.100209 0.895421
vt 0.101195 0.965974
vt 0.101195 0.895421
vt 0.100209 0.965974
vt 0.080275 0.954316
vt 0.079072 0.954316
vt 0.080275 0.953388
vt 0.079072 0.953388
vt 0.080275 0.916329
vt 0.079072 0.916329
vt 0.080275 0.915426
vt 0.079072 0.915426
vt 0.080229 0.872404
vt 0.080229 0.953388
vt 0.080213 0.872404
vt 0.080213 0.953388
vt 0.080275 0.872517
vt 0.079988 0.872517
vt 0.080275 0.871227
vt 0.079988 0.871227
vt 0.079286 0.916329
vt 0.079286 0.953388
vt 0.079270 0.916329
vt 0.079270 0.953388
vt 0.080057 0.872404
vt 0.080057 0.953388
vt 0.080041 0.872404
vt 0.080041 0.953388
vt 0.080275 0.935107
vt 0.079072 0.935107
vt 0.080275 0.933816
vt 0.079072 0.933816
vt 0.204469 0.935936
vt 0.204469 0.848356
vt 0.204229 0.935936
vt 0.204229 0.848356
vt 0.203775 0.845116
vt 0.203775 0.936587
vt 0.203881 0.936587
vt 0.203881 0.845116
vt 0.204430 0.935936
vt 0.204430 0.848356
vt 0.204417 0.845116
vt 0.204312 0.936587
vt 0.204312 0.845116
vt 0.204310 0.848356
vt 0.204310 0.935936
vt 0.211314 0.828389
vt 0.211314 0.919859
vt 0.211536 0.831629
vt 0.211499 0.919208
vt 0.211499 0.831629
vt 0.204417 0.936587
vt 0.203875 0.936587
vt 0.203875 0.936587
vt 0.204312 0.935936
vt 0.204346 0.848356
vt 0.204312 0.848356
vt 0.211418 0.919859
vt 0.211418 0.828389
vt 0.203875 0.845116
vt 0.203982 0.845116
vt 0.203988 0.845116
vt 0.203884 0.845116
vt 0.211537 0.831629
vt 0.211537 0.919208
vt 0.215408 0.812186
vt 0.215359 0.812186
vt 0.211204 0.828389
vt 0.211199 0.828389
vt 0.211319 0.919859
vt 0.211413 0.919859
vt 0.211412 0.919859
vt 0.215408 0.855339
vt 0.215359 0.855339
vt 0.211100 0.828389
vt 0.211204 0.919859
vt 0.211413 0.828389
vt 0.211319 0.828389
vt 0.211412 0.828389
vt 0.203875 0.845116
vt 0.203884 0.936587
vt 0.211100 0.919859
vt 0.211199 0.919859
vt 0.211418 0.831629
vt 0.211379 0.831629
vt 0.204388 0.848356
vt 0.204350 0.848356
vt 0.204268 0.935936
vt 0.204268 0.848356
vt 0.211379 0.919208
vt 0.211418 0.919208
vt 0.204350 0.935936
vt 0.204388 0.935936
vt 0.204346 0.935936
vt 0.211536 0.919208
vt 0.204348 0.848356
vt 0.204348 0.935936
vt 0.203982 0.936587
vt 0.203988 0.936587
vt 0.114214 0.991252
vt 0.114201 0.989907
vt 0.114201 0.991252
vt 0.114201 0.957239
vt 0.114214 0.957423
vt 0.114214 0.989907
vt 0.114214 0.957239
vt 0.114304 0.991252
vt 0.114291 0.989907
vt 0.114291 0.991252
vt 0.114291 0.957239
vt 0.114304 0.957423
vt 0.114304 0.989907
vt 0.114304 0.957239
vt 0.114296 0.960826
vt 0.114207 0.961921
vt 0.114207 0.960826
vt 0.114207 0.961593
vt 0.114296 0.960498
vt 0.114207 0.960498
vt 0.114296 0.961593
vt 0.114296 0.961921
vt 0.114296 0.964752
vt 0.114207 0.965847
vt 0.114207 0.964752
vt 0.114207 0.965519
vt 0.114296 0.964424
vt 0.114207 0.964424
vt 0.114296 0.965519
vt 0.114296 0.965847
vt 0.114296 0.968679
vt 0.114207 0.969773
vt 0.114207 0.968679
vt 0.114207 0.969445
vt 0.114296 0.968350
vt 0.114207 0.968350
vt 0.114296 0.969445
vt 0.114296 0.969773
vt 0.114296 0.972605
vt 0.114207 0.973699
vt 0.114207 0.972605
vt 0.114207 0.973371
vt 0.114296 0.972276
vt 0.114207 0.972276
vt 0.114296 0.973371
vt 0.114296 0.973699
vt 0.114296 0.976531
vt 0.114207 0.977625
vt 0.114207 0.976531
vt 0.114207 0.977297
vt 0.114296 0.976203
vt 0.114207 0.976203
vt 0.114296 0.977297
vt 0.114296 0.977625
vt 0.114296 0.980457
vt 0.114207 0.981551
vt 0.114207 0.980457
vt 0.114207 0.981223
vt 0.114296 0.980129
vt 0.114207 0.980129
vt 0.114296 0.981223
vt 0.114296 0.981551
vt 0.114296 0.984383
vt 0.114207 0.985478
vt 0.114207 0.984383
vt 0.114207 0.985149
vt 0.114296 0.984055
vt 0.114207 0.984055
vt 0.114296 0.985149
vt 0.114296 0.985478
vt 0.114296 0.988309
vt 0.114207 0.989404
vt 0.114207 0.988309
vt 0.114207 0.989075
vt 0.114296 0.987981
vt 0.114207 0.987981
vt 0.114296 0.989075
vt 0.114296 0.989404
vt 0.111297 0.949974
vt 0.112651 0.875377
vt 0.111297 0.875377
vt 0.112651 0.948073
vt 0.111297 0.948073
vt 0.112651 0.949974
vt 0.089218 0.925452
vt 0.089218 0.873200
vt 0.089218 0.873199
vt 0.088452 0.873199
vt 0.088452 0.925452
vt 0.088452 0.873200
vt 0.089223 0.926315
vt 0.089223 0.874063
vt 0.088458 0.874063
vt 0.088458 0.926316
vt 0.088458 0.926315
vt 0.089223 0.926316
vt 0.101165 0.893548
vt 0.100172 0.960878
vt 0.100172 0.893548
vt 0.101165 0.960878
vt 0.099998 0.892497
vt 0.099998 0.961480
vt 0.101404 0.892497
vt 0.101404 0.961480
vt 0.222026 0.948690
vt 0.220443 0.903434
vt 0.222026 0.903434
vt 0.192309 0.817744
vt 0.192309 0.803896
vt 0.192801 0.803896
vt 0.574644 0.876198
vt 0.580423 0.811945
vt 0.584508 0.907698
vt 0.580839 0.904763
vt 0.580859 0.811945
vt 0.584835 0.841104
vt 0.580735 0.811945
vt 0.584760 0.841104
vt 0.580633 0.811945
vt 0.580571 0.811945
vt 0.584656 0.841104
vt 0.584626 0.841104
vt 0.584597 0.841104
vt 0.072991 0.822850
vt 0.073137 0.822880
vt 0.073137 0.819499
vt 0.073137 0.811610
vt 0.073137 0.810483
vt 0.073137 0.808229
vt 0.070620 0.831105
vt 0.072991 0.828485
vt 0.567808 0.810139
vt 0.072739 0.830639
vt 0.070368 0.838778
vt 0.070368 0.837061
vt 0.070368 0.833625
vt 0.070368 0.841355
vt 0.580452 0.867153
vt 0.114201 0.957423
vt 0.114291 0.957423
vt 0.220443 0.948690
vt 0.192801 0.833978
vt 0.192309 0.833978
s 0
usemtl Texture_Map
f 110/62/14 111/63/14 109/62/14
f 115/64/15 112/63/15 110/62/15
f 113/65/16 109/62/16 111/63/16
f 116/65/17 111/63/17 112/63/17
f 114/64/18 110/62/18 109/62/18
f 119/66/14 118/67/14 117/67/14
f 120/66/15 123/68/15 118/67/15
f 117/67/16 121/69/16 119/66/16
f 119/66/18 124/69/18 120/66/18
f 118/67/17 122/68/17 117/67/17
f 126/70/14 127/71/14 125/70/14
f 129/72/19 131/73/19 130/73/19
f 131/73/15 128/71/15 126/70/15
f 129/72/16 125/70/16 127/71/16
f 132/72/17 127/71/17 128/71/17
f 130/73/18 126/70/18 125/70/18
f 139/74/15 136/75/15 134/75/15
f 137/76/16 133/77/16 135/77/16
f 140/74/17 135/77/17 136/75/17
f 138/76/18 134/75/18 133/77/18
f 144/78/16 147/79/16 142/78/16
f 141/80/15 145/81/15 143/80/15
f 143/80/17 148/79/17 144/78/17
f 142/78/18 146/81/18 141/80/18
f 133/77/14 136/75/14 135/77/14
f 144/78/14 141/80/14 143/80/14
f 150/82/20 151/83/20 149/84/20
f 153/83/18 155/82/18 154/84/18
f 156/85/14 151/83/14 152/85/14
f 149/84/19 155/82/19 150/82/19
f 234/86/17 247/87/17 232/88/17
f 172/89/17 257/90/17 242/91/17
f 754/92/15 408/93/15 703/93/15
f 344/94/17 391/95/17 380/96/17
f 688/97/16 378/98/16 629/98/16
f 646/99/16 384/100/16 637/100/16
f 184/101/18 188/102/18 187/103/18
f 182/104/18 190/105/18 189/106/18
f 180/107/18 558/108/18 577/109/18
f 632/110/15 778/111/15 643/111/15
f 159/112/18 203/113/18 157/114/18
f 214/115/18 201/116/18 204/117/18
f 212/118/18 200/119/18 202/120/18
f 638/121/15 397/122/15 649/122/15
f 210/123/18 197/124/18 199/125/18
f 208/126/18 196/127/18 198/128/18
f 221/129/17 226/130/17 218/131/17
f 231/132/17 160/112/17 158/114/17
f 593/133/17 605/134/17 228/135/17
f 170/136/18 186/137/18 176/138/18
f 233/139/17 245/140/17 230/141/17
f 219/142/17 224/143/17 216/144/17
f 339/145/17 260/146/17 325/147/17
f 243/148/17 255/149/17 241/150/17
f 712/151/16 450/152/16 721/152/16
f 240/153/17 253/154/17 238/155/17
f 718/156/15 430/157/15 711/157/15
f 237/158/17 250/159/17 235/160/17
f 716/161/15 426/162/15 709/162/15
f 272/163/18 259/164/18 264/165/18
f 327/166/17 314/167/17 313/168/17
f 193/169/18 579/170/18 174/171/18
f 262/172/17 301/173/17 261/174/17
f 690/175/16 473/176/16 661/176/16
f 488/177/17 348/178/17 476/179/17
f 281/180/18 294/181/18 282/182/18
f 660/183/18 584/184/18 691/185/18
f 654/186/16 468/187/16 657/187/16
f 575/188/18 572/189/18 269/190/18
f 674/191/16 798/192/16 665/192/16
f 289/193/18 164/194/18 162/195/18
f 286/196/18 299/197/18 287/198/18
f 678/199/16 483/200/16 669/200/16
f 284/201/18 296/202/18 285/203/18
f 666/204/15 494/205/15 677/205/15
f 307/206/17 303/207/17 302/208/17
f 277/209/18 582/210/18 583/211/18
f 165/194/17 312/212/17 163/195/17
f 727/213/15 614/214/15 506/213/15
f 167/215/17 615/216/17 617/217/17
f 742/218/15 518/219/15 735/219/15
f 730/220/15 502/221/15 725/221/15
f 350/222/18 618/92/18 621/223/18
f 335/224/17 323/225/17 322/226/17
f 333/227/17 321/228/17 320/229/17
f 332/230/17 319/231/17 318/232/17
f 746/233/15 532/234/15 739/234/15
f 328/235/17 316/236/17 315/237/17
f 439/87/18 423/86/18 420/88/18
f 453/90/18 358/89/18 434/91/18
f 360/136/18 403/238/18 357/239/18
f 640/240/16 766/241/16 631/241/16
f 381/242/17 393/243/17 382/244/17
f 693/245/15 765/246/15 816/245/15
f 375/105/17 369/104/17 374/106/17
f 578/109/17 560/108/17 367/107/17
f 389/113/17 342/112/17 340/114/17
f 388/116/17 400/115/17 390/117/17
f 259/164/16 788/165/16 264/165/16
f 384/100/17 397/122/17 387/121/17
f 383/124/17 395/123/17 385/125/17
f 198/128/15 782/126/15 208/126/15
f 413/130/18 407/129/18 404/131/18
f 343/112/18 419/132/18 341/114/18
f 415/135/18 598/133/18 612/247/18
f 372/137/17 355/136/17 362/138/17
f 421/139/18 437/140/18 438/248/18
f 411/143/18 405/142/18 402/144/18
f 455/146/18 550/145/18 533/147/18
f 451/149/18 435/148/18 432/150/18
f 449/156/18 433/151/18 430/157/18
f 447/154/18 431/153/18 428/155/18
f 445/161/18 429/249/18 426/162/18
f 443/159/18 427/158/18 424/160/18
f 441/250/18 425/251/18 422/252/18
f 272/163/15 790/253/15 271/253/15
f 520/167/18 536/166/18 519/168/18
f 379/169/17 580/170/17 589/254/17
f 500/173/18 457/172/18 456/174/18
f 473/176/17 585/184/17 475/255/17
f 166/178/21 454/256/21 258/256/21
f 492/181/17 478/180/17 479/182/17
f 467/186/17 470/257/17 468/187/17
f 466/258/17 472/259/17 469/260/17
f 464/190/17 574/189/17 576/188/17
f 346/194/17 487/193/17 345/195/17
f 499/261/17 485/262/17 486/263/17
f 496/199/17 482/204/17 483/200/17
f 299/197/16 802/198/16 287/198/16
f 296/202/16 800/203/16 285/203/16
f 504/207/18 510/206/18 503/208/18
f 187/103/15 760/101/15 184/101/15
f 516/212/18 347/194/18 908/195/18
f 608/264/18 603/265/18 512/266/18
f 349/215/18 613/216/18 507/267/18
f 518/219/18 534/268/18 517/269/18
f 502/221/18 508/270/18 501/271/18
f 532/234/18 548/272/18 531/273/18
f 530/225/18 546/224/18 529/226/18
f 528/228/18 544/227/18 527/229/18
f 526/231/18 542/230/18 525/232/18
f 524/274/18 540/275/18 523/276/18
f 522/236/18 538/235/18 521/237/18
f 215/277/16 389/113/16 203/113/16
f 751/278/15 354/279/15 606/278/15
f 288/262/18 681/280/18 670/281/18
f 171/282/22 344/94/22 161/94/22
f 166/178/18 291/177/18 279/179/18
f 579/170/16 361/171/16 174/171/16
f 562/283/15 351/284/15 168/284/15
f 217/238/17 701/285/17 698/286/17
f 599/287/16 353/288/16 169/288/16
f 599/287/17 705/289/17 748/290/17
f 172/89/16 359/291/16 173/291/16
f 617/217/15 349/215/15 167/215/15
f 176/138/15 355/136/15 170/136/15
f 373/102/17 761/292/17 762/293/17
f 185/294/16 372/137/16 186/137/16
f 189/106/15 369/104/15 182/104/15
f 183/295/16 373/102/16 188/102/16
f 191/296/15 367/107/15 180/107/15
f 181/297/16 375/105/16 190/105/16
f 557/298/15 365/299/15 178/299/15
f 591/300/16 377/301/16 192/301/16
f 764/302/17 590/97/17 817/303/17
f 642/304/18 630/305/18 633/306/18
f 213/307/16 388/116/16 201/116/16
f 204/117/15 400/115/15 214/115/15
f 211/308/16 386/119/16 200/119/16
f 386/119/17 785/309/17 774/310/17
f 648/311/18 636/312/18 639/313/18
f 562/283/18 651/314/18 686/315/18
f 209/316/16 383/124/16 197/124/16
f 199/125/15 395/123/15 210/123/15
f 771/317/17 783/318/17 772/319/17
f 202/120/15 784/118/15 212/118/15
f 206/320/16 381/242/16 195/242/16
f 644/321/18 195/242/18 635/322/18
f 207/323/16 770/127/16 196/127/16
f 634/244/15 393/243/15 645/243/15
f 205/95/18 161/94/18 194/96/18
f 806/324/17 480/325/17 799/326/17
f 228/135/15 406/327/15 220/327/15
f 616/328/16 409/329/16 619/328/16
f 226/130/15 404/131/15 218/131/15
f 221/129/16 414/330/16 227/330/16
f 224/143/15 402/144/15 216/144/15
f 219/142/16 412/331/16 225/331/16
f 257/90/15 434/91/15 242/91/15
f 217/238/16 410/332/16 223/332/16
f 596/134/16 597/134/16 416/333/16
f 255/149/15 432/150/15 241/150/15
f 243/148/16 452/334/16 256/334/16
f 713/335/17 719/336/17 710/337/17
f 722/271/16 508/270/16 729/270/16
f 253/154/15 428/155/15 238/155/15
f 240/153/16 448/338/16 254/338/16
f 239/249/17 717/339/17 708/340/17
f 239/249/16 446/341/16 252/341/16
f 250/159/15 424/160/15 235/160/15
f 237/158/16 444/342/16 251/342/16
f 236/251/17 715/343/17 706/344/17
f 236/251/16 442/345/16 249/345/16
f 247/87/15 420/88/15 232/88/15
f 234/86/16 440/346/16 248/346/16
f 245/140/15 418/141/15 230/141/15
f 233/139/16 438/248/16 246/248/16
f 263/347/15 455/146/15 260/146/15
f 231/132/16 436/348/16 244/348/16
f 732/269/16 534/268/16 741/268/16
f 261/174/16 457/172/16 262/172/16
f 291/177/16 476/179/16 279/179/16
f 786/349/17 792/350/17 789/351/17
f 583/211/16 794/209/16 277/209/16
f 273/257/18 655/352/18 656/353/18
f 273/257/15 465/354/15 270/354/15
f 275/259/18 653/355/18 658/356/18
f 275/259/15 463/357/15 268/357/15
f 269/190/16 471/358/16 274/358/16
f 571/359/15 461/360/15 266/360/15
f 672/361/16 477/362/16 663/362/16
f 565/363/15 568/363/15 459/364/15
f 280/365/15 804/366/15 290/366/15
f 810/367/17 484/196/17 803/368/17
f 289/193/15 498/369/15 300/369/15
f 680/261/16 486/263/16 671/263/16
f 288/262/15 497/370/15 298/370/15
f 808/371/17 481/201/17 801/372/17
f 286/196/15 495/373/15 297/373/15
f 283/325/18 675/374/18 664/375/18
f 667/376/18 679/377/18 668/378/18
f 294/181/16 479/182/16 282/182/16
f 284/201/15 493/379/15 295/379/15
f 280/365/18 673/380/18 662/381/18
f 283/325/15 491/382/15 293/382/15
f 490/361/17 796/383/17 477/362/17
f 281/180/15 489/384/15 292/384/15
f 309/385/15 504/207/15 303/207/15
f 615/216/16 507/267/16 613/216/16
f 308/266/17 604/264/17 609/386/17
f 304/387/16 512/266/16 308/266/16
f 306/388/15 500/173/15 301/173/15
f 302/208/16 510/206/16 307/206/16
f 337/272/17 738/389/17 324/273/17
f 728/390/17 724/391/17 723/392/17
f 600/393/16 514/394/16 310/394/16
f 338/395/15 530/225/15 323/225/15
f 325/147/16 550/145/16 339/145/16
f 336/396/15 528/228/15 321/228/15
f 324/273/16 548/272/16 337/272/16
f 334/397/15 526/231/15 319/231/15
f 322/226/16 546/224/16 335/224/16
f 330/275/17 736/398/17 317/276/17
f 320/229/16 544/227/16 333/227/16
f 331/399/15 522/236/15 316/236/15
f 318/232/16 542/230/16 332/230/16
f 329/400/15 520/167/15 314/167/15
f 317/276/16 540/275/16 330/275/16
f 744/401/15 524/274/15 737/274/15
f 315/237/16 538/235/16 328/235/16
f 326/402/15 516/212/15 312/212/15
f 313/168/16 536/166/16 327/166/16
f 734/403/17 740/404/17 743/405/17
f 194/96/15 391/95/15 205/95/15
f 568/363/17 462/406/17 459/364/17
f 581/254/15 379/169/15 589/254/15
f 627/407/18 689/408/18 628/409/18
f 795/410/17 813/411/17 758/412/17
f 559/413/16 366/414/16 561/413/16
f 652/258/16 469/260/16 659/260/16
f 554/415/18 178/299/18 177/416/18
f 587/417/15 474/418/15 588/417/15
f 569/419/16 462/406/16 570/419/16
f 566/363/18 267/406/18 569/419/18
f 584/184/15 475/255/15 585/184/15
f 684/420/15 363/421/15 625/421/15
f 563/283/17 460/422/17 351/284/17
f 554/415/16 364/416/16 555/415/16
f 564/423/16 650/422/16 460/422/16
f 552/424/17 363/421/17 553/420/17
f 683/424/16 352/425/16 552/424/16
f 555/415/17 365/299/17 556/298/17
f 700/136/15 357/239/15 699/239/15
f 750/426/17 310/394/17 697/427/17
f 606/278/18 514/394/18 601/393/18
f 714/250/15 422/252/15 707/252/15
f 595/428/15 704/429/15 417/429/15
f 607/287/18 417/429/18 353/288/18
f 602/265/15 515/430/15 603/265/15
f 767/431/17 779/432/17 768/433/17
f 753/223/16 350/222/16 621/223/16
f 623/434/23 683/424/23 682/435/23
f 627/407/24 693/245/24 692/436/24
f 639/313/24 649/122/24 648/311/24
f 647/437/25 637/100/25 636/312/25
f 635/322/24 645/243/24 644/321/24
f 633/306/24 643/111/24 642/304/24
f 641/438/25 631/241/25 630/305/25
f 656/353/25 654/186/25 657/187/25
f 658/356/25 652/258/25 659/260/25
f 686/315/25 650/422/25 687/423/25
f 670/281/25 680/261/25 671/263/25
f 668/378/25 678/199/25 669/200/25
f 676/439/26 666/204/26 677/205/26
f 664/375/25 674/191/25 665/192/25
f 662/381/25 672/361/25 663/362/25
f 685/440/24 625/421/24 624/441/24
f 691/185/25 661/176/25 660/183/25
f 689/408/25 629/98/25 628/409/25
f 682/435/18 624/441/18 623/434/18
f 697/427/27 751/278/27 750/426/27
f 695/442/28 753/223/28 752/443/28
f 698/286/27 700/136/27 699/239/27
f 748/290/29 704/429/29 749/428/29
f 720/444/28 712/151/28 721/152/28
f 710/337/27 718/156/27 711/157/27
f 708/340/30 716/161/30 709/162/30
f 706/344/27 714/250/27 707/252/27
f 731/445/27 725/221/27 724/391/27
f 723/392/31 729/270/31 728/390/31
f 747/446/27 739/234/27 738/389/27
f 745/447/27 737/274/27 736/398/27
f 743/405/27 735/219/27 734/403/27
f 733/448/31 741/268/31 740/404/31
f 757/449/27 727/213/27 726/450/27
f 755/451/27 703/93/27 702/452/27
f 695/442/17 755/451/17 702/452/17
f 759/453/27 813/411/27 812/210/27
f 760/101/27 762/293/27 761/292/27
f 765/246/27 817/303/27 816/245/27
f 784/118/27 774/310/27 785/309/27
f 782/126/27 772/319/27 783/318/27
f 770/127/28 780/454/28 771/317/28
f 778/111/27 768/433/27 779/432/27
f 766/241/28 776/455/28 767/431/28
f 787/164/28 789/351/28 788/165/28
f 793/163/27 791/456/27 790/253/27
f 811/197/28 803/368/28 802/198/28
f 809/202/28 801/372/28 800/203/28
f 807/191/32 799/326/32 798/192/32
f 797/365/30 805/457/30 804/366/30
f 815/211/28 795/410/28 794/209/28
f 582/210/15 759/453/15 812/210/15
f 988/458/33 818/459/33 987/460/33
f 823/461/15 902/462/15 904/463/15
f 1272/464/15 1269/465/15 828/466/15
f 827/467/15 897/468/15 900/469/15
f 829/470/15 896/471/15 898/472/15
f 832/473/15 893/474/15 895/475/15
f 833/476/15 892/477/15 894/478/15
f 836/479/15 889/480/15 891/481/15
f 837/482/15 887/483/15 890/484/15
f 839/485/15 885/486/15 888/487/15
f 841/488/15 883/489/15 886/490/15
f 843/491/15 881/492/15 884/493/15
f 845/494/15 879/495/15 882/496/15
f 847/497/15 877/498/15 880/499/15
f 849/500/15 875/501/15 878/502/15
f 851/503/15 873/504/15 876/505/15
f 853/506/15 871/507/15 874/508/15
f 855/509/15 869/510/15 872/511/15
f 857/512/15 1281/513/15 870/514/15
f 1287/515/18 1309/516/18 1038/517/18
f 867/518/15 1291/519/15 1286/520/15
f 864/521/15 868/522/15 861/523/15
f 863/524/15 340/525/15 866/526/15
f 821/527/15 341/528/15 819/529/15
f 1226/530/16 1222/531/16 915/532/16
f 1221/533/16 917/534/16 914/535/16
f 918/536/16 1220/537/16 1208/538/16
f 919/539/16 975/471/16 920/540/16
f 921/541/16 971/542/16 924/543/16
f 923/544/16 970/545/16 925/546/16
f 926/547/16 968/480/16 927/548/16
f 1228/549/16 1230/550/16 928/551/16
f 1236/552/16 963/553/16 932/554/16
f 933/555/16 960/556/16 935/557/16
f 936/558/16 958/559/16 937/560/16
f 938/561/16 955/507/16 940/562/16
f 941/563/16 952/564/16 943/565/16
f 1255/566/16 1247/567/16 942/568/16
f 1358/569/18 1248/570/18 1146/571/18
f 946/572/16 1251/573/16 1253/574/16
f 908/528/16 911/575/16 910/576/16
f 1092/577/16 992/578/16 989/579/16
f 991/580/16 1087/581/16 994/582/16
f 993/583/16 1085/462/16 996/584/16
f 1275/585/16 1266/586/16 995/587/16
f 1273/464/16 1081/588/16 1000/589/16
f 999/590/16 1079/468/16 1002/591/16
f 1001/592/16 1077/471/16 1004/593/16
f 1078/594/16 1006/595/16 1003/596/16
f 1005/597/16 1073/474/16 1008/598/16
f 1007/599/16 1071/477/16 1010/600/16
f 1009/601/16 1069/602/16 1012/603/16
f 1011/604/16 1067/480/16 1014/605/16
f 1013/606/16 1065/483/16 1016/607/16
f 1015/608/16 1063/486/16 1018/609/16
f 1017/610/16 1061/489/16 1020/611/16
f 1019/612/16 1059/492/16 1022/613/16
f 1021/614/16 1057/495/16 1024/615/16
f 1023/616/16 1055/498/16 1026/617/16
f 1025/618/16 1053/501/16 1028/619/16
f 1027/620/16 1051/504/16 1030/621/16
f 1029/622/16 1049/507/16 1032/623/16
f 1031/624/16 1047/510/16 1034/625/16
f 1033/626/16 1282/513/16 1036/627/16
f 1035/628/16 1287/515/16 1038/517/16
f 1288/520/16 1045/518/16 1040/629/16
f 1046/522/16 1042/630/16 1039/631/16
f 1041/632/16 985/525/16 987/633/16
f 986/528/16 990/634/16 988/635/16
f 1098/578/15 1202/577/15 1095/579/15
f 1097/580/15 1197/581/15 1200/636/15
f 1212/637/15 1195/638/15 1198/639/15
f 1104/640/15 1225/533/15 1101/641/15
f 1106/589/15 1206/538/15 1218/537/15
f 1105/590/15 1189/468/15 1192/469/15
f 1107/592/15 1187/471/15 1190/472/15
f 1112/642/15 1188/643/15 1109/644/15
f 1111/645/15 1183/542/15 1186/646/15
f 1113/647/15 1181/545/15 1184/648/15
f 1115/649/15 1179/650/15 1182/651/15
f 1117/604/15 1177/480/15 1180/481/15
f 1119/606/15 1175/483/15 1178/484/15
f 1121/652/15 1227/549/15 1176/653/15
f 1233/552/15 1238/654/15 1126/655/15
f 1125/612/15 1169/492/15 1172/493/15
f 1127/656/15 1167/556/15 1170/657/15
f 1129/658/15 1165/659/15 1168/660/15
f 1131/661/15 1163/559/15 1166/662/15
f 1133/663/15 1161/664/15 1164/665/15
f 1135/622/15 1159/507/15 1162/508/15
f 1137/624/15 1157/510/15 1160/511/15
f 1139/626/15 1155/564/15 1158/514/15
f 1141/666/15 1256/566/15 1156/667/15
f 1143/668/15 1248/570/15 1243/669/15
f 1148/630/15 1254/574/15 1252/573/15
f 1147/632/15 1093/525/15 1150/526/15
f 1406/635/15 1201/670/15 1094/528/15
f 820/671/17 1092/577/17 989/579/17
f 821/527/18 1091/670/18 906/670/18
f 822/672/17 1090/636/17 991/580/17
f 820/671/15 1323/673/15 907/577/15
f 823/461/17 1088/463/17 993/583/17
f 822/672/15 1321/674/15 905/636/15
f 824/675/17 1086/676/17 995/587/17
f 825/677/18 1085/462/18 902/462/18
f 826/678/17 1270/679/17 997/680/17
f 1325/681/17 1202/577/17 1392/577/17
f 827/467/17 1082/469/17 999/590/17
f 828/466/18 1081/588/18 899/588/18
f 829/470/17 1080/472/17 1001/592/17
f 830/682/18 1079/468/18 897/468/18
f 1299/683/15 1315/684/15 1318/685/15
f 831/686/18 1077/471/18 896/471/18
f 832/473/17 1076/475/17 1005/597/17
f 1304/687/17 1072/688/17 1009/601/17
f 833/476/17 1074/478/17 1007/599/17
f 834/689/18 1073/474/18 893/474/18
f 1303/690/15 1311/691/15 1314/692/15
f 835/693/18 1071/477/18 892/477/18
f 836/479/17 1070/481/17 1011/604/17
f 837/482/17 1068/484/17 1013/606/17
f 838/694/18 1067/480/18 889/480/18
f 839/485/17 1066/487/17 1015/608/17
f 840/695/18 1065/483/18 887/483/18
f 841/488/17 1064/490/17 1017/610/17
f 842/696/18 1063/486/18 885/486/18
f 843/491/17 1062/493/17 1019/612/17
f 844/697/18 1061/489/18 883/489/18
f 845/494/17 1060/496/17 1021/614/17
f 846/698/18 1059/492/18 881/492/18
f 847/497/17 1058/499/17 1023/616/17
f 848/699/18 1057/495/18 879/495/18
f 849/500/17 1056/502/17 1025/618/17
f 850/700/18 1055/498/18 877/498/18
f 851/503/17 1054/505/17 1027/620/17
f 852/701/18 1053/501/18 875/501/18
f 853/506/17 1052/508/17 1029/622/17
f 854/702/18 1051/504/18 873/504/18
f 855/509/17 1050/511/17 1031/624/17
f 856/703/18 1049/507/18 871/507/18
f 857/512/17 1048/514/17 1033/626/17
f 858/704/18 1047/510/18 869/510/18
f 1307/705/15 1401/706/15 1404/707/15
f 860/708/17 1285/709/17 1037/710/17
f 861/523/17 1046/522/17 1039/631/17
f 862/711/18 1045/518/18 867/518/18
f 863/524/17 1044/526/17 1041/632/17
f 864/521/18 1043/712/18 865/712/18
f 1295/713/18 1087/581/18 1322/581/18
f 1268/714/18 1297/715/18 998/716/18
f 1300/717/17 1078/594/17 1003/596/17
f 1301/718/18 1075/719/18 1316/719/18
f 1305/720/18 1069/602/18 1312/602/18
f 1308/721/17 1289/722/17 1035/628/17
f 1391/723/16 912/724/16 1326/725/16
f 911/575/18 1201/670/18 1096/634/18
f 1328/726/16 1388/674/16 1329/727/16
f 912/724/18 1199/728/18 1098/578/18
f 913/729/17 1198/639/17 982/639/17
f 1331/730/17 1192/469/17 1386/469/17
f 1209/731/17 1196/732/17 981/732/17
f 915/532/18 1223/531/18 1102/733/18
f 1204/734/17 1194/735/17 979/735/17
f 917/534/18 1217/736/18 1104/640/18
f 1332/737/16 1384/738/16 1333/739/16
f 918/536/18 1191/588/18 1106/589/18
f 919/539/17 1190/472/17 976/472/17
f 1335/740/17 1188/643/17 1382/643/17
f 1336/741/16 973/742/16 922/743/16
f 920/540/18 1187/471/18 1110/593/18
f 921/541/17 1186/646/17 974/646/17
f 922/743/18 1185/742/18 1112/642/18
f 923/544/17 1184/648/17 972/648/17
f 924/543/18 1183/542/18 1114/744/18
f 1338/745/16 1378/746/16 1339/747/16
f 925/546/18 1181/545/18 1116/748/18
f 926/547/17 1180/481/17 969/481/17
f 1341/749/17 1178/484/17 1376/484/17
f 1342/750/16 966/483/16 929/751/16
f 927/548/18 1177/480/18 1120/605/18
f 928/551/17 1176/653/17 967/653/17
f 929/751/18 1175/483/18 1122/607/18
f 1235/752/17 1174/753/17 965/753/17
f 931/754/18 1242/755/18 1124/756/18
f 1344/757/16 961/492/16 934/758/16
f 932/554/18 1171/553/18 1126/655/18
f 933/555/17 1170/657/17 962/657/17
f 934/758/18 1169/492/18 1128/613/18
f 1346/759/16 1370/760/16 1347/761/16
f 935/557/18 1167/556/18 1130/762/18
f 936/558/17 1166/662/17 959/662/17
f 1349/763/17 1164/665/17 1368/665/17
f 1350/764/16 956/664/16 939/765/16
f 937/560/18 1163/559/18 1134/766/18
f 938/561/17 1162/508/17 957/508/17
f 939/765/18 1161/664/18 1136/767/18
f 1352/768/16 1364/769/16 1353/770/16
f 940/562/18 1159/507/18 1138/623/18
f 941/563/17 1158/514/17 954/514/17
f 942/568/17 1156/667/17 953/667/17
f 943/565/18 1155/564/18 1142/627/18
f 1257/771/17 1154/772/17 951/772/17
f 944/773/18 1245/774/18 1144/775/18
f 1262/776/17 1152/522/17 949/522/17
f 1359/777/17 1150/526/17 1362/526/17
f 1361/778/16 909/779/16 1360/780/16
f 946/572/18 1149/712/18 1148/630/18
f 1327/781/17 1200/636/17 1390/636/17
f 1330/782/18 1197/581/18 1100/582/18
f 1334/783/18 1189/468/18 1108/591/18
f 1337/784/17 1182/651/17 1380/651/17
f 1340/785/18 1179/650/18 1118/786/18
f 1343/787/17 1172/493/17 1374/493/17
f 1345/788/17 1168/660/17 1372/660/17
f 1348/789/18 1165/659/18 1132/790/18
f 1351/791/17 1160/511/17 1366/511/17
f 1354/792/18 1157/510/18 1140/625/18
f 1243/669/17 1355/793/17 1143/668/17
f 1213/731/15 1193/794/15 1196/732/15
f 1210/795/18 1195/638/18 1211/795/18
f 1259/796/18 1151/797/18 1260/796/18
f 1356/798/16 1396/799/16 1357/800/16
f 1225/533/17 914/535/17 1101/641/17
f 1207/801/18 1193/794/18 1205/801/18
f 1260/796/15 1154/772/15 1263/771/15
f 1249/802/17 945/803/17 1145/631/17
f 1232/804/18 1173/805/18 1234/804/18
f 1215/679/17 916/806/17 1103/680/17
f 1241/807/17 930/808/17 1123/809/17
f 1209/731/16 978/794/16 1207/801/16
f 1258/810/18 1153/811/18 1264/810/18
f 1257/771/16 948/797/16 1259/796/16
f 824/675/15 1274/585/15 903/676/15
f 1276/734/17 1084/735/17 1278/734/17
f 1399/812/18 1083/813/18 1320/813/18
f 1290/814/18 859/815/18 1036/627/18
f 1294/816/24 1324/728/24 1323/673/24
f 1296/817/24 1322/581/24 1321/674/24
f 1298/818/24 1398/714/24 1397/819/24
f 1318/685/27 1300/717/27 1299/683/27
f 1302/820/24 1316/719/24 1315/684/24
f 1314/692/27 1304/687/27 1303/690/27
f 1306/821/24 1312/602/24 1311/691/24
f 1310/822/24 1402/515/24 1401/706/24
f 1392/577/28 1326/725/28 1325/681/28
f 1390/636/28 1328/726/28 1327/781/28
f 1330/782/25 1388/674/25 1387/581/25
f 1386/469/28 1332/737/28 1331/730/28
f 1334/783/25 1384/738/25 1383/468/25
f 1382/643/28 1336/741/28 1335/740/28
f 1380/651/28 1338/745/28 1337/784/28
f 1340/785/25 1378/746/25 1377/650/25
f 1376/484/28 1342/750/28 1341/749/28
f 1374/493/28 1344/757/28 1343/787/28
f 1372/660/28 1346/759/28 1345/788/28
f 1348/789/25 1370/760/25 1369/659/25
f 1368/665/28 1350/764/28 1349/763/28
f 1366/511/28 1352/768/28 1351/791/28
f 1354/792/25 1364/769/25 1363/510/25
f 1358/569/25 1396/799/25 1395/570/25
f 1362/526/28 1360/780/28 1359/777/28
f 1355/793/28 1393/823/28 1356/798/28
f 1400/824/24 1320/813/24 1319/825/24
f 1404/707/27 1308/721/27 1307/705/27
f 1293/826/18 1089/728/18 1324/728/18
f 909/827/34 1406/828/34 1405/829/34
f 1409/459/35 1407/458/35 1408/460/35
f 1413/829/36 1411/830/36 1412/827/36
f 819/831/15 1409/459/15 818/459/15
f 987/460/37 1407/458/37 988/458/37
f 1406/828/15 1413/829/15 1405/829/15
f 909/827/38 1411/830/38 910/832/38
f 1418/833/15 1421/834/15 1416/833/15
f 1415/835/16 1419/836/16 1417/835/16
f 1417/835/17 1422/834/17 1418/833/17
f 1415/835/18 1421/834/18 1420/836/18
f 1429/837/16 1426/838/16 1424/838/16
f 1427/839/15 1423/840/15 1425/840/15
f 1430/837/17 1425/840/17 1426/838/17
f 1423/840/18 1429/837/18 1424/838/18
f 1435/841/19 1437/842/19 1436/843/19
f 1438/844/17 1433/841/17 1434/844/17
f 1436/843/18 1432/842/18 1431/843/18
f 1437/842/15 1434/844/15 1432/842/15
f 1435/841/16 1431/843/16 1433/841/16
f 1431/843/14 1434/844/14 1433/841/14
f 1451/845/18 1638/846/18 1619/847/18
f 1582/848/39 1615/849/39 1616/850/39
f 1506/851/40 1478/852/40 1504/853/40
f 1505/854/40 1439/855/40 1441/856/40
f 1512/857/40 1479/858/40 1510/859/40
f 1509/860/40 1475/861/40 1507/862/40
f 1513/863/40 1481/864/40 1511/865/40
f 1451/845/39 1619/847/39 1620/866/39
f 1516/867/40 1483/868/40 1514/869/40
f 1518/870/40 1485/871/40 1515/872/40
f 1520/873/40 1487/874/40 1517/875/40
f 1522/876/40 1489/877/40 1519/878/40
f 1523/879/40 1491/880/40 1521/881/40
f 1592/882/39 1623/883/39 1624/884/39
f 1526/885/40 1493/886/40 1524/887/40
f 1550/888/39 1627/889/39 1553/890/39
f 1529/891/40 1496/892/40 1527/893/40
f 1531/894/40 1498/895/40 1528/896/40
f 1558/897/39 1629/898/39 1559/899/39
f 1534/900/40 1501/901/40 1532/902/40
f 1442/903/40 1503/904/40 1533/905/40
f 1562/906/41 1469/907/41 1561/908/41
f 1501/901/18 1609/909/18 1532/902/18
f 1558/897/41 1560/910/41 1557/911/41
f 1498/895/18 1601/912/18 1528/896/18
f 1496/892/18 1597/913/18 1527/893/18
f 1550/888/41 1554/914/41 1549/915/41
f 1548/916/41 1552/917/41 1547/918/41
f 1644/919/40 1624/884/40 1641/920/40
f 1542/921/41 1546/922/41 1541/923/41
f 1538/924/41 1544/925/41 1537/926/41
f 1536/927/41 1540/928/41 1535/929/41
f 1588/930/17 1486/931/17 1518/870/17
f 1449/932/41 1443/933/41 1450/934/41
f 1451/845/41 1447/935/41 1452/936/41
f 1566/937/17 1482/938/17 1513/863/17
f 1461/939/41 1457/940/41 1462/941/41
f 1455/942/41 1453/943/41 1456/944/41
f 1471/945/41 1465/946/41 1472/947/41
f 1467/948/41 1463/949/41 1468/950/41
f 1634/951/40 1616/850/40 1631/952/40
f 1576/953/39 1459/954/39 1474/955/39
f 1481/864/18 1571/956/18 1511/865/18
f 1471/945/18 1441/856/18 1439/855/18
f 1529/891/17 1555/957/17 1497/958/17
f 1538/924/18 1519/878/18 1489/877/18
f 1509/860/17 1458/959/17 1473/960/17
f 1470/961/39 1503/904/39 1440/962/39
f 1639/963/17 1448/964/17 1622/965/17
f 1442/903/17 1470/961/17 1440/962/17
f 1558/897/18 1530/966/18 1500/967/18
f 1520/873/17 1539/968/17 1488/969/17
f 1455/942/18 1510/859/18 1479/858/18
f 1444/970/39 1483/868/39 1484/971/39
f 1542/921/18 1521/881/18 1491/880/18
f 1574/972/17 1618/973/17 1635/974/17
f 1445/975/41 1587/976/41 1446/977/41
f 1611/978/39 1612/979/39 1501/901/39
f 1522/876/17 1543/980/17 1490/981/17
f 1539/968/39 1487/874/39 1488/969/39
f 1648/982/40 1500/967/40 1530/966/40
f 1596/983/17 1626/984/17 1643/985/17
f 1512/857/17 1454/986/17 1480/987/17
f 1543/980/39 1489/877/39 1490/981/39
f 1562/906/18 1533/905/18 1503/904/18
f 1523/879/17 1545/988/17 1492/989/17
f 1640/990/40 1620/866/40 1637/991/40
f 1545/988/39 1491/880/39 1492/989/39
f 1534/900/17 1563/992/17 1502/993/17
f 1548/916/18 1524/887/18 1493/886/18
f 1569/994/39 1570/995/39 1481/864/39
f 1467/948/18 1504/853/18 1478/852/18
f 1591/996/41 1595/997/41 1590/998/41
f 1459/954/41 1573/999/41 1460/1000/41
f 1645/1001/17 1553/890/17 1628/1002/17
f 1449/932/18 1514/869/18 1483/868/18
f 1505/854/17 1466/1003/17 1477/1004/17
f 1551/1005/39 1493/886/39 1494/1006/39
f 1458/959/39 1475/861/39 1473/960/39
f 1550/888/18 1525/1007/18 1495/1008/18
f 1623/883/18 1589/1009/18 1642/1010/18
f 1586/1011/39 1445/975/39 1485/871/39
f 1581/1012/41 1577/1013/41 1584/1014/41
f 1647/1015/17 1559/899/17 1630/1016/17
f 1636/1017/40 1474/955/40 1508/1018/40
f 1526/885/17 1551/1005/17 1494/1006/17
f 1445/975/18 1515/872/18 1485/871/18
f 1506/851/17 1464/1019/17 1476/1020/17
f 1599/1021/41 1556/1022/41 1598/1023/41
f 1464/1019/39 1478/852/39 1476/1020/39
f 1599/1021/39 1600/1024/39 1496/892/39
f 1516/867/17 1444/970/17 1484/971/17
f 1461/939/18 1507/862/18 1475/861/18
f 1603/1025/41 1607/1026/41 1602/1027/41
f 1608/1028/17 1499/1029/17 1531/894/17
f 1466/1003/39 1439/855/39 1477/1004/39
f 1646/1030/40 1495/1008/40 1525/1007/40
f 1536/927/18 1517/875/18 1487/874/18
f 1615/849/18 1583/1031/18 1632/1032/18
f 1454/986/39 1479/858/39 1480/987/39
f 1603/1025/39 1604/1033/39 1498/895/39
f 1459/954/18 1508/1018/18 1474/955/18
f 1611/978/41 1564/1034/41 1610/1035/41
f 1569/994/41 1565/1036/41 1572/1037/41
f 1609/909/42 1611/978/42 1610/1035/42
f 1608/1028/43 1606/1038/43 1605/1039/43
f 1601/912/42 1603/1025/42 1602/1027/42
f 1597/913/42 1599/1021/42 1598/1023/42
f 1596/983/43 1594/1040/43 1593/1041/43
f 1589/1009/42 1591/996/42 1590/998/42
f 1588/930/43 1586/1011/43 1585/1042/43
f 1566/937/43 1568/1043/43 1567/1044/43
f 1571/956/42 1569/994/42 1572/1037/42
f 1574/972/44 1576/953/44 1575/1045/44
f 1578/1046/43 1580/1047/43 1579/1048/43
f 1583/1031/42 1581/1012/42 1584/1014/42
f 1616/850/45 1632/1032/45 1631/952/45
f 1634/951/46 1614/1049/46 1613/1050/46
f 1636/1017/46 1618/973/46 1617/1051/46
f 1620/866/45 1638/846/45 1637/991/45
f 1640/990/46 1622/965/46 1621/1052/46
f 1624/884/45 1642/1010/45 1641/920/45
f 1644/919/46 1626/984/46 1625/1053/46
f 1646/1030/46 1628/1002/46 1627/889/46
f 1648/982/46 1630/1016/46 1629/898/46
f 1578/1046/17 1614/1049/17 1633/1054/17
f 1796/1055/18 1660/1056/18 1659/1057/18
f 1757/1058/47 1756/1059/47 1790/1060/47
f 1686/1061/48 1506/851/48 1504/853/48
f 1649/1062/48 1505/854/48 1441/856/48
f 1687/1063/48 1512/857/48 1510/859/48
f 1683/1064/48 1509/1065/48 1507/1066/48
f 1689/1067/48 1513/1068/48 1511/1069/48
f 1659/1057/47 1656/1070/47 1798/1071/47
f 1691/1072/48 1516/1073/48 1514/1074/48
f 1693/1075/48 1518/870/48 1515/872/48
f 1695/1076/48 1520/1077/48 1517/1078/48
f 1697/1079/48 1522/1080/48 1519/1081/48
f 1699/1082/48 1523/879/48 1521/881/48
f 1771/1083/47 1770/1084/47 1802/1085/47
f 1701/1086/48 1526/885/48 1524/887/48
f 1730/1087/47 1804/1088/47 1727/1089/47
f 1704/1090/48 1529/1091/48 1527/1092/48
f 1706/1093/48 1531/894/48 1528/896/48
f 1736/1094/47 1806/1095/47 1735/1096/47
f 1709/1097/48 1534/900/48 1532/902/48
f 1711/1098/48 1442/903/48 1533/905/48
f 1677/1099/49 1739/1100/49 1738/1101/49
f 1532/902/18 1789/1102/18 1709/1097/18
f 1737/1103/49 1735/1096/49 1734/1104/49
f 1528/896/18 1781/1105/18 1706/1093/18
f 1527/1092/18 1777/1106/18 1704/1090/18
f 1731/1107/49 1727/1089/49 1726/1108/49
f 1729/1109/49 1725/1110/49 1724/1111/49
f 1801/1112/48 1644/1113/48 1641/1114/48
f 1723/1115/49 1719/1116/49 1718/1117/49
f 1721/1118/49 1715/1119/49 1714/1120/49
f 1717/1121/49 1713/1122/49 1712/1123/49
f 1518/870/17 1762/1124/17 1765/1125/17
f 1651/1126/49 1657/1127/49 1658/1128/49
f 1655/1129/49 1659/1057/49 1660/1056/49
f 1513/1068/17 1744/1130/17 1743/1131/17
f 1665/1132/49 1669/1133/49 1670/1134/49
f 1661/1135/49 1663/1136/49 1664/1137/49
f 1673/1138/49 1679/1139/49 1680/1140/49
f 1671/1141/49 1675/1142/49 1676/1143/49
f 1793/1144/48 1634/951/48 1631/952/48
f 1753/1145/47 1752/1146/47 1794/1147/47
f 1511/1069/18 1747/1148/18 1689/1067/18
f 1441/856/18 1679/1139/18 1649/1062/18
f 1529/1091/17 1732/1149/17 1733/1150/17
f 1519/1081/18 1715/1119/18 1697/1079/18
f 1509/1065/17 1666/1151/17 1665/1132/17
f 1711/1098/47 1678/1152/47 1650/1153/47
f 1799/1154/17 1655/1129/17 1812/1155/17
f 1442/903/17 1678/1152/17 1677/1099/17
f 1530/966/18 1735/1096/18 1708/1156/18
f 1520/1077/17 1716/1157/17 1717/1121/17
f 1510/859/18 1663/1136/18 1687/1063/18
f 1691/1072/47 1652/1158/47 1692/1159/47
f 1521/881/18 1719/1116/18 1699/1082/18
f 1795/1160/17 1751/1161/17 1810/1162/17
f 1764/1163/49 1653/1164/49 1654/1165/49
f 1709/1097/47 1789/1102/47 1788/1166/47
f 1522/1080/17 1720/1167/17 1721/1118/17
f 1695/1076/47 1716/1157/47 1696/1168/47
f 1708/1156/48 1648/982/48 1530/966/48
f 1803/1169/17 1773/1170/17 1814/1171/17
f 1512/857/17 1662/1172/17 1661/1135/17
f 1697/1079/47 1720/1167/47 1698/1173/47
f 1533/905/18 1739/1100/18 1711/1098/18
f 1523/879/17 1722/1174/17 1723/1115/17
f 1797/1175/48 1640/990/48 1637/991/48
f 1699/1082/47 1722/1174/47 1700/1176/47
f 1534/900/17 1740/1177/17 1741/1178/17
f 1524/887/18 1725/1110/18 1701/1086/18
f 1746/1179/47 1745/1180/47 1689/1067/47
f 1504/853/18 1675/1142/18 1686/1061/18
f 1772/1181/49 1768/1182/49 1767/1183/49
f 1750/1184/49 1667/1185/49 1668/1186/49
f 1805/1187/17 1731/1107/17 1815/1188/17
f 1514/1074/18 1657/1127/18 1691/1072/18
f 1505/854/17 1674/1189/17 1673/1138/17
f 1701/1086/47 1728/1190/47 1702/1191/47
f 1683/1064/47 1666/1151/47 1681/1192/47
f 1525/1193/18 1727/1089/18 1703/1194/18
f 1800/1195/18 1766/1196/18 1769/1197/18
f 1693/1075/47 1653/1164/47 1763/1198/47
f 1754/1199/49 1758/1200/49 1761/1201/49
f 1807/1202/17 1737/1103/17 1816/1203/17
f 1682/1204/48 1636/1017/48 1508/1018/48
f 1526/885/17 1728/1190/17 1729/1109/17
f 1515/872/18 1653/1164/18 1693/1075/18
f 1506/851/17 1672/1205/17 1671/1141/17
f 1733/1150/49 1776/1206/49 1775/1207/49
f 1686/1061/47 1672/1205/47 1684/1208/47
f 1704/1090/47 1777/1106/47 1776/1206/47
f 1516/1073/17 1652/1158/17 1651/1126/17
f 1507/1066/18 1669/1133/18 1683/1064/18
f 1784/1209/49 1780/1210/49 1779/1211/49
f 1531/894/17 1782/1212/17 1785/1213/17
f 1649/1062/47 1674/1189/47 1685/1214/47
f 1703/1194/48 1646/1215/48 1525/1193/48
f 1517/1078/18 1713/1122/18 1695/1076/18
f 1792/1216/18 1760/1217/18 1759/1218/18
f 1687/1063/47 1662/1172/47 1688/1219/47
f 1780/1210/47 1783/1220/47 1706/1093/47
f 1508/1018/18 1667/1185/18 1682/1204/18
f 1741/1178/49 1788/1166/49 1787/1221/49
f 1742/1222/49 1746/1179/49 1749/1223/49
f 1787/1221/50 1789/1102/50 1786/1224/50
f 1783/1220/51 1785/1213/51 1782/1212/51
f 1779/1211/50 1781/1105/50 1778/1225/50
f 1775/1207/50 1777/1106/50 1774/1226/50
f 1771/1083/52 1773/1170/52 1770/1084/52
f 1767/1183/50 1769/1197/50 1766/1196/50
f 1763/1198/52 1765/1125/52 1762/1124/52
f 1745/1180/52 1743/1131/52 1744/1130/52
f 1749/1223/50 1747/1148/50 1748/1227/50
f 1753/1145/53 1751/1161/53 1752/1146/53
f 1757/1058/53 1755/1228/53 1756/1059/53
f 1761/1201/54 1759/1218/54 1760/1217/54
f 1631/952/55 1792/1216/55 1793/1144/55
f 1791/1229/56 1634/951/56 1790/1060/56
f 1795/1160/56 1636/1017/56 1794/1147/56
f 1637/991/55 1796/1055/55 1797/1175/55
f 1799/1154/56 1640/990/56 1798/1071/56
f 1641/1114/55 1800/1195/55 1801/1112/55
f 1803/1169/56 1644/1113/56 1802/1085/56
f 1805/1187/56 1646/1215/56 1804/1088/56
f 1807/1202/56 1648/982/56 1806/1095/56
f 1791/1229/17 1755/1228/17 1809/1230/17
f 1819/1231/19 1818/1232/19 1817/1231/19
f 1823/1233/14 1821/1234/14 1822/1234/14
f 1819/1231/17 1824/1233/17 1820/1232/17
f 1818/1232/18 1822/1234/18 1817/1231/18
f 1820/1232/15 1823/1233/15 1818/1232/15
f 1817/1231/16 1821/1234/16 1819/1231/16
f 1827/1235/19 1826/1236/19 1825/1235/19
f 1831/1237/14 1829/1238/14 1830/1238/14
f 1827/1235/17 1832/1237/17 1828/1236/17
f 1826/1236/18 1830/1238/18 1825/1235/18
f 1828/1236/15 1831/1237/15 1826/1236/15
f 1825/1235/16 1829/1238/16 1827/1235/16
f 1835/1239/16 1834/1240/16 1833/1239/16
f 1839/1233/15 1837/1236/15 1838/1236/15
f 1835/1239/17 1840/1233/17 1836/1240/17
f 1834/1240/18 1838/1236/18 1833/1239/18
f 1843/1235/16 1842/1234/16 1841/1235/16
f 1847/1241/15 1845/1242/15 1846/1242/15
f 1843/1235/17 1848/1241/17 1844/1234/17
f 1842/1234/18 1846/1242/18 1841/1235/18
f 1853/1243/18 1849/1241/18 1854/1244/18
f 1854/1244/18 1850/1240/18 1855/1245/18
f 1856/1246/18 1850/1240/18 1852/1247/18
f 1856/1246/18 1851/1248/18 1853/1243/18
f 1857/1241/17 1861/1243/17 1862/1244/17
f 1858/1240/17 1862/1244/17 1863/1245/17
f 1864/1246/17 1858/1240/17 1863/1245/17
f 1859/1248/17 1864/1246/17 1861/1243/17
f 1886/1244/15 1861/1243/15 1885/1243/15
f 1887/1245/14 1862/1244/14 1886/1244/14
f 1888/1246/16 1863/1245/16 1887/1245/16
f 1870/1249/18 1869/1250/18 1865/1251/18
f 1871/1251/17 1875/1250/17 1876/1249/17
f 1869/1250/19 1872/1252/19 1866/1252/19
f 1865/1251/14 1874/1253/14 1868/1253/14
f 1867/1254/19 1876/1249/19 1870/1249/19
f 1878/1255/18 1880/1256/18 1879/1257/18
f 1881/1258/17 1883/1257/17 1884/1256/17
f 1884/1256/16 1877/1258/16 1881/1258/16
f 1882/1255/15 1879/1257/15 1883/1257/15
f 1885/1243/19 1864/1246/19 1888/1246/19
f 1853/1243/19 1888/1246/19 1856/1246/19
f 1856/1246/16 1887/1245/16 1855/1245/16
f 1855/1245/14 1886/1244/14 1854/1244/14
f 1854/1244/15 1885/1243/15 1853/1243/15
f 1891/1259/19 1890/1260/19 1889/1260/19
f 1895/1261/14 1893/1262/14 1894/1261/14
f 1892/1259/15 1895/1261/15 1890/1260/15
f 1889/1260/16 1893/1262/16 1891/1259/16
f 1891/1259/17 1896/1262/17 1892/1259/17
f 1890/1260/18 1894/1261/18 1889/1260/18
f 1899/1263/19 1898/1264/19 1897/1264/19
f 1903/1265/14 1901/1266/14 1902/1265/14
f 1900/1263/15 1903/1265/15 1898/1264/15
f 1897/1264/16 1901/1266/16 1899/1263/16
f 1899/1263/17 1904/1266/17 1900/1263/17
f 1898/1264/18 1902/1265/18 1897/1264/18
f 1907/1267/17 1906/1268/17 1905/1268/17
f 1911/1269/18 1909/1270/18 1910/1269/18
f 1908/1267/15 1911/1269/15 1906/1268/15
f 1905/1268/16 1909/1270/16 1907/1267/16
f 1907/1267/14 1912/1270/14 1908/1267/14
f 1906/1268/19 1910/1269/19 1905/1268/19
f 1915/1263/17 1914/1262/17 1913/1262/17
f 1919/1271/18 1917/1272/18 1918/1271/18
f 1916/1263/15 1919/1271/15 1914/1262/15
f 1913/1262/16 1917/1272/16 1915/1263/16
f 1915/1263/14 1920/1272/14 1916/1263/14
f 1914/1262/19 1918/1271/19 1913/1262/19
f 1925/1273/15 1921/1267/15 1926/1274/15
f 1927/1275/15 1921/1267/15 1922/1268/15
f 1928/1276/15 1922/1268/15 1924/1271/15
f 1928/1276/15 1923/1272/15 1925/1273/15
f 1929/1267/16 1933/1273/16 1934/1274/16
f 1935/1275/16 1929/1267/16 1934/1274/16
f 1936/1276/16 1930/1268/16 1935/1275/16
f 1931/1272/16 1936/1276/16 1933/1273/16
f 1938/1274/19 1933/1273/19 1937/1273/19
f 1939/1275/17 1934/1274/17 1938/1274/17
f 1940/1276/14 1935/1275/14 1939/1275/14
f 1937/1273/18 1936/1276/18 1940/1276/18
f 1925/1273/18 1940/1276/18 1928/1276/18
f 1928/1276/14 1939/1275/14 1927/1275/14
f 1927/1275/17 1938/1274/17 1926/1274/17
f 1926/1274/19 1937/1273/19 1925/1273/19
f 1942/1277/15 1944/1278/15 1943/1279/15
f 1948/1278/16 1946/1277/16 1947/1279/16
f 1943/1279/19 1946/1277/19 1942/1277/19
f 1941/1280/14 1948/1278/14 1944/1278/14
f 1951/1281/19 1950/1282/19 1949/1282/19
f 1955/1283/14 1953/1284/14 1954/1283/14
f 1952/1281/15 1955/1283/15 1950/1282/15
f 1949/1282/16 1953/1284/16 1951/1281/16
f 1951/1281/17 1956/1284/17 1952/1281/17
f 1950/1282/18 1954/1283/18 1949/1282/18
f 1959/1285/19 1958/1286/19 1957/1286/19
f 1963/1287/14 1961/1288/14 1962/1287/14
f 1960/1285/15 1963/1287/15 1958/1286/15
f 1957/1286/16 1961/1288/16 1959/1285/16
f 1959/1285/17 1964/1288/17 1960/1285/17
f 1958/1286/18 1962/1287/18 1957/1286/18
f 1967/1289/17 1966/1290/17 1965/1290/17
f 1971/1283/18 1969/1286/18 1970/1283/18
f 1968/1289/15 1971/1283/15 1966/1290/15
f 1965/1290/16 1969/1286/16 1967/1289/16
f 1967/1289/14 1972/1286/14 1968/1289/14
f 1966/1290/19 1970/1283/19 1965/1290/19
f 1975/1285/17 1974/1284/17 1973/1284/17
f 1979/1291/18 1977/1292/18 1978/1291/18
f 1976/1285/15 1979/1291/15 1974/1284/15
f 1973/1284/16 1977/1292/16 1975/1285/16
f 1975/1285/14 1980/1292/14 1976/1285/14
f 1974/1284/19 1978/1291/19 1973/1284/19
f 1986/1293/15 1983/1292/15 1981/1289/15
f 1987/1294/15 1981/1289/15 1982/1290/15
f 1987/1294/15 1984/1291/15 1988/1295/15
f 1988/1295/15 1983/1292/15 1985/1296/15
f 1994/1293/16 1991/1292/16 1993/1296/16
f 1995/1294/16 1989/1289/16 1994/1293/16
f 1992/1291/16 1995/1294/16 1996/1295/16
f 1991/1292/16 1996/1295/16 1993/1296/16
f 1998/1293/19 1993/1296/19 1997/1296/19
f 1999/1294/17 1994/1293/17 1998/1293/17
f 2000/1295/14 1995/1294/14 1999/1294/14
f 1997/1296/18 1996/1295/18 2000/1295/18
f 1985/1296/18 2000/1295/18 1988/1295/18
f 1988/1295/14 1999/1294/14 1987/1294/14
f 1987/1294/17 1998/1293/17 1986/1293/17
f 1986/1293/19 1997/1296/19 1985/1296/19
f 2002/1297/15 2004/1298/15 2003/1299/15
f 2008/1298/16 2006/1297/16 2007/1299/16
f 2003/1299/19 2006/1297/19 2002/1297/19
f 2001/1300/14 2008/1298/14 2004/1298/14
f 2011/1301/19 2010/1302/19 2009/1302/19
f 2015/1303/14 2013/1304/14 2014/1303/14
f 2012/1301/15 2015/1303/15 2010/1302/15
f 2009/1302/16 2013/1304/16 2011/1301/16
f 2011/1301/17 2016/1304/17 2012/1301/17
f 2010/1302/18 2014/1303/18 2009/1302/18
f 2019/1305/19 2018/1306/19 2017/1306/19
f 2023/1307/14 2021/1308/14 2022/1307/14
f 2020/1305/15 2023/1307/15 2018/1306/15
f 2017/1306/16 2021/1308/16 2019/1305/16
f 2019/1305/17 2024/1308/17 2020/1305/17
f 2018/1306/18 2022/1307/18 2017/1306/18
f 2027/1309/17 2026/1310/17 2025/1310/17
f 2031/1303/18 2029/1306/18 2030/1303/18
f 2028/1309/15 2031/1303/15 2026/1310/15
f 2025/1310/16 2029/1306/16 2027/1309/16
f 2027/1309/14 2032/1306/14 2028/1309/14
f 2026/1310/19 2030/1303/19 2025/1310/19
f 2035/1305/17 2034/1304/17 2033/1304/17
f 2039/1311/18 2037/1312/18 2038/1311/18
f 2036/1305/15 2039/1311/15 2034/1304/15
f 2033/1304/16 2037/1312/16 2035/1305/16
f 2035/1305/14 2040/1312/14 2036/1305/14
f 2034/1304/19 2038/1311/19 2033/1304/19
f 2045/1313/15 2041/1309/15 2046/1314/15
f 2047/1315/15 2041/1309/15 2042/1310/15
f 2048/1316/15 2042/1310/15 2044/1311/15
f 2048/1316/15 2043/1312/15 2045/1313/15
f 2049/1309/16 2053/1313/16 2054/1314/16
f 2055/1315/16 2049/1309/16 2054/1314/16
f 2056/1316/16 2050/1310/16 2055/1315/16
f 2051/1312/16 2056/1316/16 2053/1313/16
f 2058/1314/19 2053/1313/19 2057/1313/19
f 2059/1315/17 2054/1314/17 2058/1314/17
f 2060/1316/14 2055/1315/14 2059/1315/14
f 2057/1313/18 2056/1316/18 2060/1316/18
f 2045/1313/18 2060/1316/18 2048/1316/18
f 2048/1316/14 2059/1315/14 2047/1315/14
f 2047/1315/17 2058/1314/17 2046/1314/17
f 2046/1314/19 2057/1313/19 2045/1313/19
f 2062/1317/15 2064/1318/15 2063/1319/15
f 2068/1318/16 2066/1317/16 2067/1319/16
f 2063/1319/19 2066/1317/19 2062/1317/19
f 2061/1320/14 2068/1318/14 2064/1318/14
f 2076/1321/14 2069/1322/14 2073/1322/14
f 2074/1323/19 2071/1324/19 2075/1324/19
f 2069/1322/15 2071/1324/15 2070/1323/15
f 2075/1324/16 2073/1322/16 2074/1323/16
f 2091/1325/19 2080/1326/19 2092/1326/19
f 2090/1327/18 2079/1325/18 2091/1325/18
f 2089/1328/14 2078/1327/14 2090/1327/14
f 2092/1326/17 2077/1328/17 2089/1328/17
f 2080/1326/17 2081/1328/17 2077/1328/17
f 2077/1328/14 2082/1327/14 2078/1327/14
f 2078/1327/18 2083/1325/18 2079/1325/18
f 2079/1325/19 2084/1326/19 2080/1326/19
f 2086/1329/15 2081/1328/15 2084/1326/15
f 2081/1328/15 2087/1330/15 2082/1327/15
f 2082/1327/15 2088/1331/15 2083/1325/15
f 2088/1331/15 2084/1326/15 2083/1325/15
f 2089/1328/16 2094/1329/16 2092/1326/16
f 2089/1328/16 2095/1330/16 2093/1332/16
f 2090/1327/16 2096/1331/16 2095/1330/16
f 2092/1326/16 2096/1331/16 2091/1325/16
f 2103/1333/19 2099/1332/19 2104/1333/19
f 2102/1334/14 2097/1329/14 2101/1334/14
f 2104/1333/15 2100/1329/15 2102/1334/15
f 2101/1334/16 2098/1332/16 2103/1333/16
f 2098/1332/17 2100/1329/17 2099/1332/17
f 2102/1334/18 2103/1333/18 2104/1333/18
f 2111/1330/19 2107/1335/19 2112/1330/19
f 2110/1331/14 2105/1336/14 2109/1331/14
f 2112/1330/15 2108/1336/15 2110/1331/15
f 2109/1331/16 2106/1335/16 2111/1330/16
f 2106/1335/17 2108/1336/17 2107/1335/17
f 2110/1331/18 2111/1330/18 2112/1330/18
f 2119/1336/17 2115/1337/17 2120/1336/17
f 2118/1334/18 2113/1338/18 2117/1334/18
f 2120/1336/15 2116/1338/15 2118/1334/15
f 2117/1334/16 2114/1337/16 2119/1336/16
f 2114/1337/14 2116/1338/14 2115/1337/14
f 2118/1334/19 2119/1336/19 2120/1336/19
f 2127/1339/17 2123/1335/17 2128/1339/17
f 2126/1340/18 2121/1333/18 2125/1340/18
f 2128/1339/15 2124/1333/15 2126/1340/15
f 2125/1340/16 2122/1335/16 2127/1339/16
f 2122/1335/14 2124/1333/14 2123/1335/14
f 2126/1340/19 2127/1339/19 2128/1339/19
f 2131/1341/14 2136/1342/14 2132/1341/14
f 2130/1343/15 2136/1342/15 2135/1344/15
f 2129/1343/16 2133/1342/16 2131/1341/16
f 2139/1345/14 2144/1346/14 2140/1345/14
f 2138/1347/15 2144/1346/15 2143/1348/15
f 2137/1347/16 2141/1346/16 2139/1345/16
f 2147/1349/14 2152/1350/14 2148/1349/14
f 2148/1349/17 2151/1351/17 2146/1352/17
f 2145/1352/18 2149/1350/18 2147/1349/18
f 2155/1353/14 2160/1354/14 2156/1353/14
f 2156/1353/15 2159/1355/15 2154/1356/15
f 2153/1356/16 2157/1354/16 2155/1353/16
f 2162/1357/17 2163/1358/17 2161/1359/17
f 2165/1358/18 2167/1357/18 2166/1359/18
f 2168/1360/14 2163/1358/14 2164/1360/14
f 2166/1359/19 2162/1357/19 2161/1359/19
f 2285/1361/18 2291/1362/18 2183/1363/18
f 2170/1364/17 2197/1365/17 2214/1366/17
f 2169/1367/18 2196/1365/18 2171/1368/18
f 2197/1365/15 2351/1366/15 2214/1366/15
f 2195/1369/18 2288/1370/18 2271/1371/18
f 2270/1372/18 2192/1373/18 2194/1374/18
f 2323/1375/16 2245/1376/16 2306/1376/16
f 2180/1377/18 2189/1378/18 2191/1379/18
f 2307/1380/15 2264/1381/15 2322/1381/15
f 2213/1382/17 2200/1383/17 2211/1384/17
f 2212/1385/17 2201/1373/17 2210/1386/17
f 2317/1387/16 2252/1388/16 2312/1388/16
f 2209/1389/17 2204/1390/17 2207/1391/17
f 2313/1392/15 2256/1393/15 2316/1393/15
f 2206/1394/17 2176/1395/17 2173/1396/17
f 2177/1397/18 2175/1398/18 2188/1399/18
f 2234/1400/17 2225/1401/17 2236/1402/17
f 2200/1383/15 2349/1384/15 2211/1384/15
f 2244/1365/17 2215/1367/17 2217/1368/17
f 2303/1403/16 2333/1404/16 2296/1404/16
f 2243/1369/17 2267/1371/17 2282/1370/17
f 2239/1373/17 2269/1372/17 2242/1374/17
f 2280/1405/17 2274/1406/17 2237/1407/17
f 2293/1408/15 2337/1409/15 2302/1409/15
f 2266/1375/18 2247/1380/18 2245/1376/18
f 2201/1373/15 2347/1386/15 2210/1386/15
f 2262/1410/18 2251/1411/18 2249/1412/18
f 2261/1389/18 2253/1390/18 2250/1413/18
f 2259/1387/18 2255/1392/18 2252/1388/18
f 2257/1394/18 2222/1395/18 2254/1414/18
f 2221/1398/17 2223/1397/17 2235/1399/17
f 2326/1415/16 2240/1416/16 2275/1415/16
f 2186/1417/15 2244/1365/15 2196/1365/15
f 2195/1369/16 2232/1418/16 2185/1418/16
f 2295/1419/18 2301/1420/18 2304/1421/18
f 2338/1422/17 2334/1419/17 2339/1423/17
f 2272/1424/15 2241/1425/15 2193/1425/15
f 2286/1426/16 2228/1427/16 2182/1427/16
f 2276/1428/15 2239/1373/15 2192/1373/15
f 2191/1379/16 2226/1377/16 2180/1377/16
f 2181/1429/15 2237/1407/15 2190/1430/15
f 2289/1431/18 2187/1400/18 2298/1432/18
f 2336/1433/17 2226/1377/17 2238/1434/17
f 2188/1399/16 2223/1397/16 2177/1397/16
f 2178/1435/15 2234/1400/15 2187/1400/15
f 2324/1436/17 2308/1437/17 2321/1438/17
f 2216/1364/18 2341/1439/18 2218/1368/18
f 2213/1382/16 2246/1440/16 2198/1440/16
f 2319/1410/16 2249/1412/16 2310/1412/16
f 2212/1385/16 2248/1374/16 2199/1374/16
f 2265/1382/18 2343/1441/18 2246/1440/18
f 2320/1442/17 2203/1411/17 2208/1443/17
f 2263/1385/18 2345/1444/18 2248/1374/18
f 2209/1389/16 2250/1413/16 2202/1413/16
f 2203/1411/15 2260/1443/15 2208/1443/15
f 2318/1445/17 2314/1446/17 2315/1447/17
f 2204/1390/15 2258/1391/15 2207/1391/15
f 2206/1394/16 2254/1414/16 2205/1414/16
f 2285/1361/15 2229/1363/15 2278/1361/15
f 2281/1405/18 2181/1429/18 2190/1430/18
f 2327/1448/16 2230/1449/16 2292/1449/16
f 2270/1372/16 2242/1374/16 2269/1372/16
f 2287/1450/15 2231/1451/15 2283/1450/15
f 2278/1361/17 2230/1449/17 2284/1448/17
f 2304/1421/25 2296/1404/25 2295/1419/25
f 2294/1452/24 2302/1409/24 2301/1420/24
f 2300/1453/25 2326/1415/25 2325/1454/25
f 2298/1432/25 2290/1401/25 2289/1431/25
f 2305/1455/28 2323/1375/28 2306/1376/28
f 2321/1438/27 2307/1380/27 2322/1381/27
f 2309/1456/28 2319/1410/28 2310/1412/28
f 2311/1457/28 2317/1387/28 2312/1388/28
f 2315/1447/27 2313/1392/27 2316/1393/27
f 2328/1458/25 2292/1449/25 2291/1362/25
f 2297/1402/16 2225/1401/16 2290/1401/16
f 2333/1404/28 2339/1423/28 2334/1419/28
f 2337/1409/27 2331/1452/27 2338/1422/27
f 2335/1378/27 2329/1459/27 2336/1433/27
f 2342/1365/24 2352/1460/24 2351/1366/24
f 2344/1383/24 2350/1461/24 2349/1384/24
f 2346/1373/24 2348/1462/24 2347/1386/24
f 2179/1463/15 2335/1378/15 2189/1378/15
f 2216/1364/16 2172/1368/16 2170/1364/16
f 2408/1464/57 2385/1465/57 2388/1466/57
f 2367/1467/58 2481/1468/58 2362/1469/58
f 2419/1470/57 2396/1471/57 2398/1472/57
f 2373/1473/17 2500/1474/17 2485/1475/17
f 2356/1476/57 2399/1477/57 2354/1478/57
f 2464/1479/17 2406/1480/17 2386/1481/17
f 2416/1482/57 2393/1483/57 2395/1484/57
f 2448/1485/58 2449/1486/58 2479/1487/58
f 2413/1488/57 2390/1489/57 2392/1490/57
f 2422/1491/58 2477/1492/58 2427/1493/58
f 2410/1494/57 2387/1495/57 2389/1496/57
f 2434/1497/58 2473/1498/58 2437/1499/58
f 2403/1500/57 2382/1501/57 2381/1502/57
f 2440/1503/58 2475/1504/58 2443/1505/58
f 2400/1506/57 2353/1507/57 2384/1508/57
f 2375/1509/59 2441/1510/59 2442/1511/59
f 2443/1505/59 2439/1512/59 2440/1503/59
f 2468/1513/17 2403/1500/17 2381/1502/17
f 2437/1499/59 2433/1514/59 2434/1497/59
f 2409/1515/18 2457/1516/18 2387/1495/18
f 2427/1493/59 2421/1517/59 2422/1491/59
f 2423/1518/59 2358/1519/59 2357/1520/59
f 2414/1521/57 2479/1487/57 2394/1522/57
f 2360/1523/59 2364/1524/59 2363/1525/59
f 2372/1526/59 2377/1527/59 2378/1528/59
f 2370/1529/59 2374/1530/59 2373/1473/59
f 2454/1531/17 2419/1470/17 2398/1472/17
f 2362/1469/59 2368/1532/59 2367/1467/59
f 2431/1533/59 2429/1534/59 2430/1535/59
f 2406/1480/57 2379/1536/57 2386/1481/57
f 2377/1527/60 2420/1537/60 2356/1476/60
f 2428/1538/60 2491/1539/60 2492/1540/60
f 2430/1535/17 2408/1464/17 2388/1466/17
f 2499/1541/57 2483/1542/57 2486/1543/57
f 2402/1544/18 2469/1545/18 2382/1501/18
f 2378/1528/17 2356/1476/17 2354/1478/17
f 2470/1546/59 2466/1547/59 2467/1548/59
f 2459/1549/60 2460/1550/60 2409/1515/60
f 2367/1467/17 2417/1551/17 2397/1552/17
f 2355/1553/18 2375/1509/18 2353/1507/18
f 2491/1539/18 2427/1493/18 2478/1554/18
f 2438/1555/60 2489/1556/60 2490/1557/60
f 2463/1558/58 2464/1479/58 2386/1481/58
f 2418/1559/18 2366/1560/18 2396/1471/18
f 2375/1509/58 2384/1508/58 2353/1507/58
f 2441/1510/60 2355/1553/60 2400/1506/60
f 2407/1561/18 2431/1533/18 2385/1465/18
f 2363/1525/17 2416/1482/17 2395/1484/17
f 2431/1533/58 2388/1466/58 2385/1465/58
f 2429/1534/60 2407/1561/60 2408/1464/60
f 2434/1497/17 2404/1562/17 2380/1563/17
f 2417/1551/57 2481/1468/57 2397/1552/57
f 2458/1564/59 2425/1565/59 2426/1566/59
f 2462/1567/60 2436/1568/60 2405/1569/60
f 2405/1569/18 2435/1570/18 2379/1536/18
f 2453/1571/58 2454/1531/58 2398/1472/58
f 2493/1572/18 2447/1573/18 2480/1574/18
f 2493/1572/60 2494/1575/60 2445/1576/60
f 2467/1548/58 2468/1513/58 2381/1502/58
f 2415/1577/18 2360/1523/18 2393/1483/18
f 2423/1518/58 2392/1490/58 2390/1489/58
f 2358/1519/60 2412/1578/60 2413/1488/60
f 2404/1562/57 2473/1498/57 2380/1563/57
f 2357/1520/17 2413/1488/17 2392/1490/17
f 2450/1579/17 2414/1521/17 2394/1522/17
f 2448/1485/59 2452/1580/59 2449/1486/59
f 2440/1503/17 2401/1581/17 2383/1582/17
f 2495/1583/18 2362/1469/18 2482/1584/18
f 2360/1523/58 2395/1484/58 2393/1483/58
f 2364/1524/60 2415/1577/60 2416/1482/60
f 2422/1491/17 2411/1585/17 2391/1586/17
f 2373/1473/58 2485/1475/58 2486/1543/58
f 2369/1587/60 2497/1588/60 2498/1589/60
f 2442/1511/17 2400/1506/17 2384/1508/17
f 2412/1578/18 2423/1518/18 2390/1489/18
f 2444/1590/60 2487/1591/60 2488/1592/60
f 2366/1560/59 2456/1593/59 2453/1571/59
f 2458/1564/58 2426/1566/58 2389/1496/58
f 2401/1581/57 2475/1504/57 2383/1582/57
f 2426/1566/17 2410/1494/17 2389/1496/17
f 2420/1537/18 2372/1526/18 2399/1477/18
f 2497/1588/18 2370/1529/18 2484/1594/18
f 2471/1595/60 2472/1596/60 2402/1544/60
f 2435/1570/59 2462/1567/59 2463/1558/59
f 2411/1585/57 2477/1492/57 2391/1586/57
f 2456/1593/61 2365/1597/61 2418/1559/61
f 2372/1526/58 2354/1478/58 2399/1477/58
f 2487/1591/18 2443/1505/18 2476/1598/18
f 2472/1596/62 2470/1546/62 2469/1545/62
f 2465/1599/63 2467/1548/63 2466/1547/63
f 2461/1600/63 2463/1558/63 2462/1567/63
f 2460/1550/64 2458/1564/64 2457/1516/64
f 2446/1601/62 2448/1485/62 2447/1573/62
f 2451/1602/63 2449/1486/63 2452/1580/63
f 2455/1603/63 2453/1571/63 2456/1593/63
f 2361/1604/60 2495/1583/60 2496/1605/60
f 2499/1541/65 2485/1475/65 2500/1474/65
f 2498/1589/66 2484/1594/66 2483/1542/66
f 2496/1605/66 2482/1584/66 2481/1468/66
f 2494/1575/66 2480/1574/66 2479/1487/66
f 2492/1540/66 2478/1554/66 2477/1492/66
f 2490/1557/66 2474/1606/66 2473/1498/66
f 2488/1592/66 2476/1598/66 2475/1504/66
f 2489/1556/18 2437/1499/18 2474/1606/18
f 2503/1607/19 2502/1608/19 2501/1607/19
f 2507/1609/14 2505/1610/14 2506/1610/14
f 2504/1608/15 2507/1609/15 2502/1608/15
f 2501/1607/16 2505/1610/16 2503/1607/16
f 2503/1607/17 2508/1609/17 2504/1608/17
f 2502/1608/18 2506/1610/18 2501/1607/18
f 2511/1611/19 2510/1612/19 2509/1611/19
f 2515/1613/14 2513/1614/14 2514/1614/14
f 2512/1612/15 2515/1613/15 2510/1612/15
f 2509/1611/16 2513/1614/16 2511/1611/16
f 2511/1611/17 2516/1613/17 2512/1612/17
f 2510/1612/18 2514/1614/18 2509/1611/18
f 2519/1615/16 2518/1616/16 2517/1615/16
f 2523/1609/15 2521/1612/15 2522/1612/15
f 2519/1615/17 2524/1609/17 2520/1616/17
f 2518/1616/18 2522/1612/18 2517/1615/18
f 2527/1611/16 2526/1610/16 2525/1611/16
f 2531/1617/15 2529/1618/15 2530/1618/15
f 2527/1611/17 2532/1617/17 2528/1610/17
f 2526/1610/18 2530/1618/18 2525/1611/18
f 2540/1619/18 2534/1620/18 2533/1621/18
f 2538/1622/18 2536/1623/18 2535/1624/18
f 2547/1625/17 2541/1621/17 2542/1620/17
f 2545/1626/17 2543/1624/17 2544/1623/17
f 2537/1626/19 2544/1623/19 2536/1623/19
f 2548/1619/14 2533/1621/14 2541/1621/14
f 2546/1622/14 2535/1624/14 2543/1624/14
f 2542/1620/19 2539/1625/19 2547/1625/19
f 2549/1627/18 2555/1628/18 2550/1629/18
f 2557/1630/18 2558/1631/18 2554/1632/18
f 2559/1627/17 2565/1628/17 2566/1633/17
f 2561/1634/17 2562/1635/17 2568/1631/17
f 2549/1627/16 2566/1633/16 2556/1633/16
f 2551/1634/16 2564/1632/16 2554/1632/16
f 2553/1636/15 2567/1630/15 2557/1630/15
f 2568/1631/15 2552/1635/15 2558/1631/15
f 2555/1628/15 2560/1629/15 2550/1629/15
f 2573/1637/18 2569/1617/18 2574/1638/18
f 2575/1639/18 2569/1617/18 2570/1616/18
f 2576/1640/18 2570/1616/18 2572/1615/18
f 2576/1640/18 2571/1618/18 2573/1637/18
f 2577/1617/17 2581/1637/17 2582/1638/17
f 2583/1639/17 2577/1617/17 2582/1638/17
f 2584/1640/17 2578/1616/17 2583/1639/17
f 2579/1618/17 2584/1640/17 2581/1637/17
f 2574/1638/15 2581/1637/15 2573/1637/15
f 2575/1639/14 2582/1638/14 2574/1638/14
f 2576/1640/16 2583/1639/16 2575/1639/16
f 2573/1637/19 2584/1640/19 2576/1640/19
f 2689/1641/17 2682/1642/17 2720/1642/17
f 2611/1643/15 2587/1644/15 2586/1645/15
f 2705/1646/18 2661/1647/18 2704/1647/18
f 2607/1648/15 2615/1649/15 2608/1650/15
f 2707/1651/18 2659/1652/18 2702/1652/18
f 2605/1653/15 2619/1654/15 2618/1655/15
f 2711/1656/18 2652/1657/18 2698/1657/18
f 2602/1658/15 2620/1659/15 2603/1660/15
f 2600/1661/15 2622/1662/15 2601/1663/15
f 2598/1664/15 2624/1665/15 2599/1666/15
f 2695/1667/17 2674/1668/17 2714/1668/17
f 2595/1669/15 2627/1670/15 2596/1671/15
f 2594/1672/15 2630/1673/15 2629/1674/15
f 2717/1675/18 2644/1676/18 2692/1676/18
f 2591/1677/15 2631/1678/15 2592/1679/15
f 2589/1680/15 2588/1681/15 2634/1682/15
f 2684/1683/16 2640/1684/16 2641/1685/16
f 2637/1644/16 2662/1643/16 2636/1645/16
f 2664/1646/16 2660/1686/16 2661/1647/16
f 2666/1651/16 2658/1687/16 2659/1652/16
f 2669/1688/16 2655/1689/16 2656/1690/16
f 2654/1653/16 2672/1654/16 2653/1691/16
f 2673/1656/16 2651/1667/16 2652/1657/16
f 2620/1659/18 2735/1660/18 2603/1660/18
f 2602/1658/17 2743/1692/17 2621/1692/17
f 2600/1661/17 2745/1693/17 2623/1693/17
f 2677/1694/16 2647/1695/16 2648/1696/16
f 2627/1670/18 2727/1671/18 2596/1671/18
f 2646/1672/16 2680/1673/16 2645/1697/16
f 2644/1676/16 2682/1642/16 2643/1641/16
f 2595/1669/17 2751/1698/17 2628/1698/17
f 2639/1680/16 2638/1681/16 2635/1699/16
f 2610/1686/15 2706/1700/15 2703/1701/15
f 2611/1643/17 2663/1702/17 2612/1702/17
f 2609/1687/15 2708/1703/15 2701/1704/15
f 2610/1686/17 2665/1705/17 2613/1705/17
f 2615/1649/18 2657/1650/18 2608/1650/18
f 2609/1687/17 2667/1706/17 2614/1706/17
f 2699/1707/15 2617/1708/15 2710/1709/15
f 2668/1649/16 2737/1710/16 2657/1650/16
f 2618/1655/18 2654/1653/18 2605/1653/18
f 2606/1689/17 2670/1708/17 2617/1708/17
f 2709/1688/18 2656/1690/18 2700/1690/18
f 2604/1691/17 2672/1654/17 2619/1654/17
f 2607/1648/17 2739/1711/17 2616/1711/17
f 2697/1712/15 2713/1713/15 2712/1714/15
f 2622/1662/18 2650/1663/18 2601/1663/18
f 2736/1715/16 2744/1716/16 2733/1717/16
f 2624/1665/18 2649/1666/18 2599/1666/18
f 2675/1662/16 2731/1718/16 2650/1663/16
f 2693/1719/15 2626/1720/15 2716/1721/15
f 2649/1666/16 2748/1722/16 2729/1723/16
f 2598/1664/17 2747/1724/17 2625/1724/17
f 2597/1695/17 2678/1720/17 2626/1720/17
f 2629/1674/18 2646/1672/18 2594/1672/18
f 2749/1725/16 2725/1726/16 2728/1727/16
f 2715/1694/18 2648/1696/18 2694/1696/18
f 2593/1697/17 2680/1673/17 2630/1673/17
f 2631/1678/18 2642/1679/18 2592/1679/18
f 2691/1728/15 2719/1729/15 2718/1730/15
f 2687/1731/15 2633/1732/15 2722/1733/15
f 2642/1679/16 2754/1734/16 2723/1735/16
f 2634/1682/18 2639/1680/18 2589/1680/18
f 2590/1684/17 2685/1732/17 2633/1732/17
f 2706/1700/24 2704/1647/24 2703/1701/24
f 2708/1703/24 2702/1652/24 2701/1704/24
f 2710/1709/24 2700/1690/24 2699/1707/24
f 2712/1714/24 2698/1657/24 2697/1712/24
f 2696/1736/27 2714/1668/27 2713/1713/27
f 2716/1721/24 2694/1696/24 2693/1719/24
f 2718/1730/24 2692/1676/24 2691/1728/24
f 2690/1737/27 2720/1642/27 2719/1729/27
f 2722/1733/24 2688/1685/24 2687/1731/24
f 2721/1683/18 2641/1685/18 2688/1685/18
f 2738/1648/28 2740/1738/28 2739/1711/28
f 2742/1659/25 2736/1715/25 2735/1660/25
f 2734/1658/28 2744/1716/28 2743/1692/28
f 2732/1661/28 2746/1739/28 2745/1693/28
f 2730/1664/28 2748/1722/28 2747/1724/28
f 2750/1670/25 2728/1727/25 2727/1671/25
f 2726/1669/28 2752/1740/28 2751/1698/28
f 2724/1677/28 2754/1734/28 2753/1741/28
f 2591/1677/17 2753/1741/17 2632/1741/17
f 2757/1742/19 2756/1743/19 2755/1744/19
f 2761/1743/14 2759/1742/14 2760/1744/14
f 2758/1745/15 2761/1743/15 2756/1743/15
f 2755/1744/16 2759/1742/16 2757/1742/16
f 2766/1746/21 2769/1747/21 2764/1746/21
f 2763/1748/22 2767/1749/22 2765/1748/22
f 2765/1748/67 2770/1747/67 2766/1746/67
f 2763/1748/68 2769/1747/68 2768/1749/68
f 2774/1746/21 2777/1747/21 2772/1746/21
f 2771/1748/22 2775/1749/22 2773/1748/22
f 2773/1748/67 2778/1747/67 2774/1746/67
f 2771/1748/68 2777/1747/68 2776/1749/68
f 2782/1750/69 2785/1751/69 2780/1750/69
f 2779/1752/70 2783/1753/70 2781/1752/70
f 2781/1752/67 2786/1751/67 2782/1750/67
f 2779/1752/68 2785/1751/68 2784/1753/68
f 2788/1754/17 2789/1755/17 2787/1756/17
f 2791/1755/18 2793/1754/18 2792/1756/18
f 2794/1757/14 2789/1755/14 2790/1757/14
f 2792/1756/19 2788/1754/19 2787/1756/19
f 2798/1758/15 2801/1759/15 2796/1758/15
f 2795/1760/16 2799/836/16 2797/1760/16
f 2797/1760/17 2802/1759/17 2798/1758/17
f 2795/1760/18 2801/1759/18 2800/836/18
f 2809/1761/16 2806/1762/16 2804/1762/16
f 2807/839/15 2803/1763/15 2805/1763/15
f 2810/1761/17 2805/1763/17 2806/1762/17
f 2803/1763/18 2809/1761/18 2804/1762/18
f 2813/1764/19 2812/1765/19 2811/1764/19
f 2817/1766/14 2815/1767/14 2816/1767/14
f 2814/1765/15 2817/1766/15 2812/1765/15
f 2811/1764/16 2815/1767/16 2813/1764/16
f 2813/1764/17 2818/1766/17 2814/1765/17
f 2812/1765/18 2816/1767/18 2811/1764/18
f 2821/1768/19 2820/1769/19 2819/1768/19
f 2825/1770/14 2823/1771/14 2824/1771/14
f 2822/1769/15 2825/1770/15 2820/1769/15
f 2819/1768/16 2823/1771/16 2821/1768/16
f 2821/1768/17 2826/1770/17 2822/1769/17
f 2820/1769/18 2824/1771/18 2819/1768/18
f 2829/1768/16 2828/1767/16 2827/1768/16
f 2833/1772/15 2831/1773/15 2832/1773/15
f 2829/1768/17 2834/1772/17 2830/1767/17
f 2827/1768/18 2833/1772/18 2832/1773/18
f 2837/1774/16 2836/1775/16 2835/1774/16
f 2841/1766/15 2839/1769/15 2840/1769/15
f 2837/1774/17 2842/1766/17 2838/1775/17
f 2836/1775/18 2840/1769/18 2835/1774/18
f 2847/1776/18 2843/1777/18 2848/1778/18
f 2848/1778/18 2844/1779/18 2849/1780/18
f 2850/1781/18 2844/1779/18 2846/1774/18
f 2850/1781/18 2845/1773/18 2847/1776/18
f 2851/1777/17 2855/1776/17 2856/1778/17
f 2852/1779/17 2856/1778/17 2857/1780/17
f 2858/1781/17 2852/1779/17 2857/1780/17
f 2853/1773/17 2858/1781/17 2855/1776/17
f 2860/1778/15 2855/1776/15 2859/1776/15
f 2861/1780/14 2856/1778/14 2860/1778/14
f 2862/1781/16 2857/1780/16 2861/1780/16
f 2859/1776/19 2858/1781/19 2862/1781/19
f 2847/1776/19 2862/1781/19 2850/1781/19
f 2850/1781/16 2861/1780/16 2849/1780/16
f 2849/1780/14 2860/1778/14 2848/1778/14
f 2848/1778/15 2859/1776/15 2847/1776/15
f 2864/1782/18 2866/1783/18 2865/1784/18
f 2870/1783/17 2868/1782/17 2869/1784/17
f 2865/1784/19 2868/1782/19 2864/1782/19
f 2863/1785/14 2870/1783/14 2866/1783/14
f 2877/1786/16 2874/1787/16 2872/1787/16
f 2875/1788/15 2871/1789/15 2873/1789/15
f 2878/1786/17 2873/1789/17 2874/1787/17
f 2876/1788/18 2872/1787/18 2871/1789/18
f 2885/1790/17 2882/1791/17 2880/1792/17
f 2883/1793/18 2879/1792/18 2881/1791/18
f 2886/1793/15 2881/1791/15 2882/1791/15
f 2884/1790/16 2880/1792/16 2879/1792/16
f 2893/1794/17 2890/1795/17 2888/1796/17
f 2891/1797/18 2887/1796/18 2889/1795/18
f 2894/1797/15 2889/1795/15 2890/1795/15
f 2892/1794/16 2888/1796/16 2887/1796/16
f 2899/1793/18 2895/1792/18 2897/1791/18
f 2902/1793/15 2897/1791/15 2898/1791/15
f 2900/1790/16 2896/1792/16 2895/1792/16
f 2907/1797/18 2903/1796/18 2905/1795/18
f 2910/1797/15 2905/1795/15 2906/1795/15
f 2908/1794/16 2904/1796/16 2903/1796/16
f 2917/1798/17 2914/1799/17 2912/1800/17
f 2915/1801/18 2911/1800/18 2913/1799/18
f 2918/1801/15 2913/1799/15 2914/1799/15
f 2916/1798/16 2912/1800/16 2911/1800/16
f 2925/1802/17 2922/1803/17 2920/1804/17
f 2923/1805/18 2919/1804/18 2921/1803/18
f 2926/1805/15 2921/1803/15 2922/1803/15
f 2924/1802/16 2920/1804/16 2919/1804/16
f 2933/1806/16 2930/1807/16 2928/1807/16
f 2934/1806/17 2929/1808/17 2930/1807/17
f 2932/1809/18 2928/1807/18 2927/1808/18
f 2937/1810/19 2939/1811/19 2938/1811/19
f 2937/1810/18 2935/1812/18 2936/1813/18
f 2940/1810/17 2941/1812/17 2939/1811/17
f 2935/1812/14 2942/1813/14 2936/1813/14
f 2945/1814/19 2947/1815/19 2946/1816/19
f 2945/1814/16 2943/1817/16 2944/1818/16
f 2948/1819/15 2949/1820/15 2947/1815/15
f 2943/1817/71 2950/1821/71 2944/1818/71
f 2955/1822/19 2953/1823/19 2954/1824/19
f 2951/1825/15 2953/1823/15 2952/1826/15
f 2957/1827/16 2956/1828/16 2955/1822/16
f 2958/1827/72 2951/1825/72 2952/1826/72
f 2965/1829/16 2962/1830/16 2960/1831/16
f 2963/1832/15 2959/1831/15 2961/1830/15
f 2962/1830/17 2963/1832/17 2961/1830/17
f 2964/1833/18 2960/1831/18 2959/1831/18
f 2963/1832/73 2965/1829/73 2964/1833/73
f 2973/1834/16 2970/1835/16 2968/1836/16
f 2971/1837/15 2967/1836/15 2969/1835/15
f 2970/1835/17 2971/1837/17 2969/1835/17
f 2972/1838/18 2968/1836/18 2967/1836/18
f 2971/1837/73 2973/1834/73 2972/1838/73
f 2978/1830/15 2981/1829/15 2976/1831/15
f 2975/1831/16 2979/1832/16 2977/1830/16
f 2978/1830/17 2979/1832/17 2982/1839/17
f 2976/1831/18 2980/1833/18 2975/1831/18
f 2981/1829/74 2979/1832/74 2980/1833/74
f 2986/1835/15 2989/1834/15 2984/1836/15
f 2983/1836/16 2987/1837/16 2985/1835/16
f 2986/1835/17 2987/1837/17 2990/1840/17
f 2984/1836/18 2988/1838/18 2983/1836/18
f 2989/1834/74 2987/1837/74 2988/1838/74
f 2997/1841/16 2994/1842/16 2992/1843/16
f 2995/1844/15 2991/1843/15 2993/1842/15
f 2994/1842/17 2995/1844/17 2993/1842/17
f 2996/1845/18 2992/1843/18 2991/1843/18
f 3002/1842/15 3005/1841/15 3000/1843/15
f 2999/1843/16 3003/1844/16 3001/1842/16
f 3002/1842/17 3003/1844/17 3006/1846/17
f 3000/1843/18 3004/1845/18 2999/1843/18
f 3011/1847/14 3007/1848/14 3008/1849/14
f 3007/1848/15 3014/1850/15 3008/1849/15
f 3010/1851/16 3013/1852/16 3012/1853/16
f 3012/1853/19 3014/1850/19 3009/1854/19
f 3017/1855/19 3019/1856/19 3018/1857/19
f 3017/1855/16 3015/1858/16 3016/1859/16
f 3020/1860/15 3021/1861/15 3019/1856/15
f 3015/1858/41 3022/1862/41 3016/1859/41
f 3027/1863/19 3025/1864/19 3026/1865/19
f 3023/1866/15 3025/1864/15 3024/1867/15
f 3029/1868/16 3028/1869/16 3027/1863/16
f 3030/1870/49 3023/1866/49 3024/1867/49
f 3033/1871/19 3035/1872/19 3034/1871/19
f 3033/1871/16 3031/1873/16 3032/1874/16
f 3036/1872/15 3037/1875/15 3035/1872/15
f 3031/1873/14 3038/1876/14 3032/1874/14
f 3039/1877/16 3041/1878/16 3040/1878/16
f 3045/1879/14 3059/1880/14 3090/1881/14
f 3079/1882/16 3093/1883/16 3048/1883/16
f 3122/1884/14 3094/1885/14 3119/1886/14
f 3043/1879/15 3046/1887/15 3045/1879/15
f 3040/1878/17 3068/1888/17 3058/1888/17
f 3039/1877/19 3058/1888/19 3069/1889/19
f 3107/1890/14 3103/1891/14 3106/1892/14
f 3057/1893/17 3066/1894/17 3054/1894/17
f 3111/1895/14 3099/1896/14 3102/1897/14
f 3131/1898/19 3075/1899/19 3138/1900/19
f 3115/1901/14 3095/1902/14 3098/1903/14
f 3051/1904/17 3062/1905/17 3049/1905/17
f 3142/1906/19 3126/1907/19 3143/1908/19
f 3069/1889/18 3042/1877/18 3039/1877/18
f 3042/1877/14 3068/1888/14 3041/1878/14
f 3110/1909/18 3107/1890/18 3136/1910/18
f 3082/1911/14 3066/1894/14 3067/1893/14
f 3072/1912/16 3101/1913/16 3055/1913/16
f 3084/1914/14 3064/1915/14 3065/1916/14
f 3137/1914/16 3065/1916/16 3132/1916/16
f 3087/1917/14 3063/1904/14 3086/1918/14
f 3089/1919/14 3061/1920/14 3088/1921/14
f 3114/1922/18 3111/1895/18 3074/1923/18
f 3073/1924/18 3082/1911/18 3070/1911/18
f 3088/1921/18 3143/1908/18 3089/1919/18
f 3118/1925/18 3115/1901/18 3140/1926/18
f 3122/1884/18 3119/1886/18 3080/1927/18
f 3078/1917/18 3086/1918/18 3076/1918/18
f 3146/1928/18 3045/1879/18 3090/1881/18
f 3125/1929/15 3089/1919/15 3144/1919/15
f 3079/1882/19 3047/1930/19 3080/1927/19
f 3141/1921/16 3061/1920/16 3128/1920/16
f 3051/1904/19 3078/1917/19 3076/1918/19
f 3098/1903/17 3095/1902/17 3129/1931/17
f 3136/1910/19 3056/1932/19 3071/1933/19
f 3072/1912/19 3053/1934/19 3074/1923/19
f 3070/1911/19 3054/1894/19 3073/1924/19
f 3106/1892/17 3103/1891/17 3133/1935/17
f 3094/1885/17 3091/1936/17 3048/1883/17
f 3123/1937/17 3059/1880/17 3046/1887/17
f 3060/1929/17 3127/1938/17 3061/1920/17
f 3050/1939/15 3117/1940/15 3077/1940/15
f 3049/1905/15 3087/1917/15 3078/1917/15
f 3140/1926/19 3050/1939/19 3077/1940/19
f 3139/1941/16 3097/1942/16 3130/1942/16
f 3076/1918/16 3063/1904/16 3051/1904/16
f 3052/1915/15 3085/1899/15 3075/1899/15
f 3053/1934/15 3113/1923/15 3074/1923/15
f 3102/1897/17 3099/1896/17 3055/1913/17
f 3131/1898/17 3065/1916/17 3064/1915/17
f 3054/1894/15 3083/1924/15 3073/1924/15
f 3056/1932/15 3109/1933/15 3071/1933/15
f 3135/1943/16 3105/1944/16 3134/1944/16
f 3070/1911/16 3067/1893/16 3057/1893/16
f 3058/1888/15 3081/1889/15 3069/1889/15
f 3138/1900/18 3085/1899/18 3084/1914/18
f 3123/1937/19 3043/1879/19 3146/1928/19
f 3106/1892/75 3108/1943/75 3107/1890/75
f 3110/1909/76 3104/1932/76 3103/1891/76
f 3102/1897/75 3112/1912/75 3111/1895/75
f 3114/1922/76 3100/1934/76 3099/1896/76
f 3098/1903/75 3116/1941/75 3115/1901/75
f 3118/1925/76 3096/1939/76 3095/1902/76
f 3094/1885/75 3120/1882/75 3119/1886/75
f 3122/1884/76 3092/1930/76 3091/1936/76
f 3047/1930/15 3121/1927/15 3080/1927/15
f 3136/1910/77 3134/1944/77 3133/1935/77
f 3138/1900/77 3132/1916/77 3131/1898/77
f 3140/1926/77 3130/1942/77 3129/1931/77
f 3142/1906/77 3128/1920/77 3127/1938/77
f 3126/1907/78 3144/1919/78 3143/1908/78
f 3146/1928/77 3124/1880/77 3123/1937/77
f 3145/1881/16 3059/1880/16 3124/1880/16
f 3148/1945/17 3149/1946/17 3147/1947/17
f 3151/1946/18 3153/1945/18 3152/1947/18
f 3154/1948/14 3149/1946/14 3150/1948/14
f 3152/1947/19 3148/1945/19 3147/1947/19
f 3161/1949/17 3158/1950/17 3156/1950/17
f 3159/1951/18 3155/1952/18 3157/1952/18
f 3162/1949/19 3157/1952/19 3158/1950/19
f 3160/1951/14 3156/1950/14 3155/1952/14
f 3169/1953/17 3166/1954/17 3164/1954/17
f 3167/1955/18 3163/1956/18 3165/1956/18
f 3170/1953/19 3165/1956/19 3166/1954/19
f 3168/1955/14 3164/1954/14 3163/1956/14
f 3177/1957/15 3174/1958/15 3172/1958/15
f 3175/1959/16 3171/1960/16 3173/1960/16
f 3178/1957/19 3173/1960/19 3174/1958/19
f 3171/1960/14 3177/1957/14 3172/1958/14
f 3185/1961/17 3182/1962/17 3180/1962/17
f 3183/1963/18 3179/1964/18 3181/1964/18
f 3186/1961/19 3181/1964/19 3182/1962/19
f 3184/1963/14 3180/1962/14 3179/1964/14
f 3193/1965/15 3190/1966/15 3188/1966/15
f 3191/1967/16 3187/1968/16 3189/1968/16
f 3194/1965/19 3189/1968/19 3190/1966/19
f 3187/1968/14 3193/1965/14 3188/1966/14
f 3201/1969/15 3198/1970/15 3196/1970/15
f 3199/1971/16 3195/1972/16 3197/1972/16
f 3202/1969/19 3197/1972/19 3198/1970/19
f 3195/1972/14 3201/1969/14 3196/1970/14
f 3209/1973/17 3206/1974/17 3204/1974/17
f 3207/1975/18 3203/1976/18 3205/1976/18
f 3210/1973/19 3205/1976/19 3206/1974/19
f 3208/1975/14 3204/1974/14 3203/1976/14
f 3211/1977/15 3222/1978/15 3219/1978/15
f 3214/1979/16 3224/1980/16 3225/1980/16
f 3221/1981/15 3216/1982/15 3220/1981/15
f 3315/1983/16 3297/1984/16 3318/1984/16
f 3222/1978/14 3261/1985/14 3276/1986/14
f 3226/1987/14 3234/1988/14 3247/1989/14
f 3310/1990/16 3326/1991/16 3327/1990/16
f 3244/1992/15 3285/1993/15 3231/1993/15
f 3306/1994/14 3262/1995/14 3277/1996/14
f 3223/1987/16 3217/1997/16 3226/1987/16
f 3232/1988/18 3217/1997/18 3215/1997/18
f 3218/1982/18 3289/1998/18 3316/1999/18
f 3254/1985/17 3212/1977/17 3211/1977/17
f 3325/2000/19 3329/2001/19 3328/2002/19
f 3313/2003/16 3291/2004/16 3322/2004/16
f 3220/1981/19 3316/1999/19 3317/2005/19
f 3319/2006/17 3251/2007/17 3252/2008/17
f 3274/2009/15 3300/2010/15 3305/2009/15
f 3245/2011/17 3249/2012/17 3242/2012/17
f 3243/2013/17 3295/2013/17 3296/2014/17
f 3223/1987/17 3247/1989/17 3246/1989/17
f 3246/1989/19 3215/1997/19 3223/1987/19
f 3286/2015/18 3283/2016/18 3314/2017/18
f 3242/2012/19 3230/2018/19 3245/2011/19
f 3229/2019/18 3235/2018/18 3230/2018/18
f 3241/2020/19 3228/2021/19 3243/2013/19
f 3292/2022/17 3293/2023/17 3321/2024/17
f 3298/2025/17 3221/1981/17 3317/2005/17
f 3251/2007/14 3239/2026/14 3252/2008/14
f 3227/2027/18 3238/2027/18 3287/2028/18
f 3248/2011/14 3236/2019/14 3249/2012/14
f 3270/2029/18 3281/2030/18 3269/2030/18
f 3272/2031/18 3279/2032/18 3271/2032/18
f 3219/1978/18 3276/1986/18 3275/1986/18
f 3213/1979/17 3267/2033/17 3259/2033/17
f 3213/1979/19 3268/2034/19 3224/1980/19
f 3260/2035/17 3265/2036/17 3258/2036/17
f 3308/2001/14 3304/2000/14 3309/2002/14
f 3257/2037/17 3263/2038/17 3255/2038/17
f 3268/2034/18 3225/1980/18 3224/1980/18
f 3282/2034/14 3214/1979/14 3225/1980/14
f 3280/2029/14 3266/2035/14 3281/2030/14
f 3308/2001/18 3309/2002/18 3328/2002/18
f 3278/2031/14 3264/2037/14 3279/2032/14
f 3254/1985/19 3219/1978/19 3275/1986/19
f 3256/1995/19 3274/2009/19 3273/1996/19
f 3257/2037/19 3272/2031/19 3271/2032/19
f 3304/2000/17 3301/2039/17 3324/2039/17
f 3260/2035/19 3270/2029/19 3269/2030/19
f 3256/1995/17 3262/1995/17 3299/2040/17
f 3276/1986/16 3254/1985/16 3275/1986/16
f 3272/2031/15 3263/2038/15 3278/2031/15
f 3277/1996/16 3256/1995/16 3273/1996/16
f 3330/2041/15 3302/2042/15 3307/2041/15
f 3279/2032/16 3257/2037/16 3271/2032/16
f 3270/2029/15 3265/2036/15 3280/2029/15
f 3274/2009/18 3305/2009/18 3306/1994/18
f 3268/2034/15 3267/2033/15 3282/2034/15
f 3281/2030/16 3260/2035/16 3269/2030/16
f 3240/2008/15 3239/2026/15 3233/2026/15
f 3298/2025/14 3218/1982/14 3221/1981/14
f 3241/2020/15 3238/2027/15 3227/2027/15
f 3312/2043/18 3239/2026/18 3237/2044/18
f 3242/2012/15 3236/2019/15 3229/2019/15
f 3296/2014/14 3238/2027/14 3250/2020/14
f 3228/2021/16 3295/2013/16 3243/2013/16
f 3230/2018/16 3248/2011/16 3245/2011/16
f 3246/1989/15 3234/1988/15 3232/1988/15
f 3292/2022/14 3286/2015/14 3293/2023/14
f 3240/2008/19 3312/2043/19 3319/2006/19
f 3298/2025/75 3290/1983/75 3289/1998/75
f 3296/2014/75 3288/2021/75 3287/2028/75
f 3286/2015/76 3294/1992/76 3293/2023/76
f 3292/2022/75 3284/2003/75 3283/2016/75
f 3304/2000/75 3310/1990/75 3309/2002/75
f 3308/2001/76 3302/2042/76 3301/2039/76
f 3306/1994/76 3300/2010/76 3299/2040/76
f 3244/1992/19 3314/2017/19 3321/2024/19
f 3314/2017/77 3322/2004/77 3321/2024/77
f 3312/2043/77 3320/2007/77 3319/2006/77
f 3316/1999/77 3318/1984/77 3317/2005/77
f 3328/2002/77 3326/1991/77 3325/2000/77
f 3324/2039/78 3330/2041/78 3329/2001/78
f 3311/2044/16 3251/2007/16 3320/2007/16
f 3332/2045/79 3333/2046/79 3331/2047/79
f 3333/2046/16 3336/2048/16 3331/2047/16
f 3338/2049/80 3333/2046/80 3334/2050/80
f 3336/2048/81 3332/2045/81 3331/2047/81
f 3337/2051/15 3334/2050/15 3332/2045/15
f 3340/2052/79 3341/2053/79 3339/2054/79
f 3341/2053/16 3344/2055/16 3339/2054/16
f 3346/2056/80 3341/2053/80 3342/2057/80
f 3344/2055/81 3340/2052/81 3339/2054/81
f 3345/2058/15 3342/2057/15 3340/2052/15
f 3348/2059/82 3349/2060/82 3347/2061/82
f 3351/2062/83 3353/2063/83 3352/2064/83
f 3354/2065/84 3349/2060/84 3350/2066/84
f 3352/2064/85 3348/2059/85 3347/2061/85
f 3356/2067/82 3357/2068/82 3355/2069/82
f 3359/2070/83 3361/2071/83 3360/2072/83
f 3362/2073/84 3357/2068/84 3358/2074/84
f 3360/2072/85 3356/2067/85 3355/2069/85
f 3364/2075/82 3365/2076/82 3363/2077/82
f 3367/2078/83 3369/2079/83 3368/2080/83
f 3370/2081/84 3365/2076/84 3366/2082/84
f 3368/2080/85 3364/2075/85 3363/2077/85
f 3372/2083/82 3373/2084/82 3371/2085/82
f 3375/2086/83 3377/2087/83 3376/2088/83
f 3378/2089/84 3373/2084/84 3374/2090/84
f 3376/2088/85 3372/2083/85 3371/2085/85
f 3380/2091/82 3381/2092/82 3379/2093/82
f 3383/2094/83 3385/2095/83 3384/2096/83
f 3386/2097/84 3381/2092/84 3382/2098/84
f 3384/2096/85 3380/2091/85 3379/2093/85
f 3388/2099/82 3389/2100/82 3387/2101/82
f 3391/2102/83 3393/2103/83 3392/2104/83
f 3394/2105/84 3389/2100/84 3390/2106/84
f 3392/2104/85 3388/2099/85 3387/2101/85
f 3396/2107/82 3397/2108/82 3395/2109/82
f 3399/2110/83 3401/2111/83 3400/2112/83
f 3402/2113/84 3397/2108/84 3398/2114/84
f 3400/2112/85 3396/2107/85 3395/2109/85
f 3404/2115/82 3405/2116/82 3403/2117/82
f 3407/2118/83 3409/2119/83 3408/2120/83
f 3410/2121/84 3405/2116/84 3406/2122/84
f 3408/2120/85 3404/2115/85 3403/2117/85
f 3417/2123/16 3414/2124/16 3412/2125/16
f 3415/2126/15 3411/2125/15 3413/2124/15
f 3414/2124/17 3415/2126/17 3413/2124/17
f 3416/2127/18 3412/2125/18 3411/2125/18
f 3422/2124/15 3425/2123/15 3420/2125/15
f 3419/2125/16 3423/2126/16 3421/2124/16
f 3422/2124/17 3423/2126/17 3426/2128/17
f 3420/2125/18 3424/2127/18 3419/2125/18
f 3430/2129/15 3433/2130/15 3428/2131/15
f 3427/2132/16 3431/2133/16 3429/2133/16
f 3429/2133/14 3434/2129/14 3430/2129/14
f 3428/2131/19 3432/2134/19 3427/2132/19
f 3438/2135/15 3441/2136/15 3436/2136/15
f 3435/2137/16 3439/2138/16 3437/2139/16
f 3437/2139/14 3442/2140/14 3438/2135/14
f 3436/2136/19 3440/2137/19 3435/2137/19
f 3444/2141/18 3446/2142/18 3443/2143/18
f 3445/2141/15 3447/2144/15 3444/2141/15
f 3450/2143/17 3454/2144/17 3451/2141/17
f 3451/2141/15 3453/2144/15 3449/2141/15
f 3446/2142/16 3455/2143/16 3443/2143/16
f 3457/2145/16 3460/2146/16 3459/2145/16
f 3458/2147/18 3461/2146/18 3457/2145/18
f 3463/2145/16 3466/2146/16 3464/2145/16
f 3464/2145/17 3468/2148/17 3465/2147/17
f 151/83/15 154/84/15 149/84/15
f 150/82/16 156/85/16 152/85/16
f 3470/2149/14 3475/2150/14 3473/2151/14
f 3473/2152/14 3472/2153/14 3471/2154/14
f 110/62/14 112/63/14 111/63/14
f 115/64/15 116/65/15 112/63/15
f 113/65/16 114/64/16 109/62/16
f 116/65/17 113/65/17 111/63/17
f 114/64/18 115/64/18 110/62/18
f 119/66/14 120/66/14 118/67/14
f 120/66/15 124/69/15 123/68/15
f 117/67/16 122/68/16 121/69/16
f 119/66/18 121/69/18 124/69/18
f 118/67/17 123/68/17 122/68/17
f 126/70/14 128/71/14 127/71/14
f 129/72/19 132/72/19 131/73/19
f 131/73/15 132/72/15 128/71/15
f 129/72/16 130/73/16 125/70/16
f 132/72/17 129/72/17 127/71/17
f 130/73/18 131/73/18 126/70/18
f 139/74/15 140/74/15 136/75/15
f 137/76/16 138/76/16 133/77/16
f 140/74/17 137/76/17 135/77/17
f 138/76/18 139/74/18 134/75/18
f 144/78/16 148/79/16 147/79/16
f 141/80/15 146/81/15 145/81/15
f 143/80/17 145/81/17 148/79/17
f 142/78/18 147/79/18 146/81/18
f 133/77/14 134/75/14 136/75/14
f 144/78/14 142/78/14 141/80/14
f 150/82/20 152/85/20 151/83/20
f 153/83/18 156/85/18 155/82/18
f 156/85/14 153/83/14 151/83/14
f 149/84/19 154/84/19 155/82/19
f 234/86/17 248/346/17 247/87/17
f 172/89/17 173/291/17 257/90/17
f 754/92/15 618/92/15 408/93/15
f 344/94/17 356/282/17 391/95/17
f 688/97/16 590/97/16 378/98/16
f 646/99/16 396/99/16 384/100/16
f 184/101/18 183/295/18 188/102/18
f 182/104/18 181/297/18 190/105/18
f 192/301/18 191/296/18 577/109/18
f 191/296/18 180/107/18 577/109/18
f 180/107/18 179/414/18 559/413/18
f 180/107/18 559/413/18 558/108/18
f 577/109/18 591/300/18 192/301/18
f 632/110/15 769/110/15 778/111/15
f 159/112/18 215/277/18 203/113/18
f 214/115/18 213/307/18 201/116/18
f 212/118/18 211/308/18 200/119/18
f 638/121/15 387/121/15 397/122/15
f 210/123/18 209/316/18 197/124/18
f 208/126/18 207/323/18 196/127/18
f 221/129/17 227/330/17 226/130/17
f 231/132/17 244/348/17 160/112/17
f 220/327/17 222/329/17 611/247/17
f 222/329/17 616/328/17 611/247/17
f 605/134/17 229/333/17 228/135/17
f 220/327/17 611/247/17 228/135/17
f 611/247/17 593/133/17 228/135/17
f 170/136/18 185/294/18 186/137/18
f 233/139/17 246/248/17 245/140/17
f 219/142/17 225/331/17 224/143/17
f 339/145/17 263/347/17 260/146/17
f 243/148/17 256/334/17 255/149/17
f 712/151/16 433/151/16 450/152/16
f 240/153/17 254/338/17 253/154/17
f 718/156/15 449/156/15 430/157/15
f 237/158/17 251/342/17 250/159/17
f 716/161/15 445/161/15 426/162/15
f 272/163/18 271/253/18 259/164/18
f 327/166/17 329/400/17 314/167/17
f 193/169/18 581/254/18 579/170/18
f 262/172/17 306/388/17 301/173/17
f 690/175/16 586/175/16 473/176/16
f 488/177/17 454/256/17 348/178/17
f 281/180/18 292/384/18 294/181/18
f 660/183/18 278/255/18 584/184/18
f 654/186/16 467/186/16 468/187/16
f 269/190/18 274/358/18 575/188/18
f 274/358/18 276/418/18 575/188/18
f 276/418/18 587/417/18 575/188/18
f 572/189/18 571/359/18 269/190/18
f 571/359/18 266/360/18 269/190/18
f 674/191/16 807/191/16 798/192/16
f 289/193/18 300/369/18 164/194/18
f 286/196/18 297/373/18 299/197/18
f 678/199/16 496/199/16 483/200/16
f 284/201/18 295/379/18 296/202/18
f 666/204/15 482/204/15 494/205/15
f 307/206/17 309/385/17 303/207/17
f 277/209/18 175/453/18 582/210/18
f 165/194/17 326/402/17 312/212/17
f 727/213/15 756/214/15 614/214/15
f 167/215/17 305/267/17 615/216/17
f 742/218/15 537/218/15 518/219/15
f 730/220/15 511/220/15 502/221/15
f 350/222/18 408/93/18 618/92/18
f 335/224/17 338/395/17 323/225/17
f 333/227/17 336/396/17 321/228/17
f 332/230/17 334/397/17 319/231/17
f 746/233/15 551/233/15 532/234/15
f 328/235/17 331/399/17 316/236/17
f 439/87/18 440/346/18 423/86/18
f 453/90/18 359/291/18 358/89/18
f 360/136/18 410/332/18 403/238/18
f 640/240/16 777/240/16 766/241/16
f 381/242/17 392/320/17 393/243/17
f 693/245/15 626/246/15 765/246/15
f 375/105/17 368/297/17 369/104/17
f 367/107/17 376/296/17 578/109/17
f 376/296/17 377/301/17 578/109/17
f 377/301/17 592/300/17 578/109/17
f 560/108/17 561/413/17 367/107/17
f 561/413/17 366/414/17 367/107/17
f 389/113/17 401/277/17 342/112/17
f 388/116/17 399/307/17 400/115/17
f 259/164/16 787/164/16 788/165/16
f 384/100/17 396/99/17 397/122/17
f 383/124/17 394/316/17 395/123/17
f 198/128/15 773/128/15 782/126/15
f 413/130/18 414/330/18 407/129/18
f 343/112/18 436/348/18 419/132/18
f 409/329/18 406/327/18 612/247/18
f 406/327/18 415/135/18 612/247/18
f 415/135/18 416/333/18 597/134/18
f 415/135/18 597/134/18 598/133/18
f 612/247/18 619/328/18 409/329/18
f 372/137/17 371/294/17 355/136/17
f 421/139/18 418/141/18 437/140/18
f 411/143/18 412/331/18 405/142/18
f 455/146/18 458/347/18 550/145/18
f 451/149/18 452/334/18 435/148/18
f 449/156/18 450/152/18 433/151/18
f 447/154/18 448/338/18 431/153/18
f 445/161/18 446/341/18 429/249/18
f 443/159/18 444/342/18 427/158/18
f 441/250/18 442/345/18 425/251/18
f 272/163/15 793/163/15 790/253/15
f 520/167/18 539/400/18 536/166/18
f 379/169/17 361/171/17 580/170/17
f 500/173/18 509/388/18 457/172/18
f 473/176/17 586/175/17 585/184/17
f 166/178/21 348/178/21 454/256/21
f 492/181/17 489/384/17 478/180/17
f 467/186/17 465/354/17 470/257/17
f 466/258/17 463/357/17 472/259/17
f 474/418/17 471/358/17 576/188/17
f 471/358/17 464/190/17 576/188/17
f 464/190/17 461/360/17 573/359/17
f 464/190/17 573/359/17 574/189/17
f 576/188/17 588/417/17 474/418/17
f 346/194/17 498/369/17 487/193/17
f 499/261/17 497/370/17 485/262/17
f 496/199/17 494/205/17 482/204/17
f 299/197/16 811/197/16 802/198/16
f 296/202/16 809/202/16 800/203/16
f 504/207/18 513/385/18 510/206/18
f 187/103/15 763/103/15 760/101/15
f 516/212/18 535/402/18 347/194/18
f 505/387/18 506/213/18 610/386/18
f 506/213/18 614/214/18 610/386/18
f 603/265/18 515/430/18 512/266/18
f 505/387/18 610/386/18 512/266/18
f 610/386/18 608/264/18 512/266/18
f 349/215/18 620/217/18 613/216/18
f 518/219/18 537/218/18 534/268/18
f 502/221/18 511/220/18 508/270/18
f 532/234/18 551/233/18 548/272/18
f 530/225/18 549/395/18 546/224/18
f 528/228/18 547/396/18 544/227/18
f 526/231/18 545/397/18 542/230/18
f 524/274/18 543/401/18 540/275/18
f 522/236/18 541/399/18 538/235/18
f 215/277/16 401/277/16 389/113/16
f 751/278/15 696/279/15 354/279/15
f 288/262/18 298/370/18 681/280/18
f 171/282/22 356/282/22 344/94/22
f 166/178/18 258/256/18 291/177/18
f 579/170/16 580/170/16 361/171/16
f 562/283/15 563/283/15 351/284/15
f 217/238/17 223/332/17 701/285/17
f 599/287/16 607/287/16 353/288/16
f 599/287/17 169/288/17 705/289/17
f 172/89/16 358/89/16 359/291/16
f 617/217/15 620/217/15 349/215/15
f 176/138/15 362/138/15 355/136/15
f 373/102/17 370/295/17 761/292/17
f 185/294/16 371/294/16 372/137/16
f 189/106/15 374/106/15 369/104/15
f 183/295/16 370/295/16 373/102/16
f 191/296/15 376/296/15 367/107/15
f 181/297/16 368/297/16 375/105/16
f 557/298/15 556/298/15 365/299/15
f 591/300/16 592/300/16 377/301/16
f 764/302/17 378/98/17 590/97/17
f 642/304/18 641/438/18 630/305/18
f 213/307/16 399/307/16 388/116/16
f 204/117/15 390/117/15 400/115/15
f 211/308/16 398/308/16 386/119/16
f 386/119/17 398/308/17 785/309/17
f 648/311/18 647/437/18 636/312/18
f 562/283/18 168/284/18 651/314/18
f 209/316/16 394/316/16 383/124/16
f 199/125/15 385/125/15 395/123/15
f 771/317/17 780/454/17 783/318/17
f 202/120/15 775/120/15 784/118/15
f 206/320/16 392/320/16 381/242/16
f 644/321/18 206/320/18 195/242/18
f 207/323/16 781/323/16 770/127/16
f 634/244/15 382/244/15 393/243/15
f 205/95/18 171/282/18 161/94/18
f 806/324/17 491/382/17 480/325/17
f 228/135/15 415/135/15 406/327/15
f 616/328/16 222/329/16 409/329/16
f 226/130/15 413/130/15 404/131/15
f 221/129/16 407/129/16 414/330/16
f 224/143/15 411/143/15 402/144/15
f 219/142/16 405/142/16 412/331/16
f 257/90/15 453/90/15 434/91/15
f 217/238/16 403/238/16 410/332/16
f 416/333/16 229/333/16 596/134/16
f 229/333/16 605/134/16 596/134/16
f 255/149/15 451/149/15 432/150/15
f 243/148/16 435/148/16 452/334/16
f 713/335/17 720/444/17 719/336/17
f 722/271/16 501/271/16 508/270/16
f 253/154/15 447/154/15 428/155/15
f 240/153/16 431/153/16 448/338/16
f 239/249/17 252/341/17 717/339/17
f 239/249/16 429/249/16 446/341/16
f 250/159/15 443/159/15 424/160/15
f 237/158/16 427/158/16 444/342/16
f 236/251/17 249/345/17 715/343/17
f 236/251/16 425/251/16 442/345/16
f 247/87/15 439/87/15 420/88/15
f 234/86/16 423/86/16 440/346/16
f 245/140/15 437/140/15 418/141/15
f 233/139/16 421/139/16 438/248/16
f 263/347/15 458/347/15 455/146/15
f 231/132/16 419/132/16 436/348/16
f 732/269/16 517/269/16 534/268/16
f 261/174/16 456/174/16 457/172/16
f 291/177/16 488/177/16 476/179/16
f 786/349/17 791/456/17 792/350/17
f 583/211/16 815/211/16 794/209/16
f 273/257/18 270/354/18 655/352/18
f 273/257/15 470/257/15 465/354/15
f 275/259/18 268/357/18 653/355/18
f 275/259/15 472/259/15 463/357/15
f 269/190/16 464/190/16 471/358/16
f 571/359/15 573/359/15 461/360/15
f 672/361/16 490/361/16 477/362/16
f 459/364/15 265/364/15 565/363/15
f 265/364/15 566/363/15 565/363/15
f 280/365/15 797/365/15 804/366/15
f 810/367/17 495/373/17 484/196/17
f 289/193/15 487/193/15 498/369/15
f 680/261/16 499/261/16 486/263/16
f 288/262/15 485/262/15 497/370/15
f 808/371/17 493/379/17 481/201/17
f 286/196/15 484/196/15 495/373/15
f 283/325/18 293/382/18 675/374/18
f 667/376/18 676/439/18 679/377/18
f 294/181/16 492/181/16 479/182/16
f 284/201/15 481/201/15 493/379/15
f 280/365/18 290/366/18 673/380/18
f 283/325/15 480/325/15 491/382/15
f 490/361/17 805/457/17 796/383/17
f 281/180/15 478/180/15 489/384/15
f 309/385/15 513/385/15 504/207/15
f 615/216/16 305/267/16 507/267/16
f 726/450/17 304/387/17 609/386/17
f 304/387/17 308/266/17 609/386/17
f 308/266/17 311/430/17 602/265/17
f 308/266/17 602/265/17 604/264/17
f 609/386/17 757/449/17 726/450/17
f 304/387/16 505/387/16 512/266/16
f 306/388/15 509/388/15 500/173/15
f 302/208/16 503/208/16 510/206/16
f 337/272/17 747/446/17 738/389/17
f 728/390/17 731/445/17 724/391/17
f 600/393/16 601/393/16 514/394/16
f 338/395/15 549/395/15 530/225/15
f 325/147/16 533/147/16 550/145/16
f 336/396/15 547/396/15 528/228/15
f 324/273/16 531/273/16 548/272/16
f 334/397/15 545/397/15 526/231/15
f 322/226/16 529/226/16 546/224/16
f 330/275/17 745/447/17 736/398/17
f 320/229/16 527/229/16 544/227/16
f 331/399/15 541/399/15 522/236/15
f 318/232/16 525/232/16 542/230/16
f 329/400/15 539/400/15 520/167/15
f 317/276/16 523/276/16 540/275/16
f 744/401/15 543/401/15 524/274/15
f 315/237/16 521/237/16 538/235/16
f 326/402/15 535/402/15 516/212/15
f 313/168/16 519/168/16 536/166/16
f 734/403/17 733/448/17 740/404/17
f 194/96/15 380/96/15 391/95/15
f 568/363/17 570/419/17 462/406/17
f 581/254/15 193/169/15 379/169/15
f 627/407/18 692/436/18 689/408/18
f 795/410/17 814/2155/17 813/411/17
f 559/413/16 179/414/16 366/414/16
f 652/258/16 466/258/16 469/260/16
f 554/415/18 557/298/18 178/299/18
f 587/417/15 276/418/15 474/418/15
f 569/419/16 267/406/16 462/406/16
f 566/363/18 265/364/18 267/406/18
f 584/184/15 278/255/15 475/255/15
f 684/420/15 553/420/15 363/421/15
f 563/283/17 567/423/17 460/422/17
f 554/415/16 177/416/16 364/416/16
f 460/422/16 567/423/16 564/423/16
f 564/423/16 687/423/16 650/422/16
f 552/424/17 352/425/17 363/421/17
f 683/424/16 622/425/16 352/425/16
f 555/415/17 364/416/17 365/299/17
f 700/136/15 360/136/15 357/239/15
f 750/426/17 600/393/17 310/394/17
f 606/278/18 354/279/18 514/394/18
f 714/250/15 441/250/15 422/252/15
f 417/429/15 594/428/15 595/428/15
f 595/428/15 749/428/15 704/429/15
f 607/287/18 594/428/18 417/429/18
f 602/265/15 311/430/15 515/430/15
f 767/431/17 776/455/17 779/432/17
f 753/223/16 694/222/16 350/222/16
f 623/434/25 622/425/25 683/424/25
f 627/407/86 626/246/86 693/245/86
f 639/313/24 638/121/24 649/122/24
f 647/437/87 646/99/87 637/100/87
f 635/322/24 634/244/24 645/243/24
f 633/306/24 632/110/24 643/111/24
f 641/438/25 640/240/25 631/241/25
f 656/353/88 655/352/88 654/186/88
f 658/356/25 653/355/25 652/258/25
f 686/315/25 651/314/25 650/422/25
f 670/281/25 681/280/25 680/261/25
f 668/378/25 679/377/25 678/199/25
f 676/439/89 667/376/89 666/204/89
f 664/375/25 675/374/25 674/191/25
f 662/381/90 673/380/90 672/361/90
f 685/440/24 684/420/24 625/421/24
f 691/185/88 690/175/88 661/176/88
f 689/408/25 688/97/25 629/98/25
f 682/435/18 685/440/18 624/441/18
f 697/427/29 696/279/29 751/278/29
f 695/442/28 694/222/28 753/223/28
f 698/286/27 701/285/27 700/136/27
f 748/290/27 705/289/27 704/429/27
f 720/444/28 713/335/28 712/151/28
f 710/337/27 719/336/27 718/156/27
f 708/340/27 717/339/27 716/161/27
f 706/344/27 715/343/27 714/250/27
f 731/445/91 730/220/91 725/221/91
f 723/392/28 722/271/28 729/270/28
f 747/446/27 746/233/27 739/234/27
f 745/447/27 744/401/27 737/274/27
f 743/405/27 742/218/27 735/219/27
f 733/448/32 732/269/32 741/268/32
f 757/449/27 756/214/27 727/213/27
f 755/451/27 754/92/27 703/93/27
f 695/442/17 752/443/17 755/451/17
f 759/453/27 758/412/27 813/411/27
f 760/101/27 763/103/27 762/293/27
f 765/246/27 764/302/27 817/303/27
f 784/118/27 775/120/27 774/310/27
f 782/126/27 773/128/27 772/319/27
f 770/127/28 781/323/28 780/454/28
f 778/111/27 769/110/27 768/433/27
f 766/241/28 777/240/28 776/455/28
f 787/164/28 786/349/28 789/351/28
f 793/163/27 792/350/27 791/456/27
f 811/197/28 810/367/28 803/368/28
f 809/202/28 808/371/28 801/372/28
f 807/191/28 806/324/28 799/326/28
f 797/365/27 796/383/27 805/457/27
f 815/211/28 814/2155/28 795/410/28
f 582/210/15 175/453/15 759/453/15
f 988/458/33 819/831/33 818/459/33
f 823/461/15 825/677/15 902/462/15
f 1267/679/15 826/678/15 1269/465/15
f 826/678/15 828/466/15 1269/465/15
f 899/588/15 901/735/15 1272/464/15
f 901/735/15 1276/734/15 1272/464/15
f 899/588/15 1272/464/15 828/466/15
f 827/467/15 830/682/15 897/468/15
f 829/470/15 831/686/15 896/471/15
f 832/473/15 834/689/15 893/474/15
f 833/476/15 835/693/15 892/477/15
f 836/479/15 838/694/15 889/480/15
f 837/482/15 840/695/15 887/483/15
f 839/485/15 842/696/15 885/486/15
f 841/488/15 844/697/15 883/489/15
f 843/491/15 846/698/15 881/492/15
f 845/494/15 848/699/15 879/495/15
f 847/497/15 850/700/15 877/498/15
f 849/500/15 852/701/15 875/501/15
f 851/503/15 854/702/15 873/504/15
f 853/506/15 856/703/15 871/507/15
f 855/509/15 858/704/15 869/510/15
f 857/512/15 859/815/15 1281/513/15
f 859/815/15 1283/814/15 1281/513/15
f 1281/513/15 1279/2156/15 870/514/15
f 1287/515/18 1402/515/18 1309/516/18
f 1284/709/15 860/708/15 1286/520/15
f 860/708/15 862/711/15 1286/520/15
f 862/711/15 867/518/15 1286/520/15
f 864/521/15 865/712/15 868/522/15
f 863/524/15 818/2157/15 340/525/15
f 821/527/15 906/670/15 341/528/15
f 915/532/16 913/729/16 1226/530/16
f 913/729/16 982/639/16 1214/637/16
f 1226/530/16 913/729/16 1214/637/16
f 982/639/16 980/638/16 1214/637/16
f 980/638/16 1210/795/16 1214/637/16
f 1221/533/16 1219/736/16 917/534/16
f 918/536/16 916/806/16 1220/537/16
f 916/806/16 1216/679/16 1220/537/16
f 979/735/16 977/588/16 1208/538/16
f 977/588/16 918/536/16 1208/538/16
f 1208/538/16 1204/734/16 979/735/16
f 919/539/16 976/472/16 975/471/16
f 921/541/16 974/646/16 971/542/16
f 923/544/16 972/648/16 970/545/16
f 926/547/16 969/481/16 968/480/16
f 967/653/16 964/805/16 1228/549/16
f 964/805/16 1232/804/16 1228/549/16
f 1237/755/16 931/754/16 1230/550/16
f 931/754/16 928/551/16 1230/550/16
f 967/653/16 1228/549/16 928/551/16
f 932/554/16 930/808/16 1240/654/16
f 930/808/16 1239/807/16 1240/654/16
f 1235/752/16 965/753/16 1236/552/16
f 965/753/16 963/553/16 1236/552/16
f 932/554/16 1240/654/16 1236/552/16
f 933/555/16 962/657/16 960/556/16
f 936/558/16 959/662/16 958/559/16
f 938/561/16 957/508/16 955/507/16
f 941/563/16 954/514/16 952/564/16
f 953/667/16 950/811/16 1255/566/16
f 950/811/16 1258/810/16 1255/566/16
f 1244/774/16 944/773/16 1247/567/16
f 944/773/16 942/568/16 1247/567/16
f 953/667/16 1255/566/16 942/568/16
f 1358/569/18 1395/570/18 1248/570/18
f 946/572/16 945/803/16 1251/573/16
f 945/803/16 1250/802/16 1251/573/16
f 949/522/16 947/712/16 1253/574/16
f 947/712/16 946/572/16 1253/574/16
f 1253/574/16 1262/776/16 949/522/16
f 908/528/16 984/670/16 911/575/16
f 1092/577/16 1089/728/16 992/578/16
f 991/580/16 1090/636/16 1087/581/16
f 993/583/16 1088/463/16 1085/462/16
f 1086/676/16 1083/813/16 1275/585/16
f 1083/813/16 1277/812/16 1275/585/16
f 1268/714/16 998/716/16 1266/586/16
f 998/716/16 995/587/16 1266/586/16
f 1086/676/16 1275/585/16 995/587/16
f 1000/589/16 997/680/16 1271/465/16
f 997/680/16 1270/679/16 1271/465/16
f 1278/734/16 1084/735/16 1273/464/16
f 1084/735/16 1081/588/16 1273/464/16
f 1000/589/16 1271/465/16 1273/464/16
f 999/590/16 1082/469/16 1079/468/16
f 1001/592/16 1080/472/16 1077/471/16
f 1078/594/16 1075/719/16 1006/595/16
f 1005/597/16 1076/475/16 1073/474/16
f 1007/599/16 1074/478/16 1071/477/16
f 1009/601/16 1072/688/16 1069/602/16
f 1011/604/16 1070/481/16 1067/480/16
f 1013/606/16 1068/484/16 1065/483/16
f 1015/608/16 1066/487/16 1063/486/16
f 1017/610/16 1064/490/16 1061/489/16
f 1019/612/16 1062/493/16 1059/492/16
f 1021/614/16 1060/496/16 1057/495/16
f 1023/616/16 1058/499/16 1055/498/16
f 1025/618/16 1056/502/16 1053/501/16
f 1027/620/16 1054/505/16 1051/504/16
f 1029/622/16 1052/508/16 1049/507/16
f 1031/624/16 1050/511/16 1047/510/16
f 1033/626/16 1048/514/16 1282/513/16
f 1048/514/16 1280/2156/16 1282/513/16
f 1282/513/16 1290/814/16 1036/627/16
f 1035/628/16 1289/722/16 1287/515/16
f 1040/629/16 1037/710/16 1288/520/16
f 1037/710/16 1285/709/16 1288/520/16
f 1288/520/16 1292/519/16 1045/518/16
f 1046/522/16 1043/712/16 1042/630/16
f 1041/632/16 1044/526/16 985/525/16
f 986/528/16 1091/670/16 990/634/16
f 1098/578/15 1199/728/15 1202/577/15
f 1097/580/15 1100/582/15 1197/581/15
f 1198/639/15 1099/2158/15 1212/637/15
f 1099/2158/15 1102/733/15 1224/530/15
f 1102/733/15 1223/531/15 1224/530/15
f 1212/637/15 1211/795/15 1195/638/15
f 1099/2158/15 1224/530/15 1212/637/15
f 1104/640/15 1217/736/15 1225/533/15
f 1215/679/15 1103/680/15 1218/537/15
f 1103/680/15 1106/589/15 1218/537/15
f 1106/589/15 1191/588/15 1206/538/15
f 1191/588/15 1194/735/15 1206/538/15
f 1194/735/15 1203/734/15 1206/538/15
f 1105/590/15 1108/591/15 1189/468/15
f 1107/592/15 1110/593/15 1187/471/15
f 1112/642/15 1185/742/15 1188/643/15
f 1111/645/15 1114/744/15 1183/542/15
f 1113/647/15 1116/748/15 1181/545/15
f 1115/649/15 1118/786/15 1179/650/15
f 1117/604/15 1120/605/15 1177/480/15
f 1119/606/15 1122/607/15 1175/483/15
f 1121/652/15 1124/756/15 1229/550/15
f 1124/756/15 1242/755/15 1229/550/15
f 1234/804/15 1173/805/15 1227/549/15
f 1173/805/15 1176/653/15 1227/549/15
f 1121/652/15 1229/550/15 1227/549/15
f 1241/807/15 1123/809/15 1238/654/15
f 1123/809/15 1126/655/15 1238/654/15
f 1171/553/15 1174/753/15 1233/552/15
f 1174/753/15 1231/752/15 1233/552/15
f 1171/553/15 1233/552/15 1126/655/15
f 1125/612/15 1128/613/15 1169/492/15
f 1127/656/15 1130/762/15 1167/556/15
f 1129/658/15 1132/790/15 1165/659/15
f 1131/661/15 1134/766/15 1163/559/15
f 1133/663/15 1136/767/15 1161/664/15
f 1135/622/15 1138/623/15 1159/507/15
f 1137/624/15 1140/625/15 1157/510/15
f 1139/626/15 1142/627/15 1155/564/15
f 1141/666/15 1144/775/15 1246/567/15
f 1144/775/15 1245/774/15 1246/567/15
f 1264/810/15 1153/811/15 1256/566/15
f 1153/811/15 1156/667/15 1256/566/15
f 1141/666/15 1246/567/15 1256/566/15
f 1143/668/15 1146/571/15 1248/570/15
f 1249/802/15 1145/631/15 1252/573/15
f 1145/631/15 1148/630/15 1252/573/15
f 1148/630/15 1149/712/15 1254/574/15
f 1149/712/15 1152/522/15 1254/574/15
f 1152/522/15 1261/776/15 1254/574/15
f 1147/632/15 1405/633/15 1093/525/15
f 1406/635/15 1096/634/15 1201/670/15
f 820/671/17 907/577/17 1092/577/17
f 821/527/18 990/634/18 1091/670/18
f 822/672/17 905/636/17 1090/636/17
f 820/671/15 1294/816/15 1323/673/15
f 823/461/17 904/463/17 1088/463/17
f 822/672/15 1296/817/15 1321/674/15
f 824/675/17 903/676/17 1086/676/17
f 825/677/18 996/584/18 1085/462/18
f 826/678/17 1267/679/17 1270/679/17
f 1325/681/17 1095/579/17 1202/577/17
f 827/467/17 900/469/17 1082/469/17
f 828/466/18 1000/589/18 1081/588/18
f 829/470/17 898/472/17 1080/472/17
f 830/682/18 1002/591/18 1079/468/18
f 1299/683/15 1302/820/15 1315/684/15
f 831/686/18 1004/593/18 1077/471/18
f 832/473/17 895/475/17 1076/475/17
f 1304/687/17 1313/688/17 1072/688/17
f 833/476/17 894/478/17 1074/478/17
f 834/689/18 1008/598/18 1073/474/18
f 1303/690/15 1306/821/15 1311/691/15
f 835/693/18 1010/600/18 1071/477/18
f 836/479/17 891/481/17 1070/481/17
f 837/482/17 890/484/17 1068/484/17
f 838/694/18 1014/605/18 1067/480/18
f 839/485/17 888/487/17 1066/487/17
f 840/695/18 1016/607/18 1065/483/18
f 841/488/17 886/490/17 1064/490/17
f 842/696/18 1018/609/18 1063/486/18
f 843/491/17 884/493/17 1062/493/17
f 844/697/18 1020/611/18 1061/489/18
f 845/494/17 882/496/17 1060/496/17
f 846/698/18 1022/613/18 1059/492/18
f 847/497/17 880/499/17 1058/499/17
f 848/699/18 1024/615/18 1057/495/18
f 849/500/17 878/502/17 1056/502/17
f 850/700/18 1026/617/18 1055/498/18
f 851/503/17 876/505/17 1054/505/17
f 852/701/18 1028/619/18 1053/501/18
f 853/506/17 874/508/17 1052/508/17
f 854/702/18 1030/621/18 1051/504/18
f 855/509/17 872/511/17 1050/511/17
f 856/703/18 1032/623/18 1049/507/18
f 857/512/17 870/514/17 1048/514/17
f 858/704/18 1034/625/18 1047/510/18
f 1307/705/15 1310/822/15 1401/706/15
f 860/708/17 1284/709/17 1285/709/17
f 861/523/17 868/522/17 1046/522/17
f 862/711/18 1040/629/18 1045/518/18
f 863/524/17 866/526/17 1044/526/17
f 864/521/18 1042/630/18 1043/712/18
f 1295/713/18 994/582/18 1087/581/18
f 1268/714/18 1398/714/18 1297/715/18
f 1300/717/17 1317/594/17 1078/594/17
f 1301/718/18 1006/595/18 1075/719/18
f 1305/720/18 1012/603/18 1069/602/18
f 1308/721/17 1403/722/17 1289/722/17
f 1391/723/16 983/728/16 912/724/16
f 911/575/18 984/670/18 1201/670/18
f 1328/726/16 1389/2159/16 1388/674/16
f 912/724/18 983/728/18 1199/728/18
f 913/729/17 1099/2158/17 1198/639/17
f 1331/730/17 1105/590/17 1192/469/17
f 1209/731/17 1213/731/17 1196/732/17
f 915/532/18 1222/531/18 1223/531/18
f 1204/734/17 1203/734/17 1194/735/17
f 917/534/18 1219/736/18 1217/736/18
f 1332/737/16 1385/2160/16 1384/738/16
f 918/536/18 977/588/18 1191/588/18
f 919/539/17 1107/592/17 1190/472/17
f 1335/740/17 1109/644/17 1188/643/17
f 1336/741/16 1381/2161/16 973/742/16
f 920/540/18 975/471/18 1187/471/18
f 921/541/17 1111/645/17 1186/646/17
f 922/743/18 973/742/18 1185/742/18
f 923/544/17 1113/647/17 1184/648/17
f 924/543/18 971/542/18 1183/542/18
f 1338/745/16 1379/2162/16 1378/746/16
f 925/546/18 970/545/18 1181/545/18
f 926/547/17 1117/604/17 1180/481/17
f 1341/749/17 1119/606/17 1178/484/17
f 1342/750/16 1375/2163/16 966/483/16
f 927/548/18 968/480/18 1177/480/18
f 928/551/17 1121/652/17 1176/653/17
f 929/751/18 966/483/18 1175/483/18
f 1235/752/17 1231/752/17 1174/753/17
f 931/754/18 1237/755/18 1242/755/18
f 1344/757/16 1373/2164/16 961/492/16
f 932/554/18 963/553/18 1171/553/18
f 933/555/17 1127/656/17 1170/657/17
f 934/758/18 961/492/18 1169/492/18
f 1346/759/16 1371/2165/16 1370/760/16
f 935/557/18 960/556/18 1167/556/18
f 936/558/17 1131/661/17 1166/662/17
f 1349/763/17 1133/663/17 1164/665/17
f 1350/764/16 1367/2166/16 956/664/16
f 937/560/18 958/559/18 1163/559/18
f 938/561/17 1135/622/17 1162/508/17
f 939/765/18 956/664/18 1161/664/18
f 1352/768/16 1365/2167/16 1364/769/16
f 940/562/18 955/507/18 1159/507/18
f 941/563/17 1139/626/17 1158/514/17
f 942/568/17 1141/666/17 1156/667/17
f 943/565/18 952/564/18 1155/564/18
f 1257/771/17 1263/771/17 1154/772/17
f 944/773/18 1244/774/18 1245/774/18
f 1262/776/17 1261/776/17 1152/522/17
f 1359/777/17 1147/632/17 1150/526/17
f 1361/778/16 345/525/16 909/779/16
f 946/572/18 947/712/18 1149/712/18
f 1327/781/17 1097/580/17 1200/636/17
f 1330/782/18 1387/581/18 1197/581/18
f 1334/783/18 1383/468/18 1189/468/18
f 1337/784/17 1115/649/17 1182/651/17
f 1340/785/18 1377/650/18 1179/650/18
f 1343/787/17 1125/612/17 1172/493/17
f 1345/788/17 1129/658/17 1168/660/17
f 1348/789/18 1369/659/18 1165/659/18
f 1351/791/17 1137/624/17 1160/511/17
f 1354/792/18 1363/510/18 1157/510/18
f 1243/669/17 1394/669/17 1355/793/17
f 1213/731/15 1205/801/15 1193/794/15
f 1210/795/18 980/638/18 1195/638/18
f 1259/796/18 948/797/18 1151/797/18
f 1356/798/16 1393/823/16 1396/799/16
f 1225/533/17 1221/533/17 914/535/17
f 1207/801/18 978/794/18 1193/794/18
f 1260/796/15 1151/797/15 1154/772/15
f 1249/802/17 1250/802/17 945/803/17
f 1232/804/18 964/805/18 1173/805/18
f 1215/679/17 1216/679/17 916/806/17
f 1241/807/17 1239/807/17 930/808/17
f 1209/731/16 981/732/16 978/794/16
f 1258/810/18 950/811/18 1153/811/18
f 1257/771/16 951/772/16 948/797/16
f 824/675/15 1298/818/15 1265/586/15
f 1298/818/15 1397/819/15 1265/586/15
f 1400/824/15 1319/825/15 1274/585/15
f 1319/825/15 903/676/15 1274/585/15
f 824/675/15 1265/586/15 1274/585/15
f 1276/734/17 901/735/17 1084/735/17
f 1399/812/18 1277/812/18 1083/813/18
f 1290/814/18 1283/814/18 859/815/18
f 1294/816/24 1293/826/24 1324/728/24
f 1296/817/24 1295/713/24 1322/581/24
f 1298/818/24 1297/715/24 1398/714/24
f 1318/685/27 1317/594/27 1300/717/27
f 1302/820/24 1301/718/24 1316/719/24
f 1314/692/27 1313/688/27 1304/687/27
f 1306/821/24 1305/720/24 1312/602/24
f 1310/822/24 1309/516/24 1402/515/24
f 1392/577/28 1391/723/28 1326/725/28
f 1390/636/28 1389/2159/28 1328/726/28
f 1330/782/25 1329/727/25 1388/674/25
f 1386/469/28 1385/2160/28 1332/737/28
f 1334/783/25 1333/739/25 1384/738/25
f 1382/643/28 1381/2161/28 1336/741/28
f 1380/651/28 1379/2162/28 1338/745/28
f 1340/785/25 1339/747/25 1378/746/25
f 1376/484/28 1375/2163/28 1342/750/28
f 1374/493/28 1373/2164/28 1344/757/28
f 1372/660/28 1371/2165/28 1346/759/28
f 1348/789/25 1347/761/25 1370/760/25
f 1368/665/28 1367/2166/28 1350/764/28
f 1366/511/28 1365/2167/28 1352/768/28
f 1354/792/25 1353/770/25 1364/769/25
f 1358/569/25 1357/800/25 1396/799/25
f 1362/526/28 1361/778/28 1360/780/28
f 1355/793/28 1394/669/28 1393/823/28
f 1400/824/24 1399/812/24 1320/813/24
f 1404/707/27 1403/722/27 1308/721/27
f 1293/826/18 992/578/18 1089/728/18
f 909/827/34 910/832/34 1406/828/34
f 1409/459/35 1410/831/35 1407/458/35
f 1413/829/36 1414/828/36 1411/830/36
f 819/831/15 1410/831/15 1409/459/15
f 987/460/16 1408/460/16 1407/458/16
f 1406/828/15 1414/828/15 1413/829/15
f 909/827/22 1412/827/22 1411/830/22
f 1418/833/15 1422/834/15 1421/834/15
f 1415/835/16 1420/836/16 1419/836/16
f 1417/835/17 1419/836/17 1422/834/17
f 1415/835/18 1416/833/18 1421/834/18
f 1429/837/16 1430/837/16 1426/838/16
f 1427/839/15 1428/839/15 1423/840/15
f 1430/837/17 1427/839/17 1425/840/17
f 1423/840/18 1428/839/18 1429/837/18
f 1435/841/19 1438/844/19 1437/842/19
f 1438/844/17 1435/841/17 1433/841/17
f 1436/843/18 1437/842/18 1432/842/18
f 1437/842/15 1438/844/15 1434/844/15
f 1435/841/16 1436/843/16 1431/843/16
f 1431/843/14 1432/842/14 1434/844/14
f 1451/845/18 1452/936/18 1638/846/18
f 1616/850/39 1613/1050/39 1580/1047/39
f 1613/1050/39 1614/1049/39 1579/1048/39
f 1580/1047/39 1613/1050/39 1579/1048/39
f 1580/1047/39 1581/1012/39 1616/850/39
f 1581/1012/39 1582/848/39 1616/850/39
f 1506/851/40 1476/1020/40 1478/852/40
f 1505/854/40 1477/1004/40 1439/855/40
f 1512/857/40 1480/987/40 1479/858/40
f 1509/860/40 1473/960/40 1475/861/40
f 1513/863/40 1482/938/40 1481/864/40
f 1620/866/39 1621/1052/39 1451/845/39
f 1621/1052/39 1622/965/39 1448/964/39
f 1451/845/39 1621/1052/39 1448/964/39
f 1516/867/40 1484/971/40 1483/868/40
f 1518/870/40 1486/931/40 1485/871/40
f 1520/873/40 1488/969/40 1487/874/40
f 1522/876/40 1490/981/40 1489/877/40
f 1523/879/40 1492/989/40 1491/880/40
f 1624/884/39 1625/1053/39 1594/1040/39
f 1625/1053/39 1626/984/39 1593/1041/39
f 1594/1040/39 1625/1053/39 1593/1041/39
f 1594/1040/39 1591/996/39 1624/884/39
f 1591/996/39 1592/882/39 1624/884/39
f 1526/885/40 1494/1006/40 1493/886/40
f 1495/1008/39 1627/889/39 1550/888/39
f 1627/889/39 1628/1002/39 1553/890/39
f 1529/891/40 1497/958/40 1496/892/40
f 1531/894/40 1499/1029/40 1498/895/40
f 1500/967/39 1629/898/39 1558/897/39
f 1629/898/39 1630/1016/39 1559/899/39
f 1534/900/40 1502/993/40 1501/901/40
f 1442/903/40 1440/962/40 1503/904/40
f 1562/906/41 1470/961/41 1469/907/41
f 1501/901/18 1612/979/18 1609/909/18
f 1558/897/41 1559/899/41 1560/910/41
f 1498/895/18 1604/1033/18 1601/912/18
f 1496/892/18 1600/1024/18 1597/913/18
f 1550/888/41 1553/890/41 1554/914/41
f 1548/916/41 1551/1005/41 1552/917/41
f 1644/919/40 1625/1053/40 1624/884/40
f 1542/921/41 1545/988/41 1546/922/41
f 1538/924/41 1543/980/41 1544/925/41
f 1536/927/41 1539/968/41 1540/928/41
f 1588/930/17 1585/1042/17 1486/931/17
f 1449/932/41 1444/970/41 1443/933/41
f 1451/845/41 1448/964/41 1447/935/41
f 1566/937/17 1567/1044/17 1482/938/17
f 1461/939/41 1458/959/41 1457/940/41
f 1455/942/41 1454/986/41 1453/943/41
f 1471/945/41 1466/1003/41 1465/946/41
f 1467/948/41 1464/1019/41 1463/949/41
f 1634/951/40 1613/1050/40 1616/850/40
f 1474/955/39 1617/1051/39 1576/953/39
f 1617/1051/39 1618/973/39 1575/1045/39
f 1576/953/39 1617/1051/39 1575/1045/39
f 1481/864/18 1570/995/18 1571/956/18
f 1471/945/18 1472/947/18 1441/856/18
f 1529/891/17 1556/1022/17 1555/957/17
f 1538/924/18 1537/926/18 1519/878/18
f 1509/860/17 1457/940/17 1458/959/17
f 1470/961/39 1562/906/39 1503/904/39
f 1639/963/17 1447/935/17 1448/964/17
f 1442/903/17 1469/907/17 1470/961/17
f 1558/897/18 1557/911/18 1530/966/18
f 1520/873/17 1540/928/17 1539/968/17
f 1455/942/18 1456/944/18 1510/859/18
f 1444/970/39 1449/932/39 1483/868/39
f 1542/921/18 1541/923/18 1521/881/18
f 1574/972/17 1575/1045/17 1618/973/17
f 1445/975/41 1586/1011/41 1587/976/41
f 1501/901/39 1502/993/39 1611/978/39
f 1502/993/39 1563/992/39 1611/978/39
f 1522/876/17 1544/925/17 1543/980/17
f 1539/968/39 1536/927/39 1487/874/39
f 1648/982/40 1629/898/40 1500/967/40
f 1596/983/17 1593/1041/17 1626/984/17
f 1512/857/17 1453/943/17 1454/986/17
f 1543/980/39 1538/924/39 1489/877/39
f 1562/906/18 1561/908/18 1533/905/18
f 1523/879/17 1546/922/17 1545/988/17
f 1640/990/40 1621/1052/40 1620/866/40
f 1545/988/39 1542/921/39 1491/880/39
f 1534/900/17 1564/1034/17 1563/992/17
f 1548/916/18 1547/918/18 1524/887/18
f 1481/864/39 1482/938/39 1568/1043/39
f 1482/938/39 1567/1044/39 1568/1043/39
f 1568/1043/39 1569/994/39 1481/864/39
f 1467/948/18 1468/950/18 1504/853/18
f 1591/996/41 1594/1040/41 1595/997/41
f 1459/954/41 1576/953/41 1573/999/41
f 1645/1001/17 1554/914/17 1553/890/17
f 1449/932/18 1450/934/18 1514/869/18
f 1505/854/17 1465/946/17 1466/1003/17
f 1551/1005/39 1548/916/39 1493/886/39
f 1458/959/39 1461/939/39 1475/861/39
f 1550/888/18 1549/915/18 1525/1007/18
f 1623/883/18 1592/882/18 1589/1009/18
f 1485/871/39 1486/931/39 1586/1011/39
f 1486/931/39 1585/1042/39 1586/1011/39
f 1581/1012/41 1580/1047/41 1577/1013/41
f 1647/1015/17 1560/910/17 1559/899/17
f 1636/1017/40 1617/1051/40 1474/955/40
f 1526/885/17 1552/917/17 1551/1005/17
f 1445/975/18 1446/977/18 1515/872/18
f 1506/851/17 1463/949/17 1464/1019/17
f 1599/1021/41 1555/957/41 1556/1022/41
f 1464/1019/39 1467/948/39 1478/852/39
f 1496/892/39 1497/958/39 1599/1021/39
f 1497/958/39 1555/957/39 1599/1021/39
f 1516/867/17 1443/933/17 1444/970/17
f 1461/939/18 1462/941/18 1507/862/18
f 1603/1025/41 1606/1038/41 1607/1026/41
f 1608/1028/17 1605/1039/17 1499/1029/17
f 1466/1003/39 1471/945/39 1439/855/39
f 1646/1030/40 1627/889/40 1495/1008/40
f 1536/927/18 1535/929/18 1517/875/18
f 1615/849/18 1582/848/18 1583/1031/18
f 1454/986/39 1455/942/39 1479/858/39
f 1498/895/39 1499/1029/39 1606/1038/39
f 1499/1029/39 1605/1039/39 1606/1038/39
f 1606/1038/39 1603/1025/39 1498/895/39
f 1459/954/18 1460/1000/18 1508/1018/18
f 1611/978/41 1563/992/41 1564/1034/41
f 1569/994/41 1568/1043/41 1565/1036/41
f 1609/909/92 1612/979/92 1611/978/92
f 1608/1028/43 1607/1026/43 1606/1038/43
f 1601/912/42 1604/1033/42 1603/1025/42
f 1597/913/92 1600/1024/92 1599/1021/92
f 1596/983/43 1595/997/43 1594/1040/43
f 1589/1009/42 1592/882/42 1591/996/42
f 1588/930/43 1587/976/43 1586/1011/43
f 1566/937/43 1565/1036/43 1568/1043/43
f 1571/956/42 1570/995/42 1569/994/42
f 1574/972/43 1573/999/43 1576/953/43
f 1578/1046/43 1577/1013/43 1580/1047/43
f 1583/1031/42 1582/848/42 1581/1012/42
f 1616/850/93 1615/849/93 1632/1032/93
f 1634/951/46 1633/1054/46 1614/1049/46
f 1636/1017/46 1635/974/46 1618/973/46
f 1620/866/45 1619/847/45 1638/846/45
f 1640/990/46 1639/963/46 1622/965/46
f 1624/884/45 1623/883/45 1642/1010/45
f 1644/919/46 1643/985/46 1626/984/46
f 1646/1030/46 1645/1001/46 1628/1002/46
f 1648/982/46 1647/1015/46 1630/1016/46
f 1578/1046/17 1579/1048/17 1614/1049/17
f 1796/1055/18 1811/2168/18 1660/1056/18
f 1791/1229/47 1790/1060/47 1756/1059/47
f 1790/1060/47 1793/1144/47 1757/1058/47
f 1793/1144/47 1792/1216/47 1759/1218/47
f 1759/1218/47 1758/1200/47 1793/1144/47
f 1758/1200/47 1757/1058/47 1793/1144/47
f 1686/1061/48 1684/1208/48 1506/851/48
f 1649/1062/48 1685/1214/48 1505/854/48
f 1687/1063/48 1688/1219/48 1512/857/48
f 1683/1064/48 1681/1192/48 1509/1065/48
f 1689/1067/48 1690/2169/48 1513/1068/48
f 1799/1154/47 1798/1071/47 1656/1070/47
f 1798/1071/47 1797/1175/47 1659/1057/47
f 1797/1175/47 1796/1055/47 1659/1057/47
f 1691/1072/48 1692/1159/48 1516/1073/48
f 1693/1075/48 1694/2170/48 1518/870/48
f 1695/1076/48 1696/1168/48 1520/1077/48
f 1697/1079/48 1698/1173/48 1522/1080/48
f 1699/1082/48 1700/1176/48 1523/879/48
f 1803/1169/47 1802/1085/47 1770/1084/47
f 1802/1085/47 1801/1112/47 1771/1083/47
f 1801/1112/47 1800/1195/47 1769/1197/47
f 1769/1197/47 1768/1182/47 1801/1112/47
f 1768/1182/47 1771/1083/47 1801/1112/47
f 1701/1086/48 1702/1191/48 1526/885/48
f 1805/1187/47 1804/1088/47 1730/1087/47
f 1804/1088/47 1703/1194/47 1727/1089/47
f 1704/1090/48 1705/2171/48 1529/1091/48
f 1706/1093/48 1707/2172/48 1531/894/48
f 1807/1202/47 1806/1095/47 1736/1094/47
f 1806/1095/47 1708/1156/47 1735/1096/47
f 1709/1097/48 1710/2173/48 1534/900/48
f 1711/1098/48 1650/1153/48 1442/903/48
f 1677/1099/49 1678/1152/49 1739/1100/49
f 1532/902/18 1786/1224/18 1789/1102/18
f 1737/1103/49 1736/1094/49 1735/1096/49
f 1528/896/18 1778/1225/18 1781/1105/18
f 1527/1092/18 1774/1226/18 1777/1106/18
f 1731/1107/49 1730/1087/49 1727/1089/49
f 1729/1109/49 1728/1190/49 1725/1110/49
f 1801/1112/48 1802/1085/48 1644/1113/48
f 1723/1115/49 1722/1174/49 1719/1116/49
f 1721/1118/49 1720/1167/49 1715/1119/49
f 1717/1121/49 1716/1157/49 1713/1122/49
f 1518/870/17 1694/2170/17 1762/1124/17
f 1651/1126/49 1652/1158/49 1657/1127/49
f 1655/1129/49 1656/1070/49 1659/1057/49
f 1513/1068/17 1690/2169/17 1744/1130/17
f 1665/1132/49 1666/1151/49 1669/1133/49
f 1661/1135/49 1662/1172/49 1663/1136/49
f 1673/1138/49 1674/1189/49 1679/1139/49
f 1671/1141/49 1672/1205/49 1675/1142/49
f 1793/1144/48 1790/1060/48 1634/951/48
f 1795/1160/47 1794/1147/47 1752/1146/47
f 1794/1147/47 1682/1204/47 1753/1145/47
f 1682/1204/47 1667/1185/47 1753/1145/47
f 1511/1069/18 1748/1227/18 1747/1148/18
f 1441/856/18 1680/1140/18 1679/1139/18
f 1529/1091/17 1705/2171/17 1732/1149/17
f 1519/1081/18 1714/1120/18 1715/1119/18
f 1509/1065/17 1681/1192/17 1666/1151/17
f 1711/1098/47 1739/1100/47 1678/1152/47
f 1799/1154/17 1656/1070/17 1655/1129/17
f 1442/903/17 1650/1153/17 1678/1152/17
f 1530/966/18 1734/1104/18 1735/1096/18
f 1520/1077/17 1696/1168/17 1716/1157/17
f 1510/859/18 1664/1137/18 1663/1136/18
f 1691/1072/47 1657/1127/47 1652/1158/47
f 1521/881/18 1718/1117/18 1719/1116/18
f 1795/1160/17 1752/1146/17 1751/1161/17
f 1764/1163/49 1763/1198/49 1653/1164/49
f 1740/1177/47 1710/2173/47 1788/1166/47
f 1710/2173/47 1709/1097/47 1788/1166/47
f 1522/1080/17 1698/1173/17 1720/1167/17
f 1695/1076/47 1713/1122/47 1716/1157/47
f 1708/1156/48 1806/1095/48 1648/982/48
f 1803/1169/17 1770/1084/17 1773/1170/17
f 1512/857/17 1688/1219/17 1662/1172/17
f 1697/1079/47 1715/1119/47 1720/1167/47
f 1533/905/18 1738/1101/18 1739/1100/18
f 1523/879/17 1700/1176/17 1722/1174/17
f 1797/1175/48 1798/1071/48 1640/990/48
f 1699/1082/47 1719/1116/47 1722/1174/47
f 1534/900/17 1710/2173/17 1740/1177/17
f 1524/887/18 1724/1111/18 1725/1110/18
f 1744/1130/47 1690/2169/47 1745/1180/47
f 1690/2169/47 1689/1067/47 1745/1180/47
f 1689/1067/47 1747/1148/47 1746/1179/47
f 1504/853/18 1676/1143/18 1675/1142/18
f 1772/1181/49 1771/1083/49 1768/1182/49
f 1750/1184/49 1753/1145/49 1667/1185/49
f 1805/1187/17 1730/1087/17 1731/1107/17
f 1514/1074/18 1658/1128/18 1657/1127/18
f 1505/854/17 1685/1214/17 1674/1189/17
f 1701/1086/47 1725/1110/47 1728/1190/47
f 1683/1064/47 1669/1133/47 1666/1151/47
f 1525/1193/18 1726/1108/18 1727/1089/18
f 1800/1195/18 1813/2174/18 1766/1196/18
f 1762/1124/47 1694/2170/47 1763/1198/47
f 1694/2170/47 1693/1075/47 1763/1198/47
f 1754/1199/49 1757/1058/49 1758/1200/49
f 1807/1202/17 1736/1094/17 1737/1103/17
f 1682/1204/48 1794/1147/48 1636/1017/48
f 1526/885/17 1702/1191/17 1728/1190/17
f 1515/872/18 1654/1165/18 1653/1164/18
f 1506/851/17 1684/1208/17 1672/1205/17
f 1733/1150/49 1732/1149/49 1776/1206/49
f 1686/1061/47 1675/1142/47 1672/1205/47
f 1732/1149/47 1705/2171/47 1776/1206/47
f 1705/2171/47 1704/1090/47 1776/1206/47
f 1516/1073/17 1692/1159/17 1652/1158/17
f 1507/1066/18 1670/1134/18 1669/1133/18
f 1784/1209/49 1783/1220/49 1780/1210/49
f 1531/894/17 1707/2172/17 1782/1212/17
f 1649/1062/47 1679/1139/47 1674/1189/47
f 1703/1194/48 1804/1088/48 1646/1215/48
f 1517/1078/18 1712/1123/18 1713/1122/18
f 1792/1216/18 1808/2175/18 1760/1217/18
f 1687/1063/47 1663/1136/47 1662/1172/47
f 1782/1212/47 1707/2172/47 1783/1220/47
f 1707/2172/47 1706/1093/47 1783/1220/47
f 1706/1093/47 1781/1105/47 1780/1210/47
f 1508/1018/18 1668/1186/18 1667/1185/18
f 1741/1178/49 1740/1177/49 1788/1166/49
f 1742/1222/49 1745/1180/49 1746/1179/49
f 1787/1221/94 1788/1166/94 1789/1102/94
f 1783/1220/95 1784/1209/95 1785/1213/95
f 1779/1211/96 1780/1210/96 1781/1105/96
f 1775/1207/94 1776/1206/94 1777/1106/94
f 1771/1083/52 1772/1181/52 1773/1170/52
f 1767/1183/50 1768/1182/50 1769/1197/50
f 1763/1198/52 1764/1163/52 1765/1125/52
f 1745/1180/52 1742/1222/52 1743/1131/52
f 1749/1223/50 1746/1179/50 1747/1148/50
f 1753/1145/52 1750/1184/52 1751/1161/52
f 1757/1058/52 1754/1199/52 1755/1228/52
f 1761/1201/50 1758/1200/50 1759/1218/50
f 1631/952/55 1808/2175/55 1792/1216/55
f 1791/1229/56 1809/1230/56 1634/951/56
f 1795/1160/56 1810/1162/56 1636/1017/56
f 1637/991/55 1811/2168/55 1796/1055/55
f 1799/1154/56 1812/1155/56 1640/990/56
f 1641/1114/55 1813/2174/55 1800/1195/55
f 1803/1169/56 1814/1171/56 1644/1113/56
f 1805/1187/56 1815/1188/56 1646/1215/56
f 1807/1202/56 1816/1203/56 1648/982/56
f 1791/1229/17 1756/1059/17 1755/1228/17
f 1819/1231/19 1820/1232/19 1818/1232/19
f 1823/1233/14 1824/1233/14 1821/1234/14
f 1819/1231/17 1821/1234/17 1824/1233/17
f 1818/1232/18 1823/1233/18 1822/1234/18
f 1820/1232/15 1824/1233/15 1823/1233/15
f 1817/1231/16 1822/1234/16 1821/1234/16
f 1827/1235/19 1828/1236/19 1826/1236/19
f 1831/1237/14 1832/1237/14 1829/1238/14
f 1827/1235/17 1829/1238/17 1832/1237/17
f 1826/1236/18 1831/1237/18 1830/1238/18
f 1828/1236/15 1832/1237/15 1831/1237/15
f 1825/1235/16 1830/1238/16 1829/1238/16
f 1835/1239/16 1836/1240/16 1834/1240/16
f 1839/1233/15 1840/1233/15 1837/1236/15
f 1835/1239/17 1837/1236/17 1840/1233/17
f 1834/1240/18 1839/1233/18 1838/1236/18
f 1843/1235/16 1844/1234/16 1842/1234/16
f 1847/1241/15 1848/1241/15 1845/1242/15
f 1843/1235/17 1845/1242/17 1848/1241/17
f 1842/1234/18 1847/1241/18 1846/1242/18
f 1853/1243/18 1851/1248/18 1849/1241/18
f 1854/1244/18 1849/1241/18 1850/1240/18
f 1856/1246/18 1855/1245/18 1850/1240/18
f 1856/1246/18 1852/1247/18 1851/1248/18
f 1857/1241/17 1859/1248/17 1861/1243/17
f 1858/1240/17 1857/1241/17 1862/1244/17
f 1864/1246/17 1860/1247/17 1858/1240/17
f 1859/1248/17 1860/1247/17 1864/1246/17
f 1886/1244/15 1862/1244/15 1861/1243/15
f 1887/1245/14 1863/1245/14 1862/1244/14
f 1888/1246/16 1864/1246/16 1863/1245/16
f 1869/1250/18 1866/1252/18 1865/1251/18
f 1865/1251/18 1868/1253/18 1870/1249/18
f 1868/1253/18 1867/1254/18 1870/1249/18
f 1873/1254/17 1874/1253/17 1876/1249/17
f 1874/1253/17 1871/1251/17 1876/1249/17
f 1871/1251/17 1872/1252/17 1875/1250/17
f 1869/1250/19 1875/1250/19 1872/1252/19
f 1865/1251/14 1871/1251/14 1874/1253/14
f 1867/1254/19 1873/1254/19 1876/1249/19
f 1878/1255/18 1877/1258/18 1880/1256/18
f 1881/1258/17 1882/1255/17 1883/1257/17
f 1884/1256/16 1880/1256/16 1877/1258/16
f 1882/1255/15 1878/1255/15 1879/1257/15
f 1885/1243/19 1861/1243/19 1864/1246/19
f 1853/1243/19 1885/1243/19 1888/1246/19
f 1856/1246/16 1888/1246/16 1887/1245/16
f 1855/1245/14 1887/1245/14 1886/1244/14
f 1854/1244/15 1886/1244/15 1885/1243/15
f 1891/1259/19 1892/1259/19 1890/1260/19
f 1895/1261/14 1896/1262/14 1893/1262/14
f 1892/1259/15 1896/1262/15 1895/1261/15
f 1889/1260/16 1894/1261/16 1893/1262/16
f 1891/1259/17 1893/1262/17 1896/1262/17
f 1890/1260/18 1895/1261/18 1894/1261/18
f 1899/1263/19 1900/1263/19 1898/1264/19
f 1903/1265/14 1904/1266/14 1901/1266/14
f 1900/1263/15 1904/1266/15 1903/1265/15
f 1897/1264/16 1902/1265/16 1901/1266/16
f 1899/1263/17 1901/1266/17 1904/1266/17
f 1898/1264/18 1903/1265/18 1902/1265/18
f 1907/1267/17 1908/1267/17 1906/1268/17
f 1911/1269/18 1912/1270/18 1909/1270/18
f 1908/1267/15 1912/1270/15 1911/1269/15
f 1905/1268/16 1910/1269/16 1909/1270/16
f 1907/1267/14 1909/1270/14 1912/1270/14
f 1906/1268/19 1911/1269/19 1910/1269/19
f 1915/1263/17 1916/1263/17 1914/1262/17
f 1919/1271/18 1920/1272/18 1917/1272/18
f 1916/1263/15 1920/1272/15 1919/1271/15
f 1913/1262/16 1918/1271/16 1917/1272/16
f 1915/1263/14 1917/1272/14 1920/1272/14
f 1914/1262/19 1919/1271/19 1918/1271/19
f 1925/1273/15 1923/1272/15 1921/1267/15
f 1927/1275/15 1926/1274/15 1921/1267/15
f 1928/1276/15 1927/1275/15 1922/1268/15
f 1928/1276/15 1924/1271/15 1923/1272/15
f 1929/1267/16 1931/1272/16 1933/1273/16
f 1935/1275/16 1930/1268/16 1929/1267/16
f 1936/1276/16 1932/1271/16 1930/1268/16
f 1931/1272/16 1932/1271/16 1936/1276/16
f 1938/1274/19 1934/1274/19 1933/1273/19
f 1939/1275/17 1935/1275/17 1934/1274/17
f 1940/1276/14 1936/1276/14 1935/1275/14
f 1937/1273/18 1933/1273/18 1936/1276/18
f 1925/1273/18 1937/1273/18 1940/1276/18
f 1928/1276/14 1940/1276/14 1939/1275/14
f 1927/1275/17 1939/1275/17 1938/1274/17
f 1926/1274/19 1938/1274/19 1937/1273/19
f 1942/1277/15 1941/1280/15 1944/1278/15
f 1948/1278/16 1945/1280/16 1946/1277/16
f 1943/1279/19 1947/1279/19 1946/1277/19
f 1941/1280/14 1945/1280/14 1948/1278/14
f 1951/1281/19 1952/1281/19 1950/1282/19
f 1955/1283/14 1956/1284/14 1953/1284/14
f 1952/1281/15 1956/1284/15 1955/1283/15
f 1949/1282/16 1954/1283/16 1953/1284/16
f 1951/1281/17 1953/1284/17 1956/1284/17
f 1950/1282/18 1955/1283/18 1954/1283/18
f 1959/1285/19 1960/1285/19 1958/1286/19
f 1963/1287/14 1964/1288/14 1961/1288/14
f 1960/1285/15 1964/1288/15 1963/1287/15
f 1957/1286/16 1962/1287/16 1961/1288/16
f 1959/1285/17 1961/1288/17 1964/1288/17
f 1958/1286/18 1963/1287/18 1962/1287/18
f 1967/1289/17 1968/1289/17 1966/1290/17
f 1971/1283/18 1972/1286/18 1969/1286/18
f 1968/1289/15 1972/1286/15 1971/1283/15
f 1965/1290/16 1970/1283/16 1969/1286/16
f 1967/1289/14 1969/1286/14 1972/1286/14
f 1966/1290/19 1971/1283/19 1970/1283/19
f 1975/1285/17 1976/1285/17 1974/1284/17
f 1979/1291/18 1980/1292/18 1977/1292/18
f 1976/1285/15 1980/1292/15 1979/1291/15
f 1973/1284/16 1978/1291/16 1977/1292/16
f 1975/1285/14 1977/1292/14 1980/1292/14
f 1974/1284/19 1979/1291/19 1978/1291/19
f 1986/1293/15 1985/1296/15 1983/1292/15
f 1987/1294/15 1986/1293/15 1981/1289/15
f 1987/1294/15 1982/1290/15 1984/1291/15
f 1988/1295/15 1984/1291/15 1983/1292/15
f 1994/1293/16 1989/1289/16 1991/1292/16
f 1995/1294/16 1990/1290/16 1989/1289/16
f 1992/1291/16 1990/1290/16 1995/1294/16
f 1991/1292/16 1992/1291/16 1996/1295/16
f 1998/1293/19 1994/1293/19 1993/1296/19
f 1999/1294/17 1995/1294/17 1994/1293/17
f 2000/1295/14 1996/1295/14 1995/1294/14
f 1997/1296/18 1993/1296/18 1996/1295/18
f 1985/1296/18 1997/1296/18 2000/1295/18
f 1988/1295/14 2000/1295/14 1999/1294/14
f 1987/1294/17 1999/1294/17 1998/1293/17
f 1986/1293/19 1998/1293/19 1997/1296/19
f 2002/1297/15 2001/1300/15 2004/1298/15
f 2008/1298/16 2005/1300/16 2006/1297/16
f 2003/1299/19 2007/1299/19 2006/1297/19
f 2001/1300/14 2005/1300/14 2008/1298/14
f 2011/1301/19 2012/1301/19 2010/1302/19
f 2015/1303/14 2016/1304/14 2013/1304/14
f 2012/1301/15 2016/1304/15 2015/1303/15
f 2009/1302/16 2014/1303/16 2013/1304/16
f 2011/1301/17 2013/1304/17 2016/1304/17
f 2010/1302/18 2015/1303/18 2014/1303/18
f 2019/1305/19 2020/1305/19 2018/1306/19
f 2023/1307/14 2024/1308/14 2021/1308/14
f 2020/1305/15 2024/1308/15 2023/1307/15
f 2017/1306/16 2022/1307/16 2021/1308/16
f 2019/1305/17 2021/1308/17 2024/1308/17
f 2018/1306/18 2023/1307/18 2022/1307/18
f 2027/1309/17 2028/1309/17 2026/1310/17
f 2031/1303/18 2032/1306/18 2029/1306/18
f 2028/1309/15 2032/1306/15 2031/1303/15
f 2025/1310/16 2030/1303/16 2029/1306/16
f 2027/1309/14 2029/1306/14 2032/1306/14
f 2026/1310/19 2031/1303/19 2030/1303/19
f 2035/1305/17 2036/1305/17 2034/1304/17
f 2039/1311/18 2040/1312/18 2037/1312/18
f 2036/1305/15 2040/1312/15 2039/1311/15
f 2033/1304/16 2038/1311/16 2037/1312/16
f 2035/1305/14 2037/1312/14 2040/1312/14
f 2034/1304/19 2039/1311/19 2038/1311/19
f 2045/1313/15 2043/1312/15 2041/1309/15
f 2047/1315/15 2046/1314/15 2041/1309/15
f 2048/1316/15 2047/1315/15 2042/1310/15
f 2048/1316/15 2044/1311/15 2043/1312/15
f 2049/1309/16 2051/1312/16 2053/1313/16
f 2055/1315/16 2050/1310/16 2049/1309/16
f 2056/1316/16 2052/1311/16 2050/1310/16
f 2051/1312/16 2052/1311/16 2056/1316/16
f 2058/1314/19 2054/1314/19 2053/1313/19
f 2059/1315/17 2055/1315/17 2054/1314/17
f 2060/1316/14 2056/1316/14 2055/1315/14
f 2057/1313/18 2053/1313/18 2056/1316/18
f 2045/1313/18 2057/1313/18 2060/1316/18
f 2048/1316/14 2060/1316/14 2059/1315/14
f 2047/1315/17 2059/1315/17 2058/1314/17
f 2046/1314/19 2058/1314/19 2057/1313/19
f 2062/1317/15 2061/1320/15 2064/1318/15
f 2068/1318/16 2065/1320/16 2066/1317/16
f 2063/1319/19 2067/1319/19 2066/1317/19
f 2061/1320/14 2065/1320/14 2068/1318/14
f 2076/1321/14 2072/1321/14 2069/1322/14
f 2074/1323/19 2070/1323/19 2071/1324/19
f 2069/1322/15 2072/1321/15 2071/1324/15
f 2075/1324/16 2076/1321/16 2073/1322/16
f 2091/1325/19 2079/1325/19 2080/1326/19
f 2090/1327/18 2078/1327/18 2079/1325/18
f 2089/1328/14 2077/1328/14 2078/1327/14
f 2092/1326/17 2080/1326/17 2077/1328/17
f 2080/1326/17 2084/1326/17 2081/1328/17
f 2077/1328/14 2081/1328/14 2082/1327/14
f 2078/1327/18 2082/1327/18 2083/1325/18
f 2079/1325/19 2083/1325/19 2084/1326/19
f 2086/1329/15 2085/1332/15 2081/1328/15
f 2081/1328/15 2085/1332/15 2087/1330/15
f 2082/1327/15 2087/1330/15 2088/1331/15
f 2088/1331/15 2086/1329/15 2084/1326/15
f 2089/1328/16 2093/1332/16 2094/1329/16
f 2089/1328/16 2090/1327/16 2095/1330/16
f 2090/1327/16 2091/1325/16 2096/1331/16
f 2092/1326/16 2094/1329/16 2096/1331/16
f 2103/1333/19 2098/1332/19 2099/1332/19
f 2102/1334/14 2100/1329/14 2097/1329/14
f 2104/1333/15 2099/1332/15 2100/1329/15
f 2101/1334/16 2097/1329/16 2098/1332/16
f 2098/1332/17 2097/1329/17 2100/1329/17
f 2102/1334/18 2101/1334/18 2103/1333/18
f 2111/1330/19 2106/1335/19 2107/1335/19
f 2110/1331/14 2108/1336/14 2105/1336/14
f 2112/1330/15 2107/1335/15 2108/1336/15
f 2109/1331/16 2105/1336/16 2106/1335/16
f 2106/1335/17 2105/1336/17 2108/1336/17
f 2110/1331/18 2109/1331/18 2111/1330/18
f 2119/1336/17 2114/1337/17 2115/1337/17
f 2118/1334/18 2116/1338/18 2113/1338/18
f 2120/1336/15 2115/1337/15 2116/1338/15
f 2117/1334/16 2113/1338/16 2114/1337/16
f 2114/1337/14 2113/1338/14 2116/1338/14
f 2118/1334/19 2117/1334/19 2119/1336/19
f 2127/1339/17 2122/1335/17 2123/1335/17
f 2126/1340/18 2124/1333/18 2121/1333/18
f 2128/1339/15 2123/1335/15 2124/1333/15
f 2125/1340/16 2121/1333/16 2122/1335/16
f 2122/1335/14 2121/1333/14 2124/1333/14
f 2126/1340/19 2125/1340/19 2127/1339/19
f 2131/1341/14 2133/1342/14 2136/1342/14
f 2130/1343/15 2132/1341/15 2136/1342/15
f 2129/1343/16 2134/1344/16 2133/1342/16
f 2139/1345/14 2141/1346/14 2144/1346/14
f 2138/1347/15 2140/1345/15 2144/1346/15
f 2137/1347/16 2142/1348/16 2141/1346/16
f 2147/1349/14 2149/1350/14 2152/1350/14
f 2148/1349/17 2152/1350/17 2151/1351/17
f 2145/1352/18 2150/1351/18 2149/1350/18
f 2155/1353/14 2157/1354/14 2160/1354/14
f 2156/1353/15 2160/1354/15 2159/1355/15
f 2153/1356/16 2158/1355/16 2157/1354/16
f 2162/1357/17 2164/1360/17 2163/1358/17
f 2165/1358/18 2168/1360/18 2167/1357/18
f 2168/1360/14 2165/1358/14 2163/1358/14
f 2166/1359/19 2167/1357/19 2162/1357/19
f 2285/1361/18 2328/1458/18 2291/1362/18
f 2170/1364/17 2172/1368/17 2197/1365/17
f 2169/1367/18 2186/1417/18 2196/1365/18
f 2197/1365/15 2342/1365/15 2351/1366/15
f 2195/1369/18 2185/1418/18 2288/1370/18
f 2185/1418/18 2184/1451/18 2288/1370/18
f 2184/1451/18 2287/1450/18 2288/1370/18
f 2271/1371/18 2272/1424/18 2193/1425/18
f 2271/1371/18 2193/1425/18 2195/1369/18
f 2270/1372/18 2276/1428/18 2192/1373/18
f 2323/1375/16 2266/1375/16 2245/1376/16
f 2180/1377/18 2179/1463/18 2189/1378/18
f 2307/1380/15 2247/1380/15 2264/1381/15
f 2213/1382/17 2198/1440/17 2200/1383/17
f 2212/1385/17 2199/1374/17 2201/1373/17
f 2317/1387/16 2259/1387/16 2252/1388/16
f 2209/1389/17 2202/1413/17 2204/1390/17
f 2313/1392/15 2255/1392/15 2256/1393/15
f 2206/1394/17 2205/1414/17 2176/1395/17
f 2177/1397/18 2174/2176/18 2175/1398/18
f 2234/1400/17 2224/1435/17 2225/1401/17
f 2200/1383/15 2344/1383/15 2349/1384/15
f 2244/1365/17 2233/1417/17 2215/1367/17
f 2303/1403/16 2340/1403/16 2333/1404/16
f 2243/1369/17 2241/1425/17 2267/1371/17
f 2241/1425/17 2268/1424/17 2267/1371/17
f 2231/1451/17 2232/1418/17 2282/1370/17
f 2232/1418/17 2243/1369/17 2282/1370/17
f 2282/1370/17 2283/1450/17 2231/1451/17
f 2239/1373/17 2273/1428/17 2269/1372/17
f 2275/1415/17 2240/1416/17 2237/1407/17
f 2227/1429/17 2228/1427/17 2280/1405/17
f 2228/1427/17 2279/1426/17 2280/1405/17
f 2274/1406/17 2275/1415/17 2237/1407/17
f 2227/1429/17 2280/1405/17 2237/1407/17
f 2293/1408/15 2332/1408/15 2337/1409/15
f 2266/1375/18 2264/1381/18 2247/1380/18
f 2201/1373/15 2346/1373/15 2347/1386/15
f 2262/1410/18 2260/1443/18 2251/1411/18
f 2261/1389/18 2258/1391/18 2253/1390/18
f 2259/1387/18 2256/1393/18 2255/1392/18
f 2257/1394/18 2219/1396/18 2222/1395/18
f 2221/1398/17 2220/2176/17 2223/1397/17
f 2326/1415/16 2299/1416/16 2240/1416/16
f 2186/1417/15 2233/1417/15 2244/1365/15
f 2195/1369/16 2243/1369/16 2232/1418/16
f 2295/1419/18 2294/1452/18 2301/1420/18
f 2338/1422/17 2331/1452/17 2334/1419/17
f 2272/1424/15 2268/1424/15 2241/1425/15
f 2286/1426/16 2279/1426/16 2228/1427/16
f 2276/1428/15 2273/1428/15 2239/1373/15
f 2191/1379/16 2238/1434/16 2226/1377/16
f 2181/1429/15 2227/1429/15 2237/1407/15
f 2289/1431/18 2178/1435/18 2187/1400/18
f 2336/1433/17 2329/1459/17 2226/1377/17
f 2188/1399/16 2235/1399/16 2223/1397/16
f 2178/1435/15 2224/1435/15 2234/1400/15
f 2324/1436/17 2305/1455/17 2308/1437/17
f 2216/1364/18 2352/1460/18 2341/1439/18
f 2213/1382/16 2265/1382/16 2246/1440/16
f 2319/1410/16 2262/1410/16 2249/1412/16
f 2212/1385/16 2263/1385/16 2248/1374/16
f 2265/1382/18 2350/1461/18 2343/1441/18
f 2320/1442/17 2309/1456/17 2203/1411/17
f 2263/1385/18 2348/1462/18 2345/1444/18
f 2209/1389/16 2261/1389/16 2250/1413/16
f 2203/1411/15 2251/1411/15 2260/1443/15
f 2318/1445/17 2311/1457/17 2314/1446/17
f 2204/1390/15 2253/1390/15 2258/1391/15
f 2206/1394/16 2257/1394/16 2254/1414/16
f 2285/1361/15 2183/1363/15 2229/1363/15
f 2190/1430/18 2300/1453/18 2325/1454/18
f 2190/1430/18 2325/1454/18 2277/1406/18
f 2286/1426/18 2182/1427/18 2281/1405/18
f 2182/1427/18 2181/1429/18 2281/1405/18
f 2190/1430/18 2277/1406/18 2281/1405/18
f 2327/1448/16 2284/1448/16 2230/1449/16
f 2270/1372/16 2194/1374/16 2242/1374/16
f 2287/1450/15 2184/1451/15 2231/1451/15
f 2278/1361/17 2229/1363/17 2230/1449/17
f 2304/1421/25 2303/1403/25 2296/1404/25
f 2294/1452/24 2293/1408/24 2302/1409/24
f 2300/1453/25 2299/1416/25 2326/1415/25
f 2298/1432/25 2297/1402/25 2290/1401/25
f 2305/1455/28 2324/1436/28 2323/1375/28
f 2321/1438/27 2308/1437/27 2307/1380/27
f 2309/1456/28 2320/1442/28 2319/1410/28
f 2311/1457/28 2318/1445/28 2317/1387/28
f 2315/1447/27 2314/1446/27 2313/1392/27
f 2328/1458/25 2327/1448/25 2292/1449/25
f 2297/1402/16 2236/1402/16 2225/1401/16
f 2333/1404/28 2340/1403/28 2339/1423/28
f 2337/1409/27 2332/1408/27 2331/1452/27
f 2335/1378/27 2330/1463/27 2329/1459/27
f 2342/1365/24 2341/1439/24 2352/1460/24
f 2344/1383/24 2343/1441/24 2350/1461/24
f 2346/1373/24 2345/1444/24 2348/1462/24
f 2179/1463/15 2330/1463/15 2335/1378/15
f 2216/1364/16 2218/1368/16 2172/1368/16
f 2408/1464/57 2407/1561/57 2385/1465/57
f 2397/1552/58 2481/1468/58 2367/1467/58
f 2481/1468/58 2482/1584/58 2362/1469/58
f 2419/1470/57 2418/1559/57 2396/1471/57
f 2373/1473/17 2374/1530/17 2500/1474/17
f 2356/1476/57 2420/1537/57 2399/1477/57
f 2464/1479/17 2461/1600/17 2406/1480/17
f 2416/1482/57 2415/1577/57 2393/1483/57
f 2394/1522/58 2479/1487/58 2449/1486/58
f 2479/1487/58 2480/1574/58 2448/1485/58
f 2394/1522/58 2449/1486/58 2450/1579/58
f 2480/1574/58 2447/1573/58 2448/1485/58
f 2413/1488/57 2412/1578/57 2390/1489/57
f 2391/1586/58 2477/1492/58 2422/1491/58
f 2477/1492/58 2478/1554/58 2427/1493/58
f 2410/1494/57 2409/1515/57 2387/1495/57
f 2380/1563/58 2473/1498/58 2434/1497/58
f 2473/1498/58 2474/1606/58 2437/1499/58
f 2403/1500/57 2402/1544/57 2382/1501/57
f 2383/1582/58 2475/1504/58 2440/1503/58
f 2475/1504/58 2476/1598/58 2443/1505/58
f 2400/1506/57 2355/1553/57 2353/1507/57
f 2375/1509/59 2376/2177/59 2441/1510/59
f 2443/1505/59 2444/1590/59 2439/1512/59
f 2468/1513/17 2465/1599/17 2403/1500/17
f 2437/1499/59 2438/1555/59 2433/1514/59
f 2409/1515/18 2460/1550/18 2457/1516/18
f 2427/1493/59 2428/1538/59 2421/1517/59
f 2423/1518/59 2424/2178/59 2358/1519/59
f 2414/1521/57 2494/1575/57 2479/1487/57
f 2360/1523/59 2359/2179/59 2364/1524/59
f 2372/1526/59 2371/2180/59 2377/1527/59
f 2370/1529/59 2369/1587/59 2374/1530/59
f 2454/1531/17 2455/1603/17 2419/1470/17
f 2362/1469/59 2361/1604/59 2368/1532/59
f 2431/1533/59 2432/2181/59 2429/1534/59
f 2406/1480/57 2405/1569/57 2379/1536/57
f 2377/1527/61 2371/2180/61 2420/1537/61
f 2492/1540/61 2411/1585/61 2421/1517/61
f 2421/1517/60 2428/1538/60 2492/1540/60
f 2430/1535/17 2429/1534/17 2408/1464/17
f 2499/1541/57 2498/1589/57 2483/1542/57
f 2402/1544/18 2472/1596/18 2469/1545/18
f 2378/1528/17 2377/1527/17 2356/1476/17
f 2470/1546/59 2471/1595/59 2466/1547/59
f 2409/1515/60 2410/1494/60 2459/1549/60
f 2410/1494/60 2425/1565/60 2459/1549/60
f 2367/1467/17 2368/1532/17 2417/1551/17
f 2355/1553/18 2376/2177/18 2375/1509/18
f 2491/1539/18 2428/1538/18 2427/1493/18
f 2490/1557/60 2404/1562/60 2433/1514/60
f 2433/1514/60 2438/1555/60 2490/1557/60
f 2386/1481/97 2379/1536/97 2463/1558/97
f 2379/1536/58 2435/1570/58 2463/1558/58
f 2418/1559/18 2365/1597/18 2366/1560/18
f 2375/1509/58 2442/1511/58 2384/1508/58
f 2441/1510/60 2376/2177/60 2355/1553/60
f 2407/1561/18 2432/2181/18 2431/1533/18
f 2363/1525/17 2364/1524/17 2416/1482/17
f 2431/1533/58 2430/1535/58 2388/1466/58
f 2429/1534/60 2432/2181/60 2407/1561/60
f 2434/1497/17 2433/1514/17 2404/1562/17
f 2417/1551/57 2496/1605/57 2481/1468/57
f 2458/1564/59 2459/1549/59 2425/1565/59
f 2405/1569/60 2406/1480/60 2462/1567/60
f 2406/1480/60 2461/1600/60 2462/1567/60
f 2405/1569/18 2436/1568/18 2435/1570/18
f 2398/1472/58 2396/1471/58 2453/1571/58
f 2396/1471/58 2366/1560/58 2453/1571/58
f 2493/1572/18 2446/1601/18 2447/1573/18
f 2494/1575/60 2414/1521/60 2452/1580/60
f 2414/1521/60 2451/1602/60 2452/1580/60
f 2452/1580/61 2445/1576/61 2494/1575/61
f 2445/1576/60 2446/1601/60 2493/1572/60
f 2381/1502/58 2382/1501/58 2470/1546/58
f 2382/1501/58 2469/1545/58 2470/1546/58
f 2470/1546/58 2467/1548/58 2381/1502/58
f 2415/1577/18 2359/2179/18 2360/1523/18
f 2423/1518/58 2357/1520/58 2392/1490/58
f 2358/1519/60 2424/2178/60 2412/1578/60
f 2404/1562/57 2490/1557/57 2473/1498/57
f 2357/1520/17 2358/1519/17 2413/1488/17
f 2450/1579/17 2451/1602/17 2414/1521/17
f 2448/1485/59 2445/1576/59 2452/1580/59
f 2440/1503/17 2439/1512/17 2401/1581/17
f 2495/1583/18 2361/1604/18 2362/1469/18
f 2360/1523/58 2363/1525/58 2395/1484/58
f 2364/1524/60 2359/2179/60 2415/1577/60
f 2422/1491/17 2421/1517/17 2411/1585/17
f 2486/1543/58 2483/1542/58 2370/1529/58
f 2483/1542/58 2484/1594/58 2370/1529/58
f 2370/1529/58 2373/1473/58 2486/1543/58
f 2498/1589/61 2499/1541/61 2374/1530/61
f 2499/1541/60 2500/1474/60 2374/1530/60
f 2374/1530/60 2369/1587/60 2498/1589/60
f 2442/1511/17 2441/1510/17 2400/1506/17
f 2412/1578/18 2424/2178/18 2423/1518/18
f 2488/1592/61 2401/1581/61 2439/1512/61
f 2439/1512/60 2444/1590/60 2488/1592/60
f 2366/1560/59 2365/1597/59 2456/1593/59
f 2389/1496/58 2387/1495/58 2458/1564/58
f 2387/1495/58 2457/1516/58 2458/1564/58
f 2401/1581/57 2488/1592/57 2475/1504/57
f 2426/1566/17 2425/1565/17 2410/1494/17
f 2420/1537/18 2371/2180/18 2372/1526/18
f 2497/1588/18 2369/1587/18 2370/1529/18
f 2402/1544/60 2403/1500/60 2466/1547/60
f 2403/1500/60 2465/1599/60 2466/1547/60
f 2466/1547/60 2471/1595/60 2402/1544/60
f 2435/1570/59 2436/1568/59 2462/1567/59
f 2411/1585/57 2492/1540/57 2477/1492/57
f 2418/1559/60 2419/1470/60 2456/1593/60
f 2419/1470/60 2455/1603/60 2456/1593/60
f 2372/1526/58 2378/1528/58 2354/1478/58
f 2487/1591/18 2444/1590/18 2443/1505/18
f 2472/1596/64 2471/1595/64 2470/1546/64
f 2465/1599/98 2468/1513/98 2467/1548/98
f 2461/1600/63 2464/1479/63 2463/1558/63
f 2460/1550/64 2459/1549/64 2458/1564/64
f 2446/1601/64 2445/1576/64 2448/1485/64
f 2451/1602/63 2450/1579/63 2449/1486/63
f 2455/1603/63 2454/1531/63 2453/1571/63
f 2496/1605/61 2417/1551/61 2368/1532/61
f 2368/1532/60 2361/1604/60 2496/1605/60
f 2499/1541/65 2486/1543/65 2485/1475/65
f 2498/1589/66 2497/1588/66 2484/1594/66
f 2496/1605/66 2495/1583/66 2482/1584/66
f 2494/1575/66 2493/1572/66 2480/1574/66
f 2492/1540/66 2491/1539/66 2478/1554/66
f 2490/1557/66 2489/1556/66 2474/1606/66
f 2488/1592/66 2487/1591/66 2476/1598/66
f 2489/1556/18 2438/1555/18 2437/1499/18
f 2503/1607/19 2504/1608/19 2502/1608/19
f 2507/1609/14 2508/1609/14 2505/1610/14
f 2504/1608/15 2508/1609/15 2507/1609/15
f 2501/1607/16 2506/1610/16 2505/1610/16
f 2503/1607/17 2505/1610/17 2508/1609/17
f 2502/1608/18 2507/1609/18 2506/1610/18
f 2511/1611/19 2512/1612/19 2510/1612/19
f 2515/1613/14 2516/1613/14 2513/1614/14
f 2512/1612/15 2516/1613/15 2515/1613/15
f 2509/1611/16 2514/1614/16 2513/1614/16
f 2511/1611/17 2513/1614/17 2516/1613/17
f 2510/1612/18 2515/1613/18 2514/1614/18
f 2519/1615/16 2520/1616/16 2518/1616/16
f 2523/1609/15 2524/1609/15 2521/1612/15
f 2519/1615/17 2521/1612/17 2524/1609/17
f 2518/1616/18 2523/1609/18 2522/1612/18
f 2527/1611/16 2528/1610/16 2526/1610/16
f 2531/1617/15 2532/1617/15 2529/1618/15
f 2527/1611/17 2529/1618/17 2532/1617/17
f 2526/1610/18 2531/1617/18 2530/1618/18
f 2540/1619/18 2539/1625/18 2534/1620/18
f 2538/1622/18 2537/1626/18 2536/1623/18
f 2547/1625/17 2548/1619/17 2541/1621/17
f 2545/1626/17 2546/1622/17 2543/1624/17
f 2537/1626/19 2545/1626/19 2544/1623/19
f 2548/1619/14 2540/1619/14 2533/1621/14
f 2546/1622/14 2538/1622/14 2535/1624/14
f 2542/1620/19 2534/1620/19 2539/1625/19
f 2549/1627/18 2556/1633/18 2555/1628/18
f 2558/1631/18 2552/1635/18 2551/1634/18
f 2551/1634/18 2554/1632/18 2558/1631/18
f 2554/1632/18 2553/1636/18 2557/1630/18
f 2559/1627/17 2560/1629/17 2565/1628/17
f 2563/1636/17 2564/1632/17 2567/1630/17
f 2564/1632/17 2561/1634/17 2568/1631/17
f 2567/1630/99 2564/1632/99 2568/1631/99
f 2549/1627/16 2559/1627/16 2566/1633/16
f 2551/1634/16 2561/1634/16 2564/1632/16
f 2553/1636/15 2563/1636/15 2567/1630/15
f 2568/1631/15 2562/1635/15 2552/1635/15
f 2555/1628/15 2565/1628/15 2560/1629/15
f 2573/1637/18 2571/1618/18 2569/1617/18
f 2575/1639/18 2574/1638/18 2569/1617/18
f 2576/1640/18 2575/1639/18 2570/1616/18
f 2576/1640/18 2572/1615/18 2571/1618/18
f 2577/1617/17 2579/1618/17 2581/1637/17
f 2583/1639/17 2578/1616/17 2577/1617/17
f 2584/1640/100 2580/1615/100 2578/1616/100
f 2579/1618/17 2580/1615/17 2584/1640/17
f 2574/1638/15 2582/1638/15 2581/1637/15
f 2575/1639/14 2583/1639/14 2582/1638/14
f 2576/1640/16 2584/1640/16 2583/1639/16
f 2573/1637/19 2581/1637/19 2584/1640/19
f 2689/1641/17 2643/1641/17 2682/1642/17
f 2611/1643/15 2612/1702/15 2587/1644/15
f 2705/1646/18 2664/1646/18 2661/1647/18
f 2607/1648/15 2616/1711/15 2615/1649/15
f 2707/1651/18 2666/1651/18 2659/1652/18
f 2605/1653/15 2604/1691/15 2619/1654/15
f 2711/1656/18 2673/1656/18 2652/1657/18
f 2602/1658/15 2621/1692/15 2620/1659/15
f 2600/1661/15 2623/1693/15 2622/1662/15
f 2598/1664/15 2625/1724/15 2624/1665/15
f 2695/1667/17 2651/1667/17 2674/1668/17
f 2595/1669/15 2628/1698/15 2627/1670/15
f 2594/1672/15 2593/1697/15 2630/1673/15
f 2717/1675/18 2681/1675/18 2644/1676/18
f 2591/1677/15 2632/1741/15 2631/1678/15
f 2589/1680/15 2585/1699/15 2588/1681/15
f 2684/1683/16 2685/1732/16 2640/1684/16
f 2637/1644/16 2663/1702/16 2662/1643/16
f 2664/1646/16 2665/1705/16 2660/1686/16
f 2666/1651/16 2667/1706/16 2658/1687/16
f 2669/1688/16 2670/1708/16 2655/1689/16
f 2654/1653/16 2671/1655/16 2672/1654/16
f 2673/1656/16 2674/1668/16 2651/1667/16
f 2620/1659/18 2742/1659/18 2735/1660/18
f 2602/1658/17 2734/1658/17 2743/1692/17
f 2600/1661/17 2732/1661/17 2745/1693/17
f 2677/1694/16 2678/1720/16 2647/1695/16
f 2627/1670/18 2750/1670/18 2727/1671/18
f 2646/1672/16 2679/1674/16 2680/1673/16
f 2644/1676/16 2681/1675/16 2682/1642/16
f 2595/1669/17 2726/1669/17 2751/1698/17
f 2639/1680/16 2686/1682/16 2638/1681/16
f 2610/1686/15 2613/1705/15 2706/1700/15
f 2611/1643/17 2662/1643/17 2663/1702/17
f 2609/1687/15 2614/1706/15 2708/1703/15
f 2610/1686/17 2660/1686/17 2665/1705/17
f 2615/1649/18 2668/1649/18 2657/1650/18
f 2609/1687/17 2658/1687/17 2667/1706/17
f 2699/1707/15 2606/1689/15 2617/1708/15
f 2668/1649/16 2740/1738/16 2737/1710/16
f 2618/1655/18 2671/1655/18 2654/1653/18
f 2606/1689/17 2655/1689/17 2670/1708/17
f 2709/1688/18 2669/1688/18 2656/1690/18
f 2604/1691/17 2653/1691/17 2672/1654/17
f 2607/1648/17 2738/1648/17 2739/1711/17
f 2697/1712/15 2696/1736/15 2713/1713/15
f 2622/1662/18 2675/1662/18 2650/1663/18
f 2736/1715/16 2741/2182/16 2744/1716/16
f 2624/1665/18 2676/1665/18 2649/1666/18
f 2675/1662/16 2746/1739/16 2731/1718/16
f 2693/1719/15 2597/1695/15 2626/1720/15
f 2649/1666/16 2676/1665/16 2748/1722/16
f 2598/1664/17 2730/1664/17 2747/1724/17
f 2597/1695/17 2647/1695/17 2678/1720/17
f 2629/1674/18 2679/1674/18 2646/1672/18
f 2749/1725/16 2752/1740/16 2725/1726/16
f 2715/1694/18 2677/1694/18 2648/1696/18
f 2593/1697/17 2645/1697/17 2680/1673/17
f 2631/1678/18 2683/1678/18 2642/1679/18
f 2691/1728/15 2690/1737/15 2719/1729/15
f 2687/1731/15 2590/1684/15 2633/1732/15
f 2642/1679/16 2683/1678/16 2754/1734/16
f 2634/1682/18 2686/1682/18 2639/1680/18
f 2590/1684/17 2640/1684/17 2685/1732/17
f 2706/1700/24 2705/1646/24 2704/1647/24
f 2708/1703/24 2707/1651/24 2702/1652/24
f 2710/1709/24 2709/1688/24 2700/1690/24
f 2712/1714/24 2711/1656/24 2698/1657/24
f 2696/1736/27 2695/1667/27 2714/1668/27
f 2716/1721/24 2715/1694/24 2694/1696/24
f 2718/1730/24 2717/1675/24 2692/1676/24
f 2690/1737/27 2689/1641/27 2720/1642/27
f 2722/1733/24 2721/1683/24 2688/1685/24
f 2721/1683/18 2684/1683/18 2641/1685/18
f 2738/1648/28 2737/1710/28 2740/1738/28
f 2742/1659/25 2741/2182/25 2736/1715/25
f 2734/1658/28 2733/1717/28 2744/1716/28
f 2732/1661/28 2731/1718/28 2746/1739/28
f 2730/1664/28 2729/1723/28 2748/1722/28
f 2750/1670/25 2749/1725/25 2728/1727/25
f 2726/1669/28 2725/1726/28 2752/1740/28
f 2724/1677/28 2723/1735/28 2754/1734/28
f 2591/1677/17 2724/1677/17 2753/1741/17
f 2757/1742/19 2758/1745/19 2756/1743/19
f 2761/1743/14 2762/1745/14 2759/1742/14
f 2758/1745/15 2762/1745/15 2761/1743/15
f 2755/1744/16 2760/1744/16 2759/1742/16
f 2766/1746/21 2770/1747/21 2769/1747/21
f 2763/1748/22 2768/1749/22 2767/1749/22
f 2765/1748/101 2767/1749/101 2770/1747/101
f 2763/1748/102 2764/1746/102 2769/1747/102
f 2774/1746/21 2778/1747/21 2777/1747/21
f 2771/1748/22 2776/1749/22 2775/1749/22
f 2773/1748/103 2775/1749/103 2778/1747/103
f 2771/1748/102 2772/1746/102 2777/1747/102
f 2782/1750/69 2786/1751/69 2785/1751/69
f 2779/1752/70 2784/1753/70 2783/1753/70
f 2781/1752/101 2783/1753/101 2786/1751/101
f 2779/1752/102 2780/1750/102 2785/1751/102
f 2788/1754/17 2790/1757/17 2789/1755/17
f 2791/1755/18 2794/1757/18 2793/1754/18
f 2794/1757/14 2791/1755/14 2789/1755/14
f 2792/1756/19 2793/1754/19 2788/1754/19
f 2798/1758/15 2802/1759/15 2801/1759/15
f 2795/1760/16 2800/836/16 2799/836/16
f 2797/1760/17 2799/836/17 2802/1759/17
f 2795/1760/18 2796/1758/18 2801/1759/18
f 2809/1761/16 2810/1761/16 2806/1762/16
f 2807/839/15 2808/839/15 2803/1763/15
f 2810/1761/17 2807/839/17 2805/1763/17
f 2803/1763/18 2808/839/18 2809/1761/18
f 2813/1764/19 2814/1765/19 2812/1765/19
f 2817/1766/14 2818/1766/14 2815/1767/14
f 2814/1765/15 2818/1766/15 2817/1766/15
f 2811/1764/16 2816/1767/16 2815/1767/16
f 2813/1764/17 2815/1767/17 2818/1766/17
f 2812/1765/18 2817/1766/18 2816/1767/18
f 2821/1768/19 2822/1769/19 2820/1769/19
f 2825/1770/14 2826/1770/14 2823/1771/14
f 2822/1769/15 2826/1770/15 2825/1770/15
f 2819/1768/16 2824/1771/16 2823/1771/16
f 2821/1768/17 2823/1771/17 2826/1770/17
f 2820/1769/18 2825/1770/18 2824/1771/18
f 2829/1768/16 2830/1767/16 2828/1767/16
f 2833/1772/15 2834/1772/15 2831/1773/15
f 2829/1768/17 2831/1773/17 2834/1772/17
f 2827/1768/18 2828/1767/18 2833/1772/18
f 2837/1774/16 2838/1775/16 2836/1775/16
f 2841/1766/15 2842/1766/15 2839/1769/15
f 2837/1774/17 2839/1769/17 2842/1766/17
f 2836/1775/18 2841/1766/18 2840/1769/18
f 2847/1776/18 2845/1773/18 2843/1777/18
f 2848/1778/18 2843/1777/18 2844/1779/18
f 2850/1781/18 2849/1780/18 2844/1779/18
f 2850/1781/18 2846/1774/18 2845/1773/18
f 2851/1777/17 2853/1773/17 2855/1776/17
f 2852/1779/17 2851/1777/17 2856/1778/17
f 2858/1781/17 2854/1774/17 2852/1779/17
f 2853/1773/17 2854/1774/17 2858/1781/17
f 2860/1778/15 2856/1778/15 2855/1776/15
f 2861/1780/14 2857/1780/14 2856/1778/14
f 2862/1781/16 2858/1781/16 2857/1780/16
f 2859/1776/19 2855/1776/19 2858/1781/19
f 2847/1776/19 2859/1776/19 2862/1781/19
f 2850/1781/16 2862/1781/16 2861/1780/16
f 2849/1780/14 2861/1780/14 2860/1778/14
f 2848/1778/15 2860/1778/15 2859/1776/15
f 2864/1782/18 2863/1785/18 2866/1783/18
f 2870/1783/17 2867/1785/17 2868/1782/17
f 2865/1784/19 2869/1784/19 2868/1782/19
f 2863/1785/14 2867/1785/14 2870/1783/14
f 2877/1786/16 2878/1786/16 2874/1787/16
f 2875/1788/15 2876/1788/15 2871/1789/15
f 2878/1786/17 2875/1788/17 2873/1789/17
f 2876/1788/18 2877/1786/18 2872/1787/18
f 2885/1790/17 2886/1793/17 2882/1791/17
f 2883/1793/18 2884/1790/18 2879/1792/18
f 2886/1793/15 2883/1793/15 2881/1791/15
f 2884/1790/16 2885/1790/16 2880/1792/16
f 2893/1794/17 2894/1797/17 2890/1795/17
f 2891/1797/18 2892/1794/18 2887/1796/18
f 2894/1797/15 2891/1797/15 2889/1795/15
f 2892/1794/16 2893/1794/16 2888/1796/16
f 2899/1793/18 2900/1790/18 2895/1792/18
f 2902/1793/15 2899/1793/15 2897/1791/15
f 2900/1790/16 2901/1790/16 2896/1792/16
f 2907/1797/18 2908/1794/18 2903/1796/18
f 2910/1797/15 2907/1797/15 2905/1795/15
f 2908/1794/16 2909/1794/16 2904/1796/16
f 2917/1798/17 2918/1801/17 2914/1799/17
f 2915/1801/18 2916/1798/18 2911/1800/18
f 2918/1801/15 2915/1801/15 2913/1799/15
f 2916/1798/16 2917/1798/16 2912/1800/16
f 2925/1802/17 2926/1805/17 2922/1803/17
f 2923/1805/18 2924/1802/18 2919/1804/18
f 2926/1805/15 2923/1805/15 2921/1803/15
f 2924/1802/16 2925/1802/16 2920/1804/16
f 2933/1806/16 2934/1806/16 2930/1807/16
f 2934/1806/17 2931/1809/17 2929/1808/17
f 2932/1809/18 2933/1806/18 2928/1807/18
f 2937/1810/19 2940/1810/19 2939/1811/19
f 2937/1810/18 2938/1811/18 2935/1812/18
f 2940/1810/17 2942/1813/17 2941/1812/17
f 2935/1812/14 2941/1812/14 2942/1813/14
f 2945/1814/19 2948/1819/19 2947/1815/19
f 2945/1814/16 2946/1816/16 2943/1817/16
f 2948/1819/15 2950/1821/15 2949/1820/15
f 2943/1817/71 2949/1820/71 2950/1821/71
f 2955/1822/19 2956/1828/19 2953/1823/19
f 2951/1825/15 2954/1824/15 2953/1823/15
f 2957/1827/16 2958/1827/16 2956/1828/16
f 2958/1827/72 2957/1827/72 2951/1825/72
f 2965/1829/16 2966/1839/16 2962/1830/16
f 2963/1832/15 2964/1833/15 2959/1831/15
f 2962/1830/17 2966/1839/17 2963/1832/17
f 2964/1833/18 2965/1829/18 2960/1831/18
f 2963/1832/73 2966/1839/73 2965/1829/73
f 2973/1834/16 2974/1840/16 2970/1835/16
f 2971/1837/15 2972/1838/15 2967/1836/15
f 2970/1835/17 2974/1840/17 2971/1837/17
f 2972/1838/18 2973/1834/18 2968/1836/18
f 2971/1837/73 2974/1840/73 2973/1834/73
f 2978/1830/15 2982/1839/15 2981/1829/15
f 2975/1831/16 2980/1833/16 2979/1832/16
f 2978/1830/17 2977/1830/17 2979/1832/17
f 2976/1831/18 2981/1829/18 2980/1833/18
f 2981/1829/74 2982/1839/74 2979/1832/74
f 2986/1835/15 2990/1840/15 2989/1834/15
f 2983/1836/16 2988/1838/16 2987/1837/16
f 2986/1835/17 2985/1835/17 2987/1837/17
f 2984/1836/18 2989/1834/18 2988/1838/18
f 2989/1834/74 2990/1840/74 2987/1837/74
f 2997/1841/16 2998/1846/16 2994/1842/16
f 2995/1844/15 2996/1845/15 2991/1843/15
f 2994/1842/17 2998/1846/17 2995/1844/17
f 2996/1845/18 2997/1841/18 2992/1843/18
f 3002/1842/15 3006/1846/15 3005/1841/15
f 2999/1843/16 3004/1845/16 3003/1844/16
f 3002/1842/17 3001/1842/17 3003/1844/17
f 3000/1843/18 3005/1841/18 3004/1845/18
f 3011/1847/14 3010/1851/14 3007/1848/14
f 3007/1848/15 3009/1854/15 3014/1850/15
f 3010/1851/16 3011/1847/16 3013/1852/16
f 3012/1853/19 3013/1852/19 3014/1850/19
f 3017/1855/19 3020/1860/19 3019/1856/19
f 3017/1855/16 3018/1857/16 3015/1858/16
f 3020/1860/15 3022/1862/15 3021/1861/15
f 3015/1858/41 3021/1861/41 3022/1862/41
f 3027/1863/19 3028/1869/19 3025/1864/19
f 3023/1866/15 3026/1865/15 3025/1864/15
f 3029/1868/16 3030/1870/16 3028/1869/16
f 3030/1870/49 3029/1868/49 3023/1866/49
f 3033/1871/19 3036/1872/19 3035/1872/19
f 3033/1871/16 3034/1871/16 3031/1873/16
f 3036/1872/15 3038/1876/15 3037/1875/15
f 3031/1873/14 3037/1875/14 3038/1876/14
f 3039/1877/16 3042/1877/16 3041/1878/16
f 3045/1879/14 3046/1887/14 3059/1880/14
f 3079/1882/16 3120/1882/16 3093/1883/16
f 3122/1884/14 3091/1936/14 3094/1885/14
f 3043/1879/15 3044/1887/15 3046/1887/15
f 3040/1878/17 3041/1878/17 3068/1888/17
f 3039/1877/19 3040/1878/19 3058/1888/19
f 3107/1890/14 3110/1909/14 3103/1891/14
f 3057/1893/17 3067/1893/17 3066/1894/17
f 3111/1895/14 3114/1922/14 3099/1896/14
f 3131/1898/19 3052/1915/19 3075/1899/19
f 3115/1901/14 3118/1925/14 3095/1902/14
f 3051/1904/17 3063/1904/17 3062/1905/17
f 3142/1906/19 3127/1938/19 3126/1907/19
f 3069/1889/18 3081/1889/18 3042/1877/18
f 3042/1877/14 3081/1889/14 3068/1888/14
f 3108/1943/18 3135/1943/18 3107/1890/18
f 3135/1943/18 3136/1910/18 3107/1890/18
f 3136/1910/18 3071/1933/18 3110/1909/18
f 3071/1933/18 3109/1933/18 3110/1909/18
f 3082/1911/14 3083/1924/14 3066/1894/14
f 3072/1912/16 3112/1912/16 3101/1913/16
f 3084/1914/14 3085/1899/14 3064/1915/14
f 3137/1914/16 3084/1914/16 3065/1916/16
f 3087/1917/14 3062/1905/14 3063/1904/14
f 3089/1919/14 3060/1929/14 3061/1920/14
f 3112/1912/18 3072/1912/18 3111/1895/18
f 3072/1912/18 3074/1923/18 3111/1895/18
f 3074/1923/18 3113/1923/18 3114/1922/18
f 3073/1924/18 3083/1924/18 3082/1911/18
f 3088/1921/18 3141/1921/18 3142/1906/18
f 3142/1906/18 3143/1908/18 3088/1921/18
f 3143/1908/18 3144/1919/18 3089/1919/18
f 3116/1941/18 3139/1941/18 3115/1901/18
f 3139/1941/18 3140/1926/18 3115/1901/18
f 3140/1926/18 3077/1940/18 3118/1925/18
f 3077/1940/18 3117/1940/18 3118/1925/18
f 3120/1882/18 3079/1882/18 3119/1886/18
f 3079/1882/18 3080/1927/18 3119/1886/18
f 3080/1927/18 3121/1927/18 3122/1884/18
f 3078/1917/18 3087/1917/18 3086/1918/18
f 3090/1881/18 3145/1881/18 3146/1928/18
f 3146/1928/18 3043/1879/18 3045/1879/18
f 3125/1929/15 3060/1929/15 3089/1919/15
f 3079/1882/19 3048/1883/19 3047/1930/19
f 3141/1921/16 3088/1921/16 3061/1920/16
f 3051/1904/19 3049/1905/19 3078/1917/19
f 3096/1939/17 3050/1939/17 3095/1902/17
f 3050/1939/17 3129/1931/17 3095/1902/17
f 3129/1931/17 3130/1942/17 3098/1903/17
f 3130/1942/17 3097/1942/17 3098/1903/17
f 3136/1910/19 3133/1935/19 3056/1932/19
f 3072/1912/19 3055/1913/19 3053/1934/19
f 3070/1911/19 3057/1893/19 3054/1894/19
f 3104/1932/17 3056/1932/17 3103/1891/17
f 3056/1932/17 3133/1935/17 3103/1891/17
f 3133/1935/17 3134/1944/17 3106/1892/17
f 3134/1944/17 3105/1944/17 3106/1892/17
f 3092/1930/17 3047/1930/17 3091/1936/17
f 3047/1930/17 3048/1883/17 3091/1936/17
f 3048/1883/17 3093/1883/17 3094/1885/17
f 3046/1887/17 3044/1887/17 3123/1937/17
f 3123/1937/17 3124/1880/17 3059/1880/17
f 3060/1929/17 3125/1929/17 3126/1907/17
f 3126/1907/17 3127/1938/17 3060/1929/17
f 3127/1938/17 3128/1920/17 3061/1920/17
f 3050/1939/15 3096/1939/15 3117/1940/15
f 3049/1905/15 3062/1905/15 3087/1917/15
f 3140/1926/19 3129/1931/19 3050/1939/19
f 3139/1941/16 3116/1941/16 3097/1942/16
f 3076/1918/16 3086/1918/16 3063/1904/16
f 3052/1915/15 3064/1915/15 3085/1899/15
f 3053/1934/15 3100/1934/15 3113/1923/15
f 3100/1934/17 3053/1934/17 3099/1896/17
f 3053/1934/17 3055/1913/17 3099/1896/17
f 3055/1913/17 3101/1913/17 3102/1897/17
f 3064/1915/17 3052/1915/17 3131/1898/17
f 3131/1898/17 3132/1916/17 3065/1916/17
f 3054/1894/15 3066/1894/15 3083/1924/15
f 3056/1932/15 3104/1932/15 3109/1933/15
f 3135/1943/16 3108/1943/16 3105/1944/16
f 3070/1911/16 3082/1911/16 3067/1893/16
f 3058/1888/15 3068/1888/15 3081/1889/15
f 3084/1914/18 3137/1914/18 3138/1900/18
f 3138/1900/18 3075/1899/18 3085/1899/18
f 3123/1937/19 3044/1887/19 3043/1879/19
f 3106/1892/75 3105/1944/75 3108/1943/75
f 3110/1909/76 3109/1933/76 3104/1932/76
f 3102/1897/75 3101/1913/75 3112/1912/75
f 3114/1922/76 3113/1923/76 3100/1934/76
f 3098/1903/75 3097/1942/75 3116/1941/75
f 3118/1925/76 3117/1940/76 3096/1939/76
f 3094/1885/75 3093/1883/75 3120/1882/75
f 3122/1884/76 3121/1927/76 3092/1930/76
f 3047/1930/15 3092/1930/15 3121/1927/15
f 3136/1910/77 3135/1943/77 3134/1944/77
f 3138/1900/77 3137/1914/77 3132/1916/77
f 3140/1926/77 3139/1941/77 3130/1942/77
f 3142/1906/77 3141/1921/77 3128/1920/77
f 3126/1907/78 3125/1929/78 3144/1919/78
f 3146/1928/77 3145/1881/77 3124/1880/77
f 3145/1881/16 3090/1881/16 3059/1880/16
f 3148/1945/17 3150/1948/17 3149/1946/17
f 3151/1946/18 3154/1948/18 3153/1945/18
f 3154/1948/14 3151/1946/14 3149/1946/14
f 3152/1947/19 3153/1945/19 3148/1945/19
f 3161/1949/17 3162/1949/17 3158/1950/17
f 3159/1951/18 3160/1951/18 3155/1952/18
f 3162/1949/19 3159/1951/19 3157/1952/19
f 3160/1951/14 3161/1949/14 3156/1950/14
f 3169/1953/17 3170/1953/17 3166/1954/17
f 3167/1955/18 3168/1955/18 3163/1956/18
f 3170/1953/19 3167/1955/19 3165/1956/19
f 3168/1955/14 3169/1953/14 3164/1954/14
f 3177/1957/15 3178/1957/15 3174/1958/15
f 3175/1959/16 3176/1959/16 3171/1960/16
f 3178/1957/19 3175/1959/19 3173/1960/19
f 3171/1960/14 3176/1959/14 3177/1957/14
f 3185/1961/17 3186/1961/17 3182/1962/17
f 3183/1963/18 3184/1963/18 3179/1964/18
f 3186/1961/19 3183/1963/19 3181/1964/19
f 3184/1963/14 3185/1961/14 3180/1962/14
f 3193/1965/15 3194/1965/15 3190/1966/15
f 3191/1967/16 3192/1967/16 3187/1968/16
f 3194/1965/19 3191/1967/19 3189/1968/19
f 3187/1968/14 3192/1967/14 3193/1965/14
f 3201/1969/15 3202/1969/15 3198/1970/15
f 3199/1971/16 3200/1971/16 3195/1972/16
f 3202/1969/19 3199/1971/19 3197/1972/19
f 3195/1972/14 3200/1971/14 3201/1969/14
f 3209/1973/17 3210/1973/17 3206/1974/17
f 3207/1975/18 3208/1975/18 3203/1976/18
f 3210/1973/19 3207/1975/19 3205/1976/19
f 3208/1975/14 3209/1973/14 3204/1974/14
f 3211/1977/15 3212/1977/15 3222/1978/15
f 3214/1979/16 3213/1979/16 3224/1980/16
f 3221/1981/15 3218/1982/15 3216/1982/15
f 3315/1983/16 3290/1983/16 3297/1984/16
f 3222/1978/14 3212/1977/14 3261/1985/14
f 3226/1987/14 3217/1997/14 3234/1988/14
f 3310/1990/16 3303/1991/16 3326/1991/16
f 3244/1992/15 3294/1992/15 3285/1993/15
f 3306/1994/14 3299/2040/14 3262/1995/14
f 3223/1987/16 3215/1997/16 3217/1997/16
f 3232/1988/18 3234/1988/18 3217/1997/18
f 3290/1983/18 3315/1983/18 3289/1998/18
f 3315/1983/18 3316/1999/18 3289/1998/18
f 3316/1999/18 3216/1982/18 3218/1982/18
f 3254/1985/17 3261/1985/17 3212/1977/17
f 3325/2000/19 3324/2039/19 3329/2001/19
f 3313/2003/16 3284/2003/16 3291/2004/16
f 3220/1981/19 3216/1982/19 3316/1999/19
f 3252/2008/17 3240/2008/17 3319/2006/17
f 3319/2006/17 3320/2007/17 3251/2007/17
f 3274/2009/15 3253/2010/15 3300/2010/15
f 3245/2011/17 3248/2011/17 3249/2012/17
f 3250/2020/17 3241/2020/17 3296/2014/17
f 3241/2020/17 3243/2013/17 3296/2014/17
f 3223/1987/17 3226/1987/17 3247/1989/17
f 3246/1989/19 3232/1988/19 3215/1997/19
f 3284/2003/18 3313/2003/18 3283/2016/18
f 3313/2003/18 3314/2017/18 3283/2016/18
f 3314/2017/18 3231/1993/18 3286/2015/18
f 3231/1993/18 3285/1993/18 3286/2015/18
f 3242/2012/19 3229/2019/19 3230/2018/19
f 3229/2019/18 3236/2019/18 3235/2018/18
f 3241/2020/19 3227/2027/19 3228/2021/19
f 3294/1992/17 3244/1992/17 3293/2023/17
f 3244/1992/17 3321/2024/17 3293/2023/17
f 3321/2024/17 3322/2004/17 3292/2022/17
f 3322/2004/17 3291/2004/17 3292/2022/17
f 3221/1981/17 3220/1981/17 3317/2005/17
f 3317/2005/17 3318/1984/17 3298/2025/17
f 3318/1984/17 3297/1984/17 3298/2025/17
f 3251/2007/14 3237/2044/14 3239/2026/14
f 3288/2021/18 3228/2021/18 3287/2028/18
f 3228/2021/18 3227/2027/18 3287/2028/18
f 3248/2011/14 3235/2018/14 3236/2019/14
f 3270/2029/18 3280/2029/18 3281/2030/18
f 3272/2031/18 3278/2031/18 3279/2032/18
f 3219/1978/18 3222/1978/18 3276/1986/18
f 3213/1979/17 3214/1979/17 3267/2033/17
f 3213/1979/19 3259/2033/19 3268/2034/19
f 3260/2035/17 3266/2035/17 3265/2036/17
f 3308/2001/14 3301/2039/14 3304/2000/14
f 3257/2037/17 3264/2037/17 3263/2038/17
f 3268/2034/18 3282/2034/18 3225/1980/18
f 3282/2034/14 3267/2033/14 3214/1979/14
f 3280/2029/14 3265/2036/14 3266/2035/14
f 3310/1990/18 3327/1990/18 3309/2002/18
f 3327/1990/18 3328/2002/18 3309/2002/18
f 3328/2002/18 3329/2001/18 3308/2001/18
f 3329/2001/18 3330/2041/18 3308/2001/18
f 3330/2041/18 3307/2041/18 3308/2001/18
f 3278/2031/14 3263/2038/14 3264/2037/14
f 3254/1985/19 3211/1977/19 3219/1978/19
f 3256/1995/19 3253/2010/19 3274/2009/19
f 3257/2037/19 3255/2038/19 3272/2031/19
f 3302/2042/17 3323/2042/17 3301/2039/17
f 3323/2042/17 3324/2039/17 3301/2039/17
f 3324/2039/17 3325/2000/17 3304/2000/17
f 3325/2000/17 3326/1991/17 3304/2000/17
f 3326/1991/17 3303/1991/17 3304/2000/17
f 3260/2035/19 3258/2036/19 3270/2029/19
f 3300/2010/100 3253/2010/100 3299/2040/100
f 3253/2010/17 3256/1995/17 3299/2040/17
f 3276/1986/16 3261/1985/16 3254/1985/16
f 3272/2031/15 3255/2038/15 3263/2038/15
f 3277/1996/16 3262/1995/16 3256/1995/16
f 3330/2041/15 3323/2042/15 3302/2042/15
f 3279/2032/16 3264/2037/16 3257/2037/16
f 3270/2029/15 3258/2036/15 3265/2036/15
f 3277/1996/18 3273/1996/18 3306/1994/18
f 3273/1996/18 3274/2009/18 3306/1994/18
f 3268/2034/15 3259/2033/15 3267/2033/15
f 3281/2030/16 3266/2035/16 3260/2035/16
f 3240/2008/15 3252/2008/15 3239/2026/15
f 3298/2025/14 3289/1998/14 3218/1982/14
f 3241/2020/15 3250/2020/15 3238/2027/15
f 3237/2044/18 3311/2044/18 3312/2043/18
f 3312/2043/18 3233/2026/18 3239/2026/18
f 3242/2012/15 3249/2012/15 3236/2019/15
f 3296/2014/14 3287/2028/14 3238/2027/14
f 3228/2021/16 3288/2021/16 3295/2013/16
f 3230/2018/16 3235/2018/16 3248/2011/16
f 3246/1989/15 3247/1989/15 3234/1988/15
f 3292/2022/14 3283/2016/14 3286/2015/14
f 3240/2008/19 3233/2026/19 3312/2043/19
f 3298/2025/75 3297/1984/75 3290/1983/75
f 3296/2014/75 3295/2013/75 3288/2021/75
f 3286/2015/76 3285/1993/76 3294/1992/76
f 3292/2022/75 3291/2004/75 3284/2003/75
f 3304/2000/75 3303/1991/75 3310/1990/75
f 3308/2001/76 3307/2041/76 3302/2042/76
f 3306/1994/76 3305/2009/76 3300/2010/76
f 3244/1992/19 3231/1993/19 3314/2017/19
f 3314/2017/77 3313/2003/77 3322/2004/77
f 3312/2043/77 3311/2044/77 3320/2007/77
f 3316/1999/77 3315/1983/77 3318/1984/77
f 3328/2002/77 3327/1990/77 3326/1991/77
f 3324/2039/78 3323/2042/78 3330/2041/78
f 3311/2044/16 3237/2044/16 3251/2007/16
f 3332/2045/79 3334/2050/79 3333/2046/79
f 3333/2046/16 3335/2183/16 3336/2048/16
f 3338/2049/80 3335/2183/80 3333/2046/80
f 3336/2048/81 3337/2051/81 3332/2045/81
f 3337/2051/15 3338/2049/15 3334/2050/15
f 3340/2052/79 3342/2057/79 3341/2053/79
f 3341/2053/16 3343/2184/16 3344/2055/16
f 3346/2056/80 3343/2184/80 3341/2053/80
f 3344/2055/81 3345/2058/81 3340/2052/81
f 3345/2058/15 3346/2056/15 3342/2057/15
f 3348/2059/82 3350/2066/82 3349/2060/82
f 3351/2062/83 3354/2065/83 3353/2063/83
f 3354/2065/84 3351/2062/84 3349/2060/84
f 3352/2064/85 3353/2063/85 3348/2059/85
f 3356/2067/82 3358/2074/82 3357/2068/82
f 3359/2070/83 3362/2073/83 3361/2071/83
f 3362/2073/84 3359/2070/84 3357/2068/84
f 3360/2072/85 3361/2071/85 3356/2067/85
f 3364/2075/82 3366/2082/82 3365/2076/82
f 3367/2078/83 3370/2081/83 3369/2079/83
f 3370/2081/84 3367/2078/84 3365/2076/84
f 3368/2080/85 3369/2079/85 3364/2075/85
f 3372/2083/82 3374/2090/82 3373/2084/82
f 3375/2086/83 3378/2089/83 3377/2087/83
f 3378/2089/84 3375/2086/84 3373/2084/84
f 3376/2088/85 3377/2087/85 3372/2083/85
f 3380/2091/82 3382/2098/82 3381/2092/82
f 3383/2094/83 3386/2097/83 3385/2095/83
f 3386/2097/84 3383/2094/84 3381/2092/84
f 3384/2096/85 3385/2095/85 3380/2091/85
f 3388/2099/82 3390/2106/82 3389/2100/82
f 3391/2102/83 3394/2105/83 3393/2103/83
f 3394/2105/84 3391/2102/84 3389/2100/84
f 3392/2104/85 3393/2103/85 3388/2099/85
f 3396/2107/82 3398/2114/82 3397/2108/82
f 3399/2110/83 3402/2113/83 3401/2111/83
f 3402/2113/84 3399/2110/84 3397/2108/84
f 3400/2112/85 3401/2111/85 3396/2107/85
f 3404/2115/82 3406/2122/82 3405/2116/82
f 3407/2118/83 3410/2121/83 3409/2119/83
f 3410/2121/84 3407/2118/84 3405/2116/84
f 3408/2120/85 3409/2119/85 3404/2115/85
f 3417/2123/16 3418/2128/16 3414/2124/16
f 3415/2126/15 3416/2127/15 3411/2125/15
f 3414/2124/17 3418/2128/17 3415/2126/17
f 3416/2127/18 3417/2123/18 3412/2125/18
f 3422/2124/15 3426/2128/15 3425/2123/15
f 3419/2125/16 3424/2127/16 3423/2126/16
f 3422/2124/17 3421/2124/17 3423/2126/17
f 3420/2125/18 3425/2123/18 3424/2127/18
f 3430/2129/15 3434/2129/15 3433/2130/15
f 3427/2132/16 3432/2134/16 3431/2133/16
f 3429/2133/14 3431/2133/14 3434/2129/14
f 3428/2131/19 3433/2130/19 3432/2134/19
f 3438/2135/15 3442/2140/15 3441/2136/15
f 3435/2137/16 3440/2137/16 3439/2138/16
f 3437/2139/14 3439/2138/14 3442/2140/14
f 3436/2136/19 3441/2136/19 3440/2137/19
f 3444/2141/18 3447/2144/18 3446/2142/18
f 3445/2141/15 3448/2144/15 3447/2144/15
f 3450/2143/17 3452/2142/17 3454/2144/17
f 3451/2141/15 3454/2144/15 3453/2144/15
f 3446/2142/16 3456/2142/16 3455/2143/16
f 3457/2145/16 3461/2146/16 3460/2146/16
f 3458/2147/18 3462/2148/18 3461/2146/18
f 3463/2145/16 3467/2146/16 3466/2146/16
f 3464/2145/17 3466/2146/17 3468/2148/17
f 151/83/15 153/83/15 154/84/15
f 150/82/16 155/82/16 156/85/16
f 3470/2149/14 3474/2185/14 3475/2150/14
f 3471/2154/14 3469/2186/14 3473/2152/14
f 3469/2186/14 3470/2187/14 3473/2152/14
o Bld_Shed_Inside_Door_01
v 4.209768 1.825855 4.923841
v 4.209768 1.938912 4.923841
v 4.209768 1.825855 5.956973
v 4.209768 1.938912 5.956973
v 4.267780 1.825855 5.956973
v 4.267780 1.825855 4.923841
v 4.267780 1.938912 4.923841
v 4.267780 1.938912 5.956973
v 4.209768 1.038381 4.923841
v 4.209768 1.151438 4.923841
v 4.209768 1.038381 5.956973
v 4.209768 1.151437 5.956973
v 4.267781 1.038381 5.956973
v 4.267781 1.038381 4.923841
v 4.267781 1.151438 4.923841
v 4.267781 1.151437 5.956973
v 4.209768 -0.000532 4.923841
v 4.209768 0.112525 4.923841
v 4.209768 -0.000532 5.956973
v 4.209768 0.112525 5.956973
v 4.267781 -0.000532 5.956973
v 4.267781 -0.000532 4.923841
v 4.267781 0.112525 4.923841
v 4.267781 0.112525 5.956973
v 4.219419 1.825855 5.953219
v 4.219419 0.112525 5.953219
v 4.219419 1.825855 4.927595
v 4.219419 0.112525 4.927595
v 4.258128 1.825855 5.751546
v 4.258128 0.112525 5.751545
v 4.258128 1.825855 4.927595
v 4.258128 0.112525 4.927595
v 4.258128 0.112525 5.953219
v 4.258128 1.825855 5.953219
v 4.219419 1.825855 5.131667
v 4.219419 1.825855 5.335895
v 4.219419 1.825855 5.544919
v 4.219419 1.825855 5.751546
v 4.219419 0.112525 5.751545
v 4.219419 0.112525 5.544919
v 4.219419 0.112525 5.335894
v 4.219419 0.112525 5.131667
v 4.258128 1.825855 5.542521
v 4.258128 0.112525 5.542521
v 4.258128 1.825855 5.335895
v 4.258128 0.112525 5.335894
v 4.258128 0.112525 5.338293
v 4.258128 1.825855 5.338293
v 4.258128 1.825855 5.129268
v 4.258128 0.112525 5.129268
v 4.210715 1.098353 4.990988
v 4.210715 1.141879 4.943169
v 4.210715 1.878940 5.889826
v 4.210715 1.835414 5.937644
v 4.219412 1.878940 5.889826
v 4.219412 1.835414 5.937644
v 4.219412 1.098353 4.990988
v 4.219412 1.141879 4.943169
v 4.258128 1.098353 5.889826
v 4.258128 1.141878 5.937644
v 4.258128 1.878940 4.990988
v 4.258128 1.835414 4.943169
v 4.266825 1.878940 4.990988
v 4.266825 1.835414 4.943169
v 4.266825 1.098353 5.889826
v 4.266825 1.141878 5.937644
v 4.211309 1.049536 4.977691
v 4.211309 1.088456 5.012857
v 4.211309 0.101371 5.903123
v 4.211309 0.062450 5.867957
v 4.219412 0.101371 5.903123
v 4.219412 0.062450 5.867957
v 4.219412 1.049536 4.977691
v 4.219412 1.088456 5.012857
v 4.266231 1.049536 5.903124
v 4.266231 1.088456 5.867958
v 4.266231 0.101371 4.977692
v 4.266231 0.062451 5.012857
v 4.258128 0.101371 4.977692
v 4.258128 0.062451 5.012857
v 4.258128 1.049536 5.903124
v 4.258128 1.088456 5.867958
v 4.219419 1.825855 5.121343
v 4.227345 1.825855 5.129268
v 4.227345 1.825855 5.338293
v 4.219419 1.825855 5.346219
v 4.219419 1.825855 5.534595
v 4.227345 1.825855 5.542521
v 4.219419 1.825855 5.741221
v 4.227345 1.825855 5.749147
v 4.227345 0.112525 5.749147
v 4.219419 0.112525 5.741221
v 4.227345 0.112525 5.542521
v 4.219419 0.112525 5.534595
v 4.219419 0.112525 5.346219
v 4.227345 0.112525 5.338293
v 4.227345 0.112525 5.129268
v 4.219419 0.112525 5.121342
v 4.258128 0.112525 5.737311
v 4.246293 0.112525 5.749147
v 4.246293 1.825855 5.749147
v 4.258128 1.825855 5.737312
v 4.246293 0.112525 5.544919
v 4.258128 0.112525 5.556755
v 4.258128 1.825855 5.556755
v 4.246293 1.825855 5.544919
v 4.246293 0.112525 5.131667
v 4.258128 0.112525 5.143502
v 4.258128 1.825855 5.143502
v 4.246293 1.825855 5.131667
vn -1.0000 -0.0000 -0.0000
vn 1.0000 -0.0000 -0.0000
vn -0.0000 -0.0000 -1.0000
vn -0.0000 1.0000 -0.0000
vn -0.0000 -1.0000 -0.0000
vn -0.0000 -0.0000 1.0000
vn -0.0000 0.7890 -0.6143
vn -0.0000 -0.7890 0.6143
vn -0.0000 0.7890 0.6143
vn -0.0000 -0.7890 -0.6143
vn -0.0000 -0.6697 -0.7426
vn -0.0000 0.6698 0.7426
vn -0.0000 -0.6698 0.7426
vn -0.0000 0.6698 -0.7426
vn -0.7071 -0.0000 0.7071
vn -0.7071 -0.0000 -0.7071
vn 0.7071 -0.0000 -0.7071
vn 0.7071 -0.0000 0.7071
vn -0.0000 0.6697 0.7426
vn -0.0000 0.6697 -0.7426
vt 0.088819 0.875313
vt 0.089424 0.878620
vt 0.089424 0.875313
vt 0.088819 0.878620
vt 0.088819 0.852278
vt 0.089424 0.855585
vt 0.089424 0.852278
vt 0.088819 0.855585
vt 0.088819 0.821888
vt 0.089424 0.825195
vt 0.089424 0.821888
vt 0.088819 0.825195
vt 0.590388 0.911027
vt 0.590771 0.809865
vt 0.590771 0.911027
vt 0.590383 0.809865
vt 0.590005 0.911027
vt 0.590383 0.911027
vt 0.591550 0.911027
vt 0.591928 0.809865
vt 0.591928 0.911027
vt 0.591158 0.809865
vt 0.591158 0.911027
vt 0.590775 0.911027
vt 0.591545 0.809865
vt 0.591545 0.911027
vt 0.590775 0.809865
vt 0.590005 0.809865
vt 0.591550 0.809865
vt 0.590790 0.911027
vt 0.591143 0.809865
vt 0.591143 0.911027
vt 0.591162 0.911027
vt 0.591162 0.809865
vt 0.591162 0.911027
vt 0.590369 0.809865
vt 0.590369 0.911027
vt 0.590388 0.911027
vt 0.590388 0.809865
vt 0.590410 0.911027
vt 0.591530 0.809865
vt 0.591530 0.911027
vt 0.089412 0.855306
vt 0.088858 0.876866
vt 0.089384 0.854032
vt 0.088830 0.875593
vt 0.089384 0.876866
vt 0.088830 0.855306
vt 0.088858 0.854032
vt 0.089412 0.875593
vt 0.089392 0.852605
vt 0.088850 0.824869
vt 0.089372 0.853743
vt 0.088871 0.823731
vt 0.088850 0.852605
vt 0.089392 0.824869
vt 0.088871 0.853743
vt 0.089372 0.823731
vt 0.590790 0.809865
vt 0.590410 0.809865
vt 0.591185 0.809865
vt 0.591523 0.911027
vt 0.591523 0.809865
vt 0.591185 0.911027
s 0
usemtl Texture_Map
f 3478/2188/104 3477/2189/104 3476/2190/104
f 3482/2189/105 3480/2188/105 3481/2190/105
f 3476/2190/106 3482/2189/106 3481/2190/106
f 3479/2191/107 3482/2189/107 3477/2189/107
f 3476/2190/108 3480/2188/108 3478/2188/108
f 3478/2188/109 3483/2191/109 3479/2191/109
f 3486/2192/104 3485/2193/104 3484/2194/104
f 3490/2193/105 3488/2192/105 3489/2194/105
f 3484/2194/106 3490/2193/106 3489/2194/106
f 3487/2195/107 3490/2193/107 3485/2193/107
f 3484/2194/108 3488/2192/108 3486/2192/108
f 3486/2192/109 3491/2195/109 3487/2195/109
f 3494/2196/104 3493/2197/104 3492/2198/104
f 3498/2197/105 3496/2196/105 3497/2198/105
f 3492/2198/106 3498/2197/106 3497/2198/106
f 3495/2199/107 3498/2197/107 3493/2197/107
f 3492/2198/108 3496/2196/108 3494/2196/108
f 3494/2196/109 3499/2199/109 3495/2199/109
f 3510/2200/104 3516/2201/104 3511/2202/104
f 3525/2203/105 3506/2204/105 3524/2205/105
f 3513/2206/104 3501/2207/104 3500/2208/104
f 3519/2209/109 3563/2210/109 3568/2209/109
f 3519/2209/105 3523/2211/105 3518/2210/105
f 3575/2212/109 3565/2213/109 3566/2212/109
f 3508/2207/105 3504/2206/105 3509/2208/105
f 3523/2211/106 3571/2214/106 3560/2211/106
f 3516/2201/109 3520/2202/109 3511/2202/109
f 3506/2204/106 3503/2215/106 3502/2204/106
f 3504/2206/106 3514/2216/106 3513/2206/106
f 3561/2217/104 3569/2218/104 3562/2219/104
f 3581/2220/106 3515/2221/106 3512/2222/106
f 3502/2204/104 3573/2223/104 3558/2224/104
f 3585/2225/106 3517/2226/106 3510/2200/106
f 3501/2207/109 3509/2208/109 3500/2208/109
f 3521/2201/105 3584/2227/105 3520/2202/105
f 3512/2222/104 3567/2228/104 3564/2229/104
f 3533/2230/110 3528/2231/110 3530/2231/110
f 3530/2231/105 3532/2232/105 3533/2230/105
f 3529/2233/111 3532/2232/111 3531/2233/111
f 3526/2232/104 3528/2231/104 3527/2230/104
f 3536/2234/112 3541/2235/112 3538/2234/112
f 3540/2236/105 3538/2234/105 3541/2235/105
f 3540/2236/113 3537/2237/113 3539/2237/113
f 3534/2236/104 3536/2234/104 3537/2237/104
f 3542/2238/104 3544/2239/104 3543/2240/104
f 3547/2241/114 3542/2238/114 3548/2238/114
f 3549/2240/115 3544/2239/115 3546/2239/115
f 3548/2238/105 3546/2239/105 3547/2241/105
f 3550/2242/105 3552/2243/105 3551/2244/105
f 3555/2245/116 3550/2242/116 3556/2242/116
f 3557/2244/117 3552/2243/117 3554/2243/117
f 3556/2242/104 3554/2243/104 3555/2245/104
f 3567/2228/118 3565/2213/118 3564/2229/118
f 3569/2218/118 3563/2210/118 3562/2219/118
f 3561/2217/119 3571/2214/119 3570/2246/119
f 3573/2223/118 3559/2205/118 3558/2224/118
f 3525/2203/109 3559/2205/109 3572/2203/109
f 3585/2225/120 3583/2247/120 3582/2226/120
f 3581/2220/120 3579/2248/120 3578/2221/120
f 3575/2212/121 3577/2249/121 3576/2213/121
f 3574/2250/105 3580/2251/105 3577/2249/105
f 3478/2188/104 3479/2191/104 3477/2189/104
f 3482/2189/105 3483/2191/105 3480/2188/105
f 3476/2190/106 3477/2189/106 3482/2189/106
f 3479/2191/107 3483/2191/107 3482/2189/107
f 3476/2190/108 3481/2190/108 3480/2188/108
f 3478/2188/109 3480/2188/109 3483/2191/109
f 3486/2192/104 3487/2195/104 3485/2193/104
f 3490/2193/105 3491/2195/105 3488/2192/105
f 3484/2194/106 3485/2193/106 3490/2193/106
f 3487/2195/107 3491/2195/107 3490/2193/107
f 3484/2194/108 3489/2194/108 3488/2192/108
f 3486/2192/109 3488/2192/109 3491/2195/109
f 3494/2196/104 3495/2199/104 3493/2197/104
f 3498/2197/105 3499/2199/105 3496/2196/105
f 3492/2198/106 3493/2197/106 3498/2197/106
f 3495/2199/107 3499/2199/107 3498/2197/107
f 3492/2198/108 3497/2198/108 3496/2196/108
f 3494/2196/109 3496/2196/109 3499/2199/109
f 3510/2200/104 3517/2226/104 3516/2201/104
f 3525/2203/105 3507/2215/105 3506/2204/105
f 3513/2206/104 3514/2216/104 3501/2207/104
f 3519/2209/109 3518/2210/109 3563/2210/109
f 3519/2209/105 3522/2214/105 3523/2211/105
f 3575/2212/109 3576/2213/109 3565/2213/109
f 3508/2207/105 3505/2216/105 3504/2206/105
f 3523/2211/106 3522/2214/106 3571/2214/106
f 3516/2201/109 3521/2201/109 3520/2202/109
f 3506/2204/106 3507/2215/106 3503/2215/106
f 3504/2206/106 3505/2216/106 3514/2216/106
f 3561/2217/104 3570/2246/104 3569/2218/104
f 3581/2220/106 3578/2221/106 3515/2221/106
f 3502/2204/104 3503/2215/104 3573/2223/104
f 3585/2225/106 3582/2226/106 3517/2226/106
f 3501/2207/109 3508/2207/109 3509/2208/109
f 3521/2201/105 3583/2247/105 3584/2227/105
f 3512/2222/104 3515/2221/104 3567/2228/104
f 3533/2230/110 3527/2230/110 3528/2231/110
f 3530/2231/105 3531/2233/105 3532/2232/105
f 3529/2233/111 3526/2232/111 3532/2232/111
f 3526/2232/104 3529/2233/104 3528/2231/104
f 3536/2234/112 3535/2235/112 3541/2235/112
f 3540/2236/105 3539/2237/105 3538/2234/105
f 3540/2236/113 3534/2236/113 3537/2237/113
f 3534/2236/104 3535/2235/104 3536/2234/104
f 3542/2238/104 3545/2241/104 3544/2239/104
f 3547/2241/114 3545/2241/114 3542/2238/114
f 3549/2240/122 3543/2240/122 3544/2239/122
f 3548/2238/105 3549/2240/105 3546/2239/105
f 3550/2242/105 3553/2245/105 3552/2243/105
f 3555/2245/116 3553/2245/116 3550/2242/116
f 3557/2244/123 3551/2244/123 3552/2243/123
f 3556/2242/104 3557/2244/104 3554/2243/104
f 3567/2228/118 3566/2212/118 3565/2213/118
f 3569/2218/118 3568/2209/118 3563/2210/118
f 3561/2217/119 3560/2211/119 3571/2214/119
f 3573/2223/118 3572/2203/118 3559/2205/118
f 3525/2203/109 3524/2205/109 3559/2205/109
f 3585/2225/120 3584/2227/120 3583/2247/120
f 3581/2220/120 3580/2251/120 3579/2248/120
f 3575/2212/121 3574/2250/121 3577/2249/121
f 3574/2250/105 3579/2248/105 3580/2251/105
o Bld_Shed_Door_Right_01
v 0.021515 0.052165 7.153238
v 1.283674 0.052165 7.153238
v 0.021515 2.127542 7.153238
v 1.283674 2.127542 7.153238
v 0.021515 2.127542 7.241133
v 0.021515 0.052165 7.241133
v 1.283674 0.052165 7.241133
v 1.283674 2.127542 7.241133
v 0.114365 0.052165 7.153238
v 1.190824 0.052165 7.153238
v 1.190824 2.127542 7.153238
v 0.114365 2.127542 7.153238
v 1.190824 0.052165 7.241133
v 0.114365 0.052165 7.241133
v 0.114365 2.127542 7.241133
v 1.190824 2.127542 7.241133
v 0.021515 2.180239 7.146775
v 1.283674 2.180239 7.146775
v 0.021515 2.180239 7.247719
v 1.283674 2.180239 7.247719
v 1.283674 2.127542 7.146775
v 0.021515 2.127542 7.146775
v 1.283674 2.127542 7.247719
v 0.021515 2.127542 7.247719
v 0.021515 0.052165 7.144505
v 1.283674 0.052165 7.144505
v 0.021515 0.052165 7.247719
v 1.283674 0.052165 7.247719
v 1.283674 -0.000532 7.144505
v 0.021515 -0.000532 7.144505
v 1.283674 -0.000532 7.247719
v 0.021515 -0.000532 7.247719
v 0.114365 0.052165 7.186896
v 1.190824 0.052165 7.186896
v 1.190824 2.127542 7.186896
v 0.114365 2.127542 7.186896
v 1.190824 0.052165 7.207475
v 0.114365 0.052165 7.207475
v 0.114365 2.127542 7.207476
v 1.190824 2.127542 7.207476
v 0.296522 0.052165 7.186896
v 0.291027 0.052165 7.186896
v 0.475932 0.052165 7.186896
v 0.470437 0.052165 7.186896
v 0.649847 0.052165 7.186896
v 0.834752 0.052165 7.186896
v 1.014162 0.052165 7.186896
v 1.008667 0.052165 7.186896
v 1.014162 0.052165 7.207475
v 0.829257 0.052165 7.207475
v 0.834752 0.052165 7.207475
v 0.649847 0.052165 7.207475
v 0.475932 0.052165 7.207475
v 0.291027 0.052165 7.207475
v 0.296522 0.052165 7.207475
v 1.008667 2.127542 7.186896
v 1.014162 2.127542 7.186896
v 0.834752 2.127542 7.186896
v 0.649847 2.127542 7.186896
v 0.470437 2.127542 7.186896
v 0.475932 2.127542 7.186896
v 0.291027 2.127542 7.186896
v 0.296522 2.127542 7.186896
v 0.296522 2.127542 7.207476
v 0.291027 2.127542 7.207476
v 0.475932 2.127542 7.207476
v 0.649847 2.127542 7.207476
v 0.834752 2.127542 7.207476
v 0.829257 2.127542 7.207476
v 1.014162 2.127542 7.207476
v 0.124547 0.000862 7.207475
v 0.087754 0.071797 7.207475
v 1.180642 2.178845 7.207476
v 1.217434 2.107910 7.207475
v 0.087754 0.071797 7.233986
v 0.124547 0.000862 7.233986
v 1.217434 2.107910 7.233986
v 1.180642 2.178845 7.233986
v 1.180642 0.000862 7.160385
v 1.217435 0.071797 7.160385
v 0.124547 2.178845 7.160385
v 0.087755 2.107910 7.160385
v 1.217435 0.071797 7.186896
v 1.180642 0.000862 7.186896
v 0.087755 2.107910 7.186896
v 0.124547 2.178845 7.186896
v 1.008667 0.052165 7.199638
v 1.000830 0.052165 7.207475
v 0.663179 0.052165 7.207475
v 0.655342 0.052165 7.199638
v 0.470437 0.052165 7.199638
v 0.462600 0.052165 7.207475
v 0.462600 2.127542 7.207476
v 0.470437 2.127542 7.199639
v 0.655342 2.127542 7.199638
v 0.663179 2.127542 7.207476
v 1.000830 2.127542 7.207476
v 1.008667 2.127542 7.199639
v 0.655342 0.052165 7.197364
v 0.665811 0.052165 7.186896
v 0.818788 0.052165 7.186896
v 0.829257 0.052165 7.197364
v 0.829257 2.127542 7.197365
v 0.818788 2.127542 7.186896
v 0.665811 2.127542 7.186896
v 0.655342 2.127542 7.197365
vn -0.0000 -0.0000 1.0000
vn -1.0000 -0.0000 -0.0000
vn -0.0000 -0.0000 -1.0000
vn 1.0000 -0.0000 -0.0000
vn -0.0000 1.0000 -0.0000
vn -0.0000 -1.0000 -0.0000
vn -0.8877 0.4604 -0.0000
vn 0.8877 -0.4604 -0.0000
vn 0.8877 0.4604 -0.0000
vn -0.8877 -0.4604 -0.0000
vn 0.7071 -0.0000 0.7071
vn -0.7071 -0.0000 0.7071
vn 0.7071 -0.0000 -0.7071
vn -0.7071 -0.0000 -0.7071
vt 0.106013 0.814771
vt 0.105924 0.897643
vt 0.105924 0.814771
vt 0.107135 0.897643
vt 0.107135 0.814771
vt 0.107045 0.897643
vt 0.107045 0.814771
vt 0.106013 0.897643
vt 0.105924 0.899747
vt 0.107135 0.899747
vt 0.107135 0.897643
vt 0.105924 0.897643
vt 0.107135 0.812667
vt 0.105924 0.812667
vt 0.197388 0.900476
vt 0.197171 0.811786
vt 0.197388 0.811786
vt 0.196945 0.900476
vt 0.196945 0.811786
vt 0.196504 0.900476
vt 0.196504 0.811786
vt 0.196724 0.900476
vt 0.196511 0.811786
vt 0.196724 0.811786
vt 0.200116 0.866853
vt 0.199995 0.817484
vt 0.200116 0.817484
vt 0.197171 0.900476
vt 0.200606 0.817484
vt 0.200487 0.866853
vt 0.200606 0.866853
vt 0.196731 0.811786
vt 0.196731 0.900476
vt 0.196731 0.900476
vt 0.196511 0.900476
vt 0.196291 0.900476
vt 0.196291 0.811786
vt 0.196495 0.900475
vt 0.196495 0.811786
vt 0.196741 0.811786
vt 0.200487 0.817484
vt 0.200601 0.866853
vt 0.200601 0.817484
vt 0.199995 0.866853
vt 0.107071 0.896859
vt 0.105987 0.815555
vt 0.106023 0.812723
vt 0.107036 0.899692
vt 0.107071 0.815555
vt 0.105987 0.896859
vt 0.107036 0.812723
vt 0.106023 0.899692
vt 0.196741 0.900476
vt 0.196932 0.900476
vt 0.196932 0.811786
vt 0.196744 0.811786
vt 0.196744 0.900476
vt 0.200476 0.817484
vt 0.200372 0.866853
vt 0.200476 0.866853
vt 0.200372 0.817484
s 0
usemtl Texture_Map
f 3599/2252/124 3590/2253/124 3591/2254/124
f 3586/2254/125 3590/2253/125 3588/2253/125
f 3588/2253/126 3594/2252/126 3586/2254/126
f 3589/2255/127 3592/2256/127 3587/2256/127
f 3596/2257/126 3587/2256/126 3595/2258/126
f 3592/2256/124 3601/2257/124 3598/2258/124
f 3594/2252/127 3600/2259/127 3599/2252/127
f 3598/2258/125 3596/2257/125 3595/2258/125
f 3602/2260/128 3605/2261/128 3603/2261/128
f 3608/2262/129 3607/2263/129 3606/2262/129
f 3602/2260/125 3609/2263/125 3604/2260/125
f 3606/2262/126 3602/2260/126 3603/2261/126
f 3608/2262/127 3603/2261/127 3605/2261/127
f 3609/2263/124 3605/2261/124 3604/2260/124
f 3610/2254/128 3613/2256/128 3611/2256/128
f 3616/2264/129 3615/2265/129 3614/2264/129
f 3615/2265/125 3612/2254/125 3610/2254/125
f 3614/2264/126 3610/2254/126 3611/2256/126
f 3616/2264/127 3611/2256/127 3613/2256/127
f 3617/2265/124 3613/2256/124 3612/2254/124
f 3625/2266/124 3634/2267/124 3622/2268/124
f 3688/2269/127 3635/2270/127 3687/2270/127
f 3645/2271/127 3676/2272/127 3629/2272/127
f 3652/2273/124 3638/2274/124 3637/2275/124
f 3650/2276/124 3623/2277/124 3639/2278/124
f 3619/2268/126 3642/2279/126 3620/2266/126
f 3633/2280/126 3643/2281/126 3641/2282/126
f 3684/2283/125 3680/2284/125 3691/2285/125
f 3630/2275/126 3646/2286/126 3644/2273/126
f 3629/2272/126 3648/2287/126 3645/2271/126
f 3626/2288/125 3649/2287/125 3648/2287/125
f 3647/2276/127 3639/2278/127 3627/2278/127
f 3628/2274/125 3651/2286/125 3646/2286/125
f 3678/2289/124 3640/2288/124 3677/2290/124
f 3654/2269/124 3674/2291/124 3635/2270/124
f 3644/2273/127 3637/2275/127 3630/2275/127
f 3631/2292/125 3653/2281/125 3643/2281/125
f 3632/2267/125 3655/2279/125 3642/2279/125
f 3682/2293/124 3636/2292/124 3673/2294/124
f 3624/2295/125 3618/2277/125 3623/2277/125
f 3620/2266/127 3622/2268/127 3619/2268/127
f 3627/2278/126 3621/2295/126 3647/2276/126
f 3662/2296/124 3660/2297/124 3661/2298/124
f 3657/2297/130 3663/2299/130 3658/2299/130
f 3657/2297/126 3659/2296/126 3656/2298/126
f 3661/2298/131 3659/2296/131 3662/2296/131
f 3668/2300/124 3670/2301/124 3669/2302/124
f 3671/2303/132 3665/2300/132 3666/2303/132
f 3667/2301/126 3665/2300/126 3664/2302/126
f 3667/2301/133 3669/2302/133 3670/2301/133
f 3673/2294/134 3683/2282/134 3682/2293/134
f 3681/2304/135 3675/2283/135 3674/2291/135
f 3677/2290/134 3679/2271/134 3678/2289/134
f 3641/2282/127 3672/2280/127 3633/2280/127
f 3689/2305/136 3687/2270/136 3686/2306/136
f 3685/2307/137 3691/2285/137 3690/2308/137
f 3686/2309/126 3690/2310/126 3689/2311/126
f 3599/2252/124 3600/2259/124 3590/2253/124
f 3586/2254/125 3591/2254/125 3590/2253/125
f 3588/2253/126 3597/2259/126 3594/2252/126
f 3589/2255/127 3593/2255/127 3592/2256/127
f 3596/2257/126 3589/2255/126 3587/2256/126
f 3592/2256/124 3593/2255/124 3601/2257/124
f 3594/2252/127 3597/2259/127 3600/2259/127
f 3598/2258/125 3601/2257/125 3596/2257/125
f 3602/2260/128 3604/2260/128 3605/2261/128
f 3608/2262/129 3609/2263/129 3607/2263/129
f 3602/2260/125 3607/2263/125 3609/2263/125
f 3606/2262/126 3607/2263/126 3602/2260/126
f 3608/2262/127 3606/2262/127 3603/2261/127
f 3609/2263/124 3608/2262/124 3605/2261/124
f 3610/2254/128 3612/2254/128 3613/2256/128
f 3616/2264/129 3617/2265/129 3615/2265/129
f 3615/2265/125 3617/2265/125 3612/2254/125
f 3614/2264/126 3615/2265/126 3610/2254/126
f 3616/2264/127 3614/2264/127 3611/2256/127
f 3617/2265/124 3616/2264/124 3613/2256/124
f 3625/2266/124 3655/2279/124 3634/2267/124
f 3688/2269/127 3654/2269/127 3635/2270/127
f 3645/2271/127 3679/2271/127 3676/2272/127
f 3652/2273/124 3651/2286/124 3638/2274/124
f 3650/2276/124 3624/2295/124 3623/2277/124
f 3619/2268/126 3632/2267/126 3642/2279/126
f 3633/2280/126 3631/2292/126 3643/2281/126
f 3684/2283/125 3675/2283/125 3680/2284/125
f 3630/2275/126 3628/2274/126 3646/2286/126
f 3629/2272/126 3626/2288/126 3648/2287/126
f 3626/2288/125 3640/2288/125 3649/2287/125
f 3647/2276/127 3650/2276/127 3639/2278/127
f 3628/2274/125 3638/2274/125 3651/2286/125
f 3678/2289/124 3649/2287/124 3640/2288/124
f 3654/2269/124 3681/2304/124 3674/2291/124
f 3644/2273/127 3652/2273/127 3637/2275/127
f 3631/2292/125 3636/2292/125 3653/2281/125
f 3632/2267/125 3634/2267/125 3655/2279/125
f 3682/2293/124 3653/2281/124 3636/2292/124
f 3624/2295/125 3621/2295/125 3618/2277/125
f 3620/2266/127 3625/2266/127 3622/2268/127
f 3627/2278/126 3618/2277/126 3621/2295/126
f 3662/2296/124 3663/2299/124 3660/2297/124
f 3657/2297/130 3660/2297/130 3663/2299/130
f 3657/2297/126 3658/2299/126 3659/2296/126
f 3661/2298/131 3656/2298/131 3659/2296/131
f 3668/2300/124 3671/2303/124 3670/2301/124
f 3671/2303/132 3668/2300/132 3665/2300/132
f 3667/2301/126 3666/2303/126 3665/2300/126
f 3667/2301/133 3664/2302/133 3669/2302/133
f 3673/2294/134 3672/2280/134 3683/2282/134
f 3681/2304/135 3680/2284/135 3675/2283/135
f 3677/2290/134 3676/2272/134 3679/2271/134
f 3641/2282/127 3683/2282/127 3672/2280/127
f 3689/2305/136 3688/2269/136 3687/2270/136
f 3685/2307/137 3684/2283/137 3691/2285/137
f 3686/2309/126 3685/2312/126 3690/2310/126
o Bld_Shed_Windows_01
v -0.371178 5.121632 7.111753
v -0.371178 4.011516 7.111753
v 0.397772 4.011516 7.111753
v 0.397772 5.121632 7.111753
v -0.371178 5.121632 7.093163
v -0.371178 4.011516 7.093163
v 0.397772 4.011516 7.093163
v 0.397772 5.121632 7.093163
v -4.177648 2.123769 5.505093
v -4.177648 2.123769 6.136593
v -4.177648 1.267399 6.136593
v -4.177648 1.267399 5.505093
v -4.169944 2.123791 5.505075
v -4.169944 2.123791 6.136575
v -4.169944 1.267421 6.136575
v -4.169944 1.267421 5.505075
v -4.177648 2.123769 0.640685
v -4.177648 2.123769 1.272185
v -4.177648 1.267399 1.272185
v -4.177648 1.267399 0.640685
v -4.169944 2.123792 0.640667
v -4.169944 2.123792 1.272168
v -4.169944 1.267422 1.272168
v -4.169944 1.267422 0.640667
v -4.177648 2.123770 -4.223723
v -4.177648 2.123770 -3.592224
v -4.177648 1.267400 -3.592224
v -4.177648 1.267400 -4.223723
v -4.169944 2.123793 -4.223742
v -4.169944 2.123793 -3.592241
v -4.169944 1.267423 -3.592241
v -4.169944 1.267423 -4.223742
v 4.196001 1.267423 -3.358432
v 4.196001 1.267423 -3.989931
v 4.196001 2.123793 -3.989931
v 4.196001 2.123793 -3.358432
v 4.203705 1.267400 -3.358449
v 4.203705 1.267400 -3.989949
v 4.203705 2.123770 -3.989949
v 4.203705 2.123770 -3.358449
v 5.377601 1.911087 7.124348
v 5.377601 1.268603 7.124348
v 6.126657 1.268603 7.124348
v 6.126657 1.911087 7.124348
v -0.302237 4.791869 -5.964276
v -0.302237 3.874004 -5.964276
v 0.328830 3.874004 -5.964276
v 0.328830 4.791869 -5.964276
v -0.302237 4.791869 -5.975216
v -0.302237 3.874004 -5.975216
v 0.328830 3.874004 -5.975216
v 0.328830 4.791869 -5.975216
v 5.377601 1.911087 7.114002
v 5.377601 1.268603 7.114002
v 6.126657 1.268603 7.114002
v 6.126657 1.911087 7.114002
vn -0.0000 -0.0000 1.0000
vn -0.0000 -0.0000 -1.0000
vn -1.0000 -0.0000 -0.0000
vn 1.0000 -0.0000 -0.0000
vt 0.694995 0.119434
vt 0.710844 0.142315
vt 0.694995 0.142315
vt 0.616540 0.062876
vt 0.616540 0.080526
vt 0.616699 0.080527
vt 0.616699 0.062876
vt 0.616540 0.062876
vt 0.616540 0.080526
vt 0.616540 0.080526
vt 0.616699 0.080527
vt 0.616540 0.062876
vt 0.616699 0.080527
vt 0.616699 0.062876
vt 0.789128 0.080527
vt 0.789128 0.062876
vt 0.789287 0.062876
vt 0.789287 0.080526
vt 0.813482 0.062900
vt 0.828921 0.076143
vt 0.813482 0.076143
vt 0.696416 0.116600
vt 0.709423 0.135518
vt 0.696416 0.135518
vt 0.710844 0.119434
vt 0.789128 0.062876
vt 0.828921 0.062900
vt 0.709423 0.116600
s 0
usemtl Glass
f 3693/2313/138 3695/2314/138 3692/2315/138
f 3699/2314/139 3697/2313/139 3696/2315/139
f 3703/2316/140 3701/2317/140 3700/2317/140
f 3705/2318/141 3707/2319/141 3704/2318/141
f 3711/2320/140 3709/2321/140 3708/2322/140
f 3713/2323/141 3715/2319/141 3712/2323/141
f 3719/2324/140 3717/2322/140 3716/2322/140
f 3721/2325/141 3723/2326/141 3720/2325/141
f 3726/2327/140 3724/2328/140 3727/2327/140
f 3728/2329/141 3730/2330/141 3731/2330/141
f 3733/2331/138 3735/2332/138 3732/2333/138
f 3737/2334/138 3739/2335/138 3736/2336/138
f 3743/2335/139 3741/2334/139 3740/2336/139
f 3747/2332/139 3745/2331/139 3744/2333/139
f 3693/2313/138 3694/2337/138 3695/2314/138
f 3699/2314/139 3698/2337/139 3697/2313/139
f 3703/2316/140 3702/2316/140 3701/2317/140
f 3705/2318/141 3706/2319/141 3707/2319/141
f 3711/2320/140 3710/2320/140 3709/2321/140
f 3713/2323/141 3714/2319/141 3715/2319/141
f 3719/2324/140 3718/2324/140 3717/2322/140
f 3721/2325/141 3722/2326/141 3723/2326/141
f 3726/2327/140 3725/2338/140 3724/2328/140
f 3728/2329/141 3729/2329/141 3730/2330/141
f 3733/2331/138 3734/2339/138 3735/2332/138
f 3737/2334/138 3738/2340/138 3739/2335/138
f 3743/2335/139 3742/2340/139 3741/2334/139
f 3747/2332/139 3746/2339/139 3745/2331/139
