# Blender 4.4.0
# www.blender.org
mtllib Bld_Log_Cabin_02.mtl
o Bld_Log_Cabin_Fireplace_02
v -2.925011 0.814806 0.554460
v -2.925011 1.117354 0.554460
v -2.925011 0.814806 0.177486
v -2.925011 1.117354 0.177486
v -2.946062 0.814806 0.554460
v -2.946062 1.117354 0.554460
v -2.946062 0.814806 0.177486
v -2.946062 1.117354 0.177486
v -2.934266 1.235855 0.067012
v -2.925011 1.226600 0.076267
v -2.925011 0.705560 0.076267
v -2.934266 0.696305 0.067012
v -2.925011 0.705560 0.655679
v -2.934266 0.696305 0.664934
v -2.934266 1.235855 0.664934
v -2.925011 1.226600 0.655679
v -2.946063 1.235855 0.067012
v -2.946063 0.696305 0.067012
v -2.946063 0.696305 0.664934
v -2.946063 1.235855 0.664934
v -2.914852 0.966080 0.094879
v -2.916748 0.966080 0.092679
v -2.912043 0.964355 0.104398
v -2.912534 0.962695 0.101524
v -2.913453 0.961166 0.098876
v -2.914852 0.959826 0.096555
v -2.916748 0.958726 0.094649
v -2.919119 0.957909 0.093234
v -2.921906 0.957406 0.092362
v -2.925011 0.959268 0.095588
v -2.912043 0.963091 0.105661
v -2.912534 0.960218 0.104002
v -2.913453 0.957569 0.102473
v -2.914852 0.955248 0.101133
v -2.916748 0.953343 0.100033
v -2.919119 0.951927 0.099215
v -2.921906 0.951056 0.098712
v -2.925011 0.954282 0.100575
v -2.912043 0.962629 0.107386
v -2.912534 0.959311 0.107386
v -2.913453 0.956253 0.107386
v -2.914852 0.953572 0.107386
v -2.916748 0.951373 0.107386
v -2.919119 0.949738 0.107386
v -2.921906 0.948731 0.107386
v -2.925011 0.952457 0.107386
v -2.912043 0.963091 0.109112
v -2.912534 0.960218 0.110771
v -2.913453 0.957569 0.112300
v -2.914852 0.955248 0.113640
v -2.916748 0.953343 0.114740
v -2.919119 0.951927 0.115557
v -2.921906 0.951056 0.116061
v -2.925011 0.954282 0.114198
v -2.912043 0.964355 0.110375
v -2.912534 0.962695 0.113249
v -2.913453 0.961166 0.115897
v -2.914852 0.959826 0.118218
v -2.916748 0.958726 0.120124
v -2.919119 0.957909 0.121539
v -2.921906 0.957406 0.122411
v -2.925011 0.959268 0.119185
v -2.912043 0.966080 0.110837
v -2.912534 0.966080 0.114156
v -2.913453 0.966080 0.117214
v -2.914852 0.966080 0.119894
v -2.916748 0.966080 0.122094
v -2.919119 0.966080 0.123729
v -2.921906 0.966080 0.124735
v -2.925011 0.966080 0.121010
v -2.912043 0.967805 0.110375
v -2.912534 0.969465 0.113249
v -2.913453 0.970994 0.115897
v -2.914852 0.972334 0.118218
v -2.916748 0.973434 0.120124
v -2.919119 0.974251 0.121539
v -2.921906 0.974754 0.122411
v -2.925011 0.972892 0.119185
v -2.912043 0.969069 0.109112
v -2.912534 0.971942 0.110771
v -2.913453 0.974591 0.112300
v -2.914852 0.976912 0.113640
v -2.916748 0.978817 0.114740
v -2.919119 0.980233 0.115557
v -2.921906 0.981104 0.116061
v -2.925011 0.977878 0.114198
v -2.912043 0.969531 0.107386
v -2.912534 0.972849 0.107386
v -2.913453 0.975907 0.107386
v -2.914852 0.978588 0.107386
v -2.916748 0.980787 0.107386
v -2.919119 0.982422 0.107386
v -2.921906 0.983429 0.107386
v -2.925011 0.979704 0.107386
v -2.912043 0.969069 0.105661
v -2.912534 0.971942 0.104002
v -2.913453 0.974591 0.102473
v -2.914852 0.976912 0.101133
v -2.916748 0.978817 0.100033
v -2.919119 0.980233 0.099215
v -2.921906 0.981104 0.098712
v -2.925011 0.977878 0.100575
v -2.912043 0.967805 0.104398
v -2.912534 0.969465 0.101524
v -2.913453 0.970994 0.098876
v -2.914852 0.972334 0.096555
v -2.916748 0.973434 0.094649
v -2.919119 0.974251 0.093234
v -2.921906 0.974754 0.092362
v -2.925011 0.972892 0.095588
v -2.911901 0.966080 0.107386
v -2.912043 0.966080 0.103936
v -2.912534 0.966080 0.100617
v -2.913453 0.966080 0.097559
v -2.919119 0.966080 0.091044
v -2.921906 0.966080 0.090038
v -2.925011 0.966080 0.093763
v -2.935537 0.814806 0.554460
v -2.935537 1.117354 0.554460
v -2.935537 0.814806 0.177486
v -2.935537 1.117354 0.177486
vn 1.0000 -0.0000 -0.0000
vn -0.0000 -0.0000 1.0000
vn -0.0000 1.0000 -0.0000
vn -0.0000 -1.0000 -0.0000
vn -0.0000 -0.0000 -1.0000
vn 0.7071 -0.0000 -0.7071
vn 0.7071 -0.7071 -0.0000
vn 0.7071 0.7071 -0.0000
vn 0.7071 -0.0000 0.7071
vn -1.0000 -0.0000 -0.0000
vn 0.9885 -0.0392 -0.1463
vn 0.9549 -0.0769 -0.2869
vn 0.8798 -0.1230 -0.4591
vn 0.7462 -0.1723 -0.6430
vn 0.5542 -0.2154 -0.8040
vn 0.3294 -0.2444 -0.9120
vn -0.7571 -0.1691 -0.6311
vn 0.9991 -0.0110 -0.0412
vn -0.7571 -0.4620 -0.4620
vn 0.9991 -0.0302 -0.0302
vn 0.9885 -0.1071 -0.1071
vn 0.9549 -0.2101 -0.2101
vn 0.8798 -0.3361 -0.3361
vn 0.7462 -0.4707 -0.4707
vn 0.5542 -0.5886 -0.5886
vn 0.3294 -0.6676 -0.6676
vn 0.7462 -0.6430 -0.1723
vn 0.5542 -0.8040 -0.2154
vn 0.3294 -0.9120 -0.2444
vn -0.7571 -0.6311 -0.1691
vn 0.9991 -0.0412 -0.0111
vn 0.9885 -0.1463 -0.0392
vn 0.9549 -0.2870 -0.0769
vn 0.8798 -0.4591 -0.1230
vn 0.9991 -0.0412 0.0111
vn 0.9885 -0.1463 0.0392
vn 0.9549 -0.2870 0.0769
vn 0.8798 -0.4591 0.1230
vn 0.7462 -0.6430 0.1723
vn 0.5542 -0.8040 0.2154
vn 0.3294 -0.9120 0.2444
vn -0.7571 -0.6310 0.1691
vn 0.7462 -0.4707 0.4707
vn 0.5542 -0.5886 0.5886
vn 0.3294 -0.6676 0.6676
vn -0.7571 -0.4620 0.4620
vn 0.9991 -0.0302 0.0302
vn 0.9885 -0.1071 0.1071
vn 0.9549 -0.2101 0.2101
vn 0.8798 -0.3361 0.3361
vn 0.9885 -0.0392 0.1463
vn 0.9549 -0.0769 0.2870
vn 0.8798 -0.1230 0.4591
vn 0.7462 -0.1723 0.6431
vn 0.5542 -0.2154 0.8040
vn 0.3294 -0.2444 0.9120
vn -0.7571 -0.1691 0.6311
vn 0.9991 -0.0110 0.0412
vn 0.5542 0.2154 0.8040
vn 0.3294 0.2444 0.9120
vn -0.7571 0.1691 0.6311
vn 0.9991 0.0110 0.0412
vn 0.9885 0.0392 0.1463
vn 0.9549 0.0769 0.2869
vn 0.8798 0.1230 0.4591
vn 0.7462 0.1723 0.6430
vn 0.9549 0.2101 0.2101
vn 0.8798 0.3361 0.3361
vn 0.7462 0.4708 0.4708
vn 0.5542 0.5886 0.5886
vn 0.3294 0.6677 0.6676
vn -0.7571 0.4620 0.4620
vn 0.9991 0.0302 0.0302
vn 0.9885 0.1071 0.1071
vn 0.3294 0.9120 0.2444
vn -0.7571 0.6310 0.1691
vn 0.9991 0.0412 0.0111
vn 0.9885 0.1463 0.0392
vn 0.9549 0.2869 0.0769
vn 0.8798 0.4591 0.1230
vn 0.7462 0.6430 0.1723
vn 0.5542 0.8040 0.2154
vn 0.9549 0.2870 -0.0769
vn 0.8798 0.4591 -0.1230
vn 0.7462 0.6430 -0.1723
vn 0.5542 0.8040 -0.2154
vn 0.3294 0.9120 -0.2444
vn -0.7571 0.6311 -0.1691
vn 0.9991 0.0412 -0.0111
vn 0.9885 0.1463 -0.0392
vn 0.3294 0.6677 -0.6676
vn -0.7571 0.4620 -0.4620
vn 0.9991 0.0302 -0.0302
vn 0.9885 0.1071 -0.1071
vn 0.9549 0.2101 -0.2101
vn 0.8798 0.3361 -0.3361
vn 0.7462 0.4707 -0.4707
vn 0.5542 0.5886 -0.5886
vn 0.8798 0.1230 -0.4591
vn 0.7462 0.1723 -0.6430
vn 0.5542 0.2154 -0.8040
vn 0.3294 0.2444 -0.9120
vn -0.7571 0.1691 -0.6311
vn 0.9991 0.0110 -0.0412
vn 0.9885 0.0392 -0.1463
vn 0.9549 0.0769 -0.2869
vn 0.9549 -0.0769 -0.2870
vn 0.5542 -0.2155 -0.8040
vn -0.7571 -0.6311 0.1691
vn 0.9549 -0.0769 0.2869
vn 0.7462 -0.1723 0.6430
vn -0.7571 -0.1691 0.6310
vn 0.7462 0.4707 0.4707
vn 0.3294 0.6676 0.6676
vn -0.7571 0.6311 0.1691
vn 0.9549 0.2870 0.0769
vn 0.3294 0.6676 -0.6676
vn 0.7462 0.1723 -0.6431
vn 0.9549 0.0769 -0.2870
vt 0.824859 0.717102
vt 0.825003 0.694060
vt 0.825003 0.723215
vt 0.824177 0.723215
vt 0.824321 0.717102
vt 0.824177 0.694060
vt 0.824321 0.700173
vt 0.824859 0.700173
vt 0.825017 0.723733
vt 0.825017 0.693543
vt 0.824164 0.693543
vt 0.824164 0.723733
vt 0.445758 0.725887
vt 0.445672 0.721805
vt 0.445737 0.717879
vt 0.445797 0.714261
vt 0.445827 0.725887
vt 0.445850 0.711090
vt 0.445888 0.725887
vt 0.445938 0.725887
vt 0.445893 0.708488
vt 0.445925 0.706555
vt 0.445975 0.725887
vt 0.445998 0.725887
vt 0.445945 0.705364
vt 0.445872 0.709771
vt 0.445913 0.725887
vt 0.445683 0.725887
vt 0.445605 0.725887
vt 0.445759 0.697972
vt 0.445644 0.718816
vt 0.445681 0.712018
vt 0.445716 0.705752
vt 0.445746 0.700259
vt 0.445771 0.695751
vt 0.445790 0.692403
vt 0.445801 0.690340
vt 0.445605 0.696294
vt 0.445605 0.691089
vt 0.445605 0.687222
vt 0.445605 0.684841
vt 0.445605 0.693653
vt 0.445605 0.717722
vt 0.445605 0.709871
vt 0.445605 0.702636
vt 0.445565 0.718816
vt 0.445528 0.712018
vt 0.445493 0.705752
vt 0.445463 0.700259
vt 0.445438 0.695751
vt 0.445420 0.692403
vt 0.445408 0.690340
vt 0.445450 0.697972
vt 0.445316 0.708488
vt 0.445284 0.706555
vt 0.445264 0.705364
vt 0.445337 0.709771
vt 0.445537 0.721805
vt 0.445472 0.717879
vt 0.445412 0.714261
vt 0.445359 0.711090
vt 0.445451 0.725887
vt 0.445382 0.725887
vt 0.445321 0.725887
vt 0.445271 0.725887
vt 0.445234 0.725887
vt 0.445212 0.725887
vt 0.445296 0.725887
vt 0.445526 0.725887
vt 0.445316 0.743286
vt 0.445284 0.745219
vt 0.445264 0.746410
vt 0.445337 0.742004
vt 0.445537 0.729969
vt 0.445472 0.733895
vt 0.445412 0.737513
vt 0.445359 0.740683
vt 0.445493 0.746023
vt 0.445463 0.751515
vt 0.445438 0.756023
vt 0.445420 0.759371
vt 0.445408 0.761435
vt 0.445450 0.753802
vt 0.445565 0.732958
vt 0.445528 0.739757
vt 0.445605 0.766933
vt 0.445605 0.758121
vt 0.445605 0.734052
vt 0.445605 0.741903
vt 0.445605 0.749138
vt 0.445605 0.755480
vt 0.445605 0.760684
vt 0.445605 0.764552
vt 0.445716 0.746023
vt 0.445746 0.751515
vt 0.445771 0.756023
vt 0.445790 0.759371
vt 0.445801 0.761435
vt 0.445759 0.753802
vt 0.445644 0.732958
vt 0.445681 0.739757
vt 0.445945 0.746410
vt 0.445872 0.742004
vt 0.445672 0.729969
vt 0.445737 0.733895
vt 0.445797 0.737513
vt 0.445850 0.740683
vt 0.445893 0.743286
vt 0.445925 0.745219
s 0
usemtl Texture_Map
f 4/1/1 11/2/1 10/3/1
f 4/1/1 16/4/1 2/5/1
f 2/5/1 13/6/1 1/7/1
f 1/7/1 11/2/1 3/8/1
f 121/1/2 7/8/2 120/8/2
f 120/8/3 5/7/3 118/7/3
f 119/5/4 8/1/4 121/1/4
f 118/7/5 6/5/5 119/5/5
f 11/2/6 9/9/6 10/3/6
f 12/10/7 13/6/7 14/11/7
f 9/9/8 16/4/8 10/3/8
f 14/11/9 16/4/9 15/12/9
f 14/11/4 18/10/4 12/10/4
f 12/10/5 17/9/5 9/9/5
f 15/12/2 19/11/2 14/11/2
f 9/9/3 20/12/3 15/12/3
f 18/10/10 5/7/10 7/8/10
f 17/9/10 7/8/10 8/1/10
f 20/12/10 8/1/10 6/5/10
f 19/11/10 6/5/10 5/7/10
f 113/13/11 23/14/11 24/15/11
f 113/13/12 25/16/12 114/17/12
f 114/17/13 26/18/13 21/19/13
f 22/20/14 26/18/14 27/21/14
f 22/20/15 28/22/15 115/23/15
f 116/24/16 28/22/16 29/25/16
f 116/24/17 30/26/17 117/27/17
f 112/28/18 111/29/18 23/14/18
f 29/25/19 38/30/19 30/26/19
f 23/14/20 111/29/20 31/31/20
f 24/15/21 31/31/21 32/32/21
f 24/15/22 33/33/22 25/16/22
f 25/16/23 34/34/23 26/18/23
f 27/21/24 34/34/24 35/35/24
f 27/21/25 36/36/25 28/22/25
f 29/25/26 36/36/26 37/37/26
f 35/35/27 42/38/27 43/39/27
f 35/35/28 44/40/28 36/36/28
f 37/37/29 44/40/29 45/41/29
f 37/37/30 46/42/30 38/30/30
f 31/31/31 111/29/31 39/43/31
f 32/32/32 39/43/32 40/44/32
f 33/33/33 40/44/33 41/45/33
f 34/34/34 41/45/34 42/38/34
f 39/43/35 111/29/35 47/46/35
f 39/43/36 48/47/36 40/44/36
f 41/45/37 48/47/37 49/48/37
f 41/45/38 50/49/38 42/38/38
f 42/38/39 51/50/39 43/39/39
f 44/40/40 51/50/40 52/51/40
f 45/41/41 52/51/41 53/52/41
f 45/41/42 54/53/42 46/42/42
f 50/49/43 59/54/43 51/50/43
f 52/51/44 59/54/44 60/55/44
f 53/52/45 60/55/45 61/56/45
f 53/52/46 62/57/46 54/53/46
f 47/46/47 111/29/47 55/58/47
f 48/47/48 55/58/48 56/59/48
f 49/48/49 56/59/49 57/60/49
f 50/49/50 57/60/50 58/61/50
f 55/58/51 64/62/51 56/59/51
f 57/60/52 64/62/52 65/63/52
f 57/60/53 66/64/53 58/61/53
f 58/61/54 67/65/54 59/54/54
f 59/54/55 68/66/55 60/55/55
f 61/56/56 68/66/56 69/67/56
f 61/56/57 70/68/57 62/57/57
f 55/58/58 111/29/58 63/69/58
f 68/66/59 75/70/59 76/71/59
f 68/66/60 77/72/60 69/67/60
f 70/68/61 77/72/61 78/73/61
f 63/69/62 111/29/62 71/74/62
f 64/62/63 71/74/63 72/75/63
f 64/62/64 73/76/64 65/63/64
f 66/64/65 73/76/65 74/77/65
f 66/64/66 75/70/66 67/65/66
f 72/75/67 81/78/67 73/76/67
f 74/77/68 81/78/68 82/79/68
f 74/77/69 83/80/69 75/70/69
f 75/70/70 84/81/70 76/71/70
f 76/71/71 85/82/71 77/72/71
f 78/73/72 85/82/72 86/83/72
f 71/74/73 111/29/73 79/84/73
f 71/74/74 80/85/74 72/75/74
f 84/81/75 93/86/75 85/82/75
f 86/83/76 93/86/76 94/87/76
f 79/84/77 111/29/77 87/88/77
f 80/85/78 87/88/78 88/89/78
f 80/85/79 89/90/79 81/78/79
f 82/79/80 89/90/80 90/91/80
f 83/80/81 90/91/81 91/92/81
f 83/80/82 92/93/82 84/81/82
f 88/89/83 97/94/83 89/90/83
f 89/90/84 98/95/84 90/91/84
f 90/91/85 99/96/85 91/92/85
f 92/93/86 99/96/86 100/97/86
f 92/93/87 101/98/87 93/86/87
f 94/87/88 101/98/88 102/99/88
f 87/88/89 111/29/89 95/100/89
f 87/88/90 96/101/90 88/89/90
f 100/97/91 109/102/91 101/98/91
f 102/99/92 109/102/92 110/103/92
f 95/100/93 111/29/93 103/104/93
f 95/100/94 104/105/94 96/101/94
f 97/94/95 104/105/95 105/106/95
f 98/95/96 105/106/96 106/107/96
f 98/95/97 107/108/97 99/96/97
f 100/97/98 107/108/98 108/109/98
f 106/107/99 114/17/99 21/19/99
f 106/107/100 22/20/100 107/108/100
f 108/109/101 22/20/101 115/23/101
f 108/109/102 116/24/102 109/102/102
f 110/103/103 116/24/103 117/27/103
f 103/104/104 111/29/104 112/28/104
f 103/104/105 113/13/105 104/105/105
f 105/106/106 113/13/106 114/17/106
f 1/7/5 119/5/5 2/5/5
f 2/5/4 121/1/4 4/1/4
f 3/8/3 118/7/3 1/7/3
f 4/1/2 120/8/2 3/8/2
f 4/1/1 3/8/1 11/2/1
f 4/1/1 10/3/1 16/4/1
f 2/5/1 16/4/1 13/6/1
f 1/7/1 13/6/1 11/2/1
f 121/1/2 8/1/2 7/8/2
f 120/8/3 7/8/3 5/7/3
f 119/5/4 6/5/4 8/1/4
f 118/7/5 5/7/5 6/5/5
f 11/2/6 12/10/6 9/9/6
f 12/10/7 11/2/7 13/6/7
f 9/9/8 15/12/8 16/4/8
f 14/11/9 13/6/9 16/4/9
f 14/11/4 19/11/4 18/10/4
f 12/10/5 18/10/5 17/9/5
f 15/12/2 20/12/2 19/11/2
f 9/9/3 17/9/3 20/12/3
f 18/10/10 19/11/10 5/7/10
f 17/9/10 18/10/10 7/8/10
f 20/12/10 17/9/10 8/1/10
f 19/11/10 20/12/10 6/5/10
f 113/13/11 112/28/11 23/14/11
f 113/13/107 24/15/107 25/16/107
f 114/17/13 25/16/13 26/18/13
f 22/20/14 21/19/14 26/18/14
f 22/20/108 27/21/108 28/22/108
f 116/24/16 115/23/16 28/22/16
f 116/24/17 29/25/17 30/26/17
f 29/25/19 37/37/19 38/30/19
f 24/15/21 23/14/21 31/31/21
f 24/15/22 32/32/22 33/33/22
f 25/16/23 33/33/23 34/34/23
f 27/21/24 26/18/24 34/34/24
f 27/21/25 35/35/25 36/36/25
f 29/25/26 28/22/26 36/36/26
f 35/35/27 34/34/27 42/38/27
f 35/35/28 43/39/28 44/40/28
f 37/37/29 36/36/29 44/40/29
f 37/37/30 45/41/30 46/42/30
f 32/32/32 31/31/32 39/43/32
f 33/33/33 32/32/33 40/44/33
f 34/34/34 33/33/34 41/45/34
f 39/43/36 47/46/36 48/47/36
f 41/45/37 40/44/37 48/47/37
f 41/45/38 49/48/38 50/49/38
f 42/38/39 50/49/39 51/50/39
f 44/40/40 43/39/40 51/50/40
f 45/41/41 44/40/41 52/51/41
f 45/41/109 53/52/109 54/53/109
f 50/49/43 58/61/43 59/54/43
f 52/51/44 51/50/44 59/54/44
f 53/52/45 52/51/45 60/55/45
f 53/52/46 61/56/46 62/57/46
f 48/47/48 47/46/48 55/58/48
f 49/48/49 48/47/49 56/59/49
f 50/49/50 49/48/50 57/60/50
f 55/58/51 63/69/51 64/62/51
f 57/60/110 56/59/110 64/62/110
f 57/60/53 65/63/53 66/64/53
f 58/61/111 66/64/111 67/65/111
f 59/54/55 67/65/55 68/66/55
f 61/56/56 60/55/56 68/66/56
f 61/56/112 69/67/112 70/68/112
f 68/66/59 67/65/59 75/70/59
f 68/66/60 76/71/60 77/72/60
f 70/68/61 69/67/61 77/72/61
f 64/62/63 63/69/63 71/74/63
f 64/62/64 72/75/64 73/76/64
f 66/64/65 65/63/65 73/76/65
f 66/64/66 74/77/66 75/70/66
f 72/75/67 80/85/67 81/78/67
f 74/77/68 73/76/68 81/78/68
f 74/77/113 82/79/113 83/80/113
f 75/70/70 83/80/70 84/81/70
f 76/71/114 84/81/114 85/82/114
f 78/73/72 77/72/72 85/82/72
f 71/74/74 79/84/74 80/85/74
f 84/81/75 92/93/75 93/86/75
f 86/83/115 85/82/115 93/86/115
f 80/85/78 79/84/78 87/88/78
f 80/85/116 88/89/116 89/90/116
f 82/79/80 81/78/80 89/90/80
f 83/80/81 82/79/81 90/91/81
f 83/80/82 91/92/82 92/93/82
f 88/89/83 96/101/83 97/94/83
f 89/90/84 97/94/84 98/95/84
f 90/91/85 98/95/85 99/96/85
f 92/93/86 91/92/86 99/96/86
f 92/93/87 100/97/87 101/98/87
f 94/87/88 93/86/88 101/98/88
f 87/88/90 95/100/90 96/101/90
f 100/97/117 108/109/117 109/102/117
f 102/99/92 101/98/92 109/102/92
f 95/100/94 103/104/94 104/105/94
f 97/94/95 96/101/95 104/105/95
f 98/95/96 97/94/96 105/106/96
f 98/95/97 106/107/97 107/108/97
f 100/97/98 99/96/98 107/108/98
f 106/107/99 105/106/99 114/17/99
f 106/107/118 21/19/118 22/20/118
f 108/109/101 107/108/101 22/20/101
f 108/109/102 115/23/102 116/24/102
f 110/103/103 109/102/103 116/24/103
f 103/104/105 112/28/105 113/13/105
f 105/106/119 104/105/119 113/13/119
f 1/7/5 118/7/5 119/5/5
f 2/5/4 119/5/4 121/1/4
f 3/8/3 120/8/3 118/7/3
f 4/1/2 121/1/2 120/8/2
o Bld_Log_Cabin_02
v -4.069177 1.339438 3.864116
v -4.069177 1.245278 3.864116
v -4.069177 1.339438 3.769957
v -4.069177 1.245278 3.769957
v 2.638189 1.339438 3.864116
v 2.638189 1.245278 3.864116
v 2.638189 1.339438 3.769957
v 2.638189 1.245278 3.769957
v -4.069177 0.519079 3.864116
v -4.069177 0.424919 3.864116
v -4.069177 0.519079 3.769957
v -4.069177 0.424919 3.769957
v 2.638189 0.519079 3.864116
v 2.638189 0.424919 3.864116
v 2.638189 0.519079 3.769957
v 2.638189 0.424919 3.769957
v 2.638189 0.288852 3.890028
v 2.784172 0.288852 3.890028
v 2.638189 0.288852 3.744045
v 2.784172 0.288852 3.744045
v 2.638189 2.240635 3.890028
v 2.784172 2.240635 3.890028
v 2.638189 2.265398 3.744045
v 2.784172 2.265398 3.744045
v -4.069176 0.288852 3.890028
v -4.215158 0.288852 3.890028
v -4.069176 0.288852 3.744045
v -4.215158 0.288852 3.744045
v -4.069176 2.240635 3.890028
v -4.215158 2.240635 3.890028
v -4.069176 2.265398 3.744045
v -4.215158 2.265398 3.744045
v 2.244747 0.519079 3.847611
v 2.310978 0.519079 3.847611
v 2.244747 0.519079 3.786461
v 2.310978 0.519079 3.786461
v 2.244747 1.245278 3.786461
v 2.244747 1.245278 3.847611
v 2.310978 1.245278 3.847611
v 2.310978 1.245278 3.786461
v 1.504283 0.519079 3.847611
v 1.570514 0.519079 3.847611
v 1.504283 0.519079 3.786461
v 1.570514 0.519079 3.786461
v 1.504283 1.245278 3.786461
v 1.504283 1.245278 3.847611
v 1.570514 1.245278 3.847611
v 1.570514 1.245278 3.786461
v 0.763820 0.519079 3.847611
v 0.830051 0.519079 3.847611
v 0.763820 0.519079 3.786461
v 0.830051 0.519079 3.786461
v 0.763820 1.245278 3.786461
v 0.763820 1.245278 3.847611
v 0.830051 1.245278 3.847611
v 0.830051 1.245278 3.786461
v 0.023356 0.519079 3.847611
v 0.089587 0.519079 3.847611
v 0.023356 0.519079 3.786461
v 0.089587 0.519079 3.786461
v 0.023356 1.245278 3.786461
v 0.023356 1.245278 3.847611
v 0.089587 1.245278 3.847611
v 0.089587 1.245278 3.786461
v -1.457571 0.519079 3.847611
v -1.391340 0.519079 3.847611
v -1.457571 0.519079 3.786461
v -1.391340 0.519079 3.786461
v -1.457571 1.245278 3.786461
v -1.457571 1.245278 3.847611
v -1.391340 1.245278 3.847611
v -1.391340 1.245278 3.786461
v -2.198034 0.519079 3.847611
v -2.131803 0.519079 3.847611
v -2.198034 0.519079 3.786461
v -2.131803 0.519079 3.786461
v -2.198034 1.245278 3.786461
v -2.198034 1.245278 3.847611
v -2.131803 1.245278 3.847611
v -2.131803 1.245278 3.786461
v -2.938497 0.519079 3.847611
v -2.872266 0.519079 3.847611
v -2.938497 0.519079 3.786461
v -2.872266 0.519079 3.786461
v -2.938497 1.245278 3.786461
v -2.938497 1.245278 3.847611
v -2.872266 1.245278 3.847611
v -2.872266 1.245278 3.786461
v -3.678960 0.519079 3.847611
v -3.612729 0.519079 3.847611
v -3.678960 0.519079 3.786461
v -3.612729 0.519079 3.786461
v -3.678960 1.245278 3.786461
v -3.678960 1.245278 3.847611
v -3.612729 1.245278 3.847611
v -3.612729 1.245278 3.786461
v 2.653091 3.366402 0.007528
v 2.653091 3.544585 -0.305212
v 2.620481 3.422883 -0.091607
v 2.653091 3.609804 -0.419681
v 2.653091 2.879597 0.861946
v 2.653091 2.636194 1.289155
v 2.653091 2.629175 1.301473
v 2.620481 2.692676 1.190020
v 2.653091 3.057780 0.549207
v 2.653091 3.787987 -0.732419
v 2.653091 3.122999 0.434737
v 2.620481 3.179481 0.335602
v 2.620481 2.936078 0.762812
v 2.653091 3.301182 0.121998
v 2.653091 3.853206 -0.846889
v 2.653091 2.570975 1.403625
v 2.620481 3.909688 -0.946023
v 2.620481 3.666286 -0.518815
v 2.653091 2.814377 0.976416
v 2.620481 3.244700 0.221132
v 2.620481 3.488103 -0.206077
v 2.620481 2.757895 1.075550
v 2.620481 2.514493 1.502759
v 2.620481 3.001298 0.648341
v 2.620481 3.731505 -0.633286
v 2.573449 3.936842 -0.993684
v 2.564000 3.212090 0.278368
v 2.498780 3.698895 -0.576050
v 2.564000 3.455493 -0.148841
v 2.498780 2.725286 1.132785
v 2.564000 2.725286 1.132785
v 2.564000 3.698895 -0.576050
v 2.564000 2.481884 1.559994
v 2.498780 3.212090 0.278368
v 2.498780 3.455493 -0.148841
v 2.564000 2.968688 0.705576
v 2.442299 2.514493 1.502759
v 2.442299 3.666286 -0.518815
v 2.442299 3.179481 0.335602
v 2.442299 2.692676 1.190020
v 2.498780 2.968688 0.705576
v 2.409689 2.879597 0.861946
v 2.442299 3.001298 0.648341
v 2.409689 3.609804 -0.419681
v 2.442299 3.488103 -0.206077
v 2.489331 3.936842 -0.993684
v 2.409689 2.636194 1.289155
v 2.442299 3.244700 0.221132
v 2.442299 2.757895 1.075550
v 2.442299 3.909688 -0.946023
v 2.442299 3.422883 -0.091607
v 2.442299 2.936078 0.762812
v 2.442299 3.731505 -0.633286
v 2.409689 3.366402 0.007528
v 2.409689 3.122999 0.434737
v 2.409689 2.570975 1.403625
v 2.409689 2.814377 0.976416
v 2.409689 3.853206 -0.846889
v 2.409689 3.301182 0.121998
v 2.409689 3.057780 0.549207
v 2.409689 3.544585 -0.305212
v 2.409689 3.787987 -0.732419
v 2.409689 3.073569 0.521493
v -3.828474 3.787987 -0.732419
v -3.828474 3.853206 -0.846889
v -3.861084 3.731505 -0.633286
v -3.861084 3.666286 -0.518815
v -3.861084 3.909688 -0.946023
v -3.908116 3.936842 -0.993684
v -3.982785 3.698895 -0.576050
v -4.039267 3.909688 -0.946023
v -3.992233 3.936842 -0.993684
v -4.071877 3.853206 -0.846889
v -4.039267 3.731505 -0.633286
v -4.071877 3.787987 -0.732419
v -3.917565 3.698895 -0.576050
v 2.653091 2.392792 1.716362
v 2.620481 2.449274 1.617228
v 2.653091 2.386583 1.727261
v 2.498780 2.481884 1.559993
v 2.442299 2.449274 1.617228
v 2.409689 2.392792 1.716362
v 2.409689 2.386583 1.727261
v -3.828474 2.386583 1.727261
v -3.828474 2.392792 1.716362
v -3.861083 3.179481 0.335602
v -3.828474 2.570975 1.403625
v -3.828474 3.609804 -0.419681
v -3.828474 3.544585 -0.305211
v -3.861083 2.936078 0.762811
v -3.861083 2.514493 1.502758
v -3.861083 3.488103 -0.206077
v -3.861083 2.449274 1.617228
v -3.828474 3.122999 0.434737
v -3.828474 2.879597 0.861945
v -3.861084 3.422883 -0.091607
v -3.917565 2.968688 0.705576
v -3.917565 3.212090 0.278367
v -3.828474 2.636194 1.289154
v -3.828474 3.073569 0.521494
v -3.828474 3.057780 0.549206
v -3.861083 2.692676 1.190019
v -3.828474 3.301182 0.121998
v -3.828474 2.814377 0.976416
v -3.861083 2.757895 1.075549
v -3.917565 2.481884 1.559993
v -3.828474 3.366401 0.007527
v -3.861083 3.001298 0.648341
v -3.861084 3.244700 0.221132
v -3.917565 3.455493 -0.148841
v -3.982785 2.968688 0.705576
v -4.039267 3.001298 0.648341
v -4.071877 3.366401 0.007527
v -4.039267 3.422883 -0.091607
v -3.982785 2.481884 1.559993
v -4.039267 2.514493 1.502758
v -3.982784 3.455493 -0.148841
v -3.917565 2.725286 1.132785
v -4.039267 3.244700 0.221132
v -4.071877 3.301182 0.121998
v -4.071877 2.570975 1.403625
v -4.071877 3.057780 0.549206
v -4.071877 2.386583 1.727261
v -4.039267 3.488103 -0.206077
v -4.071877 2.636194 1.289154
v -4.071877 3.544585 -0.305211
v -4.071877 2.392792 1.716362
v -4.039267 2.449274 1.617228
v -4.039267 2.692676 1.190019
v -3.982785 2.725286 1.132785
v -4.039267 3.666286 -0.518816
v -4.071877 3.609804 -0.419681
v -4.071877 2.879597 0.861945
v -4.071877 2.814377 0.976416
v -4.039267 2.936078 0.762811
v -3.982785 3.212090 0.278367
v -4.039267 3.179481 0.335602
v -4.039267 2.757895 1.075549
v -4.071877 3.122999 0.434737
v 2.653091 2.327573 -3.714629
v 2.653091 2.386583 -3.714629
v 2.442299 2.271091 -3.714629
v 2.409689 2.327573 -3.714629
v 2.409689 2.386583 -3.714629
v -3.828474 2.386583 -3.714629
v -3.828474 2.327573 -3.714629
v -3.861084 2.271091 -3.714629
v -3.917565 2.238481 -3.714629
v -3.982785 2.238481 -3.714629
v -4.071877 2.327573 -3.714629
v -4.039267 2.271091 -3.714629
v -4.071876 2.386583 -3.714628
v 2.620481 2.271091 -3.714629
v 2.564000 2.230329 -3.714629
v 2.498780 2.230329 -3.714629
v 2.620481 3.909688 -1.041344
v 2.442299 3.909688 -1.041344
v 2.409689 3.853206 -1.140478
v -3.861084 3.179481 -2.322970
v -3.828474 3.787987 -1.254948
v -3.828474 3.609804 -1.567687
v -3.828474 3.544585 -1.682157
v -3.861084 2.936079 -2.750179
v -3.861084 3.488103 -1.781291
v -3.828474 3.853206 -1.140478
v -3.861083 3.731505 -1.354083
v -3.861084 3.666286 -1.468553
v -3.861084 3.909688 -1.041344
v -3.828474 3.122999 -2.422104
v -3.828474 2.879597 -2.849313
v -3.861083 3.422883 -1.895761
v -3.917565 2.968688 -2.692944
v -3.917565 3.212090 -2.265735
v -3.828474 3.057780 -2.536574
v -3.861083 2.692676 -3.177387
v -3.828474 3.301182 -2.109365
v -3.828474 2.814377 -2.963783
v -3.917566 3.455493 -1.838526
v -3.861084 2.757896 -3.062917
v -3.917565 3.698895 -1.411318
v -3.828474 3.366402 -1.994895
v -3.861084 3.001298 -2.635708
v -3.917565 2.725286 -3.120152
v -3.861084 3.244700 -2.208499
v -3.982785 3.698895 -1.411318
v -3.982785 2.968688 -2.692944
v -4.039267 3.001298 -2.635708
v -4.071877 3.366402 -1.994895
v -4.039266 3.422883 -1.895761
v -3.982785 3.455493 -1.838526
v -4.039267 3.244700 -2.208499
v -3.982785 3.212091 -2.265734
v -4.071877 3.301182 -2.109365
v -4.071877 3.057780 -2.536574
v -4.039267 3.909688 -1.041344
v -4.071877 3.853206 -1.140478
v -4.039267 3.488103 -1.781291
v -4.071877 3.544585 -1.682157
v -4.039267 2.692676 -3.177387
v -3.982785 2.725286 -3.120152
v -4.039267 3.731505 -1.354083
v -4.071877 3.787987 -1.254948
v -4.039267 3.666286 -1.468553
v -4.071877 3.609804 -1.567687
v -4.071877 2.879597 -2.849313
v -4.071877 2.814377 -2.963783
v -4.039267 2.936079 -2.750179
v -4.039267 3.179481 -2.322970
v -4.039267 2.757896 -3.062917
v -4.071877 3.122999 -2.422104
v 2.653091 3.366402 -1.994895
v 2.653091 3.544585 -1.682156
v 2.620481 3.422883 -1.895761
v 2.653091 3.609804 -1.567687
v 2.653091 2.879597 -2.849312
v 2.653091 2.636194 -3.276521
v 2.620481 2.692676 -3.177387
v 2.653091 3.057780 -2.536574
v 2.653091 3.787987 -1.254948
v 2.653091 2.392792 -3.703730
v 2.620481 2.449274 -3.604596
v 2.653091 3.122999 -2.422104
v 2.620481 3.179481 -2.322970
v 2.620481 2.936079 -2.750179
v 2.653091 3.301182 -2.109365
v 2.653091 3.853206 -1.140479
v 2.653091 2.570975 -3.390991
v 2.620481 3.666286 -1.468552
v 2.653091 2.814377 -2.963783
v 2.620481 3.244700 -2.208499
v 2.620481 3.488103 -1.781291
v 2.620481 2.757896 -3.062917
v 2.620481 2.514493 -3.490125
v 2.620481 3.001298 -2.635708
v 2.620481 3.731505 -1.354083
v 2.564000 2.481884 -3.547360
v 2.564000 2.725286 -3.120152
v 2.564000 3.212091 -2.265734
v 2.498780 3.698895 -1.411317
v 2.564000 3.455493 -1.838526
v 2.498780 2.725286 -3.120152
v 2.564000 3.698895 -1.411317
v 2.564000 2.968688 -2.692944
v 2.498780 2.481884 -3.547360
v 2.498780 3.455493 -1.838526
v 2.498780 3.212091 -2.265734
v 2.442299 2.514493 -3.490125
v 2.442299 3.666286 -1.468552
v 2.442299 3.179481 -2.322970
v 2.442299 2.692676 -3.177387
v 2.498780 2.968688 -2.692944
v 2.409689 2.879597 -2.849312
v 2.442299 2.449274 -3.604596
v 2.442299 3.001298 -2.635708
v 2.409689 3.609804 -1.567687
v 2.442299 3.488103 -1.781291
v 2.409689 2.392792 -3.703730
v 2.409689 2.636194 -3.276521
v 2.442299 3.244700 -2.208499
v 2.442299 2.757896 -3.062917
v 2.442299 3.422883 -1.895761
v 2.442299 2.936079 -2.750179
v 2.442299 3.731505 -1.354083
v 2.409689 3.366402 -1.994895
v 2.409689 3.122999 -2.422104
v 2.409689 2.570975 -3.390991
v 2.409689 2.814377 -2.963783
v 2.409689 3.301182 -2.109365
v 2.409689 3.057780 -2.536574
v 2.409689 3.544585 -1.682156
v 2.409689 3.787987 -1.254948
v -3.828474 2.392792 -3.703730
v -3.828474 2.570975 -3.390991
v -3.861084 2.514493 -3.490126
v -3.861084 2.449274 -3.604596
v -3.828474 2.636194 -3.276521
v -3.917565 2.481884 -3.547360
v -4.039267 2.514493 -3.490125
v -4.071877 2.570975 -3.390991
v -4.071877 2.636194 -3.276521
v -3.982785 2.481884 -3.547360
v -4.071877 2.392792 -3.703730
v -4.039267 2.449274 -3.604596
v 2.653091 2.327573 1.727261
v 2.620481 2.271091 1.727261
v 2.564000 2.235807 1.727261
v 2.498780 2.232420 1.732743
v 2.442299 2.271091 1.727261
v 2.409689 2.327573 1.727261
v -3.828474 2.327573 1.727261
v -3.861083 2.271091 1.727261
v -3.917565 2.238481 1.727261
v -3.982785 2.238481 1.727261
v -4.071877 2.327573 1.727261
v -4.039267 2.271091 1.727261
v 2.653091 2.327573 0.230345
v 2.620481 2.271091 0.230345
v 2.653091 2.392792 0.230345
v 2.564000 2.233505 0.230345
v 2.630013 2.432765 0.230345
v 2.498780 2.233505 0.230345
v 2.442299 2.271091 0.230345
v 2.409689 2.327573 0.230345
v 2.409689 2.392792 0.230345
v 2.432768 2.432765 0.230345
v 2.630013 2.432765 -1.022596
v 2.432768 2.432765 -1.022596
v 2.653091 2.327573 -1.022596
v 2.620481 2.271091 -1.022596
v 2.653091 2.392792 -1.022596
v 2.564000 2.229124 -1.022596
v 2.498780 2.229124 -1.022596
v 2.442299 2.271091 -1.022596
v 2.409689 2.327573 -1.022596
v 2.409689 2.392792 -1.022596
v 2.564000 0.532255 -3.874327
v 2.564000 0.532255 1.930414
v 2.620481 0.499645 -3.874327
v 2.620481 0.499645 1.930414
v 2.653091 0.443163 -3.874327
v 2.653091 0.443163 1.930414
v 2.653091 0.377944 -3.874327
v 2.653091 0.377944 1.930414
v 2.620481 0.321462 -3.874327
v 2.620481 0.321462 1.930414
v 2.564000 0.288853 -3.874327
v 2.564000 0.288852 1.930414
v 2.498780 0.288853 -3.874327
v 2.498780 0.288852 1.930414
v 2.442299 0.321462 -3.874327
v 2.442299 0.321462 1.930414
v 2.409689 0.377944 -3.874327
v 2.409689 0.377944 1.930414
v 2.409689 0.443163 -3.874327
v 2.409689 0.443163 1.930414
v 2.442299 0.499645 -3.874327
v 2.442299 0.499645 1.930414
v 2.498780 0.532255 -3.874327
v 2.498780 0.532255 1.930414
v 2.564000 0.775657 -3.852468
v 2.564000 0.775657 1.898772
v 2.620481 0.743047 -3.852468
v 2.620481 0.743047 1.898772
v 2.653091 0.686566 -3.852468
v 2.653091 0.686566 1.898772
v 2.653091 0.621346 -3.852468
v 2.653091 0.621346 1.898772
v 2.620481 0.564865 -3.852468
v 2.620481 0.564864 1.898772
v 2.564000 0.532255 -3.852468
v 2.564000 0.532255 1.898772
v 2.498780 0.532255 -3.852468
v 2.498780 0.532255 1.898772
v 2.442299 0.564865 -3.852468
v 2.442299 0.564864 1.898772
v 2.409689 0.621346 -3.852468
v 2.409689 0.621346 1.898772
v 2.409689 0.686566 -3.852468
v 2.409689 0.686566 1.898772
v 2.442299 0.743047 -3.852468
v 2.442299 0.743047 1.898772
v 2.498780 0.775657 -3.852468
v 2.498780 0.775657 1.898772
v 2.564000 1.019060 -3.884531
v 2.564000 1.019059 1.874084
v 2.620481 0.986450 -3.884531
v 2.620481 0.986450 1.874084
v 2.653091 0.929968 -3.884531
v 2.653091 0.929968 1.874084
v 2.653091 0.864749 -3.884531
v 2.653091 0.864748 1.874084
v 2.620481 0.808267 -3.884531
v 2.620481 0.808267 1.874084
v 2.564000 0.775657 -3.884531
v 2.564000 0.775657 1.874084
v 2.498780 0.775657 -3.884531
v 2.498780 0.775657 1.874084
v 2.442299 0.808267 -3.884531
v 2.442299 0.808267 1.874084
v 2.409689 0.864749 -3.884531
v 2.409689 0.864748 1.874084
v 2.409689 0.929968 -3.884531
v 2.409689 0.929968 1.874084
v 2.442299 0.986450 -3.884531
v 2.442299 0.986450 1.874084
v 2.498780 1.019060 -3.884531
v 2.498780 1.019059 1.874084
v 2.564000 1.262462 -3.852468
v 2.564000 1.262462 1.898772
v 2.620481 1.229852 -3.852468
v 2.620481 1.229852 1.898772
v 2.653091 1.173370 -3.852468
v 2.653091 1.173370 1.898772
v 2.653091 1.108151 -3.852468
v 2.653091 1.108151 1.898772
v 2.620481 1.051669 -3.852468
v 2.620481 1.051669 1.898772
v 2.564000 1.019060 -3.852468
v 2.564000 1.019059 1.898772
v 2.498780 1.019060 -3.852468
v 2.498780 1.019059 1.898772
v 2.442299 1.051669 -3.852468
v 2.442299 1.051669 1.898772
v 2.409689 1.108151 -3.852468
v 2.409689 1.108151 1.898772
v 2.409689 1.173370 -3.852468
v 2.409689 1.173370 1.898772
v 2.442299 1.229852 -3.852468
v 2.442299 1.229852 1.898772
v 2.498780 1.262462 -3.852468
v 2.498780 1.262462 1.898772
v 2.564000 1.505864 -3.900947
v 2.564000 1.505864 1.929228
v 2.620481 1.473255 -3.900947
v 2.620481 1.473254 1.929228
v 2.653091 1.416773 -3.900947
v 2.653091 1.416773 1.929228
v 2.653091 1.351553 -3.900947
v 2.653091 1.351553 1.929228
v 2.620481 1.295072 -3.900947
v 2.620481 1.295072 1.929228
v 2.564000 1.262462 -3.900947
v 2.564000 1.262462 1.929228
v 2.498780 1.262462 -3.900947
v 2.498780 1.262462 1.929228
v 2.442299 1.295072 -3.900947
v 2.442299 1.295072 1.929228
v 2.409689 1.351553 -3.900947
v 2.409689 1.351553 1.929228
v 2.409689 1.416773 -3.900947
v 2.409689 1.416773 1.929228
v 2.442299 1.473255 -3.900947
v 2.442299 1.473254 1.929228
v 2.498780 1.505864 -3.900947
v 2.498780 1.505864 1.929228
v 2.564000 1.749267 -3.852468
v 2.564000 1.749267 1.951144
v 2.620481 1.716657 -3.852468
v 2.620481 1.716657 1.951144
v 2.653091 1.660175 -3.852468
v 2.653091 1.660175 1.951144
v 2.653091 1.594956 -3.852468
v 2.653091 1.594956 1.951144
v 2.620481 1.538474 -3.852468
v 2.620481 1.538474 1.951144
v 2.564000 1.505864 -3.852468
v 2.564000 1.505864 1.951144
v 2.498780 1.505864 -3.852468
v 2.498780 1.505864 1.951144
v 2.442299 1.538474 -3.852468
v 2.442299 1.538474 1.951144
v 2.409689 1.594956 -3.852468
v 2.409689 1.594956 1.951144
v 2.409689 1.660175 -3.852468
v 2.409689 1.660175 1.951144
v 2.442299 1.716657 -3.852468
v 2.442299 1.716657 1.951144
v 2.498780 1.749267 -3.852468
v 2.498780 1.749267 1.951144
v 2.564000 1.992669 -3.874075
v 2.564000 1.992669 1.925673
v 2.620481 1.960059 -3.874075
v 2.620481 1.960059 1.925673
v 2.653091 1.903578 -3.874075
v 2.653091 1.903577 1.925673
v 2.653091 1.838358 -3.874075
v 2.653091 1.838358 1.925673
v 2.620481 1.781876 -3.874075
v 2.620481 1.781876 1.925673
v 2.564000 1.749267 -3.874075
v 2.564000 1.749267 1.925673
v 2.498780 1.749267 -3.874075
v 2.498780 1.749267 1.925673
v 2.442299 1.781876 -3.874075
v 2.442299 1.781876 1.925673
v 2.409689 1.838358 -3.874075
v 2.409689 1.838358 1.925673
v 2.409689 1.903578 -3.874075
v 2.409689 1.903577 1.925673
v 2.442299 1.960059 -3.874075
v 2.442299 1.960059 1.925673
v 2.498780 1.992669 -3.874075
v 2.498780 1.992669 1.925673
v 2.564000 2.236071 -3.852468
v 2.564000 2.236071 1.898772
v 2.620481 2.203462 -3.852468
v 2.620481 2.203461 1.898772
v 2.653091 2.146980 -3.852468
v 2.653091 2.146980 1.898772
v 2.653091 2.081760 -3.852468
v 2.653091 2.081760 1.898772
v 2.620481 2.025279 -3.852468
v 2.620481 2.025279 1.898772
v 2.564000 1.992669 -3.852468
v 2.564000 1.992669 1.898772
v 2.498780 1.992669 -3.852468
v 2.498780 1.992669 1.898772
v 2.442299 2.025279 -3.852468
v 2.442299 2.025279 1.898772
v 2.409689 2.081760 -3.852468
v 2.409689 2.081760 1.898772
v 2.409689 2.146980 -3.852468
v 2.409689 2.146980 1.898772
v 2.442299 2.203462 -3.852468
v 2.442299 2.203461 1.898772
v 2.498780 2.236071 -3.852468
v 2.498780 2.232300 1.898772
v -3.982785 0.532255 -3.877090
v -3.982785 0.532255 1.912894
v -4.039267 0.499645 -3.877090
v -4.039267 0.499645 1.912894
v -4.071877 0.443164 -3.877090
v -4.071877 0.443163 1.912894
v -4.071877 0.377944 -3.877090
v -4.071877 0.377944 1.912894
v -4.039267 0.321462 -3.877090
v -4.039267 0.321462 1.912894
v -3.982785 0.288853 -3.877090
v -3.982785 0.288852 1.912894
v -3.917565 0.288853 -3.877090
v -3.917565 0.288852 1.912894
v -3.861084 0.321462 -3.877090
v -3.861083 0.321462 1.912894
v -3.828474 0.377944 -3.877090
v -3.828474 0.377944 1.912894
v -3.828474 0.443164 -3.877090
v -3.828474 0.443163 1.912894
v -3.861084 0.499645 -3.877090
v -3.861083 0.499645 1.912894
v -3.917565 0.532255 -3.877090
v -3.917565 0.532255 1.912894
v -3.982785 0.775657 -3.850219
v -3.982785 0.775657 1.965879
v -4.039267 0.743047 -3.850219
v -4.039267 0.743047 1.965879
v -4.071877 0.686566 -3.850219
v -4.071877 0.686566 1.965879
v -4.071877 0.621346 -3.850219
v -4.071877 0.621346 1.965879
v -4.039267 0.564865 -3.850219
v -4.039267 0.564865 1.965879
v -3.982785 0.532255 -3.850219
v -3.982785 0.532255 1.965879
v -3.917565 0.532255 -3.850219
v -3.917565 0.532255 1.965879
v -3.861084 0.564865 -3.850219
v -3.861083 0.564865 1.965879
v -3.828474 0.621346 -3.850219
v -3.828474 0.621346 1.965879
v -3.828474 0.686566 -3.850219
v -3.828474 0.686566 1.965879
v -3.861084 0.743047 -3.850219
v -3.861083 0.743047 1.965879
v -3.917565 0.775657 -3.850219
v -3.917565 0.775657 1.965879
v -3.982785 1.019060 -3.874327
v -3.982785 1.019059 1.953381
v -4.039267 0.986450 -3.874327
v -4.039267 0.986450 1.953381
v -4.071877 0.929968 -3.874327
v -4.071877 0.929968 1.953381
v -4.071877 0.864749 -3.874327
v -4.071877 0.864748 1.953381
v -4.039267 0.808267 -3.874327
v -4.039267 0.808267 1.953381
v -3.982785 0.775657 -3.874327
v -3.982785 0.775657 1.953381
v -3.917565 0.775657 -3.874327
v -3.917565 0.775657 1.953381
v -3.861084 0.808267 -3.874327
v -3.861083 0.808267 1.953381
v -3.828474 0.864749 -3.874327
v -3.828474 0.864748 1.953381
v -3.828474 0.929968 -3.874327
v -3.828474 0.929968 1.953381
v -3.861084 0.986450 -3.874327
v -3.861083 0.986450 1.953381
v -3.917565 1.019060 -3.874327
v -3.917565 1.019059 1.953381
v -3.982785 1.262462 -3.856311
v -3.982785 1.262462 1.965879
v -4.039267 1.229852 -3.856311
v -4.039267 1.229852 1.965879
v -4.071877 1.173370 -3.856311
v -4.071877 1.173370 1.965879
v -4.071877 1.108151 -3.856311
v -4.071877 1.108151 1.965879
v -4.039267 1.051669 -3.856311
v -4.039267 1.051669 1.965879
v -3.982785 1.019060 -3.856311
v -3.982785 1.019059 1.965879
v -3.917565 1.019060 -3.856311
v -3.917565 1.019059 1.965879
v -3.861084 1.051669 -3.856311
v -3.861083 1.051669 1.965879
v -3.828474 1.108151 -3.856311
v -3.828474 1.108151 1.965879
v -3.828474 1.173370 -3.856311
v -3.828474 1.173370 1.965879
v -3.861084 1.229852 -3.856311
v -3.861083 1.229852 1.965879
v -3.917565 1.262462 -3.856311
v -3.917565 1.262462 1.965879
v -3.982785 1.505864 -3.874327
v -3.982785 1.505864 1.911805
v -4.039267 1.473255 -3.874327
v -4.039267 1.473254 1.911805
v -4.071877 1.416773 -3.874327
v -4.071877 1.416773 1.911805
v -4.071877 1.351553 -3.874327
v -4.071877 1.351553 1.911805
v -4.039267 1.295072 -3.874327
v -4.039267 1.295072 1.911805
v -3.982785 1.262462 -3.874327
v -3.982785 1.262462 1.911805
v -3.917565 1.262462 -3.874327
v -3.917565 1.262462 1.911805
v -3.861084 1.295072 -3.874327
v -3.861083 1.295072 1.911805
v -3.828474 1.351553 -3.874327
v -3.828474 1.351553 1.911805
v -3.828474 1.416773 -3.874327
v -3.828474 1.416773 1.911805
v -3.861084 1.473255 -3.874327
v -3.861083 1.473254 1.911805
v -3.917565 1.505864 -3.874327
v -3.917565 1.505864 1.911805
v -3.982785 1.749267 -3.895562
v -3.982785 1.749267 1.965879
v -4.039267 1.716657 -3.895562
v -4.039267 1.716657 1.965879
v -4.071877 1.660175 -3.895562
v -4.071877 1.660175 1.965879
v -4.071877 1.594956 -3.895562
v -4.071877 1.594956 1.965879
v -4.039267 1.538474 -3.895562
v -4.039267 1.538474 1.965879
v -3.982785 1.505864 -3.895562
v -3.982785 1.505864 1.965879
v -3.917565 1.505864 -3.895562
v -3.917565 1.505864 1.965879
v -3.861084 1.538474 -3.895562
v -3.861083 1.538474 1.965879
v -3.828474 1.594956 -3.895562
v -3.828474 1.594956 1.965879
v -3.828474 1.660175 -3.895562
v -3.828474 1.660175 1.965879
v -3.861084 1.716657 -3.895562
v -3.861083 1.716657 1.965879
v -3.917565 1.749267 -3.895562
v -3.917565 1.749267 1.965879
v -3.982785 1.992669 -3.879767
v -3.982785 1.992669 1.925673
v -4.039267 1.960059 -3.879767
v -4.039267 1.960059 1.925673
v -4.071877 1.903578 -3.879767
v -4.071877 1.903577 1.925673
v -4.071877 1.838358 -3.879767
v -4.071877 1.838358 1.925673
v -4.039267 1.781876 -3.879767
v -4.039267 1.781876 1.925673
v -3.982785 1.749267 -3.879767
v -3.982785 1.749267 1.925673
v -3.917565 1.749267 -3.879767
v -3.917565 1.749267 1.925673
v -3.861084 1.781876 -3.879767
v -3.861083 1.781876 1.925673
v -3.828474 1.838358 -3.879767
v -3.828474 1.838358 1.925673
v -3.828474 1.903578 -3.879767
v -3.828474 1.903577 1.925673
v -3.861084 1.960059 -3.879767
v -3.861083 1.960059 1.925673
v -3.917565 1.992669 -3.879767
v -3.917565 1.992669 1.925673
v -3.982785 2.236071 -3.855689
v -3.982785 2.236071 1.965879
v -4.039267 2.203462 -3.855689
v -4.039267 2.203461 1.965879
v -4.071877 2.146980 -3.855689
v -4.071877 2.146980 1.965879
v -4.071877 2.081760 -3.855689
v -4.071877 2.081760 1.965879
v -4.039267 2.025279 -3.855689
v -4.039267 2.025279 1.965879
v -3.982785 1.992669 -3.855689
v -3.982785 1.992669 1.965879
v -3.917565 1.992669 -3.855689
v -3.917565 1.992669 1.965879
v -3.861084 2.025279 -3.855689
v -3.861083 2.025279 1.965879
v -3.828474 2.081760 -3.855689
v -3.828474 2.081760 1.965879
v -3.828474 2.146980 -3.855689
v -3.828474 2.146980 1.965879
v -3.861084 2.203462 -3.855689
v -3.861083 2.203461 1.965879
v -3.917565 2.236071 -3.855689
v -3.917565 2.236071 1.965879
v 2.653091 1.838358 0.230345
v 2.653091 1.903577 0.230345
v 2.653091 2.146980 0.230345
v 2.620481 2.203462 0.230345
v 2.653091 2.081760 0.230345
v 2.653091 1.416773 0.230345
v 2.620481 1.960059 0.230345
v 2.620481 1.473254 0.230345
v 2.653091 1.351553 0.230345
v 2.620481 1.781876 0.230345
v 2.653091 1.660175 0.230345
v 2.653091 1.594956 0.230345
v 2.620481 2.025279 0.230345
v 2.620481 1.716657 0.230345
v 2.564000 1.992669 0.230345
v 2.620481 1.538474 0.230345
v 2.564000 1.749267 0.230345
v 2.498780 1.749267 0.230345
v 2.442299 1.960059 0.230345
v 2.498780 1.992669 0.230345
v 2.442299 2.025279 0.230345
v 2.409689 1.903577 0.230345
v 2.442299 2.203462 0.230345
v 2.409689 2.081760 0.230345
v 2.409689 2.146980 0.230345
v 2.409689 1.860910 0.230345
v 2.620481 1.229852 0.230345
v 2.653091 0.443163 0.230345
v 2.653091 0.686566 0.230345
v 2.620481 0.499645 0.230345
v 2.653091 0.621346 0.230345
v 2.653091 1.108151 0.230345
v 2.653091 1.173370 0.230345
v 2.653091 0.377944 0.230345
v 2.620481 0.743047 0.230345
v 2.653091 0.929968 0.230345
v 2.620481 0.986450 0.230345
v 2.620481 0.564865 0.230345
v 2.620481 1.295072 0.230345
v 2.620481 0.808267 0.230345
v 2.653091 0.864748 0.230345
v 2.635805 0.348004 0.230345
v 2.620481 1.051669 0.230345
v 2.564000 1.262462 0.230345
v 2.564000 1.019059 0.230345
v 2.564000 0.532255 0.230345
v 2.564000 1.505864 0.230345
v 2.498780 1.262462 0.230345
v 2.498780 1.019059 0.230345
v 2.564000 0.775657 0.230345
v 2.442299 0.808267 0.230345
v 2.498780 0.532255 0.230345
v 2.498780 1.505864 0.230345
v 2.442299 1.473254 0.230345
v 2.498780 0.775657 0.230345
v 2.442299 0.564865 0.230345
v 2.442299 0.499645 0.230345
v 2.442299 1.229852 0.230345
v 2.442299 1.538474 0.230345
v 2.409689 0.929968 0.230345
v 2.409689 0.864748 0.230345
v 2.442299 1.295072 0.230345
v 2.409689 1.594956 0.230345
v 2.442299 1.781876 0.230345
v 2.409689 1.660175 0.230345
v 2.409689 1.173370 0.230345
v 2.442299 0.986450 0.230345
v 2.442299 1.051669 0.230345
v 2.409689 0.443163 0.230345
v 2.409689 1.416773 0.230345
v 2.409689 1.838358 0.230345
v 2.442299 0.743047 0.230345
v 2.409689 0.686566 0.230345
v 2.442299 1.716657 0.230345
v 2.409689 1.351553 0.230345
v 2.409689 1.108151 0.230345
v 2.430933 0.341148 0.230345
v 2.409689 0.377944 0.230345
v 2.409689 0.621346 0.230345
v 2.653091 1.838358 -1.022596
v 2.653091 1.903577 -1.022596
v 2.653091 2.146980 -1.022596
v 2.620481 2.203462 -1.022596
v 2.653091 2.081760 -1.022596
v 2.620481 1.960059 -1.022596
v 2.620481 1.473255 -1.022596
v 2.620481 1.781876 -1.022596
v 2.653091 1.660175 -1.022596
v 2.653091 1.594956 -1.022596
v 2.620481 2.025279 -1.022596
v 2.620481 1.716657 -1.022596
v 2.564000 1.262462 -1.022596
v 2.620481 1.538474 -1.022596
v 2.564000 1.505864 -1.022596
v 2.564000 1.749267 -1.022596
v 2.498780 1.262462 -1.022596
v 2.564000 1.992669 -1.022596
v 2.498780 1.992669 -1.022596
v 2.498780 1.749267 -1.022596
v 2.498780 1.505864 -1.022596
v 2.442299 1.473255 -1.022596
v 2.442299 1.960059 -1.022596
v 2.442299 1.229852 -1.022596
v 2.442299 1.538474 -1.022596
v 2.409689 0.929968 -1.022596
v 2.442299 2.025279 -1.022596
v 2.442299 1.295072 -1.022596
v 2.409689 1.594956 -1.022596
v 2.409689 1.903577 -1.022596
v 2.442299 2.203462 -1.022596
v 2.442299 1.781876 -1.022596
v 2.409689 1.660175 -1.022596
v 2.409689 1.173370 -1.022596
v 2.409689 2.081760 -1.022596
v 2.442299 0.986450 -1.022596
v 2.409689 2.146980 -1.022596
v 2.442299 1.051669 -1.022596
v 2.409689 1.416773 -1.022596
v 2.409689 1.838358 -1.022596
v 2.442299 1.716657 -1.022596
v 2.409689 1.351553 -1.022596
v 2.409689 1.108151 -1.022596
v 2.409689 0.912293 -1.022596
v 2.620481 1.229852 -1.022596
v 2.653091 0.443163 -1.022596
v 2.653091 0.686566 -1.022596
v 2.620481 0.499645 -1.022596
v 2.653091 0.621346 -1.022596
v 2.653091 1.108151 -1.022596
v 2.653091 1.173370 -1.022596
v 2.653091 1.416773 -1.022596
v 2.653091 1.351553 -1.022596
v 2.653091 0.377944 -1.022596
v 2.620481 0.743047 -1.022596
v 2.653091 0.929968 -1.022596
v 2.620481 0.986450 -1.022596
v 2.620481 0.564865 -1.022596
v 2.620481 1.295072 -1.022596
v 2.620481 0.808267 -1.022596
v 2.653091 0.864749 -1.022596
v 2.626382 0.331682 -1.022596
v 2.620481 1.051669 -1.022596
v 2.564000 0.532255 -1.022596
v 2.498780 1.019059 -1.022596
v 2.564000 1.019059 -1.022596
v 2.564000 0.775657 -1.022596
v 2.442299 0.808267 -1.022596
v 2.498780 0.775657 -1.022596
v 2.498780 0.532255 -1.022596
v 2.442299 0.564865 -1.022596
v 2.442299 0.499645 -1.022596
v 2.409689 0.864749 -1.022596
v 2.436399 0.331682 -1.022596
v 2.409689 0.443163 -1.022596
v 2.442299 0.743047 -1.022596
v 2.409689 0.686566 -1.022596
v 2.409689 0.377944 -1.022596
v 2.409689 0.621346 -1.022596
v 2.833028 0.651039 1.731185
v -4.207999 0.651039 1.731184
v 2.833028 0.618430 1.787667
v -4.207999 0.618430 1.787666
v 2.833028 0.561948 1.820276
v -4.207999 0.561948 1.820276
v 2.833028 0.496729 1.820276
v -4.207999 0.496728 1.820276
v 2.833028 0.440247 1.787667
v -4.207999 0.440247 1.787666
v 2.833028 0.407637 1.731185
v -4.207999 0.407637 1.731184
v 2.833028 0.407637 1.665966
v -4.207999 0.407637 1.665965
v 2.833028 0.440247 1.609484
v -4.207999 0.440247 1.609483
v 2.833028 0.496729 1.576874
v -4.207999 0.496728 1.576874
v 2.833028 0.561948 1.576874
v -4.207999 0.561948 1.576874
v 2.833028 0.618430 1.609484
v -4.207999 0.618430 1.609483
v 2.833028 0.651039 1.665966
v -4.207999 0.651039 1.665965
v 2.778981 0.894442 1.731185
v -4.177737 0.894442 1.731184
v 2.778981 0.861832 1.787667
v -4.177737 0.861832 1.787666
v 2.778981 0.805350 1.820276
v -4.177737 0.805350 1.820276
v 2.778981 0.740131 1.820276
v -4.177737 0.740131 1.820276
v 2.778981 0.683649 1.787667
v -4.177737 0.683649 1.787666
v 2.778981 0.651039 1.731185
v -4.177737 0.651039 1.731184
v 2.778981 0.651039 1.665966
v -4.177737 0.651039 1.665965
v 2.778981 0.683649 1.609484
v -4.177737 0.683649 1.609483
v 2.778981 0.740131 1.576874
v -4.177737 0.740131 1.576874
v 2.778981 0.805350 1.576874
v -4.177737 0.805350 1.576874
v 2.778981 0.861832 1.609484
v -4.177737 0.861832 1.609483
v 2.778981 0.894442 1.665966
v -4.177737 0.894442 1.665965
v 2.807585 1.137844 1.731185
v -4.212776 1.137844 1.731184
v 2.807585 1.105234 1.787667
v -4.212776 1.105234 1.787666
v 2.807585 1.048753 1.820276
v -4.212776 1.048752 1.820276
v 2.807585 0.983533 1.820276
v -4.212776 0.983533 1.820276
v 2.807585 0.927051 1.787667
v -4.212776 0.927051 1.787666
v 2.807585 0.894442 1.731185
v -4.212776 0.894442 1.731184
v 2.807585 0.894442 1.665966
v -4.212776 0.894442 1.665965
v 2.807585 0.927051 1.609484
v -4.212776 0.927051 1.609483
v 2.807585 0.983533 1.576874
v -4.212776 0.983533 1.576874
v 2.807585 1.048753 1.576874
v -4.212776 1.048752 1.576874
v 2.807585 1.105234 1.609484
v -4.212776 1.105234 1.609483
v 2.807585 1.137844 1.665966
v -4.212776 1.137844 1.665965
v 2.826597 1.381246 1.731185
v -4.177737 1.381246 1.731184
v 2.826597 1.348637 1.787667
v -4.177737 1.348636 1.787666
v 2.826597 1.292155 1.820276
v -4.177737 1.292155 1.820276
v 2.826597 1.226935 1.820276
v -4.177737 1.226935 1.820276
v 2.826597 1.170454 1.787667
v -4.177737 1.170454 1.787666
v 2.826597 1.137844 1.731185
v -4.177737 1.137844 1.731184
v 2.826597 1.137844 1.665966
v -4.177737 1.137844 1.665965
v 2.826597 1.170454 1.609484
v -4.177737 1.170454 1.609483
v 2.826597 1.226935 1.576874
v -4.177737 1.226935 1.576874
v 2.826597 1.292155 1.576874
v -4.177737 1.292155 1.576874
v 2.826597 1.348637 1.609484
v -4.177737 1.348636 1.609483
v 2.826597 1.381246 1.665966
v -4.177737 1.381246 1.665965
v 2.784657 0.407637 1.731185
v -4.177737 0.407637 1.731184
v 2.784657 0.375027 1.787667
v -4.177737 0.375027 1.787666
v 2.784657 0.318546 1.820276
v -4.177737 0.318546 1.820276
v 2.784657 0.318546 1.576874
v -4.177737 0.318546 1.576874
v 2.784657 0.375027 1.609484
v -4.177737 0.375027 1.609483
v 2.784657 0.407637 1.665966
v -4.177737 0.407637 1.665965
v 2.784657 1.868051 1.731185
v -4.177737 1.868050 1.731184
v 2.784657 1.835441 1.787667
v -4.177737 1.835441 1.787666
v 2.784657 1.778959 1.820276
v -4.177737 1.778959 1.820276
v 2.784657 1.713740 1.820276
v -4.177737 1.713740 1.820276
v 2.784657 1.657258 1.787667
v -4.177737 1.657258 1.787666
v 2.784657 1.624648 1.731185
v -4.177737 1.624648 1.731184
v 2.784657 1.624648 1.665966
v -4.177737 1.624648 1.665965
v 2.784657 1.657258 1.609484
v -4.177737 1.657258 1.609483
v 2.784657 1.713740 1.576874
v -4.177737 1.713740 1.576874
v 2.784657 1.778959 1.576874
v -4.177737 1.778959 1.576874
v 2.784657 1.835441 1.609484
v -4.177737 1.835441 1.609483
v 2.784657 1.868051 1.665966
v -4.177737 1.868050 1.665965
v 2.807585 2.111453 1.731185
v -4.203466 2.111453 1.731184
v 2.807585 2.078843 1.787667
v -4.203466 2.078843 1.787666
v 2.807585 2.022362 1.820276
v -4.203466 2.022362 1.820276
v 2.807585 1.957142 1.820276
v -4.203466 1.957142 1.820276
v 2.807585 1.900660 1.787667
v -4.203466 1.900660 1.787666
v 2.807585 1.868051 1.731185
v -4.203466 1.868050 1.731184
v 2.807585 1.868051 1.665966
v -4.203466 1.868050 1.665965
v 2.807585 1.900660 1.609484
v -4.203466 1.900660 1.609483
v 2.807585 1.957142 1.576874
v -4.203466 1.957142 1.576874
v 2.807585 2.022362 1.576874
v -4.203466 2.022362 1.576874
v 2.807585 2.078843 1.609484
v -4.203466 2.078843 1.609483
v 2.807585 2.111453 1.665966
v -4.203466 2.111453 1.665965
v 2.784657 2.354855 1.731185
v -4.177737 2.354855 1.731184
v 2.784657 2.322246 1.787667
v -4.177737 2.322245 1.787666
v 2.784657 2.265764 1.820276
v -4.177737 2.265764 1.820276
v 2.784657 2.200544 1.820276
v -4.177737 2.200544 1.820276
v 2.784657 2.144063 1.787667
v -4.177737 2.144063 1.787666
v 2.784657 2.111453 1.731185
v -4.177737 2.111453 1.731184
v 2.784657 2.111453 1.665966
v -4.177737 2.111453 1.665965
v 2.784657 2.144063 1.609484
v -4.177737 2.144063 1.609483
v 2.784657 2.200544 1.576874
v -4.177737 2.200544 1.576874
v 2.784657 2.265764 1.576874
v -4.177737 2.265764 1.576874
v 2.784657 2.322246 1.609484
v -4.177737 2.322245 1.609483
v 2.784657 2.354855 1.665966
v -4.177737 2.354855 1.665965
v 2.807585 1.624648 1.731185
v -4.220696 1.624648 1.731184
v 2.807585 1.592039 1.787667
v -4.220696 1.592039 1.787666
v 2.807585 1.535557 1.820276
v -4.220696 1.535557 1.820276
v 2.807585 1.470338 1.820276
v -4.220696 1.470337 1.820276
v 2.807585 1.413856 1.787667
v -4.220696 1.413856 1.787666
v 2.807585 1.381246 1.731185
v -4.220696 1.381246 1.731184
v 2.807585 1.381246 1.665966
v -4.220696 1.381246 1.665965
v 2.807585 1.413856 1.609484
v -4.220696 1.413856 1.609483
v 2.807585 1.470338 1.576874
v -4.220696 1.470337 1.576874
v 2.807585 1.535557 1.576874
v -4.220696 1.535557 1.576874
v 2.807585 1.592039 1.609484
v -4.220696 1.592039 1.609483
v 2.807585 1.624648 1.665966
v -4.220696 1.624648 1.665965
v 2.814106 0.651039 -3.718553
v -4.229408 0.651039 -3.718553
v 2.814106 0.618430 -3.775035
v -4.229408 0.618430 -3.775034
v 2.814106 0.561948 -3.807645
v -4.229408 0.561948 -3.807644
v 2.814106 0.496729 -3.807645
v -4.229408 0.496728 -3.807644
v 2.814106 0.440247 -3.775035
v -4.229408 0.440247 -3.775034
v 2.814106 0.407637 -3.718553
v -4.229408 0.407637 -3.718553
v 2.814106 0.407637 -3.653334
v -4.229408 0.407637 -3.653333
v 2.814106 0.440247 -3.596852
v -4.229408 0.440247 -3.596851
v 2.814106 0.496729 -3.564242
v -4.229408 0.496728 -3.564242
v 2.814106 0.561948 -3.564242
v -4.229408 0.561948 -3.564242
v 2.814106 0.618430 -3.596852
v -4.229408 0.618430 -3.596851
v 2.814106 0.651039 -3.653334
v -4.229408 0.651039 -3.653333
v 2.778401 0.894442 -3.718553
v -4.188431 0.894442 -3.718553
v 2.778401 0.861832 -3.775035
v -4.188431 0.861832 -3.775034
v 2.778401 0.805350 -3.807645
v -4.188431 0.805350 -3.807644
v 2.778401 0.740131 -3.807645
v -4.188431 0.740131 -3.807644
v 2.778401 0.683649 -3.775035
v -4.188431 0.683649 -3.775034
v 2.778401 0.651039 -3.718553
v -4.188431 0.651039 -3.718553
v 2.778401 0.651039 -3.653334
v -4.188431 0.651039 -3.653333
v 2.778401 0.683649 -3.596852
v -4.188431 0.683649 -3.596851
v 2.778401 0.740131 -3.564242
v -4.188431 0.740131 -3.564242
v 2.778401 0.805350 -3.564242
v -4.188431 0.805350 -3.564242
v 2.778401 0.861832 -3.596852
v -4.188431 0.861832 -3.596851
v 2.778401 0.894442 -3.653334
v -4.188431 0.894442 -3.653333
v 2.752925 1.137844 -3.718553
v -4.220696 1.137844 -3.718553
v 2.752925 1.105234 -3.775035
v -4.220696 1.105234 -3.775034
v 2.752925 1.048753 -3.807645
v -4.220696 1.048752 -3.807644
v 2.752925 0.983533 -3.807645
v -4.220696 0.983533 -3.807644
v 2.752925 0.927051 -3.775035
v -4.220696 0.927051 -3.775034
v 2.752925 0.894442 -3.718553
v -4.220696 0.894442 -3.718553
v 2.752925 0.894442 -3.653334
v -4.220696 0.894442 -3.653333
v 2.752925 0.927051 -3.596852
v -4.220696 0.927051 -3.596851
v 2.752925 0.983533 -3.564242
v -4.220696 0.983533 -3.564242
v 2.752925 1.048753 -3.564242
v -4.220696 1.048752 -3.564242
v 2.752925 1.105234 -3.596852
v -4.220696 1.105234 -3.596851
v 2.752925 1.137844 -3.653334
v -4.220696 1.137844 -3.653333
v 2.778401 1.381246 -3.718553
v -4.192367 1.381246 -3.718553
v 2.778401 1.348637 -3.775035
v -4.192367 1.348636 -3.775034
v 2.778401 1.292155 -3.807645
v -4.192367 1.292155 -3.807644
v 2.778401 1.226935 -3.807645
v -4.192367 1.226935 -3.807644
v 2.778401 1.170454 -3.775035
v -4.192367 1.170454 -3.775034
v 2.778401 1.137844 -3.718553
v -4.192367 1.137844 -3.718553
v 2.778401 1.137844 -3.653334
v -4.192367 1.137844 -3.653333
v 2.778401 1.170454 -3.596852
v -4.192367 1.170454 -3.596851
v 2.778401 1.226935 -3.564242
v -4.192367 1.226935 -3.564242
v 2.778401 1.292155 -3.564242
v -4.192367 1.292155 -3.564242
v 2.778401 1.348637 -3.596852
v -4.192367 1.348636 -3.596851
v 2.778401 1.381246 -3.653334
v -4.192367 1.381246 -3.653333
v 2.778401 0.407637 -3.718553
v -4.192367 0.407637 -3.718553
v 2.778401 0.375027 -3.775035
v -4.192367 0.375027 -3.775034
v 2.778401 0.318546 -3.807645
v -4.192367 0.318546 -3.807644
v 2.778401 0.318546 -3.564242
v -4.192367 0.318546 -3.564242
v 2.778401 0.375027 -3.596852
v -4.192367 0.375027 -3.596851
v 2.778401 0.407637 -3.653334
v -4.192367 0.407637 -3.653333
v 2.778401 1.868051 -3.718553
v -4.192367 1.868050 -3.718553
v 2.778401 1.835441 -3.775035
v -4.192367 1.835441 -3.775034
v 2.778401 1.778959 -3.807645
v -4.192367 1.778959 -3.807644
v 2.778401 1.713740 -3.807645
v -4.192367 1.713740 -3.807644
v 2.778401 1.657258 -3.775035
v -4.192367 1.657258 -3.775034
v 2.778401 1.624648 -3.718553
v -4.192367 1.624648 -3.718553
v 2.778401 1.624648 -3.653334
v -4.192367 1.624648 -3.653333
v 2.778401 1.657258 -3.596852
v -4.192367 1.657258 -3.596851
v 2.778401 1.713740 -3.564242
v -4.192367 1.713740 -3.564242
v 2.778401 1.778959 -3.564242
v -4.192367 1.778959 -3.564242
v 2.778401 1.835441 -3.596852
v -4.192367 1.835441 -3.596851
v 2.778401 1.868051 -3.653334
v -4.192367 1.868050 -3.653333
v 2.807585 2.111453 -3.718553
v -4.171469 2.111453 -3.718553
v 2.807585 2.078843 -3.775035
v -4.171469 2.078843 -3.775034
v 2.807585 2.022362 -3.807645
v -4.171469 2.022362 -3.807644
v 2.807585 1.957142 -3.807645
v -4.171469 1.957142 -3.807644
v 2.807585 1.900660 -3.775035
v -4.171469 1.900660 -3.775034
v 2.807585 1.868051 -3.718553
v -4.171469 1.868050 -3.718553
v 2.807585 1.868051 -3.653334
v -4.171469 1.868050 -3.653333
v 2.807585 1.900660 -3.596852
v -4.171469 1.900660 -3.596851
v 2.807585 1.957142 -3.564242
v -4.171469 1.957142 -3.564242
v 2.807585 2.022362 -3.564242
v -4.171469 2.022362 -3.564242
v 2.807585 2.078843 -3.596852
v -4.171469 2.078843 -3.596851
v 2.807585 2.111453 -3.653334
v -4.171469 2.111453 -3.653333
v 2.778401 2.354855 -3.718553
v -4.192367 2.354855 -3.718553
v 2.778401 2.322246 -3.775035
v -4.192367 2.322245 -3.775034
v 2.778401 2.265764 -3.807645
v -4.192367 2.265764 -3.807644
v 2.778401 2.200544 -3.807645
v -4.192367 2.200544 -3.807644
v 2.778401 2.144063 -3.775035
v -4.192367 2.144063 -3.775034
v 2.778401 2.111453 -3.718553
v -4.192367 2.111453 -3.718553
v 2.778401 2.111453 -3.653334
v -4.192367 2.111453 -3.653333
v 2.778401 2.144063 -3.596852
v -4.192367 2.144063 -3.596851
v 2.778401 2.200544 -3.564242
v -4.192367 2.200544 -3.564242
v 2.778401 2.265764 -3.564242
v -4.192367 2.265764 -3.564242
v 2.778401 2.322246 -3.596852
v -4.192367 2.322245 -3.596851
v 2.778401 2.354855 -3.653334
v -4.192367 2.354855 -3.653333
v 2.831612 1.624648 -3.718553
v -4.220696 1.622842 -3.711980
v 2.831613 1.592039 -3.775035
v -4.220696 1.590232 -3.768462
v 2.831613 1.535557 -3.807645
v -4.220696 1.533750 -3.801072
v 2.831613 1.470338 -3.807645
v -4.220696 1.468531 -3.801072
v 2.831613 1.413856 -3.775035
v -4.220696 1.412049 -3.768462
v 2.831612 1.381246 -3.718553
v -4.220696 1.379439 -3.711980
v 2.831612 1.381246 -3.653334
v -4.220696 1.379439 -3.646761
v 2.831612 1.413856 -3.596852
v -4.220696 1.412049 -3.590279
v 2.831612 1.470338 -3.564242
v -4.220696 1.468531 -3.557670
v 2.831612 1.535557 -3.564242
v -4.220696 1.533750 -3.557670
v 2.831612 1.592039 -3.596852
v -4.220696 1.590232 -3.590279
v 2.831612 1.624648 -3.653334
v -4.220696 1.622842 -3.646761
v 0.138469 2.186949 1.584723
v 0.138469 2.186949 1.812427
v 1.211521 2.186949 1.584723
v 1.211521 2.186949 1.812427
v 1.211521 1.592039 1.609484
v 1.211521 1.624648 1.731185
v 1.211521 1.470337 1.576874
v 1.211521 1.535557 1.576874
v 1.211521 1.446276 1.590766
v 1.211521 1.624648 1.665965
v 1.211521 1.713740 1.820276
v 1.211521 1.657258 1.787667
v 1.211521 1.900660 1.787667
v 1.211521 1.957142 1.820276
v 1.211521 1.835441 1.787667
v 1.211521 1.778959 1.820276
v 1.211521 1.446276 1.806385
v 1.211521 1.470337 1.820276
v 1.211521 1.535557 1.820276
v 1.211521 1.592039 1.787667
v 1.211521 2.022362 1.820276
v 1.211521 2.144063 1.609484
v 1.211521 2.111453 1.665965
v 1.211521 2.078843 1.609484
v 1.211521 2.111453 1.731185
v 1.211521 2.144063 1.787667
v 1.211521 1.657258 1.609484
v 1.211521 1.713740 1.576874
v 1.211521 1.900660 1.609484
v 1.211521 1.778959 1.576874
v 1.211521 1.868051 1.665965
v 1.211521 1.835441 1.609484
v 1.211521 1.868051 1.731185
v 1.211521 1.957142 1.576874
v 1.211521 2.022362 1.576874
v 1.211521 2.078843 1.787667
v 0.138469 1.446276 1.590765
v 0.138469 1.446276 1.806385
v 0.138469 2.144063 1.609484
v 0.138469 2.111453 1.665965
v 0.138469 2.078843 1.609484
v 0.138469 2.144063 1.787667
v 0.138469 2.111453 1.731185
v 0.138469 1.868051 1.731185
v 0.138469 1.713740 1.820276
v 0.138469 1.900660 1.787667
v 0.138469 1.957142 1.820276
v 0.138469 1.835441 1.787667
v 0.138469 1.778959 1.820276
v 0.138469 2.078843 1.787667
v 0.138469 2.022362 1.820276
v 0.138469 1.592039 1.609484
v 0.138469 1.470337 1.576874
v 0.138469 1.535557 1.576874
v 0.138469 1.624648 1.665965
v 0.138469 1.868051 1.665965
v 0.138469 1.657258 1.609484
v 0.138469 1.713740 1.576874
v 0.138469 1.900660 1.609484
v 0.138469 1.778959 1.576874
v 0.138469 1.835441 1.609484
v 0.138469 1.657258 1.787667
v 0.138469 1.624648 1.731185
v 0.138469 1.957142 1.576874
v 0.138469 2.022362 1.576874
v 0.138469 1.470337 1.820276
v 0.138469 1.535557 1.820276
v 0.138469 1.592039 1.787667
v -2.992613 2.211010 -3.564242
v -2.992613 2.211010 -3.807644
v -1.919562 2.211010 -3.564242
v -1.919562 2.211010 -3.807644
v -1.919561 1.868050 -3.653334
v -1.919561 1.713740 -3.564242
v -1.919561 1.657258 -3.596851
v -1.919561 1.778959 -3.564242
v -1.919561 1.835441 -3.596851
v -1.919561 1.900660 -3.596851
v -1.919561 1.957142 -3.564242
v -1.919561 1.624648 -3.718553
v -1.919561 1.470337 -3.807644
v -1.919561 1.535557 -3.807644
v -1.919561 1.657258 -3.775034
v -1.919561 1.592039 -3.775034
v -1.919561 1.535557 -3.564242
v -1.919561 1.592039 -3.596851
v -1.919561 1.624648 -3.653334
v -1.919562 1.463441 -3.568224
v -1.919561 1.470337 -3.564242
v -1.919562 1.463441 -3.803662
v -1.919561 1.900660 -3.775034
v -1.919561 2.111453 -3.653334
v -1.919561 2.078843 -3.596851
v -1.919561 2.022362 -3.564242
v -1.919561 2.111453 -3.718553
v -1.919561 1.957142 -3.807644
v -1.919561 2.022362 -3.807644
v -1.919561 1.778959 -3.807644
v -1.919561 1.713740 -3.807644
v -1.919561 2.200544 -3.564242
v -1.919561 1.868050 -3.718553
v -1.919561 2.200544 -3.807644
v -1.919561 2.144063 -3.596851
v -1.919561 2.078843 -3.775034
v -1.919561 2.144063 -3.775034
v -1.919561 1.835441 -3.775034
v -2.992613 1.463441 -3.568223
v -2.992613 1.463441 -3.803663
v -2.992613 2.111453 -3.653333
v -2.992613 2.078843 -3.596851
v -2.992613 1.713740 -3.564242
v -2.992613 2.022362 -3.564242
v -2.992613 1.778959 -3.564242
v -2.992613 1.868050 -3.653333
v -2.992613 1.835441 -3.596851
v -2.992613 1.900660 -3.596851
v -2.992613 1.957142 -3.564242
v -2.992613 2.200544 -3.564242
v -2.992613 2.200544 -3.807644
v -2.992613 2.111453 -3.718553
v -2.992613 2.144063 -3.596851
v -2.992613 2.078843 -3.775034
v -2.992613 2.144063 -3.775034
v -2.992613 1.900660 -3.775034
v -2.992613 1.957142 -3.807644
v -2.992613 1.657258 -3.596851
v -2.992613 2.022362 -3.807644
v -2.992613 1.470337 -3.807644
v -2.992613 1.535557 -3.807644
v -2.992613 1.778959 -3.807644
v -2.992613 1.713740 -3.807644
v -2.992613 1.657258 -3.775034
v -2.992613 1.868050 -3.718553
v -2.992613 1.592039 -3.775034
v -2.992613 1.624648 -3.718553
v -2.992613 1.535557 -3.564242
v -2.992613 1.592039 -3.596851
v -2.992613 1.624648 -3.653333
v -2.992613 1.470337 -3.564242
v -2.992613 1.835441 -3.775034
v 2.784656 0.288853 1.820276
v 2.784656 0.288853 1.576874
v 2.778401 0.288853 -3.807645
v -4.177737 0.288853 1.820276
v 2.778401 0.288853 -3.564242
v -0.392157 0.288853 -3.564242
v -4.192367 0.288853 -3.564242
v -0.392156 0.288853 -3.807645
v -4.192367 0.288853 -3.807644
v -4.177737 0.288853 1.576874
v 2.686429 2.432766 -1.022596
v 2.686430 2.432766 0.230345
v 2.703118 2.419144 -1.022596
v 2.703118 2.419144 0.230345
v 2.712753 2.395552 -1.022596
v 2.712754 2.395552 0.230345
v 2.712753 2.368310 -1.022596
v 2.712754 2.368310 0.230345
v 2.703118 2.344717 -1.022596
v 2.703118 2.344717 0.230345
v 2.686429 2.331096 -1.022596
v 2.686430 2.331096 0.230345
v 2.374683 2.432766 -1.022596
v 2.374684 2.432766 0.230345
v 2.357994 2.419144 -1.022596
v 2.357995 2.419144 0.230345
v 2.348359 2.395552 -1.022596
v 2.348360 2.395552 0.230345
v 2.348359 2.368310 -1.022596
v 2.348360 2.368310 0.230345
v 2.357994 2.344717 -1.022596
v 2.357995 2.344717 0.230345
v 2.374683 2.331096 -1.022596
v 2.374684 2.331096 0.230345
v 2.653090 0.343288 0.100821
v 2.653091 2.331096 0.100821
v 2.686657 0.343288 0.118174
v 2.686658 2.331096 0.118175
v 2.706037 0.343288 0.148231
v 2.706037 2.331096 0.148231
v 2.706037 0.343288 0.182936
v 2.706037 2.331096 0.182936
v 2.686657 0.343288 0.212992
v 2.686658 2.331096 0.212992
v 2.653091 0.343288 0.230345
v 2.653091 2.331096 0.230345
v 2.653090 0.331439 -1.022596
v 2.653091 2.331096 -1.022596
v 2.686657 0.331439 -1.005243
v 2.686658 2.331096 -1.005243
v 2.706037 0.331438 -0.975187
v 2.706037 2.331096 -0.975187
v 2.706037 0.331438 -0.940481
v 2.706037 2.331096 -0.940481
v 2.686657 0.331438 -0.910425
v 2.686658 2.331096 -0.910425
v 2.653091 0.331438 -0.893073
v 2.653091 2.331096 -0.893072
v 2.409737 0.343288 0.100821
v 2.409737 2.331096 0.100822
v 2.376170 0.343288 0.118174
v 2.376171 2.331096 0.118175
v 2.356791 0.343288 0.148231
v 2.356791 2.331096 0.148231
v 2.356791 0.343288 0.182936
v 2.356791 2.331096 0.182936
v 2.376170 0.343288 0.212992
v 2.376171 2.331096 0.212992
v 2.409737 0.343288 0.230345
v 2.409737 2.331096 0.230345
v 2.409736 0.331439 -1.022596
v 2.409737 2.331096 -1.022596
v 2.376169 0.331439 -1.005243
v 2.376170 2.331096 -1.005243
v 2.356790 0.331439 -0.975187
v 2.356791 2.331096 -0.975187
v 2.356790 0.331439 -0.940481
v 2.356791 2.331096 -0.940481
v 2.376170 0.331439 -0.910425
v 2.376170 2.331096 -0.910425
v 2.409736 0.331439 -0.893073
v 2.409737 2.331096 -0.893072
v 2.601033 2.554799 1.387466
v 2.601034 2.453514 1.562089
v 2.601033 2.554799 -3.373538
v 2.601034 2.453514 -3.548162
v 2.748558 2.556111 -3.374186
v 2.748558 2.556111 1.386818
v 2.748558 2.454827 1.561441
v 2.748558 2.454827 -3.548809
v -4.021198 2.556111 1.386818
v -4.021198 2.454827 1.561441
v -4.021198 2.556111 -3.374186
v -4.021198 2.454827 -3.548809
v -4.167284 2.556111 -3.374186
v -4.167284 2.556111 1.386818
v -4.167284 2.454827 1.561441
v -4.167284 2.454827 -3.548809
v -4.292519 2.194937 2.009514
v 2.861531 2.194937 2.009514
v 2.861531 3.936843 -0.993684
v -4.292519 3.936843 -0.993684
v -4.292519 2.263374 2.049780
v 2.861531 2.263374 2.049780
v 2.861531 4.005280 -0.953418
v -4.292519 4.005280 -0.953418
v -3.747004 2.194937 2.009514
v -3.737410 2.194937 2.009514
v -3.187098 2.194937 2.009514
v -2.646382 2.194937 2.009514
v -2.086475 2.194937 2.009514
v -1.545758 2.194937 2.009514
v -1.536164 2.194937 2.009514
v -0.985852 2.194937 2.009514
v -0.445135 2.194937 2.009514
v -0.435541 2.194937 2.009514
v 0.105176 2.194937 2.009514
v 0.114771 2.194937 2.009514
v 0.665082 2.194937 2.009514
v 1.205799 2.194937 2.009514
v 1.765705 2.194937 2.009514
v 2.306422 2.194937 2.009514
v 2.316017 2.194937 2.009514
v 2.316017 3.936843 -0.993684
v 2.306422 3.936843 -0.993684
v 1.765705 3.936843 -0.993684
v 1.205799 3.936843 -0.993684
v 0.665082 3.936843 -0.993684
v 0.114771 3.936843 -0.993684
v 0.105176 3.936843 -0.993684
v -0.435541 3.936843 -0.993684
v -0.445136 3.936843 -0.993684
v -0.985852 3.936843 -0.993684
v -1.536164 3.936843 -0.993684
v -1.545758 3.936843 -0.993684
v -2.086476 3.936843 -0.993684
v -2.646382 3.936843 -0.993684
v -3.187099 3.936843 -0.993684
v -3.737410 3.936843 -0.993684
v -3.747004 3.936843 -0.993684
v -3.737410 2.263374 2.049780
v -3.747004 2.263374 2.049780
v -3.196693 2.263374 2.049780
v -2.636787 2.263374 2.049780
v -2.646382 2.263374 2.049780
v -2.086475 2.263374 2.049780
v -2.096070 2.263374 2.049780
v -1.545758 2.263374 2.049780
v -0.985852 2.263374 2.049780
v -0.435541 2.263374 2.049780
v -0.445135 2.263374 2.049780
v 0.105176 2.263374 2.049780
v 0.655488 2.263374 2.049780
v 1.215394 2.263374 2.049780
v 1.205799 2.263374 2.049780
v 1.756111 2.263374 2.049780
v 2.316017 2.263374 2.049780
v 2.306422 2.263374 2.049780
v 2.306422 4.005280 -0.953418
v 2.316017 4.005280 -0.953418
v 1.756111 4.005280 -0.953418
v 1.205799 4.005280 -0.953418
v 1.215393 4.005280 -0.953418
v 0.655487 4.005280 -0.953418
v 0.105176 4.005280 -0.953418
v -0.445136 4.005280 -0.953418
v -0.435541 4.005280 -0.953418
v -0.985852 4.005280 -0.953418
v -1.545758 4.005280 -0.953418
v -2.096070 4.005280 -0.953418
v -2.086476 4.005280 -0.953418
v -2.646382 4.005280 -0.953418
v -2.636787 4.005280 -0.953418
v -3.196693 4.005280 -0.953418
v -3.747004 4.005280 -0.953418
v -3.737410 4.005280 -0.953418
v -3.169070 2.263374 2.049780
v -3.187098 2.247835 2.040637
v -1.518135 2.263374 2.049780
v -1.536164 2.247835 2.040637
v -0.995447 2.247835 2.040637
v -1.013476 2.263374 2.049780
v 0.132800 2.263374 2.049780
v 0.114771 2.247835 2.040637
v 0.683111 2.263374 2.049780
v 0.665082 2.247835 2.040637
v 1.783734 2.263374 2.049780
v 1.765705 2.247835 2.040637
v 1.765705 3.989741 -0.962561
v 1.783734 4.005280 -0.953418
v 0.665082 3.989741 -0.962561
v 0.683111 4.005280 -0.953418
v 0.114771 3.989741 -0.962561
v 0.132799 4.005280 -0.953418
v -1.013476 4.005280 -0.953418
v -0.995447 3.989741 -0.962561
v -1.536164 3.989741 -0.962561
v -1.518135 4.005280 -0.953418
v -3.187099 3.989741 -0.962561
v -3.169070 4.005280 -0.953418
v -3.228853 2.194937 2.009514
v -3.196693 2.222656 2.025823
v -2.636787 2.222656 2.025823
v -2.604627 2.194937 2.009514
v -2.128230 2.194937 2.009514
v -2.096070 2.222656 2.025823
v -1.027607 2.194937 2.009514
v -0.995447 2.222656 2.025823
v 0.623328 2.194937 2.009514
v 0.655488 2.222656 2.025823
v 1.215394 2.222656 2.025823
v 1.247553 2.194937 2.009514
v 1.723951 2.194937 2.009514
v 1.756111 2.222656 2.025823
v 1.756111 3.964561 -0.977376
v 1.723951 3.936843 -0.993684
v 1.247553 3.936843 -0.993684
v 1.215393 3.964561 -0.977376
v 0.655487 3.964561 -0.977376
v 0.623327 3.936843 -0.993684
v -0.995447 3.964561 -0.977376
v -1.027607 3.936843 -0.993684
v -2.096070 3.964561 -0.977376
v -2.128230 3.936843 -0.993684
v -2.604627 3.936843 -0.993684
v -2.636787 3.964561 -0.977376
v -3.196693 3.964561 -0.977376
v -3.228853 3.936843 -0.993684
v -4.292519 2.194937 -3.996881
v 2.861531 2.194937 -3.996881
v -4.292519 2.263374 -4.037148
v 2.861531 2.263374 -4.037148
v 2.861531 4.005280 -1.033949
v -4.292519 4.005280 -1.033949
v -3.747004 2.194937 -3.996881
v -3.737410 2.194937 -3.996881
v -3.187098 2.194937 -3.996881
v -2.646382 2.194937 -3.996881
v -2.086475 2.194937 -3.996881
v -1.545758 2.194937 -3.996881
v -1.536164 2.194937 -3.996881
v -0.985852 2.194937 -3.996881
v -0.445135 2.194937 -3.996881
v -0.435541 2.194937 -3.996881
v 0.105176 2.194937 -3.996881
v 0.114771 2.194937 -3.996881
v 0.665082 2.194937 -3.996881
v 1.205799 2.194937 -3.996881
v 1.765705 2.194937 -3.996881
v 2.306422 2.194937 -3.996881
v 2.316017 2.194937 -3.996881
v -3.737410 2.263374 -4.037148
v -3.747004 2.263374 -4.037148
v -3.196693 2.263374 -4.037148
v -2.636787 2.263374 -4.037148
v -2.646382 2.263374 -4.037148
v -2.086475 2.263374 -4.037148
v -2.096070 2.263374 -4.037148
v -1.545758 2.263374 -4.037148
v -0.985852 2.263374 -4.037148
v -0.435541 2.263374 -4.037148
v -0.445135 2.263374 -4.037148
v 0.105176 2.263374 -4.037148
v 0.655488 2.263374 -4.037148
v 1.215394 2.263374 -4.037148
v 1.205799 2.263374 -4.037148
v 1.756111 2.263374 -4.037148
v 2.316017 2.263374 -4.037148
v 2.306422 2.263374 -4.037148
v 2.306422 4.005280 -1.033949
v 2.316017 4.005280 -1.033949
v 1.756111 4.005280 -1.033949
v 1.205799 4.005280 -1.033949
v 1.215393 4.005280 -1.033949
v 0.655487 4.005280 -1.033949
v 0.105176 4.005280 -1.033949
v -0.445136 4.005280 -1.033949
v -0.435541 4.005280 -1.033949
v -0.985852 4.005280 -1.033949
v -1.545758 4.005280 -1.033949
v -2.096070 4.005280 -1.033949
v -2.086476 4.005280 -1.033949
v -2.646382 4.005280 -1.033949
v -2.636787 4.005280 -1.033949
v -3.196693 4.005280 -1.033949
v -3.747004 4.005280 -1.033949
v -3.737410 4.005280 -1.033949
v -3.169070 2.263374 -4.037148
v -3.187098 2.247835 -4.028004
v -1.518135 2.263374 -4.037148
v -1.536164 2.247835 -4.028004
v -0.995447 2.247835 -4.028004
v -1.013476 2.263374 -4.037148
v 0.132800 2.263374 -4.037148
v 0.114771 2.247835 -4.028004
v 0.683111 2.263374 -4.037148
v 0.665082 2.247835 -4.028004
v 1.783734 2.263374 -4.037148
v 1.765705 2.247835 -4.028004
v 1.765705 3.989741 -1.024807
v 1.783734 4.005280 -1.033949
v 0.665082 3.989741 -1.024807
v 0.683111 4.005280 -1.033949
v 0.114771 3.989741 -1.024807
v 0.132799 4.005280 -1.033949
v -1.013476 4.005280 -1.033949
v -0.995447 3.989741 -1.024807
v -1.536164 3.989741 -1.024807
v -1.518135 4.005280 -1.033949
v -3.187099 3.989741 -1.024807
v -3.169070 4.005280 -1.033949
v -3.228853 2.194937 -3.996881
v -3.196693 2.222656 -4.013190
v -2.636787 2.222656 -4.013190
v -2.604627 2.194937 -3.996881
v -2.128230 2.194937 -3.996881
v -2.096070 2.222656 -4.013190
v -1.027607 2.194937 -3.996881
v -0.995447 2.222656 -4.013190
v 0.623328 2.194937 -3.996881
v 0.655488 2.222656 -4.013190
v 1.215394 2.222656 -4.013190
v 1.247553 2.194937 -3.996881
v 1.723951 2.194937 -3.996881
v 1.756111 2.222656 -4.013190
v 1.756111 3.964561 -1.009992
v 1.215393 3.964561 -1.009992
v 0.655487 3.964561 -1.009992
v -0.995447 3.964561 -1.009992
v -2.096070 3.964561 -1.009992
v -2.636787 3.964561 -1.009992
v -3.196693 3.964561 -1.009992
v 2.941447 4.047447 -0.890516
v 2.941447 3.839332 -0.890516
v 2.941447 4.047447 -1.101521
v 2.941447 3.839332 -1.101521
v -4.372437 4.047446 -1.101521
v -4.372437 4.047446 -0.890516
v -4.372437 3.839331 -0.890516
v -4.372437 3.839331 -1.101521
v -4.219265 2.275054 3.984272
v 2.788277 2.275054 3.984272
v 2.788277 2.676711 1.325992
v -4.219265 2.676711 1.325993
v -4.219265 2.218529 3.975672
v 2.788277 2.218529 3.975672
v 2.788277 2.598277 1.461408
v -4.219265 2.598277 1.461408
v -3.747897 2.275054 3.984272
v -3.756294 2.275054 3.984272
v -3.280728 2.275054 3.984272
v -3.289124 2.275054 3.984272
v -2.813558 2.275054 3.984272
v -2.346389 2.275054 3.984272
v -2.354786 2.275054 3.984272
v -1.879219 2.275054 3.984272
v -1.887616 2.275054 3.984272
v -1.412050 2.275054 3.984272
v -1.420447 2.275054 3.984272
v -0.953277 2.275054 3.984272
v -0.477711 2.275054 3.984272
v -0.486108 2.275054 3.984272
v -0.018938 2.275054 3.984272
v 0.456628 2.275054 3.984272
v 0.448231 2.275054 3.984272
v 0.923798 2.275054 3.984272
v 0.915401 2.275054 3.984272
v 1.382570 2.275054 3.984272
v 1.858137 2.275054 3.984272
v 2.325306 2.275054 3.984272
v 2.316909 2.275054 3.984272
v 2.316909 2.676711 1.325992
v 2.325306 2.676711 1.325992
v 1.858137 2.676711 1.325992
v 1.382570 2.676711 1.325992
v 0.915401 2.676711 1.325992
v 0.923798 2.676711 1.325992
v 0.448231 2.676711 1.325992
v 0.456628 2.676711 1.325992
v -0.018938 2.676711 1.325992
v -0.486108 2.676711 1.325992
v -0.477711 2.676711 1.325992
v -0.953277 2.676711 1.325992
v -1.420447 2.676711 1.325993
v -1.412050 2.676711 1.325993
v -1.887616 2.676711 1.325993
v -1.879219 2.676711 1.325993
v -2.354786 2.676711 1.325993
v -2.346389 2.676711 1.325993
v -2.813558 2.676711 1.325993
v -3.289124 2.676711 1.325993
v -3.280728 2.676711 1.325993
v -3.756294 2.676711 1.325993
v -3.747897 2.676711 1.325993
v -3.756294 2.218529 3.975672
v -3.747897 2.218529 3.975672
v -3.289124 2.218529 3.975672
v -2.821955 2.218529 3.975672
v -2.354786 2.218529 3.975672
v -2.346389 2.218529 3.975672
v -1.887616 2.218529 3.975672
v -1.412050 2.218529 3.975672
v -0.953277 2.218529 3.975672
v -0.944880 2.218529 3.975672
v -0.486108 2.218529 3.975672
v -0.477711 2.218529 3.975672
v -0.018938 2.218529 3.975672
v 0.456628 2.218529 3.975672
v 0.915401 2.218529 3.975672
v 0.923798 2.218529 3.975672
v 1.382570 2.218529 3.975672
v 1.390967 2.218529 3.975672
v 1.849740 2.218529 3.975672
v 2.316909 2.218529 3.975672
v 2.325306 2.218529 3.975672
v 2.325306 2.598277 1.461408
v 2.316909 2.598277 1.461408
v 1.849740 2.598277 1.461408
v 1.390967 2.598277 1.461408
v 1.382570 2.598277 1.461408
v 0.923798 2.598277 1.461408
v 0.915401 2.598277 1.461408
v 0.456628 2.598277 1.461408
v -0.018938 2.598277 1.461408
v -0.477711 2.598277 1.461408
v -0.486108 2.598277 1.461408
v -0.944880 2.598277 1.461408
v -0.953277 2.598277 1.461408
v -1.412050 2.598277 1.461408
v -1.887616 2.598277 1.461408
v -2.346389 2.598277 1.461408
v -2.354786 2.598277 1.461408
v -2.821955 2.598277 1.461408
v -3.289124 2.598277 1.461408
v -3.747897 2.598277 1.461408
v -3.756294 2.598277 1.461408
v -2.821955 2.262830 3.982412
v -2.834320 2.275054 3.984272
v -0.932515 2.275054 3.984272
v -0.944880 2.262830 3.982412
v 0.001824 2.275054 3.984272
v -0.010541 2.262830 3.982412
v 1.403332 2.275054 3.984272
v 1.390967 2.262830 3.982412
v 1.849740 2.262830 3.982412
v 1.837375 2.275054 3.984272
v 1.837375 2.676711 1.325992
v 1.849740 2.659792 1.355202
v 1.390967 2.659792 1.355202
v 1.403332 2.676711 1.325992
v -0.010541 2.659792 1.355202
v 0.001824 2.676711 1.325992
v -0.944880 2.659792 1.355202
v -0.932515 2.676711 1.325992
v -2.834320 2.676711 1.325993
v -2.821955 2.659792 1.355202
v -3.280728 2.236542 3.978413
v -3.262508 2.218529 3.975672
v -2.813558 2.236542 3.978413
v -2.795338 2.218529 3.975672
v -1.879219 2.236542 3.978413
v -1.860999 2.218529 3.975672
v -1.438667 2.218529 3.975672
v -1.420447 2.236542 3.978413
v -0.010541 2.236542 3.978413
v 0.007679 2.218529 3.975672
v 0.430011 2.218529 3.975672
v 0.448231 2.236542 3.978413
v 1.858137 2.236542 3.978413
v 1.876357 2.218529 3.975672
v 1.876357 2.598277 1.461408
v 1.858137 2.623204 1.418372
v 0.448231 2.623204 1.418372
v 0.430011 2.598277 1.461408
v 0.007679 2.598277 1.461408
v -0.010541 2.623204 1.418372
v -1.420447 2.623204 1.418372
v -1.438667 2.598277 1.461408
v -1.860999 2.598277 1.461408
v -1.879219 2.623204 1.418372
v -2.795338 2.598277 1.461408
v -2.813558 2.623204 1.418372
v -3.262508 2.598277 1.461408
v -3.280728 2.623204 1.418372
v 2.788277 2.254769 3.961401
v 2.788277 2.642118 1.386362
v 2.788277 2.194313 3.975672
v 2.788277 2.564196 1.518410
v 2.836010 2.254769 3.961401
v 2.836010 2.642118 1.386362
v 2.836010 2.194313 3.975672
v 2.836010 2.564196 1.518410
v -4.219264 2.254769 3.961401
v -4.219264 2.642118 1.386362
v -4.219264 2.194313 3.975672
v -4.219264 2.564196 1.518410
v -4.266996 2.254769 3.961401
v -4.266996 2.642118 1.386362
v -4.266996 2.194313 3.975672
v -4.266996 2.564196 1.518410
v 2.840915 2.675282 1.449801
v 2.840915 2.604294 1.449801
v 2.840915 2.733713 1.265183
v 2.840915 2.715057 1.265183
v -4.269773 2.733713 1.265183
v -4.269773 2.675282 1.449801
v -4.269773 2.604293 1.449801
v -4.269773 2.715056 1.265183
v -0.755293 0.288852 3.890028
v -0.609310 0.288852 3.890028
v -0.755293 0.288852 3.744045
v -0.609310 0.288852 3.744045
v -0.755293 2.240635 3.890028
v -0.609310 2.240635 3.890028
v -0.755293 2.265398 3.744045
v -0.609310 2.265398 3.744045
v -4.069177 2.235378 3.864116
v -4.069177 2.141218 3.864116
v -4.069177 2.235378 3.769957
v -4.069177 2.141218 3.769957
v 2.638189 2.235378 3.864116
v 2.638189 2.141218 3.864116
v 2.638189 2.235378 3.769957
v 2.638189 2.141218 3.769957
v -4.219264 2.290879 3.485793
v 2.788277 2.271037 3.481959
v -4.219264 2.306542 3.392945
v 2.788277 2.286701 3.389111
v 2.788277 2.290879 3.485793
v -4.219264 2.271037 3.481959
v 2.788277 2.306542 3.392945
v -4.219264 2.286701 3.389111
v -4.219264 2.472872 2.291694
v 2.788277 2.450145 2.287859
v -4.219264 2.488537 2.198846
v 2.788277 2.465809 2.195012
v 2.788277 2.472872 2.291694
v -4.219264 2.450145 2.287859
v 2.788277 2.488537 2.198846
v -4.219264 2.465809 2.195012
v 4.366115 0.288853 3.890028
v 4.366115 0.288853 -3.890028
v 2.564000 0.288853 3.890028
v 2.564000 0.288853 -3.890028
v 4.366115 0.288853 -0.004630
v 4.366115 0.288853 0.001067
v 2.564000 0.288853 0.001067
v 2.564000 0.288853 -0.004630
v 3.167264 0.288853 3.890028
v 3.162145 0.288853 3.890028
v 2.866912 0.288853 3.890028
v 2.861793 0.288853 3.890028
v 3.467617 0.288853 3.890028
v 3.462498 0.288853 3.890028
v 3.767970 0.288853 3.890028
v 3.762850 0.288853 3.890028
v 4.068322 0.288853 3.890028
v 4.063203 0.288853 3.890028
v 2.861793 0.288853 0.001067
v 2.866912 0.288853 0.001067
v 3.162145 0.288853 0.001067
v 3.167264 0.288853 0.001067
v 3.462498 0.288853 0.001067
v 3.467617 0.288853 0.001067
v 3.762850 0.288853 0.001067
v 3.767970 0.288853 0.001067
v 4.063203 0.288853 0.001067
v 4.068322 0.288853 0.001067
v 4.063203 0.288853 -3.890028
v 4.068322 0.288853 -3.890028
v 3.762850 0.288853 -3.890028
v 3.767969 0.288853 -3.890028
v 3.462498 0.288853 -3.890028
v 3.467617 0.288853 -3.890028
v 3.162145 0.288853 -3.890028
v 3.167264 0.288853 -3.890028
v 2.861793 0.288853 -3.890028
v 2.866912 0.288853 -3.890028
v 4.068322 0.288853 -0.004630
v 4.063203 0.288853 -0.004630
v 3.767969 0.288853 -0.004630
v 3.762850 0.288853 -0.004630
v 3.467617 0.288853 -0.004630
v 3.462498 0.288853 -0.004630
v 3.167264 0.288853 -0.004630
v 3.162145 0.288853 -0.004630
v 2.866912 0.288853 -0.004630
v 2.861793 0.288853 -0.004630
v 2.564000 0.248037 -3.890028
v 2.564000 0.248037 -0.004630
v 4.366115 0.248037 -0.004630
v 4.366115 0.248037 -3.890028
v 2.564000 0.248037 0.001067
v 2.564000 0.248037 3.890028
v 4.366115 0.248037 3.890028
v 4.366115 0.248037 0.001067
v 2.866912 0.248037 3.890028
v 2.866912 0.248037 0.001067
v 2.861793 0.248037 0.001067
v 2.861793 0.248037 3.890028
v 3.167264 0.248037 3.890028
v 3.167264 0.248037 0.001067
v 3.162145 0.248037 0.001067
v 3.162145 0.248037 3.890028
v 3.467617 0.248037 3.890028
v 3.467617 0.248037 0.001067
v 3.462498 0.248037 0.001067
v 3.462498 0.248037 3.890028
v 3.767970 0.248037 3.890028
v 3.767970 0.248037 0.001067
v 3.762850 0.248037 0.001067
v 3.762850 0.248037 3.890028
v 4.068322 0.248037 3.890028
v 4.068322 0.248037 0.001067
v 4.063203 0.248037 0.001067
v 4.063203 0.248037 3.890028
v 2.866912 0.248037 -0.004630
v 2.866912 0.248037 -3.890028
v 2.861793 0.248037 -3.890028
v 2.861793 0.248037 -0.004630
v 3.167264 0.248037 -0.004630
v 3.167264 0.248037 -3.890028
v 3.162145 0.248037 -3.890028
v 3.162145 0.248037 -0.004630
v 3.467617 0.248037 -0.004630
v 3.467617 0.248037 -3.890028
v 3.462498 0.248037 -3.890028
v 3.462498 0.248037 -0.004630
v 3.767969 0.248037 -0.004630
v 3.767969 0.248037 -3.890028
v 3.762850 0.248037 -3.890028
v 3.762850 0.248037 -0.004630
v 4.068322 0.248037 -0.004630
v 4.068322 0.248037 -3.890028
v 4.063203 0.248037 -3.890028
v 4.063203 0.248037 -0.004630
v -4.000925 0.288853 -3.592235
v 2.555206 0.288853 -3.592235
v -4.000925 0.288853 -3.890028
v 2.555206 0.288853 -3.890028
v -4.000925 0.248037 -3.592235
v 2.555206 0.248037 -3.592235
v -4.000925 0.248037 -3.890028
v 2.555206 0.248037 -3.890028
v -4.366115 0.288853 3.890028
v -4.366115 0.288853 1.820276
v 2.554791 0.288853 3.890028
v 2.554791 0.288853 1.820276
v 2.196521 0.288853 1.820276
v 2.201993 0.288853 1.820276
v 1.831778 0.288853 1.820276
v 1.837250 0.288853 1.820276
v 1.467035 0.288853 1.820276
v 1.472508 0.288853 1.820276
v 1.102292 0.288853 1.820276
v 1.107765 0.288853 1.820276
v 0.737549 0.288853 1.820276
v 0.743022 0.288853 1.820276
v 0.372806 0.288853 1.820276
v 0.378279 0.288853 1.820276
v 0.008063 0.288853 1.820276
v 0.013536 0.288853 1.820276
v -0.356679 0.288853 1.820276
v -0.351207 0.288853 1.820276
v -0.721422 0.288853 1.820276
v -0.715950 0.288853 1.820276
v -1.086165 0.288853 1.820276
v -1.080693 0.288853 1.820276
v -1.450908 0.288853 1.820276
v -1.445435 0.288853 1.820276
v -1.815651 0.288853 1.820276
v -1.810178 0.288853 1.820276
v -2.180393 0.288853 1.820276
v -2.174921 0.288853 1.820276
v -2.545136 0.288853 1.820276
v -2.539664 0.288853 1.820276
v -2.909879 0.288853 1.820276
v -2.904407 0.288853 1.820276
v -3.274622 0.288853 1.820276
v -3.269150 0.288853 1.820276
v -3.639364 0.288853 1.820276
v -3.633892 0.288853 1.820276
v -4.004107 0.288853 1.820276
v -3.998636 0.288853 1.820276
v -3.998636 0.288853 3.890028
v -4.004107 0.288853 3.890028
v -3.633893 0.288853 3.890028
v -3.639365 0.288853 3.890028
v -3.269150 0.288853 3.890028
v -3.274622 0.288853 3.890028
v -2.904408 0.288853 3.890028
v -2.909880 0.288853 3.890028
v -2.539665 0.288853 3.890028
v -2.545137 0.288853 3.890028
v -2.174922 0.288853 3.890028
v -2.180394 0.288853 3.890028
v -1.810179 0.288853 3.890028
v -1.815651 0.288853 3.890028
v -1.445436 0.288853 3.890028
v -1.450908 0.288853 3.890028
v -1.080693 0.288853 3.890028
v -1.086165 0.288853 3.890028
v -0.715950 0.288853 3.890028
v -0.721422 0.288853 3.890028
v -0.351207 0.288853 3.890028
v -0.356680 0.288853 3.890028
v 0.013536 0.288853 3.890028
v 0.008063 0.288853 3.890028
v 0.378279 0.288853 3.890028
v 0.372806 0.288853 3.890028
v 0.743022 0.288853 3.890028
v 0.737549 0.288853 3.890028
v 1.107764 0.288853 3.890028
v 1.102292 0.288853 3.890028
v 1.472507 0.288853 3.890028
v 1.467035 0.288853 3.890028
v 1.837250 0.288853 3.890028
v 1.831778 0.288853 3.890028
v 2.201993 0.288853 3.890028
v 2.196521 0.288853 3.890028
v -4.366115 0.248037 1.820276
v -4.366115 0.248037 3.890028
v 2.554791 0.248037 3.890028
v 2.554791 0.248037 1.820276
v -3.998636 0.248037 3.890028
v -3.998636 0.248037 1.820276
v -4.004107 0.248037 1.820276
v -4.004107 0.248037 3.890028
v -3.633893 0.248037 3.890028
v -3.633892 0.248037 1.820276
v -3.639364 0.248037 1.820276
v -3.639365 0.248037 3.890028
v -3.269150 0.248037 3.890028
v -3.269150 0.248037 1.820276
v -3.274622 0.248037 1.820276
v -3.274622 0.248037 3.890028
v -2.904408 0.248037 3.890028
v -2.904407 0.248037 1.820276
v -2.909879 0.248037 1.820276
v -2.909880 0.248037 3.890028
v -2.539665 0.248037 3.890028
v -2.539664 0.248037 1.820276
v -2.545136 0.248037 1.820276
v -2.545137 0.248037 3.890028
v -2.174922 0.248037 3.890028
v -2.174921 0.248037 1.820276
v -2.180393 0.248037 1.820276
v -2.180394 0.248037 3.890028
v -1.810179 0.248037 3.890028
v -1.810178 0.248037 1.820276
v -1.815651 0.248037 1.820276
v -1.815651 0.248037 3.890028
v -1.445436 0.248037 3.890028
v -1.445435 0.248037 1.820276
v -1.450908 0.248037 1.820276
v -1.450908 0.248037 3.890028
v -1.080693 0.248037 3.890028
v -1.080693 0.248037 1.820276
v -1.086165 0.248037 1.820276
v -1.086165 0.248037 3.890028
v -0.715950 0.248037 3.890028
v -0.715950 0.248037 1.820276
v -0.721422 0.248037 1.820276
v -0.721422 0.248037 3.890028
v -0.351207 0.248037 3.890028
v -0.351207 0.248037 1.820276
v -0.356679 0.248037 1.820276
v -0.356680 0.248037 3.890028
v 0.013536 0.248037 3.890028
v 0.013536 0.248037 1.820276
v 0.008063 0.248037 1.820276
v 0.008063 0.248037 3.890028
v 0.378279 0.248037 3.890028
v 0.378279 0.248037 1.820276
v 0.372806 0.248037 1.820276
v 0.372806 0.248037 3.890028
v 0.743022 0.248037 3.890028
v 0.743022 0.248037 1.820276
v 0.737549 0.248037 1.820276
v 0.737549 0.248037 3.890028
v 1.107764 0.248037 3.890028
v 1.107765 0.248037 1.820276
v 1.102292 0.248037 1.820276
v 1.102292 0.248037 3.890028
v 1.472507 0.248037 3.890028
v 1.472508 0.248037 1.820276
v 1.467035 0.248037 1.820276
v 1.467035 0.248037 3.890028
v 1.837250 0.248037 3.890028
v 1.837250 0.248037 1.820276
v 1.831778 0.248037 1.820276
v 1.831778 0.248037 3.890028
v 2.201993 0.248037 3.890028
v 2.201993 0.248037 1.820276
v 2.196521 0.248037 1.820276
v 2.196521 0.248037 3.890028
v -4.366115 0.288853 1.816213
v -4.366115 0.288853 -0.259099
v -4.004107 0.288853 -0.259099
v -4.004107 0.288853 1.816213
v -4.366115 0.248037 -0.259099
v -4.366115 0.248037 1.816213
v -4.004107 0.248037 -0.259099
v -4.004107 0.248037 1.816213
v -4.367622 0.288853 -1.820576
v -4.367622 0.288853 -3.890328
v -4.005615 0.288853 -3.890328
v -4.005616 0.288853 -1.820576
v -4.367622 0.248037 -3.890328
v -4.367622 0.248037 -1.820576
v -4.005615 0.248037 -3.890328
v -4.005616 0.248037 -1.820576
v -4.367622 0.288853 -0.264301
v -4.367622 0.288853 -1.814748
v -4.005615 0.288853 -1.814748
v -4.005616 0.288853 -0.264301
v -4.367622 0.248037 -1.814748
v -4.367622 0.248037 -0.264301
v -4.005615 0.248037 -1.814748
v -4.005616 0.248037 -0.264301
v -4.354657 0.000000 -3.878570
v -4.354657 0.000000 3.878570
v 4.354657 0.000000 3.878570
v 4.354657 0.000000 -3.878570
v -4.354657 0.242902 -3.878570
v 4.354657 0.242902 -3.878570
v 4.354657 0.242902 3.878570
v -4.354657 0.242902 3.878570
v 4.354657 0.191625 3.453922
v 4.595117 0.191625 3.453922
v 4.354657 0.191625 2.207602
v 4.595117 0.191625 2.207602
v 4.354657 0.121607 2.207602
v 4.354657 0.121607 3.453922
v 4.595117 0.121607 3.453922
v 4.595117 0.121607 2.207602
v 4.496271 0.094396 3.453922
v 4.821997 0.094396 3.453922
v 4.496271 0.094396 2.207602
v 4.821997 0.094396 2.207602
v 4.496271 0.024379 2.207602
v 4.496271 0.024379 3.453922
v 4.821997 0.024379 3.453922
v 4.821997 0.024379 2.207602
v 4.354657 -0.000001 2.207603
v 4.831185 -0.000001 2.207603
v 4.354657 0.248037 2.207603
v 4.831185 0.156974 2.207603
v 4.354657 0.248037 2.160911
v 4.354657 -0.000001 2.160910
v 4.831185 -0.000001 2.160910
v 4.831185 0.156974 2.160911
v 4.354657 -0.000001 3.453921
v 4.831185 -0.000001 3.453921
v 4.354657 0.248037 3.453921
v 4.831185 0.156974 3.453921
v 4.354657 0.248037 3.500613
v 4.354657 -0.000001 3.500613
v 4.831185 -0.000001 3.500613
v 4.831185 0.156974 3.500613
v 4.364712 0.000000 3.888625
v 4.364712 0.248037 3.888625
v 4.306708 0.000000 3.878570
v 4.306708 0.000000 3.888625
v 4.306708 0.248037 3.888625
v 4.306708 0.248037 3.878570
v 4.364712 0.000000 3.830621
v 4.354657 0.000000 3.830621
v 4.354657 0.248037 3.830621
v 4.364712 0.248037 3.830621
v -4.364712 0.000000 3.888625
v -4.364712 0.248037 3.888625
v -4.306708 0.000000 3.878570
v -4.306708 0.000000 3.888625
v -4.306708 0.248037 3.888625
v -4.306708 0.248037 3.878570
v -4.364712 0.000000 3.830621
v -4.354657 0.000000 3.830621
v -4.354657 0.248037 3.830621
v -4.364712 0.248037 3.830621
v 4.364712 0.000000 -3.888625
v 4.364712 0.248037 -3.888625
v 4.306708 0.000000 -3.878570
v 4.306708 0.000000 -3.888625
v 4.306708 0.248037 -3.888625
v 4.306708 0.248037 -3.878570
v 4.364712 0.000000 -3.830621
v 4.354657 0.000000 -3.830621
v 4.354657 0.248037 -3.830621
v 4.364712 0.248037 -3.830621
v -4.364712 0.000000 -3.888625
v -4.364712 0.248037 -3.888625
v -4.306708 0.000000 -3.878570
v -4.306708 0.000000 -3.888625
v -4.306708 0.248037 -3.888625
v -4.306708 0.248037 -3.878570
v -4.364712 0.000000 -3.830621
v -4.354657 0.000000 -3.830621
v -4.354657 0.248037 -3.830621
v -4.364712 0.248037 -3.830621
v -4.354657 -0.000001 2.207603
v -4.831185 -0.000001 2.207603
v -4.354657 0.248037 2.207603
v -4.831185 0.156974 2.207603
v -4.354657 0.248037 2.160911
v -4.354657 -0.000001 2.160910
v -4.831185 -0.000001 2.160910
v -4.831185 0.156974 2.160911
v -4.354657 -0.000001 3.453921
v -4.831185 -0.000001 3.453921
v -4.354657 0.248037 3.453921
v -4.831185 0.156974 3.453921
v -4.354657 0.248037 3.500613
v -4.354657 -0.000001 3.500613
v -4.831185 -0.000001 3.500613
v -4.831185 0.156974 3.500613
v -4.354658 0.191625 3.453922
v -4.595118 0.191625 3.453922
v -4.354658 0.191625 2.207602
v -4.595118 0.191625 2.207602
v -4.354658 0.121607 2.207602
v -4.354658 0.121607 3.453922
v -4.595118 0.121607 3.453922
v -4.595118 0.121607 2.207602
v -4.496272 0.094396 3.453922
v -4.821998 0.094396 3.453922
v -4.496272 0.094396 2.207602
v -4.821998 0.094396 2.207602
v -4.496272 0.024379 2.207602
v -4.496272 0.024379 3.453922
v -4.821998 0.024379 3.453922
v -4.821998 0.024379 2.207602
v -3.916145 0.289673 1.576874
v 2.497360 0.289673 1.576874
v -3.916145 0.289673 -3.564242
v 2.497360 0.289673 -3.564242
v -0.719804 0.289673 1.576874
v -0.727037 0.289673 1.576874
v -0.363938 0.289673 -3.564242
v -0.356705 0.289673 -3.564242
v -3.916145 0.289673 -3.318751
v -3.916145 0.289673 -3.320104
v -3.916145 0.289673 -3.073936
v -3.916145 0.289673 -3.075289
v -3.916145 0.289673 -2.829121
v -3.916145 0.289673 -2.830474
v -3.916145 0.289673 -2.584306
v -3.916145 0.289673 -2.585659
v -3.916145 0.289673 -2.339490
v -3.916145 0.289673 -2.340844
v -3.916145 0.289673 -2.094676
v -3.916145 0.289673 -2.096029
v -3.916145 0.289673 -1.849861
v -3.916145 0.289673 -1.851214
v -3.916145 0.289673 -1.605045
v -3.916145 0.289673 -1.606399
v -3.916145 0.289673 -1.360230
v -3.916145 0.289673 -1.361584
v -3.916145 0.289673 -1.115415
v -3.916145 0.289673 -1.116768
v -3.916145 0.289673 -0.870600
v -3.916145 0.289673 -0.871953
v -3.916145 0.289673 -0.625785
v -3.916145 0.289673 -0.627138
v -3.916145 0.289673 -0.380970
v -3.916145 0.289673 -0.382323
v -3.916145 0.289673 -0.136155
v -3.916145 0.289673 -0.137508
v -3.916145 0.289673 0.108660
v -3.916145 0.289673 0.107307
v -3.916145 0.289673 0.353475
v -3.916145 0.289673 0.352122
v -3.916145 0.289673 0.598290
v -3.916145 0.289673 0.596937
v -3.916145 0.289673 0.843105
v -3.916145 0.289673 0.841752
v -3.916145 0.289673 1.087920
v -3.916145 0.289673 1.086567
v -3.916145 0.289673 1.332735
v -3.916145 0.289673 1.331382
v 2.497360 0.289673 1.331382
v 2.497360 0.289673 1.332736
v 2.497360 0.289673 1.086567
v 2.497360 0.289673 1.087920
v 2.497360 0.289673 0.841752
v 2.497360 0.289673 0.843105
v 2.497360 0.289673 0.596937
v 2.497360 0.289673 0.598290
v 2.497360 0.289673 0.352122
v 2.497360 0.289673 0.353475
v 2.497360 0.289673 0.107307
v 2.497360 0.289673 0.108660
v 2.497360 0.289673 -0.137508
v 2.497360 0.289673 -0.136155
v 2.497360 0.289673 -0.382323
v 2.497360 0.289673 -0.380970
v 2.497360 0.289673 -0.627138
v 2.497360 0.289673 -0.625785
v 2.497360 0.289673 -0.871953
v 2.497360 0.289673 -0.870600
v 2.497360 0.289673 -1.116768
v 2.497360 0.289673 -1.115415
v 2.497360 0.289673 -1.361584
v 2.497360 0.289673 -1.360230
v 2.497360 0.289673 -1.606399
v 2.497360 0.289673 -1.605045
v 2.497360 0.289673 -1.851213
v 2.497360 0.289673 -1.849860
v 2.497360 0.289673 -2.096029
v 2.497360 0.289673 -2.094676
v 2.497360 0.289673 -2.340844
v 2.497360 0.289673 -2.339490
v 2.497360 0.289673 -2.585659
v 2.497360 0.289673 -2.584305
v 2.497360 0.289673 -2.830474
v 2.497360 0.289673 -2.829121
v 2.497360 0.289673 -3.075289
v 2.497360 0.289673 -3.073936
v 2.497360 0.289673 -3.320104
v 2.497360 0.289673 -3.318750
v -0.719804 0.289673 1.332736
v -1.933207 0.289673 1.331382
v -1.940440 0.289673 1.331382
v -0.727037 0.289673 1.332736
v -1.933207 0.289673 1.087920
v -0.123623 0.289673 1.086567
v -0.130856 0.289673 1.086567
v -1.940440 0.289673 1.087920
v -0.123623 0.289673 0.843105
v -0.993345 0.289673 0.841752
v -1.000579 0.289673 0.841752
v -0.130856 0.289673 0.843105
v -0.993345 0.289673 0.598290
v -0.523415 0.289673 0.596937
v -0.530648 0.289673 0.596937
v -1.000579 0.289673 0.598290
v -0.523415 0.289673 0.353475
v -1.224804 0.289673 0.352122
v -1.232037 0.289673 0.352122
v -0.530648 0.289673 0.353475
v -1.224804 0.289673 0.108660
v 0.192002 0.289673 0.107307
v 0.184769 0.289673 0.107307
v -1.232037 0.289673 0.108660
v 0.192002 0.289673 -0.136155
v -0.018415 0.289673 -0.137508
v -0.025648 0.289673 -0.137508
v 0.184769 0.289673 -0.136155
v -0.018415 0.289673 -0.380970
v -0.355081 0.289673 -0.382323
v -0.362314 0.289673 -0.382323
v -0.025648 0.289673 -0.380970
v -0.355081 0.289673 -0.625785
v 0.269155 0.289673 -0.627138
v 0.261922 0.289673 -0.627138
v -0.362314 0.289673 -0.625785
v 0.269155 0.289673 -0.870600
v -2.248832 0.289673 -0.871953
v -2.256066 0.289673 -0.871953
v 0.261922 0.289673 -0.870600
v -2.248832 0.289673 -1.115415
v -1.842026 0.289673 -1.116768
v -1.849260 0.289673 -1.116768
v -2.256066 0.289673 -1.115415
v -1.842026 0.289673 -1.360230
v -0.909179 0.289673 -1.361584
v -0.916412 0.289673 -1.361584
v -1.849260 0.289673 -1.360230
v -0.909179 0.289673 -1.605045
v 0.739086 0.289673 -1.606399
v 0.731853 0.289673 -1.606399
v -0.916412 0.289673 -1.605045
v 0.739086 0.289673 -1.849860
v -0.705776 0.289673 -1.851213
v -0.713009 0.289673 -1.851213
v 0.731853 0.289673 -1.849860
v -0.705776 0.289673 -2.094676
v 0.739086 0.289673 -2.096029
v 0.731853 0.289673 -2.096029
v -0.713009 0.289673 -2.094676
v 0.739086 0.289673 -2.339490
v -0.123623 0.289673 -2.340844
v -0.130856 0.289673 -2.340844
v 0.731853 0.289673 -2.339490
v -0.123623 0.289673 -2.584305
v -1.989318 0.289673 -2.585659
v -1.996551 0.289673 -2.585659
v -0.130856 0.289673 -2.584305
v -1.989318 0.289673 -2.829121
v 0.621506 0.289673 -2.830474
v 0.614273 0.289673 -2.830474
v -1.996551 0.289673 -2.829121
v 0.621506 0.289673 -3.073936
v -1.265913 0.289673 -3.075289
v -1.273146 0.289673 -3.075289
v 0.614273 0.289673 -3.073936
v -0.363938 0.289673 -3.320104
v -1.273146 0.289673 -3.318750
v -1.265913 0.289673 -3.318750
v -0.356705 0.289673 -3.320104
v 0.138469 1.446276 1.858873
v 1.211520 1.446276 1.858873
v 0.138469 1.446276 1.565830
v 1.211520 1.446276 1.565830
v 0.138469 1.475899 1.565830
v 0.138469 1.475899 1.858873
v 1.211520 1.475899 1.858873
v 1.211520 1.475899 1.565830
v 1.211520 2.186949 1.565830
v 1.211520 2.186949 1.827443
v 0.138469 2.186949 1.827443
v 0.138469 2.186949 1.565830
v 1.211520 2.157326 1.565830
v 0.138469 2.157326 1.565830
v 1.211520 2.157326 1.827443
v 0.138469 2.157326 1.827443
v 1.211520 1.475899 1.572996
v 1.211520 1.475899 1.820276
v 1.211520 2.157326 1.820276
v 1.211520 2.157326 1.572996
v 1.158311 1.475899 1.572996
v 1.158311 2.157326 1.572996
v 1.158311 1.475899 1.820276
v 1.158311 2.157326 1.820276
v 0.191678 1.475899 1.572996
v 0.191678 1.475899 1.820276
v 0.191678 2.157326 1.820276
v 0.191678 2.157326 1.572996
v 0.138469 1.475899 1.572996
v 0.138469 2.157326 1.572996
v 0.138469 1.475899 1.820276
v 0.138469 2.157326 1.820276
v 0.191678 1.470337 1.772575
v 0.191678 2.157326 1.772575
v 1.158311 1.470337 1.772575
v 1.158311 2.157326 1.772575
v 0.216423 1.495083 1.772575
v 0.216423 2.132581 1.772575
v 1.133566 1.495083 1.772575
v 1.133566 2.132581 1.772575
v 0.191678 1.470337 1.624575
v 0.191678 2.157326 1.624575
v 1.158311 1.470337 1.624575
v 1.158311 2.157326 1.624575
v 0.216423 1.495083 1.624575
v 0.216423 2.132581 1.624575
v 1.133566 1.495083 1.624575
v 1.133566 2.132581 1.624575
v 1.133566 1.822285 1.719575
v 1.133566 1.805379 1.719575
v 0.216423 1.805379 1.719575
v 0.216423 1.822285 1.719575
v 1.133566 1.822285 1.677575
v 1.133566 1.805379 1.677575
v 0.216423 1.805379 1.677575
v 0.216423 1.822285 1.677575
v 0.836305 1.495083 1.721929
v 0.819399 1.495083 1.721929
v 0.530591 1.495083 1.721929
v 0.513685 1.495083 1.721929
v 0.513685 2.132581 1.721929
v 0.530591 2.132581 1.721929
v 0.819399 2.132581 1.721929
v 0.836305 2.132581 1.721929
v 0.836305 1.495083 1.675221
v 0.819399 1.495083 1.675221
v 0.530591 1.495083 1.675221
v 0.513685 1.495083 1.675221
v 0.513685 2.132581 1.675221
v 0.530591 2.132581 1.675221
v 0.819399 2.132581 1.675221
v 0.836305 2.132581 1.675221
v -2.992614 1.463441 -3.848438
v -1.919562 1.463441 -3.848438
v -2.992614 1.463441 -3.552426
v -1.919562 1.463441 -3.552426
v -2.992614 1.499960 -3.552426
v -2.992614 1.499960 -3.848438
v -1.919562 1.499960 -3.848438
v -1.919562 1.499960 -3.552426
v -1.919562 2.211010 -3.552426
v -1.919562 2.211010 -3.817007
v -2.992614 2.211010 -3.817007
v -2.992614 2.211010 -3.552426
v -1.919562 2.181387 -3.552426
v -2.992614 2.181387 -3.552426
v -1.919562 2.181387 -3.817007
v -2.992614 2.181387 -3.817007
v -1.919562 1.499960 -3.559592
v -1.919562 1.499960 -3.809841
v -1.919562 2.181387 -3.809841
v -1.919562 2.181387 -3.559592
v -1.972771 1.499960 -3.559592
v -1.972771 2.181387 -3.559592
v -1.972771 1.499960 -3.809841
v -1.972771 2.181387 -3.809841
v -2.939404 1.499960 -3.559592
v -2.939404 1.499960 -3.809841
v -2.939404 2.181387 -3.809841
v -2.939404 2.181387 -3.559592
v -2.992614 1.499960 -3.559592
v -2.992614 2.181387 -3.559592
v -2.992614 1.499960 -3.809841
v -2.992614 2.181387 -3.809841
v -2.939404 1.494398 -3.762139
v -2.939404 2.181387 -3.762139
v -1.972771 1.494398 -3.762139
v -1.972771 2.181387 -3.762139
v -2.914659 1.519144 -3.762139
v -2.914659 2.156642 -3.762139
v -1.997517 1.519144 -3.762139
v -1.997517 2.156642 -3.762139
v -2.939404 1.494398 -3.614139
v -2.939404 2.181387 -3.614139
v -1.972771 1.494398 -3.614139
v -1.972771 2.181387 -3.614139
v -2.914659 1.519144 -3.614139
v -2.914659 2.156642 -3.614139
v -1.997517 1.519144 -3.614139
v -1.997517 2.156642 -3.614139
v -1.997517 1.846346 -3.709139
v -1.997517 1.829440 -3.709139
v -2.914659 1.829440 -3.709139
v -2.914659 1.846346 -3.709139
v -1.997517 1.846346 -3.667139
v -1.997517 1.829440 -3.667139
v -2.914659 1.829440 -3.667139
v -2.914659 1.846346 -3.667139
v -2.294778 1.519144 -3.711493
v -2.311684 1.519144 -3.711493
v -2.600492 1.519144 -3.711493
v -2.617398 1.519144 -3.711493
v -2.617398 2.156642 -3.711493
v -2.600492 2.156642 -3.711493
v -2.311684 2.156642 -3.711493
v -2.294778 2.156642 -3.711493
v -2.294778 1.519144 -3.664785
v -2.311684 1.519144 -3.664785
v -2.600492 1.519144 -3.664785
v -2.617398 1.519144 -3.664785
v -2.617398 2.156642 -3.664785
v -2.600492 2.156642 -3.664785
v -2.311684 2.156642 -3.664785
v -2.294778 2.156642 -3.664785
v -2.925010 0.289674 0.067013
v -2.925010 1.347290 0.067013
v -3.362014 1.347290 0.027458
v -3.362014 0.289674 0.027458
v -2.925010 0.289674 0.027458
v -2.925010 1.347290 0.027458
v -3.417914 1.347290 0.067013
v -3.417914 0.289674 0.067013
v -3.398744 1.347290 0.027458
v -3.417914 1.347290 0.046629
v -3.417914 0.289674 0.046629
v -3.398744 0.289674 0.027458
v -3.330072 0.289674 0.067013
v -3.362014 0.289674 0.098955
v -3.362014 1.347290 0.098955
v -3.330072 1.347290 0.067013
v -2.925010 0.289674 0.664934
v -2.925010 1.347290 0.664934
v -3.362014 1.347290 0.704489
v -3.362014 0.289674 0.704489
v -2.925010 0.289674 0.704489
v -2.925010 1.347290 0.704489
v -3.417914 1.347290 0.664934
v -3.417914 0.289674 0.664934
v -3.398744 1.347290 0.704489
v -3.417914 1.347290 0.685318
v -3.417914 0.289674 0.685318
v -3.398744 0.289674 0.704489
v -3.330072 0.289674 0.664934
v -3.362014 0.289674 0.632992
v -3.362014 1.347290 0.632992
v -3.330072 1.347290 0.664934
v -2.946062 1.235855 0.067013
v -2.946062 0.696305 0.067013
v -2.946062 0.696305 0.664934
v -2.946062 1.235855 0.664934
v -3.350174 1.216311 0.645391
v -3.350174 0.715848 0.645391
v -3.350174 0.715848 0.086556
v -3.350174 1.216311 0.086556
v -2.946062 1.216311 0.086556
v -2.946062 0.715848 0.086556
v -2.946062 0.715848 0.645391
v -2.946062 1.216311 0.645391
v -3.362014 1.235855 0.664934
v -3.362014 1.235855 0.067013
v -2.936807 1.235855 0.664934
v -2.936807 1.235855 0.067013
v -3.362014 0.631854 0.664934
v -3.362014 0.631854 0.067013
v -3.362014 0.696305 0.664934
v -3.362014 0.696305 0.067013
v -2.936807 0.696305 0.067013
v -2.936807 0.696305 0.664934
v -2.936807 1.269727 0.067013
v -2.936807 1.269727 0.664934
v -2.950959 0.631854 0.664934
v -2.936807 0.646007 0.664934
v -2.936807 0.646007 0.067013
v -2.950959 0.631854 0.067013
v -2.945517 1.269727 0.664934
v -2.945517 1.269727 0.067013
v -3.362014 1.269727 0.067013
v -3.362014 1.269727 0.664934
v -3.362014 1.279188 0.664934
v -3.357121 1.284081 0.660041
v -3.357121 1.284081 0.071906
v -3.362014 1.279188 0.067013
v -2.945517 1.279188 0.664934
v -2.950410 1.284081 0.660041
v -2.950410 1.284081 0.071906
v -2.945517 1.279188 0.067013
v -3.362014 0.289674 0.664934
v -3.362014 0.289674 0.067013
v -2.950959 0.289674 0.664934
v -2.950959 0.289674 0.067013
v -3.362014 0.322803 0.067013
v -3.362014 0.322803 0.664934
v -2.950959 0.322803 0.664934
v -2.950959 0.322803 0.067013
v -3.638268 4.317213 0.245049
v -3.699908 4.317213 0.261566
v -3.745033 4.317213 0.306690
v -3.761549 4.317213 0.368330
v -3.745033 4.317213 0.429971
v -3.699908 4.317213 0.475095
v -3.638268 4.317213 0.491611
v -3.576627 4.317213 0.475095
v -3.531504 4.317213 0.429971
v -3.514987 4.317213 0.368330
v -3.531504 4.317213 0.306690
v -3.576627 4.317213 0.261566
v -3.638268 4.427073 0.360066
v -3.642401 4.427073 0.361173
v -3.645426 4.427073 0.364198
v -3.646533 4.427073 0.368330
v -3.645426 4.427073 0.372463
v -3.642401 4.427073 0.375488
v -3.638268 4.427073 0.376595
v -3.634136 4.427073 0.375488
v -3.631110 4.427073 0.372463
v -3.630003 4.427073 0.368330
v -3.631110 4.427073 0.364198
v -3.634136 4.427073 0.361173
v -3.638268 4.320890 0.241537
v -3.701665 4.320890 0.258524
v -3.748074 4.320890 0.304934
v -3.765062 4.320890 0.368330
v -3.748074 4.320890 0.431727
v -3.701665 4.320890 0.478136
v -3.638268 4.320890 0.495123
v -3.574872 4.320890 0.478136
v -3.528462 4.320890 0.431727
v -3.511475 4.320890 0.368330
v -3.528462 4.320890 0.304934
v -3.574872 4.320890 0.258524
v -3.638268 4.431958 0.357785
v -3.643541 4.431958 0.359198
v -3.647401 4.431958 0.363058
v -3.648813 4.431958 0.368330
v -3.647401 4.431958 0.373603
v -3.643541 4.431958 0.377463
v -3.638268 4.431958 0.378875
v -3.632996 4.431958 0.377463
v -3.629136 4.431958 0.373603
v -3.627723 4.431958 0.368330
v -3.629136 4.431958 0.363058
v -3.632996 4.431958 0.359198
v -3.594426 4.340413 0.449694
v -3.635555 4.340413 0.460714
v -3.556904 4.340413 0.324487
v -3.545883 4.340413 0.365616
v -3.682111 4.340413 0.286966
v -3.640982 4.340413 0.275945
v -3.719632 4.340413 0.412172
v -3.730653 4.340413 0.371043
v -3.634221 4.200642 0.465694
v -3.724612 4.200642 0.413507
v -3.735632 4.200642 0.372377
v -3.683445 4.200642 0.281986
v -3.642316 4.200642 0.270966
v -3.551925 4.200642 0.323153
v -3.540904 4.200642 0.364282
v -3.593092 4.200642 0.454673
v -3.735632 4.340413 0.372377
v -3.724612 4.340413 0.413507
v -3.642316 4.340413 0.270966
v -3.683445 4.340413 0.281986
v -3.540904 4.340413 0.364282
v -3.551925 4.340413 0.323153
v -3.634221 4.340413 0.465694
v -3.593092 4.340413 0.454673
v -3.594426 4.200642 0.449694
v -3.635555 4.200642 0.460714
v -3.556904 4.200642 0.324487
v -3.545883 4.200642 0.365616
v -3.682111 4.200642 0.286966
v -3.640982 4.200642 0.275945
v -3.719632 4.200642 0.412172
v -3.730653 4.200642 0.371043
v -3.638268 4.200642 0.459010
v -3.683608 4.200642 0.446861
v -3.716799 4.200642 0.413670
v -3.728948 4.200642 0.368330
v -3.716799 4.200642 0.322990
v -3.683608 4.200642 0.289799
v -3.638268 4.200642 0.277650
v -3.592928 4.200642 0.289799
v -3.559737 4.200642 0.322990
v -3.547588 4.200642 0.368330
v -3.559737 4.200642 0.413670
v -3.592928 4.200642 0.446861
v -3.687764 4.200642 0.454059
v -3.638268 4.200642 0.467321
v -3.723997 4.200642 0.417825
v -3.737260 4.200642 0.368330
v -3.723997 4.200642 0.318834
v -3.687764 4.200642 0.282601
v -3.638268 4.200642 0.269338
v -3.588773 4.200642 0.282601
v -3.552539 4.200642 0.318834
v -3.539277 4.200642 0.368330
v -3.552539 4.200642 0.417825
v -3.588773 4.200642 0.454059
v -3.683608 3.310133 0.446861
v -3.638268 3.310133 0.459010
v -3.716799 3.310133 0.413670
v -3.728948 3.310133 0.368330
v -3.716799 3.310133 0.322990
v -3.683608 3.310133 0.289799
v -3.638268 3.310133 0.277650
v -3.592928 3.310133 0.289799
v -3.559737 3.310133 0.322990
v -3.547588 3.310133 0.368330
v -3.559737 3.310133 0.413670
v -3.592928 3.310133 0.446861
v -3.638268 4.114022 0.467321
v -3.687764 4.114022 0.454059
v -3.723997 4.114022 0.417825
v -3.737260 4.114022 0.368330
v -3.723997 4.114022 0.318834
v -3.687764 4.114022 0.282601
v -3.638268 4.114022 0.269338
v -3.588773 4.114022 0.282601
v -3.552539 4.114022 0.318834
v -3.539277 4.114022 0.368330
v -3.552539 4.114022 0.417825
v -3.588773 4.114022 0.454059
v -3.638268 4.114022 0.480726
v -3.694467 4.114022 0.465668
v -3.735607 4.114022 0.424528
v -3.750665 4.114022 0.368330
v -3.735607 4.114022 0.312131
v -3.694467 4.114022 0.270991
v -3.638268 4.114022 0.255933
v -3.582070 4.114022 0.270991
v -3.540930 4.114022 0.312131
v -3.525872 4.114022 0.368330
v -3.540930 4.114022 0.424528
v -3.582070 4.114022 0.465668
v -3.687764 4.239442 0.454059
v -3.638268 4.239442 0.467321
v -3.694467 4.239442 0.465668
v -3.723997 4.239442 0.417825
v -3.737260 4.239442 0.368330
v -3.723997 4.239442 0.318834
v -3.687764 4.239442 0.282601
v -3.638268 4.239442 0.269338
v -3.588773 4.239442 0.282601
v -3.552539 4.239442 0.318834
v -3.539277 4.239442 0.368330
v -3.552539 4.239442 0.417825
v -3.588773 4.239442 0.454059
v -3.735607 4.239442 0.424528
v -3.540930 4.239442 0.312131
v -3.525872 4.239442 0.368330
v -3.750665 4.239442 0.368330
v -3.735607 4.239442 0.312131
v -3.638268 4.239442 0.480726
v -3.694467 4.239442 0.270991
v -3.638268 4.239442 0.255933
v -3.582070 4.239442 0.270991
v -3.540930 4.239442 0.424528
v -3.582070 4.239442 0.465668
v -3.588773 2.999611 0.454059
v -3.539277 2.999611 0.368330
v -3.723997 2.999611 0.417825
v -3.687764 2.999611 0.454059
v -3.737260 2.999611 0.368330
v -3.723997 2.999611 0.318834
v -3.687764 2.999611 0.282601
v -3.638268 2.999611 0.269338
v -3.588773 2.999611 0.282601
v -3.552539 2.999611 0.318834
v -3.552539 2.999611 0.417825
v -3.638268 2.999611 0.467321
v -3.598636 1.271517 0.300028
v -3.571169 1.160613 0.300772
v -3.601917 1.135636 0.289343
v -3.499901 1.085105 0.289382
v -3.637852 1.272736 0.289387
v -3.632988 1.110283 0.299503
v -3.509302 1.046693 0.299634
v -3.677368 1.274065 0.299687
v -3.655804 1.091657 0.328497
v -3.516203 1.018256 0.328512
v -3.706613 1.274996 0.328540
v -3.664156 1.084840 0.368330
v -3.518746 1.007785 0.368330
v -3.717391 1.275318 0.368330
v -3.655804 1.091657 0.408163
v -3.516203 1.018257 0.408147
v -3.706613 1.274996 0.408120
v -3.632988 1.110283 0.437157
v -3.509302 1.046693 0.437026
v -3.677368 1.274065 0.436973
v -3.405939 1.038353 0.436841
v -3.405939 1.038353 0.299818
v -3.406729 1.077843 0.289391
v -3.407807 1.146005 0.328882
v -3.482722 1.150657 0.328890
v -3.407807 1.146005 0.407778
v -3.482722 1.150657 0.407769
v -3.407411 1.117193 0.436633
v -3.490267 1.123036 0.436526
v -3.637852 1.272736 0.447272
v -3.601917 1.135636 0.447316
v -3.598636 1.271517 0.436632
v -3.598799 2.999611 0.436692
v -3.569860 1.270891 0.407863
v -3.559246 1.270761 0.368330
v -3.559331 2.999611 0.368330
v -3.569860 1.270891 0.328796
v -3.706630 2.999611 0.407799
v -3.406729 1.077843 0.447269
v -3.499901 1.085105 0.447277
v -3.569906 2.999611 0.407799
v -3.569906 2.999611 0.328861
v -3.717206 2.999611 0.368330
v -3.677737 2.999611 0.436692
v -3.638268 2.999611 0.447267
v -3.706630 2.999611 0.328861
v -3.677737 2.999611 0.299968
v -3.638268 2.999611 0.289392
v -3.598799 2.999611 0.299968
v -3.405319 1.009279 0.407974
v -3.405087 0.998592 0.368330
v -3.405319 1.009279 0.328685
v -3.407411 1.117193 0.300027
v -3.407923 1.156571 0.368330
v -3.479767 1.160815 0.368330
v -3.490267 1.123036 0.300133
v -3.549220 1.178182 0.330077
v -3.541485 1.184230 0.368330
v -3.549220 1.178182 0.406582
v -3.571169 1.160613 0.435888
vn -0.0000 -0.0000 -1.0000
vn -0.0000 -0.0000 1.0000
vn -0.0000 -1.0000 -0.0000
vn -0.0000 1.0000 -0.0000
vn 1.0000 -0.0000 -0.0000
vn -1.0000 -0.0000 -0.0000
vn 0.5000 0.8660 -0.0000
vn 0.8660 0.5000 -0.0000
vn -0.5000 -0.8660 -0.0000
vn -0.8660 -0.5000 -0.0000
vn 0.5000 -0.8660 -0.0000
vn 0.8660 -0.5000 -0.0000
vn 0.5964 -0.8027 -0.0004
vn -0.5000 0.8660 -0.0000
vn -0.8660 0.5000 -0.0000
vn -0.5852 -0.8109 -0.0000
vn -0.5540 -0.8325 -0.0000
vn 0.5540 -0.8325 0.0013
vn 0.5000 0.8660 0.0021
vn -0.5000 0.8660 0.0021
vn -0.0000 1.0000 -0.0076
vn -0.4696 0.8829 0.0006
vn 0.4696 0.8829 -0.0000
vn -0.0000 1.0000 0.0025
vn -0.0000 1.0000 0.0007
vn -0.0000 0.8660 0.5000
vn -0.0000 0.5000 0.8660
vn -0.0000 -0.5000 0.8660
vn -0.0000 -0.8660 0.5000
vn -0.0000 -0.8660 -0.5000
vn -0.0000 -0.5000 -0.8660
vn -0.0000 0.5000 -0.8660
vn -0.0000 0.8660 -0.5000
vn -0.0000 -0.5651 -0.8250
vn -0.0002 -0.8660 -0.5000
vn 0.0003 -1.0000 -0.0000
vn 0.0007 -0.8660 0.5000
vn -0.0000 -0.3944 0.9189
vn -0.0054 -0.0000 -1.0000
vn 0.0039 0.5000 0.8660
vn 0.0054 -0.0000 1.0000
vn -0.0015 1.0000 -0.0000
vn 0.0014 0.8660 0.5000
vn -0.0039 0.8660 -0.5000
vn -0.0054 0.5000 -0.8660
vn 0.6323 0.7747 -0.0000
vn 0.9258 0.3781 -0.0000
vn 0.9258 -0.3781 -0.0000
vn 0.6323 -0.7747 -0.0000
vn -0.6323 0.7747 -0.0000
vn -0.9258 0.3781 -0.0000
vn -0.9258 -0.3781 -0.0000
vn -0.6323 -0.7747 -0.0000
vn 0.4592 -0.0000 -0.8883
vn 0.8404 -0.0000 -0.5419
vn 0.8404 -0.0000 0.5419
vn 0.4592 -0.0000 0.8883
vn -0.4592 -0.0000 -0.8883
vn -0.8404 -0.0000 -0.5419
vn -0.8404 -0.0000 0.5419
vn -0.4592 -0.0000 0.8883
vn 0.0089 -1.0000 -0.0000
vn -0.0089 1.0000 -0.0000
vn -0.0000 0.8650 0.5017
vn -0.0000 -0.8650 -0.5017
vn -0.0000 -0.5071 0.8619
vn -0.7071 0.6117 0.3548
vn 0.7071 0.6117 0.3548
vn 0.7071 -0.6117 -0.3548
vn -0.7071 -0.6117 -0.3548
vn -0.0000 0.8650 -0.5017
vn -0.0000 -0.8650 0.5017
vn -0.0000 -0.5071 -0.8619
vn -0.7071 0.6116 -0.3548
vn -0.7071 0.6117 -0.3548
vn 0.7071 0.6117 -0.3548
vn 0.7071 -0.6117 0.3548
vn -0.7071 -0.6117 0.3548
vn -0.0000 -0.8653 -0.5012
vn -0.0000 -0.9888 -0.1493
vn -0.0000 0.9888 0.1494
vn -0.0000 -0.1504 0.9886
vn 0.7071 0.6992 0.1056
vn -0.7071 0.6992 0.1056
vn -0.7071 -0.6992 -0.1056
vn 0.7071 -0.6992 -0.1056
vn -0.0000 -0.9889 -0.1489
vn -0.0000 0.9889 0.1488
vn -0.0000 0.2297 0.9733
vn -0.0000 -0.9889 -0.1488
vn -0.0000 -0.8575 -0.5145
vn -0.0000 0.9534 0.3017
vn -0.0000 0.1897 -0.9818
vn -0.0000 -0.9861 -0.1664
vn -0.0000 0.9861 0.1664
vn -0.0000 -0.1897 0.9818
vn -0.0000 0.1664 -0.9861
vn -0.0000 -0.1664 0.9861
vn 0.1877 0.9822 -0.0000
vn -0.1877 0.9822 -0.0000
vn -0.7071 -0.0000 -0.7071
vn 0.7071 -0.0000 0.7071
vn -0.7071 -0.0000 0.7071
vn 0.7071 -0.0000 -0.7071
vn 0.7071 -0.7071 -0.0000
vn -0.7071 0.7071 -0.0000
vn -0.0000 0.7071 0.7071
vn -0.0000 0.7071 -0.7071
vn 0.7071 0.7071 -0.0000
vn -0.4972 -0.7111 -0.4972
vn 0.4972 -0.7111 -0.4972
vn -0.1820 -0.7111 0.6792
vn 0.4972 -0.7111 0.4972
vn -0.6792 -0.7111 -0.1820
vn 0.1820 -0.7111 -0.6792
vn 0.6792 -0.7111 0.1820
vn -0.6792 -0.7111 0.1820
vn -0.1820 -0.7111 -0.6792
vn 0.6792 -0.7110 -0.1820
vn -0.4972 -0.7111 0.4972
vn 0.1820 -0.7110 0.6792
vn 0.4973 0.7110 0.4973
vn -0.4973 0.7110 0.4973
vn 0.1820 0.7110 -0.6793
vn -0.4973 0.7110 -0.4973
vn 0.6793 0.7110 0.1820
vn -0.1820 0.7110 0.6793
vn -0.6793 0.7110 -0.1820
vn 0.6793 0.7110 -0.1820
vn 0.1820 0.7110 0.6793
vn -0.6793 0.7110 0.1820
vn 0.4973 0.7110 -0.4973
vn -0.1820 0.7110 -0.6793
vn -0.1902 -0.6781 -0.7100
vn -0.5197 -0.6781 -0.5198
vn -0.7099 -0.6782 -0.1902
vn -0.7099 -0.6781 0.1902
vn -0.5197 -0.6782 0.5196
vn -0.1902 -0.6782 0.7099
vn 0.1902 -0.6782 0.7098
vn 0.5198 -0.6781 0.5197
vn 0.7099 -0.6781 0.1903
vn 0.7099 -0.6781 -0.1902
vn 0.5197 -0.6781 -0.5197
vn 0.1902 -0.6780 -0.7100
vn -0.2588 -0.0000 -0.9659
vn 0.2588 -0.0000 0.9659
vn 0.9660 -0.0000 -0.2587
vn -0.9659 -0.0000 0.2588
vn -0.9660 -0.0000 0.2587
vn 0.9659 -0.0000 -0.2588
vn 0.9659 -0.0000 0.2588
vn -0.2588 -0.0000 0.9659
vn -0.9659 -0.0000 -0.2588
vn 0.2588 -0.0000 -0.9659
vn 0.2631 0.0587 -0.9630
vn 0.1066 0.2460 -0.9634
vn -0.2537 -0.0662 -0.9650
vn -0.1136 -0.2301 -0.9665
vn -0.6929 -0.1870 -0.6963
vn -0.3251 -0.6338 -0.7018
vn -0.9329 -0.2585 -0.2506
vn -0.4501 -0.8561 -0.2539
vn -0.9348 -0.2613 0.2407
vn -0.4543 -0.8573 0.2420
vn -0.7058 -0.1954 0.6809
vn -0.3399 -0.6466 0.6829
vn -0.0187 -0.2535 0.9671
vn -0.0560 -0.7047 0.7073
vn -0.0779 -0.9629 0.2582
vn -0.0775 -0.9627 -0.2591
vn -0.0555 -0.7041 -0.7079
vn -0.0198 -0.2556 -0.9666
vn 0.0172 0.2612 -0.9651
vn 0.0438 0.7072 -0.7056
vn 0.0570 0.9644 -0.2582
vn 0.0599 0.9656 0.2532
vn 0.0494 0.7138 0.6986
vn 0.0210 0.2677 0.9633
vn 0.2611 0.6611 -0.7035
vn 0.7010 0.1464 -0.6980
vn 0.3427 0.9032 -0.2583
vn 0.9475 0.1945 -0.2537
vn 0.3700 0.9032 0.2176
vn 0.9516 0.2087 0.2254
vn 0.3157 0.6907 0.6506
vn 0.7338 0.1773 0.6559
vn 0.1344 0.2707 0.9532
vn 0.2919 0.0768 0.9533
vn -0.1212 -0.2377 0.9638
vn -0.2587 -0.0690 0.9635
vn -0.2522 -0.0001 0.9677
vn -0.7023 -0.0000 0.7119
vn -0.9652 -0.0000 0.2614
vn -0.9652 -0.0000 -0.2614
vn -0.7023 -0.0000 -0.7119
vn -0.2522 -0.0001 -0.9677
vn 0.2619 -0.0000 -0.9651
vn 0.7070 -0.0000 -0.7072
vn 0.9658 -0.0000 -0.2593
vn 0.9658 -0.0000 0.2593
vn 0.7070 -0.0000 0.7072
vn 0.2619 -0.0000 0.9651
vn 0.5852 -0.8109 -0.0000
vn -0.5964 -0.8027 -0.0004
vn -1.0000 -0.0000 -0.0001
vn -0.5649 -0.8252 -0.0006
vn 0.5298 -0.8481 -0.0000
vn 0.4137 0.9104 -0.0000
vn -0.4137 0.9104 -0.0000
vn -0.0334 0.9994 -0.0128
vn -0.4547 0.8906 -0.0000
vn 0.5000 0.8660 -0.0013
vn -0.0577 0.9983 -0.0015
vn -0.0000 -0.5001 -0.8660
vn -0.0006 -0.5454 -0.8382
vn -0.0039 -0.5000 -0.8660
vn 0.0010 -0.4301 0.9028
vn -0.0000 -0.5001 0.8660
vn 0.0054 -0.5000 0.8660
vn -0.0040 0.8660 -0.5000
vn -0.0001 -0.5071 -0.8619
vn 0.0001 -0.5071 -0.8619
vn -0.6792 -0.7110 -0.1820
vn 0.6792 -0.7111 -0.1820
vn -0.4971 -0.7110 0.4973
vn 0.1820 -0.7111 0.6792
vn -0.0000 -1.0000 -0.0004
vn -0.0000 -1.0000 0.0002
vn -0.0000 -1.0000 0.0001
vn 0.4972 0.7110 0.4973
vn -0.4973 0.7109 0.4973
vn 0.1820 0.7109 -0.6793
vn -0.4972 0.7110 -0.4973
vn 0.6793 0.7110 0.1819
vn -0.1820 0.7109 0.6793
vn -0.6793 0.7110 -0.1819
vn 0.4973 0.7109 -0.4973
vn -0.0000 1.0000 -0.0003
vn -0.0000 1.0000 0.0002
vn -0.0000 1.0000 -0.0001
vn -0.0000 1.0000 0.0003
vn -0.1902 -0.6782 -0.7098
vn -0.5197 -0.6782 -0.5196
vn -0.7099 -0.6781 -0.1902
vn -0.7099 -0.6782 0.1902
vn -0.5197 -0.6781 0.5198
vn -0.1902 -0.6781 0.7100
vn 0.1902 -0.6780 0.7100
vn 0.5197 -0.6781 0.5197
vn 0.7099 -0.6781 0.1902
vn 0.7099 -0.6781 -0.1903
vn 0.5198 -0.6781 -0.5197
vn 0.1902 -0.6782 -0.7099
vn 0.2919 0.0768 -0.9533
vn 0.1344 0.2707 -0.9532
vn -0.2587 -0.0690 -0.9635
vn -0.1212 -0.2377 -0.9638
vn -0.7058 -0.1954 -0.6809
vn -0.3399 -0.6466 -0.6829
vn -0.9348 -0.2613 -0.2407
vn -0.4543 -0.8573 -0.2420
vn -0.9329 -0.2585 0.2506
vn -0.4501 -0.8561 0.2539
vn -0.6929 -0.1870 0.6963
vn -0.3251 -0.6338 0.7018
vn -0.0198 -0.2556 0.9666
vn -0.0555 -0.7041 0.7079
vn -0.0775 -0.9627 0.2591
vn -0.0779 -0.9629 -0.2582
vn -0.0560 -0.7047 -0.7073
vn -0.0187 -0.2535 -0.9671
vn 0.0210 0.2677 -0.9633
vn 0.0494 0.7138 -0.6986
vn 0.0599 0.9656 -0.2532
vn 0.0570 0.9644 0.2581
vn 0.0438 0.7072 0.7056
vn 0.0172 0.2612 0.9651
vn 0.3157 0.6907 -0.6505
vn 0.7338 0.1773 -0.6559
vn 0.3700 0.9032 -0.2176
vn 0.9516 0.2087 -0.2254
vn 0.3427 0.9032 0.2583
vn 0.9475 0.1945 0.2537
vn 0.2611 0.6611 0.7035
vn 0.7010 0.1464 0.6980
vn 0.1066 0.2460 0.9634
vn 0.2631 0.0587 0.9630
vn -0.1136 -0.2301 0.9665
vn -0.2537 -0.0662 0.9650
vn -0.2588 0.0001 0.9659
vn -0.7071 0.0001 0.7071
vn -0.9659 0.0001 0.2588
vn -0.9659 0.0001 -0.2588
vn -0.7071 0.0001 -0.7071
vn -0.2588 0.0001 -0.9659
vn 0.2588 0.0001 -0.9659
vn 0.2588 0.0001 0.9659
vt 0.567012 0.903968
vt 0.566190 0.909981
vt 0.566190 0.903968
vt 0.567012 0.909981
vt 0.567012 0.851585
vt 0.566190 0.857597
vt 0.566190 0.851585
vt 0.567012 0.857597
vt 0.566190 0.842896
vt 0.566172 0.969107
vt 0.566172 0.842896
vt 0.566190 0.967526
vt 0.566172 0.967526
vt 0.566190 0.969107
vt 0.567030 0.969107
vt 0.567012 0.842896
vt 0.567030 0.842896
vt 0.567012 0.967526
vt 0.567030 0.967526
vt 0.566230 0.857597
vt 0.566230 0.903968
vt 0.566238 0.857597
vt 0.566238 0.903968
vt 0.569780 0.831563
vt 0.569780 0.877934
vt 0.569788 0.831563
vt 0.569788 0.877934
vt 0.566411 0.857597
vt 0.566411 0.903968
vt 0.566420 0.857597
vt 0.566420 0.903968
vt 0.566502 0.857597
vt 0.566502 0.903968
vt 0.566510 0.857597
vt 0.566510 0.903968
vt 0.566684 0.857597
vt 0.566684 0.903968
vt 0.566692 0.857597
vt 0.566692 0.903968
vt 0.570234 0.831563
vt 0.570234 0.877934
vt 0.570242 0.831563
vt 0.570242 0.877934
vt 0.570325 0.831563
vt 0.570325 0.877934
vt 0.570333 0.831563
vt 0.570333 0.877934
vt 0.566956 0.857597
vt 0.566956 0.903968
vt 0.566964 0.857597
vt 0.566964 0.903968
vt 0.068367 0.933113
vt 0.068026 0.933749
vt 0.068004 0.933113
vt 0.069222 0.908268
vt 0.067187 0.909370
vt 0.067149 0.908268
vt 0.068672 0.924252
vt 0.067721 0.924888
vt 0.068650 0.924888
vt 0.068744 0.920246
vt 0.067459 0.921454
vt 0.068704 0.921454
vt 0.069088 0.909831
vt 0.067052 0.909133
vt 0.067075 0.909831
vt 0.069140 0.910642
vt 0.067209 0.910006
vt 0.069162 0.910006
vt 0.068998 0.914755
vt 0.067351 0.914119
vt 0.069020 0.914119
vt 0.068530 0.928365
vt 0.067803 0.927263
vt 0.068568 0.927263
vt 0.068285 0.935488
vt 0.068048 0.934386
vt 0.068086 0.935488
vt 0.068487 0.929637
vt 0.067862 0.929001
vt 0.068508 0.929001
vt 0.069058 0.913017
vt 0.067313 0.913017
vt 0.067231 0.910642
vt 0.067759 0.925990
vt 0.069226 0.905098
vt 0.068197 0.905894
vt 0.068197 0.905075
vt 0.068813 0.920140
vt 0.067596 0.921242
vt 0.067558 0.920140
vt 0.069111 0.909133
vt 0.067029 0.908436
vt 0.068204 0.937862
vt 0.068186 0.938392
vt 0.068167 0.937862
vt 0.067699 0.924252
vt 0.067308 0.912880
vt 0.068345 0.933749
vt 0.068129 0.936760
vt 0.068242 0.936760
vt 0.068895 0.917765
vt 0.067432 0.916493
vt 0.068939 0.916493
vt 0.068835 0.919503
vt 0.067514 0.918867
vt 0.067536 0.919503
vt 0.067841 0.928365
vt 0.067471 0.921792
vt 0.068405 0.932011
vt 0.067922 0.930739
vt 0.068449 0.930739
vt 0.067394 0.915391
vt 0.068977 0.915391
vt 0.068732 0.922514
vt 0.067677 0.923616
vt 0.067639 0.922514
vt 0.068571 0.925453
vt 0.067632 0.926662
vt 0.068531 0.926662
vt 0.067476 0.917765
vt 0.068399 0.930661
vt 0.067804 0.931869
vt 0.068359 0.931869
vt 0.069102 0.911744
vt 0.068962 0.913643
vt 0.067224 0.914341
vt 0.068939 0.914341
vt 0.068790 0.918850
vt 0.067396 0.919548
vt 0.068767 0.919548
vt 0.068273 0.934473
vt 0.067913 0.935170
vt 0.068250 0.935170
vt 0.068141 0.938472
vt 0.068062 0.939680
vt 0.068101 0.939680
vt 0.069179 0.904624
vt 0.068093 0.905832
vt 0.069179 0.905832
vt 0.067884 0.929637
vt 0.068857 0.918867
vt 0.068694 0.923616
vt 0.067419 0.920246
vt 0.069226 0.906996
vt 0.067145 0.905894
vt 0.069226 0.905894
vt 0.067247 0.915038
vt 0.068916 0.915038
vt 0.068323 0.934386
vt 0.068187 0.937076
vt 0.067936 0.935868
vt 0.067976 0.937076
vt 0.069226 0.905257
vt 0.068612 0.925990
vt 0.067966 0.932011
vt 0.068876 0.916247
vt 0.067287 0.916247
vt 0.069002 0.912435
vt 0.067201 0.913643
vt 0.068775 0.921242
vt 0.067145 0.906996
vt 0.069184 0.909370
vt 0.068422 0.929963
vt 0.067764 0.930661
vt 0.068594 0.924756
vt 0.067592 0.925453
vt 0.068485 0.928057
vt 0.067718 0.929265
vt 0.068445 0.929265
vt 0.067588 0.908082
vt 0.067588 0.907227
vt 0.067269 0.911744
vt 0.069179 0.903751
vt 0.068093 0.904624
vt 0.067741 0.929963
vt 0.067145 0.908147
vt 0.067850 0.933264
vt 0.068313 0.933264
vt 0.068197 0.909048
vt 0.069174 0.907227
vt 0.068022 0.938472
vt 0.069048 0.911039
vt 0.067115 0.911039
vt 0.067890 0.934473
vt 0.068830 0.917642
vt 0.067373 0.918850
vt 0.067372 0.914755
vt 0.067333 0.917642
vt 0.067606 0.921550
vt 0.067161 0.912435
vt 0.068082 0.940261
vt 0.068197 0.908268
vt 0.068197 0.906996
vt 0.068227 0.935868
vt 0.068657 0.922849
vt 0.067545 0.924058
vt 0.068618 0.924058
vt 0.067678 0.928057
vt 0.067569 0.924756
vt 0.067145 0.905257
vt 0.067718 0.906996
vt 0.067718 0.905894
vt 0.066984 0.905832
vt 0.066984 0.907094
vt 0.066989 0.907227
vt 0.067588 0.904624
vt 0.067588 0.905832
vt 0.067588 0.903819
vt 0.066984 0.904624
vt 0.067145 0.905184
vt 0.067718 0.905160
vt 0.068197 0.871970
vt 0.069287 0.871333
vt 0.069287 0.871970
vt 0.068197 0.871333
vt 0.069287 0.870232
vt 0.068197 0.870232
vt 0.069287 0.868959
vt 0.068197 0.868057
vt 0.067718 0.868375
vt 0.067068 0.867857
vt 0.069287 0.867221
vt 0.069287 0.867857
vt 0.067068 0.867221
vt 0.068197 0.868959
vt 0.515997 0.927322
vt 0.515997 0.928506
vt 0.515997 0.929056
vt 0.517104 0.929056
vt 0.517104 0.927871
vt 0.517104 0.927322
vt 0.068197 0.876718
vt 0.069278 0.876082
vt 0.069278 0.876718
vt 0.068197 0.876082
vt 0.069278 0.874980
vt 0.068197 0.874980
vt 0.069278 0.873708
vt 0.068197 0.873708
vt 0.069278 0.872606
vt 0.068197 0.872606
vt 0.069278 0.871970
vt 0.516003 0.929690
vt 0.516003 0.930875
vt 0.516003 0.931425
vt 0.517100 0.931425
vt 0.517100 0.930240
vt 0.517100 0.929690
vt 0.068197 0.881467
vt 0.069291 0.880831
vt 0.069291 0.881467
vt 0.068197 0.880831
vt 0.069291 0.879729
vt 0.068197 0.879729
vt 0.069291 0.878456
vt 0.068197 0.878456
vt 0.069291 0.877355
vt 0.068197 0.877355
vt 0.069291 0.876718
vt 0.068197 0.879384
vt 0.516008 0.932059
vt 0.516008 0.933244
vt 0.516008 0.933793
vt 0.517106 0.933793
vt 0.517106 0.932609
vt 0.517106 0.932059
vt 0.068197 0.886216
vt 0.069278 0.885580
vt 0.069278 0.886216
vt 0.068197 0.885580
vt 0.069278 0.884478
vt 0.068197 0.884478
vt 0.069278 0.883205
vt 0.068197 0.883205
vt 0.069278 0.882103
vt 0.068197 0.882103
vt 0.069278 0.881467
vt 0.516003 0.934428
vt 0.516003 0.935612
vt 0.516003 0.936162
vt 0.517100 0.936162
vt 0.517100 0.934978
vt 0.517100 0.934428
vt 0.068197 0.890964
vt 0.069297 0.890328
vt 0.069297 0.890964
vt 0.068197 0.890328
vt 0.069297 0.889226
vt 0.068197 0.889226
vt 0.069297 0.887954
vt 0.068197 0.887954
vt 0.069297 0.886852
vt 0.068197 0.886852
vt 0.069297 0.886216
vt 0.515997 0.936797
vt 0.515997 0.937981
vt 0.515997 0.938531
vt 0.517109 0.938531
vt 0.517109 0.937346
vt 0.517109 0.936797
vt 0.068197 0.895713
vt 0.069278 0.895077
vt 0.069278 0.895713
vt 0.068197 0.895077
vt 0.069278 0.893975
vt 0.068197 0.893975
vt 0.069278 0.892703
vt 0.068197 0.892703
vt 0.069278 0.891601
vt 0.068197 0.891601
vt 0.069278 0.890964
vt 0.515993 0.939166
vt 0.515993 0.940350
vt 0.515993 0.940900
vt 0.517100 0.940900
vt 0.517100 0.939715
vt 0.517100 0.939166
vt 0.068197 0.900462
vt 0.069287 0.899826
vt 0.069287 0.900462
vt 0.068197 0.899826
vt 0.069287 0.898724
vt 0.068197 0.898724
vt 0.069287 0.897451
vt 0.068197 0.897451
vt 0.069287 0.896349
vt 0.068197 0.896349
vt 0.069287 0.895713
vt 0.515998 0.941534
vt 0.515998 0.942719
vt 0.515998 0.943268
vt 0.517104 0.943268
vt 0.517104 0.942084
vt 0.517104 0.941534
vt 0.069278 0.904574
vt 0.069278 0.905210
vt 0.068197 0.904574
vt 0.069278 0.903472
vt 0.068197 0.903472
vt 0.069278 0.902200
vt 0.068197 0.902200
vt 0.069278 0.901098
vt 0.068197 0.901098
vt 0.069278 0.900462
vt 0.516003 0.943903
vt 0.516003 0.944453
vt 0.516003 0.945918
vt 0.517100 0.943903
vt 0.517100 0.945087
vt 0.517100 0.945955
vt 0.069288 0.871333
vt 0.067074 0.871970
vt 0.069288 0.871970
vt 0.069288 0.870232
vt 0.067074 0.871333
vt 0.069288 0.868959
vt 0.067074 0.870232
vt 0.069288 0.867857
vt 0.067074 0.868959
vt 0.069288 0.867221
vt 0.067074 0.867857
vt 0.067074 0.867221
vt 0.516001 0.927322
vt 0.516001 0.927871
vt 0.516001 0.929373
vt 0.517105 0.928506
vt 0.517105 0.927322
vt 0.517105 0.927004
vt 0.069278 0.876082
vt 0.067054 0.876718
vt 0.069278 0.876718
vt 0.069278 0.874980
vt 0.067054 0.876082
vt 0.069278 0.873708
vt 0.067054 0.874980
vt 0.069278 0.872606
vt 0.067054 0.873708
vt 0.069278 0.871970
vt 0.067054 0.872606
vt 0.067054 0.871970
vt 0.515990 0.929690
vt 0.515990 0.930240
vt 0.515990 0.931742
vt 0.517100 0.929690
vt 0.517100 0.929373
vt 0.517100 0.931425
vt 0.069287 0.880831
vt 0.067059 0.881467
vt 0.069287 0.881467
vt 0.069287 0.879729
vt 0.067059 0.880831
vt 0.069287 0.878456
vt 0.067059 0.879729
vt 0.069287 0.877355
vt 0.067059 0.878456
vt 0.069287 0.876718
vt 0.067059 0.877355
vt 0.067059 0.876718
vt 0.515993 0.932059
vt 0.515993 0.932609
vt 0.515993 0.934111
vt 0.517104 0.932059
vt 0.517104 0.931742
vt 0.517104 0.933793
vt 0.069280 0.885580
vt 0.067054 0.886216
vt 0.069280 0.886216
vt 0.069280 0.884478
vt 0.067054 0.885580
vt 0.069280 0.883205
vt 0.067054 0.884478
vt 0.069280 0.882103
vt 0.067054 0.883205
vt 0.069280 0.881467
vt 0.067054 0.882103
vt 0.067054 0.881467
vt 0.515990 0.934428
vt 0.515990 0.934978
vt 0.515990 0.936479
vt 0.517101 0.934428
vt 0.517101 0.934111
vt 0.517101 0.936162
vt 0.069287 0.890328
vt 0.067075 0.890964
vt 0.069287 0.890964
vt 0.069287 0.889226
vt 0.067075 0.890328
vt 0.069287 0.887954
vt 0.067075 0.889226
vt 0.069287 0.886852
vt 0.067075 0.887954
vt 0.069287 0.886216
vt 0.067075 0.886852
vt 0.067075 0.886216
vt 0.516001 0.936797
vt 0.516001 0.937346
vt 0.516001 0.938848
vt 0.517104 0.936797
vt 0.517104 0.936479
vt 0.517104 0.938531
vt 0.069295 0.895077
vt 0.067054 0.895713
vt 0.069295 0.895713
vt 0.069295 0.893975
vt 0.067054 0.895077
vt 0.069295 0.892703
vt 0.067054 0.893975
vt 0.069295 0.891601
vt 0.067054 0.892703
vt 0.069295 0.890964
vt 0.067054 0.891601
vt 0.067054 0.890964
vt 0.515990 0.939166
vt 0.515990 0.939715
vt 0.515990 0.941217
vt 0.517108 0.939166
vt 0.517108 0.938848
vt 0.517108 0.940900
vt 0.069289 0.899826
vt 0.067069 0.900462
vt 0.069289 0.900462
vt 0.069289 0.898724
vt 0.067069 0.899826
vt 0.069289 0.897451
vt 0.067069 0.898724
vt 0.069289 0.896349
vt 0.067069 0.897451
vt 0.069289 0.895713
vt 0.067069 0.896349
vt 0.067069 0.895713
vt 0.515998 0.942084
vt 0.515998 0.943586
vt 0.517105 0.941534
vt 0.517105 0.941217
vt 0.517105 0.943268
vt 0.069280 0.904574
vt 0.067054 0.905210
vt 0.069280 0.905210
vt 0.069280 0.903472
vt 0.067054 0.904574
vt 0.069280 0.902200
vt 0.067054 0.903472
vt 0.069280 0.901098
vt 0.067054 0.902200
vt 0.069280 0.900462
vt 0.067054 0.901098
vt 0.067054 0.900462
vt 0.515990 0.943903
vt 0.515990 0.944453
vt 0.515990 0.945955
vt 0.517101 0.945087
vt 0.517101 0.943903
vt 0.517101 0.943586
vt 0.067718 0.891601
vt 0.067060 0.892703
vt 0.067718 0.892703
vt 0.067718 0.876718
vt 0.067089 0.877355
vt 0.067718 0.877355
vt 0.067718 0.898724
vt 0.067718 0.897451
vt 0.067718 0.895077
vt 0.067060 0.893975
vt 0.067718 0.893975
vt 0.067718 0.878456
vt 0.067718 0.873708
vt 0.067080 0.874980
vt 0.067718 0.874980
vt 0.067718 0.868959
vt 0.067068 0.870232
vt 0.067718 0.870232
vt 0.067718 0.871333
vt 0.067718 0.872606
vt 0.067080 0.873708
vt 0.067718 0.890964
vt 0.067060 0.891601
vt 0.067718 0.901098
vt 0.067080 0.900462
vt 0.067718 0.900462
vt 0.067718 0.885580
vt 0.067080 0.886216
vt 0.067718 0.886216
vt 0.067718 0.902200
vt 0.067080 0.901098
vt 0.067080 0.876082
vt 0.067718 0.876082
vt 0.067060 0.895077
vt 0.067718 0.868241
vt 0.067718 0.897891
vt 0.067718 0.889226
vt 0.067068 0.890328
vt 0.067718 0.890328
vt 0.067068 0.871970
vt 0.067718 0.871970
vt 0.067068 0.871333
vt 0.067718 0.881467
vt 0.067089 0.880831
vt 0.067718 0.880831
vt 0.067080 0.885580
vt 0.067718 0.882103
vt 0.067080 0.881467
vt 0.067089 0.881467
vt 0.067718 0.884478
vt 0.067718 0.899826
vt 0.067718 0.887954
vt 0.067068 0.889226
vt 0.067718 0.895713
vt 0.067718 0.896349
vt 0.067718 0.904574
vt 0.067080 0.905137
vt 0.067060 0.895713
vt 0.067089 0.878456
vt 0.067080 0.884478
vt 0.067080 0.904574
vt 0.067080 0.883205
vt 0.067718 0.883205
vt 0.067718 0.879729
vt 0.067068 0.886852
vt 0.067718 0.886852
vt 0.067080 0.882103
vt 0.067718 0.903472
vt 0.067068 0.890964
vt 0.067089 0.879729
vt 0.067080 0.871970
vt 0.067068 0.868959
vt 0.067080 0.872606
vt 0.067068 0.886216
vt 0.067080 0.876718
vt 0.067089 0.876718
vt 0.067080 0.903472
vt 0.067068 0.887954
vt 0.067080 0.902200
vt 0.067060 0.890964
vt 0.067183 0.878486
vt 0.069108 0.877298
vt 0.069108 0.878486
vt 0.067183 0.877298
vt 0.069108 0.875240
vt 0.067183 0.875240
vt 0.069108 0.872863
vt 0.067183 0.872863
vt 0.069108 0.870805
vt 0.067183 0.870805
vt 0.069108 0.869616
vt 0.067183 0.869616
vt 0.516055 0.928792
vt 0.516055 0.931004
vt 0.516055 0.932031
vt 0.517015 0.929819
vt 0.517015 0.928792
vt 0.517015 0.932624
vt 0.067191 0.887355
vt 0.069093 0.886167
vt 0.069093 0.887355
vt 0.067191 0.886167
vt 0.069093 0.884109
vt 0.067191 0.884109
vt 0.069093 0.881732
vt 0.067191 0.881732
vt 0.069093 0.879674
vt 0.067191 0.879674
vt 0.069093 0.878486
vt 0.067191 0.878486
vt 0.516059 0.937048
vt 0.516059 0.936455
vt 0.516059 0.932624
vt 0.517008 0.934243
vt 0.517008 0.933216
vt 0.517008 0.937048
vt 0.067181 0.896225
vt 0.069101 0.895037
vt 0.069101 0.896225
vt 0.067181 0.895037
vt 0.069101 0.892978
vt 0.067181 0.892978
vt 0.069101 0.890602
vt 0.067181 0.890602
vt 0.069101 0.888544
vt 0.067181 0.888544
vt 0.069101 0.887355
vt 0.067181 0.887355
vt 0.516054 0.941472
vt 0.516054 0.940880
vt 0.516054 0.937048
vt 0.517012 0.939853
vt 0.517012 0.941472
vt 0.517012 0.938667
vt 0.067191 0.905094
vt 0.069106 0.903906
vt 0.069106 0.905094
vt 0.067191 0.903906
vt 0.069106 0.901848
vt 0.067191 0.901848
vt 0.069106 0.899471
vt 0.067191 0.899471
vt 0.069106 0.897413
vt 0.067191 0.897413
vt 0.069106 0.896225
vt 0.067191 0.896225
vt 0.069106 0.901848
vt 0.516059 0.943092
vt 0.516059 0.941472
vt 0.516059 0.944277
vt 0.517014 0.943092
vt 0.517014 0.942065
vt 0.517014 0.945897
vt 0.067191 0.869616
vt 0.069095 0.868428
vt 0.069095 0.869616
vt 0.067191 0.868428
vt 0.069095 0.866370
vt 0.067191 0.866370
vt 0.069095 0.865288
vt 0.516059 0.926040
vt 0.516059 0.928199
vt 0.517009 0.928199
vt 0.517009 0.926040
vt 0.517009 0.927607
vt 0.068665 0.922833
vt 0.069095 0.921645
vt 0.069095 0.922833
vt 0.068665 0.921645
vt 0.069095 0.919587
vt 0.068665 0.919587
vt 0.069095 0.917210
vt 0.068665 0.917210
vt 0.069095 0.915152
vt 0.068665 0.915152
vt 0.069095 0.913964
vt 0.068665 0.913964
vt 0.516059 0.954745
vt 0.516059 0.954153
vt 0.516059 0.950321
vt 0.517009 0.951940
vt 0.517009 0.950914
vt 0.517009 0.954745
vt 0.068665 0.931703
vt 0.069101 0.930515
vt 0.069101 0.931703
vt 0.068665 0.930515
vt 0.069101 0.928456
vt 0.068665 0.928456
vt 0.069101 0.926080
vt 0.068665 0.926080
vt 0.069101 0.924022
vt 0.068665 0.924022
vt 0.069101 0.922833
vt 0.069101 0.928456
vt 0.068665 0.928456
vt 0.516055 0.955338
vt 0.516055 0.957550
vt 0.516055 0.958577
vt 0.517012 0.957550
vt 0.517012 0.959170
vt 0.517012 0.956365
vt 0.067191 0.940572
vt 0.069095 0.939384
vt 0.069095 0.940572
vt 0.067191 0.939384
vt 0.069095 0.937326
vt 0.067191 0.937326
vt 0.069095 0.934949
vt 0.068371 0.934454
vt 0.068665 0.934454
vt 0.068665 0.932891
vt 0.069095 0.931703
vt 0.069095 0.932891
vt 0.067191 0.934949
vt 0.516059 0.960789
vt 0.516059 0.959170
vt 0.516059 0.961975
vt 0.517009 0.960789
vt 0.517009 0.959762
vt 0.517009 0.963594
vt 0.069101 0.912776
vt 0.069101 0.913964
vt 0.068665 0.912776
vt 0.069101 0.910717
vt 0.068665 0.910717
vt 0.069101 0.908341
vt 0.069101 0.906283
vt 0.068665 0.907464
vt 0.068371 0.907464
vt 0.067179 0.906283
vt 0.069101 0.905094
vt 0.067179 0.905094
vt 0.068665 0.908341
vt 0.069101 0.908341
vt 0.516053 0.950321
vt 0.516053 0.949728
vt 0.516053 0.945897
vt 0.517012 0.947516
vt 0.517012 0.946489
vt 0.517012 0.950321
vt 0.069103 0.878486
vt 0.067177 0.877298
vt 0.067177 0.878486
vt 0.069103 0.875239
vt 0.069103 0.877298
vt 0.069103 0.872863
vt 0.067177 0.875239
vt 0.069103 0.870805
vt 0.067177 0.872863
vt 0.069103 0.869616
vt 0.067177 0.870805
vt 0.067177 0.869616
vt 0.516052 0.928792
vt 0.516052 0.928199
vt 0.516052 0.929819
vt 0.517013 0.931004
vt 0.517013 0.928199
vt 0.517013 0.932031
vt 0.069093 0.886167
vt 0.067188 0.887355
vt 0.069093 0.887355
vt 0.069093 0.884109
vt 0.067188 0.886167
vt 0.069093 0.881732
vt 0.067188 0.884109
vt 0.069093 0.879674
vt 0.067188 0.881732
vt 0.069093 0.878486
vt 0.067188 0.879674
vt 0.067188 0.878486
vt 0.516057 0.935429
vt 0.516057 0.933216
vt 0.516057 0.934243
vt 0.517008 0.935429
vt 0.517008 0.932624
vt 0.517008 0.936455
vt 0.069086 0.895037
vt 0.067179 0.896225
vt 0.069086 0.896225
vt 0.069086 0.892978
vt 0.067179 0.895037
vt 0.069086 0.890602
vt 0.067179 0.892978
vt 0.069086 0.888544
vt 0.067179 0.890602
vt 0.069086 0.887355
vt 0.067179 0.888544
vt 0.067179 0.887355
vt 0.069086 0.890602
vt 0.516053 0.939853
vt 0.516053 0.937641
vt 0.516053 0.938667
vt 0.517004 0.939853
vt 0.517004 0.937048
vt 0.517004 0.940880
vt 0.069093 0.903906
vt 0.067187 0.905094
vt 0.069093 0.905094
vt 0.069093 0.901848
vt 0.067187 0.903906
vt 0.069093 0.899471
vt 0.067187 0.901848
vt 0.069093 0.897413
vt 0.067187 0.899471
vt 0.069093 0.896225
vt 0.067187 0.897413
vt 0.067187 0.896225
vt 0.516057 0.944277
vt 0.516057 0.942065
vt 0.516057 0.943092
vt 0.517008 0.944277
vt 0.517008 0.941472
vt 0.517008 0.945304
vt 0.069093 0.868428
vt 0.067187 0.869616
vt 0.069093 0.869616
vt 0.069093 0.866370
vt 0.067187 0.868428
vt 0.068226 0.865288
vt 0.067187 0.865288
vt 0.067187 0.866370
vt 0.516057 0.928199
vt 0.516057 0.926040
vt 0.517008 0.926040
vt 0.517008 0.926580
vt 0.517008 0.927607
vt 0.069093 0.921645
vt 0.067808 0.922833
vt 0.069093 0.922833
vt 0.067808 0.919587
vt 0.067808 0.921645
vt 0.069093 0.917210
vt 0.069093 0.919587
vt 0.069093 0.915152
vt 0.067808 0.917210
vt 0.069093 0.913964
vt 0.067808 0.915152
vt 0.067808 0.913964
vt 0.516057 0.953126
vt 0.516057 0.950914
vt 0.516057 0.951940
vt 0.517008 0.953126
vt 0.517008 0.950321
vt 0.517008 0.954153
vt 0.067808 0.931703
vt 0.067808 0.928456
vt 0.067808 0.930515
vt 0.067808 0.926080
vt 0.067808 0.924022
vt 0.516060 0.957550
vt 0.516060 0.955338
vt 0.516060 0.956365
vt 0.517012 0.954745
vt 0.517012 0.958577
vt 0.069093 0.939384
vt 0.067187 0.940572
vt 0.069093 0.940572
vt 0.069093 0.937326
vt 0.067187 0.939384
vt 0.067808 0.935331
vt 0.067515 0.935331
vt 0.067187 0.937326
vt 0.069093 0.932891
vt 0.067808 0.934949
vt 0.069093 0.934949
vt 0.069093 0.931703
vt 0.067808 0.932891
vt 0.516057 0.961975
vt 0.516057 0.959762
vt 0.516057 0.960789
vt 0.517008 0.961975
vt 0.517008 0.959170
vt 0.517008 0.963001
vt 0.069108 0.913964
vt 0.067808 0.912776
vt 0.069108 0.912776
vt 0.067808 0.910717
vt 0.069108 0.908341
vt 0.069108 0.910717
vt 0.067179 0.906217
vt 0.067515 0.908090
vt 0.067808 0.908090
vt 0.069108 0.905094
vt 0.069108 0.906283
vt 0.067179 0.905029
vt 0.067808 0.908341
vt 0.516053 0.948669
vt 0.516053 0.946457
vt 0.516053 0.947483
vt 0.517015 0.948702
vt 0.517015 0.945897
vt 0.517015 0.949728
vt 0.068371 0.915152
vt 0.067191 0.917210
vt 0.068371 0.917210
vt 0.068371 0.910717
vt 0.067179 0.912776
vt 0.068371 0.912776
vt 0.068371 0.919587
vt 0.067191 0.921645
vt 0.068371 0.921645
vt 0.068371 0.924022
vt 0.067184 0.922833
vt 0.068371 0.922833
vt 0.068371 0.930515
vt 0.067184 0.928456
vt 0.068371 0.928456
vt 0.067191 0.922833
vt 0.067191 0.919587
vt 0.068371 0.926080
vt 0.067184 0.928456
vt 0.068371 0.928456
vt 0.067184 0.924022
vt 0.067184 0.926080
vt 0.067184 0.931703
vt 0.068371 0.931703
vt 0.068371 0.913964
vt 0.067191 0.915152
vt 0.067191 0.932891
vt 0.068371 0.932891
vt 0.067179 0.908341
vt 0.068371 0.908341
vt 0.067191 0.931703
vt 0.067179 0.910717
vt 0.067191 0.919587
vt 0.067184 0.930515
vt 0.067179 0.913964
vt 0.067191 0.913964
vt 0.067515 0.922833
vt 0.067187 0.922833
vt 0.067515 0.928456
vt 0.067193 0.926080
vt 0.067515 0.926080
vt 0.067515 0.908341
vt 0.067179 0.910652
vt 0.067515 0.910717
vt 0.067515 0.930515
vt 0.067193 0.928456
vt 0.067193 0.930515
vt 0.067515 0.921645
vt 0.067187 0.919587
vt 0.067187 0.921645
vt 0.067515 0.931703
vt 0.067187 0.931703
vt 0.067193 0.931703
vt 0.067187 0.932891
vt 0.067515 0.932891
vt 0.067179 0.912710
vt 0.067515 0.924022
vt 0.067187 0.934949
vt 0.067515 0.934949
vt 0.067193 0.922833
vt 0.067515 0.917210
vt 0.067515 0.919587
vt 0.067179 0.908275
vt 0.067515 0.913964
vt 0.067179 0.913898
vt 0.067515 0.912776
vt 0.067187 0.915152
vt 0.067515 0.915152
vt 0.067187 0.913964
vt 0.067193 0.924022
vt 0.067187 0.917210
vt 0.069093 0.865288
vt 0.067191 0.865288
vt 0.094275 0.889302
vt 0.095298 0.901999
vt 0.095298 0.889302
vt 0.094275 0.901999
vt 0.095298 0.923989
vt 0.094275 0.923989
vt 0.095298 0.949382
vt 0.094275 0.949382
vt 0.095298 0.971372
vt 0.094275 0.971372
vt 0.095298 0.984069
vt 0.522511 0.924925
vt 0.522511 0.966522
vt 0.522511 0.951296
vt 0.522062 0.924925
vt 0.522062 0.940151
vt 0.522062 0.966522
vt 0.094275 0.984069
vt 0.094252 0.939940
vt 0.094233 0.841111
vt 0.094252 0.841111
vt 0.094201 0.939940
vt 0.094201 0.841111
vt 0.094163 0.841111
vt 0.094163 0.939940
vt 0.094131 0.841111
vt 0.094112 0.939940
vt 0.094112 0.841111
vt 0.095321 0.840522
vt 0.095321 0.939940
vt 0.522052 0.947152
vt 0.521990 0.947152
vt 0.095461 0.939940
vt 0.095442 0.840522
vt 0.095461 0.840522
vt 0.095410 0.939940
vt 0.095410 0.840522
vt 0.095372 0.840522
vt 0.095372 0.939940
vt 0.095340 0.840522
vt 0.522582 0.947152
vt 0.522521 0.947152
vt 0.094233 0.939940
vt 0.094131 0.939940
vt 0.095442 0.939940
vt 0.095340 0.939940
vt 0.102789 0.932374
vt 0.103733 0.968446
vt 0.102822 0.968446
vt 0.103767 0.931907
vt 0.102789 0.931907
vt 0.103733 0.967978
vt 0.103767 0.932374
vt 0.441456 0.920243
vt 0.441456 0.952005
vt 0.441456 0.952437
vt 0.451345 0.906370
vt 0.451345 0.938133
vt 0.451345 0.905939
vt 0.441549 0.919811
vt 0.441456 0.919811
vt 0.451252 0.938565
vt 0.451252 0.906370
vt 0.472850 0.909838
vt 0.472855 0.909407
vt 0.472763 0.909407
vt 0.441549 0.920243
vt 0.464372 0.903338
vt 0.464280 0.903338
vt 0.464286 0.903769
vt 0.441832 0.952437
vt 0.441924 0.920243
vt 0.441832 0.920243
vt 0.442015 0.919811
vt 0.441929 0.919811
vt 0.442012 0.920243
vt 0.445931 0.946470
vt 0.446023 0.914276
vt 0.445931 0.914276
vt 0.442113 0.952437
vt 0.442205 0.920243
vt 0.442113 0.920243
vt 0.442299 0.919811
vt 0.442210 0.919811
vt 0.442293 0.920243
vt 0.450971 0.938565
vt 0.451063 0.906370
vt 0.450971 0.906370
vt 0.442486 0.919811
vt 0.442394 0.919811
vt 0.442400 0.920243
vt 0.473700 0.942033
vt 0.473792 0.909838
vt 0.473700 0.909838
vt 0.451252 0.905939
vt 0.472763 0.941601
vt 0.441736 0.920243
vt 0.441736 0.919811
vt 0.441647 0.919811
vt 0.464280 0.935532
vt 0.441924 0.919811
vt 0.441832 0.952005
vt 0.441832 0.919811
vt 0.442299 0.920068
vt 0.442299 0.952005
vt 0.446023 0.913844
vt 0.445931 0.946039
vt 0.445931 0.913844
vt 0.442205 0.919811
vt 0.442113 0.952005
vt 0.442113 0.919811
vt 0.442394 0.920068
vt 0.442394 0.952005
vt 0.442394 0.952262
vt 0.451063 0.905939
vt 0.450974 0.905939
vt 0.442486 0.952005
vt 0.473792 0.909407
vt 0.473703 0.909407
vt 0.451252 0.938133
vt 0.464280 0.903595
vt 0.464280 0.935789
vt 0.441644 0.952437
vt 0.441644 0.920243
vt 0.441926 0.920243
vt 0.441926 0.952103
vt 0.441926 0.952437
vt 0.464372 0.903595
vt 0.464372 0.935532
vt 0.442300 0.920243
vt 0.442300 0.952103
vt 0.442300 0.952437
vt 0.473700 0.941699
vt 0.442486 0.920068
vt 0.473792 0.941601
vt 0.473703 0.941601
vt 0.451063 0.938133
vt 0.442400 0.952437
vt 0.442481 0.920243
vt 0.442207 0.952437
vt 0.442207 0.920243
vt 0.450974 0.938133
vt 0.442205 0.952005
vt 0.442210 0.952005
vt 0.446023 0.946039
vt 0.442207 0.952103
vt 0.441924 0.952005
vt 0.441929 0.952005
vt 0.442018 0.920068
vt 0.442018 0.952103
vt 0.442018 0.919909
vt 0.441736 0.952005
vt 0.464286 0.935964
vt 0.464367 0.903769
vt 0.472763 0.942033
vt 0.472763 0.909838
vt 0.441647 0.952005
vt 0.441549 0.952005
vt 0.441644 0.919909
vt 0.441926 0.919909
vt 0.442015 0.952005
vt 0.442207 0.919909
vt 0.442304 0.952005
vt 0.442300 0.919909
vt 0.442304 0.919811
vt 0.473700 0.909505
vt 0.441644 0.952103
vt 0.472855 0.941858
vt 0.472855 0.909664
vt 0.464372 0.935789
vt 0.442018 0.952262
vt 0.442299 0.952262
vt 0.442486 0.952262
vt 0.472855 0.941601
vt 0.441456 0.952869
vt 0.441456 0.984631
vt 0.451345 0.970759
vt 0.451345 0.938996
vt 0.451345 0.938565
vt 0.441549 0.985063
vt 0.441456 0.985063
vt 0.451252 0.970759
vt 0.441643 0.985063
vt 0.441643 0.984806
vt 0.441637 0.984631
vt 0.441549 0.984631
vt 0.464286 0.968158
vt 0.464372 0.968590
vt 0.464367 0.968158
vt 0.450594 0.970759
vt 0.450502 0.938565
vt 0.450502 0.970759
vt 0.442018 0.984806
vt 0.442012 0.984631
vt 0.442015 0.985063
vt 0.450781 0.970759
vt 0.450689 0.938565
vt 0.450689 0.970759
vt 0.464747 0.968158
vt 0.464655 0.935964
vt 0.464655 0.968158
vt 0.442299 0.985063
vt 0.442299 0.984806
vt 0.442293 0.984631
vt 0.450971 0.970759
vt 0.451063 0.938565
vt 0.442400 0.984631
vt 0.442486 0.985063
vt 0.442481 0.984631
vt 0.442488 0.984631
vt 0.442580 0.952437
vt 0.442488 0.952437
vt 0.451252 0.971191
vt 0.441551 0.952869
vt 0.441551 0.985063
vt 0.441647 0.985063
vt 0.441736 0.985063
vt 0.441736 0.984631
vt 0.464280 0.936395
vt 0.464280 0.968590
vt 0.450502 0.938996
vt 0.450594 0.971191
vt 0.450502 0.971191
vt 0.442299 0.952869
vt 0.450689 0.938996
vt 0.450781 0.971191
vt 0.450689 0.971191
vt 0.464655 0.936395
vt 0.464747 0.968590
vt 0.464655 0.968590
vt 0.442394 0.984806
vt 0.442394 0.952869
vt 0.442394 0.985063
vt 0.450974 0.971191
vt 0.451063 0.971191
vt 0.451063 0.970759
vt 0.442486 0.952869
vt 0.442491 0.985063
vt 0.442580 0.985063
vt 0.442580 0.984631
vt 0.451252 0.938996
vt 0.451345 0.971191
vt 0.464280 0.968333
vt 0.441644 0.984631
vt 0.441926 0.984631
vt 0.441926 0.952771
vt 0.441926 0.984965
vt 0.464372 0.936395
vt 0.464372 0.968333
vt 0.442012 0.952437
vt 0.450971 0.938898
vt 0.450971 0.971093
vt 0.442488 0.952771
vt 0.442488 0.984965
vt 0.442486 0.984806
vt 0.451250 0.938996
vt 0.451250 0.970759
vt 0.451250 0.971191
vt 0.442491 0.952869
vt 0.451063 0.938996
vt 0.442207 0.984631
vt 0.442293 0.952437
vt 0.450974 0.938996
vt 0.464747 0.936395
vt 0.442210 0.985063
vt 0.450781 0.938996
vt 0.442207 0.952771
vt 0.442207 0.984965
vt 0.450594 0.938996
vt 0.441929 0.952869
vt 0.441929 0.985063
vt 0.442018 0.952771
vt 0.442018 0.984965
vt 0.441736 0.952869
vt 0.441551 0.952437
vt 0.441551 0.984631
vt 0.441647 0.952869
vt 0.441549 0.952869
vt 0.441644 0.984965
vt 0.442015 0.952869
vt 0.442210 0.952869
vt 0.441644 0.952771
vt 0.441643 0.952612
vt 0.441637 0.952437
vt 0.464280 0.936139
vt 0.464372 0.936139
vt 0.464367 0.935964
vt 0.442018 0.952612
vt 0.442299 0.952612
vt 0.442394 0.952612
vt 0.442486 0.952612
vt 0.442481 0.952437
vt 0.441643 0.952869
vt 0.354801 0.877136
vt 0.356067 0.877136
vt 0.356067 0.826353
vt 0.354801 0.826353
vt 0.456640 0.968315
vt 0.456553 0.971722
vt 0.456640 0.971722
vt 0.441455 0.982476
vt 0.441455 0.918999
vt 0.441455 0.985883
vt 0.456640 0.904838
vt 0.441542 0.919216
vt 0.441455 0.919216
vt 0.456553 0.904838
vt 0.455501 0.904838
vt 0.455416 0.971722
vt 0.455416 0.904838
vt 0.441718 0.918999
vt 0.441718 0.983559
vt 0.441718 0.919147
vt 0.441804 0.918999
vt 0.441718 0.985883
vt 0.460388 0.891833
vt 0.460302 0.958717
vt 0.460302 0.891833
vt 0.441979 0.918999
vt 0.441893 0.985883
vt 0.441893 0.918999
vt 0.442067 0.918999
vt 0.441981 0.985883
vt 0.441981 0.918999
vt 0.460651 0.892049
vt 0.460567 0.891833
vt 0.460565 0.892049
vt 0.456028 0.904838
vt 0.456114 0.971722
vt 0.456028 0.971722
vt 0.442329 0.918999
vt 0.442329 0.983559
vt 0.442329 0.985883
vt 0.446955 0.905994
vt 0.447041 0.972878
vt 0.446955 0.972878
vt 0.447128 0.905994
vt 0.447042 0.972878
vt 0.447042 0.905994
vt 0.442592 0.919216
vt 0.442592 0.919046
vt 0.442590 0.918999
vt 0.447303 0.905994
vt 0.447217 0.972878
vt 0.447217 0.905994
vt 0.456553 0.905055
vt 0.442243 0.983559
vt 0.442243 0.985148
vt 0.442246 0.985883
vt 0.441897 0.982476
vt 0.441893 0.983559
vt 0.447128 0.969471
vt 0.447128 0.972878
vt 0.447041 0.969471
vt 0.460565 0.955310
vt 0.460565 0.957982
vt 0.460567 0.958717
vt 0.456114 0.968315
vt 0.442067 0.982476
vt 0.442067 0.985883
vt 0.441722 0.982476
vt 0.460388 0.955310
vt 0.460388 0.958717
vt 0.446258 0.969471
vt 0.446255 0.970554
vt 0.446255 0.972878
vt 0.455501 0.968315
vt 0.455501 0.971722
vt 0.441542 0.982476
vt 0.441542 0.985883
vt 0.455416 0.968315
vt 0.455501 0.905055
vt 0.455416 0.905055
vt 0.446341 0.906211
vt 0.446341 0.906041
vt 0.446339 0.905994
vt 0.441722 0.919216
vt 0.441804 0.919216
vt 0.460302 0.955310
vt 0.460388 0.892049
vt 0.460302 0.892049
vt 0.441976 0.919216
vt 0.441979 0.919147
vt 0.441981 0.919216
vt 0.442067 0.919216
vt 0.456028 0.905055
vt 0.456114 0.905055
vt 0.442326 0.919216
vt 0.442329 0.919147
vt 0.446955 0.906211
vt 0.447041 0.906211
vt 0.447042 0.969471
vt 0.447128 0.906211
vt 0.447042 0.906211
vt 0.442506 0.982476
vt 0.442506 0.919216
vt 0.447221 0.906211
vt 0.447303 0.906211
vt 0.456553 0.968315
vt 0.456640 0.905055
vt 0.441542 0.918999
vt 0.460565 0.891880
vt 0.441893 0.919147
vt 0.441979 0.983559
vt 0.441979 0.985883
vt 0.442247 0.919216
vt 0.442326 0.982476
vt 0.456114 0.904838
vt 0.442506 0.919046
vt 0.447041 0.905994
vt 0.442592 0.982476
vt 0.442592 0.985148
vt 0.447221 0.969471
vt 0.447217 0.970554
vt 0.447303 0.969471
vt 0.447303 0.972878
vt 0.442506 0.985148
vt 0.442508 0.985883
vt 0.442508 0.918999
vt 0.447217 0.906142
vt 0.446955 0.969471
vt 0.442246 0.918999
vt 0.460651 0.891833
vt 0.460651 0.955310
vt 0.460651 0.958717
vt 0.456028 0.968315
vt 0.442243 0.919046
vt 0.442243 0.919147
vt 0.441981 0.982476
vt 0.441897 0.919216
vt 0.441976 0.982476
vt 0.441804 0.982476
vt 0.441804 0.985883
vt 0.446255 0.905994
vt 0.446258 0.906211
vt 0.446341 0.972143
vt 0.446339 0.972878
vt 0.442590 0.985883
vt 0.446341 0.969471
vt 0.446255 0.906142
vt 0.442247 0.982476
vt 0.358234 0.839074
vt 0.360394 0.871150
vt 0.358222 0.832807
vt 0.360510 0.879228
vt 0.354824 0.876438
vt 0.355933 0.876435
vt 0.354824 0.827069
vt 0.355933 0.827066
vt 0.566606 0.842896
vt 0.566588 0.969107
vt 0.566588 0.842896
vt 0.566606 0.967526
vt 0.566588 0.967526
vt 0.566606 0.969107
vt 0.358404 0.827304
vt 0.358404 0.837064
vt 0.358320 0.827304
vt 0.358320 0.837064
vt 0.358740 0.842384
vt 0.358737 0.844441
vt 0.358658 0.840761
vt 0.358655 0.842818
vt 0.359796 0.860951
vt 0.359792 0.863307
vt 0.359714 0.859327
vt 0.359710 0.861683
vt 0.218839 0.838609
vt 0.218755 0.861479
vt 0.218755 0.838609
vt 0.210405 0.824605
vt 0.210321 0.847496
vt 0.210321 0.824605
vt 0.213208 0.824605
vt 0.213125 0.847496
vt 0.213125 0.824605
vt 0.225126 0.832236
vt 0.225043 0.855106
vt 0.225043 0.832236
vt 0.221960 0.818233
vt 0.221876 0.841124
vt 0.221876 0.818233
vt 0.219664 0.818233
vt 0.219581 0.841124
vt 0.219581 0.818233
vt 0.210829 0.824605
vt 0.210745 0.847496
vt 0.210745 0.824605
vt 0.227337 0.832236
vt 0.227253 0.855106
vt 0.227253 0.832236
vt 0.215952 0.838609
vt 0.215868 0.861479
vt 0.215868 0.838609
vt 0.227506 0.832236
vt 0.227423 0.855106
vt 0.227423 0.832236
vt 0.218669 0.838609
vt 0.218586 0.861479
vt 0.218586 0.838609
vt 0.210574 0.824605
vt 0.210491 0.847496
vt 0.210491 0.824605
vt 0.225126 0.855106
vt 0.219664 0.841124
vt 0.221960 0.841124
vt 0.218669 0.861479
vt 0.218839 0.861479
vt 0.227337 0.855106
vt 0.210405 0.847496
vt 0.227506 0.855106
vt 0.210829 0.847496
vt 0.215952 0.861479
vt 0.213208 0.847496
vt 0.210574 0.847496
vt 0.210745 0.824310
vt 0.210049 0.870384
vt 0.210049 0.824310
vt 0.210745 0.870384
vt 0.202713 0.811255
vt 0.202699 0.855990
vt 0.202699 0.811255
vt 0.202466 0.811255
vt 0.202452 0.855990
vt 0.202452 0.811255
vt 0.210139 0.825272
vt 0.210125 0.870006
vt 0.210125 0.825272
vt 0.210154 0.825272
vt 0.210139 0.870006
vt 0.210139 0.825272
vt 0.210168 0.825272
vt 0.210154 0.870006
vt 0.210154 0.825272
vt 0.202524 0.811255
vt 0.202510 0.855990
vt 0.202510 0.811255
vt 0.210197 0.825272
vt 0.210183 0.870006
vt 0.210183 0.825272
vt 0.207755 0.816602
vt 0.207741 0.861336
vt 0.207741 0.816602
vt 0.210226 0.825272
vt 0.210212 0.870006
vt 0.210212 0.825272
vt 0.210241 0.825272
vt 0.210227 0.870006
vt 0.210227 0.825272
vt 0.207799 0.816602
vt 0.207785 0.861336
vt 0.207785 0.816602
vt 0.205068 0.804319
vt 0.205054 0.849054
vt 0.205054 0.804319
vt 0.207828 0.816602
vt 0.207814 0.861336
vt 0.207814 0.816602
vt 0.210299 0.825272
vt 0.210285 0.870006
vt 0.210285 0.825272
vt 0.202655 0.811255
vt 0.202641 0.855990
vt 0.202641 0.811255
vt 0.210328 0.825272
vt 0.210314 0.870006
vt 0.210314 0.825272
vt 0.207886 0.816602
vt 0.207872 0.861336
vt 0.207872 0.816602
vt 0.205155 0.804319
vt 0.205141 0.849054
vt 0.205141 0.804319
vt 0.207930 0.816602
vt 0.207916 0.861336
vt 0.207916 0.816602
vt 0.207755 0.861336
vt 0.202713 0.855990
vt 0.202524 0.855990
vt 0.210197 0.870006
vt 0.207930 0.861336
vt 0.210168 0.870006
vt 0.205155 0.849054
vt 0.210226 0.870006
vt 0.210154 0.870006
vt 0.207886 0.861336
vt 0.210241 0.870006
vt 0.210139 0.870006
vt 0.210328 0.870006
vt 0.207799 0.861336
vt 0.202466 0.855990
vt 0.202655 0.855990
vt 0.205068 0.849054
vt 0.210299 0.870006
vt 0.207828 0.861336
vt 0.210574 0.824392
vt 0.210229 0.841205
vt 0.210229 0.824392
vt 0.210574 0.841205
vt 0.210573 0.853855
vt 0.210228 0.870623
vt 0.210228 0.853855
vt 0.210573 0.870623
vt 0.210573 0.841247
vt 0.210228 0.853808
vt 0.210228 0.841247
vt 0.210573 0.853808
vt 0.109096 0.824167
vt 0.107576 0.898578
vt 0.109096 0.898578
vt 0.107576 0.824168
vt 0.109096 0.898579
vt 0.107576 0.898579
vt 0.109096 0.824168
vt 0.107576 0.824167
vt 0.611621 0.912629
vt 0.611766 0.912629
vt 0.611766 0.894623
vt 0.611621 0.894623
vt 0.611621 0.912915
vt 0.611766 0.912915
vt 0.611766 0.894908
vt 0.611621 0.894908
vt 0.615417 0.814562
vt 0.615417 0.854931
vt 0.615417 0.878350
vt 0.615422 0.814562
vt 0.615422 0.854931
vt 0.615272 0.814562
vt 0.615272 0.854931
vt 0.615266 0.814562
vt 0.615266 0.854931
vt 0.615266 0.878350
vt 0.615272 0.878350
vt 0.112369 0.937470
vt 0.111721 0.869475
vt 0.111721 0.937470
vt 0.112369 0.869475
vt 0.111833 0.869475
vt 0.112308 0.869475
vt 0.111661 0.937470
vt 0.112308 0.937470
vt 0.111661 0.869475
vt 0.112196 0.869475
vt 0.111721 0.869475
vt 0.112369 0.869475
vt 0.111833 0.869475
vt 0.112308 0.869475
vt 0.111661 0.869475
vt 0.112196 0.869475
vt 0.615422 0.878350
vt 0.224912 0.866646
vt 0.224884 0.887320
vt 0.224912 0.887320
vt 0.230999 0.903241
vt 0.230972 0.882393
vt 0.230972 0.903241
vt 0.224884 0.866646
vt 0.224857 0.894180
vt 0.224884 0.894180
vt 0.234950 0.849901
vt 0.234922 0.873729
vt 0.234950 0.873729
vt 0.224829 0.866646
vt 0.224802 0.896006
vt 0.224829 0.896006
vt 0.224802 0.866646
vt 0.224775 0.884829
vt 0.224802 0.884829
vt 0.224774 0.866646
vt 0.224747 0.886490
vt 0.224774 0.886490
vt 0.231301 0.852654
vt 0.231274 0.875152
vt 0.231301 0.875152
vt 0.234812 0.849901
vt 0.234785 0.867476
vt 0.234812 0.867476
vt 0.224692 0.866646
vt 0.224665 0.904083
vt 0.224692 0.904083
vt 0.234757 0.849901
vt 0.234730 0.884129
vt 0.234757 0.884129
vt 0.224637 0.866646
vt 0.224610 0.893515
vt 0.224637 0.893515
vt 0.224610 0.866646
vt 0.224582 0.880515
vt 0.224610 0.880515
vt 0.224582 0.866646
vt 0.224555 0.891910
vt 0.224582 0.891910
vt 0.234648 0.849901
vt 0.234620 0.863770
vt 0.234648 0.863770
vt 0.224527 0.866646
vt 0.224500 0.887320
vt 0.224527 0.887320
vt 0.224500 0.866646
vt 0.224473 0.902035
vt 0.224500 0.902035
vt 0.231027 0.852654
vt 0.230999 0.867449
vt 0.231027 0.867449
vt 0.224445 0.866646
vt 0.224418 0.896329
vt 0.224445 0.896329
vt 0.224417 0.866646
vt 0.224390 0.889157
vt 0.224417 0.889157
vt 0.224967 0.866646
vt 0.224939 0.892022
vt 0.224967 0.892022
vt 0.231521 0.878086
vt 0.231493 0.903241
vt 0.231521 0.903241
vt 0.235032 0.900488
vt 0.235005 0.884906
vt 0.235005 0.900488
vt 0.231466 0.873384
vt 0.231439 0.903241
vt 0.231466 0.903241
vt 0.224884 0.894236
vt 0.224857 0.917233
vt 0.224884 0.917233
vt 0.224857 0.890530
vt 0.224829 0.917233
vt 0.224857 0.917233
vt 0.234922 0.879317
vt 0.234895 0.900488
vt 0.234922 0.900488
vt 0.234895 0.900488
vt 0.234867 0.868143
vt 0.234867 0.900488
vt 0.231329 0.872554
vt 0.231301 0.903241
vt 0.231329 0.903241
vt 0.224747 0.889203
vt 0.224720 0.917233
vt 0.224747 0.917233
vt 0.241366 0.865011
vt 0.241339 0.897965
vt 0.241366 0.897965
vt 0.224692 0.904139
vt 0.224665 0.917233
vt 0.224692 0.917233
vt 0.224665 0.900930
vt 0.224637 0.917233
vt 0.224665 0.917233
vt 0.231191 0.879581
vt 0.231164 0.903241
vt 0.231191 0.903241
vt 0.241257 0.897965
vt 0.241229 0.861305
vt 0.241229 0.897965
vt 0.224582 0.891969
vt 0.224555 0.917233
vt 0.224582 0.917233
vt 0.224555 0.880573
vt 0.224527 0.917233
vt 0.224555 0.917233
vt 0.241174 0.868108
vt 0.241147 0.897965
vt 0.241174 0.897965
vt 0.224500 0.902091
vt 0.224473 0.917233
vt 0.224500 0.917233
vt 0.224472 0.917233
vt 0.224445 0.881500
vt 0.224445 0.917233
vt 0.235032 0.849901
vt 0.235005 0.884847
vt 0.235032 0.884847
vt 0.224417 0.889213
vt 0.224390 0.917233
vt 0.224417 0.917233
vt 0.583005 0.818256
vt 0.583878 0.818256
vt 0.583878 0.821363
vt 0.583005 0.821363
vt 0.583005 0.892814
vt 0.583005 0.895920
vt 0.583878 0.892814
vt 0.583878 0.895920
vt 0.583835 0.821363
vt 0.583835 0.892814
vt 0.583049 0.892814
vt 0.583049 0.821363
vt 0.583069 0.823374
vt 0.583049 0.820779
vt 0.583815 0.823374
vt 0.583815 0.890220
vt 0.583069 0.890220
vt 0.583835 0.820779
vt 0.583069 0.857683
vt 0.583815 0.855910
vt 0.583815 0.857683
vt 0.583069 0.855910
vt 0.583559 0.823374
vt 0.583573 0.890220
vt 0.583559 0.890220
vt 0.583310 0.823374
vt 0.583324 0.890220
vt 0.583310 0.890220
vt 0.583573 0.823374
vt 0.583324 0.823374
vt 0.583886 0.820056
vt 0.583013 0.820056
vt 0.583013 0.823886
vt 0.583886 0.823886
vt 0.583013 0.898443
vt 0.583013 0.895337
vt 0.583886 0.898443
vt 0.583886 0.895337
vt 0.583842 0.823886
vt 0.583842 0.895337
vt 0.583056 0.895337
vt 0.583056 0.823886
vt 0.583076 0.825897
vt 0.583076 0.892743
vt 0.583822 0.825897
vt 0.583822 0.892743
vt 0.583056 0.823302
vt 0.583842 0.823302
vt 0.583822 0.858433
vt 0.583076 0.860206
vt 0.583822 0.860206
vt 0.583076 0.858433
vt 0.583581 0.892743
vt 0.583567 0.825897
vt 0.583567 0.892743
vt 0.583332 0.892743
vt 0.583318 0.825897
vt 0.583318 0.892743
vt 0.583581 0.825897
vt 0.583332 0.825897
vt 0.825073 0.729969
vt 0.825073 0.670789
vt 0.825017 0.670789
vt 0.825017 0.729969
vt 0.825046 0.670789
vt 0.824971 0.729969
vt 0.824164 0.729969
vt 0.824209 0.729969
vt 0.825046 0.729969
vt 0.824971 0.670789
vt 0.824164 0.670789
vt 0.824107 0.670789
vt 0.824107 0.729969
vt 0.824134 0.670789
vt 0.824134 0.729969
vt 0.824209 0.670789
vt 0.856953 0.611240
vt 0.856507 0.626896
vt 0.856507 0.611240
vt 0.856953 0.626896
vt 0.841036 0.774594
vt 0.841021 0.790862
vt 0.841021 0.775205
vt 0.840575 0.775205
vt 0.840559 0.774594
vt 0.840559 0.791473
vt 0.841036 0.791473
vt 0.840575 0.790862
vt 0.824164 0.723733
vt 0.825017 0.723733
vt 0.824164 0.725628
vt 0.825017 0.693543
vt 0.824164 0.693543
vt 0.824164 0.689936
vt 0.825017 0.689936
vt 0.825017 0.725628
vt 0.824164 0.690728
vt 0.825017 0.690728
vt 0.824164 0.726158
vt 0.825017 0.726158
vt 0.825010 0.726432
vt 0.824171 0.726432
vt 0.825017 0.672643
vt 0.824164 0.672643
vt 0.836258 0.791458
vt 0.836303 0.792928
vt 0.836278 0.791458
vt 0.836302 0.792928
vt 0.836360 0.791458
vt 0.836308 0.792928
vt 0.836309 0.792928
vt 0.836352 0.791458
vt 0.836307 0.792928
vt 0.836332 0.791458
vt 0.836305 0.792928
vt 0.836305 0.791458
vt 0.836251 0.791458
vt 0.836302 0.792928
vt 0.836303 0.792994
vt 0.836257 0.791507
vt 0.836277 0.791507
vt 0.836310 0.792994
vt 0.836354 0.791507
vt 0.836361 0.791507
vt 0.836308 0.792994
vt 0.836333 0.791507
vt 0.836305 0.792994
vt 0.836305 0.791507
vt 0.836301 0.792994
vt 0.836249 0.791507
vt 0.836304 0.791768
vt 0.836303 0.789897
vt 0.836303 0.791768
vt 0.836286 0.789897
vt 0.836285 0.791768
vt 0.836285 0.789897
vt 0.836346 0.791768
vt 0.836348 0.789897
vt 0.836348 0.791768
vt 0.836306 0.791768
vt 0.836307 0.789897
vt 0.836307 0.791768
vt 0.836341 0.789897
vt 0.836343 0.791768
vt 0.836343 0.789897
vt 0.836265 0.791768
vt 0.836262 0.789897
vt 0.836262 0.791768
vt 0.836325 0.789897
vt 0.836325 0.791768
vt 0.836325 0.789897
vt 0.836269 0.789897
vt 0.836267 0.791768
vt 0.836267 0.789897
vt 0.836265 0.789897
vt 0.836306 0.789897
vt 0.836346 0.789897
vt 0.836304 0.789897
vt 0.834462 0.730911
vt 0.834503 0.730911
vt 0.834493 0.730911
vt 0.836343 0.789897
vt 0.836327 0.790417
vt 0.836327 0.789897
vt 0.834516 0.730911
vt 0.834504 0.730911
vt 0.836281 0.790417
vt 0.836305 0.788738
vt 0.836281 0.788738
vt 0.836305 0.790417
vt 0.836262 0.789897
vt 0.836267 0.790417
vt 0.836267 0.789897
vt 0.836349 0.790417
vt 0.836349 0.789897
vt 0.834468 0.730911
vt 0.836284 0.789897
vt 0.836285 0.789897
vt 0.836305 0.777977
vt 0.836305 0.789897
vt 0.834347 0.730911
vt 0.834324 0.730911
vt 0.834337 0.730911
vt 0.834420 0.730911
vt 0.836265 0.789897
vt 0.836271 0.789897
vt 0.836325 0.789897
vt 0.836345 0.789897
vt 0.836340 0.789897
vt 0.834381 0.638393
vt 0.834497 0.638393
vt 0.836285 0.777977
vt 0.836340 0.777977
vt 0.836325 0.777977
vt 0.836271 0.777977
vt 0.836265 0.777977
vt 0.836345 0.777977
vt 0.834335 0.702041
vt 0.834347 0.702041
vt 0.834378 0.730911
vt 0.834378 0.702041
vt 0.834420 0.702041
vt 0.834462 0.702041
vt 0.834493 0.702041
vt 0.834504 0.702041
vt 0.834335 0.730911
vt 0.836262 0.790417
vt 0.836262 0.788738
vt 0.836330 0.788738
vt 0.836330 0.790417
vt 0.836348 0.788738
vt 0.836348 0.790417
vt 0.836355 0.788738
vt 0.836355 0.790417
vt 0.836256 0.788738
vt 0.834372 0.730911
vt 0.836256 0.790417
vt 0.836343 0.790417
vt 0.836284 0.790417
vt 0.836262 0.790417
vt 0.834386 0.702041
vt 0.834453 0.702041
vt 0.834478 0.702041
vt 0.834487 0.702041
vt 0.834361 0.702041
vt 0.834352 0.702041
vt 0.834477 0.654400
vt 0.834487 0.657305
vt 0.834478 0.657273
vt 0.834487 0.652444
vt 0.834478 0.653427
vt 0.834487 0.653753
vt 0.834478 0.657339
vt 0.834478 0.651449
vt 0.834478 0.653096
vt 0.834454 0.657363
vt 0.834454 0.650712
vt 0.834454 0.652614
vt 0.834420 0.657372
vt 0.834420 0.650441
vt 0.834386 0.652614
vt 0.834420 0.652437
vt 0.834361 0.653096
vt 0.834386 0.657363
vt 0.834386 0.650712
vt 0.834361 0.651233
vt 0.834352 0.652444
vt 0.834361 0.651449
vt 0.834386 0.650480
vt 0.834420 0.650203
vt 0.834454 0.650480
vt 0.834478 0.651233
vt 0.834487 0.652256
vt 0.834478 0.653275
vt 0.834453 0.654142
vt 0.834453 0.654022
vt 0.834420 0.654405
vt 0.834420 0.654295
vt 0.834386 0.654022
vt 0.834386 0.654142
vt 0.834361 0.653275
vt 0.834362 0.653427
vt 0.834352 0.652256
vt 0.834452 0.654855
vt 0.834453 0.657257
vt 0.834420 0.655012
vt 0.834420 0.657254
vt 0.834387 0.654855
vt 0.834386 0.657257
vt 0.834362 0.654400
vt 0.834361 0.657273
vt 0.834352 0.653753
vt 0.834352 0.657305
vt 0.834361 0.657339
vt 0.567012 0.969107
vt 0.069134 0.908436
vt 0.067269 0.911744
vt 0.067506 0.922849
vt 0.068093 0.907227
vt 0.068093 0.908082
vt 0.068093 0.903726
vt 0.069226 0.908147
vt 0.067718 0.908268
vt 0.067718 0.909048
vt 0.069179 0.907094
vt 0.066984 0.903926
vt 0.515997 0.929373
vt 0.515997 0.927871
vt 0.515997 0.927004
vt 0.517104 0.929373
vt 0.517104 0.928506
vt 0.517104 0.927004
vt 0.516003 0.931742
vt 0.516003 0.930240
vt 0.516003 0.929373
vt 0.517100 0.931742
vt 0.517100 0.930875
vt 0.517100 0.929373
vt 0.516008 0.934111
vt 0.516008 0.932609
vt 0.516008 0.931742
vt 0.517106 0.934111
vt 0.517106 0.933244
vt 0.517106 0.931742
vt 0.516003 0.936479
vt 0.516003 0.934978
vt 0.516003 0.934111
vt 0.517100 0.936479
vt 0.517100 0.935612
vt 0.517100 0.934111
vt 0.515997 0.938848
vt 0.515997 0.937346
vt 0.515997 0.936479
vt 0.517109 0.938848
vt 0.517109 0.937981
vt 0.517109 0.936479
vt 0.515993 0.941217
vt 0.515993 0.939715
vt 0.515993 0.938848
vt 0.517100 0.941217
vt 0.517100 0.940350
vt 0.517100 0.938848
vt 0.515998 0.941217
vt 0.517104 0.943586
vt 0.517104 0.942719
vt 0.517104 0.941217
vt 0.516003 0.945087
vt 0.516003 0.945637
vt 0.516003 0.945955
vt 0.516003 0.943586
vt 0.517100 0.944453
vt 0.517100 0.945637
vt 0.517100 0.943586
vt 0.516001 0.929056
vt 0.516001 0.928506
vt 0.516001 0.927004
vt 0.517105 0.929056
vt 0.517105 0.929373
vt 0.517105 0.927871
vt 0.515990 0.931425
vt 0.515990 0.930875
vt 0.515990 0.929373
vt 0.517100 0.931742
vt 0.517100 0.930875
vt 0.517100 0.930240
vt 0.515993 0.933793
vt 0.515993 0.933244
vt 0.515993 0.931742
vt 0.517104 0.934111
vt 0.517104 0.933244
vt 0.517104 0.932609
vt 0.515990 0.936162
vt 0.515990 0.935612
vt 0.515990 0.934111
vt 0.517101 0.936479
vt 0.517101 0.935612
vt 0.517101 0.934978
vt 0.516001 0.938531
vt 0.516001 0.937981
vt 0.516001 0.936479
vt 0.517104 0.938848
vt 0.517104 0.937981
vt 0.517104 0.937346
vt 0.515990 0.940900
vt 0.515990 0.940350
vt 0.515990 0.938848
vt 0.517108 0.941217
vt 0.517108 0.940350
vt 0.517108 0.939715
vt 0.517105 0.943586
vt 0.517105 0.942719
vt 0.517105 0.942084
vt 0.515990 0.945637
vt 0.515990 0.945087
vt 0.515990 0.943586
vt 0.517101 0.945637
vt 0.517101 0.945955
vt 0.517101 0.944453
vt 0.067080 0.905210
vt 0.516055 0.932624
vt 0.516055 0.929819
vt 0.516055 0.928199
vt 0.517015 0.932031
vt 0.517015 0.931004
vt 0.517015 0.928199
vt 0.516059 0.935429
vt 0.516059 0.934243
vt 0.516059 0.933216
vt 0.517008 0.936455
vt 0.517008 0.935429
vt 0.517008 0.932624
vt 0.516054 0.939853
vt 0.516054 0.938667
vt 0.516054 0.937641
vt 0.517012 0.940880
vt 0.517012 0.937641
vt 0.517012 0.937048
vt 0.516059 0.945304
vt 0.516059 0.945897
vt 0.516059 0.942065
vt 0.517014 0.945304
vt 0.517014 0.944277
vt 0.517014 0.941472
vt 0.517014 0.944277
vt 0.516059 0.926580
vt 0.516059 0.927607
vt 0.517009 0.926580
vt 0.516059 0.953126
vt 0.516059 0.951940
vt 0.516059 0.950914
vt 0.517009 0.954153
vt 0.517009 0.953126
vt 0.517009 0.950321
vt 0.516055 0.959170
vt 0.516055 0.957550
vt 0.516055 0.956365
vt 0.516055 0.954745
vt 0.517012 0.957550
vt 0.517012 0.955338
vt 0.516059 0.963001
vt 0.516059 0.963594
vt 0.516059 0.959762
vt 0.517009 0.963001
vt 0.517009 0.961975
vt 0.517009 0.959170
vt 0.516053 0.948702
vt 0.516053 0.947516
vt 0.516053 0.946489
vt 0.517012 0.949728
vt 0.517012 0.948702
vt 0.517012 0.945897
vt 0.516052 0.932624
vt 0.516052 0.932031
vt 0.516052 0.931004
vt 0.517013 0.932624
vt 0.517013 0.929819
vt 0.517013 0.928792
vt 0.516057 0.937048
vt 0.516057 0.936455
vt 0.516057 0.932624
vt 0.517008 0.937048
vt 0.517008 0.934243
vt 0.517008 0.933216
vt 0.516053 0.941472
vt 0.516053 0.940880
vt 0.516053 0.937048
vt 0.517004 0.941472
vt 0.517004 0.938667
vt 0.517004 0.937641
vt 0.516057 0.945897
vt 0.516057 0.945304
vt 0.516057 0.941472
vt 0.517008 0.945897
vt 0.517008 0.943092
vt 0.517008 0.942065
vt 0.516057 0.927607
vt 0.516057 0.926580
vt 0.517008 0.928199
vt 0.516057 0.954745
vt 0.516057 0.954153
vt 0.516057 0.950321
vt 0.517008 0.954745
vt 0.517008 0.951940
vt 0.517008 0.950914
vt 0.516060 0.959170
vt 0.516060 0.958577
vt 0.516060 0.954745
vt 0.516057 0.963594
vt 0.516057 0.963001
vt 0.516057 0.959170
vt 0.517008 0.963594
vt 0.517008 0.960789
vt 0.517008 0.959762
vt 0.516053 0.950288
vt 0.516053 0.949695
vt 0.516053 0.945864
vt 0.517015 0.950321
vt 0.517015 0.947516
vt 0.517015 0.946489
vt 0.522511 0.930498
vt 0.522511 0.940151
vt 0.522511 0.960949
vt 0.522062 0.930498
vt 0.522062 0.951296
vt 0.522062 0.960949
vt 0.522043 0.947152
vt 0.521999 0.947152
vt 0.522029 0.947152
vt 0.522013 0.947152
vt 0.522574 0.947152
vt 0.522529 0.947152
vt 0.522560 0.947152
vt 0.522544 0.947152
vt 0.102822 0.967978
vt 0.441924 0.952437
vt 0.446023 0.946470
vt 0.442205 0.952437
vt 0.473792 0.942033
vt 0.450971 0.906037
vt 0.441736 0.952437
vt 0.472850 0.942033
vt 0.441549 0.952437
vt 0.450594 0.938565
vt 0.450781 0.938565
vt 0.464747 0.935964
vt 0.451250 0.938565
vt 0.442580 0.952869
vt 0.111833 0.937470
vt 0.112196 0.937470
vt 0.224884 0.866646
vt 0.230999 0.882393
vt 0.224857 0.866646
vt 0.234922 0.849901
vt 0.224802 0.866646
vt 0.224775 0.866646
vt 0.224747 0.866646
vt 0.231274 0.852654
vt 0.234785 0.849901
vt 0.224665 0.866646
vt 0.234730 0.849901
vt 0.224610 0.866646
vt 0.224582 0.866646
vt 0.224555 0.866646
vt 0.234620 0.849901
vt 0.224500 0.866646
vt 0.224473 0.866646
vt 0.230999 0.852654
vt 0.224418 0.866646
vt 0.224390 0.866646
vt 0.224939 0.866646
vt 0.231493 0.878086
vt 0.235032 0.884906
vt 0.231439 0.873384
vt 0.224857 0.894236
vt 0.224829 0.890530
vt 0.234895 0.879317
vt 0.234895 0.868143
vt 0.231301 0.872554
vt 0.224720 0.889203
vt 0.241339 0.865011
vt 0.224665 0.904139
vt 0.224637 0.900930
vt 0.231164 0.879581
vt 0.241257 0.861305
vt 0.224555 0.891969
vt 0.224527 0.880573
vt 0.241147 0.868108
vt 0.224473 0.902091
vt 0.224472 0.881500
vt 0.235005 0.849901
vt 0.224390 0.889213
vt 0.836301 0.792994
vt 0.836309 0.792994
vt 0.836286 0.791768
vt 0.836341 0.791768
vt 0.836325 0.791768
vt 0.836269 0.791768
vt 0.834353 0.638393
vt 0.834342 0.638393
vt 0.834420 0.638393
vt 0.834458 0.638393
vt 0.834487 0.638393
s 0
usemtl Texture_Map
f 125/110/120 128/111/120 129/112/120
f 123/110/121 126/111/121 122/113/121
f 125/110/122 127/112/122 123/110/122
f 122/113/123 128/111/123 124/113/123
f 133/114/120 136/115/120 137/116/120
f 131/114/121 134/115/121 130/117/121
f 133/114/122 135/116/122 131/114/122
f 130/117/123 136/115/123 132/117/123
f 140/118/120 145/119/120 141/120/120
f 139/120/121 142/121/121 138/118/121
f 141/120/124 143/122/124 139/120/124
f 140/118/125 142/121/125 144/123/125
f 153/124/120 148/125/120 149/126/120
f 150/127/121 147/126/121 146/125/121
f 151/128/125 149/126/125 147/126/125
f 148/125/124 150/127/124 146/125/124
f 157/129/124 160/130/124 155/129/124
f 154/131/125 158/132/125 156/131/125
f 156/131/120 161/130/120 157/129/120
f 155/129/121 159/132/121 154/131/121
f 165/133/124 168/134/124 163/133/124
f 162/135/125 166/136/125 164/135/125
f 164/135/120 169/134/120 165/133/120
f 163/133/121 167/136/121 162/135/121
f 173/137/124 176/138/124 171/137/124
f 170/139/125 174/140/125 172/139/125
f 172/139/120 177/138/120 173/137/120
f 171/137/121 175/140/121 170/139/121
f 181/141/124 184/142/124 179/141/124
f 178/143/125 182/144/125 180/143/125
f 180/143/120 185/142/120 181/141/120
f 179/141/121 183/144/121 178/143/121
f 189/145/124 192/146/124 187/145/124
f 186/147/125 190/148/125 188/147/125
f 188/147/120 193/146/120 189/145/120
f 187/145/121 191/148/121 186/147/121
f 197/149/124 200/150/124 195/149/124
f 194/151/125 198/152/125 196/151/125
f 196/151/120 201/150/120 197/149/120
f 195/149/121 199/152/121 194/151/121
f 205/153/124 208/154/124 203/153/124
f 202/155/125 206/156/125 204/155/125
f 204/155/120 209/154/120 205/153/120
f 203/153/121 207/156/121 202/155/121
f 213/157/124 216/158/124 211/157/124
f 210/159/125 214/160/125 212/159/125
f 212/159/120 217/158/120 213/157/120
f 211/157/121 215/160/121 210/159/121
f 445/161/126 249/162/126 235/163/126
f 489/164/127 310/165/127 302/166/127
f 384/161/126 293/162/126 284/163/126
f 409/167/128 336/168/128 408/169/128
f 471/170/129 277/171/129 486/172/129
f 464/173/128 297/174/128 254/175/128
f 450/176/130 250/177/130 453/178/130
f 454/179/126 225/180/126 434/181/126
f 388/182/127 324/183/127 398/184/127
f 419/185/129 291/186/129 292/187/129
f 448/188/130 246/189/130 457/190/130
f 433/191/127 225/180/127 223/192/127
f 494/178/130 308/193/130 323/177/130
f 447/169/131 231/194/131 237/168/131
f 371/195/132 526/196/132 528/197/132
f 399/198/131 318/199/131 325/200/131
f 461/201/133 298/202/133 297/174/133
f 385/203/126 286/204/126 285/205/126
f 401/169/130 315/206/130 390/167/130
f 433/191/124 223/192/124 224/207/124
f 397/208/130 283/186/130 293/162/130
f 419/185/125 290/209/125 413/210/125
f 432/211/124 236/212/124 446/213/124
f 403/214/133 352/215/133 328/216/133
f 497/191/134 346/180/134 416/181/134
f 405/184/134 331/217/134 406/182/134
f 385/203/127 282/209/127 382/210/127
f 486/172/125 277/171/125 280/218/125
f 431/219/124 219/220/124 429/221/124
f 417/179/128 355/222/128 426/223/128
f 439/224/127 229/225/127 228/226/127
f 476/227/129 276/228/129 485/229/129
f 387/211/127 307/215/127 312/230/127
f 473/231/129 278/232/129 487/233/129
f 378/219/124 306/220/124 379/221/124
f 490/234/131 308/193/131 491/176/131
f 414/188/129 343/220/129 415/221/129
f 394/213/131 322/222/131 396/223/131
f 373/203/127 232/209/127 443/210/127
f 467/235/133 247/236/133 458/237/133
f 479/238/133 258/239/133 468/240/133
f 465/241/133 245/242/133 456/243/133
f 375/244/134 267/245/134 374/246/134
f 359/247/129 531/248/129 360/249/129
f 427/224/125 339/199/125 356/226/125
f 407/190/128 341/250/128 414/188/128
f 389/214/126 307/215/126 380/251/126
f 460/214/126 230/215/126 441/251/126
f 455/167/126 229/225/126 440/252/126
f 427/224/134 354/225/134 425/252/134
f 471/170/128 258/239/128 260/253/128
f 363/254/131 508/255/131 364/256/131
f 458/237/128 266/257/128 477/258/128
f 377/185/131 283/186/131 383/259/131
f 377/185/124 282/209/124 281/187/124
f 288/205/133 289/204/133 412/203/133
f 488/260/129 270/261/129 279/262/129
f 366/263/128 512/255/128 368/256/128
f 436/185/131 242/186/131 452/259/131
f 395/190/126 313/217/126 388/182/126
f 386/224/127 303/225/127 311/226/127
f 496/234/125 342/192/125 497/191/125
f 410/264/125 330/183/125 405/184/125
f 445/161/127 221/265/127 431/219/127
f 498/178/128 333/193/128 495/176/128
f 394/213/124 312/230/124 321/212/124
f 484/266/129 266/257/129 274/267/129
f 475/268/134 257/269/134 467/235/134
f 409/167/133 354/225/133 353/206/133
f 402/208/128 291/186/128 418/259/128
f 439/224/124 226/199/124 435/270/124
f 368/256/129 511/271/129 367/254/129
f 404/198/129 339/199/129 411/270/129
f 451/198/131 226/199/131 241/200/131
f 444/234/131 240/193/131 450/176/131
f 494/178/126 310/165/126 492/272/126
f 462/273/128 262/274/128 473/231/128
f 463/275/128 265/276/128 476/227/128
f 481/277/134 268/278/134 478/279/134
f 522/280/134 521/281/134 298/202/134
f 401/169/131 320/194/131 326/168/131
f 490/234/124 316/192/124 304/282/124
f 372/283/135 530/284/135 359/247/135
f 436/185/124 232/209/124 227/187/124
f 379/221/131 309/250/131 381/188/131
f 408/169/129 337/194/129 410/264/129
f 413/210/134 288/205/134 412/203/134
f 451/198/130 253/216/130 460/214/130
f 478/279/133 252/285/133 462/273/133
f 499/164/134 345/165/134 500/272/134
f 302/166/124 301/286/124 507/271/124
f 447/169/130 244/206/130 455/167/130
f 487/233/125 261/287/125 472/288/125
f 438/272/127 295/165/127 523/289/127
f 400/179/126 319/180/126 392/181/126
f 357/254/131 526/196/131 370/256/131
f 531/248/125 474/290/125 360/249/125
f 488/260/125 275/291/125 375/244/125
f 483/292/129 254/175/129 273/293/129
f 423/213/129 355/222/129 351/212/129
f 465/241/134 261/287/134 255/294/134
f 403/214/128 329/200/128 404/198/128
f 496/234/129 333/193/129 338/282/129
f 406/182/133 334/189/133 407/190/133
f 469/295/134 269/296/134 479/238/134
f 446/213/131 239/222/131 449/223/131
f 493/191/127 319/180/127 316/192/127
f 498/178/133 345/165/133 332/177/133
f 389/214/130 325/200/130 314/216/130
f 398/184/124 320/194/124 393/264/124
f 449/223/130 248/297/130 454/179/130
f 432/211/127 230/215/127 222/230/127
f 428/184/127 220/217/127 218/183/127
f 453/178/126 295/165/126 438/272/126
f 484/266/125 259/298/125 469/295/125
f 422/211/134 352/215/134 424/251/134
f 511/271/125 340/286/125 344/166/125
f 459/208/130 242/186/130 249/162/130
f 386/224/124 311/226/124 317/299/124
f 390/167/126 303/225/126 376/252/126
f 483/292/125 264/300/125 475/268/125
f 267/245/133 263/301/133 374/246/133
f 437/164/124 527/302/124 525/303/124
f 456/243/128 270/261/128 480/304/128
f 423/213/125 350/230/125 422/211/125
f 373/203/126 243/204/126 234/205/126
f 395/190/130 309/250/130 327/189/130
f 482/305/134 256/306/134 466/307/134
f 442/264/124 218/183/124 231/194/124
f 384/161/127 305/265/127 378/219/127
f 421/219/125 343/220/125 349/265/125
f 457/190/126 220/217/126 430/182/126
f 417/179/133 346/180/133 347/297/133
f 485/229/125 271/308/125 481/277/125
f 402/208/133 348/163/133 287/162/133
f 429/221/131 238/250/131 448/188/131
f 463/275/133 256/306/133 251/309/133
f 421/219/134 348/163/134 420/161/134
f 364/256/130 509/310/130 365/263/130
f 400/179/130 322/222/130 335/297/130
f 513/311/131 502/255/131 514/312/131
f 506/313/125 300/314/125 299/315/125
f 519/316/129 506/313/129 520/317/129
f 518/318/136 505/319/136 519/316/136
f 294/166/124 296/286/124 501/271/124
f 514/312/137 503/320/137 516/321/137
f 365/263/122 510/310/122 366/263/122
f 1059/322/126 535/323/126 533/324/126
f 1043/325/127 537/326/127 535/323/127
f 1041/327/124 539/328/124 537/326/124
f 1057/329/131 958/330/131 542/331/131
f 542/331/130 543/332/130 541/333/130
f 546/334/128 547/333/128 545/332/128
f 547/333/129 548/331/129 1069/329/129
f 1073/335/125 551/326/125 549/328/125
f 1070/327/134 553/323/134 551/326/134
f 542/336/121 538/337/121 554/338/121
f 1067/325/133 555/324/133 553/323/133
f 535/339/120 539/340/120 547/341/120
f 1062/342/126 559/343/126 557/344/126
f 1050/345/127 561/346/127 559/343/127
f 1042/347/124 563/348/124 561/346/124
f 1044/349/131 565/350/131 563/348/131
f 1053/351/130 567/352/130 565/350/130
f 1065/322/128 571/350/128 569/352/128
f 1066/351/129 573/348/129 571/350/129
f 1074/349/125 575/346/125 573/348/125
f 1072/347/134 577/343/134 575/346/134
f 566/353/121 562/354/121 578/355/121
f 1071/345/133 579/344/133 577/343/133
f 559/356/120 563/357/120 571/358/120
f 1061/359/126 583/360/126 581/361/126
f 1052/362/127 585/363/127 583/360/127
f 1051/364/124 587/365/124 585/363/124
f 1056/366/131 589/367/131 587/365/131
f 1055/368/130 591/369/130 589/367/130
f 1064/342/128 595/367/128 593/369/128
f 1063/368/129 597/365/129 595/367/129
f 1039/370/125 1021/364/125 599/363/125
f 1021/364/134 601/360/134 599/363/134
f 590/371/121 586/372/121 602/373/121
f 1031/362/133 603/361/133 601/360/133
f 583/374/120 587/375/120 595/376/120
f 1008/377/126 607/378/126 605/379/126
f 1040/380/127 609/381/127 607/378/127
f 1046/382/124 611/383/124 609/381/124
f 1045/384/131 613/385/131 611/383/131
f 1058/386/130 615/387/130 613/385/130
f 1060/359/128 619/385/128 617/387/128
f 1033/386/129 621/383/129 619/385/129
f 1038/384/125 623/381/125 621/383/125
f 1029/382/134 625/378/134 623/381/134
f 614/388/121 610/389/121 626/390/121
f 1019/380/133 627/379/133 625/378/133
f 607/391/120 611/392/120 619/393/120
f 1010/394/126 631/395/126 629/396/126
f 1002/397/127 633/398/127 631/395/127
f 1047/399/124 635/400/124 633/398/124
f 1048/401/131 637/402/131 635/400/131
f 1054/403/130 639/404/130 637/402/130
f 1012/377/128 643/402/128 641/404/128
f 1023/403/129 645/400/129 643/402/129
f 1037/401/125 647/398/125 645/400/125
f 1034/399/134 649/395/134 647/398/134
f 638/405/121 634/406/121 650/407/121
f 1017/397/133 651/396/133 649/395/133
f 631/408/120 635/409/120 643/410/120
f 1011/411/126 655/412/126 653/413/126
f 1007/414/127 657/415/127 655/412/127
f 1004/416/124 659/417/124 657/415/124
f 1005/418/131 661/419/131 659/417/131
f 1009/420/130 663/421/130 661/419/130
f 1016/394/128 667/419/128 665/421/128
f 1020/420/129 669/417/129 667/419/129
f 1024/418/125 671/415/125 669/417/125
f 1028/416/134 673/412/134 671/415/134
f 662/422/121 658/423/121 674/424/121
f 1036/414/133 675/413/133 673/412/133
f 655/425/120 659/426/120 667/427/120
f 1013/428/126 679/429/126 677/430/126
f 1001/431/127 681/432/127 679/429/127
f 997/433/124 683/434/124 681/432/124
f 996/435/131 685/436/131 683/434/131
f 1003/437/130 687/438/130 685/436/130
f 1015/411/128 691/436/128 689/438/128
f 1027/437/129 693/434/129 691/436/129
f 1035/435/125 695/432/125 693/434/125
f 1025/433/134 697/429/134 695/432/134
f 686/439/121 682/440/121 698/441/121
f 1018/431/133 699/430/133 697/429/133
f 679/442/120 683/443/120 691/444/120
f 528/197/138 703/445/138 701/446/138
f 999/447/127 705/448/127 703/445/127
f 998/449/124 707/450/124 705/448/124
f 1000/451/131 709/452/131 707/450/131
f 1006/453/130 711/454/130 709/452/130
f 1014/428/128 715/452/128 713/454/128
f 1022/453/129 717/450/129 715/452/129
f 1030/451/125 719/448/125 717/450/125
f 1032/449/134 721/445/134 719/448/134
f 710/455/121 708/456/121 724/457/121
f 721/445/139 529/197/139 723/446/139
f 715/458/120 719/459/120 723/460/120
f 727/461/133 726/462/133 725/463/133
f 729/464/134 728/465/134 727/461/134
f 731/466/125 730/467/125 729/464/125
f 733/468/129 732/469/129 731/466/129
f 735/470/128 734/471/128 733/468/128
f 737/470/122 736/472/122 735/470/122
f 739/468/130 738/472/130 737/470/130
f 741/466/131 740/471/131 739/468/131
f 743/464/124 742/469/124 741/466/124
f 745/461/127 744/467/127 743/464/127
f 734/473/121 742/474/121 726/475/121
f 747/463/126 746/465/126 745/461/126
f 743/476/120 739/477/120 735/478/120
f 751/479/133 750/480/133 749/481/133
f 753/482/134 752/483/134 751/479/134
f 755/484/125 754/485/125 753/482/125
f 757/486/129 756/487/129 755/484/129
f 759/488/128 758/489/128 757/486/128
f 763/486/130 762/490/130 761/488/130
f 765/484/131 764/489/131 763/486/131
f 767/482/124 766/487/124 765/484/124
f 769/479/127 768/485/127 767/482/127
f 758/491/121 766/492/121 750/493/121
f 771/481/126 770/483/126 769/479/126
f 763/494/120 759/495/120 751/496/120
f 775/497/133 774/498/133 773/499/133
f 777/500/134 776/501/134 775/497/134
f 779/502/125 778/503/125 777/500/125
f 781/504/129 780/505/129 779/502/129
f 783/506/128 782/507/128 781/504/128
f 787/504/130 786/508/130 785/506/130
f 789/502/131 788/507/131 787/504/131
f 791/500/124 790/505/124 789/502/124
f 793/497/127 792/503/127 791/500/127
f 782/509/121 790/510/121 774/511/121
f 795/499/126 794/501/126 793/497/126
f 787/512/120 783/513/120 775/514/120
f 799/515/133 798/516/133 797/517/133
f 801/518/134 800/519/134 799/515/134
f 803/520/125 802/521/125 801/518/125
f 805/522/129 804/523/129 803/520/129
f 807/524/128 806/525/128 805/522/128
f 811/522/130 810/526/130 809/524/130
f 813/520/131 812/525/131 811/522/131
f 815/518/124 814/523/124 813/520/124
f 817/515/127 816/521/127 815/518/127
f 806/527/121 814/528/121 798/529/121
f 819/517/126 818/519/126 817/515/126
f 811/530/120 807/531/120 799/532/120
f 823/533/133 822/534/133 821/535/133
f 825/536/134 824/537/134 823/533/134
f 827/538/125 826/539/125 825/536/125
f 829/540/129 828/541/129 827/538/129
f 831/542/128 830/543/128 829/540/128
f 835/540/130 834/544/130 833/542/130
f 837/538/131 836/543/131 835/540/131
f 839/536/124 838/541/124 837/538/124
f 841/533/127 840/539/127 839/536/127
f 830/545/121 838/546/121 822/547/121
f 843/535/126 842/537/126 841/533/126
f 835/548/120 831/549/120 823/550/120
f 847/551/133 846/552/133 845/553/133
f 849/554/134 848/555/134 847/551/134
f 851/556/125 850/557/125 849/554/125
f 853/558/129 852/559/129 851/556/129
f 855/560/128 854/561/128 853/558/128
f 859/558/130 858/562/130 857/560/130
f 861/556/131 860/561/131 859/558/131
f 863/554/124 862/559/124 861/556/124
f 865/551/127 864/557/127 863/554/127
f 854/563/121 862/564/121 846/565/121
f 867/553/126 866/555/126 865/551/126
f 859/566/120 855/567/120 847/568/120
f 871/569/133 870/570/133 869/571/133
f 873/572/134 872/573/134 871/569/134
f 875/574/125 874/575/125 873/572/125
f 877/576/129 876/577/129 875/574/129
f 879/578/128 878/579/128 877/576/128
f 883/576/130 882/580/130 881/578/130
f 885/574/131 884/579/131 883/576/131
f 887/572/124 886/577/124 885/574/124
f 889/569/127 888/575/127 887/572/127
f 878/439/121 886/581/121 870/582/121
f 891/571/126 890/573/126 889/569/126
f 883/583/120 879/584/120 871/585/120
f 895/586/133 894/587/133 893/588/133
f 897/589/134 896/590/134 895/586/134
f 899/591/125 898/592/125 897/589/125
f 901/593/129 900/594/129 899/591/129
f 903/595/128 902/596/128 901/593/128
f 907/593/130 906/597/130 905/595/130
f 909/591/131 908/596/131 907/593/131
f 911/589/124 910/594/124 909/591/124
f 913/586/127 912/592/127 911/589/127
f 902/598/121 910/599/121 894/600/121
f 915/588/126 914/590/126 913/586/126
f 893/588/123 916/587/123 915/588/123
f 911/601/120 907/602/120 903/603/120
f 975/604/129 670/605/129 979/606/129
f 971/607/128 596/608/128 967/609/128
f 918/610/124 684/577/124 917/611/124
f 930/612/127 658/613/127 927/614/127
f 957/615/131 590/608/131 956/609/131
f 995/616/125 576/617/125 989/618/125
f 994/619/125 552/620/125 985/621/125
f 946/622/127 538/620/127 944/621/127
f 972/623/129 574/624/129 995/616/129
f 969/625/128 668/626/128 975/604/128
f 929/627/130 712/628/130 931/629/130
f 945/618/124 564/624/124 947/616/124
f 974/630/133 628/631/133 964/632/133
f 921/633/131 710/634/131 929/627/131
f 989/618/134 578/635/134 988/636/134
f 981/614/134 674/637/134 990/612/134
f 993/638/140 1057/329/140 1069/329/140
f 942/639/125 694/577/125 696/575/125
f 986/640/134 650/641/134 970/642/134
f 973/622/133 556/643/133 968/644/133
f 985/621/134 554/645/134 973/622/134
f 961/646/126 584/647/126 953/648/126
f 960/632/126 608/649/126 943/630/126
f 928/606/131 662/626/131 932/604/131
f 959/650/130 616/651/130 961/646/130
f 983/648/133 604/652/133 965/646/133
f 982/653/134 626/649/134 974/630/134
f 966/607/126 560/635/126 951/636/126
f 938/610/134 698/573/134 935/654/134
f 991/655/125 648/656/125 986/640/125
f 927/614/124 660/605/124 928/606/124
f 924/642/127 634/656/127 922/640/127
f 934/657/128 692/579/128 980/658/128
f 939/659/141 724/660/141 518/321/141
f 923/654/127 682/575/127 918/610/127
f 990/612/133 676/661/133 934/657/133
f 935/654/133 700/570/133 936/629/133
f 967/609/129 598/662/129 977/615/129
f 943/630/127 610/663/127 949/653/127
f 516/321/142 704/664/142 920/659/142
f 984/650/129 622/665/129 992/666/129
f 976/667/134 602/647/134 983/648/134
f 925/655/131 638/668/131 955/669/131
f 965/646/128 620/670/128 984/650/128
f 952/667/124 588/662/124 957/615/124
f 964/632/128 644/668/128 978/669/128
f 941/671/134 722/664/134 939/659/134
f 980/658/129 694/577/129 987/611/129
f 970/642/133 652/672/133 969/625/133
f 962/644/126 536/645/126 946/622/126
f 951/636/127 562/617/127 945/618/127
f 917/611/131 686/579/131 926/658/131
f 926/658/130 688/580/130 933/657/130
f 953/648/127 586/673/127 952/667/127
f 954/623/130 568/674/130 962/644/130
f 944/621/124 540/675/124 950/619/124
f 968/644/128 572/676/128 972/623/128
f 955/669/130 640/677/130 960/632/130
f 988/636/133 580/678/133 971/607/133
f 949/653/124 612/665/124 948/666/124
f 933/657/126 656/637/126 930/612/126
f 956/609/130 592/679/130 966/607/130
f 940/633/125 720/680/125 941/671/125
f 963/625/126 632/641/126 924/642/126
f 922/640/124 636/681/124 925/655/124
f 919/671/124 708/682/124 921/633/124
f 947/616/131 566/676/131 954/623/131
f 978/669/129 646/681/129 991/655/129
f 932/604/130 664/683/130 963/625/130
f 920/659/127 706/680/127 919/671/127
f 937/627/129 718/682/129 940/633/129
f 936/629/128 716/634/128 937/627/128
f 977/615/125 600/673/125 976/667/125
f 948/666/131 614/670/131 959/650/131
f 931/629/126 680/573/126 923/654/126
f 992/666/125 624/663/125 982/653/125
f 979/606/125 672/613/125 981/614/125
f 726/462/123 747/463/123 725/463/123
f 785/506/122 784/508/122 783/506/122
f 774/498/123 795/499/123 773/499/123
f 833/542/122 832/544/122 831/542/122
f 857/560/122 856/562/122 855/560/122
f 846/552/123 867/553/123 845/553/123
f 870/570/123 891/571/123 869/571/123
f 905/595/122 904/597/122 903/595/122
f 798/516/123 819/517/123 797/517/123
f 809/524/122 808/526/122 807/524/122
f 750/480/123 771/481/123 749/481/123
f 761/488/122 760/490/122 759/488/122
f 1059/322/123 555/324/123 1065/322/123
f 1062/342/122 593/369/122 591/369/122
f 1008/377/122 641/404/122 639/404/122
f 1010/394/123 651/396/123 1016/394/123
f 1011/411/122 689/438/122 687/438/122
f 1013/428/123 699/430/123 1014/428/123
f 723/446/143 528/197/143 701/446/143
f 1061/359/123 603/361/123 1060/359/123
f 968/644/123 534/643/123 962/644/123
f 971/607/123 558/678/123 966/607/123
f 965/646/122 616/651/122 618/651/122
f 964/632/122 640/677/122 642/677/122
f 969/625/122 664/683/122 666/683/122
f 934/657/123 654/661/123 933/657/123
f 936/629/123 678/570/123 931/629/123
f 724/660/144 516/321/144 518/321/144
f 1076/684/145 1077/685/145 1075/686/145
f 1078/687/146 1079/688/146 1077/685/146
f 1080/689/121 1081/690/121 1079/688/121
f 1082/691/147 1083/692/147 1081/690/147
f 1084/693/148 1085/694/148 1083/692/148
f 1088/695/149 1089/692/149 1087/694/149
f 1090/693/150 1091/690/150 1089/692/150
f 1092/691/120 1093/688/120 1091/690/120
f 1094/689/151 1095/685/151 1093/688/151
f 1084/696/125 1080/697/125 1096/698/125
f 1096/687/152 1097/686/152 1095/685/152
f 1081/699/124 1089/700/124 1097/701/124
f 1100/702/145 1101/703/145 1099/704/145
f 1102/705/146 1103/706/146 1101/703/146
f 1104/707/121 1105/708/121 1103/706/121
f 1106/709/147 1107/710/147 1105/708/147
f 1108/711/148 1109/712/148 1107/710/148
f 1112/713/149 1113/710/149 1111/712/149
f 1114/711/150 1115/708/150 1113/710/150
f 1116/709/120 1117/706/120 1115/708/120
f 1118/707/151 1119/703/151 1117/706/151
f 1100/714/125 1120/715/125 1112/716/125
f 1120/705/152 1121/704/152 1119/703/152
f 1105/717/124 1113/718/124 1121/719/124
f 1124/720/145 1125/721/145 1123/722/145
f 1126/723/146 1127/724/146 1125/721/146
f 1128/725/121 1129/726/121 1127/724/121
f 1130/727/147 1131/728/147 1129/726/147
f 1132/729/148 1133/730/148 1131/728/148
f 1136/731/149 1137/728/149 1135/730/149
f 1138/729/150 1139/726/150 1137/728/150
f 1140/727/120 1141/724/120 1139/726/120
f 1142/725/151 1143/721/151 1141/724/151
f 1124/732/125 1144/733/125 1136/734/125
f 1144/723/152 1145/722/152 1143/721/152
f 1141/735/124 1145/736/124 1129/737/124
f 1148/738/145 1149/739/145 1147/740/145
f 1150/741/146 1151/742/146 1149/739/146
f 1152/743/121 1153/744/121 1151/742/121
f 1154/745/147 1155/746/147 1153/744/147
f 1156/747/148 1157/748/148 1155/746/148
f 1160/749/149 1161/746/149 1159/748/149
f 1162/747/150 1163/744/150 1161/746/150
f 1164/745/120 1165/750/120 1163/744/120
f 1166/743/151 1167/739/151 1165/750/151
f 1164/751/125 1160/752/125 1152/753/125
f 1168/741/152 1169/740/152 1167/739/152
f 1153/754/124 1161/755/124 1169/756/124
f 1172/757/145 1173/758/145 1171/759/145
f 1174/760/146 1175/761/146 1173/758/146
f 1176/762/121 1623/763/121 1175/761/121
f 1178/762/151 1179/758/151 1177/761/151
f 1632/764/125 1626/764/125 1172/765/125
f 1180/760/152 1181/759/152 1179/758/152
f 1181/766/124 1624/767/124 1179/768/124
f 1515/769/145 1185/770/145 1183/771/145
f 1497/772/146 1187/773/146 1185/770/146
f 1498/774/121 1189/775/121 1187/773/121
f 1493/776/147 1191/777/147 1189/775/147
f 1494/778/148 1193/779/148 1191/777/148
f 1492/780/149 1197/777/149 1195/779/149
f 1509/778/150 1199/775/150 1197/777/150
f 1510/776/120 1201/773/120 1199/775/120
f 1512/774/151 1203/770/151 1201/773/151
f 1184/781/125 1204/782/125 1196/783/125
f 1514/772/152 1205/771/152 1203/770/152
f 1189/784/124 1197/785/124 1205/786/124
f 1507/787/145 1209/788/145 1207/789/145
f 1518/790/146 1211/791/146 1209/788/146
f 1503/792/121 1213/793/121 1211/791/121
f 1496/794/147 1215/795/147 1213/793/147
f 1495/796/148 1217/797/148 1215/795/148
f 1513/769/149 1221/795/149 1219/797/149
f 1511/796/150 1223/793/150 1221/795/150
f 1516/794/120 1225/798/120 1223/793/120
f 1517/799/151 1227/788/151 1225/798/151
f 1216/800/125 1212/801/125 1228/802/125
f 1506/790/152 1229/789/152 1227/788/152
f 1225/803/124 1229/804/124 1213/805/124
f 1232/806/145 1233/807/145 1231/808/145
f 1234/809/146 1235/810/146 1233/807/146
f 1236/811/121 1237/812/121 1235/810/121
f 1484/813/147 1486/814/147 1237/812/147
f 1508/815/148 1241/816/148 1239/817/148
f 1505/787/149 1245/817/149 1243/816/149
f 1483/813/150 1248/818/150 1247/812/150
f 1248/818/120 1249/810/120 1247/812/120
f 1250/811/151 1251/807/151 1249/810/151
f 1248/819/125 1244/820/125 1236/821/125
f 1252/809/152 1253/808/152 1251/807/152
f 1254/806/123 1231/808/123 1253/808/123
f 1237/822/124 1245/823/124 1253/824/124
f 1488/780/145 1257/825/145 1255/826/145
f 1502/827/146 1259/828/146 1257/825/146
f 1501/829/121 1261/830/121 1259/828/121
f 1263/831/147 1499/832/147 1520/833/147
f 1264/834/148 1265/835/148 1263/831/148
f 1268/836/149 1269/831/149 1267/835/149
f 1269/831/150 1519/833/150 1491/832/150
f 1489/837/120 1273/828/120 1271/838/120
f 1490/829/151 1275/825/151 1273/828/151
f 1256/839/125 1276/840/125 1268/841/125
f 1487/827/152 1277/826/152 1275/825/152
f 1261/842/124 1269/843/124 1277/844/124
f 1279/845/152 1282/846/152 1280/847/152
f 1283/848/151 1282/846/151 1281/849/151
f 1285/850/120 1284/851/120 1283/848/120
f 1287/852/150 1286/853/150 1285/850/150
f 1289/854/149 1288/855/149 1287/852/149
f 1291/854/122 1290/856/122 1289/854/122
f 1293/852/148 1292/856/148 1291/854/148
f 1295/850/147 1294/855/147 1293/852/147
f 1297/848/121 1296/853/121 1295/850/121
f 1299/849/146 1298/851/146 1297/848/146
f 1288/857/125 1292/858/125 1296/859/125
f 1301/845/145 1300/846/145 1299/849/145
f 1279/845/123 1302/847/123 1301/845/123
f 1297/860/124 1289/861/124 1281/862/124
f 1305/863/152 1304/864/152 1303/865/152
f 1307/866/151 1306/867/151 1305/863/151
f 1309/868/120 1308/869/120 1307/866/120
f 1311/870/150 1310/871/150 1309/868/150
f 1313/872/149 1312/873/149 1311/870/149
f 1315/872/122 1314/874/122 1313/872/122
f 1317/870/148 1316/874/148 1315/872/148
f 1319/868/147 1318/873/147 1317/870/147
f 1321/866/121 1320/871/121 1319/868/121
f 1323/863/146 1322/869/146 1321/866/146
f 1308/875/125 1312/876/125 1320/877/125
f 1325/865/145 1324/867/145 1323/863/145
f 1303/865/123 1326/864/123 1325/865/123
f 1321/878/124 1313/879/124 1305/880/124
f 1329/881/152 1328/882/152 1327/883/152
f 1331/884/151 1330/885/151 1329/881/151
f 1333/886/120 1332/887/120 1331/884/120
f 1335/888/150 1334/889/150 1333/886/150
f 1337/890/149 1336/891/149 1335/888/149
f 1339/890/122 1338/892/122 1337/890/122
f 1341/888/148 1340/892/148 1339/890/148
f 1343/893/147 1342/891/147 1341/888/147
f 1345/884/121 1344/889/121 1343/893/121
f 1347/881/146 1346/887/146 1345/884/146
f 1332/894/125 1336/895/125 1344/896/125
f 1349/883/145 1348/885/145 1347/881/145
f 1327/883/123 1350/882/123 1349/883/123
f 1345/897/124 1337/898/124 1329/899/124
f 1353/900/152 1352/901/152 1351/902/152
f 1355/903/151 1354/904/151 1353/900/151
f 1357/905/120 1356/906/120 1355/903/120
f 1359/907/150 1358/908/150 1357/905/150
f 1361/909/149 1360/910/149 1359/907/149
f 1363/909/122 1362/911/122 1361/909/122
f 1365/907/148 1364/911/148 1363/909/148
f 1367/905/147 1366/910/147 1365/907/147
f 1369/903/121 1368/908/121 1367/905/121
f 1371/900/146 1370/906/146 1369/903/146
f 1356/912/125 1360/913/125 1368/914/125
f 1373/902/145 1372/904/145 1371/900/145
f 1351/902/123 1374/901/123 1373/902/123
f 1369/915/124 1361/916/124 1353/917/124
f 1377/918/152 1376/919/152 1375/920/152
f 1379/921/151 1378/922/151 1377/918/151
f 1630/923/120 1631/924/120 1380/925/120
f 1383/918/146 1382/925/146 1381/921/146
f 1386/926/125 1376/926/125 1629/927/125
f 1385/920/145 1384/922/145 1383/918/145
f 1375/920/123 1386/919/123 1385/920/123
f 1625/928/124 1379/929/124 1377/930/124
f 1389/931/152 1583/932/152 1387/933/152
f 1389/931/151 1580/934/151 1588/935/151
f 1393/936/120 1580/934/120 1391/937/120
f 1395/938/150 1581/939/150 1393/936/150
f 1397/940/149 1565/941/149 1395/938/149
f 1399/940/122 1562/942/122 1397/940/122
f 1401/938/148 1569/942/148 1399/940/148
f 1403/936/147 1557/941/147 1401/938/147
f 1405/937/121 1556/939/121 1403/936/121
f 1405/937/146 1559/935/146 1558/934/146
f 1392/943/125 1396/944/125 1404/945/125
f 1409/933/145 1559/935/145 1407/931/145
f 1387/933/123 1555/932/123 1409/933/123
f 1405/946/124 1397/947/124 1389/948/124
f 1413/788/152 1577/949/152 1411/789/152
f 1413/788/151 1579/950/151 1586/951/151
f 1417/793/120 1579/950/120 1415/798/120
f 1419/795/150 1578/952/150 1417/793/150
f 1421/797/149 1573/953/149 1419/795/149
f 1423/797/122 1583/932/122 1421/797/122
f 1425/795/148 1555/932/148 1423/797/148
f 1427/793/147 1560/953/147 1425/795/147
f 1429/798/121 1561/952/121 1427/793/121
f 1429/798/146 1575/951/146 1576/950/146
f 1416/954/125 1420/955/125 1428/956/125
f 1433/789/145 1575/951/145 1431/788/145
f 1411/789/123 1574/949/123 1433/789/123
f 1429/803/124 1421/957/124 1413/958/124
f 1437/959/152 1436/960/152 1435/961/152
f 1439/962/151 1438/963/151 1437/959/151
f 1554/964/120 1552/965/120 1440/966/120
f 1443/967/150 1584/968/150 1441/969/150
f 1445/970/149 1587/971/149 1443/967/149
f 1447/970/122 1577/949/122 1445/970/122
f 1449/967/148 1574/949/148 1447/970/148
f 1451/969/147 1585/971/147 1449/967/147
f 1454/966/121 1551/965/121 1553/964/121
f 1455/959/146 1454/966/146 1453/962/146
f 1440/972/125 1444/973/125 1452/974/125
f 1457/961/145 1456/963/145 1455/959/145
f 1435/961/123 1458/960/123 1457/961/123
f 1453/975/124 1445/976/124 1437/977/124
f 1459/978/152 1566/979/152 1562/942/152
f 1461/980/151 1564/981/151 1566/979/151
f 1465/982/120 1564/981/120 1463/983/120
f 1468/984/153 1590/985/153 1572/986/153
f 1469/987/154 1468/984/154 1467/988/154
f 1471/987/155 1470/989/155 1469/987/155
f 1473/988/156 1472/989/156 1471/987/156
f 1570/986/157 1589/985/157 1474/984/157
f 1477/983/121 1571/990/121 1475/982/121
f 1477/983/146 1568/979/146 1567/981/146
f 1464/991/125 1468/992/125 1476/993/125
f 1481/978/145 1568/979/145 1479/980/145
f 1459/978/123 1569/942/123 1481/978/123
f 1477/994/124 1469/995/124 1461/996/124
f 1539/997/150 1200/998/150 1540/999/150
f 1536/1000/151 1276/1001/151 1534/1002/151
f 1542/1003/151 1204/1004/151 1543/1005/151
f 1528/1006/148 1218/1007/148 1526/1008/148
f 1532/1009/146 1212/1010/146 1533/1011/146
f 1543/1005/152 1206/1012/152 1538/1008/152
f 1540/999/120 1202/1013/120 1542/1003/120
f 1546/1014/120 1226/1015/120 1547/1016/120
f 1538/1008/149 1222/1017/149 1541/1006/149
f 1526/1008/145 1186/1004/145 1530/1005/145
f 1533/1011/121 1214/1018/121 1529/1014/121
f 1523/1009/152 1230/1019/152 1522/1020/152
f 1537/1021/149 1198/1022/149 1539/997/149
f 1522/1020/149 1246/1023/149 1521/1024/149
f 1549/1000/121 1262/1025/121 1548/1026/121
f 1524/1024/148 1242/1027/148 1525/1020/148
f 1550/1002/146 1260/1028/146 1549/1000/146
f 1530/1005/146 1188/1029/146 1531/1003/146
f 1529/1014/147 1216/1017/147 1528/1006/147
f 1541/1006/150 1224/1018/150 1546/1014/150
f 1547/1016/151 1228/1030/151 1523/1009/151
f 1534/1002/152 1278/1031/152 1537/1021/152
f 1535/1026/120 1274/1028/120 1536/1000/120
f 1531/1003/121 1190/998/121 1527/999/121
f 1527/999/147 1192/1022/147 1544/997/147
f 1525/1020/145 1210/1030/145 1532/1009/145
f 1544/997/148 1194/1032/148 1545/1021/148
f 1545/1021/145 1258/1001/145 1550/1002/145
f 1615/1033/123 1410/1034/123 1596/1033/123
f 1594/1035/121 1428/1036/121 1599/1037/121
f 1610/1038/158 1464/1039/158 1611/1040/158
f 1604/1041/151 1416/1042/151 1414/1043/151
f 1622/1044/151 1392/1045/151 1390/1046/151
f 1591/1047/122 1446/1048/122 1602/1047/122
f 1604/1041/152 1412/1049/152 1602/1047/152
f 1602/1047/149 1444/1050/149 1605/1051/149
f 1618/1040/159 1480/1052/159 1478/1039/159
f 1606/1053/150 1418/1036/150 1607/1037/150
f 1605/1051/150 1442/1054/150 1601/1055/150
f 1596/1033/122 1422/1056/122 1615/1033/122
f 1613/1057/120 1392/1045/120 1612/1058/120
f 1598/1053/148 1424/1056/148 1596/1033/148
f 1621/1038/160 1478/1039/160 1476/1059/160
f 1620/1060/161 1460/1061/161 1482/1061/161
f 1619/1062/162 1482/1061/162 1480/1052/162
f 1591/1047/148 1450/1050/148 1448/1048/148
f 1617/1060/163 1462/1052/163 1460/1061/163
f 1617/1060/149 1396/1063/149 1614/1064/149
f 1607/1037/120 1416/1042/120 1609/1035/120
f 1602/1047/123 1434/1049/123 1591/1047/123
f 1592/1041/146 1430/1042/146 1594/1035/146
f 1620/1060/122 1398/1065/122 1617/1060/122
f 1596/1033/145 1408/1046/145 1597/1044/145
f 1622/1044/152 1388/1034/152 1615/1033/152
f 1615/1033/149 1420/1066/149 1606/1053/149
f 1600/1055/147 1450/1050/147 1603/1051/147
f 1599/1037/147 1426/1066/147 1598/1053/147
f 1614/1064/150 1394/1067/150 1613/1057/150
f 1593/1057/147 1402/1063/147 1608/1064/147
f 1597/1044/146 1406/1045/146 1595/1058/146
f 1591/1047/145 1432/1043/145 1592/1041/145
f 1595/1058/121 1404/1067/121 1593/1057/121
f 1608/1064/148 1400/1065/148 1620/1060/148
f 1616/1062/164 1464/1039/164 1462/1052/164
f 1628/923/121 1381/921/121 1382/925/121
f 1624/763/120 1178/762/120 1177/761/120
f 1630/923/122 1627/1068/122 1628/923/122
f 1624/763/122 1626/1069/122 1632/1069/122
f 1086/695/122 1087/694/122 1085/694/122
f 1097/686/123 1076/684/123 1075/686/123
f 1134/731/122 1135/730/122 1133/730/122
f 1158/749/122 1159/748/122 1157/748/122
f 1169/740/123 1148/738/123 1147/740/123
f 1488/780/123 1277/826/123 1492/780/123
f 1515/769/122 1219/797/122 1217/797/122
f 1507/787/123 1229/789/123 1505/787/123
f 1522/1020/123 1208/1019/123 1525/1020/123
f 1538/1008/122 1218/1007/122 1220/1007/122
f 1537/1021/123 1256/1031/123 1545/1021/123
f 1266/836/122 1267/835/122 1265/835/122
f 1145/722/123 1124/720/123 1123/722/123
f 1634/1070/165 1635/1071/165 1633/1072/165
f 1636/1073/166 1637/1074/166 1635/1071/166
f 1638/1075/124 1639/1076/124 1637/1074/124
f 1640/1077/167 1641/1078/167 1639/1076/167
f 1642/1079/168 1643/1080/168 1641/1078/168
f 1645/1081/120 1655/1082/120 1651/1083/120
f 1633/1072/123 1646/1070/123 1634/1070/123
f 1646/1084/121 1650/1085/121 1656/1086/121
f 1645/1072/169 1648/1073/169 1646/1070/169
f 1649/1074/170 1648/1073/170 1647/1071/170
f 1651/1076/125 1650/1075/125 1649/1074/125
f 1653/1078/171 1652/1077/171 1651/1076/171
f 1653/1078/172 1656/1087/172 1654/1079/172
f 1643/1080/122 1656/1087/122 1655/1080/122
f 1658/1088/173 1659/1089/173 1657/1090/173
f 1659/1089/174 1662/1091/174 1661/1092/174
f 1662/1091/124 1663/1093/124 1661/1092/124
f 1664/1094/175 1665/1095/175 1663/1093/175
f 1665/1095/176 1668/1096/176 1667/1097/176
f 1687/1093/122 1685/1092/122 1683/1089/122
f 1681/1090/120 1658/1088/120 1657/1090/120
f 1703/1098/121 1680/1099/121 1704/1099/121
f 1658/1100/123 1682/1100/123 1668/1101/123
f 1670/1102/173 1671/1103/173 1669/1104/173
f 1671/1103/174 1674/1105/174 1673/1106/174
f 1674/1105/124 1675/1107/124 1673/1106/124
f 1676/1108/175 1677/1109/175 1675/1107/175
f 1677/1109/176 1680/1099/176 1679/1098/176
f 1699/1107/122 1697/1106/122 1695/1103/122
f 1693/1104/120 1670/1102/120 1669/1104/120
f 1670/1110/123 1694/1110/123 1680/1111/123
f 1683/1089/177 1682/1088/177 1681/1090/177
f 1683/1089/178 1686/1091/178 1684/1112/178
f 1687/1093/125 1686/1091/125 1685/1092/125
f 1689/1095/179 1688/1094/179 1687/1093/179
f 1689/1095/180 1692/1096/180 1690/1113/180
f 1695/1103/177 1694/1102/177 1693/1104/177
f 1695/1103/178 1698/1105/178 1696/1114/178
f 1699/1107/125 1698/1105/125 1697/1106/125
f 1701/1109/179 1700/1108/179 1699/1107/179
f 1701/1109/180 1704/1099/180 1702/1115/180
f 1667/1097/121 1692/1096/121 1691/1097/121
f 1711/1116/124 1709/1117/124 1710/1118/124
f 1708/1119/181 1711/1116/181 1706/1120/181
f 1707/1121/182 1710/1118/182 1709/1117/182
f 1717/1117/125 1719/1116/125 1718/1118/125
f 1719/1116/122 1716/1122/122 1714/1116/122
f 1717/1117/123 1713/1118/123 1715/1117/123
f 1721/1123/125 1728/1124/125 1724/1125/125
f 1722/1126/124 1727/1127/124 1726/1128/124
f 1764/1129/183 1728/1124/183 1725/1130/183
f 1746/1131/184 1722/1126/184 1745/1132/184
f 1823/1133/185 1765/1134/185 1763/1135/185
f 1729/1136/185 1725/1130/185 1721/1123/185
f 1769/1137/185 1766/1138/185 1826/1139/185
f 1758/1140/184 1734/1141/184 1733/1142/184
f 1804/1143/185 1801/1144/185 1829/1145/185
f 1755/1146/184 1737/1147/184 1736/1148/184
f 1753/1149/184 1739/1150/184 1738/1151/184
f 1775/1152/185 1805/1153/185 1831/1154/185
f 1750/1155/184 1742/1156/184 1741/1157/184
f 1778/1158/185 1776/1159/185 1834/1160/185
f 1748/1161/184 1744/1162/184 1743/1163/184
f 1722/1126/185 1779/1164/185 1745/1132/185
f 1765/1134/183 1798/1165/183 1763/1135/183
f 1732/1166/185 1767/1167/185 1799/1168/185
f 1769/1137/183 1795/1169/183 1766/1138/183
f 1770/1170/183 1793/1171/183 1768/1172/183
f 1832/1173/124 1786/1174/124 1775/1152/124
f 1773/1175/183 1790/1176/183 1771/1177/183
f 1774/1178/183 1789/1179/183 1772/1180/183
f 1833/1181/125 1785/1182/125 1840/1183/125
f 1742/1156/185 1777/1184/185 1807/1185/185
f 1776/1159/183 1783/1186/183 1785/1182/183
f 1744/1162/185 1780/1187/185 1809/1188/185
f 1726/1128/183 1782/1189/183 1779/1164/183
f 1825/1190/125 1795/1169/125 1848/1191/125
f 1760/1192/184 1732/1166/184 1731/1193/184
f 1735/1194/125 1819/1195/125 1756/1196/125
f 1828/1197/124 1792/1198/124 1769/1137/124
f 1734/1141/185 1768/1172/185 1733/1142/185
f 1756/1196/184 1829/1145/184 1735/1194/184
f 1737/1147/185 1771/1177/185 1736/1148/185
f 1739/1150/185 1772/1180/185 1738/1151/185
f 1741/1199/125 1813/1200/125 1750/1201/125
f 1743/1163/125 1811/1202/125 1748/1161/125
f 1836/1203/124 1783/1186/124 1778/1158/124
f 1744/1162/124 1781/1204/124 1780/1187/124
f 1745/1132/125 1782/1189/125 1746/1131/125
f 1780/1187/183 1812/1205/183 1809/1188/183
f 1742/1156/124 1784/1206/124 1777/1184/124
f 1839/1207/184 1835/1208/184 1834/1160/184
f 1751/1209/184 1831/1154/184 1740/1210/184
f 1777/1184/183 1814/1211/183 1807/1185/183
f 1739/1150/124 1787/1212/124 1774/1178/124
f 1805/1153/183 1786/1174/183 1816/1213/183
f 1737/1147/124 1788/1214/124 1773/1175/124
f 1738/1151/125 1789/1179/125 1753/1149/125
f 1740/1210/125 1815/1215/125 1751/1209/125
f 1736/1148/125 1790/1176/125 1755/1146/125
f 1734/1141/124 1791/1216/124 1770/1170/124
f 1804/1143/183 1820/1217/183 1801/1144/183
f 1830/1218/124 1818/1219/124 1803/1220/124
f 1733/1142/125 1793/1171/125 1758/1140/125
f 1732/1166/124 1794/1221/124 1767/1167/124
f 1847/1222/184 1827/1223/184 1826/1139/184
f 1761/1224/184 1823/1133/184 1730/1225/184
f 1767/1167/183 1822/1226/183 1799/1168/183
f 1729/1136/124 1797/1227/124 1764/1129/124
f 1730/1225/125 1798/1165/125 1761/1224/125
f 1724/1125/184 1729/1136/184 1721/1123/184
f 1822/1226/186 1800/1228/186 1799/1168/186
f 1820/1217/186 1802/1229/186 1801/1144/186
f 1817/1230/187 1803/1220/187 1818/1219/187
f 1816/1213/186 1806/1231/186 1805/1153/186
f 1814/1232/186 1808/1233/186 1807/1234/186
f 1812/1205/186 1810/1235/186 1809/1188/186
f 1731/1193/125 1821/1236/125 1760/1192/125
f 1823/1133/188 1849/1237/188 1824/1238/188
f 1826/1139/189 1848/1191/189 1847/1222/189
f 1827/1223/188 1845/1239/188 1828/1197/188
f 1829/1145/188 1843/1240/188 1830/1218/188
f 1831/1154/188 1841/1241/188 1832/1173/188
f 1834/1160/189 1840/1183/189 1839/1207/189
f 1835/1208/188 1837/1242/188 1836/1203/188
f 1824/1238/124 1796/1243/124 1765/1134/124
f 1856/1244/125 1851/1245/125 1724/1125/125
f 1852/1246/124 1855/1247/124 1723/1248/124
f 1856/1244/190 1875/1249/190 1853/1250/190
f 1852/1246/191 1746/1131/191 1873/1251/191
f 1876/1252/192 1935/1253/192 1934/1254/192
f 1853/1250/192 1857/1255/192 1851/1245/192
f 1937/1256/192 1880/1257/192 1938/1258/192
f 1862/1259/191 1758/1260/191 1861/1261/191
f 1941/1262/192 1940/1263/192 1915/1264/192
f 1865/1265/191 1755/1266/191 1864/1267/191
f 1867/1268/191 1753/1269/191 1866/1270/191
f 1886/1271/192 1943/1272/192 1942/1273/192
f 1869/1274/191 1749/1275/191 1750/1155/191
f 1945/1276/192 1889/1277/192 1946/1278/192
f 1871/1279/191 1747/1280/191 1748/1281/191
f 1890/1282/192 1852/1246/192 1873/1251/192
f 1909/1283/190 1876/1252/190 1874/1284/190
f 1910/1285/192 1878/1286/192 1860/1287/192
f 1906/1288/190 1880/1257/190 1877/1289/190
f 1904/1290/190 1881/1291/190 1879/1292/190
f 1897/1293/124 1943/1272/124 1886/1271/124
f 1901/1294/190 1884/1295/190 1882/1296/190
f 1900/1297/190 1885/1298/190 1883/1299/190
f 1944/1300/125 1896/1301/125 1887/1302/125
f 1918/1303/192 1888/1304/192 1870/1305/192
f 1887/1302/190 1894/1306/190 1889/1277/190
f 1920/1307/192 1891/1308/192 1872/1309/192
f 1893/1310/190 1854/1311/190 1890/1282/190
f 1936/1312/125 1906/1288/125 1877/1289/125
f 1860/1287/191 1760/1192/191 1859/1313/191
f 1863/1314/125 1930/1315/125 1913/1316/125
f 1903/1317/124 1939/1318/124 1880/1257/124
f 1879/1292/192 1862/1259/192 1861/1261/192
f 1863/1314/191 1844/1319/191 1756/1196/191
f 1882/1296/192 1865/1265/192 1864/1267/192
f 1883/1299/192 1867/1268/192 1866/1270/192
f 1869/1274/125 1924/1320/125 1919/1321/125
f 1871/1279/125 1922/1322/125 1921/1323/125
f 1894/1306/124 1947/1324/124 1889/1277/124
f 1892/1325/124 1872/1326/124 1891/1327/124
f 1873/1251/125 1893/1310/125 1890/1282/125
f 1923/1328/190 1891/1308/190 1920/1307/190
f 1895/1329/124 1870/1305/124 1888/1304/124
f 1946/1278/191 1839/1207/191 1945/1276/191
f 1868/1330/191 1842/1331/191 1751/1209/191
f 1925/1332/190 1888/1304/190 1918/1303/190
f 1898/1333/124 1867/1268/124 1885/1298/124
f 1916/1334/190 1897/1293/190 1886/1271/190
f 1899/1335/124 1865/1265/124 1884/1295/124
f 1866/1270/125 1900/1297/125 1883/1299/125
f 1868/1330/125 1926/1336/125 1917/1337/125
f 1864/1267/125 1901/1294/125 1882/1296/125
f 1902/1338/124 1862/1259/124 1881/1291/124
f 1931/1339/190 1915/1264/190 1912/1340/190
f 1929/1341/124 1941/1262/124 1914/1342/124
f 1861/1261/125 1904/1290/125 1879/1292/125
f 1905/1343/124 1860/1287/124 1878/1286/124
f 1938/1258/191 1847/1222/191 1937/1256/191
f 1934/1254/191 1761/1344/191 1858/1345/191
f 1933/1346/190 1878/1286/190 1910/1285/190
f 1908/1347/124 1857/1255/124 1875/1249/124
f 1858/1345/125 1909/1283/125 1874/1284/125
f 1857/1255/191 1724/1125/191 1851/1245/191
f 1911/1348/193 1933/1346/193 1910/1285/193
f 1913/1316/194 1931/1339/194 1912/1340/194
f 1928/1349/195 1914/1342/195 1915/1264/195
f 1917/1337/194 1927/1350/194 1916/1334/194
f 1919/1321/194 1925/1332/194 1918/1303/194
f 1921/1323/194 1923/1328/194 1920/1307/194
f 1859/1313/125 1932/1351/125 1911/1348/125
f 1934/1254/196 1954/1352/196 1850/1353/196
f 1953/1354/197 1937/1256/197 1847/1222/197
f 1938/1258/196 1952/1355/196 1846/1356/196
f 1940/1263/196 1951/1357/196 1844/1319/196
f 1942/1273/196 1950/1358/196 1842/1331/196
f 1949/1359/197 1945/1276/197 1839/1207/197
f 1946/1278/196 1948/1360/196 1838/1361/196
f 1907/1362/124 1935/1253/124 1876/1252/124
f 1956/1363/124 1957/1364/124 1955/1363/124
f 1959/1365/125 1961/1366/125 1960/1366/125
f 1961/1366/122 1958/1364/122 1956/1363/122
f 1962/1365/120 1957/1364/120 1958/1364/120
f 1960/1366/121 1956/1363/121 1955/1363/121
f 1959/1365/123 1955/1363/123 1957/1364/123
f 1969/1367/198 1995/1368/198 1965/1369/198
f 1970/1370/125 1963/1371/125 1966/1372/125
f 1964/1373/124 1969/1367/124 1965/1369/124
f 1970/1370/199 2017/1374/199 1967/1375/199
f 1964/1373/200 1995/1368/200 1992/1376/200
f 1974/1377/200 2016/1378/200 1971/1379/200
f 1975/1380/125 2104/1381/125 2081/1382/125
f 1977/1383/200 2012/1384/200 1975/1380/200
f 1979/1385/200 2011/1386/200 1976/1387/200
f 1981/1388/200 2009/1389/200 1978/1390/200
f 1982/1391/200 2007/1392/200 1980/1393/200
f 2027/1394/201 2061/1395/201 2026/1396/201
f 1983/1397/200 2002/1398/200 2004/1399/200
f 1987/1400/124 2095/1401/124 2000/1402/124
f 1986/1403/200 1998/1404/200 2001/1405/200
f 1990/1406/200 1999/1407/200 1988/1408/200
f 2035/1409/201 2067/1410/201 2068/1411/201
f 1993/1412/200 1996/1413/200 1991/1414/200
f 2037/1415/201 1964/1373/201 1992/1376/201
f 2098/1416/198 2073/1417/198 2074/1418/198
f 2101/1419/198 2102/1420/198 2009/1389/198
f 2042/1421/198 1999/1407/198 1997/1422/198
f 2044/1423/198 2001/1405/198 1998/1404/198
f 2049/1424/198 2075/1425/198 2076/1426/198
f 2046/1427/198 2004/1399/198 2002/1398/198
f 2050/1428/198 2007/1392/198 2005/1429/198
f 2012/1384/198 2103/1430/198 2104/1381/198
f 2052/1431/198 2011/1386/198 2008/1432/198
f 2105/1433/198 2106/1434/198 2014/1435/198
f 2056/1436/198 2016/1378/198 2013/1437/198
f 2058/1438/198 1966/1372/198 2015/1439/198
f 2057/1440/199 2019/1441/199 2018/1442/199
f 2020/1443/201 2059/1444/201 2060/1445/201
f 2082/1446/201 2021/1447/201 1977/1383/201
f 2053/1448/199 2023/1449/199 2022/1450/199
f 2085/1451/201 2086/1452/201 1981/1388/201
f 2024/1453/199 2050/1428/199 2025/1454/199
f 2049/1424/199 2027/1394/199 2026/1396/199
f 2028/1455/199 2046/1427/199 2029/1456/199
f 2089/1457/201 2090/1458/201 1987/1400/201
f 2030/1459/199 2044/1423/199 2031/1460/199
f 2043/1461/199 2033/1462/199 2032/1463/199
f 2041/1464/199 2035/1409/199 2034/1465/199
f 2092/1466/201 2036/1467/201 1993/1412/201
f 2038/1468/199 1968/1469/199 2037/1415/199
f 1967/1375/201 1972/1470/201 1963/1371/201
f 2018/1442/201 1974/1377/201 1971/1379/201
f 2062/1471/125 2049/1424/125 2026/1396/125
f 1978/1390/125 2102/1420/125 2083/1472/125
f 2022/1450/201 1979/1385/201 1976/1387/201
f 1981/1388/124 2099/1473/124 2006/1474/124
f 2024/1453/201 1982/1391/201 1980/1393/201
f 2088/1475/199 2096/1476/199 2089/1457/199
f 2028/1455/201 1985/1477/201 1983/1397/201
f 2066/1478/125 2041/1464/125 2034/1465/125
f 2030/1459/201 1989/1479/201 1986/1403/201
f 2032/1463/201 1990/1406/201 1988/1408/201
f 2067/1410/124 2040/1480/124 2070/1481/124
f 1996/1413/198 2093/1482/198 2094/1483/198
f 1993/1412/124 2039/1484/124 1994/1485/124
f 1992/1376/125 2038/1468/125 2037/1415/125
f 2041/1464/198 2071/1486/198 2072/1487/198
f 2093/1482/199 2036/1467/199 2092/1466/199
f 1990/1406/124 2042/1421/124 1997/1422/124
f 2068/1411/200 2072/1487/200 2065/1488/200
f 1989/1479/124 2044/1423/124 1998/1404/124
f 1988/1408/125 2043/1461/125 2032/1463/125
f 1991/1414/125 2094/1483/125 2091/1489/125
f 1986/1403/125 2045/1490/125 2030/1459/125
f 1985/1477/124 2046/1427/124 2002/1398/124
f 1987/1400/200 2074/1418/200 2063/1491/200
f 1984/1492/124 2048/1493/124 2003/1494/124
f 1983/1397/125 2047/1495/125 2028/1455/125
f 1982/1391/124 2050/1428/124 2005/1429/124
f 1984/1492/200 2076/1426/200 2061/1395/200
f 2064/1496/125 2098/1416/125 2087/1497/125
f 1980/1393/125 2051/1498/125 2024/1453/125
f 1979/1385/124 2052/1431/124 2008/1432/124
f 2084/1499/199 2100/1500/199 2085/1451/199
f 1977/1383/124 2054/1501/124 2010/1502/124
f 1976/1387/125 2053/1448/125 2022/1450/125
f 2060/1445/200 2014/1435/200 1973/1503/200
f 2103/1430/199 2021/1447/199 2082/1446/199
f 1974/1377/124 2056/1436/124 2013/1437/124
f 2105/1433/199 2020/1443/199 2080/1504/199
f 1972/1470/124 2058/1438/124 2015/1439/124
f 1971/1379/125 2057/1440/125 2018/1442/125
f 1972/1470/200 1966/1372/200 1963/1371/200
f 2060/1445/202 2078/1505/202 2077/1506/202
f 2061/1395/203 2075/1425/203 2062/1471/203
f 2063/1491/203 2073/1417/203 2064/1496/203
f 2065/1488/203 2071/1486/203 2066/1478/203
f 2068/1411/202 2070/1481/202 2069/1507/202
f 2059/1444/124 2055/1508/124 2078/1505/124
f 2105/1433/204 2079/1509/204 2106/1434/204
f 2103/1430/204 2081/1382/204 2104/1381/204
f 2101/1419/204 2083/1472/204 2102/1420/204
f 2100/1500/205 2086/1452/205 2085/1451/205
f 2097/1510/204 2087/1497/204 2098/1416/204
f 2096/1476/205 2090/1458/205 2089/1457/205
f 2093/1482/204 2091/1489/204 2094/1483/204
f 1973/1503/125 2106/1434/125 2079/1509/125
f 2107/1511/125 2110/1512/125 2109/1513/125
f 2111/1511/124 2114/1512/124 2112/1514/124
f 2110/1512/206 2113/1513/206 2109/1513/206
f 2107/1511/207 2112/1514/207 2108/1514/207
f 2109/1513/208 2111/1511/208 2107/1511/208
f 2115/1511/124 2118/1512/124 2116/1514/124
f 2119/1511/125 2122/1512/125 2121/1513/125
f 2121/1513/209 2118/1512/209 2117/1513/209
f 2120/1514/207 2115/1511/207 2116/1514/207
f 2119/1511/208 2117/1513/208 2115/1511/208
f 2123/1515/124 2126/1516/124 2125/1516/124
f 2128/1517/125 2130/1518/125 2129/1517/125
f 2130/1518/120 2125/1516/120 2126/1516/120
f 2128/1517/121 2124/1515/121 2123/1515/121
f 2129/1517/210 2126/1516/210 2124/1515/210
f 2127/1518/211 2123/1515/211 2125/1516/211
f 2133/1519/120 2138/1520/120 2134/1521/120
f 2132/1521/121 2135/1522/121 2131/1519/121
f 2134/1521/124 2136/1523/124 2132/1521/124
f 2133/1519/125 2135/1522/125 2137/1524/125
f 2133/1519/122 2132/1521/122 2131/1519/122
f 2142/1525/120 2145/1526/120 2146/1525/120
f 2140/1527/121 2143/1528/121 2139/1528/121
f 2142/1525/122 2144/1527/122 2140/1527/122
f 2139/1528/123 2145/1526/123 2141/1526/123
f 2150/1529/212 2149/1530/212 2153/1530/212
f 2150/1529/213 2152/1531/213 2154/1529/213
f 2147/1532/214 2153/1530/214 2149/1530/214
f 2152/1531/215 2151/1532/215 2147/1532/215
f 2158/1533/216 2157/1534/216 2161/1534/216
f 2158/1533/213 2160/1535/213 2162/1533/213
f 2155/1536/214 2161/1534/214 2157/1534/214
f 2160/1535/217 2159/1536/217 2155/1536/217
f 2167/1537/123 2192/1538/123 2201/1539/123
f 2174/1540/123 2169/1541/123 2165/1542/123
f 2178/1543/123 2186/1544/123 2175/1545/123
f 2202/1546/123 2194/1547/123 2203/1548/123
f 2172/1549/123 2182/1550/123 2173/1551/123
f 2180/1552/123 2188/1553/123 2177/1554/123
f 2163/1555/123 2190/1556/123 2179/1557/123
f 2210/1558/123 2166/1559/123 2170/1560/123
f 2208/1561/123 2200/1562/123 2209/1563/123
f 2206/1564/123 2198/1565/123 2207/1566/123
f 2204/1567/123 2196/1568/123 2205/1569/123
f 2176/1570/123 2184/1571/123 2171/1572/123
f 2256/1538/122 2213/1537/122 2255/1539/122
f 2215/1541/122 2222/1540/122 2216/1542/122
f 2228/1544/122 2234/1543/122 2227/1545/122
f 2252/1547/122 2258/1546/122 2251/1548/122
f 2220/1550/122 2226/1549/122 2219/1551/122
f 2232/1553/122 2238/1552/122 2231/1554/122
f 2236/1556/122 2217/1555/122 2235/1557/122
f 2211/1559/122 2242/1558/122 2212/1560/122
f 2240/1562/122 2246/1561/122 2239/1563/122
f 2244/1565/122 2250/1564/122 2243/1566/122
f 2248/1568/122 2254/1567/122 2247/1569/122
f 2224/1571/122 2230/1570/122 2223/1572/122
f 2236/1556/125 2179/1557/125 2190/1556/125
f 2257/1573/120 2194/1547/120 2191/1573/120
f 2219/1551/121 2172/1549/121 2173/1551/121
f 2238/1552/124 2189/1574/124 2180/1552/124
f 2247/1569/121 2204/1567/121 2205/1569/121
f 2211/1559/125 2170/1560/125 2166/1559/125
f 2225/1575/120 2182/1550/120 2183/1575/120
f 2240/1562/125 2209/1563/125 2200/1562/125
f 2253/1576/120 2196/1568/120 2193/1576/120
f 2213/1537/124 2164/1577/124 2167/1537/124
f 2216/1542/121 2174/1540/121 2165/1542/121
f 2242/1558/124 2199/1578/124 2210/1558/124
f 2243/1566/121 2206/1564/121 2207/1566/121
f 2215/1541/125 2165/1542/125 2169/1541/125
f 2221/1579/120 2169/1541/120 2181/1579/120
f 2244/1565/125 2207/1566/125 2198/1565/125
f 2249/1580/120 2198/1565/120 2195/1580/120
f 2217/1555/124 2168/1581/124 2163/1555/124
f 2227/1545/121 2178/1543/121 2175/1545/121
f 2246/1561/124 2197/1582/124 2208/1561/124
f 2239/1563/121 2208/1561/121 2209/1563/121
f 2220/1550/125 2173/1551/125 2182/1550/125
f 2233/1583/120 2186/1544/120 2187/1583/120
f 2248/1568/125 2205/1569/125 2196/1568/125
f 2245/1582/120 2200/1562/120 2197/1582/120
f 2222/1540/124 2181/1579/124 2174/1540/124
f 2231/1554/121 2180/1552/121 2177/1554/121
f 2250/1564/124 2195/1580/124 2206/1564/124
f 2212/1560/121 2210/1558/121 2170/1560/121
f 2224/1571/125 2171/1572/125 2184/1571/125
f 2237/1574/120 2188/1553/120 2189/1574/120
f 2252/1547/125 2203/1548/125 2194/1547/125
f 2241/1578/120 2166/1559/120 2199/1578/120
f 2226/1549/124 2183/1575/124 2172/1549/124
f 2235/1557/121 2163/1555/121 2179/1557/121
f 2254/1567/124 2193/1576/124 2204/1567/124
f 2228/1544/125 2175/1545/125 2186/1544/125
f 2218/1581/120 2190/1556/120 2168/1581/120
f 2256/1538/125 2201/1539/125 2192/1538/125
f 2230/1570/124 2185/1584/124 2176/1570/124
f 2255/1539/121 2167/1537/121 2201/1539/121
f 2258/1546/124 2191/1573/124 2202/1546/124
f 2232/1553/125 2177/1554/125 2188/1553/125
f 2214/1577/120 2192/1538/120 2164/1577/120
f 2223/1572/121 2176/1570/121 2171/1572/121
f 2234/1543/124 2187/1583/124 2178/1543/124
f 2251/1548/121 2202/1546/121 2203/1548/121
f 2229/1584/120 2184/1571/120 2185/1584/120
f 2260/1585/123 2261/1586/123 2259/1587/123
f 2264/1585/122 2265/1586/122 2266/1588/122
f 2263/1587/121 2260/1585/121 2259/1587/121
f 2266/1588/120 2261/1586/120 2262/1588/120
f 2264/1585/124 2262/1588/124 2260/1585/124
f 2265/1586/125 2259/1587/125 2261/1586/125
f 2342/1589/123 2274/1590/123 2339/1591/123
f 2308/1592/123 2268/1593/123 2267/1594/123
f 2310/1595/123 2306/1596/123 2307/1597/123
f 2312/1598/123 2304/1599/123 2309/1600/123
f 2314/1601/123 2302/1602/123 2311/1603/123
f 2316/1604/123 2300/1605/123 2313/1606/123
f 2318/1607/123 2298/1608/123 2315/1609/123
f 2320/1610/123 2296/1611/123 2317/1612/123
f 2322/1613/123 2294/1614/123 2319/1615/123
f 2324/1616/123 2292/1617/123 2321/1618/123
f 2326/1619/123 2290/1620/123 2323/1621/123
f 2328/1622/123 2288/1623/123 2325/1624/123
f 2330/1625/123 2286/1626/123 2327/1627/123
f 2332/1628/123 2284/1629/123 2329/1630/123
f 2334/1631/123 2282/1632/123 2331/1633/123
f 2336/1634/123 2280/1635/123 2333/1636/123
f 2338/1637/123 2278/1638/123 2335/1639/123
f 2340/1640/123 2276/1641/123 2337/1642/123
f 2269/1643/123 2272/1644/123 2341/1645/123
f 2412/1590/122 2418/1589/122 2411/1591/122
f 2343/1593/122 2350/1592/122 2344/1594/122
f 2348/1596/122 2354/1595/122 2347/1597/122
f 2352/1599/122 2358/1598/122 2351/1600/122
f 2356/1602/122 2362/1601/122 2355/1603/122
f 2360/1605/122 2366/1604/122 2359/1606/122
f 2364/1608/122 2370/1607/122 2363/1609/122
f 2368/1611/122 2374/1610/122 2367/1612/122
f 2372/1614/122 2378/1613/122 2371/1615/122
f 2376/1617/122 2382/1616/122 2375/1618/122
f 2380/1620/122 2386/1619/122 2379/1621/122
f 2384/1623/122 2390/1622/122 2383/1624/122
f 2388/1626/122 2394/1625/122 2387/1627/122
f 2392/1629/122 2398/1628/122 2391/1630/122
f 2396/1632/122 2402/1631/122 2395/1633/122
f 2400/1635/122 2406/1634/122 2399/1636/122
f 2404/1638/122 2410/1637/122 2403/1639/122
f 2408/1641/122 2414/1640/122 2407/1642/122
f 2416/1644/122 2345/1643/122 2415/1645/122
f 2367/1612/121 2320/1610/121 2317/1612/121
f 2416/1644/125 2341/1645/125 2272/1644/125
f 2364/1608/125 2315/1609/125 2298/1608/125
f 2373/1646/120 2296/1611/120 2293/1646/120
f 2418/1589/124 2271/1647/124 2342/1589/124
f 2366/1604/124 2297/1648/124 2316/1604/124
f 2363/1609/121 2318/1607/121 2315/1609/121
f 2415/1645/121 2269/1643/121 2341/1645/121
f 2368/1611/125 2317/1612/125 2296/1611/125
f 2369/1649/120 2298/1608/120 2295/1649/120
f 2346/1650/120 2272/1644/120 2270/1650/120
f 2370/1607/124 2295/1649/124 2318/1607/124
f 2359/1606/121 2316/1604/121 2313/1606/121
f 2411/1591/121 2342/1589/121 2339/1591/121
f 2372/1614/125 2319/1615/125 2294/1614/125
f 2365/1648/120 2300/1605/120 2297/1648/120
f 2417/1647/120 2274/1590/120 2271/1647/120
f 2374/1610/124 2293/1646/124 2320/1610/124
f 2355/1603/121 2314/1601/121 2311/1603/121
f 2407/1642/121 2340/1640/121 2337/1642/121
f 2376/1617/125 2321/1618/125 2292/1617/125
f 2361/1651/120 2302/1602/120 2299/1651/120
f 2413/1652/120 2276/1641/120 2273/1652/120
f 2378/1613/124 2291/1653/124 2322/1613/124
f 2351/1600/121 2312/1598/121 2309/1600/121
f 2403/1639/121 2338/1637/121 2335/1639/121
f 2380/1620/125 2323/1621/125 2290/1620/125
f 2357/1654/120 2304/1599/120 2301/1654/120
f 2409/1655/120 2278/1638/120 2275/1655/120
f 2382/1616/124 2289/1656/124 2324/1616/124
f 2347/1597/121 2310/1595/121 2307/1597/121
f 2399/1636/121 2336/1634/121 2333/1636/121
f 2384/1623/125 2325/1624/125 2288/1623/125
f 2353/1657/120 2306/1596/120 2303/1657/120
f 2405/1658/120 2280/1635/120 2277/1658/120
f 2386/1619/124 2287/1659/124 2326/1619/124
f 2344/1594/121 2308/1592/121 2267/1594/121
f 2395/1633/121 2334/1631/121 2331/1633/121
f 2388/1626/125 2327/1627/125 2286/1626/125
f 2349/1660/120 2268/1593/120 2305/1660/120
f 2401/1661/120 2282/1632/120 2279/1661/120
f 2390/1622/124 2285/1662/124 2328/1622/124
f 2391/1630/121 2332/1628/121 2329/1630/121
f 2392/1629/125 2329/1630/125 2284/1629/125
f 2397/1663/120 2284/1629/120 2281/1663/120
f 2394/1625/124 2283/1664/124 2330/1625/124
f 2387/1627/121 2330/1625/121 2327/1627/121
f 2396/1632/125 2331/1633/125 2282/1632/125
f 2343/1593/125 2267/1594/125 2268/1593/125
f 2393/1664/120 2286/1626/120 2283/1664/120
f 2398/1628/124 2281/1663/124 2332/1628/124
f 2345/1643/124 2270/1650/124 2269/1643/124
f 2383/1624/121 2328/1622/121 2325/1624/121
f 2400/1635/125 2333/1636/125 2280/1635/125
f 2348/1596/125 2307/1597/125 2306/1596/125
f 2389/1662/120 2288/1623/120 2285/1662/120
f 2402/1631/124 2279/1661/124 2334/1631/124
f 2350/1592/124 2305/1660/124 2308/1592/124
f 2379/1621/121 2326/1619/121 2323/1621/121
f 2404/1638/125 2335/1639/125 2278/1638/125
f 2352/1599/125 2309/1600/125 2304/1599/125
f 2385/1659/120 2290/1620/120 2287/1659/120
f 2406/1634/124 2277/1658/124 2336/1634/124
f 2354/1595/124 2303/1657/124 2310/1595/124
f 2375/1618/121 2324/1616/121 2321/1618/121
f 2408/1641/125 2337/1642/125 2276/1641/125
f 2356/1602/125 2311/1603/125 2302/1602/125
f 2381/1656/120 2292/1617/120 2289/1656/120
f 2410/1637/124 2275/1655/124 2338/1637/124
f 2358/1598/124 2301/1654/124 2312/1598/124
f 2371/1615/121 2322/1613/121 2319/1615/121
f 2412/1590/125 2339/1591/125 2274/1590/125
f 2360/1605/125 2313/1606/125 2300/1605/125
f 2377/1653/120 2294/1614/120 2291/1653/120
f 2414/1640/124 2273/1652/124 2340/1640/124
f 2362/1601/124 2299/1651/124 2314/1601/124
f 2422/1665/123 2420/1666/123 2419/1667/123
f 2423/1666/122 2426/1665/122 2424/1667/122
f 2424/1667/121 2422/1665/121 2419/1667/121
f 2425/1668/120 2420/1666/120 2421/1668/120
f 2423/1666/125 2419/1667/125 2420/1666/125
f 2426/1665/124 2421/1668/124 2422/1665/124
f 2430/1669/123 2428/1670/123 2427/1671/123
f 2431/1670/122 2434/1669/122 2432/1671/122
f 2432/1671/121 2430/1669/121 2427/1671/121
f 2433/1672/120 2428/1670/120 2429/1672/120
f 2431/1670/125 2427/1671/125 2428/1670/125
f 2434/1669/124 2429/1672/124 2430/1669/124
f 2438/1673/123 2436/1674/123 2435/1675/123
f 2439/1674/122 2442/1673/122 2440/1675/122
f 2440/1675/121 2438/1673/121 2435/1675/121
f 2441/1676/120 2436/1674/120 2437/1676/120
f 2439/1674/125 2435/1675/125 2436/1674/125
f 2442/1673/124 2437/1676/124 2438/1673/124
f 2446/1677/120 2447/1678/120 2448/1679/120
f 2444/1680/121 2449/1681/121 2450/1682/121
f 2445/1683/124 2448/1679/124 2449/1681/124
f 2443/1684/125 2450/1682/125 2447/1678/125
f 2450/1682/123 2448/1679/123 2447/1678/123
f 2452/1685/123 2453/1686/123 2451/1685/123
f 2455/1687/122 2457/1688/122 2456/1688/122
f 2457/1688/124 2454/1686/124 2452/1685/124
f 2460/1689/123 2461/1690/123 2459/1689/123
f 2463/1691/122 2465/1692/122 2464/1692/122
f 2465/1692/124 2462/1690/124 2460/1689/124
f 2467/1693/121 2470/1694/121 2469/1695/121
f 2472/1696/120 2474/1697/120 2473/1696/120
f 2474/1697/218 2469/1695/218 2470/1694/218
f 2468/1693/124 2474/1697/124 2470/1694/124
f 2475/1698/120 2478/1699/120 2476/1698/120
f 2480/1700/121 2482/1701/121 2479/1702/121
f 2477/1703/218 2482/1701/218 2478/1699/218
f 2476/1698/124 2482/1701/124 2481/1700/124
f 2487/1704/121 2483/1705/121 2484/1706/121
f 2486/1707/125 2488/1704/125 2485/1707/125
f 2490/1708/120 2492/1706/120 2489/1705/120
f 2489/1705/124 2484/1706/124 2483/1705/124
f 2493/1709/121 2497/1710/121 2494/1711/121
f 2498/1710/124 2496/1712/124 2495/1712/124
f 2502/1711/120 2500/1713/120 2499/1709/120
f 2494/1711/125 2499/1709/125 2493/1709/125
f 2503/1714/120 2507/1704/120 2504/1706/120
f 2508/1704/125 2506/1715/125 2505/1715/125
f 2512/1706/121 2510/1716/121 2509/1714/121
f 2504/1706/124 2509/1714/124 2503/1714/124
f 2517/1710/120 2513/1717/120 2514/1711/120
f 2516/1718/124 2518/1710/124 2515/1718/124
f 2520/1719/121 2522/1711/121 2519/1717/121
f 2519/1717/125 2514/1711/125 2513/1717/125
f 2523/1693/121 2526/1694/121 2524/1693/121
f 2528/1696/120 2530/1697/120 2527/1720/120
f 2525/1695/219 2530/1697/219 2526/1694/219
f 2524/1693/125 2530/1697/125 2529/1696/125
f 2531/1698/120 2534/1699/120 2533/1703/120
f 2536/1700/121 2538/1701/121 2537/1700/121
f 2538/1701/219 2533/1703/219 2534/1699/219
f 2532/1698/125 2538/1701/125 2534/1699/125
f 2541/1686/123 2540/1685/123 2539/1685/123
f 2545/1688/122 2543/1687/122 2544/1688/122
f 2542/1686/125 2545/1688/125 2540/1685/125
f 2549/1690/123 2548/1689/123 2547/1689/123
f 2553/1692/122 2551/1691/122 2552/1692/122
f 2550/1690/125 2553/1692/125 2548/1689/125
f 2605/1721/123 2651/1722/123 2648/1723/123
f 2566/1724/123 2720/1725/123 2563/1726/123
f 2607/1727/123 2655/1728/123 2652/1729/123
f 2609/1730/123 2659/1731/123 2656/1732/123
f 2611/1733/123 2663/1734/123 2660/1735/123
f 2613/1736/123 2667/1737/123 2664/1738/123
f 2615/1739/123 2671/1740/123 2668/1741/123
f 2617/1742/123 2675/1743/123 2672/1744/123
f 2619/1745/123 2679/1746/123 2676/1747/123
f 2621/1748/123 2683/1749/123 2680/1750/123
f 2623/1751/123 2687/1752/123 2684/1753/123
f 2625/1754/123 2691/1755/123 2688/1756/123
f 2627/1757/123 2695/1758/123 2692/1759/123
f 2629/1760/123 2699/1761/123 2696/1762/123
f 2631/1763/123 2703/1764/123 2700/1765/123
f 2633/1766/123 2707/1767/123 2704/1768/123
f 2635/1769/123 2711/1770/123 2708/1771/123
f 2637/1772/123 2715/1773/123 2712/1774/123
f 2639/1775/123 2721/1776/123 2716/1777/123
f 2641/1778/123 2562/1779/123 2722/1780/123
f 2556/1781/123 2643/1782/123 2559/1783/123
f 2560/1784/123 2601/1785/123 2555/1786/123
f 2602/1787/123 2650/1788/123 2599/1789/123
f 2649/1790/123 2597/1791/123 2600/1792/123
f 2653/1793/123 2595/1794/123 2598/1795/123
f 2657/1796/123 2593/1797/123 2596/1798/123
f 2661/1799/123 2591/1800/123 2594/1801/123
f 2592/1802/123 2670/1803/123 2589/1804/123
f 2669/1805/123 2587/1806/123 2590/1807/123
f 2673/1808/123 2585/1809/123 2588/1810/123
f 2677/1811/123 2583/1812/123 2586/1813/123
f 2681/1814/123 2581/1815/123 2584/1816/123
f 2685/1817/123 2579/1818/123 2582/1819/123
f 2689/1820/123 2577/1821/123 2580/1822/123
f 2578/1823/123 2698/1824/123 2575/1825/123
f 2697/1826/123 2573/1827/123 2576/1828/123
f 2701/1829/123 2571/1830/123 2574/1831/123
f 2705/1832/123 2569/1833/123 2572/1834/123
f 2709/1835/123 2567/1836/123 2570/1837/123
f 2568/1838/123 2718/1839/123 2565/1840/123
f 2603/1841/123 2647/1842/123 2644/1843/123
f 2719/1844/123 2557/1845/123 2564/1846/123
f 2725/1847/122 2724/1848/122 2723/1847/122
f 2729/1849/123 2727/1850/123 2728/1850/123
f 2725/1847/120 2730/1849/120 2726/1848/120
f 2724/1848/121 2728/1850/121 2723/1847/121
f 2726/1848/124 2729/1849/124 2724/1848/124
f 2723/1847/125 2727/1850/125 2725/1847/125
f 2738/1851/125 2734/1852/125 2736/1851/125
f 2735/1853/124 2732/1854/124 2737/1853/124
f 2737/1853/121 2733/1852/121 2738/1851/121
f 2736/1851/120 2731/1854/120 2735/1853/120
f 2732/1854/123 2734/1852/123 2733/1852/123
f 2736/1851/122 2737/1853/122 2738/1851/122
f 2745/1855/121 2741/1853/121 2746/1856/121
f 2744/1856/120 2739/1849/120 2743/1855/120
f 2740/1849/124 2742/1853/124 2741/1853/124
f 2744/1856/125 2745/1855/125 2746/1856/125
f 2753/1850/121 2749/1857/121 2754/1851/121
f 2752/1851/120 2747/1858/120 2751/1850/120
f 2748/1858/124 2750/1857/124 2749/1857/124
f 2752/1851/125 2753/1850/125 2754/1851/125
f 2759/1859/121 2756/1857/121 2755/1860/121
f 2761/1861/121 2758/1856/121 2762/1862/121
f 2760/1863/121 2758/1856/121 2756/1857/121
f 2759/1859/121 2757/1864/121 2761/1861/121
f 2767/1859/120 2764/1857/120 2768/1863/120
f 2766/1856/120 2769/1861/120 2770/1862/120
f 2768/1863/120 2766/1856/120 2770/1862/120
f 2765/1864/120 2767/1859/120 2769/1861/120
f 2759/1859/124 2768/1863/124 2760/1863/124
f 2762/1862/125 2769/1861/125 2761/1861/125
f 2760/1863/122 2770/1862/122 2762/1862/122
f 2761/1861/123 2767/1859/123 2759/1859/123
f 2774/1865/121 2772/1866/121 2771/1867/121
f 2777/1868/120 2775/1867/120 2776/1866/120
f 2773/1868/122 2776/1866/122 2772/1866/122
f 2775/1867/123 2774/1865/123 2771/1867/123
f 2780/1869/121 2786/1870/121 2785/1871/121
f 2782/1872/121 2784/1873/121 2783/1874/121
f 2787/1875/120 2793/1871/120 2794/1870/120
f 2789/1876/120 2791/1874/120 2792/1873/120
f 2779/1875/124 2794/1870/124 2786/1870/124
f 2792/1873/124 2781/1876/124 2789/1876/124
f 2788/1869/125 2785/1871/125 2793/1871/125
f 2790/1872/125 2783/1874/125 2791/1874/125
f 2796/1877/122 2797/1878/122 2795/1878/122
f 2799/1879/123 2801/1880/123 2800/1879/123
f 2802/1880/121 2797/1878/121 2798/1877/121
f 2800/1879/120 2796/1877/120 2795/1878/120
f 2801/1880/124 2798/1877/124 2796/1877/124
f 2799/1879/125 2795/1878/125 2797/1878/125
f 2806/1881/125 2810/1882/125 2808/1882/125
f 2804/1883/124 2807/1884/124 2809/1884/124
f 2805/1881/120 2809/1884/120 2810/1882/120
f 2803/1883/121 2808/1882/121 2807/1884/121
f 2806/1881/123 2804/1883/123 2805/1881/123
f 2809/1884/122 2808/1882/122 2810/1882/122
f 2813/1884/120 2817/1885/120 2818/1886/120
f 2811/1880/121 2816/1886/121 2815/1885/121
f 2814/1884/124 2812/1880/124 2813/1884/124
f 2817/1885/125 2816/1886/125 2818/1886/125
f 2821/1887/120 2825/1879/120 2826/1882/120
f 2819/1888/121 2824/1882/121 2823/1879/121
f 2822/1887/124 2820/1888/124 2821/1887/124
f 2825/1879/125 2824/1882/125 2826/1882/125
f 2831/1889/120 2828/1887/120 2832/1890/120
f 2830/1886/120 2833/1891/120 2834/1892/120
f 2828/1887/120 2834/1892/120 2832/1890/120
f 2833/1891/120 2827/1893/120 2831/1889/120
f 2839/1889/121 2836/1887/121 2835/1893/121
f 2841/1891/121 2838/1886/121 2842/1892/121
f 2842/1892/121 2836/1887/121 2840/1890/121
f 2841/1891/121 2835/1893/121 2837/1894/121
f 2840/1890/124 2831/1889/124 2832/1890/124
f 2841/1891/125 2834/1892/125 2833/1891/125
f 2842/1892/122 2832/1890/122 2834/1892/122
f 2839/1889/123 2833/1891/123 2831/1889/123
f 2844/1895/120 2846/1896/120 2843/1897/120
f 2847/1897/121 2849/1898/121 2848/1895/121
f 2848/1895/122 2845/1898/122 2844/1895/122
f 2846/1896/123 2847/1897/123 2843/1897/123
f 2858/1899/120 2852/1900/120 2857/1901/120
f 2856/1902/120 2854/1903/120 2855/1904/120
f 2865/1901/121 2859/1905/121 2866/1899/121
f 2863/1904/121 2861/1906/121 2864/1902/121
f 2866/1899/124 2851/1905/124 2858/1899/124
f 2853/1906/124 2864/1902/124 2861/1906/124
f 2857/1901/125 2860/1900/125 2865/1901/125
f 2855/1904/125 2862/1903/125 2863/1904/125
f 2869/1907/120 2871/1908/120 2870/1908/120
f 2867/1909/124 2872/1907/124 2868/1910/124
f 2873/1910/125 2877/1911/125 2874/1909/125
f 2882/1910/123 2872/1907/123 2869/1907/123
f 2881/1912/123 2889/1913/123 2897/1914/123
f 2867/1909/121 2882/1910/121 2879/1909/121
f 2878/1908/220 2876/1915/220 2875/1907/220
f 2870/1908/120 2875/1907/120 2869/1907/120
f 2880/1916/221 2882/1910/221 2881/1912/221
f 2873/1910/125 2890/1917/125 2889/1913/125
f 2875/1907/123 2876/1915/123 2873/1910/123
f 2887/1918/121 2885/1919/121 2886/1918/121
f 2888/1919/124 2883/1917/124 2884/1913/124
f 2893/1920/125 2889/1913/125 2890/1917/125
f 2898/1913/123 2888/1919/123 2884/1913/123
f 2898/1913/120 2883/1917/120 2895/1917/120
f 2892/1921/222 2894/1918/222 2891/1919/222
f 2891/1919/121 2886/1918/121 2885/1919/121
f 2898/1913/223 2896/1922/223 2897/1914/223
f 2891/1919/123 2885/1919/123 2889/1913/123
f 2905/1923/124 2903/1924/124 2904/1925/124
f 2910/1924/122 2906/1926/122 2907/1926/122
f 2909/1925/120 2903/1924/120 2910/1924/120
f 2908/1923/123 2904/1925/123 2909/1925/123
f 2907/1926/121 2905/1923/121 2908/1923/121
f 2900/1927/124 2907/1928/124 2908/1929/124
f 2900/1927/124 2909/1930/124 2901/1931/124
f 2902/1932/124 2907/1928/124 2899/1933/124
f 2901/1931/124 2910/1934/124 2902/1932/124
f 2913/1935/122 2912/1936/122 2914/1936/122
f 2914/1936/124 2922/1937/124 2913/1935/124
f 2918/1938/123 2920/1939/123 2919/1938/123
f 2923/1940/122 2916/1941/122 2926/1941/122
f 2921/1942/123 2930/1937/123 2922/1937/123
f 2924/1943/224 2926/1941/224 2925/1944/224
f 2925/1944/124 2920/1939/124 2924/1943/124
f 2930/1937/122 2928/1942/122 2927/1937/122
f 2927/1937/121 2931/1945/121 2930/1937/121
f 2929/1942/120 2938/1946/120 2928/1942/120
f 2928/1942/124 2935/1945/124 2927/1937/124
f 2937/1947/123 2932/1948/123 2936/1948/123
f 2933/1947/225 2931/1945/225 2932/1948/225
f 2932/1948/226 2935/1945/226 2936/1948/226
f 2933/1947/227 2938/1946/227 2934/1946/227
f 2936/1948/228 2938/1946/228 2937/1947/228
f 2943/1949/123 2945/1950/123 2946/1949/123
f 2945/1950/121 2939/1917/121 2941/1917/121
f 2946/1949/124 2941/1917/124 2942/1909/124
f 2943/1949/120 2942/1909/120 2940/1909/120
f 2944/1950/125 2940/1909/125 2939/1917/125
f 2880/1916/124 2897/1914/124 2896/1922/124
f 2954/1951/229 2967/1952/229 2955/1953/229
f 2952/1951/230 2963/1952/230 2964/1954/230
f 2947/1955/231 2970/1956/231 2959/1957/231
f 2948/1958/232 2961/1959/232 2949/1960/232
f 2955/1953/233 2968/1961/233 2956/1962/233
f 2953/1963/234 2964/1954/234 2965/1964/234
f 2950/1962/235 2961/1959/235 2962/1961/235
f 2956/1962/236 2969/1959/236 2957/1960/236
f 2953/1963/237 2966/1954/237 2954/1951/237
f 2951/1953/238 2962/1961/238 2963/1952/238
f 2957/1960/239 2970/1956/239 2958/1958/239
f 2948/1958/240 2959/1957/240 2960/1956/240
f 2959/1957/122 2969/1959/122 2965/1964/122
f 2991/1965/241 2978/1966/241 2979/1967/241
f 2976/1966/242 2987/1965/242 2975/1967/242
f 2983/1968/243 2982/1969/243 2971/1970/243
f 2985/1971/244 2972/1969/244 2973/1972/244
f 2992/1973/245 2979/1967/245 2980/1974/245
f 2989/1975/246 2976/1966/246 2977/1976/246
f 2974/1974/247 2985/1971/247 2973/1972/247
f 2993/1971/248 2980/1974/248 2981/1972/248
f 2978/1966/249 2989/1975/249 2977/1976/249
f 2987/1965/250 2974/1974/250 2975/1967/250
f 2982/1969/251 2993/1971/251 2981/1972/251
f 2972/1969/252 2983/1968/252 2971/1970/252
f 2987/1965/123 2991/1965/123 2983/1968/123
f 2948/1958/253 2971/1970/253 2947/1955/253
f 2949/1960/254 2972/1969/254 2948/1958/254
f 2950/1962/255 2973/1972/255 2949/1960/255
f 2950/1962/256 2975/1967/256 2974/1974/256
f 2951/1953/257 2976/1966/257 2975/1967/257
f 2952/1951/258 2977/1976/258 2976/1966/258
f 2953/1963/259 2978/1966/259 2977/1976/259
f 2954/1951/260 2979/1967/260 2978/1966/260
f 2956/1962/261 2979/1967/261 2955/1953/261
f 2956/1962/262 2981/1972/262 2980/1974/262
f 2958/1958/263 2981/1972/263 2957/1960/263
f 2947/1955/264 2982/1969/264 2958/1958/264
f 3002/1977/265 3005/1978/265 3011/1979/265
f 3025/1980/266 3012/1981/266 3004/1982/266
f 3000/1983/267 3007/1984/267 3013/1985/267
f 2998/1986/266 3009/1987/266 3015/1988/266
f 3023/1989/268 3014/1990/268 3006/1991/268
f 3004/1982/268 3011/1979/268 3005/1978/268
f 2996/1992/269 3003/1993/269 3017/1994/269
f 3021/1995/265 3016/1996/265 3008/1997/265
f 3006/1991/265 3013/1985/265 3007/1984/265
f 3019/1998/270 3018/1999/270 3010/2000/270
f 3008/1997/270 3015/1988/270 3009/1987/270
f 2996/1992/265 3019/1998/265 3020/2001/265
f 3010/2000/266 3017/1994/266 3003/1993/266
f 2998/1986/268 3021/1995/268 3022/2002/268
f 3000/1983/266 3023/1989/266 3024/2003/266
f 3002/1977/270 3025/1980/270 3026/2004/270
f 3067/2005/122 3080/2006/122 3068/2007/122
f 3044/2008/221 3092/2009/221 3043/2010/221
f 3068/2007/122 3081/2011/122 3069/2012/122
f 3100/2013/268 3078/2014/268 3077/2015/268
f 3102/2016/271 3085/2015/271 3084/2014/271
f 3040/2017/265 3099/2018/265 3050/2019/265
f 3070/2007/122 3081/2011/122 3082/2006/122
f 3046/2008/272 3094/2020/272 3045/2021/272
f 3071/2005/122 3082/2006/122 3083/2022/122
f 3041/2023/223 3087/2018/223 3039/2019/223
f 3029/2024/270 3054/2025/270 3030/2026/270
f 3064/2027/122 3075/2028/122 3076/2029/122
f 3071/2005/122 3084/2030/122 3072/2030/122
f 3027/2031/123 3039/2019/123 3040/2017/123
f 3029/2024/123 3039/2019/123 3028/2032/123
f 3030/2026/123 3041/2023/123 3029/2024/123
f 3030/2026/123 3043/2010/123 3042/2026/123
f 3031/2033/123 3044/2008/123 3043/2010/123
f 3033/2034/123 3044/2008/123 3032/2035/123
f 3033/2034/123 3046/2008/123 3045/2021/123
f 3035/2033/123 3046/2008/123 3034/2035/123
f 3036/2026/123 3047/2010/123 3035/2033/123
f 3036/2026/123 3049/2023/123 3048/2026/123
f 3037/2024/123 3050/2019/123 3049/2023/123
f 3027/2031/123 3050/2019/123 3038/2032/123
f 3061/2036/123 3057/2037/123 3053/2036/123
f 3036/2026/273 3061/2038/273 3037/2024/273
f 3033/2034/272 3058/2039/272 3034/2035/272
f 3031/2033/271 3054/2025/271 3055/2040/271
f 3037/2024/220 3062/2041/220 3038/2032/220
f 3027/2031/274 3051/2041/274 3028/2032/274
f 3034/2035/222 3059/2040/222 3035/2033/222
f 3031/2033/221 3056/2039/221 3032/2035/221
f 3038/2032/265 3052/2042/265 3027/2031/265
f 3028/2032/223 3053/2038/223 3029/2024/223
f 3035/2033/268 3060/2025/268 3036/2026/268
f 3032/2035/266 3057/2043/266 3033/2034/266
f 3074/2027/266 3122/2044/266 3111/2045/266
f 3073/2046/221 3111/2045/221 3121/2047/221
f 3072/2030/271 3121/2047/271 3112/2048/271
f 3071/2005/270 3112/2048/270 3120/2049/270
f 3070/2007/223 3120/2049/223 3119/2050/223
f 3069/2012/274 3119/2050/274 3118/2051/274
f 3068/2007/265 3118/2051/265 3117/2050/265
f 3067/2005/220 3117/2050/220 3116/2049/220
f 3066/2030/273 3116/2049/273 3115/2048/273
f 3065/2046/268 3115/2048/268 3113/2047/268
f 3064/2027/222 3113/2047/222 3114/2045/222
f 3063/2052/272 3114/2045/272 3122/2044/272
f 3089/2053/222 3077/2015/222 3076/2054/222
f 3103/2016/273 3079/2055/273 3078/2014/273
f 3104/2056/220 3080/2057/220 3079/2055/220
f 3106/2058/265 3081/2059/265 3080/2057/265
f 3107/2060/274 3082/2057/274 3081/2059/274
f 3101/2056/223 3082/2057/223 3108/2058/223
f 3101/2056/270 3084/2014/270 3083/2055/270
f 3109/2013/221 3086/2054/221 3085/2015/221
f 3110/2053/266 3075/2061/266 3086/2054/266
f 3074/2027/122 3075/2028/122 3063/2052/122
f 3067/2005/122 3078/2030/122 3079/2022/122
f 3073/2046/122 3086/2029/122 3074/2027/122
f 3048/2026/268 3096/2009/268 3047/2010/268
f 3065/2046/122 3078/2030/122 3066/2030/122
f 3073/2046/122 3084/2030/122 3085/2062/122
f 3043/2010/271 3091/2016/271 3042/2026/271
f 3065/2046/122 3076/2029/122 3077/2062/122
f 3092/2009/123 3106/2058/123 3104/2056/123
f 3099/2018/123 3105/2063/123 3110/2053/123
f 3095/2064/123 3107/2060/123 3094/2020/123
f 3090/2065/123 3089/2053/123 3087/2018/123
f 3096/2009/123 3102/2016/123 3101/2056/123
f 3092/2009/123 3103/2016/123 3091/2016/123
f 3098/2065/123 3102/2016/123 3097/2016/123
f 3090/2065/123 3103/2016/123 3100/2013/123
f 3096/2009/123 3108/2058/123 3095/2064/123
f 3087/2018/123 3105/2063/123 3088/2066/123
f 3093/2064/123 3107/2060/123 3106/2058/123
f 3098/2065/123 3110/2053/123 3109/2013/123
f 3049/2023/273 3097/2016/273 3048/2026/273
f 3042/2026/270 3090/2065/270 3041/2023/270
f 3047/2010/222 3095/2064/222 3046/2008/222
f 3039/2019/274 3088/2066/274 3040/2017/274
f 3045/2021/266 3093/2064/266 3044/2008/266
f 3050/2019/220 3098/2065/220 3049/2023/220
f 3089/2053/272 3075/2061/272 3105/2063/272
f 3113/2047/122 3165/2048/122 3160/2067/122
f 3120/2049/122 3158/2048/122 3164/2068/122
f 3121/2047/122 3158/2048/122 3112/2048/122
f 3119/2050/122 3164/2068/122 3171/2069/122
f 3111/2045/122 3163/2067/122 3121/2047/122
f 3118/2051/122 3171/2069/122 3170/2070/122
f 3122/2044/122 3155/2071/122 3111/2045/122
f 3118/2051/122 3169/2069/122 3117/2050/122
f 3122/2044/122 3166/2071/122 3167/2072/122
f 3117/2050/122 3168/2068/122 3116/2049/122
f 3114/2045/122 3160/2067/122 3166/2071/122
f 3116/2049/122 3165/2048/122 3115/2048/122
f 3124/2073/275 3127/2074/275 3123/2075/275
f 3126/2076/276 3124/2073/276 3178/2077/276
f 3125/2078/277 3130/2079/277 3127/2074/277
f 3129/2080/278 3125/2078/278 3126/2076/278
f 3128/2081/279 3133/2082/279 3130/2079/279
f 3132/2083/280 3128/2081/280 3129/2080/280
f 3131/2084/281 3136/2085/281 3133/2082/281
f 3135/2086/282 3131/2084/282 3132/2083/282
f 3137/2087/283 3136/2085/283 3134/2088/283
f 3135/2086/284 3137/2087/284 3134/2088/284
f 3140/2089/285 3139/2090/285 3137/2087/285
f 3138/2091/286 3140/2089/286 3137/2087/286
f 3143/2092/287 3162/2093/287 3141/2094/287
f 3172/2095/288 3141/2094/288 3138/2091/288
f 3173/2096/289 3138/2091/289 3135/2086/289
f 3173/2096/290 3132/2083/290 3174/2097/290
f 3174/2097/291 3129/2080/291 3144/2098/291
f 3144/2098/292 3126/2076/292 3145/2099/292
f 3145/2099/293 3178/2077/293 3175/2100/293
f 3175/2100/294 3147/2101/294 3146/2102/294
f 3146/2102/295 3177/2103/295 3176/2104/295
f 3148/2105/296 3177/2103/296 3149/2106/296
f 3150/2107/297 3149/2106/297 3151/2108/297
f 3161/2109/298 3151/2108/298 3162/2093/298
f 3178/2077/299 3179/2110/299 3147/2101/299
f 3179/2110/300 3123/2075/300 3159/2111/300
f 3147/2101/301 3180/2112/301 3177/2103/301
f 3180/2112/302 3159/2111/302 3157/2113/302
f 3149/2106/303 3180/2112/303 3181/2114/303
f 3180/2112/304 3156/2115/304 3181/2114/304
f 3151/2108/305 3181/2114/305 3182/2116/305
f 3181/2114/306 3154/2117/306 3182/2116/306
f 3162/2093/307 3182/2116/307 3153/2118/307
f 3182/2116/308 3152/2119/308 3153/2118/308
f 3141/2094/309 3153/2118/309 3140/2089/309
f 3153/2118/310 3142/2120/310 3140/2089/310
f 3167/2072/311 3142/2120/311 3152/2119/311
f 3166/2071/312 3139/2090/312 3142/2120/312
f 3160/2067/313 3136/2085/313 3139/2090/313
f 3136/2085/314 3168/2068/314 3133/2082/314
f 3133/2082/315 3169/2069/315 3130/2079/315
f 3130/2079/316 3170/2070/316 3127/2074/316
f 3127/2074/317 3171/2069/317 3123/2075/317
f 3123/2075/318 3164/2068/318 3159/2111/318
f 3159/2111/319 3158/2048/319 3157/2113/319
f 3158/2048/320 3156/2115/320 3157/2113/320
f 3163/2067/321 3154/2117/321 3156/2115/321
f 3155/2071/322 3152/2119/322 3154/2117/322
f 125/110/120 124/113/120 128/111/120
f 123/110/121 127/112/121 126/111/121
f 125/110/122 129/112/122 127/112/122
f 122/113/123 126/111/123 128/111/123
f 133/114/120 132/117/120 136/115/120
f 131/114/121 135/116/121 134/115/121
f 133/114/122 137/116/122 135/116/122
f 130/117/123 134/115/123 136/115/123
f 140/118/120 144/123/120 145/119/120
f 139/120/121 143/122/121 142/121/121
f 141/120/124 145/119/124 143/122/124
f 140/118/125 138/118/125 142/121/125
f 153/124/120 152/2121/120 148/125/120
f 150/127/121 151/128/121 147/126/121
f 151/128/125 153/124/125 149/126/125
f 148/125/124 152/2121/124 150/127/124
f 157/129/124 161/130/124 160/130/124
f 154/131/125 159/132/125 158/132/125
f 156/131/120 158/132/120 161/130/120
f 155/129/121 160/130/121 159/132/121
f 165/133/124 169/134/124 168/134/124
f 162/135/125 167/136/125 166/136/125
f 164/135/120 166/136/120 169/134/120
f 163/133/121 168/134/121 167/136/121
f 173/137/124 177/138/124 176/138/124
f 170/139/125 175/140/125 174/140/125
f 172/139/120 174/140/120 177/138/120
f 171/137/121 176/138/121 175/140/121
f 181/141/124 185/142/124 184/142/124
f 178/143/125 183/144/125 182/144/125
f 180/143/120 182/144/120 185/142/120
f 179/141/121 184/142/121 183/144/121
f 189/145/124 193/146/124 192/146/124
f 186/147/125 191/148/125 190/148/125
f 188/147/120 190/148/120 193/146/120
f 187/145/121 192/146/121 191/148/121
f 197/149/124 201/150/124 200/150/124
f 194/151/125 199/152/125 198/152/125
f 196/151/120 198/152/120 201/150/120
f 195/149/121 200/150/121 199/152/121
f 205/153/124 209/154/124 208/154/124
f 202/155/125 207/156/125 206/156/125
f 204/155/120 206/156/120 209/154/120
f 203/153/121 208/154/121 207/156/121
f 213/157/124 217/158/124 216/158/124
f 210/159/125 215/160/125 214/160/125
f 212/159/120 214/160/120 217/158/120
f 211/157/121 216/158/121 215/160/121
f 445/161/126 459/208/126 249/162/126
f 489/164/127 492/272/127 310/165/127
f 384/161/126 397/208/126 293/162/126
f 409/167/128 353/206/128 336/168/128
f 471/170/129 260/253/129 277/171/129
f 464/173/128 461/201/128 297/174/128
f 450/176/130 240/193/130 250/177/130
f 454/179/126 248/297/126 225/180/126
f 388/182/127 313/217/127 324/183/127
f 419/185/129 418/259/129 291/186/129
f 448/188/130 238/250/130 246/189/130
f 433/191/127 434/181/127 225/180/127
f 494/178/130 491/176/130 308/193/130
f 447/169/131 442/264/131 231/194/131
f 371/195/323 370/256/323 526/196/323
f 399/198/131 391/270/131 318/199/131
f 461/201/133 470/2122/133 298/202/133
f 401/169/130 326/168/130 315/206/130
f 233/2123/124 444/234/124 224/207/124
f 444/234/124 433/191/124 224/207/124
f 397/208/130 383/259/130 283/186/130
f 419/185/125 292/187/125 290/209/125
f 432/211/124 222/230/124 236/212/124
f 403/214/133 424/251/133 352/215/133
f 497/191/134 342/192/134 346/180/134
f 405/184/134 330/183/134 331/217/134
f 385/203/127 285/205/127 282/209/127
f 272/2124/125 482/305/125 280/218/125
f 482/305/125 486/172/125 280/218/125
f 431/219/124 221/265/124 219/220/124
f 417/179/128 347/297/128 355/222/128
f 439/224/127 440/252/127 229/225/127
f 476/227/129 265/276/129 276/228/129
f 387/211/127 380/251/127 307/215/127
f 473/231/129 262/274/129 278/232/129
f 378/219/124 305/265/124 306/220/124
f 490/234/131 304/282/131 308/193/131
f 414/188/129 341/250/129 343/220/129
f 394/213/131 321/212/131 322/222/131
f 373/203/127 234/205/127 232/209/127
f 467/235/133 257/269/133 247/236/133
f 479/238/133 269/296/133 258/239/133
f 465/241/133 255/294/133 245/242/133
f 375/244/134 275/291/134 267/245/134
f 359/247/129 530/284/129 531/248/129
f 427/224/125 411/270/125 339/199/125
f 407/190/128 334/189/128 341/250/128
f 389/214/126 314/216/126 307/215/126
f 460/214/126 253/216/126 230/215/126
f 455/167/126 244/206/126 229/225/126
f 427/224/134 356/226/134 354/225/134
f 471/170/128 468/240/128 258/239/128
f 363/254/131 507/271/131 508/255/131
f 458/237/128 247/236/128 266/257/128
f 377/185/131 281/187/131 283/186/131
f 377/185/124 382/210/124 282/209/124
f 488/260/129 480/304/129 270/261/129
f 366/263/128 510/310/128 512/255/128
f 436/185/131 227/187/131 242/186/131
f 395/190/126 327/189/126 313/217/126
f 386/224/127 376/252/127 303/225/127
f 496/234/125 338/282/125 342/192/125
f 410/264/125 337/194/125 330/183/125
f 445/161/127 235/163/127 221/265/127
f 498/178/128 332/177/128 333/193/128
f 394/213/124 387/211/124 312/230/124
f 484/266/129 477/258/129 266/257/129
f 475/268/134 264/300/134 257/269/134
f 409/167/133 425/252/133 354/225/133
f 402/208/128 287/162/128 291/186/128
f 439/224/124 228/226/124 226/199/124
f 368/256/129 512/255/129 511/271/129
f 404/198/129 329/200/129 339/199/129
f 451/198/131 435/270/131 226/199/131
f 444/234/131 233/2123/131 240/193/131
f 494/178/126 323/177/126 310/165/126
f 462/273/128 252/285/128 262/274/128
f 463/275/128 251/309/128 265/276/128
f 481/277/134 271/308/134 268/278/134
f 470/2122/134 474/290/134 532/2125/134
f 470/2122/134 532/2125/134 524/2126/134
f 521/281/134 299/315/134 298/202/134
f 470/2122/134 524/2126/134 298/202/134
f 524/2126/134 522/280/134 298/202/134
f 401/169/131 393/264/131 320/194/131
f 490/234/124 493/191/124 316/192/124
f 372/283/324 529/2127/324 530/284/324
f 436/185/124 443/210/124 232/209/124
f 379/221/131 306/220/131 309/250/131
f 408/169/129 336/168/129 337/194/129
f 413/210/134 290/209/134 288/205/134
f 451/198/130 241/200/130 253/216/130
f 478/279/133 268/278/133 252/285/133
f 499/164/134 344/166/134 345/165/134
f 507/271/124 363/254/124 489/164/124
f 363/254/124 362/2128/124 489/164/124
f 489/164/124 302/166/124 507/271/124
f 447/169/130 237/168/130 244/206/130
f 487/233/125 278/232/125 261/287/125
f 527/302/127 437/164/127 438/272/127
f 295/165/127 294/166/127 515/2129/127
f 295/165/127 515/2129/127 517/2130/127
f 523/289/127 527/302/127 438/272/127
f 295/165/127 517/2130/127 523/289/127
f 400/179/126 335/297/126 319/180/126
f 357/254/131 525/303/131 526/196/131
f 532/2125/125 474/290/125 531/248/125
f 474/290/125 361/2131/125 360/249/125
f 488/260/125 279/262/125 275/291/125
f 483/292/129 464/173/129 254/175/129
f 423/213/129 426/223/129 355/222/129
f 465/241/134 472/288/134 261/287/134
f 403/214/128 328/216/128 329/200/128
f 496/234/129 495/176/129 333/193/129
f 406/182/133 331/217/133 334/189/133
f 469/295/134 259/298/134 269/296/134
f 446/213/131 236/212/131 239/222/131
f 493/191/127 392/181/127 319/180/127
f 498/178/133 500/272/133 345/165/133
f 389/214/130 399/198/130 325/200/130
f 398/184/124 324/183/124 320/194/124
f 449/223/130 239/222/130 248/297/130
f 432/211/127 441/251/127 230/215/127
f 428/184/127 430/182/127 220/217/127
f 453/178/126 250/177/126 295/165/126
f 484/266/125 274/267/125 259/298/125
f 422/211/134 350/230/134 352/215/134
f 344/166/125 499/164/125 511/271/125
f 499/164/325 369/2128/325 367/254/325
f 511/271/125 499/164/125 367/254/125
f 459/208/130 452/259/130 242/186/130
f 318/199/124 391/270/124 317/299/124
f 391/270/124 386/224/124 317/299/124
f 390/167/126 315/206/126 303/225/126
f 483/292/125 273/293/125 264/300/125
f 525/303/124 357/254/124 437/164/124
f 357/254/124 358/2128/124 437/164/124
f 456/243/128 245/242/128 270/261/128
f 423/213/125 351/212/125 350/230/125
f 395/190/130 381/188/130 309/250/130
f 482/305/134 272/2124/134 256/306/134
f 442/264/124 428/184/124 218/183/124
f 384/161/127 284/163/127 305/265/127
f 421/219/125 415/221/125 343/220/125
f 457/190/126 246/189/126 220/217/126
f 417/179/133 416/181/133 346/180/133
f 485/229/125 276/228/125 271/308/125
f 402/208/133 420/161/133 348/163/133
f 429/221/131 219/220/131 238/250/131
f 463/275/133 466/307/133 256/306/133
f 421/219/134 349/265/134 348/163/134
f 364/256/130 508/255/130 509/310/130
f 400/179/130 396/223/130 322/222/130
f 513/311/131 501/271/131 502/255/131
f 299/315/125 521/281/125 520/317/125
f 520/317/125 506/313/125 299/315/125
f 519/316/129 505/319/129 506/313/129
f 518/318/326 504/2132/326 505/319/326
f 501/271/124 513/311/124 294/166/124
f 513/311/124 515/2129/124 294/166/124
f 514/312/327 502/255/327 503/320/327
f 365/263/122 509/310/122 510/310/122
f 1059/322/126 1043/325/126 535/323/126
f 1043/325/127 1041/327/127 537/326/127
f 1041/327/124 1049/335/124 539/328/124
f 541/333/131 539/328/131 1057/329/131
f 539/328/131 1049/335/131 1057/329/131
f 950/619/131 540/675/131 958/330/131
f 540/675/131 542/331/131 958/330/131
f 542/331/131 541/333/131 1057/329/131
f 542/331/130 544/334/130 543/332/130
f 546/334/128 548/331/128 547/333/128
f 548/331/129 550/675/129 993/638/129
f 550/675/129 994/619/129 993/638/129
f 1073/335/129 549/328/129 1069/329/129
f 549/328/129 547/333/129 1069/329/129
f 548/331/129 993/638/129 1069/329/129
f 1073/335/125 1070/327/125 551/326/125
f 1070/327/134 1067/325/134 553/323/134
f 538/337/121 536/338/121 554/338/121
f 536/338/121 534/2133/121 554/338/121
f 534/2133/121 556/2133/121 554/338/121
f 554/338/121 552/337/121 550/2134/121
f 550/2134/121 548/336/121 554/338/121
f 548/336/121 546/2135/121 554/338/121
f 546/2135/121 544/2135/121 542/336/121
f 542/336/121 540/2134/121 538/337/121
f 546/2135/121 542/336/121 554/338/121
f 1067/325/133 1065/322/133 555/324/133
f 555/2136/120 533/2136/120 535/339/120
f 535/339/120 537/2137/120 539/340/120
f 539/340/120 541/341/120 547/341/120
f 541/341/120 543/2138/120 547/341/120
f 543/2138/120 545/2138/120 547/341/120
f 547/341/120 549/340/120 551/2137/120
f 551/2137/120 553/339/120 547/341/120
f 553/339/120 555/2136/120 547/341/120
f 555/2136/120 535/339/120 547/341/120
f 1062/342/126 1050/345/126 559/343/126
f 1050/345/127 1042/347/127 561/346/127
f 1042/347/124 1044/349/124 563/348/124
f 1044/349/131 1053/351/131 565/350/131
f 1053/351/130 1059/322/130 567/352/130
f 1065/322/128 1066/351/128 571/350/128
f 1066/351/129 1074/349/129 573/348/129
f 1074/349/125 1072/347/125 575/346/125
f 1072/347/134 1071/345/134 577/343/134
f 562/354/121 560/355/121 578/355/121
f 560/355/121 558/2139/121 578/355/121
f 558/2139/121 580/2139/121 578/355/121
f 578/355/121 576/354/121 574/2140/121
f 574/2140/121 572/353/121 578/355/121
f 572/353/121 570/2141/121 578/355/121
f 570/2141/121 568/2141/121 566/353/121
f 566/353/121 564/2140/121 562/354/121
f 570/2141/121 566/353/121 578/355/121
f 1071/345/133 1064/342/133 579/344/133
f 579/2142/120 557/2142/120 559/356/120
f 559/356/120 561/2143/120 563/357/120
f 563/357/120 565/358/120 571/358/120
f 565/358/120 567/2144/120 571/358/120
f 567/2144/120 569/2144/120 571/358/120
f 571/358/120 573/357/120 575/2143/120
f 575/2143/120 577/356/120 571/358/120
f 577/356/120 579/2142/120 571/358/120
f 579/2142/120 559/356/120 571/358/120
f 1061/359/126 1052/362/126 583/360/126
f 1052/362/127 1051/364/127 585/363/127
f 1051/364/124 1056/366/124 587/365/124
f 1056/366/131 1055/368/131 589/367/131
f 1055/368/130 1062/342/130 591/369/130
f 1064/342/128 1063/368/128 595/367/128
f 1063/368/129 1068/366/129 597/365/129
f 599/363/125 597/365/125 1039/370/125
f 597/365/125 1068/366/125 1039/370/125
f 1021/364/134 1031/362/134 601/360/134
f 586/372/121 584/373/121 602/373/121
f 584/373/121 582/2145/121 602/373/121
f 582/2145/121 604/2145/121 602/373/121
f 602/373/121 600/372/121 598/2146/121
f 598/2146/121 596/371/121 602/373/121
f 596/371/121 594/2147/121 602/373/121
f 594/2147/121 592/2147/121 590/371/121
f 590/371/121 588/2146/121 586/372/121
f 594/2147/121 590/371/121 602/373/121
f 1031/362/133 1060/359/133 603/361/133
f 603/2148/120 581/2148/120 583/374/120
f 583/374/120 585/2149/120 587/375/120
f 587/375/120 589/376/120 595/376/120
f 589/376/120 591/2150/120 595/376/120
f 591/2150/120 593/2150/120 595/376/120
f 595/376/120 597/375/120 599/2149/120
f 599/2149/120 601/374/120 595/376/120
f 601/374/120 603/2148/120 595/376/120
f 603/2148/120 583/374/120 595/376/120
f 1008/377/126 1040/380/126 607/378/126
f 1040/380/127 1046/382/127 609/381/127
f 1046/382/124 1045/384/124 611/383/124
f 1045/384/131 1058/386/131 613/385/131
f 1058/386/130 1061/359/130 615/387/130
f 1060/359/128 1033/386/128 619/385/128
f 1033/386/129 1038/384/129 621/383/129
f 1038/384/125 1029/382/125 623/381/125
f 1029/382/134 1019/380/134 625/378/134
f 610/389/121 608/390/121 626/390/121
f 608/390/121 606/2151/121 626/390/121
f 606/2151/121 628/2151/121 626/390/121
f 626/390/121 624/389/121 622/2152/121
f 622/2152/121 620/388/121 626/390/121
f 620/388/121 618/2153/121 626/390/121
f 618/2153/121 616/2153/121 614/388/121
f 614/388/121 612/2152/121 610/389/121
f 618/2153/121 614/388/121 626/390/121
f 1019/380/133 1012/377/133 627/379/133
f 627/2154/120 605/2154/120 607/391/120
f 607/391/120 609/2155/120 611/392/120
f 611/392/120 613/393/120 619/393/120
f 613/393/120 615/2156/120 619/393/120
f 615/2156/120 617/2156/120 619/393/120
f 619/393/120 621/392/120 623/2155/120
f 623/2155/120 625/391/120 619/393/120
f 625/391/120 627/2154/120 619/393/120
f 627/2154/120 607/391/120 619/393/120
f 1010/394/126 1002/397/126 631/395/126
f 1002/397/127 1047/399/127 633/398/127
f 1047/399/124 1048/401/124 635/400/124
f 1048/401/131 1054/403/131 637/402/131
f 1054/403/130 1008/377/130 639/404/130
f 1012/377/128 1023/403/128 643/402/128
f 1023/403/129 1037/401/129 645/400/129
f 1037/401/125 1034/399/125 647/398/125
f 1034/399/134 1017/397/134 649/395/134
f 634/406/121 632/407/121 650/407/121
f 632/407/121 630/2157/121 650/407/121
f 630/2157/121 652/2157/121 650/407/121
f 650/407/121 648/406/121 646/2158/121
f 646/2158/121 644/405/121 650/407/121
f 644/405/121 642/2159/121 650/407/121
f 642/2159/121 640/2159/121 638/405/121
f 638/405/121 636/2158/121 634/406/121
f 642/2159/121 638/405/121 650/407/121
f 1017/397/133 1016/394/133 651/396/133
f 651/2160/120 629/2160/120 631/408/120
f 631/408/120 633/2161/120 635/409/120
f 635/409/120 637/410/120 643/410/120
f 637/410/120 639/2162/120 643/410/120
f 639/2162/120 641/2162/120 643/410/120
f 643/410/120 645/409/120 647/2161/120
f 647/2161/120 649/408/120 643/410/120
f 649/408/120 651/2160/120 643/410/120
f 651/2160/120 631/408/120 643/410/120
f 1011/411/126 1007/414/126 655/412/126
f 1007/414/127 1004/416/127 657/415/127
f 1004/416/124 1005/418/124 659/417/124
f 1005/418/131 1009/420/131 661/419/131
f 1009/420/130 1010/394/130 663/421/130
f 1016/394/128 1020/420/128 667/419/128
f 1020/420/129 1024/418/129 669/417/129
f 1024/418/125 1028/416/125 671/415/125
f 1028/416/134 1036/414/134 673/412/134
f 658/423/121 656/424/121 674/424/121
f 656/424/121 654/2163/121 674/424/121
f 654/2163/121 676/2163/121 674/424/121
f 674/424/121 672/423/121 670/2164/121
f 670/2164/121 668/422/121 674/424/121
f 668/422/121 666/2165/121 674/424/121
f 666/2165/121 664/2165/121 662/422/121
f 662/422/121 660/2164/121 658/423/121
f 666/2165/121 662/422/121 674/424/121
f 1036/414/133 1015/411/133 675/413/133
f 675/2166/120 653/2166/120 655/425/120
f 655/425/120 657/2167/120 659/426/120
f 659/426/120 661/427/120 667/427/120
f 661/427/120 663/2168/120 667/427/120
f 663/2168/120 665/2168/120 667/427/120
f 667/427/120 669/426/120 671/2167/120
f 671/2167/120 673/425/120 667/427/120
f 673/425/120 675/2166/120 667/427/120
f 675/2166/120 655/425/120 667/427/120
f 1013/428/126 1001/431/126 679/429/126
f 1001/431/127 997/433/127 681/432/127
f 997/433/124 996/435/124 683/434/124
f 996/435/131 1003/437/131 685/436/131
f 1003/437/130 1011/411/130 687/438/130
f 1015/411/128 1027/437/128 691/436/128
f 1027/437/129 1035/435/129 693/434/129
f 1035/435/125 1025/433/125 695/432/125
f 1025/433/134 1018/431/134 697/429/134
f 682/440/121 680/441/121 698/441/121
f 680/441/121 678/582/121 698/441/121
f 678/582/121 700/582/121 698/441/121
f 698/441/121 696/440/121 694/581/121
f 694/581/121 692/439/121 698/441/121
f 692/439/121 690/2169/121 698/441/121
f 690/2169/121 688/2169/121 686/439/121
f 686/439/121 684/581/121 682/440/121
f 690/2169/121 686/439/121 698/441/121
f 1018/431/133 1014/428/133 699/430/133
f 699/2170/120 677/2170/120 679/442/120
f 679/442/120 681/2171/120 683/443/120
f 683/443/120 685/444/120 691/444/120
f 685/444/120 687/2172/120 691/444/120
f 687/2172/120 689/2172/120 691/444/120
f 691/444/120 693/443/120 695/2171/120
f 695/2171/120 697/442/120 691/444/120
f 697/442/120 699/2170/120 691/444/120
f 699/2170/120 679/442/120 691/444/120
f 528/197/328 999/447/328 703/445/328
f 999/447/127 998/449/127 705/448/127
f 998/449/124 1000/451/124 707/450/124
f 1000/451/131 1006/453/131 709/452/131
f 1006/453/130 1013/428/130 711/454/130
f 1014/428/128 1022/453/128 715/452/128
f 1022/453/129 1030/451/129 717/450/129
f 1030/451/125 1032/449/125 719/448/125
f 1032/449/134 1026/447/134 721/445/134
f 706/2173/121 704/2174/121 724/457/121
f 704/2174/121 702/2175/121 724/457/121
f 724/457/121 722/2174/121 720/2173/121
f 706/2173/121 724/457/121 708/456/121
f 720/2173/121 718/456/121 724/457/121
f 718/456/121 716/455/121 724/457/121
f 716/455/121 714/2176/121 724/457/121
f 714/2176/121 712/2176/121 724/457/121
f 712/2176/121 710/455/121 724/457/121
f 721/445/329 1026/447/329 529/197/329
f 723/460/120 701/460/120 707/2177/120
f 701/460/120 703/2178/120 707/2177/120
f 703/2178/120 705/459/120 707/2177/120
f 707/2177/120 709/458/120 711/2179/120
f 711/2179/120 713/2179/120 715/458/120
f 715/458/120 717/2177/120 719/459/120
f 719/459/120 721/2178/120 723/460/120
f 707/2177/120 711/2179/120 723/460/120
f 711/2179/120 715/458/120 723/460/120
f 727/461/133 728/465/133 726/462/133
f 729/464/134 730/467/134 728/465/134
f 731/466/125 732/469/125 730/467/125
f 733/468/129 734/471/129 732/469/129
f 735/470/128 736/472/128 734/471/128
f 737/470/122 738/472/122 736/472/122
f 739/468/130 740/471/130 738/472/130
f 741/466/131 742/469/131 740/471/131
f 743/464/124 744/467/124 742/469/124
f 745/461/127 746/465/127 744/467/127
f 726/475/121 728/2180/121 734/473/121
f 728/2180/121 730/2181/121 734/473/121
f 730/2181/121 732/474/121 734/473/121
f 734/473/121 736/2182/121 742/474/121
f 736/2182/121 738/2182/121 742/474/121
f 738/2182/121 740/473/121 742/474/121
f 742/474/121 744/2181/121 726/475/121
f 744/2181/121 746/2180/121 726/475/121
f 746/2180/121 748/475/121 726/475/121
f 747/463/126 748/462/126 746/465/126
f 727/2183/120 725/2184/120 747/2184/120
f 747/2184/120 745/2183/120 743/476/120
f 743/476/120 741/2185/120 739/477/120
f 739/477/120 737/478/120 735/478/120
f 735/478/120 733/477/120 727/2183/120
f 733/477/120 731/2185/120 727/2183/120
f 731/2185/120 729/476/120 727/2183/120
f 727/2183/120 747/2184/120 735/478/120
f 747/2184/120 743/476/120 735/478/120
f 751/479/133 752/483/133 750/480/133
f 753/482/134 754/485/134 752/483/134
f 755/484/125 756/487/125 754/485/125
f 757/486/129 758/489/129 756/487/129
f 759/488/128 760/490/128 758/489/128
f 763/486/130 764/489/130 762/490/130
f 765/484/131 766/487/131 764/489/131
f 767/482/124 768/485/124 766/487/124
f 769/479/127 770/483/127 768/485/127
f 750/493/121 752/2186/121 758/491/121
f 752/2186/121 754/2187/121 758/491/121
f 754/2187/121 756/492/121 758/491/121
f 758/491/121 760/2188/121 766/492/121
f 760/2188/121 762/2188/121 766/492/121
f 762/2188/121 764/491/121 766/492/121
f 766/492/121 768/2187/121 750/493/121
f 768/2187/121 770/2186/121 750/493/121
f 770/2186/121 772/493/121 750/493/121
f 771/481/126 772/480/126 770/483/126
f 751/496/120 749/2189/120 771/2189/120
f 771/2189/120 769/496/120 751/496/120
f 769/496/120 767/2190/120 751/496/120
f 767/2190/120 765/2191/120 763/494/120
f 763/494/120 761/495/120 759/495/120
f 759/495/120 757/494/120 751/496/120
f 757/494/120 755/2191/120 751/496/120
f 755/2191/120 753/2190/120 751/496/120
f 767/2190/120 763/494/120 751/496/120
f 775/497/133 776/501/133 774/498/133
f 777/500/134 778/503/134 776/501/134
f 779/502/125 780/505/125 778/503/125
f 781/504/129 782/507/129 780/505/129
f 783/506/128 784/508/128 782/507/128
f 787/504/130 788/507/130 786/508/130
f 789/502/131 790/505/131 788/507/131
f 791/500/124 792/503/124 790/505/124
f 793/497/127 794/501/127 792/503/127
f 774/511/121 776/2192/121 782/509/121
f 776/2192/121 778/2193/121 782/509/121
f 778/2193/121 780/510/121 782/509/121
f 782/509/121 784/2194/121 790/510/121
f 784/2194/121 786/2194/121 790/510/121
f 786/2194/121 788/509/121 790/510/121
f 790/510/121 792/2193/121 774/511/121
f 792/2193/121 794/2192/121 774/511/121
f 794/2192/121 796/511/121 774/511/121
f 795/499/126 796/498/126 794/501/126
f 775/514/120 773/2195/120 795/2195/120
f 795/2195/120 793/514/120 775/514/120
f 793/514/120 791/2196/120 775/514/120
f 791/2196/120 789/2197/120 787/512/120
f 787/512/120 785/513/120 783/513/120
f 783/513/120 781/512/120 775/514/120
f 781/512/120 779/2197/120 775/514/120
f 779/2197/120 777/2196/120 775/514/120
f 791/2196/120 787/512/120 775/514/120
f 799/515/133 800/519/133 798/516/133
f 801/518/134 802/521/134 800/519/134
f 803/520/125 804/523/125 802/521/125
f 805/522/129 806/525/129 804/523/129
f 807/524/128 808/526/128 806/525/128
f 811/522/130 812/525/130 810/526/130
f 813/520/131 814/523/131 812/525/131
f 815/518/124 816/521/124 814/523/124
f 817/515/127 818/519/127 816/521/127
f 798/529/121 800/2198/121 806/527/121
f 800/2198/121 802/2199/121 806/527/121
f 802/2199/121 804/528/121 806/527/121
f 806/527/121 808/2200/121 814/528/121
f 808/2200/121 810/2200/121 814/528/121
f 810/2200/121 812/527/121 814/528/121
f 814/528/121 816/2199/121 798/529/121
f 816/2199/121 818/2198/121 798/529/121
f 818/2198/121 820/529/121 798/529/121
f 819/517/126 820/516/126 818/519/126
f 799/532/120 797/2201/120 819/2201/120
f 819/2201/120 817/532/120 799/532/120
f 817/532/120 815/2202/120 799/532/120
f 815/2202/120 813/2203/120 811/530/120
f 811/530/120 809/531/120 807/531/120
f 807/531/120 805/530/120 799/532/120
f 805/530/120 803/2203/120 799/532/120
f 803/2203/120 801/2202/120 799/532/120
f 815/2202/120 811/530/120 799/532/120
f 823/533/133 824/537/133 822/534/133
f 825/536/134 826/539/134 824/537/134
f 827/538/125 828/541/125 826/539/125
f 829/540/129 830/543/129 828/541/129
f 831/542/128 832/544/128 830/543/128
f 835/540/130 836/543/130 834/544/130
f 837/538/131 838/541/131 836/543/131
f 839/536/124 840/539/124 838/541/124
f 841/533/127 842/537/127 840/539/127
f 822/547/121 824/2204/121 830/545/121
f 824/2204/121 826/2205/121 830/545/121
f 826/2205/121 828/546/121 830/545/121
f 830/545/121 832/2206/121 838/546/121
f 832/2206/121 834/2206/121 838/546/121
f 834/2206/121 836/545/121 838/546/121
f 838/546/121 840/2205/121 822/547/121
f 840/2205/121 842/2204/121 822/547/121
f 842/2204/121 844/547/121 822/547/121
f 843/535/126 844/534/126 842/537/126
f 823/550/120 821/2207/120 843/2207/120
f 843/2207/120 841/550/120 823/550/120
f 841/550/120 839/2208/120 823/550/120
f 839/2208/120 837/2209/120 835/548/120
f 835/548/120 833/549/120 831/549/120
f 831/549/120 829/548/120 823/550/120
f 829/548/120 827/2209/120 823/550/120
f 827/2209/120 825/2208/120 823/550/120
f 839/2208/120 835/548/120 823/550/120
f 847/551/133 848/555/133 846/552/133
f 849/554/134 850/557/134 848/555/134
f 851/556/125 852/559/125 850/557/125
f 853/558/129 854/561/129 852/559/129
f 855/560/128 856/562/128 854/561/128
f 859/558/130 860/561/130 858/562/130
f 861/556/131 862/559/131 860/561/131
f 863/554/124 864/557/124 862/559/124
f 865/551/127 866/555/127 864/557/127
f 846/565/121 848/2210/121 854/563/121
f 848/2210/121 850/2211/121 854/563/121
f 850/2211/121 852/564/121 854/563/121
f 854/563/121 856/2212/121 862/564/121
f 856/2212/121 858/2212/121 862/564/121
f 858/2212/121 860/563/121 862/564/121
f 862/564/121 864/2211/121 846/565/121
f 864/2211/121 866/2210/121 846/565/121
f 866/2210/121 868/565/121 846/565/121
f 867/553/126 868/552/126 866/555/126
f 847/568/120 845/2213/120 867/2213/120
f 867/2213/120 865/568/120 847/568/120
f 865/568/120 863/2214/120 847/568/120
f 863/2214/120 861/2215/120 859/566/120
f 859/566/120 857/567/120 855/567/120
f 855/567/120 853/566/120 847/568/120
f 853/566/120 851/2215/120 847/568/120
f 851/2215/120 849/2214/120 847/568/120
f 863/2214/120 859/566/120 847/568/120
f 871/569/133 872/573/133 870/570/133
f 873/572/134 874/575/134 872/573/134
f 875/574/125 876/577/125 874/575/125
f 877/576/129 878/579/129 876/577/129
f 879/578/128 880/580/128 878/579/128
f 883/576/130 884/579/130 882/580/130
f 885/574/131 886/577/131 884/579/131
f 887/572/124 888/575/124 886/577/124
f 889/569/127 890/573/127 888/575/127
f 870/582/121 872/441/121 878/439/121
f 872/441/121 874/440/121 878/439/121
f 874/440/121 876/581/121 878/439/121
f 878/439/121 880/2169/121 886/581/121
f 880/2169/121 882/2169/121 886/581/121
f 882/2169/121 884/439/121 886/581/121
f 886/581/121 888/440/121 870/582/121
f 888/440/121 890/441/121 870/582/121
f 890/441/121 892/582/121 870/582/121
f 891/571/126 892/570/126 890/573/126
f 871/585/120 869/2216/120 891/2216/120
f 891/2216/120 889/585/120 871/585/120
f 889/585/120 887/2217/120 871/585/120
f 887/2217/120 885/2218/120 883/583/120
f 883/583/120 881/584/120 879/584/120
f 879/584/120 877/583/120 871/585/120
f 877/583/120 875/2218/120 871/585/120
f 875/2218/120 873/2217/120 871/585/120
f 887/2217/120 883/583/120 871/585/120
f 895/586/133 896/590/133 894/587/133
f 897/589/134 898/592/134 896/590/134
f 899/591/125 900/594/125 898/592/125
f 901/593/129 902/596/129 900/594/129
f 903/595/128 904/597/128 902/596/128
f 907/593/130 908/596/130 906/597/130
f 909/591/131 910/594/131 908/596/131
f 911/589/124 912/592/124 910/594/124
f 913/586/127 914/590/127 912/592/127
f 894/600/121 896/2219/121 902/598/121
f 896/2219/121 898/2220/121 902/598/121
f 898/2220/121 900/599/121 902/598/121
f 902/598/121 904/2221/121 910/599/121
f 904/2221/121 906/2221/121 910/599/121
f 906/2221/121 908/598/121 910/599/121
f 910/599/121 912/2220/121 894/600/121
f 912/2220/121 914/2219/121 894/600/121
f 914/2219/121 916/600/121 894/600/121
f 915/588/126 916/587/126 914/590/126
f 893/588/123 894/587/123 916/587/123
f 895/2222/120 893/2223/120 915/2223/120
f 915/2223/120 913/2222/120 911/601/120
f 911/601/120 909/2224/120 907/602/120
f 907/602/120 905/603/120 903/603/120
f 903/603/120 901/602/120 899/2224/120
f 899/2224/120 897/601/120 903/603/120
f 897/601/120 895/2222/120 903/603/120
f 895/2222/120 915/2223/120 903/603/120
f 915/2223/120 911/601/120 903/603/120
f 975/604/129 668/626/129 670/605/129
f 971/607/128 594/679/128 596/608/128
f 918/610/124 682/575/124 684/577/124
f 930/612/127 656/637/127 658/613/127
f 957/615/131 588/662/131 590/608/131
f 995/616/125 574/624/125 576/617/125
f 994/619/125 550/675/125 552/620/125
f 946/622/127 536/645/127 538/620/127
f 972/623/129 572/676/129 574/624/129
f 969/625/128 666/683/128 668/626/128
f 929/627/130 710/634/130 712/628/130
f 945/618/124 562/617/124 564/624/124
f 974/630/133 626/649/133 628/631/133
f 921/633/131 708/682/131 710/634/131
f 989/618/134 576/617/134 578/635/134
f 981/614/134 672/613/134 674/637/134
f 993/638/330 958/330/330 1057/329/330
f 696/575/125 938/610/125 942/639/125
f 942/639/125 987/611/125 694/577/125
f 986/640/134 648/656/134 650/641/134
f 973/622/133 554/645/133 556/643/133
f 985/621/134 552/620/134 554/645/134
f 961/646/126 582/652/126 584/647/126
f 960/632/126 606/631/126 608/649/126
f 928/606/131 660/605/131 662/626/131
f 959/650/130 614/670/130 616/651/130
f 983/648/133 602/647/133 604/652/133
f 982/653/134 624/663/134 626/649/134
f 966/607/126 558/678/126 560/635/126
f 938/610/134 696/575/134 698/573/134
f 991/655/125 646/681/125 648/656/125
f 927/614/124 658/613/124 660/605/124
f 924/642/127 632/641/127 634/656/127
f 934/657/128 690/580/128 692/579/128
f 939/659/331 722/664/331 724/660/331
f 923/654/127 680/573/127 682/575/127
f 990/612/133 674/637/133 676/661/133
f 935/654/133 698/573/133 700/570/133
f 967/609/129 596/608/129 598/662/129
f 943/630/127 608/649/127 610/663/127
f 516/321/332 702/2225/332 704/664/332
f 984/650/129 620/670/129 622/665/129
f 976/667/134 600/673/134 602/647/134
f 925/655/131 636/681/131 638/668/131
f 965/646/128 618/651/128 620/670/128
f 952/667/124 586/673/124 588/662/124
f 964/632/128 642/677/128 644/668/128
f 941/671/134 720/680/134 722/664/134
f 980/658/129 692/579/129 694/577/129
f 970/642/133 650/641/133 652/672/133
f 962/644/126 534/643/126 536/645/126
f 951/636/127 560/635/127 562/617/127
f 917/611/131 684/577/131 686/579/131
f 926/658/130 686/579/130 688/580/130
f 953/648/127 584/647/127 586/673/127
f 954/623/130 566/676/130 568/674/130
f 944/621/124 538/620/124 540/675/124
f 968/644/128 570/674/128 572/676/128
f 955/669/130 638/668/130 640/677/130
f 988/636/133 578/635/133 580/678/133
f 949/653/124 610/663/124 612/665/124
f 933/657/126 654/661/126 656/637/126
f 956/609/130 590/608/130 592/679/130
f 940/633/125 718/682/125 720/680/125
f 963/625/126 630/672/126 632/641/126
f 922/640/124 634/656/124 636/681/124
f 919/671/124 706/680/124 708/682/124
f 947/616/131 564/624/131 566/676/131
f 978/669/129 644/668/129 646/681/129
f 932/604/130 662/626/130 664/683/130
f 920/659/127 704/664/127 706/680/127
f 937/627/129 716/634/129 718/682/129
f 936/629/128 714/628/128 716/634/128
f 977/615/125 598/662/125 600/673/125
f 948/666/131 612/665/131 614/670/131
f 931/629/126 678/570/126 680/573/126
f 992/666/125 622/665/125 624/663/125
f 979/606/125 670/605/125 672/613/125
f 726/462/123 748/462/123 747/463/123
f 785/506/122 786/508/122 784/508/122
f 774/498/123 796/498/123 795/499/123
f 833/542/122 834/544/122 832/544/122
f 857/560/122 858/562/122 856/562/122
f 846/552/123 868/552/123 867/553/123
f 870/570/123 892/570/123 891/571/123
f 905/595/122 906/597/122 904/597/122
f 798/516/123 820/516/123 819/517/123
f 809/524/122 810/526/122 808/526/122
f 750/480/123 772/480/123 771/481/123
f 761/488/122 762/490/122 760/490/122
f 1059/322/123 533/324/123 555/324/123
f 1062/342/122 1064/342/122 593/369/122
f 1008/377/122 1012/377/122 641/404/122
f 1010/394/123 629/396/123 651/396/123
f 1011/411/122 1015/411/122 689/438/122
f 1013/428/123 677/430/123 699/430/123
f 723/446/143 529/197/143 528/197/143
f 1061/359/123 581/361/123 603/361/123
f 968/644/123 556/643/123 534/643/123
f 971/607/123 580/678/123 558/678/123
f 965/646/122 961/646/122 616/651/122
f 964/632/122 960/632/122 640/677/122
f 969/625/122 963/625/122 664/683/122
f 934/657/123 676/661/123 654/661/123
f 936/629/123 700/570/123 678/570/123
f 724/660/333 702/2225/333 516/321/333
f 1076/684/145 1078/687/145 1077/685/145
f 1078/687/146 1080/689/146 1079/688/146
f 1080/689/121 1082/691/121 1081/690/121
f 1082/691/147 1084/693/147 1083/692/147
f 1084/693/148 1086/695/148 1085/694/148
f 1088/695/149 1090/693/149 1089/692/149
f 1090/693/150 1092/691/150 1091/690/150
f 1092/691/120 1094/689/120 1093/688/120
f 1094/689/151 1096/687/151 1095/685/151
f 1080/697/125 1078/698/125 1076/2226/125
f 1076/2226/125 1098/2226/125 1096/698/125
f 1096/698/125 1094/697/125 1092/2227/125
f 1092/2227/125 1090/696/125 1096/698/125
f 1090/696/125 1088/2228/125 1096/698/125
f 1088/2228/125 1086/2228/125 1084/696/125
f 1084/696/125 1082/2227/125 1080/697/125
f 1080/697/125 1076/2226/125 1096/698/125
f 1088/2228/125 1084/696/125 1096/698/125
f 1096/687/152 1098/684/152 1097/686/152
f 1097/701/124 1075/701/124 1077/2229/124
f 1077/2229/124 1079/2230/124 1081/699/124
f 1081/699/124 1083/700/124 1085/2231/124
f 1085/2231/124 1087/2231/124 1081/699/124
f 1087/2231/124 1089/700/124 1081/699/124
f 1089/700/124 1091/699/124 1097/701/124
f 1091/699/124 1093/2230/124 1097/701/124
f 1093/2230/124 1095/2229/124 1097/701/124
f 1097/701/124 1077/2229/124 1081/699/124
f 1100/702/145 1102/705/145 1101/703/145
f 1102/705/146 1104/707/146 1103/706/146
f 1104/707/121 1106/709/121 1105/708/121
f 1106/709/147 1108/711/147 1107/710/147
f 1108/711/148 1110/713/148 1109/712/148
f 1112/713/149 1114/711/149 1113/710/149
f 1114/711/150 1116/709/150 1115/708/150
f 1116/709/120 1118/707/120 1117/706/120
f 1118/707/151 1120/705/151 1119/703/151
f 1104/2232/125 1102/715/125 1100/714/125
f 1100/714/125 1122/714/125 1120/715/125
f 1120/715/125 1118/2232/125 1112/716/125
f 1118/2232/125 1116/2233/125 1112/716/125
f 1116/2233/125 1114/2234/125 1112/716/125
f 1112/716/125 1110/716/125 1104/2232/125
f 1110/716/125 1108/2234/125 1104/2232/125
f 1108/2234/125 1106/2233/125 1104/2232/125
f 1104/2232/125 1100/714/125 1112/716/125
f 1120/705/152 1122/702/152 1121/704/152
f 1121/719/124 1099/719/124 1101/2235/124
f 1101/2235/124 1103/2236/124 1121/719/124
f 1103/2236/124 1105/717/124 1121/719/124
f 1105/717/124 1107/718/124 1109/2237/124
f 1109/2237/124 1111/2237/124 1105/717/124
f 1111/2237/124 1113/718/124 1105/717/124
f 1113/718/124 1115/717/124 1121/719/124
f 1115/717/124 1117/2236/124 1121/719/124
f 1117/2236/124 1119/2235/124 1121/719/124
f 1124/720/145 1126/723/145 1125/721/145
f 1126/723/146 1128/725/146 1127/724/146
f 1128/725/121 1130/727/121 1129/726/121
f 1130/727/147 1132/729/147 1131/728/147
f 1132/729/148 1134/731/148 1133/730/148
f 1136/731/149 1138/729/149 1137/728/149
f 1138/729/150 1140/727/150 1139/726/150
f 1140/727/120 1142/725/120 1141/724/120
f 1142/725/151 1144/723/151 1143/721/151
f 1128/2238/125 1126/733/125 1124/732/125
f 1124/732/125 1146/732/125 1144/733/125
f 1144/733/125 1142/2238/125 1136/734/125
f 1142/2238/125 1140/2239/125 1136/734/125
f 1140/2239/125 1138/2240/125 1136/734/125
f 1136/734/125 1134/734/125 1128/2238/125
f 1134/734/125 1132/2240/125 1128/2238/125
f 1132/2240/125 1130/2239/125 1128/2238/125
f 1128/2238/125 1124/732/125 1136/734/125
f 1144/723/152 1146/720/152 1145/722/152
f 1145/736/124 1123/736/124 1125/2241/124
f 1125/2241/124 1127/735/124 1145/736/124
f 1127/735/124 1129/737/124 1145/736/124
f 1129/737/124 1131/2242/124 1133/2243/124
f 1133/2243/124 1135/2243/124 1129/737/124
f 1135/2243/124 1137/2242/124 1129/737/124
f 1137/2242/124 1139/737/124 1141/735/124
f 1141/735/124 1143/2241/124 1145/736/124
f 1137/2242/124 1141/735/124 1129/737/124
f 1148/738/145 1150/741/145 1149/739/145
f 1150/741/146 1152/743/146 1151/742/146
f 1152/743/121 1154/745/121 1153/744/121
f 1154/745/147 1156/747/147 1155/746/147
f 1156/747/148 1158/749/148 1157/748/148
f 1160/749/149 1162/747/149 1161/746/149
f 1162/747/150 1164/745/150 1163/744/150
f 1164/745/120 1166/743/120 1165/750/120
f 1166/743/151 1168/741/151 1167/739/151
f 1152/753/125 1150/2244/125 1148/2245/125
f 1148/2245/125 1170/2245/125 1168/2244/125
f 1168/2244/125 1166/753/125 1164/751/125
f 1164/751/125 1162/2246/125 1160/752/125
f 1160/752/125 1158/752/125 1156/2246/125
f 1156/2246/125 1154/751/125 1160/752/125
f 1154/751/125 1152/753/125 1160/752/125
f 1152/753/125 1148/2245/125 1168/2244/125
f 1168/2244/125 1164/751/125 1152/753/125
f 1168/741/152 1170/738/152 1169/740/152
f 1169/756/124 1147/756/124 1149/2247/124
f 1149/2247/124 1151/2248/124 1153/754/124
f 1153/754/124 1155/755/124 1157/2249/124
f 1157/2249/124 1159/2249/124 1153/754/124
f 1159/2249/124 1161/755/124 1153/754/124
f 1161/755/124 1163/754/124 1169/756/124
f 1163/754/124 1165/2250/124 1169/756/124
f 1165/2250/124 1167/2247/124 1169/756/124
f 1169/756/124 1149/2247/124 1153/754/124
f 1172/757/145 1174/760/145 1173/758/145
f 1174/760/146 1176/762/146 1175/761/146
f 1176/762/121 1626/1069/121 1623/763/121
f 1178/762/151 1180/760/151 1179/758/151
f 1176/2251/125 1174/2252/125 1626/764/125
f 1174/2252/125 1172/765/125 1626/764/125
f 1172/765/125 1182/765/125 1632/764/125
f 1182/765/125 1180/2252/125 1632/764/125
f 1180/2252/125 1178/2251/125 1632/764/125
f 1180/760/152 1182/757/152 1181/759/152
f 1181/766/124 1171/766/124 1623/767/124
f 1171/766/124 1173/768/124 1623/767/124
f 1173/768/124 1175/2253/124 1623/767/124
f 1623/767/124 1624/767/124 1181/766/124
f 1624/767/124 1177/2253/124 1179/768/124
f 1515/769/145 1497/772/145 1185/770/145
f 1497/772/146 1498/774/146 1187/773/146
f 1498/774/121 1493/776/121 1189/775/121
f 1493/776/147 1494/778/147 1191/777/147
f 1494/778/148 1488/780/148 1193/779/148
f 1492/780/149 1509/778/149 1197/777/149
f 1509/778/150 1510/776/150 1199/775/150
f 1510/776/120 1512/774/120 1201/773/120
f 1512/774/151 1514/772/151 1203/770/151
f 1188/2254/125 1186/782/125 1184/781/125
f 1184/781/125 1206/781/125 1204/782/125
f 1204/782/125 1202/2254/125 1196/783/125
f 1202/2254/125 1200/2255/125 1196/783/125
f 1200/2255/125 1198/2256/125 1196/783/125
f 1196/783/125 1194/783/125 1188/2254/125
f 1194/783/125 1192/2256/125 1188/2254/125
f 1192/2256/125 1190/2255/125 1188/2254/125
f 1188/2254/125 1184/781/125 1196/783/125
f 1514/772/152 1513/769/152 1205/771/152
f 1205/786/124 1183/786/124 1185/2257/124
f 1185/2257/124 1187/2258/124 1205/786/124
f 1187/2258/124 1189/784/124 1205/786/124
f 1189/784/124 1191/785/124 1193/2259/124
f 1193/2259/124 1195/2259/124 1189/784/124
f 1195/2259/124 1197/785/124 1189/784/124
f 1197/785/124 1199/784/124 1205/786/124
f 1199/784/124 1201/2258/124 1205/786/124
f 1201/2258/124 1203/2257/124 1205/786/124
f 1507/787/145 1518/790/145 1209/788/145
f 1518/790/146 1503/792/146 1211/791/146
f 1503/792/121 1496/794/121 1213/793/121
f 1496/794/147 1495/796/147 1215/795/147
f 1495/796/148 1515/769/148 1217/797/148
f 1513/769/149 1511/796/149 1221/795/149
f 1511/796/150 1516/794/150 1223/793/150
f 1516/794/120 1517/799/120 1225/798/120
f 1517/799/151 1506/790/151 1227/788/151
f 1212/801/125 1210/802/125 1208/2260/125
f 1208/2260/125 1230/2260/125 1228/802/125
f 1228/802/125 1226/2261/125 1224/2262/125
f 1224/2262/125 1222/800/125 1228/802/125
f 1222/800/125 1220/2263/125 1228/802/125
f 1220/2263/125 1218/2263/125 1216/800/125
f 1216/800/125 1214/2262/125 1212/801/125
f 1212/801/125 1208/2260/125 1228/802/125
f 1220/2263/125 1216/800/125 1228/802/125
f 1506/790/152 1505/787/152 1229/789/152
f 1229/804/124 1207/804/124 1209/958/124
f 1209/958/124 1211/2264/124 1229/804/124
f 1211/2264/124 1213/805/124 1229/804/124
f 1213/805/124 1215/2265/124 1217/957/124
f 1217/957/124 1219/957/124 1213/805/124
f 1219/957/124 1221/2265/124 1213/805/124
f 1221/2265/124 1223/805/124 1225/803/124
f 1225/803/124 1227/958/124 1229/804/124
f 1221/2265/124 1225/803/124 1213/805/124
f 1232/806/145 1234/809/145 1233/807/145
f 1234/809/146 1236/811/146 1235/810/146
f 1236/811/121 1238/818/121 1237/812/121
f 1238/818/147 1240/1023/147 1484/813/147
f 1240/1023/147 1524/1024/147 1484/813/147
f 1508/815/147 1239/817/147 1486/814/147
f 1239/817/147 1237/812/147 1486/814/147
f 1238/818/147 1484/813/147 1237/812/147
f 1508/815/148 1507/787/148 1241/816/148
f 1505/787/149 1504/815/149 1245/817/149
f 1247/812/150 1245/817/150 1485/814/150
f 1245/817/150 1504/815/150 1485/814/150
f 1521/1024/150 1246/1023/150 1483/813/150
f 1246/1023/150 1248/818/150 1483/813/150
f 1247/812/334 1485/814/334 1483/813/334
f 1248/818/120 1250/811/120 1249/810/120
f 1250/811/151 1252/809/151 1251/807/151
f 1236/821/125 1234/2266/125 1252/2266/125
f 1234/2266/125 1232/2267/125 1252/2266/125
f 1232/2267/125 1254/2267/125 1252/2266/125
f 1252/2266/125 1250/821/125 1248/819/125
f 1248/819/125 1246/2268/125 1244/820/125
f 1244/820/125 1242/820/125 1236/821/125
f 1242/820/125 1240/2268/125 1236/821/125
f 1240/2268/125 1238/819/125 1236/821/125
f 1252/2266/125 1248/819/125 1236/821/125
f 1252/809/152 1254/806/152 1253/808/152
f 1254/806/123 1232/806/123 1231/808/123
f 1253/824/124 1231/824/124 1233/2269/124
f 1233/2269/124 1235/2270/124 1237/822/124
f 1237/822/124 1239/823/124 1241/2271/124
f 1241/2271/124 1243/2271/124 1237/822/124
f 1243/2271/124 1245/823/124 1237/822/124
f 1245/823/124 1247/822/124 1253/824/124
f 1247/822/124 1249/2270/124 1253/824/124
f 1249/2270/124 1251/2269/124 1253/824/124
f 1253/824/124 1233/2269/124 1237/822/124
f 1488/780/145 1502/827/145 1257/825/145
f 1502/827/146 1501/829/146 1259/828/146
f 1501/829/121 1500/837/121 1261/830/121
f 1263/831/147 1261/830/147 1499/832/147
f 1261/830/147 1500/837/147 1499/832/147
f 1262/1025/147 1264/834/147 1520/833/147
f 1264/834/147 1263/831/147 1520/833/147
f 1520/833/147 1548/1026/147 1262/1025/147
f 1264/834/148 1266/836/148 1265/835/148
f 1268/836/149 1270/834/149 1269/831/149
f 1269/831/150 1270/834/150 1519/833/150
f 1270/834/150 1272/1025/150 1519/833/150
f 1272/1025/150 1535/1026/150 1519/833/150
f 1491/832/150 1489/837/150 1271/838/150
f 1491/832/150 1271/838/150 1269/831/150
f 1489/837/120 1490/829/120 1273/828/120
f 1490/829/151 1487/827/151 1275/825/151
f 1260/2272/125 1258/840/125 1256/839/125
f 1256/839/125 1278/839/125 1276/840/125
f 1276/840/125 1274/2272/125 1268/841/125
f 1274/2272/125 1272/2273/125 1268/841/125
f 1272/2273/125 1270/2274/125 1268/841/125
f 1268/841/125 1266/841/125 1260/2272/125
f 1266/841/125 1264/2274/125 1260/2272/125
f 1264/2274/125 1262/2273/125 1260/2272/125
f 1260/2272/125 1256/839/125 1268/841/125
f 1487/827/152 1492/780/152 1277/826/152
f 1277/844/124 1255/844/124 1257/2275/124
f 1257/2275/124 1259/2276/124 1277/844/124
f 1259/2276/124 1261/842/124 1277/844/124
f 1261/842/124 1263/843/124 1265/2277/124
f 1265/2277/124 1267/2277/124 1261/842/124
f 1267/2277/124 1269/843/124 1261/842/124
f 1269/843/124 1271/842/124 1277/844/124
f 1271/842/124 1273/2276/124 1277/844/124
f 1273/2276/124 1275/2275/124 1277/844/124
f 1279/845/152 1281/849/152 1282/846/152
f 1283/848/151 1284/851/151 1282/846/151
f 1285/850/120 1286/853/120 1284/851/120
f 1287/852/150 1288/855/150 1286/853/150
f 1289/854/149 1290/856/149 1288/855/149
f 1291/854/122 1292/856/122 1290/856/122
f 1293/852/148 1294/855/148 1292/856/148
f 1295/850/147 1296/853/147 1294/855/147
f 1297/848/121 1298/851/121 1296/853/121
f 1299/849/146 1300/846/146 1298/851/146
f 1280/2278/125 1282/2279/125 1284/2280/125
f 1284/2280/125 1286/859/125 1288/857/125
f 1288/857/125 1290/858/125 1292/858/125
f 1292/858/125 1294/857/125 1296/859/125
f 1296/859/125 1298/2280/125 1280/2278/125
f 1298/2280/125 1300/2279/125 1280/2278/125
f 1300/2279/125 1302/2278/125 1280/2278/125
f 1280/2278/125 1284/2280/125 1296/859/125
f 1284/2280/125 1288/857/125 1296/859/125
f 1301/845/145 1302/847/145 1300/846/145
f 1279/845/123 1280/847/123 1302/847/123
f 1281/862/124 1279/2281/124 1297/860/124
f 1279/2281/124 1301/2281/124 1297/860/124
f 1301/2281/124 1299/862/124 1297/860/124
f 1297/860/124 1295/2282/124 1289/861/124
f 1295/2282/124 1293/2283/124 1289/861/124
f 1293/2283/124 1291/861/124 1289/861/124
f 1289/861/124 1287/2283/124 1281/862/124
f 1287/2283/124 1285/2282/124 1281/862/124
f 1285/2282/124 1283/860/124 1281/862/124
f 1305/863/152 1306/867/152 1304/864/152
f 1307/866/151 1308/869/151 1306/867/151
f 1309/868/120 1310/871/120 1308/869/120
f 1311/870/150 1312/873/150 1310/871/150
f 1313/872/149 1314/874/149 1312/873/149
f 1315/872/122 1316/874/122 1314/874/122
f 1317/870/148 1318/873/148 1316/874/148
f 1319/868/147 1320/871/147 1318/873/147
f 1321/866/121 1322/869/121 1320/871/121
f 1323/863/146 1324/867/146 1322/869/146
f 1304/2284/125 1306/2285/125 1308/875/125
f 1308/875/125 1310/877/125 1312/876/125
f 1312/876/125 1314/2286/125 1320/877/125
f 1314/2286/125 1316/2286/125 1320/877/125
f 1316/2286/125 1318/876/125 1320/877/125
f 1320/877/125 1322/875/125 1304/2284/125
f 1322/875/125 1324/2285/125 1304/2284/125
f 1324/2285/125 1326/2284/125 1304/2284/125
f 1304/2284/125 1308/875/125 1320/877/125
f 1325/865/145 1326/864/145 1324/867/145
f 1303/865/123 1304/864/123 1326/864/123
f 1305/880/124 1303/2287/124 1321/878/124
f 1303/2287/124 1325/2287/124 1321/878/124
f 1325/2287/124 1323/880/124 1321/878/124
f 1321/878/124 1319/2288/124 1313/879/124
f 1319/2288/124 1317/2289/124 1313/879/124
f 1317/2289/124 1315/879/124 1313/879/124
f 1313/879/124 1311/2289/124 1305/880/124
f 1311/2289/124 1309/2288/124 1305/880/124
f 1309/2288/124 1307/878/124 1305/880/124
f 1329/881/152 1330/885/152 1328/882/152
f 1331/884/151 1332/887/151 1330/885/151
f 1333/886/120 1334/889/120 1332/887/120
f 1335/888/150 1336/891/150 1334/889/150
f 1337/890/149 1338/892/149 1336/891/149
f 1339/890/122 1340/892/122 1338/892/122
f 1341/888/148 1342/891/148 1340/892/148
f 1343/893/147 1344/889/147 1342/891/147
f 1345/884/121 1346/887/121 1344/889/121
f 1347/881/146 1348/885/146 1346/887/146
f 1328/2290/125 1330/2291/125 1332/894/125
f 1332/894/125 1334/896/125 1336/895/125
f 1336/895/125 1338/2292/125 1344/896/125
f 1338/2292/125 1340/2292/125 1344/896/125
f 1340/2292/125 1342/895/125 1344/896/125
f 1344/896/125 1346/894/125 1328/2290/125
f 1346/894/125 1348/2291/125 1328/2290/125
f 1348/2291/125 1350/2290/125 1328/2290/125
f 1328/2290/125 1332/894/125 1344/896/125
f 1349/883/145 1350/882/145 1348/885/145
f 1327/883/123 1328/882/123 1350/882/123
f 1329/899/124 1327/2293/124 1345/897/124
f 1327/2293/124 1349/2293/124 1345/897/124
f 1349/2293/124 1347/899/124 1345/897/124
f 1345/897/124 1343/2294/124 1337/898/124
f 1343/2294/124 1341/2295/124 1337/898/124
f 1341/2295/124 1339/898/124 1337/898/124
f 1337/898/124 1335/2295/124 1329/899/124
f 1335/2295/124 1333/2294/124 1329/899/124
f 1333/2294/124 1331/897/124 1329/899/124
f 1353/900/152 1354/904/152 1352/901/152
f 1355/903/151 1356/906/151 1354/904/151
f 1357/905/120 1358/908/120 1356/906/120
f 1359/907/150 1360/910/150 1358/908/150
f 1361/909/149 1362/911/149 1360/910/149
f 1363/909/122 1364/911/122 1362/911/122
f 1365/907/148 1366/910/148 1364/911/148
f 1367/905/147 1368/908/147 1366/910/147
f 1369/903/121 1370/906/121 1368/908/121
f 1371/900/146 1372/904/146 1370/906/146
f 1352/2296/125 1354/2297/125 1356/912/125
f 1356/912/125 1358/914/125 1360/913/125
f 1360/913/125 1362/2298/125 1368/914/125
f 1362/2298/125 1364/2298/125 1368/914/125
f 1364/2298/125 1366/913/125 1368/914/125
f 1368/914/125 1370/912/125 1352/2296/125
f 1370/912/125 1372/2297/125 1352/2296/125
f 1372/2297/125 1374/2296/125 1352/2296/125
f 1352/2296/125 1356/912/125 1368/914/125
f 1373/902/145 1374/901/145 1372/904/145
f 1351/902/123 1352/901/123 1374/901/123
f 1353/917/124 1351/2299/124 1369/915/124
f 1351/2299/124 1373/2299/124 1369/915/124
f 1373/2299/124 1371/917/124 1369/915/124
f 1369/915/124 1367/2300/124 1361/916/124
f 1367/2300/124 1365/2301/124 1361/916/124
f 1365/2301/124 1363/916/124 1361/916/124
f 1361/916/124 1359/2301/124 1353/917/124
f 1359/2301/124 1357/2300/124 1353/917/124
f 1357/2300/124 1355/915/124 1353/917/124
f 1377/918/152 1378/922/152 1376/919/152
f 1379/921/151 1380/925/151 1378/922/151
f 1380/925/120 1379/921/120 1630/923/120
f 1379/921/120 1625/1068/120 1630/923/120
f 1383/918/146 1384/922/146 1382/925/146
f 1376/926/125 1378/2302/125 1631/927/125
f 1378/2302/125 1380/2303/125 1631/927/125
f 1631/927/125 1629/927/125 1376/926/125
f 1629/927/125 1382/2303/125 1384/2302/125
f 1384/2302/125 1386/926/125 1629/927/125
f 1385/920/145 1386/919/145 1384/922/145
f 1375/920/123 1376/919/123 1386/919/123
f 1377/930/124 1375/2304/124 1625/928/124
f 1375/2304/124 1385/2304/124 1625/928/124
f 1385/2304/124 1383/930/124 1627/928/124
f 1383/930/124 1381/929/124 1627/928/124
f 1627/928/124 1625/928/124 1385/2304/124
f 1389/931/152 1588/935/152 1583/932/152
f 1389/931/151 1391/937/151 1580/934/151
f 1393/936/120 1581/939/120 1580/934/120
f 1395/938/150 1565/941/150 1581/939/150
f 1397/940/149 1562/942/149 1565/941/149
f 1399/940/122 1569/942/122 1562/942/122
f 1401/938/148 1557/941/148 1569/942/148
f 1403/936/147 1556/939/147 1557/941/147
f 1405/937/121 1558/934/121 1556/939/121
f 1405/937/146 1407/931/146 1559/935/146
f 1388/2305/125 1390/2306/125 1392/943/125
f 1392/943/125 1394/945/125 1396/944/125
f 1396/944/125 1398/2307/125 1404/945/125
f 1398/2307/125 1400/2307/125 1404/945/125
f 1400/2307/125 1402/944/125 1404/945/125
f 1404/945/125 1406/943/125 1388/2305/125
f 1406/943/125 1408/2306/125 1388/2305/125
f 1408/2306/125 1410/2305/125 1388/2305/125
f 1388/2305/125 1392/943/125 1404/945/125
f 1409/933/145 1555/932/145 1559/935/145
f 1387/933/123 1583/932/123 1555/932/123
f 1389/948/124 1387/2308/124 1405/946/124
f 1387/2308/124 1409/2308/124 1405/946/124
f 1409/2308/124 1407/948/124 1405/946/124
f 1405/946/124 1403/2309/124 1397/947/124
f 1403/2309/124 1401/2310/124 1397/947/124
f 1401/2310/124 1399/947/124 1397/947/124
f 1397/947/124 1395/2310/124 1389/948/124
f 1395/2310/124 1393/2309/124 1389/948/124
f 1393/2309/124 1391/946/124 1389/948/124
f 1413/788/152 1586/951/152 1577/949/152
f 1413/788/151 1415/798/151 1579/950/151
f 1417/793/120 1578/952/120 1579/950/120
f 1419/795/150 1573/953/150 1578/952/150
f 1421/797/149 1583/932/149 1573/953/149
f 1423/797/122 1555/932/122 1583/932/122
f 1425/795/148 1560/953/148 1555/932/148
f 1427/793/147 1561/952/147 1560/953/147
f 1429/798/121 1576/950/121 1561/952/121
f 1429/798/146 1431/788/146 1575/951/146
f 1412/2311/125 1414/2312/125 1416/954/125
f 1416/954/125 1418/956/125 1420/955/125
f 1420/955/125 1422/2313/125 1428/956/125
f 1422/2313/125 1424/2313/125 1428/956/125
f 1424/2313/125 1426/955/125 1428/956/125
f 1428/956/125 1430/954/125 1412/2311/125
f 1430/954/125 1432/2312/125 1412/2311/125
f 1432/2312/125 1434/2311/125 1412/2311/125
f 1412/2311/125 1416/954/125 1428/956/125
f 1433/789/145 1574/949/145 1575/951/145
f 1411/789/123 1577/949/123 1574/949/123
f 1413/958/124 1411/804/124 1429/803/124
f 1411/804/124 1433/804/124 1429/803/124
f 1433/804/124 1431/958/124 1429/803/124
f 1429/803/124 1427/805/124 1421/957/124
f 1427/805/124 1425/2265/124 1421/957/124
f 1425/2265/124 1423/957/124 1421/957/124
f 1421/957/124 1419/2265/124 1413/958/124
f 1419/2265/124 1417/805/124 1413/958/124
f 1417/805/124 1415/803/124 1413/958/124
f 1437/959/152 1438/963/152 1436/960/152
f 1439/962/151 1440/966/151 1438/963/151
f 1440/966/120 1439/962/120 1554/964/120
f 1439/962/120 1441/969/120 1554/964/120
f 1441/969/120 1584/968/120 1554/964/120
f 1552/965/120 1601/1055/120 1442/1054/120
f 1552/965/120 1442/1054/120 1440/966/120
f 1443/967/150 1587/971/150 1584/968/150
f 1445/970/149 1577/949/149 1587/971/149
f 1447/970/122 1574/949/122 1577/949/122
f 1449/967/148 1585/971/148 1574/949/148
f 1451/969/147 1582/968/147 1585/971/147
f 1582/968/121 1451/969/121 1553/964/121
f 1451/969/121 1453/962/121 1553/964/121
f 1453/962/121 1454/966/121 1553/964/121
f 1454/966/121 1452/1054/121 1551/965/121
f 1452/1054/121 1600/1055/121 1551/965/121
f 1455/959/146 1456/963/146 1454/966/146
f 1436/2314/125 1438/2315/125 1440/972/125
f 1440/972/125 1442/974/125 1444/973/125
f 1444/973/125 1446/2316/125 1452/974/125
f 1446/2316/125 1448/2316/125 1452/974/125
f 1448/2316/125 1450/973/125 1452/974/125
f 1452/974/125 1454/972/125 1436/2314/125
f 1454/972/125 1456/2315/125 1436/2314/125
f 1456/2315/125 1458/2314/125 1436/2314/125
f 1436/2314/125 1440/972/125 1452/974/125
f 1457/961/145 1458/960/145 1456/963/145
f 1435/961/123 1436/960/123 1458/960/123
f 1437/977/124 1435/2317/124 1453/975/124
f 1435/2317/124 1457/2317/124 1453/975/124
f 1457/2317/124 1455/977/124 1453/975/124
f 1453/975/124 1451/2318/124 1445/976/124
f 1451/2318/124 1449/2319/124 1445/976/124
f 1449/2319/124 1447/976/124 1445/976/124
f 1445/976/124 1443/2319/124 1437/977/124
f 1443/2319/124 1441/2318/124 1437/977/124
f 1441/2318/124 1439/975/124 1437/977/124
f 1459/978/152 1461/980/152 1566/979/152
f 1461/980/151 1463/983/151 1564/981/151
f 1465/982/120 1563/990/120 1564/981/120
f 1563/990/150 1465/982/150 1572/986/150
f 1465/982/150 1467/988/150 1572/986/150
f 1467/988/335 1468/984/335 1572/986/335
f 1468/984/336 1466/1059/336 1590/985/336
f 1466/1059/336 1610/1038/336 1590/985/336
f 1469/987/154 1470/989/154 1468/984/154
f 1471/987/155 1472/989/155 1470/989/155
f 1473/988/156 1474/984/156 1472/989/156
f 1474/984/337 1473/988/337 1570/986/337
f 1473/988/147 1475/982/147 1570/986/147
f 1475/982/338 1571/990/338 1570/986/338
f 1589/985/339 1621/1038/339 1476/1059/339
f 1589/985/339 1476/1059/339 1474/984/339
f 1477/983/121 1567/981/121 1571/990/121
f 1477/983/146 1479/980/146 1568/979/146
f 1460/2320/125 1462/2321/125 1464/991/125
f 1464/991/125 1466/993/125 1468/992/125
f 1468/992/125 1470/2322/125 1476/993/125
f 1470/2322/125 1472/2322/125 1476/993/125
f 1472/2322/125 1474/992/125 1476/993/125
f 1476/993/125 1478/991/125 1460/2320/125
f 1478/991/125 1480/2321/125 1460/2320/125
f 1480/2321/125 1482/2320/125 1460/2320/125
f 1460/2320/125 1464/991/125 1476/993/125
f 1481/978/145 1569/942/145 1568/979/145
f 1459/978/123 1562/942/123 1569/942/123
f 1461/996/124 1459/2323/124 1477/994/124
f 1459/2323/124 1481/2323/124 1477/994/124
f 1481/2323/124 1479/996/124 1477/994/124
f 1477/994/124 1475/2324/124 1469/995/124
f 1475/2324/124 1473/2325/124 1469/995/124
f 1473/2325/124 1471/995/124 1469/995/124
f 1469/995/124 1467/2325/124 1461/996/124
f 1467/2325/124 1465/2324/124 1461/996/124
f 1465/2324/124 1463/994/124 1461/996/124
f 1539/997/150 1198/1022/150 1200/998/150
f 1536/1000/151 1274/1028/151 1276/1001/151
f 1542/1003/151 1202/1013/151 1204/1004/151
f 1528/1006/148 1216/1017/148 1218/1007/148
f 1532/1009/146 1210/1030/146 1212/1010/146
f 1543/1005/152 1204/1004/152 1206/1012/152
f 1540/999/120 1200/998/120 1202/1013/120
f 1546/1014/120 1224/1018/120 1226/1015/120
f 1538/1008/149 1220/1007/149 1222/1017/149
f 1526/1008/145 1184/1012/145 1186/1004/145
f 1533/1011/121 1212/1010/121 1214/1018/121
f 1523/1009/152 1228/1030/152 1230/1019/152
f 1537/1021/149 1196/1032/149 1198/1022/149
f 1522/1020/149 1244/1027/149 1246/1023/149
f 1549/1000/121 1260/1028/121 1262/1025/121
f 1524/1024/148 1240/1023/148 1242/1027/148
f 1550/1002/146 1258/1001/146 1260/1028/146
f 1530/1005/146 1186/1004/146 1188/1029/146
f 1529/1014/147 1214/1018/147 1216/1017/147
f 1541/1006/150 1222/1017/150 1224/1018/150
f 1547/1016/151 1226/1015/151 1228/1030/151
f 1534/1002/152 1276/1001/152 1278/1031/152
f 1535/1026/120 1272/1025/120 1274/1028/120
f 1531/1003/121 1188/1029/121 1190/998/121
f 1527/999/147 1190/998/147 1192/1022/147
f 1525/1020/145 1208/1019/145 1210/1030/145
f 1544/997/148 1192/1022/148 1194/1032/148
f 1545/1021/145 1256/1031/145 1258/1001/145
f 1615/1033/123 1388/1034/123 1410/1034/123
f 1594/1035/121 1430/1042/121 1428/1036/121
f 1610/1038/158 1466/1059/158 1464/1039/158
f 1604/1041/151 1609/1035/151 1416/1042/151
f 1622/1044/151 1612/1058/151 1392/1045/151
f 1591/1047/122 1448/1048/122 1446/1048/122
f 1604/1041/152 1414/1043/152 1412/1049/152
f 1602/1047/149 1446/1048/149 1444/1050/149
f 1618/1040/159 1619/1062/159 1480/1052/159
f 1606/1053/150 1420/1066/150 1418/1036/150
f 1605/1051/150 1444/1050/150 1442/1054/150
f 1596/1033/122 1424/1056/122 1422/1056/122
f 1613/1057/120 1394/1067/120 1392/1045/120
f 1598/1053/148 1426/1066/148 1424/1056/148
f 1621/1038/160 1618/1040/160 1478/1039/160
f 1620/1060/161 1617/1060/161 1460/1061/161
f 1619/1062/162 1620/1060/162 1482/1061/162
f 1591/1047/148 1603/1051/148 1450/1050/148
f 1617/1060/340 1616/1062/340 1462/1052/340
f 1617/1060/149 1398/1065/149 1396/1063/149
f 1607/1037/120 1418/1036/120 1416/1042/120
f 1602/1047/123 1412/1049/123 1434/1049/123
f 1592/1041/146 1432/1043/146 1430/1042/146
f 1620/1060/122 1400/1065/122 1398/1065/122
f 1596/1033/145 1410/1034/145 1408/1046/145
f 1622/1044/152 1390/1046/152 1388/1034/152
f 1615/1033/149 1422/1056/149 1420/1066/149
f 1600/1055/147 1452/1054/147 1450/1050/147
f 1599/1037/147 1428/1036/147 1426/1066/147
f 1614/1064/150 1396/1063/150 1394/1067/150
f 1593/1057/147 1404/1067/147 1402/1063/147
f 1597/1044/146 1408/1046/146 1406/1045/146
f 1591/1047/145 1434/1049/145 1432/1043/145
f 1595/1058/121 1406/1045/121 1404/1067/121
f 1608/1064/148 1402/1063/148 1400/1065/148
f 1616/1062/164 1611/1040/164 1464/1039/164
f 1382/925/121 1629/924/121 1628/923/121
f 1628/923/121 1627/1068/121 1381/921/121
f 1624/763/120 1632/1069/120 1178/762/120
f 1629/924/122 1631/924/122 1628/923/122
f 1631/924/122 1630/923/122 1628/923/122
f 1630/923/122 1625/1068/122 1627/1068/122
f 1624/763/122 1623/763/122 1626/1069/122
f 1086/695/122 1088/695/122 1087/694/122
f 1097/686/123 1098/684/123 1076/684/123
f 1134/731/122 1136/731/122 1135/730/122
f 1158/749/122 1160/749/122 1159/748/122
f 1169/740/123 1170/738/123 1148/738/123
f 1488/780/123 1255/826/123 1277/826/123
f 1515/769/122 1513/769/122 1219/797/122
f 1507/787/123 1207/789/123 1229/789/123
f 1522/1020/123 1230/1019/123 1208/1019/123
f 1538/1008/122 1526/1008/122 1218/1007/122
f 1537/1021/123 1278/1031/123 1256/1031/123
f 1266/836/122 1268/836/122 1267/835/122
f 1145/722/123 1146/720/123 1124/720/123
f 1634/1070/165 1636/1073/165 1635/1071/165
f 1636/1073/166 1638/1075/166 1637/1074/166
f 1638/1075/124 1640/1077/124 1639/1076/124
f 1640/1077/167 1642/1079/167 1641/1078/167
f 1642/1079/168 1644/1087/168 1643/1080/168
f 1647/2326/120 1645/1081/120 1649/2327/120
f 1645/1081/120 1633/1081/120 1655/1082/120
f 1633/1081/120 1635/2326/120 1637/2327/120
f 1637/2327/120 1639/1083/120 1643/1082/120
f 1639/1083/120 1641/2328/120 1643/1082/120
f 1643/1082/120 1655/1082/120 1633/1081/120
f 1637/2327/120 1643/1082/120 1633/1081/120
f 1655/1082/120 1653/2328/120 1651/1083/120
f 1651/1083/120 1649/2327/120 1645/1081/120
f 1633/1072/123 1645/1072/123 1646/1070/123
f 1646/1084/121 1648/2329/121 1650/1085/121
f 1650/1085/121 1652/2330/121 1656/1086/121
f 1652/2330/121 1654/2331/121 1656/1086/121
f 1656/1086/121 1644/1086/121 1646/1084/121
f 1644/1086/121 1642/2331/121 1640/2330/121
f 1640/2330/121 1638/1085/121 1634/1084/121
f 1638/1085/121 1636/2329/121 1634/1084/121
f 1634/1084/121 1646/1084/121 1644/1086/121
f 1640/2330/121 1634/1084/121 1644/1086/121
f 1645/1072/169 1647/1071/169 1648/1073/169
f 1649/1074/170 1650/1075/170 1648/1073/170
f 1651/1076/125 1652/1077/125 1650/1075/125
f 1653/1078/171 1654/1079/171 1652/1077/171
f 1653/1078/172 1655/1080/172 1656/1087/172
f 1643/1080/122 1644/1087/122 1656/1087/122
f 1658/1088/173 1660/1112/173 1659/1089/173
f 1659/1089/174 1660/1112/174 1662/1091/174
f 1662/1091/124 1664/1094/124 1663/1093/124
f 1664/1094/175 1666/1113/175 1665/1095/175
f 1665/1095/176 1666/1113/176 1668/1096/176
f 1683/1089/122 1681/1090/122 1691/1097/122
f 1681/1090/122 1657/1090/122 1691/1097/122
f 1657/1090/122 1659/1089/122 1665/1095/122
f 1659/1089/122 1661/1092/122 1665/1095/122
f 1661/1092/122 1663/1093/122 1665/1095/122
f 1665/1095/122 1667/1097/122 1657/1090/122
f 1667/1097/122 1691/1097/122 1657/1090/122
f 1691/1097/122 1689/1095/122 1683/1089/122
f 1689/1095/122 1687/1093/122 1683/1089/122
f 1681/1090/120 1682/1088/120 1658/1088/120
f 1703/1098/121 1679/1098/121 1680/1099/121
f 1682/1100/123 1684/2332/123 1690/2333/123
f 1684/2332/123 1686/2334/123 1690/2333/123
f 1686/2334/123 1688/2335/123 1690/2333/123
f 1690/2333/123 1692/1101/123 1682/1100/123
f 1692/1101/123 1668/1101/123 1682/1100/123
f 1668/1101/123 1666/2333/123 1660/2332/123
f 1666/2333/123 1664/2335/123 1660/2332/123
f 1664/2335/123 1662/2334/123 1660/2332/123
f 1660/2332/123 1658/1100/123 1668/1101/123
f 1670/1102/173 1672/1114/173 1671/1103/173
f 1671/1103/174 1672/1114/174 1674/1105/174
f 1674/1105/124 1676/1108/124 1675/1107/124
f 1676/1108/175 1678/1115/175 1677/1109/175
f 1677/1109/176 1678/1115/176 1680/1099/176
f 1695/1103/122 1693/1104/122 1703/1098/122
f 1693/1104/122 1669/1104/122 1703/1098/122
f 1669/1104/122 1671/1103/122 1677/1109/122
f 1671/1103/122 1673/1106/122 1677/1109/122
f 1673/1106/122 1675/1107/122 1677/1109/122
f 1677/1109/122 1679/1098/122 1669/1104/122
f 1679/1098/122 1703/1098/122 1669/1104/122
f 1703/1098/122 1701/1109/122 1695/1103/122
f 1701/1109/122 1699/1107/122 1695/1103/122
f 1693/1104/120 1694/1102/120 1670/1102/120
f 1694/1110/123 1696/2336/123 1702/2337/123
f 1696/2336/123 1698/2338/123 1702/2337/123
f 1698/2338/123 1700/2339/123 1702/2337/123
f 1702/2337/123 1704/1111/123 1694/1110/123
f 1704/1111/123 1680/1111/123 1694/1110/123
f 1680/1111/123 1678/2337/123 1672/2336/123
f 1678/2337/123 1676/2339/123 1672/2336/123
f 1676/2339/123 1674/2338/123 1672/2336/123
f 1672/2336/123 1670/1110/123 1680/1111/123
f 1683/1089/177 1684/1112/177 1682/1088/177
f 1683/1089/178 1685/1092/178 1686/1091/178
f 1687/1093/125 1688/1094/125 1686/1091/125
f 1689/1095/179 1690/1113/179 1688/1094/179
f 1689/1095/180 1691/1097/180 1692/1096/180
f 1695/1103/177 1696/1114/177 1694/1102/177
f 1695/1103/178 1697/1106/178 1698/1105/178
f 1699/1107/125 1700/1108/125 1698/1105/125
f 1701/1109/179 1702/1115/179 1700/1108/179
f 1701/1109/180 1703/1098/180 1704/1099/180
f 1667/1097/121 1668/1096/121 1692/1096/121
f 1711/1116/124 1712/1122/124 1709/1117/124
f 1708/1119/181 1712/1122/181 1711/1116/181
f 1707/1121/182 1705/2340/182 1710/1118/182
f 1717/1117/125 1720/1122/125 1719/1116/125
f 1719/1116/122 1720/1122/122 1716/1122/122
f 1717/1117/123 1718/1118/123 1713/1118/123
f 1721/1123/125 1725/1130/125 1728/1124/125
f 1722/1126/124 1723/1248/124 1727/1127/124
f 1764/1129/183 1797/1227/183 1728/1124/183
f 1746/1131/184 1723/1248/184 1722/1126/184
f 1763/1135/185 1730/1225/185 1823/1133/185
f 1823/1133/185 1824/1238/185 1765/1134/185
f 1729/1136/185 1764/1129/185 1725/1130/185
f 1766/1138/185 1825/1190/185 1826/1139/185
f 1826/1139/185 1827/1223/185 1769/1137/185
f 1827/1223/185 1828/1197/185 1769/1137/185
f 1758/1140/184 1757/2341/184 1734/1141/184
f 1802/1229/185 1735/1194/185 1801/1144/185
f 1735/1194/185 1829/1145/185 1801/1144/185
f 1829/1145/185 1830/1218/185 1804/1143/185
f 1830/1218/185 1803/1220/185 1804/1143/185
f 1755/1146/184 1754/2342/184 1737/1147/184
f 1753/1149/184 1752/2343/184 1739/1150/184
f 1806/1231/185 1740/1210/185 1805/1153/185
f 1740/1210/185 1831/1154/185 1805/1153/185
f 1831/1154/185 1832/1173/185 1775/1152/185
f 1750/1155/184 1749/1275/184 1742/1156/184
f 1776/1159/185 1833/1181/185 1834/1160/185
f 1834/1160/185 1835/1208/185 1778/1158/185
f 1835/1208/185 1836/1203/185 1778/1158/185
f 1748/1161/184 1747/2344/184 1744/1162/184
f 1722/1126/185 1726/1128/185 1779/1164/185
f 1765/1134/183 1796/1243/183 1798/1165/183
f 1800/1228/185 1731/1193/185 1799/1168/185
f 1731/1193/185 1732/1166/185 1799/1168/185
f 1769/1137/183 1792/1198/183 1795/1169/183
f 1770/1170/183 1791/1216/183 1793/1171/183
f 1832/1173/124 1841/1241/124 1786/1174/124
f 1773/1175/183 1788/1214/183 1790/1176/183
f 1774/1178/183 1787/1212/183 1789/1179/183
f 1833/1181/125 1776/1159/125 1785/1182/125
f 1808/2345/185 1741/1157/185 1807/1185/185
f 1741/1157/185 1742/1156/185 1807/1185/185
f 1776/1159/183 1778/1158/183 1783/1186/183
f 1810/1235/185 1743/1163/185 1809/1188/185
f 1743/1163/185 1744/1162/185 1809/1188/185
f 1726/1128/183 1727/1127/183 1782/1189/183
f 1825/1190/125 1766/1138/125 1795/1169/125
f 1760/1192/184 1759/2346/184 1732/1166/184
f 1735/1194/125 1802/1229/125 1819/1195/125
f 1828/1197/124 1845/1239/124 1792/1198/124
f 1734/1141/185 1770/1170/185 1768/1172/185
f 1756/1196/184 1844/1319/184 1829/1145/184
f 1737/1147/185 1773/1175/185 1771/1177/185
f 1739/1150/185 1774/1178/185 1772/1180/185
f 1741/1199/125 1808/1233/125 1813/1200/125
f 1743/1163/125 1810/1235/125 1811/1202/125
f 1836/1203/124 1837/1242/124 1783/1186/124
f 1744/1162/124 1747/2344/124 1781/1204/124
f 1745/1132/125 1779/1164/125 1782/1189/125
f 1780/1187/183 1781/1204/183 1812/1205/183
f 1742/1156/124 1749/1275/124 1784/1206/124
f 1839/1207/184 1838/1361/184 1835/1208/184
f 1751/1209/184 1842/1331/184 1831/1154/184
f 1777/1184/183 1784/1206/183 1814/1211/183
f 1739/1150/124 1752/2343/124 1787/1212/124
f 1805/1153/183 1775/1152/183 1786/1174/183
f 1737/1147/124 1754/2342/124 1788/1214/124
f 1738/1151/125 1772/1180/125 1789/1179/125
f 1740/1210/125 1806/1231/125 1815/1215/125
f 1736/1148/125 1771/1177/125 1790/1176/125
f 1734/1141/124 1757/2341/124 1791/1216/124
f 1804/1143/183 1817/1230/183 1820/1217/183
f 1830/1218/124 1843/1240/124 1818/1219/124
f 1733/1142/125 1768/1172/125 1793/1171/125
f 1732/1166/124 1759/2346/124 1794/1221/124
f 1847/1222/184 1846/1356/184 1827/1223/184
f 1761/1224/184 1850/2347/184 1823/1133/184
f 1767/1167/183 1794/1221/183 1822/1226/183
f 1729/1136/124 1762/2348/124 1797/1227/124
f 1730/1225/125 1763/1135/125 1798/1165/125
f 1724/1125/184 1762/2348/184 1729/1136/184
f 1822/1226/186 1821/1236/186 1800/1228/186
f 1820/1217/186 1819/1195/186 1802/1229/186
f 1817/1230/187 1804/1143/187 1803/1220/187
f 1816/1213/186 1815/1215/186 1806/1231/186
f 1814/1232/186 1813/1200/186 1808/1233/186
f 1812/1205/186 1811/1202/186 1810/1235/186
f 1731/1193/125 1800/1228/125 1821/1236/125
f 1823/1133/188 1850/2347/188 1849/1237/188
f 1826/1139/189 1825/1190/189 1848/1191/189
f 1827/1223/188 1846/1356/188 1845/1239/188
f 1829/1145/188 1844/1319/188 1843/1240/188
f 1831/1154/188 1842/1331/188 1841/1241/188
f 1834/1160/189 1833/1181/189 1840/1183/189
f 1835/1208/188 1838/1361/188 1837/1242/188
f 1824/1238/124 1849/1237/124 1796/1243/124
f 1856/1244/125 1853/1250/125 1851/1245/125
f 1852/1246/124 1854/1311/124 1855/1247/124
f 1856/1244/190 1908/1347/190 1875/1249/190
f 1852/1246/191 1723/1248/191 1746/1131/191
f 1934/1254/192 1858/1345/192 1874/1284/192
f 1874/1284/192 1876/1252/192 1934/1254/192
f 1853/1250/192 1875/1249/192 1857/1255/192
f 1937/1256/192 1936/1312/192 1877/1289/192
f 1877/1289/192 1880/1257/192 1937/1256/192
f 1880/1257/192 1939/1318/192 1938/1258/192
f 1862/1259/191 1757/2349/191 1758/1260/191
f 1940/1263/192 1863/1314/192 1912/1340/192
f 1863/1314/341 1913/1316/341 1912/1340/341
f 1912/1340/192 1915/1264/192 1940/1263/192
f 1915/1264/342 1914/1342/342 1941/1262/342
f 1865/1265/191 1754/2350/191 1755/1266/191
f 1867/1268/191 1752/2351/191 1753/1269/191
f 1942/1273/192 1868/1330/192 1916/1334/192
f 1868/1330/341 1917/1337/341 1916/1334/341
f 1916/1334/192 1886/1271/192 1942/1273/192
f 1869/1274/191 1870/1305/191 1749/1275/191
f 1945/1276/192 1944/1300/192 1887/1302/192
f 1887/1302/192 1889/1277/192 1945/1276/192
f 1889/1277/192 1947/1324/192 1946/1278/192
f 1871/1279/191 1872/1309/191 1747/1280/191
f 1890/1282/192 1854/1311/192 1852/1246/192
f 1909/1283/190 1907/1362/190 1876/1252/190
f 1860/1287/192 1859/1313/192 1910/1285/192
f 1859/1313/341 1911/1348/341 1910/1285/341
f 1906/1288/190 1903/1317/190 1880/1257/190
f 1904/1290/190 1902/1338/190 1881/1291/190
f 1897/1293/124 1950/1358/124 1943/1272/124
f 1901/1294/190 1899/1335/190 1884/1295/190
f 1900/1297/190 1898/1333/190 1885/1298/190
f 1944/1300/125 1949/1359/125 1896/1301/125
f 1870/1305/192 1869/1274/192 1918/1303/192
f 1869/1274/341 1919/1321/341 1918/1303/341
f 1887/1302/190 1896/1301/190 1894/1306/190
f 1872/1309/192 1871/1279/192 1920/1307/192
f 1871/1279/341 1921/1323/341 1920/1307/341
f 1893/1310/190 1855/1247/190 1854/1311/190
f 1936/1312/125 1953/1354/125 1906/1288/125
f 1860/1287/191 1759/2346/191 1760/1192/191
f 1863/1314/125 1756/1196/125 1930/1315/125
f 1903/1317/124 1952/1355/124 1939/1318/124
f 1879/1292/192 1881/1291/192 1862/1259/192
f 1863/1314/191 1940/1263/191 1844/1319/191
f 1882/1296/192 1884/1295/192 1865/1265/192
f 1883/1299/192 1885/1298/192 1867/1268/192
f 1869/1274/125 1750/1155/125 1924/1320/125
f 1871/1279/125 1748/1281/125 1922/1322/125
f 1894/1306/124 1948/1360/124 1947/1324/124
f 1892/1325/124 1747/2352/124 1872/1326/124
f 1873/1251/125 1746/1131/125 1893/1310/125
f 1923/1328/190 1892/2353/190 1891/1308/190
f 1895/1329/124 1749/1275/124 1870/1305/124
f 1946/1278/191 1838/1361/191 1839/1207/191
f 1868/1330/191 1942/1273/191 1842/1331/191
f 1925/1332/190 1895/1329/190 1888/1304/190
f 1898/1333/124 1752/2351/124 1867/1268/124
f 1916/1334/190 1927/1350/190 1897/1293/190
f 1899/1335/124 1754/2350/124 1865/1265/124
f 1866/1270/125 1753/1269/125 1900/1297/125
f 1868/1330/125 1751/1209/125 1926/1336/125
f 1864/1267/125 1755/1266/125 1901/1294/125
f 1902/1338/124 1757/2349/124 1862/1259/124
f 1931/1339/190 1928/1349/190 1915/1264/190
f 1929/1341/124 1951/1357/124 1941/1262/124
f 1861/1261/125 1758/1260/125 1904/1290/125
f 1905/1343/124 1759/2346/124 1860/1287/124
f 1938/1258/191 1846/1356/191 1847/1222/191
f 1934/1254/191 1850/1353/191 1761/1344/191
f 1933/1346/190 1905/1343/190 1878/1286/190
f 1908/1347/124 1762/2348/124 1857/1255/124
f 1858/1345/125 1761/1344/125 1909/1283/125
f 1857/1255/191 1762/2348/191 1724/1125/191
f 1911/1348/194 1932/1351/194 1933/1346/194
f 1913/1316/194 1930/1315/194 1931/1339/194
f 1928/1349/195 1929/1341/195 1914/1342/195
f 1917/1337/194 1926/1336/194 1927/1350/194
f 1919/1321/194 1924/1320/194 1925/1332/194
f 1921/1323/194 1922/1322/194 1923/1328/194
f 1859/1313/125 1760/1192/125 1932/1351/125
f 1934/1254/196 1935/1253/196 1954/1352/196
f 1953/1354/197 1936/1312/197 1937/1256/197
f 1938/1258/196 1939/1318/196 1952/1355/196
f 1940/1263/196 1941/1262/196 1951/1357/196
f 1942/1273/196 1943/1272/196 1950/1358/196
f 1949/1359/197 1944/1300/197 1945/1276/197
f 1946/1278/196 1947/1324/196 1948/1360/196
f 1907/1362/124 1954/1352/124 1935/1253/124
f 1956/1363/124 1958/1364/124 1957/1364/124
f 1959/1365/125 1962/1365/125 1961/1366/125
f 1961/1366/122 1962/1365/122 1958/1364/122
f 1962/1365/120 1959/1365/120 1957/1364/120
f 1960/1366/121 1961/1366/121 1956/1363/121
f 1959/1365/123 1960/1366/123 1955/1363/123
f 1969/1367/198 2038/1468/198 1995/1368/198
f 1970/1370/125 1967/1375/125 1963/1371/125
f 1964/1373/124 1968/1469/124 1969/1367/124
f 1970/1370/199 2058/1438/199 2017/1374/199
f 1964/1373/200 1965/1369/200 1995/1368/200
f 1974/1377/200 2013/1437/200 2016/1378/200
f 1975/1380/125 2012/1384/125 2104/1381/125
f 1977/1383/200 2010/1502/200 2012/1384/200
f 1979/1385/200 2008/1432/200 2011/1386/200
f 1981/1388/200 2006/1474/200 2009/1389/200
f 1982/1391/200 2005/1429/200 2007/1392/200
f 1984/1492/201 2061/1395/201 2027/1394/201
f 2061/1395/201 2062/1471/201 2026/1396/201
f 1983/1397/200 1985/1477/200 2002/1398/200
f 1987/1400/124 2090/1458/124 2095/1401/124
f 1986/1403/200 1989/1479/200 1998/1404/200
f 1990/1406/200 1997/1422/200 1999/1407/200
f 2068/1411/201 2065/1488/201 2035/1409/201
f 2065/1488/201 2066/1478/201 2034/1465/201
f 2035/1409/201 2065/1488/201 2034/1465/201
f 1993/1412/200 1994/1485/200 1996/1413/200
f 2037/1415/201 1968/1469/201 1964/1373/201
f 2074/1418/198 2000/1402/198 2096/1476/198
f 2000/1402/198 2095/1401/198 2096/1476/198
f 2096/1476/198 2097/1510/198 2074/1418/198
f 2097/1510/198 2098/1416/198 2074/1418/198
f 2009/1389/198 2006/1474/198 2100/1500/198
f 2006/1474/198 2099/1473/198 2100/1500/198
f 2100/1500/198 2101/1419/198 2009/1389/198
f 2042/1421/198 2043/1461/198 1999/1407/198
f 2044/1423/198 2045/1490/198 2001/1405/198
f 2076/1426/198 2003/1494/198 2048/1493/198
f 2048/1493/198 2049/1424/198 2076/1426/198
f 2046/1427/198 2047/1495/198 2004/1399/198
f 2050/1428/198 2051/1498/198 2007/1392/198
f 2012/1384/198 2010/1502/198 2103/1430/198
f 2010/1502/198 2054/1501/198 2103/1430/198
f 2052/1431/198 2053/1448/198 2011/1386/198
f 2014/1435/198 2077/1506/198 2105/1433/198
f 2077/1506/198 2078/1505/198 2055/1508/198
f 2105/1433/198 2077/1506/198 2055/1508/198
f 2056/1436/198 2057/1440/198 2016/1378/198
f 2058/1438/198 1970/1370/198 1966/1372/198
f 2057/1440/199 2056/1436/199 2019/1441/199
f 2060/1445/201 1973/1503/201 2080/1504/201
f 1973/1503/201 2079/1509/201 2080/1504/201
f 2080/1504/201 2020/1443/201 2060/1445/201
f 1977/1383/201 1975/1380/201 2082/1446/201
f 1975/1380/201 2081/1382/201 2082/1446/201
f 2053/1448/199 2052/1431/199 2023/1449/199
f 1981/1388/201 1978/1390/201 2085/1451/201
f 1978/1390/201 2083/1472/201 2084/1499/201
f 2085/1451/201 1978/1390/201 2084/1499/201
f 2024/1453/199 2051/1498/199 2050/1428/199
f 2049/1424/199 2048/1493/199 2027/1394/199
f 2028/1455/199 2047/1495/199 2046/1427/199
f 1987/1400/201 2063/1491/201 2089/1457/201
f 2063/1491/201 2064/1496/201 2087/1497/201
f 2088/1475/201 2063/1491/201 2087/1497/201
f 2088/1475/201 2089/1457/201 2063/1491/201
f 2030/1459/199 2045/1490/199 2044/1423/199
f 2043/1461/199 2042/1421/199 2033/1462/199
f 2041/1464/199 2040/1480/199 2035/1409/199
f 1993/1412/201 1991/1414/201 2092/1466/201
f 1991/1414/201 2091/1489/201 2092/1466/201
f 2038/1468/199 1969/1367/199 1968/1469/199
f 1967/1375/201 2017/1374/201 1972/1470/201
f 2018/1442/201 2019/1441/201 1974/1377/201
f 2062/1471/125 2075/1425/125 2049/1424/125
f 1978/1390/125 2009/1389/125 2102/1420/125
f 2022/1450/201 2023/1449/201 1979/1385/201
f 1981/1388/124 2086/1452/124 2099/1473/124
f 2024/1453/201 2025/1454/201 1982/1391/201
f 2088/1475/199 2097/1510/199 2096/1476/199
f 2028/1455/201 2029/1456/201 1985/1477/201
f 2066/1478/125 2071/1486/125 2041/1464/125
f 2030/1459/201 2031/1460/201 1989/1479/201
f 2032/1463/201 2033/1462/201 1990/1406/201
f 2067/1410/124 2035/1409/124 2040/1480/124
f 1996/1413/198 1994/1485/198 2093/1482/198
f 1994/1485/198 2039/1484/198 2093/1482/198
f 1993/1412/124 2036/1467/124 2039/1484/124
f 1992/1376/125 1995/1368/125 2038/1468/125
f 2072/1487/198 2069/1507/198 2041/1464/198
f 2069/1507/198 2070/1481/198 2040/1480/198
f 2041/1464/198 2069/1507/198 2040/1480/198
f 2093/1482/199 2039/1484/199 2036/1467/199
f 1990/1406/124 2033/1462/124 2042/1421/124
f 2068/1411/200 2069/1507/200 2072/1487/200
f 1989/1479/124 2031/1460/124 2044/1423/124
f 1988/1408/125 1999/1407/125 2043/1461/125
f 1991/1414/125 1996/1413/125 2094/1483/125
f 1986/1403/125 2001/1405/125 2045/1490/125
f 1985/1477/124 2029/1456/124 2046/1427/124
f 1987/1400/200 2000/1402/200 2074/1418/200
f 1984/1492/124 2027/1394/124 2048/1493/124
f 1983/1397/125 2004/1399/125 2047/1495/125
f 1982/1391/124 2025/1454/124 2050/1428/124
f 1984/1492/200 2003/1494/200 2076/1426/200
f 2064/1496/125 2073/1417/125 2098/1416/125
f 1980/1393/125 2007/1392/125 2051/1498/125
f 1979/1385/124 2023/1449/124 2052/1431/124
f 2084/1499/199 2101/1419/199 2100/1500/199
f 1977/1383/124 2021/1447/124 2054/1501/124
f 1976/1387/125 2011/1386/125 2053/1448/125
f 2060/1445/200 2077/1506/200 2014/1435/200
f 2103/1430/199 2054/1501/199 2021/1447/199
f 1974/1377/124 2019/1441/124 2056/1436/124
f 2105/1433/199 2055/1508/199 2020/1443/199
f 1972/1470/124 2017/1374/124 2058/1438/124
f 1971/1379/125 2016/1378/125 2057/1440/125
f 1972/1470/200 2015/1439/200 1966/1372/200
f 2060/1445/202 2059/1444/202 2078/1505/202
f 2061/1395/203 2076/1426/203 2075/1425/203
f 2063/1491/203 2074/1418/203 2073/1417/203
f 2065/1488/203 2072/1487/203 2071/1486/203
f 2068/1411/202 2067/1410/202 2070/1481/202
f 2059/1444/124 2020/1443/124 2055/1508/124
f 2105/1433/204 2080/1504/204 2079/1509/204
f 2103/1430/204 2082/1446/204 2081/1382/204
f 2101/1419/204 2084/1499/204 2083/1472/204
f 2100/1500/205 2099/1473/205 2086/1452/205
f 2097/1510/204 2088/1475/204 2087/1497/204
f 2096/1476/205 2095/1401/205 2090/1458/205
f 2093/1482/204 2092/1466/204 2091/1489/204
f 1973/1503/125 2014/1435/125 2106/1434/125
f 2107/1511/125 2108/1514/125 2110/1512/125
f 2111/1511/124 2113/1513/124 2114/1512/124
f 2110/1512/209 2114/1512/209 2113/1513/209
f 2107/1511/207 2111/1511/207 2112/1514/207
f 2109/1513/208 2113/1513/208 2111/1511/208
f 2115/1511/124 2117/1513/124 2118/1512/124
f 2119/1511/125 2120/1514/125 2122/1512/125
f 2121/1513/206 2122/1512/206 2118/1512/206
f 2120/1514/207 2119/1511/207 2115/1511/207
f 2119/1511/208 2121/1513/208 2117/1513/208
f 2123/1515/124 2124/1515/124 2126/1516/124
f 2128/1517/125 2127/1518/125 2130/1518/125
f 2130/1518/120 2127/1518/120 2125/1516/120
f 2128/1517/121 2129/1517/121 2124/1515/121
f 2129/1517/210 2130/1518/210 2126/1516/210
f 2127/1518/211 2128/1517/211 2123/1515/211
f 2133/1519/120 2137/1524/120 2138/1520/120
f 2132/1521/121 2136/1523/121 2135/1522/121
f 2134/1521/124 2138/1520/124 2136/1523/124
f 2133/1519/125 2131/1519/125 2135/1522/125
f 2133/1519/122 2134/1521/122 2132/1521/122
f 2142/1525/120 2141/1526/120 2145/1526/120
f 2140/1527/121 2144/1527/121 2143/1528/121
f 2142/1525/122 2146/1525/122 2144/1527/122
f 2139/1528/123 2143/1528/123 2145/1526/123
f 2150/1529/212 2154/1529/212 2149/1530/212
f 2150/1529/213 2148/1531/213 2152/1531/213
f 2147/1532/214 2151/1532/214 2153/1530/214
f 2152/1531/215 2148/1531/215 2151/1532/215
f 2158/1533/216 2162/1533/216 2157/1534/216
f 2158/1533/213 2156/1535/213 2160/1535/213
f 2155/1536/214 2159/1536/214 2161/1534/214
f 2160/1535/217 2156/1535/217 2159/1536/217
f 2167/1537/123 2164/1577/123 2192/1538/123
f 2174/1540/123 2181/1579/123 2169/1541/123
f 2178/1543/123 2187/1583/123 2186/1544/123
f 2202/1546/123 2191/1573/123 2194/1547/123
f 2172/1549/123 2183/1575/123 2182/1550/123
f 2180/1552/123 2189/1574/123 2188/1553/123
f 2163/1555/123 2168/1581/123 2190/1556/123
f 2210/1558/123 2199/1578/123 2166/1559/123
f 2208/1561/123 2197/1582/123 2200/1562/123
f 2206/1564/123 2195/1580/123 2198/1565/123
f 2204/1567/123 2193/1576/123 2196/1568/123
f 2176/1570/123 2185/1584/123 2184/1571/123
f 2256/1538/122 2214/1577/122 2213/1537/122
f 2215/1541/122 2221/1579/122 2222/1540/122
f 2228/1544/122 2233/1583/122 2234/1543/122
f 2252/1547/122 2257/1573/122 2258/1546/122
f 2220/1550/122 2225/1575/122 2226/1549/122
f 2232/1553/122 2237/1574/122 2238/1552/122
f 2236/1556/122 2218/1581/122 2217/1555/122
f 2211/1559/122 2241/1578/122 2242/1558/122
f 2240/1562/122 2245/1582/122 2246/1561/122
f 2244/1565/122 2249/1580/122 2250/1564/122
f 2248/1568/122 2253/1576/122 2254/1567/122
f 2224/1571/122 2229/1584/122 2230/1570/122
f 2236/1556/125 2235/1557/125 2179/1557/125
f 2257/1573/120 2252/1547/120 2194/1547/120
f 2219/1551/121 2226/1549/121 2172/1549/121
f 2238/1552/124 2237/1574/124 2189/1574/124
f 2247/1569/121 2254/1567/121 2204/1567/121
f 2211/1559/125 2212/1560/125 2170/1560/125
f 2225/1575/120 2220/1550/120 2182/1550/120
f 2240/1562/125 2239/1563/125 2209/1563/125
f 2253/1576/120 2248/1568/120 2196/1568/120
f 2213/1537/124 2214/1577/124 2164/1577/124
f 2216/1542/121 2222/1540/121 2174/1540/121
f 2242/1558/124 2241/1578/124 2199/1578/124
f 2243/1566/121 2250/1564/121 2206/1564/121
f 2215/1541/125 2216/1542/125 2165/1542/125
f 2221/1579/120 2215/1541/120 2169/1541/120
f 2244/1565/125 2243/1566/125 2207/1566/125
f 2249/1580/120 2244/1565/120 2198/1565/120
f 2217/1555/124 2218/1581/124 2168/1581/124
f 2227/1545/121 2234/1543/121 2178/1543/121
f 2246/1561/124 2245/1582/124 2197/1582/124
f 2239/1563/121 2246/1561/121 2208/1561/121
f 2220/1550/125 2219/1551/125 2173/1551/125
f 2233/1583/120 2228/1544/120 2186/1544/120
f 2248/1568/125 2247/1569/125 2205/1569/125
f 2245/1582/120 2240/1562/120 2200/1562/120
f 2222/1540/124 2221/1579/124 2181/1579/124
f 2231/1554/121 2238/1552/121 2180/1552/121
f 2250/1564/124 2249/1580/124 2195/1580/124
f 2212/1560/121 2242/1558/121 2210/1558/121
f 2224/1571/125 2223/1572/125 2171/1572/125
f 2237/1574/120 2232/1553/120 2188/1553/120
f 2252/1547/125 2251/1548/125 2203/1548/125
f 2241/1578/120 2211/1559/120 2166/1559/120
f 2226/1549/124 2225/1575/124 2183/1575/124
f 2235/1557/121 2217/1555/121 2163/1555/121
f 2254/1567/124 2253/1576/124 2193/1576/124
f 2228/1544/125 2227/1545/125 2175/1545/125
f 2218/1581/120 2236/1556/120 2190/1556/120
f 2256/1538/125 2255/1539/125 2201/1539/125
f 2230/1570/124 2229/1584/124 2185/1584/124
f 2255/1539/121 2213/1537/121 2167/1537/121
f 2258/1546/124 2257/1573/124 2191/1573/124
f 2232/1553/125 2231/1554/125 2177/1554/125
f 2214/1577/120 2256/1538/120 2192/1538/120
f 2223/1572/121 2230/1570/121 2176/1570/121
f 2234/1543/124 2233/1583/124 2187/1583/124
f 2251/1548/121 2258/1546/121 2202/1546/121
f 2229/1584/120 2224/1571/120 2184/1571/120
f 2260/1585/123 2262/1588/123 2261/1586/123
f 2264/1585/122 2263/1587/122 2265/1586/122
f 2263/1587/121 2264/1585/121 2260/1585/121
f 2266/1588/120 2265/1586/120 2261/1586/120
f 2264/1585/124 2266/1588/124 2262/1588/124
f 2265/1586/125 2263/1587/125 2259/1587/125
f 2342/1589/123 2271/1647/123 2274/1590/123
f 2308/1592/123 2305/1660/123 2268/1593/123
f 2310/1595/123 2303/1657/123 2306/1596/123
f 2312/1598/123 2301/1654/123 2304/1599/123
f 2314/1601/123 2299/1651/123 2302/1602/123
f 2316/1604/123 2297/1648/123 2300/1605/123
f 2318/1607/123 2295/1649/123 2298/1608/123
f 2320/1610/123 2293/1646/123 2296/1611/123
f 2322/1613/123 2291/1653/123 2294/1614/123
f 2324/1616/123 2289/1656/123 2292/1617/123
f 2326/1619/123 2287/1659/123 2290/1620/123
f 2328/1622/123 2285/1662/123 2288/1623/123
f 2330/1625/123 2283/1664/123 2286/1626/123
f 2332/1628/123 2281/1663/123 2284/1629/123
f 2334/1631/123 2279/1661/123 2282/1632/123
f 2336/1634/123 2277/1658/123 2280/1635/123
f 2338/1637/123 2275/1655/123 2278/1638/123
f 2340/1640/123 2273/1652/123 2276/1641/123
f 2269/1643/123 2270/1650/123 2272/1644/123
f 2412/1590/122 2417/1647/122 2418/1589/122
f 2343/1593/122 2349/1660/122 2350/1592/122
f 2348/1596/122 2353/1657/122 2354/1595/122
f 2352/1599/122 2357/1654/122 2358/1598/122
f 2356/1602/122 2361/1651/122 2362/1601/122
f 2360/1605/122 2365/1648/122 2366/1604/122
f 2364/1608/122 2369/1649/122 2370/1607/122
f 2368/1611/122 2373/1646/122 2374/1610/122
f 2372/1614/122 2377/1653/122 2378/1613/122
f 2376/1617/122 2381/1656/122 2382/1616/122
f 2380/1620/122 2385/1659/122 2386/1619/122
f 2384/1623/122 2389/1662/122 2390/1622/122
f 2388/1626/122 2393/1664/122 2394/1625/122
f 2392/1629/122 2397/1663/122 2398/1628/122
f 2396/1632/122 2401/1661/122 2402/1631/122
f 2400/1635/122 2405/1658/122 2406/1634/122
f 2404/1638/122 2409/1655/122 2410/1637/122
f 2408/1641/122 2413/1652/122 2414/1640/122
f 2416/1644/122 2346/1650/122 2345/1643/122
f 2367/1612/121 2374/1610/121 2320/1610/121
f 2416/1644/125 2415/1645/125 2341/1645/125
f 2364/1608/125 2363/1609/125 2315/1609/125
f 2373/1646/120 2368/1611/120 2296/1611/120
f 2418/1589/124 2417/1647/124 2271/1647/124
f 2366/1604/124 2365/1648/124 2297/1648/124
f 2363/1609/121 2370/1607/121 2318/1607/121
f 2415/1645/121 2345/1643/121 2269/1643/121
f 2368/1611/125 2367/1612/125 2317/1612/125
f 2369/1649/120 2364/1608/120 2298/1608/120
f 2346/1650/120 2416/1644/120 2272/1644/120
f 2370/1607/124 2369/1649/124 2295/1649/124
f 2359/1606/121 2366/1604/121 2316/1604/121
f 2411/1591/121 2418/1589/121 2342/1589/121
f 2372/1614/125 2371/1615/125 2319/1615/125
f 2365/1648/120 2360/1605/120 2300/1605/120
f 2417/1647/120 2412/1590/120 2274/1590/120
f 2374/1610/124 2373/1646/124 2293/1646/124
f 2355/1603/121 2362/1601/121 2314/1601/121
f 2407/1642/121 2414/1640/121 2340/1640/121
f 2376/1617/125 2375/1618/125 2321/1618/125
f 2361/1651/120 2356/1602/120 2302/1602/120
f 2413/1652/120 2408/1641/120 2276/1641/120
f 2378/1613/124 2377/1653/124 2291/1653/124
f 2351/1600/121 2358/1598/121 2312/1598/121
f 2403/1639/121 2410/1637/121 2338/1637/121
f 2380/1620/125 2379/1621/125 2323/1621/125
f 2357/1654/120 2352/1599/120 2304/1599/120
f 2409/1655/120 2404/1638/120 2278/1638/120
f 2382/1616/124 2381/1656/124 2289/1656/124
f 2347/1597/121 2354/1595/121 2310/1595/121
f 2399/1636/121 2406/1634/121 2336/1634/121
f 2384/1623/125 2383/1624/125 2325/1624/125
f 2353/1657/120 2348/1596/120 2306/1596/120
f 2405/1658/120 2400/1635/120 2280/1635/120
f 2386/1619/124 2385/1659/124 2287/1659/124
f 2344/1594/121 2350/1592/121 2308/1592/121
f 2395/1633/121 2402/1631/121 2334/1631/121
f 2388/1626/125 2387/1627/125 2327/1627/125
f 2349/1660/120 2343/1593/120 2268/1593/120
f 2401/1661/120 2396/1632/120 2282/1632/120
f 2390/1622/124 2389/1662/124 2285/1662/124
f 2391/1630/121 2398/1628/121 2332/1628/121
f 2392/1629/125 2391/1630/125 2329/1630/125
f 2397/1663/120 2392/1629/120 2284/1629/120
f 2394/1625/124 2393/1664/124 2283/1664/124
f 2387/1627/121 2394/1625/121 2330/1625/121
f 2396/1632/125 2395/1633/125 2331/1633/125
f 2343/1593/125 2344/1594/125 2267/1594/125
f 2393/1664/120 2388/1626/120 2286/1626/120
f 2398/1628/124 2397/1663/124 2281/1663/124
f 2345/1643/124 2346/1650/124 2270/1650/124
f 2383/1624/121 2390/1622/121 2328/1622/121
f 2400/1635/125 2399/1636/125 2333/1636/125
f 2348/1596/125 2347/1597/125 2307/1597/125
f 2389/1662/120 2384/1623/120 2288/1623/120
f 2402/1631/124 2401/1661/124 2279/1661/124
f 2350/1592/124 2349/1660/124 2305/1660/124
f 2379/1621/121 2386/1619/121 2326/1619/121
f 2404/1638/125 2403/1639/125 2335/1639/125
f 2352/1599/125 2351/1600/125 2309/1600/125
f 2385/1659/120 2380/1620/120 2290/1620/120
f 2406/1634/124 2405/1658/124 2277/1658/124
f 2354/1595/124 2353/1657/124 2303/1657/124
f 2375/1618/121 2382/1616/121 2324/1616/121
f 2408/1641/125 2407/1642/125 2337/1642/125
f 2356/1602/125 2355/1603/125 2311/1603/125
f 2381/1656/120 2376/1617/120 2292/1617/120
f 2410/1637/124 2409/1655/124 2275/1655/124
f 2358/1598/124 2357/1654/124 2301/1654/124
f 2371/1615/121 2378/1613/121 2322/1613/121
f 2412/1590/125 2411/1591/125 2339/1591/125
f 2360/1605/125 2359/1606/125 2313/1606/125
f 2377/1653/120 2372/1614/120 2294/1614/120
f 2414/1640/124 2413/1652/124 2273/1652/124
f 2362/1601/124 2361/1651/124 2299/1651/124
f 2422/1665/123 2421/1668/123 2420/1666/123
f 2423/1666/122 2425/1668/122 2426/1665/122
f 2424/1667/121 2426/1665/121 2422/1665/121
f 2425/1668/120 2423/1666/120 2420/1666/120
f 2423/1666/125 2424/1667/125 2419/1667/125
f 2426/1665/124 2425/1668/124 2421/1668/124
f 2430/1669/123 2429/1672/123 2428/1670/123
f 2431/1670/122 2433/1672/122 2434/1669/122
f 2432/1671/121 2434/1669/121 2430/1669/121
f 2433/1672/120 2431/1670/120 2428/1670/120
f 2431/1670/125 2432/1671/125 2427/1671/125
f 2434/1669/124 2433/1672/124 2429/1672/124
f 2438/1673/123 2437/1676/123 2436/1674/123
f 2439/1674/122 2441/1676/122 2442/1673/122
f 2440/1675/121 2442/1673/121 2438/1673/121
f 2441/1676/120 2439/1674/120 2436/1674/120
f 2439/1674/125 2440/1675/125 2435/1675/125
f 2442/1673/124 2441/1676/124 2437/1676/124
f 2446/1677/120 2443/1684/120 2447/1678/120
f 2444/1680/121 2445/1683/121 2449/1681/121
f 2445/1683/124 2446/1677/124 2448/1679/124
f 2443/1684/125 2444/1680/125 2450/1682/125
f 2450/1682/123 2449/1681/123 2448/1679/123
f 2452/1685/123 2454/1686/123 2453/1686/123
f 2455/1687/122 2458/1687/122 2457/1688/122
f 2457/1688/124 2458/1687/124 2454/1686/124
f 2460/1689/123 2462/1690/123 2461/1690/123
f 2463/1691/122 2466/1691/122 2465/1692/122
f 2465/1692/124 2466/1691/124 2462/1690/124
f 2467/1693/121 2468/1693/121 2470/1694/121
f 2472/1696/120 2471/1720/120 2474/1697/120
f 2474/1697/218 2471/1720/218 2469/1695/218
f 2468/1693/124 2473/1696/124 2474/1697/124
f 2475/1698/120 2477/1703/120 2478/1699/120
f 2480/1700/121 2481/1700/121 2482/1701/121
f 2477/1703/218 2479/1702/218 2482/1701/218
f 2476/1698/124 2478/1699/124 2482/1701/124
f 2487/1704/121 2486/1707/121 2483/1705/121
f 2486/1707/125 2487/1704/125 2488/1704/125
f 2490/1708/120 2491/2354/120 2492/1706/120
f 2489/1705/124 2492/1706/124 2484/1706/124
f 2493/1709/121 2496/1712/121 2497/1710/121
f 2498/1710/124 2497/1710/124 2496/1712/124
f 2502/1711/120 2501/2355/120 2500/1713/120
f 2494/1711/125 2502/1711/125 2499/1709/125
f 2503/1714/120 2506/1715/120 2507/1704/120
f 2508/1704/125 2507/1704/125 2506/1715/125
f 2512/1706/121 2511/2354/121 2510/1716/121
f 2504/1706/124 2512/1706/124 2509/1714/124
f 2517/1710/120 2516/1718/120 2513/1717/120
f 2516/1718/124 2517/1710/124 2518/1710/124
f 2520/1719/121 2521/2355/121 2522/1711/121
f 2519/1717/125 2522/1711/125 2514/1711/125
f 2523/1693/121 2525/1695/121 2526/1694/121
f 2528/1696/120 2529/1696/120 2530/1697/120
f 2525/1695/219 2527/1720/219 2530/1697/219
f 2524/1693/125 2526/1694/125 2530/1697/125
f 2531/1698/120 2532/1698/120 2534/1699/120
f 2536/1700/121 2535/1702/121 2538/1701/121
f 2538/1701/219 2535/1702/219 2533/1703/219
f 2532/1698/125 2537/1700/125 2538/1701/125
f 2541/1686/123 2542/1686/123 2540/1685/123
f 2545/1688/122 2546/1687/122 2543/1687/122
f 2542/1686/125 2546/1687/125 2545/1688/125
f 2549/1690/123 2550/1690/123 2548/1689/123
f 2553/1692/122 2554/1691/122 2551/1691/122
f 2550/1690/125 2554/1691/125 2553/1692/125
f 2605/1721/123 2608/2356/123 2651/1722/123
f 2566/1724/123 2717/2357/123 2720/1725/123
f 2607/1727/123 2610/2358/123 2655/1728/123
f 2609/1730/123 2612/2359/123 2659/1731/123
f 2611/1733/123 2614/2360/123 2663/1734/123
f 2613/1736/123 2616/2361/123 2667/1737/123
f 2615/1739/123 2618/2362/123 2671/1740/123
f 2617/1742/123 2620/2363/123 2675/1743/123
f 2619/1745/123 2622/2364/123 2679/1746/123
f 2621/1748/123 2624/2365/123 2683/1749/123
f 2623/1751/123 2626/2366/123 2687/1752/123
f 2625/1754/123 2628/2367/123 2691/1755/123
f 2627/1757/123 2630/2368/123 2695/1758/123
f 2629/1760/123 2632/2369/123 2699/1761/123
f 2631/1763/123 2634/2370/123 2703/1764/123
f 2633/1766/123 2636/2371/123 2707/1767/123
f 2635/1769/123 2638/2372/123 2711/1770/123
f 2637/1772/123 2640/2373/123 2715/1773/123
f 2639/1775/123 2642/2374/123 2721/1776/123
f 2641/1778/123 2558/2375/123 2562/1779/123
f 2556/1781/123 2604/2376/123 2643/1782/123
f 2560/1784/123 2646/2377/123 2601/1785/123
f 2602/1787/123 2645/2378/123 2650/1788/123
f 2649/1790/123 2654/2379/123 2597/1791/123
f 2653/1793/123 2658/2380/123 2595/1794/123
f 2657/1796/123 2662/2381/123 2593/1797/123
f 2661/1799/123 2666/2382/123 2591/1800/123
f 2592/1802/123 2665/2383/123 2670/1803/123
f 2669/1805/123 2674/2384/123 2587/1806/123
f 2673/1808/123 2678/2385/123 2585/1809/123
f 2677/1811/123 2682/2386/123 2583/1812/123
f 2681/1814/123 2686/2387/123 2581/1815/123
f 2685/1817/123 2690/2388/123 2579/1818/123
f 2689/1820/123 2694/2389/123 2577/1821/123
f 2578/1823/123 2693/2390/123 2698/1824/123
f 2697/1826/123 2702/2391/123 2573/1827/123
f 2701/1829/123 2706/2392/123 2571/1830/123
f 2705/1832/123 2710/2393/123 2569/1833/123
f 2709/1835/123 2714/2394/123 2567/1836/123
f 2568/1838/123 2713/2395/123 2718/1839/123
f 2603/1841/123 2606/2396/123 2647/1842/123
f 2719/1844/123 2561/2397/123 2557/1845/123
f 2725/1847/122 2726/1848/122 2724/1848/122
f 2729/1849/123 2730/1849/123 2727/1850/123
f 2725/1847/120 2727/1850/120 2730/1849/120
f 2724/1848/121 2729/1849/121 2728/1850/121
f 2726/1848/124 2730/1849/124 2729/1849/124
f 2723/1847/125 2728/1850/125 2727/1850/125
f 2738/1851/125 2733/1852/125 2734/1852/125
f 2735/1853/124 2731/1854/124 2732/1854/124
f 2737/1853/121 2732/1854/121 2733/1852/121
f 2736/1851/120 2734/1852/120 2731/1854/120
f 2732/1854/123 2731/1854/123 2734/1852/123
f 2736/1851/122 2735/1853/122 2737/1853/122
f 2745/1855/121 2740/1849/121 2741/1853/121
f 2744/1856/120 2742/1853/120 2739/1849/120
f 2740/1849/124 2739/1849/124 2742/1853/124
f 2744/1856/125 2743/1855/125 2745/1855/125
f 2753/1850/121 2748/1858/121 2749/1857/121
f 2752/1851/120 2750/1857/120 2747/1858/120
f 2748/1858/124 2747/1858/124 2750/1857/124
f 2752/1851/125 2751/1850/125 2753/1850/125
f 2759/1859/121 2760/1863/121 2756/1857/121
f 2761/1861/121 2757/1864/121 2758/1856/121
f 2760/1863/121 2762/1862/121 2758/1856/121
f 2759/1859/121 2755/1860/121 2757/1864/121
f 2767/1859/120 2763/1860/120 2764/1857/120
f 2766/1856/120 2765/1864/120 2769/1861/120
f 2768/1863/120 2764/1857/120 2766/1856/120
f 2765/1864/120 2763/1860/120 2767/1859/120
f 2759/1859/124 2767/1859/124 2768/1863/124
f 2762/1862/125 2770/1862/125 2769/1861/125
f 2760/1863/122 2768/1863/122 2770/1862/122
f 2761/1861/123 2769/1861/123 2767/1859/123
f 2774/1865/121 2773/1868/121 2772/1866/121
f 2777/1868/120 2778/1865/120 2775/1867/120
f 2773/1868/122 2777/1868/122 2776/1866/122
f 2775/1867/123 2778/1865/123 2774/1865/123
f 2780/1869/121 2779/1875/121 2786/1870/121
f 2782/1872/121 2781/1876/121 2784/1873/121
f 2787/1875/120 2788/1869/120 2793/1871/120
f 2789/1876/120 2790/1872/120 2791/1874/120
f 2779/1875/124 2787/1875/124 2794/1870/124
f 2792/1873/124 2784/1873/124 2781/1876/124
f 2788/1869/125 2780/1869/125 2785/1871/125
f 2790/1872/125 2782/1872/125 2783/1874/125
f 2796/1877/122 2798/1877/122 2797/1878/122
f 2799/1879/123 2802/1880/123 2801/1880/123
f 2802/1880/121 2799/1879/121 2797/1878/121
f 2800/1879/120 2801/1880/120 2796/1877/120
f 2801/1880/124 2802/1880/124 2798/1877/124
f 2799/1879/125 2800/1879/125 2795/1878/125
f 2806/1881/125 2805/1881/125 2810/1882/125
f 2804/1883/124 2803/1883/124 2807/1884/124
f 2805/1881/120 2804/1883/120 2809/1884/120
f 2803/1883/121 2806/1881/121 2808/1882/121
f 2806/1881/123 2803/1883/123 2804/1883/123
f 2809/1884/122 2807/1884/122 2808/1882/122
f 2813/1884/120 2812/1880/120 2817/1885/120
f 2811/1880/121 2814/1884/121 2816/1886/121
f 2814/1884/124 2811/1880/124 2812/1880/124
f 2817/1885/125 2815/1885/125 2816/1886/125
f 2821/1887/120 2820/1888/120 2825/1879/120
f 2819/1888/121 2822/1887/121 2824/1882/121
f 2822/1887/124 2819/1888/124 2820/1888/124
f 2825/1879/125 2823/1879/125 2824/1882/125
f 2831/1889/120 2827/1893/120 2828/1887/120
f 2830/1886/120 2829/1894/120 2833/1891/120
f 2828/1887/120 2830/1886/120 2834/1892/120
f 2833/1891/120 2829/1894/120 2827/1893/120
f 2839/1889/121 2840/1890/121 2836/1887/121
f 2841/1891/121 2837/1894/121 2838/1886/121
f 2842/1892/121 2838/1886/121 2836/1887/121
f 2841/1891/121 2839/1889/121 2835/1893/121
f 2840/1890/124 2839/1889/124 2831/1889/124
f 2841/1891/125 2842/1892/125 2834/1892/125
f 2842/1892/122 2840/1890/122 2832/1890/122
f 2839/1889/123 2841/1891/123 2833/1891/123
f 2844/1895/120 2845/1898/120 2846/1896/120
f 2847/1897/121 2850/1896/121 2849/1898/121
f 2848/1895/122 2849/1898/122 2845/1898/122
f 2846/1896/123 2850/1896/123 2847/1897/123
f 2858/1899/120 2851/1905/120 2852/1900/120
f 2856/1902/120 2853/1906/120 2854/1903/120
f 2865/1901/121 2860/1900/121 2859/1905/121
f 2863/1904/121 2862/1903/121 2861/1906/121
f 2866/1899/124 2859/1905/124 2851/1905/124
f 2853/1906/124 2856/1902/124 2864/1902/124
f 2857/1901/125 2852/1900/125 2860/1900/125
f 2855/1904/125 2854/1903/125 2862/1903/125
f 2869/1907/120 2872/1907/120 2871/1908/120
f 2867/1909/124 2871/1908/124 2872/1907/124
f 2873/1910/125 2876/1915/125 2877/1911/125
f 2882/1910/123 2868/1910/123 2872/1907/123
f 2881/1912/123 2873/1910/123 2889/1913/123
f 2867/1909/121 2868/1910/121 2882/1910/121
f 2878/1908/220 2877/1911/220 2876/1915/220
f 2870/1908/120 2878/1908/120 2875/1907/120
f 2880/1916/221 2879/1909/221 2882/1910/221
f 2873/1910/125 2874/1909/125 2890/1917/125
f 2873/1910/123 2881/1912/123 2869/1907/123
f 2881/1912/123 2882/1910/123 2869/1907/123
f 2869/1907/123 2875/1907/123 2873/1910/123
f 2887/1918/121 2888/1919/121 2885/1919/121
f 2888/1919/124 2887/1918/124 2883/1917/124
f 2893/1920/125 2892/1921/125 2889/1913/125
f 2898/1913/123 2885/1919/123 2888/1919/123
f 2898/1913/120 2884/1913/120 2883/1917/120
f 2892/1921/222 2893/1920/222 2894/1918/222
f 2891/1919/121 2894/1918/121 2886/1918/121
f 2898/1913/223 2895/1917/223 2896/1922/223
f 2898/1913/123 2897/1914/123 2885/1919/123
f 2897/1914/123 2889/1913/123 2885/1919/123
f 2889/1913/123 2892/1921/123 2891/1919/123
f 2905/1923/124 2906/1926/124 2903/1924/124
f 2910/1924/122 2903/1924/122 2906/1926/122
f 2909/1925/120 2904/1925/120 2903/1924/120
f 2908/1923/123 2905/1923/123 2904/1925/123
f 2907/1926/121 2906/1926/121 2905/1923/121
f 2900/1927/124 2899/1933/124 2907/1928/124
f 2900/1927/124 2908/1929/124 2909/1930/124
f 2902/1932/124 2910/1934/124 2907/1928/124
f 2901/1931/124 2909/1930/124 2910/1934/124
f 2913/1935/122 2911/1935/122 2912/1936/122
f 2914/1936/124 2921/1942/124 2922/1937/124
f 2918/1938/123 2917/1939/123 2920/1939/123
f 2923/1940/122 2915/1940/122 2916/1941/122
f 2921/1942/123 2929/1942/123 2930/1937/123
f 2924/1943/224 2923/1940/224 2926/1941/224
f 2925/1944/124 2919/1938/124 2920/1939/124
f 2930/1937/122 2929/1942/122 2928/1942/122
f 2927/1937/121 2935/1945/121 2931/1945/121
f 2929/1942/120 2934/1946/120 2938/1946/120
f 2928/1942/124 2938/1946/124 2935/1945/124
f 2937/1947/123 2933/1947/123 2932/1948/123
f 2933/1947/225 2934/1946/225 2931/1945/225
f 2932/1948/226 2931/1945/226 2935/1945/226
f 2933/1947/227 2937/1947/227 2938/1946/227
f 2936/1948/228 2935/1945/228 2938/1946/228
f 2943/1949/123 2944/1950/123 2945/1950/123
f 2945/1950/121 2944/1950/121 2939/1917/121
f 2946/1949/124 2945/1950/124 2941/1917/124
f 2943/1949/120 2946/1949/120 2942/1909/120
f 2944/1950/125 2943/1949/125 2940/1909/125
f 2880/1916/124 2881/1912/124 2897/1914/124
f 2954/1951/229 2966/1954/229 2967/1952/229
f 2952/1951/230 2951/1953/230 2963/1952/230
f 2947/1955/231 2958/1958/231 2970/1956/231
f 2948/1958/232 2960/1956/232 2961/1959/232
f 2955/1953/343 2967/1952/343 2968/1961/343
f 2953/1963/234 2952/1951/234 2964/1954/234
f 2950/1962/235 2949/1960/235 2961/1959/235
f 2956/1962/236 2968/1961/236 2969/1959/236
f 2953/1963/237 2965/1964/237 2966/1954/237
f 2951/1953/344 2950/1962/344 2962/1961/344
f 2957/1960/345 2969/1959/345 2970/1956/345
f 2948/1958/346 2947/1955/346 2959/1957/346
f 2961/1959/347 2960/1956/347 2959/1957/347
f 2959/1957/347 2970/1956/347 2969/1959/347
f 2969/1959/122 2968/1961/122 2967/1952/122
f 2967/1952/122 2966/1954/122 2969/1959/122
f 2966/1954/348 2965/1964/348 2969/1959/348
f 2965/1964/349 2964/1954/349 2961/1959/349
f 2964/1954/122 2963/1952/122 2961/1959/122
f 2963/1952/122 2962/1961/122 2961/1959/122
f 2961/1959/122 2959/1957/122 2965/1964/122
f 2991/1965/350 2990/2398/350 2978/1966/350
f 2976/1966/351 2988/2398/351 2987/1965/351
f 2983/1968/352 2994/2399/352 2982/1969/352
f 2985/1971/353 2984/2399/353 2972/1969/353
f 2992/1973/354 2991/1965/354 2979/1967/354
f 2989/1975/355 2988/2398/355 2976/1966/355
f 2974/1974/356 2986/1973/356 2985/1971/356
f 2993/1971/248 2992/1973/248 2980/1974/248
f 2978/1966/249 2990/2398/249 2989/1975/249
f 2987/1965/250 2986/1973/250 2974/1974/250
f 2982/1969/357 2994/2399/357 2993/1971/357
f 2972/1969/252 2984/2399/252 2983/1968/252
f 2983/1968/358 2984/2399/358 2985/1971/358
f 2985/1971/359 2986/1973/359 2983/1968/359
f 2986/1973/360 2987/1965/360 2983/1968/360
f 2987/1965/361 2988/2398/361 2989/1975/361
f 2989/1975/123 2990/2398/123 2987/1965/123
f 2990/2398/123 2991/1965/123 2987/1965/123
f 2991/1965/360 2992/1973/360 2983/1968/360
f 2992/1973/359 2993/1971/359 2983/1968/359
f 2993/1971/358 2994/2399/358 2983/1968/358
f 2948/1958/362 2972/1969/362 2971/1970/362
f 2949/1960/363 2973/1972/363 2972/1969/363
f 2950/1962/364 2974/1974/364 2973/1972/364
f 2950/1962/365 2951/1953/365 2975/1967/365
f 2951/1953/366 2952/1951/366 2976/1966/366
f 2952/1951/367 2953/1963/367 2977/1976/367
f 2953/1963/368 2954/1951/368 2978/1966/368
f 2954/1951/369 2955/1953/369 2979/1967/369
f 2956/1962/370 2980/1974/370 2979/1967/370
f 2956/1962/371 2957/1960/371 2981/1972/371
f 2958/1958/372 2982/1969/372 2981/1972/372
f 2947/1955/373 2971/1970/373 2982/1969/373
f 3002/1977/265 3026/2004/265 3005/1978/265
f 3025/1980/266 3001/2400/266 3012/1981/266
f 3000/1983/267 3024/2003/267 3007/1984/267
f 2998/1986/266 3022/2002/266 3009/1987/266
f 3023/1989/268 2999/2401/268 3014/1990/268
f 3004/1982/268 3012/1981/268 3011/1979/268
f 2996/1992/269 3020/2001/269 3003/1993/269
f 3021/1995/265 2997/2402/265 3016/1996/265
f 3006/1991/265 3014/1990/265 3013/1985/265
f 3019/1998/270 2995/2403/270 3018/1999/270
f 3008/1997/270 3016/1996/270 3015/1988/270
f 2996/1992/265 2995/2403/265 3019/1998/265
f 3010/2000/266 3018/1999/266 3017/1994/266
f 2998/1986/268 2997/2402/268 3021/1995/268
f 3000/1983/266 2999/2401/266 3023/1989/266
f 3002/1977/270 3001/2400/270 3025/1980/270
f 3067/2005/122 3079/2022/122 3080/2006/122
f 3044/2008/221 3093/2064/221 3092/2009/221
f 3068/2007/122 3080/2006/122 3081/2011/122
f 3100/2013/268 3103/2016/268 3078/2014/268
f 3102/2016/271 3109/2013/271 3085/2015/271
f 3040/2017/265 3088/2066/265 3099/2018/265
f 3070/2007/122 3069/2012/122 3081/2011/122
f 3046/2008/272 3095/2064/272 3094/2020/272
f 3071/2005/122 3070/2007/122 3082/2006/122
f 3041/2023/223 3090/2065/223 3087/2018/223
f 3029/2024/270 3053/2038/270 3054/2025/270
f 3064/2027/122 3063/2052/122 3075/2028/122
f 3071/2005/122 3083/2022/122 3084/2030/122
f 3027/2031/123 3028/2032/123 3039/2019/123
f 3029/2024/123 3041/2023/123 3039/2019/123
f 3030/2026/123 3042/2026/123 3041/2023/123
f 3030/2026/123 3031/2033/123 3043/2010/123
f 3031/2033/123 3032/2035/123 3044/2008/123
f 3033/2034/123 3045/2021/123 3044/2008/123
f 3033/2034/123 3034/2035/123 3046/2008/123
f 3035/2033/123 3047/2010/123 3046/2008/123
f 3036/2026/123 3048/2026/123 3047/2010/123
f 3036/2026/123 3037/2024/123 3049/2023/123
f 3037/2024/123 3038/2032/123 3050/2019/123
f 3027/2031/123 3040/2017/123 3050/2019/123
f 3053/2036/123 3051/2404/123 3052/2405/123
f 3052/2405/123 3062/2404/123 3053/2036/123
f 3062/2404/123 3061/2036/123 3053/2036/123
f 3061/2036/123 3060/2406/123 3059/2407/123
f 3059/2407/123 3058/2408/123 3061/2036/123
f 3058/2408/123 3057/2037/123 3061/2036/123
f 3057/2037/123 3056/2408/123 3055/2407/123
f 3055/2407/123 3054/2406/123 3057/2037/123
f 3054/2406/123 3053/2036/123 3057/2037/123
f 3036/2026/273 3060/2025/273 3061/2038/273
f 3033/2034/272 3057/2043/272 3058/2039/272
f 3031/2033/271 3030/2026/271 3054/2025/271
f 3037/2024/220 3061/2038/220 3062/2041/220
f 3027/2031/274 3052/2042/274 3051/2041/274
f 3034/2035/222 3058/2039/222 3059/2040/222
f 3031/2033/221 3055/2040/221 3056/2039/221
f 3038/2032/265 3062/2041/265 3052/2042/265
f 3028/2032/223 3051/2041/223 3053/2038/223
f 3035/2033/268 3059/2040/268 3060/2025/268
f 3032/2035/266 3056/2039/266 3057/2043/266
f 3074/2027/266 3063/2052/266 3122/2044/266
f 3073/2046/221 3074/2027/221 3111/2045/221
f 3072/2030/271 3073/2046/271 3121/2047/271
f 3071/2005/270 3072/2030/270 3112/2048/270
f 3070/2007/223 3071/2005/223 3120/2049/223
f 3069/2012/274 3070/2007/274 3119/2050/274
f 3068/2007/265 3069/2012/265 3118/2051/265
f 3067/2005/220 3068/2007/220 3117/2050/220
f 3066/2030/273 3067/2005/273 3116/2049/273
f 3065/2046/268 3066/2030/268 3115/2048/268
f 3064/2027/222 3065/2046/222 3113/2047/222
f 3063/2052/272 3064/2027/272 3114/2045/272
f 3089/2053/222 3100/2013/222 3077/2015/222
f 3103/2016/273 3104/2056/273 3079/2055/273
f 3104/2056/220 3106/2058/220 3080/2057/220
f 3106/2058/265 3107/2060/265 3081/2059/265
f 3107/2060/274 3108/2058/274 3082/2057/274
f 3101/2056/223 3083/2055/223 3082/2057/223
f 3101/2056/270 3102/2016/270 3084/2014/270
f 3109/2013/221 3110/2053/221 3086/2054/221
f 3110/2053/266 3105/2063/266 3075/2061/266
f 3074/2027/122 3086/2029/122 3075/2028/122
f 3067/2005/122 3066/2030/122 3078/2030/122
f 3073/2046/122 3085/2062/122 3086/2029/122
f 3048/2026/268 3097/2016/268 3096/2009/268
f 3065/2046/122 3077/2062/122 3078/2030/122
f 3073/2046/122 3072/2030/122 3084/2030/122
f 3043/2010/271 3092/2009/271 3091/2016/271
f 3065/2046/122 3064/2027/122 3076/2029/122
f 3092/2009/123 3093/2064/123 3106/2058/123
f 3099/2018/123 3088/2066/123 3105/2063/123
f 3095/2064/123 3108/2058/123 3107/2060/123
f 3090/2065/123 3100/2013/123 3089/2053/123
f 3096/2009/123 3097/2016/123 3102/2016/123
f 3092/2009/123 3104/2056/123 3103/2016/123
f 3098/2065/123 3109/2013/123 3102/2016/123
f 3090/2065/123 3091/2016/123 3103/2016/123
f 3096/2009/123 3101/2056/123 3108/2058/123
f 3087/2018/123 3089/2053/123 3105/2063/123
f 3093/2064/123 3094/2020/123 3107/2060/123
f 3098/2065/123 3099/2018/123 3110/2053/123
f 3049/2023/273 3098/2065/273 3097/2016/273
f 3042/2026/270 3091/2016/270 3090/2065/270
f 3047/2010/222 3096/2009/222 3095/2064/222
f 3039/2019/274 3087/2018/274 3088/2066/274
f 3045/2021/266 3094/2020/266 3093/2064/266
f 3050/2019/220 3099/2018/220 3098/2065/220
f 3089/2053/272 3076/2054/272 3075/2061/272
f 3113/2047/122 3115/2048/122 3165/2048/122
f 3120/2049/122 3112/2048/122 3158/2048/122
f 3121/2047/122 3163/2067/122 3158/2048/122
f 3119/2050/122 3120/2049/122 3164/2068/122
f 3111/2045/122 3155/2071/122 3163/2067/122
f 3118/2051/122 3119/2050/122 3171/2069/122
f 3122/2044/122 3167/2072/122 3155/2071/122
f 3118/2051/122 3170/2070/122 3169/2069/122
f 3122/2044/122 3114/2045/122 3166/2071/122
f 3117/2050/122 3169/2069/122 3168/2068/122
f 3114/2045/122 3113/2047/122 3160/2067/122
f 3116/2049/122 3168/2068/122 3165/2048/122
f 3124/2073/374 3125/2078/374 3127/2074/374
f 3126/2076/375 3125/2078/375 3124/2073/375
f 3125/2078/376 3128/2081/376 3130/2079/376
f 3129/2080/377 3128/2081/377 3125/2078/377
f 3128/2081/378 3131/2084/378 3133/2082/378
f 3132/2083/379 3131/2084/379 3128/2081/379
f 3131/2084/380 3134/2088/380 3136/2085/380
f 3135/2086/381 3134/2088/381 3131/2084/381
f 3137/2087/382 3139/2090/382 3136/2085/382
f 3135/2086/383 3138/2091/383 3137/2087/383
f 3140/2089/384 3142/2120/384 3139/2090/384
f 3138/2091/385 3141/2094/385 3140/2089/385
f 3143/2092/386 3161/2109/386 3162/2093/386
f 3172/2095/387 3143/2092/387 3141/2094/387
f 3173/2096/388 3172/2095/388 3138/2091/388
f 3173/2096/389 3135/2086/389 3132/2083/389
f 3174/2097/390 3132/2083/390 3129/2080/390
f 3144/2098/391 3129/2080/391 3126/2076/391
f 3145/2099/392 3126/2076/392 3178/2077/392
f 3175/2100/393 3178/2077/393 3147/2101/393
f 3146/2102/394 3147/2101/394 3177/2103/394
f 3148/2105/395 3176/2104/395 3177/2103/395
f 3150/2107/396 3148/2105/396 3149/2106/396
f 3161/2109/397 3150/2107/397 3151/2108/397
f 3178/2077/398 3124/2073/398 3179/2110/398
f 3179/2110/399 3124/2073/399 3123/2075/399
f 3147/2101/400 3179/2110/400 3180/2112/400
f 3180/2112/401 3179/2110/401 3159/2111/401
f 3149/2106/402 3177/2103/402 3180/2112/402
f 3180/2112/403 3157/2113/403 3156/2115/403
f 3151/2108/404 3149/2106/404 3181/2114/404
f 3181/2114/405 3156/2115/405 3154/2117/405
f 3162/2093/406 3151/2108/406 3182/2116/406
f 3182/2116/407 3154/2117/407 3152/2119/407
f 3141/2094/408 3162/2093/408 3153/2118/408
f 3153/2118/409 3152/2119/409 3142/2120/409
f 3167/2072/410 3166/2071/410 3142/2120/410
f 3166/2071/411 3160/2067/411 3139/2090/411
f 3160/2067/412 3165/2048/412 3136/2085/412
f 3136/2085/413 3165/2048/413 3168/2068/413
f 3133/2082/414 3168/2068/414 3169/2069/414
f 3130/2079/415 3169/2069/415 3170/2070/415
f 3127/2074/416 3170/2070/416 3171/2069/416
f 3123/2075/223 3171/2069/223 3164/2068/223
f 3159/2111/270 3164/2068/270 3158/2048/270
f 3158/2048/271 3163/2067/271 3156/2115/271
f 3163/2067/221 3155/2071/221 3154/2117/221
f 3155/2071/417 3167/2072/417 3152/2119/417
o Bld_Log_Cabin_Door_02
v 2.513277 1.861499 -0.745108
v 2.513277 1.890380 -0.745108
v 2.513277 1.890380 -0.046711
v 2.513277 1.861499 -0.046711
v 2.497906 1.890380 -0.745108
v 2.497906 1.861499 -0.745108
v 2.497906 1.861499 -0.046711
v 2.497906 1.890380 -0.046711
v 2.528659 0.332407 -0.892642
v 2.528659 0.332406 0.100822
v 2.528659 2.331096 -0.892642
v 2.528659 2.331096 0.100822
v 2.528659 2.331096 -0.759032
v 2.528659 2.331096 -0.032788
v 2.528659 0.332406 -0.032788
v 2.528659 0.332407 -0.759032
v 2.482565 2.331096 0.100822
v 2.482565 2.331096 -0.032788
v 2.482565 0.332407 -0.892642
v 2.482565 0.332407 -0.759032
v 2.482565 0.332406 -0.032788
v 2.482565 0.332406 0.100822
v 2.482565 2.331096 -0.759032
v 2.482565 2.331096 -0.892642
v 2.523811 2.331096 -0.759032
v 2.523811 2.331096 -0.032788
v 2.523811 0.332406 -0.032788
v 2.523811 0.332407 -0.759032
v 2.523811 2.200172 -0.759032
v 2.523811 0.463330 -0.759032
v 2.523811 0.463330 -0.032788
v 2.523811 2.200172 -0.032788
v 2.487413 2.331096 -0.032788
v 2.487413 2.331096 -0.759032
v 2.487413 0.332407 -0.759032
v 2.487413 0.332406 -0.032788
v 2.487413 0.463330 -0.759032
v 2.487413 0.463330 -0.032788
v 2.487413 2.200172 -0.032788
v 2.487413 2.200172 -0.759032
v 2.528659 1.551708 -0.032788
v 2.528659 1.424859 -0.032788
v 2.528659 1.424859 -0.759032
v 2.528659 1.551708 -0.759032
v 2.482565 1.424859 -0.032788
v 2.482565 1.551708 -0.032788
v 2.482565 1.551708 -0.759032
v 2.482565 1.424859 -0.759032
v 2.505612 1.424859 -0.032788
v 2.505612 1.424859 -0.759032
v 2.505612 1.551708 -0.759032
v 2.505612 1.551708 -0.032788
v 2.520612 1.551708 -0.759032
v 2.520612 1.551708 -0.032788
v 2.520612 2.200172 -0.759032
v 2.520612 2.200172 -0.032788
v 2.520612 1.575691 -0.744735
v 2.520612 1.575691 -0.047084
v 2.520612 2.176189 -0.744735
v 2.520612 2.176189 -0.047084
v 2.490612 1.551708 -0.759032
v 2.490612 1.551708 -0.032788
v 2.490612 2.200172 -0.759032
v 2.490612 2.200172 -0.032788
v 2.490612 1.575691 -0.744735
v 2.490612 1.575691 -0.047084
v 2.490612 2.176189 -0.744735
v 2.490612 2.176189 -0.047084
v 2.505611 1.575691 -0.744735
v 2.505612 1.575691 -0.047084
v 2.505611 2.176189 -0.744735
v 2.505612 2.176189 -0.047084
v 2.516612 1.424859 -0.032788
v 2.516612 1.424859 -0.759032
v 2.516612 0.463330 -0.032788
v 2.516612 0.463330 -0.759032
v 2.494612 1.424859 -0.032788
v 2.494612 1.424859 -0.759032
v 2.494612 0.463330 -0.032788
v 2.494612 0.463330 -0.759032
v 2.514448 2.176815 -0.288118
v 2.514448 2.176815 -0.270902
v 2.514448 2.176815 -0.520917
v 2.514448 2.176815 -0.503701
v 2.514448 1.575065 -0.270902
v 2.514448 1.575065 -0.288118
v 2.514448 1.575065 -0.503701
v 2.514448 1.575065 -0.520918
v 2.496735 2.176815 -0.503701
v 2.496735 2.176815 -0.520917
v 2.496735 2.176815 -0.270902
v 2.496735 2.176815 -0.288118
v 2.496735 1.575065 -0.520918
v 2.496735 1.575065 -0.503701
v 2.496735 1.575065 -0.288118
v 2.496735 1.575065 -0.270902
v 2.482570 1.526386 0.041759
v 2.482570 1.526386 0.020119
v 2.482570 1.515566 0.001379
v 2.482570 1.496825 -0.009441
v 2.482570 1.475186 -0.009441
v 2.482570 1.432369 0.001379
v 2.482570 1.408843 0.020119
v 2.482570 1.408843 0.041759
v 2.482570 1.432369 0.060499
v 2.482570 1.475186 0.071319
v 2.482570 1.496825 0.071319
v 2.482570 1.515566 0.060499
v 2.476528 1.526386 0.041759
v 2.476528 1.526386 0.020119
v 2.476528 1.515566 0.001379
v 2.476528 1.496825 -0.009441
v 2.476528 1.475186 -0.009441
v 2.476528 1.432369 0.001379
v 2.476528 1.408843 0.020119
v 2.476528 1.408843 0.041759
v 2.476528 1.432369 0.060499
v 2.476528 1.475186 0.071319
v 2.476528 1.496825 0.071319
v 2.476528 1.515566 0.060499
v 2.483432 1.493895 0.012907
v 2.483432 1.499248 0.021923
v 2.483432 1.500778 0.030939
v 2.483432 1.499248 0.039956
v 2.483432 1.493895 0.048972
v 2.483432 1.452477 0.021923
v 2.483432 1.450946 0.030939
v 2.483432 1.452477 0.039956
v 2.483432 1.484878 0.054325
v 2.483432 1.475862 0.055855
v 2.448220 1.456818 0.011895
v 2.483432 1.466846 0.054325
v 2.483432 1.457829 0.048972
v 2.483432 1.484878 0.007554
v 2.446986 1.466340 0.006242
v 2.483432 1.475862 0.006024
v 2.483432 1.466846 0.007554
v 2.483432 1.457829 0.012907
v 2.446613 1.475862 0.004626
v 2.463136 1.463844 0.018921
v 2.463136 1.469853 0.015353
v 2.463136 1.475862 0.014333
v 2.446986 1.485384 0.006242
v 2.435920 1.458223 0.013300
v 2.432876 1.455179 0.022120
v 2.431956 1.454259 0.030939
v 2.432876 1.455179 0.039759
v 2.432876 1.467043 0.010256
v 2.426736 1.465520 0.020598
v 2.424981 1.465061 0.030939
v 2.426736 1.465520 0.041281
v 2.431956 1.475862 0.009336
v 2.424981 1.475862 0.020138
v 2.423008 1.475862 0.030939
v 2.424981 1.475862 0.041741
v 2.432876 1.484682 0.010256
v 2.426736 1.486204 0.020598
v 2.424981 1.486664 0.030939
v 2.426736 1.486204 0.041281
v 2.435920 1.458223 0.048578
v 2.448220 1.456818 0.049984
v 2.463136 1.481871 0.015353
v 2.463136 1.463844 0.042958
v 2.432876 1.467043 0.051623
v 2.446986 1.466340 0.055637
v 2.463136 1.469853 0.046525
v 2.463136 1.475862 0.047545
v 2.431956 1.475862 0.052542
v 2.446613 1.475862 0.057253
v 2.463136 1.481871 0.046525
v 2.463136 1.460276 0.036948
v 2.432876 1.484682 0.051623
v 2.446986 1.485384 0.055637
v 2.463136 1.459256 0.030939
v 2.463136 1.460276 0.024930
v 2.446986 1.451165 0.040461
v 2.446613 1.449549 0.030939
v 2.446986 1.451165 0.021417
v 2.463136 1.487881 0.042958
v 2.463136 1.491448 0.036948
v 2.463136 1.492468 0.030939
v 2.463136 1.491448 0.024930
v 2.463136 1.487881 0.018921
v 2.448220 1.494907 0.049984
v 2.446986 1.500560 0.040461
v 2.446613 1.502176 0.030939
v 2.446986 1.500560 0.021417
v 2.448220 1.494907 0.011895
v 2.435920 1.493501 0.048578
v 2.432876 1.496546 0.039759
v 2.431956 1.497465 0.030939
v 2.432876 1.496546 0.022120
v 2.435920 1.493501 0.013300
v 2.528659 1.526386 0.041759
v 2.528659 1.526386 0.020119
v 2.528659 1.515566 0.001379
v 2.528659 1.496825 -0.009441
v 2.528659 1.475186 -0.009441
v 2.528659 1.432369 0.001379
v 2.528659 1.408843 0.020119
v 2.528659 1.408843 0.041759
v 2.528659 1.432369 0.060499
v 2.528659 1.475186 0.071319
v 2.528659 1.496825 0.071319
v 2.528659 1.515566 0.060499
v 2.534701 1.526386 0.041759
v 2.534701 1.526386 0.020119
v 2.534701 1.515566 0.001379
v 2.534701 1.496825 -0.009441
v 2.534701 1.475186 -0.009441
v 2.534701 1.432369 0.001379
v 2.534701 1.408843 0.020119
v 2.534701 1.408843 0.041759
v 2.534701 1.432369 0.060499
v 2.534701 1.475186 0.071319
v 2.534701 1.496825 0.071319
v 2.534701 1.515566 0.060499
v 2.527797 1.493895 0.012907
v 2.527797 1.499248 0.021923
v 2.527797 1.500778 0.030939
v 2.527797 1.499248 0.039956
v 2.527797 1.493895 0.048972
v 2.527797 1.452477 0.021923
v 2.527797 1.450946 0.030939
v 2.527797 1.452477 0.039956
v 2.527797 1.484878 0.054325
v 2.527797 1.475862 0.055855
v 2.563009 1.456818 0.011895
v 2.527797 1.466846 0.054325
v 2.527797 1.457829 0.048972
v 2.527797 1.484878 0.007554
v 2.564243 1.466340 0.006242
v 2.527797 1.475862 0.006024
v 2.527797 1.466846 0.007554
v 2.527797 1.457829 0.012907
v 2.564616 1.475862 0.004626
v 2.548093 1.463844 0.018921
v 2.548093 1.469853 0.015353
v 2.548093 1.475862 0.014333
v 2.564243 1.485384 0.006242
v 2.575308 1.458223 0.013300
v 2.578353 1.455179 0.022120
v 2.579273 1.454259 0.030939
v 2.578353 1.455179 0.039759
v 2.578353 1.467043 0.010256
v 2.584493 1.465520 0.020598
v 2.586248 1.465061 0.030939
v 2.584493 1.465520 0.041281
v 2.579273 1.475862 0.009336
v 2.586248 1.475862 0.020138
v 2.588221 1.475862 0.030939
v 2.586248 1.475862 0.041741
v 2.578353 1.484682 0.010256
v 2.584493 1.486204 0.020598
v 2.586248 1.486664 0.030939
v 2.584493 1.486204 0.041281
v 2.575308 1.458223 0.048578
v 2.563009 1.456818 0.049984
v 2.548093 1.481871 0.015353
v 2.548093 1.463844 0.042958
v 2.578353 1.467043 0.051623
v 2.564243 1.466340 0.055637
v 2.548093 1.469853 0.046525
v 2.548093 1.475862 0.047545
v 2.579273 1.475862 0.052542
v 2.564616 1.475862 0.057253
v 2.548093 1.481871 0.046525
v 2.548093 1.460276 0.036948
v 2.578353 1.484682 0.051623
v 2.564243 1.485384 0.055637
v 2.548093 1.459256 0.030939
v 2.548093 1.460276 0.024930
v 2.564243 1.451165 0.040461
v 2.564616 1.449549 0.030939
v 2.564243 1.451165 0.021417
v 2.548093 1.487881 0.042958
v 2.548093 1.491448 0.036948
v 2.548093 1.492468 0.030939
v 2.548093 1.491448 0.024930
v 2.548093 1.487881 0.018921
v 2.563009 1.494907 0.049984
v 2.564243 1.500560 0.040461
v 2.564616 1.502176 0.030939
v 2.564243 1.500560 0.021417
v 2.563009 1.494907 0.011895
v 2.575308 1.493501 0.048578
v 2.578353 1.496546 0.039759
v 2.579273 1.497465 0.030939
v 2.578353 1.496546 0.022120
v 2.575308 1.493501 0.013300
vn 1.0000 -0.0000 -0.0000
vn -1.0000 -0.0000 -0.0000
vn -0.0000 -1.0000 -0.0000
vn -0.0000 1.0000 -0.0000
vn -0.0000 -0.0000 1.0000
vn -0.0000 -0.0000 -1.0000
vn -0.0000 0.5000 0.8660
vn -0.0000 -0.6231 0.7822
vn -0.0000 -0.2450 -0.9695
vn -0.0000 0.8660 0.5000
vn -0.0000 0.8660 -0.5000
vn -0.0000 -0.2450 0.9695
vn -0.0000 -0.6231 -0.7822
vn -0.0000 0.5000 -0.8660
vn -0.3762 -0.4730 0.7967
vn -0.3743 -0.9142 0.1551
vn -0.3762 0.7967 -0.4730
vn -0.1554 -0.5191 -0.8405
vn -0.3762 0.4730 -0.7967
vn -0.3743 0.9142 -0.1551
vn -0.3762 -0.7967 0.4730
vn -0.2775 -0.1713 -0.9453
vn -0.3743 0.9142 0.1551
vn -0.3743 0.1551 -0.9142
vn -0.3762 0.4730 0.7967
vn -0.2775 0.1713 -0.9453
vn -0.3762 0.7967 0.4730
vn -0.3743 -0.1551 -0.9142
vn -0.3743 0.1551 0.9142
vn -0.1554 0.5191 -0.8405
vn -0.7460 -0.4324 -0.5065
vn -0.8372 -0.5214 -0.1653
vn -0.8315 -0.5369 0.1427
vn -0.7460 -0.5065 0.4324
vn -0.8315 -0.1427 -0.5369
vn -0.9690 -0.1723 -0.1770
vn -0.9690 -0.1770 0.1723
vn -0.8372 -0.1653 0.5214
vn -0.8315 0.1427 -0.5369
vn -0.9690 0.1723 -0.1770
vn -0.9690 0.1770 0.1723
vn -0.8372 0.1653 0.5214
vn -0.7460 0.4324 -0.5065
vn -0.8372 0.5214 -0.1653
vn -0.8315 0.5369 0.1427
vn -0.7460 0.5065 0.4324
vn -0.2695 -0.3960 0.8778
vn -0.3762 -0.7967 -0.4730
vn -0.3762 -0.4730 -0.7967
vn -0.3743 -0.1551 0.9142
vn -0.3034 -0.1301 0.9440
vn -0.3743 -0.9142 -0.1551
vn 0.5423 -0.4289 -0.7224
vn 0.5098 0.8482 -0.1439
vn -0.3034 0.1301 0.9440
vn 0.5423 0.4289 0.7224
vn 0.5423 -0.7224 0.4289
vn 0.5098 -0.1439 -0.8482
vn -0.2695 0.3960 0.8778
vn 0.5098 -0.8482 0.1439
vn 0.5025 0.1255 -0.8554
vn 0.5026 -0.8554 -0.1255
vn -0.1554 -0.8405 0.5191
vn -0.2775 -0.9453 0.1713
vn -0.3034 -0.9440 -0.1301
vn -0.2695 -0.8778 -0.3960
vn 0.5155 0.3871 -0.7645
vn 0.5155 -0.7645 -0.3871
vn 0.5155 -0.3871 0.7645
vn 0.5155 0.7645 0.3871
vn 0.5026 -0.1255 0.8554
vn 0.5026 0.8554 0.1255
vn 0.5098 0.1439 0.8482
vn -0.1554 0.8405 0.5191
vn -0.2775 0.9453 0.1713
vn -0.3034 0.9440 -0.1301
vn -0.2695 0.8778 -0.3960
vn 0.5423 0.7224 -0.4289
vn 0.3762 -0.4730 0.7967
vn 0.3743 -0.9142 0.1551
vn 0.3762 0.7967 -0.4730
vn 0.1554 -0.5191 -0.8405
vn 0.3762 0.4730 -0.7967
vn 0.3743 0.9142 -0.1551
vn 0.3763 -0.7967 0.4730
vn 0.2775 -0.1713 -0.9453
vn 0.3743 0.9142 0.1551
vn 0.3743 0.1551 -0.9142
vn 0.3762 0.4730 0.7967
vn 0.3034 0.1301 -0.9440
vn 0.3762 0.7967 0.4730
vn 0.3743 -0.1551 -0.9142
vn 0.3743 0.1551 0.9142
vn 0.2695 0.3960 -0.8778
vn 0.7460 -0.5065 -0.4324
vn 0.8315 -0.5369 -0.1427
vn 0.8315 -0.5369 0.1427
vn 0.7460 -0.5065 0.4324
vn 0.8372 -0.1653 -0.5214
vn 0.9690 -0.1770 -0.1723
vn 0.9690 -0.1770 0.1723
vn 0.8372 -0.1653 0.5214
vn 0.8315 0.1427 -0.5369
vn 0.9690 0.1723 -0.1770
vn 0.9690 0.1723 0.1770
vn 0.8315 0.1427 0.5369
vn 0.7460 0.4324 -0.5065
vn 0.8372 0.5214 -0.1653
vn 0.8372 0.5214 0.1653
vn 0.7460 0.4324 0.5065
vn 0.1553 -0.5191 0.8405
vn 0.3762 -0.7967 -0.4730
vn 0.3762 -0.4730 -0.7967
vn 0.3743 -0.1551 0.9142
vn 0.2775 -0.1713 0.9453
vn 0.3743 -0.9142 -0.1551
vn -0.5155 -0.3871 -0.7645
vn -0.5025 0.8554 -0.1255
vn 0.3034 0.1301 0.9440
vn -0.5155 0.3871 0.7645
vn -0.5155 -0.7645 0.3871
vn -0.5025 -0.1255 -0.8554
vn 0.2695 0.3960 0.8778
vn -0.5026 -0.8554 0.1255
vn -0.5026 0.1255 -0.8554
vn -0.5026 -0.8554 -0.1255
vn 0.2695 -0.8778 0.3960
vn 0.3034 -0.9440 0.1301
vn 0.3034 -0.9440 -0.1301
vn 0.2695 -0.8778 -0.3960
vn -0.5155 0.3871 -0.7645
vn -0.5155 -0.7645 -0.3871
vn -0.5155 -0.3871 0.7645
vn -0.5155 0.7645 0.3871
vn -0.5026 -0.1255 0.8554
vn -0.5026 0.8554 0.1255
vn -0.5026 0.1255 0.8554
vn 0.1554 0.8405 0.5191
vn 0.2775 0.9453 0.1713
vn 0.2775 0.9453 -0.1713
vn 0.1554 0.8405 -0.5191
vn -0.5155 0.7645 -0.3871
vn -0.2695 -0.3960 -0.8778
vn -0.3034 -0.1301 -0.9440
vn -0.3034 0.1301 -0.9440
vn -0.2695 0.3960 -0.8778
vn -0.7460 -0.5065 -0.4324
vn -0.8315 -0.5369 -0.1427
vn -0.8372 -0.5214 0.1653
vn -0.7460 -0.4324 0.5065
vn -0.8372 -0.1653 -0.5214
vn -0.9690 -0.1770 -0.1723
vn -0.9690 -0.1723 0.1770
vn -0.8315 -0.1427 0.5369
vn -0.8372 0.1653 -0.5214
vn -0.9690 0.1770 -0.1723
vn -0.9690 0.1723 0.1770
vn -0.8315 0.1427 0.5369
vn -0.7460 0.5065 -0.4324
vn -0.8315 0.5369 -0.1427
vn -0.8372 0.5214 0.1653
vn -0.7460 0.4324 0.5065
vn -0.1554 -0.5191 0.8405
vn -0.2775 -0.1713 0.9453
vn 0.5155 -0.3871 -0.7645
vn 0.5025 0.8554 -0.1255
vn -0.2775 0.1713 0.9453
vn 0.5155 0.3871 0.7645
vn 0.5155 -0.7645 0.3871
vn 0.5025 -0.1255 -0.8554
vn -0.1554 0.5191 0.8405
vn 0.5026 -0.8554 0.1255
vn 0.5098 0.1439 -0.8482
vn 0.5098 -0.8482 -0.1439
vn -0.2695 -0.8778 0.3960
vn -0.3034 -0.9440 0.1301
vn -0.2775 -0.9453 -0.1713
vn -0.1554 -0.8405 -0.5191
vn 0.5423 0.4289 -0.7225
vn 0.5423 -0.7224 -0.4289
vn 0.5423 -0.4289 0.7224
vn 0.5423 0.7224 0.4289
vn 0.5098 -0.1439 0.8482
vn 0.5098 0.8482 0.1439
vn 0.5026 0.1255 0.8554
vn -0.2695 0.8778 0.3960
vn -0.3034 0.9440 0.1301
vn -0.2775 0.9453 -0.1713
vn -0.1554 0.8405 -0.5191
vn 0.5155 0.7645 -0.3871
vn 0.3763 -0.4730 0.7967
vn 0.2695 -0.3960 -0.8778
vn 0.3762 -0.7967 0.4730
vn 0.3034 -0.1301 -0.9440
vn 0.2775 0.1713 -0.9453
vn 0.1554 0.5191 -0.8405
vn 0.7460 -0.4324 -0.5065
vn 0.8372 -0.5214 -0.1653
vn 0.8372 -0.5214 0.1653
vn 0.7460 -0.4324 0.5065
vn 0.8315 -0.1427 -0.5369
vn 0.9690 -0.1723 -0.1770
vn 0.9690 -0.1723 0.1770
vn 0.8315 -0.1427 0.5369
vn 0.8372 0.1653 -0.5214
vn 0.9690 0.1770 -0.1723
vn 0.9690 0.1770 0.1723
vn 0.8372 0.1653 0.5214
vn 0.7460 0.5065 -0.4324
vn 0.8315 0.5369 -0.1427
vn 0.8315 0.5369 0.1427
vn 0.7460 0.5065 0.4324
vn 0.2695 -0.3960 0.8778
vn 0.3034 -0.1301 0.9440
vn -0.5423 -0.4289 -0.7224
vn -0.5098 0.8482 -0.1439
vn 0.2775 0.1713 0.9453
vn -0.5423 0.4289 0.7224
vn -0.5423 -0.7224 0.4289
vn -0.5098 -0.1439 -0.8482
vn 0.1554 0.5191 0.8405
vn -0.5098 -0.8482 0.1439
vn -0.5098 0.1439 -0.8482
vn -0.5098 -0.8482 -0.1439
vn 0.1554 -0.8405 0.5191
vn 0.2775 -0.9453 0.1713
vn 0.2775 -0.9453 -0.1713
vn 0.1553 -0.8405 -0.5191
vn -0.5423 0.4289 -0.7225
vn -0.5423 -0.7224 -0.4289
vn -0.5423 -0.4289 0.7224
vn -0.5423 0.7224 0.4289
vn -0.5098 -0.1439 0.8482
vn -0.5098 0.8482 0.1439
vn -0.5098 0.1439 0.8482
vn 0.2695 0.8778 0.3960
vn 0.3034 0.9440 0.1301
vn 0.3034 0.9440 -0.1301
vn 0.2695 0.8778 -0.3960
vn -0.5423 0.7224 -0.4289
vt 0.595854 0.872483
vt 0.596796 0.874681
vt 0.595854 0.874681
vt 0.596796 0.872483
vt 0.191435 0.897111
vt 0.192024 0.868964
vt 0.192024 0.897111
vt 0.192035 0.868964
vt 0.191446 0.897111
vt 0.191446 0.868964
vt 0.191435 0.868964
vt 0.192035 0.897111
vt 0.200876 0.890828
vt 0.201719 0.888957
vt 0.201719 0.890828
vt 0.200876 0.917521
vt 0.201719 0.915650
vt 0.201719 0.917521
vt 0.200876 0.915650
vt 0.200876 0.888957
vt 0.200876 0.904570
vt 0.201719 0.906383
vt 0.200876 0.906383
vt 0.201719 0.904570
vt 0.595854 0.850736
vt 0.596815 0.848911
vt 0.596796 0.850736
vt 0.596796 0.896427
vt 0.595835 0.898252
vt 0.595854 0.896427
vt 0.595835 0.848911
vt 0.596815 0.898252
vt 0.595962 0.900907
vt 0.596688 0.846707
vt 0.596688 0.900907
vt 0.595962 0.846707
vt 0.596471 0.850689
vt 0.596494 0.896475
vt 0.596471 0.896475
vt 0.596156 0.850689
vt 0.596180 0.896475
vt 0.596156 0.896475
vt 0.596494 0.850689
vt 0.596180 0.850689
vt 0.459177 0.740979
vt 0.459632 0.763073
vt 0.460420 0.724805
vt 0.459177 0.724805
vt 0.459632 0.675219
vt 0.459965 0.675219
vt 0.460420 0.740979
vt 0.459344 0.754986
vt 0.459965 0.763073
vt 0.459344 0.692803
vt 0.460254 0.692803
vt 0.460254 0.754986
vt 0.459614 0.716328
vt 0.459439 0.718572
vt 0.459559 0.720819
vt 0.459706 0.713661
vt 0.459799 0.706688
vt 0.459660 0.707832
vt 0.459984 0.734294
vt 0.459937 0.742789
vt 0.460076 0.738789
vt 0.460070 0.712127
vt 0.460179 0.718194
vt 0.460092 0.711077
vt 0.460159 0.732050
vt 0.460038 0.729802
vt 0.459891 0.736960
vt 0.459799 0.743933
vt 0.459521 0.711833
vt 0.460117 0.718719
vt 0.460204 0.725311
vt 0.459706 0.736960
vt 0.459799 0.737722
vt 0.460182 0.725311
vt 0.460054 0.725311
vt 0.459614 0.734294
vt 0.459439 0.732050
vt 0.459521 0.738789
vt 0.460117 0.731903
vt 0.460179 0.732428
vt 0.459660 0.742789
vt 0.460038 0.720819
vt 0.460159 0.718572
vt 0.459559 0.729802
vt 0.459415 0.725311
vt 0.460070 0.738494
vt 0.460092 0.739545
vt 0.459958 0.717581
vt 0.459934 0.709852
vt 0.459799 0.717237
vt 0.459663 0.709852
vt 0.459799 0.709164
vt 0.459527 0.712127
vt 0.459639 0.717581
vt 0.459965 0.725311
vt 0.460131 0.725311
vt 0.459799 0.725311
vt 0.459480 0.718719
vt 0.459632 0.725311
vt 0.459958 0.733040
vt 0.459639 0.733040
vt 0.459799 0.733384
vt 0.459480 0.731903
vt 0.459934 0.740770
vt 0.459663 0.740770
vt 0.459799 0.741457
vt 0.459527 0.738494
vt 0.459418 0.718194
vt 0.459984 0.716328
vt 0.459937 0.707832
vt 0.459891 0.713661
vt 0.460076 0.711833
vt 0.459543 0.725311
vt 0.459394 0.725311
vt 0.459466 0.725311
vt 0.459799 0.712899
vt 0.459945 0.743770
vt 0.459505 0.739545
vt 0.459505 0.711077
vt 0.459418 0.732428
vt 0.459652 0.706851
vt 0.459945 0.706851
vt 0.459799 0.705644
vt 0.459652 0.743770
vt 0.459799 0.744978
vt 0.459934 0.709851
vt 0.459663 0.709851
s 0
usemtl Texture_Map
f 3186/2409/418 3184/2410/418 3185/2411/418
f 3187/2410/419 3189/2409/419 3190/2411/419
f 3183/2412/420 3189/2409/420 3188/2412/420
f 3190/2411/421 3184/2410/421 3187/2410/421
f 3195/2413/418 3191/2414/418 3193/2415/418
f 3197/2416/418 3194/2417/418 3192/2418/418
f 3205/2413/419 3201/2414/419 3202/2419/419
f 3203/2416/419 3199/2417/419 3200/2420/419
f 3193/2415/421 3205/2413/421 3195/2413/421
f 3195/2413/422 3202/2419/422 3198/2419/422
f 3196/2420/423 3203/2416/423 3200/2420/423
f 3194/2417/422 3204/2418/422 3192/2418/422
f 3196/2420/421 3199/2417/421 3194/2417/421
f 3193/2415/423 3201/2414/423 3206/2415/423
f 3191/2414/420 3202/2419/420 3201/2414/420
f 3197/2416/420 3204/2418/420 3203/2416/420
f 3213/2421/418 3210/2422/418 3212/2423/418
f 3208/2424/418 3211/2425/418 3207/2426/418
f 3217/2422/419 3220/2421/419 3219/2423/419
f 3222/2425/419 3215/2424/419 3216/2426/419
f 3214/2427/420 3222/2425/420 3211/2425/420
f 3209/2428/420 3217/2422/420 3210/2422/420
f 3212/2423/421 3220/2421/421 3213/2421/421
f 3207/2426/421 3215/2424/421 3208/2424/421
f 3224/2429/418 3226/2430/418 3223/2431/418
f 3229/2430/419 3227/2429/419 3228/2431/419
f 3232/2432/420 3227/2429/420 3230/2432/420
f 3233/2430/421 3228/2431/421 3234/2431/421
f 3226/2430/421 3234/2431/421 3223/2431/421
f 3225/2432/420 3231/2429/420 3232/2432/420
f 3240/2433/418 3235/2434/418 3239/2435/418
f 3241/2436/418 3238/2437/418 3242/2438/418
f 3242/2438/418 3236/2439/418 3240/2433/418
f 3241/2436/418 3235/2434/418 3237/2440/418
f 3243/2434/419 3248/2433/419 3247/2435/419
f 3246/2437/419 3249/2436/419 3250/2438/419
f 3244/2439/419 3250/2438/419 3248/2433/419
f 3249/2436/419 3243/2434/419 3247/2435/419
f 3251/2435/421 3248/2433/421 3252/2433/421
f 3254/2438/420 3249/2436/420 3253/2436/420
f 3252/2433/423 3250/2438/423 3254/2438/423
f 3253/2436/422 3247/2435/422 3251/2435/422
f 3241/2436/422 3251/2435/422 3239/2435/422
f 3240/2433/423 3254/2438/423 3242/2438/423
f 3242/2438/420 3253/2436/420 3241/2436/420
f 3239/2435/421 3252/2433/421 3240/2433/421
f 3255/2441/418 3258/2442/418 3256/2443/418
f 3262/2442/419 3259/2441/419 3260/2443/419
f 3256/2443/421 3259/2441/421 3255/2441/421
f 3257/2444/420 3262/2442/420 3258/2442/420
f 3258/2442/423 3260/2443/423 3256/2443/423
f 3255/2441/422 3261/2444/422 3257/2444/422
f 3269/2445/418 3265/2446/418 3266/2447/418
f 3267/2448/418 3263/2449/418 3264/2450/418
f 3275/2451/419 3271/2447/419 3272/2446/419
f 3277/2452/419 3273/2450/419 3274/2449/419
f 3268/2452/423 3274/2449/423 3263/2449/423
f 3264/2450/422 3278/2448/422 3267/2448/422
f 3270/2451/423 3272/2446/423 3265/2446/423
f 3276/2445/422 3266/2447/422 3271/2447/422
f 3301/2453/419 3291/2454/419 3295/2455/419
f 3289/2453/422 3300/2456/422 3288/2456/422
f 3298/2457/420 3285/2458/420 3286/2457/420
f 3295/2455/423 3282/2459/423 3283/2455/423
f 3290/2460/424 3301/2453/424 3289/2453/424
f 3280/2461/421 3291/2454/421 3279/2454/421
f 3299/2462/425 3286/2457/425 3287/2462/425
f 3296/2463/426 3283/2455/426 3284/2463/426
f 3291/2454/427 3290/2460/427 3279/2454/427
f 3281/2464/428 3292/2461/428 3280/2461/428
f 3300/2456/429 3287/2462/429 3288/2456/429
f 3297/2458/430 3284/2463/430 3285/2458/430
f 3282/2459/431 3293/2464/431 3281/2464/431
f 3345/2465/432 3314/2466/432 3348/2467/432
f 3353/2468/433 3309/2469/433 3310/2470/433
f 3365/2471/434 3304/2472/434 3303/2473/434
f 3326/2474/435 3317/2475/435 3313/2476/435
f 3365/2471/436 3316/2477/436 3344/2478/436
f 3364/2479/437 3305/2480/437 3304/2472/437
f 3345/2465/438 3310/2470/438 3315/2481/438
f 3330/2482/439 3321/2483/439 3317/2475/439
f 3362/2484/440 3305/2480/440 3363/2485/440
f 3344/2478/441 3318/2486/441 3324/2487/441
f 3361/2488/442 3311/2489/442 3307/2490/442
f 3321/2483/443 3338/2491/443 3325/2492/443
f 3361/2488/444 3306/2493/444 3362/2484/444
f 3323/2494/445 3318/2486/445 3319/2495/445
f 3352/2496/446 3312/2497/446 3311/2489/446
f 3325/2492/447 3375/2498/447 3370/2499/447
f 3326/2474/448 3331/2500/448 3330/2482/448
f 3327/2501/449 3332/2502/449 3331/2500/449
f 3329/2503/450 3332/2502/450 3328/2504/450
f 3342/2505/451 3333/2506/451 3329/2503/451
f 3330/2482/452 3335/2507/452 3334/2508/452
f 3331/2500/453 3336/2509/453 3335/2507/453
f 3333/2506/454 3336/2509/454 3332/2502/454
f 3346/2510/455 3337/2511/455 3333/2506/455
f 3335/2507/456 3338/2491/456 3334/2508/456
f 3336/2509/457 3339/2512/457 3335/2507/457
f 3336/2509/458 3341/2513/458 3340/2514/458
f 3337/2511/459 3354/2515/459 3341/2513/459
f 3339/2512/460 3375/2498/460 3338/2491/460
f 3340/2514/461 3374/2516/461 3339/2512/461
f 3340/2514/462 3372/2517/462 3373/2518/462
f 3341/2513/463 3371/2519/463 3372/2517/463
f 3342/2505/464 3347/2520/464 3346/2510/464
f 3322/2521/465 3308/2522/465 3357/2523/465
f 3322/2521/466 3319/2495/466 3320/2524/466
f 3348/2467/467 3312/2497/467 3349/2525/467
f 3346/2510/468 3351/2526/468 3350/2527/468
f 3357/2523/469 3309/2469/469 3356/2528/469
f 3313/2476/470 3323/2494/470 3322/2521/470
f 3369/2529/471 3363/2485/471 3364/2479/471
f 3351/2526/472 3354/2515/472 3350/2527/472
f 3366/2530/473 3352/2496/473 3361/2488/473
f 3343/2531/474 3353/2468/474 3345/2465/474
f 3317/2475/475 3324/2487/475 3323/2494/475
f 3355/2532/476 3371/2519/476 3354/2515/476
f 3358/2533/477 3356/2528/477 3353/2468/477
f 3325/2492/478 3324/2487/478 3321/2483/478
f 3360/2534/479 3356/2528/479 3359/2535/479
f 3342/2505/480 3358/2533/480 3343/2531/480
f 3329/2503/481 3359/2535/481 3358/2533/481
f 3327/2501/482 3359/2535/482 3328/2504/482
f 3326/2474/483 3360/2534/483 3327/2501/483
f 3370/2499/484 3344/2478/484 3325/2492/484
f 3313/2476/485 3357/2523/485 3360/2534/485
f 3343/2531/486 3348/2467/486 3347/2520/486
f 3366/2530/487 3362/2484/487 3367/2536/487
f 3347/2520/488 3349/2525/488 3351/2526/488
f 3367/2536/489 3363/2485/489 3368/2537/489
f 3355/2532/490 3349/2525/490 3352/2496/490
f 3367/2536/491 3371/2519/491 3366/2530/491
f 3368/2537/492 3372/2517/492 3367/2536/492
f 3368/2537/493 3374/2516/493 3373/2518/493
f 3369/2529/494 3375/2498/494 3374/2516/494
f 3370/2499/495 3364/2479/495 3365/2471/495
f 3392/2455/418 3390/2464/418 3398/2453/418
f 3385/2456/422 3398/2453/422 3386/2453/422
f 3382/2458/420 3395/2457/420 3383/2457/420
f 3380/2455/423 3391/2459/423 3392/2455/423
f 3387/2460/424 3398/2453/424 3399/2460/424
f 3376/2454/421 3389/2461/421 3377/2461/421
f 3384/2462/425 3395/2457/425 3396/2462/425
f 3380/2455/426 3393/2463/426 3381/2463/426
f 3387/2460/427 3388/2454/427 3376/2454/427
f 3377/2461/428 3390/2464/428 3378/2464/428
f 3384/2462/429 3397/2456/429 3385/2456/429
f 3381/2463/430 3394/2458/430 3382/2458/430
f 3378/2464/431 3391/2459/431 3379/2459/431
f 3411/2466/496 3442/2465/496 3445/2467/496
f 3450/2468/497 3406/2469/497 3453/2528/497
f 3462/2471/498 3401/2472/498 3461/2479/498
f 3414/2475/499 3423/2474/499 3410/2476/499
f 3413/2477/500 3462/2471/500 3441/2478/500
f 3461/2479/501 3402/2480/501 3460/2485/501
f 3442/2465/502 3407/2470/502 3450/2468/502
f 3418/2483/503 3427/2482/503 3414/2475/503
f 3402/2480/504 3459/2484/504 3460/2485/504
f 3415/2486/505 3441/2478/505 3421/2487/505
f 3458/2488/506 3408/2489/506 3449/2496/506
f 3418/2483/507 3435/2491/507 3431/2508/507
f 3403/2493/508 3458/2488/508 3459/2484/508
f 3420/2494/509 3415/2486/509 3421/2487/509
f 3449/2496/510 3409/2497/510 3446/2525/510
f 3422/2492/511 3472/2498/511 3435/2491/511
f 3423/2474/512 3428/2500/512 3424/2538/512
f 3424/2538/513 3429/2502/513 3425/2504/513
f 3429/2502/514 3426/2539/514 3425/2504/514
f 3430/2506/515 3439/2505/515 3426/2539/515
f 3427/2482/516 3432/2507/516 3428/2500/516
f 3428/2500/517 3433/2509/517 3429/2502/517
f 3433/2509/518 3430/2506/518 3429/2502/518
f 3434/2511/519 3443/2510/519 3430/2506/519
f 3435/2491/520 3432/2507/520 3431/2508/520
f 3436/2512/521 3433/2509/521 3432/2507/521
f 3433/2509/522 3438/2513/522 3434/2511/522
f 3434/2511/523 3451/2515/523 3447/2527/523
f 3472/2498/524 3436/2512/524 3435/2491/524
f 3471/2516/525 3437/2514/525 3436/2512/525
f 3437/2514/526 3469/2517/526 3438/2513/526
f 3438/2513/527 3468/2519/527 3451/2515/527
f 3439/2505/528 3444/2520/528 3440/2531/528
f 3405/2522/529 3419/2521/529 3454/2523/529
f 3419/2521/530 3416/2495/530 3420/2494/530
f 3409/2497/531 3445/2467/531 3446/2525/531
f 3443/2510/532 3448/2526/532 3444/2520/532
f 3406/2469/533 3454/2523/533 3453/2528/533
f 3410/2476/534 3420/2494/534 3414/2475/534
f 3466/2529/535 3460/2485/535 3465/2537/535
f 3451/2515/536 3448/2526/536 3447/2527/536
f 3463/2530/537 3449/2496/537 3452/2532/537
f 3440/2531/538 3450/2468/538 3455/2533/538
f 3414/2475/539 3421/2487/539 3418/2483/539
f 3468/2519/540 3452/2532/540 3451/2515/540
f 3455/2533/541 3453/2528/541 3456/2535/541
f 3421/2487/542 3422/2492/542 3418/2483/542
f 3453/2528/543 3457/2534/543 3456/2535/543
f 3439/2505/544 3455/2533/544 3426/2539/544
f 3426/2539/545 3456/2535/545 3425/2504/545
f 3456/2535/546 3424/2538/546 3425/2504/546
f 3457/2534/547 3423/2474/547 3424/2538/547
f 3441/2478/548 3467/2499/548 3422/2492/548
f 3454/2523/549 3410/2476/549 3457/2534/549
f 3445/2467/550 3440/2531/550 3444/2520/550
f 3459/2484/551 3463/2530/551 3464/2536/551
f 3446/2525/552 3444/2520/552 3448/2526/552
f 3460/2485/553 3464/2536/553 3465/2537/553
f 3452/2532/554 3446/2525/554 3448/2526/554
f 3468/2519/555 3464/2536/555 3463/2530/555
f 3469/2517/556 3465/2537/556 3464/2536/556
f 3465/2537/557 3471/2516/557 3466/2529/557
f 3466/2529/558 3472/2498/558 3467/2499/558
f 3467/2499/559 3461/2479/559 3466/2529/559
f 3186/2409/418 3183/2412/418 3184/2410/418
f 3187/2410/419 3188/2412/419 3189/2409/419
f 3183/2412/420 3186/2409/420 3189/2409/420
f 3190/2411/421 3185/2411/421 3184/2410/421
f 3195/2413/418 3198/2419/418 3191/2414/418
f 3197/2416/418 3196/2420/418 3194/2417/418
f 3205/2413/419 3206/2415/419 3201/2414/419
f 3203/2416/419 3204/2418/419 3199/2417/419
f 3193/2415/421 3206/2415/421 3205/2413/421
f 3195/2413/422 3205/2413/422 3202/2419/422
f 3196/2420/423 3197/2416/423 3203/2416/423
f 3194/2417/422 3199/2417/422 3204/2418/422
f 3196/2420/421 3200/2420/421 3199/2417/421
f 3193/2415/423 3191/2414/423 3201/2414/423
f 3191/2414/420 3198/2419/420 3202/2419/420
f 3197/2416/420 3192/2418/420 3204/2418/420
f 3213/2421/418 3209/2428/418 3210/2422/418
f 3208/2424/418 3214/2427/418 3211/2425/418
f 3217/2422/419 3218/2428/419 3220/2421/419
f 3222/2425/419 3221/2427/419 3215/2424/419
f 3214/2427/420 3221/2427/420 3222/2425/420
f 3209/2428/420 3218/2428/420 3217/2422/420
f 3212/2423/421 3219/2423/421 3220/2421/421
f 3207/2426/421 3216/2426/421 3215/2424/421
f 3224/2429/418 3225/2432/418 3226/2430/418
f 3229/2430/419 3230/2432/419 3227/2429/419
f 3232/2432/420 3231/2429/420 3227/2429/420
f 3233/2430/421 3229/2430/421 3228/2431/421
f 3226/2430/421 3233/2430/421 3234/2431/421
f 3225/2432/420 3224/2429/420 3231/2429/420
f 3240/2433/418 3236/2439/418 3235/2434/418
f 3241/2436/418 3237/2440/418 3238/2437/418
f 3242/2438/418 3238/2437/418 3236/2439/418
f 3241/2436/418 3239/2435/418 3235/2434/418
f 3243/2434/419 3244/2439/419 3248/2433/419
f 3246/2437/419 3245/2440/419 3249/2436/419
f 3244/2439/419 3246/2437/419 3250/2438/419
f 3249/2436/419 3245/2440/419 3243/2434/419
f 3251/2435/421 3247/2435/421 3248/2433/421
f 3254/2438/420 3250/2438/420 3249/2436/420
f 3252/2433/423 3248/2433/423 3250/2438/423
f 3253/2436/422 3249/2436/422 3247/2435/422
f 3241/2436/422 3253/2436/422 3251/2435/422
f 3240/2433/423 3252/2433/423 3254/2438/423
f 3242/2438/420 3254/2438/420 3253/2436/420
f 3239/2435/421 3251/2435/421 3252/2433/421
f 3255/2441/418 3257/2444/418 3258/2442/418
f 3262/2442/419 3261/2444/419 3259/2441/419
f 3256/2443/421 3260/2443/421 3259/2441/421
f 3257/2444/420 3261/2444/420 3262/2442/420
f 3258/2442/423 3262/2442/423 3260/2443/423
f 3255/2441/422 3259/2441/422 3261/2444/422
f 3269/2445/418 3270/2451/418 3265/2446/418
f 3267/2448/418 3268/2452/418 3263/2449/418
f 3275/2451/419 3276/2445/419 3271/2447/419
f 3277/2452/419 3278/2448/419 3273/2450/419
f 3268/2452/423 3277/2452/423 3274/2449/423
f 3264/2450/422 3273/2450/422 3278/2448/422
f 3270/2451/423 3275/2451/423 3272/2446/423
f 3276/2445/422 3269/2445/422 3266/2447/422
f 3291/2454/419 3292/2461/419 3293/2464/419
f 3293/2464/419 3294/2459/419 3291/2454/419
f 3294/2459/419 3295/2455/419 3291/2454/419
f 3295/2455/419 3296/2463/419 3299/2462/419
f 3296/2463/419 3297/2458/419 3299/2462/419
f 3297/2458/419 3298/2457/419 3299/2462/419
f 3299/2462/419 3300/2456/419 3295/2455/419
f 3300/2456/419 3301/2453/419 3295/2455/419
f 3301/2453/419 3302/2460/419 3291/2454/419
f 3289/2453/422 3301/2453/422 3300/2456/422
f 3298/2457/420 3297/2458/420 3285/2458/420
f 3295/2455/423 3294/2459/423 3282/2459/423
f 3290/2460/424 3302/2460/424 3301/2453/424
f 3280/2461/421 3292/2461/421 3291/2454/421
f 3299/2462/425 3298/2457/425 3286/2457/425
f 3296/2463/426 3295/2455/426 3283/2455/426
f 3291/2454/427 3302/2460/427 3290/2460/427
f 3281/2464/428 3293/2464/428 3292/2461/428
f 3300/2456/429 3299/2462/429 3287/2462/429
f 3297/2458/430 3296/2463/430 3284/2463/430
f 3282/2459/431 3294/2459/431 3293/2464/431
f 3345/2465/432 3315/2481/432 3314/2466/432
f 3353/2468/433 3356/2528/433 3309/2469/433
f 3365/2471/434 3364/2479/434 3304/2472/434
f 3326/2474/560 3330/2482/560 3317/2475/560
f 3365/2471/436 3303/2473/436 3316/2477/436
f 3364/2479/437 3363/2485/437 3305/2480/437
f 3345/2465/438 3353/2468/438 3310/2470/438
f 3330/2482/561 3334/2508/561 3321/2483/561
f 3362/2484/440 3306/2493/440 3305/2480/440
f 3344/2478/441 3316/2477/441 3318/2486/441
f 3361/2488/442 3352/2496/442 3311/2489/442
f 3321/2483/562 3334/2508/562 3338/2491/562
f 3361/2488/444 3307/2490/444 3306/2493/444
f 3323/2494/445 3324/2487/445 3318/2486/445
f 3352/2496/446 3349/2525/446 3312/2497/446
f 3325/2492/563 3338/2491/563 3375/2498/563
f 3326/2474/564 3327/2501/564 3331/2500/564
f 3327/2501/565 3328/2504/565 3332/2502/565
f 3329/2503/566 3333/2506/566 3332/2502/566
f 3342/2505/567 3346/2510/567 3333/2506/567
f 3330/2482/568 3331/2500/568 3335/2507/568
f 3331/2500/569 3332/2502/569 3336/2509/569
f 3333/2506/570 3337/2511/570 3336/2509/570
f 3346/2510/571 3350/2527/571 3337/2511/571
f 3335/2507/572 3339/2512/572 3338/2491/572
f 3336/2509/573 3340/2514/573 3339/2512/573
f 3336/2509/574 3337/2511/574 3341/2513/574
f 3337/2511/575 3350/2527/575 3354/2515/575
f 3339/2512/576 3374/2516/576 3375/2498/576
f 3340/2514/577 3373/2518/577 3374/2516/577
f 3340/2514/578 3341/2513/578 3372/2517/578
f 3341/2513/579 3354/2515/579 3371/2519/579
f 3342/2505/580 3343/2531/580 3347/2520/580
f 3322/2521/465 3320/2524/465 3308/2522/465
f 3322/2521/466 3323/2494/466 3319/2495/466
f 3348/2467/467 3314/2466/467 3312/2497/467
f 3346/2510/581 3347/2520/581 3351/2526/581
f 3357/2523/469 3308/2522/469 3309/2469/469
f 3313/2476/582 3317/2475/582 3323/2494/582
f 3369/2529/583 3368/2537/583 3363/2485/583
f 3351/2526/584 3355/2532/584 3354/2515/584
f 3366/2530/585 3355/2532/585 3352/2496/585
f 3343/2531/586 3358/2533/586 3353/2468/586
f 3317/2475/587 3321/2483/587 3324/2487/587
f 3355/2532/588 3366/2530/588 3371/2519/588
f 3358/2533/589 3359/2535/589 3356/2528/589
f 3325/2492/590 3344/2478/590 3324/2487/590
f 3360/2534/591 3357/2523/591 3356/2528/591
f 3342/2505/592 3329/2503/592 3358/2533/592
f 3329/2503/593 3328/2504/593 3359/2535/593
f 3327/2501/594 3360/2534/594 3359/2535/594
f 3326/2474/595 3313/2476/595 3360/2534/595
f 3370/2499/596 3365/2471/596 3344/2478/596
f 3313/2476/597 3322/2521/597 3357/2523/597
f 3343/2531/598 3345/2465/598 3348/2467/598
f 3366/2530/599 3361/2488/599 3362/2484/599
f 3347/2520/600 3348/2467/600 3349/2525/600
f 3367/2536/601 3362/2484/601 3363/2485/601
f 3355/2532/602 3351/2526/602 3349/2525/602
f 3367/2536/603 3372/2517/603 3371/2519/603
f 3368/2537/604 3373/2518/604 3372/2517/604
f 3368/2537/605 3369/2529/605 3374/2516/605
f 3369/2529/606 3370/2499/606 3375/2498/606
f 3370/2499/607 3369/2529/607 3364/2479/607
f 3390/2464/418 3389/2461/418 3388/2454/418
f 3388/2454/418 3399/2460/418 3398/2453/418
f 3398/2453/418 3397/2456/418 3392/2455/418
f 3397/2456/418 3396/2462/418 3392/2455/418
f 3396/2462/418 3395/2457/418 3394/2458/418
f 3394/2458/418 3393/2463/418 3396/2462/418
f 3393/2463/418 3392/2455/418 3396/2462/418
f 3392/2455/418 3391/2459/418 3390/2464/418
f 3390/2464/418 3388/2454/418 3398/2453/418
f 3385/2456/422 3397/2456/422 3398/2453/422
f 3382/2458/420 3394/2458/420 3395/2457/420
f 3380/2455/423 3379/2459/423 3391/2459/423
f 3387/2460/424 3386/2453/424 3398/2453/424
f 3376/2454/421 3388/2454/421 3389/2461/421
f 3384/2462/425 3383/2457/425 3395/2457/425
f 3380/2455/426 3392/2455/426 3393/2463/426
f 3387/2460/427 3399/2460/427 3388/2454/427
f 3377/2461/428 3389/2461/428 3390/2464/428
f 3384/2462/429 3396/2462/429 3397/2456/429
f 3381/2463/430 3393/2463/430 3394/2458/430
f 3378/2464/431 3390/2464/431 3391/2459/431
f 3411/2466/608 3412/2481/608 3442/2465/608
f 3450/2468/497 3407/2470/497 3406/2469/497
f 3462/2471/498 3400/2473/498 3401/2472/498
f 3414/2475/609 3427/2482/609 3423/2474/609
f 3413/2477/500 3400/2473/500 3462/2471/500
f 3461/2479/501 3401/2472/501 3402/2480/501
f 3442/2465/610 3412/2481/610 3407/2470/610
f 3418/2483/611 3431/2508/611 3427/2482/611
f 3402/2480/504 3403/2493/504 3459/2484/504
f 3415/2486/505 3413/2477/505 3441/2478/505
f 3458/2488/506 3404/2490/506 3408/2489/506
f 3418/2483/612 3422/2492/612 3435/2491/612
f 3403/2493/508 3404/2490/508 3458/2488/508
f 3420/2494/509 3416/2495/509 3415/2486/509
f 3449/2496/510 3408/2489/510 3409/2497/510
f 3422/2492/613 3467/2499/613 3472/2498/613
f 3423/2474/614 3427/2482/614 3428/2500/614
f 3424/2538/615 3428/2500/615 3429/2502/615
f 3429/2502/616 3430/2506/616 3426/2539/616
f 3430/2506/617 3443/2510/617 3439/2505/617
f 3427/2482/618 3431/2508/618 3432/2507/618
f 3428/2500/619 3432/2507/619 3433/2509/619
f 3433/2509/620 3434/2511/620 3430/2506/620
f 3434/2511/621 3447/2527/621 3443/2510/621
f 3435/2491/622 3436/2512/622 3432/2507/622
f 3436/2512/623 3437/2514/623 3433/2509/623
f 3433/2509/624 3437/2514/624 3438/2513/624
f 3434/2511/625 3438/2513/625 3451/2515/625
f 3472/2498/626 3471/2516/626 3436/2512/626
f 3471/2516/627 3470/2518/627 3437/2514/627
f 3437/2514/628 3470/2518/628 3469/2517/628
f 3438/2513/629 3469/2517/629 3468/2519/629
f 3439/2505/630 3443/2510/630 3444/2520/630
f 3405/2522/529 3417/2524/529 3419/2521/529
f 3419/2521/530 3417/2524/530 3416/2495/530
f 3409/2497/531 3411/2466/531 3445/2467/531
f 3443/2510/631 3447/2527/631 3448/2526/631
f 3406/2469/533 3405/2522/533 3454/2523/533
f 3410/2476/632 3419/2521/632 3420/2494/632
f 3466/2529/633 3461/2479/633 3460/2485/633
f 3451/2515/634 3452/2532/634 3448/2526/634
f 3463/2530/635 3458/2488/635 3449/2496/635
f 3440/2531/636 3442/2465/636 3450/2468/636
f 3414/2475/637 3420/2494/637 3421/2487/637
f 3468/2519/638 3463/2530/638 3452/2532/638
f 3455/2533/639 3450/2468/639 3453/2528/639
f 3421/2487/640 3441/2478/640 3422/2492/640
f 3453/2528/641 3454/2523/641 3457/2534/641
f 3439/2505/642 3440/2531/642 3455/2533/642
f 3426/2539/643 3455/2533/643 3456/2535/643
f 3456/2535/644 3457/2534/644 3424/2538/644
f 3457/2534/645 3410/2476/645 3423/2474/645
f 3441/2478/646 3462/2471/646 3467/2499/646
f 3454/2523/647 3419/2521/647 3410/2476/647
f 3445/2467/648 3442/2465/648 3440/2531/648
f 3459/2484/649 3458/2488/649 3463/2530/649
f 3446/2525/650 3445/2467/650 3444/2520/650
f 3460/2485/651 3459/2484/651 3464/2536/651
f 3452/2532/652 3449/2496/652 3446/2525/652
f 3468/2519/653 3469/2517/653 3464/2536/653
f 3469/2517/654 3470/2518/654 3465/2537/654
f 3465/2537/655 3470/2518/655 3471/2516/655
f 3466/2529/656 3471/2516/656 3472/2498/656
f 3467/2499/657 3462/2471/657 3461/2479/657
o (_ignore)_Bld_Log_Cabin_Fireplace_Window_02
v -2.931923 0.814806 0.554460
v -2.931923 1.117354 0.554460
v -2.931923 0.814806 0.177486
v -2.931923 1.117354 0.177486
v -2.939483 0.814806 0.554460
v -2.939483 1.117354 0.554460
v -2.939483 0.814806 0.177486
v -2.939483 1.117354 0.177486
vn 1.0000 -0.0000 -0.0000
vn -1.0000 -0.0000 -0.0000
vt 0.000000 0.000000
s 0
usemtl Glass
f 3475/2540/658 3474/2540/658 3473/2540/658
f 3478/2540/659 3479/2540/659 3477/2540/659
f 3475/2540/658 3476/2540/658 3474/2540/658
f 3478/2540/659 3480/2540/659 3479/2540/659
o (_ignore)_Bld_Log_Cabin_Door_Window_02
v 2.510674 1.575691 -0.744735
v 2.510674 1.575691 -0.047084
v 2.510674 2.176189 -0.744735
v 2.510674 2.176189 -0.047084
v 2.500407 1.575691 -0.744735
v 2.500407 1.575691 -0.047084
v 2.500407 2.176189 -0.744735
v 2.500407 2.176189 -0.047084
vn 1.0000 -0.0000 -0.0000
vn -1.0000 -0.0000 -0.0000
vt 0.812260 0.100582
vt 0.823745 0.084027
vt 0.823745 0.100582
vt 0.823518 0.084027
vt 0.812033 0.100582
vt 0.823518 0.100582
vt 0.812260 0.084027
vt 0.812033 0.084027
s 0
usemtl Glass
f 3484/2541/660 3481/2542/660 3483/2543/660
f 3485/2544/661 3488/2545/661 3487/2546/661
f 3484/2541/660 3482/2547/660 3481/2542/660
f 3485/2544/661 3486/2548/661 3488/2545/661
o (_ignore)_Bld_Log_Cabin_Windows_02
v 1.133566 1.495082 1.712889
v 1.133566 2.132581 1.712889
v 0.216424 1.495082 1.712889
v 0.216424 2.132581 1.712889
v 1.133566 1.495082 1.683960
v 1.133566 2.132581 1.683960
v 0.216424 1.495082 1.683960
v 0.216424 2.132581 1.683960
v -1.997517 1.519144 -3.702454
v -1.997517 2.156642 -3.702454
v -2.914659 1.519144 -3.702454
v -2.914659 2.156642 -3.702454
v -1.997517 1.519144 -3.673525
v -1.997517 2.156642 -3.673525
v -2.914659 1.519144 -3.673525
v -2.914659 2.156642 -3.673525
vn -0.0000 -0.0000 1.0000
vn -0.0000 -0.0000 -1.0000
vt 0.788368 0.099380
vt 0.763084 0.081805
vt 0.788368 0.081805
vt 0.676763 0.082468
vt 0.702048 0.100043
vt 0.702048 0.082468
vt 0.763084 0.099380
vt 0.676763 0.100043
s 0
usemtl Glass
f 3490/2549/662 3491/2550/662 3489/2551/662
f 3495/2550/663 3494/2549/663 3493/2551/663
f 3499/2552/663 3498/2553/663 3497/2554/663
f 3502/2553/662 3503/2552/662 3501/2554/662
f 3490/2549/662 3492/2555/662 3491/2550/662
f 3495/2550/663 3496/2555/663 3494/2549/663
f 3499/2552/663 3500/2556/663 3498/2553/663
f 3502/2553/662 3504/2556/662 3503/2552/662
