# Blender 4.4.0
# www.blender.org
mtllib Bld_Stable_01.mtl
o Bld_Stable_01_Stall_Door_01
v -1.784901 1.070906 7.815356
v -1.784901 0.112066 8.671316
v -1.784901 1.115493 7.858142
v -1.784901 0.156653 8.714103
v -1.762986 1.115493 7.858142
v -1.762986 1.070906 7.815356
v -1.762986 0.112066 8.671316
v -1.762986 0.156653 8.714103
v -1.721567 0.134359 8.785116
v -1.721567 0.134362 7.747633
v -1.792304 0.134362 7.747633
v -1.792304 0.134359 8.785116
v -1.721567 1.091167 8.785119
v -1.721567 1.091170 7.747636
v -1.792304 1.091170 7.747636
v -1.792304 1.091167 8.785119
v -1.721567 0.134359 8.689013
v -1.721567 0.134362 7.843737
v -1.792304 0.134362 7.843737
v -1.792304 0.134359 8.689013
v -1.721567 1.091167 8.689015
v -1.721567 1.091169 7.843740
v -1.792304 1.091169 7.843740
v -1.792304 1.091167 8.689015
v -1.712725 1.226297 8.785119
v -1.712724 1.226300 7.747637
v -1.801146 1.226300 7.747637
v -1.801146 1.226297 8.785119
v -1.712725 1.091167 8.785119
v -1.712724 1.091170 7.747636
v -1.801146 1.091170 7.747636
v -1.801146 1.091167 8.785119
v -1.712725 0.134359 8.785116
v -1.712724 0.134362 7.747634
v -1.801146 0.134362 7.747634
v -1.801146 0.134359 8.785116
v -1.712725 -0.000249 8.785116
v -1.712724 -0.000247 7.747633
v -1.801146 -0.000247 7.747633
v -1.801146 -0.000249 8.785116
v -1.750884 1.070904 8.714106
v -1.750884 0.112069 7.858140
v -1.750884 1.115491 8.671319
v -1.750884 0.156655 7.815353
v -1.728969 1.115491 8.671319
v -1.728969 1.070904 8.714106
v -1.728969 0.112069 7.858140
v -1.728969 0.156655 7.815353
v -1.750884 0.134359 8.688086
v -1.750884 0.134362 7.844665
v -1.762986 0.134362 7.844665
v -1.762986 0.134359 8.688086
v -1.750884 1.091167 8.688087
v -1.750884 1.091169 7.844667
v -1.762986 1.091169 7.844667
v -1.762987 1.091167 8.688087
v -1.762986 0.134360 8.521395
v -1.762986 0.134360 8.517408
v -1.762986 0.134360 8.352710
v -1.762986 0.134360 8.348724
v -1.762986 0.134361 8.184026
v -1.762986 0.134361 8.180039
v -1.762986 0.134361 8.015342
v -1.762986 0.134361 8.011355
v -1.762986 1.091168 8.517410
v -1.762986 1.091168 8.521397
v -1.762986 1.091168 8.348726
v -1.762986 1.091168 8.352713
v -1.762986 1.091169 8.180042
v -1.762986 1.091169 8.184029
v -1.762986 1.091169 8.011358
v -1.762986 1.091169 8.015345
v -1.750884 0.134360 8.517408
v -1.750884 0.134360 8.521395
v -1.750884 0.134360 8.348724
v -1.750884 0.134360 8.352710
v -1.750884 0.134361 8.180039
v -1.750884 0.134361 8.184026
v -1.750884 0.134361 8.011355
v -1.750884 0.134361 8.015342
v -1.750884 1.091168 8.521397
v -1.750884 1.091168 8.517410
v -1.750884 1.091168 8.352713
v -1.750884 1.091168 8.348726
v -1.750884 1.091169 8.184029
v -1.750884 1.091169 8.180042
v -1.750884 1.091169 8.015345
v -1.750884 1.091169 8.011358
vn -1.0000 -0.0000 -0.0000
vn 1.0000 -0.0000 -0.0000
vn -0.0000 0.6660 0.7460
vn -0.0000 -0.6660 -0.7460
vn -0.0000 -0.0000 -1.0000
vn -0.0000 -0.0000 1.0000
vn -0.0000 -1.0000 -0.0000
vn -0.0000 1.0000 -0.0000
vn -0.0000 0.6660 -0.7460
vn -0.0000 -0.6660 0.7460
vt 0.076016 0.949660
vt 0.072189 0.929504
vt 0.075834 0.950643
vt 0.072371 0.928521
vt 0.071886 0.929012
vt 0.072295 0.950107
vt 0.071886 0.950107
vt 0.076304 0.929012
vt 0.076304 0.950107
vt 0.072295 0.929012
vt 0.075895 0.929012
vt 0.075895 0.950107
vt 0.071886 0.953086
vt 0.076304 0.953086
vt 0.071886 0.926045
vt 0.076304 0.926045
vt 0.072189 0.949660
vt 0.076016 0.929504
vt 0.075834 0.928521
vt 0.072371 0.950643
vt 0.573466 0.849864
vt 0.573722 0.984706
vt 0.573722 0.849864
vt 0.580171 0.818000
vt 0.580430 0.952843
vt 0.580171 0.952843
vt 0.574253 0.849864
vt 0.574513 0.984706
vt 0.574513 0.849864
vt 0.581217 0.818000
vt 0.580961 0.952843
vt 0.581217 0.952843
vt 0.580699 0.818000
vt 0.580955 0.952843
vt 0.580955 0.818000
vt 0.573466 0.984706
vt 0.580699 0.952843
vt 0.580961 0.818000
vt 0.574253 0.984706
vt 0.580430 0.818000
s 0
usemtl Texture_Map
f 1/1/1 4/2/1 3/3/1
f 6/1/2 8/2/2 7/4/2
f 8/2/3 3/3/3 4/2/3
f 6/1/4 2/4/4 1/1/4
f 9/5/2 21/6/2 13/7/2
f 11/8/5 14/9/5 10/8/5
f 9/5/6 16/7/6 12/5/6
f 20/10/7 9/5/7 12/5/7
f 19/11/1 15/9/1 11/8/1
f 12/5/1 24/6/1 20/10/1
f 10/8/2 22/12/2 18/11/2
f 17/10/5 24/6/5 21/6/5
f 11/8/7 18/11/7 19/11/7
f 22/12/6 19/11/6 18/11/6
f 28/13/8 26/14/8 27/14/8
f 30/9/7 32/7/7 31/9/7
f 32/7/6 25/13/6 28/13/6
f 29/7/2 26/14/2 25/13/2
f 31/9/1 28/13/1 27/14/1
f 26/14/5 31/9/5 27/14/5
f 35/8/8 33/5/8 34/8/8
f 40/15/6 33/5/6 36/5/6
f 33/5/2 38/16/2 34/8/2
f 39/16/1 36/5/1 35/8/1
f 38/16/5 35/8/5 34/8/5
f 41/17/1 44/18/1 42/19/1
f 46/17/2 48/18/2 45/20/2
f 44/18/9 45/20/9 48/18/9
f 42/19/10 46/17/10 41/17/10
f 58/21/1 68/22/1 59/23/1
f 49/24/2 81/25/2 53/26/2
f 64/27/1 55/28/1 51/29/1
f 63/30/1 69/31/1 72/32/1
f 60/33/1 70/34/1 61/35/1
f 73/21/2 83/22/2 82/36/2
f 78/35/2 84/37/2 75/33/2
f 80/30/2 86/31/2 77/38/2
f 79/27/2 54/28/2 88/39/2
f 88/39/6 64/27/6 79/27/6
f 72/32/5 80/30/5 63/30/5
f 62/38/6 86/31/6 69/31/6
f 70/34/5 78/35/5 61/35/5
f 60/33/6 84/37/6 67/37/6
f 68/22/5 76/23/5 59/23/5
f 58/21/6 82/36/6 65/36/6
f 66/25/5 74/40/5 57/40/5
f 52/24/1 66/25/1 57/40/1
f 1/1/1 2/4/1 4/2/1
f 6/1/2 5/3/2 8/2/2
f 8/2/3 5/3/3 3/3/3
f 6/1/4 7/4/4 2/4/4
f 9/5/2 17/10/2 21/6/2
f 11/8/5 15/9/5 14/9/5
f 9/5/6 13/7/6 16/7/6
f 20/10/7 17/10/7 9/5/7
f 19/11/1 23/12/1 15/9/1
f 12/5/1 16/7/1 24/6/1
f 10/8/2 14/9/2 22/12/2
f 17/10/5 20/10/5 24/6/5
f 11/8/7 10/8/7 18/11/7
f 22/12/6 23/12/6 19/11/6
f 28/13/8 25/13/8 26/14/8
f 30/9/7 29/7/7 32/7/7
f 32/7/6 29/7/6 25/13/6
f 29/7/2 30/9/2 26/14/2
f 31/9/1 32/7/1 28/13/1
f 26/14/5 30/9/5 31/9/5
f 35/8/8 36/5/8 33/5/8
f 40/15/6 37/15/6 33/5/6
f 33/5/2 37/15/2 38/16/2
f 39/16/1 40/15/1 36/5/1
f 38/16/5 39/16/5 35/8/5
f 41/17/1 43/20/1 44/18/1
f 46/17/2 47/19/2 48/18/2
f 44/18/9 43/20/9 45/20/9
f 42/19/10 47/19/10 46/17/10
f 58/21/1 65/36/1 68/22/1
f 49/24/2 74/40/2 81/25/2
f 64/27/1 71/39/1 55/28/1
f 63/30/1 62/38/1 69/31/1
f 60/33/1 67/37/1 70/34/1
f 73/21/2 76/23/2 83/22/2
f 78/35/2 85/34/2 84/37/2
f 80/30/2 87/32/2 86/31/2
f 79/27/2 50/29/2 54/28/2
f 88/39/6 71/39/6 64/27/6
f 72/32/5 87/32/5 80/30/5
f 62/38/6 77/38/6 86/31/6
f 70/34/5 85/34/5 78/35/5
f 60/33/6 75/33/6 84/37/6
f 68/22/5 83/22/5 76/23/5
f 58/21/6 73/21/6 82/36/6
f 66/25/5 81/25/5 74/40/5
f 52/24/1 56/26/1 66/25/1
o Bld_Stable_01
v -0.005105 8.961695 -11.131926
v -0.005108 8.961649 10.653814
v -0.005105 9.002920 -11.131926
v -0.005108 9.002874 10.653814
v 0.582502 8.555132 -11.131926
v 0.582499 8.555086 10.653814
v 0.589726 8.596357 -11.131926
v 0.589723 8.596312 10.653814
v -0.005106 9.002903 -2.942591
v 0.589725 8.596340 -2.942591
v 0.606726 8.621229 -11.131926
v -0.005105 9.027792 -11.131926
v -0.005106 9.027775 -2.942591
v 0.606725 8.621212 -2.942591
v 0.582501 8.555115 -2.942591
v 1.757713 5.390709 10.653809
v 1.757715 5.390752 -11.131931
v 1.779386 5.431934 10.653809
v 1.779388 5.431977 -11.131931
v 2.848925 4.976530 10.653809
v 2.848927 4.976573 -11.131931
v 2.870598 5.017755 10.653809
v 2.870600 5.017798 -11.131931
v 1.779387 5.431957 -2.061945
v 2.870599 5.017778 -2.061944
v 1.793358 5.468745 10.653809
v 2.884570 5.054565 10.653809
v 1.793359 5.468768 -2.061945
v 2.884571 5.054588 -2.061944
v 1.757714 5.390732 -2.061945
v 2.848926 4.976553 -2.061944
v 2.853373 4.974841 10.653809
v 3.942629 4.561404 10.653809
v 3.942631 4.561447 -11.131931
v 2.853376 4.974884 -11.131931
v 2.875046 5.016067 10.653809
v 3.964302 4.602630 10.653809
v 3.964304 4.602673 -11.131931
v 2.875049 5.016109 -11.131931
v 2.875047 5.016081 2.994690
v 3.964303 4.602644 2.994689
v 3.978276 4.639483 -11.131931
v 2.889021 5.052920 -11.131931
v 2.889019 5.052891 2.994690
v 3.978275 4.639455 2.994689
v 2.853374 4.974855 2.994690
v 3.942630 4.561419 2.994689
v 3.949034 4.558973 10.653809
v 5.035260 4.146686 10.653803
v 5.035263 4.146729 -11.131937
v 3.949036 4.559016 -11.131931
v 3.970707 4.600199 10.653809
v 5.056934 4.187911 10.653803
v 5.056937 4.187954 -11.131937
v 3.970709 4.600242 -11.131931
v 3.970709 4.600230 -5.188480
v 5.056936 4.187943 -5.188480
v 5.070909 4.224765 -11.131937
v 3.984681 4.637053 -11.131931
v 3.984681 4.637041 -5.188480
v 5.070908 4.224753 -5.188480
v 3.949036 4.559005 -5.188480
v 5.035262 4.146717 -5.188480
v 6.140354 3.727236 10.653803
v 6.140357 3.727280 -11.131937
v 6.162027 3.768461 10.653803
v 6.162030 3.768505 -11.131937
v 5.044693 4.143106 10.653803
v 5.044696 4.143148 -11.131937
v 5.066367 4.184331 10.653803
v 5.066370 4.184374 -11.131937
v 6.162027 3.768475 4.043076
v 5.066367 4.184342 4.043075
v 5.080338 4.221141 10.653803
v 6.175999 3.805272 10.653803
v 6.175999 3.805285 4.043076
v 5.080339 4.221153 4.043075
v 6.140354 3.727249 4.043076
v 5.044694 4.143117 4.043075
v 1.168578 8.149628 -11.131926
v 0.583895 8.554168 -11.131926
v 1.183008 8.190853 -11.131926
v 1.168576 8.149582 10.653814
v 0.583893 8.554122 10.653814
v 1.183006 8.190807 10.653814
v 0.591134 8.595347 10.653814
v 1.183007 8.190830 1.162724
v 1.200006 8.215679 10.653814
v 0.608134 8.620219 10.653814
v 1.200007 8.215702 1.162724
v 0.608135 8.620242 1.162726
v 0.591135 8.595370 1.162725
v 0.591137 8.595393 -11.131926
v 1.168577 8.149605 1.162724
v 0.583894 8.554145 1.162725
v 1.757715 7.742005 -11.131926
v 1.757712 7.741962 10.653814
v 1.779388 7.783231 -11.131926
v 1.170108 8.148569 -11.131926
v 1.184557 8.189795 -11.131926
v 1.170106 8.148523 10.653814
v 1.184555 8.189749 10.653814
v 1.779386 7.783188 10.653814
v 1.184557 8.189783 -5.559457
v 1.779388 7.783219 -5.559460
v 1.201557 8.214655 -5.559457
v 1.201557 8.214666 -11.131926
v 1.796388 7.808092 -5.559460
v 1.796388 7.808103 -11.131926
v 1.757715 7.741994 -5.559461
v 1.170108 8.148558 -5.559458
v -0.592712 8.555132 -11.131926
v -0.592715 8.555086 10.653814
v -0.599936 8.596357 -11.131926
v -0.599939 8.596312 10.653814
v -0.599937 8.596340 -2.942591
v -0.616936 8.621229 -11.131926
v -0.616937 8.621212 -2.942591
v -0.592713 8.555115 -2.942591
v -1.767928 5.390709 10.653809
v -1.767926 5.390752 -11.131931
v -1.789601 5.431934 10.653809
v -1.789599 5.431977 -11.131931
v -2.859139 4.976530 10.653809
v -2.859137 4.976573 -11.131931
v -2.880813 5.017755 10.653809
v -2.880810 5.017798 -11.131931
v -1.789600 5.431957 -2.061945
v -2.880812 5.017778 -2.061945
v -1.803573 5.468745 10.653809
v -2.894784 5.054565 10.653809
v -1.803572 5.468768 -2.061945
v -2.894783 5.054588 -2.061945
v -1.767927 5.390732 -2.061945
v -2.859138 4.976553 -2.061945
v -2.863588 4.974841 10.653809
v -3.952844 4.561404 10.653809
v -3.952841 4.561447 -11.131931
v -2.863586 4.974884 -11.131931
v -2.885262 5.016067 10.653809
v -3.974517 4.602630 10.653809
v -3.974514 4.602673 -11.131931
v -2.885259 5.016109 -11.131931
v -2.885261 5.016081 2.994689
v -3.974516 4.602644 2.994688
v -3.988486 4.639483 -11.131931
v -2.899231 5.052920 -11.131931
v -2.899232 5.052891 2.994689
v -3.988488 4.639455 2.994688
v -2.863587 4.974855 2.994689
v -3.952843 4.561419 2.994688
v -3.959249 4.558973 10.653809
v -5.045476 4.146686 10.653803
v -5.045473 4.146729 -11.131937
v -3.959246 4.559016 -11.131931
v -3.980922 4.600199 10.653809
v -5.067150 4.187911 10.653803
v -5.067147 4.187954 -11.131937
v -3.980919 4.600242 -11.131931
v -3.980920 4.600230 -5.188481
v -5.067148 4.187943 -5.188481
v -5.081119 4.224765 -11.131937
v -3.994891 4.637053 -11.131931
v -3.994892 4.637041 -5.188481
v -5.081120 4.224753 -5.188481
v -3.959247 4.559005 -5.188481
v -5.045474 4.146717 -5.188481
v -6.150569 3.727236 10.653803
v -6.150567 3.727279 -11.131937
v -6.172243 3.768461 10.653803
v -6.172240 3.768504 -11.131937
v -5.054909 4.143106 10.653803
v -5.054906 4.143148 -11.131937
v -5.076582 4.184331 10.653803
v -5.076580 4.184374 -11.131937
v -6.172242 3.768474 4.043074
v -5.076582 4.184342 4.043074
v -5.090554 4.221141 10.653803
v -6.186214 3.805272 10.653803
v -6.186214 3.805285 4.043074
v -5.090554 4.221153 4.043074
v -6.150569 3.727249 4.043074
v -5.054909 4.143117 4.043074
v -1.178789 8.149628 -11.131926
v -0.594106 8.554168 -11.131926
v -1.193219 8.190853 -11.131926
v -1.178791 8.149582 10.653814
v -0.594108 8.554122 10.653814
v -1.193221 8.190807 10.653814
v -0.601350 8.595347 10.653814
v -1.193220 8.190830 1.162724
v -1.210221 8.215679 10.653814
v -0.618350 8.620219 10.653814
v -1.210220 8.215702 1.162724
v -0.618348 8.620242 1.162726
v -0.601349 8.595370 1.162725
v -0.601347 8.595393 -11.131926
v -1.178790 8.149605 1.162724
v -0.594107 8.554145 1.162725
v -1.767926 7.742005 -11.131926
v -1.767928 7.741962 10.653814
v -1.789599 7.783231 -11.131926
v -1.180319 8.148569 -11.131926
v -1.194768 8.189795 -11.131926
v -1.180321 8.148523 10.653814
v -1.194770 8.189749 10.653814
v -1.789601 7.783188 10.653814
v -1.194768 8.189783 -5.559457
v -1.789599 7.783219 -5.559460
v -1.211768 8.214655 -5.559457
v -1.211768 8.214666 -11.131926
v -1.806599 7.808092 -5.559460
v -1.806599 7.808103 -11.131926
v -1.767926 7.741994 -5.559461
v -1.180319 8.148558 -5.559458
v 5.942460 0.000144 -10.973589
v 5.942460 3.654290 -10.973583
v 1.691623 7.618986 -10.973572
v -5.952670 0.000143 -10.973589
v -5.952670 3.654290 -10.973583
v -1.701833 7.618986 -10.973572
v -0.002397 0.000144 -10.973589
v 1.688915 0.000144 -10.973589
v 1.694330 0.000144 -10.973589
v 1.694330 5.266705 -10.973577
v -0.002398 8.836732 -10.973572
v -0.007813 8.836732 -10.973572
v -1.699125 0.000144 -10.973589
v 5.408398 0.000144 -10.973589
v 5.413813 0.000144 -10.973589
v 4.882458 0.000144 -10.973589
v 4.345688 0.000144 -10.973589
v 3.814334 0.000144 -10.973589
v 3.819749 0.000144 -10.973589
v 3.282979 0.000144 -10.973589
v 3.288394 0.000144 -10.973589
v 2.751625 0.000144 -10.973589
v 2.220270 0.000144 -10.973589
v 2.225684 0.000144 -10.973589
v 5.413813 3.854943 -10.973583
v 5.408398 3.856998 -10.973583
v 4.882458 4.056622 -10.973583
v 4.345688 4.260357 -10.973583
v 3.819748 4.459983 -10.973577
v 3.814334 4.462038 -10.973577
v 3.288393 4.661663 -10.973577
v 3.282979 4.663718 -10.973577
v 2.751625 4.865399 -10.973577
v 2.225684 5.065024 -10.973577
v 2.220270 5.067080 -10.973577
v -5.424023 0.000143 -10.973589
v -4.892668 0.000143 -10.973589
v -4.887253 0.000143 -10.973589
v -4.361313 0.000143 -10.973589
v -4.355898 0.000143 -10.973589
v -3.829959 0.000143 -10.973589
v -3.298604 0.000144 -10.973589
v -3.293189 0.000144 -10.973589
v -2.767249 0.000144 -10.973589
v -2.761834 0.000144 -10.973589
v -2.235894 0.000144 -10.973589
v -5.424023 3.854943 -10.973583
v -4.887253 4.058677 -10.973583
v -4.892668 4.056622 -10.973583
v -4.355898 4.260357 -10.973583
v -4.361313 4.258302 -10.973583
v -3.829959 4.459983 -10.973577
v -3.293190 4.663718 -10.973577
v -3.298604 4.661663 -10.973577
v -2.761835 4.865399 -10.973577
v -2.767249 4.863344 -10.973577
v -2.235895 5.065024 -10.973577
v -1.280358 0.000144 -10.973589
v -1.274943 0.000144 -10.973589
v -0.856176 0.000144 -10.973589
v -0.850761 0.000144 -10.973589
v -0.431994 0.000144 -10.973589
v -1.274944 7.925854 -10.973572
v -1.280358 7.921962 -10.973572
v -0.850762 8.230780 -10.973572
v -0.856176 8.226887 -10.973572
v -0.426580 8.535702 -10.973572
v -0.431994 8.531810 -10.973572
v 1.264734 0.000144 -10.973589
v 0.840552 0.000144 -10.973589
v 0.845966 0.000144 -10.973589
v 0.416370 0.000144 -10.973589
v 0.421784 0.000144 -10.973589
v 1.264733 7.925854 -10.973572
v 0.845966 8.226887 -10.973572
v 0.840551 8.230780 -10.973572
v 0.421784 8.531810 -10.973572
v 0.416369 8.535702 -10.973572
v 1.691620 5.267692 10.257132
v 1.691623 5.267732 -10.732045
v 1.691623 7.618986 -10.732039
v 1.691620 7.618946 10.261460
v -1.687809 5.267692 10.261455
v -1.701833 7.618986 -10.735589
v -1.701835 7.618946 10.261460
v -1.701835 5.267695 9.162657
v -1.701835 5.267695 9.149618
v -1.701835 5.267695 8.057340
v -1.701835 5.267698 8.044301
v -1.701835 5.267698 6.952022
v -1.701835 5.267698 6.938983
v -1.701835 5.267701 5.846704
v -1.701835 5.267701 5.833666
v -1.701835 5.267704 4.741387
v -1.701834 5.267706 3.623029
v -1.701834 5.267706 2.530750
v -1.701834 5.267706 2.517712
v -1.701834 5.267709 1.425432
v -1.701834 5.267712 0.320116
v -1.701834 5.267712 0.307077
v -1.701834 5.267715 -0.785202
v -1.701834 5.267715 -1.903558
v -1.701834 5.267718 -2.995837
v -1.701834 5.267718 -3.008876
v -1.701833 5.267721 -4.101153
v -1.701833 5.267721 -4.114191
v -1.701833 5.267724 -5.206470
v -1.701833 5.267724 -5.219509
v -1.701833 5.267724 -6.324826
v -1.701833 5.267726 -7.417105
v -1.701833 5.267726 -7.430143
v -1.701833 5.267729 -8.522422
v -1.701833 5.267729 -8.535460
v -1.701833 5.267732 -9.627740
v -1.701835 7.618948 9.149624
v -1.701835 7.618948 9.162663
v -1.701835 7.618951 8.044307
v -1.701835 7.618948 8.057345
v -1.701835 7.618951 6.938986
v -1.701835 7.618951 6.952025
v -1.701835 7.618954 5.833669
v -1.701835 7.618954 5.846707
v -1.701835 7.618957 4.741390
v -1.701835 7.618960 3.623033
v -1.701835 7.618960 2.517716
v -1.701835 7.618960 2.530754
v -1.701834 7.618963 1.425437
v -1.701834 7.618966 0.307082
v -1.701834 7.618966 0.320120
v -1.701834 7.618968 -0.785197
v -1.701834 7.618968 -1.903553
v -1.701834 7.618971 -3.008871
v -1.701834 7.618971 -2.995833
v -1.701834 7.618974 -4.114188
v -1.701834 7.618974 -4.101150
v -1.701834 7.618977 -5.219506
v -1.701834 7.618977 -5.206468
v -1.701833 7.618977 -6.324823
v -1.701833 7.618980 -7.430140
v -1.701833 7.618980 -7.417102
v -1.701833 7.618983 -8.535455
v -1.701833 7.618983 -8.522416
v -1.701833 7.618986 -9.627734
v 1.691620 5.267695 9.149618
v 1.691620 5.267698 8.044301
v 1.691620 5.267695 8.057340
v 1.691621 5.267698 6.952022
v 1.691621 5.267701 5.833666
v 1.691621 5.267701 5.846704
v 1.691621 5.267704 4.741387
v 1.691621 5.267706 3.623029
v 1.691621 5.267706 2.517712
v 1.691621 5.267706 2.530751
v 1.691621 5.267709 1.412395
v 1.691621 5.267709 1.425433
v 1.691621 5.267712 0.307078
v 1.691621 5.267712 0.320116
v 1.691621 5.267715 -0.785202
v 1.691622 5.267715 -1.903557
v 1.691622 5.267715 -1.890519
v 1.691622 5.267718 -3.008875
v 1.691622 5.267718 -2.995836
v 1.691622 5.267721 -4.101153
v 1.691622 5.267724 -5.219509
v 1.691622 5.267724 -5.206470
v 1.691622 5.267724 -6.311788
v 1.691622 5.267726 -7.430143
v 1.691622 5.267729 -8.535460
v 1.691622 5.267729 -8.522422
v 1.691623 5.267732 -9.640779
v 1.691620 7.618948 9.149624
v 1.691620 7.618948 8.057345
v 1.691620 7.618951 8.044307
v 1.691621 7.618951 6.952025
v 1.691621 7.618954 5.846707
v 1.691621 7.618954 5.833669
v 1.691621 7.618957 4.741390
v 1.691621 7.618960 3.623034
v 1.691621 7.618960 2.530755
v 1.691621 7.618960 2.517717
v 1.691621 7.618963 1.425438
v 1.691621 7.618963 1.412400
v 1.691621 7.618966 0.320120
v 1.691621 7.618966 0.307082
v 1.691621 7.618968 -0.785197
v 1.691622 7.618968 -1.890514
v 1.691622 7.618968 -1.903552
v 1.691622 7.618971 -2.995832
v 1.691622 7.618971 -3.008871
v 1.691622 7.618974 -4.101150
v 1.691622 7.618977 -5.206468
v 1.691622 7.618977 -5.219506
v 1.691622 7.618977 -6.311785
v 1.691622 7.618980 -7.430140
v 1.691622 7.618983 -8.522416
v 1.691622 7.618983 -8.535455
v 1.691622 7.618986 -9.640773
v 5.942457 0.000102 10.495443
v 5.942457 3.654248 10.495449
v 1.691620 0.000101 10.495443
v -5.952672 0.000101 10.495443
v -5.952672 3.654248 10.495449
v -1.701835 0.000101 10.495443
v -1.701836 7.618946 10.495461
v 1.697664 5.265398 10.495455
v -0.011152 8.834288 10.495461
v 0.000936 8.834288 10.495461
v -0.011152 2.477685 10.495449
v -1.707880 5.265398 10.495455
v -1.695791 2.477685 10.495449
v -1.701835 2.471641 10.495449
v 2.216931 0.000102 10.495443
v 2.760374 0.000102 10.495443
v 3.279640 0.000102 10.495443
v 3.823083 0.000102 10.495443
v 3.810995 0.000102 10.495443
v 4.342349 0.000102 10.495443
v 4.885791 0.000102 10.495443
v 5.417146 0.000102 10.495443
v 5.405058 0.000102 10.495443
v 2.216931 5.068306 10.495455
v 2.760374 4.862037 10.495455
v 3.279640 4.664945 10.495455
v 3.810995 4.463264 10.495455
v 3.823083 4.458676 10.495455
v 4.342349 4.261584 10.495449
v 4.885791 4.055315 10.495449
v 5.405058 3.858223 10.495449
v 5.417146 3.853635 10.495449
v -2.227146 0.000101 10.495443
v -2.239234 0.000101 10.495443
v -2.770588 0.000101 10.495443
v -3.301943 0.000101 10.495443
v -3.821210 0.000101 10.495443
v -3.833298 0.000101 10.495443
v -4.364653 0.000101 10.495443
v -4.883919 0.000101 10.495443
v -4.896007 0.000101 10.495443
v -5.427362 0.000101 10.495443
v -2.239234 5.063718 10.495455
v -2.227146 5.068306 10.495455
v -2.770588 4.862037 10.495455
v -3.301943 4.660357 10.495455
v -3.833298 4.458676 10.495455
v -3.821210 4.463264 10.495455
v -4.364653 4.256996 10.495449
v -4.896007 4.055315 10.495449
v -4.883919 4.059904 10.495449
v -5.427362 3.853634 10.495449
v -0.435334 8.529366 10.495461
v -0.423246 8.538055 10.495461
v -0.859516 8.224442 10.495461
v -1.283698 7.919523 10.495461
v -1.271610 7.928213 10.495461
v -1.271609 2.477685 10.495449
v -1.283697 2.477685 10.495449
v -0.859515 2.477685 10.495449
v -0.423245 2.477685 10.495449
v -0.435333 2.477685 10.495449
v 0.413030 8.538055 10.495461
v 0.425118 8.529366 10.495461
v 0.837212 8.233132 10.495461
v 0.849300 8.224442 10.495461
v 1.261394 7.928213 10.495461
v 1.273482 7.919523 10.495461
v 1.273482 2.477685 10.495449
v 1.261394 2.477685 10.495449
v 0.849300 2.477685 10.495449
v 0.837212 2.477685 10.495449
v 0.425118 2.477685 10.495449
v 5.942457 0.000102 10.259585
v 5.942460 0.000143 -10.735342
v 5.942457 3.654248 10.259591
v 5.942460 3.654290 -10.735336
v -5.952672 0.000102 10.254382
v -5.952670 0.000143 -10.730781
v -5.952672 3.654248 10.254388
v -5.952670 3.654290 -10.730775
v -5.952672 0.000103 9.386843
v -5.952672 0.000105 8.519826
v -5.952672 0.000107 7.644782
v -5.952672 0.000107 7.627845
v -5.952672 0.000108 6.769360
v -5.952672 0.000110 5.889578
v -5.952672 0.000112 5.092260
v -5.952672 0.000112 5.075324
v -5.952672 0.000114 4.144610
v -5.952672 0.000114 4.127674
v -5.952672 0.000115 3.269567
v -5.952672 0.000115 3.252631
v -5.952671 0.000117 2.382583
v -5.952671 0.000119 1.519481
v -5.952671 0.000119 1.502545
v -5.952671 0.000121 0.644438
v -5.952671 0.000121 0.627502
v -5.952671 0.000122 -0.240621
v -5.952671 0.000124 -1.105648
v -5.952671 0.000124 -1.122584
v -5.952671 0.000126 -1.980691
v -5.952671 0.000127 -2.855734
v -5.952671 0.000127 -2.872670
v -5.952671 0.000129 -3.828258
v -5.952671 0.000129 -3.845194
v -5.952671 0.000131 -4.613221
v -5.952670 0.000133 -5.480863
v -5.952670 0.000133 -5.497799
v -5.952670 0.000134 -6.355906
v -5.952670 0.000136 -7.244915
v -5.952670 0.000138 -8.105990
v -5.952670 0.000138 -8.122927
v -5.952670 0.000141 -9.856077
v -5.952670 0.000141 -9.873014
v -5.952672 3.654250 9.386848
v -5.952672 3.654251 8.502894
v -5.952672 3.654251 8.519832
v -5.952672 3.654254 7.627851
v -5.952672 3.654254 7.644788
v -5.952672 3.654255 6.769366
v -5.952672 3.654257 5.889584
v -5.952672 3.654258 5.075329
v -5.952672 3.654258 5.092266
v -5.952672 3.654260 4.127679
v -5.952672 3.654260 4.144616
v -5.952672 3.654263 3.252638
v -5.952672 3.654263 3.269574
v -5.952672 3.654264 2.382591
v -5.952671 3.654265 1.502552
v -5.952671 3.654265 1.519488
v -5.952671 3.654267 0.627509
v -5.952671 3.654267 0.644445
v -5.952671 3.654268 -0.240614
v -5.952671 3.654271 -1.122577
v -5.952671 3.654271 -1.105641
v -5.952671 3.654273 -1.980684
v -5.952671 3.654274 -2.872663
v -5.952671 3.654274 -2.855727
v -5.952671 3.654275 -3.845187
v -5.952671 3.654275 -3.828251
v -5.952671 3.654277 -4.613215
v -5.952671 3.654280 -5.497794
v -5.952671 3.654278 -5.480857
v -5.952671 3.654281 -6.355900
v -5.952671 3.654283 -7.244909
v -5.952671 3.654284 -8.122921
v -5.952671 3.654284 -8.105985
v -5.952671 3.654285 -8.997965
v -5.952671 3.654285 -8.981029
v -5.952670 3.654287 -9.873009
v -5.952670 3.654287 -9.856071
v 5.942457 0.000104 9.387226
v 5.942457 0.000106 8.502889
v 5.942457 0.000106 8.513781
v 5.942457 0.000107 7.627847
v 5.942457 0.000107 7.644784
v 5.942457 0.000109 6.763706
v 5.942457 0.000111 5.877761
v 5.942458 0.000112 5.075325
v 5.942458 0.000112 5.092262
v 5.942458 0.000114 4.127676
v 5.942458 0.000114 4.144612
v 5.942458 0.000116 3.252632
v 5.942458 0.000116 3.269569
v 5.942458 0.000118 2.377589
v 5.942458 0.000118 2.394526
v 5.942458 0.000119 1.512964
v 5.942458 0.000121 0.627503
v 5.942458 0.000121 0.644440
v 5.942458 0.000123 -0.247540
v 5.942458 0.000123 -0.230603
v 5.942458 0.000125 -1.122583
v 5.942458 0.000125 -1.105646
v 5.942458 0.000126 -1.997626
v 5.942458 0.000128 -2.862674
v 5.942458 0.000128 -2.855733
v 5.942459 0.000130 -3.845193
v 5.942459 0.000130 -3.828256
v 5.942459 0.000131 -4.622755
v 5.942459 0.000131 -4.605818
v 5.942459 0.000133 -5.488298
v 5.942459 0.000135 -6.372840
v 5.942459 0.000135 -6.355904
v 5.942459 0.000137 -7.247883
v 5.942459 0.000138 -8.122927
v 5.942459 0.000138 -8.105990
v 5.942459 0.000140 -8.991080
v 5.942460 0.000142 -9.865162
v 5.942457 3.654250 9.387232
v 5.942457 3.654252 8.519832
v 5.942457 3.654252 8.502894
v 5.942457 3.654254 7.644790
v 5.942457 3.654254 7.627852
v 5.942457 3.654256 6.763712
v 5.942457 3.654257 5.877767
v 5.942457 3.654259 5.092268
v 5.942457 3.654259 5.075331
v 5.942457 3.654260 4.144618
v 5.942457 3.654263 3.269576
v 5.942457 3.654263 3.252640
v 5.942458 3.654264 2.394533
v 5.942458 3.654264 2.377597
v 5.942458 3.654266 1.512971
v 5.942458 3.654267 0.644447
v 5.942458 3.654267 0.627510
v 5.942458 3.654269 -0.230596
v 5.942458 3.654269 -0.247533
v 5.942458 3.654272 -1.105639
v 5.942458 3.654272 -1.122576
v 5.942458 3.654273 -1.997619
v 5.942458 3.654274 -2.855726
v 5.942458 3.654274 -2.872662
v 5.942459 3.654276 -3.828249
v 5.942459 3.654276 -3.845186
v 5.942459 3.654277 -4.605813
v 5.942459 3.654277 -4.622749
v 5.942459 3.654280 -5.488292
v 5.942459 3.654282 -6.355898
v 5.942459 3.654282 -6.372835
v 5.942459 3.654283 -7.247878
v 5.942459 3.654284 -8.105985
v 5.942459 3.654284 -8.122921
v 5.942459 3.654286 -8.991075
v 5.942460 3.654287 -9.865156
v 5.942460 0.000143 -10.740601
v 5.942460 3.654290 -10.740595
v 1.691623 7.627915 -10.739572
v -5.952670 0.000143 -10.739589
v -5.952670 3.654290 -10.739583
v -1.701833 7.626862 -10.739932
v -0.007812 0.000143 -10.739589
v 1.688915 0.000143 -10.739589
v 1.694330 0.000143 -10.739589
v 1.694330 5.266705 -10.739577
v -0.002398 8.836732 -10.739572
v -0.007813 8.836732 -10.739572
v -1.699125 0.000143 -10.739589
v 5.408398 0.000143 -10.739589
v 5.413813 0.000143 -10.739589
v 4.877043 0.000143 -10.739589
v 4.882458 0.000143 -10.739589
v 4.345688 0.000143 -10.739589
v 3.819749 0.000143 -10.739589
v 3.282979 0.000143 -10.739589
v 3.288394 0.000143 -10.739589
v 2.751625 0.000143 -10.739589
v 2.757039 0.000143 -10.739589
v 2.220270 0.000143 -10.739589
v 2.225684 0.000143 -10.739589
v 5.413813 3.854943 -10.739583
v 5.408398 3.856998 -10.739583
v 4.882458 4.056622 -10.739583
v 4.877043 4.058677 -10.739583
v 4.345688 4.260357 -10.739583
v 3.819748 4.459983 -10.739577
v 3.288393 4.661663 -10.739577
v 3.282979 4.663718 -10.739577
v 2.757039 4.863344 -10.739577
v 2.751625 4.865399 -10.739577
v 2.225684 5.065024 -10.739577
v 2.220270 5.067080 -10.739577
v -5.424023 0.000143 -10.739589
v -5.418608 0.000143 -10.739589
v -4.892668 0.000143 -10.739589
v -4.887253 0.000143 -10.739589
v -4.361313 0.000143 -10.739589
v -4.355898 0.000143 -10.739589
v -3.829959 0.000143 -10.739589
v -3.298604 0.000143 -10.739589
v -3.293189 0.000143 -10.739589
v -2.767249 0.000143 -10.739589
v -2.761834 0.000143 -10.739589
v -2.235894 0.000143 -10.739589
v -5.418608 3.856998 -10.739583
v -5.424023 3.854943 -10.739583
v -4.887253 4.058677 -10.739583
v -4.892668 4.056622 -10.739583
v -4.355898 4.260357 -10.739583
v -4.361313 4.258302 -10.739583
v -3.829959 4.459983 -10.739577
v -3.293190 4.663718 -10.739577
v -3.298604 4.661663 -10.739577
v -2.761835 4.865399 -10.739577
v -2.767249 4.863344 -10.739577
v -2.235895 5.065024 -10.739577
v -1.280358 0.000143 -10.739589
v -1.274943 0.000143 -10.739589
v -0.856176 0.000143 -10.739589
v -0.850761 0.000143 -10.739589
v -0.431994 0.000143 -10.739589
v -1.274944 7.925854 -10.739572
v -1.280358 7.921962 -10.739572
v -0.850762 8.230780 -10.739572
v -0.856176 8.226887 -10.739572
v -0.426580 8.535702 -10.739572
v -0.431994 8.531810 -10.739572
v 1.264734 0.000143 -10.739589
v 1.270148 0.000143 -10.739589
v 0.840552 0.000143 -10.739589
v 0.845966 0.000143 -10.739589
v 0.416370 0.000143 -10.739589
v 0.421784 0.000143 -10.739589
v 1.270148 7.921962 -10.739572
v 1.264733 7.925854 -10.739572
v 0.845966 8.226887 -10.739572
v 0.840551 8.230780 -10.739572
v 0.421784 8.531810 -10.739572
v 0.416369 8.535702 -10.739572
v 1.457620 5.267692 10.261455
v 1.457623 5.267732 -10.726869
v 1.457623 7.618986 -10.726863
v 1.457620 7.618946 10.261460
v -1.467835 5.267692 10.261455
v -1.467833 5.267732 -10.739576
v -1.467833 7.618986 -10.739571
v -1.467835 7.618946 10.261460
v -1.467835 5.267695 9.162657
v -1.467835 5.267695 9.149618
v -1.467835 5.267695 8.057340
v -1.467835 5.267698 8.044301
v -1.467835 5.267698 6.952022
v -1.467835 5.267698 6.938983
v -1.467835 5.267701 5.846704
v -1.467835 5.267701 5.833666
v -1.467835 5.267704 4.741387
v -1.467835 5.267704 4.728348
v -1.467834 5.267706 3.636068
v -1.467834 5.267706 3.623029
v -1.467834 5.267706 2.530750
v -1.467834 5.267706 2.517712
v -1.467834 5.267709 1.425432
v -1.467834 5.267709 1.412394
v -1.467834 5.267712 0.320116
v -1.467834 5.267712 0.307077
v -1.467834 5.267715 -0.785202
v -1.467834 5.267715 -0.798240
v -1.467834 5.267715 -1.890520
v -1.467834 5.267715 -1.903558
v -1.467834 5.267718 -2.995837
v -1.467834 5.267718 -3.008875
v -1.467834 5.267721 -4.101153
v -1.467834 5.267721 -4.114191
v -1.467834 5.267724 -5.206470
v -1.467834 5.267724 -5.219509
v -1.467833 5.267724 -6.311788
v -1.467833 5.267724 -6.324826
v -1.467833 5.267726 -7.417105
v -1.467833 5.267726 -7.430143
v -1.467833 5.267729 -8.522422
v -1.467833 5.267729 -8.535460
v -1.467833 5.267732 -9.627740
v -1.467833 5.267732 -9.640779
v -1.467835 7.618948 9.149624
v -1.467835 7.618948 9.162663
v -1.467835 7.618951 8.044307
v -1.467835 7.618948 8.057345
v -1.467835 7.618951 6.938986
v -1.467835 7.618951 6.952025
v -1.467835 7.618954 5.833669
v -1.467835 7.618954 5.846707
v -1.467835 7.618957 4.728351
v -1.467835 7.618957 4.741390
v -1.467835 7.618960 3.623034
v -1.467835 7.618960 3.636072
v -1.467835 7.618960 2.517716
v -1.467835 7.618960 2.530755
v -1.467834 7.618963 1.412399
v -1.467834 7.618963 1.425437
v -1.467834 7.618966 0.307082
v -1.467834 7.618966 0.320120
v -1.467834 7.618968 -0.798236
v -1.467834 7.618968 -0.785197
v -1.467834 7.618968 -1.903553
v -1.467834 7.618968 -1.890515
v -1.467834 7.618971 -3.008871
v -1.467834 7.618971 -2.995832
v -1.467834 7.618974 -4.114188
v -1.467834 7.618974 -4.101150
v -1.467834 7.618977 -5.219506
v -1.467834 7.618977 -5.206468
v -1.467833 7.618977 -6.324823
v -1.467833 7.618977 -6.311785
v -1.467833 7.618980 -7.430140
v -1.467833 7.618980 -7.417102
v -1.467833 7.618983 -8.535455
v -1.467833 7.618983 -8.522416
v -1.467833 7.618986 -9.640773
v -1.467833 7.618986 -9.627734
v 1.457620 5.267695 9.149618
v 1.457620 5.267695 9.162657
v 1.457621 5.267698 8.044301
v 1.457621 5.267695 8.057340
v 1.457621 5.267698 6.938983
v 1.457621 5.267698 6.952022
v 1.457621 5.267701 5.833666
v 1.457621 5.267701 5.846704
v 1.457621 5.267704 4.728348
v 1.457621 5.267704 4.741387
v 1.457621 5.267706 3.623029
v 1.457621 5.267706 3.636068
v 1.457621 5.267706 2.517712
v 1.457621 5.267706 2.530750
v 1.457621 5.267709 1.412395
v 1.457621 5.267709 1.425433
v 1.457621 5.267712 0.307078
v 1.457621 5.267712 0.320116
v 1.457622 5.267715 -0.798240
v 1.457621 5.267715 -0.785202
v 1.457622 5.267715 -1.903557
v 1.457622 5.267715 -1.890519
v 1.457622 5.267718 -3.008875
v 1.457622 5.267718 -2.995837
v 1.457622 5.267721 -4.114191
v 1.457622 5.267721 -4.101153
v 1.457622 5.267724 -5.219509
v 1.457622 5.267724 -5.206470
v 1.457622 5.267724 -6.324826
v 1.457622 5.267724 -6.311788
v 1.457622 5.267726 -7.430143
v 1.457622 5.267726 -7.417105
v 1.457622 5.267729 -8.535460
v 1.457622 5.267729 -8.522422
v 1.457623 5.267732 -9.640779
v 1.457623 5.267732 -9.627740
v 1.457620 7.618948 9.162663
v 1.457620 7.618948 9.149624
v 1.457620 7.618948 8.057345
v 1.457620 7.618951 8.044307
v 1.457621 7.618951 6.952025
v 1.457621 7.618951 6.938986
v 1.457621 7.618954 5.846707
v 1.457621 7.618954 5.833669
v 1.457621 7.618957 4.741390
v 1.457621 7.618957 4.728351
v 1.457621 7.618960 3.636072
v 1.457621 7.618960 3.623034
v 1.457621 7.618960 2.530755
v 1.457621 7.618960 2.517716
v 1.457621 7.618963 1.425438
v 1.457621 7.618963 1.412400
v 1.457621 7.618966 0.320120
v 1.457621 7.618966 0.307082
v 1.457621 7.618968 -0.785197
v 1.457621 7.618968 -0.798235
v 1.457622 7.618968 -1.890514
v 1.457622 7.618968 -1.903552
v 1.457622 7.618971 -2.995832
v 1.457622 7.618971 -3.008871
v 1.457622 7.618974 -4.101150
v 1.457622 7.618974 -4.114188
v 1.457622 7.618977 -5.206468
v 1.457622 7.618977 -5.219506
v 1.457622 7.618977 -6.311785
v 1.457622 7.618977 -6.324823
v 1.457622 7.618980 -7.417102
v 1.457622 7.618980 -7.430140
v 1.457622 7.618983 -8.522416
v 1.457622 7.618983 -8.535455
v 1.457623 7.618986 -9.627734
v 1.457623 7.618986 -9.640773
v 5.942457 0.000102 10.261443
v 5.942457 3.654248 10.261449
v 1.691620 0.000102 10.261443
v 1.691620 7.618946 10.268909
v -5.952672 0.000102 10.261443
v -5.952672 3.654248 10.261449
v -1.701835 0.000102 10.261443
v -1.701836 7.618946 10.265895
v 1.697664 5.265398 10.261455
v -0.011152 8.834288 10.261460
v 0.000936 8.834288 10.261460
v 0.000937 2.477685 10.261449
v -0.011151 2.477685 10.261449
v 1.685576 2.477685 10.261449
v -1.707879 5.265398 10.261455
v -1.695791 2.477685 10.261449
v -1.701835 2.471641 10.261449
v 2.229019 0.000102 10.261443
v 2.216931 0.000102 10.261443
v 2.760374 0.000102 10.261443
v 2.748286 0.000102 10.261443
v 3.279640 0.000102 10.261443
v 3.823083 0.000102 10.261443
v 4.354437 0.000102 10.261443
v 4.342349 0.000102 10.261443
v 4.885791 0.000102 10.261443
v 4.873703 0.000102 10.261443
v 5.417146 0.000102 10.261443
v 5.405058 0.000102 10.261443
v 2.216931 5.068306 10.261455
v 2.229019 5.063718 10.261455
v 2.748286 4.866625 10.261455
v 2.760374 4.862037 10.261455
v 3.279640 4.664945 10.261455
v 3.823083 4.458676 10.261455
v 4.342349 4.261584 10.261449
v 4.354437 4.256996 10.261449
v 4.873703 4.059904 10.261449
v 4.885791 4.055315 10.261449
v 5.405058 3.858223 10.261449
v 5.417146 3.853635 10.261449
v -2.239234 0.000102 10.261443
v -2.758500 0.000102 10.261443
v -2.770588 0.000102 10.261443
v -3.301943 0.000102 10.261443
v -3.821210 0.000102 10.261443
v -3.833298 0.000102 10.261443
v -4.352565 0.000102 10.261443
v -4.364653 0.000102 10.261443
v -4.883919 0.000102 10.261443
v -5.415274 0.000102 10.261443
v -5.427362 0.000102 10.261443
v -2.239234 5.063718 10.261455
v -2.770588 4.862037 10.261455
v -2.758501 4.866625 10.261455
v -3.301943 4.660357 10.261455
v -3.833298 4.458676 10.261455
v -3.821210 4.463264 10.261455
v -4.364653 4.256996 10.261449
v -4.352565 4.261584 10.261449
v -4.883919 4.059904 10.261449
v -5.427362 3.853634 10.261449
v -5.415274 3.858222 10.261449
v -0.435334 8.529366 10.261460
v -0.423246 8.538055 10.261460
v -0.859516 8.224442 10.261460
v -0.847428 8.233132 10.261460
v -1.283698 7.919523 10.261460
v -1.271610 7.928213 10.261460
v -1.271609 2.477685 10.261449
v -1.283697 2.477685 10.261449
v -0.847427 2.477685 10.261449
v -0.859515 2.477685 10.261449
v -0.423245 2.477685 10.261449
v -0.435333 2.477685 10.261449
v 0.413030 8.538055 10.261460
v 0.425118 8.529366 10.261460
v 0.849300 8.224442 10.261460
v 1.261394 7.928213 10.261460
v 1.273482 7.919523 10.261460
v 1.273482 2.477685 10.261449
v 1.261394 2.477685 10.261449
v 0.849300 2.477685 10.261449
v 0.413030 2.477685 10.261449
v 5.708457 0.000102 10.259585
v 5.708459 0.000143 -10.735342
v 5.708457 3.654248 10.259591
v 5.708459 3.654290 -10.735336
v -5.718672 0.000102 10.254382
v -5.718669 0.000143 -10.730781
v -5.718672 3.654248 10.254388
v -5.718669 3.654290 -10.730775
v -5.718672 0.000103 9.394869
v -5.718672 0.000105 8.519826
v -5.718672 0.000105 8.507801
v -5.718672 0.000107 7.644782
v -5.718672 0.000107 7.627845
v -5.718672 0.000109 6.769360
v -5.718672 0.000110 5.889578
v -5.718671 0.000112 5.092260
v -5.718671 0.000112 5.075324
v -5.718671 0.000114 4.144610
v -5.718671 0.000114 4.127674
v -5.718671 0.000115 3.269567
v -5.718671 0.000117 2.382583
v -5.718671 0.000117 2.377588
v -5.718671 0.000119 1.519481
v -5.718671 0.000119 1.502545
v -5.718671 0.000121 0.644438
v -5.718671 0.000121 0.627502
v -5.718671 0.000122 -0.240621
v -5.718671 0.000122 -0.247541
v -5.718671 0.000124 -1.105648
v -5.718671 0.000126 -1.997627
v -5.718671 0.000127 -2.855734
v -5.718671 0.000127 -2.872670
v -5.718670 0.000129 -3.828258
v -5.718670 0.000129 -3.845194
v -5.718670 0.000131 -4.613221
v -5.718670 0.000133 -5.480863
v -5.718670 0.000133 -5.497799
v -5.718670 0.000134 -6.355906
v -5.718670 0.000134 -6.372842
v -5.718670 0.000136 -7.230949
v -5.718670 0.000136 -7.244915
v -5.718670 0.000138 -8.105990
v -5.718669 0.000141 -9.856077
v -5.718669 0.000141 -9.873014
v -5.718672 3.654250 9.394875
v -5.718672 3.654251 8.502894
v -5.718672 3.654251 8.519832
v -5.718672 3.654254 7.627851
v -5.718672 3.654254 7.644788
v -5.718672 3.654255 6.769366
v -5.718672 3.654257 5.889584
v -5.718672 3.654258 5.075329
v -5.718672 3.654258 5.092266
v -5.718672 3.654260 4.127679
v -5.718672 3.654260 4.144616
v -5.718672 3.654263 3.269574
v -5.718671 3.654264 2.377595
v -5.718671 3.654264 2.382591
v -5.718671 3.654265 1.502552
v -5.718671 3.654265 1.519488
v -5.718671 3.654267 0.627509
v -5.718671 3.654267 0.644445
v -5.718671 3.654268 -0.247534
v -5.718671 3.654268 -0.240614
v -5.718671 3.654271 -1.105641
v -5.718671 3.654273 -1.997620
v -5.718671 3.654274 -2.872663
v -5.718671 3.654274 -2.855727
v -5.718670 3.654275 -3.845187
v -5.718670 3.654275 -3.828251
v -5.718670 3.654277 -4.613215
v -5.718670 3.654280 -5.497794
v -5.718670 3.654278 -5.480857
v -5.718670 3.654281 -6.372837
v -5.718670 3.654281 -6.355900
v -5.718670 3.654283 -7.244909
v -5.718670 3.654283 -7.230943
v -5.718670 3.654284 -8.105985
v -5.718670 3.654285 -8.997965
v -5.718670 3.654285 -8.981029
v -5.718669 3.654287 -9.873009
v -5.718669 3.654287 -9.856071
v 5.708457 0.000104 9.377932
v 5.708457 0.000104 9.387226
v 5.708457 0.000106 8.502889
v 5.708457 0.000106 8.513781
v 5.708457 0.000107 7.627847
v 5.708457 0.000107 7.644784
v 5.708457 0.000109 6.763706
v 5.708457 0.000111 5.877761
v 5.708457 0.000112 5.075325
v 5.708457 0.000112 5.092262
v 5.708457 0.000114 4.127676
v 5.708457 0.000114 4.144612
v 5.708457 0.000116 3.252632
v 5.708458 0.000118 2.377589
v 5.708458 0.000119 1.512964
v 5.708458 0.000119 1.519483
v 5.708458 0.000121 0.627503
v 5.708458 0.000121 0.644440
v 5.708458 0.000123 -0.247540
v 5.708458 0.000123 -0.230603
v 5.708458 0.000125 -1.122583
v 5.708458 0.000124 -1.105646
v 5.708458 0.000126 -1.997626
v 5.708458 0.000128 -2.862674
v 5.708458 0.000128 -2.855733
v 5.708458 0.000130 -3.845193
v 5.708458 0.000130 -3.828256
v 5.708458 0.000131 -4.622755
v 5.708458 0.000131 -4.605818
v 5.708459 0.000133 -5.497797
v 5.708459 0.000133 -5.488298
v 5.708459 0.000135 -6.372840
v 5.708459 0.000135 -6.355904
v 5.708459 0.000137 -7.247883
v 5.708459 0.000138 -8.122927
v 5.708459 0.000138 -8.105990
v 5.708459 0.000140 -8.997971
v 5.708459 0.000140 -8.991080
v 5.708459 0.000142 -9.865162
v 5.708457 3.654250 9.387232
v 5.708457 3.654250 9.377937
v 5.708457 3.654252 8.519832
v 5.708457 3.654252 8.502894
v 5.708457 3.654254 7.644790
v 5.708457 3.654254 7.627852
v 5.708457 3.654256 6.763712
v 5.708457 3.654257 5.877767
v 5.708457 3.654259 5.092268
v 5.708457 3.654259 5.075331
v 5.708457 3.654260 4.144618
v 5.708457 3.654260 4.137873
v 5.708457 3.654263 3.252640
v 5.708457 3.654264 2.377597
v 5.708458 3.654266 1.519490
v 5.708458 3.654266 1.512971
v 5.708458 3.654267 0.644447
v 5.708458 3.654267 0.627510
v 5.708458 3.654269 -0.230596
v 5.708458 3.654269 -0.247533
v 5.708458 3.654272 -1.105639
v 5.708458 3.654272 -1.122576
v 5.708458 3.654273 -1.997619
v 5.708458 3.654274 -2.855726
v 5.708458 3.654276 -3.828249
v 5.708458 3.654276 -3.845186
v 5.708458 3.654277 -4.605813
v 5.708458 3.654277 -4.622749
v 5.708458 3.654280 -5.488292
v 5.708458 3.654280 -5.497792
v 5.708458 3.654282 -6.355898
v 5.708458 3.654282 -6.372835
v 5.708458 3.654283 -7.247878
v 5.708458 3.654284 -8.105985
v 5.708458 3.654284 -8.122921
v 5.708458 3.654286 -8.991075
v 5.708458 3.654286 -8.997965
v 5.708459 3.654287 -9.865156
v -0.423246 6.804244 10.495455
v -0.423246 6.804244 10.371397
v -0.594516 6.804244 10.495455
v -0.435334 6.804244 10.495455
v -0.435334 6.804244 10.385220
v -0.594516 6.804244 10.261455
v 0.000936 6.804244 10.261454
v 0.413030 6.804244 10.261454
v 0.553868 6.804244 10.495455
v 0.425118 6.804244 10.495455
v 0.553868 6.804244 10.261455
v -0.011152 6.804244 10.261454
v -0.011152 6.804244 10.495455
v -0.423246 6.804244 10.261454
v -0.435334 6.804244 10.261455
v 0.000936 7.751639 10.261460
v 0.413030 7.751639 10.303703
v 0.413030 7.751639 10.261460
v -0.423246 7.751639 10.495461
v 0.425118 7.751639 10.298223
v 0.425118 7.751639 10.261459
v -0.011152 7.751639 10.261460
v -0.011152 7.751639 10.495461
v -0.423246 7.751639 10.261460
v -0.594516 7.751639 10.495461
v -0.435334 7.751639 10.495461
v -0.435334 7.751639 10.261459
v -0.594516 7.751639 10.261460
v 0.000936 7.751639 10.495461
v 0.413030 7.751639 10.495461
v 0.553868 7.751639 10.495461
v 0.425118 7.751639 10.495461
v 0.553868 7.751639 10.261460
v -1.467833 6.188145 -9.410179
v -1.701833 6.188145 -9.410179
v -1.467833 7.046122 -8.535460
v -1.467833 7.046123 -8.261795
v -1.467833 7.046122 -8.522422
v -1.701833 7.046122 -8.535460
v -1.701833 7.046122 -8.522422
v -1.701833 7.046123 -8.261795
v -1.467833 7.046122 -9.410179
v -1.701833 7.046122 -9.410179
v -1.467833 6.188145 -8.535461
v -1.467833 6.188145 -8.261795
v -1.467833 6.188145 -8.522423
v -1.701833 6.188145 -8.535460
v -1.701833 6.188145 -8.522422
v -1.701833 6.188145 -8.261795
v -1.467834 6.188134 -3.008874
v -1.467834 6.188134 -2.995835
v -1.701834 6.188134 -3.008874
v -1.701834 6.188134 -2.995836
v -1.467834 6.188134 -2.646194
v -1.701833 6.188134 -2.646195
v -1.467834 7.046111 -3.008871
v -1.467834 7.046111 -2.995832
v -1.701834 7.046111 -3.008871
v -1.701834 7.046111 -2.995833
v -1.467834 7.046111 -2.646192
v -1.701834 7.046111 -2.646192
v -1.701834 6.188137 -3.794579
v -1.467834 6.188137 -3.794579
v -1.701834 7.046114 -3.794576
v -1.467834 7.046114 -3.794576
v -1.467834 7.046103 1.821024
v -1.701834 7.046103 1.821024
v -1.467834 6.188126 1.821023
v -1.701834 6.188126 1.821022
v -1.701834 6.188123 2.517713
v -1.701834 6.188123 2.530751
v -1.467835 7.046100 2.969409
v -1.467835 7.046100 2.530755
v -1.467835 7.046100 2.517716
v -1.701835 7.046100 2.517716
v -1.701835 7.046100 2.530754
v -1.701835 7.046100 2.969409
v -1.467834 6.188123 2.530752
v -1.467834 6.188123 2.969406
v -1.467834 6.188123 2.517714
v -1.701835 6.188123 2.969406
v -1.467835 6.188115 8.044301
v -1.467835 6.188112 8.585007
v -1.467835 6.188112 8.057340
v -1.701835 6.188112 8.585007
v -1.467835 6.188115 7.436623
v -1.701835 6.188115 7.436623
v -1.701835 6.188115 8.044301
v -1.701835 6.188112 8.057340
v -1.467835 7.046092 7.436625
v -1.701835 7.046092 7.436625
v -1.467835 7.046089 8.585007
v -1.701835 7.046089 8.585007
v -1.467835 7.046092 8.044301
v -1.467835 7.046089 8.057340
v -1.701835 7.046092 8.044301
v -1.701835 7.046089 8.057340
v 1.691622 6.188145 -9.410179
v 1.457623 6.188145 -9.410179
v 1.457622 7.046123 -8.522422
v 1.691622 7.046123 -8.535460
v 1.691622 7.046123 -8.261795
v 1.691622 7.046123 -8.522422
v 1.457622 7.046123 -8.535460
v 1.457622 7.046123 -8.261795
v 1.691622 7.046122 -9.410179
v 1.457623 7.046123 -9.410179
v 1.457622 6.188145 -8.522422
v 1.691622 6.188145 -8.535460
v 1.691622 6.188145 -8.261795
v 1.691622 6.188145 -8.522422
v 1.457622 6.188145 -8.535460
v 1.457622 6.188145 -8.261795
v 1.691622 6.188137 -3.794578
v 1.457622 6.188137 -3.794579
v 1.457622 7.046111 -2.995832
v 1.457622 7.046111 -3.008871
v 1.691622 7.046111 -2.646191
v 1.457621 7.046111 -2.646192
v 1.691622 6.188134 -3.008874
v 1.457622 6.188134 -2.995835
v 1.457622 6.188134 -3.008874
v 1.691622 6.188134 -2.995835
v 1.691622 6.188134 -2.646194
v 1.457622 6.188134 -2.646194
v 1.691622 7.046111 -3.008871
v 1.691622 7.046114 -3.794575
v 1.691622 7.046111 -2.995832
v 1.457622 7.046114 -3.794576
v 1.457621 7.046100 2.517716
v 1.691621 7.046100 2.969409
v 1.457621 7.046100 2.530755
v 1.457621 7.046100 2.969409
v 1.457621 7.046103 1.821024
v 1.691621 7.046100 2.517716
v 1.691621 7.046103 1.821024
v 1.691621 7.046100 2.530755
v 1.457621 6.188126 1.821023
v 1.691621 6.188126 1.821023
v 1.691621 6.188123 2.517714
v 1.691621 6.188123 2.530751
v 1.457621 6.188123 2.517714
v 1.457621 6.188123 2.530751
v 1.691621 6.188123 2.969406
v 1.457621 6.188123 2.969406
v 1.691620 6.188112 8.057340
v 1.691620 6.188115 8.044301
v 1.457621 6.188115 8.044301
v 1.691620 6.188112 8.585007
v 1.457621 6.188112 8.057340
v 1.457621 6.188112 8.585007
v 1.691620 6.188115 7.436623
v 1.457621 6.188115 7.436623
v 1.691620 7.046089 8.585007
v 1.457620 7.046089 8.585007
v 1.691620 7.046089 8.057340
v 1.691620 7.046092 8.044301
v 1.457620 7.046092 8.044301
v 1.457620 7.046089 8.057340
v 1.691620 7.046092 7.436625
v 1.457621 7.046092 7.436625
v -0.594514 6.804284 -10.973577
v -0.431994 6.804284 -10.973577
v -0.431994 6.804284 -10.739577
v -0.007813 6.804284 -10.739578
v -0.594514 6.804284 -10.739577
v 0.416369 6.804284 -10.973577
v 0.416369 6.804284 -10.739577
v 0.421784 6.804284 -10.973577
v -0.002398 6.804284 -10.973577
v 0.553871 6.804284 -10.973577
v 0.421784 6.804284 -10.739577
v 0.553871 6.804284 -10.739577
v -0.002398 7.751678 -10.973572
v -0.007813 7.751678 -10.973572
v -0.426580 7.751679 -10.973572
v -0.594514 7.751679 -10.973572
v -0.431994 7.751679 -10.973572
v -0.426580 7.751679 -10.739572
v -0.431994 7.751679 -10.739572
v -0.594514 7.751679 -10.739572
v 0.416369 7.751679 -10.973572
v 0.416369 7.751679 -10.739572
v 0.421784 7.751679 -10.973572
v 0.553871 7.751679 -10.973572
v 0.421784 7.751679 -10.739572
v -0.002398 7.751678 -10.739572
v -0.007813 7.751678 -10.739572
v 0.553871 7.751679 -10.739572
v -5.952671 2.382334 -2.855730
v -5.718671 2.382334 -2.855730
v -5.718671 2.382334 -2.872666
v -5.952671 2.382334 -2.872666
v -5.718671 2.382334 -2.730072
v -5.952671 2.382334 -2.730072
v -5.952671 2.382335 -3.710111
v -5.718670 2.382335 -3.710111
v -5.952671 1.332151 -3.710112
v -5.718670 1.332151 -3.710112
v -5.952672 1.332150 -2.855731
v -5.718670 1.332150 -2.855731
v -5.718670 1.332150 -2.872667
v -5.952672 1.332150 -2.872668
v -5.718671 1.332149 -2.730074
v -5.952671 1.332149 -2.730074
v -5.718671 2.382328 0.118720
v -5.718671 2.382327 0.627507
v -5.718671 2.382327 0.644443
v -5.952671 2.382328 0.118720
v -5.718671 1.332144 0.118718
v -5.952672 1.332143 0.627504
v -5.952671 1.332144 0.118718
v -5.952672 1.332143 0.644441
v -5.718671 2.382325 1.098759
v -5.952671 2.382326 0.627506
v -5.952671 2.382325 1.098759
v -5.952671 2.382326 0.644443
v -5.718671 1.332142 1.098757
v -5.952672 1.332142 1.098757
v -5.718670 1.332143 0.627504
v -5.718670 1.332143 0.644441
v -5.718672 2.382321 3.947551
v -5.952672 2.382321 3.947551
v -5.718672 2.382319 4.127679
v -5.718672 2.382319 4.144616
v -5.952672 2.382319 4.127679
v -5.952672 2.382318 4.927590
v -5.952672 2.382319 4.144616
v -5.718672 2.382318 4.927590
v -5.952672 1.332135 4.927588
v -5.718672 1.332135 4.927588
v -5.718671 1.332136 3.947550
v -5.718671 1.332137 4.127676
v -5.952672 1.332136 3.947550
v -5.952672 1.332136 4.127676
v -5.952672 1.332136 4.144613
v -5.718671 1.332137 4.144612
v -5.718672 1.332127 8.507801
v -5.952672 1.332127 8.756416
v -5.718672 1.332127 8.756416
v -5.718672 1.332127 8.519826
v -5.718672 2.382311 8.502894
v -5.952672 2.382311 8.502894
v -5.952672 2.382311 8.756422
v -5.952672 2.382311 8.519832
v -5.718672 2.382311 8.756422
v -5.718672 2.382311 8.519832
v -5.718672 2.382312 7.776383
v -5.952672 2.382312 7.776383
v -5.718672 1.332129 7.776381
v -5.952672 1.332129 7.776381
v -5.952672 1.332128 8.519826
v 5.942458 2.382334 -2.872665
v 5.942458 2.382334 -2.730071
v 5.942458 2.382334 -2.855728
v 5.708458 2.382334 -2.855728
v 5.708458 2.382334 -2.730071
v 5.708458 2.382335 -3.710109
v 5.942458 2.382335 -3.710109
v 5.708458 1.332152 -3.710111
v 5.942458 1.332152 -3.710111
v 5.708458 1.332150 -2.862671
v 5.708458 1.332150 -2.855730
v 5.942459 1.332150 -2.862671
v 5.942458 1.332150 -2.730072
v 5.942459 1.332150 -2.855730
v 5.708458 1.332150 -2.730072
v 5.942458 2.382327 0.627508
v 5.942458 2.382328 0.118722
v 5.942458 2.382327 0.644444
v 5.708458 2.382328 0.118722
v 5.942458 1.332144 0.118720
v 5.708458 1.332143 0.627506
v 5.708458 1.332143 0.644442
v 5.708458 1.332144 0.118720
v 5.708458 2.382327 0.627508
v 5.942458 2.382325 1.098761
v 5.708458 2.382327 0.644444
v 5.708458 2.382325 1.098761
v 5.942458 1.332142 1.098759
v 5.708458 1.332142 1.098759
v 5.942459 1.332143 0.627506
v 5.942459 1.332143 0.644442
v 5.942457 2.382321 3.947552
v 5.708457 2.382321 3.947552
v 5.942457 2.382320 4.144618
v 5.708457 2.382320 4.137873
v 5.942458 2.382318 4.927592
v 5.708457 2.382320 4.144618
v 5.708457 2.382318 4.927592
v 5.942458 1.332135 4.927589
v 5.708457 1.332135 4.927589
v 5.708457 1.332137 4.127678
v 5.942457 1.332137 4.127678
v 5.942458 1.332137 3.947551
v 5.942457 1.332137 4.144614
v 5.708457 1.332137 4.144615
v 5.708457 1.332137 3.947551
v 5.942457 1.332128 8.502889
v 5.942457 1.332127 8.756416
v 5.942457 1.332128 8.513781
v 5.708457 1.332127 8.756416
v 5.942457 2.382311 8.502894
v 5.708457 2.382311 8.502894
v 5.708457 2.382311 8.519832
v 5.942457 2.382311 8.756422
v 5.942457 2.382311 8.519832
v 5.708457 2.382311 8.756422
v 5.942457 2.382313 7.776385
v 5.708457 2.382313 7.776385
v 5.942457 1.332129 7.776382
v 5.708457 1.332129 7.776382
v 5.708457 1.332128 8.502889
v 5.708457 1.332128 8.513781
v 5.942459 2.533357 -8.122921
v 5.708459 2.533357 -8.122921
v 5.708459 2.533357 -8.105986
v 5.942459 2.533357 -8.105986
v 5.708459 2.533358 -8.514804
v 5.942459 2.533358 -8.514804
v 5.708459 1.264199 -8.514810
v 5.942459 1.264199 -8.514810
v 5.942459 2.533355 -7.363530
v 5.708458 2.533355 -7.363530
v 5.942460 1.264197 -7.363533
v 5.708459 1.264197 -7.363533
v 5.708459 1.264198 -8.122927
v 5.708459 1.264198 -8.105991
v 5.942459 1.264198 -8.122927
v 5.942459 1.264198 -8.105990
v -5.718669 0.000141 -9.555032
v -5.952670 2.188658 -9.555024
v -5.718669 2.188658 -9.555025
v -5.952670 0.000139 -8.338110
v -5.952670 2.188657 -8.997965
v -5.952670 2.188657 -8.981029
v -5.718670 2.188657 -8.997965
v -5.718670 2.188657 -8.981029
v -5.718670 2.188655 -8.338104
v -5.952670 2.188655 -8.338104
v -5.718669 0.000139 -8.338110
v -5.952670 0.000141 -9.555029
v -1.701833 5.267732 -10.731200
v 1.673204 7.632184 10.495461
v 1.691620 7.618946 10.477029
v 0.019368 2.477685 10.495449
v 0.000936 2.477685 10.477017
v 1.685576 2.477685 10.477017
v 1.667144 2.477685 10.495449
v 2.247451 0.000102 10.495443
v 2.229019 0.000102 10.477012
v 2.748286 0.000102 10.477012
v 2.729854 0.000102 10.495443
v 3.310160 0.000102 10.495443
v 3.291728 0.000102 10.477012
v 4.372869 0.000102 10.495443
v 4.354437 0.000102 10.477012
v 4.873703 0.000102 10.477012
v 4.855272 0.000102 10.495443
v 2.229019 5.063718 10.477023
v 2.247450 5.056722 10.495455
v 2.729854 4.873621 10.495455
v 2.748286 4.866625 10.477023
v 3.291728 4.660357 10.477023
v 3.310160 4.653361 10.495455
v 4.354437 4.256996 10.477017
v 4.372869 4.250000 10.495449
v 4.855272 4.066899 10.495449
v 4.873703 4.059904 10.477017
v -2.740069 0.000101 10.495443
v -2.758500 0.000101 10.477012
v -3.271424 0.000101 10.495443
v -3.289855 0.000101 10.477012
v -4.334133 0.000101 10.495443
v -4.352565 0.000101 10.477012
v -5.396842 0.000101 10.495443
v -5.415274 0.000101 10.477012
v -2.758501 4.866625 10.477023
v -2.740069 4.873621 10.495455
v -3.289855 4.664945 10.477023
v -3.271424 4.671941 10.495455
v -4.352565 4.261584 10.477017
v -4.334133 4.268580 10.495449
v -5.415274 3.858222 10.477017
v -5.396842 3.865218 10.495449
v -0.847428 8.233132 10.477029
v -0.828996 8.246382 10.495461
v -0.828996 2.477685 10.495449
v -0.847427 2.477685 10.477017
v 0.413030 2.477685 10.477017
v 0.394599 2.477685 10.495449
v 0.000936 6.804244 10.477023
v 0.019368 6.804244 10.495455
v 0.394599 6.804244 10.495455
v 0.413030 6.804244 10.477023
v -0.023955 0.000144 -10.973589
v -0.007812 0.000144 -10.957446
v -1.720683 0.000144 -10.973589
v -1.704540 0.000144 -10.957446
v -1.704540 5.266705 -10.957435
v -1.720683 5.260577 -10.973577
v 4.860900 0.000144 -10.973589
v 4.877043 0.000144 -10.957446
v 4.351103 0.000144 -10.957446
v 4.367246 0.000144 -10.973589
v 2.757039 0.000144 -10.957446
v 2.773182 0.000144 -10.973589
v 4.877043 4.058677 -10.957440
v 4.860900 4.064804 -10.973583
v 4.367246 4.252175 -10.973583
v 4.351103 4.258302 -10.957440
v 2.773182 4.857216 -10.973577
v 2.757039 4.863344 -10.957435
v -5.418608 0.000143 -10.957446
v -5.402465 0.000143 -10.973589
v -3.824544 0.000143 -10.957446
v -3.808401 0.000143 -10.973589
v -2.230480 0.000144 -10.957446
v -2.214337 0.000144 -10.973589
v -5.402465 3.863125 -10.973583
v -5.418608 3.856998 -10.957440
v -3.808401 4.468165 -10.973577
v -3.824544 4.462038 -10.957435
v -2.214337 5.073207 -10.973577
v -2.230480 5.067080 -10.957435
v -0.426579 0.000144 -10.957446
v -0.410436 0.000144 -10.973589
v 1.270148 0.000144 -10.957446
v 1.286291 0.000144 -10.973589
v 1.286291 7.910357 -10.973572
v 1.270148 7.921962 -10.957429
v -0.410437 6.804284 -10.973577
v -0.426580 6.804284 -10.957435
v -0.007812 6.804284 -10.957435
v -0.023956 6.804284 -10.973577
v 1.666662 5.267695 9.162657
v 1.691620 5.267695 9.187615
v 1.691621 5.267698 6.914025
v 1.666662 5.267698 6.938983
v 1.691621 5.267704 4.703390
v 1.666662 5.267704 4.728348
v 1.666662 5.267706 3.636068
v 1.691621 5.267704 3.661027
v 1.691622 5.267715 -0.823198
v 1.666663 5.267715 -0.798240
v 1.691622 5.267721 -4.139150
v 1.666663 5.267721 -4.114191
v 1.691622 5.267724 -6.349785
v 1.666664 5.267724 -6.324826
v 1.666664 5.267726 -7.417105
v 1.691622 5.267726 -7.392146
v 1.666664 5.267732 -9.627740
v 1.691623 5.267732 -9.602781
v 1.691620 7.618948 9.187621
v 1.666662 7.618948 9.162663
v 1.666662 7.618951 6.938986
v 1.691621 7.618951 6.914028
v 1.666662 7.618957 4.728351
v 1.691621 7.618957 4.703393
v 1.691621 7.618957 3.661031
v 1.666662 7.618960 3.636072
v 1.666663 7.618968 -0.798235
v 1.691622 7.618968 -0.823194
v 1.666663 7.618974 -4.114188
v 1.691622 7.618974 -4.139147
v 1.666664 7.618977 -6.324823
v 1.691622 7.618977 -6.349782
v 1.691622 7.618980 -7.392143
v 1.666664 7.618980 -7.417102
v 1.691622 7.618986 -9.602776
v 1.666664 7.618986 -9.627734
v -1.672496 5.267704 4.728348
v -1.701835 5.267704 4.699009
v -1.701834 5.267704 3.665407
v -1.672495 5.267706 3.636068
v -1.672495 5.267709 1.412394
v -1.701834 5.267709 1.383055
v -1.672495 5.267715 -0.798240
v -1.701834 5.267715 -0.827579
v -1.701834 5.267715 -1.861180
v -1.672495 5.267715 -1.890520
v -1.701833 5.267724 -6.282448
v -1.672494 5.267724 -6.311788
v -1.672494 5.267732 -9.640779
v -1.701833 5.267732 -9.670117
v -1.701835 7.618957 4.699012
v -1.672496 7.618957 4.728351
v -1.672495 7.618960 3.636072
v -1.701835 7.618957 3.665411
v -1.701834 7.618963 1.383060
v -1.672495 7.618963 1.412399
v -1.701834 7.618968 -0.827575
v -1.672495 7.618968 -0.798236
v -1.672495 7.618968 -1.890515
v -1.701834 7.618968 -1.861175
v -1.672494 7.618977 -6.311785
v -1.701833 7.618977 -6.282445
v -1.701833 7.618986 -9.670112
v -1.672494 7.618986 -9.640773
v -5.952672 0.000103 9.434077
v -5.913464 0.000103 9.394869
v -5.913464 0.000109 6.752802
v -5.952672 0.000109 6.713594
v -5.952672 0.000110 5.933904
v -5.913464 0.000110 5.894696
v -5.913463 0.000117 2.377588
v -5.952671 0.000117 2.338380
v -5.913463 0.000122 -0.247541
v -5.952671 0.000122 -0.286749
v -5.913463 0.000126 -1.997627
v -5.952671 0.000126 -2.036835
v -5.913463 0.000131 -4.622756
v -5.952671 0.000131 -4.661964
v -5.913462 0.000134 -6.372842
v -5.952670 0.000134 -6.412050
v -5.952670 0.000136 -7.191741
v -5.913462 0.000136 -7.230949
v -5.913464 3.654250 9.394875
v -5.952672 3.654250 9.434083
v -5.952672 3.654255 6.713600
v -5.913464 3.654255 6.752808
v -5.913464 3.654257 5.894701
v -5.952672 3.654257 5.933909
v -5.952672 3.654264 2.338387
v -5.913464 3.654264 2.377595
v -5.952671 3.654268 -0.286742
v -5.913463 3.654268 -0.247534
v -5.952671 3.654273 -2.036828
v -5.913463 3.654273 -1.997620
v -5.952671 3.654277 -4.661959
v -5.913463 3.654277 -4.622751
v -5.952671 3.654281 -6.412045
v -5.913463 3.654281 -6.372837
v -5.913463 3.654283 -7.230943
v -5.952671 3.654283 -7.191735
v 5.942457 0.000104 9.338723
v 5.903249 0.000104 9.377932
v 5.942457 0.000109 6.713596
v 5.903249 0.000109 6.752804
v 5.903249 0.000111 5.894698
v 5.942457 0.000111 5.933906
v 5.903250 0.000119 1.519483
v 5.942458 0.000119 1.558691
v 5.903250 0.000126 -1.980690
v 5.942458 0.000126 -1.941481
v 5.942459 0.000133 -5.537005
v 5.903251 0.000133 -5.497797
v 5.903251 0.000137 -7.230947
v 5.942459 0.000136 -7.191739
v 5.942459 0.000140 -9.037179
v 5.903251 0.000140 -8.997971
v 5.903252 0.000142 -9.856077
v 5.942460 0.000142 -9.816869
v 5.903249 3.654250 9.377937
v 5.942457 3.654250 9.338729
v 5.903249 3.654256 6.752810
v 5.942457 3.654256 6.713602
v 5.942457 3.654257 5.933911
v 5.903249 3.654257 5.894703
v 5.903249 3.654260 4.137873
v 5.942457 3.654260 4.098665
v 5.942458 3.654266 1.558698
v 5.903250 3.654266 1.519490
v 5.942458 3.654273 -1.941474
v 5.903250 3.654273 -1.980682
v 5.903251 3.654280 -5.497792
v 5.942459 3.654280 -5.537000
v 5.942459 3.654283 -7.191733
v 5.903251 3.654283 -7.230941
v 5.903251 3.654286 -8.997965
v 5.942459 3.654286 -9.037173
v 5.942460 3.654287 -9.816863
v 5.903252 3.654287 -9.856071
v 5.942457 2.382320 4.098665
v 5.903249 2.382320 4.137873
v 0.021181 0.000143 -10.739589
v -0.002398 0.000143 -10.763167
v -1.704540 0.000143 -10.763167
v -1.728119 0.000143 -10.739589
v -1.728119 5.257755 -10.739577
v -1.704540 5.266705 -10.763156
v 4.374682 0.000143 -10.739589
v 4.351103 0.000143 -10.763167
v 3.814334 0.000143 -10.763167
v 3.790755 0.000143 -10.739589
v 4.351103 4.258302 -10.763162
v 4.374682 4.249352 -10.739583
v 3.790755 4.470987 -10.739577
v 3.814334 4.462038 -10.763156
v -3.800965 0.000143 -10.739589
v -3.824544 0.000143 -10.763167
v -2.206901 0.000143 -10.739589
v -2.230480 0.000143 -10.763167
v -3.824544 4.462038 -10.763156
v -3.800965 4.470987 -10.739577
v -2.230480 5.067080 -10.763156
v -2.206901 5.076029 -10.739577
v -0.403001 0.000143 -10.739589
v -0.426580 0.000143 -10.763167
v 3.291728 0.000102 10.285022
v 3.315307 0.000102 10.261443
v 3.787416 0.000102 10.261443
v 3.810995 0.000102 10.285022
v 3.315307 4.651407 10.261455
v 3.291728 4.660357 10.285033
v 3.810995 4.463264 10.285033
v 3.787416 4.472214 10.261455
v -2.227146 0.000102 10.285022
v -2.203567 0.000102 10.261443
v -3.289855 0.000102 10.285022
v -3.266276 0.000102 10.261443
v -4.919586 0.000102 10.261443
v -4.896007 0.000102 10.285022
v -2.203567 5.077255 10.261455
v -2.227146 5.068306 10.285033
v -3.266276 4.673894 10.261455
v -3.289855 4.664945 10.285033
v -4.896007 4.055315 10.285028
v -4.919586 4.046366 10.261449
v 0.837212 8.233132 10.285039
v 0.813633 8.250082 10.261460
v 0.813633 2.477685 10.261449
v 0.837212 2.477685 10.285028
v 0.425118 2.477685 10.285028
v 0.448697 2.477685 10.261449
v -5.718672 0.000103 9.363264
v -5.742251 0.000103 9.386843
v -5.718672 0.000109 6.729223
v -5.742251 0.000109 6.752802
v -5.742251 0.000110 5.894696
v -5.718672 0.000110 5.918275
v -5.718671 0.000115 3.229052
v -5.742250 0.000115 3.252631
v -5.718671 0.000124 -1.146163
v -5.742250 0.000124 -1.122584
v -5.742250 0.000126 -1.980691
v -5.718671 0.000126 -1.957112
v -5.718670 0.000131 -4.646335
v -5.742249 0.000131 -4.622756
v -5.718670 0.000138 -8.146506
v -5.742249 0.000138 -8.122927
v -5.742251 3.654250 9.386848
v -5.718672 3.654250 9.363270
v -5.742251 3.654255 6.752808
v -5.718672 3.654255 6.729229
v -5.718672 3.654257 5.918281
v -5.742251 3.654257 5.894701
v -5.742251 3.654263 3.252638
v -5.718672 3.654263 3.229059
v -5.742250 3.654271 -1.122577
v -5.718671 3.654271 -1.146156
v -5.718671 3.654273 -1.957105
v -5.742250 3.654273 -1.980684
v -5.742249 3.654277 -4.622751
v -5.718670 3.654277 -4.646329
v -5.742249 3.654284 -8.122921
v -5.718670 3.654284 -8.146501
v 5.732036 0.000109 6.752804
v 5.708457 0.000109 6.729225
v 5.708457 0.000111 5.918277
v 5.732036 0.000111 5.894698
v 5.708457 0.000116 3.293148
v 5.732037 0.000116 3.269569
v 5.708458 0.000118 2.418105
v 5.732037 0.000118 2.394526
v 5.708458 0.000126 -1.957111
v 5.732037 0.000126 -1.980690
v 5.708459 0.000136 -7.207368
v 5.732038 0.000137 -7.230947
v 5.708459 0.000142 -9.832499
v 5.732038 0.000142 -9.856077
v 5.708457 3.654256 6.729231
v 5.732036 3.654256 6.752810
v 5.732036 3.654257 5.894703
v 5.708457 3.654257 5.918283
v 5.732036 3.654263 3.269576
v 5.708457 3.654262 3.293155
v 5.732037 3.654264 2.394533
v 5.708457 3.654264 2.418112
v 5.732037 3.654273 -1.980682
v 5.708458 3.654273 -1.957103
v 5.708458 3.654274 -2.896240
v 5.732037 3.654274 -2.872662
v 5.732038 3.654283 -7.230941
v 5.708458 3.654283 -7.207362
v 5.732038 3.654287 -9.856071
v 5.708459 3.654287 -9.832493
v 0.448697 6.804244 10.261455
v 0.425118 6.804244 10.285033
v -0.426580 6.804284 -10.763156
v -0.403001 6.804284 -10.739577
v -0.002398 6.804284 -10.763157
v 0.021181 6.804284 -10.739578
v 5.732037 2.382334 -2.872665
v 5.708458 2.382334 -2.896243
v -5.934950 0.000105 8.507801
v -5.952672 0.000105 8.490079
v -5.952672 1.332128 8.490079
v -5.934950 1.332128 8.507801
v 6.074261 3.604219 10.695343
v 6.074264 3.604263 -11.173477
v 1.691620 5.267692 10.695349
v 1.691623 5.267735 -11.173471
v -0.005108 8.838633 10.695354
v 1.691623 7.618989 -11.173466
v -0.005105 8.838678 -11.173466
v 1.691620 7.618946 10.695354
v 1.757713 5.390709 10.695349
v 6.140354 3.727236 10.695343
v 6.140357 3.727280 -11.173477
v 1.757715 5.390752 -11.173471
v 1.757715 7.742005 -11.173466
v -0.005105 8.961695 -11.173466
v -0.005108 8.961649 10.695354
v 1.757712 7.741962 10.695354
v -6.084477 3.604219 10.695343
v -6.084474 3.604262 -11.173477
v -1.701835 5.267692 10.695349
v -1.701833 5.267735 -11.173471
v -1.701833 7.618989 -11.173466
v -1.701836 7.618946 10.695354
v -1.767928 5.390709 10.695349
v -6.150569 3.727236 10.695343
v -6.150567 3.727279 -11.173477
v -1.767926 5.390752 -11.173471
v -1.767926 7.742005 -11.173466
v -1.767928 7.741962 10.695354
v 0.507692 7.262525 10.390122
v 0.507692 7.293379 10.390122
v -0.548340 7.262525 10.390122
v -0.548340 7.293378 10.390122
v 0.507692 7.262525 10.368762
v 0.507692 7.293379 10.368762
v -0.548340 7.262525 10.368762
v -0.548340 7.293378 10.368762
v 0.507692 7.262525 10.420261
v 0.507692 7.293379 10.420261
v -0.548340 7.262525 10.420261
v -0.548340 7.293378 10.420261
v 0.507692 7.262525 10.338623
v 0.507692 7.293379 10.338623
v -0.548340 7.293378 10.338623
v -0.548340 7.262525 10.338623
v -0.594516 6.804265 10.512091
v 0.553868 6.804265 10.512091
v -0.594516 6.804265 10.244753
v 0.553868 6.804265 10.244753
v -0.594516 6.850441 10.244753
v -0.594516 6.850441 10.512091
v 0.553868 6.850441 10.512091
v 0.553868 6.850441 10.244753
v -0.594516 7.705463 10.512096
v 0.553868 7.705463 10.512096
v -0.594516 7.705463 10.244758
v 0.553868 7.705463 10.244758
v -0.594516 7.751639 10.244758
v -0.594516 7.751639 10.512096
v 0.553868 7.751639 10.512096
v 0.553868 7.751639 10.244758
v -0.594516 7.705463 10.504764
v -0.594516 6.850441 10.504758
v -0.594516 7.705463 10.252092
v -0.594516 6.850441 10.252087
v -0.548340 7.705463 10.252092
v -0.548340 7.705463 10.504764
v -0.548340 6.850441 10.504758
v -0.548340 6.850441 10.252087
v 0.507692 7.705463 10.504763
v 0.507692 6.850441 10.504757
v 0.507692 7.705463 10.252091
v 0.507692 6.850441 10.252086
v 0.553868 7.705463 10.252091
v 0.553868 7.705463 10.504763
v 0.553868 6.850441 10.504757
v 0.553868 6.850441 10.252086
v 1.447845 6.188112 8.585007
v 1.698819 6.188112 8.585007
v 1.447845 6.188115 7.436623
v 1.698819 6.188115 7.436623
v 1.447845 6.267080 7.436623
v 1.447845 6.267077 8.585007
v 1.698819 6.267077 8.585007
v 1.698819 6.267080 7.436623
v 1.447845 6.993217 8.585007
v 1.698819 6.993217 8.585007
v 1.447845 6.993220 7.436625
v 1.698819 6.993220 7.436625
v 1.447845 7.046092 7.436625
v 1.447845 7.046089 8.585007
v 1.698819 7.046089 8.585007
v 1.698819 7.046092 7.436625
v 1.450406 6.267077 8.495237
v 1.696258 6.267077 8.495237
v 1.450406 6.993217 8.495237
v 1.696258 6.993217 8.495237
v 1.450406 6.993217 8.585007
v 1.450406 6.267077 8.585007
v 1.696258 6.267077 8.585007
v 1.696258 6.993217 8.585007
v 1.450406 6.267080 7.436623
v 1.696258 6.267080 7.436623
v 1.450406 6.993220 7.436625
v 1.696258 6.993220 7.436625
v 1.450406 6.993220 7.526395
v 1.450406 6.267080 7.526392
v 1.696258 6.267080 7.526392
v 1.696258 6.993220 7.526395
v 1.522589 6.267077 8.495237
v 1.522589 6.993217 8.495237
v 1.522589 6.267080 7.526392
v 1.522589 6.993220 7.526395
v 1.522589 6.963369 8.465389
v 1.522589 6.296926 8.465389
v 1.522589 6.963372 7.556243
v 1.522589 6.296929 7.556240
v 1.624075 6.267077 8.495237
v 1.624075 6.993217 8.495237
v 1.624075 6.267080 7.526392
v 1.624075 6.993220 7.526395
v 1.624075 6.963369 8.465389
v 1.624075 6.296926 8.465389
v 1.624075 6.963372 7.556243
v 1.624075 6.296929 7.556240
v 1.607109 6.963372 8.002082
v 1.607109 6.963372 8.019547
v 1.607109 6.296929 8.019547
v 1.607109 6.296929 8.002082
v 1.534069 6.963372 8.019547
v 1.534069 6.963372 8.002082
v 1.534069 6.296929 8.002082
v 1.534069 6.296929 8.019547
v 1.447845 6.188123 2.969406
v 1.698820 6.188123 2.969406
v 1.447845 6.188126 1.821023
v 1.698820 6.188126 1.821023
v 1.447845 6.267092 1.821023
v 1.447845 6.267089 2.969407
v 1.698820 6.267089 2.969407
v 1.698820 6.267092 1.821023
v 1.447845 6.993229 2.969409
v 1.698819 6.993229 2.969409
v 1.447845 6.993232 1.821025
v 1.698820 6.993232 1.821025
v 1.447845 7.046103 1.821025
v 1.447845 7.046100 2.969409
v 1.698819 7.046100 2.969409
v 1.698820 7.046103 1.821025
v 1.450407 6.267089 2.879638
v 1.696259 6.267089 2.879638
v 1.450407 6.993229 2.879640
v 1.696258 6.993229 2.879640
v 1.450407 6.993229 2.969409
v 1.450407 6.267089 2.969407
v 1.696259 6.267089 2.969407
v 1.696258 6.993229 2.969409
v 1.450407 6.267092 1.821023
v 1.696259 6.267092 1.821023
v 1.450407 6.993232 1.821025
v 1.696259 6.993232 1.821025
v 1.450407 6.993232 1.910794
v 1.450407 6.267092 1.910792
v 1.696259 6.267092 1.910792
v 1.696259 6.993232 1.910794
v 1.522590 6.267089 2.879638
v 1.522590 6.993229 2.879640
v 1.522590 6.267092 1.910792
v 1.522590 6.993232 1.910794
v 1.522590 6.963380 2.849791
v 1.522590 6.296938 2.849789
v 1.522590 6.963383 1.940642
v 1.522590 6.296941 1.940641
v 1.624076 6.267089 2.879638
v 1.624076 6.993229 2.879640
v 1.624076 6.267092 1.910792
v 1.624076 6.993232 1.910794
v 1.624076 6.963380 2.849791
v 1.624076 6.296938 2.849789
v 1.624076 6.963383 1.940642
v 1.624076 6.296941 1.940641
v 1.607110 6.963380 2.386484
v 1.607110 6.963380 2.403950
v 1.607110 6.296938 2.403948
v 1.607110 6.296938 2.386482
v 1.534070 6.963380 2.403950
v 1.534070 6.963380 2.386484
v 1.534070 6.296938 2.386482
v 1.534070 6.296938 2.403948
v 1.447846 6.188135 -2.646195
v 1.698821 6.188135 -2.646195
v 1.447846 6.188138 -3.794579
v 1.698821 6.188138 -3.794578
v 1.447846 6.267103 -3.794577
v 1.447846 6.267100 -2.646194
v 1.698821 6.267100 -2.646194
v 1.698821 6.267103 -3.794577
v 1.447846 6.993240 -2.646193
v 1.698820 6.993240 -2.646192
v 1.447846 6.993243 -3.794576
v 1.698820 6.993243 -3.794575
v 1.447846 7.046114 -3.794576
v 1.447846 7.046112 -2.646193
v 1.698820 7.046112 -2.646192
v 1.698820 7.046114 -3.794575
v 1.450408 6.267100 -2.735962
v 1.696259 6.267100 -2.735962
v 1.450408 6.993240 -2.735961
v 1.696259 6.993240 -2.735961
v 1.450408 6.993240 -2.646193
v 1.450408 6.267100 -2.646194
v 1.696259 6.267100 -2.646194
v 1.696259 6.993240 -2.646192
v 1.450408 6.267103 -3.794578
v 1.696259 6.267103 -3.794578
v 1.450408 6.993243 -3.794576
v 1.696259 6.993243 -3.794575
v 1.450408 6.993243 -3.704807
v 1.450408 6.267103 -3.704809
v 1.696259 6.267103 -3.704808
v 1.696259 6.993243 -3.704807
v 1.522590 6.267100 -2.735962
v 1.522590 6.993240 -2.735961
v 1.522590 6.267103 -3.704809
v 1.522590 6.993243 -3.704807
v 1.522590 6.963392 -2.765810
v 1.522590 6.296949 -2.765811
v 1.522590 6.963395 -3.674958
v 1.522590 6.296952 -3.674960
v 1.624077 6.267100 -2.735962
v 1.624076 6.993240 -2.735961
v 1.624077 6.267103 -3.704808
v 1.624077 6.993243 -3.704807
v 1.624076 6.963392 -2.765810
v 1.624077 6.296949 -2.765811
v 1.624077 6.963395 -3.674958
v 1.624077 6.296952 -3.674959
v 1.607111 6.963392 -3.229116
v 1.607111 6.963392 -3.211651
v 1.607111 6.296949 -3.211652
v 1.607111 6.296949 -3.229118
v 1.534070 6.963392 -3.211651
v 1.534070 6.963392 -3.229116
v 1.534070 6.296949 -3.229118
v 1.534070 6.296949 -3.211652
v 1.447847 6.188146 -8.261796
v 1.698821 6.188146 -8.261796
v 1.447847 6.188146 -9.410180
v 1.698821 6.188146 -9.410180
v 1.447847 6.267112 -9.410180
v 1.447847 6.267112 -8.261796
v 1.698821 6.267112 -8.261796
v 1.698821 6.267112 -9.410180
v 1.447846 6.993252 -8.261796
v 1.698821 6.993252 -8.261796
v 1.447847 6.993252 -9.410180
v 1.698821 6.993252 -9.410180
v 1.447847 7.046123 -9.410180
v 1.447846 7.046123 -8.261796
v 1.698821 7.046123 -8.261796
v 1.698821 7.046123 -9.410180
v 1.450408 6.267112 -8.351563
v 1.696260 6.267112 -8.351563
v 1.450408 6.993252 -8.351563
v 1.696260 6.993252 -8.351563
v 1.450408 6.993252 -8.261796
v 1.450408 6.267112 -8.261796
v 1.696260 6.267112 -8.261796
v 1.696260 6.993252 -8.261796
v 1.450408 6.267112 -9.410180
v 1.696260 6.267112 -9.410180
v 1.450408 6.993252 -9.410180
v 1.696260 6.993252 -9.410180
v 1.450408 6.993252 -9.320411
v 1.450408 6.267112 -9.320411
v 1.696260 6.267112 -9.320411
v 1.696260 6.993252 -9.320411
v 1.522591 6.267112 -8.351563
v 1.522591 6.993252 -8.351563
v 1.522591 6.267112 -9.320411
v 1.522591 6.993252 -9.320411
v 1.522591 6.963403 -8.381413
v 1.522591 6.296961 -8.381413
v 1.522591 6.963403 -9.290563
v 1.522591 6.296961 -9.290563
v 1.624077 6.267112 -8.351563
v 1.624077 6.993252 -8.351563
v 1.624077 6.267112 -9.320411
v 1.624077 6.993252 -9.320411
v 1.624077 6.963403 -8.381413
v 1.624077 6.296961 -8.381413
v 1.624077 6.963403 -9.290563
v 1.624077 6.296961 -9.290563
v 1.607111 6.963403 -8.844720
v 1.607111 6.963403 -8.827254
v 1.607111 6.296961 -8.827254
v 1.607111 6.296961 -8.844720
v 1.534071 6.963403 -8.827254
v 1.534071 6.963403 -8.844720
v 1.534071 6.296961 -8.844720
v 1.534071 6.296961 -8.827254
v -1.454030 6.188112 8.585007
v -1.713459 6.188112 8.585007
v -1.454030 6.188115 7.436623
v -1.713459 6.188115 7.436623
v -1.454030 6.267080 7.436623
v -1.454030 6.267077 8.585007
v -1.713459 6.267077 8.585007
v -1.713459 6.267080 7.436623
v -1.454031 6.993217 8.585007
v -1.713459 6.993217 8.585007
v -1.454030 6.993220 7.436625
v -1.713458 6.993220 7.436625
v -1.454030 7.046092 7.436625
v -1.454031 7.046089 8.585007
v -1.713459 7.046089 8.585007
v -1.713458 7.046092 7.436625
v -1.460819 6.267077 8.495237
v -1.706671 6.267077 8.495237
v -1.460819 6.993217 8.495237
v -1.706671 6.993217 8.495237
v -1.460819 6.993217 8.585007
v -1.460819 6.267077 8.585007
v -1.706671 6.267077 8.585007
v -1.706671 6.993217 8.585007
v -1.460819 6.267080 7.436623
v -1.706671 6.267080 7.436623
v -1.460819 6.993220 7.436625
v -1.706671 6.993220 7.436625
v -1.460819 6.993220 7.526395
v -1.460819 6.267080 7.526392
v -1.706671 6.267080 7.526392
v -1.706671 6.993220 7.526395
v -1.533002 6.267077 8.495237
v -1.533002 6.993217 8.495237
v -1.533002 6.267080 7.526392
v -1.533002 6.993220 7.526395
v -1.533002 6.963369 8.465389
v -1.533002 6.296926 8.465389
v -1.533002 6.963372 7.556243
v -1.533002 6.296929 7.556240
v -1.634488 6.267077 8.495237
v -1.634488 6.993217 8.495237
v -1.634488 6.267080 7.526392
v -1.634488 6.993220 7.526395
v -1.634488 6.963369 8.465389
v -1.634488 6.296926 8.465389
v -1.634488 6.963372 7.556243
v -1.634488 6.296929 7.556240
v -1.617522 6.963372 8.002082
v -1.617522 6.963372 8.019547
v -1.617522 6.296929 8.019547
v -1.617522 6.296929 8.002082
v -1.544482 6.963372 8.019547
v -1.544482 6.963372 8.002082
v -1.544482 6.296929 8.002082
v -1.544482 6.296929 8.019547
v -1.454030 6.188123 2.969406
v -1.713458 6.188123 2.969405
v -1.454030 6.188126 1.821023
v -1.713458 6.188126 1.821023
v -1.454030 6.267092 1.821023
v -1.454030 6.267089 2.969407
v -1.713458 6.267089 2.969407
v -1.713458 6.267092 1.821023
v -1.454030 6.993229 2.969409
v -1.713458 6.993229 2.969408
v -1.454030 6.993232 1.821024
v -1.713458 6.993232 1.821024
v -1.454030 7.046103 1.821024
v -1.454030 7.046100 2.969409
v -1.713458 7.046100 2.969408
v -1.713458 7.046103 1.821024
v -1.460819 6.267089 2.879638
v -1.706670 6.267089 2.879638
v -1.460819 6.993229 2.879640
v -1.706670 6.993229 2.879639
v -1.460819 6.993229 2.969409
v -1.460819 6.267089 2.969407
v -1.706670 6.267089 2.969407
v -1.706670 6.993229 2.969408
v -1.460818 6.267092 1.821022
v -1.706670 6.267092 1.821022
v -1.460818 6.993232 1.821024
v -1.706670 6.993232 1.821024
v -1.460818 6.993232 1.910793
v -1.460818 6.267092 1.910792
v -1.706670 6.267092 1.910792
v -1.706670 6.993232 1.910793
v -1.533001 6.267089 2.879638
v -1.533001 6.993229 2.879640
v -1.533001 6.267092 1.910792
v -1.533001 6.993232 1.910793
v -1.533001 6.963380 2.849791
v -1.533001 6.296938 2.849789
v -1.533001 6.963383 1.940642
v -1.533001 6.296941 1.940640
v -1.634487 6.267089 2.879638
v -1.634488 6.993229 2.879639
v -1.634487 6.267092 1.910792
v -1.634487 6.993232 1.910793
v -1.634488 6.963380 2.849790
v -1.634487 6.296938 2.849789
v -1.634487 6.963383 1.940642
v -1.634487 6.296941 1.940640
v -1.617521 6.963380 2.386483
v -1.617521 6.963380 2.403949
v -1.617521 6.296938 2.403948
v -1.617521 6.296938 2.386482
v -1.544481 6.963380 2.403950
v -1.544481 6.963380 2.386484
v -1.544481 6.296938 2.386482
v -1.544481 6.296938 2.403948
v -1.454029 6.188135 -2.646195
v -1.713458 6.188135 -2.646196
v -1.454029 6.188138 -3.794579
v -1.713458 6.188138 -3.794579
v -1.454029 6.267103 -3.794577
v -1.454029 6.267100 -2.646194
v -1.713458 6.267100 -2.646194
v -1.713458 6.267103 -3.794577
v -1.454029 6.993240 -2.646193
v -1.713457 6.993240 -2.646193
v -1.454029 6.993243 -3.794576
v -1.713457 6.993243 -3.794576
v -1.454029 7.046114 -3.794576
v -1.454029 7.046112 -2.646193
v -1.713457 7.046112 -2.646193
v -1.713457 7.046114 -3.794576
v -1.460818 6.267100 -2.735962
v -1.706669 6.267100 -2.735963
v -1.460818 6.993240 -2.735961
v -1.706669 6.993240 -2.735961
v -1.460818 6.993240 -2.646193
v -1.460818 6.267100 -2.646194
v -1.706669 6.267100 -2.646194
v -1.706669 6.993240 -2.646193
v -1.460818 6.267103 -3.794578
v -1.706669 6.267103 -3.794578
v -1.460818 6.993243 -3.794576
v -1.706669 6.993243 -3.794576
v -1.460818 6.993243 -3.704807
v -1.460818 6.267103 -3.704809
v -1.706669 6.267103 -3.704809
v -1.706669 6.993243 -3.704808
v -1.533000 6.267100 -2.735962
v -1.533001 6.993240 -2.735961
v -1.533000 6.267103 -3.704809
v -1.533000 6.993243 -3.704807
v -1.533001 6.963392 -2.765810
v -1.533000 6.296949 -2.765811
v -1.533000 6.963395 -3.674958
v -1.533000 6.296952 -3.674960
v -1.634487 6.267100 -2.735963
v -1.634487 6.993240 -2.735961
v -1.634487 6.267103 -3.704809
v -1.634487 6.993243 -3.704808
v -1.634487 6.963392 -2.765810
v -1.634487 6.296949 -2.765812
v -1.634487 6.963395 -3.674958
v -1.634487 6.296952 -3.674960
v -1.617520 6.963392 -3.229117
v -1.617520 6.963392 -3.211651
v -1.617520 6.296949 -3.211653
v -1.617520 6.296949 -3.229118
v -1.544480 6.963392 -3.211651
v -1.544480 6.963392 -3.229116
v -1.544480 6.296949 -3.229118
v -1.544480 6.296949 -3.211652
v -1.454028 6.188146 -8.261796
v -1.713457 6.188146 -8.261796
v -1.454028 6.188146 -9.410180
v -1.713457 6.188146 -9.410180
v -1.454028 6.267112 -9.410180
v -1.454028 6.267112 -8.261796
v -1.713457 6.267112 -8.261796
v -1.713457 6.267112 -9.410180
v -1.454029 6.993252 -8.261796
v -1.713457 6.993252 -8.261796
v -1.454028 6.993252 -9.410180
v -1.713456 6.993252 -9.410180
v -1.454028 7.046123 -9.410180
v -1.454029 7.046123 -8.261796
v -1.713457 7.046123 -8.261796
v -1.713456 7.046123 -9.410180
v -1.460817 6.267112 -8.351563
v -1.706669 6.267112 -8.351563
v -1.460817 6.993252 -8.351563
v -1.706669 6.993252 -8.351563
v -1.460817 6.993252 -8.261796
v -1.460817 6.267112 -8.261796
v -1.706669 6.267112 -8.261796
v -1.706669 6.993252 -8.261796
v -1.460817 6.267112 -9.410180
v -1.706669 6.267112 -9.410180
v -1.460817 6.993252 -9.410180
v -1.706669 6.993252 -9.410180
v -1.460817 6.993252 -9.320411
v -1.460817 6.267112 -9.320411
v -1.706669 6.267112 -9.320411
v -1.706669 6.993252 -9.320411
v -1.533000 6.267112 -8.351563
v -1.533000 6.993252 -8.351563
v -1.533000 6.267112 -9.320411
v -1.533000 6.993252 -9.320411
v -1.533000 6.963403 -8.381413
v -1.533000 6.296961 -8.381413
v -1.533000 6.963403 -9.290563
v -1.533000 6.296961 -9.290563
v -1.634486 6.267112 -8.351563
v -1.634486 6.993252 -8.351563
v -1.634486 6.267112 -9.320411
v -1.634486 6.993252 -9.320411
v -1.634486 6.963403 -8.381413
v -1.634486 6.296961 -8.381413
v -1.634486 6.963403 -9.290563
v -1.634486 6.296961 -9.290563
v -1.617520 6.963403 -8.844720
v -1.617520 6.963403 -8.827254
v -1.617520 6.296961 -8.827254
v -1.617520 6.296961 -8.844720
v -1.544480 6.963403 -8.827254
v -1.544480 6.963403 -8.844720
v -1.544480 6.296961 -8.844720
v -1.544480 6.296961 -8.827254
v -3.397299 2.477684 10.495449
v 3.356163 2.477685 10.495449
v -3.397299 2.634343 10.495449
v 3.356163 2.634344 10.495449
v -3.397299 2.634342 10.666683
v -3.397299 2.477683 10.666683
v 3.356163 2.477684 10.666683
v 3.356163 2.634342 10.666683
v 5.842068 0.000101 10.602099
v 6.042845 0.000101 10.602099
v 5.842068 0.000102 10.401322
v 6.042845 0.000102 10.401322
v 5.842068 3.713024 10.602105
v 6.042845 3.713024 10.602105
v 5.842068 3.713024 10.401328
v 6.042845 3.713024 10.401328
v -5.852284 0.000101 10.602099
v -6.053061 0.000101 10.602099
v -5.852284 0.000101 10.401322
v -6.053061 0.000101 10.401322
v -5.852284 3.713023 10.602105
v -6.053061 3.713023 10.602105
v -5.852284 3.713023 10.401328
v -6.053061 3.713023 10.401328
v 5.696692 1.332152 8.756416
v 5.979329 1.332152 8.756416
v 5.696692 1.332155 7.776382
v 5.979329 1.332155 7.776382
v 5.696692 1.411120 7.776382
v 5.696692 1.411118 8.756416
v 5.979329 1.411118 8.756416
v 5.979329 1.411120 7.776382
v 5.696308 2.329440 8.756422
v 5.953728 2.329440 8.756422
v 5.696308 2.329441 7.776385
v 5.953728 2.329441 7.776385
v 5.696308 2.382313 7.776385
v 5.696308 2.382311 8.756422
v 5.953728 2.382311 8.756422
v 5.953728 2.382313 7.776385
v 5.702092 1.411118 8.666647
v 5.947944 1.411118 8.666647
v 5.702092 2.329440 8.666653
v 5.947944 2.329440 8.666653
v 5.702092 2.329440 8.756422
v 5.702092 1.411118 8.756416
v 5.947944 1.411118 8.756416
v 5.947944 2.329440 8.756422
v 5.702092 1.411120 7.776382
v 5.947944 1.411120 7.776382
v 5.702092 2.329441 7.776385
v 5.947944 2.329441 7.776385
v 5.702092 2.329441 7.866155
v 5.702092 1.411119 7.866152
v 5.947944 1.411119 7.866152
v 5.947944 2.329441 7.866155
v 5.774275 1.411118 8.666647
v 5.774275 2.329440 8.666653
v 5.774275 1.411119 7.866152
v 5.774275 2.329441 7.866155
v 5.774275 2.299591 8.636805
v 5.774275 1.440967 8.636799
v 5.774275 2.299593 7.896003
v 5.774275 1.440968 7.896000
v 5.875761 1.411118 8.666647
v 5.875761 2.329440 8.666653
v 5.875761 1.411119 7.866152
v 5.875761 2.329441 7.866155
v 5.875761 2.299591 8.636805
v 5.875761 1.440967 8.636799
v 5.875761 2.299593 7.896003
v 5.875761 1.440968 7.896000
v 5.696066 1.332160 4.927589
v 5.979329 1.332160 4.927589
v 5.696067 1.332162 3.947551
v 5.979329 1.332162 3.947551
v 5.696067 1.411127 3.947551
v 5.696066 1.411126 4.927589
v 5.979329 1.411126 4.927589
v 5.979329 1.411127 3.947551
v 5.696066 2.329447 4.927592
v 5.959994 2.329447 4.927592
v 5.696066 2.329450 3.947553
v 5.959994 2.329450 3.947553
v 5.696066 2.382321 3.947553
v 5.696066 2.382318 4.927592
v 5.959994 2.382318 4.927592
v 5.959994 2.382321 3.947553
v 5.702092 1.411126 4.837820
v 5.947944 1.411126 4.837820
v 5.702092 2.329447 4.837823
v 5.947944 2.329447 4.837823
v 5.702092 2.329447 4.927592
v 5.702092 1.411126 4.927589
v 5.947944 1.411126 4.927589
v 5.947944 2.329447 4.927592
v 5.702093 1.411127 3.947551
v 5.947944 1.411127 3.947551
v 5.702092 2.329450 3.947553
v 5.947944 2.329450 3.947553
v 5.702092 2.329448 4.037323
v 5.702093 1.411127 4.037321
v 5.947944 1.411127 4.037321
v 5.947944 2.329448 4.037323
v 5.774275 1.411126 4.837820
v 5.774275 2.329447 4.837823
v 5.774276 1.411127 4.037321
v 5.774275 2.329448 4.037323
v 5.774275 2.299598 4.807974
v 5.774275 1.440975 4.807971
v 5.774275 2.299600 4.067172
v 5.774275 1.440976 4.067169
v 5.875761 1.411126 4.837820
v 5.875761 2.329447 4.837823
v 5.875762 1.411127 4.037321
v 5.875761 2.329448 4.037323
v 5.875761 2.299598 4.807974
v 5.875761 1.440975 4.807971
v 5.875761 2.299600 4.067172
v 5.875761 1.440976 4.067169
v 5.697212 1.332168 1.098758
v 5.979330 1.332168 1.098758
v 5.697212 1.332170 0.118720
v 5.979330 1.332170 0.118720
v 5.697212 1.411135 0.118720
v 5.697212 1.411133 1.098758
v 5.979330 1.411133 1.098758
v 5.979330 1.411135 0.118720
v 5.697212 2.329454 1.098759
v 5.957706 2.329454 1.098759
v 5.697212 2.329457 0.118722
v 5.957706 2.329457 0.118722
v 5.697212 2.382328 0.118722
v 5.697212 2.382325 1.098760
v 5.957706 2.382325 1.098760
v 5.957706 2.382328 0.118722
v 5.702093 1.411133 1.008988
v 5.947945 1.411133 1.008988
v 5.702093 2.329456 1.008990
v 5.947945 2.329456 1.008990
v 5.702093 2.329454 1.098759
v 5.702093 1.411133 1.098758
v 5.947945 1.411133 1.098758
v 5.947945 2.329454 1.098759
v 5.702093 1.411135 0.118720
v 5.947945 1.411135 0.118720
v 5.702093 2.329457 0.118722
v 5.947945 2.329457 0.118722
v 5.702093 2.329457 0.208491
v 5.702093 1.411135 0.208489
v 5.947945 1.411135 0.208489
v 5.947945 2.329457 0.208491
v 5.774276 1.411133 1.008988
v 5.774276 2.329456 1.008990
v 5.774276 1.411135 0.208489
v 5.774276 2.329457 0.208491
v 5.774276 2.299607 0.979141
v 5.774276 1.440982 0.979140
v 5.774276 2.299608 0.238339
v 5.774276 1.440983 0.238337
v 5.875762 1.411133 1.008988
v 5.875762 2.329456 1.008990
v 5.875762 1.411135 0.208489
v 5.875762 2.329457 0.208491
v 5.875762 2.299607 0.979141
v 5.875762 1.440982 0.979140
v 5.875762 2.299608 0.238339
v 5.875762 1.440983 0.238337
v 5.696147 1.332175 -2.730073
v 5.979330 1.332175 -2.730073
v 5.696147 1.332177 -3.710111
v 5.979330 1.332177 -3.710111
v 5.696147 1.411142 -3.710111
v 5.696147 1.411140 -2.730073
v 5.979330 1.411140 -2.730073
v 5.979330 1.411142 -3.710111
v 5.696147 2.329463 -2.730072
v 5.959836 2.329463 -2.730072
v 5.696147 2.329464 -3.710109
v 5.959836 2.329464 -3.710109
v 5.696147 2.382335 -3.710109
v 5.696147 2.382334 -2.730072
v 5.959836 2.382334 -2.730072
v 5.959836 2.382335 -3.710109
v 5.702093 1.411141 -2.819843
v 5.947945 1.411141 -2.819843
v 5.702093 2.329463 -2.819841
v 5.947945 2.329463 -2.819841
v 5.702093 2.329463 -2.730072
v 5.702093 1.411140 -2.730073
v 5.947945 1.411140 -2.730073
v 5.947945 2.329463 -2.730072
v 5.702094 1.411142 -3.710111
v 5.947945 1.411142 -3.710111
v 5.702094 2.329464 -3.710109
v 5.947945 2.329464 -3.710109
v 5.702094 2.329464 -3.620340
v 5.702094 1.411142 -3.620342
v 5.947945 1.411142 -3.620342
v 5.947945 2.329464 -3.620340
v 5.774276 1.411141 -2.819843
v 5.774276 2.329463 -2.819841
v 5.774277 1.411142 -3.620342
v 5.774277 2.329464 -3.620340
v 5.774276 2.299614 -2.849689
v 5.774276 1.440990 -2.849691
v 5.774277 2.299616 -3.590492
v 5.774277 1.440991 -3.590493
v 5.875762 1.411141 -2.819843
v 5.875762 2.329463 -2.819841
v 5.875762 1.411142 -3.620342
v 5.875762 2.329464 -3.620340
v 5.875762 2.299614 -2.849689
v 5.875762 1.440990 -2.849691
v 5.875762 2.299616 -3.590492
v 5.875762 1.440991 -3.590493
v -5.703538 1.332152 8.756416
v -5.990500 1.332152 8.756416
v -5.703538 1.332154 7.776381
v -5.990500 1.332154 7.776381
v -5.703538 1.411120 7.776381
v -5.703538 1.411118 8.756416
v -5.990500 1.411118 8.756416
v -5.990500 1.411120 7.776381
v -5.703538 2.329439 8.756422
v -5.964622 2.329439 8.756422
v -5.703538 2.329441 7.776383
v -5.964622 2.329441 7.776383
v -5.703538 2.382312 7.776383
v -5.703538 2.382311 8.756422
v -5.964622 2.382311 8.756422
v -5.964622 2.382312 7.776383
v -5.713264 1.411118 8.666647
v -5.959115 1.411118 8.666647
v -5.713264 2.329439 8.666653
v -5.959115 2.329439 8.666653
v -5.713264 2.329439 8.756422
v -5.713264 1.411118 8.756416
v -5.959115 1.411118 8.756416
v -5.959115 2.329439 8.756422
v -5.713264 1.411120 7.776381
v -5.959115 1.411120 7.776381
v -5.713264 2.329441 7.776383
v -5.959115 2.329441 7.776383
v -5.713264 2.329441 7.866153
v -5.713264 1.411119 7.866150
v -5.959115 1.411119 7.866150
v -5.959115 2.329441 7.866153
v -5.785446 1.411118 8.666647
v -5.785446 2.329439 8.666653
v -5.785446 1.411119 7.866150
v -5.785446 2.329441 7.866153
v -5.785446 2.299591 8.636805
v -5.785446 1.440966 8.636799
v -5.785446 2.299592 7.896001
v -5.785446 1.440968 7.895998
v -5.886932 1.411118 8.666647
v -5.886932 2.329439 8.666653
v -5.886932 1.411119 7.866150
v -5.886932 2.329441 7.866153
v -5.886932 2.299591 8.636805
v -5.886932 1.440966 8.636799
v -5.886932 2.299592 7.896001
v -5.886932 1.440968 7.895998
v -5.706671 1.332160 4.927587
v -5.990500 1.332160 4.927587
v -5.706670 1.332161 3.947550
v -5.990500 1.332161 3.947550
v -5.706670 1.411127 3.947550
v -5.706671 1.411126 4.927587
v -5.990500 1.411126 4.927587
v -5.990500 1.411127 3.947550
v -5.706671 2.329447 4.927590
v -5.972301 2.329447 4.927590
v -5.706671 2.329449 3.947551
v -5.972301 2.329449 3.947551
v -5.706671 2.382321 3.947551
v -5.706671 2.382318 4.927590
v -5.972301 2.382318 4.927590
v -5.972301 2.382321 3.947551
v -5.713264 1.411126 4.837818
v -5.959115 1.411126 4.837818
v -5.713264 2.329447 4.837821
v -5.959115 2.329447 4.837821
v -5.713264 2.329447 4.927590
v -5.713264 1.411126 4.927587
v -5.959115 1.411126 4.927587
v -5.959115 2.329447 4.927590
v -5.713263 1.411127 3.947550
v -5.959115 1.411127 3.947550
v -5.713264 2.329449 3.947551
v -5.959115 2.329449 3.947551
v -5.713264 2.329448 4.037322
v -5.713263 1.411127 4.037319
v -5.959115 1.411127 4.037319
v -5.959115 2.329448 4.037322
v -5.785446 1.411126 4.837818
v -5.785446 2.329447 4.837821
v -5.785446 1.411127 4.037319
v -5.785446 2.329448 4.037322
v -5.785446 2.299598 4.807972
v -5.785446 1.440974 4.807969
v -5.785446 2.299599 4.067170
v -5.785446 1.440976 4.067167
v -5.886932 1.411126 4.837818
v -5.886932 2.329447 4.837821
v -5.886932 1.411127 4.037319
v -5.886932 2.329448 4.037322
v -5.886932 2.299598 4.807972
v -5.886932 1.440974 4.807969
v -5.886932 2.299599 4.067170
v -5.886932 1.440976 4.067167
v -5.707527 1.332167 1.098756
v -5.990499 1.332167 1.098756
v -5.707527 1.332169 0.118718
v -5.990499 1.332169 0.118718
v -5.707527 1.411135 0.118718
v -5.707527 1.411133 1.098756
v -5.990499 1.411133 1.098756
v -5.990499 1.411135 0.118718
v -5.707527 2.329454 1.098758
v -5.970586 2.329454 1.098758
v -5.707527 2.329457 0.118720
v -5.970586 2.329457 0.118720
v -5.707527 2.382328 0.118720
v -5.707527 2.382325 1.098758
v -5.970586 2.382325 1.098758
v -5.970586 2.382328 0.118720
v -5.713263 1.411133 1.008987
v -5.959114 1.411133 1.008987
v -5.713263 2.329455 1.008988
v -5.959114 2.329455 1.008988
v -5.713263 2.329454 1.098758
v -5.713263 1.411133 1.098756
v -5.959114 1.411133 1.098756
v -5.959114 2.329454 1.098758
v -5.713263 1.411135 0.118718
v -5.959114 1.411135 0.118718
v -5.713263 2.329457 0.118720
v -5.959114 2.329457 0.118720
v -5.713263 2.329457 0.208490
v -5.713263 1.411134 0.208488
v -5.959114 1.411134 0.208488
v -5.959114 2.329457 0.208490
v -5.785445 1.411133 1.008987
v -5.785445 2.329455 1.008988
v -5.785445 1.411134 0.208488
v -5.785445 2.329457 0.208490
v -5.785445 2.299607 0.979140
v -5.785445 1.440982 0.979138
v -5.785445 2.299608 0.238338
v -5.785445 1.440983 0.238336
v -5.886931 1.411133 1.008987
v -5.886931 2.329455 1.008988
v -5.886931 1.411134 0.208488
v -5.886931 2.329457 0.208490
v -5.886931 2.299607 0.979140
v -5.886931 1.440982 0.979138
v -5.886931 2.299608 0.238338
v -5.886931 1.440983 0.238336
v -5.708446 1.332174 -2.730075
v -5.990499 1.332174 -2.730075
v -5.708445 1.332176 -3.710112
v -5.990499 1.332176 -3.710112
v -5.708445 1.411142 -3.710112
v -5.708446 1.411140 -2.730075
v -5.990499 1.411140 -2.730075
v -5.990499 1.411142 -3.710112
v -5.708446 2.329462 -2.730073
v -5.968747 2.329462 -2.730073
v -5.708445 2.329464 -3.710111
v -5.968747 2.329464 -3.710111
v -5.708445 2.382335 -3.710111
v -5.708446 2.382334 -2.730073
v -5.968747 2.382334 -2.730073
v -5.968747 2.382335 -3.710111
v -5.713263 1.411141 -2.819844
v -5.959114 1.411141 -2.819844
v -5.713263 2.329462 -2.819843
v -5.959114 2.329462 -2.819843
v -5.713263 2.329462 -2.730073
v -5.713263 1.411140 -2.730075
v -5.959114 1.411140 -2.730075
v -5.959114 2.329462 -2.730073
v -5.713262 1.411142 -3.710112
v -5.959114 1.411142 -3.710112
v -5.713262 2.329464 -3.710111
v -5.959114 2.329464 -3.710111
v -5.713262 2.329464 -3.620342
v -5.713262 1.411142 -3.620343
v -5.959114 1.411142 -3.620343
v -5.959114 2.329464 -3.620342
v -5.785445 1.411141 -2.819844
v -5.785445 2.329462 -2.819843
v -5.785445 1.411142 -3.620343
v -5.785445 2.329464 -3.620342
v -5.785445 2.299614 -2.849691
v -5.785445 1.440989 -2.849692
v -5.785445 2.299615 -3.590493
v -5.785445 1.440991 -3.590495
v -5.886931 1.411141 -2.819844
v -5.886931 2.329462 -2.819843
v -5.886931 1.411142 -3.620343
v -5.886931 2.329464 -3.620342
v -5.886931 2.299614 -2.849691
v -5.886931 1.440989 -2.849692
v -5.886931 2.299615 -3.590493
v -5.886931 1.440991 -3.590495
v 5.695274 1.264197 -7.363533
v 5.979331 1.264197 -7.363533
v 5.695274 1.264199 -8.514810
v 5.979331 1.264199 -8.514810
v 5.695274 1.343165 -8.514810
v 5.695274 1.343162 -7.363533
v 5.979331 1.343162 -7.363533
v 5.979331 1.343165 -8.514810
v 5.695274 2.480484 -7.363530
v 5.961584 2.480484 -7.363530
v 5.695274 2.480487 -8.514804
v 5.961584 2.480487 -8.514804
v 5.695274 2.533358 -8.514804
v 5.695274 2.533355 -7.363530
v 5.961584 2.533355 -7.363530
v 5.961584 2.533358 -8.514804
v 5.702094 1.343162 -7.453302
v 5.947946 1.343162 -7.453302
v 5.702094 2.480485 -7.453300
v 5.947945 2.480485 -7.453300
v 5.702094 2.480485 -7.363530
v 5.702094 1.343162 -7.363533
v 5.947946 1.343162 -7.363533
v 5.947945 2.480485 -7.363530
v 5.702094 1.343165 -8.514810
v 5.947946 1.343165 -8.514810
v 5.702094 2.480488 -8.514804
v 5.947946 2.480488 -8.514804
v 5.702094 2.480488 -8.425033
v 5.702094 1.343165 -8.425038
v 5.947946 1.343165 -8.425038
v 5.947946 2.480488 -8.425033
v 5.774277 1.343162 -7.453302
v 5.774277 2.480485 -7.453300
v 5.774277 1.343165 -8.425038
v 5.774277 2.480488 -8.425033
v 5.774277 2.450636 -7.483148
v 5.774277 1.373011 -7.483150
v 5.774277 2.450637 -8.395186
v 5.774277 1.373013 -8.395192
v 5.875763 1.343162 -7.453302
v 5.875762 2.480485 -7.453300
v 5.875763 1.343165 -8.425038
v 5.875763 2.480488 -8.425033
v 5.875762 2.450636 -7.483148
v 5.875763 1.373011 -7.483150
v 5.875763 2.450637 -8.395186
v 5.875763 1.373013 -8.395192
v 5.805285 1.844520 -7.468335
v 5.805285 1.818756 -7.468335
v 5.805285 1.844522 -8.410003
v 5.805285 1.818758 -8.410003
v 5.845723 1.844522 -8.410003
v 5.845723 1.844520 -7.468335
v 5.845723 1.818756 -7.468335
v 5.845723 1.818758 -8.410003
v 5.842071 0.000144 -10.873200
v 6.042848 0.000144 -10.873200
v 5.842071 0.000144 -11.073977
v 6.042848 0.000144 -11.073977
v 5.842071 3.713066 -10.873195
v 6.042848 3.713066 -10.873195
v 5.842071 3.713066 -11.073972
v 6.042848 3.713066 -11.073972
v -5.852281 0.000143 -10.873200
v -6.053058 0.000143 -10.873200
v -5.852281 0.000144 -11.073977
v -6.053058 0.000144 -11.073977
v -5.852281 3.713065 -10.873195
v -6.053058 3.713065 -10.873195
v -5.852281 3.713065 -11.073972
v -6.053058 3.713065 -11.073972
v -5.974433 3.665370 -11.068729
v 5.933303 3.665370 -11.068729
v -5.974433 3.822028 -11.068729
v 5.933303 3.822029 -11.068729
v -5.974433 3.822028 -10.929656
v -5.974433 3.665370 -10.929656
v 5.933303 3.665370 -10.929656
v 5.933303 3.822029 -10.929656
v 0.507694 7.262565 -10.845290
v 0.507694 7.293419 -10.845290
v -0.548337 7.262565 -10.845290
v -0.548337 7.293418 -10.845290
v 0.507694 7.262565 -10.866651
v 0.507694 7.293419 -10.866651
v -0.548337 7.262565 -10.866651
v -0.548337 7.293418 -10.866651
v 0.507694 7.262565 -10.815151
v 0.507694 7.293419 -10.815151
v -0.548337 7.262565 -10.815151
v -0.548337 7.293418 -10.815151
v 0.507694 7.262565 -10.896790
v 0.507694 7.293419 -10.896790
v -0.548337 7.293418 -10.896790
v -0.548337 7.262565 -10.896790
v -0.594513 6.804306 -10.724830
v 0.553870 6.804306 -10.724830
v -0.594513 6.804308 -10.989152
v 0.553870 6.804308 -10.989152
v -0.594513 6.850484 -10.989152
v -0.594513 6.850482 -10.724830
v 0.553870 6.850482 -10.724830
v 0.553870 6.850484 -10.989152
v -0.594513 7.705503 -10.724825
v 0.553870 7.705503 -10.724825
v -0.594513 7.705506 -10.989147
v 0.553870 7.705506 -10.989147
v -0.594513 7.751682 -10.989147
v -0.594513 7.751679 -10.724825
v 0.553870 7.751679 -10.724825
v 0.553870 7.751682 -10.989147
v -0.594513 7.705503 -10.730649
v -0.594513 6.850481 -10.730655
v -0.594513 7.705506 -10.983320
v -0.594513 6.850484 -10.983326
v -0.548337 7.705506 -10.983320
v -0.548337 7.705503 -10.730649
v -0.548337 6.850481 -10.730655
v -0.548337 6.850484 -10.983326
v 0.507694 7.705503 -10.730650
v 0.507694 6.850481 -10.730656
v 0.507694 7.705506 -10.983321
v 0.507694 6.850484 -10.983327
v 0.553870 7.705506 -10.983321
v 0.553870 7.705503 -10.730650
v 0.553870 6.850481 -10.730656
v 0.553870 6.850484 -10.983327
v -0.110292 6.000459 -9.707965
v -0.110293 8.654509 -9.707959
v -0.110292 6.000459 -9.868119
v -0.110293 8.654509 -9.868114
v 0.100082 6.000459 -9.707965
v 0.100082 8.654509 -9.707959
v 0.100082 6.000459 -9.868119
v 0.100082 8.654509 -9.868114
v 0.084021 6.299366 -9.722388
v 1.278561 7.927753 -9.722383
v 0.084021 6.299366 -9.853695
v 1.278561 7.927753 -9.853689
v 0.083796 5.944237 -9.722388
v 1.456364 7.815309 -9.722383
v 0.083796 5.944237 -9.853695
v 1.456364 7.815309 -9.853689
v -0.088939 6.292152 -9.722388
v -1.288772 7.927753 -9.722383
v -0.088939 6.292152 -9.853695
v -1.288772 7.927753 -9.853689
v -0.094007 5.944237 -9.722388
v -1.466574 7.815309 -9.722383
v -0.094007 5.944237 -9.853695
v -1.466574 7.815309 -9.853689
v -0.110294 6.000439 -0.158983
v -0.110294 8.654491 -0.158978
v -0.110294 6.000439 -0.319138
v -0.110294 8.654491 -0.319133
v 0.100081 6.000439 -0.158983
v 0.100081 8.654491 -0.158978
v 0.100081 6.000439 -0.319138
v 0.100081 8.654491 -0.319133
v 0.084019 6.299346 -0.173406
v 1.278560 7.927733 -0.173403
v 0.084019 6.299346 -0.304713
v 1.278560 7.927733 -0.304710
v 0.083795 5.944217 -0.173407
v 1.456362 7.815289 -0.173403
v 0.083795 5.944217 -0.304714
v 1.456362 7.815289 -0.304710
v -0.088940 6.292132 -0.173406
v -1.288773 7.927733 -0.173403
v -0.088940 6.292132 -0.304713
v -1.288773 7.927733 -0.304710
v -0.094008 5.944217 -0.173407
v -1.466575 7.815289 -0.173404
v -0.094008 5.944217 -0.304714
v -1.466575 7.815289 -0.304710
v -0.110293 6.000447 -4.715934
v -0.110293 8.654503 -4.715928
v -0.110293 6.000447 -4.876088
v -0.110293 8.654503 -4.876082
v 0.100082 6.000447 -4.715934
v 0.100082 8.654503 -4.715928
v 0.100082 6.000447 -4.876088
v 0.100082 8.654503 -4.876082
v 0.084020 6.299355 -4.730357
v 1.278561 7.927742 -4.730355
v 0.084020 6.299355 -4.861663
v 1.278561 7.927742 -4.861660
v 0.083796 5.944225 -4.730357
v 1.456363 7.815298 -4.730355
v 0.083796 5.944225 -4.861663
v 1.456363 7.815298 -4.861660
v -0.088939 6.292140 -4.730357
v -1.288772 7.927742 -4.730355
v -0.088939 6.292140 -4.861663
v -1.288772 7.927742 -4.861660
v -0.094007 5.944225 -4.730357
v -1.466575 7.815298 -4.730355
v -0.094007 5.944225 -4.861663
v -1.466575 7.815298 -4.861660
v -0.110295 6.000422 8.932135
v -0.110295 8.654474 8.932140
v -0.110295 6.000422 8.771980
v -0.110295 8.654474 8.771986
v 0.100080 6.000422 8.932135
v 0.100080 8.654474 8.932140
v 0.100080 6.000422 8.771980
v 0.100080 8.654474 8.771986
v 0.084018 6.299329 8.917711
v 1.278559 7.927716 8.917717
v 0.084018 6.299329 8.786406
v 1.278559 7.927716 8.786411
v 0.083794 5.944200 8.917711
v 1.456361 7.815272 8.917717
v 0.083794 5.944200 8.786406
v 1.456361 7.815272 8.786411
v -0.088941 6.292115 8.917711
v -1.288774 7.927716 8.917717
v -0.088941 6.292115 8.786406
v -1.288774 7.927716 8.786411
v -0.094009 5.944200 8.917711
v -1.466576 7.815272 8.917717
v -0.094009 5.944200 8.786406
v -1.466576 7.815272 8.786411
v -0.110294 6.000430 4.378687
v -0.110294 8.654486 4.378693
v -0.110294 6.000430 4.218533
v -0.110294 8.654486 4.218538
v 0.100081 6.000430 4.378687
v 0.100080 8.654486 4.378693
v 0.100081 6.000430 4.218533
v 0.100080 8.654486 4.218538
v 0.084019 6.299337 4.364263
v 1.278559 7.927724 4.364265
v 0.084019 6.299337 4.232957
v 1.278559 7.927724 4.232960
v 0.083795 5.944208 4.364263
v 1.456362 7.815280 4.364265
v 0.083795 5.944208 4.232957
v 1.456362 7.815280 4.232960
v -0.088941 6.292123 4.364263
v -1.288774 7.927724 4.364265
v -0.088941 6.292123 4.232957
v -1.288773 7.927724 4.232960
v -0.094008 5.944208 4.364263
v -1.466576 7.815280 4.364265
v -0.094008 5.944208 4.232957
v -1.466576 7.815280 4.232960
v -1.467834 5.767287 -0.120669
v -1.467834 6.004072 -0.120668
v -1.467834 5.767287 -0.357454
v -1.467834 6.004072 -0.357454
v 1.457622 5.767287 -0.120668
v 1.457622 6.004072 -0.120668
v 1.457622 5.767287 -0.357454
v 1.457622 6.004072 -0.357454
v -1.467834 5.767295 -4.674121
v -1.467834 6.004081 -4.674121
v -1.467834 5.767295 -4.910906
v -1.467834 6.004081 -4.910906
v 1.457622 5.767295 -4.674121
v 1.457622 6.004081 -4.674121
v 1.457622 5.767295 -4.910906
v 1.457622 6.004081 -4.910906
v -1.467833 5.767307 -9.658986
v -1.467833 6.004092 -9.658986
v -1.467833 5.767307 -9.895772
v -1.467833 6.004092 -9.895772
v 1.457623 5.767307 -9.658986
v 1.457623 6.004092 -9.658986
v 1.457623 5.767307 -9.895772
v 1.457623 6.004092 -9.895772
v -1.467835 5.767270 8.964729
v -1.467835 6.004055 8.964729
v -1.467835 5.767270 8.727943
v -1.467835 6.004055 8.727943
v 1.457621 5.767270 8.964729
v 1.457621 6.004055 8.964729
v 1.457621 5.767270 8.727943
v 1.457621 6.004055 8.727943
v -1.467835 5.767278 4.418447
v -1.467835 6.004064 4.418447
v -1.467835 5.767278 4.181661
v -1.467835 6.004064 4.181661
v 1.457621 5.767278 4.418447
v 1.457621 6.004064 4.418447
v 1.457621 5.767278 4.181661
v 1.457621 6.004064 4.181661
v 1.691620 5.267692 10.261455
v 1.691623 5.267732 -10.739576
v -0.005108 8.838633 10.261460
v -0.005105 8.838678 -10.739571
v 1.205787 7.955867 10.261460
v 1.205789 7.955907 -10.739571
v 0.228934 8.658121 -10.739571
v 0.228931 8.658074 10.261460
v 0.236228 8.652829 10.261460
v 0.236230 8.652876 -10.739571
v 0.471323 8.483879 -10.739571
v 0.471321 8.483833 10.261460
v 0.478618 8.478588 10.261460
v 0.478620 8.478634 -10.739571
v 0.713713 8.309637 -10.739571
v 0.713711 8.309591 10.261460
v 0.721007 8.304346 10.261460
v 0.721010 8.304392 -10.739571
v 0.956103 8.135397 -10.739571
v 0.956100 8.135351 10.261460
v 0.963397 8.130106 10.261460
v 0.963399 8.130152 -10.739571
v -0.005105 8.829739 -10.739571
v -0.005108 8.829693 10.261460
v 1.686920 5.258794 -10.739576
v 1.686918 5.258754 10.261455
v 0.476023 8.492771 10.261460
v 0.483320 8.487526 10.261460
v 0.233634 8.667013 10.261460
v 0.240930 8.661768 10.261460
v 0.240933 8.661814 -10.739571
v 0.233636 8.667059 -10.739571
v 0.483322 8.487573 -10.739571
v 0.476026 8.492818 -10.739571
v 0.725712 8.313332 -10.739571
v 0.718416 8.318577 -10.739571
v 0.968102 8.139090 -10.739571
v 0.960805 8.144335 -10.739571
v 1.210491 7.964846 -10.739571
v 1.203195 7.970091 -10.739571
v 1.445585 7.795850 -10.739571
v 0.718413 8.318531 10.261460
v 0.725710 8.313286 10.261460
v 0.960803 8.144289 10.261460
v 0.968099 8.139044 10.261460
v 1.203192 7.970051 10.261460
v 1.210489 7.964806 10.261460
v 1.445582 7.795809 10.261460
v 2.235250 5.061353 10.261455
v 2.243651 5.058164 10.261455
v 2.783080 4.853419 10.261455
v 2.791481 4.850230 10.261455
v 3.330910 4.645485 10.261455
v 3.339311 4.642296 10.261455
v 3.878740 4.437551 10.261455
v 3.887141 4.434362 10.261455
v 4.426570 4.229617 10.261449
v 4.434971 4.226428 10.261449
v 4.974400 4.021683 10.261449
v 4.982801 4.018494 10.261449
v 5.522231 3.813749 10.261449
v 5.522233 3.813791 -10.739582
v 4.982804 4.018534 -10.739582
v 4.974403 4.021723 -10.739582
v 4.434974 4.226468 -10.739582
v 4.426573 4.229657 -10.739582
v 3.887144 4.434402 -10.739576
v 3.878743 4.437591 -10.739576
v 3.339314 4.642336 -10.739576
v 3.330913 4.645525 -10.739576
v 2.791484 4.850270 -10.739576
v 2.783082 4.853459 -10.739576
v 2.243653 5.058204 -10.739576
v 2.235252 5.061393 -10.739576
v 1.198490 7.961112 10.261460
v 1.198493 7.961153 -10.739571
v 1.440880 7.786870 10.261460
v 1.440882 7.786911 -10.739571
v 2.238951 5.049265 -10.739576
v 2.238949 5.049225 10.261455
v 2.230547 5.052414 10.261455
v 2.230550 5.052454 -10.739576
v 2.786781 4.841331 -10.739576
v 2.786779 4.841291 10.261455
v 2.778378 4.844480 10.261455
v 2.778380 4.844520 -10.739576
v 3.334612 4.633397 -10.739576
v 3.334609 4.633358 10.261455
v 3.326208 4.636546 10.261455
v 3.326210 4.636586 -10.739576
v 3.882442 4.425464 -10.739576
v 3.882439 4.425424 10.261455
v 3.874038 4.428612 10.261455
v 3.874041 4.428652 -10.739576
v 4.430272 4.217530 -10.739582
v 4.430269 4.217489 10.261449
v 4.421868 4.220678 10.261449
v 4.421871 4.220718 -10.739582
v 4.978102 4.009596 -10.739582
v 4.978099 4.009555 10.261449
v 4.969698 4.012744 10.261449
v 4.969701 4.012784 -10.739582
v 5.517529 3.804811 10.261449
v 5.517531 3.804852 -10.739582
v -1.701835 5.267692 10.261455
v -1.701833 5.267732 -10.739576
v -1.216002 7.955867 10.261460
v -1.215999 7.955907 -10.739571
v -0.239144 8.658121 -10.739571
v -0.239147 8.658074 10.261460
v -0.246443 8.652829 10.261460
v -0.246441 8.652876 -10.739571
v -0.481534 8.483879 -10.739571
v -0.481536 8.483833 10.261460
v -0.488833 8.478588 10.261460
v -0.488831 8.478634 -10.739571
v -0.723924 8.309637 -10.739571
v -0.723926 8.309591 10.261460
v -0.731223 8.304346 10.261460
v -0.731220 8.304392 -10.739571
v -0.966313 8.135397 -10.739571
v -0.966316 8.135351 10.261460
v -0.973612 8.130106 10.261460
v -0.973610 8.130152 -10.739571
v -1.697130 5.258794 -10.739576
v -1.697133 5.258754 10.261455
v -0.486239 8.492771 10.261460
v -0.493535 8.487526 10.261460
v -0.243849 8.667013 10.261460
v -0.251146 8.661768 10.261460
v -0.251143 8.661814 -10.739571
v -0.243847 8.667059 -10.739571
v -0.493533 8.487573 -10.739571
v -0.486236 8.492818 -10.739571
v -0.735923 8.313332 -10.739571
v -0.728626 8.318577 -10.739571
v -0.978312 8.139090 -10.739571
v -0.971016 8.144335 -10.739571
v -1.220702 7.964846 -10.739571
v -1.213405 7.970091 -10.739571
v -1.455795 7.795850 -10.739571
v -0.728629 8.318531 10.261460
v -0.735925 8.313286 10.261460
v -0.971018 8.144289 10.261460
v -0.978315 8.139044 10.261460
v -1.213408 7.970051 10.261460
v -1.220704 7.964806 10.261460
v -1.455797 7.795809 10.261460
v -2.245465 5.061353 10.261455
v -2.253866 5.058164 10.261455
v -2.793295 4.853419 10.261455
v -2.801696 4.850230 10.261455
v -3.341125 4.645485 10.261455
v -3.349526 4.642296 10.261455
v -3.888955 4.437551 10.261455
v -3.897357 4.434362 10.261455
v -4.436786 4.229617 10.261449
v -4.445187 4.226428 10.261449
v -4.984616 4.021683 10.261449
v -4.993017 4.018494 10.261449
v -5.532446 3.813748 10.261449
v -5.532444 3.813791 -10.739582
v -4.993014 4.018534 -10.739582
v -4.984613 4.021723 -10.739582
v -4.445184 4.226468 -10.739582
v -4.436783 4.229657 -10.739582
v -3.897355 4.434402 -10.739576
v -3.888953 4.437591 -10.739576
v -3.349524 4.642336 -10.739576
v -3.341123 4.645525 -10.739576
v -2.801694 4.850270 -10.739576
v -2.793293 4.853459 -10.739576
v -2.253864 5.058204 -10.739576
v -2.245462 5.061393 -10.739576
v -1.208705 7.961112 10.261460
v -1.208703 7.961153 -10.739571
v -1.451095 7.786870 10.261460
v -1.451093 7.786911 -10.739571
v -2.249161 5.049265 -10.739576
v -2.249164 5.049225 10.261455
v -2.240762 5.052414 10.261455
v -2.240760 5.052454 -10.739576
v -2.796992 4.841331 -10.739576
v -2.796994 4.841291 10.261455
v -2.788592 4.844480 10.261455
v -2.788590 4.844520 -10.739576
v -3.344822 4.633397 -10.739576
v -3.344824 4.633358 10.261455
v -3.336422 4.636546 10.261455
v -3.336421 4.636586 -10.739576
v -3.892653 4.425464 -10.739576
v -3.892654 4.425424 10.261455
v -3.884253 4.428612 10.261455
v -3.884251 4.428652 -10.739576
v -4.440482 4.217530 -10.739582
v -4.440485 4.217489 10.261449
v -4.432084 4.220678 10.261449
v -4.432081 4.220718 -10.739582
v -4.988312 4.009596 -10.739582
v -4.988315 4.009555 10.261449
v -4.979914 4.012744 10.261449
v -4.979911 4.012784 -10.739582
v -5.527744 3.804810 10.261449
v -5.527741 3.804852 -10.739582
v 5.710030 3.449513 -5.224868
v 1.810837 3.449513 -5.224869
v 1.810838 3.449525 -10.739582
v 1.810838 -0.000210 -10.739588
v 5.710030 -0.000220 -5.224874
v 1.810837 -0.000220 -5.224874
v 1.810837 3.185526 -5.224869
v 1.810837 2.917407 -5.224869
v 1.810837 2.652043 -5.224869
v 1.810837 2.654798 -5.224869
v 1.810837 2.389433 -5.224869
v 1.810837 2.121315 -5.224872
v 1.810837 2.124069 -5.224872
v 1.810837 1.855951 -5.224872
v 1.810837 1.858705 -5.224872
v 1.810837 1.590587 -5.224872
v 1.810837 1.593341 -5.224872
v 1.810837 1.327977 -5.224872
v 1.810837 1.059859 -5.224872
v 1.810837 1.062613 -5.224872
v 1.810837 0.797249 -5.224872
v 1.810837 0.529130 -5.224874
v 1.810837 0.531885 -5.224874
v 1.810837 0.263766 -5.224874
v 1.810837 0.266521 -5.224874
v 5.710030 0.266521 -5.224874
v 5.710030 0.263766 -5.224874
v 5.710030 0.531885 -5.224874
v 5.710030 0.529131 -5.224874
v 5.710030 0.797249 -5.224871
v 5.710030 0.794495 -5.224871
v 5.710030 1.062613 -5.224871
v 5.710030 1.059859 -5.224871
v 5.710030 1.327978 -5.224871
v 5.710030 1.325223 -5.224871
v 5.710030 1.593342 -5.224871
v 5.710030 1.590587 -5.224871
v 5.710030 1.858706 -5.224871
v 5.710030 1.855951 -5.224871
v 5.710030 2.124070 -5.224871
v 5.710030 2.121315 -5.224871
v 5.710030 2.389434 -5.224868
v 5.710030 2.386679 -5.224868
v 5.710030 2.654798 -5.224868
v 5.710030 2.652044 -5.224868
v 5.710030 2.920162 -5.224868
v 5.710030 2.917408 -5.224868
v 5.710030 3.185527 -5.224868
v 5.710030 3.182772 -5.224868
v 1.810838 0.263777 -10.739588
v 1.810838 0.266532 -10.739588
v 1.810838 0.529141 -10.739588
v 1.810838 0.794505 -10.739588
v 1.810838 0.797260 -10.739588
v 1.810838 1.059869 -10.739588
v 1.810838 1.062624 -10.739588
v 1.810838 1.325233 -10.739588
v 1.810838 1.593352 -10.739582
v 1.810838 1.855962 -10.739582
v 1.810838 1.858716 -10.739582
v 1.810838 2.121327 -10.739582
v 1.810838 2.124081 -10.739582
v 1.810838 2.389446 -10.739582
v 1.810838 2.652055 -10.739582
v 1.810838 2.654810 -10.739582
v 1.810838 2.917419 -10.739582
v 1.810838 3.185538 -10.739582
v 5.710030 3.449513 -5.289868
v 1.875837 3.449513 -5.289869
v 1.875838 3.449525 -10.739582
v 1.875838 -0.000210 -10.739588
v 5.710030 -0.000220 -5.289874
v 1.875837 -0.000220 -5.289875
v 1.875837 3.185526 -5.289869
v 1.875837 2.917407 -5.289869
v 1.875837 2.652043 -5.289869
v 1.875837 2.389433 -5.289869
v 1.875837 2.124069 -5.289872
v 1.875837 1.855951 -5.289872
v 1.875837 1.858705 -5.289872
v 1.875837 1.590587 -5.289872
v 1.875837 1.593341 -5.289872
v 1.875837 1.327977 -5.289872
v 1.875837 1.062613 -5.289872
v 1.875837 0.794495 -5.289872
v 1.875837 0.531885 -5.289875
v 1.875837 0.263766 -5.289875
v 1.875837 0.266521 -5.289875
v 5.710030 0.266521 -5.289874
v 5.710030 0.263766 -5.289874
v 5.710030 0.531885 -5.289874
v 5.710030 0.797249 -5.289871
v 5.710030 0.794495 -5.289871
v 5.710030 1.062613 -5.289871
v 5.710030 1.327978 -5.289871
v 5.710030 1.593342 -5.289871
v 5.710030 1.590587 -5.289871
v 5.710030 1.858706 -5.289871
v 5.710030 1.855951 -5.289871
v 5.710030 2.124070 -5.289871
v 5.710030 2.121315 -5.289871
v 5.710030 2.389434 -5.289868
v 5.710030 2.654798 -5.289868
v 5.710030 2.652044 -5.289868
v 5.710030 2.917408 -5.289868
v 5.710030 3.185527 -5.289868
v 5.710030 3.182772 -5.289868
v 1.875838 0.263777 -10.739588
v 1.875838 0.266532 -10.739588
v 1.875838 0.529141 -10.739588
v 1.875838 0.531896 -10.739588
v 1.875838 0.794505 -10.739588
v 1.875838 1.059869 -10.739588
v 1.875838 1.325233 -10.739588
v 1.875838 1.327988 -10.739588
v 1.875838 1.590598 -10.739582
v 1.875838 1.593352 -10.739582
v 1.875838 1.855962 -10.739582
v 1.875838 2.124081 -10.739582
v 1.875838 2.386691 -10.739582
v 1.875838 2.389446 -10.739582
v 1.875838 2.652055 -10.739582
v 1.875838 2.917419 -10.739582
v 1.875838 2.920174 -10.739582
v 1.875838 3.185538 -10.739582
v 1.875837 0.073412 -6.871489
v 1.810837 0.263769 -6.871489
v 1.810837 0.073412 -6.871489
v 1.810837 1.325226 -6.871486
v 1.810837 1.059862 -6.871486
v 1.810837 1.062617 -6.871486
v 1.810837 0.529134 -6.871489
v 1.810837 0.797253 -6.871486
v 1.810837 0.794498 -6.871486
v 1.810837 0.266524 -6.871489
v 1.875837 0.263769 -6.871489
v 1.810837 1.593345 -6.871486
v 1.875837 0.266524 -6.871489
v 1.875837 0.531888 -6.871489
v 1.875837 1.325226 -6.871486
v 1.875837 1.327981 -6.871486
v 1.875837 1.059862 -6.871486
v 1.875837 0.794498 -6.871486
v 1.875837 0.529134 -6.871489
v 1.875837 2.073411 -6.871486
v 1.810837 1.855955 -6.871486
v 1.810837 1.858709 -6.871486
v 1.810837 2.073411 -6.871486
v 1.875837 1.593345 -6.871486
v 1.875837 1.590590 -6.871486
v 1.875837 1.855955 -6.871486
v 1.875837 2.073410 -5.796627
v 1.810837 2.073410 -5.796627
v 1.810837 0.073410 -5.796630
v 1.810837 0.263767 -5.796630
v 1.810837 0.266522 -5.796630
v 1.875837 0.073410 -5.796630
v 1.875837 0.263767 -5.796630
v 1.875837 0.266522 -5.796630
v 1.875837 0.531886 -5.796630
v 1.875837 0.556306 -5.796630
v 1.875837 0.290941 -5.796630
v 1.875837 0.529132 -5.796630
v 1.810837 1.327978 -5.796627
v 1.810837 1.059860 -5.796627
v 1.810837 1.062615 -5.796627
v 1.810837 1.855952 -5.796627
v 1.810837 0.529132 -5.796630
v 1.810837 0.797250 -5.796627
v 1.810837 0.531886 -5.796630
v 1.810837 1.593343 -5.796627
v 1.810837 1.858707 -5.796627
v 1.810837 1.590588 -5.796627
v 1.875837 1.325224 -5.796627
v 1.875837 1.593343 -5.796627
v 1.875837 1.062614 -5.796627
v 1.875837 1.327978 -5.796627
v 1.875837 1.590588 -5.796627
v 1.875837 1.059860 -5.796627
v 1.875837 0.794496 -5.796627
v 1.875837 1.855952 -5.796627
v 1.875837 1.858707 -5.796627
v 1.815227 3.182771 -5.229259
v 1.810837 3.178381 -5.224869
v 1.815227 3.182771 -5.224869
v 1.810837 2.924552 -5.224869
v 1.815227 2.920162 -5.229259
v 1.815227 2.920162 -5.224869
v 1.815227 2.386679 -5.229259
v 1.810837 2.382288 -5.224869
v 1.815227 2.386679 -5.224869
v 1.815227 1.325223 -5.229262
v 1.810837 1.320832 -5.224872
v 1.815227 1.325223 -5.224872
v 1.815228 0.794495 -5.229262
v 1.810837 0.790104 -5.224872
v 1.815228 0.794495 -5.224872
v 1.815228 0.531896 -10.739588
v 1.810838 0.536286 -10.739588
v 1.815228 1.327988 -10.739588
v 1.810838 1.332378 -10.739588
v 1.810838 1.586207 -10.739582
v 1.815228 1.590598 -10.739582
v 1.810838 2.382301 -10.739582
v 1.815228 2.386691 -10.739582
v 1.815228 2.920174 -10.739582
v 1.810838 2.924564 -10.739582
v 1.810838 3.178393 -10.739582
v 1.815228 3.182783 -10.739582
v 1.810837 1.332371 -6.871486
v 1.815227 1.327981 -6.871486
v 1.810837 0.536279 -6.871489
v 1.815227 0.531888 -6.871489
v 1.815227 1.590590 -6.871486
v 1.810837 1.586200 -6.871486
v 1.810837 1.320834 -5.796627
v 1.815228 1.325224 -5.796627
v 1.810837 0.790105 -5.796627
v 1.815228 0.794496 -5.796627
v 1.875837 3.179276 -5.289869
v 1.872342 3.182771 -5.286374
v 1.879332 3.182771 -5.289869
v 1.875837 2.923656 -5.289869
v 1.872342 2.920162 -5.286374
v 1.875837 2.920162 -5.293364
v 1.872342 2.654798 -5.286374
v 1.875837 2.658292 -5.289869
v 1.879332 2.654798 -5.289869
v 1.872342 2.386679 -5.286374
v 1.875837 2.383184 -5.289869
v 1.875837 2.386679 -5.293364
v 1.875837 2.117820 -5.289872
v 1.872342 2.121315 -5.286377
v 1.879332 2.121315 -5.289872
v 1.872342 1.325223 -5.286377
v 1.875837 1.321728 -5.289872
v 1.875837 1.325223 -5.293366
v 1.872342 1.059859 -5.286377
v 1.875837 1.056364 -5.289872
v 1.875837 1.059859 -5.293366
v 1.872342 0.797249 -5.286377
v 1.875837 0.800744 -5.289872
v 1.879332 0.797249 -5.289872
v 1.872342 0.529130 -5.286380
v 1.875837 0.525636 -5.289875
v 1.875837 0.529130 -5.293369
v 5.710030 0.525636 -5.289874
v 5.710030 0.529131 -5.286379
v 5.710030 1.056364 -5.289871
v 5.710030 1.059859 -5.286376
v 5.710030 1.321728 -5.289871
v 5.710030 1.325223 -5.286376
v 5.710030 2.383185 -5.289868
v 5.710030 2.386679 -5.286373
v 5.710030 2.920162 -5.286373
v 5.710030 2.923657 -5.289868
v 1.875838 0.800755 -10.739588
v 1.872343 0.797260 -10.739588
v 1.875838 1.066119 -10.739588
v 1.872343 1.062624 -10.739588
v 1.875838 1.862211 -10.739582
v 1.872343 1.858716 -10.739582
v 1.872343 2.121327 -10.739582
v 1.875838 2.117832 -10.739582
v 1.875838 2.658304 -10.739582
v 1.872343 2.654810 -10.739582
v 1.872343 3.182783 -10.739582
v 1.875838 3.179289 -10.739582
v 1.872343 1.062616 -6.871486
v 1.875837 1.066111 -6.871486
v 1.872343 0.797253 -6.871486
v 1.875837 0.800747 -6.871486
v 1.872343 1.858709 -6.871486
v 1.875837 1.862204 -6.871486
v 1.875837 0.800745 -5.796627
v 1.872342 0.797250 -5.796627
v 1.779676 -0.000246 7.747461
v 1.975907 -0.000246 7.747461
v 1.779676 2.747614 7.747467
v 1.975907 2.747614 7.747467
v 1.780387 -0.000246 7.576292
v 1.976618 -0.000246 7.576292
v 1.780387 2.747615 7.576298
v 1.976618 2.747615 7.576298
v 1.779676 -0.000248 8.784986
v 1.975907 -0.000248 8.784986
v 1.779676 2.747612 8.784992
v 1.975907 2.747612 8.784992
v 1.780387 -0.000249 8.956156
v 1.976618 -0.000249 8.956156
v 1.780387 2.747612 8.956161
v 1.976618 2.747612 8.956161
v 5.708457 -0.000243 6.294087
v 1.976618 -0.000243 6.294086
v 5.708457 -0.000243 6.409532
v 1.976618 -0.000243 6.409531
v 1.976618 2.747617 6.294092
v 5.708457 2.747617 6.294093
v 1.976618 2.747617 6.409536
v 5.708457 2.747617 6.409537
v 5.708457 0.338271 6.409532
v 5.708457 0.348208 6.409532
v 5.708457 0.681754 6.409532
v 5.708457 0.691690 6.409532
v 5.708457 1.025236 6.409534
v 5.708457 1.035172 6.409534
v 5.708457 1.368719 6.409534
v 5.708457 1.378655 6.409534
v 5.708457 1.712201 6.409534
v 5.708457 1.722137 6.409534
v 5.708457 2.055684 6.409534
v 5.708457 2.065620 6.409534
v 5.708457 2.399166 6.409537
v 5.708457 2.409103 6.409537
v 5.708457 2.409103 6.294093
v 5.708457 2.399166 6.294093
v 5.708457 2.065620 6.294090
v 5.708457 2.055684 6.294090
v 5.708457 1.722138 6.294090
v 5.708457 1.712202 6.294090
v 5.708457 1.378655 6.294090
v 5.708457 1.368719 6.294090
v 5.708457 1.035173 6.294090
v 5.708457 1.025236 6.294090
v 5.708457 0.691690 6.294087
v 5.708457 0.681754 6.294087
v 5.708457 0.348208 6.294087
v 5.708457 0.338271 6.294087
v 1.976618 0.348208 6.294086
v 1.976618 0.338271 6.294086
v 1.976618 0.691690 6.294086
v 1.976618 0.681754 6.294086
v 1.976618 1.035173 6.294089
v 1.976618 1.025236 6.294089
v 1.976618 1.378656 6.294089
v 1.976618 1.368719 6.294089
v 1.976618 1.722138 6.294089
v 1.976618 1.712202 6.294089
v 1.976618 2.065620 6.294089
v 1.976618 2.055684 6.294089
v 1.976618 2.409102 6.294092
v 1.976618 2.399166 6.294092
v 1.976618 2.399166 6.409536
v 1.976618 2.409102 6.409536
v 1.976618 2.055684 6.409534
v 1.976618 2.065620 6.409534
v 1.976618 1.712201 6.409534
v 1.976618 1.722137 6.409534
v 1.976618 1.368718 6.409534
v 1.976618 1.378655 6.409534
v 1.976618 1.025236 6.409534
v 1.976618 1.035172 6.409534
v 1.976618 0.681754 6.409531
v 1.976618 0.691690 6.409531
v 1.976618 0.338271 6.409531
v 1.976618 0.348207 6.409531
v 1.803592 -0.000244 6.437393
v 1.952164 -0.000244 6.437393
v 1.803592 2.747617 6.437399
v 1.952164 2.747617 6.437399
v 1.804130 -0.000246 7.576292
v 1.952702 -0.000246 7.576292
v 1.804130 2.747615 7.576298
v 1.952702 2.747615 7.576298
v 1.952164 0.461145 6.437393
v 1.952164 0.454322 6.437393
v 1.952164 0.919122 6.437396
v 1.952164 0.912299 6.437396
v 1.952164 1.377098 6.437396
v 1.952164 1.370275 6.437396
v 1.952164 1.835075 6.437396
v 1.952164 1.828252 6.437396
v 1.952164 2.293052 6.437399
v 1.952164 2.286228 6.437399
v 1.803592 2.286228 6.437399
v 1.803592 1.835075 6.437396
v 1.803592 1.370275 6.437396
v 1.803592 0.919122 6.437396
v 1.803592 0.912299 6.437396
v 1.803592 0.454322 6.437393
v 1.804130 0.454319 7.576292
v 1.804130 0.912296 7.576295
v 1.804130 0.919119 7.576295
v 1.804130 1.370273 7.576295
v 1.804130 1.835073 7.576295
v 1.804130 2.286227 7.576298
v 1.952702 0.461142 7.576292
v 1.952702 0.454319 7.576292
v 1.952702 0.919119 7.576295
v 1.952702 0.912296 7.576295
v 1.952702 1.377096 7.576295
v 1.952702 1.370273 7.576295
v 1.952702 1.835073 7.576295
v 1.952702 1.828249 7.576295
v 1.952702 2.293050 7.576298
v 1.952702 2.286227 7.576298
v 1.803592 2.305446 6.437399
v 1.815986 2.293052 6.437399
v 1.815986 1.828252 6.437396
v 1.803592 1.815857 6.437396
v 1.803592 1.389492 6.437396
v 1.815986 1.377098 6.437396
v 1.803592 0.473539 6.437393
v 1.815986 0.461145 6.437393
v 1.816524 0.461142 7.576292
v 1.804130 0.473537 7.576292
v 1.816524 1.377096 7.576295
v 1.804130 1.389490 7.576295
v 1.804130 1.815855 7.576295
v 1.816524 1.828249 7.576295
v 1.816524 2.293050 7.576298
v 1.804130 2.305445 7.576298
v 1.803592 -0.000251 10.095055
v 1.952164 -0.000251 10.095055
v 1.803591 2.747609 10.095060
v 1.952163 2.747609 10.095060
v 1.804130 -0.000249 8.956156
v 1.952702 -0.000249 8.956156
v 1.804130 2.747612 8.956161
v 1.952702 2.747612 8.956161
v 1.952164 0.461138 10.095055
v 1.952164 0.454315 10.095055
v 1.952164 0.919114 10.095055
v 1.952164 0.912291 10.095055
v 1.952164 1.377091 10.095055
v 1.952164 1.370268 10.095055
v 1.952164 1.835068 10.095060
v 1.952164 1.828244 10.095060
v 1.952163 2.293044 10.095060
v 1.952163 2.286221 10.095060
v 1.803591 2.286221 10.095060
v 1.803592 1.835068 10.095060
v 1.803592 1.370268 10.095055
v 1.803592 0.919114 10.095055
v 1.803592 0.912291 10.095055
v 1.803592 0.454315 10.095055
v 1.804130 0.454317 8.956156
v 1.804130 0.912293 8.956156
v 1.804130 0.919117 8.956156
v 1.804130 1.370271 8.956156
v 1.804130 1.835071 8.956161
v 1.804130 2.286224 8.956161
v 1.952702 0.461140 8.956156
v 1.952702 0.454317 8.956156
v 1.952702 0.919117 8.956156
v 1.952702 0.912293 8.956156
v 1.952702 1.377094 8.956156
v 1.952702 1.370271 8.956156
v 1.952702 1.835071 8.956161
v 1.952702 1.828247 8.956161
v 1.952702 2.293047 8.956161
v 1.952702 2.286224 8.956161
v 1.803591 2.305439 10.095060
v 1.815986 2.293044 10.095060
v 1.815986 1.828244 10.095060
v 1.803592 1.815850 10.095060
v 1.803592 1.389485 10.095055
v 1.815986 1.377091 10.095055
v 1.803592 0.473532 10.095055
v 1.815986 0.461138 10.095055
v 1.816524 0.461140 8.956156
v 1.804130 0.473534 8.956156
v 1.816524 1.377094 8.956156
v 1.804130 1.389488 8.956156
v 1.804130 1.815853 8.956161
v 1.816524 1.828247 8.956161
v 1.816524 2.293047 8.956161
v 1.804130 2.305442 8.956161
v 1.843714 2.747612 8.784949
v 1.843714 2.747614 7.747467
v 1.911869 2.747612 8.784949
v 1.911870 2.747614 7.747467
v 1.843714 2.479317 8.784949
v 1.843714 2.479318 7.747467
v 1.911869 2.479317 8.784949
v 1.911870 2.479318 7.747467
v 1.779677 -0.000244 6.437393
v 1.975908 -0.000244 6.437393
v 1.779676 5.117961 6.437402
v 1.975907 5.117961 6.437402
v 1.780387 -0.000244 6.266224
v 1.976618 -0.000244 6.266224
v 1.780387 5.117961 6.266232
v 1.976618 5.117961 6.266232
v 5.708458 -0.000235 2.465256
v 1.976619 -0.000236 2.465255
v 5.708458 -0.000236 2.580700
v 1.976619 -0.000236 2.580700
v 1.976619 2.747625 2.465261
v 5.708458 2.747626 2.465262
v 1.976619 2.747624 2.580705
v 5.708458 2.747624 2.580706
v 5.708458 0.338279 2.580700
v 5.708458 0.348215 2.580700
v 5.708458 0.681761 2.580702
v 5.708458 0.691698 2.580702
v 5.708458 1.025244 2.580702
v 5.708458 1.035180 2.580702
v 5.708458 1.368727 2.580703
v 5.708458 1.378663 2.580703
v 5.708458 1.712209 2.580703
v 5.708458 1.722145 2.580703
v 5.708458 2.055691 2.580704
v 5.708458 2.065627 2.580704
v 5.708458 2.399173 2.580704
v 5.708458 2.409110 2.580704
v 5.708458 2.409111 2.465260
v 5.708458 2.399175 2.465260
v 5.708458 2.065629 2.465260
v 5.708458 2.055692 2.465260
v 5.708458 1.722145 2.465259
v 5.708458 1.712209 2.465259
v 5.708458 1.378663 2.465259
v 5.708458 1.368726 2.465259
v 5.708458 1.035180 2.465257
v 5.708458 1.025244 2.465257
v 5.708458 0.691698 2.465257
v 5.708458 0.681762 2.465257
v 5.708458 0.348215 2.465256
v 5.708458 0.338279 2.465256
v 1.976619 0.348215 2.465255
v 1.976619 0.338279 2.465255
v 1.976619 0.691698 2.465257
v 1.976619 0.681761 2.465257
v 1.976619 1.035180 2.465257
v 1.976619 1.025244 2.465257
v 1.976619 1.378663 2.465258
v 1.976619 1.368726 2.465258
v 1.976619 1.722145 2.465258
v 1.976619 1.712209 2.465258
v 1.976619 2.065629 2.465260
v 1.976619 2.055692 2.465260
v 1.976619 2.409111 2.465260
v 1.976619 2.399175 2.465260
v 1.976619 2.399173 2.580704
v 1.976619 2.409110 2.580704
v 1.976619 2.055691 2.580704
v 1.976619 2.065627 2.580704
v 1.976619 1.712209 2.580703
v 1.976619 1.722145 2.580703
v 1.976619 1.368726 2.580703
v 1.976619 1.378663 2.580703
v 1.976619 1.025244 2.580701
v 1.976619 1.035180 2.580701
v 1.976619 0.681761 2.580701
v 1.976619 0.691697 2.580701
v 1.976619 0.338279 2.580700
v 1.976619 0.348215 2.580700
v 1.803593 -0.000236 2.608562
v 1.952165 -0.000236 2.608562
v 1.803593 2.747624 2.608568
v 1.952165 2.747624 2.608568
v 1.804131 -0.000239 3.747461
v 1.952703 -0.000239 3.747461
v 1.804130 2.747622 3.747466
v 1.952702 2.747622 3.747466
v 1.952165 0.461152 2.608564
v 1.952165 0.454329 2.608564
v 1.952165 0.919129 2.608564
v 1.952165 0.912306 2.608564
v 1.952165 1.377106 2.608565
v 1.952165 1.370283 2.608565
v 1.952165 1.835083 2.608567
v 1.952165 1.828260 2.608565
v 1.952165 2.293059 2.608567
v 1.952165 2.286235 2.608567
v 1.803593 2.293059 2.608567
v 1.803593 2.286235 2.608567
v 1.803593 1.828260 2.608565
v 1.803593 1.377106 2.608565
v 1.803593 0.912306 2.608564
v 1.803593 0.461152 2.608564
v 1.803593 0.454329 2.608564
v 1.804130 0.454327 3.747462
v 1.804130 0.461150 3.747462
v 1.804130 0.912304 3.747462
v 1.804130 1.377104 3.747463
v 1.804130 1.828257 3.747463
v 1.804130 2.286234 3.747465
v 1.804130 2.293057 3.747465
v 1.952702 0.461150 3.747462
v 1.952702 0.454327 3.747462
v 1.952702 0.919127 3.747462
v 1.952702 0.912304 3.747462
v 1.952702 1.377104 3.747463
v 1.952702 1.370281 3.747463
v 1.952702 1.835081 3.747465
v 1.952702 1.828257 3.747463
v 1.952702 2.293057 3.747465
v 1.952702 2.286234 3.747465
v 1.803593 1.847477 2.608567
v 1.815987 1.835083 2.608567
v 1.815987 1.370283 2.608565
v 1.803593 1.357888 2.608565
v 1.803593 0.931524 2.608564
v 1.815987 0.919129 2.608564
v 1.816525 0.919127 3.747462
v 1.804130 0.931521 3.747462
v 1.804130 1.357886 3.747463
v 1.816525 1.370281 3.747463
v 1.816525 1.835081 3.747465
v 1.804130 1.847475 3.747465
v 1.803592 -0.000244 6.266223
v 1.952164 -0.000244 6.266223
v 1.803592 2.747617 6.266229
v 1.952164 2.747617 6.266229
v 1.804130 -0.000241 5.127325
v 1.952702 -0.000241 5.127325
v 1.804130 2.747620 5.127331
v 1.952702 2.747620 5.127331
v 1.952164 0.461145 6.266223
v 1.952164 0.454322 6.266223
v 1.952164 0.919122 6.266226
v 1.952164 0.912299 6.266226
v 1.952164 1.377099 6.266226
v 1.952164 1.370276 6.266226
v 1.952164 1.835076 6.266226
v 1.952164 1.828252 6.266226
v 1.952164 2.293052 6.266229
v 1.952164 2.286228 6.266229
v 1.803592 2.293052 6.266229
v 1.803592 2.286228 6.266229
v 1.803592 1.828252 6.266226
v 1.803592 1.377099 6.266226
v 1.803592 0.912299 6.266226
v 1.803592 0.461145 6.266223
v 1.803592 0.454322 6.266223
v 1.804130 0.454324 5.127325
v 1.804130 0.461147 5.127325
v 1.804130 0.912301 5.127328
v 1.804130 1.377101 5.127328
v 1.804130 1.828254 5.127328
v 1.804130 2.286231 5.127331
v 1.804130 2.293055 5.127331
v 1.952702 0.461147 5.127325
v 1.952702 0.454324 5.127325
v 1.952702 0.919124 5.127328
v 1.952702 0.912301 5.127328
v 1.952702 1.377101 5.127328
v 1.952702 1.370278 5.127328
v 1.952702 1.835078 5.127328
v 1.952702 1.828254 5.127328
v 1.952702 2.293055 5.127331
v 1.952702 2.286231 5.127331
v 1.803592 1.847470 6.266226
v 1.815986 1.835076 6.266226
v 1.815986 1.370276 6.266226
v 1.803592 1.357881 6.266226
v 1.803592 0.931516 6.266226
v 1.815986 0.919122 6.266226
v 1.816525 0.919124 5.127328
v 1.804130 0.931519 5.127328
v 1.804130 1.357883 5.127328
v 1.816525 1.370278 5.127328
v 1.816525 1.835078 5.127328
v 1.804130 1.847472 5.127328
v 1.843715 2.747620 4.956118
v 1.843715 2.747622 3.918636
v 1.911870 2.747620 4.956118
v 1.911870 2.747622 3.918636
v 1.843715 2.479324 4.956118
v 1.843715 2.479327 3.918634
v 1.911870 2.479324 4.956118
v 1.911870 2.479327 3.918634
v 1.779677 -0.000239 3.918630
v 1.975908 -0.000239 3.918630
v 1.779677 2.747622 3.918636
v 1.975908 2.747622 3.918636
v 1.780387 -0.000239 3.747461
v 1.976619 -0.000239 3.747461
v 1.780387 2.747622 3.747466
v 1.976619 2.747622 3.747466
v 1.779677 -0.000241 4.956156
v 1.975908 -0.000241 4.956156
v 1.779677 2.747620 4.956161
v 1.975908 2.747620 4.956161
v 1.780387 -0.000241 5.127325
v 1.976619 -0.000241 5.127325
v 1.780387 2.747620 5.127331
v 1.976618 2.747620 5.127331
v 1.779677 -0.000236 2.608562
v 1.975908 -0.000236 2.608562
v 1.779677 5.117967 2.608572
v 1.975908 5.117967 2.608572
v 1.780388 -0.000236 2.437393
v 1.976619 -0.000236 2.437393
v 1.780387 5.117967 2.437403
v 1.976619 5.117967 2.437403
v 5.708458 -0.000228 -1.363575
v 1.976619 -0.000228 -1.363576
v 5.708458 -0.000228 -1.248131
v 1.976619 -0.000228 -1.248131
v 1.976619 2.747633 -1.363570
v 5.708458 2.747633 -1.363569
v 1.976619 2.747633 -1.248126
v 5.708458 2.747633 -1.248125
v 5.708458 0.338286 -1.248130
v 5.708458 0.348223 -1.248130
v 5.708458 0.681769 -1.248129
v 5.708458 0.691705 -1.248129
v 5.708458 1.025251 -1.248129
v 5.708458 1.035187 -1.248129
v 5.708458 1.368734 -1.248128
v 5.708458 1.378670 -1.248128
v 5.708458 1.712216 -1.248127
v 5.708458 1.722153 -1.248127
v 5.708458 2.055700 -1.248127
v 5.708458 2.065636 -1.248127
v 5.708458 2.399182 -1.248126
v 5.708458 2.409118 -1.248126
v 5.708458 2.409118 -1.363570
v 5.708458 2.399182 -1.363570
v 5.708458 2.065636 -1.363571
v 5.708458 2.055700 -1.363571
v 5.708458 1.722153 -1.363572
v 5.708458 1.712217 -1.363572
v 5.708458 1.378671 -1.363572
v 5.708458 1.368734 -1.363572
v 5.708458 1.035188 -1.363573
v 5.708458 1.025252 -1.363573
v 5.708458 0.691705 -1.363574
v 5.708458 0.681769 -1.363574
v 5.708458 0.348223 -1.363574
v 5.708458 0.338286 -1.363574
v 1.976619 0.348223 -1.363575
v 1.976619 0.338286 -1.363575
v 1.976619 0.691705 -1.363574
v 1.976619 0.681769 -1.363574
v 1.976619 1.035188 -1.363573
v 1.976619 1.025252 -1.363573
v 1.976619 1.378671 -1.363573
v 1.976619 1.368734 -1.363573
v 1.976619 1.722153 -1.363572
v 1.976619 1.712217 -1.363572
v 1.976619 2.065636 -1.363571
v 1.976619 2.055699 -1.363571
v 1.976619 2.409118 -1.363571
v 1.976619 2.399182 -1.363571
v 1.976619 2.399182 -1.248126
v 1.976619 2.409118 -1.248126
v 1.976619 2.055699 -1.248127
v 1.976619 2.065636 -1.248127
v 1.976619 1.712216 -1.248128
v 1.976619 1.722152 -1.248128
v 1.976619 1.368733 -1.248129
v 1.976619 1.378670 -1.248129
v 1.976619 1.025251 -1.248129
v 1.976619 1.035187 -1.248129
v 1.976619 0.681769 -1.248130
v 1.976619 0.691705 -1.248130
v 1.976619 0.338286 -1.248131
v 1.976619 0.348222 -1.248131
v 1.803593 -0.000229 -1.220269
v 1.952165 -0.000229 -1.220269
v 1.952165 2.747633 -1.220263
v 1.804131 -0.000231 -0.081370
v 1.952703 -0.000231 -0.081370
v 1.952703 2.747630 -0.081365
v 1.952165 0.461160 -1.220268
v 1.952165 0.454337 -1.220268
v 1.952165 0.919137 -1.220267
v 1.952165 0.912314 -1.220267
v 1.952165 1.377113 -1.220266
v 1.952165 1.370290 -1.220266
v 1.952165 1.835090 -1.220265
v 1.952165 1.828267 -1.220265
v 1.952165 2.293067 -1.220265
v 1.952165 2.286244 -1.220265
v 1.803593 2.293067 -1.220265
v 1.803593 2.286244 -1.220265
v 1.803593 1.835090 -1.220265
v 1.803593 1.370290 -1.220266
v 1.803593 0.919137 -1.220267
v 1.803593 0.912314 -1.220267
v 1.803593 0.454337 -1.220268
v 1.804131 0.454335 -0.081369
v 1.804131 0.912311 -0.081368
v 1.804131 0.919134 -0.081368
v 1.804131 1.370288 -0.081367
v 1.804131 1.835088 -0.081366
v 1.804131 2.286241 -0.081366
v 1.804131 2.293065 -0.081366
v 1.952703 0.461158 -0.081369
v 1.952703 0.454335 -0.081369
v 1.952703 0.919134 -0.081368
v 1.952703 0.912311 -0.081368
v 1.952703 1.377111 -0.081367
v 1.952703 1.370288 -0.081367
v 1.952703 1.835088 -0.081366
v 1.952703 1.828265 -0.081366
v 1.952703 2.293065 -0.081366
v 1.952703 2.286241 -0.081366
v 1.815987 2.747633 -1.220263
v 1.803593 2.735238 -1.220264
v 1.804131 2.735235 -0.081365
v 1.816525 2.747630 -0.081365
v 1.815988 1.828267 -1.220265
v 1.803593 1.815872 -1.220265
v 1.803593 1.389508 -1.220266
v 1.815988 1.377113 -1.220266
v 1.803593 0.473554 -1.220268
v 1.815988 0.461160 -1.220268
v 1.816525 0.461158 -0.081369
v 1.804131 0.473552 -0.081369
v 1.816525 1.377111 -0.081367
v 1.804131 1.389505 -0.081367
v 1.804131 1.815870 -0.081366
v 1.816525 1.828265 -0.081366
v 1.803593 -0.000236 2.437392
v 1.952165 -0.000236 2.437392
v 1.952165 2.747625 2.437398
v 1.804131 -0.000234 1.298494
v 1.952703 -0.000234 1.298494
v 1.952703 2.747627 1.298499
v 1.952165 0.461153 2.437394
v 1.952165 0.454329 2.437394
v 1.952165 0.919130 2.437394
v 1.952165 0.912306 2.437394
v 1.952165 1.377106 2.437395
v 1.952165 1.370283 2.437395
v 1.952165 1.835083 2.437397
v 1.952165 1.828260 2.437395
v 1.952165 2.293060 2.437397
v 1.952165 2.286237 2.437397
v 1.803593 2.293060 2.437397
v 1.803593 2.286237 2.437397
v 1.803593 1.835083 2.437397
v 1.803593 1.370283 2.437395
v 1.803593 0.919130 2.437394
v 1.803593 0.912306 2.437394
v 1.803593 0.454329 2.437394
v 1.804131 0.454332 1.298494
v 1.804131 0.912309 1.298495
v 1.804131 0.919132 1.298496
v 1.804131 1.370285 1.298497
v 1.804131 1.835085 1.298497
v 1.804131 2.286238 1.298498
v 1.804131 2.293062 1.298498
v 1.952703 0.461155 1.298494
v 1.952703 0.454332 1.298494
v 1.952703 0.919132 1.298496
v 1.952703 0.912309 1.298495
v 1.952703 1.377108 1.298497
v 1.952703 1.370285 1.298497
v 1.952703 1.835085 1.298497
v 1.952703 1.828262 1.298497
v 1.952703 2.293062 1.298498
v 1.952703 2.286238 1.298498
v 1.815987 2.747625 2.437398
v 1.803593 2.735231 2.437398
v 1.804131 2.735232 1.298499
v 1.816525 2.747627 1.298499
v 1.815987 1.828260 2.437395
v 1.803593 1.815865 2.437395
v 1.803593 1.389500 2.437395
v 1.815987 1.377106 2.437395
v 1.803593 0.473547 2.437394
v 1.815987 0.461153 2.437394
v 1.816525 0.461155 1.298494
v 1.804131 0.473549 1.298494
v 1.816525 1.377108 1.298497
v 1.804131 1.389503 1.298497
v 1.804131 1.815867 1.298497
v 1.816525 1.828262 1.298497
v 1.843715 2.747627 1.127288
v 1.843715 2.747630 0.089805
v 1.911870 2.747627 1.127288
v 1.911871 2.747630 0.089805
v 1.843715 2.479331 1.127287
v 1.843715 2.479334 0.089804
v 1.911870 2.479331 1.127287
v 1.911871 2.479334 0.089804
v 1.779677 -0.000231 0.089799
v 1.975909 -0.000231 0.089799
v 1.779677 2.747630 0.089805
v 1.975909 2.747630 0.089805
v 1.780388 -0.000231 -0.081370
v 1.976619 -0.000231 -0.081370
v 1.780388 2.747630 -0.081365
v 1.976619 2.747630 -0.081365
v 1.779677 -0.000233 1.127325
v 1.975909 -0.000233 1.127325
v 1.779677 2.747627 1.127331
v 1.975908 2.747627 1.127331
v 1.780388 -0.000234 1.298495
v 1.976619 -0.000234 1.298495
v 1.780388 2.747627 1.298500
v 1.976619 2.747627 1.298500
v 1.779677 -0.000229 -1.220268
v 1.975909 -0.000229 -1.220268
v 1.779677 5.117976 -1.220258
v 1.975909 5.117976 -1.220258
v 1.780388 -0.000228 -1.391437
v 1.976619 -0.000228 -1.391437
v 1.780388 5.117976 -1.391427
v 1.976619 5.117976 -1.391427
v 5.708458 -0.000220 -5.192405
v 1.976620 -0.000220 -5.192406
v 5.708458 -0.000221 -5.076961
v 1.976620 -0.000221 -5.076962
v 1.976620 2.747640 -5.192400
v 5.708458 2.747640 -5.192399
v 1.976620 2.747640 -5.076956
v 5.708458 2.747640 -5.076955
v 5.708458 0.338294 -5.076961
v 5.708458 0.348230 -5.076961
v 5.708458 0.681776 -5.076961
v 5.708458 0.691713 -5.076961
v 5.708458 1.025259 -5.076958
v 5.708458 1.035195 -5.076958
v 5.708458 1.368742 -5.076958
v 5.708458 1.378678 -5.076958
v 5.708458 1.712224 -5.076958
v 5.708458 1.722161 -5.076958
v 5.708458 2.055707 -5.076958
v 5.708458 2.065643 -5.076958
v 5.708458 2.399189 -5.076955
v 5.708458 2.409126 -5.076955
v 5.708458 2.409126 -5.192399
v 5.708458 2.399189 -5.192399
v 5.708458 2.065643 -5.192402
v 5.708458 2.055707 -5.192402
v 5.708458 1.722160 -5.192402
v 5.708458 1.712224 -5.192402
v 5.708458 1.378678 -5.192402
v 5.708458 1.368742 -5.192402
v 5.708458 1.035195 -5.192402
v 5.708458 1.025259 -5.192402
v 5.708458 0.691713 -5.192405
v 5.708458 0.681776 -5.192405
v 5.708458 0.348230 -5.192405
v 5.708458 0.338294 -5.192405
v 1.976620 0.348230 -5.192406
v 1.976620 0.338294 -5.192406
v 1.976620 0.691712 -5.192406
v 1.976620 0.681776 -5.192406
v 1.976620 1.035195 -5.192403
v 1.976620 1.025259 -5.192403
v 1.976620 1.378678 -5.192403
v 1.976620 1.368742 -5.192403
v 1.976620 1.722160 -5.192403
v 1.976620 1.712224 -5.192403
v 1.976620 2.065643 -5.192403
v 1.976620 2.055707 -5.192403
v 1.976620 2.409125 -5.192400
v 1.976620 2.399189 -5.192400
v 1.976620 2.399189 -5.076956
v 1.976620 2.409125 -5.076956
v 1.976620 2.055707 -5.076959
v 1.976620 2.065643 -5.076959
v 1.976620 1.712224 -5.076959
v 1.976620 1.722160 -5.076959
v 1.976620 1.368741 -5.076959
v 1.976620 1.378678 -5.076959
v 1.976620 1.025259 -5.076959
v 1.976620 1.035195 -5.076959
v 1.976620 0.681776 -5.076962
v 1.976620 0.691712 -5.076962
v 1.976620 0.338294 -5.076962
v 1.976620 0.348230 -5.076962
v 1.803594 -0.000221 -5.049099
v 1.952166 -0.000221 -5.049099
v 1.803594 2.747640 -5.049093
v 1.952165 2.747640 -5.049093
v 1.804131 -0.000223 -3.910200
v 1.952703 -0.000223 -3.910200
v 1.804131 2.747637 -3.910194
v 1.952703 2.747637 -3.910194
v 1.952166 0.461167 -5.049099
v 1.952166 0.454344 -5.049099
v 1.952166 0.919144 -5.049096
v 1.952166 0.912321 -5.049096
v 1.952165 1.377121 -5.049096
v 1.952165 1.370298 -5.049096
v 1.952165 1.835098 -5.049096
v 1.952165 1.828275 -5.049096
v 1.952165 2.293075 -5.049093
v 1.952165 2.286251 -5.049093
v 1.803594 2.293075 -5.049093
v 1.803594 1.828275 -5.049096
v 1.803594 1.377121 -5.049096
v 1.803594 1.370298 -5.049096
v 1.803594 0.919144 -5.049096
v 1.803594 0.461167 -5.049099
v 1.803594 0.454344 -5.049099
v 1.804131 0.454342 -3.910198
v 1.804131 0.461165 -3.910198
v 1.804131 0.919142 -3.910198
v 1.804131 1.370296 -3.910197
v 1.804131 1.377119 -3.910197
v 1.804131 1.828272 -3.910197
v 1.804131 2.293072 -3.910196
v 1.952703 0.461165 -3.910198
v 1.952703 0.454342 -3.910198
v 1.952703 0.919142 -3.910198
v 1.952703 0.912319 -3.910198
v 1.952703 1.377119 -3.910197
v 1.952703 1.370296 -3.910197
v 1.952703 1.835096 -3.910196
v 1.952703 1.828272 -3.910197
v 1.952703 2.293072 -3.910196
v 1.952703 2.286248 -3.910196
v 1.815988 2.286251 -5.049093
v 1.803594 2.273857 -5.049093
v 1.803594 1.847493 -5.049096
v 1.815988 1.835098 -5.049096
v 1.815988 0.912321 -5.049096
v 1.803594 0.899926 -5.049096
v 1.804131 0.899924 -3.910198
v 1.816526 0.912319 -3.910198
v 1.816526 1.835096 -3.910196
v 1.804131 1.847490 -3.910196
v 1.804131 2.273854 -3.910196
v 1.816526 2.286248 -3.910196
v 1.803593 -0.000228 -1.391438
v 1.952165 -0.000228 -1.391438
v 1.803593 2.747633 -1.391432
v 1.952165 2.747633 -1.391432
v 1.804131 -0.000226 -2.530337
v 1.952703 -0.000226 -2.530337
v 1.804131 2.747634 -2.530331
v 1.952703 2.747634 -2.530331
v 1.952165 0.461160 -1.391437
v 1.952165 0.454337 -1.391437
v 1.952165 0.919137 -1.391436
v 1.952165 0.912314 -1.391437
v 1.952165 1.377114 -1.391435
v 1.952165 1.370291 -1.391435
v 1.952165 1.835091 -1.391435
v 1.952165 1.828267 -1.391435
v 1.952165 2.293067 -1.391434
v 1.952165 2.286244 -1.391434
v 1.803593 2.293067 -1.391434
v 1.803593 1.828267 -1.391435
v 1.803593 1.377114 -1.391435
v 1.803593 1.370291 -1.391435
v 1.803593 0.919137 -1.391436
v 1.803593 0.461160 -1.391437
v 1.803593 0.454337 -1.391437
v 1.804131 0.454339 -2.530336
v 1.804131 0.461162 -2.530336
v 1.804131 0.919139 -2.530336
v 1.804131 1.370293 -2.530334
v 1.804131 1.377116 -2.530334
v 1.804131 1.828270 -2.530334
v 1.804131 2.293069 -2.530333
v 1.952703 0.461162 -2.530336
v 1.952703 0.454339 -2.530336
v 1.952703 0.919139 -2.530336
v 1.952703 0.912316 -2.530336
v 1.952703 1.377116 -2.530334
v 1.952703 1.370293 -2.530334
v 1.952703 1.835093 -2.530333
v 1.952703 1.828270 -2.530334
v 1.952703 2.293069 -2.530333
v 1.952703 2.286245 -2.530333
v 1.815988 2.286244 -1.391434
v 1.803593 2.273849 -1.391434
v 1.803593 1.847485 -1.391435
v 1.815988 1.835091 -1.391435
v 1.815988 0.912314 -1.391437
v 1.803593 0.899919 -1.391437
v 1.804131 0.899921 -2.530336
v 1.816526 0.912316 -2.530336
v 1.816526 1.835093 -2.530333
v 1.804131 1.847487 -2.530333
v 1.804131 2.273851 -2.530333
v 1.816526 2.286245 -2.530333
v 1.843716 2.747635 -2.701543
v 1.843716 2.747637 -3.739025
v 1.911871 2.747635 -2.701543
v 1.911871 2.747637 -3.739025
v 1.843716 2.479340 -2.701544
v 1.843716 2.479341 -3.739026
v 1.911871 2.479340 -2.701544
v 1.911871 2.479341 -3.739026
v 1.779678 -0.000224 -3.739031
v 1.975909 -0.000224 -3.739031
v 1.779678 2.747637 -3.739025
v 1.975909 2.747637 -3.739025
v 1.780388 -0.000223 -3.910200
v 1.976619 -0.000223 -3.910200
v 1.780388 2.747637 -3.910194
v 1.976619 2.747637 -3.910194
v 1.779678 -0.000226 -2.701505
v 1.975909 -0.000226 -2.701505
v 1.779678 2.747635 -2.701500
v 1.975909 2.747635 -2.701500
v 1.780388 -0.000226 -2.530336
v 1.976619 -0.000226 -2.530336
v 1.780388 2.747634 -2.530330
v 1.976619 2.747634 -2.530330
v -1.800172 -0.000251 10.095228
v -1.996404 -0.000251 10.095228
v -1.800173 5.117953 10.095240
v -1.996404 5.117953 10.095240
v -1.800883 -0.000252 10.266397
v -1.997114 -0.000252 10.266397
v -1.800883 5.117953 10.266409
v -1.997115 5.117953 10.266409
v -5.718672 -0.000243 6.294259
v -1.997114 -0.000243 6.294260
v -5.718672 -0.000244 6.409703
v -1.997114 -0.000243 6.409704
v -1.997114 2.747617 6.294266
v -5.718672 2.747617 6.294265
v -1.997114 2.747617 6.409710
v -5.718672 2.747617 6.409709
v -5.718672 0.338271 6.409703
v -5.718672 0.348207 6.409703
v -5.718672 0.681753 6.409703
v -5.718672 0.691690 6.409703
v -5.718672 1.025235 6.409706
v -5.718672 1.035172 6.409706
v -5.718672 1.368718 6.409706
v -5.718672 1.378654 6.409706
v -5.718672 1.712201 6.409706
v -5.718672 1.722137 6.409706
v -5.718672 2.055683 6.409706
v -5.718672 2.065620 6.409706
v -5.718672 2.399166 6.409709
v -5.718672 2.409102 6.409709
v -5.718672 2.409102 6.294265
v -5.718672 2.399166 6.294265
v -5.718672 2.065620 6.294262
v -5.718672 2.055683 6.294262
v -5.718672 1.722138 6.294262
v -5.718672 1.712201 6.294262
v -5.718672 1.378655 6.294262
v -5.718672 1.368719 6.294262
v -5.718672 1.035172 6.294262
v -5.718672 1.025236 6.294262
v -5.718672 0.691690 6.294259
v -5.718672 0.681754 6.294259
v -5.718672 0.348207 6.294259
v -5.718672 0.338271 6.294259
v -1.997114 0.348207 6.294260
v -1.997114 0.338271 6.294260
v -1.997114 0.691690 6.294260
v -1.997114 0.681754 6.294260
v -1.997114 1.035172 6.294263
v -1.997114 1.025236 6.294263
v -1.997114 1.378655 6.294263
v -1.997114 1.368719 6.294263
v -1.997114 1.722138 6.294263
v -1.997114 1.712201 6.294263
v -1.997114 2.065620 6.294263
v -1.997114 2.055684 6.294263
v -1.997114 2.409102 6.294266
v -1.997114 2.399166 6.294266
v -1.997114 2.399166 6.409710
v -1.997114 2.409102 6.409710
v -1.997114 2.055684 6.409707
v -1.997114 2.065620 6.409707
v -1.997114 1.712201 6.409707
v -1.997114 1.722137 6.409707
v -1.997114 1.368718 6.409707
v -1.997114 1.378654 6.409707
v -1.997114 1.025235 6.409707
v -1.997114 1.035172 6.409707
v -1.997114 0.681753 6.409704
v -1.997114 0.691690 6.409704
v -1.997114 0.338271 6.409704
v -1.997114 0.348207 6.409704
v -1.824088 -0.000244 6.437567
v -1.972660 -0.000244 6.437567
v -1.824088 2.747617 6.437572
v -1.972660 2.747617 6.437572
v -1.824626 -0.000246 7.576466
v -1.973198 -0.000246 7.576466
v -1.824626 2.747615 7.576471
v -1.973198 2.747615 7.576471
v -1.972660 0.461145 6.437567
v -1.972660 0.454322 6.437567
v -1.972660 0.919122 6.437570
v -1.972660 0.912298 6.437570
v -1.972660 1.377098 6.437570
v -1.972660 1.370275 6.437570
v -1.972660 1.835075 6.437570
v -1.972660 1.828251 6.437570
v -1.972660 2.293052 6.437572
v -1.972660 2.286228 6.437572
v -1.824088 2.293052 6.437572
v -1.824088 2.286228 6.437572
v -1.824088 1.835075 6.437570
v -1.824088 1.370275 6.437570
v -1.824088 0.919122 6.437570
v -1.824088 0.912298 6.437570
v -1.824088 0.454322 6.437567
v -1.824626 0.454319 7.576466
v -1.824626 0.912296 7.576468
v -1.824626 0.919119 7.576468
v -1.824626 1.370273 7.576468
v -1.824626 1.835073 7.576468
v -1.824626 2.286227 7.576471
v -1.824626 2.293050 7.576471
v -1.973198 0.461142 7.576466
v -1.973198 0.454319 7.576466
v -1.973198 0.919119 7.576468
v -1.973198 0.912296 7.576468
v -1.973198 1.377096 7.576468
v -1.973198 1.370273 7.576468
v -1.973198 1.835073 7.576468
v -1.973198 1.828249 7.576468
v -1.973198 2.293050 7.576471
v -1.973198 2.286227 7.576471
v -1.836482 1.828251 6.437570
v -1.824088 1.815857 6.437570
v -1.824088 1.389492 6.437570
v -1.836482 1.377098 6.437570
v -1.824088 0.473539 6.437567
v -1.836482 0.461145 6.437567
v -1.837021 0.461142 7.576466
v -1.824626 0.473537 7.576466
v -1.837021 1.377096 7.576468
v -1.824626 1.389490 7.576468
v -1.824626 1.815855 7.576468
v -1.837021 1.828249 7.576468
v -1.824088 -0.000251 10.095228
v -1.972660 -0.000251 10.095228
v -1.824089 2.747609 10.095234
v -1.972661 2.747609 10.095234
v -1.824626 -0.000249 8.956329
v -1.973198 -0.000249 8.956329
v -1.824626 2.747612 8.956335
v -1.973198 2.747612 8.956335
v -1.972660 0.461137 10.095228
v -1.972660 0.454314 10.095228
v -1.972660 0.919114 10.095228
v -1.972660 0.912291 10.095228
v -1.972660 1.377091 10.095228
v -1.972660 1.370268 10.095228
v -1.972660 1.835068 10.095234
v -1.972660 1.828244 10.095234
v -1.972661 2.293044 10.095234
v -1.972661 2.286221 10.095234
v -1.824089 2.293044 10.095234
v -1.824089 2.286221 10.095234
v -1.824088 1.835068 10.095234
v -1.824088 1.370268 10.095228
v -1.824088 0.919114 10.095228
v -1.824088 0.912291 10.095228
v -1.824088 0.454314 10.095228
v -1.824626 0.454317 8.956329
v -1.824626 0.912293 8.956329
v -1.824626 0.919116 8.956329
v -1.824626 1.370270 8.956329
v -1.824626 1.835070 8.956335
v -1.824626 2.286224 8.956335
v -1.824626 2.293047 8.956335
v -1.973198 0.461140 8.956329
v -1.973198 0.454317 8.956329
v -1.973198 0.919116 8.956329
v -1.973198 0.912293 8.956329
v -1.973198 1.377093 8.956329
v -1.973198 1.370270 8.956329
v -1.973198 1.835070 8.956335
v -1.973198 1.828247 8.956335
v -1.973198 2.293047 8.956335
v -1.973198 2.286224 8.956335
v -1.836483 1.828244 10.095234
v -1.824088 1.815850 10.095234
v -1.824088 1.389485 10.095228
v -1.836483 1.377091 10.095228
v -1.824088 0.473532 10.095228
v -1.836483 0.461137 10.095228
v -1.837021 0.461140 8.956329
v -1.824626 0.473534 8.956329
v -1.837021 1.377093 8.956329
v -1.824626 1.389488 8.956329
v -1.824626 1.815853 8.956335
v -1.837021 1.828247 8.956335
v -1.864210 2.747612 8.785123
v -1.864210 2.747614 7.747641
v -1.932366 2.747612 8.785123
v -1.932366 2.747614 7.747641
v -1.864210 2.479317 8.785123
v -1.864210 2.479318 7.747641
v -1.932366 2.479317 8.785123
v -1.932366 2.479318 7.747641
v -1.800172 -0.000247 7.747635
v -1.996403 -0.000247 7.747635
v -1.800172 2.747614 7.747641
v -1.996403 2.747614 7.747641
v -1.800883 -0.000246 7.576466
v -1.997114 -0.000246 7.576466
v -1.800883 2.747615 7.576471
v -1.997114 2.747615 7.576471
v -1.800172 -0.000249 8.785160
v -1.996403 -0.000249 8.785160
v -1.800172 2.747612 8.785166
v -1.996404 2.747612 8.785166
v -1.800883 -0.000249 8.956329
v -1.997114 -0.000249 8.956329
v -1.800883 2.747612 8.956335
v -1.997114 2.747612 8.956335
v -5.718673 -0.000251 10.238535
v -1.997114 -0.000251 10.238535
v -5.718673 -0.000251 10.123090
v -1.997114 -0.000251 10.123091
v -1.997114 2.747609 10.238541
v -5.718673 2.747609 10.238541
v -1.997114 2.747609 10.123096
v -5.718673 2.747609 10.123096
v -5.718673 0.338263 10.123090
v -5.718673 0.348200 10.123090
v -5.718673 0.681746 10.123090
v -5.718673 0.691682 10.123090
v -5.718673 1.025228 10.123090
v -5.718673 1.035164 10.123090
v -5.718673 1.368711 10.123090
v -5.718673 1.378647 10.123090
v -5.718673 1.712193 10.123096
v -5.718673 1.722130 10.123096
v -5.718673 2.055676 10.123096
v -5.718673 2.065612 10.123096
v -5.718673 2.399158 10.123096
v -5.718673 2.409095 10.123096
v -5.718673 2.409095 10.238541
v -5.718673 2.399158 10.238541
v -5.718673 2.065612 10.238541
v -5.718673 2.055676 10.238541
v -5.718673 1.722130 10.238541
v -5.718673 1.712193 10.238541
v -5.718673 1.378647 10.238535
v -5.718673 1.368711 10.238535
v -5.718673 1.035164 10.238535
v -5.718673 1.025228 10.238535
v -5.718673 0.691682 10.238535
v -5.718673 0.681746 10.238535
v -5.718673 0.348199 10.238535
v -5.718673 0.338263 10.238535
v -1.997114 0.348200 10.238535
v -1.997114 0.338263 10.238535
v -1.997114 0.691682 10.238535
v -1.997114 0.681746 10.238535
v -1.997114 1.035165 10.238535
v -1.997114 1.025228 10.238535
v -1.997114 1.378647 10.238535
v -1.997114 1.368711 10.238535
v -1.997114 1.722130 10.238541
v -1.997114 1.712194 10.238541
v -1.997114 2.065613 10.238541
v -1.997114 2.055676 10.238541
v -1.997114 2.409095 10.238541
v -1.997114 2.399159 10.238541
v -1.997114 2.399159 10.123096
v -1.997114 2.409095 10.123096
v -1.997114 2.055676 10.123096
v -1.997114 2.065613 10.123096
v -1.997114 1.712193 10.123096
v -1.997114 1.722130 10.123096
v -1.997114 1.368711 10.123091
v -1.997114 1.378647 10.123091
v -1.997114 1.025228 10.123091
v -1.997114 1.035165 10.123091
v -1.997114 0.681746 10.123091
v -1.997114 0.691683 10.123091
v -1.997114 0.338263 10.123091
v -1.997114 0.348200 10.123091
v -1.800172 -0.000244 6.437567
v -1.996403 -0.000244 6.437567
v -1.800172 5.117961 6.437575
v -1.996403 5.117961 6.437575
v -1.800882 -0.000244 6.266397
v -1.997114 -0.000244 6.266397
v -1.800882 5.117961 6.266406
v -1.997114 5.117961 6.266406
v -5.718671 -0.000236 2.465429
v -1.997113 -0.000236 2.465429
v -5.718671 -0.000236 2.580873
v -1.997113 -0.000236 2.580873
v -1.997113 2.747625 2.465435
v -5.718671 2.747625 2.465434
v -1.997113 2.747624 2.580879
v -5.718671 2.747624 2.580878
v -5.718671 0.338278 2.580873
v -5.718671 0.348215 2.580873
v -5.718671 0.681761 2.580874
v -5.718671 0.691697 2.580874
v -5.718671 1.025243 2.580874
v -5.718671 1.035180 2.580874
v -5.718671 1.368726 2.580876
v -5.718671 1.378662 2.580876
v -5.718671 1.712209 2.580876
v -5.718671 1.722145 2.580876
v -5.718671 2.055691 2.580877
v -5.718671 2.065627 2.580877
v -5.718671 2.399173 2.580877
v -5.718671 2.409109 2.580877
v -5.718671 2.409111 2.465433
v -5.718671 2.399174 2.465433
v -5.718671 2.065628 2.465433
v -5.718671 2.055692 2.465433
v -5.718671 1.722145 2.465431
v -5.718671 1.712209 2.465431
v -5.718671 1.378662 2.465431
v -5.718671 1.368726 2.465431
v -5.718671 1.035180 2.465430
v -5.718671 1.025243 2.465430
v -5.718671 0.691697 2.465430
v -5.718671 0.681761 2.465430
v -5.718671 0.348215 2.465429
v -5.718671 0.338278 2.465429
v -1.997113 0.348215 2.465429
v -1.997113 0.338279 2.465429
v -1.997113 0.691698 2.465430
v -1.997113 0.681761 2.465430
v -1.997113 1.035180 2.465430
v -1.997113 1.025243 2.465430
v -1.997113 1.378663 2.465432
v -1.997113 1.368726 2.465432
v -1.997113 1.722145 2.465432
v -1.997113 1.712209 2.465432
v -1.997113 2.065629 2.465433
v -1.997113 2.055692 2.465433
v -1.997113 2.409111 2.465433
v -1.997113 2.399175 2.465433
v -1.997113 2.399173 2.580878
v -1.997113 2.409110 2.580878
v -1.997113 2.055691 2.580878
v -1.997113 2.065627 2.580878
v -1.997113 1.712209 2.580876
v -1.997113 1.722145 2.580876
v -1.997113 1.368726 2.580876
v -1.997113 1.378662 2.580876
v -1.997113 1.025243 2.580875
v -1.997113 1.035180 2.580875
v -1.997113 0.681761 2.580875
v -1.997113 0.691697 2.580875
v -1.997113 0.338278 2.580873
v -1.997113 0.348215 2.580873
v -1.824087 -0.000236 2.608736
v -1.972659 -0.000236 2.608736
v -1.824088 2.747624 2.608742
v -1.972659 2.747624 2.608742
v -1.824625 -0.000239 3.747634
v -1.973197 -0.000239 3.747634
v -1.824625 2.747622 3.747640
v -1.973198 2.747622 3.747640
v -1.972659 0.461152 2.608737
v -1.972659 0.454329 2.608737
v -1.972659 0.919129 2.608737
v -1.972659 0.912306 2.608737
v -1.972659 1.377106 2.608739
v -1.972659 1.370283 2.608739
v -1.972659 1.835083 2.608740
v -1.972659 1.828259 2.608739
v -1.972659 2.293059 2.608740
v -1.972659 2.286235 2.608740
v -1.824088 2.293059 2.608740
v -1.824088 1.828259 2.608739
v -1.824087 1.377106 2.608739
v -1.824087 1.370283 2.608739
v -1.824087 0.919129 2.608737
v -1.824087 0.912306 2.608737
v -1.824087 0.454329 2.608737
v -1.824625 0.454327 3.747636
v -1.824625 0.912304 3.747636
v -1.824625 0.919127 3.747636
v -1.824625 1.370281 3.747637
v -1.824625 1.377104 3.747637
v -1.824625 1.828257 3.747637
v -1.824625 2.293057 3.747638
v -1.973198 0.461150 3.747636
v -1.973198 0.454327 3.747636
v -1.973198 0.919127 3.747636
v -1.973198 0.912304 3.747636
v -1.973198 1.377104 3.747637
v -1.973198 1.370281 3.747637
v -1.973198 1.835081 3.747638
v -1.973198 1.828257 3.747637
v -1.973198 2.293057 3.747638
v -1.973198 2.286234 3.747638
v -1.836482 2.286235 2.608740
v -1.824088 2.273841 2.608740
v -1.824088 1.847477 2.608740
v -1.836482 1.835083 2.608740
v -1.824087 0.473546 2.608737
v -1.836482 0.461152 2.608737
v -1.837020 0.461150 3.747636
v -1.824625 0.473544 3.747636
v -1.837020 1.835081 3.747638
v -1.824625 1.847475 3.747638
v -1.824625 2.273839 3.747638
v -1.837020 2.286234 3.747638
v -1.824088 -0.000244 6.266398
v -1.972660 -0.000244 6.266398
v -1.824088 2.747617 6.266404
v -1.972660 2.747617 6.266404
v -1.824626 -0.000241 5.127499
v -1.973198 -0.000241 5.127499
v -1.824626 2.747620 5.127505
v -1.973198 2.747620 5.127505
v -1.972660 0.461145 6.266398
v -1.972660 0.454322 6.266398
v -1.972660 0.919122 6.266401
v -1.972660 0.912299 6.266401
v -1.972660 1.377098 6.266401
v -1.972660 1.370275 6.266401
v -1.972660 1.835075 6.266401
v -1.972660 1.828252 6.266401
v -1.972660 2.293052 6.266404
v -1.972660 2.286228 6.266404
v -1.824088 2.293052 6.266404
v -1.824088 1.828252 6.266401
v -1.824088 1.377098 6.266401
v -1.824088 1.370275 6.266401
v -1.824088 0.919122 6.266401
v -1.824088 0.912299 6.266401
v -1.824088 0.454322 6.266398
v -1.824626 0.454324 5.127499
v -1.824626 0.912301 5.127502
v -1.824626 0.919124 5.127502
v -1.824626 1.370278 5.127502
v -1.824626 1.377101 5.127502
v -1.824626 1.828254 5.127502
v -1.824626 2.293055 5.127505
v -1.973198 0.461147 5.127499
v -1.973198 0.454324 5.127499
v -1.973198 0.919124 5.127502
v -1.973198 0.912301 5.127502
v -1.973198 1.377101 5.127502
v -1.973198 1.370278 5.127502
v -1.973198 1.835078 5.127502
v -1.973198 1.828254 5.127502
v -1.973198 2.293055 5.127505
v -1.973198 2.286231 5.127505
v -1.836482 2.286228 6.266404
v -1.824088 2.273834 6.266404
v -1.824088 1.847470 6.266401
v -1.836482 1.835075 6.266401
v -1.824088 0.473539 6.266398
v -1.836482 0.461145 6.266398
v -1.837020 0.461147 5.127499
v -1.824626 0.473542 5.127499
v -1.837020 1.835078 5.127502
v -1.824626 1.847472 5.127502
v -1.824626 2.273837 5.127505
v -1.837020 2.286231 5.127505
v -1.864210 2.747620 4.956292
v -1.864210 2.747622 3.918809
v -1.932365 2.747620 4.956292
v -1.932365 2.747622 3.918809
v -1.864210 2.479324 4.956292
v -1.864210 2.479327 3.918808
v -1.932365 2.479324 4.956292
v -1.932365 2.479327 3.918808
v -1.800171 -0.000239 3.918803
v -1.996403 -0.000239 3.918803
v -1.800171 2.747622 3.918809
v -1.996403 2.747622 3.918809
v -1.800882 -0.000239 3.747634
v -1.997113 -0.000239 3.747634
v -1.800882 2.747622 3.747640
v -1.997113 2.747622 3.747640
v -1.800172 -0.000241 4.956330
v -1.996403 -0.000241 4.956330
v -1.800172 2.747620 4.956336
v -1.996403 2.747620 4.956336
v -1.800882 -0.000241 5.127499
v -1.997114 -0.000241 5.127499
v -1.800882 2.747620 5.127504
v -1.997114 2.747620 5.127504
v -1.800171 -0.000236 2.608736
v -1.996403 -0.000236 2.608736
v -1.800172 5.117967 2.608746
v -1.996403 5.117967 2.608746
v -1.800882 -0.000236 2.437567
v -1.997113 -0.000236 2.437567
v -1.800882 5.117967 2.437577
v -1.997113 5.117967 2.437577
v -5.718671 -0.000228 -1.363402
v -1.997113 -0.000228 -1.363402
v -5.718671 -0.000229 -1.247958
v -1.997113 -0.000228 -1.247957
v -1.997113 2.747633 -1.363396
v -5.718671 2.747632 -1.363396
v -1.997113 2.747633 -1.247952
v -5.718671 2.747632 -1.247952
v -5.718671 0.338286 -1.247957
v -5.718671 0.348222 -1.247957
v -5.718671 0.681768 -1.247956
v -5.718671 0.691705 -1.247956
v -5.718671 1.025250 -1.247956
v -5.718671 1.035187 -1.247956
v -5.718671 1.368733 -1.247955
v -5.718671 1.378670 -1.247955
v -5.718671 1.712216 -1.247954
v -5.718671 1.722152 -1.247954
v -5.718671 2.055699 -1.247954
v -5.718671 2.065635 -1.247954
v -5.718671 2.399182 -1.247953
v -5.718671 2.409118 -1.247953
v -5.718671 2.409118 -1.363397
v -5.718671 2.399182 -1.363397
v -5.718671 2.065635 -1.363398
v -5.718671 2.055699 -1.363398
v -5.718671 1.722153 -1.363398
v -5.718671 1.712216 -1.363398
v -5.718671 1.378670 -1.363399
v -5.718671 1.368734 -1.363399
v -5.718671 1.025251 -1.363400
v -5.718671 0.691705 -1.363401
v -5.718671 0.681768 -1.363401
v -5.718671 0.348222 -1.363401
v -5.718671 0.338286 -1.363401
v -1.997113 0.348222 -1.363401
v -1.997113 0.338286 -1.363401
v -1.997113 0.691705 -1.363400
v -1.997113 0.681768 -1.363400
v -1.997113 1.025251 -1.363399
v -1.997113 1.378670 -1.363399
v -1.997113 1.368734 -1.363399
v -1.997113 1.722153 -1.363398
v -1.997113 1.712217 -1.363398
v -1.997113 2.065636 -1.363397
v -1.997113 2.055699 -1.363397
v -1.997113 2.409118 -1.363397
v -1.997113 2.399182 -1.363397
v -1.997113 2.399182 -1.247952
v -1.997113 2.409118 -1.247952
v -1.997113 2.055699 -1.247953
v -1.997113 2.065636 -1.247953
v -1.997113 1.712216 -1.247954
v -1.997113 1.722152 -1.247954
v -1.997113 1.368733 -1.247954
v -1.997113 1.378670 -1.247954
v -1.997113 1.025251 -1.247955
v -1.997113 1.035187 -1.247955
v -1.997113 0.681768 -1.247956
v -1.997113 0.691705 -1.247956
v -1.997113 0.338286 -1.247957
v -1.997113 0.348222 -1.247957
v -5.718671 1.047582 -1.363400
v -5.718671 1.035187 -1.351006
v -1.997113 1.035188 -1.351005
v -1.997113 1.047582 -1.363399
v -1.824087 -0.000229 -1.220095
v -1.972659 -0.000229 -1.220095
v -1.824087 2.747633 -1.220089
v -1.972659 2.747633 -1.220089
v -1.824625 -0.000231 -0.081196
v -1.973197 -0.000231 -0.081196
v -1.824625 2.747630 -0.081191
v -1.973197 2.747630 -0.081191
v -1.972659 0.461160 -1.220094
v -1.972659 0.454336 -1.220094
v -1.972659 0.919137 -1.220093
v -1.972659 0.912314 -1.220093
v -1.972659 1.377113 -1.220092
v -1.972659 1.370290 -1.220092
v -1.972659 1.835090 -1.220091
v -1.972659 1.828267 -1.220091
v -1.972659 2.293067 -1.220091
v -1.972659 2.286244 -1.220091
v -1.824087 2.286244 -1.220091
v -1.824087 1.835090 -1.220091
v -1.824087 1.828267 -1.220091
v -1.824087 1.370290 -1.220092
v -1.824087 0.912314 -1.220093
v -1.824087 0.461160 -1.220094
v -1.824087 0.454336 -1.220094
v -1.824625 0.454334 -0.081195
v -1.824625 0.461157 -0.081195
v -1.824625 0.912311 -0.081194
v -1.824625 1.370288 -0.081193
v -1.824625 1.828264 -0.081192
v -1.824625 1.835088 -0.081192
v -1.824625 2.286241 -0.081191
v -1.973197 0.461157 -0.081195
v -1.973197 0.454334 -0.081195
v -1.973197 0.919134 -0.081194
v -1.973197 0.912311 -0.081194
v -1.973197 1.377111 -0.081193
v -1.973197 1.370288 -0.081193
v -1.973197 1.835088 -0.081192
v -1.973197 1.828264 -0.081192
v -1.973197 2.293065 -0.081191
v -1.973197 2.286241 -0.081191
v -1.824087 2.305462 -1.220091
v -1.836481 2.293067 -1.220091
v -1.824087 1.389507 -1.220092
v -1.836481 1.377113 -1.220092
v -1.824087 0.931531 -1.220093
v -1.836481 0.919137 -1.220093
v -1.837020 0.919134 -0.081194
v -1.824625 0.931529 -0.081194
v -1.837020 1.377111 -0.081193
v -1.824625 1.389505 -0.081193
v -1.837020 2.293065 -0.081191
v -1.824625 2.305459 -0.081191
v -1.824088 -0.000236 2.437567
v -1.972660 -0.000236 2.437567
v -1.824088 2.747625 2.437572
v -1.972660 2.747625 2.437572
v -1.824625 -0.000234 1.298668
v -1.973197 -0.000234 1.298668
v -1.824625 2.747627 1.298674
v -1.973197 2.747627 1.298674
v -1.972660 0.461152 2.437568
v -1.972660 0.454329 2.437568
v -1.972660 0.919129 2.437568
v -1.972660 0.912306 2.437568
v -1.972660 1.377106 2.437569
v -1.972660 1.370283 2.437569
v -1.972660 1.835083 2.437571
v -1.972660 1.828259 2.437569
v -1.972660 2.293060 2.437571
v -1.972660 2.286237 2.437571
v -1.824088 2.286237 2.437571
v -1.824088 1.835083 2.437571
v -1.824088 1.828259 2.437569
v -1.824088 1.370283 2.437569
v -1.824088 0.912306 2.437568
v -1.824088 0.461152 2.437568
v -1.824088 0.454329 2.437568
v -1.824625 0.454332 1.298669
v -1.824625 0.461155 1.298669
v -1.824625 0.912309 1.298669
v -1.824625 1.370285 1.298671
v -1.824625 1.828261 1.298671
v -1.824625 1.835085 1.298671
v -1.824625 2.286238 1.298672
v -1.973197 0.461155 1.298669
v -1.973197 0.454332 1.298669
v -1.973197 0.919132 1.298670
v -1.973197 0.912309 1.298669
v -1.973197 1.377108 1.298671
v -1.973197 1.370285 1.298671
v -1.973197 1.835085 1.298671
v -1.973197 1.828261 1.298671
v -1.973197 2.293062 1.298672
v -1.973197 2.286238 1.298672
v -1.824088 2.305455 2.437571
v -1.836482 2.293060 2.437571
v -1.824088 1.389500 2.437569
v -1.836482 1.377106 2.437569
v -1.824088 0.931524 2.437568
v -1.836482 0.919129 2.437568
v -1.837020 0.919132 1.298670
v -1.824625 0.931526 1.298670
v -1.837020 1.377108 1.298671
v -1.824625 1.389502 1.298671
v -1.837020 2.293062 1.298672
v -1.824625 2.305456 1.298672
v -1.864210 2.747627 1.127461
v -1.864209 2.747630 0.089979
v -1.932365 2.747627 1.127461
v -1.932365 2.747630 0.089979
v -1.864210 2.479331 1.127461
v -1.864209 2.479334 0.089978
v -1.932365 2.479331 1.127461
v -1.932365 2.479334 0.089978
v -1.800171 -0.000232 0.089973
v -1.996402 -0.000232 0.089973
v -1.800171 2.747630 0.089979
v -1.996403 2.747630 0.089979
v -1.800882 -0.000231 -0.081196
v -1.997113 -0.000231 -0.081196
v -1.800882 2.747630 -0.081191
v -1.997113 2.747630 -0.081191
v -1.800171 -0.000234 1.127499
v -1.996403 -0.000234 1.127499
v -1.800171 2.747627 1.127505
v -1.996403 2.747627 1.127505
v -1.800882 -0.000234 1.298668
v -1.997113 -0.000234 1.298668
v -1.800882 2.747627 1.298674
v -1.997113 2.747627 1.298674
v -1.800171 -0.000229 -1.220095
v -1.996402 -0.000229 -1.220095
v -1.800171 5.117976 -1.220085
v -1.996402 5.117976 -1.220085
v -1.800882 -0.000229 -1.391264
v -1.997113 -0.000229 -1.391264
v -1.800882 5.117976 -1.391254
v -1.997113 5.117976 -1.391254
v -5.718671 -0.000221 -5.192233
v -1.997112 -0.000221 -5.192232
v -5.718671 -0.000221 -5.076789
v -1.997112 -0.000221 -5.076788
v -1.997112 2.747640 -5.192226
v -5.718671 2.747639 -5.192227
v -1.997112 2.747640 -5.076782
v -5.718671 2.747639 -5.076783
v -5.718671 0.338293 -5.076789
v -5.718671 0.348230 -5.076789
v -5.718671 0.681776 -5.076789
v -5.718671 0.691712 -5.076789
v -5.718671 1.025258 -5.076786
v -5.718671 1.035195 -5.076786
v -5.718671 1.368741 -5.076786
v -5.718671 1.378678 -5.076786
v -5.718671 1.712224 -5.076786
v -5.718671 1.722160 -5.076786
v -5.718671 2.055706 -5.076786
v -5.718671 2.065643 -5.076786
v -5.718671 2.399189 -5.076783
v -5.718671 2.409125 -5.076783
v -5.718671 2.409125 -5.192227
v -5.718671 2.399189 -5.192227
v -5.718671 2.065643 -5.192230
v -5.718671 2.055706 -5.192230
v -5.718671 1.722160 -5.192230
v -5.718671 1.712224 -5.192230
v -5.718671 1.378677 -5.192230
v -5.718671 1.368741 -5.192230
v -5.718671 1.035195 -5.192230
v -5.718671 1.025258 -5.192230
v -5.718671 0.691712 -5.192233
v -5.718671 0.681776 -5.192233
v -5.718671 0.348230 -5.192233
v -5.718671 0.338294 -5.192233
v -1.997112 0.348230 -5.192232
v -1.997112 0.338294 -5.192232
v -1.997112 0.691712 -5.192232
v -1.997112 0.681776 -5.192232
v -1.997112 1.035195 -5.192229
v -1.997112 1.025259 -5.192229
v -1.997112 1.378678 -5.192229
v -1.997112 1.368741 -5.192229
v -1.997112 1.722160 -5.192229
v -1.997112 1.712224 -5.192229
v -1.997112 2.065643 -5.192229
v -1.997112 2.055707 -5.192229
v -1.997112 2.409125 -5.192226
v -1.997112 2.399189 -5.192226
v -1.997112 2.399189 -5.076782
v -1.997112 2.409125 -5.076782
v -1.997112 2.055707 -5.076785
v -1.997112 2.065643 -5.076785
v -1.997112 1.712224 -5.076785
v -1.997112 1.722160 -5.076785
v -1.997112 1.368741 -5.076785
v -1.997112 1.378677 -5.076785
v -1.997112 1.025259 -5.076785
v -1.997112 1.035195 -5.076785
v -1.997112 0.681776 -5.076788
v -1.997112 0.691712 -5.076788
v -1.997112 0.338294 -5.076788
v -1.997112 0.348230 -5.076788
v -1.824086 -0.000221 -5.048925
v -1.972658 -0.000221 -5.048925
v -1.824087 2.747640 -5.048920
v -1.972659 2.747640 -5.048920
v -1.824625 -0.000224 -3.910027
v -1.973197 -0.000224 -3.910027
v -1.824625 2.747637 -3.910021
v -1.973197 2.747637 -3.910021
v -1.972658 0.461167 -5.048925
v -1.972658 0.454344 -5.048925
v -1.972658 0.919144 -5.048923
v -1.972658 0.912321 -5.048923
v -1.972659 1.377121 -5.048923
v -1.972659 1.370298 -5.048923
v -1.972659 1.835098 -5.048923
v -1.972659 1.828274 -5.048923
v -1.972659 2.293075 -5.048920
v -1.972659 2.286251 -5.048920
v -1.824087 2.293075 -5.048920
v -1.824087 1.828274 -5.048923
v -1.824087 1.377121 -5.048923
v -1.824087 1.370298 -5.048923
v -1.824086 0.919144 -5.048923
v -1.824086 0.912321 -5.048923
v -1.824086 0.461167 -5.048925
v -1.824086 0.454344 -5.048925
v -1.824625 0.454342 -3.910025
v -1.824625 0.461165 -3.910025
v -1.824625 0.912319 -3.910025
v -1.824625 0.919142 -3.910025
v -1.824625 1.370296 -3.910024
v -1.824625 1.377119 -3.910024
v -1.824625 1.828272 -3.910024
v -1.824625 2.293072 -3.910022
v -1.973197 0.461165 -3.910025
v -1.973197 0.454342 -3.910025
v -1.973197 0.919142 -3.910025
v -1.973197 0.912319 -3.910025
v -1.973197 1.377119 -3.910024
v -1.973197 1.370296 -3.910024
v -1.973197 1.835096 -3.910022
v -1.973197 1.828272 -3.910024
v -1.973197 2.293072 -3.910022
v -1.973197 2.286248 -3.910022
v -1.836481 2.286251 -5.048920
v -1.824087 2.273857 -5.048920
v -1.824087 1.847492 -5.048923
v -1.836481 1.835098 -5.048923
v -1.837019 1.835096 -3.910022
v -1.824625 1.847490 -3.910022
v -1.824625 2.273854 -3.910022
v -1.837019 2.286248 -3.910022
v -1.824087 -0.000229 -1.391264
v -1.972659 -0.000229 -1.391264
v -1.824087 2.747633 -1.391258
v -1.972659 2.747633 -1.391258
v -1.824625 -0.000226 -2.530163
v -1.973197 -0.000226 -2.530163
v -1.824625 2.747634 -2.530157
v -1.973197 2.747634 -2.530157
v -1.972659 0.461160 -1.391263
v -1.972659 0.454337 -1.391263
v -1.972659 0.919137 -1.391262
v -1.972659 0.912314 -1.391263
v -1.972659 1.377114 -1.391261
v -1.972659 1.370291 -1.391261
v -1.972659 1.835091 -1.391261
v -1.972659 1.828267 -1.391261
v -1.972659 2.293067 -1.391260
v -1.972659 2.286244 -1.391260
v -1.824087 2.293067 -1.391260
v -1.824087 1.828267 -1.391261
v -1.824087 1.377114 -1.391261
v -1.824087 1.370291 -1.391261
v -1.824087 0.919137 -1.391262
v -1.824087 0.912314 -1.391263
v -1.824087 0.461160 -1.391263
v -1.824087 0.454337 -1.391263
v -1.824625 0.454339 -2.530162
v -1.824625 0.461162 -2.530162
v -1.824625 0.912316 -2.530162
v -1.824625 0.919139 -2.530162
v -1.824625 1.370293 -2.530160
v -1.824625 1.377116 -2.530160
v -1.824625 1.828269 -2.530160
v -1.824625 2.293069 -2.530159
v -1.973197 0.461162 -2.530162
v -1.973197 0.454339 -2.530162
v -1.973197 0.919139 -2.530162
v -1.973197 0.912316 -2.530162
v -1.973197 1.377116 -2.530160
v -1.973197 1.370293 -2.530160
v -1.973197 1.835093 -2.530159
v -1.973197 1.828269 -2.530160
v -1.973197 2.293069 -2.530159
v -1.973197 2.286245 -2.530159
v -1.836481 2.286244 -1.391260
v -1.824087 2.273849 -1.391260
v -1.824087 1.847485 -1.391261
v -1.836481 1.835091 -1.391261
v -1.837019 1.835093 -2.530159
v -1.824625 1.847487 -2.530159
v -1.824625 2.273851 -2.530159
v -1.837019 2.286245 -2.530159
v -1.864209 2.747635 -2.701370
v -1.864209 2.747637 -3.738852
v -1.932364 2.747635 -2.701370
v -1.932364 2.747637 -3.738852
v -1.864209 2.479340 -2.701371
v -1.864209 2.479341 -3.738853
v -1.932364 2.479340 -2.701371
v -1.932364 2.479341 -3.738853
v -1.800171 -0.000224 -3.738858
v -1.996402 -0.000224 -3.738858
v -1.800171 2.747637 -3.738852
v -1.996402 2.747637 -3.738852
v -1.800881 -0.000224 -3.910027
v -1.997113 -0.000224 -3.910027
v -1.800882 2.747637 -3.910021
v -1.997113 2.747637 -3.910021
v -1.800171 -0.000226 -2.701332
v -1.996402 -0.000226 -2.701332
v -1.800171 2.747635 -2.701327
v -1.996402 2.747635 -2.701327
v -1.800881 -0.000226 -2.530163
v -1.997113 -0.000226 -2.530163
v -1.800882 2.747634 -2.530157
v -1.997113 2.747634 -2.530157
v -1.800170 -0.000221 -5.048925
v -1.996402 -0.000221 -5.048925
v -1.800171 5.117981 -5.048917
v -1.996402 5.117981 -5.048917
v -1.800881 -0.000221 -5.220095
v -1.997112 -0.000221 -5.220095
v -1.800881 5.117984 -5.220086
v -1.997113 5.117984 -5.220086
v -1.458512 5.550312 -10.655261
v -1.458512 5.853119 -10.655261
v -1.458512 5.550312 -10.739577
v -1.458512 5.853119 -10.739577
v 1.532177 5.550312 -10.655261
v 1.532177 5.853119 -10.655261
v 1.532177 5.550312 -10.739577
v 1.532177 5.853119 -10.739577
v -1.458514 5.550272 10.261450
v -1.458514 5.853079 10.261450
v -1.458514 5.550272 10.177132
v -1.458514 5.853079 10.177132
v 1.532174 5.550272 10.261450
v 1.532174 5.853079 10.261450
v 1.532174 5.550272 10.177132
v 1.532174 5.853079 10.177132
v -0.125460 8.654469 10.261017
v -0.125460 8.793081 10.261017
v -0.125457 8.654515 -10.739130
v -0.125457 8.793127 -10.739130
v 0.115245 8.654469 10.261017
v 0.115245 8.793081 10.261017
v 0.115247 8.654515 -10.739130
v 0.115247 8.793127 -10.739130
v 1.441641 7.829542 10.261017
v 1.441644 7.829582 -10.739130
v 1.441641 7.618946 10.261017
v 1.441643 7.618986 -10.739130
v 1.573652 7.618946 10.261017
v 1.573655 7.829582 -10.739130
v 1.573652 7.829542 10.261017
v 1.573654 7.618986 -10.739130
v -1.451856 7.829542 10.261017
v -1.451854 7.829582 -10.739130
v -1.451856 7.618946 10.261017
v -1.451854 7.618986 -10.739130
v -1.583867 7.618946 10.261017
v -1.583865 7.829582 -10.739130
v -1.583867 7.829542 10.261017
v -1.583865 7.618986 -10.739130
v 1.448299 5.117953 10.261011
v 1.448299 5.267692 10.261011
v 1.448302 5.117993 -10.739136
v 1.448302 5.267732 -10.739136
v 2.126460 5.117953 10.261011
v 2.126460 5.267692 10.261011
v 2.126462 5.117993 -10.739136
v 2.126462 5.267732 -10.739136
v -1.458514 5.117953 10.261011
v -1.458514 5.267692 10.261011
v -1.458512 5.117993 -10.739136
v -1.458512 5.267732 -10.739136
v -2.136674 5.117953 10.261011
v -2.136674 5.267692 10.261011
v -2.136672 5.117993 -10.739136
v -2.136672 5.267732 -10.739136
v 5.465136 3.560051 10.261005
v 5.465136 3.832501 10.261005
v 5.465138 3.560093 -10.739141
v 5.465138 3.832543 -10.739141
v 5.708457 3.560051 10.261005
v 5.708457 3.832501 10.261005
v 5.708459 3.560093 -10.739141
v 5.708459 3.832543 -10.739141
v -5.475351 3.560051 10.261005
v -5.475351 3.832500 10.261005
v -5.475348 3.560093 -10.739141
v -5.475348 3.832542 -10.739141
v -5.718672 3.560051 10.261005
v -5.718672 3.832500 10.261005
v -5.718669 3.560093 -10.739141
v -5.718669 3.832542 -10.739141
v 5.708457 -0.000251 10.238362
v 1.976618 -0.000251 10.238362
v 5.708457 -0.000250 10.122917
v 1.976618 -0.000251 10.122917
v 1.976618 2.747609 10.238368
v 5.708457 2.747610 10.238368
v 1.976618 2.747609 10.122923
v 5.708457 2.747610 10.122923
v 5.708457 0.338264 10.122917
v 5.708457 0.348200 10.122917
v 5.708457 0.681746 10.122917
v 5.708457 0.691683 10.122917
v 5.708457 1.025229 10.122917
v 5.708457 1.035165 10.122917
v 5.708457 1.368711 10.122917
v 5.708457 1.378648 10.122917
v 5.708457 1.712194 10.122923
v 5.708457 1.722130 10.122923
v 5.708457 2.055676 10.122923
v 5.708457 2.065613 10.122923
v 5.708457 2.399159 10.122923
v 5.708457 2.409095 10.122923
v 5.708457 2.409095 10.238368
v 5.708457 2.399159 10.238368
v 5.708457 2.065613 10.238368
v 5.708457 2.055676 10.238368
v 5.708457 1.722130 10.238368
v 5.708457 1.712194 10.238368
v 5.708457 1.378648 10.238362
v 5.708457 1.368711 10.238362
v 5.708457 1.035165 10.238362
v 5.708457 1.025229 10.238362
v 5.708457 0.691682 10.238362
v 5.708457 0.681746 10.238362
v 5.708457 0.348200 10.238362
v 5.708457 0.338264 10.238362
v 1.976618 0.348200 10.238362
v 1.976618 0.338263 10.238362
v 1.976618 0.691682 10.238362
v 1.976618 0.681746 10.238362
v 1.976618 1.035165 10.238362
v 1.976618 1.025229 10.238362
v 1.976618 1.378648 10.238362
v 1.976618 1.368711 10.238362
v 1.976618 1.722130 10.238368
v 1.976618 1.712194 10.238368
v 1.976618 2.065613 10.238368
v 1.976618 2.055676 10.238368
v 1.976618 2.409095 10.238368
v 1.976618 2.399159 10.238368
v 1.976618 2.399159 10.122923
v 1.976618 2.409095 10.122923
v 1.976618 2.055676 10.122923
v 1.976618 2.065613 10.122923
v 1.976618 1.712194 10.122923
v 1.976618 1.722130 10.122923
v 1.976618 1.368711 10.122917
v 1.976618 1.378647 10.122917
v 1.976618 1.025229 10.122917
v 1.976618 1.035165 10.122917
v 1.976618 0.681746 10.122917
v 1.976618 0.691683 10.122917
v 1.976618 0.338264 10.122917
v 1.976618 0.348200 10.122917
v 1.779676 -0.000251 10.095055
v 1.975907 -0.000251 10.095055
v 1.779676 5.117953 10.095066
v 1.975907 5.117953 10.095066
v 1.780386 -0.000251 10.266224
v 1.976618 -0.000251 10.266224
v 1.780386 5.117953 10.266235
v 1.976618 5.117953 10.266235
v 1.779678 -0.000221 -5.049099
v 1.975909 -0.000221 -5.049099
v 1.779678 5.117981 -5.049090
v 1.975909 5.117981 -5.049090
v 1.780388 -0.000221 -5.220268
v 1.976620 -0.000221 -5.220268
v 1.780388 5.117984 -5.220260
v 1.976619 5.117984 -5.220260
v 5.709892 3.449525 -10.739582
v 5.709891 3.449513 -5.224868
v 1.780388 3.449513 -5.224869
v 1.780389 3.449525 -10.739582
v 1.780389 3.547123 -10.739582
v 1.780388 3.547112 -5.224869
v 5.709891 3.547112 -5.224868
v 5.709892 3.547123 -10.739582
v -1.701835 2.477685 10.495450
v 1.694464 2.477685 10.495450
v -1.701835 2.477685 10.261449
v 1.694464 2.477685 10.261449
v -1.701835 2.446634 10.261449
v 1.694464 2.446634 10.495450
v -1.701835 2.446634 10.495450
v 1.694464 2.446634 10.261449
v 1.649321 -0.000226 10.486769
v 1.691620 -0.000226 10.486769
v 1.649321 -0.000225 10.257668
v 1.691620 -0.000225 10.257668
v 1.649320 2.446634 10.486774
v 1.691620 2.446634 10.486774
v 1.649321 2.446634 10.257673
v 1.691620 2.446634 10.257673
v -1.659535 -0.000226 10.486769
v -1.701835 -0.000226 10.486769
v -1.659535 -0.000225 10.257668
v -1.701835 -0.000225 10.257668
v -1.659536 2.446634 10.486774
v -1.701835 2.446634 10.486774
v -1.659535 2.446634 10.257673
v -1.701835 2.446634 10.257673
v 5.699295 0.248417 10.122916
v 5.699295 -0.000251 10.122916
v 5.699296 0.248447 -5.076962
v 5.699296 -0.000221 -5.076962
v 5.714019 0.248447 -5.076962
v 5.714017 0.248417 10.122916
v 5.714017 -0.000251 10.122916
v 5.714019 -0.000221 -5.076962
v -5.724229 0.248417 10.122916
v -5.724229 -0.000251 10.122916
v -5.724227 0.248447 -5.076963
v -5.724227 -0.000222 -5.076963
v -5.709505 0.248447 -5.076963
v -5.709507 0.248417 10.122916
v -5.709507 -0.000251 10.122916
v -5.709505 -0.000222 -5.076963
v 1.807397 3.547120 -9.777792
v 2.003106 3.547120 -9.777792
v 1.807397 3.547122 -9.973501
v 2.003106 3.547122 -9.973501
v 1.807397 5.204201 -9.973495
v 1.807397 5.204201 -9.777786
v 2.003106 5.204201 -9.777786
v 2.003106 5.204201 -9.973495
v 1.807397 3.547117 -7.789921
v 2.003106 3.547117 -7.789921
v 1.807397 3.547117 -7.985630
v 2.003106 3.547117 -7.985630
v 1.807397 5.204195 -7.985624
v 1.807397 5.204195 -7.789915
v 2.003106 5.204195 -7.789915
v 2.003106 5.204195 -7.985624
v 1.807396 3.547113 -5.938921
v 2.003106 3.547113 -5.938921
v 1.807396 3.547113 -6.134631
v 2.003106 3.547113 -6.134631
v 1.807396 5.204193 -6.134625
v 1.807396 5.204193 -5.938916
v 2.003106 5.204193 -5.938916
v 2.003106 5.204193 -6.134625
v 1.783081 -0.000210 -10.568419
v 1.900755 -0.000210 -10.568419
v 1.783081 3.449523 -10.568413
v 1.900755 3.449523 -10.568413
v 1.783792 -0.000210 -10.739588
v 1.901466 -0.000210 -10.739588
v 1.783792 3.449525 -10.739582
v 1.901466 3.449525 -10.739582
v 1.757172 2.201354 -5.685316
v 1.888065 2.202107 -5.686506
v 1.757172 2.201357 -6.983544
v 1.888065 2.202110 -6.984735
v 1.757172 2.071394 -6.983547
v 1.757172 2.071391 -5.685318
v 1.888065 2.072144 -5.686509
v 1.888065 2.072146 -6.984737
v 1.757172 -0.000217 -6.869943
v 1.888066 0.000973 -6.869193
v 1.757172 2.070954 -6.869939
v 1.888065 2.072145 -6.869190
v 1.757172 2.070956 -6.983546
v 1.757172 -0.000217 -6.983550
v 1.888066 0.000973 -6.982797
v 1.888065 2.072146 -6.982794
v 1.757172 -0.000220 -5.685322
v 1.888065 0.000971 -5.684569
v 1.757172 2.073410 -5.685319
v 1.888065 2.072143 -5.684566
v 1.757172 2.070953 -5.798923
v 1.757172 -0.000219 -5.798925
v 1.888065 0.000971 -5.798176
v 1.888065 2.072143 -5.798173
v -5.718672 0.003487 10.495443
v 5.708457 0.003487 10.495443
v -5.718669 0.003529 -10.739588
v 5.708459 0.003529 -10.739588
v -5.718669 0.003526 -9.555029
v -5.718670 0.003524 -8.338109
v -5.847311 0.001372 -9.555029
v -5.847311 0.001370 -8.338109
vn -0.0000 -0.0000 -1.0000
vn -0.0000 -0.0000 1.0000
vn 0.5643 0.8256 -0.0000
vn 0.5535 0.8329 -0.0000
vn 0.8256 -0.5643 -0.0000
vn 0.9850 -0.1726 -0.0000
vn 0.3549 0.9349 -0.0000
vn -0.9349 0.3549 -0.0000
vn 0.9349 -0.3549 -0.0000
vn 0.8851 -0.4653 -0.0000
vn -0.8851 0.4653 -0.0000
vn 0.9349 -0.3548 -0.0000
vn 0.8851 -0.4654 -0.0000
vn -0.8256 0.5643 -0.0000
vn -0.9849 0.1730 -0.0000
vn 0.9439 -0.3304 -0.0000
vn 0.9438 -0.3304 -0.0000
vn -0.9437 0.3308 -0.0000
vn -0.5643 0.8256 -0.0000
vn -0.5535 0.8329 -0.0000
vn -0.8256 -0.5643 -0.0000
vn -0.9850 -0.1726 -0.0000
vn -0.3549 0.9349 -0.0000
vn 0.9349 0.3549 -0.0000
vn -0.9349 -0.3548 -0.0000
vn -0.8851 -0.4653 -0.0000
vn 0.8851 0.4653 -0.0000
vn -0.9349 -0.3549 -0.0000
vn 0.9349 0.3548 -0.0000
vn 0.8256 0.5643 -0.0000
vn 0.9849 0.1730 -0.0000
vn -0.9439 -0.3304 -0.0000
vn -0.9438 -0.3304 -0.0000
vn 0.9437 0.3308 -0.0000
vn 1.0000 -0.0000 -0.0000
vn -1.0000 -0.0000 -0.0000
vn -0.9999 -0.0060 0.0128
vn -0.0000 0.0009 -1.0000
vn 1.0000 -0.0004 -0.0000
vn 0.0019 -0.0000 1.0000
vn -1.0000 0.0011 -0.0000
vn 1.0000 -0.0012 -0.0000
vn -1.0000 -0.0004 -0.0000
vn -0.0009 -0.0000 1.0000
vn 1.0000 0.0022 -0.0000
vn -0.0000 0.0015 -1.0000
vn -1.0000 -0.0012 -0.0000
vn -0.0000 -1.0000 -0.0000
vn 0.0185 -0.0018 0.9998
vn -0.0170 -0.0000 -0.9999
vn -0.0221 -0.0000 -0.9998
vn -0.7071 -0.0000 0.7071
vn 0.7071 -0.0000 0.7071
vn -0.7072 -0.0000 0.7071
vn 0.7071 -0.0000 0.7072
vn 0.7071 -0.0008 0.7071
vn -0.7071 -0.0000 0.7072
vn 0.7071 -0.0000 -0.7071
vn -0.7071 -0.0000 -0.7071
vn -0.7072 -0.0000 -0.7071
vn -0.3549 -0.9349 -0.0000
vn -0.5837 -0.8120 -0.0000
vn 0.5690 0.8224 -0.0000
vn 0.8809 -0.4733 -0.0000
vn -0.8809 0.4733 -0.0000
vn 0.3549 -0.9349 -0.0000
vn 0.5837 -0.8120 -0.0000
vn -0.5690 0.8224 -0.0000
vn -0.8809 -0.4733 -0.0000
vn 0.8809 0.4733 -0.0000
vn -0.0000 1.0000 -0.0000
vn -0.8063 0.5915 -0.0000
vn 0.8063 -0.5915 -0.0000
vn 0.8063 0.5915 -0.0000
vn -0.8063 -0.5915 -0.0000
vn -0.5913 -0.8064 -0.0000
vn 0.0001 -0.0000 -1.0000
vn 0.8850 -0.4655 -0.0000
vn -0.8850 0.4656 -0.0000
vn 0.0001 -0.0000 1.0000
vn 0.8850 -0.4656 -0.0000
vn -0.8850 0.4655 -0.0000
vn 0.5913 -0.8064 -0.0000
vn -0.8850 -0.4656 -0.0000
vn 0.8850 0.4656 -0.0000
vn -0.8850 -0.4655 -0.0000
vn 0.8850 0.4655 -0.0000
vn -0.0001 -0.0000 -1.0000
vn -0.0001 -0.0000 1.0000
vn -0.7071 0.7071 -0.0000
vn -0.7071 -0.7071 -0.0000
vn -0.7070 0.7072 -0.0000
vn 0.0002 -0.0000 -1.0000
vn -0.4083 0.4083 -0.8165
vn 0.8165 -0.4082 0.4083
vn -0.4083 -0.4083 -0.8165
vn 0.8165 0.4082 0.4083
vn 0.7071 0.7071 -0.0000
vn 0.7071 -0.7071 -0.0000
vn -0.0000 -0.7072 -0.7070
vn -0.0000 0.7072 -0.7070
vn -0.0000 0.7072 -0.7071
vn 1.0000 -0.0000 0.0042
vn -1.0000 -0.0000 -0.0042
vn 1.0000 -0.0000 -0.0042
vn -1.0000 -0.0000 0.0042
vn -1.0000 -0.0000 0.0005
vn 1.0000 -0.0000 -0.0005
vn -0.7071 -0.7071 0.0003
vn -0.7071 0.7071 0.0003
vn -1.0000 -0.0000 -0.0005
vn 1.0000 -0.0000 0.0005
vn -0.7071 -0.7071 -0.0003
vn -0.7071 0.7071 -0.0003
vn 0.7071 -0.7071 0.0003
vn 0.7071 0.7071 0.0003
vn 0.7071 -0.7071 -0.0003
vn 0.7071 0.7071 -0.0003
vn -0.0000 -0.7071 -0.7071
vn -0.0058 1.0000 -0.0000
vn 0.0058 -1.0000 -0.0000
vn -0.0091 -0.0000 -1.0000
vn 0.0091 -0.0000 1.0000
vn -0.0057 -0.0000 1.0000
vn 0.0058 -0.0000 -1.0000
vn -0.0091 1.0000 -0.0000
vn 0.0057 -0.0000 -1.0000
vn 0.0097 1.0000 -0.0000
vn -0.0167 0.9999 -0.0000
vn -0.9349 0.3548 -0.0000
vn -0.8851 -0.4654 -0.0000
vn 0.9437 0.3307 -0.0000
vn -0.0106 -0.0000 -0.9999
vn 0.0178 -0.0000 -0.9998
vn -0.0358 -0.0019 -0.9994
vn -0.7071 -0.0000 -0.7072
vn -0.7072 -0.0000 0.7070
vn 0.0002 -0.0000 1.0000
vn -0.0002 -0.0000 1.0000
vn -0.0000 0.7071 -0.7071
vn -0.0058 -0.0000 1.0000
vn -0.0090 0.9997 -0.0216
vt 0.711968 0.757541
vt 0.711889 0.738493
vt 0.711890 0.736344
vt 0.711968 0.757541
vt 0.711889 0.738494
vt 0.711968 0.759690
vt 0.711968 0.759690
vt 0.711887 0.739790
vt 0.711968 0.760987
vt 0.711593 0.740156
vt 0.711733 0.763898
vt 0.711590 0.742305
vt 0.711593 0.740156
vt 0.711733 0.763899
vt 0.711736 0.761749
vt 0.711733 0.763899
vt 0.711589 0.744224
vt 0.711732 0.765818
vt 0.711589 0.744224
vt 0.711590 0.742305
vt 0.711450 0.718513
vt 0.711590 0.742217
vt 0.711447 0.720662
vt 0.711450 0.718513
vt 0.711590 0.742217
vt 0.711593 0.740068
vt 0.711445 0.722581
vt 0.711447 0.720662
vt 0.711447 0.720662
vt 0.711588 0.744136
vt 0.711588 0.744136
vt 0.711307 0.696891
vt 0.711446 0.720535
vt 0.711304 0.699040
vt 0.711307 0.696891
vt 0.711446 0.720535
vt 0.711449 0.718386
vt 0.711444 0.722454
vt 0.711304 0.699040
vt 0.711302 0.700959
vt 0.711159 0.677172
vt 0.711302 0.698853
vt 0.711302 0.698854
vt 0.711162 0.675023
vt 0.711305 0.696704
vt 0.711159 0.677172
vt 0.711159 0.677172
vt 0.711301 0.700773
vt 0.711157 0.679091
vt 0.711305 0.696704
vt 0.711890 0.736294
vt 0.711812 0.717352
vt 0.711814 0.715203
vt 0.711890 0.736294
vt 0.711812 0.717352
vt 0.711889 0.738443
vt 0.711887 0.739740
vt 0.711809 0.718649
vt 0.711809 0.718649
vt 0.711889 0.738443
vt 0.711814 0.715203
vt 0.711813 0.715148
vt 0.711733 0.696100
vt 0.711736 0.693951
vt 0.711813 0.715148
vt 0.711733 0.696101
vt 0.711811 0.717297
vt 0.711811 0.717297
vt 0.711809 0.718594
vt 0.711731 0.697397
vt 0.712045 0.738493
vt 0.712045 0.736344
vt 0.712045 0.738494
vt 0.712048 0.739790
vt 0.712342 0.740156
vt 0.712201 0.763898
vt 0.712199 0.761749
vt 0.712201 0.763899
vt 0.712342 0.740156
vt 0.712345 0.742305
vt 0.712201 0.763899
vt 0.712346 0.744224
vt 0.712345 0.742305
vt 0.712203 0.765818
vt 0.712346 0.744224
vt 0.712485 0.718513
vt 0.712345 0.742217
vt 0.712342 0.740068
vt 0.712345 0.742217
vt 0.712485 0.718513
vt 0.712490 0.722581
vt 0.712488 0.720662
vt 0.712488 0.720662
vt 0.712488 0.720662
vt 0.712347 0.744136
vt 0.712347 0.744136
vt 0.712628 0.696891
vt 0.712489 0.720535
vt 0.712486 0.718386
vt 0.712489 0.720535
vt 0.712628 0.696891
vt 0.712491 0.722454
vt 0.712631 0.699040
vt 0.712633 0.700959
vt 0.712631 0.699040
vt 0.712633 0.698853
vt 0.712776 0.677172
vt 0.712633 0.698854
vt 0.712773 0.675023
vt 0.712630 0.696704
vt 0.712630 0.696704
vt 0.712634 0.700773
vt 0.712776 0.677172
vt 0.712778 0.679091
vt 0.712776 0.677172
vt 0.712123 0.717352
vt 0.712045 0.736294
vt 0.712121 0.715203
vt 0.712045 0.736294
vt 0.712123 0.717352
vt 0.712121 0.715203
vt 0.712048 0.739740
vt 0.712046 0.738443
vt 0.712126 0.718649
vt 0.712046 0.738443
vt 0.712201 0.696100
vt 0.712122 0.715148
vt 0.712199 0.693951
vt 0.712122 0.715148
vt 0.712201 0.696101
vt 0.712199 0.693951
vt 0.712124 0.717297
vt 0.712124 0.717297
vt 0.712126 0.718594
vt 0.712204 0.697397
vt 0.819712 0.880363
vt 0.819750 0.816168
vt 0.819712 0.816168
vt 0.833653 0.978698
vt 0.833686 0.826979
vt 0.833653 0.826979
vt 0.833797 0.957228
vt 0.833797 0.975364
vt 0.833820 0.984535
vt 0.833887 0.826979
vt 0.833929 0.923974
vt 0.833929 0.826979
vt 0.820082 0.960761
vt 0.820100 0.952344
vt 0.820100 0.935701
vt 0.833652 0.978624
vt 0.833652 0.826979
vt 0.834054 0.912392
vt 0.834054 0.826979
vt 0.834055 0.826979
vt 0.834096 0.908531
vt 0.834096 0.826979
vt 0.834013 0.826979
vt 0.833326 0.826979
vt 0.833326 0.900810
vt 0.820304 0.816168
vt 0.820343 0.901639
vt 0.820343 0.816168
vt 0.833753 0.957228
vt 0.833753 0.826979
vt 0.819828 0.891010
vt 0.819866 0.816168
vt 0.819828 0.816168
vt 0.833493 0.916252
vt 0.833535 0.826979
vt 0.833493 0.826979
vt 0.833368 0.904670
vt 0.833409 0.826979
vt 0.833368 0.826979
vt 0.833720 0.957228
vt 0.833720 0.826979
vt 0.819943 0.901639
vt 0.819981 0.816168
vt 0.819943 0.816168
vt 0.834181 0.826979
vt 0.834222 0.896929
vt 0.834222 0.826979
vt 0.833820 0.826979
vt 0.833853 0.978698
vt 0.833853 0.826979
vt 0.819982 0.816168
vt 0.819982 0.905182
vt 0.820497 0.887467
vt 0.820497 0.816168
vt 0.820020 0.908689
vt 0.820020 0.816168
vt 0.820497 0.816168
vt 0.820535 0.883924
vt 0.820535 0.816168
vt 0.843480 0.971946
vt 0.843480 0.850450
vt 0.826865 0.835396
vt 0.826865 0.956892
vt 0.826837 0.882956
vt 0.843506 0.898011
vt 0.843506 0.942345
vt 0.843481 0.971946
vt 0.826753 0.956892
vt 0.826698 0.835396
vt 0.826753 0.835396
vt 0.843424 0.971946
vt 0.843369 0.850450
vt 0.843424 0.850450
vt 0.826586 0.956892
vt 0.826586 0.835396
vt 0.826585 0.835396
vt 0.826585 0.956892
vt 0.826552 0.882956
vt 0.843221 0.898011
vt 0.843221 0.942345
vt 0.843201 0.971946
vt 0.826361 0.835396
vt 0.826361 0.956892
vt 0.843144 0.971946
vt 0.843089 0.850450
vt 0.843144 0.850450
vt 0.826305 0.956892
vt 0.826305 0.835396
vt 0.843032 0.971946
vt 0.842994 0.942345
vt 0.842994 0.898011
vt 0.826209 0.882956
vt 0.826209 0.927291
vt 0.826193 0.956892
vt 0.842920 0.971946
vt 0.842865 0.850450
vt 0.842920 0.850450
vt 0.842640 0.850450
vt 0.842640 0.971946
vt 0.842808 0.971946
vt 0.842753 0.850450
vt 0.842808 0.850450
vt 0.826025 0.956892
vt 0.825982 0.927291
vt 0.825982 0.882956
vt 0.825924 0.882956
vt 0.825924 0.927291
vt 0.825913 0.956892
vt 0.843564 0.898011
vt 0.843564 0.942345
vt 0.843592 0.971946
vt 0.826754 0.835396
vt 0.826754 0.956892
vt 0.826778 0.882956
vt 0.843368 0.971946
vt 0.843368 0.850450
vt 0.826642 0.835396
vt 0.826697 0.956892
vt 0.826697 0.835396
vt 0.843313 0.850450
vt 0.843313 0.971946
vt 0.826552 0.927291
vt 0.843201 0.850450
vt 0.843145 0.850450
vt 0.843200 0.971946
vt 0.843200 0.850450
vt 0.826361 0.835396
vt 0.826417 0.956892
vt 0.826417 0.835396
vt 0.826193 0.956892
vt 0.826193 0.835396
vt 0.826267 0.882956
vt 0.826267 0.927291
vt 0.826305 0.956892
vt 0.842921 0.850450
vt 0.842921 0.971946
vt 0.842936 0.898011
vt 0.842809 0.850450
vt 0.842864 0.971946
vt 0.842864 0.850450
vt 0.842753 0.971946
vt 0.825857 0.835396
vt 0.825912 0.956892
vt 0.825912 0.835396
vt 0.843649 0.971946
vt 0.843593 0.850450
vt 0.843649 0.850450
vt 0.833410 0.908555
vt 0.833410 0.826979
vt 0.820304 0.905204
vt 0.820266 0.816168
vt 0.820266 0.908667
vt 0.820381 0.898118
vt 0.820343 0.816168
vt 0.820381 0.816168
vt 0.820081 0.859693
vt 0.820051 0.955447
vt 0.820051 0.859693
vt 0.833367 0.826979
vt 0.833367 0.904607
vt 0.833619 0.972824
vt 0.833652 0.874407
vt 0.833620 0.874407
vt 0.834097 0.908467
vt 0.834097 0.826979
vt 0.820458 0.891032
vt 0.820420 0.816168
vt 0.820458 0.816168
vt 0.834138 0.826979
vt 0.834138 0.904695
vt 0.820535 0.883946
vt 0.820497 0.816168
vt 0.820535 0.816168
vt 0.834222 0.896929
vt 0.834181 0.826979
vt 0.834222 0.826979
vt 0.833929 0.826979
vt 0.833970 0.920137
vt 0.833970 0.826979
vt 0.833785 0.874407
vt 0.833755 0.957229
vt 0.833755 0.874407
vt 0.819904 0.816168
vt 0.819866 0.894575
vt 0.819866 0.816168
vt 0.833326 0.900834
vt 0.833326 0.826979
vt 0.819827 0.816168
vt 0.819789 0.887489
vt 0.819789 0.816168
vt 0.833686 0.984581
vt 0.833686 0.874407
vt 0.819750 0.816168
vt 0.819712 0.880363
vt 0.819712 0.816168
vt 0.833496 0.916448
vt 0.833535 0.826979
vt 0.833496 0.826979
vt 0.833753 0.957229
vt 0.833720 0.874407
vt 0.833753 0.874407
vt 0.820204 0.859693
vt 0.820204 0.960803
vt 0.820183 0.935701
vt 0.820205 0.859693
vt 0.820235 0.955447
vt 0.820205 0.960651
vt 0.833786 0.957229
vt 0.833786 0.874407
vt 0.833786 0.957229
vt 0.833753 0.957229
vt 0.833753 0.874407
vt 0.843605 0.850753
vt 0.843649 0.969981
vt 0.843649 0.850753
vt 0.826877 0.954927
vt 0.826845 0.913425
vt 0.826845 0.879160
vt 0.843515 0.969981
vt 0.843472 0.850753
vt 0.843515 0.850753
vt 0.826566 0.835698
vt 0.826566 0.954927
vt 0.826700 0.954927
vt 0.826659 0.835698
vt 0.826700 0.835698
vt 0.843386 0.850753
vt 0.843386 0.969981
vt 0.843378 0.894214
vt 0.843329 0.928480
vt 0.843338 0.928480
vt 0.843338 0.969981
vt 0.826522 0.835698
vt 0.843116 0.850753
vt 0.843116 0.969981
vt 0.826477 0.835698
vt 0.826477 0.954927
vt 0.826457 0.879160
vt 0.843135 0.894214
vt 0.843135 0.928480
vt 0.843116 0.969981
vt 0.843027 0.850753
vt 0.843027 0.969981
vt 0.826344 0.954927
vt 0.826301 0.835698
vt 0.826344 0.835698
vt 0.842706 0.922160
vt 0.842673 0.969981
vt 0.842716 0.969981
vt 0.826213 0.879160
vt 0.826213 0.913425
vt 0.826207 0.954927
vt 0.842934 0.969981
vt 0.842895 0.850753
vt 0.842934 0.850753
vt 0.826078 0.835698
vt 0.826078 0.954927
vt 0.826123 0.954927
vt 0.826079 0.835698
vt 0.826123 0.835698
vt 0.826035 0.954927
vt 0.826035 0.835698
vt 0.842761 0.969981
vt 0.842718 0.850753
vt 0.842761 0.850753
vt 0.825917 0.907106
vt 0.825945 0.954927
vt 0.825902 0.954927
vt 0.842628 0.969981
vt 0.842585 0.850753
vt 0.842628 0.850753
vt 0.826700 0.835698
vt 0.826700 0.954927
vt 0.843516 0.850753
vt 0.843516 0.969981
vt 0.843523 0.894214
vt 0.826744 0.835698
vt 0.826788 0.954927
vt 0.826788 0.835698
vt 0.826567 0.835698
vt 0.826567 0.954927
vt 0.843387 0.850753
vt 0.843427 0.969981
vt 0.843427 0.850753
vt 0.843378 0.928480
vt 0.843250 0.850753
vt 0.843293 0.969981
vt 0.843293 0.850753
vt 0.826036 0.835698
vt 0.843184 0.894214
vt 0.843184 0.928480
vt 0.843205 0.969981
vt 0.826390 0.835698
vt 0.826390 0.954927
vt 0.826407 0.879160
vt 0.843073 0.850753
vt 0.842850 0.969981
vt 0.842850 0.850753
vt 0.842990 0.894214
vt 0.842990 0.928480
vt 0.826207 0.835698
vt 0.842895 0.850753
vt 0.826123 0.835698
vt 0.826167 0.954927
vt 0.826167 0.835698
vt 0.825903 0.835698
vt 0.825945 0.835698
vt 0.826028 0.876942
vt 0.826028 0.918353
vt 0.826034 0.954927
vt 0.842673 0.850753
vt 0.842673 0.969981
vt 0.842697 0.891997
vt 0.826256 0.913425
vt 0.826256 0.954927
vt 0.842584 0.850753
vt 0.842628 0.969981
vt 0.842628 0.850753
vt 0.819750 0.883888
vt 0.833686 0.984461
vt 0.820266 0.950013
vt 0.820266 0.816168
vt 0.833619 0.972824
vt 0.833619 0.826979
vt 0.820458 0.816168
vt 0.820458 0.890974
vt 0.834055 0.912352
vt 0.833493 0.826979
vt 0.833453 0.912563
vt 0.833453 0.826979
vt 0.833971 0.826979
vt 0.834013 0.916252
vt 0.833971 0.920074
vt 0.820304 0.905146
vt 0.834013 0.916189
vt 0.834013 0.826979
vt 0.833452 0.826979
vt 0.833452 0.912392
vt 0.834181 0.900770
vt 0.833820 0.984461
vt 0.833367 0.826979
vt 0.820460 0.816168
vt 0.820460 0.890817
vt 0.820145 0.816168
vt 0.820173 0.935701
vt 0.820145 0.935701
vt 0.820497 0.887431
vt 0.826922 0.956892
vt 0.826866 0.835396
vt 0.826922 0.835396
vt 0.826837 0.927291
vt 0.843481 0.850450
vt 0.826641 0.956892
vt 0.826641 0.835396
vt 0.826418 0.835396
vt 0.826473 0.956892
vt 0.826473 0.835396
vt 0.826193 0.835396
vt 0.826081 0.835396
vt 0.826137 0.956892
vt 0.826137 0.835396
vt 0.825913 0.835396
vt 0.842584 0.850450
vt 0.843592 0.850450
vt 0.826778 0.927291
vt 0.843425 0.850450
vt 0.843088 0.971946
vt 0.843033 0.850450
vt 0.843088 0.850450
vt 0.842936 0.942345
vt 0.826137 0.835396
vt 0.842651 0.898011
vt 0.842651 0.942345
vt 0.842640 0.971946
vt 0.825857 0.835396
vt 0.833494 0.916277
vt 0.833494 0.826979
vt 0.820081 0.960651
vt 0.833536 0.920137
vt 0.833577 0.826979
vt 0.833536 0.826979
vt 0.834054 0.826979
vt 0.834054 0.912416
vt 0.820458 0.891032
vt 0.833886 0.874407
vt 0.833887 0.972824
vt 0.833410 0.908555
vt 0.833451 0.826979
vt 0.820204 0.960803
vt 0.833720 0.957229
vt 0.820174 0.935701
vt 0.820174 0.859693
vt 0.820235 0.859693
vt 0.833686 0.984581
vt 0.833706 0.957229
vt 0.833929 0.923910
vt 0.826701 0.835698
vt 0.826742 0.954927
vt 0.826742 0.835698
vt 0.826744 0.835698
vt 0.826744 0.954927
vt 0.843294 0.969981
vt 0.843329 0.894214
vt 0.843206 0.850753
vt 0.843249 0.969981
vt 0.843249 0.850753
vt 0.826457 0.913425
vt 0.843116 0.850753
vt 0.826301 0.954927
vt 0.842894 0.850753
vt 0.842894 0.969981
vt 0.825902 0.835698
vt 0.826877 0.954927
vt 0.843523 0.928480
vt 0.843250 0.969981
vt 0.826302 0.835698
vt 0.826522 0.954927
vt 0.826478 0.835698
vt 0.826522 0.835698
vt 0.843205 0.850753
vt 0.826407 0.913425
vt 0.842806 0.850753
vt 0.826034 0.835698
vt 0.842697 0.933407
vt 0.843605 0.850753
vt 0.843648 0.969981
vt 0.843648 0.850753
vt 0.820235 0.816168
vt 0.820235 0.955336
vt 0.833753 0.975364
vt 0.833753 0.996135
vt 0.820018 0.816168
vt 0.819983 0.905339
vt 0.819983 0.816168
vt 0.833887 0.927795
vt 0.819983 0.905290
vt 0.820019 0.816168
vt 0.819983 0.816168
vt 0.820460 0.816168
vt 0.820495 0.887574
vt 0.820495 0.816168
vt 0.834053 0.912563
vt 0.834013 0.916213
vt 0.834013 0.826979
vt 0.833972 0.826979
vt 0.833327 0.900927
vt 0.833327 0.826979
vt 0.833367 0.904631
vt 0.833409 0.908492
vt 0.833453 0.912509
vt 0.833453 0.826979
vt 0.819866 0.894517
vt 0.833493 0.916213
vt 0.833535 0.920074
vt 0.833722 0.957228
vt 0.833722 0.826979
vt 0.819981 0.905146
vt 0.820082 0.816168
vt 0.833619 0.972975
vt 0.820236 0.816168
vt 0.820236 0.955132
vt 0.820112 0.952344
vt 0.820112 0.966118
vt 0.820112 0.935701
vt 0.820112 0.816168
vt 0.820266 0.950170
vt 0.833787 0.957228
vt 0.833787 0.826979
vt 0.833820 0.826979
vt 0.833787 0.975364
vt 0.833787 0.990298
vt 0.820173 0.816168
vt 0.843593 0.971946
vt 0.843536 0.942345
vt 0.843536 0.971946
vt 0.826810 0.882956
vt 0.826810 0.835396
vt 0.826698 0.956892
vt 0.826639 0.956892
vt 0.826587 0.835396
vt 0.826639 0.835396
vt 0.843369 0.971946
vt 0.843256 0.942345
vt 0.843256 0.971946
vt 0.826530 0.882956
vt 0.826530 0.835396
vt 0.826471 0.956892
vt 0.826471 0.835396
vt 0.826418 0.956892
vt 0.826359 0.956892
vt 0.826307 0.835396
vt 0.826359 0.835396
vt 0.843089 0.971946
vt 0.843032 0.850450
vt 0.826081 0.956892
vt 0.826249 0.927291
vt 0.826249 0.956892
vt 0.842977 0.898011
vt 0.842977 0.850450
vt 0.842865 0.971946
vt 0.826083 0.835396
vt 0.826025 0.835396
vt 0.825969 0.927291
vt 0.825969 0.956892
vt 0.825969 0.882956
vt 0.825969 0.835396
vt 0.842638 0.971946
vt 0.842584 0.850450
vt 0.842638 0.850450
vt 0.826921 0.835396
vt 0.826867 0.956892
vt 0.826809 0.882956
vt 0.826809 0.835396
vt 0.843537 0.942345
vt 0.843537 0.971946
vt 0.843479 0.971946
vt 0.843479 0.850450
vt 0.843425 0.971946
vt 0.843314 0.850450
vt 0.843367 0.971946
vt 0.843367 0.850450
vt 0.826642 0.956892
vt 0.843256 0.898011
vt 0.843256 0.850450
vt 0.826530 0.927291
vt 0.826530 0.956892
vt 0.843145 0.971946
vt 0.843087 0.971946
vt 0.843087 0.850450
vt 0.826361 0.956892
vt 0.826305 0.835396
vt 0.843033 0.971946
vt 0.842976 0.898011
vt 0.842976 0.850450
vt 0.826249 0.927291
vt 0.826249 0.956892
vt 0.826191 0.956892
vt 0.826191 0.835396
vt 0.826137 0.956892
vt 0.842754 0.850450
vt 0.842807 0.971946
vt 0.842807 0.850450
vt 0.842809 0.971946
vt 0.842640 0.850450
vt 0.842696 0.898011
vt 0.842696 0.850450
vt 0.825969 0.927291
vt 0.825969 0.956892
vt 0.842642 0.850450
vt 0.842642 0.971946
vt 0.834181 0.900746
vt 0.820020 0.859587
vt 0.820019 0.908667
vt 0.833854 0.874407
vt 0.833327 0.900968
vt 0.833327 0.826979
vt 0.833753 0.957229
vt 0.833720 0.957229
vt 0.820304 0.816168
vt 0.820142 0.952345
vt 0.820142 0.971364
vt 0.819982 0.816168
vt 0.819982 0.905204
vt 0.834015 0.826979
vt 0.834052 0.912587
vt 0.834052 0.826979
vt 0.833931 0.826979
vt 0.833969 0.920271
vt 0.833931 0.923776
vt 0.820343 0.901581
vt 0.834015 0.826979
vt 0.820420 0.894495
vt 0.834137 0.904829
vt 0.834099 0.826979
vt 0.834137 0.826979
vt 0.820497 0.887408
vt 0.833577 0.923910
vt 0.819984 0.905362
vt 0.833535 0.920050
vt 0.833537 0.920271
vt 0.833537 0.826979
vt 0.819904 0.898038
vt 0.833495 0.916411
vt 0.833495 0.826979
vt 0.833451 0.912328
vt 0.819827 0.890952
vt 0.833411 0.908689
vt 0.833411 0.826979
vt 0.833365 0.826979
vt 0.819750 0.883865
vt 0.833706 0.975364
vt 0.833719 0.975364
vt 0.833688 0.984835
vt 0.833719 0.957229
vt 0.833719 0.874407
vt 0.826877 0.835698
vt 0.833719 0.990252
vt 0.820183 0.952345
vt 0.820174 0.952345
vt 0.820202 0.961101
vt 0.833786 0.975364
vt 0.833786 0.990418
vt 0.833854 0.978578
vt 0.833652 0.978578
vt 0.833652 0.978578
vt 0.820020 0.816168
vt 0.826876 0.954927
vt 0.843607 0.850753
vt 0.843560 0.969981
vt 0.843560 0.928480
vt 0.826833 0.835698
vt 0.826833 0.879160
vt 0.826742 0.954927
vt 0.826702 0.835698
vt 0.826742 0.835698
vt 0.843472 0.969981
vt 0.826659 0.954927
vt 0.843338 0.928480
vt 0.843339 0.894214
vt 0.843339 0.850753
vt 0.826565 0.954927
vt 0.826565 0.835698
vt 0.843294 0.850753
vt 0.843247 0.969981
vt 0.843247 0.850753
vt 0.826522 0.954927
vt 0.843206 0.969981
vt 0.843160 0.969981
vt 0.843160 0.928480
vt 0.826434 0.879160
vt 0.826434 0.835698
vt 0.843114 0.969981
vt 0.843114 0.850753
vt 0.826343 0.954927
vt 0.826343 0.835698
vt 0.843073 0.969981
vt 0.843025 0.969981
vt 0.842851 0.850753
vt 0.842893 0.969981
vt 0.842893 0.850753
vt 0.842984 0.894214
vt 0.842984 0.850753
vt 0.842892 0.969981
vt 0.842892 0.850753
vt 0.842895 0.969981
vt 0.842851 0.969981
vt 0.826076 0.954927
vt 0.826037 0.835698
vt 0.826076 0.835698
vt 0.826079 0.954927
vt 0.826877 0.835698
vt 0.842718 0.969981
vt 0.825945 0.907106
vt 0.826875 0.954927
vt 0.843605 0.969981
vt 0.843560 0.894214
vt 0.843560 0.850753
vt 0.826833 0.913425
vt 0.826833 0.954927
vt 0.826744 0.954927
vt 0.826478 0.954927
vt 0.843387 0.969981
vt 0.826611 0.835698
vt 0.826611 0.879160
vt 0.843339 0.928480
vt 0.843339 0.969981
vt 0.826601 0.913425
vt 0.826611 0.913425
vt 0.826611 0.954927
vt 0.843251 0.850753
vt 0.826480 0.835698
vt 0.826433 0.835698
vt 0.826433 0.879160
vt 0.843161 0.928480
vt 0.843161 0.969981
vt 0.826303 0.835698
vt 0.826256 0.835698
vt 0.826256 0.879160
vt 0.842984 0.928480
vt 0.842984 0.969981
vt 0.842895 0.969981
vt 0.842848 0.969981
vt 0.842848 0.850753
vt 0.826123 0.954927
vt 0.842806 0.969981
vt 0.842717 0.850753
vt 0.842717 0.891997
vt 0.825990 0.918353
vt 0.825990 0.954927
vt 0.825904 0.835698
vt 0.825943 0.954927
vt 0.825943 0.835698
vt 0.820113 0.966160
vt 0.833753 0.975364
vt 0.833753 0.996089
vt 0.820174 0.966007
vt 0.820113 0.952345
vt 0.826249 0.882956
vt 0.826249 0.835396
vt 0.825969 0.882956
vt 0.825969 0.835396
vt 0.843536 0.898011
vt 0.843536 0.850450
vt 0.826810 0.927291
vt 0.826810 0.956892
vt 0.842977 0.942345
vt 0.842977 0.971946
vt 0.826249 0.882956
vt 0.826249 0.835396
vt 0.842976 0.942345
vt 0.842976 0.971946
vt 0.843537 0.898011
vt 0.843537 0.850450
vt 0.826809 0.927291
vt 0.826809 0.956892
vt 0.842696 0.942345
vt 0.842696 0.971946
vt 0.820143 0.952344
vt 0.820143 0.971406
vt 0.820112 0.952344
vt 0.820112 0.966050
vt 0.833786 0.990372
vt 0.833786 0.975364
vt 0.843338 0.894214
vt 0.843338 0.850753
vt 0.826256 0.879160
vt 0.826256 0.835698
vt 0.843160 0.894214
vt 0.843160 0.850753
vt 0.826434 0.913425
vt 0.826434 0.954927
vt 0.843339 0.928480
vt 0.843560 0.928480
vt 0.843161 0.894214
vt 0.843161 0.850753
vt 0.826433 0.913425
vt 0.826433 0.954927
vt 0.826833 0.879160
vt 0.826833 0.835698
vt 0.826601 0.879160
vt 0.842717 0.933407
vt 0.842717 0.969981
vt 0.825990 0.876942
vt 0.825990 0.835698
vt 0.842673 0.922160
vt 0.825917 0.835698
vt 0.842706 0.850753
vt 0.820143 0.816168
vt 0.842584 0.971946
vt 0.842584 0.971946
vt 0.825857 0.956892
vt 0.833753 0.957229
vt 0.833969 0.826979
vt 0.834015 0.916055
vt 0.834099 0.908334
vt 0.833688 0.874407
vt 0.833785 0.957229
vt 0.833885 0.874407
vt 0.833885 0.973078
vt 0.842584 0.969981
vt 0.842585 0.969981
vt 0.820019 0.908581
vt 0.820460 0.890866
vt 0.833972 0.919957
vt 0.833721 0.826979
vt 0.833721 0.957228
vt 0.833751 0.957228
vt 0.833751 0.826979
vt 0.826867 0.835396
vt 0.826866 0.956892
vt 0.843314 0.971946
vt 0.842754 0.971946
vt 0.826587 0.956892
vt 0.826307 0.956892
vt 0.826083 0.956892
vt 0.843607 0.969981
vt 0.826702 0.954927
vt 0.843025 0.850753
vt 0.826037 0.954927
vt 0.826875 0.835698
vt 0.826609 0.954927
vt 0.826609 0.913425
vt 0.826480 0.954927
vt 0.826303 0.954927
vt 0.825904 0.954927
vt 0.843605 0.969981
vt 0.820143 0.935701
vt 0.820018 0.908532
vt 0.834053 0.826979
vt 0.834015 0.916018
vt 0.819984 0.816168
vt 0.833365 0.904436
vt 0.820202 0.859693
vt 0.826701 0.954927
vt 0.826568 0.954927
vt 0.843251 0.969981
vt 0.826302 0.954927
vt 0.826254 0.913425
vt 0.826036 0.954927
vt 0.825903 0.954927
vt 0.820174 0.935701
vt 0.820176 0.859693
vt 0.843559 0.850753
vt 0.843560 0.894214
vt 0.843559 0.894214
vt 0.843560 0.850753
vt 0.711745 0.755336
vt 0.711170 0.668609
vt 0.711745 0.755336
vt 0.711968 0.751127
vt 0.711745 0.687537
vt 0.711736 0.693951
vt 0.711745 0.687537
vt 0.711170 0.668609
vt 0.712765 0.668609
vt 0.712190 0.755336
vt 0.712190 0.755336
vt 0.712190 0.687537
vt 0.712190 0.687537
vt 0.712765 0.668609
vt 0.832296 0.647491
vt 0.833683 0.763809
vt 0.833683 0.647491
vt 0.831376 0.765998
vt 0.833512 0.647466
vt 0.833512 0.766000
vt 0.831376 0.647466
vt 0.832296 0.763809
vt 0.831556 0.644986
vt 0.833743 0.644986
vt 0.833743 0.650934
vt 0.831556 0.650934
vt 0.831556 0.761066
vt 0.833743 0.761066
vt 0.833743 0.767013
vt 0.831556 0.767013
vt 0.831556 0.650934
vt 0.831644 0.650934
vt 0.831644 0.761066
vt 0.833655 0.761066
vt 0.833655 0.650934
vt 0.833743 0.650934
vt 0.824070 0.647009
vt 0.822051 0.647009
vt 0.822051 0.657407
vt 0.824070 0.657407
vt 0.824070 0.753025
vt 0.822051 0.753025
vt 0.822051 0.759987
vt 0.824070 0.759987
vt 0.822209 0.753025
vt 0.822209 0.657407
vt 0.823912 0.657407
vt 0.823912 0.753025
vt 0.822261 0.661337
vt 0.822261 0.749095
vt 0.823860 0.661337
vt 0.823860 0.749095
vt 0.823076 0.661337
vt 0.823045 0.749095
vt 0.823076 0.749095
vt 0.823045 0.661337
vt 0.824074 0.647009
vt 0.822055 0.647009
vt 0.822055 0.657407
vt 0.824074 0.657407
vt 0.824074 0.753025
vt 0.822055 0.753025
vt 0.822055 0.759987
vt 0.824074 0.759987
vt 0.822213 0.753025
vt 0.822213 0.657407
vt 0.823916 0.657407
vt 0.823916 0.753025
vt 0.822266 0.661337
vt 0.822266 0.749095
vt 0.823864 0.661337
vt 0.823864 0.749095
vt 0.823080 0.661337
vt 0.823049 0.749095
vt 0.823080 0.749095
vt 0.823049 0.661337
vt 0.824040 0.647009
vt 0.822022 0.647009
vt 0.822022 0.657407
vt 0.824040 0.657407
vt 0.824040 0.753025
vt 0.822022 0.753025
vt 0.822022 0.759987
vt 0.824040 0.759987
vt 0.822180 0.753025
vt 0.822180 0.657407
vt 0.823883 0.657407
vt 0.823883 0.753025
vt 0.822232 0.661337
vt 0.822232 0.749095
vt 0.823830 0.661337
vt 0.823830 0.749095
vt 0.823046 0.661337
vt 0.823016 0.749095
vt 0.823046 0.749095
vt 0.823016 0.661337
vt 0.824007 0.647009
vt 0.821988 0.647009
vt 0.821988 0.657407
vt 0.824007 0.657407
vt 0.824007 0.753025
vt 0.821988 0.753025
vt 0.821988 0.759987
vt 0.824007 0.759987
vt 0.822146 0.753025
vt 0.822146 0.657407
vt 0.823849 0.657407
vt 0.823849 0.753025
vt 0.822199 0.661337
vt 0.822199 0.749095
vt 0.823797 0.661337
vt 0.823797 0.749095
vt 0.823013 0.661337
vt 0.822982 0.749095
vt 0.823013 0.749095
vt 0.822982 0.661337
vt 0.699916 0.944957
vt 0.699625 0.838353
vt 0.699916 0.838353
vt 0.699625 0.944957
vt 0.705687 0.842003
vt 0.706828 0.945400
vt 0.706828 0.842003
vt 0.705687 0.945400
vt 0.705680 0.945400
vt 0.706822 0.842003
vt 0.705680 0.842003
vt 0.706822 0.945400
vt 0.823856 0.648735
vt 0.822134 0.648735
vt 0.822134 0.656870
vt 0.823856 0.656870
vt 0.823856 0.751472
vt 0.822134 0.751472
vt 0.822134 0.756919
vt 0.823856 0.756919
vt 0.822292 0.751472
vt 0.822292 0.656870
vt 0.823699 0.656870
vt 0.823699 0.751472
vt 0.822344 0.659945
vt 0.822344 0.748397
vt 0.823646 0.659945
vt 0.823646 0.748397
vt 0.824009 0.648735
vt 0.822286 0.648735
vt 0.822286 0.656870
vt 0.824009 0.656870
vt 0.824009 0.751472
vt 0.822286 0.751472
vt 0.822286 0.756919
vt 0.824009 0.756919
vt 0.822444 0.751472
vt 0.822444 0.656870
vt 0.823851 0.656870
vt 0.823851 0.751472
vt 0.822496 0.659945
vt 0.822496 0.748397
vt 0.823798 0.659945
vt 0.823798 0.748397
vt 0.823968 0.648735
vt 0.822245 0.648735
vt 0.822245 0.656870
vt 0.823968 0.656870
vt 0.823968 0.751472
vt 0.822245 0.751472
vt 0.822245 0.756919
vt 0.823968 0.756919
vt 0.822403 0.751472
vt 0.822403 0.656870
vt 0.823810 0.656870
vt 0.823810 0.751472
vt 0.822455 0.659945
vt 0.822455 0.748397
vt 0.823757 0.659945
vt 0.823757 0.748397
vt 0.823994 0.648735
vt 0.822272 0.648735
vt 0.822272 0.656870
vt 0.823994 0.656870
vt 0.823994 0.751472
vt 0.822272 0.751472
vt 0.822272 0.756919
vt 0.823994 0.756919
vt 0.822430 0.751472
vt 0.822430 0.656870
vt 0.823837 0.656870
vt 0.823837 0.751472
vt 0.822482 0.659945
vt 0.822482 0.748397
vt 0.823784 0.659945
vt 0.823784 0.748397
vt 0.823981 0.648861
vt 0.822178 0.648861
vt 0.822178 0.656109
vt 0.823981 0.656109
vt 0.823981 0.760493
vt 0.822178 0.760493
vt 0.822178 0.765346
vt 0.823981 0.765346
vt 0.822319 0.760493
vt 0.822319 0.656109
vt 0.822178 0.760493
vt 0.823981 0.760493
vt 0.823840 0.656109
vt 0.823840 0.760493
vt 0.822365 0.757754
vt 0.823794 0.757754
vt 0.823794 0.658848
vt 0.822365 0.658848
vt 0.823817 0.702124
vt 0.822342 0.699759
vt 0.822342 0.702124
vt 0.823817 0.699759
vt 0.706828 0.945399
vt 0.705687 0.945399
vt 0.705680 0.945399
vt 0.706822 0.945399
vt 0.699538 0.944397
vt 0.700388 0.840611
vt 0.699538 0.840611
vt 0.700388 0.944397
vt 0.833512 0.647456
vt 0.831376 0.765988
vt 0.833512 0.765991
vt 0.831376 0.647456
vt 0.831556 0.644986
vt 0.833743 0.644986
vt 0.833743 0.650934
vt 0.831556 0.650934
vt 0.831556 0.761065
vt 0.833743 0.761065
vt 0.833743 0.767013
vt 0.831556 0.767013
vt 0.831644 0.650934
vt 0.831644 0.761065
vt 0.833655 0.761065
vt 0.833655 0.650934
vt 0.866095 0.896760
vt 0.866095 0.816172
vt 0.866391 0.816172
vt 0.866391 0.896760
vt 0.868048 0.874693
vt 0.866369 0.825248
vt 0.868298 0.871278
vt 0.866368 0.814464
vt 0.866125 0.825029
vt 0.864438 0.874693
vt 0.864188 0.871278
vt 0.866118 0.814464
vt 0.866369 0.825248
vt 0.866125 0.825029
vt 0.866095 0.896760
vt 0.866095 0.816172
vt 0.866391 0.816172
vt 0.866391 0.896760
vt 0.868298 0.871278
vt 0.866368 0.814465
vt 0.864188 0.871278
vt 0.866118 0.814465
vt 0.864186 0.816282
vt 0.868300 0.809092
vt 0.864186 0.809092
vt 0.868300 0.816282
vt 0.864186 0.816282
vt 0.868300 0.816282
vt 0.191148 0.831104
vt 0.191190 0.811684
vt 0.191148 0.831104
vt 0.196462 0.878043
vt 0.196591 0.858623
vt 0.196462 0.878043
vt 0.191062 0.870549
vt 0.191104 0.851129
vt 0.191062 0.870549
vt 0.864989 0.779330
vt 0.864828 0.610705
vt 0.864989 0.610705
vt 0.865155 0.779330
vt 0.864994 0.610705
vt 0.865155 0.610705
vt 0.865487 0.779330
vt 0.865327 0.610705
vt 0.865487 0.610705
vt 0.864823 0.779330
vt 0.864661 0.610705
vt 0.864823 0.610705
vt 0.864656 0.779330
vt 0.864495 0.610705
vt 0.864656 0.610705
vt 0.190933 0.929717
vt 0.190975 0.910296
vt 0.190933 0.929717
vt 0.190976 0.909994
vt 0.191018 0.890574
vt 0.190976 0.909994
vt 0.196201 0.917488
vt 0.196330 0.898068
vt 0.196201 0.917488
vt 0.195808 0.976807
vt 0.195937 0.957236
vt 0.195808 0.976808
vt 0.865322 0.779330
vt 0.865160 0.610705
vt 0.865322 0.610705
vt 0.191148 0.831951
vt 0.191190 0.811683
vt 0.865157 0.779330
vt 0.865318 0.779330
vt 0.195939 0.958084
vt 0.195937 0.957236
vt 0.864820 0.779330
vt 0.864820 0.610705
vt 0.864991 0.610705
vt 0.864991 0.779330
vt 0.865152 0.779330
vt 0.190976 0.910842
vt 0.190976 0.910842
vt 0.864825 0.610705
vt 0.864828 0.779330
vt 0.864825 0.779330
vt 0.865323 0.610705
vt 0.865323 0.779330
vt 0.190976 0.911145
vt 0.190975 0.910296
vt 0.190976 0.911144
vt 0.864986 0.779330
vt 0.864986 0.610705
vt 0.196202 0.918336
vt 0.196202 0.918336
vt 0.864994 0.779330
vt 0.864658 0.610705
vt 0.195809 0.977655
vt 0.195809 0.977655
vt 0.864658 0.779330
vt 0.191019 0.891422
vt 0.191018 0.890574
vt 0.191019 0.891421
vt 0.865152 0.610705
vt 0.864492 0.610705
vt 0.864492 0.779330
vt 0.864653 0.779330
vt 0.191062 0.871397
vt 0.191062 0.871397
vt 0.865157 0.610705
vt 0.865160 0.779330
vt 0.196331 0.898916
vt 0.196330 0.898068
vt 0.196331 0.898916
vt 0.865318 0.610705
vt 0.196464 0.878891
vt 0.196464 0.878891
vt 0.865327 0.779330
vt 0.190933 0.930565
vt 0.190933 0.930564
vt 0.191105 0.851977
vt 0.191104 0.851128
vt 0.191105 0.851976
vt 0.864653 0.610705
vt 0.191148 0.831952
vt 0.864661 0.779330
vt 0.196592 0.859471
vt 0.196591 0.858623
vt 0.196592 0.859471
vt 0.864495 0.779330
vt 0.191191 0.812531
vt 0.191191 0.812531
vt 0.190323 0.811684
vt 0.190366 0.831104
vt 0.190366 0.831104
vt 0.194216 0.858623
vt 0.194345 0.878043
vt 0.194345 0.878043
vt 0.190409 0.851129
vt 0.190452 0.870549
vt 0.190452 0.870549
vt 0.866147 0.610705
vt 0.865986 0.779330
vt 0.865986 0.610705
vt 0.865980 0.610705
vt 0.865819 0.779330
vt 0.865819 0.610705
vt 0.865648 0.610705
vt 0.866313 0.610705
vt 0.866152 0.779330
vt 0.866152 0.610705
vt 0.866479 0.610705
vt 0.866318 0.779330
vt 0.866318 0.610705
vt 0.190538 0.910296
vt 0.190581 0.929717
vt 0.190581 0.929717
vt 0.190495 0.890574
vt 0.190538 0.909994
vt 0.190538 0.909994
vt 0.194478 0.898068
vt 0.194606 0.917488
vt 0.194606 0.917488
vt 0.194870 0.957236
vt 0.195000 0.976807
vt 0.195000 0.976808
vt 0.865814 0.610705
vt 0.865653 0.779330
vt 0.865653 0.610705
vt 0.190365 0.831951
vt 0.190323 0.811683
vt 0.190323 0.812531
vt 0.865817 0.779330
vt 0.865656 0.779330
vt 0.194870 0.957236
vt 0.194869 0.958084
vt 0.866155 0.779330
vt 0.866155 0.610705
vt 0.865984 0.610705
vt 0.865822 0.610705
vt 0.865984 0.779330
vt 0.865822 0.779330
vt 0.190537 0.910842
vt 0.190537 0.910842
vt 0.866147 0.779330
vt 0.866150 0.610705
vt 0.866150 0.779330
vt 0.865651 0.610705
vt 0.865651 0.779330
vt 0.190538 0.910296
vt 0.190538 0.911145
vt 0.190538 0.911144
vt 0.865989 0.779330
vt 0.865989 0.610705
vt 0.194605 0.918336
vt 0.194605 0.918336
vt 0.865980 0.779330
vt 0.866316 0.610705
vt 0.194999 0.977655
vt 0.194999 0.977655
vt 0.866316 0.779330
vt 0.190495 0.890574
vt 0.190495 0.891422
vt 0.190495 0.891421
vt 0.866483 0.610705
vt 0.866321 0.610705
vt 0.866483 0.779330
vt 0.866321 0.779330
vt 0.190451 0.871397
vt 0.190451 0.871397
vt 0.865814 0.779330
vt 0.865817 0.610705
vt 0.194478 0.898068
vt 0.194477 0.898916
vt 0.194477 0.898916
vt 0.865656 0.610705
vt 0.194344 0.878891
vt 0.194344 0.878891
vt 0.865648 0.779330
vt 0.190580 0.930565
vt 0.190580 0.930564
vt 0.190409 0.851128
vt 0.190409 0.851977
vt 0.190409 0.851976
vt 0.190365 0.831952
vt 0.866313 0.779330
vt 0.194216 0.858623
vt 0.194215 0.859471
vt 0.194215 0.859471
vt 0.866479 0.779330
vt 0.190323 0.812531
vt 0.223236 0.866298
vt 0.223236 0.858768
vt 0.231202 0.963971
vt 0.231202 0.963971
vt 0.231206 0.963971
vt 0.223236 0.941986
vt 0.223236 0.934496
vt 0.231202 0.956324
vt 0.231202 0.948833
vt 0.231202 0.956324
vt 0.231206 0.910989
vt 0.231206 0.918380
vt 0.231202 0.941186
vt 0.231202 0.933696
vt 0.223236 0.911711
vt 0.223236 0.904220
vt 0.231202 0.926048
vt 0.231202 0.918558
vt 0.231241 0.903342
vt 0.231206 0.903342
vt 0.223236 0.889004
vt 0.223236 0.881514
vt 0.231315 0.903342
vt 0.231583 0.895977
vt 0.231315 0.895977
vt 0.223236 0.873867
vt 0.223236 0.866376
vt 0.223349 0.860868
vt 0.223617 0.858768
vt 0.223617 0.957163
vt 0.223236 0.949634
vt 0.223236 0.957163
vt 0.231583 0.963971
vt 0.231206 0.963971
vt 0.223617 0.941986
vt 0.231583 0.956324
vt 0.231202 0.948833
vt 0.231583 0.941186
vt 0.231206 0.941186
vt 0.231315 0.939819
vt 0.231241 0.939819
vt 0.223275 0.904220
vt 0.231241 0.926048
vt 0.231202 0.918479
vt 0.231206 0.918479
vt 0.231206 0.918479
vt 0.223275 0.889004
vt 0.231202 0.903342
vt 0.223275 0.873867
vt 0.223240 0.858768
vt 0.223240 0.866298
vt 0.231583 0.971362
vt 0.231202 0.948755
vt 0.231206 0.948755
vt 0.231206 0.948755
vt 0.231206 0.948833
vt 0.231206 0.956324
vt 0.231206 0.956324
vt 0.231583 0.941264
vt 0.231206 0.941264
vt 0.231206 0.941086
vt 0.231583 0.941086
vt 0.223240 0.904220
vt 0.223240 0.911711
vt 0.231206 0.918558
vt 0.231206 0.926048
vt 0.223240 0.889004
vt 0.223240 0.889004
vt 0.223275 0.881614
vt 0.223240 0.881614
vt 0.231206 0.895851
vt 0.223240 0.866376
vt 0.223275 0.866376
vt 0.223275 0.867073
vt 0.223275 0.860868
vt 0.223240 0.949634
vt 0.223240 0.957163
vt 0.231206 0.971461
vt 0.231206 0.971461
vt 0.231202 0.971461
vt 0.223240 0.934496
vt 0.223240 0.934496
vt 0.231206 0.948833
vt 0.231202 0.948755
vt 0.231206 0.941186
vt 0.223275 0.911711
vt 0.231202 0.918479
vt 0.231241 0.895851
vt 0.231241 0.896548
vt 0.223240 0.873867
vt 0.231202 0.971336
vt 0.231583 0.964096
vt 0.231202 0.964096
vt 0.223617 0.949634
vt 0.223240 0.941986
vt 0.223617 0.934496
vt 0.223240 0.934596
vt 0.231583 0.948629
vt 0.231202 0.941264
vt 0.231202 0.948629
vt 0.231583 0.948833
vt 0.231206 0.933696
vt 0.223349 0.911711
vt 0.223617 0.911711
vt 0.231241 0.933696
vt 0.231315 0.926048
vt 0.231315 0.918683
vt 0.231315 0.918558
vt 0.231315 0.918479
vt 0.231583 0.918479
vt 0.231241 0.918558
vt 0.223349 0.889004
vt 0.223617 0.889004
vt 0.231241 0.910989
vt 0.231202 0.910989
vt 0.231583 0.903342
vt 0.223240 0.873867
vt 0.231315 0.895773
vt 0.231583 0.895773
vt 0.231202 0.895851
vt 0.223349 0.866298
vt 0.223617 0.866298
vt 0.231206 0.941264
vt 0.231206 0.948655
vt 0.231202 0.941264
vt 0.223240 0.881514
vt 0.223240 0.881514
vt 0.223275 0.881514
vt 0.223349 0.881514
vt 0.223617 0.881514
vt 0.231583 0.918558
vt 0.231315 0.888283
vt 0.231583 0.888283
vt 0.223275 0.866298
vt 0.231583 0.926048
vt 0.231202 0.918354
vt 0.231315 0.910989
vt 0.231583 0.910989
vt 0.231315 0.933696
vt 0.231583 0.933696
vt 0.231241 0.903216
vt 0.223240 0.873767
vt 0.231315 0.911089
vt 0.231315 0.895851
vt 0.231315 0.933795
vt 0.231241 0.918354
vt 0.223349 0.904220
vt 0.223349 0.881614
vt 0.231315 0.925923
vt 0.231583 0.918683
vt 0.223617 0.904220
vt 0.223240 0.888905
vt 0.231202 0.903216
vt 0.231583 0.895851
vt 0.231202 0.971461
vt 0.231202 0.903342
vt 0.231583 0.971336
vt 0.231583 0.971461
vt 0.231583 0.948755
vt 0.231241 0.918479
vt 0.231583 0.925923
vt 0.231206 0.964071
vt 0.231206 0.971361
vt 0.210504 0.865170
vt 0.210504 0.825147
vt 0.210489 0.865170
vt 0.210489 0.825147
vt 0.210598 0.825147
vt 0.210598 0.865170
vt 0.210613 0.865170
vt 0.210613 0.825147
vt 0.236969 0.924154
vt 0.237456 0.909813
vt 0.236969 0.909813
vt 0.236969 0.909392
vt 0.237456 0.895262
vt 0.236969 0.895262
vt 0.237456 0.924154
vt 0.237456 0.836636
vt 0.236969 0.822506
vt 0.237456 0.822506
vt 0.237456 0.909392
vt 0.242803 0.918697
vt 0.242244 0.902477
vt 0.242803 0.902477
vt 0.242803 0.901994
vt 0.242244 0.885773
vt 0.242803 0.885774
vt 0.237456 0.851608
vt 0.236969 0.865739
vt 0.236969 0.851608
vt 0.242803 0.835180
vt 0.242803 0.818718
vt 0.242244 0.835180
vt 0.242244 0.818718
vt 0.236969 0.836636
vt 0.242244 0.868587
vt 0.242803 0.852366
vt 0.242244 0.852366
vt 0.237456 0.865739
vt 0.242244 0.901994
vt 0.242803 0.885773
vt 0.242244 0.885774
vt 0.242244 0.918697
vt 0.242803 0.868587
vt 0.216666 0.938930
vt 0.217671 0.923109
vt 0.216666 0.923109
vt 0.231909 0.946892
vt 0.231025 0.946892
vt 0.217671 0.955109
vt 0.216666 0.955109
vt 0.216666 0.939169
vt 0.217671 0.939169
vt 0.217671 0.938930
vt 0.231025 0.930418
vt 0.231909 0.930418
vt 0.217671 0.906810
vt 0.216666 0.890989
vt 0.217671 0.890989
vt 0.231909 0.913447
vt 0.231025 0.896973
vt 0.231909 0.896973
vt 0.216666 0.874690
vt 0.217671 0.858750
vt 0.216666 0.858750
vt 0.216666 0.906810
vt 0.231025 0.913447
vt 0.231909 0.897426
vt 0.231025 0.897426
vt 0.217671 0.874690
vt 0.231025 0.946439
vt 0.231909 0.930871
vt 0.231025 0.930871
vt 0.217671 0.939604
vt 0.216666 0.939604
vt 0.231909 0.946439
vt 0.231038 0.947141
vt 0.231922 0.963614
vt 0.231922 0.947141
vt 0.217656 0.922870
vt 0.216651 0.922870
vt 0.216651 0.955109
vt 0.217656 0.955109
vt 0.217656 0.939169
vt 0.216651 0.939169
vt 0.231038 0.963614
vt 0.217656 0.907049
vt 0.216651 0.907049
vt 0.231922 0.913696
vt 0.231038 0.930169
vt 0.231038 0.913696
vt 0.217656 0.874929
vt 0.216651 0.890750
vt 0.216651 0.874929
vt 0.216651 0.858750
vt 0.217656 0.874690
vt 0.217656 0.858750
vt 0.231922 0.930169
vt 0.216651 0.875364
vt 0.217656 0.890750
vt 0.217656 0.875364
vt 0.216651 0.874690
vt 0.216651 0.907484
vt 0.217656 0.922435
vt 0.217656 0.907484
vt 0.216651 0.939604
vt 0.217656 0.939604
vt 0.210598 0.861262
vt 0.210504 0.861262
vt 0.204914 0.973366
vt 0.202725 0.814803
vt 0.204914 0.814803
vt 0.204921 0.973366
vt 0.204921 0.814803
vt 0.202733 0.814803
vt 0.202733 0.973366
vt 0.202725 0.973366
vt 0.236969 0.924154
vt 0.237456 0.909813
vt 0.236969 0.909813
vt 0.236969 0.909392
vt 0.237456 0.924154
vt 0.237456 0.909392
vt 0.237456 0.880290
vt 0.236969 0.866159
vt 0.237456 0.866159
vt 0.242803 0.869070
vt 0.242244 0.885290
vt 0.242244 0.869070
vt 0.242803 0.885290
vt 0.236969 0.880290
vt 0.242244 0.918697
vt 0.242803 0.918697
vt 0.217664 0.906810
vt 0.216659 0.906810
vt 0.216659 0.955109
vt 0.217664 0.939169
vt 0.216659 0.939169
vt 0.217664 0.955109
vt 0.231934 0.963614
vt 0.231050 0.947141
vt 0.231934 0.947141
vt 0.217664 0.922870
vt 0.216659 0.907049
vt 0.217664 0.907049
vt 0.216659 0.890989
vt 0.217664 0.890989
vt 0.231934 0.913447
vt 0.231050 0.896973
vt 0.231934 0.896973
vt 0.216659 0.874690
vt 0.217664 0.858750
vt 0.216659 0.858750
vt 0.231050 0.913447
vt 0.216659 0.922870
vt 0.217664 0.874690
vt 0.216659 0.906375
vt 0.217664 0.891424
vt 0.216659 0.891424
vt 0.231050 0.963614
vt 0.231934 0.947593
vt 0.231050 0.947593
vt 0.217664 0.906375
vt 0.217666 0.906810
vt 0.216661 0.906810
vt 0.216661 0.939169
vt 0.217666 0.955109
vt 0.217666 0.939169
vt 0.216661 0.955109
vt 0.231916 0.947141
vt 0.231032 0.963614
vt 0.231032 0.947141
vt 0.231916 0.930418
vt 0.231032 0.946892
vt 0.231032 0.930418
vt 0.217666 0.890989
vt 0.216661 0.890989
vt 0.231916 0.896973
vt 0.231032 0.913447
vt 0.231032 0.896973
vt 0.216661 0.858750
vt 0.217666 0.874690
vt 0.217666 0.858750
vt 0.231916 0.913447
vt 0.231916 0.946892
vt 0.216661 0.874690
vt 0.216661 0.891424
vt 0.217666 0.906375
vt 0.217666 0.891424
vt 0.231032 0.947593
vt 0.231916 0.963614
vt 0.231916 0.947593
vt 0.210506 0.865170
vt 0.210599 0.865170
vt 0.210599 0.861262
vt 0.210506 0.861262
vt 0.210506 0.825147
vt 0.210491 0.865170
vt 0.210491 0.825147
vt 0.210600 0.825147
vt 0.210600 0.865170
vt 0.210615 0.865170
vt 0.210615 0.825147
vt 0.202725 0.814802
vt 0.204914 0.814802
vt 0.204921 0.814802
vt 0.202733 0.814802
vt 0.242244 0.935401
vt 0.242803 0.919181
vt 0.242244 0.919181
vt 0.242803 0.851883
vt 0.242244 0.835663
vt 0.242803 0.835663
vt 0.242803 0.935401
vt 0.237456 0.894841
vt 0.236969 0.880711
vt 0.237456 0.880711
vt 0.242244 0.885773
vt 0.242803 0.885773
vt 0.237456 0.851608
vt 0.236969 0.851608
vt 0.237456 0.822085
vt 0.237456 0.807744
vt 0.236969 0.822085
vt 0.236969 0.807744
vt 0.242244 0.851883
vt 0.242244 0.868587
vt 0.236969 0.894841
vt 0.242803 0.868587
vt 0.231043 0.963614
vt 0.231927 0.947141
vt 0.231043 0.947141
vt 0.231927 0.946892
vt 0.231043 0.946892
vt 0.216663 0.954675
vt 0.217668 0.939169
vt 0.216663 0.939169
vt 0.217668 0.955109
vt 0.231927 0.963614
vt 0.231043 0.930418
vt 0.231927 0.930418
vt 0.217668 0.906810
vt 0.216663 0.890989
vt 0.217668 0.890989
vt 0.217668 0.890750
vt 0.216663 0.874929
vt 0.217668 0.874929
vt 0.231043 0.896724
vt 0.231927 0.880126
vt 0.231043 0.880126
vt 0.216663 0.906810
vt 0.216663 0.890750
vt 0.217668 0.875364
vt 0.216663 0.875364
vt 0.231927 0.896724
vt 0.231043 0.946439
vt 0.231927 0.930871
vt 0.231043 0.930871
vt 0.217668 0.954675
vt 0.231927 0.946439
vt 0.216663 0.955109
vt 0.231046 0.947141
vt 0.231930 0.963614
vt 0.231930 0.947141
vt 0.231930 0.946892
vt 0.231046 0.946892
vt 0.216665 0.939169
vt 0.217670 0.954675
vt 0.217670 0.939169
vt 0.216665 0.955109
vt 0.231046 0.963614
vt 0.231930 0.930418
vt 0.231046 0.930418
vt 0.217670 0.890989
vt 0.216665 0.906810
vt 0.216665 0.890989
vt 0.217670 0.874929
vt 0.216665 0.890750
vt 0.216665 0.874929
vt 0.231046 0.880126
vt 0.231930 0.896724
vt 0.231930 0.880126
vt 0.217670 0.906810
vt 0.216665 0.875364
vt 0.217670 0.890750
vt 0.217670 0.875364
vt 0.231046 0.896724
vt 0.231046 0.930871
vt 0.231930 0.946439
vt 0.231930 0.930871
vt 0.217670 0.955109
vt 0.210507 0.865170
vt 0.210600 0.865170
vt 0.210600 0.861262
vt 0.210507 0.861262
vt 0.210507 0.825147
vt 0.210491 0.865170
vt 0.210491 0.825147
vt 0.210600 0.825147
vt 0.210616 0.865170
vt 0.210616 0.825147
vt 0.237456 0.909813
vt 0.236969 0.909813
vt 0.236969 0.822506
vt 0.237456 0.822506
vt 0.237456 0.807744
vt 0.236969 0.807744
vt 0.236969 0.836636
vt 0.242803 0.852366
vt 0.242244 0.852366
vt 0.237456 0.836636
vt 0.242803 0.901994
vt 0.216677 0.923109
vt 0.217682 0.923109
vt 0.231047 0.980461
vt 0.231931 0.963863
vt 0.231047 0.963863
vt 0.231931 0.980461
vt 0.217682 0.938930
vt 0.231931 0.946892
vt 0.231047 0.930418
vt 0.231931 0.930418
vt 0.231931 0.930169
vt 0.231047 0.913696
vt 0.231931 0.913696
vt 0.217682 0.890750
vt 0.216677 0.874929
vt 0.217682 0.874929
vt 0.216677 0.874690
vt 0.217682 0.858750
vt 0.216677 0.858750
vt 0.231047 0.930169
vt 0.231047 0.946892
vt 0.217682 0.874690
vt 0.216677 0.890315
vt 0.216677 0.890750
vt 0.216677 0.938495
vt 0.217682 0.923544
vt 0.216677 0.923544
vt 0.217682 0.890315
vt 0.217682 0.938495
vt 0.216677 0.938930
vt 0.231923 0.947141
vt 0.231039 0.947141
vt 0.216679 0.939169
vt 0.217684 0.955109
vt 0.217684 0.939169
vt 0.216679 0.955109
vt 0.231039 0.963614
vt 0.217684 0.907049
vt 0.216679 0.922870
vt 0.216679 0.907049
vt 0.217684 0.890989
vt 0.216679 0.906810
vt 0.216679 0.890989
vt 0.231923 0.896973
vt 0.231039 0.913447
vt 0.231039 0.896973
vt 0.231039 0.880126
vt 0.231923 0.896724
vt 0.231923 0.880126
vt 0.217684 0.906810
vt 0.217684 0.922870
vt 0.231039 0.896724
vt 0.231923 0.912994
vt 0.231923 0.913447
vt 0.231039 0.947593
vt 0.231923 0.963161
vt 0.231923 0.947593
vt 0.231923 0.963614
vt 0.210506 0.865170
vt 0.210599 0.865170
vt 0.210599 0.861262
vt 0.210506 0.861262
vt 0.210506 0.825147
vt 0.210491 0.865170
vt 0.210491 0.825147
vt 0.210599 0.825147
vt 0.210615 0.865170
vt 0.210615 0.825147
vt 0.202547 0.973366
vt 0.204736 0.814803
vt 0.202547 0.814803
vt 0.202539 0.973366
vt 0.202539 0.814803
vt 0.204728 0.814803
vt 0.204728 0.973366
vt 0.204736 0.973366
vt 0.236974 0.909813
vt 0.237460 0.924154
vt 0.237460 0.909813
vt 0.236974 0.895262
vt 0.237460 0.909392
vt 0.237460 0.895262
vt 0.236974 0.924154
vt 0.242807 0.835663
vt 0.242249 0.851883
vt 0.242249 0.835663
vt 0.236974 0.909392
vt 0.242807 0.902477
vt 0.242249 0.918697
vt 0.242249 0.902477
vt 0.242807 0.885773
vt 0.242249 0.901994
vt 0.242249 0.885774
vt 0.236974 0.851608
vt 0.237460 0.865739
vt 0.236974 0.865739
vt 0.236974 0.807744
vt 0.236974 0.822085
vt 0.237460 0.822085
vt 0.237460 0.807744
vt 0.242807 0.851883
vt 0.242249 0.852366
vt 0.242807 0.868587
vt 0.242807 0.852366
vt 0.237460 0.851608
vt 0.242249 0.885773
vt 0.242807 0.901994
vt 0.242807 0.885774
vt 0.242807 0.918697
vt 0.242249 0.868587
vt 0.217671 0.923109
vt 0.216666 0.938930
vt 0.216666 0.923109
vt 0.231909 0.963863
vt 0.231025 0.980461
vt 0.231025 0.963863
vt 0.231909 0.980461
vt 0.217671 0.938930
vt 0.231025 0.930418
vt 0.231909 0.946892
vt 0.231909 0.930418
vt 0.216666 0.890989
vt 0.217671 0.906810
vt 0.217671 0.890989
vt 0.216666 0.874929
vt 0.217671 0.890750
vt 0.217671 0.874929
vt 0.231909 0.880126
vt 0.231025 0.896724
vt 0.231025 0.880126
vt 0.216666 0.906810
vt 0.217671 0.875364
vt 0.216666 0.890750
vt 0.216666 0.875364
vt 0.231909 0.896724
vt 0.231909 0.930871
vt 0.231025 0.946439
vt 0.231025 0.930871
vt 0.231025 0.946892
vt 0.231922 0.963614
vt 0.231038 0.947141
vt 0.231922 0.947141
vt 0.217655 0.955109
vt 0.216651 0.939169
vt 0.217655 0.939169
vt 0.216651 0.955109
vt 0.231038 0.963614
vt 0.216651 0.922870
vt 0.217655 0.907049
vt 0.216651 0.907049
vt 0.216651 0.906810
vt 0.217655 0.890989
vt 0.216651 0.890989
vt 0.231038 0.913447
vt 0.231922 0.896973
vt 0.231038 0.896973
vt 0.217655 0.874690
vt 0.216651 0.858750
vt 0.217655 0.858750
vt 0.217655 0.906810
vt 0.231922 0.913447
vt 0.231038 0.897426
vt 0.231922 0.897426
vt 0.216651 0.874690
vt 0.217655 0.922435
vt 0.216651 0.907484
vt 0.217655 0.907484
vt 0.216651 0.922435
vt 0.217655 0.922870
vt 0.210598 0.865170
vt 0.210505 0.865170
vt 0.210505 0.861262
vt 0.210598 0.861262
vt 0.210505 0.825147
vt 0.210489 0.865170
vt 0.210489 0.825147
vt 0.210598 0.825147
vt 0.210613 0.865170
vt 0.210613 0.825147
vt 0.242807 0.952346
vt 0.242249 0.935884
vt 0.242807 0.935884
vt 0.236974 0.895262
vt 0.237460 0.895262
vt 0.242249 0.952346
vt 0.236974 0.836636
vt 0.237460 0.822506
vt 0.236974 0.822506
vt 0.242249 0.918697
vt 0.242249 0.901994
vt 0.237460 0.865739
vt 0.236974 0.822085
vt 0.236974 0.807745
vt 0.237460 0.822085
vt 0.237460 0.807745
vt 0.237460 0.836636
vt 0.242807 0.868587
vt 0.236974 0.865739
vt 0.242807 0.901994
vt 0.242807 0.918697
vt 0.242249 0.868587
vt 0.236974 0.909813
vt 0.237460 0.924154
vt 0.237460 0.909813
vt 0.237460 0.909392
vt 0.236974 0.924154
vt 0.236974 0.909392
vt 0.237460 0.866159
vt 0.236974 0.880290
vt 0.236974 0.866159
vt 0.242249 0.869070
vt 0.242807 0.885290
vt 0.242249 0.885290
vt 0.242807 0.869070
vt 0.237460 0.880290
vt 0.242807 0.918697
vt 0.242249 0.918697
vt 0.231049 0.947141
vt 0.231933 0.947141
vt 0.217664 0.939169
vt 0.216659 0.955109
vt 0.216659 0.939169
vt 0.217664 0.955109
vt 0.231933 0.963614
vt 0.231049 0.930418
vt 0.231933 0.946892
vt 0.231933 0.930418
vt 0.216659 0.890989
vt 0.217664 0.906810
vt 0.217664 0.890989
vt 0.231049 0.896973
vt 0.231933 0.913447
vt 0.231933 0.896973
vt 0.217664 0.858750
vt 0.216659 0.874690
vt 0.216659 0.858750
vt 0.216659 0.906810
vt 0.231049 0.946892
vt 0.231933 0.897426
vt 0.231049 0.913447
vt 0.231049 0.897426
vt 0.217664 0.874690
vt 0.231933 0.947593
vt 0.231049 0.963161
vt 0.231049 0.947593
vt 0.231049 0.963614
vt 0.231915 0.947141
vt 0.231031 0.947141
vt 0.217666 0.955109
vt 0.216661 0.939169
vt 0.217666 0.939169
vt 0.216661 0.955109
vt 0.231031 0.963614
vt 0.216661 0.922870
vt 0.217666 0.907049
vt 0.216661 0.907049
vt 0.216661 0.906810
vt 0.217666 0.890989
vt 0.216661 0.890989
vt 0.231031 0.913447
vt 0.231915 0.896973
vt 0.231031 0.896973
vt 0.231915 0.896724
vt 0.231031 0.880126
vt 0.231915 0.880126
vt 0.217666 0.906810
vt 0.217666 0.922870
vt 0.231915 0.913447
vt 0.231031 0.897426
vt 0.231915 0.897426
vt 0.231031 0.896724
vt 0.231915 0.963161
vt 0.231031 0.947593
vt 0.231915 0.947593
vt 0.231031 0.963161
vt 0.231915 0.963614
vt 0.210506 0.865170
vt 0.210506 0.861262
vt 0.210600 0.861262
vt 0.210506 0.825147
vt 0.210491 0.865170
vt 0.210491 0.825147
vt 0.210600 0.865170
vt 0.210600 0.825147
vt 0.210615 0.865170
vt 0.210615 0.825147
vt 0.204736 0.814802
vt 0.202547 0.814802
vt 0.202539 0.814802
vt 0.204728 0.814802
vt 0.236974 0.895262
vt 0.237460 0.895262
vt 0.237460 0.822506
vt 0.236974 0.836636
vt 0.236974 0.822506
vt 0.242807 0.902477
vt 0.242249 0.902477
vt 0.237460 0.866159
vt 0.236974 0.866159
vt 0.242249 0.869070
vt 0.237460 0.836636
vt 0.242807 0.868587
vt 0.242249 0.869673
vt 0.242249 0.868587
vt 0.242807 0.869673
vt 0.242807 0.869070
vt 0.231927 0.947141
vt 0.231043 0.963614
vt 0.231043 0.947141
vt 0.231043 0.930418
vt 0.231927 0.930418
vt 0.217667 0.955109
vt 0.216662 0.955109
vt 0.216662 0.939169
vt 0.217667 0.939169
vt 0.231927 0.963614
vt 0.231927 0.946892
vt 0.216662 0.890989
vt 0.217667 0.906810
vt 0.217667 0.890989
vt 0.216662 0.874929
vt 0.217667 0.890750
vt 0.217667 0.874929
vt 0.231927 0.880126
vt 0.231043 0.896724
vt 0.231043 0.880126
vt 0.216662 0.890750
vt 0.231927 0.896724
vt 0.217667 0.891424
vt 0.216662 0.906810
vt 0.216662 0.891424
vt 0.231927 0.930871
vt 0.231043 0.946892
vt 0.231043 0.930871
vt 0.217667 0.939604
vt 0.216662 0.939604
vt 0.231930 0.963614
vt 0.231046 0.947141
vt 0.231930 0.947141
vt 0.231930 0.930418
vt 0.231046 0.930418
vt 0.216665 0.955109
vt 0.217670 0.955109
vt 0.217670 0.939169
vt 0.216665 0.939169
vt 0.231046 0.963614
vt 0.231046 0.946892
vt 0.216665 0.906810
vt 0.217670 0.890989
vt 0.216665 0.890989
vt 0.216665 0.890750
vt 0.217670 0.874929
vt 0.216665 0.874929
vt 0.231930 0.896724
vt 0.231046 0.880126
vt 0.231930 0.880126
vt 0.217670 0.890750
vt 0.231046 0.896724
vt 0.217670 0.906810
vt 0.216665 0.891424
vt 0.217670 0.891424
vt 0.231930 0.946892
vt 0.231046 0.930871
vt 0.231930 0.930871
vt 0.216665 0.939604
vt 0.217670 0.939604
vt 0.210600 0.865170
vt 0.210507 0.865170
vt 0.210507 0.861262
vt 0.210600 0.861262
vt 0.210507 0.825147
vt 0.210491 0.865170
vt 0.210491 0.825147
vt 0.210600 0.865170
vt 0.210600 0.825147
vt 0.210616 0.865170
vt 0.210616 0.825147
vt 0.236974 0.909813
vt 0.237460 0.909813
vt 0.242807 0.835663
vt 0.242249 0.835663
vt 0.236974 0.807744
vt 0.237460 0.807744
vt 0.242807 0.851883
vt 0.236974 0.837057
vt 0.237460 0.851187
vt 0.237460 0.837057
vt 0.242249 0.851883
vt 0.236974 0.851187
vt 0.236974 0.880290
vt 0.231047 0.947141
vt 0.231931 0.947141
vt 0.217682 0.939169
vt 0.216677 0.955109
vt 0.216677 0.939169
vt 0.217682 0.955109
vt 0.231931 0.963614
vt 0.216677 0.907049
vt 0.217682 0.922870
vt 0.217682 0.907049
vt 0.231047 0.913696
vt 0.231931 0.930169
vt 0.231931 0.913696
vt 0.216677 0.874929
vt 0.217682 0.890750
vt 0.217682 0.874929
vt 0.217682 0.858750
vt 0.216677 0.874690
vt 0.216677 0.858750
vt 0.216677 0.890750
vt 0.231047 0.930169
vt 0.216677 0.922870
vt 0.217682 0.874690
vt 0.231931 0.947593
vt 0.231047 0.963161
vt 0.231047 0.947593
vt 0.231047 0.963614
vt 0.231923 0.947141
vt 0.231039 0.947141
vt 0.217684 0.955109
vt 0.216679 0.939169
vt 0.217684 0.939169
vt 0.216679 0.955109
vt 0.231039 0.963614
vt 0.216679 0.922870
vt 0.217684 0.907049
vt 0.216679 0.907049
vt 0.231039 0.930169
vt 0.231923 0.913696
vt 0.231039 0.913696
vt 0.216679 0.890750
vt 0.217684 0.874929
vt 0.216679 0.874929
vt 0.217684 0.874690
vt 0.216679 0.858750
vt 0.217684 0.858750
vt 0.217684 0.890750
vt 0.231923 0.930169
vt 0.217684 0.922870
vt 0.216679 0.874690
vt 0.231923 0.963161
vt 0.231039 0.947593
vt 0.231923 0.947593
vt 0.231039 0.963161
vt 0.231923 0.963614
vt 0.210506 0.865170
vt 0.210506 0.861262
vt 0.210506 0.825147
vt 0.210491 0.865170
vt 0.210491 0.825147
vt 0.210599 0.865170
vt 0.210599 0.825147
vt 0.210615 0.865170
vt 0.210615 0.825147
vt 0.202547 0.973366
vt 0.202539 0.973366
vt 0.204728 0.973366
vt 0.204736 0.973366
vt 0.868080 0.816528
vt 0.868080 0.809026
vt 0.864223 0.809026
vt 0.864223 0.816528
vt 0.868080 0.816528
vt 0.868080 0.809026
vt 0.864223 0.809026
vt 0.864223 0.816528
vt 0.865800 0.809411
vt 0.865800 0.897926
vt 0.866814 0.897926
vt 0.866814 0.809411
vt 0.864495 0.610709
vt 0.864495 0.779327
vt 0.864404 0.779327
vt 0.864404 0.610709
vt 0.866480 0.779327
vt 0.866480 0.610709
vt 0.866571 0.610709
vt 0.866571 0.779327
vt 0.195751 0.977655
vt 0.195751 0.963452
vt 0.195751 0.963452
vt 0.195751 0.977655
vt 0.195913 0.963452
vt 0.195913 0.977655
vt 0.195913 0.963452
vt 0.195913 0.977655
vt 0.195057 0.963452
vt 0.195057 0.977655
vt 0.195057 0.963452
vt 0.194895 0.963452
vt 0.195057 0.977655
vt 0.194895 0.963452
vt 0.194895 0.977655
vt 0.194895 0.977655
vt 0.196710 0.841527
vt 0.196710 0.815685
vt 0.196710 0.815685
vt 0.196710 0.841526
vt 0.196768 0.815685
vt 0.196768 0.841526
vt 0.196768 0.815685
vt 0.196768 0.841527
vt 0.194098 0.815685
vt 0.194098 0.841527
vt 0.194098 0.815685
vt 0.194040 0.815685
vt 0.194098 0.841526
vt 0.194040 0.815685
vt 0.194040 0.841526
vt 0.194040 0.841527
vt 0.242803 0.935884
vt 0.242244 0.952346
vt 0.242244 0.935884
vt 0.237456 0.895262
vt 0.236969 0.895262
vt 0.242803 0.952346
vt 0.236969 0.822506
vt 0.237456 0.836636
vt 0.237456 0.822506
vt 0.242803 0.918697
vt 0.237456 0.880290
vt 0.242803 0.869070
vt 0.242244 0.885290
vt 0.242803 0.885290
vt 0.237456 0.807745
vt 0.237456 0.822085
vt 0.236969 0.822085
vt 0.236969 0.807745
vt 0.236969 0.836636
vt 0.242244 0.868587
vt 0.242244 0.869070
vt 0.236969 0.880290
vt 0.242244 0.918697
vt 0.242803 0.868587
vt 0.204914 0.973366
vt 0.204921 0.973366
vt 0.202733 0.973366
vt 0.202725 0.973366
vt 0.231202 0.981853
vt 0.231583 0.981853
vt 0.231583 0.979069
vt 0.231202 0.979069
vt 0.711406 0.947982
vt 0.712183 0.947982
vt 0.712183 0.946629
vt 0.711406 0.946629
vt 0.711406 0.946629
vt 0.711416 0.946629
vt 0.711416 0.839992
vt 0.711406 0.839992
vt 0.712174 0.946629
vt 0.712174 0.839992
vt 0.712183 0.839992
vt 0.858034 0.783047
vt 0.859803 0.607337
vt 0.859803 0.783047
vt 0.205217 0.815008
vt 0.203034 0.976036
vt 0.203034 0.815008
vt 0.205217 0.976036
vt 0.231571 0.979069
vt 0.231571 0.880674
vt 0.231583 0.880674
vt 0.210611 0.865134
vt 0.210495 0.865121
vt 0.210611 0.865121
vt 0.210495 0.862833
vt 0.210611 0.862846
vt 0.210611 0.862833
vt 0.210494 0.865134
vt 0.210494 0.862846
vt 0.210505 0.826383
vt 0.210505 0.862825
vt 0.210505 0.826362
vt 0.210495 0.862825
vt 0.210495 0.826383
vt 0.210495 0.826362
vt 0.210505 0.862846
vt 0.210495 0.862846
vt 0.210611 0.826362
vt 0.210611 0.862846
vt 0.210611 0.862868
vt 0.210601 0.862825
vt 0.210601 0.826383
vt 0.210601 0.826362
vt 0.210611 0.826383
vt 0.210601 0.862846
vt 0.594216 0.970774
vt 0.594215 0.809218
vt 0.591509 0.809218
vt 0.594216 0.981213
vt 0.594246 0.970774
vt 0.712126 0.718649
vt 0.826833 0.913425
vt 0.826434 0.913425
vt 0.843160 0.928480
vt 0.842716 0.850753
vt 0.825857 0.956892
vt 0.833719 0.957229
vt 0.833854 0.978578
vt 0.833706 0.957229
vt 0.820183 0.935701
vt 0.820176 0.935701
vt 0.826876 0.835698
vt 0.826568 0.835698
vt 0.826254 0.954927
vt 0.231583 0.933795
vt 0.223617 0.934596
vt 0.231583 0.911089
vt 0.223617 0.881614
vt 0.216651 0.922435
vt 0.216661 0.906375
vt 0.216665 0.954675
vt 0.231046 0.946439
vt 0.242244 0.901994
vt 0.231039 0.912994
vt 0.231039 0.963161
vt 0.231909 0.946439
vt 0.231933 0.963161
vt 0.237460 0.880290
vt 0.231931 0.963161
vt 0.858034 0.607337
vt 0.591509 0.991376
vt 0.594216 0.991376
vt 0.594246 0.981213
s 0
usemtl Texture_Map
f 89/41/11 95/42/11 93/43/11
f 90/44/12 96/45/12 92/46/12
f 97/47/12 102/48/12 101/49/12
f 96/45/13 97/47/13 92/46/13
f 102/48/14 100/49/14 101/49/14
f 95/42/15 102/48/15 98/42/15
f 91/47/11 99/48/11 95/42/11
f 95/42/16 103/43/16 93/43/16
f 103/43/16 96/45/16 94/43/16
f 109/50/11 107/51/11 111/52/11
f 108/53/12 106/54/12 104/55/12
f 113/52/17 107/51/17 112/56/17
f 106/54/12 115/57/12 114/58/12
f 115/57/17 116/58/17 114/58/17
f 112/56/11 117/59/11 113/52/11
f 106/54/18 116/58/18 112/56/18
f 113/52/19 115/57/19 110/60/19
f 111/52/20 119/53/20 109/50/20
f 119/53/20 110/60/20 108/53/20
f 106/54/21 118/55/21 104/55/21
f 118/55/21 107/51/21 105/55/21
f 122/61/11 127/62/11 126/63/11
f 121/64/12 124/65/12 120/66/12
f 126/63/19 133/67/19 129/68/19
f 125/69/17 128/65/17 124/65/17
f 133/67/17 131/70/17 132/71/17
f 127/62/11 130/67/11 126/63/11
f 129/68/12 132/71/12 128/65/12
f 128/65/18 131/70/18 127/62/18
f 124/65/21 134/66/21 120/66/21
f 134/66/21 127/62/21 123/66/21
f 135/61/20 125/69/20 121/64/20
f 126/63/20 135/61/20 122/61/20
f 138/72/11 143/73/11 142/74/11
f 137/75/12 140/76/12 136/77/12
f 144/76/18 147/78/18 143/73/18
f 141/79/17 144/76/17 140/76/17
f 149/80/17 147/78/17 148/78/17
f 142/74/22 149/80/22 145/79/22
f 143/73/11 146/80/11 142/74/11
f 144/76/12 149/80/12 148/78/12
f 150/77/21 143/73/21 139/77/21
f 140/76/21 150/77/21 136/77/21
f 151/72/20 141/79/20 137/75/20
f 142/74/23 151/72/23 138/72/23
f 160/81/17 159/82/17 161/83/17
f 152/84/12 158/83/12 156/85/12
f 153/84/11 159/82/11 155/86/11
f 154/87/12 162/88/12 158/83/12
f 163/89/17 165/88/17 162/88/17
f 158/83/18 165/88/18 161/83/18
f 160/81/11 165/88/11 164/89/11
f 160/81/22 163/89/22 154/87/22
f 166/84/20 154/87/20 152/84/20
f 155/86/20 166/84/20 153/84/20
f 167/90/21 159/82/21 157/90/21
f 158/83/21 167/90/21 156/85/21
f 169/91/11 170/92/11 168/93/11
f 172/94/12 173/95/12 174/96/12
f 173/95/12 177/97/12 174/96/12
f 175/95/15 176/98/15 173/95/15
f 176/98/13 179/97/13 177/97/13
f 175/95/11 179/97/11 178/99/11
f 174/96/24 179/97/24 180/96/24
f 175/95/13 181/100/13 180/96/13
f 180/96/25 172/94/25 174/96/25
f 181/100/25 183/94/25 180/96/25
f 170/92/26 182/101/26 168/93/26
f 175/95/27 171/101/27 182/101/27
f 187/102/11 186/103/11 184/104/11
f 189/105/12 191/106/12 190/107/12
f 191/106/13 192/108/13 190/107/13
f 192/108/24 195/109/24 188/108/24
f 193/103/12 194/109/12 192/108/12
f 196/110/13 195/109/13 194/109/13
f 186/103/15 196/110/15 193/103/15
f 186/103/11 195/109/11 197/110/11
f 199/102/28 188/108/28 187/102/28
f 189/105/28 192/108/28 199/102/28
f 191/106/20 198/104/20 193/103/20
f 186/103/20 198/104/20 184/104/20
f 202/111/11 89/41/11 200/112/11
f 90/44/12 203/113/12 201/112/12
f 97/47/12 206/114/12 204/111/12
f 97/47/29 203/113/29 92/46/29
f 100/49/30 206/114/30 101/49/30
f 206/114/31 202/111/31 204/111/31
f 205/114/11 91/47/11 202/111/11
f 207/112/32 202/111/32 200/112/32
f 203/113/32 207/112/32 201/112/32
f 213/115/11 211/116/11 209/117/11
f 210/118/12 212/119/12 208/117/12
f 211/116/33 217/120/33 216/121/33
f 210/118/12 219/122/12 214/123/12
f 220/124/33 219/122/33 218/124/33
f 221/125/11 216/121/11 217/120/11
f 220/124/34 210/118/34 216/121/34
f 219/122/35 217/120/35 214/123/35
f 223/119/36 215/120/36 213/115/36
f 214/123/36 223/119/36 212/119/36
f 222/117/37 210/118/37 208/117/37
f 211/116/37 222/117/37 209/117/37
f 226/126/11 231/127/11 227/128/11
f 228/129/12 225/130/12 224/128/12
f 237/131/38 230/132/38 233/133/38
f 232/129/33 229/134/33 228/129/33
f 235/135/33 237/131/33 236/136/33
f 234/131/11 231/127/11 230/132/11
f 236/136/12 233/133/12 232/129/12
f 235/135/34 232/129/34 231/127/34
f 238/128/37 228/129/37 224/128/37
f 231/127/37 238/128/37 227/128/37
f 229/134/36 239/126/36 225/130/36
f 239/126/36 230/132/36 226/126/36
f 242/137/11 247/138/11 243/139/11
f 244/140/12 241/141/12 240/139/12
f 251/142/39 248/140/39 247/138/39
f 248/140/33 245/143/33 244/140/33
f 251/142/33 253/144/33 252/142/33
f 253/144/35 246/145/35 249/143/35
f 250/144/11 247/138/11 246/145/11
f 248/140/12 253/144/12 249/143/12
f 247/138/37 254/139/37 243/139/37
f 254/139/37 244/140/37 240/139/37
f 245/143/36 255/137/36 241/141/36
f 255/137/36 246/145/36 242/137/36
f 263/146/33 264/147/33 265/148/33
f 262/148/12 256/149/12 260/150/12
f 257/149/11 263/146/11 261/151/11
f 266/152/12 258/153/12 262/148/12
f 269/152/33 267/154/33 266/152/33
f 269/152/34 262/148/34 265/148/34
f 264/147/11 269/152/11 265/148/11
f 267/154/38 264/147/38 258/153/38
f 258/153/36 270/149/36 256/149/36
f 270/149/36 259/155/36 257/149/36
f 263/146/37 271/151/37 261/151/37
f 271/151/37 262/148/37 260/150/37
f 274/156/11 273/157/11 272/158/11
f 276/159/12 277/160/12 275/161/12
f 281/162/12 277/160/12 278/163/12
f 280/164/31 279/160/31 277/160/31
f 283/162/29 280/164/29 281/162/29
f 279/160/11 283/162/11 284/163/11
f 283/162/40 278/163/40 284/163/40
f 285/165/29 279/160/29 284/163/29
f 276/159/41 284/163/41 278/163/41
f 287/159/41 285/165/41 284/163/41
f 286/161/42 274/156/42 272/158/42
f 275/161/43 279/160/43 286/161/43
f 290/166/11 291/167/11 288/168/11
f 293/169/12 295/170/12 289/171/12
f 296/172/29 295/170/29 294/173/29
f 299/174/40 296/172/40 292/172/40
f 298/174/12 297/166/12 296/172/12
f 299/174/29 300/175/29 298/174/29
f 300/175/31 290/166/31 297/166/31
f 290/166/11 299/174/11 292/172/11
f 292/172/44 303/167/44 291/167/44
f 296/172/44 293/169/44 303/167/44
f 302/168/36 295/170/36 297/166/36
f 302/168/36 290/166/36 288/168/36
f 308/176/11 339/177/11 307/178/11
f 366/179/11 363/180/11 362/181/11
f 1375/182/11 1389/183/11 379/184/11
f 312/185/11 338/186/11 326/187/11
f 368/188/11 1381/189/11 1366/190/11
f 367/191/45 787/192/45 361/192/45
f 333/193/45 1788/194/45 321/194/45
f 322/195/11 331/196/11 320/197/11
f 324/198/11 333/193/11 321/194/11
f 1618/199/46 775/200/46 1625/200/46
f 327/201/11 336/202/11 325/203/11
f 1638/204/45 732/205/45 1601/205/45
f 353/206/11 344/207/11 343/208/11
f 356/209/11 347/210/11 346/211/11
f 351/212/11 342/213/11 341/214/11
f 1637/215/46 1803/216/46 1894/215/46
f 358/217/11 349/218/11 348/219/11
f 318/220/11 305/221/11 304/222/11
f 374/223/11 377/224/11 372/225/11
f 1622/226/46 1800/227/46 1629/227/46
f 1612/228/45 741/229/45 1607/229/45
f 1604/230/45 1782/231/45 1603/231/45
f 319/232/11 329/233/11 317/234/11
f 1660/235/12 894/236/12 1643/236/12
f 390/237/46 418/238/46 1289/239/46
f 1291/240/46 1295/241/46 423/242/46
f 422/243/46 395/244/46 394/245/46
f 424/246/46 397/247/46 396/248/46
f 1692/249/11 828/250/11 1679/250/11
f 398/251/46 427/252/46 1285/253/46
f 1273/254/46 1271/255/46 430/256/46
f 1682/257/12 872/258/12 1697/258/12
f 431/259/46 404/260/46 403/261/46
f 1698/262/11 838/263/11 1685/263/11
f 434/264/46 1265/265/46 1259/266/46
f 1266/267/46 1268/268/46 438/269/46
f 437/270/46 410/271/46 409/272/46
f 1688/273/12 888/274/12 1703/274/12
f 441/275/46 413/276/46 412/277/46
f 442/278/46 1245/279/46 1253/280/46
f 1239/281/46 1247/282/46 446/283/46
f 1353/284/45 1358/285/45 474/286/45
f 450/287/45 477/288/45 1356/289/45
f 1662/290/12 898/291/12 1645/291/12
f 453/292/45 479/293/45 451/294/45
f 1646/295/11 936/296/11 1665/296/11
f 1348/253/45 1335/297/45 481/252/45
f 458/298/45 484/256/45 1343/254/45
f 460/299/45 485/300/45 457/301/45
f 461/302/45 487/303/45 459/304/45
f 1668/305/12 914/306/12 1651/306/12
f 1328/307/45 1322/308/45 490/309/45
f 466/310/45 493/311/45 1318/312/45
f 1670/275/12 918/277/12 1653/277/12
f 469/313/45 495/314/45 467/315/45
f 1654/276/11 956/316/11 1673/316/11
f 1314/280/45 1306/279/45 497/278/45
f 383/317/45 500/318/45 473/319/45
f 388/320/47 389/321/47 386/322/47
f 1586/323/46 1009/324/46 1579/324/46
f 991/325/11 964/326/11 970/327/11
f 526/328/12 516/329/12 517/330/12
f 560/331/12 557/332/12 558/333/12
f 541/334/45 1822/335/45 550/335/45
f 969/336/48 1032/337/48 977/338/48
f 1570/339/46 985/340/46 1561/340/46
f 529/341/12 518/342/12 520/343/12
f 1562/344/45 999/345/45 1573/345/45
f 531/346/12 521/347/12 523/348/12
f 502/349/12 522/350/12 501/351/12
f 979/352/11 993/353/11 982/354/11
f 1595/355/12 1597/356/12 1550/357/12
f 536/358/12 548/359/12 537/360/12
f 1588/361/46 1012/362/46 1581/362/46
f 539/363/12 551/364/12 540/365/12
f 1590/366/46 1033/367/46 1593/367/46
f 542/368/12 505/369/12 504/370/12
f 1820/371/11 1005/372/11 1815/373/11
f 1217/374/12 561/375/12 511/376/12
f 572/377/12 565/378/12 1213/379/12
f 571/380/12 567/381/12 566/382/12
f 1599/383/45 1045/384/45 1212/385/45
f 1211/386/11 1045/384/11 973/387/11
f 653/388/45 576/389/45 574/390/45
f 616/391/46 1448/392/46 1443/393/46
f 619/394/46 586/395/46 585/396/46
f 593/397/12 1852/398/12 627/398/12
f 622/399/46 588/400/46 587/401/46
f 589/402/46 623/403/46 1434/404/46
f 1427/405/46 1430/406/46 625/407/46
f 627/398/46 594/408/46 593/397/46
f 1712/409/12 1108/410/12 1731/410/12
f 596/411/46 630/412/46 1423/413/46
f 1416/414/46 1413/415/46 634/416/46
f 1714/417/12 1111/418/12 1733/418/12
f 635/419/46 602/420/46 601/421/46
f 1543/422/45 1125/423/45 1861/424/45
f 1402/425/46 1400/426/46 641/427/46
f 640/428/46 607/429/46 606/430/46
f 1718/431/12 1119/432/12 1737/432/12
f 643/433/46 610/434/46 609/435/46
f 1738/436/11 1085/437/11 1721/437/11
f 646/438/46 612/439/46 611/440/46
f 1536/441/46 649/442/46 652/443/46
f 651/444/46 579/445/46 615/446/46
f 1744/447/11 1878/448/11 1763/448/11
f 657/449/45 693/450/45 1515/451/45
f 658/452/45 694/453/45 656/454/45
f 665/455/11 1880/456/11 700/456/11
f 661/457/45 696/458/45 659/459/45
f 1495/404/45 1492/460/45 698/403/45
f 667/461/45 701/462/45 664/463/45
f 1198/432/46 1872/464/46 1159/431/46
f 1484/465/45 1481/466/45 704/467/45
f 672/468/45 707/469/45 1476/470/45
f 674/471/45 708/410/45 671/409/45
f 1770/472/12 1157/473/12 1751/473/12
f 1469/474/45 1458/475/45 711/418/45
f 679/476/45 714/427/45 1465/425/45
f 681/477/45 715/428/45 678/430/45
f 682/478/45 717/479/45 680/480/45
f 1203/442/46 1874/481/46 1164/482/46
f 1774/442/12 1164/482/12 1755/482/12
f 1529/483/45 1527/484/45 721/485/45
f 688/486/45 724/487/45 1526/488/45
f 1457/489/12 1887/490/12 1898/489/12
f 575/491/45 725/492/45 689/493/45
f 1726/448/11 1834/447/11 1709/447/11
f 730/176/12 763/177/12 776/494/12
f 792/179/12 789/180/12 795/495/12
f 807/184/12 1393/183/12 1377/182/12
f 762/186/12 734/185/12 749/187/12
f 1370/190/12 1385/189/12 794/188/12
f 306/496/49 733/497/49 311/497/49
f 309/498/11 361/192/11 316/499/11
f 1608/500/46 1790/501/46 1615/501/46
f 744/195/12 755/196/12 756/502/12
f 770/503/12 1799/504/12 1794/505/12
f 748/506/12 758/507/12 759/508/12
f 750/201/12 760/202/12 761/509/12
f 1568/510/46 1804/511/46 1559/511/46
f 769/207/12 779/206/12 768/208/12
f 772/210/12 782/209/12 771/211/12
f 767/213/12 777/212/12 766/214/12
f 1620/512/46 1798/513/46 1627/513/46
f 774/218/12 784/217/12 773/219/12
f 740/220/50 727/221/50 751/514/50
f 801/223/12 805/224/12 806/515/12
f 765/516/12 775/200/12 764/199/12
f 1786/517/12 754/228/12 1791/518/12
f 1780/519/12 1372/520/12 1897/521/12
f 742/232/12 752/233/12 753/522/12
f 813/523/46 891/524/46 810/525/46
f 1287/239/45 1296/526/45 854/238/45
f 822/527/45 859/242/45 1290/240/45
f 824/244/45 858/243/45 823/245/45
f 826/247/45 860/246/45 825/248/45
f 828/250/45 862/528/45 827/529/45
f 1283/253/45 1276/297/45 864/252/45
f 832/298/45 869/256/45 1272/254/45
f 834/530/45 868/531/45 833/532/45
f 836/260/45 870/259/45 835/261/45
f 838/263/45 872/258/45 837/257/45
f 1258/266/45 1264/265/45 874/264/45
f 842/533/45 879/269/45 1267/267/45
f 844/271/45 878/270/45 843/272/45
f 846/534/45 880/535/45 845/536/45
f 848/276/45 882/275/45 847/277/45
f 1249/280/45 1241/279/45 884/278/45
f 852/537/45 889/283/45 1238/281/45
f 815/538/45 888/274/45 853/273/45
f 890/539/46 927/286/46 1355/284/46
f 1357/289/46 1365/540/46 930/288/46
f 931/235/46 897/541/46 894/236/46
f 933/293/46 899/292/46 896/294/46
f 935/290/46 901/295/46 898/291/46
f 900/251/46 937/252/46 1349/253/46
f 1342/254/46 1338/255/46 940/256/46
f 941/300/46 907/299/46 904/301/46
f 943/303/46 909/302/46 906/304/46
f 945/542/46 911/543/46 908/544/46
f 947/309/46 1323/308/46 1329/307/46
f 1319/312/46 1333/545/46 950/311/46
f 951/305/46 917/546/46 914/306/46
f 953/314/46 919/313/46 916/315/46
f 955/275/46 921/276/46 918/277/46
f 957/278/46 1309/279/46 1317/280/46
f 1303/547/46 1311/548/46 960/549/46
f 961/318/46 811/550/46 924/319/46
f 818/321/45 817/320/45 814/322/45
f 1584/551/46 1814/552/46 1577/552/46
f 508/327/51 964/326/51 503/326/51
f 981/329/11 995/328/11 983/330/11
f 1034/331/11 1030/332/11 1027/553/11
f 1016/554/11 1003/555/11 1004/556/11
f 519/557/45 1810/558/45 527/558/45
f 984/342/11 997/559/11 986/343/11
f 985/340/11 999/345/11 988/344/11
f 987/347/11 1001/346/11 990/348/11
f 989/350/11 963/349/11 962/351/11
f 501/351/45 963/349/45 502/349/45
f 1552/560/52 965/561/52 1549/561/52
f 1019/359/11 1006/358/11 1007/360/11
f 1021/562/11 1008/563/11 1009/324/11
f 1022/364/11 1010/363/11 1011/365/11
f 572/377/45 1824/564/45 565/378/45
f 967/369/11 1013/368/11 966/370/11
f 505/369/46 966/370/46 504/370/46
f 1218/565/11 974/376/11 1035/375/11
f 1214/566/46 1828/567/46 573/567/46
f 1044/380/11 1040/381/11 1043/568/11
f 1033/367/11 1028/569/11 1210/570/11
f 1564/571/46 979/352/46 1555/352/46
f 1048/389/46 1129/388/46 1046/390/46
f 1835/572/45 1849/573/45 1832/574/45
f 1057/449/45 1094/450/45 1454/451/45
f 1059/395/45 1093/394/45 1058/396/45
f 1706/575/12 1848/576/12 1725/576/12
f 1061/400/45 1096/399/45 1060/401/45
f 1435/404/45 1433/460/45 1097/403/45
f 1101/577/45 1426/405/45 1436/578/45
f 601/421/12 1854/419/12 635/419/12
f 1068/579/45 1102/580/45 1067/581/45
f 1422/413/45 1418/582/45 1104/412/45
f 1072/583/45 1109/416/45 1414/414/45
f 1074/471/45 1108/410/45 1073/409/45
f 637/584/11 1840/420/11 602/420/11
f 1408/474/45 1398/475/45 1111/418/45
f 1078/476/45 1115/427/45 1403/425/45
f 1080/429/45 1114/428/45 1079/430/45
f 1716/585/12 1858/586/12 1735/586/12
f 1083/434/45 1117/433/45 1082/435/45
f 1085/437/45 1119/432/45 1084/431/45
f 1087/439/45 1121/438/45 1086/440/45
f 1537/441/45 1088/587/45 1127/443/45
f 1051/445/45 1126/444/45 1089/446/45
f 1168/588/46 1512/392/46 1506/393/46
f 1516/451/46 1514/589/46 1171/450/46
f 1172/453/46 1134/452/46 1132/454/46
f 1760/576/12 1862/575/12 1743/575/12
f 1174/458/46 1137/457/46 1135/459/46
f 1136/402/46 1176/403/46 1496/404/46
f 667/461/11 1882/590/11 702/590/11
f 1188/419/46 1870/591/46 1148/421/46
f 1180/592/46 1143/593/46 1141/594/46
f 1142/595/46 1182/467/46 1485/465/46
f 1479/470/46 1475/596/46 1185/469/46
f 1186/410/46 1149/471/46 1146/409/46
f 1748/420/11 1884/584/11 1769/584/11
f 1189/418/46 1461/475/46 1471/474/46
f 1192/428/46 1156/477/46 1153/430/46
f 1194/479/46 1158/478/46 1155/480/46
f 1196/472/46 1160/597/46 1157/473/46
f 1752/437/11 1888/436/11 1773/436/11
f 1161/598/46 1199/485/46 1530/483/46
f 1525/488/46 1523/599/46 1202/487/46
f 1756/587/11 1890/443/11 1777/443/11
f 1204/492/46 1047/491/46 1166/493/46
f 1054/600/45 1052/601/45 1050/602/45
f 305/221/45 726/222/45 304/222/45
f 307/178/46 730/176/46 308/176/46
f 1632/603/46 804/604/46 1635/604/46
f 362/181/46 792/179/46 366/179/46
f 1378/605/46 736/606/46 314/606/46
f 1783/607/12 1801/608/12 1796/609/12
f 312/185/46 735/610/46 313/610/46
f 1628/611/11 1602/612/11 1623/613/11
f 329/233/45 739/234/45 317/234/45
f 318/220/46 751/514/46 328/514/46
f 1609/614/11 1613/615/11 1606/616/11
f 319/232/46 753/522/46 330/522/46
f 331/196/45 743/197/45 320/197/45
f 1610/506/46 759/508/46 1617/508/46
f 746/198/12 1792/617/12 757/618/12
f 322/195/46 756/502/46 332/502/46
f 335/507/45 745/619/45 323/619/45
f 324/198/46 757/618/46 334/618/46
f 336/202/45 747/203/45 325/203/45
f 1611/620/11 335/507/11 323/619/11
f 338/186/45 749/187/45 326/187/45
f 327/201/46 761/509/46 337/509/46
f 1624/621/11 340/516/11 1619/622/11
f 350/494/45 763/177/45 339/177/45
f 341/214/46 777/212/46 351/212/46
f 352/623/45 765/516/45 340/516/45
f 343/208/46 779/206/46 353/206/46
f 354/624/45 767/213/45 342/213/45
f 1626/625/11 345/503/11 1621/626/11
f 355/627/45 769/207/45 344/207/45
f 346/211/46 782/209/46 356/209/46
f 357/628/45 770/503/45 345/503/45
f 348/219/46 784/217/46 358/217/46
f 359/629/45 772/210/45 347/210/45
f 732/205/12 1895/630/12 1802/631/12
f 360/632/45 774/218/45 349/218/45
f 364/633/46 794/188/46 368/188/46
f 309/498/53 738/499/53 731/634/53
f 369/495/45 789/180/45 363/180/45
f 306/496/11 1633/635/11 1634/636/11
f 1380/637/46 796/638/46 370/638/46
f 377/224/45 798/225/45 372/225/45
f 1367/639/45 791/640/45 365/640/45
f 374/223/46 806/515/46 378/515/46
f 799/603/12 728/641/12 804/604/12
f 1373/642/46 803/643/46 1376/642/46
f 379/184/45 800/644/45 373/644/45
f 1388/645/46 808/646/46 380/646/46
f 1371/520/45 802/647/45 375/647/45
f 390/237/12 854/238/12 418/238/12
f 419/648/11 818/321/11 389/321/11
f 1300/649/12 856/650/12 420/650/12
f 1293/651/11 820/652/11 391/652/11
f 394/245/12 858/243/12 422/243/12
f 423/242/11 822/527/11 393/527/11
f 396/248/12 860/246/12 424/246/12
f 425/653/11 824/244/11 395/244/11
f 1690/654/46 1678/655/46 1677/656/46
f 426/657/11 826/247/11 397/247/11
f 398/251/12 864/252/12 427/252/12
f 1680/532/12 868/531/12 1695/531/12
f 1279/658/12 866/659/12 428/659/12
f 1275/660/11 830/661/11 399/661/11
f 1694/662/46 402/530/46 1681/663/46
f 430/256/11 832/298/11 401/298/11
f 403/261/12 870/259/12 431/259/12
f 432/664/11 834/530/11 402/530/11
f 1696/665/46 1684/666/46 1683/667/46
f 433/668/11 836/260/11 404/260/11
f 405/669/12 874/264/12 434/264/12
f 1700/670/11 846/534/11 1687/534/11
f 1262/671/12 876/672/12 435/672/12
f 1257/673/11 840/674/11 406/674/11
f 409/272/12 878/270/12 437/270/12
f 438/269/11 842/533/11 408/533/11
f 411/536/12 880/535/12 439/535/12
f 440/675/11 844/271/11 410/271/11
f 412/277/12 882/275/12 441/275/12
f 439/535/46 1686/676/46 411/536/46
f 414/677/12 884/278/12 442/278/12
f 443/316/11 848/276/11 413/276/11
f 1243/678/12 886/679/12 444/679/12
f 1252/680/11 850/681/11 415/681/11
f 1702/682/46 1547/683/46 1689/684/46
f 446/283/11 852/537/11 417/537/11
f 474/286/12 890/539/12 447/539/12
f 382/685/45 1658/686/45 385/523/45
f 1351/687/12 892/688/12 448/688/12
f 1360/689/11 928/690/11 475/690/11
f 452/541/45 1661/691/45 1642/692/45
f 450/287/11 930/288/11 477/288/11
f 479/293/12 896/294/12 451/294/12
f 452/541/11 932/693/11 478/693/11
f 1647/694/45 1663/695/45 1644/696/45
f 453/292/11 934/697/11 480/697/11
f 481/252/12 900/251/12 454/251/12
f 1666/542/12 908/544/12 1649/544/12
f 1344/698/12 902/699/12 455/699/12
f 1341/700/11 938/701/11 482/701/11
f 485/300/12 904/301/12 457/301/12
f 458/298/11 940/256/11 484/256/11
f 487/303/12 906/304/12 459/304/12
f 460/299/11 942/702/11 486/702/11
f 463/543/45 1667/703/45 1648/704/45
f 461/302/11 944/705/11 488/705/11
f 490/309/12 910/706/12 462/706/12
f 463/543/11 946/707/11 489/707/11
f 1324/708/12 912/709/12 464/709/12
f 1332/710/11 948/711/11 491/711/11
f 468/546/45 1669/712/45 1650/713/45
f 466/310/11 950/311/11 493/311/11
f 495/314/12 916/315/12 467/315/12
f 468/546/11 952/714/11 494/714/11
f 1655/715/45 1671/716/45 1652/717/45
f 469/313/11 954/718/11 496/718/11
f 497/278/12 920/677/12 470/677/12
f 1656/719/11 960/549/11 1675/549/11
f 1313/720/12 922/721/12 471/721/12
f 1307/722/11 958/723/11 498/723/11
f 500/318/12 924/319/12 473/319/12
f 1657/724/45 1674/725/45 1302/547/45
f 731/634/54 787/192/54 793/191/54
f 532/726/46 989/350/46 522/350/46
f 514/727/55 976/728/55 512/728/55
f 1042/729/56 965/561/56 975/560/56
f 513/338/57 969/336/57 977/338/57
f 541/334/12 1589/730/12 1580/731/12
f 1217/374/45 974/376/45 1216/732/45
f 1206/733/46 1218/565/46 1035/375/46
f 515/734/45 991/325/45 524/325/45
f 1227/735/45 971/736/45 509/736/45
f 533/737/12 514/727/12 544/738/12
f 1556/354/45 993/353/45 1567/353/45
f 1805/739/11 1811/740/11 1806/741/11
f 1554/742/12 1566/743/12 1565/744/12
f 517/330/45 995/328/45 526/328/45
f 525/745/46 981/329/46 516/329/46
f 544/738/46 1812/737/46 533/737/46
f 527/558/12 1558/746/12 519/557/12
f 529/341/45 986/343/45 997/559/45
f 528/747/46 984/342/46 518/342/46
f 1582/554/46 1004/556/46 1575/556/46
f 1572/748/12 1560/749/12 1563/750/12
f 523/348/45 1001/346/45 531/346/45
f 530/751/46 987/347/46 521/347/46
f 534/555/45 1014/752/45 543/752/45
f 1818/753/11 976/728/11 978/727/11
f 535/372/45 1015/754/45 545/754/45
f 534/555/12 1583/755/12 1574/756/12
f 536/358/45 1017/757/45 546/757/45
f 535/372/12 1585/758/12 1576/759/12
f 538/563/45 1018/760/45 547/760/45
f 548/359/46 1007/360/46 537/360/46
f 539/363/45 1020/761/45 549/761/45
f 538/563/12 1587/762/12 1578/763/12
f 1024/361/11 1816/764/11 1012/362/11
f 551/364/46 1011/365/46 540/365/46
f 542/368/45 1023/765/45 552/765/45
f 1229/766/12 1230/767/12 1591/768/12
f 1209/769/45 562/770/45 1036/770/45
f 557/332/46 1031/333/46 558/333/46
f 560/331/45 1027/553/45 555/553/45
f 559/337/12 507/336/12 513/338/12
f 582/771/12 1846/391/12 616/391/12
f 1230/767/45 1025/772/45 553/772/45
f 566/382/46 1044/380/46 571/380/46
f 1237/773/11 1225/774/11 1825/775/11
f 570/568/45 1040/381/45 567/381/45
f 1221/776/45 1222/776/45 1037/777/45
f 568/778/46 1042/729/46 569/729/46
f 559/337/45 1029/779/45 556/780/45
f 506/781/45 978/727/45 514/727/45
f 576/389/12 1046/390/12 574/390/12
f 1444/393/45 1450/392/45 1847/782/45
f 580/601/46 1704/783/46 578/602/46
f 617/784/12 1446/785/12 1091/784/12
f 583/786/11 1445/787/11 1055/786/11
f 585/396/12 1093/394/12 619/394/12
f 620/450/11 1057/449/11 584/449/11
f 1724/788/46 1708/789/46 1707/790/46
f 621/791/11 1059/395/11 586/395/11
f 587/401/12 1096/399/12 622/399/12
f 1710/581/12 1102/580/12 1729/580/12
f 589/402/12 1097/403/12 623/403/12
f 624/792/11 1061/400/11 588/400/11
f 625/407/12 1428/793/12 1099/407/12
f 1440/794/11 1063/795/11 590/795/11
f 1066/408/45 1853/796/45 1836/797/45
f 628/577/11 1065/798/11 592/798/11
f 1728/799/46 595/579/46 1711/800/46
f 629/801/11 1066/408/11 594/408/11
f 596/411/12 1104/412/12 630/412/12
f 631/802/11 1068/579/11 595/579/11
f 632/803/12 1411/804/12 1106/803/12
f 1417/805/11 1070/806/11 597/806/11
f 1730/807/46 600/471/46 1713/808/46
f 634/416/11 1072/583/11 599/583/11
f 1841/591/45 1855/809/45 1838/810/45
f 636/811/11 1074/471/11 600/471/11
f 1732/812/46 1399/475/46 1409/474/46
f 1081/813/45 1859/814/45 1842/815/45
f 1397/489/12 1112/490/12 638/490/12
f 1404/816/11 1076/817/11 603/817/11
f 606/430/12 1114/428/12 640/428/12
f 641/427/11 1078/476/11 605/476/11
f 1734/818/46 608/813/46 1717/819/46
f 642/820/11 1080/429/11 607/429/11
f 609/435/12 1117/433/12 643/433/12
f 644/821/11 1081/813/11 608/813/11
f 1736/822/46 1720/823/46 1719/824/46
f 645/825/11 1083/434/11 610/434/11
f 611/440/12 1121/438/12 646/438/12
f 1758/588/12 1128/826/12 1741/826/12
f 1876/573/46 1864/572/46 1863/574/46
f 648/827/11 1087/439/11 612/439/11
f 1539/828/12 1124/442/12 649/442/12
f 615/446/12 1126/444/12 651/444/12
f 652/443/11 1088/587/11 614/587/11
f 1504/393/45 1510/392/45 1759/829/45
f 653/388/11 1167/830/11 690/830/11
f 1503/831/12 1130/832/12 654/832/12
f 1511/833/11 1169/834/11 691/834/11
f 694/453/12 1132/454/12 656/454/12
f 657/449/11 1171/450/11 693/450/11
f 1745/789/45 1761/788/45 1742/790/45
f 658/452/11 1173/835/11 695/835/11
f 696/458/12 1135/459/12 659/459/12
f 1746/593/11 1181/836/11 1767/836/11
f 698/403/12 1136/402/12 660/402/12
f 661/457/11 1175/837/11 697/837/11
f 662/838/12 1497/839/12 1138/838/12
f 1490/840/11 1177/841/11 699/841/11
f 701/462/12 1140/463/12 664/463/12
f 1489/842/46 1491/843/46 1178/844/46
f 703/592/12 1141/594/12 666/594/12
f 1179/462/46 1868/845/46 1140/463/46
f 704/467/12 1142/595/12 668/595/12
f 1747/846/45 703/592/45 666/594/45
f 669/847/12 1477/848/12 1144/847/12
f 1474/849/11 1183/850/11 705/850/11
f 708/410/12 1146/409/12 671/409/12
f 672/468/11 1185/469/11 707/469/11
f 710/419/12 1148/421/12 673/421/12
f 674/471/11 1187/811/11 709/811/11
f 711/418/12 1150/417/12 675/417/12
f 1749/851/45 710/419/45 673/421/45
f 676/852/12 1466/853/12 1151/852/12
f 1459/854/11 1190/855/11 712/855/11
f 715/428/12 1153/430/12 678/430/12
f 679/476/11 1191/427/11 714/427/11
f 717/479/12 1155/480/12 680/480/12
f 681/477/11 1193/856/11 716/856/11
f 684/597/45 1771/857/45 1750/858/45
f 682/478/11 1195/859/11 718/859/11
f 720/432/12 1159/431/12 683/431/12
f 684/597/11 1197/860/11 719/860/11
f 721/485/12 1161/598/12 685/598/12
f 1753/823/45 720/432/45 683/431/45
f 686/861/12 1531/862/12 1162/861/12
f 1522/863/11 1200/864/11 722/864/11
f 1757/865/45 1775/866/45 1754/867/45
f 688/486/11 1202/487/11 724/487/11
f 725/492/12 1166/493/12 689/493/12
f 1779/843/12 1178/844/12 1491/843/12
f 1226/735/11 1026/868/11 971/736/11
f 1233/869/46 972/870/46 1220/869/46
f 1224/774/46 564/871/46 1038/871/46
f 1220/869/11 1037/777/11 1222/776/11
f 1233/869/12 563/777/12 510/870/12
f 1227/735/12 554/868/12 1223/872/12
f 1223/872/46 1026/868/46 1228/872/46
f 1274/698/12 831/699/12 1284/698/12
f 1256/873/12 841/874/12 1254/873/12
f 1244/722/11 887/723/11 1242/722/11
f 1251/875/12 851/876/12 1248/875/12
f 1280/700/11 867/701/11 1277/700/11
f 1292/877/12 821/878/12 1286/877/12
f 1301/879/11 857/880/11 1299/879/11
f 1263/881/11 877/882/11 1261/881/11
f 1345/660/11 903/661/11 1347/660/11
f 1327/883/11 913/884/11 1325/883/11
f 1330/885/12 949/886/12 1321/885/12
f 1350/887/11 893/888/11 1354/887/11
f 1361/889/12 929/890/12 1362/889/12
f 1315/680/11 923/681/11 1312/680/11
f 1339/658/12 939/659/12 1334/658/12
f 1305/891/12 959/892/12 1308/891/12
f 1379/893/11 370/638/11 315/894/11
f 1392/893/12 796/638/12 1383/637/12
f 1382/895/45 797/896/45 1384/895/45
f 1378/605/11 381/897/11 1386/898/11
f 1391/605/12 809/897/12 736/606/12
f 1386/898/45 809/897/45 1387/898/45
f 1379/893/45 737/894/45 1392/893/45
f 1394/854/11 1113/855/11 1395/854/11
f 1439/899/12 1064/900/12 1437/899/12
f 1407/901/12 1077/902/12 1406/901/12
f 1415/903/12 1071/904/12 1424/903/12
f 1412/905/11 633/906/11 1107/906/11
f 1429/907/11 626/841/11 1100/841/11
f 1451/833/11 618/834/11 1092/834/11
f 1455/451/46 1453/589/46 620/450/46
f 1507/785/12 1170/784/12 1508/908/12
f 1478/909/11 670/910/11 1145/910/11
f 1472/911/12 1184/912/12 1480/911/12
f 1464/425/46 1462/426/46 1191/427/46
f 1505/913/11 1131/914/11 1518/913/11
f 1501/794/11 663/795/11 1139/795/11
f 1467/816/11 677/817/11 1152/817/11
f 700/456/45 1488/842/45 1499/915/45
f 1519/916/12 1201/917/12 1520/916/12
f 1532/918/11 687/919/11 1163/919/11
f 1544/422/58 1542/920/58 1543/422/58
f 1536/441/58 1541/828/58 1539/828/58
f 1535/921/12 1536/441/12 1546/921/12
f 1540/920/11 1125/423/11 1542/920/11
f 1538/922/11 1543/422/11 1545/922/11
f 613/861/12 1860/917/12 647/917/12
f 650/423/46 1540/920/46 1544/422/46
f 524/325/12 503/326/12 515/734/12
f 310/923/11 1371/520/11 375/647/11
f 385/523/59 810/525/59 382/685/59
f 386/322/12 817/320/12 388/320/12
f 815/538/60 387/924/60 816/925/60
f 811/550/61 384/926/61 383/317/61
f 1596/927/46 973/387/46 1551/387/46
f 1565/744/62 1555/352/62 1554/742/62
f 1557/928/63 1567/353/63 1566/743/63
f 1569/929/62 1559/511/62 1558/746/62
f 1571/930/62 1561/340/62 1560/749/62
f 1563/750/63 1573/345/63 1572/748/63
f 1574/756/62 1582/554/62 1575/556/62
f 1576/759/62 1584/551/62 1577/552/62
f 1578/763/62 1586/323/62 1579/324/62
f 1580/731/64 1588/361/64 1581/362/64
f 1592/931/62 1590/366/62 1593/367/62
f 1595/355/65 1599/383/65 1598/932/65
f 1553/933/66 1549/561/66 1548/934/66
f 1597/356/67 1551/387/67 1550/357/67
f 569/729/12 1548/934/12 568/778/12
f 575/491/11 1049/935/11 577/935/11
f 1050/602/12 580/601/12 578/602/12
f 1053/936/11 579/445/11 581/936/11
f 1605/937/68 1603/231/68 1602/612/68
f 1606/616/68 1612/228/68 1607/229/68
f 1614/938/69 1608/500/69 1615/501/69
f 1616/939/69 1610/506/69 1617/508/69
f 1619/622/69 1625/200/69 1624/621/69
f 1621/626/69 1627/513/69 1626/625/69
f 1623/613/69 1629/227/69 1628/611/69
f 1631/940/69 1637/215/69 1636/941/69
f 1634/636/70 1632/603/70 1635/604/70
f 1639/942/68 1601/205/68 1600/943/68
f 1636/941/11 1600/943/11 1631/940/11
f 1641/944/68 1659/945/68 1658/686/68
f 1661/691/63 1643/236/63 1642/692/63
f 1663/695/63 1645/291/63 1644/696/63
f 1647/694/68 1665/296/68 1664/946/68
f 1667/703/63 1649/544/63 1648/704/63
f 1669/712/63 1651/306/63 1650/713/63
f 1671/716/63 1653/277/63 1652/717/63
f 1655/715/68 1673/316/68 1672/947/68
f 1657/724/68 1675/549/68 1674/725/68
f 1640/524/11 926/945/11 1659/945/11
f 1677/656/62 1691/528/62 1690/654/62
f 1693/948/69 1679/250/69 1678/655/69
f 1681/663/62 1695/531/62 1694/662/62
f 1683/667/62 1697/258/62 1696/665/62
f 1699/949/69 1685/263/69 1684/666/69
f 1701/950/69 1687/534/69 1686/676/69
f 1689/684/62 1703/274/62 1702/682/62
f 1676/529/12 862/528/12 1691/528/12
f 1723/951/69 1705/600/69 1704/783/69
f 1707/790/62 1725/576/62 1724/788/62
f 1727/952/69 1709/447/69 1708/789/69
f 1711/800/62 1729/580/62 1728/799/62
f 1713/808/62 1731/410/62 1730/807/62
f 1715/953/62 1733/418/62 1732/812/62
f 1717/819/62 1735/586/62 1734/818/62
f 1719/824/62 1737/432/62 1736/822/62
f 1739/954/69 1721/437/69 1720/823/69
f 1759/829/63 1741/826/63 1740/955/63
f 1761/788/63 1743/575/63 1742/790/63
f 1745/789/68 1763/448/68 1762/952/68
f 1765/956/63 1779/843/63 1778/957/63
f 1747/846/68 1767/836/68 1766/958/68
f 1749/851/68 1769/584/68 1768/959/68
f 1771/857/63 1751/473/63 1750/858/63
f 1753/823/68 1773/436/68 1772/954/68
f 1775/866/63 1755/482/63 1754/867/63
f 1757/865/68 1777/443/68 1776/960/68
f 1722/961/11 1054/600/11 1705/600/11
f 1781/923/62 1897/521/62 1896/962/62
f 1782/231/63 1784/963/63 1783/607/63
f 1787/500/62 1791/518/62 1790/501/62
f 1793/193/63 1789/964/63 1788/194/63
f 1798/513/62 1794/505/62 1799/504/62
f 1800/227/62 1796/609/62 1801/608/62
f 1803/216/62 1895/630/62 1894/215/62
f 1804/511/69 1808/965/69 1805/739/69
f 1810/558/68 1806/741/68 1811/740/68
f 1819/738/69 1813/966/69 1812/737/69
f 1821/551/69 1815/373/69 1814/552/69
f 1817/334/68 1823/967/68 1822/335/68
f 1824/564/68 1826/968/68 1825/775/68
f 1831/771/63 1847/782/63 1846/391/63
f 1833/575/63 1849/573/63 1848/576/63
f 1851/448/68 1835/572/68 1834/447/68
f 1837/397/63 1853/796/63 1852/398/63
f 1839/421/63 1855/809/63 1854/419/63
f 1857/584/68 1841/591/68 1840/420/68
f 1843/585/63 1859/814/63 1858/586/63
f 1845/861/63 1861/424/63 1860/917/63
f 1877/576/62 1863/574/62 1862/575/62
f 1865/447/69 1879/969/69 1878/448/69
f 1867/455/69 1881/970/69 1880/456/69
f 1869/461/69 1883/971/69 1882/590/69
f 1871/420/69 1885/972/69 1884/584/69
f 1887/490/62 1899/973/62 1898/489/62
f 1873/437/69 1889/974/69 1888/436/69
f 1875/587/69 1891/975/69 1890/443/69
f 1893/976/69 1829/977/69 1828/567/69
f 1374/962/46 1781/923/46 1896/962/46
f 1901/978/62 1903/979/62 1902/980/62
f 1442/979/12 1900/981/12 1056/981/12
f 1907/982/71 1904/983/71 1906/984/71
f 1910/985/72 1911/986/72 1908/985/72
f 1913/84/17 1915/55/17 1912/55/17
f 1919/987/73 1917/41/73 1918/44/73
f 1908/985/12 1919/987/12 1918/44/12
f 1910/985/11 1916/104/11 1909/988/11
f 1905/989/11 1915/55/11 1914/84/11
f 1904/983/12 1912/55/12 1906/984/12
f 1909/988/74 1919/987/74 1911/986/74
f 1906/984/75 1915/55/75 1907/982/75
f 1905/989/74 1913/84/74 1904/983/74
f 1920/990/76 1923/991/76 1922/992/76
f 1925/993/77 1910/985/77 1908/985/77
f 1929/117/33 1927/149/33 1926/117/33
f 1917/41/78 1931/171/78 1918/44/78
f 1908/985/12 1931/171/12 1925/993/12
f 1930/168/11 1910/985/11 1924/994/11
f 1921/995/11 1929/117/11 1923/991/11
f 1926/117/12 1920/990/12 1922/992/12
f 1931/171/79 1924/994/79 1925/993/79
f 1929/117/80 1922/992/80 1923/991/80
f 1927/149/79 1921/995/79 1920/990/79
f 1932/996/11 1935/997/11 1933/998/11
f 1939/999/12 1936/1000/12 1937/1001/12
f 1943/997/12 1940/996/12 1941/998/12
f 1944/1000/11 1946/999/11 1945/1001/11
f 1945/1001/81 1939/999/81 1937/1001/81
f 1943/997/81 1933/998/81 1935/997/81
f 1947/1002/58 1936/1000/58 1938/1002/58
f 1940/996/58 1934/1003/58 1932/996/58
f 1950/1004/58 1949/1005/58 1948/1004/58
f 1954/1006/81 1952/1007/81 1953/1007/81
f 1951/1005/45 1954/1006/45 1949/1005/45
f 1948/1004/46 1952/1007/46 1950/1004/46
f 1950/1004/11 1955/1006/11 1951/1005/11
f 1949/1005/12 1953/1007/12 1948/1004/12
f 1958/1008/58 1957/1009/58 1956/1008/58
f 1962/1010/81 1960/1011/81 1961/1011/81
f 1959/1009/45 1962/1010/45 1957/1009/45
f 1956/1008/46 1960/1011/46 1958/1008/46
f 1958/1008/11 1963/1010/11 1959/1009/11
f 1957/1009/12 1961/1011/12 1956/1008/12
f 1966/1008/46 1965/1012/46 1964/1008/46
f 1970/1013/45 1968/1014/45 1969/1014/45
f 1966/1008/11 1971/1013/11 1967/1012/11
f 1965/1012/12 1969/1014/12 1964/1008/12
f 1974/1015/46 1973/1016/46 1972/1015/46
f 1978/1017/45 1976/1009/45 1977/1009/45
f 1975/1016/58 1978/1017/58 1973/1016/58
f 1974/1015/11 1979/1017/11 1975/1016/11
f 1973/1016/12 1977/1009/12 1972/1015/12
f 1972/1015/81 1976/1009/81 1974/1015/81
f 1982/1018/58 1981/1019/58 1980/1019/58
f 1986/1020/81 1984/1021/81 1985/1020/81
f 1980/1019/46 1984/1021/46 1982/1018/46
f 1982/1018/11 1987/1021/11 1983/1018/11
f 1981/1019/12 1985/1020/12 1980/1019/12
f 1983/1018/45 1986/1020/45 1981/1019/45
f 1990/1022/58 1989/1023/58 1988/1023/58
f 1994/1024/81 1992/1025/81 1993/1024/81
f 1988/1023/46 1992/1025/46 1990/1022/46
f 1990/1022/11 1995/1025/11 1991/1022/11
f 1989/1023/12 1993/1024/12 1988/1023/12
f 1991/1022/45 1994/1024/45 1989/1023/45
f 1998/1026/11 1997/1027/11 1996/1027/11
f 1996/1027/46 2000/1023/46 1998/1026/46
f 2002/1020/12 2000/1023/12 2001/1020/12
f 1999/1026/45 2002/1020/45 1997/1027/45
f 2006/1022/11 2005/1021/11 2004/1021/11
f 2010/1028/12 2008/1029/12 2009/1028/12
f 2004/1021/46 2008/1029/46 2006/1022/46
f 2007/1022/45 2010/1028/45 2005/1021/45
f 2017/1030/46 2013/1026/46 2016/1031/46
f 2019/1032/46 2015/1029/46 2014/1028/46
f 2019/1032/46 2012/1027/46 2017/1030/46
f 2016/1031/46 2015/1029/46 2018/1033/46
f 2021/1026/45 2025/1030/45 2024/1031/45
f 2027/1032/45 2023/1029/45 2026/1033/45
f 2020/1027/45 2027/1032/45 2025/1030/45
f 2023/1029/45 2024/1031/45 2026/1033/45
f 2017/1030/81 2027/1032/81 2019/1032/81
f 2018/1033/12 2027/1032/12 2026/1033/12
f 2017/1030/11 2024/1031/11 2025/1030/11
f 2024/1031/58 2018/1033/58 2026/1033/58
f 2034/1034/46 2032/1035/46 2033/1036/46
f 2030/1037/45 2028/1036/45 2029/1035/45
f 2029/1035/12 2035/1037/12 2030/1037/12
f 2031/1034/11 2033/1036/11 2028/1036/11
f 2038/1038/58 2037/1039/58 2036/1039/58
f 2042/1040/81 2040/1041/81 2041/1040/81
f 2036/1039/46 2040/1041/46 2038/1038/46
f 2038/1038/11 2043/1041/11 2039/1038/11
f 2037/1039/12 2041/1040/12 2036/1039/12
f 2039/1038/45 2042/1040/45 2037/1039/45
f 2046/1042/58 2045/1043/58 2044/1043/58
f 2050/1044/81 2048/1045/81 2049/1044/81
f 2044/1043/46 2048/1045/46 2046/1042/46
f 2046/1042/11 2051/1045/11 2047/1042/11
f 2045/1043/12 2049/1044/12 2044/1043/12
f 2047/1042/45 2050/1044/45 2045/1043/45
f 2054/1046/11 2053/1047/11 2052/1047/11
f 2052/1047/46 2056/1043/46 2054/1046/46
f 2058/1040/12 2056/1043/12 2057/1040/12
f 2055/1046/45 2058/1040/45 2053/1047/45
f 2062/1042/11 2061/1041/11 2060/1041/11
f 2066/1048/12 2064/1049/12 2065/1048/12
f 2062/1042/46 2065/1048/46 2064/1049/46
f 2063/1042/45 2066/1048/45 2061/1041/45
f 2073/1050/46 2069/1046/46 2072/1051/46
f 2075/1052/46 2071/1049/46 2070/1048/46
f 2073/1050/46 2070/1048/46 2068/1047/46
f 2072/1051/46 2071/1049/46 2074/1053/46
f 2077/1046/45 2081/1050/45 2080/1051/45
f 2083/1052/45 2079/1049/45 2082/1053/45
f 2081/1050/45 2078/1048/45 2083/1052/45
f 2079/1049/45 2080/1051/45 2082/1053/45
f 2073/1050/81 2083/1052/81 2075/1052/81
f 2074/1053/12 2083/1052/12 2082/1053/12
f 2073/1050/11 2080/1051/11 2081/1050/11
f 2080/1051/58 2074/1053/58 2082/1053/58
f 2090/1054/46 2088/1055/46 2089/1056/46
f 2086/1057/45 2084/1056/45 2085/1055/45
f 2085/1055/12 2091/1057/12 2086/1057/12
f 2087/1054/11 2089/1056/11 2084/1056/11
f 2094/1058/58 2093/1059/58 2092/1059/58
f 2098/1060/81 2096/1061/81 2097/1060/81
f 2092/1059/46 2096/1061/46 2094/1058/46
f 2094/1058/11 2099/1061/11 2095/1058/11
f 2093/1059/12 2097/1060/12 2092/1059/12
f 2095/1058/45 2098/1060/45 2093/1059/45
f 2102/1062/58 2101/1063/58 2100/1063/58
f 2106/1064/81 2104/1065/81 2105/1064/81
f 2100/1063/46 2104/1065/46 2102/1062/46
f 2102/1062/11 2107/1065/11 2103/1062/11
f 2101/1063/12 2105/1064/12 2100/1063/12
f 2103/1062/45 2106/1064/45 2101/1063/45
f 2110/1066/11 2109/1067/11 2108/1067/11
f 2108/1067/46 2112/1063/46 2110/1066/46
f 2114/1060/12 2112/1063/12 2113/1060/12
f 2111/1066/45 2114/1060/45 2109/1067/45
f 2118/1062/11 2117/1061/11 2116/1061/11
f 2122/1068/12 2120/1069/12 2121/1068/12
f 2118/1062/46 2121/1068/46 2120/1069/46
f 2119/1062/45 2122/1068/45 2117/1061/45
f 2129/1070/46 2125/1066/46 2128/1071/46
f 2131/1072/46 2127/1069/46 2126/1068/46
f 2131/1072/46 2124/1067/46 2129/1070/46
f 2128/1071/46 2127/1069/46 2130/1073/46
f 2133/1066/45 2137/1070/45 2136/1071/45
f 2139/1072/45 2135/1069/45 2138/1073/45
f 2132/1067/45 2139/1072/45 2137/1070/45
f 2135/1069/45 2136/1071/45 2138/1073/45
f 2129/1070/81 2139/1072/81 2131/1072/81
f 2130/1073/12 2139/1072/12 2138/1073/12
f 2129/1070/11 2136/1071/11 2137/1070/11
f 2136/1071/58 2130/1073/58 2138/1073/58
f 2146/1074/46 2144/1075/46 2145/1076/46
f 2142/1077/45 2140/1076/45 2141/1075/45
f 2141/1075/12 2147/1077/12 2142/1077/12
f 2143/1074/11 2145/1076/11 2140/1076/11
f 2150/1078/58 2149/1079/58 2148/1079/58
f 2154/1080/81 2152/1081/81 2153/1080/81
f 2148/1079/46 2152/1081/46 2150/1078/46
f 2150/1078/11 2155/1081/11 2151/1078/11
f 2149/1079/12 2153/1080/12 2148/1079/12
f 2151/1078/45 2154/1080/45 2149/1079/45
f 2158/1082/58 2157/1083/58 2156/1083/58
f 2162/1084/81 2160/1085/81 2161/1084/81
f 2156/1083/46 2160/1085/46 2158/1082/46
f 2158/1082/11 2163/1085/11 2159/1082/11
f 2157/1083/12 2161/1084/12 2156/1083/12
f 2159/1082/45 2162/1084/45 2157/1083/45
f 2166/1086/11 2165/1087/11 2164/1087/11
f 2164/1087/46 2168/1083/46 2166/1086/46
f 2170/1080/12 2168/1083/12 2169/1080/12
f 2167/1086/45 2170/1080/45 2165/1087/45
f 2174/1082/11 2173/1081/11 2172/1081/11
f 2178/1088/12 2176/1089/12 2177/1088/12
f 2172/1081/46 2176/1089/46 2174/1082/46
f 2175/1082/45 2178/1088/45 2173/1081/45
f 2185/1090/46 2181/1086/46 2184/1091/46
f 2187/1092/46 2183/1089/46 2182/1088/46
f 2185/1090/46 2182/1088/46 2180/1087/46
f 2184/1091/46 2183/1089/46 2186/1093/46
f 2189/1086/45 2193/1090/45 2192/1091/45
f 2195/1092/45 2191/1089/45 2194/1093/45
f 2193/1090/45 2190/1088/45 2195/1092/45
f 2191/1089/45 2192/1091/45 2194/1093/45
f 2185/1090/81 2195/1092/81 2187/1092/81
f 2186/1093/12 2195/1092/12 2194/1093/12
f 2185/1090/11 2192/1091/11 2193/1090/11
f 2192/1091/58 2186/1093/58 2194/1093/58
f 2202/1094/46 2200/1095/46 2201/1096/46
f 2198/1097/45 2196/1096/45 2197/1095/45
f 2197/1095/12 2203/1097/12 2198/1097/12
f 2199/1094/11 2201/1096/11 2196/1096/11
f 2205/1019/58 2206/1018/58 2204/1019/58
f 2208/1021/81 2210/1020/81 2209/1020/81
f 2208/1021/45 2204/1019/45 2206/1018/45
f 2211/1021/11 2206/1018/11 2207/1018/11
f 2209/1020/12 2205/1019/12 2204/1019/12
f 2210/1020/46 2207/1018/46 2205/1019/46
f 2213/1023/58 2214/1022/58 2212/1023/58
f 2216/1025/81 2218/1024/81 2217/1024/81
f 2216/1025/45 2212/1023/45 2214/1022/45
f 2219/1025/11 2214/1022/11 2215/1022/11
f 2217/1024/12 2213/1023/12 2212/1023/12
f 2218/1024/46 2215/1022/46 2213/1023/46
f 2221/1027/11 2222/1026/11 2220/1027/11
f 2224/1023/45 2220/1027/45 2222/1026/45
f 2224/1023/12 2226/1020/12 2225/1020/12
f 2226/1020/46 2223/1026/46 2221/1027/46
f 2229/1021/11 2230/1022/11 2228/1021/11
f 2232/1029/12 2234/1028/12 2233/1028/12
f 2232/1029/45 2228/1021/45 2230/1022/45
f 2234/1028/46 2231/1022/46 2229/1021/46
f 2237/1026/45 2241/1030/45 2240/1031/45
f 2243/1032/45 2239/1029/45 2242/1033/45
f 2236/1027/45 2243/1032/45 2241/1030/45
f 2239/1029/45 2240/1031/45 2242/1033/45
f 2249/1030/46 2245/1026/46 2248/1031/46
f 2251/1032/46 2247/1029/46 2246/1028/46
f 2251/1032/46 2244/1027/46 2249/1030/46
f 2248/1031/46 2247/1029/46 2250/1033/46
f 2251/1032/81 2241/1030/81 2243/1032/81
f 2251/1032/12 2242/1033/12 2250/1033/12
f 2248/1031/11 2241/1030/11 2249/1030/11
f 2242/1033/58 2248/1031/58 2250/1033/58
f 2256/1035/45 2258/1034/45 2257/1036/45
f 2252/1036/46 2254/1037/46 2253/1035/46
f 2259/1037/12 2253/1035/12 2254/1037/12
f 2257/1036/11 2255/1034/11 2252/1036/11
f 2261/1039/58 2262/1038/58 2260/1039/58
f 2264/1041/81 2266/1040/81 2265/1040/81
f 2264/1041/45 2260/1039/45 2262/1038/45
f 2267/1041/11 2262/1038/11 2263/1038/11
f 2265/1040/12 2261/1039/12 2260/1039/12
f 2266/1040/46 2263/1038/46 2261/1039/46
f 2269/1043/58 2270/1042/58 2268/1043/58
f 2272/1045/81 2274/1044/81 2273/1044/81
f 2272/1045/45 2268/1043/45 2270/1042/45
f 2275/1045/11 2270/1042/11 2271/1042/11
f 2273/1044/12 2269/1043/12 2268/1043/12
f 2274/1044/46 2271/1042/46 2269/1043/46
f 2277/1047/11 2278/1046/11 2276/1047/11
f 2280/1043/45 2276/1047/45 2278/1046/45
f 2280/1043/12 2282/1040/12 2281/1040/12
f 2282/1040/46 2279/1046/46 2277/1047/46
f 2285/1041/11 2286/1042/11 2284/1041/11
f 2288/1049/12 2290/1048/12 2289/1048/12
f 2286/1042/45 2289/1048/45 2284/1041/45
f 2290/1048/46 2287/1042/46 2285/1041/46
f 2293/1046/45 2297/1050/45 2296/1051/45
f 2299/1052/45 2295/1049/45 2298/1053/45
f 2297/1050/45 2294/1048/45 2299/1052/45
f 2295/1049/45 2296/1051/45 2298/1053/45
f 2305/1050/46 2301/1046/46 2304/1051/46
f 2307/1052/46 2303/1049/46 2302/1048/46
f 2305/1050/46 2302/1048/46 2300/1047/46
f 2304/1051/46 2303/1049/46 2306/1053/46
f 2307/1052/81 2297/1050/81 2299/1052/81
f 2307/1052/12 2298/1053/12 2306/1053/12
f 2304/1051/11 2297/1050/11 2305/1050/11
f 2298/1053/58 2304/1051/58 2306/1053/58
f 2312/1055/45 2314/1054/45 2313/1056/45
f 2308/1056/46 2310/1057/46 2309/1055/46
f 2315/1057/12 2309/1055/12 2310/1057/12
f 2313/1056/11 2311/1054/11 2308/1056/11
f 2317/1059/58 2318/1058/58 2316/1059/58
f 2320/1061/81 2322/1060/81 2321/1060/81
f 2320/1061/45 2316/1059/45 2318/1058/45
f 2323/1061/11 2318/1058/11 2319/1058/11
f 2321/1060/12 2317/1059/12 2316/1059/12
f 2322/1060/46 2319/1058/46 2317/1059/46
f 2325/1063/58 2326/1062/58 2324/1063/58
f 2328/1065/81 2330/1064/81 2329/1064/81
f 2328/1065/45 2324/1063/45 2326/1062/45
f 2331/1065/11 2326/1062/11 2327/1062/11
f 2329/1064/12 2325/1063/12 2324/1063/12
f 2330/1064/46 2327/1062/46 2325/1063/46
f 2333/1067/11 2334/1066/11 2332/1067/11
f 2336/1063/45 2332/1067/45 2334/1066/45
f 2336/1063/12 2338/1060/12 2337/1060/12
f 2338/1060/46 2335/1066/46 2333/1067/46
f 2341/1061/11 2342/1062/11 2340/1061/11
f 2344/1069/12 2346/1068/12 2345/1068/12
f 2342/1062/45 2345/1068/45 2340/1061/45
f 2346/1068/46 2343/1062/46 2341/1061/46
f 2349/1066/45 2353/1070/45 2352/1071/45
f 2355/1072/45 2351/1069/45 2354/1073/45
f 2348/1067/45 2355/1072/45 2353/1070/45
f 2351/1069/45 2352/1071/45 2354/1073/45
f 2361/1070/46 2357/1066/46 2360/1071/46
f 2363/1072/46 2359/1069/46 2358/1068/46
f 2363/1072/46 2356/1067/46 2361/1070/46
f 2360/1071/46 2359/1069/46 2362/1073/46
f 2363/1072/81 2353/1070/81 2355/1072/81
f 2363/1072/12 2354/1073/12 2362/1073/12
f 2360/1071/11 2353/1070/11 2361/1070/11
f 2354/1073/58 2360/1071/58 2362/1073/58
f 2368/1075/45 2370/1074/45 2369/1076/45
f 2364/1076/46 2366/1077/46 2365/1075/46
f 2371/1077/12 2365/1075/12 2366/1077/12
f 2369/1076/11 2367/1074/11 2364/1076/11
f 2373/1079/58 2374/1078/58 2372/1079/58
f 2376/1081/81 2378/1080/81 2377/1080/81
f 2376/1081/45 2372/1079/45 2374/1078/45
f 2379/1081/11 2374/1078/11 2375/1078/11
f 2377/1080/12 2373/1079/12 2372/1079/12
f 2378/1080/46 2375/1078/46 2373/1079/46
f 2381/1083/58 2382/1082/58 2380/1083/58
f 2384/1085/81 2386/1084/81 2385/1084/81
f 2384/1085/45 2380/1083/45 2382/1082/45
f 2387/1085/11 2382/1082/11 2383/1082/11
f 2385/1084/12 2381/1083/12 2380/1083/12
f 2386/1084/46 2383/1082/46 2381/1083/46
f 2389/1087/11 2390/1086/11 2388/1087/11
f 2392/1083/45 2388/1087/45 2390/1086/45
f 2392/1083/12 2394/1080/12 2393/1080/12
f 2394/1080/46 2391/1086/46 2389/1087/46
f 2397/1081/11 2398/1082/11 2396/1081/11
f 2400/1089/12 2402/1088/12 2401/1088/12
f 2400/1089/45 2396/1081/45 2398/1082/45
f 2402/1088/46 2399/1082/46 2397/1081/46
f 2405/1086/45 2409/1090/45 2408/1091/45
f 2411/1092/45 2407/1089/45 2410/1093/45
f 2409/1090/45 2406/1088/45 2411/1092/45
f 2407/1089/45 2408/1091/45 2410/1093/45
f 2417/1090/46 2413/1086/46 2416/1091/46
f 2419/1092/46 2415/1089/46 2414/1088/46
f 2417/1090/46 2414/1088/46 2412/1087/46
f 2416/1091/46 2415/1089/46 2418/1093/46
f 2419/1092/81 2409/1090/81 2411/1092/81
f 2419/1092/12 2410/1093/12 2418/1093/12
f 2416/1091/11 2409/1090/11 2417/1090/11
f 2410/1093/58 2416/1091/58 2418/1093/58
f 2424/1095/45 2426/1094/45 2425/1096/45
f 2420/1096/46 2422/1097/46 2421/1095/46
f 2427/1097/12 2421/1095/12 2422/1097/12
f 2425/1096/11 2423/1094/11 2420/1096/11
f 2430/1098/11 2429/1099/11 2428/1100/11
f 2434/1099/12 2432/1098/12 2433/1100/12
f 2431/1101/45 2434/1099/45 2429/1099/45
f 2428/1100/46 2432/1098/46 2430/1098/46
f 2430/1098/81 2435/1101/81 2431/1101/81
f 2429/1099/58 2433/1100/58 2428/1100/58
f 2438/1102/11 2443/1103/11 2439/1104/11
f 2437/1104/12 2440/1105/12 2436/1102/12
f 2439/1104/45 2441/1103/45 2437/1104/45
f 2436/1102/46 2442/1105/46 2438/1102/46
f 2451/1106/11 2446/1107/11 2447/1108/11
f 2448/1109/12 2445/1108/12 2444/1107/12
f 2449/1106/46 2447/1108/46 2445/1108/46
f 2450/1109/45 2444/1107/45 2446/1107/45
f 2454/1110/58 2453/1111/58 2452/1111/58
f 2458/1112/81 2456/1113/81 2457/1112/81
f 2452/1111/46 2456/1113/46 2454/1110/46
f 2454/1110/11 2459/1113/11 2455/1110/11
f 2453/1111/12 2457/1112/12 2452/1111/12
f 2455/1110/45 2458/1112/45 2453/1111/45
f 2462/1114/58 2461/1115/58 2460/1115/58
f 2466/1116/81 2464/1117/81 2465/1116/81
f 2460/1115/46 2464/1117/46 2462/1114/46
f 2462/1114/11 2467/1117/11 2463/1114/11
f 2461/1115/12 2465/1116/12 2460/1115/12
f 2463/1114/45 2466/1116/45 2461/1115/45
f 2470/1118/11 2469/1119/11 2468/1119/11
f 2468/1119/46 2472/1115/46 2470/1118/46
f 2474/1112/12 2472/1115/12 2473/1112/12
f 2471/1118/45 2474/1112/45 2469/1119/45
f 2478/1114/11 2477/1113/11 2476/1113/11
f 2482/1120/12 2480/1121/12 2481/1120/12
f 2476/1113/46 2480/1121/46 2478/1114/46
f 2479/1114/45 2482/1120/45 2477/1113/45
f 2489/1122/46 2485/1118/46 2488/1123/46
f 2491/1124/46 2487/1121/46 2486/1120/46
f 2491/1124/46 2484/1119/46 2489/1122/46
f 2488/1123/46 2487/1121/46 2490/1125/46
f 2493/1118/45 2497/1122/45 2496/1123/45
f 2499/1124/45 2495/1121/45 2498/1125/45
f 2492/1119/45 2499/1124/45 2497/1122/45
f 2495/1121/45 2496/1123/45 2498/1125/45
f 2489/1122/81 2499/1124/81 2491/1124/81
f 2490/1125/12 2499/1124/12 2498/1125/12
f 2489/1122/11 2496/1123/11 2497/1122/11
f 2496/1123/58 2490/1125/58 2498/1125/58
f 2502/1126/58 2501/1127/58 2500/1127/58
f 2506/1128/81 2504/1129/81 2505/1128/81
f 2500/1127/46 2504/1129/46 2502/1126/46
f 2502/1126/11 2507/1129/11 2503/1126/11
f 2501/1127/12 2505/1128/12 2500/1127/12
f 2503/1126/45 2506/1128/45 2501/1127/45
f 2510/1130/58 2509/1131/58 2508/1131/58
f 2514/1132/81 2512/1133/81 2513/1132/81
f 2508/1131/46 2512/1133/46 2510/1130/46
f 2510/1130/11 2515/1133/11 2511/1130/11
f 2509/1131/12 2513/1132/12 2508/1131/12
f 2511/1130/45 2514/1132/45 2509/1131/45
f 2518/1134/11 2517/1135/11 2516/1135/11
f 2516/1135/46 2520/1131/46 2518/1134/46
f 2522/1128/12 2520/1131/12 2521/1128/12
f 2519/1134/45 2522/1128/45 2517/1135/45
f 2526/1130/11 2525/1129/11 2524/1129/11
f 2530/1136/12 2528/1137/12 2529/1136/12
f 2526/1130/46 2529/1136/46 2528/1137/46
f 2527/1130/45 2530/1136/45 2525/1129/45
f 2537/1138/46 2533/1134/46 2536/1139/46
f 2539/1140/46 2535/1137/46 2534/1136/46
f 2537/1138/46 2534/1136/46 2532/1135/46
f 2536/1139/46 2535/1137/46 2538/1141/46
f 2541/1134/45 2545/1138/45 2544/1139/45
f 2547/1140/45 2543/1137/45 2546/1141/45
f 2545/1138/45 2542/1136/45 2547/1140/45
f 2543/1137/45 2544/1139/45 2546/1141/45
f 2537/1138/81 2547/1140/81 2539/1140/81
f 2538/1141/12 2547/1140/12 2546/1141/12
f 2537/1138/11 2544/1139/11 2545/1138/11
f 2544/1139/58 2538/1141/58 2546/1141/58
f 2550/1142/58 2549/1143/58 2548/1143/58
f 2554/1144/81 2552/1145/81 2553/1144/81
f 2548/1143/46 2552/1145/46 2550/1142/46
f 2550/1142/11 2555/1145/11 2551/1142/11
f 2549/1143/12 2553/1144/12 2548/1143/12
f 2551/1142/45 2554/1144/45 2549/1143/45
f 2558/1146/58 2557/1147/58 2556/1147/58
f 2562/1148/81 2560/1149/81 2561/1148/81
f 2556/1147/46 2560/1149/46 2558/1146/46
f 2558/1146/11 2563/1149/11 2559/1146/11
f 2557/1147/12 2561/1148/12 2556/1147/12
f 2559/1146/45 2562/1148/45 2557/1147/45
f 2566/1150/11 2565/1151/11 2564/1151/11
f 2564/1151/46 2568/1147/46 2566/1150/46
f 2570/1144/12 2568/1147/12 2569/1144/12
f 2567/1150/45 2570/1144/45 2565/1151/45
f 2574/1146/11 2573/1145/11 2572/1145/11
f 2578/1152/12 2576/1153/12 2577/1152/12
f 2572/1145/46 2576/1153/46 2574/1146/46
f 2575/1146/45 2578/1152/45 2573/1145/45
f 2585/1154/46 2581/1150/46 2584/1155/46
f 2587/1156/46 2583/1153/46 2582/1152/46
f 2585/1154/46 2582/1152/46 2580/1151/46
f 2584/1155/46 2583/1153/46 2586/1157/46
f 2589/1150/45 2593/1154/45 2592/1155/45
f 2595/1156/45 2591/1153/45 2594/1157/45
f 2593/1154/45 2590/1152/45 2595/1156/45
f 2591/1153/45 2592/1155/45 2594/1157/45
f 2585/1154/81 2595/1156/81 2587/1156/81
f 2586/1157/12 2595/1156/12 2594/1157/12
f 2585/1154/11 2592/1155/11 2593/1154/11
f 2592/1155/58 2586/1157/58 2594/1157/58
f 2598/1158/58 2597/1159/58 2596/1159/58
f 2602/1160/81 2600/1161/81 2601/1160/81
f 2596/1159/46 2600/1161/46 2598/1158/46
f 2598/1158/11 2603/1161/11 2599/1158/11
f 2597/1159/12 2601/1160/12 2596/1159/12
f 2599/1158/45 2602/1160/45 2597/1159/45
f 2606/1162/58 2605/1163/58 2604/1163/58
f 2610/1164/81 2608/1165/81 2609/1164/81
f 2604/1163/46 2608/1165/46 2606/1162/46
f 2606/1162/11 2611/1165/11 2607/1162/11
f 2605/1163/12 2609/1164/12 2604/1163/12
f 2607/1162/45 2610/1164/45 2605/1163/45
f 2614/1166/11 2613/1167/11 2612/1167/11
f 2612/1167/46 2616/1163/46 2614/1166/46
f 2618/1160/12 2616/1163/12 2617/1160/12
f 2615/1166/45 2618/1160/45 2613/1167/45
f 2622/1162/11 2621/1161/11 2620/1161/11
f 2626/1168/12 2624/1169/12 2625/1168/12
f 2620/1161/46 2624/1169/46 2622/1162/46
f 2623/1162/45 2626/1168/45 2621/1161/45
f 2633/1170/46 2629/1166/46 2632/1171/46
f 2635/1172/46 2631/1169/46 2630/1168/46
f 2635/1172/46 2628/1167/46 2633/1170/46
f 2632/1171/46 2631/1169/46 2634/1173/46
f 2637/1166/45 2641/1170/45 2640/1171/45
f 2643/1172/45 2639/1169/45 2642/1173/45
f 2636/1167/45 2643/1172/45 2641/1170/45
f 2639/1169/45 2640/1171/45 2642/1173/45
f 2633/1170/81 2643/1172/81 2635/1172/81
f 2634/1173/12 2643/1172/12 2642/1173/12
f 2633/1170/11 2640/1171/11 2641/1170/11
f 2640/1171/58 2634/1173/58 2642/1173/58
f 2645/1111/58 2646/1110/58 2644/1111/58
f 2648/1113/81 2650/1112/81 2649/1112/81
f 2648/1113/45 2644/1111/45 2646/1110/45
f 2651/1113/11 2646/1110/11 2647/1110/11
f 2649/1112/12 2645/1111/12 2644/1111/12
f 2650/1112/46 2647/1110/46 2645/1111/46
f 2653/1115/58 2654/1114/58 2652/1115/58
f 2656/1117/81 2658/1116/81 2657/1116/81
f 2656/1117/45 2652/1115/45 2654/1114/45
f 2659/1117/11 2654/1114/11 2655/1114/11
f 2657/1116/12 2653/1115/12 2652/1115/12
f 2658/1116/46 2655/1114/46 2653/1115/46
f 2661/1119/11 2662/1118/11 2660/1119/11
f 2664/1115/45 2660/1119/45 2662/1118/45
f 2664/1115/12 2666/1112/12 2665/1112/12
f 2666/1112/46 2663/1118/46 2661/1119/46
f 2669/1113/11 2670/1114/11 2668/1113/11
f 2672/1121/12 2674/1120/12 2673/1120/12
f 2672/1121/45 2668/1113/45 2670/1114/45
f 2674/1120/46 2671/1114/46 2669/1113/46
f 2677/1118/45 2681/1122/45 2680/1123/45
f 2683/1124/45 2679/1121/45 2682/1125/45
f 2676/1119/45 2683/1124/45 2681/1122/45
f 2679/1121/45 2680/1123/45 2682/1125/45
f 2689/1122/46 2685/1118/46 2688/1123/46
f 2691/1124/46 2687/1121/46 2686/1120/46
f 2691/1124/46 2684/1119/46 2689/1122/46
f 2688/1123/46 2687/1121/46 2690/1125/46
f 2691/1124/81 2681/1122/81 2683/1124/81
f 2691/1124/12 2682/1125/12 2690/1125/12
f 2688/1123/11 2681/1122/11 2689/1122/11
f 2682/1125/58 2688/1123/58 2690/1125/58
f 2693/1127/58 2694/1126/58 2692/1127/58
f 2696/1129/81 2698/1128/81 2697/1128/81
f 2696/1129/45 2692/1127/45 2694/1126/45
f 2699/1129/11 2694/1126/11 2695/1126/11
f 2697/1128/12 2693/1127/12 2692/1127/12
f 2698/1128/46 2695/1126/46 2693/1127/46
f 2701/1131/58 2702/1130/58 2700/1131/58
f 2704/1133/81 2706/1132/81 2705/1132/81
f 2704/1133/45 2700/1131/45 2702/1130/45
f 2707/1133/11 2702/1130/11 2703/1130/11
f 2705/1132/12 2701/1131/12 2700/1131/12
f 2706/1132/46 2703/1130/46 2701/1131/46
f 2709/1135/11 2710/1134/11 2708/1135/11
f 2712/1131/45 2708/1135/45 2710/1134/45
f 2712/1131/12 2714/1128/12 2713/1128/12
f 2714/1128/46 2711/1134/46 2709/1135/46
f 2717/1129/11 2718/1130/11 2716/1129/11
f 2720/1137/12 2722/1136/12 2721/1136/12
f 2718/1130/45 2721/1136/45 2716/1129/45
f 2722/1136/46 2719/1130/46 2717/1129/46
f 2725/1134/45 2729/1138/45 2728/1139/45
f 2731/1140/45 2727/1137/45 2730/1141/45
f 2729/1138/45 2726/1136/45 2731/1140/45
f 2727/1137/45 2728/1139/45 2730/1141/45
f 2737/1138/46 2733/1134/46 2736/1139/46
f 2739/1140/46 2735/1137/46 2734/1136/46
f 2737/1138/46 2734/1136/46 2732/1135/46
f 2736/1139/46 2735/1137/46 2738/1141/46
f 2739/1140/81 2729/1138/81 2731/1140/81
f 2739/1140/12 2730/1141/12 2738/1141/12
f 2736/1139/11 2729/1138/11 2737/1138/11
f 2730/1141/58 2736/1139/58 2738/1141/58
f 2741/1143/58 2742/1142/58 2740/1143/58
f 2744/1145/81 2746/1144/81 2745/1144/81
f 2744/1145/45 2740/1143/45 2742/1142/45
f 2747/1145/11 2742/1142/11 2743/1142/11
f 2745/1144/12 2741/1143/12 2740/1143/12
f 2746/1144/46 2743/1142/46 2741/1143/46
f 2749/1147/58 2750/1146/58 2748/1147/58
f 2752/1149/81 2754/1148/81 2753/1148/81
f 2752/1149/45 2748/1147/45 2750/1146/45
f 2755/1149/11 2750/1146/11 2751/1146/11
f 2753/1148/12 2749/1147/12 2748/1147/12
f 2754/1148/46 2751/1146/46 2749/1147/46
f 2757/1151/11 2758/1150/11 2756/1151/11
f 2760/1147/45 2756/1151/45 2758/1150/45
f 2760/1147/12 2762/1144/12 2761/1144/12
f 2762/1144/46 2759/1150/46 2757/1151/46
f 2765/1145/11 2766/1146/11 2764/1145/11
f 2768/1153/12 2770/1152/12 2769/1152/12
f 2768/1153/45 2764/1145/45 2766/1146/45
f 2770/1152/46 2767/1146/46 2765/1145/46
f 2773/1150/45 2777/1154/45 2776/1155/45
f 2779/1156/45 2775/1153/45 2778/1157/45
f 2777/1154/45 2774/1152/45 2779/1156/45
f 2775/1153/45 2776/1155/45 2778/1157/45
f 2785/1154/46 2781/1150/46 2784/1155/46
f 2787/1156/46 2783/1153/46 2782/1152/46
f 2785/1154/46 2782/1152/46 2780/1151/46
f 2784/1155/46 2783/1153/46 2786/1157/46
f 2787/1156/81 2777/1154/81 2779/1156/81
f 2787/1156/12 2778/1157/12 2786/1157/12
f 2784/1155/11 2777/1154/11 2785/1154/11
f 2778/1157/58 2784/1155/58 2786/1157/58
f 2789/1159/58 2790/1158/58 2788/1159/58
f 2792/1161/81 2794/1160/81 2793/1160/81
f 2792/1161/45 2788/1159/45 2790/1158/45
f 2795/1161/11 2790/1158/11 2791/1158/11
f 2793/1160/12 2789/1159/12 2788/1159/12
f 2794/1160/46 2791/1158/46 2789/1159/46
f 2797/1163/58 2798/1162/58 2796/1163/58
f 2800/1165/81 2802/1164/81 2801/1164/81
f 2800/1165/45 2796/1163/45 2798/1162/45
f 2803/1165/11 2798/1162/11 2799/1162/11
f 2801/1164/12 2797/1163/12 2796/1163/12
f 2802/1164/46 2799/1162/46 2797/1163/46
f 2805/1167/11 2806/1166/11 2804/1167/11
f 2808/1163/45 2804/1167/45 2806/1166/45
f 2808/1163/12 2810/1160/12 2809/1160/12
f 2810/1160/46 2807/1166/46 2805/1167/46
f 2813/1161/11 2814/1162/11 2812/1161/11
f 2816/1169/12 2818/1168/12 2817/1168/12
f 2816/1169/45 2812/1161/45 2814/1162/45
f 2818/1168/46 2815/1162/46 2813/1161/46
f 2821/1166/45 2825/1170/45 2824/1171/45
f 2827/1172/45 2823/1169/45 2826/1173/45
f 2820/1167/45 2827/1172/45 2825/1170/45
f 2823/1169/45 2824/1171/45 2826/1173/45
f 2833/1170/46 2829/1166/46 2832/1171/46
f 2835/1172/46 2831/1169/46 2830/1168/46
f 2835/1172/46 2828/1167/46 2833/1170/46
f 2832/1171/46 2831/1169/46 2834/1173/46
f 2835/1172/81 2825/1170/81 2827/1172/81
f 2835/1172/12 2826/1173/12 2834/1173/12
f 2832/1171/11 2825/1170/11 2833/1170/11
f 2826/1173/58 2832/1171/58 2834/1173/58
f 2838/1174/58 2837/1175/58 2836/1175/58
f 2842/1176/81 2840/1177/81 2841/1176/81
f 2836/1175/46 2840/1177/46 2838/1174/46
f 2838/1174/11 2843/1177/11 2839/1174/11
f 2837/1175/12 2841/1176/12 2836/1175/12
f 2839/1174/45 2842/1176/45 2837/1175/45
f 2846/1178/58 2845/1179/58 2844/1179/58
f 2850/1180/81 2848/1181/81 2849/1180/81
f 2844/1179/46 2848/1181/46 2846/1178/46
f 2846/1178/11 2851/1181/11 2847/1178/11
f 2845/1179/12 2849/1180/12 2844/1179/12
f 2847/1178/45 2850/1180/45 2845/1179/45
f 2854/1182/11 2853/1183/11 2852/1183/11
f 2852/1183/46 2856/1184/46 2854/1182/46
f 2858/1176/12 2856/1184/12 2857/1176/12
f 2855/1182/45 2858/1176/45 2853/1183/45
f 2862/1185/11 2861/1177/11 2860/1177/11
f 2866/1186/12 2864/1187/12 2865/1186/12
f 2860/1177/46 2864/1187/46 2862/1185/46
f 2863/1185/45 2866/1186/45 2861/1177/45
f 2872/1188/46 2868/1183/46 2869/1182/46
f 2874/1189/46 2870/1186/46 2875/1190/46
f 2873/1191/46 2870/1186/46 2868/1183/46
f 2872/1188/46 2871/1187/46 2874/1189/46
f 2880/1188/45 2876/1183/45 2881/1191/45
f 2878/1186/45 2882/1189/45 2883/1190/45
f 2881/1191/45 2878/1186/45 2883/1190/45
f 2879/1187/45 2880/1188/45 2882/1189/45
f 2873/1191/81 2883/1190/81 2875/1190/81
f 2874/1189/12 2883/1190/12 2882/1189/12
f 2873/1191/11 2880/1188/11 2881/1191/11
f 2880/1188/58 2874/1189/58 2882/1189/58
f 2886/1192/46 2885/1193/46 2884/1194/46
f 2890/1193/45 2888/1192/45 2889/1194/45
f 2887/1195/58 2890/1193/58 2885/1193/58
f 2884/1194/81 2888/1192/81 2886/1192/81
f 2894/1102/11 2899/1196/11 2895/1104/11
f 2893/1104/12 2896/1197/12 2892/1102/12
f 2895/1104/45 2897/1196/45 2893/1104/45
f 2892/1102/46 2898/1197/46 2894/1102/46
f 2907/1198/11 2902/1107/11 2903/1108/11
f 2904/1199/12 2901/1108/12 2900/1107/12
f 2905/1198/46 2903/1108/46 2901/1108/46
f 2906/1199/45 2900/1107/45 2902/1107/45
f 2910/1200/11 2909/1201/11 2908/1202/11
f 2914/1201/12 2912/1200/12 2913/1202/12
f 2910/1200/81 2915/1203/81 2911/1203/81
f 2909/1201/58 2913/1202/58 2908/1202/58
f 2916/1204/11 2919/1205/11 2917/1206/11
f 2923/1205/12 2920/1204/12 2921/1206/12
f 2927/1205/12 2924/1204/12 2925/1206/12
f 2928/1204/11 2930/1205/11 2929/1206/11
f 2929/1206/81 2923/1205/81 2921/1206/81
f 2927/1205/81 2917/1206/81 2919/1205/81
f 2931/1207/58 2920/1204/58 2922/1207/58
f 2924/1204/58 2918/1207/58 2916/1204/58
f 2934/1208/58 2933/1209/58 2932/1208/58
f 2938/1210/81 2936/1211/81 2937/1211/81
f 2935/1209/45 2938/1210/45 2933/1209/45
f 2932/1208/46 2936/1211/46 2934/1208/46
f 2934/1208/11 2939/1210/11 2935/1209/11
f 2933/1209/12 2937/1211/12 2932/1208/12
f 2942/1212/58 2941/1213/58 2940/1212/58
f 2946/1214/81 2944/1215/81 2945/1215/81
f 2943/1213/45 2946/1214/45 2941/1213/45
f 2940/1212/46 2944/1215/46 2942/1212/46
f 2942/1212/11 2947/1214/11 2943/1213/11
f 2941/1213/12 2945/1215/12 2940/1212/12
f 2950/1212/46 2949/1211/46 2948/1212/46
f 2954/1216/45 2952/1217/45 2953/1217/45
f 2950/1212/11 2955/1216/11 2951/1211/11
f 2949/1211/12 2953/1217/12 2948/1212/12
f 2958/1218/46 2957/1219/46 2956/1218/46
f 2962/1210/45 2960/1213/45 2961/1213/45
f 2959/1219/58 2962/1210/58 2957/1219/58
f 2958/1218/11 2963/1210/11 2959/1219/11
f 2957/1219/12 2961/1213/12 2956/1218/12
f 2956/1218/81 2960/1213/81 2958/1218/81
f 2965/1220/46 2966/1221/46 2964/1221/46
f 2967/1220/11 2970/1222/11 2966/1221/11
f 2971/1223/45 2968/1222/45 2970/1222/45
f 2969/1223/12 2964/1221/12 2968/1222/12
f 2973/1224/82 2974/1225/82 2972/1225/82
f 2974/1225/11 2979/1226/11 2978/1227/11
f 2979/1226/83 2976/1227/83 2978/1227/83
f 2977/1226/12 2972/1225/12 2976/1227/12
f 2980/1228/84 2983/1229/84 2981/1229/84
f 2982/1228/11 2987/1230/11 2983/1229/11
f 2984/1231/85 2987/1230/85 2986/1231/85
f 2980/1228/12 2985/1230/12 2984/1231/12
f 2989/1220/46 2990/1221/46 2988/1221/46
f 2991/1220/11 2994/1222/11 2990/1221/11
f 2995/1223/45 2992/1222/45 2994/1222/45
f 2993/1223/12 2988/1221/12 2992/1222/12
f 2997/1224/82 2998/1232/82 2996/1232/82
f 2998/1232/11 3003/1226/11 3002/1227/11
f 3003/1226/83 3000/1227/83 3002/1227/83
f 3001/1226/12 2996/1232/12 3000/1227/12
f 3004/1233/84 3007/1229/84 3005/1229/84
f 3006/1233/11 3011/1230/11 3007/1229/11
f 3008/1231/85 3011/1230/85 3010/1231/85
f 3004/1233/12 3009/1230/12 3008/1231/12
f 3013/1220/46 3014/1221/46 3012/1221/46
f 3015/1220/11 3018/1222/11 3014/1221/11
f 3019/1223/45 3016/1222/45 3018/1222/45
f 3017/1223/12 3012/1221/12 3016/1222/12
f 3021/1224/82 3022/1232/82 3020/1232/82
f 3022/1232/11 3027/1226/11 3026/1227/11
f 3026/1227/83 3025/1226/83 3024/1227/83
f 3025/1226/12 3020/1232/12 3024/1227/12
f 3030/1228/84 3029/1229/84 3028/1228/84
f 3030/1228/11 3035/1230/11 3031/1229/11
f 3034/1231/85 3033/1230/85 3035/1230/85
f 3028/1228/12 3033/1230/12 3032/1231/12
f 3037/1234/46 3038/1235/46 3036/1235/46
f 3039/1234/11 3042/1236/11 3038/1235/11
f 3043/1237/45 3040/1236/45 3042/1236/45
f 3041/1237/12 3036/1235/12 3040/1236/12
f 3045/1224/82 3046/1232/82 3044/1232/82
f 3046/1232/11 3051/1238/11 3050/1239/11
f 3051/1238/83 3048/1239/83 3050/1239/83
f 3049/1238/12 3044/1232/12 3048/1239/12
f 3052/1233/84 3055/1229/84 3053/1229/84
f 3054/1233/11 3059/1240/11 3055/1229/11
f 3056/1241/85 3059/1240/85 3058/1241/85
f 3052/1233/12 3057/1240/12 3056/1241/12
f 3061/1234/46 3062/1221/46 3060/1221/46
f 3063/1234/11 3066/1222/11 3062/1221/11
f 3067/1237/45 3064/1222/45 3066/1222/45
f 3065/1237/12 3060/1221/12 3064/1222/12
f 3069/1224/82 3070/1232/82 3068/1232/82
f 3070/1232/11 3075/1238/11 3074/1227/11
f 3075/1238/83 3072/1227/83 3074/1227/83
f 3073/1238/12 3068/1232/12 3072/1227/12
f 3076/1233/84 3079/1229/84 3077/1229/84
f 3078/1233/11 3083/1240/11 3079/1229/11
f 3080/1231/85 3083/1240/85 3082/1231/85
f 3076/1233/12 3081/1240/12 3080/1231/12
f 3087/1242/11 3090/1243/11 3086/1244/11
f 3089/1245/12 3084/1244/12 3088/1243/12
f 3090/1243/58 3084/1244/58 3086/1244/58
f 3087/1242/81 3089/1245/81 3091/1245/81
f 3095/1242/11 3098/1243/11 3094/1244/11
f 3097/1245/12 3092/1244/12 3096/1243/12
f 3098/1243/58 3092/1244/58 3094/1244/58
f 3095/1242/81 3097/1245/81 3099/1245/81
f 3103/1246/11 3106/1243/11 3102/1244/11
f 3105/1247/12 3100/1244/12 3104/1243/12
f 3106/1243/58 3100/1244/58 3102/1244/58
f 3103/1246/81 3105/1247/81 3107/1247/81
f 3111/1242/11 3114/1243/11 3110/1244/11
f 3113/1245/12 3108/1244/12 3112/1243/12
f 3114/1243/58 3108/1244/58 3110/1244/58
f 3111/1242/81 3113/1245/81 3115/1245/81
f 3119/1242/11 3122/1243/11 3118/1244/11
f 3121/1245/12 3116/1244/12 3120/1243/12
f 3122/1243/58 3116/1244/58 3118/1244/58
f 3119/1242/81 3121/1245/81 3123/1245/81
f 3222/1248/71 3226/1249/71 3223/1250/71
f 3218/1251/71 3224/1252/71 3219/1253/71
f 3214/1254/71 3220/1255/71 3215/1256/71
f 3141/1257/72 3143/1258/72 3140/1259/72
f 3137/1260/72 3139/1261/72 3136/1262/72
f 3146/1263/86 3131/1264/86 3147/1265/86
f 3145/1266/72 3198/1267/72 3144/1268/72
f 3129/1269/72 3200/1270/72 3128/1271/72
f 3202/1272/71 3208/1273/71 3203/1274/71
f 3206/1275/71 3212/1276/71 3207/1277/71
f 3210/1278/71 3216/1279/71 3211/1280/71
f 3148/1281/71 3204/1282/71 3149/1283/71
f 3133/1284/72 3135/1285/72 3132/1286/72
f 3186/1287/87 3227/1288/87 3222/1248/87
f 3157/1289/11 3133/1284/11 3154/1290/11
f 3172/1291/88 3205/1292/88 3197/1291/88
f 3160/1293/89 3144/1268/89 3168/1294/89
f 3165/1295/90 3136/1262/90 3139/1261/90
f 3159/1296/11 3137/1260/11 3156/1297/11
f 3194/1298/89 3207/1277/89 3175/1299/89
f 3167/1300/91 3142/1301/91 3161/1302/91
f 3152/1303/90 3147/1265/90 3131/1264/90
f 3155/1304/11 3146/1263/11 3127/1263/11
f 3174/1305/91 3209/1306/91 3195/1307/91
f 3158/1308/92 3140/1259/92 3166/1309/92
f 3167/1300/12 3140/1259/12 3143/1258/12
f 3161/1302/11 3141/1257/11 3158/1308/11
f 3192/1310/89 3211/1280/89 3177/1311/89
f 3165/1295/88 3138/1312/88 3159/1296/88
f 3169/1313/12 3144/1268/12 3198/1267/12
f 3125/1314/89 3149/1283/89 3124/1315/89
f 3163/1316/11 3145/1266/11 3160/1293/11
f 3176/1317/91 3213/1318/91 3193/1319/91
f 3156/1297/89 3136/1262/89 3151/1320/89
f 3171/1321/90 3128/1271/90 3200/1270/90
f 3164/1322/11 3129/1269/11 3162/1323/11
f 3190/1324/89 3215/1256/89 3179/1325/89
f 3150/1326/91 3134/1327/91 3157/1289/91
f 3178/1328/91 3217/1329/91 3191/1330/91
f 3154/1290/89 3132/1286/89 3153/1331/89
f 3124/1315/12 3204/1282/12 3172/1291/12
f 3125/1314/11 3205/1292/11 3148/1281/11
f 3188/1332/89 3219/1253/89 3181/1333/89
f 3152/1303/91 3130/1334/91 3155/1304/91
f 3173/1335/12 3208/1273/12 3174/1305/12
f 3196/1336/87 3209/1306/87 3202/1272/87
f 3180/1337/91 3221/1338/91 3189/1339/91
f 3162/1323/89 3128/1271/89 3170/1340/89
f 3175/1299/12 3212/1276/12 3176/1317/12
f 3194/1298/87 3213/1318/87 3206/1275/87
f 3186/1287/92 3223/1250/92 3183/1341/92
f 3169/1313/91 3199/1342/91 3163/1316/91
f 3177/1311/12 3216/1279/12 3178/1328/12
f 3192/1310/11 3217/1329/11 3210/1278/11
f 3182/1343/88 3225/1344/88 3187/1345/88
f 3179/1325/12 3220/1255/12 3180/1337/12
f 3190/1324/11 3221/1338/11 3214/1254/11
f 3171/1321/91 3201/1346/91 3164/1322/91
f 3181/1333/12 3224/1252/12 3182/1343/12
f 3188/1332/11 3225/1344/11 3218/1251/11
f 3184/1347/88 3227/1288/88 3185/1348/88
f 3196/1336/89 3203/1274/89 3173/1335/89
f 3183/1341/12 3226/1249/12 3184/1347/12
f 3150/1326/90 3132/1286/90 3135/1285/90
f 3326/1349/76 3322/1350/76 3323/1351/76
f 3324/1352/76 3318/1353/76 3319/1354/76
f 3320/1355/76 3314/1356/76 3315/1357/76
f 3245/1358/77 3243/1359/77 3242/1360/77
f 3241/1361/77 3239/1362/77 3238/1363/77
f 3233/1364/93 3146/1263/93 3147/1265/93
f 3298/1365/77 3247/1366/77 3246/1367/77
f 3300/1368/77 3231/1369/77 3230/1370/77
f 3308/1371/76 3302/1372/76 3303/1373/76
f 3312/1374/76 3306/1375/76 3307/1376/76
f 3316/1377/76 3310/1378/76 3311/1379/76
f 3304/1380/76 3248/1381/76 3249/1382/76
f 3237/1383/77 3235/1384/77 3234/1385/77
f 3286/1386/11 3327/1387/11 3285/1388/11
f 3235/1384/11 3257/1389/11 3254/1390/11
f 3305/1391/94 3272/1392/94 3297/1392/94
f 3246/1367/95 3260/1393/95 3268/1394/95
f 3265/1395/12 3238/1363/12 3251/1396/12
f 3239/1362/11 3259/1397/11 3256/1398/11
f 3307/1376/95 3294/1399/95 3275/1400/95
f 3244/1401/94 3267/1402/94 3261/1403/94
f 3252/1404/90 3147/1265/90 3126/1265/90
f 3146/1263/11 3255/1405/11 3127/1263/11
f 3309/1406/96 3274/1407/96 3295/1408/96
f 3242/1360/97 3258/1409/97 3266/1410/97
f 3267/1402/12 3242/1360/12 3266/1410/12
f 3243/1359/11 3261/1403/11 3258/1409/11
f 3311/1379/95 3292/1411/95 3277/1412/95
f 3240/1413/96 3265/1395/96 3259/1397/96
f 3269/1414/12 3246/1367/12 3268/1394/12
f 3249/1382/95 3229/1415/95 3228/1416/95
f 3247/1366/11 3263/1417/11 3260/1393/11
f 3313/1418/94 3276/1419/94 3293/1420/94
f 3238/1363/95 3256/1398/95 3251/1396/95
f 3271/1421/90 3230/1370/90 3270/1422/90
f 3231/1369/11 3264/1423/11 3262/1424/11
f 3315/1357/95 3290/1425/95 3279/1426/95
f 3236/1427/94 3250/1428/94 3257/1389/94
f 3317/1429/94 3278/1430/94 3291/1431/94
f 3234/1385/95 3254/1390/95 3253/1432/95
f 3304/1380/12 3228/1416/12 3272/1392/12
f 3229/1415/98 3305/1391/98 3297/1392/98
f 3319/1354/95 3288/1433/95 3281/1434/95
f 3232/1435/94 3252/1404/94 3255/1405/94
f 3308/1371/99 3273/1436/99 3274/1407/99
f 3296/1437/11 3309/1406/11 3295/1408/11
f 3321/1438/94 3280/1439/94 3289/1440/94
f 3230/1370/95 3262/1424/95 3270/1422/95
f 3312/1374/12 3275/1400/12 3276/1419/12
f 3294/1399/11 3313/1418/11 3293/1420/11
f 3323/1351/97 3286/1386/97 3283/1441/97
f 3299/1442/94 3269/1414/94 3263/1417/94
f 3316/1377/99 3277/1412/99 3278/1430/99
f 3292/1411/11 3317/1429/11 3291/1431/11
f 3325/1443/96 3282/1444/96 3287/1445/96
f 3320/1355/12 3279/1426/12 3280/1439/12
f 3290/1425/11 3321/1438/11 3289/1440/11
f 3301/1446/94 3271/1421/94 3264/1423/94
f 3324/1352/12 3281/1434/12 3282/1444/12
f 3288/1433/11 3325/1443/11 3287/1445/11
f 3327/1387/96 3284/1447/96 3285/1388/96
f 3303/1373/95 3296/1437/95 3273/1436/95
f 3326/1349/12 3283/1441/12 3284/1447/12
f 3250/1428/90 3234/1385/90 3253/1432/90
f 3351/1448/12 3332/1449/12 3354/1448/12
f 3515/1450/58 3514/1451/58 3551/1452/58
f 3335/1453/12 3371/1454/12 3374/1453/12
f 3336/1455/12 3369/1456/12 3372/1457/12
f 3421/1458/11 3563/1459/11 3578/1459/11
f 3339/1460/12 3365/1461/12 3368/1460/12
f 3341/1462/12 3363/1463/12 3366/1462/12
f 3343/1464/12 3361/1465/12 3364/1464/12
f 3546/1466/81 3412/1467/81 3507/1466/81
f 3346/1468/12 3357/1469/12 3360/1468/12
f 3461/1470/46 3526/1471/46 3539/1472/46
f 3349/1473/12 3353/1474/12 3356/1473/12
f 3455/1475/46 3331/1476/46 3333/1449/46
f 3330/1477/46 3334/1478/46 3329/1479/46
f 3533/1480/58 3451/1480/58 3552/1481/58
f 3393/1482/46 3337/1454/46 3335/1453/46
f 3391/1483/46 3338/1484/46 3336/1455/46
f 3388/1485/81 3560/1486/81 3590/1485/81
f 3475/1487/46 3480/1488/46 3339/1460/46
f 3341/1462/46 3498/1489/46 3344/1463/46
f 3500/1490/46 3345/1465/46 3343/1464/46
f 3519/1491/81 3562/1492/81 3564/1493/81
f 3492/1494/46 3348/1469/46 3346/1468/46
f 3358/1495/81 3420/1467/81 3412/1467/81
f 3495/1496/46 3352/1474/46 3349/1473/46
f 3329/1479/12 3375/1478/12 3328/1479/12
f 3399/1497/11 3414/1498/11 3417/1498/11
f 3552/1481/45 3451/1480/45 3595/1499/45
f 3516/1500/81 3556/1501/81 3558/1502/81
f 3429/1503/11 3403/1504/11 3431/1505/11
f 3446/1506/45 3558/1502/45 3405/1507/45
f 3559/1508/45 3472/1487/45 3591/1509/45
f 3423/1510/11 3406/1511/11 3426/1511/11
f 3422/1512/11 3408/1513/11 3424/1513/11
f 3346/1468/81 3565/1514/81 3567/1515/81
f 3602/1516/45 3567/1515/45 3569/1517/45
f 3418/1518/11 3412/1467/11 3420/1467/11
f 3415/1519/45 3486/1520/45 3489/1521/45
f 3453/1475/45 3484/1522/45 3400/1497/45
f 3401/1523/45 3397/1477/45 3396/1524/45
f 3549/1525/81 3548/1526/81 3512/1527/81
f 3337/1454/58 3553/1528/58 3555/1529/58
f 3404/1530/45 3449/1483/45 3403/1504/45
f 3370/1531/81 3581/1501/81 3556/1501/81
f 3368/1460/81 3428/1532/81 3561/1532/81
f 3406/1511/45 3502/1489/45 3508/1533/45
f 3410/1512/45 3505/1490/45 3408/1513/45
f 3362/1534/81 3579/1492/81 3562/1492/81
f 3360/1468/81 3565/1514/81 3346/1468/81
f 3413/1518/45 3487/1535/45 3488/1536/45
f 3356/1473/81 3571/1537/81 3349/1473/81
f 3433/1523/11 3396/1524/11 3395/1524/11
f 3511/1538/46 3534/1539/46 3513/1540/46
f 3394/1541/58 3401/1523/58 3334/1478/58
f 3393/1482/81 3402/1542/81 3450/1482/81
f 3392/1543/58 3553/1528/58 3337/1454/58
f 3391/1483/81 3403/1504/81 3449/1483/81
f 3554/1544/45 3450/1482/45 3402/1542/45
f 3531/1545/46 3340/1546/46 3517/1547/46
f 3390/1548/58 3404/1530/58 3338/1484/58
f 3407/1549/11 3559/1508/11 3561/1532/11
f 3389/1506/58 3405/1507/58 3340/1546/58
f 3473/1550/81 3445/1551/81 3386/1551/81
f 3499/1552/58 3407/1549/58 3342/1461/58
f 3477/1553/12 3537/1554/12 3468/1555/12
f 3498/1489/58 3409/1510/58 3344/1463/58
f 3456/1556/81 3441/1557/81 3384/1557/81
f 3491/1558/58 3410/1512/58 3345/1465/58
f 3457/1559/81 3440/1560/81 3382/1560/81
f 3493/1561/58 3411/1458/58 3347/1562/58
f 3461/1470/81 3439/1563/81 3380/1563/81
f 3349/1473/81 3571/1537/81 3573/1564/81
f 3459/1565/81 3437/1566/81 3379/1566/81
f 3497/1535/58 3413/1518/58 3350/1567/58
f 3454/1568/81 3435/1569/81 3377/1569/81
f 3483/1520/58 3415/1519/58 3352/1474/58
f 3515/1450/12 3373/1450/12 3512/1527/12
f 3375/1478/58 3401/1523/58 3433/1523/58
f 3374/1453/81 3402/1542/81 3335/1453/81
f 3427/1570/11 3557/1571/11 3580/1571/11
f 3372/1457/81 3403/1504/81 3336/1455/81
f 3555/1529/11 3554/1544/11 3402/1542/11
f 3518/1531/12 3340/1546/12 3367/1572/12
f 3369/1456/58 3404/1530/58 3429/1503/58
f 3503/1561/45 3564/1493/45 3411/1458/45
f 3367/1572/58 3405/1507/58 3427/1570/58
f 3366/1462/81 3406/1511/81 3341/1462/81
f 3365/1461/58 3407/1549/58 3425/1549/58
f 3364/1464/81 3408/1513/81 3343/1464/81
f 3363/1463/58 3409/1510/58 3423/1510/58
f 3521/1534/12 3347/1562/12 3359/1562/12
f 3361/1465/58 3410/1512/58 3422/1512/58
f 3348/1469/58 3568/1573/58 3570/1574/58
f 3359/1562/58 3411/1458/58 3421/1458/58
f 3524/1495/12 3350/1567/12 3355/1567/12
f 3496/1575/58 3568/1573/58 3348/1469/58
f 3460/1576/58 3585/1577/58 3598/1576/58
f 3355/1567/58 3413/1518/58 3418/1518/58
f 3354/1448/81 3414/1498/81 3351/1448/81
f 3353/1474/58 3415/1519/58 3416/1519/58
f 3538/1555/58 3442/1578/58 3468/1555/58
f 3462/1579/58 3436/1580/58 3465/1579/58
f 3484/1522/81 3455/1475/81 3481/1522/81
f 3482/1581/81 3414/1498/81 3485/1581/81
f 3541/1553/81 3443/1582/81 3530/1582/81
f 3520/1583/46 3493/1561/46 3347/1562/46
f 3458/1584/58 3587/1585/58 3596/1584/58
f 3474/1586/58 3589/1587/58 3600/1586/58
f 3479/1488/11 3499/1552/11 3480/1488/11
f 3481/1522/11 3485/1581/11 3484/1522/11
f 3495/1496/11 3490/1496/11 3489/1521/11
f 3500/1490/11 3504/1558/11 3491/1558/11
f 3494/1533/11 3502/1489/11 3498/1489/11
f 3545/1588/11 3507/1466/11 3488/1536/11
f 3416/1519/11 3572/1589/11 3574/1589/11
f 3458/1584/12 3596/1584/12 3597/1590/12
f 3466/1591/45 3439/1563/45 3470/1470/45
f 3474/1586/12 3600/1586/12 3601/1592/12
f 3503/1561/11 3493/1561/11 3543/1593/11
f 3462/1579/12 3471/1565/12 3459/1565/12
f 3453/1475/12 3454/1568/12 3455/1475/12
f 3478/1550/12 3464/1594/12 3476/1594/12
f 3492/1494/11 3506/1494/11 3602/1516/11
f 3539/1472/12 3466/1591/12 3470/1470/12
f 3460/1576/12 3598/1576/12 3599/1595/12
f 3457/1559/46 3381/1577/46 3460/1576/46
f 3465/1579/45 3437/1566/45 3471/1565/45
f 3542/1596/46 3528/1597/46 3537/1554/46
f 3473/1550/46 3385/1598/46 3464/1594/46
f 3459/1565/46 3378/1580/46 3462/1579/46
f 3494/1533/81 3406/1511/81 3508/1533/81
f 3500/1490/81 3408/1513/81 3505/1490/81
f 3472/1487/58 3480/1488/58 3475/1487/58
f 3570/1574/11 3569/1517/11 3566/1599/11
f 3597/1590/45 3441/1557/45 3467/1556/45
f 3599/1595/45 3440/1560/45 3469/1559/45
f 3464/1594/58 3444/1598/58 3476/1594/58
f 3476/1594/45 3445/1551/45 3478/1550/45
f 3545/1588/46 3350/1567/46 3523/1600/46
f 3540/1591/58 3438/1601/58 3466/1591/58
f 3456/1556/46 3383/1585/46 3458/1584/46
f 3468/1555/45 3443/1582/45 3477/1553/45
f 3510/1602/100 3511/1538/100 3512/1527/100
f 3513/1540/101 3514/1451/101 3515/1450/101
f 3516/1500/100 3517/1547/100 3518/1531/100
f 3519/1491/100 3520/1583/100 3521/1534/100
f 3522/1603/102 3523/1600/102 3524/1495/102
f 3535/1604/100 3510/1602/100 3536/1605/100
f 3534/1539/101 3514/1451/101 3513/1540/101
f 3531/1545/100 3516/1500/100 3532/1606/100
f 3543/1593/100 3519/1491/100 3544/1607/100
f 3528/1597/101 3538/1555/101 3537/1554/101
f 3545/1588/100 3522/1603/100 3546/1466/100
f 3526/1471/101 3540/1591/101 3539/1472/101
f 3542/1596/100 3530/1582/100 3529/1608/100
f 3550/1609/103 3547/1610/103 3549/1525/103
f 3547/1610/104 3548/1526/104 3549/1525/104
f 3550/1609/105 3551/1452/105 3552/1481/105
f 3553/1528/106 3554/1544/106 3555/1529/106
f 3556/1501/107 3557/1571/107 3558/1502/107
f 3559/1508/104 3560/1486/104 3561/1532/104
f 3562/1492/107 3563/1459/107 3564/1493/107
f 3565/1514/107 3566/1599/107 3567/1515/107
f 3568/1573/106 3569/1517/106 3570/1574/106
f 3571/1537/107 3572/1589/107 3573/1564/107
f 3594/1605/108 3547/1610/108 3595/1499/108
f 3593/1543/109 3554/1544/109 3553/1528/109
f 3590/1485/108 3559/1508/108 3591/1509/108
f 3589/1587/109 3601/1592/109 3600/1586/109
f 3587/1585/109 3597/1590/109 3596/1584/109
f 3585/1577/109 3599/1595/109 3598/1576/109
f 3582/1452/110 3550/1609/110 3583/1609/110
f 3581/1501/111 3557/1571/111 3556/1501/111
f 3579/1492/112 3563/1459/112 3562/1492/112
f 3577/1514/112 3566/1599/112 3565/1514/112
f 3575/1537/112 3572/1589/112 3571/1537/112
f 3603/1575/109 3569/1517/109 3568/1573/109
f 3536/1605/81 3548/1526/81 3594/1605/81
f 3607/1611/12 3604/1612/12 3605/1612/12
f 3611/1613/113 3605/1612/113 3609/1614/113
f 3606/1611/114 3608/1614/114 3604/1612/114
f 3610/1613/81 3607/1611/81 3611/1613/81
f 3611/1613/11 3608/1614/11 3610/1613/11
f 3612/1615/11 3615/1616/11 3613/1615/11
f 3613/1615/115 3619/1617/115 3617/1618/115
f 3616/1618/116 3614/1616/116 3612/1615/116
f 3615/1616/81 3618/1617/81 3619/1617/81
f 3616/1618/12 3619/1617/12 3618/1617/12
f 3624/1619/11 3642/1620/11 3668/1621/11
f 3669/1622/11 3644/1623/11 3666/1624/11
f 3625/1625/81 3626/1619/81 3627/1625/81
f 3630/1626/12 3683/1627/12 3629/1628/12
f 3627/1625/12 3671/1621/12 3641/1620/12
f 3627/1625/45 3642/1620/45 3625/1625/45
f 3640/1629/12 3673/1624/12 3639/1623/12
f 3638/1630/12 3675/1631/12 3637/1632/12
f 3636/1633/12 3677/1634/12 3635/1635/12
f 3633/1636/12 3676/1637/12 3679/1638/12
f 3628/1639/45 3620/1640/45 3655/1639/45
f 3657/1641/11 3620/1640/11 3621/1642/11
f 3659/1643/11 3654/1628/11 3656/1627/11
f 3661/1644/11 3652/1645/11 3658/1646/11
f 3660/1638/11 3649/1647/11 3650/1636/11
f 3665/1648/11 3648/1649/11 3662/1650/11
f 3667/1651/11 3646/1632/11 3664/1631/11
f 3630/1626/45 3654/1628/45 3653/1626/45
f 3632/1652/12 3681/1646/12 3631/1645/12
f 3632/1652/45 3652/1645/45 3651/1652/45
f 3649/1647/45 3633/1636/45 3650/1636/45
f 3647/1633/45 3635/1635/45 3648/1649/45
f 3645/1630/45 3637/1632/45 3646/1632/45
f 3640/1629/45 3644/1623/45 3643/1629/45
f 3683/1627/58 3654/1628/58 3629/1628/58
f 3657/1641/81 3628/1639/81 3655/1639/81
f 3681/1646/58 3652/1645/58 3631/1645/58
f 3659/1643/81 3630/1626/81 3653/1626/81
f 3679/1638/58 3650/1636/58 3633/1636/58
f 3661/1644/81 3632/1652/81 3651/1652/81
f 3677/1634/58 3648/1649/58 3635/1635/58
f 3663/1637/81 3634/1647/81 3649/1647/81
f 3675/1631/58 3646/1632/58 3637/1632/58
f 3665/1648/81 3636/1633/81 3647/1633/81
f 3673/1624/58 3644/1623/58 3639/1623/58
f 3667/1651/81 3638/1630/81 3645/1630/81
f 3671/1621/58 3642/1620/58 3641/1620/58
f 3669/1622/81 3640/1629/81 3643/1629/81
f 3628/1639/12 3623/1642/12 3622/1640/12
f 3713/1653/117 3703/1654/117 3712/1655/117
f 3699/1656/81 3737/1657/81 3721/1657/81
f 3687/1658/81 3690/1659/81 3691/1659/81
f 3687/1658/118 3722/1660/118 3700/1661/118
f 3701/1662/118 3720/1655/118 3698/1654/118
f 3699/1656/118 3718/1663/118 3696/1664/118
f 3697/1665/118 3716/1666/118 3694/1667/118
f 3695/1668/118 3714/1669/118 3692/1670/118
f 3708/1671/117 3684/1672/117 3688/1673/117
f 3711/1674/117 3705/1667/117 3710/1666/117
f 3734/1663/58 3696/1664/58 3718/1663/58
f 3709/1675/117 3730/1676/117 3733/1677/117
f 3693/1678/81 3708/1671/81 3715/1671/81
f 3710/1666/58 3694/1667/58 3716/1666/58
f 3695/1668/81 3709/1675/81 3717/1675/81
f 3732/1669/58 3692/1670/58 3714/1669/58
f 3697/1665/81 3711/1674/81 3719/1674/81
f 3712/1655/58 3698/1654/58 3720/1655/58
f 3736/1679/117 3728/1680/117 3735/1681/117
f 3690/1659/117 3724/1682/117 3739/1683/117
f 3701/1662/81 3713/1653/81 3723/1653/81
f 3693/1678/118 3689/1673/118 3685/1672/118
f 3731/1670/119 3733/1677/119 3730/1676/119
f 3729/1664/119 3735/1681/119 3728/1680/119
f 3736/1679/120 3726/1656/120 3727/1684/120
f 3725/1661/119 3739/1683/119 3724/1682/119
f 3738/1660/58 3700/1661/58 3722/1660/58
f 3759/1685/121 3769/1686/121 3768/1687/121
f 3793/1688/81 3755/1689/81 3777/1688/81
f 3743/1690/81 3746/1691/81 3742/1690/81
f 3778/1692/122 3743/1690/122 3756/1693/122
f 3776/1687/122 3757/1694/122 3754/1685/122
f 3774/1695/122 3755/1689/122 3752/1696/122
f 3772/1697/122 3753/1698/122 3750/1699/122
f 3770/1700/122 3751/1701/122 3748/1702/122
f 3740/1703/121 3764/1704/121 3744/1705/121
f 3761/1699/121 3767/1706/121 3766/1697/121
f 3790/1695/58 3752/1696/58 3785/1696/58
f 3786/1707/121 3765/1708/121 3789/1709/121
f 3764/1704/81 3749/1710/81 3771/1704/81
f 3766/1697/58 3750/1699/58 3761/1699/58
f 3765/1708/81 3751/1701/81 3773/1708/81
f 3788/1700/58 3748/1702/58 3787/1702/58
f 3767/1706/81 3753/1698/81 3775/1706/81
f 3768/1687/58 3754/1685/58 3759/1685/58
f 3784/1711/121 3792/1712/121 3791/1713/121
f 3780/1714/121 3746/1691/121 3795/1715/121
f 3769/1686/81 3757/1694/81 3779/1686/81
f 3745/1705/122 3749/1710/122 3741/1703/122
f 3789/1709/123 3787/1702/123 3786/1707/123
f 3791/1713/123 3785/1696/123 3784/1711/123
f 3792/1712/124 3782/1689/124 3793/1688/124
f 3795/1715/123 3781/1693/123 3780/1714/123
f 3794/1692/58 3756/1693/58 3781/1693/58
f 3797/1611/81 3798/1616/81 3799/1611/81
f 3802/1716/58 3801/1717/58 3803/1717/58
f 3797/1611/46 3800/1716/46 3796/1616/46
f 3798/1616/45 3803/1717/45 3799/1611/45
f 3807/1718/12 3804/1719/12 3805/1720/12
f 3811/1721/113 3805/1720/113 3809/1722/113
f 3811/1721/11 3808/1723/11 3810/1724/11
f 3806/1725/114 3808/1723/114 3804/1719/114
f 3816/1726/11 3834/1727/11 3860/1728/11
f 3861/1729/11 3836/1623/11 3858/1624/11
f 3817/1730/81 3818/1726/81 3819/1730/81
f 3822/1626/12 3875/1627/12 3821/1628/12
f 3819/1730/12 3863/1728/12 3833/1727/12
f 3819/1730/45 3834/1727/45 3817/1730/45
f 3832/1731/12 3865/1624/12 3831/1623/12
f 3830/1630/12 3867/1631/12 3829/1632/12
f 3828/1732/12 3869/1733/12 3827/1734/12
f 3825/1735/12 3868/1736/12 3871/1737/12
f 3820/1639/45 3812/1640/45 3847/1639/45
f 3849/1641/11 3812/1640/11 3813/1642/11
f 3851/1643/11 3846/1628/11 3848/1627/11
f 3853/1644/11 3844/1645/11 3850/1646/11
f 3852/1737/11 3841/1738/11 3842/1735/11
f 3857/1739/11 3840/1734/11 3854/1733/11
f 3859/1740/11 3838/1632/11 3856/1631/11
f 3822/1626/45 3846/1628/45 3845/1626/45
f 3824/1652/12 3873/1646/12 3823/1645/12
f 3824/1652/45 3844/1645/45 3843/1652/45
f 3841/1738/45 3825/1735/45 3842/1735/45
f 3839/1732/45 3827/1734/45 3840/1734/45
f 3837/1741/45 3829/1632/45 3838/1632/45
f 3832/1731/45 3836/1623/45 3835/1731/45
f 3875/1627/58 3846/1628/58 3821/1628/58
f 3849/1641/81 3820/1639/81 3847/1639/81
f 3873/1646/58 3844/1645/58 3823/1645/58
f 3851/1643/81 3822/1626/81 3845/1626/81
f 3871/1737/58 3842/1735/58 3825/1735/58
f 3853/1644/81 3824/1652/81 3843/1652/81
f 3869/1733/58 3840/1734/58 3827/1734/58
f 3855/1736/81 3826/1738/81 3841/1738/81
f 3867/1631/58 3838/1632/58 3829/1632/58
f 3857/1739/81 3828/1732/81 3839/1732/81
f 3865/1624/58 3836/1623/58 3831/1623/58
f 3859/1740/81 3830/1630/81 3837/1741/81
f 3863/1728/58 3834/1727/58 3833/1727/58
f 3861/1729/81 3832/1731/81 3835/1731/81
f 3820/1639/12 3815/1642/12 3814/1640/12
f 3889/1742/81 3927/1743/81 3913/1743/81
f 3882/1744/117 3894/1745/117 3907/1746/117
f 3879/1747/81 3882/1744/81 3883/1744/81
f 3879/1747/118 3916/1746/118 3892/1745/118
f 3893/1748/118 3914/1749/118 3890/1750/118
f 3891/1751/118 3912/1752/118 3888/1753/118
f 3889/1742/118 3910/1754/118 3886/1755/118
f 3887/1756/118 3908/1757/118 3884/1758/118
f 3901/1759/117 3876/1760/117 3880/1761/117
f 3903/1762/117 3899/1758/117 3902/1757/117
f 3924/1754/58 3886/1755/58 3910/1754/58
f 3905/1763/117 3897/1753/117 3904/1752/117
f 3902/1757/58 3884/1758/58 3908/1757/58
f 3885/1764/81 3901/1759/81 3909/1759/81
f 3887/1756/81 3903/1762/81 3911/1762/81
f 3904/1752/58 3888/1753/58 3912/1752/58
f 3926/1765/117 3922/1766/117 3925/1767/117
f 3906/1768/117 3918/1769/117 3929/1770/117
f 3891/1751/81 3905/1763/81 3915/1763/81
f 3907/1746/58 3892/1745/58 3916/1746/58
f 3893/1748/81 3906/1768/81 3917/1768/81
f 3885/1764/118 3881/1761/118 3877/1760/118
f 3923/1755/119 3925/1767/119 3922/1766/119
f 3926/1765/120 3920/1742/120 3921/1771/120
f 3919/1750/119 3929/1770/119 3918/1769/119
f 3928/1749/58 3890/1750/58 3914/1749/58
f 3981/1772/81 3943/1773/81 3967/1772/81
f 3948/1774/121 3936/1775/121 3961/1776/121
f 3933/1777/81 3936/1775/81 3932/1777/81
f 3970/1776/122 3933/1777/122 3946/1774/122
f 3968/1778/122 3947/1779/122 3944/1780/122
f 3966/1781/122 3945/1782/122 3942/1783/122
f 3964/1784/122 3943/1773/122 3940/1785/122
f 3962/1786/122 3941/1787/122 3938/1788/122
f 3930/1789/121 3955/1790/121 3934/1791/121
f 3953/1788/121 3957/1792/121 3956/1786/121
f 3978/1784/58 3940/1785/58 3977/1785/58
f 3951/1783/121 3959/1793/121 3958/1781/121
f 3956/1786/58 3938/1788/58 3953/1788/58
f 3955/1790/81 3939/1794/81 3963/1790/81
f 3957/1792/81 3941/1787/81 3965/1792/81
f 3958/1781/58 3942/1783/58 3951/1783/58
f 3976/1795/121 3980/1796/121 3979/1797/121
f 3972/1798/121 3960/1799/121 3983/1800/121
f 3959/1793/81 3945/1782/81 3969/1793/81
f 3961/1776/58 3946/1774/58 3948/1774/58
f 3960/1799/81 3947/1779/81 3971/1799/81
f 3935/1791/122 3939/1794/122 3931/1789/122
f 3979/1797/123 3977/1785/123 3976/1795/123
f 3980/1796/124 3974/1773/124 3981/1772/124
f 3983/1800/123 3973/1780/123 3972/1798/123
f 3982/1778/58 3944/1780/58 3973/1780/58
f 3985/1801/81 3986/1802/81 3987/1801/81
f 3990/1803/58 3989/1804/58 3991/1804/58
f 3985/1801/46 3988/1803/46 3984/1802/46
f 3986/1802/45 3991/1804/45 3987/1801/45
f 3995/1801/12 3992/1805/12 3993/1805/12
f 3999/1806/113 3993/1805/113 3997/1807/113
f 3994/1801/114 3996/1807/114 3992/1805/114
f 3998/1806/81 3995/1801/81 3999/1806/81
f 3999/1806/11 3996/1807/11 3998/1806/11
f 4000/1808/11 4003/1809/11 4001/1808/11
f 4001/1808/115 4007/1810/115 4005/1811/115
f 4004/1811/116 4002/1809/116 4000/1808/116
f 4003/1809/81 4006/1810/81 4007/1810/81
f 4004/1811/12 4007/1810/12 4006/1810/12
f 4011/1718/12 4008/1812/12 4009/1813/12
f 4015/1721/113 4009/1813/113 4013/1814/113
f 4015/1721/11 4012/1815/11 4014/1724/11
f 4010/1725/114 4012/1815/114 4008/1812/114
f 4020/1726/11 4038/1727/11 4064/1728/11
f 4065/1816/11 4040/1817/11 4062/1818/11
f 4021/1730/81 4022/1726/81 4023/1730/81
f 4026/1819/12 4079/1820/12 4025/1821/12
f 4023/1730/12 4067/1728/12 4037/1727/12
f 4023/1730/45 4038/1727/45 4021/1730/45
f 4036/1822/12 4069/1818/12 4035/1817/12
f 4034/1823/12 4071/1824/12 4033/1825/12
f 4032/1633/12 4073/1826/12 4031/1827/12
f 4029/1828/12 4072/1637/12 4075/1829/12
f 4024/1830/45 4016/1831/45 4051/1830/45
f 4053/1832/11 4016/1831/11 4017/1833/11
f 4055/1834/11 4050/1821/11 4052/1820/11
f 4057/1835/11 4048/1645/11 4054/1646/11
f 4056/1829/11 4045/1647/11 4046/1828/11
f 4061/1648/11 4044/1827/11 4058/1826/11
f 4063/1836/11 4042/1825/11 4060/1824/11
f 4026/1819/45 4050/1821/45 4049/1819/45
f 4028/1837/12 4077/1646/12 4027/1645/12
f 4028/1837/45 4048/1645/45 4047/1837/45
f 4045/1647/45 4029/1828/45 4046/1828/45
f 4043/1633/45 4031/1827/45 4044/1827/45
f 4041/1823/45 4033/1825/45 4042/1825/45
f 4036/1822/45 4040/1817/45 4039/1822/45
f 4079/1820/58 4050/1821/58 4025/1821/58
f 4053/1832/81 4024/1830/81 4051/1830/81
f 4077/1646/58 4048/1645/58 4027/1645/58
f 4055/1834/81 4026/1819/81 4049/1819/81
f 4075/1829/58 4046/1828/58 4029/1828/58
f 4057/1835/81 4028/1837/81 4047/1837/81
f 4073/1826/58 4044/1827/58 4031/1827/58
f 4059/1637/81 4030/1647/81 4045/1647/81
f 4071/1824/58 4042/1825/58 4033/1825/58
f 4061/1648/81 4032/1633/81 4043/1633/81
f 4069/1818/58 4040/1817/58 4035/1817/58
f 4063/1836/81 4034/1823/81 4041/1823/81
f 4067/1728/58 4038/1727/58 4037/1727/58
f 4065/1816/81 4036/1822/81 4039/1822/81
f 4024/1830/12 4019/1833/12 4018/1831/12
f 4108/1838/117 4098/1839/117 4107/1840/117
f 4093/1841/81 4135/1842/81 4117/1842/81
f 4122/1843/117 4096/1844/117 4109/1845/117
f 4082/1846/118 4118/1845/118 4094/1844/118
f 4095/1847/118 4116/1840/118 4092/1839/118
f 4093/1841/118 4114/1848/118 4090/1849/118
f 4091/1850/118 4112/1851/118 4088/1852/118
f 4089/1853/118 4110/1854/118 4086/1855/118
f 4103/1856/117 4080/1857/117 4083/1858/117
f 4106/1859/117 4100/1852/117 4105/1851/117
f 4132/1848/58 4090/1849/58 4114/1848/58
f 4104/1860/117 4128/1861/117 4131/1862/117
f 4087/1863/81 4103/1856/81 4111/1856/81
f 4105/1851/58 4088/1852/58 4112/1851/58
f 4089/1853/81 4104/1860/81 4113/1860/81
f 4130/1854/58 4086/1855/58 4110/1854/58
f 4091/1850/81 4106/1859/81 4115/1859/81
f 4107/1840/58 4092/1839/58 4116/1840/58
f 4134/1864/117 4126/1865/117 4133/1866/117
f 4109/1845/58 4094/1844/58 4118/1845/58
f 4095/1847/81 4108/1838/81 4119/1838/81
f 4087/1863/118 4084/1858/118 4081/1857/118
f 4122/1843/120 4120/1846/120 4121/1867/120
f 4129/1855/119 4131/1862/119 4128/1861/119
f 4127/1849/119 4133/1866/119 4126/1865/119
f 4134/1864/120 4124/1841/120 4125/1868/120
f 4082/1846/81 4123/1869/81 4085/1869/81
f 4154/1870/121 4164/1871/121 4163/1872/121
f 4191/1873/81 4149/1874/81 4173/1873/81
f 4152/1875/121 4178/1876/121 4165/1877/121
f 4174/1877/122 4138/1878/122 4150/1875/122
f 4172/1872/122 4151/1879/122 4148/1870/122
f 4170/1880/122 4149/1874/122 4146/1881/122
f 4168/1882/122 4147/1883/122 4144/1884/122
f 4166/1885/122 4145/1886/122 4142/1887/122
f 4136/1888/121 4159/1889/121 4139/1890/121
f 4156/1884/121 4162/1891/121 4161/1882/121
f 4188/1880/58 4146/1881/58 4183/1881/58
f 4184/1892/121 4160/1893/121 4187/1894/121
f 4159/1889/81 4143/1895/81 4167/1889/81
f 4161/1882/58 4144/1884/58 4156/1884/58
f 4160/1893/81 4145/1886/81 4169/1893/81
f 4186/1885/58 4142/1887/58 4185/1887/58
f 4162/1891/81 4147/1883/81 4171/1891/81
f 4163/1872/58 4148/1870/58 4154/1870/58
f 4182/1896/121 4190/1897/121 4189/1898/121
f 4165/1877/58 4150/1875/58 4152/1875/58
f 4164/1871/81 4151/1879/81 4175/1871/81
f 4140/1890/122 4143/1895/122 4137/1888/122
f 4178/1876/124 4176/1878/124 4179/1899/124
f 4187/1894/123 4185/1887/123 4184/1892/123
f 4189/1898/123 4183/1881/123 4182/1896/123
f 4190/1897/124 4180/1874/124 4191/1873/124
f 4138/1878/81 4179/1899/81 4176/1878/81
f 4193/1900/81 4194/1901/81 4195/1900/81
f 4198/1902/58 4197/1903/58 4199/1903/58
f 4193/1900/46 4196/1902/46 4192/1901/46
f 4194/1901/45 4199/1903/45 4195/1900/45
f 4203/1900/12 4200/1904/12 4201/1904/12
f 4207/1905/113 4201/1904/113 4205/1906/113
f 4202/1900/114 4204/1906/114 4200/1904/114
f 4206/1905/81 4203/1900/81 4207/1905/81
f 4207/1905/11 4204/1906/11 4206/1905/11
f 4208/1907/11 4211/1901/11 4209/1907/11
f 4209/1907/115 4215/1908/115 4213/1909/115
f 4212/1909/116 4210/1901/116 4208/1907/116
f 4211/1901/81 4214/1908/81 4215/1908/81
f 4212/1909/12 4215/1908/12 4214/1908/12
f 4219/1718/12 4216/1812/12 4217/1813/12
f 4223/1721/113 4217/1813/113 4221/1814/113
f 4223/1721/11 4220/1815/11 4222/1724/11
f 4218/1725/114 4220/1815/114 4216/1812/114
f 4228/1726/11 4246/1910/11 4272/1911/11
f 4273/1816/11 4248/1817/11 4270/1818/11
f 4229/1730/81 4230/1726/81 4231/1730/81
f 4234/1626/12 4287/1912/12 4233/1913/12
f 4231/1730/12 4275/1911/12 4245/1910/12
f 4231/1730/45 4246/1910/45 4229/1730/45
f 4244/1822/12 4277/1818/12 4243/1817/12
f 4242/1823/12 4279/1824/12 4241/1825/12
f 4240/1633/12 4281/1826/12 4239/1827/12
f 4237/1828/12 4280/1637/12 4283/1829/12
f 4232/1830/45 4224/1914/45 4259/1830/45
f 4261/1832/11 4224/1914/11 4225/1915/11
f 4263/1916/11 4258/1913/11 4260/1912/11
f 4265/1835/11 4256/1917/11 4262/1918/11
f 4264/1829/11 4253/1647/11 4254/1828/11
f 4269/1648/11 4252/1827/11 4266/1826/11
f 4271/1836/11 4250/1825/11 4268/1824/11
f 4234/1626/45 4258/1913/45 4257/1919/45
f 4236/1837/12 4285/1918/12 4235/1917/12
f 4236/1837/45 4256/1917/45 4255/1837/45
f 4253/1647/45 4237/1828/45 4254/1828/45
f 4251/1920/45 4239/1827/45 4252/1827/45
f 4249/1823/45 4241/1825/45 4250/1825/45
f 4244/1822/45 4248/1817/45 4247/1822/45
f 4287/1912/58 4258/1913/58 4233/1913/58
f 4261/1832/81 4232/1830/81 4259/1830/81
f 4285/1918/58 4256/1917/58 4235/1917/58
f 4263/1916/81 4234/1626/81 4257/1919/81
f 4283/1829/58 4254/1828/58 4237/1828/58
f 4265/1835/81 4236/1837/81 4255/1837/81
f 4281/1826/58 4252/1827/58 4239/1827/58
f 4267/1637/81 4238/1647/81 4253/1647/81
f 4279/1824/58 4250/1825/58 4241/1825/58
f 4269/1648/81 4240/1633/81 4251/1920/81
f 4277/1818/58 4248/1817/58 4243/1817/58
f 4271/1836/81 4242/1823/81 4249/1823/81
f 4275/1911/58 4246/1910/58 4245/1910/58
f 4273/1816/81 4244/1822/81 4247/1822/81
f 4232/1830/12 4227/1915/12 4226/1914/12
f 4338/1921/58 4302/1922/58 4326/1921/58
f 4294/1923/117 4306/1924/117 4319/1925/117
f 4291/1926/81 4294/1923/81 4295/1923/81
f 4291/1926/118 4328/1925/118 4304/1924/118
f 4305/1927/118 4326/1921/118 4302/1922/118
f 4303/1928/118 4324/1929/118 4300/1930/118
f 4301/1931/118 4322/1932/118 4298/1933/118
f 4299/1934/118 4320/1935/118 4296/1936/118
f 4313/1937/117 4288/1938/117 4292/1939/117
f 4316/1940/117 4310/1933/117 4315/1932/117
f 4318/1941/117 4308/1930/117 4317/1929/117
f 4314/1935/58 4296/1936/58 4320/1935/58
f 4297/1942/81 4313/1937/81 4321/1937/81
f 4315/1932/58 4298/1933/58 4322/1932/58
f 4336/1943/117 4311/1936/117 4314/1935/117
f 4317/1929/58 4300/1930/58 4324/1929/58
f 4301/1931/81 4316/1940/81 4325/1940/81
f 4299/1934/81 4337/1944/81 4323/1944/81
f 4303/1928/81 4318/1941/81 4327/1941/81
f 4319/1925/58 4304/1924/58 4328/1925/58
f 4340/1945/117 4332/1946/117 4339/1947/117
f 4297/1942/118 4293/1939/118 4289/1938/118
f 4336/1943/120 4334/1934/120 4335/1948/120
f 4333/1922/119 4339/1947/119 4332/1946/119
f 4340/1945/120 4330/1927/120 4331/1949/120
f 4305/1927/81 4341/1950/81 4329/1950/81
f 4392/1951/58 4356/1952/58 4387/1952/58
f 4360/1953/121 4348/1954/121 4373/1955/121
f 4345/1956/81 4348/1954/81 4344/1956/81
f 4382/1955/122 4345/1956/122 4358/1953/122
f 4380/1951/122 4359/1957/122 4356/1952/122
f 4378/1958/122 4357/1959/122 4354/1960/122
f 4376/1961/122 4355/1962/122 4352/1963/122
f 4374/1964/122 4353/1965/122 4350/1966/122
f 4342/1967/121 4367/1968/121 4346/1969/121
f 4364/1963/121 4370/1970/121 4369/1961/121
f 4362/1960/121 4372/1971/121 4371/1958/121
f 4368/1964/58 4350/1966/58 4365/1966/58
f 4367/1968/81 4351/1972/81 4375/1968/81
f 4369/1961/58 4352/1963/58 4364/1963/58
f 4365/1966/121 4390/1973/121 4368/1964/121
f 4371/1958/58 4354/1960/58 4362/1960/58
f 4370/1970/81 4355/1962/81 4379/1970/81
f 4391/1974/81 4353/1965/81 4377/1974/81
f 4372/1971/81 4357/1959/81 4381/1971/81
f 4373/1955/58 4358/1953/58 4360/1953/58
f 4386/1975/121 4394/1976/121 4393/1977/121
f 4347/1969/122 4351/1972/122 4343/1967/122
f 4390/1973/124 4388/1965/124 4391/1974/124
f 4393/1977/123 4387/1952/123 4386/1975/123
f 4394/1976/124 4384/1957/124 4395/1978/124
f 4395/1978/81 4359/1957/81 4383/1978/81
f 4397/1979/81 4398/1980/81 4399/1979/81
f 4402/1981/58 4401/1982/58 4403/1982/58
f 4397/1979/46 4400/1981/46 4396/1980/46
f 4398/1980/45 4403/1982/45 4399/1979/45
f 4407/1979/12 4404/1983/12 4405/1983/12
f 4411/1984/113 4405/1983/113 4409/1985/113
f 4406/1979/114 4408/1985/114 4404/1983/114
f 4410/1984/81 4407/1979/81 4411/1984/81
f 4411/1984/11 4408/1985/11 4410/1984/11
f 4412/1986/11 4415/1980/11 4413/1986/11
f 4413/1986/115 4419/1987/115 4417/1988/115
f 4416/1988/116 4414/1980/116 4412/1986/116
f 4415/1980/81 4418/1987/81 4419/1987/81
f 4416/1988/12 4419/1987/12 4418/1987/12
f 4423/1989/11 4420/1990/11 4421/1991/11
f 4427/1992/114 4421/1991/114 4425/1993/114
f 4427/1992/12 4424/1994/12 4426/1995/12
f 4422/1996/113 4424/1994/113 4420/1990/113
f 4450/1997/11 4432/1998/11 4476/1999/11
f 4452/2000/11 4477/2001/11 4474/2002/11
f 4434/1998/81 4433/2003/81 4435/2003/81
f 4491/2004/12 4438/2005/12 4437/2006/12
f 4479/1999/12 4435/2003/12 4449/1997/12
f 4450/1997/46 4435/2003/46 4433/2003/46
f 4481/2002/12 4448/2007/12 4447/2000/12
f 4483/2008/12 4446/2009/12 4445/2010/12
f 4485/2011/12 4444/2012/12 4443/2013/12
f 4441/2014/12 4484/2015/12 4442/2016/12
f 4428/2017/46 4436/2018/46 4463/2018/46
f 4428/2017/11 4465/2019/11 4429/2020/11
f 4462/2006/11 4467/2021/11 4464/2004/11
f 4460/2022/11 4469/2023/11 4466/2024/11
f 4468/2025/11 4457/2016/11 4471/2015/11
f 4456/2026/11 4473/2027/11 4470/2028/11
f 4454/2010/11 4475/2029/11 4472/2008/11
f 4462/2006/46 4438/2005/46 4461/2005/46
f 4489/2024/12 4440/2030/12 4439/2022/12
f 4460/2022/46 4440/2030/46 4459/2030/46
f 4457/2016/46 4441/2014/46 4442/2016/46
f 4455/2012/46 4443/2013/46 4444/2012/46
f 4453/2009/46 4445/2010/46 4446/2009/46
f 4452/2000/46 4448/2007/46 4451/2007/46
f 4462/2006/58 4491/2004/58 4437/2006/58
f 4436/2018/81 4465/2019/81 4463/2018/81
f 4460/2022/58 4489/2024/58 4439/2022/58
f 4438/2005/81 4467/2021/81 4461/2005/81
f 4458/2014/58 4487/2025/58 4441/2014/58
f 4440/2030/81 4469/2023/81 4459/2030/81
f 4456/2026/58 4485/2011/58 4443/2013/58
f 4442/2016/81 4471/2015/81 4457/2016/81
f 4454/2010/58 4483/2008/58 4445/2010/58
f 4444/2012/81 4473/2027/81 4455/2012/81
f 4452/2000/58 4481/2002/58 4447/2000/58
f 4446/2009/81 4475/2029/81 4453/2009/81
f 4450/1997/58 4479/1999/58 4449/1997/58
f 4448/2007/81 4477/2001/81 4451/2007/81
f 4431/2020/12 4436/2018/12 4430/2017/12
f 4512/2031/122 4522/2032/122 4521/2033/122
f 4510/2034/122 4498/2035/122 4523/2036/122
f 4495/2037/81 4498/2035/81 4494/2037/81
f 4532/2036/121 4495/2037/121 4508/2034/121
f 4530/2033/121 4509/2038/121 4506/2031/121
f 4528/2039/121 4507/2040/121 4504/2041/121
f 4526/2042/121 4505/2043/121 4502/2044/121
f 4524/2045/121 4503/2046/121 4500/2047/121
f 4492/2048/122 4517/2049/122 4496/2050/122
f 4514/2044/122 4520/2051/122 4519/2042/122
f 4542/2039/58 4504/2041/58 4537/2041/58
f 4538/2052/122 4518/2053/122 4541/2054/122
f 4517/2049/81 4501/2055/81 4525/2049/81
f 4519/2042/58 4502/2044/58 4514/2044/58
f 4518/2053/81 4503/2046/81 4527/2053/81
f 4540/2045/58 4500/2047/58 4539/2047/58
f 4520/2051/81 4505/2043/81 4529/2051/81
f 4521/2033/58 4506/2031/58 4512/2031/58
f 4536/2056/122 4544/2057/122 4543/2058/122
f 4523/2036/58 4508/2034/58 4510/2034/58
f 4522/2032/81 4509/2038/81 4533/2032/81
f 4497/2050/121 4501/2055/121 4493/2048/121
f 4541/2054/125 4539/2047/125 4538/2052/125
f 4543/2058/125 4537/2041/125 4536/2056/125
f 4544/2057/126 4534/2040/126 4545/2059/126
f 4545/2059/81 4507/2040/81 4531/2059/81
f 4576/2060/118 4566/2061/118 4575/2062/118
f 4552/2063/118 4564/2064/118 4577/2065/118
f 4549/2066/81 4552/2063/81 4553/2063/81
f 4549/2066/117 4586/2065/117 4562/2064/117
f 4563/2067/117 4584/2062/117 4560/2061/117
f 4561/2068/117 4582/2069/117 4558/2070/117
f 4559/2071/117 4580/2072/117 4556/2073/117
f 4557/2074/117 4578/2075/117 4554/2076/117
f 4571/2077/118 4546/2078/118 4550/2079/118
f 4574/2080/118 4568/2073/118 4573/2072/118
f 4596/2069/58 4558/2070/58 4582/2069/58
f 4572/2081/118 4592/2082/118 4595/2083/118
f 4555/2084/81 4571/2077/81 4579/2077/81
f 4573/2072/58 4556/2073/58 4580/2072/58
f 4557/2074/81 4572/2081/81 4581/2081/81
f 4594/2075/58 4554/2076/58 4578/2075/58
f 4559/2071/81 4574/2080/81 4583/2080/81
f 4575/2062/58 4560/2061/58 4584/2062/58
f 4598/2085/118 4590/2086/118 4597/2087/118
f 4577/2065/58 4562/2064/58 4586/2065/58
f 4563/2067/81 4576/2060/81 4587/2060/81
f 4555/2084/117 4551/2079/117 4547/2078/117
f 4593/2076/127 4595/2083/127 4592/2082/127
f 4591/2070/127 4597/2087/127 4590/2086/127
f 4598/2085/128 4588/2068/128 4589/2088/128
f 4561/2068/81 4599/2089/81 4585/2089/81
f 4602/2090/81 4601/2091/81 4603/2091/81
f 4605/2092/58 4606/2093/58 4607/2092/58
f 4604/2093/45 4601/2091/45 4600/2090/45
f 4607/2092/46 4602/2090/46 4603/2091/46
f 4608/2094/12 4611/2091/12 4609/2094/12
f 4609/2094/116 4615/2095/116 4613/2096/116
f 4612/2096/115 4610/2091/115 4608/2094/115
f 4611/2091/81 4614/2095/81 4615/2095/81
f 4612/2096/11 4615/2095/11 4614/2095/11
f 4619/2090/11 4616/2097/11 4617/2097/11
f 4623/2098/114 4617/2097/114 4621/2099/114
f 4618/2090/113 4620/2099/113 4616/2097/113
f 4622/2098/81 4619/2090/81 4623/2098/81
f 4623/2098/12 4620/2099/12 4622/2098/12
f 4628/2100/12 4646/2101/12 4672/2102/12
f 4673/2001/12 4648/2103/12 4670/2104/12
f 4629/2105/81 4630/2100/81 4631/2105/81
f 4634/2106/11 4687/2107/11 4633/2108/11
f 4631/2105/11 4675/2102/11 4645/2101/11
f 4631/2105/46 4646/2101/46 4629/2105/46
f 4644/2007/11 4677/2104/11 4643/2103/11
f 4642/2109/11 4679/2008/11 4641/2010/11
f 4640/2110/11 4681/2028/11 4639/2013/11
f 4637/2014/11 4680/2111/11 4683/2025/11
f 4632/2112/46 4624/2113/46 4659/2112/46
f 4661/2114/12 4624/2113/12 4625/2115/12
f 4663/2116/12 4658/2108/12 4660/2107/12
f 4665/2117/12 4656/2022/12 4662/2024/12
f 4664/2025/12 4653/2118/12 4654/2014/12
f 4669/2119/12 4652/2013/12 4666/2028/12
f 4671/2120/12 4650/2010/12 4668/2008/12
f 4634/2106/46 4658/2108/46 4657/2106/46
f 4636/2121/11 4685/2024/11 4635/2022/11
f 4636/2121/46 4656/2022/46 4655/2121/46
f 4653/2118/46 4637/2014/46 4654/2014/46
f 4651/2110/46 4639/2013/46 4652/2013/46
f 4649/2109/46 4641/2010/46 4650/2010/46
f 4644/2007/46 4648/2103/46 4647/2007/46
f 4687/2107/58 4658/2108/58 4633/2108/58
f 4661/2114/81 4632/2112/81 4659/2112/81
f 4685/2024/58 4656/2022/58 4635/2022/58
f 4663/2116/81 4634/2106/81 4657/2106/81
f 4683/2025/58 4654/2014/58 4637/2014/58
f 4665/2117/81 4636/2121/81 4655/2121/81
f 4681/2028/58 4652/2013/58 4639/2013/58
f 4667/2111/81 4638/2118/81 4653/2118/81
f 4679/2008/58 4650/2010/58 4641/2010/58
f 4669/2119/81 4640/2110/81 4651/2110/81
f 4677/2104/58 4648/2103/58 4643/2103/58
f 4671/2120/81 4642/2109/81 4649/2109/81
f 4675/2102/58 4646/2101/58 4645/2101/58
f 4673/2001/81 4644/2007/81 4647/2007/81
f 4632/2112/11 4627/2115/11 4626/2113/11
f 4688/1990/12 4691/1989/12 4689/1991/12
f 4691/1989/81 4694/1995/81 4695/1992/81
f 4689/1991/116 4695/1992/116 4693/1993/116
f 4692/1994/11 4695/1992/11 4694/1995/11
f 4692/1994/115 4690/1996/115 4688/1990/115
f 4718/2122/11 4700/2123/11 4744/2124/11
f 4720/2000/11 4745/2125/11 4742/2002/11
f 4702/2123/81 4701/2126/81 4703/2126/81
f 4759/2004/12 4706/2005/12 4705/2006/12
f 4747/2124/12 4703/2126/12 4717/2122/12
f 4718/2122/46 4703/2126/46 4701/2126/46
f 4749/2002/12 4716/2127/12 4715/2000/12
f 4751/2008/12 4714/2009/12 4713/2010/12
f 4753/2128/12 4712/2129/12 4711/2130/12
f 4709/2131/12 4752/2132/12 4710/2133/12
f 4696/2017/46 4704/2018/46 4731/2018/46
f 4696/2017/11 4733/2019/11 4697/2020/11
f 4730/2006/11 4735/2021/11 4732/2004/11
f 4728/2022/11 4737/2023/11 4734/2024/11
f 4736/2134/11 4725/2133/11 4739/2132/11
f 4724/2130/11 4741/2135/11 4738/2128/11
f 4722/2010/11 4743/2136/11 4740/2008/11
f 4730/2006/46 4706/2005/46 4729/2005/46
f 4757/2024/12 4708/2030/12 4707/2022/12
f 4728/2022/46 4708/2030/46 4727/2030/46
f 4725/2133/46 4709/2131/46 4710/2133/46
f 4723/2129/46 4711/2130/46 4712/2129/46
f 4721/2137/46 4713/2010/46 4714/2009/46
f 4720/2000/46 4716/2127/46 4719/2127/46
f 4730/2006/58 4759/2004/58 4705/2006/58
f 4704/2018/81 4733/2019/81 4731/2018/81
f 4728/2022/58 4757/2024/58 4707/2022/58
f 4706/2005/81 4735/2021/81 4729/2005/81
f 4726/2131/58 4755/2134/58 4709/2131/58
f 4708/2030/81 4737/2023/81 4727/2030/81
f 4724/2130/58 4753/2128/58 4711/2130/58
f 4710/2133/81 4739/2132/81 4725/2133/81
f 4722/2010/58 4751/2008/58 4713/2010/58
f 4712/2129/81 4741/2135/81 4723/2129/81
f 4720/2000/58 4749/2002/58 4715/2000/58
f 4714/2009/81 4743/2136/81 4721/2137/81
f 4718/2122/58 4747/2124/58 4717/2122/58
f 4716/2127/81 4745/2125/81 4719/2127/81
f 4699/2020/12 4704/2018/12 4698/2017/12
f 4810/2138/58 4774/2139/58 4805/2139/58
f 4778/2140/122 4766/2141/122 4791/2142/122
f 4763/2143/81 4766/2141/81 4762/2143/81
f 4800/2142/121 4763/2143/121 4776/2140/121
f 4798/2138/121 4777/2144/121 4774/2139/121
f 4796/2145/121 4775/2146/121 4772/2147/121
f 4794/2148/121 4773/2149/121 4770/2150/121
f 4792/2151/121 4771/2152/121 4768/2153/121
f 4760/2154/122 4785/2155/122 4764/2156/122
f 4782/2150/122 4788/2157/122 4787/2148/122
f 4780/2147/122 4790/2158/122 4789/2145/122
f 4806/2159/122 4786/2160/122 4809/2161/122
f 4785/2155/81 4769/2162/81 4793/2155/81
f 4787/2148/58 4770/2150/58 4782/2150/58
f 4786/2160/81 4771/2152/81 4795/2160/81
f 4789/2145/58 4772/2147/58 4780/2147/58
f 4788/2157/81 4773/2149/81 4797/2157/81
f 4808/2151/58 4768/2153/58 4807/2153/58
f 4790/2158/81 4775/2146/81 4799/2158/81
f 4791/2142/58 4776/2140/58 4778/2140/58
f 4804/2163/122 4812/2164/122 4811/2165/122
f 4765/2156/121 4769/2162/121 4761/2154/121
f 4809/2161/125 4807/2153/125 4806/2159/125
f 4811/2165/125 4805/2139/125 4804/2163/125
f 4812/2164/126 4802/2144/126 4813/2166/126
f 4813/2166/81 4777/2144/81 4801/2166/81
f 4864/2167/58 4828/2168/58 4852/2167/58
f 4820/2169/118 4832/2170/118 4845/2171/118
f 4817/2172/81 4820/2169/81 4821/2169/81
f 4817/2172/117 4854/2171/117 4830/2170/117
f 4831/2173/117 4852/2167/117 4828/2168/117
f 4829/2174/117 4850/2175/117 4826/2176/117
f 4827/2177/117 4848/2178/117 4824/2179/117
f 4825/2180/117 4846/2181/117 4822/2182/117
f 4839/2183/118 4814/2184/118 4818/2185/118
f 4842/2186/118 4836/2179/118 4841/2178/118
f 4844/2187/118 4834/2176/118 4843/2175/118
f 4840/2188/118 4860/2189/118 4863/2190/118
f 4823/2191/81 4839/2183/81 4847/2183/81
f 4841/2178/58 4824/2179/58 4848/2178/58
f 4825/2180/81 4840/2188/81 4849/2188/81
f 4843/2175/58 4826/2176/58 4850/2175/58
f 4827/2177/81 4842/2186/81 4851/2186/81
f 4862/2181/58 4822/2182/58 4846/2181/58
f 4829/2174/81 4844/2187/81 4853/2187/81
f 4845/2171/58 4830/2170/58 4854/2171/58
f 4866/2192/118 4858/2193/118 4865/2194/118
f 4823/2191/117 4819/2185/117 4815/2184/117
f 4861/2182/127 4863/2190/127 4860/2189/127
f 4859/2168/127 4865/2194/127 4858/2193/127
f 4866/2192/128 4856/2173/128 4857/2195/128
f 4831/2173/81 4867/2196/81 4855/2196/81
f 4870/1809/81 4869/2197/81 4871/2197/81
f 4873/2198/58 4874/2199/58 4875/2198/58
f 4872/2199/45 4869/2197/45 4868/1809/45
f 4875/2198/46 4870/1809/46 4871/2197/46
f 4876/2200/12 4879/2197/12 4877/2200/12
f 4877/2200/116 4883/2201/116 4881/2202/116
f 4880/2202/115 4878/2197/115 4876/2200/115
f 4879/2197/81 4882/2201/81 4883/2201/81
f 4880/2202/11 4883/2201/11 4882/2201/11
f 4887/2203/11 4884/2204/11 4885/2204/11
f 4891/2205/114 4885/2204/114 4889/2206/114
f 4886/2203/113 4888/2206/113 4884/2204/113
f 4890/2205/81 4887/2203/81 4891/2205/81
f 4891/2205/12 4888/2206/12 4890/2205/12
f 4892/2207/12 4895/1989/12 4893/2208/12
f 4893/2208/116 4899/1992/116 4897/2209/116
f 4896/2210/11 4899/1992/11 4898/1995/11
f 4896/2210/115 4894/1996/115 4892/2207/115
f 4922/2122/11 4904/2123/11 4946/2124/11
f 4924/2211/11 4947/2125/11 4944/2212/11
f 4906/2123/81 4905/2126/81 4907/2126/81
f 4961/2213/12 4910/2214/12 4909/2215/12
f 4949/2124/12 4907/2126/12 4921/2122/12
f 4922/2122/46 4907/2126/46 4905/2126/46
f 4951/2212/12 4920/2127/12 4919/2211/12
f 4953/2216/12 4918/2137/12 4917/2217/12
f 4955/2218/12 4916/2129/12 4915/2219/12
f 4913/2220/12 4954/2132/12 4914/2133/12
f 4900/2017/46 4908/2018/46 4934/2018/46
f 4900/2017/11 4936/2019/11 4901/2020/11
f 4933/2215/11 4938/2221/11 4935/2213/11
f 4931/2022/11 4939/2222/11 4937/2024/11
f 4962/2223/46 4913/2220/46 4914/2133/46
f 4928/2219/11 4943/2135/11 4940/2218/11
f 4926/2217/11 4945/2136/11 4942/2216/11
f 4933/2215/46 4910/2214/46 4932/2214/46
f 4959/2024/12 4912/2224/12 4911/2022/12
f 4931/2022/46 4912/2224/46 4930/2224/46
f 4927/2129/46 4915/2219/46 4916/2129/46
f 4925/2137/46 4917/2217/46 4918/2137/46
f 4924/2211/46 4920/2127/46 4923/2127/46
f 4933/2215/58 4961/2213/58 4909/2215/58
f 4934/2018/81 4960/2019/81 4936/2019/81
f 4931/2022/58 4959/2024/58 4911/2022/58
f 4932/2214/81 4958/2221/81 4938/2221/81
f 4962/2223/11 4941/2132/11 4965/2225/11
f 4930/2224/81 4956/2222/81 4939/2222/81
f 4928/2219/58 4955/2218/58 4915/2219/58
f 4929/2133/81 4954/2132/81 4941/2132/81
f 4926/2217/58 4953/2216/58 4917/2217/58
f 4927/2129/81 4952/2135/81 4943/2135/81
f 4924/2211/58 4951/2212/58 4919/2211/58
f 4925/2137/81 4950/2136/81 4945/2136/81
f 4922/2122/58 4949/2124/58 4921/2122/58
f 4923/2127/81 4948/2125/81 4947/2125/81
f 4903/2020/12 4908/2018/12 4902/2017/12
f 4965/2225/129 4963/2220/129 4962/2223/129
f 4963/2220/58 4957/2226/58 4913/2220/58
f 4985/2227/122 4997/2228/122 4996/2229/122
f 5016/2230/58 4978/2231/58 5011/2231/58
f 4969/2232/81 4972/2233/81 4968/2232/81
f 5006/2234/121 4969/2232/121 4982/2235/121
f 5004/2229/121 4983/2236/121 4980/2227/121
f 5002/2230/121 4981/2237/121 4978/2231/121
f 5000/2238/121 4979/2239/121 4976/2240/121
f 4998/2241/121 4977/2242/121 4974/2243/121
f 4966/2244/122 4991/2245/122 4970/2246/122
f 4989/2243/122 4993/2247/122 4992/2241/122
f 5014/2238/58 4976/2240/58 5013/2240/58
f 4992/2241/58 4974/2243/58 4989/2243/58
f 4991/2245/81 4975/2248/81 4999/2245/81
f 5012/2249/122 4994/2250/122 5015/2251/122
f 4993/2247/81 4977/2242/81 5001/2247/81
f 5010/2252/122 4995/2253/122 5017/2254/122
f 4994/2250/81 4979/2239/81 5003/2250/81
f 4996/2229/58 4980/2227/58 4985/2227/58
f 4995/2253/81 4981/2237/81 5005/2253/81
f 5008/2255/122 4972/2233/122 5019/2256/122
f 4997/2228/81 4983/2236/81 5007/2228/81
f 4971/2246/121 4975/2248/121 4967/2244/121
f 5015/2251/125 5013/2240/125 5012/2249/125
f 5017/2254/125 5011/2231/125 5010/2252/125
f 5019/2256/125 5009/2235/125 5008/2255/125
f 5018/2234/58 4982/2235/58 5009/2235/58
f 5051/2257/118 5039/2258/118 5050/2259/118
f 5070/2260/58 5032/2261/58 5056/2260/58
f 5023/2262/81 5026/2263/81 5027/2263/81
f 5023/2262/117 5060/2264/117 5036/2265/117
f 5037/2266/117 5058/2259/117 5034/2258/117
f 5035/2267/117 5056/2260/117 5032/2261/117
f 5033/2268/117 5054/2269/117 5030/2270/117
f 5031/2271/117 5052/2272/117 5028/2273/117
f 5045/2274/118 5020/2275/118 5024/2276/118
f 5047/2277/118 5043/2273/118 5046/2272/118
f 5068/2269/58 5030/2270/58 5054/2269/58
f 5046/2272/58 5028/2273/58 5052/2272/58
f 5029/2278/81 5045/2274/81 5053/2274/81
f 5048/2279/118 5066/2280/118 5069/2281/118
f 5031/2271/81 5047/2277/81 5055/2277/81
f 5049/2282/118 5064/2283/118 5071/2284/118
f 5033/2268/81 5048/2279/81 5057/2279/81
f 5050/2259/58 5034/2258/58 5058/2259/58
f 5035/2267/81 5049/2282/81 5059/2282/81
f 5026/2263/118 5062/2285/118 5073/2286/118
f 5037/2266/81 5051/2257/81 5061/2257/81
f 5029/2278/117 5025/2276/117 5021/2275/117
f 5067/2270/127 5069/2281/127 5066/2280/127
f 5065/2261/127 5071/2284/127 5064/2283/127
f 5063/2265/127 5073/2286/127 5062/2285/127
f 5072/2264/58 5036/2265/58 5060/2264/58
f 5076/2287/81 5075/2288/81 5077/2288/81
f 5079/2289/58 5080/2290/58 5081/2289/58
f 5078/2290/45 5075/2288/45 5074/2287/45
f 5081/2289/46 5076/2287/46 5077/2288/46
f 5082/2291/12 5085/2288/12 5083/2291/12
f 5083/2291/116 5089/2292/116 5087/2293/116
f 5086/2293/115 5084/2288/115 5082/2291/115
f 5085/2288/81 5088/2292/81 5089/2292/81
f 5086/2293/11 5089/2292/11 5088/2292/11
f 5093/2294/11 5090/2295/11 5091/2295/11
f 5097/2296/114 5091/2295/114 5095/2297/114
f 5092/2294/113 5094/2297/113 5090/2295/113
f 5096/2296/81 5093/2294/81 5097/2296/81
f 5097/2296/12 5094/2297/12 5096/2296/12
f 5098/2207/12 5101/1989/12 5099/2208/12
f 5099/2208/116 5105/1992/116 5103/2209/116
f 5102/2210/11 5105/1992/11 5104/1995/11
f 5102/2210/115 5100/1996/115 5098/2207/115
f 5128/2298/11 5110/2123/11 5154/2299/11
f 5130/2211/11 5155/2125/11 5152/2212/11
f 5112/2123/81 5111/2126/81 5113/2126/81
f 5169/2300/12 5116/2005/12 5115/2301/12
f 5157/2299/12 5113/2126/12 5127/2298/12
f 5128/2298/46 5113/2126/46 5111/2126/46
f 5159/2212/12 5126/2127/12 5125/2211/12
f 5161/2216/12 5124/2137/12 5123/2217/12
f 5163/2218/12 5122/2129/12 5121/2219/12
f 5119/2220/12 5162/2132/12 5120/2133/12
f 5106/2302/46 5114/2018/46 5141/2018/46
f 5106/2302/11 5143/2019/11 5107/2303/11
f 5140/2301/11 5145/2304/11 5142/2300/11
f 5138/2305/11 5147/2306/11 5144/2307/11
f 5146/2226/11 5135/2133/11 5149/2132/11
f 5134/2219/11 5151/2135/11 5148/2218/11
f 5132/2217/11 5153/2136/11 5150/2216/11
f 5140/2301/46 5116/2005/46 5139/2308/46
f 5167/2307/12 5118/2309/12 5117/2305/12
f 5138/2305/46 5118/2309/46 5137/2309/46
f 5135/2133/46 5119/2220/46 5120/2133/46
f 5133/2310/46 5121/2219/46 5122/2129/46
f 5131/2137/46 5123/2217/46 5124/2137/46
f 5130/2211/46 5126/2127/46 5129/2127/46
f 5140/2301/58 5169/2300/58 5115/2301/58
f 5114/2018/81 5143/2019/81 5141/2018/81
f 5138/2305/58 5167/2307/58 5117/2305/58
f 5116/2005/81 5145/2304/81 5139/2308/81
f 5136/2220/58 5165/2226/58 5119/2220/58
f 5118/2309/81 5147/2306/81 5137/2309/81
f 5134/2219/58 5163/2218/58 5121/2219/58
f 5120/2133/81 5149/2132/81 5135/2133/81
f 5132/2217/58 5161/2216/58 5123/2217/58
f 5122/2129/81 5151/2135/81 5133/2310/81
f 5130/2211/58 5159/2212/58 5125/2211/58
f 5124/2137/81 5153/2136/81 5131/2137/81
f 5128/2298/58 5157/2299/58 5127/2298/58
f 5126/2127/81 5155/2125/81 5129/2127/81
f 5109/2303/12 5114/2018/12 5108/2302/12
f 5218/2311/58 5184/2312/58 5217/2312/58
f 5188/2313/122 5176/2314/122 5203/2315/122
f 5173/2316/81 5176/2314/81 5172/2316/81
f 5212/2315/121 5173/2316/121 5186/2313/121
f 5210/2311/121 5187/2317/121 5184/2312/121
f 5208/2318/121 5185/2319/121 5182/2320/121
f 5206/2321/121 5183/2322/121 5180/2323/121
f 5204/2324/121 5181/2325/121 5178/2326/121
f 5170/2327/122 5196/2328/122 5174/2329/122
f 5194/2326/122 5198/2330/122 5197/2324/122
f 5192/2323/122 5200/2331/122 5199/2321/122
f 5190/2320/122 5202/2332/122 5201/2318/122
f 5197/2324/58 5178/2326/58 5194/2326/58
f 5196/2328/81 5179/2333/81 5205/2328/81
f 5199/2321/58 5180/2323/58 5192/2323/58
f 5198/2330/81 5181/2325/81 5207/2330/81
f 5201/2318/58 5182/2320/58 5190/2320/58
f 5200/2331/81 5183/2322/81 5209/2331/81
f 5202/2332/81 5185/2319/81 5211/2332/81
f 5203/2315/58 5186/2313/58 5188/2313/58
f 5216/2334/122 5220/2335/122 5219/2336/122
f 5175/2329/121 5179/2333/121 5171/2327/121
f 5219/2336/125 5217/2312/125 5216/2334/125
f 5220/2335/126 5214/2317/126 5221/2337/126
f 5221/2337/81 5187/2317/81 5213/2337/81
f 5270/2338/58 5236/2339/58 5262/2338/58
f 5228/2340/118 5240/2341/118 5255/2342/118
f 5225/2343/81 5228/2340/81 5229/2340/81
f 5225/2343/117 5264/2342/117 5238/2341/117
f 5239/2344/117 5262/2338/117 5236/2339/117
f 5237/2345/117 5260/2346/117 5234/2347/117
f 5235/2348/117 5258/2349/117 5232/2350/117
f 5233/2351/117 5256/2352/117 5230/2353/117
f 5248/2354/118 5222/2355/118 5226/2356/118
f 5250/2357/118 5246/2353/118 5249/2352/118
f 5252/2358/118 5244/2350/118 5251/2349/118
f 5254/2359/118 5242/2347/118 5253/2346/118
f 5249/2352/58 5230/2353/58 5256/2352/58
f 5231/2360/81 5248/2354/81 5257/2354/81
f 5251/2349/58 5232/2350/58 5258/2349/58
f 5233/2351/81 5250/2357/81 5259/2357/81
f 5253/2346/58 5234/2347/58 5260/2346/58
f 5235/2348/81 5252/2358/81 5261/2358/81
f 5237/2345/81 5254/2359/81 5263/2359/81
f 5255/2342/58 5238/2341/58 5264/2342/58
f 5272/2361/118 5268/2362/118 5271/2363/118
f 5231/2360/117 5227/2356/117 5223/2355/117
f 5269/2339/127 5271/2363/127 5268/2362/127
f 5272/2361/128 5266/2344/128 5267/2364/128
f 5239/2344/81 5273/2365/81 5265/2365/81
f 5276/1980/81 5275/2366/81 5277/2366/81
f 5279/2367/58 5280/1981/58 5281/2367/58
f 5278/1981/45 5275/2366/45 5274/1980/45
f 5281/2367/46 5276/1980/46 5277/2366/46
f 5282/2368/12 5285/2366/12 5283/2368/12
f 5283/2368/116 5289/2369/116 5287/2370/116
f 5286/2370/115 5284/2366/115 5282/2368/115
f 5285/2366/81 5288/2369/81 5289/2369/81
f 5286/2370/11 5289/2369/11 5288/2369/11
f 5293/2371/11 5290/2372/11 5291/2372/11
f 5297/2373/114 5291/2372/114 5295/2374/114
f 5292/2371/113 5294/2374/113 5290/2372/113
f 5296/2373/81 5293/2371/81 5297/2373/81
f 5297/2373/12 5294/2374/12 5296/2373/12
f 5298/2207/12 5301/2375/12 5299/2208/12
f 5299/2208/116 5305/2376/116 5303/2209/116
f 5302/2210/11 5305/2376/11 5304/2377/11
f 5302/2210/115 5300/2378/115 5298/2207/115
f 5307/2379/46 5308/2380/46 5306/2380/46
f 5309/2379/11 5312/2381/11 5308/2380/11
f 5313/2382/45 5310/2381/45 5312/2381/45
f 5311/2382/12 5306/2380/12 5310/2381/12
f 5312/2381/58 5306/2380/58 5308/2380/58
f 5309/2379/81 5311/2382/81 5313/2382/81
f 5315/2383/46 5316/2384/46 5314/2384/46
f 5317/2383/11 5320/2385/11 5316/2384/11
f 5321/2386/45 5318/2385/45 5320/2385/45
f 5319/2386/12 5314/2384/12 5318/2385/12
f 5320/2385/58 5314/2384/58 5316/2384/58
f 5317/2383/81 5319/2386/81 5321/2386/81
f 5323/2387/46 5324/2388/46 5322/2387/46
f 5325/2388/11 5328/2389/11 5324/2388/11
f 5329/2389/45 5326/2390/45 5328/2389/45
f 5327/2390/12 5322/2387/12 5326/2390/12
f 5328/2389/58 5322/2387/58 5324/2388/58
f 5330/2391/46 5333/2392/46 5332/2391/46
f 5337/2393/45 5336/2394/45 5334/2394/45
f 5337/2393/58 5332/2391/58 5333/2392/58
f 5341/2395/45 5338/2396/45 5340/2396/45
f 5344/2397/46 5345/2398/46 5342/2397/46
f 5340/2396/58 5345/2398/58 5341/2395/58
f 5347/2399/46 5348/2400/46 5346/2401/46
f 5349/2402/11 5352/2403/11 5348/2400/11
f 5353/2404/45 5350/2405/45 5352/2403/45
f 5351/2406/12 5346/2401/12 5350/2405/12
f 5352/2403/58 5346/2401/58 5348/2400/58
f 5351/2406/81 5349/2402/81 5347/2399/81
f 5356/2407/45 5355/2408/45 5354/2409/45
f 5360/2410/11 5357/2411/11 5356/2407/11
f 5358/2412/46 5361/2413/46 5360/2410/46
f 5354/2409/12 5359/2414/12 5358/2412/12
f 5354/2409/58 5360/2410/58 5356/2407/58
f 5357/2411/81 5359/2414/81 5355/2408/81
f 5363/2415/46 5364/2416/46 5362/2417/46
f 5365/2418/11 5368/2419/11 5364/2416/11
f 5369/2420/45 5366/2421/45 5368/2419/45
f 5367/2422/12 5362/2417/12 5366/2421/12
f 5368/2419/58 5362/2417/58 5364/2416/58
f 5367/2422/81 5365/2418/81 5363/2415/81
f 5372/2423/45 5371/2424/45 5370/2425/45
f 5376/2426/11 5373/2427/11 5372/2423/11
f 5374/2428/46 5377/2429/46 5376/2426/46
f 5370/2425/12 5375/2430/12 5374/2428/12
f 5370/2425/58 5376/2426/58 5372/2423/58
f 5373/2427/81 5375/2430/81 5371/2424/81
f 5400/2431/12 5382/2432/12 5426/2433/12
f 5402/2434/12 5427/1622/12 5424/2435/12
f 5384/2432/81 5383/2436/81 5385/2436/81
f 5441/2437/11 5388/2438/11 5387/2439/11
f 5429/2433/11 5385/2436/11 5399/2431/11
f 5400/2431/45 5385/2436/45 5383/2436/45
f 5431/2435/11 5398/1629/11 5397/2434/11
f 5433/1631/11 5396/2440/11 5395/1632/11
f 5435/1733/11 5394/2441/11 5393/1734/11
f 5391/2442/11 5434/2443/11 5392/2444/11
f 5378/2445/45 5386/2446/45 5413/2446/45
f 5378/2445/12 5415/2447/12 5379/2448/12
f 5412/2439/12 5417/2449/12 5414/2437/12
f 5410/1645/12 5419/2450/12 5416/1646/12
f 5418/2451/12 5407/2444/12 5421/2443/12
f 5406/1734/12 5423/2452/12 5420/1733/12
f 5404/1632/12 5425/2453/12 5422/1631/12
f 5412/2439/45 5388/2438/45 5411/2438/45
f 5439/1646/11 5390/2454/11 5389/1645/11
f 5410/1645/45 5390/2454/45 5409/2454/45
f 5407/2444/45 5391/2442/45 5392/2444/45
f 5405/2441/45 5393/1734/45 5394/2441/45
f 5403/2440/45 5395/1632/45 5396/2440/45
f 5402/2434/45 5398/1629/45 5401/1629/45
f 5412/2439/58 5441/2437/58 5387/2439/58
f 5386/2446/81 5415/2447/81 5413/2446/81
f 5410/1645/58 5439/1646/58 5389/1645/58
f 5388/2438/81 5417/2449/81 5411/2438/81
f 5408/2442/58 5437/2451/58 5391/2442/58
f 5390/2454/81 5419/2450/81 5409/2454/81
f 5406/1734/58 5435/1733/58 5393/1734/58
f 5392/2444/81 5421/2443/81 5407/2444/81
f 5404/1632/58 5433/1631/58 5395/1632/58
f 5394/2441/81 5423/2452/81 5405/2441/81
f 5402/2434/58 5431/2435/58 5397/2434/58
f 5396/2440/81 5425/2453/81 5403/2440/81
f 5400/2431/58 5429/2433/58 5399/2431/58
f 5398/1629/81 5427/1622/81 5401/1629/81
f 5381/2448/11 5386/2446/11 5380/2445/11
f 5442/1719/11 5445/1718/11 5443/1720/11
f 5443/1720/115 5449/1721/115 5447/1722/115
f 5446/1723/12 5449/1721/12 5448/1724/12
f 5446/1723/116 5444/1725/116 5442/1719/116
f 5453/2455/12 5450/1812/12 5451/1813/12
f 5457/2456/113 5451/1813/113 5455/1814/113
f 5457/2456/11 5454/1815/11 5456/2457/11
f 5452/2458/114 5454/1815/114 5450/1812/114
f 5464/2459/81 5462/2460/81 5463/2459/81
f 5458/2461/11 5462/2460/11 5465/2460/11
f 5461/2461/58 5459/2462/58 5460/2462/58
f 5460/2462/12 5464/2459/12 5463/2459/12
f 5461/2461/46 5463/2459/46 5462/2460/46
f 5465/2460/45 5459/2462/45 5458/2461/45
f 5467/2463/81 5468/2464/81 5466/2464/81
f 5472/2465/58 5473/2466/58 5471/2466/58
f 5473/2466/11 5468/2464/11 5469/2463/11
f 5466/2464/12 5471/2466/12 5467/2463/12
f 5479/2467/81 5480/2468/81 5478/2468/81
f 5476/2469/11 5481/2467/11 5477/2470/11
f 5475/2470/12 5478/2468/12 5474/2469/12
f 5477/2470/45 5479/2467/45 5475/2470/45
f 5474/2469/46 5480/2468/46 5476/2469/46
f 5488/2471/81 5487/2465/81 5486/2471/81
f 5489/2465/11 5484/2472/11 5485/2473/11
f 5486/2471/12 5483/2473/12 5482/2472/12
f 5487/2465/46 5485/2473/46 5483/2473/46
f 5488/2471/45 5482/2472/45 5484/2472/45
f 5492/2474/46 5491/2475/46 5490/2476/46
f 5496/2475/45 5494/2474/45 5495/2476/45
f 5490/2476/81 5494/2474/81 5492/2474/81
f 5491/2475/12 5495/2476/12 5490/2476/12
f 5500/2474/46 5499/2475/46 5498/2476/46
f 5504/2475/45 5502/2474/45 5503/2476/45
f 5498/2476/81 5502/2474/81 5500/2474/81
f 5499/2475/12 5503/2476/12 5498/2476/12
f 5507/2477/12 5511/2478/12 5506/2479/12
f 5509/2477/45 5512/2480/45 5507/2477/45
f 5506/2479/46 5510/2478/46 5508/2479/46
f 5508/2479/11 5513/2480/11 5509/2477/11
f 5515/2477/12 5519/2478/12 5514/2479/12
f 5517/2477/45 5520/2480/45 5515/2477/45
f 5514/2479/46 5518/2478/46 5516/2479/46
f 5516/2479/11 5521/2480/11 5517/2477/11
f 5523/2477/12 5527/2478/12 5522/2479/12
f 5525/2477/45 5528/2480/45 5523/2477/45
f 5522/2479/46 5526/2478/46 5524/2479/46
f 5524/2479/11 5529/2480/11 5525/2477/11
f 5533/2481/12 5530/2482/12 5531/2482/12
f 5537/2461/113 5531/2482/113 5535/2483/113
f 5532/2481/114 5534/2483/114 5530/2482/114
f 5539/2484/130 5540/2485/130 5538/2486/130
f 5542/2487/131 5544/2488/131 5543/2489/131
f 5544/2488/45 5541/2490/45 5539/2484/45
f 5542/2487/46 5538/2486/46 5540/2485/46
f 5545/2491/132 5540/2485/132 5541/2490/132
f 5538/2486/133 5544/2488/133 5539/2484/133
f 5547/2492/134 5548/2493/134 5546/2494/134
f 5550/2495/135 5552/2496/135 5551/2497/135
f 5552/2496/45 5549/2498/45 5547/2492/45
f 5548/2493/46 5551/2497/46 5546/2494/46
f 5553/2499/136 5548/2493/136 5549/2498/136
f 5554/2500/134 5557/2501/134 5556/2502/134
f 5558/2503/137 5560/2504/137 5559/2505/137
f 5555/2506/45 5561/2507/45 5557/2501/45
f 5558/2503/46 5554/2500/46 5556/2502/46
f 5561/2507/138 5556/2502/138 5557/2501/138
f 5567/2508/81 5562/2509/81 5563/2510/81
f 5566/2511/139 5569/2512/139 5567/2508/139
f 89/41/11 91/47/11 95/42/11
f 90/44/12 94/43/12 96/45/12
f 97/47/12 98/42/12 102/48/12
f 96/45/13 98/42/13 97/47/13
f 102/48/14 99/48/14 100/49/14
f 95/42/15 99/48/15 102/48/15
f 91/47/11 100/49/11 99/48/11
f 95/42/16 98/42/16 103/43/16
f 103/43/16 98/42/16 96/45/16
f 109/50/11 105/55/11 107/51/11
f 108/53/12 110/60/12 106/54/12
f 113/52/17 111/52/17 107/51/17
f 106/54/12 110/60/12 115/57/12
f 115/57/17 117/59/17 116/58/17
f 112/56/11 116/58/11 117/59/11
f 106/54/18 114/58/18 116/58/18
f 113/52/19 117/59/19 115/57/19
f 111/52/20 113/52/20 119/53/20
f 119/53/20 113/52/20 110/60/20
f 106/54/21 112/56/21 118/55/21
f 118/55/21 112/56/21 107/51/21
f 122/61/11 123/66/11 127/62/11
f 121/64/12 125/69/12 124/65/12
f 126/63/22 130/67/22 133/67/22
f 125/69/17 129/68/17 128/65/17
f 133/67/17 130/67/17 131/70/17
f 127/62/11 131/70/11 130/67/11
f 129/68/12 133/67/12 132/71/12
f 128/65/18 132/71/18 131/70/18
f 124/65/21 128/65/21 134/66/21
f 134/66/21 128/65/21 127/62/21
f 135/61/20 129/68/20 125/69/20
f 126/63/20 129/68/20 135/61/20
f 138/72/11 139/77/11 143/73/11
f 137/75/12 141/79/12 140/76/12
f 144/76/140 148/78/140 147/78/140
f 141/79/17 145/79/17 144/76/17
f 149/80/17 146/80/17 147/78/17
f 142/74/19 146/80/19 149/80/19
f 143/73/11 147/78/11 146/80/11
f 144/76/12 145/79/12 149/80/12
f 150/77/21 144/76/21 143/73/21
f 140/76/21 144/76/21 150/77/21
f 151/72/23 145/79/23 141/79/23
f 142/74/20 145/79/20 151/72/20
f 160/81/17 155/86/17 159/82/17
f 152/84/12 154/87/12 158/83/12
f 153/84/11 157/90/11 159/82/11
f 154/87/12 163/89/12 162/88/12
f 163/89/17 164/89/17 165/88/17
f 158/83/18 162/88/18 165/88/18
f 160/81/11 161/83/11 165/88/11
f 160/81/22 164/89/22 163/89/22
f 166/84/20 160/81/20 154/87/20
f 155/86/20 160/81/20 166/84/20
f 167/90/21 161/83/21 159/82/21
f 158/83/21 161/83/21 167/90/21
f 169/91/11 181/100/11 170/92/11
f 172/94/12 171/101/12 173/95/12
f 173/95/12 176/98/12 177/97/12
f 175/95/15 178/99/15 176/98/15
f 176/98/13 178/99/13 179/97/13
f 175/95/11 180/96/11 179/97/11
f 174/96/24 177/97/24 179/97/24
f 175/95/13 170/92/13 181/100/13
f 180/96/25 183/94/25 172/94/25
f 181/100/25 169/91/25 183/94/25
f 170/92/27 175/95/27 182/101/27
f 175/95/27 173/95/27 171/101/27
f 187/102/11 188/108/11 186/103/11
f 189/105/12 185/987/12 191/106/12
f 191/106/13 193/103/13 192/108/13
f 192/108/24 194/109/24 195/109/24
f 193/103/12 196/110/12 194/109/12
f 196/110/13 197/110/13 195/109/13
f 186/103/15 197/110/15 196/110/15
f 186/103/11 188/108/11 195/109/11
f 199/102/28 192/108/28 188/108/28
f 189/105/28 190/107/28 192/108/28
f 191/106/20 185/987/20 198/104/20
f 186/103/20 193/103/20 198/104/20
f 202/111/11 91/47/11 89/41/11
f 90/44/12 92/46/12 203/113/12
f 97/47/12 101/49/12 206/114/12
f 97/47/29 204/111/29 203/113/29
f 100/49/30 205/114/30 206/114/30
f 206/114/31 205/114/31 202/111/31
f 205/114/11 100/49/11 91/47/11
f 207/112/32 204/111/32 202/111/32
f 203/113/32 204/111/32 207/112/32
f 213/115/11 215/120/11 211/116/11
f 210/118/12 214/123/12 212/119/12
f 211/116/33 215/120/33 217/120/33
f 210/118/12 218/124/12 219/122/12
f 220/124/33 221/125/33 219/122/33
f 221/125/11 220/124/11 216/121/11
f 220/124/34 218/124/34 210/118/34
f 219/122/38 221/125/38 217/120/38
f 223/119/141 217/120/141 215/120/141
f 214/123/141 217/120/141 223/119/141
f 222/117/37 216/121/37 210/118/37
f 211/116/37 216/121/37 222/117/37
f 226/126/11 230/132/11 231/127/11
f 228/129/12 229/134/12 225/130/12
f 237/131/38 234/131/38 230/132/38
f 232/129/33 233/133/33 229/134/33
f 235/135/33 234/131/33 237/131/33
f 234/131/11 235/135/11 231/127/11
f 236/136/12 237/131/12 233/133/12
f 235/135/39 236/136/39 232/129/39
f 238/128/37 232/129/37 228/129/37
f 231/127/37 232/129/37 238/128/37
f 229/134/36 233/133/36 239/126/36
f 239/126/36 233/133/36 230/132/36
f 242/137/11 246/145/11 247/138/11
f 244/140/12 245/143/12 241/141/12
f 251/142/34 252/142/34 248/140/34
f 248/140/33 249/143/33 245/143/33
f 251/142/33 250/144/33 253/144/33
f 253/144/38 250/144/38 246/145/38
f 250/144/11 251/142/11 247/138/11
f 248/140/12 252/142/12 253/144/12
f 247/138/37 248/140/37 254/139/37
f 254/139/37 248/140/37 244/140/37
f 245/143/141 249/143/141 255/137/141
f 255/137/36 249/143/36 246/145/36
f 263/146/33 259/155/33 264/147/33
f 262/148/12 258/153/12 256/149/12
f 257/149/11 259/155/11 263/146/11
f 266/152/12 267/154/12 258/153/12
f 269/152/33 268/154/33 267/154/33
f 269/152/34 266/152/34 262/148/34
f 264/147/11 268/154/11 269/152/11
f 267/154/38 268/154/38 264/147/38
f 258/153/36 264/147/36 270/149/36
f 270/149/36 264/147/36 259/155/36
f 263/146/37 265/148/37 271/151/37
f 271/151/37 265/148/37 262/148/37
f 274/156/11 285/165/11 273/157/11
f 276/159/12 278/163/12 277/160/12
f 281/162/12 280/164/12 277/160/12
f 280/164/31 282/2513/31 279/160/31
f 283/162/29 282/2513/29 280/164/29
f 279/160/11 282/2513/11 283/162/11
f 283/162/40 281/162/40 278/163/40
f 285/165/29 274/156/29 279/160/29
f 276/159/41 287/159/41 284/163/41
f 287/159/41 273/157/41 285/165/41
f 286/161/43 279/160/43 274/156/43
f 275/161/43 277/160/43 279/160/43
f 290/166/11 292/172/11 291/167/11
f 293/169/12 294/173/12 295/170/12
f 296/172/29 297/166/29 295/170/29
f 299/174/40 298/174/40 296/172/40
f 298/174/12 300/175/12 297/166/12
f 299/174/29 301/175/29 300/175/29
f 300/175/31 301/175/31 290/166/31
f 290/166/11 301/175/11 299/174/11
f 292/172/44 296/172/44 303/167/44
f 296/172/142 294/173/142 293/169/142
f 302/168/36 289/171/36 295/170/36
f 302/168/36 297/166/36 290/166/36
f 308/176/11 350/494/11 339/177/11
f 366/179/11 369/495/11 363/180/11
f 379/184/11 373/644/11 1375/182/11
f 373/644/11 376/643/11 1375/182/11
f 376/643/11 1373/642/11 1375/182/11
f 1389/183/11 1388/645/11 379/184/11
f 1388/645/11 380/646/11 379/184/11
f 312/185/11 313/610/11 338/186/11
f 365/640/11 364/633/11 1366/190/11
f 364/633/11 368/188/11 1366/190/11
f 368/188/11 371/896/11 1382/895/11
f 368/188/11 1382/895/11 1381/189/11
f 1366/190/11 1367/639/11 365/640/11
f 367/191/45 793/191/45 787/192/45
f 333/193/45 1793/193/45 1788/194/45
f 322/195/11 332/502/11 331/196/11
f 324/198/11 334/618/11 333/193/11
f 1618/199/46 764/199/46 775/200/46
f 327/201/11 337/509/11 336/202/11
f 1638/204/45 1369/204/45 732/205/45
f 353/206/11 355/627/11 344/207/11
f 356/209/11 359/629/11 347/210/11
f 351/212/11 354/624/11 342/213/11
f 1637/215/46 1630/216/46 1803/216/46
f 358/217/11 360/632/11 349/218/11
f 318/220/11 328/514/11 305/221/11
f 374/223/11 378/515/11 377/224/11
f 1622/226/46 1797/226/46 1800/227/46
f 1612/228/45 754/228/45 741/229/45
f 1604/230/45 1785/230/45 1782/231/45
f 319/232/11 330/522/11 329/233/11
f 1660/235/12 931/235/12 894/236/12
f 418/238/46 421/880/46 1297/526/46
f 421/880/46 1301/879/46 1297/526/46
f 1293/651/46 391/652/46 1289/239/46
f 391/652/46 390/237/46 1289/239/46
f 418/238/46 1297/526/46 1289/239/46
f 393/527/46 392/878/46 1291/240/46
f 392/878/46 1292/877/46 1291/240/46
f 1300/649/46 420/650/46 1295/241/46
f 420/650/46 423/242/46 1295/241/46
f 393/527/46 1291/240/46 423/242/46
f 422/243/46 425/653/46 395/244/46
f 424/246/46 426/657/46 397/247/46
f 1692/249/11 865/249/11 828/250/11
f 427/252/46 429/701/46 1281/297/46
f 429/701/46 1280/700/46 1281/297/46
f 1275/660/46 399/661/46 1285/253/46
f 399/661/46 398/251/46 1285/253/46
f 427/252/46 1281/297/46 1285/253/46
f 401/298/46 400/699/46 1273/254/46
f 400/699/46 1274/698/46 1273/254/46
f 1279/658/46 428/659/46 1271/255/46
f 428/659/46 430/256/46 1271/255/46
f 401/298/46 1273/254/46 430/256/46
f 1682/257/12 837/257/12 872/258/12
f 431/259/46 433/668/46 404/260/46
f 1698/262/11 875/262/11 838/263/11
f 406/674/46 405/669/46 1259/266/46
f 405/669/46 434/264/46 1259/266/46
f 434/264/46 436/882/46 1265/265/46
f 436/882/46 1263/881/46 1265/265/46
f 1259/266/46 1257/673/46 406/674/46
f 408/533/46 407/874/46 1266/267/46
f 407/874/46 1256/873/46 1266/267/46
f 1262/671/46 435/672/46 1268/268/46
f 435/672/46 438/269/46 1268/268/46
f 408/533/46 1266/267/46 438/269/46
f 437/270/46 440/675/46 410/271/46
f 1688/273/12 853/273/12 888/274/12
f 441/275/46 443/316/46 413/276/46
f 415/681/46 414/677/46 1253/280/46
f 414/677/46 442/278/46 1253/280/46
f 442/278/46 445/723/46 1245/279/46
f 445/723/46 1244/722/46 1245/279/46
f 1253/280/46 1252/680/46 415/681/46
f 417/537/46 416/876/46 1239/281/46
f 416/876/46 1251/875/46 1239/281/46
f 1243/678/46 444/679/46 1247/282/46
f 444/679/46 446/283/46 1247/282/46
f 417/537/46 1239/281/46 446/283/46
f 447/539/45 449/888/45 1353/284/45
f 449/888/45 1350/887/45 1353/284/45
f 1360/689/45 475/690/45 1358/285/45
f 475/690/45 474/286/45 1358/285/45
f 447/539/45 1353/284/45 474/286/45
f 1351/687/45 448/688/45 1356/289/45
f 448/688/45 450/287/45 1356/289/45
f 477/288/45 476/890/45 1364/540/45
f 476/890/45 1361/889/45 1364/540/45
f 477/288/45 1364/540/45 1356/289/45
f 1662/290/12 935/290/12 898/291/12
f 453/292/45 480/697/45 479/293/45
f 1646/295/11 901/295/11 936/296/11
f 454/251/45 456/661/45 1348/253/45
f 456/661/45 1345/660/45 1348/253/45
f 1341/700/45 482/701/45 1335/297/45
f 482/701/45 481/252/45 1335/297/45
f 454/251/45 1348/253/45 481/252/45
f 1344/698/45 455/699/45 1343/254/45
f 455/699/45 458/298/45 1343/254/45
f 484/256/45 483/659/45 1340/255/45
f 483/659/45 1339/658/45 1340/255/45
f 484/256/45 1340/255/45 1343/254/45
f 460/299/45 486/702/45 485/300/45
f 461/302/45 488/705/45 487/303/45
f 1668/305/12 951/305/12 914/306/12
f 490/309/45 462/706/45 1328/307/45
f 462/706/45 465/884/45 1328/307/45
f 465/884/45 1327/883/45 1328/307/45
f 1322/308/45 1332/710/45 491/711/45
f 1322/308/45 491/711/45 490/309/45
f 1324/708/45 464/709/45 1318/312/45
f 464/709/45 466/310/45 1318/312/45
f 493/311/45 492/886/45 1331/545/45
f 492/886/45 1330/885/45 1331/545/45
f 493/311/45 1331/545/45 1318/312/45
f 1670/275/12 955/275/12 918/277/12
f 469/313/45 496/718/45 495/314/45
f 1654/276/11 921/276/11 956/316/11
f 497/278/45 470/677/45 1314/280/45
f 470/677/45 472/681/45 1314/280/45
f 472/681/45 1315/680/45 1314/280/45
f 1306/279/45 1307/722/45 498/723/45
f 1306/279/45 498/723/45 497/278/45
f 383/317/45 384/926/45 500/318/45
f 388/320/46 419/648/46 389/321/46
f 1586/323/46 1021/562/46 1009/324/46
f 991/325/11 980/734/11 964/326/11
f 526/328/12 525/745/12 516/329/12
f 560/331/12 555/553/12 557/332/12
f 541/334/45 1817/334/45 1822/335/45
f 969/336/143 1029/779/143 1032/337/143
f 1570/339/46 998/339/46 985/340/46
f 529/341/12 528/747/12 518/342/12
f 1562/344/45 988/344/45 999/345/45
f 531/346/12 530/751/12 521/347/12
f 502/349/12 532/726/12 522/350/12
f 979/352/11 992/571/11 993/353/11
f 1595/355/12 1598/932/12 1597/356/12
f 536/358/12 546/757/12 548/359/12
f 1588/361/46 1024/361/46 1012/362/46
f 539/363/12 549/761/12 551/364/12
f 1590/366/46 1028/569/46 1033/367/46
f 542/368/12 552/765/12 505/369/12
f 1820/371/11 1015/754/11 1005/372/11
f 1217/374/12 1205/733/12 561/375/12
f 1214/566/12 573/567/12 1213/379/12
f 573/567/12 572/377/12 1213/379/12
f 565/378/12 564/871/12 1236/774/12
f 565/378/12 1236/774/12 1235/773/12
f 565/378/12 1235/773/12 1213/379/12
f 571/380/12 570/568/12 567/381/12
f 1599/383/45 1594/384/45 1045/384/45
f 1211/386/11 1212/385/11 1045/384/11
f 653/388/45 690/830/45 576/389/45
f 583/786/46 582/771/46 1443/393/46
f 582/771/46 616/391/46 1443/393/46
f 616/391/46 618/834/46 1448/392/46
f 618/834/46 1449/2514/46 1448/392/46
f 1443/393/46 1456/787/46 583/786/46
f 619/394/46 621/791/46 586/395/46
f 593/397/12 1837/397/12 1852/398/12
f 622/399/46 624/792/46 588/400/46
f 623/403/46 626/841/46 1431/460/46
f 626/841/46 1432/840/46 1431/460/46
f 1440/794/46 590/795/46 1434/404/46
f 590/795/46 589/402/46 1434/404/46
f 623/403/46 1431/460/46 1434/404/46
f 592/798/46 591/900/46 1438/578/46
f 591/900/46 1439/899/46 1438/578/46
f 625/407/46 628/577/46 1427/405/46
f 628/577/46 592/798/46 1438/578/46
f 1427/405/46 628/577/46 1438/578/46
f 627/398/46 629/801/46 594/408/46
f 1712/409/12 1073/409/12 1108/410/12
f 630/412/46 633/906/46 1420/582/46
f 633/906/46 1421/2515/46 1420/582/46
f 1417/805/46 597/806/46 1423/413/46
f 597/806/46 596/411/46 1423/413/46
f 630/412/46 1420/582/46 1423/413/46
f 599/583/46 598/904/46 1416/414/46
f 598/904/46 1415/903/46 1416/414/46
f 1419/2516/46 632/803/46 1413/415/46
f 632/803/46 634/416/46 1413/415/46
f 599/583/46 1416/414/46 634/416/46
f 1714/417/12 1075/417/12 1111/418/12
f 635/419/46 637/584/46 602/420/46
f 1861/424/45 1844/2517/45 1543/422/45
f 1844/2517/45 1545/922/45 1543/422/45
f 1543/422/45 1542/920/45 1125/423/45
f 605/476/46 604/902/46 1402/425/46
f 604/902/46 1407/901/46 1402/425/46
f 1397/489/46 638/490/46 1400/426/46
f 638/490/46 641/427/46 1400/426/46
f 605/476/46 1402/425/46 641/427/46
f 640/428/46 642/820/46 607/429/46
f 1718/431/12 1084/431/12 1119/432/12
f 643/433/46 645/825/46 610/434/46
f 1738/436/11 1122/436/11 1085/437/11
f 646/438/46 648/827/46 612/439/46
f 614/587/46 1546/921/46 1536/441/46
f 1536/441/46 1539/828/46 649/442/46
f 652/443/46 614/587/46 1536/441/46
f 651/444/46 581/936/46 579/445/46
f 1744/447/11 1865/447/11 1878/448/11
f 1503/831/45 654/832/45 1515/451/45
f 654/832/45 657/449/45 1515/451/45
f 693/450/45 692/784/45 1513/589/45
f 692/784/45 1507/785/45 1513/589/45
f 693/450/45 1513/589/45 1515/451/45
f 658/452/45 695/835/45 694/453/45
f 665/455/11 1867/455/11 1880/456/11
f 661/457/45 697/837/45 696/458/45
f 660/402/45 663/795/45 1495/404/45
f 663/795/45 1500/794/45 1495/404/45
f 1490/840/45 699/841/45 1492/460/45
f 699/841/45 698/403/45 1492/460/45
f 660/402/45 1495/404/45 698/403/45
f 667/461/45 702/590/45 701/462/45
f 1198/432/46 1889/974/46 1872/464/46
f 668/595/45 670/910/45 1484/465/45
f 670/910/45 1487/909/45 1484/465/45
f 1474/849/45 705/850/45 1481/466/45
f 705/850/45 704/467/45 1481/466/45
f 668/595/45 1484/465/45 704/467/45
f 1486/848/45 669/847/45 1476/470/45
f 669/847/45 672/468/45 1476/470/45
f 707/469/45 706/912/45 1473/596/45
f 706/912/45 1472/911/45 1473/596/45
f 707/469/45 1473/596/45 1476/470/45
f 674/471/45 709/811/45 708/410/45
f 1770/472/12 1196/472/12 1157/473/12
f 711/418/45 675/417/45 1469/474/45
f 675/417/45 677/817/45 1469/474/45
f 677/817/45 1470/816/45 1469/474/45
f 1458/475/45 1459/854/45 712/855/45
f 1458/475/45 712/855/45 711/418/45
f 1468/853/45 676/852/45 1465/425/45
f 676/852/45 679/476/45 1465/425/45
f 714/427/45 713/490/45 1463/426/45
f 713/490/45 1457/489/45 1463/426/45
f 714/427/45 1463/426/45 1465/425/45
f 681/477/45 716/856/45 715/428/45
f 682/478/45 718/859/45 717/479/45
f 1203/442/46 1891/975/46 1874/481/46
f 1774/442/12 1203/442/12 1164/482/12
f 685/598/45 687/919/45 1529/483/45
f 687/919/45 1534/918/45 1529/483/45
f 1522/863/45 722/864/45 1527/484/45
f 722/864/45 721/485/45 1527/484/45
f 685/598/45 1529/483/45 721/485/45
f 1533/862/45 686/861/45 1526/488/45
f 686/861/45 688/486/45 1526/488/45
f 724/487/45 723/917/45 1524/599/45
f 723/917/45 1519/916/45 1524/599/45
f 724/487/45 1524/599/45 1526/488/45
f 1457/489/12 713/490/12 1887/490/12
f 575/491/45 577/935/45 725/492/45
f 1726/448/11 1851/448/11 1834/447/11
f 730/176/12 729/178/12 763/177/12
f 792/179/12 788/181/12 789/180/12
f 803/643/12 800/644/12 1377/182/12
f 800/644/12 807/184/12 1377/182/12
f 807/184/12 808/646/12 1390/645/12
f 807/184/12 1390/645/12 1393/183/12
f 1377/182/12 1376/642/12 803/643/12
f 762/186/12 735/610/12 734/185/12
f 794/188/12 790/633/12 1370/190/12
f 790/633/12 791/640/12 1370/190/12
f 791/640/12 1368/639/12 1370/190/12
f 1385/189/12 1384/895/12 794/188/12
f 1384/895/12 797/896/12 794/188/12
f 306/496/49 728/641/49 733/497/49
f 309/498/11 367/191/11 361/192/11
f 1608/500/46 1787/500/46 1790/501/46
f 744/195/12 743/197/12 755/196/12
f 770/503/12 783/628/12 1799/504/12
f 748/506/12 745/619/12 758/507/12
f 750/201/12 747/203/12 760/202/12
f 1568/510/46 1809/510/46 1804/511/46
f 769/207/12 781/627/12 779/206/12
f 772/210/12 785/629/12 782/209/12
f 767/213/12 780/624/12 777/212/12
f 1620/512/46 1795/512/46 1798/513/46
f 774/218/12 786/632/12 784/217/12
f 740/220/50 726/222/50 727/221/50
f 801/223/12 798/225/12 805/224/12
f 765/516/12 778/623/12 775/200/12
f 1786/517/12 741/229/12 754/228/12
f 1780/519/12 802/647/12 1372/520/12
f 742/232/12 739/234/12 752/233/12
f 813/523/46 926/945/46 891/524/46
f 819/237/45 820/652/45 1287/239/45
f 820/652/45 1288/651/45 1287/239/45
f 1299/879/45 857/880/45 1296/526/45
f 857/880/45 854/238/45 1296/526/45
f 819/237/45 1287/239/45 854/238/45
f 1286/877/45 821/878/45 1290/240/45
f 821/878/45 822/527/45 1290/240/45
f 859/242/45 856/650/45 1294/241/45
f 856/650/45 1298/649/45 1294/241/45
f 859/242/45 1294/241/45 1290/240/45
f 824/244/45 861/653/45 858/243/45
f 826/247/45 863/657/45 860/246/45
f 828/250/45 865/249/45 862/528/45
f 829/251/45 830/661/45 1283/253/45
f 830/661/45 1282/660/45 1283/253/45
f 1277/700/45 867/701/45 1276/297/45
f 867/701/45 864/252/45 1276/297/45
f 829/251/45 1283/253/45 864/252/45
f 1284/698/45 831/699/45 1272/254/45
f 831/699/45 832/298/45 1272/254/45
f 869/256/45 866/659/45 1270/255/45
f 866/659/45 1278/658/45 1270/255/45
f 869/256/45 1270/255/45 1272/254/45
f 834/530/45 871/664/45 868/531/45
f 836/260/45 873/668/45 870/259/45
f 838/263/45 875/262/45 872/258/45
f 874/264/45 839/669/45 1258/266/45
f 839/669/45 840/674/45 1258/266/45
f 840/674/45 1255/673/45 1258/266/45
f 1264/265/45 1261/881/45 877/882/45
f 1264/265/45 877/882/45 874/264/45
f 1254/873/45 841/874/45 1267/267/45
f 841/874/45 842/533/45 1267/267/45
f 879/269/45 876/672/45 1269/268/45
f 876/672/45 1260/671/45 1269/268/45
f 879/269/45 1269/268/45 1267/267/45
f 844/271/45 881/675/45 878/270/45
f 846/534/45 883/670/45 880/535/45
f 848/276/45 885/316/45 882/275/45
f 884/278/45 849/677/45 1249/280/45
f 849/677/45 850/681/45 1249/280/45
f 850/681/45 1250/680/45 1249/280/45
f 1241/279/45 1242/722/45 887/723/45
f 1241/279/45 887/723/45 884/278/45
f 1248/875/45 851/876/45 1238/281/45
f 851/876/45 852/537/45 1238/281/45
f 889/283/45 886/679/45 1246/282/45
f 886/679/45 1240/678/45 1246/282/45
f 889/283/45 1246/282/45 1238/281/45
f 815/538/45 816/925/45 888/274/45
f 927/286/46 928/690/46 1359/285/46
f 928/690/46 1363/689/46 1359/285/46
f 1354/887/46 893/888/46 1355/284/46
f 893/888/46 890/539/46 1355/284/46
f 927/286/46 1359/285/46 1355/284/46
f 895/287/46 892/688/46 1357/289/46
f 892/688/46 1352/687/46 1357/289/46
f 1362/889/46 929/890/46 1365/540/46
f 929/890/46 930/288/46 1365/540/46
f 895/287/46 1357/289/46 930/288/46
f 931/235/46 932/693/46 897/541/46
f 933/293/46 934/697/46 899/292/46
f 935/290/46 936/296/46 901/295/46
f 937/252/46 938/701/46 1337/297/46
f 938/701/46 1336/700/46 1337/297/46
f 1347/660/46 903/661/46 1349/253/46
f 903/661/46 900/251/46 1349/253/46
f 937/252/46 1337/297/46 1349/253/46
f 905/298/46 902/699/46 1342/254/46
f 902/699/46 1346/698/46 1342/254/46
f 1334/658/46 939/659/46 1338/255/46
f 939/659/46 940/256/46 1338/255/46
f 905/298/46 1342/254/46 940/256/46
f 941/300/46 942/702/46 907/299/46
f 943/303/46 944/705/46 909/302/46
f 945/542/46 946/707/46 911/543/46
f 913/884/46 910/706/46 1329/307/46
f 910/706/46 947/309/46 1329/307/46
f 947/309/46 948/711/46 1323/308/46
f 948/711/46 1320/710/46 1323/308/46
f 1329/307/46 1325/883/46 913/884/46
f 915/310/46 912/709/46 1319/312/46
f 912/709/46 1326/708/46 1319/312/46
f 1321/885/46 949/886/46 1333/545/46
f 949/886/46 950/311/46 1333/545/46
f 915/310/46 1319/312/46 950/311/46
f 951/305/46 952/714/46 917/546/46
f 953/314/46 954/718/46 919/313/46
f 955/275/46 956/316/46 921/276/46
f 923/681/46 920/677/46 1317/280/46
f 920/677/46 957/278/46 1317/280/46
f 957/278/46 958/723/46 1309/279/46
f 958/723/46 1304/722/46 1309/279/46
f 1317/280/46 1312/680/46 923/681/46
f 925/719/46 922/721/46 1303/547/46
f 922/721/46 1316/720/46 1303/547/46
f 1308/891/46 959/892/46 1311/548/46
f 959/892/46 960/549/46 1311/548/46
f 925/719/46 1303/547/46 960/549/46
f 961/318/46 812/2518/46 811/550/46
f 818/321/45 855/648/45 817/320/45
f 1584/551/46 1821/551/46 1814/552/46
f 508/327/51 970/327/51 964/326/51
f 981/329/11 994/745/11 995/328/11
f 1034/331/11 1031/333/11 1030/332/11
f 1016/554/11 1014/752/11 1003/555/11
f 519/557/45 1807/557/45 1810/558/45
f 984/342/11 996/747/11 997/559/11
f 985/340/11 998/339/11 999/345/11
f 987/347/11 1000/751/11 1001/346/11
f 989/350/11 1002/726/11 963/349/11
f 501/351/45 962/351/45 963/349/45
f 1552/560/52 975/560/52 965/561/52
f 1019/359/11 1017/757/11 1006/358/11
f 1021/562/11 1018/760/11 1008/563/11
f 1022/364/11 1020/761/11 1010/363/11
f 572/377/45 1827/377/45 1824/564/45
f 967/369/11 1023/765/11 1013/368/11
f 505/369/46 967/369/46 966/370/46
f 1218/565/11 1216/732/11 974/376/11
f 1214/566/46 1893/976/46 1828/567/46
f 1044/380/11 1039/382/11 1040/381/11
f 1219/2519/11 1036/770/11 1210/570/11
f 1036/770/11 1033/367/11 1210/570/11
f 1028/569/11 1025/772/11 1231/767/11
f 1028/569/11 1231/767/11 1232/766/11
f 1028/569/11 1232/766/11 1210/570/11
f 1564/571/46 992/571/46 979/352/46
f 1048/389/46 1167/830/46 1129/388/46
f 1835/572/45 1850/969/45 1849/573/45
f 1442/979/45 1056/981/45 1454/451/45
f 1056/981/45 1057/449/45 1454/451/45
f 1094/450/45 1091/784/45 1452/589/45
f 1091/784/45 1446/785/45 1452/589/45
f 1094/450/45 1452/589/45 1454/451/45
f 1059/395/45 1095/791/45 1093/394/45
f 1706/575/12 1833/575/12 1848/576/12
f 1061/400/45 1098/792/45 1096/399/45
f 1062/402/45 1063/795/45 1435/404/45
f 1063/795/45 1441/794/45 1435/404/45
f 1429/907/45 1100/841/45 1433/460/45
f 1100/841/45 1097/403/45 1433/460/45
f 1062/402/45 1435/404/45 1097/403/45
f 1437/899/45 1064/900/45 1436/578/45
f 1064/900/45 1065/798/45 1436/578/45
f 1065/798/45 1101/577/45 1436/578/45
f 1101/577/45 1099/407/45 1426/405/45
f 1099/407/45 1428/793/45 1426/405/45
f 601/421/12 1839/421/12 1854/419/12
f 1068/579/45 1105/802/45 1102/580/45
f 1069/411/45 1070/806/45 1422/413/45
f 1070/806/45 1425/805/45 1422/413/45
f 1412/905/45 1107/906/45 1418/582/45
f 1107/906/45 1104/412/45 1418/582/45
f 1069/411/45 1422/413/45 1104/412/45
f 1424/903/45 1071/904/45 1414/414/45
f 1071/904/45 1072/583/45 1414/414/45
f 1109/416/45 1106/803/45 1410/415/45
f 1106/803/45 1411/804/45 1410/415/45
f 1109/416/45 1410/415/45 1414/414/45
f 1074/471/45 1110/811/45 1108/410/45
f 637/584/11 1857/584/11 1840/420/11
f 1111/418/45 1075/417/45 1408/474/45
f 1075/417/45 1076/817/45 1408/474/45
f 1076/817/45 1405/816/45 1408/474/45
f 1398/475/45 1395/854/45 1113/855/45
f 1398/475/45 1113/855/45 1111/418/45
f 1406/901/45 1077/902/45 1403/425/45
f 1077/902/45 1078/476/45 1403/425/45
f 1115/427/45 1112/490/45 1401/426/45
f 1112/490/45 1396/489/45 1401/426/45
f 1115/427/45 1401/426/45 1403/425/45
f 1080/429/45 1116/820/45 1114/428/45
f 1716/585/12 1843/585/12 1858/586/12
f 1083/434/45 1120/825/45 1117/433/45
f 1085/437/45 1122/436/45 1119/432/45
f 1087/439/45 1123/827/45 1121/438/45
f 1537/441/45 1535/921/45 1088/587/45
f 1127/443/45 1124/442/45 1537/441/45
f 1124/442/45 1541/828/45 1537/441/45
f 1051/445/45 1053/936/45 1126/444/45
f 1131/914/46 1128/826/46 1506/393/46
f 1128/826/46 1168/588/46 1506/393/46
f 1168/588/46 1169/834/46 1512/392/46
f 1169/834/46 1509/2514/46 1512/392/46
f 1506/393/46 1518/913/46 1131/914/46
f 1133/449/46 1130/832/46 1516/451/46
f 1130/832/46 1517/831/46 1516/451/46
f 1508/908/46 1170/784/46 1514/589/46
f 1170/784/46 1171/450/46 1514/589/46
f 1133/449/46 1516/451/46 1171/450/46
f 1172/453/46 1173/835/46 1134/452/46
f 1760/576/12 1877/576/12 1862/575/12
f 1174/458/46 1175/837/46 1137/457/46
f 1176/403/46 1177/841/46 1494/460/46
f 1177/841/46 1493/840/46 1494/460/46
f 1501/794/46 1139/795/46 1496/404/46
f 1139/795/46 1136/402/46 1496/404/46
f 1176/403/46 1494/460/46 1496/404/46
f 667/461/11 1869/461/11 1882/590/11
f 1188/419/46 1885/972/46 1870/591/46
f 1180/592/46 1181/836/46 1143/593/46
f 1182/467/46 1183/850/46 1483/466/46
f 1183/850/46 1482/849/46 1483/466/46
f 1478/909/46 1145/910/46 1485/465/46
f 1145/910/46 1142/595/46 1485/465/46
f 1182/467/46 1483/466/46 1485/465/46
f 1147/468/46 1144/847/46 1479/470/46
f 1144/847/46 1477/848/46 1479/470/46
f 1480/911/46 1184/912/46 1475/596/46
f 1184/912/46 1185/469/46 1475/596/46
f 1147/468/46 1479/470/46 1185/469/46
f 1186/410/46 1187/811/46 1149/471/46
f 1748/420/11 1871/420/11 1884/584/11
f 1152/817/46 1150/417/46 1471/474/46
f 1150/417/46 1189/418/46 1471/474/46
f 1189/418/46 1190/855/46 1461/475/46
f 1190/855/46 1460/854/46 1461/475/46
f 1471/474/46 1467/816/46 1152/817/46
f 1192/428/46 1193/856/46 1156/477/46
f 1194/479/46 1195/859/46 1158/478/46
f 1196/472/46 1197/860/46 1160/597/46
f 1752/437/11 1873/437/11 1888/436/11
f 1199/485/46 1200/864/46 1528/484/46
f 1200/864/46 1521/863/46 1528/484/46
f 1532/918/46 1163/919/46 1530/483/46
f 1163/919/46 1161/598/46 1530/483/46
f 1199/485/46 1528/484/46 1530/483/46
f 1165/486/46 1162/861/46 1525/488/46
f 1162/861/46 1531/862/46 1525/488/46
f 1520/916/46 1201/917/46 1523/599/46
f 1201/917/46 1202/487/46 1523/599/46
f 1165/486/46 1525/488/46 1202/487/46
f 1756/587/11 1875/587/11 1890/443/11
f 1204/492/46 1049/935/46 1047/491/46
f 1054/600/45 1090/961/45 1052/601/45
f 305/221/45 727/221/45 726/222/45
f 307/178/46 729/178/46 730/176/46
f 1632/603/46 799/603/46 804/604/46
f 362/181/46 788/181/46 792/179/46
f 1378/605/46 1391/605/46 736/606/46
f 1783/607/12 1784/963/12 1801/608/12
f 312/185/46 734/185/46 735/610/46
f 1628/611/11 1605/937/11 1602/612/11
f 329/233/45 752/233/45 739/234/45
f 318/220/46 740/220/46 751/514/46
f 1609/614/11 1614/938/11 1613/615/11
f 319/232/46 742/232/46 753/522/46
f 331/196/45 755/196/45 743/197/45
f 1610/506/46 748/506/46 759/508/46
f 746/198/12 1789/964/12 1792/617/12
f 322/195/46 744/195/46 756/502/46
f 335/507/45 758/507/45 745/619/45
f 324/198/46 746/198/46 757/618/46
f 336/202/45 760/202/45 747/203/45
f 1611/620/11 1616/939/11 335/507/11
f 338/186/45 762/186/45 749/187/45
f 327/201/46 750/201/46 761/509/46
f 1624/621/11 352/623/11 340/516/11
f 350/494/45 776/494/45 763/177/45
f 341/214/46 766/214/46 777/212/46
f 352/623/45 778/623/45 765/516/45
f 343/208/46 768/208/46 779/206/46
f 354/624/45 780/624/45 767/213/45
f 1626/625/11 357/628/11 345/503/11
f 355/627/45 781/627/45 769/207/45
f 346/211/46 771/211/46 782/209/46
f 357/628/45 783/628/45 770/503/45
f 348/219/46 773/219/46 784/217/46
f 359/629/45 785/629/45 772/210/45
f 732/205/12 1369/204/12 1895/630/12
f 360/632/45 786/632/45 774/218/45
f 364/633/46 790/633/46 794/188/46
f 309/498/53 316/499/53 738/499/53
f 369/495/45 795/495/45 789/180/45
f 306/496/11 311/497/11 1633/635/11
f 1380/637/46 1383/637/46 796/638/46
f 377/224/45 805/224/45 798/225/45
f 1367/639/45 1368/639/45 791/640/45
f 374/223/46 801/223/46 806/515/46
f 799/603/12 733/497/12 728/641/12
f 1373/642/46 376/643/46 803/643/46
f 379/184/45 807/184/45 800/644/45
f 1388/645/46 1390/645/46 808/646/46
f 1371/520/45 1372/520/45 802/647/45
f 390/237/12 819/237/12 854/238/12
f 419/648/11 855/648/11 818/321/11
f 1300/649/12 1298/649/12 856/650/12
f 1293/651/11 1288/651/11 820/652/11
f 394/245/12 823/245/12 858/243/12
f 423/242/11 859/242/11 822/527/11
f 396/248/12 825/248/12 860/246/12
f 425/653/11 861/653/11 824/244/11
f 1690/654/46 1693/948/46 1678/655/46
f 426/657/11 863/657/11 826/247/11
f 398/251/12 829/251/12 864/252/12
f 1680/532/12 833/532/12 868/531/12
f 1279/658/12 1278/658/12 866/659/12
f 1275/660/11 1282/660/11 830/661/11
f 1694/662/46 432/664/46 402/530/46
f 430/256/11 869/256/11 832/298/11
f 403/261/12 835/261/12 870/259/12
f 432/664/11 871/664/11 834/530/11
f 1696/665/46 1699/949/46 1684/666/46
f 433/668/11 873/668/11 836/260/11
f 405/669/12 839/669/12 874/264/12
f 1700/670/11 883/670/11 846/534/11
f 1262/671/12 1260/671/12 876/672/12
f 1257/673/11 1255/673/11 840/674/11
f 409/272/12 843/272/12 878/270/12
f 438/269/11 879/269/11 842/533/11
f 411/536/12 845/536/12 880/535/12
f 440/675/11 881/675/11 844/271/11
f 412/277/12 847/277/12 882/275/12
f 439/535/46 1701/950/46 1686/676/46
f 414/677/12 849/677/12 884/278/12
f 443/316/11 885/316/11 848/276/11
f 1243/678/12 1240/678/12 886/679/12
f 1252/680/11 1250/680/11 850/681/11
f 1702/682/46 387/924/46 1547/683/46
f 446/283/11 889/283/11 852/537/11
f 474/286/12 927/286/12 890/539/12
f 382/685/45 1641/944/45 1658/686/45
f 1351/687/12 1352/687/12 892/688/12
f 1360/689/11 1363/689/11 928/690/11
f 452/541/45 478/693/45 1661/691/45
f 450/287/11 895/287/11 930/288/11
f 479/293/12 933/293/12 896/294/12
f 452/541/11 897/541/11 932/693/11
f 1647/694/45 1664/946/45 1663/695/45
f 453/292/11 899/292/11 934/697/11
f 481/252/12 937/252/12 900/251/12
f 1666/542/12 945/542/12 908/544/12
f 1344/698/12 1346/698/12 902/699/12
f 1341/700/11 1336/700/11 938/701/11
f 485/300/12 941/300/12 904/301/12
f 458/298/11 905/298/11 940/256/11
f 487/303/12 943/303/12 906/304/12
f 460/299/11 907/299/11 942/702/11
f 463/543/45 489/707/45 1667/703/45
f 461/302/11 909/302/11 944/705/11
f 490/309/12 947/309/12 910/706/12
f 463/543/11 911/543/11 946/707/11
f 1324/708/12 1326/708/12 912/709/12
f 1332/710/11 1320/710/11 948/711/11
f 468/546/45 494/714/45 1669/712/45
f 466/310/11 915/310/11 950/311/11
f 495/314/12 953/314/12 916/315/12
f 468/546/11 917/546/11 952/714/11
f 1655/715/45 1672/947/45 1671/716/45
f 469/313/11 919/313/11 954/718/11
f 497/278/12 957/278/12 920/677/12
f 1656/719/11 925/719/11 960/549/11
f 1313/720/12 1316/720/12 922/721/12
f 1307/722/11 1304/722/11 958/723/11
f 500/318/12 961/318/12 924/319/12
f 1313/720/45 471/721/45 1302/547/45
f 471/721/45 1657/724/45 1302/547/45
f 1674/725/45 499/892/45 1310/548/45
f 499/892/45 1305/891/45 1310/548/45
f 1674/725/45 1310/548/45 1302/547/45
f 731/634/12 738/499/12 787/192/12
f 532/726/46 1002/726/46 989/350/46
f 514/727/55 978/727/55 976/728/55
f 1042/729/144 1041/2520/144 965/561/144
f 513/338/57 507/336/57 969/336/57
f 541/334/12 550/335/12 1589/730/12
f 1217/374/45 511/376/45 974/376/45
f 1035/375/46 561/375/46 1206/733/46
f 561/375/46 1205/733/46 1206/733/46
f 515/734/45 980/734/45 991/325/45
f 1227/735/45 1226/735/45 971/736/45
f 506/781/12 514/727/12 533/737/12
f 514/727/12 512/728/12 544/738/12
f 1556/354/45 982/354/45 993/353/45
f 1805/739/11 1808/965/11 1811/740/11
f 1554/742/12 1557/928/12 1566/743/12
f 517/330/45 983/330/45 995/328/45
f 525/745/46 994/745/46 981/329/46
f 544/738/46 1819/738/46 1812/737/46
f 527/558/12 1569/929/12 1558/746/12
f 529/341/45 520/343/45 986/343/45
f 528/747/46 996/747/46 984/342/46
f 1582/554/46 1016/554/46 1004/556/46
f 1572/748/12 1571/930/12 1560/749/12
f 523/348/45 990/348/45 1001/346/45
f 530/751/46 1000/751/46 987/347/46
f 534/555/45 1003/555/45 1014/752/45
f 968/781/11 1813/966/11 978/727/11
f 1813/966/11 1818/753/11 978/727/11
f 535/372/45 1005/372/45 1015/754/45
f 534/555/12 543/752/12 1583/755/12
f 536/358/45 1006/358/45 1017/757/45
f 535/372/12 545/754/12 1585/758/12
f 538/563/45 1008/563/45 1018/760/45
f 548/359/46 1019/359/46 1007/360/46
f 539/363/45 1010/363/45 1020/761/45
f 538/563/12 547/760/12 1587/762/12
f 1024/361/11 1823/967/11 1816/764/11
f 551/364/46 1022/364/46 1011/365/46
f 542/368/45 1013/368/45 1023/765/45
f 1592/931/12 562/770/12 1207/2521/12
f 562/770/12 1208/769/12 1207/2521/12
f 1230/767/12 553/772/12 1591/768/12
f 1592/931/12 1207/2521/12 1591/768/12
f 1207/2521/12 1229/766/12 1591/768/12
f 1036/770/45 1219/2519/45 1209/769/45
f 1209/769/45 1208/769/45 562/770/45
f 557/332/46 1030/332/46 1031/333/46
f 560/331/45 1034/331/45 1027/553/45
f 559/337/12 556/780/12 507/336/12
f 582/771/12 1831/771/12 1846/391/12
f 1230/767/45 1231/767/45 1025/772/45
f 566/382/46 1039/382/46 1044/380/46
f 1826/968/11 1829/977/11 1215/2522/11
f 1829/977/11 1892/2523/11 1215/2522/11
f 1225/774/11 1038/871/11 1825/775/11
f 1826/968/11 1215/2522/11 1825/775/11
f 1215/2522/11 1237/773/11 1825/775/11
f 570/568/45 1043/568/45 1040/381/45
f 1037/777/45 563/777/45 1221/776/45
f 563/777/45 1234/776/45 1221/776/45
f 568/778/46 1041/2520/46 1042/729/46
f 559/337/45 1032/337/45 1029/779/45
f 506/781/45 968/781/45 978/727/45
f 576/389/12 1048/389/12 1046/390/12
f 1847/782/45 1830/2524/45 1444/393/45
f 1830/2524/45 1055/786/45 1444/393/45
f 1055/786/45 1445/787/45 1444/393/45
f 1450/392/45 1451/833/45 1092/834/45
f 1450/392/45 1092/834/45 1847/782/45
f 580/601/46 1723/951/46 1704/783/46
f 617/784/12 1447/908/12 1446/785/12
f 583/786/11 1456/787/11 1445/787/11
f 585/396/12 1058/396/12 1093/394/12
f 620/450/11 1094/450/11 1057/449/11
f 1724/788/46 1727/952/46 1708/789/46
f 621/791/11 1095/791/11 1059/395/11
f 587/401/12 1060/401/12 1096/399/12
f 1710/581/12 1067/581/12 1102/580/12
f 589/402/12 1062/402/12 1097/403/12
f 624/792/11 1098/792/11 1061/400/11
f 625/407/12 1430/406/12 1428/793/12
f 1440/794/11 1441/794/11 1063/795/11
f 1066/408/45 1103/801/45 1853/796/45
f 628/577/11 1101/577/11 1065/798/11
f 1728/799/46 631/802/46 595/579/46
f 629/801/11 1103/801/11 1066/408/11
f 596/411/12 1069/411/12 1104/412/12
f 631/802/11 1105/802/11 1068/579/11
f 632/803/12 1419/2516/12 1411/804/12
f 1417/805/11 1425/805/11 1070/806/11
f 1730/807/46 636/811/46 600/471/46
f 634/416/11 1109/416/11 1072/583/11
f 1841/591/45 1856/972/45 1855/809/45
f 636/811/11 1110/811/11 1074/471/11
f 603/817/46 1715/953/46 1409/474/46
f 1715/953/46 1732/812/46 1409/474/46
f 1732/812/46 639/855/46 1399/475/46
f 639/855/46 1394/854/46 1399/475/46
f 1409/474/46 1404/816/46 603/817/46
f 1081/813/45 1118/821/45 1859/814/45
f 1397/489/12 1396/489/12 1112/490/12
f 1404/816/11 1405/816/11 1076/817/11
f 606/430/12 1079/430/12 1114/428/12
f 641/427/11 1115/427/11 1078/476/11
f 1734/818/46 644/821/46 608/813/46
f 642/820/11 1116/820/11 1080/429/11
f 609/435/12 1082/435/12 1117/433/12
f 644/821/11 1118/821/11 1081/813/11
f 1736/822/46 1739/954/46 1720/823/46
f 645/825/11 1120/825/11 1083/434/11
f 611/440/12 1086/440/12 1121/438/12
f 1758/588/12 1168/588/12 1128/826/12
f 1876/573/46 1879/969/46 1864/572/46
f 648/827/11 1123/827/11 1087/439/11
f 1539/828/12 1541/828/12 1124/442/12
f 615/446/12 1089/446/12 1126/444/12
f 652/443/11 1127/443/11 1088/587/11
f 1759/829/45 1740/955/45 1504/393/45
f 1740/955/45 655/914/45 1504/393/45
f 655/914/45 1505/913/45 1504/393/45
f 1510/392/45 1511/833/45 691/834/45
f 1510/392/45 691/834/45 1759/829/45
f 653/388/11 1129/388/11 1167/830/11
f 1503/831/12 1517/831/12 1130/832/12
f 1511/833/11 1509/2514/11 1169/834/11
f 694/453/12 1172/453/12 1132/454/12
f 657/449/11 1133/449/11 1171/450/11
f 1745/789/45 1762/952/45 1761/788/45
f 658/452/11 1134/452/11 1173/835/11
f 696/458/12 1174/458/12 1135/459/12
f 1746/593/11 1143/593/11 1181/836/11
f 698/403/12 1176/403/12 1136/402/12
f 661/457/11 1137/457/11 1175/837/11
f 662/838/12 1498/839/12 1497/839/12
f 1490/840/11 1493/840/11 1177/841/11
f 701/462/12 1179/462/12 1140/463/12
f 1866/2525/46 1138/838/46 1502/915/46
f 1138/838/46 1497/839/46 1502/915/46
f 1178/844/46 1881/970/46 1489/842/46
f 1881/970/46 1866/2525/46 1502/915/46
f 1489/842/46 1881/970/46 1502/915/46
f 703/592/12 1180/592/12 1141/594/12
f 1179/462/46 1883/971/46 1868/845/46
f 704/467/12 1182/467/12 1142/595/12
f 1747/846/45 1766/958/45 703/592/45
f 669/847/12 1486/848/12 1477/848/12
f 1474/849/11 1482/849/11 1183/850/11
f 708/410/12 1186/410/12 1146/409/12
f 672/468/11 1147/468/11 1185/469/11
f 710/419/12 1188/419/12 1148/421/12
f 674/471/11 1149/471/11 1187/811/11
f 711/418/12 1189/418/12 1150/417/12
f 1749/851/45 1768/959/45 710/419/45
f 676/852/12 1468/853/12 1466/853/12
f 1459/854/11 1460/854/11 1190/855/11
f 715/428/12 1192/428/12 1153/430/12
f 679/476/11 1154/476/11 1191/427/11
f 717/479/12 1194/479/12 1155/480/12
f 681/477/11 1156/477/11 1193/856/11
f 684/597/45 719/860/45 1771/857/45
f 682/478/11 1158/478/11 1195/859/11
f 720/432/12 1198/432/12 1159/431/12
f 684/597/11 1160/597/11 1197/860/11
f 721/485/12 1199/485/12 1161/598/12
f 1753/823/45 1772/954/45 720/432/45
f 686/861/12 1533/862/12 1531/862/12
f 1522/863/11 1521/863/11 1200/864/11
f 1757/865/45 1776/960/45 1775/866/45
f 688/486/11 1165/486/11 1202/487/11
f 725/492/12 1204/492/12 1166/493/12
f 1779/843/12 1764/844/12 1178/844/12
f 1226/735/11 1228/872/11 1026/868/11
f 1233/869/46 510/870/46 972/870/46
f 1038/871/46 1225/774/46 1224/774/46
f 1224/774/46 1236/774/46 564/871/46
f 1220/869/11 972/870/11 1037/777/11
f 1233/869/12 1234/776/12 563/777/12
f 1227/735/12 509/736/12 554/868/12
f 1223/872/46 554/868/46 1026/868/46
f 1274/698/12 400/699/12 831/699/12
f 1256/873/12 407/874/12 841/874/12
f 1244/722/11 445/723/11 887/723/11
f 1251/875/12 416/876/12 851/876/12
f 1280/700/11 429/701/11 867/701/11
f 1292/877/12 392/878/12 821/878/12
f 1301/879/11 421/880/11 857/880/11
f 1263/881/11 436/882/11 877/882/11
f 1345/660/11 456/661/11 903/661/11
f 1327/883/11 465/884/11 913/884/11
f 1330/885/12 492/886/12 949/886/12
f 1350/887/11 449/888/11 893/888/11
f 1361/889/12 476/890/12 929/890/12
f 1315/680/11 472/681/11 923/681/11
f 1339/658/12 483/659/12 939/659/12
f 1305/891/12 499/892/12 959/892/12
f 1379/893/11 1380/637/11 370/638/11
f 1392/893/12 737/894/12 796/638/12
f 1382/895/45 371/896/45 797/896/45
f 1378/605/11 314/606/11 381/897/11
f 1391/605/12 1387/898/12 809/897/12
f 1386/898/45 381/897/45 809/897/45
f 1379/893/45 315/894/45 737/894/45
f 1394/854/11 639/855/11 1113/855/11
f 1439/899/12 591/900/12 1064/900/12
f 1407/901/12 604/902/12 1077/902/12
f 1415/903/12 598/904/12 1071/904/12
f 1412/905/11 1421/2515/11 633/906/11
f 1429/907/11 1432/840/11 626/841/11
f 1451/833/11 1449/2514/11 618/834/11
f 584/449/46 1901/978/46 1455/451/46
f 1901/978/46 1902/980/46 1455/451/46
f 1447/908/46 617/784/46 1453/589/46
f 617/784/46 620/450/46 1453/589/46
f 584/449/46 1455/451/46 620/450/46
f 1507/785/12 692/784/12 1170/784/12
f 1478/909/11 1487/909/11 670/910/11
f 1472/911/12 706/912/12 1184/912/12
f 1154/476/46 1151/852/46 1464/425/46
f 1151/852/46 1466/853/46 1464/425/46
f 1899/973/46 1886/2526/46 1462/426/46
f 1886/2526/46 1191/427/46 1462/426/46
f 1154/476/46 1464/425/46 1191/427/46
f 1505/913/11 655/914/11 1131/914/11
f 1501/794/11 1500/794/11 663/795/11
f 1467/816/11 1470/816/11 677/817/11
f 1498/839/45 662/838/45 1499/915/45
f 662/838/45 665/455/45 1499/915/45
f 665/455/45 700/456/45 1499/915/45
f 700/456/45 1765/956/45 1488/842/45
f 1765/956/45 1778/957/45 1488/842/45
f 1519/916/12 723/917/12 1201/917/12
f 1532/918/11 1534/918/11 687/919/11
f 1544/422/58 1540/920/58 1542/920/58
f 1536/441/58 1537/441/58 1541/828/58
f 1535/921/12 1537/441/12 1536/441/12
f 1540/920/11 650/423/11 1125/423/11
f 1538/922/11 1544/422/11 1543/422/11
f 613/861/12 1845/861/12 1860/917/12
f 1538/922/46 613/861/46 1544/422/46
f 613/861/46 647/917/46 1544/422/46
f 647/917/46 650/423/46 1544/422/46
f 524/325/12 508/327/12 503/326/12
f 310/923/11 1374/962/11 1371/520/11
f 385/523/12 813/523/12 810/525/12
f 386/322/12 814/322/12 817/320/12
f 815/538/145 1547/683/145 387/924/145
f 811/550/61 812/2518/61 384/926/61
f 1596/927/46 1211/386/46 973/387/46
f 1565/744/62 1564/571/62 1555/352/62
f 1557/928/63 1556/354/63 1567/353/63
f 1569/929/62 1568/510/62 1559/511/62
f 1571/930/62 1570/339/62 1561/340/62
f 1563/750/63 1562/344/63 1573/345/63
f 1574/756/62 1583/755/62 1582/554/62
f 1576/759/62 1585/758/62 1584/551/62
f 1578/763/62 1587/762/62 1586/323/62
f 1580/731/62 1589/730/62 1588/361/62
f 1592/931/62 1591/768/62 1590/366/62
f 1595/355/63 1594/384/63 1599/383/63
f 1553/933/66 1552/560/66 1549/561/66
f 1597/356/62 1596/927/62 1551/387/62
f 569/729/12 1553/933/12 1548/934/12
f 575/491/11 1047/491/11 1049/935/11
f 1050/602/12 1052/601/12 580/601/12
f 1053/936/11 1051/445/11 579/445/11
f 1605/937/68 1604/230/68 1603/231/68
f 1606/616/68 1613/615/68 1612/228/68
f 1614/938/69 1609/614/69 1608/500/69
f 1616/939/69 1611/620/69 1610/506/69
f 1619/622/69 1618/199/69 1625/200/69
f 1621/626/69 1620/512/69 1627/513/69
f 1623/613/146 1622/226/146 1629/227/146
f 1631/940/69 1630/216/69 1637/215/69
f 1634/636/69 1633/635/69 1632/603/69
f 1639/942/68 1638/204/68 1601/205/68
f 1636/941/11 1639/942/11 1600/943/11
f 1641/944/68 1640/524/68 1659/945/68
f 1661/691/63 1660/235/63 1643/236/63
f 1663/695/63 1662/290/63 1645/291/63
f 1647/694/68 1646/295/68 1665/296/68
f 1667/703/63 1666/542/63 1649/544/63
f 1669/712/63 1668/305/63 1651/306/63
f 1671/716/63 1670/275/63 1653/277/63
f 1655/715/68 1654/276/68 1673/316/68
f 1657/724/68 1656/719/68 1675/549/68
f 1640/524/11 891/524/11 926/945/11
f 1677/656/62 1676/529/62 1691/528/62
f 1693/948/69 1692/249/69 1679/250/69
f 1681/663/62 1680/532/62 1695/531/62
f 1683/667/62 1682/257/62 1697/258/62
f 1699/949/69 1698/262/69 1685/263/69
f 1701/950/69 1700/670/69 1687/534/69
f 1689/684/62 1688/273/62 1703/274/62
f 1676/529/12 827/529/12 862/528/12
f 1723/951/69 1722/961/69 1705/600/69
f 1707/790/62 1706/575/62 1725/576/62
f 1727/952/69 1726/448/69 1709/447/69
f 1711/800/62 1710/581/62 1729/580/62
f 1713/808/62 1712/409/62 1731/410/62
f 1715/953/62 1714/417/62 1733/418/62
f 1717/819/62 1716/585/62 1735/586/62
f 1719/824/62 1718/431/62 1737/432/62
f 1739/954/69 1738/436/69 1721/437/69
f 1759/829/63 1758/588/63 1741/826/63
f 1761/788/63 1760/576/63 1743/575/63
f 1745/789/68 1744/447/68 1763/448/68
f 1765/956/63 1764/844/63 1779/843/63
f 1747/846/68 1746/593/68 1767/836/68
f 1749/851/68 1748/420/68 1769/584/68
f 1771/857/63 1770/472/63 1751/473/63
f 1753/823/68 1752/437/68 1773/436/68
f 1775/866/63 1774/442/63 1755/482/63
f 1757/865/68 1756/587/68 1777/443/68
f 1722/961/11 1090/961/11 1054/600/11
f 1781/923/62 1780/519/62 1897/521/62
f 1782/231/63 1785/230/63 1784/963/63
f 1787/500/62 1786/517/62 1791/518/62
f 1793/193/63 1792/617/63 1789/964/63
f 1798/513/62 1795/512/62 1794/505/62
f 1800/227/62 1797/226/62 1796/609/62
f 1803/216/62 1802/631/62 1895/630/62
f 1804/511/69 1809/510/69 1808/965/69
f 1810/558/68 1807/557/68 1806/741/68
f 1819/738/69 1818/753/69 1813/966/69
f 1821/551/69 1820/371/69 1815/373/69
f 1817/334/68 1816/764/68 1823/967/68
f 1824/564/68 1827/377/68 1826/968/68
f 1831/771/63 1830/2524/63 1847/782/63
f 1833/575/63 1832/574/63 1849/573/63
f 1851/448/68 1850/969/68 1835/572/68
f 1837/397/63 1836/797/63 1853/796/63
f 1839/421/63 1838/810/63 1855/809/63
f 1857/584/68 1856/972/68 1841/591/68
f 1843/585/63 1842/815/63 1859/814/63
f 1845/861/63 1844/2517/63 1861/424/63
f 1877/576/62 1876/573/62 1863/574/62
f 1865/447/69 1864/572/69 1879/969/69
f 1867/455/69 1866/2525/69 1881/970/69
f 1869/461/69 1868/845/69 1883/971/69
f 1871/420/69 1870/591/69 1885/972/69
f 1887/490/62 1886/2526/62 1899/973/62
f 1873/437/69 1872/464/69 1889/974/69
f 1875/587/69 1874/481/69 1891/975/69
f 1893/976/69 1892/2523/69 1829/977/69
f 1374/962/46 310/923/46 1781/923/46
f 1901/978/147 1900/981/147 1903/979/147
f 1442/979/12 1903/979/12 1900/981/12
f 1907/982/71 1905/989/71 1904/983/71
f 1910/985/72 1909/988/72 1911/986/72
f 1913/84/17 1914/84/17 1915/55/17
f 1919/987/73 1916/104/73 1917/41/73
f 1908/985/12 1911/986/12 1919/987/12
f 1910/985/11 1917/41/11 1916/104/11
f 1905/989/11 1907/982/11 1915/55/11
f 1904/983/12 1913/84/12 1912/55/12
f 1909/988/74 1916/104/74 1919/987/74
f 1906/984/75 1912/55/75 1915/55/75
f 1905/989/74 1914/84/74 1913/84/74
f 1920/990/76 1921/995/76 1923/991/76
f 1925/993/77 1924/994/77 1910/985/77
f 1929/117/33 1928/149/33 1927/149/33
f 1917/41/78 1930/168/78 1931/171/78
f 1908/985/12 1918/44/12 1931/171/12
f 1930/168/11 1917/41/11 1910/985/11
f 1921/995/11 1928/149/11 1929/117/11
f 1926/117/12 1927/149/12 1920/990/12
f 1931/171/79 1930/168/79 1924/994/79
f 1929/117/80 1926/117/80 1922/992/80
f 1927/149/79 1928/149/79 1921/995/79
f 1932/996/11 1934/1003/11 1935/997/11
f 1939/999/12 1938/1002/12 1936/1000/12
f 1943/997/12 1942/1003/12 1940/996/12
f 1944/1000/11 1947/1002/11 1946/999/11
f 1945/1001/81 1946/999/81 1939/999/81
f 1943/997/81 1941/998/81 1933/998/81
f 1947/1002/58 1944/1000/58 1936/1000/58
f 1940/996/58 1942/1003/58 1934/1003/58
f 1950/1004/58 1951/1005/58 1949/1005/58
f 1954/1006/81 1955/1006/81 1952/1007/81
f 1951/1005/45 1955/1006/45 1954/1006/45
f 1948/1004/46 1953/1007/46 1952/1007/46
f 1950/1004/11 1952/1007/11 1955/1006/11
f 1949/1005/12 1954/1006/12 1953/1007/12
f 1958/1008/58 1959/1009/58 1957/1009/58
f 1962/1010/81 1963/1010/81 1960/1011/81
f 1959/1009/45 1963/1010/45 1962/1010/45
f 1956/1008/46 1961/1011/46 1960/1011/46
f 1958/1008/11 1960/1011/11 1963/1010/11
f 1957/1009/12 1962/1010/12 1961/1011/12
f 1966/1008/46 1967/1012/46 1965/1012/46
f 1970/1013/45 1971/1013/45 1968/1014/45
f 1966/1008/11 1968/1014/11 1971/1013/11
f 1965/1012/12 1970/1013/12 1969/1014/12
f 1974/1015/46 1975/1016/46 1973/1016/46
f 1978/1017/45 1979/1017/45 1976/1009/45
f 1975/1016/58 1979/1017/58 1978/1017/58
f 1974/1015/11 1976/1009/11 1979/1017/11
f 1973/1016/12 1978/1017/12 1977/1009/12
f 1972/1015/81 1977/1009/81 1976/1009/81
f 1982/1018/58 1983/1018/58 1981/1019/58
f 1986/1020/81 1987/1021/81 1984/1021/81
f 1980/1019/46 1985/1020/46 1984/1021/46
f 1982/1018/11 1984/1021/11 1987/1021/11
f 1981/1019/12 1986/1020/12 1985/1020/12
f 1983/1018/45 1987/1021/45 1986/1020/45
f 1990/1022/58 1991/1022/58 1989/1023/58
f 1994/1024/81 1995/1025/81 1992/1025/81
f 1988/1023/46 1993/1024/46 1992/1025/46
f 1990/1022/11 1992/1025/11 1995/1025/11
f 1989/1023/12 1994/1024/12 1993/1024/12
f 1991/1022/45 1995/1025/45 1994/1024/45
f 1998/1026/11 1999/1026/11 1997/1027/11
f 1996/1027/46 2001/1020/46 2000/1023/46
f 2002/1020/12 2003/1023/12 2000/1023/12
f 1999/1026/45 2003/1023/45 2002/1020/45
f 2006/1022/11 2007/1022/11 2005/1021/11
f 2010/1028/12 2011/1029/12 2008/1029/12
f 2004/1021/46 2009/1028/46 2008/1029/46
f 2007/1022/45 2011/1029/45 2010/1028/45
f 2017/1030/46 2012/1027/46 2013/1026/46
f 2019/1032/46 2018/1033/46 2015/1029/46
f 2019/1032/46 2014/1028/46 2012/1027/46
f 2016/1031/46 2013/1026/46 2015/1029/46
f 2021/1026/45 2020/1027/45 2025/1030/45
f 2027/1032/45 2022/1028/45 2023/1029/45
f 2020/1027/45 2022/1028/45 2027/1032/45
f 2023/1029/45 2021/1026/45 2024/1031/45
f 2017/1030/81 2025/1030/81 2027/1032/81
f 2018/1033/12 2019/1032/12 2027/1032/12
f 2017/1030/11 2016/1031/11 2024/1031/11
f 2024/1031/58 2016/1031/58 2018/1033/58
f 2034/1034/46 2035/1037/46 2032/1035/46
f 2030/1037/45 2031/1034/45 2028/1036/45
f 2029/1035/12 2032/1035/12 2035/1037/12
f 2031/1034/11 2034/1034/11 2033/1036/11
f 2038/1038/58 2039/1038/58 2037/1039/58
f 2042/1040/81 2043/1041/81 2040/1041/81
f 2036/1039/46 2041/1040/46 2040/1041/46
f 2038/1038/11 2040/1041/11 2043/1041/11
f 2037/1039/12 2042/1040/12 2041/1040/12
f 2039/1038/45 2043/1041/45 2042/1040/45
f 2046/1042/58 2047/1042/58 2045/1043/58
f 2050/1044/81 2051/1045/81 2048/1045/81
f 2044/1043/46 2049/1044/46 2048/1045/46
f 2046/1042/11 2048/1045/11 2051/1045/11
f 2045/1043/12 2050/1044/12 2049/1044/12
f 2047/1042/45 2051/1045/45 2050/1044/45
f 2054/1046/11 2055/1046/11 2053/1047/11
f 2052/1047/46 2057/1040/46 2056/1043/46
f 2058/1040/12 2059/1043/12 2056/1043/12
f 2055/1046/45 2059/1043/45 2058/1040/45
f 2062/1042/11 2063/1042/11 2061/1041/11
f 2066/1048/12 2067/1049/12 2064/1049/12
f 2062/1042/46 2060/1041/46 2065/1048/46
f 2063/1042/45 2067/1049/45 2066/1048/45
f 2073/1050/46 2068/1047/46 2069/1046/46
f 2075/1052/46 2074/1053/46 2071/1049/46
f 2073/1050/46 2075/1052/46 2070/1048/46
f 2072/1051/46 2069/1046/46 2071/1049/46
f 2077/1046/45 2076/1047/45 2081/1050/45
f 2083/1052/45 2078/1048/45 2079/1049/45
f 2081/1050/45 2076/1047/45 2078/1048/45
f 2079/1049/45 2077/1046/45 2080/1051/45
f 2073/1050/81 2081/1050/81 2083/1052/81
f 2074/1053/12 2075/1052/12 2083/1052/12
f 2073/1050/11 2072/1051/11 2080/1051/11
f 2080/1051/58 2072/1051/58 2074/1053/58
f 2090/1054/46 2091/1057/46 2088/1055/46
f 2086/1057/45 2087/1054/45 2084/1056/45
f 2085/1055/12 2088/1055/12 2091/1057/12
f 2087/1054/11 2090/1054/11 2089/1056/11
f 2094/1058/58 2095/1058/58 2093/1059/58
f 2098/1060/81 2099/1061/81 2096/1061/81
f 2092/1059/46 2097/1060/46 2096/1061/46
f 2094/1058/11 2096/1061/11 2099/1061/11
f 2093/1059/12 2098/1060/12 2097/1060/12
f 2095/1058/45 2099/1061/45 2098/1060/45
f 2102/1062/58 2103/1062/58 2101/1063/58
f 2106/1064/81 2107/1065/81 2104/1065/81
f 2100/1063/46 2105/1064/46 2104/1065/46
f 2102/1062/11 2104/1065/11 2107/1065/11
f 2101/1063/12 2106/1064/12 2105/1064/12
f 2103/1062/45 2107/1065/45 2106/1064/45
f 2110/1066/11 2111/1066/11 2109/1067/11
f 2108/1067/46 2113/1060/46 2112/1063/46
f 2114/1060/12 2115/1063/12 2112/1063/12
f 2111/1066/45 2115/1063/45 2114/1060/45
f 2118/1062/11 2119/1062/11 2117/1061/11
f 2122/1068/12 2123/1069/12 2120/1069/12
f 2118/1062/46 2116/1061/46 2121/1068/46
f 2119/1062/45 2123/1069/45 2122/1068/45
f 2129/1070/46 2124/1067/46 2125/1066/46
f 2131/1072/46 2130/1073/46 2127/1069/46
f 2131/1072/46 2126/1068/46 2124/1067/46
f 2128/1071/46 2125/1066/46 2127/1069/46
f 2133/1066/45 2132/1067/45 2137/1070/45
f 2139/1072/45 2134/1068/45 2135/1069/45
f 2132/1067/45 2134/1068/45 2139/1072/45
f 2135/1069/45 2133/1066/45 2136/1071/45
f 2129/1070/81 2137/1070/81 2139/1072/81
f 2130/1073/12 2131/1072/12 2139/1072/12
f 2129/1070/11 2128/1071/11 2136/1071/11
f 2136/1071/58 2128/1071/58 2130/1073/58
f 2146/1074/46 2147/1077/46 2144/1075/46
f 2142/1077/45 2143/1074/45 2140/1076/45
f 2141/1075/12 2144/1075/12 2147/1077/12
f 2143/1074/11 2146/1074/11 2145/1076/11
f 2150/1078/58 2151/1078/58 2149/1079/58
f 2154/1080/81 2155/1081/81 2152/1081/81
f 2148/1079/46 2153/1080/46 2152/1081/46
f 2150/1078/11 2152/1081/11 2155/1081/11
f 2149/1079/12 2154/1080/12 2153/1080/12
f 2151/1078/45 2155/1081/45 2154/1080/45
f 2158/1082/58 2159/1082/58 2157/1083/58
f 2162/1084/81 2163/1085/81 2160/1085/81
f 2156/1083/46 2161/1084/46 2160/1085/46
f 2158/1082/11 2160/1085/11 2163/1085/11
f 2157/1083/12 2162/1084/12 2161/1084/12
f 2159/1082/45 2163/1085/45 2162/1084/45
f 2166/1086/11 2167/1086/11 2165/1087/11
f 2164/1087/46 2169/1080/46 2168/1083/46
f 2170/1080/12 2171/1083/12 2168/1083/12
f 2167/1086/45 2171/1083/45 2170/1080/45
f 2174/1082/11 2175/1082/11 2173/1081/11
f 2178/1088/12 2179/1089/12 2176/1089/12
f 2172/1081/46 2177/1088/46 2176/1089/46
f 2175/1082/45 2179/1089/45 2178/1088/45
f 2185/1090/46 2180/1087/46 2181/1086/46
f 2187/1092/46 2186/1093/46 2183/1089/46
f 2185/1090/46 2187/1092/46 2182/1088/46
f 2184/1091/46 2181/1086/46 2183/1089/46
f 2189/1086/45 2188/1087/45 2193/1090/45
f 2195/1092/45 2190/1088/45 2191/1089/45
f 2193/1090/45 2188/1087/45 2190/1088/45
f 2191/1089/45 2189/1086/45 2192/1091/45
f 2185/1090/81 2193/1090/81 2195/1092/81
f 2186/1093/12 2187/1092/12 2195/1092/12
f 2185/1090/11 2184/1091/11 2192/1091/11
f 2192/1091/58 2184/1091/58 2186/1093/58
f 2202/1094/46 2203/1097/46 2200/1095/46
f 2198/1097/45 2199/1094/45 2196/1096/45
f 2197/1095/12 2200/1095/12 2203/1097/12
f 2199/1094/11 2202/1094/11 2201/1096/11
f 2205/1019/58 2207/1018/58 2206/1018/58
f 2208/1021/81 2211/1021/81 2210/1020/81
f 2208/1021/45 2209/1020/45 2204/1019/45
f 2211/1021/11 2208/1021/11 2206/1018/11
f 2209/1020/12 2210/1020/12 2205/1019/12
f 2210/1020/46 2211/1021/46 2207/1018/46
f 2213/1023/58 2215/1022/58 2214/1022/58
f 2216/1025/81 2219/1025/81 2218/1024/81
f 2216/1025/45 2217/1024/45 2212/1023/45
f 2219/1025/11 2216/1025/11 2214/1022/11
f 2217/1024/12 2218/1024/12 2213/1023/12
f 2218/1024/46 2219/1025/46 2215/1022/46
f 2221/1027/11 2223/1026/11 2222/1026/11
f 2224/1023/45 2225/1020/45 2220/1027/45
f 2224/1023/12 2227/1023/12 2226/1020/12
f 2226/1020/46 2227/1023/46 2223/1026/46
f 2229/1021/11 2231/1022/11 2230/1022/11
f 2232/1029/12 2235/1029/12 2234/1028/12
f 2232/1029/45 2233/1028/45 2228/1021/45
f 2234/1028/46 2235/1029/46 2231/1022/46
f 2237/1026/45 2236/1027/45 2241/1030/45
f 2243/1032/45 2238/1028/45 2239/1029/45
f 2236/1027/45 2238/1028/45 2243/1032/45
f 2239/1029/45 2237/1026/45 2240/1031/45
f 2249/1030/46 2244/1027/46 2245/1026/46
f 2251/1032/46 2250/1033/46 2247/1029/46
f 2251/1032/46 2246/1028/46 2244/1027/46
f 2248/1031/46 2245/1026/46 2247/1029/46
f 2251/1032/81 2249/1030/81 2241/1030/81
f 2251/1032/12 2243/1032/12 2242/1033/12
f 2248/1031/11 2240/1031/11 2241/1030/11
f 2242/1033/58 2240/1031/58 2248/1031/58
f 2256/1035/45 2259/1037/45 2258/1034/45
f 2252/1036/46 2255/1034/46 2254/1037/46
f 2259/1037/12 2256/1035/12 2253/1035/12
f 2257/1036/11 2258/1034/11 2255/1034/11
f 2261/1039/58 2263/1038/58 2262/1038/58
f 2264/1041/81 2267/1041/81 2266/1040/81
f 2264/1041/45 2265/1040/45 2260/1039/45
f 2267/1041/11 2264/1041/11 2262/1038/11
f 2265/1040/12 2266/1040/12 2261/1039/12
f 2266/1040/46 2267/1041/46 2263/1038/46
f 2269/1043/58 2271/1042/58 2270/1042/58
f 2272/1045/81 2275/1045/81 2274/1044/81
f 2272/1045/45 2273/1044/45 2268/1043/45
f 2275/1045/11 2272/1045/11 2270/1042/11
f 2273/1044/12 2274/1044/12 2269/1043/12
f 2274/1044/46 2275/1045/46 2271/1042/46
f 2277/1047/11 2279/1046/11 2278/1046/11
f 2280/1043/45 2281/1040/45 2276/1047/45
f 2280/1043/12 2283/1043/12 2282/1040/12
f 2282/1040/46 2283/1043/46 2279/1046/46
f 2285/1041/11 2287/1042/11 2286/1042/11
f 2288/1049/12 2291/1049/12 2290/1048/12
f 2286/1042/45 2288/1049/45 2289/1048/45
f 2290/1048/46 2291/1049/46 2287/1042/46
f 2293/1046/45 2292/1047/45 2297/1050/45
f 2299/1052/45 2294/1048/45 2295/1049/45
f 2297/1050/45 2292/1047/45 2294/1048/45
f 2295/1049/45 2293/1046/45 2296/1051/45
f 2305/1050/46 2300/1047/46 2301/1046/46
f 2307/1052/46 2306/1053/46 2303/1049/46
f 2305/1050/46 2307/1052/46 2302/1048/46
f 2304/1051/46 2301/1046/46 2303/1049/46
f 2307/1052/81 2305/1050/81 2297/1050/81
f 2307/1052/12 2299/1052/12 2298/1053/12
f 2304/1051/11 2296/1051/11 2297/1050/11
f 2298/1053/58 2296/1051/58 2304/1051/58
f 2312/1055/45 2315/1057/45 2314/1054/45
f 2308/1056/46 2311/1054/46 2310/1057/46
f 2315/1057/12 2312/1055/12 2309/1055/12
f 2313/1056/11 2314/1054/11 2311/1054/11
f 2317/1059/58 2319/1058/58 2318/1058/58
f 2320/1061/81 2323/1061/81 2322/1060/81
f 2320/1061/45 2321/1060/45 2316/1059/45
f 2323/1061/11 2320/1061/11 2318/1058/11
f 2321/1060/12 2322/1060/12 2317/1059/12
f 2322/1060/46 2323/1061/46 2319/1058/46
f 2325/1063/58 2327/1062/58 2326/1062/58
f 2328/1065/81 2331/1065/81 2330/1064/81
f 2328/1065/45 2329/1064/45 2324/1063/45
f 2331/1065/11 2328/1065/11 2326/1062/11
f 2329/1064/12 2330/1064/12 2325/1063/12
f 2330/1064/46 2331/1065/46 2327/1062/46
f 2333/1067/11 2335/1066/11 2334/1066/11
f 2336/1063/45 2337/1060/45 2332/1067/45
f 2336/1063/12 2339/1063/12 2338/1060/12
f 2338/1060/46 2339/1063/46 2335/1066/46
f 2341/1061/11 2343/1062/11 2342/1062/11
f 2344/1069/12 2347/1069/12 2346/1068/12
f 2342/1062/45 2344/1069/45 2345/1068/45
f 2346/1068/46 2347/1069/46 2343/1062/46
f 2349/1066/45 2348/1067/45 2353/1070/45
f 2355/1072/45 2350/1068/45 2351/1069/45
f 2348/1067/45 2350/1068/45 2355/1072/45
f 2351/1069/45 2349/1066/45 2352/1071/45
f 2361/1070/46 2356/1067/46 2357/1066/46
f 2363/1072/46 2362/1073/46 2359/1069/46
f 2363/1072/46 2358/1068/46 2356/1067/46
f 2360/1071/46 2357/1066/46 2359/1069/46
f 2363/1072/81 2361/1070/81 2353/1070/81
f 2363/1072/12 2355/1072/12 2354/1073/12
f 2360/1071/11 2352/1071/11 2353/1070/11
f 2354/1073/58 2352/1071/58 2360/1071/58
f 2368/1075/45 2371/1077/45 2370/1074/45
f 2364/1076/46 2367/1074/46 2366/1077/46
f 2371/1077/12 2368/1075/12 2365/1075/12
f 2369/1076/11 2370/1074/11 2367/1074/11
f 2373/1079/58 2375/1078/58 2374/1078/58
f 2376/1081/81 2379/1081/81 2378/1080/81
f 2376/1081/45 2377/1080/45 2372/1079/45
f 2379/1081/11 2376/1081/11 2374/1078/11
f 2377/1080/12 2378/1080/12 2373/1079/12
f 2378/1080/46 2379/1081/46 2375/1078/46
f 2381/1083/58 2383/1082/58 2382/1082/58
f 2384/1085/81 2387/1085/81 2386/1084/81
f 2384/1085/45 2385/1084/45 2380/1083/45
f 2387/1085/11 2384/1085/11 2382/1082/11
f 2385/1084/12 2386/1084/12 2381/1083/12
f 2386/1084/46 2387/1085/46 2383/1082/46
f 2389/1087/11 2391/1086/11 2390/1086/11
f 2392/1083/45 2393/1080/45 2388/1087/45
f 2392/1083/12 2395/1083/12 2394/1080/12
f 2394/1080/46 2395/1083/46 2391/1086/46
f 2397/1081/11 2399/1082/11 2398/1082/11
f 2400/1089/12 2403/1089/12 2402/1088/12
f 2400/1089/45 2401/1088/45 2396/1081/45
f 2402/1088/46 2403/1089/46 2399/1082/46
f 2405/1086/45 2404/1087/45 2409/1090/45
f 2411/1092/45 2406/1088/45 2407/1089/45
f 2409/1090/45 2404/1087/45 2406/1088/45
f 2407/1089/45 2405/1086/45 2408/1091/45
f 2417/1090/46 2412/1087/46 2413/1086/46
f 2419/1092/46 2418/1093/46 2415/1089/46
f 2417/1090/46 2419/1092/46 2414/1088/46
f 2416/1091/46 2413/1086/46 2415/1089/46
f 2419/1092/81 2417/1090/81 2409/1090/81
f 2419/1092/12 2411/1092/12 2410/1093/12
f 2416/1091/11 2408/1091/11 2409/1090/11
f 2410/1093/58 2408/1091/58 2416/1091/58
f 2424/1095/45 2427/1097/45 2426/1094/45
f 2420/1096/46 2423/1094/46 2422/1097/46
f 2427/1097/12 2424/1095/12 2421/1095/12
f 2425/1096/11 2426/1094/11 2423/1094/11
f 2430/1098/11 2431/1101/11 2429/1099/11
f 2434/1099/12 2435/1101/12 2432/1098/12
f 2431/1101/45 2435/1101/45 2434/1099/45
f 2428/1100/46 2433/1100/46 2432/1098/46
f 2430/1098/81 2432/1098/81 2435/1101/81
f 2429/1099/58 2434/1099/58 2433/1100/58
f 2438/1102/11 2442/1105/11 2443/1103/11
f 2437/1104/12 2441/1103/12 2440/1105/12
f 2439/1104/45 2443/1103/45 2441/1103/45
f 2436/1102/46 2440/1105/46 2442/1105/46
f 2451/1106/11 2450/1109/11 2446/1107/11
f 2448/1109/12 2449/1106/12 2445/1108/12
f 2449/1106/46 2451/1106/46 2447/1108/46
f 2450/1109/45 2448/1109/45 2444/1107/45
f 2454/1110/58 2455/1110/58 2453/1111/58
f 2458/1112/81 2459/1113/81 2456/1113/81
f 2452/1111/46 2457/1112/46 2456/1113/46
f 2454/1110/11 2456/1113/11 2459/1113/11
f 2453/1111/12 2458/1112/12 2457/1112/12
f 2455/1110/45 2459/1113/45 2458/1112/45
f 2462/1114/58 2463/1114/58 2461/1115/58
f 2466/1116/81 2467/1117/81 2464/1117/81
f 2460/1115/46 2465/1116/46 2464/1117/46
f 2462/1114/11 2464/1117/11 2467/1117/11
f 2461/1115/12 2466/1116/12 2465/1116/12
f 2463/1114/45 2467/1117/45 2466/1116/45
f 2470/1118/11 2471/1118/11 2469/1119/11
f 2468/1119/46 2473/1112/46 2472/1115/46
f 2474/1112/12 2475/1115/12 2472/1115/12
f 2471/1118/45 2475/1115/45 2474/1112/45
f 2478/1114/11 2479/1114/11 2477/1113/11
f 2482/1120/12 2483/1121/12 2480/1121/12
f 2476/1113/46 2481/1120/46 2480/1121/46
f 2479/1114/45 2483/1121/45 2482/1120/45
f 2489/1122/46 2484/1119/46 2485/1118/46
f 2491/1124/46 2490/1125/46 2487/1121/46
f 2491/1124/46 2486/1120/46 2484/1119/46
f 2488/1123/46 2485/1118/46 2487/1121/46
f 2493/1118/45 2492/1119/45 2497/1122/45
f 2499/1124/45 2494/1120/45 2495/1121/45
f 2492/1119/45 2494/1120/45 2499/1124/45
f 2495/1121/45 2493/1118/45 2496/1123/45
f 2489/1122/81 2497/1122/81 2499/1124/81
f 2490/1125/12 2491/1124/12 2499/1124/12
f 2489/1122/11 2488/1123/11 2496/1123/11
f 2496/1123/58 2488/1123/58 2490/1125/58
f 2502/1126/58 2503/1126/58 2501/1127/58
f 2506/1128/81 2507/1129/81 2504/1129/81
f 2500/1127/46 2505/1128/46 2504/1129/46
f 2502/1126/11 2504/1129/11 2507/1129/11
f 2501/1127/12 2506/1128/12 2505/1128/12
f 2503/1126/45 2507/1129/45 2506/1128/45
f 2510/1130/58 2511/1130/58 2509/1131/58
f 2514/1132/81 2515/1133/81 2512/1133/81
f 2508/1131/46 2513/1132/46 2512/1133/46
f 2510/1130/11 2512/1133/11 2515/1133/11
f 2509/1131/12 2514/1132/12 2513/1132/12
f 2511/1130/45 2515/1133/45 2514/1132/45
f 2518/1134/11 2519/1134/11 2517/1135/11
f 2516/1135/46 2521/1128/46 2520/1131/46
f 2522/1128/12 2523/1131/12 2520/1131/12
f 2519/1134/45 2523/1131/45 2522/1128/45
f 2526/1130/11 2527/1130/11 2525/1129/11
f 2530/1136/12 2531/1137/12 2528/1137/12
f 2526/1130/46 2524/1129/46 2529/1136/46
f 2527/1130/45 2531/1137/45 2530/1136/45
f 2537/1138/46 2532/1135/46 2533/1134/46
f 2539/1140/46 2538/1141/46 2535/1137/46
f 2537/1138/46 2539/1140/46 2534/1136/46
f 2536/1139/46 2533/1134/46 2535/1137/46
f 2541/1134/45 2540/1135/45 2545/1138/45
f 2547/1140/45 2542/1136/45 2543/1137/45
f 2545/1138/45 2540/1135/45 2542/1136/45
f 2543/1137/45 2541/1134/45 2544/1139/45
f 2537/1138/81 2545/1138/81 2547/1140/81
f 2538/1141/12 2539/1140/12 2547/1140/12
f 2537/1138/11 2536/1139/11 2544/1139/11
f 2544/1139/58 2536/1139/58 2538/1141/58
f 2550/1142/58 2551/1142/58 2549/1143/58
f 2554/1144/81 2555/1145/81 2552/1145/81
f 2548/1143/46 2553/1144/46 2552/1145/46
f 2550/1142/11 2552/1145/11 2555/1145/11
f 2549/1143/12 2554/1144/12 2553/1144/12
f 2551/1142/45 2555/1145/45 2554/1144/45
f 2558/1146/58 2559/1146/58 2557/1147/58
f 2562/1148/81 2563/1149/81 2560/1149/81
f 2556/1147/46 2561/1148/46 2560/1149/46
f 2558/1146/11 2560/1149/11 2563/1149/11
f 2557/1147/12 2562/1148/12 2561/1148/12
f 2559/1146/45 2563/1149/45 2562/1148/45
f 2566/1150/11 2567/1150/11 2565/1151/11
f 2564/1151/46 2569/1144/46 2568/1147/46
f 2570/1144/12 2571/1147/12 2568/1147/12
f 2567/1150/45 2571/1147/45 2570/1144/45
f 2574/1146/11 2575/1146/11 2573/1145/11
f 2578/1152/12 2579/1153/12 2576/1153/12
f 2572/1145/46 2577/1152/46 2576/1153/46
f 2575/1146/45 2579/1153/45 2578/1152/45
f 2585/1154/46 2580/1151/46 2581/1150/46
f 2587/1156/46 2586/1157/46 2583/1153/46
f 2585/1154/46 2587/1156/46 2582/1152/46
f 2584/1155/46 2581/1150/46 2583/1153/46
f 2589/1150/45 2588/1151/45 2593/1154/45
f 2595/1156/45 2590/1152/45 2591/1153/45
f 2593/1154/45 2588/1151/45 2590/1152/45
f 2591/1153/45 2589/1150/45 2592/1155/45
f 2585/1154/81 2593/1154/81 2595/1156/81
f 2586/1157/12 2587/1156/12 2595/1156/12
f 2585/1154/11 2584/1155/11 2592/1155/11
f 2592/1155/58 2584/1155/58 2586/1157/58
f 2598/1158/58 2599/1158/58 2597/1159/58
f 2602/1160/81 2603/1161/81 2600/1161/81
f 2596/1159/46 2601/1160/46 2600/1161/46
f 2598/1158/11 2600/1161/11 2603/1161/11
f 2597/1159/12 2602/1160/12 2601/1160/12
f 2599/1158/45 2603/1161/45 2602/1160/45
f 2606/1162/58 2607/1162/58 2605/1163/58
f 2610/1164/81 2611/1165/81 2608/1165/81
f 2604/1163/46 2609/1164/46 2608/1165/46
f 2606/1162/11 2608/1165/11 2611/1165/11
f 2605/1163/12 2610/1164/12 2609/1164/12
f 2607/1162/45 2611/1165/45 2610/1164/45
f 2614/1166/11 2615/1166/11 2613/1167/11
f 2612/1167/46 2617/1160/46 2616/1163/46
f 2618/1160/12 2619/1163/12 2616/1163/12
f 2615/1166/45 2619/1163/45 2618/1160/45
f 2622/1162/11 2623/1162/11 2621/1161/11
f 2626/1168/12 2627/1169/12 2624/1169/12
f 2620/1161/46 2625/1168/46 2624/1169/46
f 2623/1162/45 2627/1169/45 2626/1168/45
f 2633/1170/46 2628/1167/46 2629/1166/46
f 2635/1172/46 2634/1173/46 2631/1169/46
f 2635/1172/46 2630/1168/46 2628/1167/46
f 2632/1171/46 2629/1166/46 2631/1169/46
f 2637/1166/45 2636/1167/45 2641/1170/45
f 2643/1172/45 2638/1168/45 2639/1169/45
f 2636/1167/45 2638/1168/45 2643/1172/45
f 2639/1169/45 2637/1166/45 2640/1171/45
f 2633/1170/81 2641/1170/81 2643/1172/81
f 2634/1173/12 2635/1172/12 2643/1172/12
f 2633/1170/11 2632/1171/11 2640/1171/11
f 2640/1171/58 2632/1171/58 2634/1173/58
f 2645/1111/58 2647/1110/58 2646/1110/58
f 2648/1113/81 2651/1113/81 2650/1112/81
f 2648/1113/45 2649/1112/45 2644/1111/45
f 2651/1113/11 2648/1113/11 2646/1110/11
f 2649/1112/12 2650/1112/12 2645/1111/12
f 2650/1112/46 2651/1113/46 2647/1110/46
f 2653/1115/58 2655/1114/58 2654/1114/58
f 2656/1117/81 2659/1117/81 2658/1116/81
f 2656/1117/45 2657/1116/45 2652/1115/45
f 2659/1117/11 2656/1117/11 2654/1114/11
f 2657/1116/12 2658/1116/12 2653/1115/12
f 2658/1116/46 2659/1117/46 2655/1114/46
f 2661/1119/11 2663/1118/11 2662/1118/11
f 2664/1115/45 2665/1112/45 2660/1119/45
f 2664/1115/12 2667/1115/12 2666/1112/12
f 2666/1112/46 2667/1115/46 2663/1118/46
f 2669/1113/11 2671/1114/11 2670/1114/11
f 2672/1121/12 2675/1121/12 2674/1120/12
f 2672/1121/45 2673/1120/45 2668/1113/45
f 2674/1120/46 2675/1121/46 2671/1114/46
f 2677/1118/45 2676/1119/45 2681/1122/45
f 2683/1124/45 2678/1120/45 2679/1121/45
f 2676/1119/45 2678/1120/45 2683/1124/45
f 2679/1121/45 2677/1118/45 2680/1123/45
f 2689/1122/46 2684/1119/46 2685/1118/46
f 2691/1124/46 2690/1125/46 2687/1121/46
f 2691/1124/46 2686/1120/46 2684/1119/46
f 2688/1123/46 2685/1118/46 2687/1121/46
f 2691/1124/81 2689/1122/81 2681/1122/81
f 2691/1124/12 2683/1124/12 2682/1125/12
f 2688/1123/11 2680/1123/11 2681/1122/11
f 2682/1125/58 2680/1123/58 2688/1123/58
f 2693/1127/58 2695/1126/58 2694/1126/58
f 2696/1129/81 2699/1129/81 2698/1128/81
f 2696/1129/45 2697/1128/45 2692/1127/45
f 2699/1129/11 2696/1129/11 2694/1126/11
f 2697/1128/12 2698/1128/12 2693/1127/12
f 2698/1128/46 2699/1129/46 2695/1126/46
f 2701/1131/58 2703/1130/58 2702/1130/58
f 2704/1133/81 2707/1133/81 2706/1132/81
f 2704/1133/45 2705/1132/45 2700/1131/45
f 2707/1133/11 2704/1133/11 2702/1130/11
f 2705/1132/12 2706/1132/12 2701/1131/12
f 2706/1132/46 2707/1133/46 2703/1130/46
f 2709/1135/11 2711/1134/11 2710/1134/11
f 2712/1131/45 2713/1128/45 2708/1135/45
f 2712/1131/12 2715/1131/12 2714/1128/12
f 2714/1128/46 2715/1131/46 2711/1134/46
f 2717/1129/11 2719/1130/11 2718/1130/11
f 2720/1137/12 2723/1137/12 2722/1136/12
f 2718/1130/45 2720/1137/45 2721/1136/45
f 2722/1136/46 2723/1137/46 2719/1130/46
f 2725/1134/45 2724/1135/45 2729/1138/45
f 2731/1140/45 2726/1136/45 2727/1137/45
f 2729/1138/45 2724/1135/45 2726/1136/45
f 2727/1137/45 2725/1134/45 2728/1139/45
f 2737/1138/46 2732/1135/46 2733/1134/46
f 2739/1140/46 2738/1141/46 2735/1137/46
f 2737/1138/46 2739/1140/46 2734/1136/46
f 2736/1139/46 2733/1134/46 2735/1137/46
f 2739/1140/81 2737/1138/81 2729/1138/81
f 2739/1140/12 2731/1140/12 2730/1141/12
f 2736/1139/11 2728/1139/11 2729/1138/11
f 2730/1141/58 2728/1139/58 2736/1139/58
f 2741/1143/58 2743/1142/58 2742/1142/58
f 2744/1145/81 2747/1145/81 2746/1144/81
f 2744/1145/45 2745/1144/45 2740/1143/45
f 2747/1145/11 2744/1145/11 2742/1142/11
f 2745/1144/12 2746/1144/12 2741/1143/12
f 2746/1144/46 2747/1145/46 2743/1142/46
f 2749/1147/58 2751/1146/58 2750/1146/58
f 2752/1149/81 2755/1149/81 2754/1148/81
f 2752/1149/45 2753/1148/45 2748/1147/45
f 2755/1149/11 2752/1149/11 2750/1146/11
f 2753/1148/12 2754/1148/12 2749/1147/12
f 2754/1148/46 2755/1149/46 2751/1146/46
f 2757/1151/11 2759/1150/11 2758/1150/11
f 2760/1147/45 2761/1144/45 2756/1151/45
f 2760/1147/12 2763/1147/12 2762/1144/12
f 2762/1144/46 2763/1147/46 2759/1150/46
f 2765/1145/11 2767/1146/11 2766/1146/11
f 2768/1153/12 2771/1153/12 2770/1152/12
f 2768/1153/45 2769/1152/45 2764/1145/45
f 2770/1152/46 2771/1153/46 2767/1146/46
f 2773/1150/45 2772/1151/45 2777/1154/45
f 2779/1156/45 2774/1152/45 2775/1153/45
f 2777/1154/45 2772/1151/45 2774/1152/45
f 2775/1153/45 2773/1150/45 2776/1155/45
f 2785/1154/46 2780/1151/46 2781/1150/46
f 2787/1156/46 2786/1157/46 2783/1153/46
f 2785/1154/46 2787/1156/46 2782/1152/46
f 2784/1155/46 2781/1150/46 2783/1153/46
f 2787/1156/81 2785/1154/81 2777/1154/81
f 2787/1156/12 2779/1156/12 2778/1157/12
f 2784/1155/11 2776/1155/11 2777/1154/11
f 2778/1157/58 2776/1155/58 2784/1155/58
f 2789/1159/58 2791/1158/58 2790/1158/58
f 2792/1161/81 2795/1161/81 2794/1160/81
f 2792/1161/45 2793/1160/45 2788/1159/45
f 2795/1161/11 2792/1161/11 2790/1158/11
f 2793/1160/12 2794/1160/12 2789/1159/12
f 2794/1160/46 2795/1161/46 2791/1158/46
f 2797/1163/58 2799/1162/58 2798/1162/58
f 2800/1165/81 2803/1165/81 2802/1164/81
f 2800/1165/45 2801/1164/45 2796/1163/45
f 2803/1165/11 2800/1165/11 2798/1162/11
f 2801/1164/12 2802/1164/12 2797/1163/12
f 2802/1164/46 2803/1165/46 2799/1162/46
f 2805/1167/11 2807/1166/11 2806/1166/11
f 2808/1163/45 2809/1160/45 2804/1167/45
f 2808/1163/12 2811/1163/12 2810/1160/12
f 2810/1160/46 2811/1163/46 2807/1166/46
f 2813/1161/11 2815/1162/11 2814/1162/11
f 2816/1169/12 2819/1169/12 2818/1168/12
f 2816/1169/45 2817/1168/45 2812/1161/45
f 2818/1168/46 2819/1169/46 2815/1162/46
f 2821/1166/45 2820/1167/45 2825/1170/45
f 2827/1172/45 2822/1168/45 2823/1169/45
f 2820/1167/45 2822/1168/45 2827/1172/45
f 2823/1169/45 2821/1166/45 2824/1171/45
f 2833/1170/46 2828/1167/46 2829/1166/46
f 2835/1172/46 2834/1173/46 2831/1169/46
f 2835/1172/46 2830/1168/46 2828/1167/46
f 2832/1171/46 2829/1166/46 2831/1169/46
f 2835/1172/81 2833/1170/81 2825/1170/81
f 2835/1172/12 2827/1172/12 2826/1173/12
f 2832/1171/11 2824/1171/11 2825/1170/11
f 2826/1173/58 2824/1171/58 2832/1171/58
f 2838/1174/58 2839/1174/58 2837/1175/58
f 2842/1176/81 2843/1177/81 2840/1177/81
f 2836/1175/46 2841/1176/46 2840/1177/46
f 2838/1174/11 2840/1177/11 2843/1177/11
f 2837/1175/12 2842/1176/12 2841/1176/12
f 2839/1174/45 2843/1177/45 2842/1176/45
f 2846/1178/58 2847/1178/58 2845/1179/58
f 2850/1180/81 2851/1181/81 2848/1181/81
f 2844/1179/46 2849/1180/46 2848/1181/46
f 2846/1178/11 2848/1181/11 2851/1181/11
f 2845/1179/12 2850/1180/12 2849/1180/12
f 2847/1178/45 2851/1181/45 2850/1180/45
f 2854/1182/11 2855/1182/11 2853/1183/11
f 2852/1183/46 2857/1176/46 2856/1184/46
f 2858/1176/12 2859/1184/12 2856/1184/12
f 2855/1182/45 2859/1184/45 2858/1176/45
f 2862/1185/11 2863/1185/11 2861/1177/11
f 2866/1186/12 2867/1187/12 2864/1187/12
f 2860/1177/46 2865/1186/46 2864/1187/46
f 2863/1185/45 2867/1187/45 2866/1186/45
f 2872/1188/46 2873/1191/46 2868/1183/46
f 2874/1189/46 2871/1187/46 2870/1186/46
f 2873/1191/46 2875/1190/46 2870/1186/46
f 2872/1188/46 2869/1182/46 2871/1187/46
f 2880/1188/45 2877/1182/45 2876/1183/45
f 2878/1186/45 2879/1187/45 2882/1189/45
f 2881/1191/45 2876/1183/45 2878/1186/45
f 2879/1187/45 2877/1182/45 2880/1188/45
f 2873/1191/81 2881/1191/81 2883/1190/81
f 2874/1189/12 2875/1190/12 2883/1190/12
f 2873/1191/11 2872/1188/11 2880/1188/11
f 2880/1188/58 2872/1188/58 2874/1189/58
f 2886/1192/46 2887/1195/46 2885/1193/46
f 2890/1193/45 2891/1195/45 2888/1192/45
f 2887/1195/58 2891/1195/58 2890/1193/58
f 2884/1194/81 2889/1194/81 2888/1192/81
f 2894/1102/11 2898/1197/11 2899/1196/11
f 2893/1104/12 2897/1196/12 2896/1197/12
f 2895/1104/45 2899/1196/45 2897/1196/45
f 2892/1102/46 2896/1197/46 2898/1197/46
f 2907/1198/11 2906/1199/11 2902/1107/11
f 2904/1199/12 2905/1198/12 2901/1108/12
f 2905/1198/46 2907/1198/46 2903/1108/46
f 2906/1199/45 2904/1199/45 2900/1107/45
f 2910/1200/11 2911/1203/11 2909/1201/11
f 2914/1201/12 2915/1203/12 2912/1200/12
f 2910/1200/81 2912/1200/81 2915/1203/81
f 2909/1201/58 2914/1201/58 2913/1202/58
f 2916/1204/11 2918/1207/11 2919/1205/11
f 2923/1205/12 2922/1207/12 2920/1204/12
f 2927/1205/12 2926/1207/12 2924/1204/12
f 2928/1204/11 2931/1207/11 2930/1205/11
f 2929/1206/81 2930/1205/81 2923/1205/81
f 2927/1205/81 2925/1206/81 2917/1206/81
f 2931/1207/58 2928/1204/58 2920/1204/58
f 2924/1204/58 2926/1207/58 2918/1207/58
f 2934/1208/58 2935/1209/58 2933/1209/58
f 2938/1210/81 2939/1210/81 2936/1211/81
f 2935/1209/45 2939/1210/45 2938/1210/45
f 2932/1208/46 2937/1211/46 2936/1211/46
f 2934/1208/11 2936/1211/11 2939/1210/11
f 2933/1209/12 2938/1210/12 2937/1211/12
f 2942/1212/58 2943/1213/58 2941/1213/58
f 2946/1214/81 2947/1214/81 2944/1215/81
f 2943/1213/45 2947/1214/45 2946/1214/45
f 2940/1212/46 2945/1215/46 2944/1215/46
f 2942/1212/11 2944/1215/11 2947/1214/11
f 2941/1213/12 2946/1214/12 2945/1215/12
f 2950/1212/46 2951/1211/46 2949/1211/46
f 2954/1216/45 2955/1216/45 2952/1217/45
f 2950/1212/11 2952/1217/11 2955/1216/11
f 2949/1211/12 2954/1216/12 2953/1217/12
f 2958/1218/46 2959/1219/46 2957/1219/46
f 2962/1210/45 2963/1210/45 2960/1213/45
f 2959/1219/58 2963/1210/58 2962/1210/58
f 2958/1218/11 2960/1213/11 2963/1210/11
f 2957/1219/12 2962/1210/12 2961/1213/12
f 2956/1218/81 2961/1213/81 2960/1213/81
f 2965/1220/46 2967/1220/46 2966/1221/46
f 2967/1220/11 2971/1223/11 2970/1222/11
f 2971/1223/45 2969/1223/45 2968/1222/45
f 2969/1223/12 2965/1220/12 2964/1221/12
f 2973/1224/82 2975/1224/82 2974/1225/82
f 2974/1225/11 2975/1224/11 2979/1226/11
f 2979/1226/83 2977/1226/83 2976/1227/83
f 2977/1226/12 2973/1224/12 2972/1225/12
f 2980/1228/84 2982/1228/84 2983/1229/84
f 2982/1228/11 2986/1231/11 2987/1230/11
f 2984/1231/85 2985/1230/85 2987/1230/85
f 2980/1228/12 2981/1229/12 2985/1230/12
f 2989/1220/46 2991/1220/46 2990/1221/46
f 2991/1220/11 2995/1223/11 2994/1222/11
f 2995/1223/45 2993/1223/45 2992/1222/45
f 2993/1223/12 2989/1220/12 2988/1221/12
f 2997/1224/82 2999/1224/82 2998/1232/82
f 2998/1232/11 2999/1224/11 3003/1226/11
f 3003/1226/83 3001/1226/83 3000/1227/83
f 3001/1226/12 2997/1224/12 2996/1232/12
f 3004/1233/84 3006/1233/84 3007/1229/84
f 3006/1233/11 3010/1231/11 3011/1230/11
f 3008/1231/85 3009/1230/85 3011/1230/85
f 3004/1233/12 3005/1229/12 3009/1230/12
f 3013/1220/46 3015/1220/46 3014/1221/46
f 3015/1220/11 3019/1223/11 3018/1222/11
f 3019/1223/45 3017/1223/45 3016/1222/45
f 3017/1223/12 3013/1220/12 3012/1221/12
f 3021/1224/82 3023/1224/82 3022/1232/82
f 3022/1232/11 3023/1224/11 3027/1226/11
f 3026/1227/83 3027/1226/83 3025/1226/83
f 3025/1226/12 3021/1224/12 3020/1232/12
f 3030/1228/84 3031/1229/84 3029/1229/84
f 3030/1228/11 3034/1231/11 3035/1230/11
f 3034/1231/85 3032/1231/85 3033/1230/85
f 3028/1228/12 3029/1229/12 3033/1230/12
f 3037/1234/46 3039/1234/46 3038/1235/46
f 3039/1234/11 3043/1237/11 3042/1236/11
f 3043/1237/45 3041/1237/45 3040/1236/45
f 3041/1237/12 3037/1234/12 3036/1235/12
f 3045/1224/82 3047/1224/82 3046/1232/82
f 3046/1232/11 3047/1224/11 3051/1238/11
f 3051/1238/83 3049/1238/83 3048/1239/83
f 3049/1238/12 3045/1224/12 3044/1232/12
f 3052/1233/84 3054/1233/84 3055/1229/84
f 3054/1233/11 3058/1241/11 3059/1240/11
f 3056/1241/85 3057/1240/85 3059/1240/85
f 3052/1233/12 3053/1229/12 3057/1240/12
f 3061/1234/46 3063/1234/46 3062/1221/46
f 3063/1234/11 3067/1237/11 3066/1222/11
f 3067/1237/45 3065/1237/45 3064/1222/45
f 3065/1237/12 3061/1234/12 3060/1221/12
f 3069/1224/82 3071/1224/82 3070/1232/82
f 3070/1232/11 3071/1224/11 3075/1238/11
f 3075/1238/83 3073/1238/83 3072/1227/83
f 3073/1238/12 3069/1224/12 3068/1232/12
f 3076/1233/84 3078/1233/84 3079/1229/84
f 3078/1233/11 3082/1231/11 3083/1240/11
f 3080/1231/85 3081/1240/85 3083/1240/85
f 3076/1233/12 3077/1229/12 3081/1240/12
f 3087/1242/11 3091/1245/11 3090/1243/11
f 3089/1245/12 3085/1242/12 3084/1244/12
f 3090/1243/58 3088/1243/58 3084/1244/58
f 3087/1242/81 3085/1242/81 3089/1245/81
f 3095/1242/11 3099/1245/11 3098/1243/11
f 3097/1245/12 3093/1242/12 3092/1244/12
f 3098/1243/58 3096/1243/58 3092/1244/58
f 3095/1242/81 3093/1242/81 3097/1245/81
f 3103/1246/11 3107/1247/11 3106/1243/11
f 3105/1247/12 3101/1246/12 3100/1244/12
f 3106/1243/58 3104/1243/58 3100/1244/58
f 3103/1246/81 3101/1246/81 3105/1247/81
f 3111/1242/11 3115/1245/11 3114/1243/11
f 3113/1245/12 3109/1242/12 3108/1244/12
f 3114/1243/58 3112/1243/58 3108/1244/58
f 3111/1242/81 3109/1242/81 3113/1245/81
f 3119/1242/11 3123/1245/11 3122/1243/11
f 3121/1245/12 3117/1242/12 3116/1244/12
f 3122/1243/58 3120/1243/58 3116/1244/58
f 3119/1242/81 3117/1242/81 3121/1245/81
f 3222/1248/71 3227/1288/71 3226/1249/71
f 3218/1251/71 3225/1344/71 3224/1252/71
f 3214/1254/71 3221/1338/71 3220/1255/71
f 3141/1257/72 3142/1301/72 3143/1258/72
f 3137/1260/72 3138/1312/72 3139/1261/72
f 3146/1263/86 3130/1334/86 3131/1264/86
f 3145/1266/72 3199/1342/72 3198/1267/72
f 3129/1269/72 3201/1346/72 3200/1270/72
f 3202/1272/71 3209/1306/71 3208/1273/71
f 3206/1275/71 3213/1318/71 3212/1276/71
f 3210/1278/71 3217/1329/71 3216/1279/71
f 3148/1281/71 3205/1292/71 3204/1282/71
f 3133/1284/72 3134/1327/72 3135/1285/72
f 3186/1287/11 3185/1348/11 3227/1288/11
f 3157/1289/11 3134/1327/11 3133/1284/11
f 3172/1291/88 3204/1282/88 3205/1292/88
f 3160/1293/89 3145/1266/89 3144/1268/89
f 3165/1295/12 3151/1320/12 3136/1262/12
f 3159/1296/11 3138/1312/11 3137/1260/11
f 3194/1298/89 3206/1275/89 3207/1277/89
f 3167/1300/91 3143/1258/91 3142/1301/91
f 3152/1303/99 3126/1265/99 3147/1265/99
f 3155/1304/87 3130/1334/87 3146/1263/87
f 3174/1305/88 3208/1273/88 3209/1306/88
f 3158/1308/92 3141/1257/92 3140/1259/92
f 3167/1300/12 3166/1309/12 3140/1259/12
f 3161/1302/11 3142/1301/11 3141/1257/11
f 3192/1310/89 3210/1278/89 3211/1280/89
f 3165/1295/88 3139/1261/88 3138/1312/88
f 3169/1313/12 3168/1294/12 3144/1268/12
f 3125/1314/89 3148/1281/89 3149/1283/89
f 3163/1316/11 3199/1342/11 3145/1266/11
f 3176/1317/91 3212/1276/91 3213/1318/91
f 3156/1297/89 3137/1260/89 3136/1262/89
f 3171/1321/99 3170/1340/99 3128/1271/99
f 3164/1322/11 3201/1346/11 3129/1269/11
f 3190/1324/89 3214/1254/89 3215/1256/89
f 3150/1326/91 3135/1285/91 3134/1327/91
f 3178/1328/91 3216/1279/91 3217/1329/91
f 3154/1290/89 3133/1284/89 3132/1286/89
f 3124/1315/12 3149/1283/12 3204/1282/12
f 3125/1314/87 3197/1291/87 3205/1292/87
f 3188/1332/89 3218/1251/89 3219/1253/89
f 3152/1303/91 3131/1264/91 3130/1334/91
f 3173/1335/12 3203/1274/12 3208/1273/12
f 3196/1336/11 3195/1307/11 3209/1306/11
f 3180/1337/91 3220/1255/91 3221/1338/91
f 3162/1323/92 3129/1269/92 3128/1271/92
f 3175/1299/12 3207/1277/12 3212/1276/12
f 3194/1298/11 3193/1319/11 3213/1318/11
f 3186/1287/92 3222/1248/92 3223/1250/92
f 3169/1313/91 3198/1267/91 3199/1342/91
f 3177/1311/12 3211/1280/12 3216/1279/12
f 3192/1310/11 3191/1330/11 3217/1329/11
f 3182/1343/88 3224/1252/88 3225/1344/88
f 3179/1325/12 3215/1256/12 3220/1255/12
f 3190/1324/11 3189/1339/11 3221/1338/11
f 3171/1321/91 3200/1270/91 3201/1346/91
f 3181/1333/99 3219/1253/99 3224/1252/99
f 3188/1332/11 3187/1345/11 3225/1344/11
f 3184/1347/91 3226/1249/91 3227/1288/91
f 3196/1336/89 3202/1272/89 3203/1274/89
f 3183/1341/99 3223/1250/99 3226/1249/99
f 3150/1326/99 3153/1331/99 3132/1286/99
f 3326/1349/76 3327/1387/76 3322/1350/76
f 3324/1352/76 3325/1443/76 3318/1353/76
f 3320/1355/76 3321/1438/76 3314/1356/76
f 3245/1358/77 3244/1401/77 3243/1359/77
f 3241/1361/77 3240/1413/77 3239/1362/77
f 3233/1364/93 3232/1435/93 3146/1263/93
f 3298/1365/77 3299/1442/77 3247/1366/77
f 3300/1368/77 3301/1446/77 3231/1369/77
f 3308/1371/76 3309/1406/76 3302/1372/76
f 3312/1374/76 3313/1418/76 3306/1375/76
f 3316/1377/76 3317/1429/76 3310/1378/76
f 3304/1380/76 3305/1391/76 3248/1381/76
f 3237/1383/77 3236/1427/77 3235/1384/77
f 3286/1386/11 3322/1350/11 3327/1387/11
f 3235/1384/11 3236/1427/11 3257/1389/11
f 3305/1391/94 3304/1380/94 3272/1392/94
f 3246/1367/95 3247/1366/95 3260/1393/95
f 3265/1395/99 3241/1361/99 3238/1363/99
f 3239/1362/11 3240/1413/11 3259/1397/11
f 3307/1376/95 3306/1375/95 3294/1399/95
f 3244/1401/94 3245/1358/94 3267/1402/94
f 3252/1404/99 3233/1364/99 3147/1265/99
f 3146/1263/98 3232/1435/98 3255/1405/98
f 3309/1406/94 3308/1371/94 3274/1407/94
f 3242/1360/97 3243/1359/97 3258/1409/97
f 3267/1402/12 3245/1358/12 3242/1360/12
f 3243/1359/11 3244/1401/11 3261/1403/11
f 3311/1379/95 3310/1378/95 3292/1411/95
f 3240/1413/96 3241/1361/96 3265/1395/96
f 3269/1414/12 3298/1365/12 3246/1367/12
f 3249/1382/95 3248/1381/95 3229/1415/95
f 3247/1366/11 3299/1442/11 3263/1417/11
f 3313/1418/94 3312/1374/94 3276/1419/94
f 3238/1363/95 3239/1362/95 3256/1398/95
f 3271/1421/99 3300/1368/99 3230/1370/99
f 3231/1369/11 3301/1446/11 3264/1423/11
f 3315/1357/97 3314/1356/97 3290/1425/97
f 3236/1427/94 3237/1383/94 3250/1428/94
f 3317/1429/96 3316/1377/96 3278/1430/96
f 3234/1385/95 3235/1384/95 3254/1390/95
f 3304/1380/12 3249/1382/12 3228/1416/12
f 3229/1415/11 3248/1381/11 3305/1391/11
f 3319/1354/95 3318/1353/95 3288/1433/95
f 3232/1435/94 3233/1364/94 3252/1404/94
f 3308/1371/12 3303/1373/12 3273/1436/12
f 3296/1437/98 3302/1372/98 3309/1406/98
f 3321/1438/94 3320/1355/94 3280/1439/94
f 3230/1370/97 3231/1369/97 3262/1424/97
f 3312/1374/12 3307/1376/12 3275/1400/12
f 3294/1399/98 3306/1375/98 3313/1418/98
f 3323/1351/97 3322/1350/97 3286/1386/97
f 3299/1442/94 3298/1365/94 3269/1414/94
f 3316/1377/12 3311/1379/12 3277/1412/12
f 3292/1411/11 3310/1378/11 3317/1429/11
f 3325/1443/96 3324/1352/96 3282/1444/96
f 3320/1355/12 3315/1357/12 3279/1426/12
f 3290/1425/11 3314/1356/11 3321/1438/11
f 3301/1446/94 3300/1368/94 3271/1421/94
f 3324/1352/90 3319/1354/90 3281/1434/90
f 3288/1433/11 3318/1353/11 3325/1443/11
f 3327/1387/94 3326/1349/94 3284/1447/94
f 3303/1373/95 3302/1372/95 3296/1437/95
f 3326/1349/12 3323/1351/12 3283/1441/12
f 3250/1428/99 3237/1383/99 3234/1385/99
f 3351/1448/12 3333/1449/12 3332/1449/12
f 3582/1452/58 3373/1450/58 3551/1452/58
f 3373/1450/58 3515/1450/58 3551/1452/58
f 3335/1453/12 3337/1454/12 3371/1454/12
f 3336/1455/12 3338/1484/12 3369/1456/12
f 3421/1458/11 3411/1458/11 3563/1459/11
f 3339/1460/12 3342/1461/12 3365/1461/12
f 3341/1462/12 3344/1463/12 3363/1463/12
f 3343/1464/12 3345/1465/12 3361/1465/12
f 3546/1466/81 3522/1603/81 3412/1467/81
f 3346/1468/12 3348/1469/12 3357/1469/12
f 3461/1470/46 3380/1563/46 3526/1471/46
f 3349/1473/12 3352/1474/12 3353/1474/12
f 3333/1449/46 3351/1448/46 3481/1522/46
f 3351/1448/46 3482/1581/46 3481/1522/46
f 3454/1568/46 3377/1569/46 3455/1475/46
f 3377/1569/46 3331/1476/46 3455/1475/46
f 3333/1449/46 3481/1522/46 3455/1475/46
f 3330/1477/46 3394/1541/46 3334/1478/46
f 3551/1452/58 3514/1451/58 3552/1481/58
f 3514/1451/58 3533/1480/58 3552/1481/58
f 3393/1482/46 3392/1543/46 3337/1454/46
f 3391/1483/46 3390/1548/46 3338/1484/46
f 3388/1485/81 3339/1460/81 3560/1486/81
f 3388/1485/46 3387/1587/46 3475/1487/46
f 3387/1587/46 3474/1586/46 3475/1487/46
f 3499/1552/46 3342/1461/46 3480/1488/46
f 3342/1461/46 3339/1460/46 3480/1488/46
f 3388/1485/46 3475/1487/46 3339/1460/46
f 3341/1462/46 3494/1533/46 3498/1489/46
f 3500/1490/46 3491/1558/46 3345/1465/46
f 3564/1493/81 3501/1607/81 3544/1607/81
f 3544/1607/81 3519/1491/81 3564/1493/81
f 3492/1494/46 3496/1575/46 3348/1469/46
f 3412/1467/81 3522/1603/81 3524/1495/81
f 3524/1495/81 3358/1495/81 3412/1467/81
f 3495/1496/46 3483/1520/46 3352/1474/46
f 3329/1479/12 3334/1478/12 3375/1478/12
f 3399/1497/11 3400/1497/11 3414/1498/11
f 3595/1499/45 3547/1610/45 3552/1481/45
f 3547/1610/45 3550/1609/45 3552/1481/45
f 3447/1606/81 3532/1606/81 3558/1502/81
f 3532/1606/81 3516/1500/81 3558/1502/81
f 3429/1503/11 3404/1530/11 3403/1504/11
f 3447/1606/45 3558/1502/45 3446/1506/45
f 3558/1502/45 3557/1571/45 3405/1507/45
f 3559/1508/45 3407/1549/45 3479/1488/45
f 3407/1549/45 3509/1552/45 3479/1488/45
f 3601/1592/45 3588/2527/45 3472/1487/45
f 3588/2527/45 3591/1509/45 3472/1487/45
f 3559/1508/45 3479/1488/45 3472/1487/45
f 3423/1510/11 3409/1510/11 3406/1511/11
f 3422/1512/11 3410/1512/11 3408/1513/11
f 3567/1515/81 3506/1494/81 3492/1494/81
f 3492/1494/81 3346/1468/81 3567/1515/81
f 3506/1494/45 3567/1515/45 3602/1516/45
f 3567/1515/45 3566/1599/45 3569/1517/45
f 3418/1518/11 3413/1518/11 3412/1467/11
f 3490/1496/45 3573/1564/45 3489/1521/45
f 3573/1564/45 3572/1589/45 3415/1519/45
f 3489/1521/45 3573/1564/45 3415/1519/45
f 3485/1581/45 3414/1498/45 3484/1522/45
f 3414/1498/45 3400/1497/45 3484/1522/45
f 3398/1476/45 3435/1569/45 3453/1475/45
f 3435/1569/45 3463/1568/45 3453/1475/45
f 3398/1476/45 3453/1475/45 3400/1497/45
f 3401/1523/45 3452/1541/45 3397/1477/45
f 3548/1526/81 3510/1602/81 3512/1527/81
f 3512/1527/81 3376/1527/81 3549/1525/81
f 3376/1527/81 3434/1525/81 3549/1525/81
f 3430/1529/58 3371/1454/58 3555/1529/58
f 3371/1454/58 3337/1454/58 3555/1529/58
f 3404/1530/45 3448/1548/45 3449/1483/45
f 3556/1501/81 3516/1500/81 3518/1531/81
f 3518/1531/81 3370/1531/81 3556/1501/81
f 3560/1486/81 3339/1460/81 3561/1532/81
f 3339/1460/81 3368/1460/81 3561/1532/81
f 3406/1511/45 3409/1510/45 3502/1489/45
f 3410/1512/45 3504/1558/45 3505/1490/45
f 3562/1492/81 3519/1491/81 3521/1534/81
f 3521/1534/81 3362/1534/81 3562/1492/81
f 3360/1468/81 3577/1514/81 3565/1514/81
f 3507/1466/45 3412/1467/45 3488/1536/45
f 3412/1467/45 3413/1518/45 3488/1536/45
f 3356/1473/81 3575/1537/81 3571/1537/81
f 3433/1523/11 3401/1523/11 3396/1524/11
f 3511/1538/46 3535/1604/46 3534/1539/46
f 3394/1541/58 3452/1541/58 3401/1523/58
f 3393/1482/81 3335/1453/81 3402/1542/81
f 3392/1543/58 3593/1543/58 3553/1528/58
f 3391/1483/81 3336/1455/81 3403/1504/81
f 3554/1544/45 3592/2528/45 3450/1482/45
f 3531/1545/46 3389/1506/46 3340/1546/46
f 3390/1548/58 3448/1548/58 3404/1530/58
f 3561/1532/11 3428/1532/11 3425/1549/11
f 3425/1549/11 3407/1549/11 3561/1532/11
f 3389/1506/58 3446/1506/58 3405/1507/58
f 3473/1550/81 3478/1550/81 3445/1551/81
f 3499/1552/58 3509/1552/58 3407/1549/58
f 3477/1553/12 3541/1553/12 3542/1596/12
f 3542/1596/12 3537/1554/12 3477/1553/12
f 3537/1554/12 3538/1555/12 3468/1555/12
f 3498/1489/58 3502/1489/58 3409/1510/58
f 3456/1556/81 3467/1556/81 3441/1557/81
f 3491/1558/58 3504/1558/58 3410/1512/58
f 3457/1559/81 3469/1559/81 3440/1560/81
f 3493/1561/58 3503/1561/58 3411/1458/58
f 3461/1470/81 3470/1470/81 3439/1563/81
f 3573/1564/81 3490/1496/81 3495/1496/81
f 3495/1496/81 3349/1473/81 3573/1564/81
f 3459/1565/81 3471/1565/81 3437/1566/81
f 3497/1535/58 3487/1535/58 3413/1518/58
f 3454/1568/81 3463/1568/81 3435/1569/81
f 3483/1520/58 3486/1520/58 3415/1519/58
f 3373/1450/12 3376/1527/12 3512/1527/12
f 3512/1527/12 3511/1538/12 3513/1540/12
f 3513/1540/148 3515/1450/148 3512/1527/148
f 3375/1478/58 3334/1478/58 3401/1523/58
f 3374/1453/81 3432/1542/81 3402/1542/81
f 3427/1570/11 3405/1507/11 3557/1571/11
f 3372/1457/81 3431/1505/81 3403/1504/81
f 3402/1542/11 3432/1542/11 3555/1529/11
f 3432/1542/11 3430/1529/11 3555/1529/11
f 3367/1572/12 3370/1531/12 3518/1531/12
f 3518/1531/148 3517/1547/148 3340/1546/148
f 3369/1456/58 3338/1484/58 3404/1530/58
f 3501/1607/45 3564/1493/45 3503/1561/45
f 3564/1493/45 3563/1459/45 3411/1458/45
f 3367/1572/58 3340/1546/58 3405/1507/58
f 3366/1462/81 3426/1511/81 3406/1511/81
f 3365/1461/58 3342/1461/58 3407/1549/58
f 3364/1464/81 3424/1513/81 3408/1513/81
f 3363/1463/58 3344/1463/58 3409/1510/58
f 3359/1562/12 3362/1534/12 3521/1534/12
f 3521/1534/148 3520/1583/148 3347/1562/148
f 3361/1465/58 3345/1465/58 3410/1512/58
f 3419/1574/58 3357/1469/58 3570/1574/58
f 3357/1469/58 3348/1469/58 3570/1574/58
f 3359/1562/58 3347/1562/58 3411/1458/58
f 3355/1567/12 3358/1495/12 3524/1495/12
f 3524/1495/149 3523/1600/149 3350/1567/149
f 3496/1575/58 3603/1575/58 3568/1573/58
f 3460/1576/58 3381/1577/58 3585/1577/58
f 3355/1567/58 3350/1567/58 3413/1518/58
f 3354/1448/81 3417/1498/81 3414/1498/81
f 3353/1474/58 3352/1474/58 3415/1519/58
f 3538/1555/58 3527/1578/58 3442/1578/58
f 3462/1579/58 3378/1580/58 3436/1580/58
f 3484/1522/81 3453/1475/81 3455/1475/81
f 3482/1581/81 3351/1448/81 3414/1498/81
f 3541/1553/81 3477/1553/81 3443/1582/81
f 3520/1583/46 3543/1593/46 3493/1561/46
f 3458/1584/58 3383/1585/58 3587/1585/58
f 3474/1586/58 3387/1587/58 3589/1587/58
f 3479/1488/11 3509/1552/11 3499/1552/11
f 3481/1522/11 3482/1581/11 3485/1581/11
f 3486/1520/11 3483/1520/11 3489/1521/11
f 3483/1520/11 3495/1496/11 3489/1521/11
f 3500/1490/11 3505/1490/11 3504/1558/11
f 3494/1533/11 3508/1533/11 3502/1489/11
f 3487/1535/11 3497/1535/11 3488/1536/11
f 3497/1535/11 3545/1588/11 3488/1536/11
f 3545/1588/11 3546/1466/11 3507/1466/11
f 3416/1519/11 3415/1519/11 3572/1589/11
f 3467/1556/12 3456/1556/12 3597/1590/12
f 3456/1556/12 3458/1584/12 3597/1590/12
f 3466/1591/45 3438/1601/45 3439/1563/45
f 3601/1592/12 3472/1487/12 3475/1487/12
f 3475/1487/12 3474/1586/12 3601/1592/12
f 3544/1607/11 3501/1607/11 3543/1593/11
f 3501/1607/11 3503/1561/11 3543/1593/11
f 3462/1579/12 3465/1579/12 3471/1565/12
f 3453/1475/12 3463/1568/12 3454/1568/12
f 3478/1550/12 3473/1550/12 3464/1594/12
f 3603/1575/11 3496/1575/11 3602/1516/11
f 3496/1575/11 3492/1494/11 3602/1516/11
f 3470/1470/12 3461/1470/12 3539/1472/12
f 3539/1472/12 3540/1591/12 3466/1591/12
f 3469/1559/12 3457/1559/12 3599/1595/12
f 3457/1559/12 3460/1576/12 3599/1595/12
f 3457/1559/46 3382/1560/46 3381/1577/46
f 3465/1579/45 3436/1580/45 3437/1566/45
f 3542/1596/46 3529/1608/46 3528/1597/46
f 3473/1550/46 3386/1551/46 3385/1598/46
f 3459/1565/46 3379/1566/46 3378/1580/46
f 3494/1533/81 3341/1462/81 3406/1511/81
f 3500/1490/81 3343/1464/81 3408/1513/81
f 3472/1487/58 3479/1488/58 3480/1488/58
f 3566/1599/11 3576/1599/11 3570/1574/11
f 3576/1599/11 3419/1574/11 3570/1574/11
f 3597/1590/45 3586/2529/45 3441/1557/45
f 3599/1595/45 3584/2530/45 3440/1560/45
f 3464/1594/58 3385/1598/58 3444/1598/58
f 3476/1594/45 3444/1598/45 3445/1551/45
f 3545/1588/46 3497/1535/46 3350/1567/46
f 3540/1591/58 3525/1601/58 3438/1601/58
f 3456/1556/46 3384/1557/46 3383/1585/46
f 3468/1555/45 3442/1578/45 3443/1582/45
f 3535/1604/100 3511/1538/100 3510/1602/100
f 3534/1539/101 3533/1480/101 3514/1451/101
f 3531/1545/100 3517/1547/100 3516/1500/100
f 3543/1593/100 3520/1583/100 3519/1491/100
f 3528/1597/101 3527/1578/101 3538/1555/101
f 3545/1588/100 3523/1600/100 3522/1603/100
f 3526/1471/101 3525/1601/101 3540/1591/101
f 3542/1596/100 3541/1553/100 3530/1582/100
f 3549/1525/11 3434/1525/11 3583/1609/11
f 3583/1609/11 3550/1609/11 3549/1525/11
f 3594/1605/108 3548/1526/108 3547/1610/108
f 3593/1543/109 3592/2528/109 3554/1544/109
f 3590/1485/108 3560/1486/108 3559/1508/108
f 3589/1587/109 3588/2527/109 3601/1592/109
f 3587/1585/109 3586/2529/109 3597/1590/109
f 3585/1577/109 3584/2530/109 3599/1595/109
f 3582/1452/129 3551/1452/129 3550/1609/129
f 3581/1501/150 3580/1571/150 3557/1571/150
f 3579/1492/111 3578/1459/111 3563/1459/111
f 3577/1514/150 3576/1599/150 3566/1599/150
f 3575/1537/112 3574/1589/112 3572/1589/112
f 3603/1575/109 3602/1516/109 3569/1517/109
f 3536/1605/81 3510/1602/81 3548/1526/81
f 3607/1611/12 3606/1611/12 3604/1612/12
f 3611/1613/113 3607/1611/113 3605/1612/113
f 3606/1611/114 3610/1613/114 3608/1614/114
f 3610/1613/81 3606/1611/81 3607/1611/81
f 3611/1613/11 3609/1614/11 3608/1614/11
f 3612/1615/11 3614/1616/11 3615/1616/11
f 3613/1615/115 3615/1616/115 3619/1617/115
f 3616/1618/116 3618/1617/116 3614/1616/116
f 3615/1616/81 3614/1616/81 3618/1617/81
f 3616/1618/12 3617/1618/12 3619/1617/12
f 3624/1619/11 3625/1625/11 3642/1620/11
f 3669/1622/11 3643/1629/11 3644/1623/11
f 3625/1625/81 3624/1619/81 3626/1619/81
f 3630/1626/12 3680/1643/12 3683/1627/12
f 3627/1625/12 3626/1619/12 3671/1621/12
f 3627/1625/45 3641/1620/45 3642/1620/45
f 3640/1629/12 3670/1622/12 3673/1624/12
f 3638/1630/12 3672/1651/12 3675/1631/12
f 3636/1633/12 3674/1648/12 3677/1634/12
f 3633/1636/12 3634/1647/12 3676/1637/12
f 3628/1639/45 3622/1640/45 3620/1640/45
f 3657/1641/11 3655/1639/11 3620/1640/11
f 3659/1643/11 3653/1626/11 3654/1628/11
f 3661/1644/11 3651/1652/11 3652/1645/11
f 3660/1638/11 3663/1637/11 3649/1647/11
f 3665/1648/11 3647/1633/11 3648/1649/11
f 3667/1651/11 3645/1630/11 3646/1632/11
f 3630/1626/45 3629/1628/45 3654/1628/45
f 3632/1652/12 3678/1644/12 3681/1646/12
f 3632/1652/45 3631/1645/45 3652/1645/45
f 3649/1647/45 3634/1647/45 3633/1636/45
f 3647/1633/45 3636/1633/45 3635/1635/45
f 3645/1630/45 3638/1630/45 3637/1632/45
f 3640/1629/45 3639/1623/45 3644/1623/45
f 3683/1627/58 3656/1627/58 3654/1628/58
f 3657/1641/81 3682/1641/81 3628/1639/81
f 3681/1646/58 3658/1646/58 3652/1645/58
f 3659/1643/81 3680/1643/81 3630/1626/81
f 3679/1638/58 3660/1638/58 3650/1636/58
f 3661/1644/81 3678/1644/81 3632/1652/81
f 3677/1634/58 3662/1650/58 3648/1649/58
f 3663/1637/81 3676/1637/81 3634/1647/81
f 3675/1631/58 3664/1631/58 3646/1632/58
f 3665/1648/81 3674/1648/81 3636/1633/81
f 3673/1624/58 3666/1624/58 3644/1623/58
f 3667/1651/81 3672/1651/81 3638/1630/81
f 3671/1621/58 3668/1621/58 3642/1620/58
f 3669/1622/81 3670/1622/81 3640/1629/81
f 3628/1639/12 3682/1641/12 3623/1642/12
f 3713/1653/117 3702/1662/117 3703/1654/117
f 3699/1656/81 3726/1656/81 3737/1657/81
f 3687/1658/81 3686/1658/81 3690/1659/81
f 3687/1658/118 3691/1659/118 3722/1660/118
f 3701/1662/118 3723/1653/118 3720/1655/118
f 3699/1656/118 3721/1657/118 3718/1663/118
f 3697/1665/118 3719/1674/118 3716/1666/118
f 3695/1668/118 3717/1675/118 3714/1669/118
f 3708/1671/117 3707/1678/117 3684/1672/117
f 3711/1674/117 3704/1665/117 3705/1667/117
f 3734/1663/58 3729/1664/58 3696/1664/58
f 3709/1675/117 3706/1668/117 3730/1676/117
f 3693/1678/81 3707/1678/81 3708/1671/81
f 3710/1666/58 3705/1667/58 3694/1667/58
f 3695/1668/81 3706/1668/81 3709/1675/81
f 3732/1669/58 3731/1670/58 3692/1670/58
f 3697/1665/81 3704/1665/81 3711/1674/81
f 3712/1655/58 3703/1654/58 3698/1654/58
f 3736/1679/117 3727/1684/117 3728/1680/117
f 3690/1659/117 3686/1658/117 3724/1682/117
f 3701/1662/81 3702/1662/81 3713/1653/81
f 3693/1678/118 3715/1671/118 3689/1673/118
f 3731/1670/119 3732/1669/119 3733/1677/119
f 3729/1664/119 3734/1663/119 3735/1681/119
f 3736/1679/120 3737/1657/120 3726/1656/120
f 3725/1661/119 3738/1660/119 3739/1683/119
f 3738/1660/58 3725/1661/58 3700/1661/58
f 3759/1685/121 3758/1694/121 3769/1686/121
f 3793/1688/81 3782/1689/81 3755/1689/81
f 3743/1690/81 3747/1691/81 3746/1691/81
f 3778/1692/122 3747/1691/122 3743/1690/122
f 3776/1687/122 3779/1686/122 3757/1694/122
f 3774/1695/122 3777/1688/122 3755/1689/122
f 3772/1697/122 3775/1706/122 3753/1698/122
f 3770/1700/122 3773/1708/122 3751/1701/122
f 3740/1703/121 3763/1710/121 3764/1704/121
f 3761/1699/121 3760/1698/121 3767/1706/121
f 3790/1695/58 3774/1695/58 3752/1696/58
f 3786/1707/121 3762/1701/121 3765/1708/121
f 3764/1704/81 3763/1710/81 3749/1710/81
f 3766/1697/58 3772/1697/58 3750/1699/58
f 3765/1708/81 3762/1701/81 3751/1701/81
f 3788/1700/58 3770/1700/58 3748/1702/58
f 3767/1706/81 3760/1698/81 3753/1698/81
f 3768/1687/58 3776/1687/58 3754/1685/58
f 3784/1711/121 3783/2531/121 3792/1712/121
f 3780/1714/121 3742/1690/121 3746/1691/121
f 3769/1686/81 3758/1694/81 3757/1694/81
f 3745/1705/122 3771/1704/122 3749/1710/122
f 3789/1709/123 3788/1700/123 3787/1702/123
f 3791/1713/123 3790/1695/123 3785/1696/123
f 3792/1712/124 3783/2531/124 3782/1689/124
f 3795/1715/123 3794/1692/123 3781/1693/123
f 3794/1692/58 3778/1692/58 3756/1693/58
f 3797/1611/81 3796/1616/81 3798/1616/81
f 3802/1716/58 3800/1716/58 3801/1717/58
f 3797/1611/46 3801/1717/46 3800/1716/46
f 3798/1616/45 3802/1716/45 3803/1717/45
f 3807/1718/12 3806/1725/12 3804/1719/12
f 3811/1721/113 3807/1718/113 3805/1720/113
f 3811/1721/11 3809/1722/11 3808/1723/11
f 3806/1725/114 3810/1724/114 3808/1723/114
f 3816/1726/11 3817/1730/11 3834/1727/11
f 3861/1729/11 3835/1731/11 3836/1623/11
f 3817/1730/81 3816/1726/81 3818/1726/81
f 3822/1626/12 3872/1643/12 3875/1627/12
f 3819/1730/12 3818/1726/12 3863/1728/12
f 3819/1730/45 3833/1727/45 3834/1727/45
f 3832/1731/12 3862/1729/12 3865/1624/12
f 3830/1630/12 3864/1651/12 3867/1631/12
f 3828/1732/12 3866/1739/12 3869/1733/12
f 3825/1735/12 3826/1738/12 3868/1736/12
f 3820/1639/45 3814/1640/45 3812/1640/45
f 3849/1641/11 3847/1639/11 3812/1640/11
f 3851/1643/11 3845/1626/11 3846/1628/11
f 3853/1644/11 3843/1652/11 3844/1645/11
f 3852/1737/11 3855/1736/11 3841/1738/11
f 3857/1739/11 3839/1732/11 3840/1734/11
f 3859/1740/11 3837/1741/11 3838/1632/11
f 3822/1626/45 3821/1628/45 3846/1628/45
f 3824/1652/12 3870/1644/12 3873/1646/12
f 3824/1652/45 3823/1645/45 3844/1645/45
f 3841/1738/45 3826/1738/45 3825/1735/45
f 3839/1732/45 3828/1732/45 3827/1734/45
f 3837/1741/45 3830/1630/45 3829/1632/45
f 3832/1731/45 3831/1623/45 3836/1623/45
f 3875/1627/58 3848/1627/58 3846/1628/58
f 3849/1641/81 3874/1641/81 3820/1639/81
f 3873/1646/58 3850/1646/58 3844/1645/58
f 3851/1643/81 3872/1643/81 3822/1626/81
f 3871/1737/58 3852/1737/58 3842/1735/58
f 3853/1644/81 3870/1644/81 3824/1652/81
f 3869/1733/58 3854/1733/58 3840/1734/58
f 3855/1736/81 3868/1736/81 3826/1738/81
f 3867/1631/58 3856/1631/58 3838/1632/58
f 3857/1739/81 3866/1739/81 3828/1732/81
f 3865/1624/58 3858/1624/58 3836/1623/58
f 3859/1740/81 3864/1651/81 3830/1630/81
f 3863/1728/58 3860/1728/58 3834/1727/58
f 3861/1729/81 3862/1729/81 3832/1731/81
f 3820/1639/12 3874/1641/12 3815/1642/12
f 3889/1742/81 3920/1742/81 3927/1743/81
f 3882/1744/117 3878/1747/117 3894/1745/117
f 3879/1747/81 3878/1747/81 3882/1744/81
f 3879/1747/118 3883/1744/118 3916/1746/118
f 3893/1748/118 3917/1768/118 3914/1749/118
f 3891/1751/118 3915/1763/118 3912/1752/118
f 3889/1742/118 3913/1743/118 3910/1754/118
f 3887/1756/118 3911/1762/118 3908/1757/118
f 3901/1759/117 3900/1764/117 3876/1760/117
f 3903/1762/117 3898/1756/117 3899/1758/117
f 3924/1754/58 3923/1755/58 3886/1755/58
f 3905/1763/117 3896/1751/117 3897/1753/117
f 3902/1757/58 3899/1758/58 3884/1758/58
f 3885/1764/81 3900/1764/81 3901/1759/81
f 3887/1756/81 3898/1756/81 3903/1762/81
f 3904/1752/58 3897/1753/58 3888/1753/58
f 3926/1765/117 3921/1771/117 3922/1766/117
f 3906/1768/117 3895/1748/117 3918/1769/117
f 3891/1751/81 3896/1751/81 3905/1763/81
f 3907/1746/58 3894/1745/58 3892/1745/58
f 3893/1748/81 3895/1748/81 3906/1768/81
f 3885/1764/118 3909/1759/118 3881/1761/118
f 3923/1755/119 3924/1754/119 3925/1767/119
f 3926/1765/120 3927/1743/120 3920/1742/120
f 3919/1750/119 3928/1749/119 3929/1770/119
f 3928/1749/58 3919/1750/58 3890/1750/58
f 3981/1772/81 3974/1773/81 3943/1773/81
f 3948/1774/121 3932/1777/121 3936/1775/121
f 3933/1777/81 3937/1775/81 3936/1775/81
f 3970/1776/122 3937/1775/122 3933/1777/122
f 3968/1778/122 3971/1799/122 3947/1779/122
f 3966/1781/122 3969/1793/122 3945/1782/122
f 3964/1784/122 3967/1772/122 3943/1773/122
f 3962/1786/122 3965/1792/122 3941/1787/122
f 3930/1789/121 3954/1794/121 3955/1790/121
f 3953/1788/121 3952/1787/121 3957/1792/121
f 3978/1784/58 3964/1784/58 3940/1785/58
f 3951/1783/121 3950/1782/121 3959/1793/121
f 3956/1786/58 3962/1786/58 3938/1788/58
f 3955/1790/81 3954/1794/81 3939/1794/81
f 3957/1792/81 3952/1787/81 3941/1787/81
f 3958/1781/58 3966/1781/58 3942/1783/58
f 3976/1795/121 3975/2532/121 3980/1796/121
f 3972/1798/121 3949/1779/121 3960/1799/121
f 3959/1793/81 3950/1782/81 3945/1782/81
f 3961/1776/58 3970/1776/58 3946/1774/58
f 3960/1799/81 3949/1779/81 3947/1779/81
f 3935/1791/122 3963/1790/122 3939/1794/122
f 3979/1797/123 3978/1784/123 3977/1785/123
f 3980/1796/124 3975/2532/124 3974/1773/124
f 3983/1800/123 3982/1778/123 3973/1780/123
f 3982/1778/58 3968/1778/58 3944/1780/58
f 3985/1801/81 3984/1802/81 3986/1802/81
f 3990/1803/58 3988/1803/58 3989/1804/58
f 3985/1801/46 3989/1804/46 3988/1803/46
f 3986/1802/45 3990/1803/45 3991/1804/45
f 3995/1801/12 3994/1801/12 3992/1805/12
f 3999/1806/113 3995/1801/113 3993/1805/113
f 3994/1801/114 3998/1806/114 3996/1807/114
f 3998/1806/81 3994/1801/81 3995/1801/81
f 3999/1806/11 3997/1807/11 3996/1807/11
f 4000/1808/11 4002/1809/11 4003/1809/11
f 4001/1808/115 4003/1809/115 4007/1810/115
f 4004/1811/116 4006/1810/116 4002/1809/116
f 4003/1809/81 4002/1809/81 4006/1810/81
f 4004/1811/12 4005/1811/12 4007/1810/12
f 4011/1718/12 4010/1725/12 4008/1812/12
f 4015/1721/113 4011/1718/113 4009/1813/113
f 4015/1721/11 4013/1814/11 4012/1815/11
f 4010/1725/114 4014/1724/114 4012/1815/114
f 4020/1726/11 4021/1730/11 4038/1727/11
f 4065/1816/11 4039/1822/11 4040/1817/11
f 4021/1730/81 4020/1726/81 4022/1726/81
f 4026/1819/12 4076/1834/12 4079/1820/12
f 4023/1730/12 4022/1726/12 4067/1728/12
f 4023/1730/45 4037/1727/45 4038/1727/45
f 4036/1822/12 4066/1816/12 4069/1818/12
f 4034/1823/12 4068/1836/12 4071/1824/12
f 4032/1633/12 4070/1648/12 4073/1826/12
f 4029/1828/12 4030/1647/12 4072/1637/12
f 4024/1830/45 4018/1831/45 4016/1831/45
f 4053/1832/11 4051/1830/11 4016/1831/11
f 4055/1834/11 4049/1819/11 4050/1821/11
f 4057/1835/11 4047/1837/11 4048/1645/11
f 4056/1829/11 4059/1637/11 4045/1647/11
f 4061/1648/11 4043/1633/11 4044/1827/11
f 4063/1836/11 4041/1823/11 4042/1825/11
f 4026/1819/45 4025/1821/45 4050/1821/45
f 4028/1837/12 4074/1835/12 4077/1646/12
f 4028/1837/45 4027/1645/45 4048/1645/45
f 4045/1647/45 4030/1647/45 4029/1828/45
f 4043/1633/45 4032/1633/45 4031/1827/45
f 4041/1823/45 4034/1823/45 4033/1825/45
f 4036/1822/45 4035/1817/45 4040/1817/45
f 4079/1820/58 4052/1820/58 4050/1821/58
f 4053/1832/81 4078/1832/81 4024/1830/81
f 4077/1646/58 4054/1646/58 4048/1645/58
f 4055/1834/81 4076/1834/81 4026/1819/81
f 4075/1829/58 4056/1829/58 4046/1828/58
f 4057/1835/81 4074/1835/81 4028/1837/81
f 4073/1826/58 4058/1826/58 4044/1827/58
f 4059/1637/81 4072/1637/81 4030/1647/81
f 4071/1824/58 4060/1824/58 4042/1825/58
f 4061/1648/81 4070/1648/81 4032/1633/81
f 4069/1818/58 4062/1818/58 4040/1817/58
f 4063/1836/81 4068/1836/81 4034/1823/81
f 4067/1728/58 4064/1728/58 4038/1727/58
f 4065/1816/81 4066/1816/81 4036/1822/81
f 4024/1830/12 4078/1832/12 4019/1833/12
f 4108/1838/117 4097/1847/117 4098/1839/117
f 4093/1841/81 4124/1841/81 4135/1842/81
f 4122/1843/117 4121/1867/117 4096/1844/117
f 4082/1846/118 4085/1869/118 4118/1845/118
f 4095/1847/118 4119/1838/118 4116/1840/118
f 4093/1841/118 4117/1842/118 4114/1848/118
f 4091/1850/118 4115/1859/118 4112/1851/118
f 4089/1853/118 4113/1860/118 4110/1854/118
f 4103/1856/117 4102/1863/117 4080/1857/117
f 4106/1859/117 4099/1850/117 4100/1852/117
f 4132/1848/58 4127/1849/58 4090/1849/58
f 4104/1860/117 4101/1853/117 4128/1861/117
f 4087/1863/81 4102/1863/81 4103/1856/81
f 4105/1851/58 4100/1852/58 4088/1852/58
f 4089/1853/81 4101/1853/81 4104/1860/81
f 4130/1854/58 4129/1855/58 4086/1855/58
f 4091/1850/81 4099/1850/81 4106/1859/81
f 4107/1840/58 4098/1839/58 4092/1839/58
f 4134/1864/117 4125/1868/117 4126/1865/117
f 4109/1845/58 4096/1844/58 4094/1844/58
f 4095/1847/81 4097/1847/81 4108/1838/81
f 4087/1863/118 4111/1856/118 4084/1858/118
f 4122/1843/120 4123/1869/120 4120/1846/120
f 4129/1855/119 4130/1854/119 4131/1862/119
f 4127/1849/119 4132/1848/119 4133/1866/119
f 4134/1864/120 4135/1842/120 4124/1841/120
f 4082/1846/81 4120/1846/81 4123/1869/81
f 4154/1870/121 4153/1879/121 4164/1871/121
f 4191/1873/81 4180/1874/81 4149/1874/81
f 4152/1875/121 4177/2533/121 4178/1876/121
f 4174/1877/122 4141/1899/122 4138/1878/122
f 4172/1872/122 4175/1871/122 4151/1879/122
f 4170/1880/122 4173/1873/122 4149/1874/122
f 4168/1882/122 4171/1891/122 4147/1883/122
f 4166/1885/122 4169/1893/122 4145/1886/122
f 4136/1888/121 4158/1895/121 4159/1889/121
f 4156/1884/121 4155/1883/121 4162/1891/121
f 4188/1880/58 4170/1880/58 4146/1881/58
f 4184/1892/121 4157/1886/121 4160/1893/121
f 4159/1889/81 4158/1895/81 4143/1895/81
f 4161/1882/58 4168/1882/58 4144/1884/58
f 4160/1893/81 4157/1886/81 4145/1886/81
f 4186/1885/58 4166/1885/58 4142/1887/58
f 4162/1891/81 4155/1883/81 4147/1883/81
f 4163/1872/58 4172/1872/58 4148/1870/58
f 4182/1896/121 4181/2534/121 4190/1897/121
f 4165/1877/58 4174/1877/58 4150/1875/58
f 4164/1871/81 4153/1879/81 4151/1879/81
f 4140/1890/122 4167/1889/122 4143/1895/122
f 4178/1876/124 4177/2533/124 4176/1878/124
f 4187/1894/123 4186/1885/123 4185/1887/123
f 4189/1898/123 4188/1880/123 4183/1881/123
f 4190/1897/124 4181/2534/124 4180/1874/124
f 4138/1878/81 4141/1899/81 4179/1899/81
f 4193/1900/81 4192/1901/81 4194/1901/81
f 4198/1902/58 4196/1902/58 4197/1903/58
f 4193/1900/46 4197/1903/46 4196/1902/46
f 4194/1901/45 4198/1902/45 4199/1903/45
f 4203/1900/12 4202/1900/12 4200/1904/12
f 4207/1905/113 4203/1900/113 4201/1904/113
f 4202/1900/114 4206/1905/114 4204/1906/114
f 4206/1905/81 4202/1900/81 4203/1900/81
f 4207/1905/11 4205/1906/11 4204/1906/11
f 4208/1907/11 4210/1901/11 4211/1901/11
f 4209/1907/115 4211/1901/115 4215/1908/115
f 4212/1909/116 4214/1908/116 4210/1901/116
f 4211/1901/81 4210/1901/81 4214/1908/81
f 4212/1909/12 4213/1909/12 4215/1908/12
f 4219/1718/12 4218/1725/12 4216/1812/12
f 4223/1721/113 4219/1718/113 4217/1813/113
f 4223/1721/11 4221/1814/11 4220/1815/11
f 4218/1725/114 4222/1724/114 4220/1815/114
f 4228/1726/11 4229/1730/11 4246/1910/11
f 4273/1816/11 4247/1822/11 4248/1817/11
f 4229/1730/81 4228/1726/81 4230/1726/81
f 4234/1626/12 4284/1643/12 4287/1912/12
f 4231/1730/12 4230/1726/12 4275/1911/12
f 4231/1730/45 4245/1910/45 4246/1910/45
f 4244/1822/12 4274/1816/12 4277/1818/12
f 4242/1823/12 4276/1836/12 4279/1824/12
f 4240/1633/12 4278/2535/12 4281/1826/12
f 4237/1828/12 4238/1647/12 4280/1637/12
f 4232/1830/45 4226/1914/45 4224/1914/45
f 4261/1832/11 4259/1830/11 4224/1914/11
f 4263/1916/11 4257/1919/11 4258/1913/11
f 4265/1835/11 4255/1837/11 4256/1917/11
f 4264/1829/11 4267/1637/11 4253/1647/11
f 4269/1648/11 4251/1920/11 4252/1827/11
f 4271/1836/11 4249/1823/11 4250/1825/11
f 4234/1626/45 4233/1913/45 4258/1913/45
f 4236/1837/12 4282/1835/12 4285/1918/12
f 4236/1837/45 4235/1917/45 4256/1917/45
f 4253/1647/45 4238/1647/45 4237/1828/45
f 4251/1920/45 4240/1633/45 4239/1827/45
f 4249/1823/45 4242/1823/45 4241/1825/45
f 4244/1822/45 4243/1817/45 4248/1817/45
f 4287/1912/58 4260/1912/58 4258/1913/58
f 4261/1832/81 4286/1832/81 4232/1830/81
f 4285/1918/58 4262/1918/58 4256/1917/58
f 4263/1916/81 4284/1643/81 4234/1626/81
f 4283/1829/58 4264/1829/58 4254/1828/58
f 4265/1835/81 4282/1835/81 4236/1837/81
f 4281/1826/58 4266/1826/58 4252/1827/58
f 4267/1637/81 4280/1637/81 4238/1647/81
f 4279/1824/58 4268/1824/58 4250/1825/58
f 4269/1648/81 4278/2535/81 4240/1633/81
f 4277/1818/58 4270/1818/58 4248/1817/58
f 4271/1836/81 4276/1836/81 4242/1823/81
f 4275/1911/58 4272/1911/58 4246/1910/58
f 4273/1816/81 4274/1816/81 4244/1822/81
f 4232/1830/12 4286/1832/12 4227/1915/12
f 4338/1921/58 4333/1922/58 4302/1922/58
f 4294/1923/117 4290/1926/117 4306/1924/117
f 4291/1926/81 4290/1926/81 4294/1923/81
f 4291/1926/118 4295/1923/118 4328/1925/118
f 4305/1927/118 4329/1950/118 4326/1921/118
f 4303/1928/118 4327/1941/118 4324/1929/118
f 4301/1931/118 4325/1940/118 4322/1932/118
f 4299/1934/118 4323/1944/118 4320/1935/118
f 4313/1937/117 4312/1942/117 4288/1938/117
f 4316/1940/117 4309/1931/117 4310/1933/117
f 4318/1941/117 4307/1928/117 4308/1930/117
f 4314/1935/58 4311/1936/58 4296/1936/58
f 4297/1942/81 4312/1942/81 4313/1937/81
f 4315/1932/58 4310/1933/58 4298/1933/58
f 4336/1943/117 4335/1948/117 4311/1936/117
f 4317/1929/58 4308/1930/58 4300/1930/58
f 4301/1931/81 4309/1931/81 4316/1940/81
f 4299/1934/81 4334/1934/81 4337/1944/81
f 4303/1928/81 4307/1928/81 4318/1941/81
f 4319/1925/58 4306/1924/58 4304/1924/58
f 4340/1945/117 4331/1949/117 4332/1946/117
f 4297/1942/118 4321/1937/118 4293/1939/118
f 4336/1943/120 4337/1944/120 4334/1934/120
f 4333/1922/119 4338/1921/119 4339/1947/119
f 4340/1945/120 4341/1950/120 4330/1927/120
f 4305/1927/81 4330/1927/81 4341/1950/81
f 4392/1951/58 4380/1951/58 4356/1952/58
f 4360/1953/121 4344/1956/121 4348/1954/121
f 4345/1956/81 4349/1954/81 4348/1954/81
f 4382/1955/122 4349/1954/122 4345/1956/122
f 4380/1951/122 4383/1978/122 4359/1957/122
f 4378/1958/122 4381/1971/122 4357/1959/122
f 4376/1961/122 4379/1970/122 4355/1962/122
f 4374/1964/122 4377/1974/122 4353/1965/122
f 4342/1967/121 4366/1972/121 4367/1968/121
f 4364/1963/121 4363/1962/121 4370/1970/121
f 4362/1960/121 4361/1959/121 4372/1971/121
f 4368/1964/58 4374/1964/58 4350/1966/58
f 4367/1968/81 4366/1972/81 4351/1972/81
f 4369/1961/58 4376/1961/58 4352/1963/58
f 4365/1966/121 4389/2536/121 4390/1973/121
f 4371/1958/58 4378/1958/58 4354/1960/58
f 4370/1970/81 4363/1962/81 4355/1962/81
f 4391/1974/81 4388/1965/81 4353/1965/81
f 4372/1971/81 4361/1959/81 4357/1959/81
f 4373/1955/58 4382/1955/58 4358/1953/58
f 4386/1975/121 4385/2537/121 4394/1976/121
f 4347/1969/122 4375/1968/122 4351/1972/122
f 4390/1973/124 4389/2536/124 4388/1965/124
f 4393/1977/123 4392/1951/123 4387/1952/123
f 4394/1976/124 4385/2537/124 4384/1957/124
f 4395/1978/81 4384/1957/81 4359/1957/81
f 4397/1979/81 4396/1980/81 4398/1980/81
f 4402/1981/58 4400/1981/58 4401/1982/58
f 4397/1979/46 4401/1982/46 4400/1981/46
f 4398/1980/45 4402/1981/45 4403/1982/45
f 4407/1979/12 4406/1979/12 4404/1983/12
f 4411/1984/113 4407/1979/113 4405/1983/113
f 4406/1979/114 4410/1984/114 4408/1985/114
f 4410/1984/81 4406/1979/81 4407/1979/81
f 4411/1984/11 4409/1985/11 4408/1985/11
f 4412/1986/11 4414/1980/11 4415/1980/11
f 4413/1986/115 4415/1980/115 4419/1987/115
f 4416/1988/116 4418/1987/116 4414/1980/116
f 4415/1980/81 4414/1980/81 4418/1987/81
f 4416/1988/12 4417/1988/12 4419/1987/12
f 4423/1989/11 4422/1996/11 4420/1990/11
f 4427/1992/114 4423/1989/114 4421/1991/114
f 4427/1992/12 4425/1993/12 4424/1994/12
f 4422/1996/113 4426/1995/113 4424/1994/113
f 4450/1997/11 4433/2003/11 4432/1998/11
f 4452/2000/11 4451/2007/11 4477/2001/11
f 4434/1998/81 4432/1998/81 4433/2003/81
f 4491/2004/12 4488/2021/12 4438/2005/12
f 4479/1999/12 4434/1998/12 4435/2003/12
f 4450/1997/46 4449/1997/46 4435/2003/46
f 4481/2002/12 4478/2001/12 4448/2007/12
f 4483/2008/12 4480/2029/12 4446/2009/12
f 4485/2011/12 4482/2027/12 4444/2012/12
f 4441/2014/12 4487/2025/12 4484/2015/12
f 4428/2017/46 4430/2017/46 4436/2018/46
f 4428/2017/11 4463/2018/11 4465/2019/11
f 4462/2006/11 4461/2005/11 4467/2021/11
f 4460/2022/11 4459/2030/11 4469/2023/11
f 4468/2025/11 4458/2014/11 4457/2016/11
f 4456/2026/11 4455/2012/11 4473/2027/11
f 4454/2010/11 4453/2009/11 4475/2029/11
f 4462/2006/46 4437/2006/46 4438/2005/46
f 4489/2024/12 4486/2023/12 4440/2030/12
f 4460/2022/46 4439/2022/46 4440/2030/46
f 4457/2016/46 4458/2014/46 4441/2014/46
f 4455/2012/46 4456/2026/46 4443/2013/46
f 4453/2009/46 4454/2010/46 4445/2010/46
f 4452/2000/46 4447/2000/46 4448/2007/46
f 4462/2006/58 4464/2004/58 4491/2004/58
f 4436/2018/81 4490/2019/81 4465/2019/81
f 4460/2022/58 4466/2024/58 4489/2024/58
f 4438/2005/81 4488/2021/81 4467/2021/81
f 4458/2014/58 4468/2025/58 4487/2025/58
f 4440/2030/81 4486/2023/81 4469/2023/81
f 4456/2026/58 4470/2028/58 4485/2011/58
f 4442/2016/81 4484/2015/81 4471/2015/81
f 4454/2010/58 4472/2008/58 4483/2008/58
f 4444/2012/81 4482/2027/81 4473/2027/81
f 4452/2000/58 4474/2002/58 4481/2002/58
f 4446/2009/81 4480/2029/81 4475/2029/81
f 4450/1997/58 4476/1999/58 4479/1999/58
f 4448/2007/81 4478/2001/81 4477/2001/81
f 4431/2020/12 4490/2019/12 4436/2018/12
f 4512/2031/122 4511/2038/122 4522/2032/122
f 4510/2034/122 4494/2037/122 4498/2035/122
f 4495/2037/81 4499/2035/81 4498/2035/81
f 4532/2036/121 4499/2035/121 4495/2037/121
f 4530/2033/121 4533/2032/121 4509/2038/121
f 4528/2039/121 4531/2059/121 4507/2040/121
f 4526/2042/121 4529/2051/121 4505/2043/121
f 4524/2045/121 4527/2053/121 4503/2046/121
f 4492/2048/122 4516/2055/122 4517/2049/122
f 4514/2044/122 4513/2043/122 4520/2051/122
f 4542/2039/58 4528/2039/58 4504/2041/58
f 4538/2052/122 4515/2046/122 4518/2053/122
f 4517/2049/81 4516/2055/81 4501/2055/81
f 4519/2042/58 4526/2042/58 4502/2044/58
f 4518/2053/81 4515/2046/81 4503/2046/81
f 4540/2045/58 4524/2045/58 4500/2047/58
f 4520/2051/81 4513/2043/81 4505/2043/81
f 4521/2033/58 4530/2033/58 4506/2031/58
f 4536/2056/122 4535/2538/122 4544/2057/122
f 4523/2036/58 4532/2036/58 4508/2034/58
f 4522/2032/81 4511/2038/81 4509/2038/81
f 4497/2050/121 4525/2049/121 4501/2055/121
f 4541/2054/125 4540/2045/125 4539/2047/125
f 4543/2058/125 4542/2039/125 4537/2041/125
f 4544/2057/126 4535/2538/126 4534/2040/126
f 4545/2059/81 4534/2040/81 4507/2040/81
f 4576/2060/118 4565/2067/118 4566/2061/118
f 4552/2063/118 4548/2066/118 4564/2064/118
f 4549/2066/81 4548/2066/81 4552/2063/81
f 4549/2066/117 4553/2063/117 4586/2065/117
f 4563/2067/117 4587/2060/117 4584/2062/117
f 4561/2068/117 4585/2089/117 4582/2069/117
f 4559/2071/117 4583/2080/117 4580/2072/117
f 4557/2074/117 4581/2081/117 4578/2075/117
f 4571/2077/118 4570/2084/118 4546/2078/118
f 4574/2080/118 4567/2071/118 4568/2073/118
f 4596/2069/58 4591/2070/58 4558/2070/58
f 4572/2081/118 4569/2074/118 4592/2082/118
f 4555/2084/81 4570/2084/81 4571/2077/81
f 4573/2072/58 4568/2073/58 4556/2073/58
f 4557/2074/81 4569/2074/81 4572/2081/81
f 4594/2075/58 4593/2076/58 4554/2076/58
f 4559/2071/81 4567/2071/81 4574/2080/81
f 4575/2062/58 4566/2061/58 4560/2061/58
f 4598/2085/118 4589/2088/118 4590/2086/118
f 4577/2065/58 4564/2064/58 4562/2064/58
f 4563/2067/81 4565/2067/81 4576/2060/81
f 4555/2084/117 4579/2077/117 4551/2079/117
f 4593/2076/127 4594/2075/127 4595/2083/127
f 4591/2070/127 4596/2069/127 4597/2087/127
f 4598/2085/128 4599/2089/128 4588/2068/128
f 4561/2068/81 4588/2068/81 4599/2089/81
f 4602/2090/81 4600/2090/81 4601/2091/81
f 4605/2092/58 4604/2093/58 4606/2093/58
f 4604/2093/45 4605/2092/45 4601/2091/45
f 4607/2092/46 4606/2093/46 4602/2090/46
f 4608/2094/12 4610/2091/12 4611/2091/12
f 4609/2094/116 4611/2091/116 4615/2095/116
f 4612/2096/115 4614/2095/115 4610/2091/115
f 4611/2091/81 4610/2091/81 4614/2095/81
f 4612/2096/11 4613/2096/11 4615/2095/11
f 4619/2090/11 4618/2090/11 4616/2097/11
f 4623/2098/114 4619/2090/114 4617/2097/114
f 4618/2090/113 4622/2098/113 4620/2099/113
f 4622/2098/81 4618/2090/81 4619/2090/81
f 4623/2098/12 4621/2099/12 4620/2099/12
f 4628/2100/12 4629/2105/12 4646/2101/12
f 4673/2001/12 4647/2007/12 4648/2103/12
f 4629/2105/81 4628/2100/81 4630/2100/81
f 4634/2106/11 4684/2116/11 4687/2107/11
f 4631/2105/11 4630/2100/11 4675/2102/11
f 4631/2105/46 4645/2101/46 4646/2101/46
f 4644/2007/11 4674/2001/11 4677/2104/11
f 4642/2109/11 4676/2120/11 4679/2008/11
f 4640/2110/11 4678/2119/11 4681/2028/11
f 4637/2014/11 4638/2118/11 4680/2111/11
f 4632/2112/46 4626/2113/46 4624/2113/46
f 4661/2114/12 4659/2112/12 4624/2113/12
f 4663/2116/12 4657/2106/12 4658/2108/12
f 4665/2117/12 4655/2121/12 4656/2022/12
f 4664/2025/12 4667/2111/12 4653/2118/12
f 4669/2119/12 4651/2110/12 4652/2013/12
f 4671/2120/12 4649/2109/12 4650/2010/12
f 4634/2106/46 4633/2108/46 4658/2108/46
f 4636/2121/11 4682/2117/11 4685/2024/11
f 4636/2121/46 4635/2022/46 4656/2022/46
f 4653/2118/46 4638/2118/46 4637/2014/46
f 4651/2110/46 4640/2110/46 4639/2013/46
f 4649/2109/46 4642/2109/46 4641/2010/46
f 4644/2007/46 4643/2103/46 4648/2103/46
f 4687/2107/58 4660/2107/58 4658/2108/58
f 4661/2114/81 4686/2114/81 4632/2112/81
f 4685/2024/58 4662/2024/58 4656/2022/58
f 4663/2116/81 4684/2116/81 4634/2106/81
f 4683/2025/58 4664/2025/58 4654/2014/58
f 4665/2117/81 4682/2117/81 4636/2121/81
f 4681/2028/58 4666/2028/58 4652/2013/58
f 4667/2111/81 4680/2111/81 4638/2118/81
f 4679/2008/58 4668/2008/58 4650/2010/58
f 4669/2119/81 4678/2119/81 4640/2110/81
f 4677/2104/58 4670/2104/58 4648/2103/58
f 4671/2120/81 4676/2120/81 4642/2109/81
f 4675/2102/58 4672/2102/58 4646/2101/58
f 4673/2001/81 4674/2001/81 4644/2007/81
f 4632/2112/11 4686/2114/11 4627/2115/11
f 4688/1990/12 4690/1996/12 4691/1989/12
f 4691/1989/81 4690/1996/81 4694/1995/81
f 4689/1991/116 4691/1989/116 4695/1992/116
f 4692/1994/11 4693/1993/11 4695/1992/11
f 4692/1994/115 4694/1995/115 4690/1996/115
f 4718/2122/11 4701/2126/11 4700/2123/11
f 4720/2000/11 4719/2127/11 4745/2125/11
f 4702/2123/81 4700/2123/81 4701/2126/81
f 4759/2004/12 4756/2021/12 4706/2005/12
f 4747/2124/12 4702/2123/12 4703/2126/12
f 4718/2122/46 4717/2122/46 4703/2126/46
f 4749/2002/12 4746/2125/12 4716/2127/12
f 4751/2008/12 4748/2029/12 4714/2009/12
f 4753/2128/12 4750/2135/12 4712/2129/12
f 4709/2131/12 4755/2134/12 4752/2132/12
f 4696/2017/46 4698/2017/46 4704/2018/46
f 4696/2017/11 4731/2018/11 4733/2019/11
f 4730/2006/11 4729/2005/11 4735/2021/11
f 4728/2022/11 4727/2030/11 4737/2023/11
f 4736/2134/11 4726/2131/11 4725/2133/11
f 4724/2130/11 4723/2129/11 4741/2135/11
f 4722/2010/11 4721/2137/11 4743/2136/11
f 4730/2006/46 4705/2006/46 4706/2005/46
f 4757/2024/12 4754/2023/12 4708/2030/12
f 4728/2022/46 4707/2022/46 4708/2030/46
f 4725/2133/46 4726/2131/46 4709/2131/46
f 4723/2129/46 4724/2130/46 4711/2130/46
f 4721/2137/46 4722/2010/46 4713/2010/46
f 4720/2000/46 4715/2000/46 4716/2127/46
f 4730/2006/58 4732/2004/58 4759/2004/58
f 4704/2018/81 4758/2019/81 4733/2019/81
f 4728/2022/58 4734/2024/58 4757/2024/58
f 4706/2005/81 4756/2021/81 4735/2021/81
f 4726/2131/58 4736/2134/58 4755/2134/58
f 4708/2030/81 4754/2023/81 4737/2023/81
f 4724/2130/58 4738/2128/58 4753/2128/58
f 4710/2133/81 4752/2132/81 4739/2132/81
f 4722/2010/58 4740/2008/58 4751/2008/58
f 4712/2129/81 4750/2135/81 4741/2135/81
f 4720/2000/58 4742/2002/58 4749/2002/58
f 4714/2009/81 4748/2029/81 4743/2136/81
f 4718/2122/58 4744/2124/58 4747/2124/58
f 4716/2127/81 4746/2125/81 4745/2125/81
f 4699/2020/12 4758/2019/12 4704/2018/12
f 4810/2138/58 4798/2138/58 4774/2139/58
f 4778/2140/122 4762/2143/122 4766/2141/122
f 4763/2143/81 4767/2141/81 4766/2141/81
f 4800/2142/121 4767/2141/121 4763/2143/121
f 4798/2138/121 4801/2166/121 4777/2144/121
f 4796/2145/121 4799/2158/121 4775/2146/121
f 4794/2148/121 4797/2157/121 4773/2149/121
f 4792/2151/121 4795/2160/121 4771/2152/121
f 4760/2154/122 4784/2162/122 4785/2155/122
f 4782/2150/122 4781/2149/122 4788/2157/122
f 4780/2147/122 4779/2146/122 4790/2158/122
f 4806/2159/122 4783/2152/122 4786/2160/122
f 4785/2155/81 4784/2162/81 4769/2162/81
f 4787/2148/58 4794/2148/58 4770/2150/58
f 4786/2160/81 4783/2152/81 4771/2152/81
f 4789/2145/58 4796/2145/58 4772/2147/58
f 4788/2157/81 4781/2149/81 4773/2149/81
f 4808/2151/58 4792/2151/58 4768/2153/58
f 4790/2158/81 4779/2146/81 4775/2146/81
f 4791/2142/58 4800/2142/58 4776/2140/58
f 4804/2163/122 4803/2539/122 4812/2164/122
f 4765/2156/121 4793/2155/121 4769/2162/121
f 4809/2161/125 4808/2151/125 4807/2153/125
f 4811/2165/125 4810/2138/125 4805/2139/125
f 4812/2164/126 4803/2539/126 4802/2144/126
f 4813/2166/81 4802/2144/81 4777/2144/81
f 4864/2167/58 4859/2168/58 4828/2168/58
f 4820/2169/118 4816/2172/118 4832/2170/118
f 4817/2172/81 4816/2172/81 4820/2169/81
f 4817/2172/117 4821/2169/117 4854/2171/117
f 4831/2173/117 4855/2196/117 4852/2167/117
f 4829/2174/117 4853/2187/117 4850/2175/117
f 4827/2177/117 4851/2186/117 4848/2178/117
f 4825/2180/117 4849/2188/117 4846/2181/117
f 4839/2183/118 4838/2191/118 4814/2184/118
f 4842/2186/118 4835/2177/118 4836/2179/118
f 4844/2187/118 4833/2174/118 4834/2176/118
f 4840/2188/118 4837/2180/118 4860/2189/118
f 4823/2191/81 4838/2191/81 4839/2183/81
f 4841/2178/58 4836/2179/58 4824/2179/58
f 4825/2180/81 4837/2180/81 4840/2188/81
f 4843/2175/58 4834/2176/58 4826/2176/58
f 4827/2177/81 4835/2177/81 4842/2186/81
f 4862/2181/58 4861/2182/58 4822/2182/58
f 4829/2174/81 4833/2174/81 4844/2187/81
f 4845/2171/58 4832/2170/58 4830/2170/58
f 4866/2192/118 4857/2195/118 4858/2193/118
f 4823/2191/117 4847/2183/117 4819/2185/117
f 4861/2182/127 4862/2181/127 4863/2190/127
f 4859/2168/127 4864/2167/127 4865/2194/127
f 4866/2192/128 4867/2196/128 4856/2173/128
f 4831/2173/81 4856/2173/81 4867/2196/81
f 4870/1809/81 4868/1809/81 4869/2197/81
f 4873/2198/58 4872/2199/58 4874/2199/58
f 4872/2199/45 4873/2198/45 4869/2197/45
f 4875/2198/46 4874/2199/46 4870/1809/46
f 4876/2200/12 4878/2197/12 4879/2197/12
f 4877/2200/116 4879/2197/116 4883/2201/116
f 4880/2202/115 4882/2201/115 4878/2197/115
f 4879/2197/81 4878/2197/81 4882/2201/81
f 4880/2202/11 4881/2202/11 4883/2201/11
f 4887/2203/11 4886/2203/11 4884/2204/11
f 4891/2205/114 4887/2203/114 4885/2204/114
f 4886/2203/113 4890/2205/113 4888/2206/113
f 4890/2205/81 4886/2203/81 4887/2203/81
f 4891/2205/12 4889/2206/12 4888/2206/12
f 4892/2207/12 4894/1996/12 4895/1989/12
f 4893/2208/116 4895/1989/116 4899/1992/116
f 4896/2210/11 4897/2209/11 4899/1992/11
f 4896/2210/115 4898/1995/115 4894/1996/115
f 4922/2122/11 4905/2126/11 4904/2123/11
f 4924/2211/11 4923/2127/11 4947/2125/11
f 4906/2123/81 4904/2123/81 4905/2126/81
f 4961/2213/12 4958/2221/12 4910/2214/12
f 4949/2124/12 4906/2123/12 4907/2126/12
f 4922/2122/46 4921/2122/46 4907/2126/46
f 4951/2212/12 4948/2125/12 4920/2127/12
f 4953/2216/12 4950/2136/12 4918/2137/12
f 4955/2218/12 4952/2135/12 4916/2129/12
f 4913/2220/12 4957/2226/12 4954/2132/12
f 4900/2017/46 4902/2017/46 4908/2018/46
f 4900/2017/11 4934/2018/11 4936/2019/11
f 4933/2215/11 4932/2214/11 4938/2221/11
f 4931/2022/11 4930/2224/11 4939/2222/11
f 4914/2133/46 4929/2133/46 4962/2223/46
f 4962/2223/46 4963/2220/46 4913/2220/46
f 4928/2219/11 4927/2129/11 4943/2135/11
f 4926/2217/11 4925/2137/11 4945/2136/11
f 4933/2215/46 4909/2215/46 4910/2214/46
f 4959/2024/12 4956/2222/12 4912/2224/12
f 4931/2022/46 4911/2022/46 4912/2224/46
f 4927/2129/46 4928/2219/46 4915/2219/46
f 4925/2137/46 4926/2217/46 4917/2217/46
f 4924/2211/46 4919/2211/46 4920/2127/46
f 4933/2215/58 4935/2213/58 4961/2213/58
f 4934/2018/81 4908/2018/81 4960/2019/81
f 4931/2022/58 4937/2024/58 4959/2024/58
f 4932/2214/81 4910/2214/81 4958/2221/81
f 4962/2223/11 4929/2133/11 4941/2132/11
f 4930/2224/81 4912/2224/81 4956/2222/81
f 4928/2219/58 4940/2218/58 4955/2218/58
f 4929/2133/81 4914/2133/81 4954/2132/81
f 4926/2217/58 4942/2216/58 4953/2216/58
f 4927/2129/81 4916/2129/81 4952/2135/81
f 4924/2211/58 4944/2212/58 4951/2212/58
f 4925/2137/81 4918/2137/81 4950/2136/81
f 4922/2122/58 4946/2124/58 4949/2124/58
f 4923/2127/81 4920/2127/81 4948/2125/81
f 4903/2020/12 4960/2019/12 4908/2018/12
f 4965/2225/129 4964/2226/129 4963/2220/129
f 4963/2220/58 4964/2226/58 4957/2226/58
f 4985/2227/122 4984/2236/122 4997/2228/122
f 5016/2230/58 5002/2230/58 4978/2231/58
f 4969/2232/81 4973/2233/81 4972/2233/81
f 5006/2234/121 4973/2233/121 4969/2232/121
f 5004/2229/121 5007/2228/121 4983/2236/121
f 5002/2230/121 5005/2253/121 4981/2237/121
f 5000/2238/121 5003/2250/121 4979/2239/121
f 4998/2241/121 5001/2247/121 4977/2242/121
f 4966/2244/122 4990/2248/122 4991/2245/122
f 4989/2243/122 4988/2242/122 4993/2247/122
f 5014/2238/58 5000/2238/58 4976/2240/58
f 4992/2241/58 4998/2241/58 4974/2243/58
f 4991/2245/81 4990/2248/81 4975/2248/81
f 5012/2249/122 4987/2239/122 4994/2250/122
f 4993/2247/81 4988/2242/81 4977/2242/81
f 5010/2252/122 4986/2237/122 4995/2253/122
f 4994/2250/81 4987/2239/81 4979/2239/81
f 4996/2229/58 5004/2229/58 4980/2227/58
f 4995/2253/81 4986/2237/81 4981/2237/81
f 5008/2255/122 4968/2232/122 4972/2233/122
f 4997/2228/81 4984/2236/81 4983/2236/81
f 4971/2246/121 4999/2245/121 4975/2248/121
f 5015/2251/125 5014/2238/125 5013/2240/125
f 5017/2254/125 5016/2230/125 5011/2231/125
f 5019/2256/125 5018/2234/125 5009/2235/125
f 5018/2234/58 5006/2234/58 4982/2235/58
f 5051/2257/118 5038/2266/118 5039/2258/118
f 5070/2260/58 5065/2261/58 5032/2261/58
f 5023/2262/81 5022/2262/81 5026/2263/81
f 5023/2262/117 5027/2263/117 5060/2264/117
f 5037/2266/117 5061/2257/117 5058/2259/117
f 5035/2267/117 5059/2282/117 5056/2260/117
f 5033/2268/117 5057/2279/117 5054/2269/117
f 5031/2271/117 5055/2277/117 5052/2272/117
f 5045/2274/118 5044/2278/118 5020/2275/118
f 5047/2277/118 5042/2271/118 5043/2273/118
f 5068/2269/58 5067/2270/58 5030/2270/58
f 5046/2272/58 5043/2273/58 5028/2273/58
f 5029/2278/81 5044/2278/81 5045/2274/81
f 5048/2279/118 5041/2268/118 5066/2280/118
f 5031/2271/81 5042/2271/81 5047/2277/81
f 5049/2282/118 5040/2267/118 5064/2283/118
f 5033/2268/81 5041/2268/81 5048/2279/81
f 5050/2259/58 5039/2258/58 5034/2258/58
f 5035/2267/81 5040/2267/81 5049/2282/81
f 5026/2263/118 5022/2262/118 5062/2285/118
f 5037/2266/81 5038/2266/81 5051/2257/81
f 5029/2278/117 5053/2274/117 5025/2276/117
f 5067/2270/127 5068/2269/127 5069/2281/127
f 5065/2261/127 5070/2260/127 5071/2284/127
f 5063/2265/127 5072/2264/127 5073/2286/127
f 5072/2264/58 5063/2265/58 5036/2265/58
f 5076/2287/81 5074/2287/81 5075/2288/81
f 5079/2289/58 5078/2290/58 5080/2290/58
f 5078/2290/45 5079/2289/45 5075/2288/45
f 5081/2289/46 5080/2290/46 5076/2287/46
f 5082/2291/12 5084/2288/12 5085/2288/12
f 5083/2291/116 5085/2288/116 5089/2292/116
f 5086/2293/115 5088/2292/115 5084/2288/115
f 5085/2288/81 5084/2288/81 5088/2292/81
f 5086/2293/11 5087/2293/11 5089/2292/11
f 5093/2294/11 5092/2294/11 5090/2295/11
f 5097/2296/114 5093/2294/114 5091/2295/114
f 5092/2294/113 5096/2296/113 5094/2297/113
f 5096/2296/81 5092/2294/81 5093/2294/81
f 5097/2296/12 5095/2297/12 5094/2297/12
f 5098/2207/12 5100/1996/12 5101/1989/12
f 5099/2208/116 5101/1989/116 5105/1992/116
f 5102/2210/11 5103/2209/11 5105/1992/11
f 5102/2210/115 5104/1995/115 5100/1996/115
f 5128/2298/11 5111/2126/11 5110/2123/11
f 5130/2211/11 5129/2127/11 5155/2125/11
f 5112/2123/81 5110/2123/81 5111/2126/81
f 5169/2300/12 5166/2021/12 5116/2005/12
f 5157/2299/12 5112/2123/12 5113/2126/12
f 5128/2298/46 5127/2298/46 5113/2126/46
f 5159/2212/12 5156/2125/12 5126/2127/12
f 5161/2216/12 5158/2136/12 5124/2137/12
f 5163/2218/12 5160/2540/12 5122/2129/12
f 5119/2220/12 5165/2226/12 5162/2132/12
f 5106/2302/46 5108/2302/46 5114/2018/46
f 5106/2302/11 5141/2018/11 5143/2019/11
f 5140/2301/11 5139/2308/11 5145/2304/11
f 5138/2305/11 5137/2309/11 5147/2306/11
f 5146/2226/11 5136/2220/11 5135/2133/11
f 5134/2219/11 5133/2310/11 5151/2135/11
f 5132/2217/11 5131/2137/11 5153/2136/11
f 5140/2301/46 5115/2301/46 5116/2005/46
f 5167/2307/12 5164/2306/12 5118/2309/12
f 5138/2305/46 5117/2305/46 5118/2309/46
f 5135/2133/46 5136/2220/46 5119/2220/46
f 5133/2310/46 5134/2219/46 5121/2219/46
f 5131/2137/46 5132/2217/46 5123/2217/46
f 5130/2211/46 5125/2211/46 5126/2127/46
f 5140/2301/58 5142/2300/58 5169/2300/58
f 5114/2018/81 5168/2019/81 5143/2019/81
f 5138/2305/58 5144/2307/58 5167/2307/58
f 5116/2005/81 5166/2021/81 5145/2304/81
f 5136/2220/58 5146/2226/58 5165/2226/58
f 5118/2309/81 5164/2306/81 5147/2306/81
f 5134/2219/58 5148/2218/58 5163/2218/58
f 5120/2133/81 5162/2132/81 5149/2132/81
f 5132/2217/58 5150/2216/58 5161/2216/58
f 5122/2129/81 5160/2540/81 5151/2135/81
f 5130/2211/58 5152/2212/58 5159/2212/58
f 5124/2137/81 5158/2136/81 5153/2136/81
f 5128/2298/58 5154/2299/58 5157/2299/58
f 5126/2127/81 5156/2125/81 5155/2125/81
f 5109/2303/12 5168/2019/12 5114/2018/12
f 5218/2311/58 5210/2311/58 5184/2312/58
f 5188/2313/122 5172/2316/122 5176/2314/122
f 5173/2316/81 5177/2314/81 5176/2314/81
f 5212/2315/121 5177/2314/121 5173/2316/121
f 5210/2311/121 5213/2337/121 5187/2317/121
f 5208/2318/121 5211/2332/121 5185/2319/121
f 5206/2321/121 5209/2331/121 5183/2322/121
f 5204/2324/121 5207/2330/121 5181/2325/121
f 5170/2327/122 5195/2333/122 5196/2328/122
f 5194/2326/122 5193/2325/122 5198/2330/122
f 5192/2323/122 5191/2322/122 5200/2331/122
f 5190/2320/122 5189/2319/122 5202/2332/122
f 5197/2324/58 5204/2324/58 5178/2326/58
f 5196/2328/81 5195/2333/81 5179/2333/81
f 5199/2321/58 5206/2321/58 5180/2323/58
f 5198/2330/81 5193/2325/81 5181/2325/81
f 5201/2318/58 5208/2318/58 5182/2320/58
f 5200/2331/81 5191/2322/81 5183/2322/81
f 5202/2332/81 5189/2319/81 5185/2319/81
f 5203/2315/58 5212/2315/58 5186/2313/58
f 5216/2334/122 5215/2541/122 5220/2335/122
f 5175/2329/121 5205/2328/121 5179/2333/121
f 5219/2336/125 5218/2311/125 5217/2312/125
f 5220/2335/126 5215/2541/126 5214/2317/126
f 5221/2337/81 5214/2317/81 5187/2317/81
f 5270/2338/58 5269/2339/58 5236/2339/58
f 5228/2340/118 5224/2343/118 5240/2341/118
f 5225/2343/81 5224/2343/81 5228/2340/81
f 5225/2343/117 5229/2340/117 5264/2342/117
f 5239/2344/117 5265/2365/117 5262/2338/117
f 5237/2345/117 5263/2359/117 5260/2346/117
f 5235/2348/117 5261/2358/117 5258/2349/117
f 5233/2351/117 5259/2357/117 5256/2352/117
f 5248/2354/118 5247/2360/118 5222/2355/118
f 5250/2357/118 5245/2351/118 5246/2353/118
f 5252/2358/118 5243/2348/118 5244/2350/118
f 5254/2359/118 5241/2345/118 5242/2347/118
f 5249/2352/58 5246/2353/58 5230/2353/58
f 5231/2360/81 5247/2360/81 5248/2354/81
f 5251/2349/58 5244/2350/58 5232/2350/58
f 5233/2351/81 5245/2351/81 5250/2357/81
f 5253/2346/58 5242/2347/58 5234/2347/58
f 5235/2348/81 5243/2348/81 5252/2358/81
f 5237/2345/81 5241/2345/81 5254/2359/81
f 5255/2342/58 5240/2341/58 5238/2341/58
f 5272/2361/118 5267/2364/118 5268/2362/118
f 5231/2360/117 5257/2354/117 5227/2356/117
f 5269/2339/127 5270/2338/127 5271/2363/127
f 5272/2361/128 5273/2365/128 5266/2344/128
f 5239/2344/81 5266/2344/81 5273/2365/81
f 5276/1980/81 5274/1980/81 5275/2366/81
f 5279/2367/58 5278/1981/58 5280/1981/58
f 5278/1981/45 5279/2367/45 5275/2366/45
f 5281/2367/46 5280/1981/46 5276/1980/46
f 5282/2368/12 5284/2366/12 5285/2366/12
f 5283/2368/116 5285/2366/116 5289/2369/116
f 5286/2370/115 5288/2369/115 5284/2366/115
f 5285/2366/81 5284/2366/81 5288/2369/81
f 5286/2370/11 5287/2370/11 5289/2369/11
f 5293/2371/11 5292/2371/11 5290/2372/11
f 5297/2373/114 5293/2371/114 5291/2372/114
f 5292/2371/113 5296/2373/113 5294/2374/113
f 5296/2373/81 5292/2371/81 5293/2371/81
f 5297/2373/12 5295/2374/12 5294/2374/12
f 5298/2207/12 5300/2378/12 5301/2375/12
f 5299/2208/116 5301/2375/116 5305/2376/116
f 5302/2210/11 5303/2209/11 5305/2376/11
f 5302/2210/115 5304/2377/115 5300/2378/115
f 5307/2379/46 5309/2379/46 5308/2380/46
f 5309/2379/11 5313/2382/11 5312/2381/11
f 5313/2382/45 5311/2382/45 5310/2381/45
f 5311/2382/12 5307/2379/12 5306/2380/12
f 5312/2381/58 5310/2381/58 5306/2380/58
f 5309/2379/81 5307/2379/81 5311/2382/81
f 5315/2383/46 5317/2383/46 5316/2384/46
f 5317/2383/11 5321/2386/11 5320/2385/11
f 5321/2386/45 5319/2386/45 5318/2385/45
f 5319/2386/12 5315/2383/12 5314/2384/12
f 5320/2385/58 5318/2385/58 5314/2384/58
f 5317/2383/81 5315/2383/81 5319/2386/81
f 5323/2387/46 5325/2388/46 5324/2388/46
f 5325/2388/11 5329/2389/11 5328/2389/11
f 5329/2389/45 5327/2390/45 5326/2390/45
f 5327/2390/12 5323/2387/12 5322/2387/12
f 5328/2389/58 5326/2390/58 5322/2387/58
f 5330/2391/46 5331/2392/46 5333/2392/46
f 5337/2393/45 5335/2393/45 5336/2394/45
f 5337/2393/58 5334/2394/58 5332/2391/58
f 5341/2395/45 5339/2395/45 5338/2396/45
f 5344/2397/46 5343/2398/46 5345/2398/46
f 5340/2396/58 5342/2397/58 5345/2398/58
f 5347/2399/46 5349/2402/46 5348/2400/46
f 5349/2402/11 5353/2404/11 5352/2403/11
f 5353/2404/45 5351/2406/45 5350/2405/45
f 5351/2406/12 5347/2399/12 5346/2401/12
f 5352/2403/58 5350/2405/58 5346/2401/58
f 5351/2406/81 5353/2404/81 5349/2402/81
f 5356/2407/45 5357/2411/45 5355/2408/45
f 5360/2410/11 5361/2413/11 5357/2411/11
f 5358/2412/46 5359/2414/46 5361/2413/46
f 5354/2409/12 5355/2408/12 5359/2414/12
f 5354/2409/58 5358/2412/58 5360/2410/58
f 5357/2411/81 5361/2413/81 5359/2414/81
f 5363/2415/46 5365/2418/46 5364/2416/46
f 5365/2418/11 5369/2420/11 5368/2419/11
f 5369/2420/45 5367/2422/45 5366/2421/45
f 5367/2422/12 5363/2415/12 5362/2417/12
f 5368/2419/58 5366/2421/58 5362/2417/58
f 5367/2422/81 5369/2420/81 5365/2418/81
f 5372/2423/45 5373/2427/45 5371/2424/45
f 5376/2426/11 5377/2429/11 5373/2427/11
f 5374/2428/46 5375/2430/46 5377/2429/46
f 5370/2425/12 5371/2424/12 5375/2430/12
f 5370/2425/58 5374/2428/58 5376/2426/58
f 5373/2427/81 5377/2429/81 5375/2430/81
f 5400/2431/12 5383/2436/12 5382/2432/12
f 5402/2434/12 5401/1629/12 5427/1622/12
f 5384/2432/81 5382/2432/81 5383/2436/81
f 5441/2437/11 5438/2449/11 5388/2438/11
f 5429/2433/11 5384/2432/11 5385/2436/11
f 5400/2431/45 5399/2431/45 5385/2436/45
f 5431/2435/11 5428/1622/11 5398/1629/11
f 5433/1631/11 5430/2453/11 5396/2440/11
f 5435/1733/11 5432/2452/11 5394/2441/11
f 5391/2442/11 5437/2451/11 5434/2443/11
f 5378/2445/45 5380/2445/45 5386/2446/45
f 5378/2445/12 5413/2446/12 5415/2447/12
f 5412/2439/12 5411/2438/12 5417/2449/12
f 5410/1645/12 5409/2454/12 5419/2450/12
f 5418/2451/12 5408/2442/12 5407/2444/12
f 5406/1734/12 5405/2441/12 5423/2452/12
f 5404/1632/12 5403/2440/12 5425/2453/12
f 5412/2439/45 5387/2439/45 5388/2438/45
f 5439/1646/11 5436/2450/11 5390/2454/11
f 5410/1645/45 5389/1645/45 5390/2454/45
f 5407/2444/45 5408/2442/45 5391/2442/45
f 5405/2441/45 5406/1734/45 5393/1734/45
f 5403/2440/45 5404/1632/45 5395/1632/45
f 5402/2434/45 5397/2434/45 5398/1629/45
f 5412/2439/58 5414/2437/58 5441/2437/58
f 5386/2446/81 5440/2447/81 5415/2447/81
f 5410/1645/58 5416/1646/58 5439/1646/58
f 5388/2438/81 5438/2449/81 5417/2449/81
f 5408/2442/58 5418/2451/58 5437/2451/58
f 5390/2454/81 5436/2450/81 5419/2450/81
f 5406/1734/58 5420/1733/58 5435/1733/58
f 5392/2444/81 5434/2443/81 5421/2443/81
f 5404/1632/58 5422/1631/58 5433/1631/58
f 5394/2441/81 5432/2452/81 5423/2452/81
f 5402/2434/58 5424/2435/58 5431/2435/58
f 5396/2440/81 5430/2453/81 5425/2453/81
f 5400/2431/58 5426/2433/58 5429/2433/58
f 5398/1629/81 5428/1622/81 5427/1622/81
f 5381/2448/11 5440/2447/11 5386/2446/11
f 5442/1719/11 5444/1725/11 5445/1718/11
f 5443/1720/115 5445/1718/115 5449/1721/115
f 5446/1723/12 5447/1722/12 5449/1721/12
f 5446/1723/116 5448/1724/116 5444/1725/116
f 5453/2455/12 5452/2458/12 5450/1812/12
f 5457/2456/113 5453/2455/113 5451/1813/113
f 5457/2456/11 5455/1814/11 5454/1815/11
f 5452/2458/114 5456/2457/114 5454/1815/114
f 5464/2459/81 5465/2460/81 5462/2460/81
f 5458/2461/11 5461/2461/11 5462/2460/11
f 5461/2461/58 5458/2461/58 5459/2462/58
f 5460/2462/12 5459/2462/12 5464/2459/12
f 5461/2461/46 5460/2462/46 5463/2459/46
f 5465/2460/45 5464/2459/45 5459/2462/45
f 5467/2463/81 5469/2463/81 5468/2464/81
f 5472/2465/58 5470/2465/58 5473/2466/58
f 5473/2466/11 5470/2465/11 5468/2464/11
f 5466/2464/12 5472/2465/12 5471/2466/12
f 5479/2467/81 5481/2467/81 5480/2468/81
f 5476/2469/11 5480/2468/11 5481/2467/11
f 5475/2470/12 5479/2467/12 5478/2468/12
f 5477/2470/45 5481/2467/45 5479/2467/45
f 5474/2469/46 5478/2468/46 5480/2468/46
f 5488/2471/81 5489/2465/81 5487/2465/81
f 5489/2465/11 5488/2471/11 5484/2472/11
f 5486/2471/12 5487/2465/12 5483/2473/12
f 5487/2465/46 5489/2465/46 5485/2473/46
f 5488/2471/45 5486/2471/45 5482/2472/45
f 5492/2474/46 5493/2542/46 5491/2475/46
f 5496/2475/45 5497/2542/45 5494/2474/45
f 5490/2476/81 5495/2476/81 5494/2474/81
f 5491/2475/12 5496/2475/12 5495/2476/12
f 5500/2474/46 5501/2542/46 5499/2475/46
f 5504/2475/45 5505/2542/45 5502/2474/45
f 5498/2476/81 5503/2476/81 5502/2474/81
f 5499/2475/12 5504/2475/12 5503/2476/12
f 5507/2477/12 5512/2480/12 5511/2478/12
f 5509/2477/45 5513/2480/45 5512/2480/45
f 5506/2479/46 5511/2478/46 5510/2478/46
f 5508/2479/11 5510/2478/11 5513/2480/11
f 5515/2477/12 5520/2480/12 5519/2478/12
f 5517/2477/45 5521/2480/45 5520/2480/45
f 5514/2479/46 5519/2478/46 5518/2478/46
f 5516/2479/11 5518/2478/11 5521/2480/11
f 5523/2477/12 5528/2480/12 5527/2478/12
f 5525/2477/45 5529/2480/45 5528/2480/45
f 5522/2479/46 5527/2478/46 5526/2478/46
f 5524/2479/11 5526/2478/11 5529/2480/11
f 5533/2481/12 5532/2481/12 5530/2482/12
f 5537/2461/113 5533/2481/113 5531/2482/113
f 5532/2481/114 5536/2461/114 5534/2483/114
f 5539/2484/130 5541/2490/130 5540/2485/130
f 5542/2487/131 5545/2491/131 5544/2488/131
f 5544/2488/45 5545/2491/45 5541/2490/45
f 5542/2487/46 5543/2489/46 5538/2486/46
f 5545/2491/132 5542/2487/132 5540/2485/132
f 5538/2486/133 5543/2489/133 5544/2488/133
f 5547/2492/134 5549/2498/134 5548/2493/134
f 5550/2495/137 5553/2499/137 5552/2496/137
f 5552/2496/45 5553/2499/45 5549/2498/45
f 5548/2493/46 5550/2495/46 5551/2497/46
f 5553/2499/136 5550/2495/136 5548/2493/136
f 5554/2500/151 5555/2506/151 5557/2501/151
f 5558/2503/137 5561/2507/137 5560/2504/137
f 5555/2506/45 5560/2504/45 5561/2507/45
f 5558/2503/46 5559/2505/46 5554/2500/46
f 5561/2507/152 5558/2503/152 5556/2502/152
f 5563/2510/81 5565/2543/81 5567/2508/81
f 5565/2543/81 5564/2544/81 5566/2511/81
f 5565/2543/81 5566/2511/81 5567/2508/81
f 5566/2511/139 5568/2545/139 5569/2512/139
o Bld_Stable_01_Stall_Door_03
v -1.784901 1.070914 3.986525
v -1.784901 0.112073 4.842486
v -1.784901 1.115501 4.029312
v -1.784901 0.156660 4.885273
v -1.762986 1.115501 4.029312
v -1.762986 1.070914 3.986525
v -1.762986 0.112073 4.842486
v -1.762986 0.156660 4.885273
v -1.721566 0.134367 4.956285
v -1.721566 0.134369 3.918803
v -1.792303 0.134369 3.918803
v -1.792303 0.134367 4.956285
v -1.721566 1.091174 4.956288
v -1.721566 1.091177 3.918806
v -1.792303 1.091177 3.918806
v -1.792303 1.091174 4.956288
v -1.721566 0.134367 4.860182
v -1.721566 0.134369 4.014907
v -1.792303 0.134369 4.014907
v -1.792303 0.134367 4.860182
v -1.721566 1.091175 4.860185
v -1.721566 1.091177 4.014909
v -1.792303 1.091177 4.014909
v -1.792303 1.091175 4.860185
v -1.712724 1.226305 4.956288
v -1.712724 1.226308 3.918806
v -1.801145 1.226308 3.918806
v -1.801145 1.226305 4.956288
v -1.712724 1.091174 4.956288
v -1.712724 1.091177 3.918806
v -1.801145 1.091177 3.918806
v -1.801145 1.091174 4.956288
v -1.712724 0.134367 4.956285
v -1.712724 0.134369 3.918803
v -1.801145 0.134369 3.918803
v -1.801145 0.134367 4.956285
v -1.712724 -0.000242 4.956286
v -1.712724 -0.000239 3.918803
v -1.801145 -0.000239 3.918803
v -1.801145 -0.000242 4.956286
v -1.750883 1.070912 4.885275
v -1.750883 0.112076 4.029309
v -1.750883 1.115499 4.842489
v -1.750883 0.156663 3.986523
v -1.728968 1.115499 4.842489
v -1.728968 1.070912 4.885275
v -1.728968 0.112076 4.029309
v -1.728968 0.156663 3.986523
v -1.750883 0.134367 4.859255
v -1.750883 0.134369 4.015834
v -1.762986 0.134369 4.015834
v -1.762986 0.134367 4.859255
v -1.750883 1.091175 4.859258
v -1.750883 1.091177 4.015836
v -1.762986 1.091177 4.015836
v -1.762986 1.091175 4.859258
v -1.762986 0.134367 4.692564
v -1.762986 0.134367 4.688578
v -1.762986 0.134368 4.523880
v -1.762986 0.134368 4.519894
v -1.762986 0.134368 4.355196
v -1.762986 0.134368 4.351209
v -1.762986 0.134369 4.186512
v -1.762986 0.134369 4.182525
v -1.762986 1.091175 4.688580
v -1.762986 1.091175 4.692566
v -1.762986 1.091176 4.519896
v -1.762986 1.091176 4.523882
v -1.762986 1.091176 4.351212
v -1.762986 1.091176 4.355198
v -1.762986 1.091176 4.182528
v -1.762986 1.091176 4.186514
v -1.750883 0.134367 4.688578
v -1.750883 0.134367 4.692564
v -1.750883 0.134368 4.519894
v -1.750883 0.134368 4.523880
v -1.750883 0.134368 4.351209
v -1.750883 0.134368 4.355196
v -1.750883 0.134369 4.182525
v -1.750883 0.134369 4.186512
v -1.750883 1.091175 4.692566
v -1.750883 1.091175 4.688580
v -1.750883 1.091176 4.523882
v -1.750883 1.091176 4.519896
v -1.750883 1.091176 4.355198
v -1.750883 1.091176 4.351212
v -1.750883 1.091176 4.186514
v -1.750883 1.091176 4.182528
vn -1.0000 -0.0000 -0.0000
vn 1.0000 -0.0000 -0.0000
vn -0.0000 0.6660 0.7460
vn -0.0000 -0.6660 -0.7460
vn -0.0000 -0.0000 -1.0000
vn -0.0000 -0.0000 1.0000
vn -0.0000 -1.0000 -0.0000
vn -0.0000 1.0000 -0.0000
vn -0.0000 0.6660 -0.7460
vn -0.0000 -0.6660 0.7460
vt 0.076002 0.949660
vt 0.072175 0.929504
vt 0.075820 0.950643
vt 0.072357 0.928521
vt 0.071872 0.929012
vt 0.072282 0.950107
vt 0.071872 0.950107
vt 0.076290 0.929012
vt 0.076290 0.950107
vt 0.072282 0.929012
vt 0.075881 0.950107
vt 0.075881 0.929012
vt 0.071872 0.953086
vt 0.076290 0.953086
vt 0.071872 0.926045
vt 0.076290 0.926045
vt 0.072175 0.949660
vt 0.076002 0.929504
vt 0.075820 0.928521
vt 0.072357 0.950643
vt 0.580464 0.818000
vt 0.580721 0.952843
vt 0.580721 0.818000
vt 0.573229 0.849864
vt 0.573488 0.984706
vt 0.573229 0.984706
vt 0.581252 0.818000
vt 0.581511 0.952843
vt 0.581511 0.818000
vt 0.581246 0.818000
vt 0.580989 0.952843
vt 0.581246 0.952843
vt 0.573757 0.849864
vt 0.574013 0.984706
vt 0.574013 0.849864
vt 0.580464 0.952843
vt 0.573757 0.984706
vt 0.580989 0.818000
vt 0.581252 0.952843
vt 0.573488 0.849864
s 0
usemtl Texture_Map
f 5570/2546/153 5573/2547/153 5572/2548/153
f 5575/2546/154 5577/2547/154 5576/2549/154
f 5577/2547/155 5572/2548/155 5573/2547/155
f 5575/2546/156 5571/2549/156 5570/2546/156
f 5578/2550/154 5590/2551/154 5582/2552/154
f 5580/2553/157 5583/2554/157 5579/2553/157
f 5578/2550/158 5585/2552/158 5581/2550/158
f 5589/2555/159 5578/2550/159 5581/2550/159
f 5580/2553/153 5592/2556/153 5584/2554/153
f 5581/2550/153 5593/2551/153 5589/2555/153
f 5579/2553/154 5591/2556/154 5587/2557/154
f 5586/2555/157 5593/2551/157 5590/2551/157
f 5580/2553/159 5587/2557/159 5588/2557/159
f 5591/2556/158 5588/2557/158 5587/2557/158
f 5597/2558/160 5595/2559/160 5596/2559/160
f 5599/2554/159 5601/2552/159 5600/2554/159
f 5601/2552/158 5594/2558/158 5597/2558/158
f 5598/2552/154 5595/2559/154 5594/2558/154
f 5600/2554/153 5597/2558/153 5596/2559/153
f 5595/2559/157 5600/2554/157 5596/2559/157
f 5604/2553/160 5602/2550/160 5603/2553/160
f 5609/2560/158 5602/2550/158 5605/2550/158
f 5602/2550/154 5607/2561/154 5603/2553/154
f 5608/2561/153 5605/2550/153 5604/2553/153
f 5607/2561/157 5604/2553/157 5603/2553/157
f 5610/2562/153 5613/2563/153 5611/2564/153
f 5615/2562/154 5617/2563/154 5614/2565/154
f 5613/2563/161 5614/2565/161 5617/2563/161
f 5611/2564/162 5615/2562/162 5610/2562/162
f 5627/2566/153 5637/2567/153 5628/2568/153
f 5618/2569/154 5650/2570/154 5622/2571/154
f 5633/2572/153 5624/2573/153 5620/2574/153
f 5632/2575/153 5638/2576/153 5641/2577/153
f 5629/2578/153 5639/2579/153 5630/2580/153
f 5642/2566/154 5652/2567/154 5651/2581/154
f 5647/2580/154 5653/2582/154 5644/2578/154
f 5649/2575/154 5655/2576/154 5646/2583/154
f 5648/2572/154 5623/2573/154 5657/2584/154
f 5657/2584/158 5633/2572/158 5648/2572/158
f 5641/2577/157 5649/2575/157 5632/2575/157
f 5631/2583/158 5655/2576/158 5638/2576/158
f 5639/2579/157 5647/2580/157 5630/2580/157
f 5629/2578/158 5653/2582/158 5636/2582/158
f 5637/2567/157 5645/2568/157 5628/2568/157
f 5627/2566/158 5651/2581/158 5634/2581/158
f 5635/2570/157 5643/2585/157 5626/2585/157
f 5621/2569/153 5635/2570/153 5626/2585/153
f 5570/2546/153 5571/2549/153 5573/2547/153
f 5575/2546/154 5574/2548/154 5577/2547/154
f 5577/2547/155 5574/2548/155 5572/2548/155
f 5575/2546/156 5576/2549/156 5571/2549/156
f 5578/2550/154 5586/2555/154 5590/2551/154
f 5580/2553/157 5584/2554/157 5583/2554/157
f 5578/2550/158 5582/2552/158 5585/2552/158
f 5589/2555/159 5586/2555/159 5578/2550/159
f 5580/2553/153 5588/2557/153 5592/2556/153
f 5581/2550/153 5585/2552/153 5593/2551/153
f 5579/2553/154 5583/2554/154 5591/2556/154
f 5586/2555/157 5589/2555/157 5593/2551/157
f 5580/2553/159 5579/2553/159 5587/2557/159
f 5591/2556/158 5592/2556/158 5588/2557/158
f 5597/2558/160 5594/2558/160 5595/2559/160
f 5599/2554/159 5598/2552/159 5601/2552/159
f 5601/2552/158 5598/2552/158 5594/2558/158
f 5598/2552/154 5599/2554/154 5595/2559/154
f 5600/2554/153 5601/2552/153 5597/2558/153
f 5595/2559/157 5599/2554/157 5600/2554/157
f 5604/2553/160 5605/2550/160 5602/2550/160
f 5609/2560/158 5606/2560/158 5602/2550/158
f 5602/2550/154 5606/2560/154 5607/2561/154
f 5608/2561/153 5609/2560/153 5605/2550/153
f 5607/2561/157 5608/2561/157 5604/2553/157
f 5610/2562/153 5612/2565/153 5613/2563/153
f 5615/2562/154 5616/2564/154 5617/2563/154
f 5613/2563/161 5612/2565/161 5614/2565/161
f 5611/2564/162 5616/2564/162 5615/2562/162
f 5627/2566/153 5634/2581/153 5637/2567/153
f 5618/2569/154 5643/2585/154 5650/2570/154
f 5633/2572/153 5640/2584/153 5624/2573/153
f 5632/2575/153 5631/2583/153 5638/2576/153
f 5629/2578/153 5636/2582/153 5639/2579/153
f 5642/2566/154 5645/2568/154 5652/2567/154
f 5647/2580/154 5654/2579/154 5653/2582/154
f 5649/2575/154 5656/2577/154 5655/2576/154
f 5648/2572/154 5619/2574/154 5623/2573/154
f 5657/2584/158 5640/2584/158 5633/2572/158
f 5641/2577/157 5656/2577/157 5649/2575/157
f 5631/2583/158 5646/2583/158 5655/2576/158
f 5639/2579/157 5654/2579/157 5647/2580/157
f 5629/2578/158 5644/2578/158 5653/2582/158
f 5637/2567/157 5652/2567/157 5645/2568/157
f 5627/2566/158 5642/2566/158 5651/2581/158
f 5635/2570/157 5650/2570/157 5643/2585/157
f 5621/2569/153 5625/2571/153 5635/2570/153
o Bld_Stable_01_Stall_Door_05
v -1.784900 1.070922 0.157694
v -1.784900 0.112081 1.013655
v -1.784900 1.115508 0.200481
v -1.784900 0.156668 1.056442
v -1.762985 1.115508 0.200481
v -1.762985 1.070922 0.157694
v -1.762985 0.112081 1.013655
v -1.762985 0.156668 1.056442
v -1.721566 0.134374 1.127455
v -1.721566 0.134377 0.089972
v -1.792303 0.134377 0.089972
v -1.792303 0.134374 1.127455
v -1.721566 1.091182 1.127457
v -1.721566 1.091185 0.089975
v -1.792303 1.091185 0.089975
v -1.792303 1.091182 1.127457
v -1.721566 0.134374 1.031351
v -1.721566 0.134377 0.186076
v -1.792303 0.134377 0.186076
v -1.792303 0.134374 1.031351
v -1.721566 1.091182 1.031354
v -1.721566 1.091184 0.186078
v -1.792303 1.091184 0.186078
v -1.792303 1.091182 1.031354
v -1.712724 1.226313 1.127458
v -1.712724 1.226315 0.089975
v -1.801145 1.226315 0.089975
v -1.801145 1.226313 1.127458
v -1.712724 1.091182 1.127457
v -1.712724 1.091185 0.089975
v -1.801145 1.091185 0.089975
v -1.801145 1.091182 1.127457
v -1.712724 0.134374 1.127455
v -1.712724 0.134377 0.089972
v -1.801145 0.134377 0.089972
v -1.801145 0.134374 1.127455
v -1.712724 -0.000234 1.127455
v -1.712723 -0.000232 0.089972
v -1.801145 -0.000232 0.089972
v -1.801145 -0.000234 1.127455
v -1.750883 1.070919 1.056444
v -1.750883 0.112084 0.200478
v -1.750883 1.115506 1.013658
v -1.750883 0.156670 0.157692
v -1.728968 1.115506 1.013658
v -1.728968 1.070919 1.056444
v -1.728968 0.112084 0.200478
v -1.728968 0.156670 0.157692
v -1.750883 0.134374 1.030424
v -1.750883 0.134377 0.187003
v -1.762985 0.134377 0.187003
v -1.762986 0.134374 1.030424
v -1.750883 1.091182 1.030427
v -1.750883 1.091184 0.187006
v -1.762986 1.091184 0.187006
v -1.762986 1.091182 1.030427
v -1.762986 0.134375 0.863733
v -1.762986 0.134375 0.859747
v -1.762986 0.134375 0.695049
v -1.762986 0.134375 0.691063
v -1.762986 0.134376 0.526365
v -1.762986 0.134376 0.522378
v -1.762986 0.134376 0.357681
v -1.762986 0.134376 0.353694
v -1.762986 1.091183 0.859749
v -1.762986 1.091183 0.863736
v -1.762986 1.091183 0.691065
v -1.762986 1.091183 0.695051
v -1.762986 1.091184 0.522381
v -1.762986 1.091184 0.526367
v -1.762986 1.091184 0.353697
v -1.762986 1.091184 0.357683
v -1.750883 0.134375 0.859747
v -1.750883 0.134375 0.863733
v -1.750883 0.134375 0.691063
v -1.750883 0.134375 0.695049
v -1.750883 0.134376 0.522378
v -1.750883 0.134376 0.526365
v -1.750883 0.134376 0.353694
v -1.750883 0.134376 0.357681
v -1.750883 1.091183 0.863736
v -1.750883 1.091183 0.859749
v -1.750883 1.091183 0.695051
v -1.750883 1.091183 0.691065
v -1.750883 1.091184 0.526367
v -1.750883 1.091184 0.522381
v -1.750883 1.091184 0.357683
v -1.750883 1.091184 0.353697
vn -1.0000 -0.0000 -0.0000
vn 1.0000 -0.0000 -0.0000
vn -0.0000 0.6660 0.7460
vn -0.0000 -0.6660 -0.7460
vn -0.0000 -0.0000 -1.0000
vn -0.0000 -0.0000 1.0000
vn -0.0000 -1.0000 -0.0000
vn -0.0000 1.0000 -0.0000
vn -0.0000 0.6660 -0.7460
vn -0.0000 -0.6660 0.7460
vt 0.076085 0.949660
vt 0.072258 0.929504
vt 0.075903 0.950643
vt 0.072440 0.928521
vt 0.071955 0.929012
vt 0.072364 0.950107
vt 0.071955 0.950107
vt 0.076373 0.929012
vt 0.076373 0.950107
vt 0.072364 0.929012
vt 0.075964 0.929012
vt 0.075964 0.950107
vt 0.071955 0.953086
vt 0.076373 0.953086
vt 0.071955 0.926045
vt 0.076373 0.926045
vt 0.072258 0.949660
vt 0.076085 0.929504
vt 0.075903 0.928521
vt 0.072440 0.950643
vt 0.573457 0.849864
vt 0.573713 0.984706
vt 0.573713 0.849864
vt 0.580161 0.818000
vt 0.580420 0.952843
vt 0.580161 0.952843
vt 0.581214 0.818000
vt 0.581473 0.952843
vt 0.581473 0.818000
vt 0.574238 0.849864
vt 0.573981 0.984706
vt 0.574238 0.984706
vt 0.580689 0.818000
vt 0.580945 0.952843
vt 0.580945 0.818000
vt 0.573457 0.984706
vt 0.580689 0.952843
vt 0.573981 0.849864
vt 0.581214 0.952843
vt 0.580420 0.818000
s 0
usemtl Texture_Map
f 5658/2586/163 5661/2587/163 5660/2588/163
f 5663/2586/164 5665/2587/164 5664/2589/164
f 5665/2587/165 5660/2588/165 5661/2587/165
f 5663/2586/166 5659/2589/166 5658/2586/166
f 5666/2590/164 5678/2591/164 5670/2592/164
f 5668/2593/167 5671/2594/167 5667/2593/167
f 5666/2590/168 5673/2592/168 5669/2590/168
f 5677/2595/169 5666/2590/169 5669/2590/169
f 5676/2596/163 5672/2594/163 5668/2593/163
f 5669/2590/163 5681/2591/163 5677/2595/163
f 5667/2593/164 5679/2597/164 5675/2596/164
f 5674/2595/167 5681/2591/167 5678/2591/167
f 5668/2593/169 5675/2596/169 5676/2596/169
f 5679/2597/168 5676/2596/168 5675/2596/168
f 5685/2598/170 5683/2599/170 5684/2599/170
f 5687/2594/169 5689/2592/169 5688/2594/169
f 5689/2592/168 5682/2598/168 5685/2598/168
f 5686/2592/164 5683/2599/164 5682/2598/164
f 5688/2594/163 5685/2598/163 5684/2599/163
f 5683/2599/167 5688/2594/167 5684/2599/167
f 5692/2593/170 5690/2590/170 5691/2593/170
f 5697/2600/168 5690/2590/168 5693/2590/168
f 5690/2590/164 5695/2601/164 5691/2593/164
f 5696/2601/163 5693/2590/163 5692/2593/163
f 5695/2601/167 5692/2593/167 5691/2593/167
f 5698/2602/163 5701/2603/163 5699/2604/163
f 5703/2602/164 5705/2603/164 5702/2605/164
f 5701/2603/171 5702/2605/171 5705/2603/171
f 5699/2604/172 5703/2602/172 5698/2602/172
f 5715/2606/163 5725/2607/163 5716/2608/163
f 5706/2609/164 5738/2610/164 5710/2611/164
f 5721/2612/163 5712/2613/163 5708/2614/163
f 5720/2615/163 5726/2616/163 5729/2617/163
f 5717/2618/163 5727/2619/163 5718/2620/163
f 5730/2606/164 5740/2607/164 5739/2621/164
f 5735/2620/164 5741/2622/164 5732/2618/164
f 5737/2615/164 5743/2616/164 5734/2623/164
f 5736/2612/164 5711/2613/164 5745/2624/164
f 5745/2624/168 5721/2612/168 5736/2612/168
f 5729/2617/167 5737/2615/167 5720/2615/167
f 5719/2623/168 5743/2616/168 5726/2616/168
f 5727/2619/167 5735/2620/167 5718/2620/167
f 5717/2618/168 5741/2622/168 5724/2622/168
f 5725/2607/167 5733/2608/167 5716/2608/167
f 5715/2606/168 5739/2621/168 5722/2621/168
f 5723/2610/167 5731/2625/167 5714/2625/167
f 5709/2609/163 5723/2610/163 5714/2625/163
f 5658/2586/163 5659/2589/163 5661/2587/163
f 5663/2586/164 5662/2588/164 5665/2587/164
f 5665/2587/165 5662/2588/165 5660/2588/165
f 5663/2586/166 5664/2589/166 5659/2589/166
f 5666/2590/164 5674/2595/164 5678/2591/164
f 5668/2593/167 5672/2594/167 5671/2594/167
f 5666/2590/168 5670/2592/168 5673/2592/168
f 5677/2595/169 5674/2595/169 5666/2590/169
f 5676/2596/163 5680/2597/163 5672/2594/163
f 5669/2590/163 5673/2592/163 5681/2591/163
f 5667/2593/164 5671/2594/164 5679/2597/164
f 5674/2595/167 5677/2595/167 5681/2591/167
f 5668/2593/169 5667/2593/169 5675/2596/169
f 5679/2597/168 5680/2597/168 5676/2596/168
f 5685/2598/170 5682/2598/170 5683/2599/170
f 5687/2594/169 5686/2592/169 5689/2592/169
f 5689/2592/168 5686/2592/168 5682/2598/168
f 5686/2592/164 5687/2594/164 5683/2599/164
f 5688/2594/163 5689/2592/163 5685/2598/163
f 5683/2599/167 5687/2594/167 5688/2594/167
f 5692/2593/170 5693/2590/170 5690/2590/170
f 5697/2600/168 5694/2600/168 5690/2590/168
f 5690/2590/164 5694/2600/164 5695/2601/164
f 5696/2601/163 5697/2600/163 5693/2590/163
f 5695/2601/167 5696/2601/167 5692/2593/167
f 5698/2602/163 5700/2605/163 5701/2603/163
f 5703/2602/164 5704/2604/164 5705/2603/164
f 5701/2603/171 5700/2605/171 5702/2605/171
f 5699/2604/172 5704/2604/172 5703/2602/172
f 5715/2606/163 5722/2621/163 5725/2607/163
f 5706/2609/164 5731/2625/164 5738/2610/164
f 5721/2612/163 5728/2624/163 5712/2613/163
f 5720/2615/163 5719/2623/163 5726/2616/163
f 5717/2618/163 5724/2622/163 5727/2619/163
f 5730/2606/164 5733/2608/164 5740/2607/164
f 5735/2620/164 5742/2619/164 5741/2622/164
f 5737/2615/164 5744/2617/164 5743/2616/164
f 5736/2612/164 5707/2614/164 5711/2613/164
f 5745/2624/168 5728/2624/168 5721/2612/168
f 5729/2617/167 5744/2617/167 5737/2615/167
f 5719/2623/168 5734/2623/168 5743/2616/168
f 5727/2619/167 5742/2619/167 5735/2620/167
f 5717/2618/168 5732/2618/168 5741/2622/168
f 5725/2607/167 5740/2607/167 5733/2608/167
f 5715/2606/168 5730/2606/168 5739/2621/168
f 5723/2610/167 5738/2610/167 5731/2625/167
f 5709/2609/163 5713/2611/163 5723/2610/163
o Bld_Stable_01_Stall_Door_07
v -1.784900 1.070929 -3.671136
v -1.784900 0.112088 -2.815175
v -1.784900 1.115515 -3.628350
v -1.784900 0.156675 -2.772389
v -1.762985 1.115515 -3.628350
v -1.762985 1.070929 -3.671136
v -1.762985 0.112088 -2.815175
v -1.762985 0.156675 -2.772389
v -1.721565 0.134382 -2.701376
v -1.721565 0.134384 -3.738858
v -1.792302 0.134384 -3.738858
v -1.792302 0.134382 -2.701376
v -1.721565 1.091189 -2.701373
v -1.721565 1.091192 -3.738856
v -1.792302 1.091192 -3.738856
v -1.792302 1.091189 -2.701373
v -1.721565 0.134382 -2.797479
v -1.721565 0.134384 -3.642755
v -1.792302 0.134384 -3.642755
v -1.792302 0.134382 -2.797479
v -1.721565 1.091190 -2.797477
v -1.721565 1.091192 -3.642752
v -1.792302 1.091192 -3.642752
v -1.792302 1.091190 -2.797477
v -1.712723 1.226320 -2.701373
v -1.712723 1.226322 -3.738855
v -1.801144 1.226322 -3.738855
v -1.801145 1.226320 -2.701373
v -1.712723 1.091189 -2.701373
v -1.712723 1.091192 -3.738856
v -1.801144 1.091192 -3.738856
v -1.801145 1.091189 -2.701373
v -1.712723 0.134382 -2.701376
v -1.712723 0.134384 -3.738858
v -1.801144 0.134384 -3.738858
v -1.801144 0.134382 -2.701376
v -1.712723 -0.000227 -2.701375
v -1.712723 -0.000224 -3.738858
v -1.801144 -0.000224 -3.738858
v -1.801144 -0.000227 -2.701375
v -1.750883 1.070927 -2.772387
v -1.750882 0.112091 -3.628353
v -1.750883 1.115513 -2.815173
v -1.750882 0.156677 -3.671139
v -1.728968 1.115513 -2.815173
v -1.728968 1.070927 -2.772387
v -1.728967 0.112091 -3.628353
v -1.728967 0.156677 -3.671139
v -1.750883 0.134382 -2.798407
v -1.750882 0.134384 -3.641828
v -1.762985 0.134384 -3.641828
v -1.762985 0.134382 -2.798407
v -1.750883 1.091190 -2.798404
v -1.750882 1.091192 -3.641825
v -1.762985 1.091192 -3.641825
v -1.762985 1.091190 -2.798404
v -1.762985 0.134382 -2.965097
v -1.762985 0.134382 -2.969084
v -1.762985 0.134383 -3.133782
v -1.762985 0.134383 -3.137768
v -1.762985 0.134383 -3.302466
v -1.762985 0.134383 -3.306452
v -1.762985 0.134383 -3.471150
v -1.762985 0.134383 -3.475136
v -1.762985 1.091190 -2.969081
v -1.762985 1.091190 -2.965095
v -1.762985 1.091190 -3.137765
v -1.762985 1.091190 -3.133779
v -1.762985 1.091191 -3.306450
v -1.762985 1.091191 -3.302464
v -1.762985 1.091191 -3.475134
v -1.762985 1.091191 -3.471148
v -1.750883 0.134382 -2.969084
v -1.750883 0.134382 -2.965097
v -1.750882 0.134383 -3.137768
v -1.750882 0.134383 -3.133782
v -1.750882 0.134383 -3.306452
v -1.750882 0.134383 -3.302466
v -1.750882 0.134383 -3.475136
v -1.750882 0.134383 -3.471150
v -1.750883 1.091190 -2.965095
v -1.750883 1.091190 -2.969081
v -1.750883 1.091190 -3.133779
v -1.750883 1.091190 -3.137765
v -1.750883 1.091191 -3.302464
v -1.750883 1.091191 -3.306450
v -1.750882 1.091191 -3.471148
v -1.750882 1.091191 -3.475134
vn -1.0000 -0.0000 -0.0000
vn 1.0000 -0.0000 -0.0000
vn -0.0000 0.6660 0.7460
vn -0.0000 -0.6660 -0.7460
vn -0.0000 -0.0000 -1.0000
vn -0.0000 -0.0000 1.0000
vn -0.0000 -1.0000 -0.0000
vn -0.0000 1.0000 -0.0000
vn -0.0000 0.6660 -0.7460
vn -0.0000 -0.6660 0.7460
vt 0.076073 0.949660
vt 0.072246 0.929504
vt 0.075891 0.950643
vt 0.072428 0.928521
vt 0.071944 0.929012
vt 0.072353 0.950107
vt 0.071944 0.950107
vt 0.076362 0.929012
vt 0.076362 0.950107
vt 0.072353 0.929012
vt 0.075953 0.929012
vt 0.075953 0.950107
vt 0.071944 0.953086
vt 0.076362 0.953086
vt 0.071944 0.926045
vt 0.076362 0.926045
vt 0.072246 0.949660
vt 0.076073 0.929504
vt 0.075891 0.928521
vt 0.072428 0.950643
vt 0.580389 0.818000
vt 0.580645 0.952843
vt 0.580645 0.818000
vt 0.580123 0.818000
vt 0.580383 0.952843
vt 0.580123 0.952843
vt 0.581176 0.818000
vt 0.581435 0.952843
vt 0.581435 0.818000
vt 0.574200 0.849864
vt 0.573944 0.984706
vt 0.574200 0.984706
vt 0.573681 0.849864
vt 0.573937 0.984706
vt 0.573937 0.849864
vt 0.580389 0.952843
vt 0.573681 0.984706
vt 0.573944 0.849864
vt 0.581176 0.952843
vt 0.580383 0.818000
s 0
usemtl Texture_Map
f 5746/2626/173 5749/2627/173 5748/2628/173
f 5751/2626/174 5753/2627/174 5752/2629/174
f 5753/2627/175 5748/2628/175 5749/2627/175
f 5751/2626/176 5747/2629/176 5746/2626/176
f 5754/2630/174 5766/2631/174 5758/2632/174
f 5756/2633/177 5759/2634/177 5755/2633/177
f 5754/2630/178 5761/2632/178 5757/2630/178
f 5765/2635/179 5754/2630/179 5757/2630/179
f 5764/2636/173 5760/2634/173 5756/2633/173
f 5757/2630/173 5769/2631/173 5765/2635/173
f 5755/2633/174 5767/2637/174 5763/2636/174
f 5762/2635/177 5769/2631/177 5766/2631/177
f 5756/2633/179 5763/2636/179 5764/2636/179
f 5767/2637/178 5764/2636/178 5763/2636/178
f 5773/2638/180 5771/2639/180 5772/2639/180
f 5775/2634/179 5777/2632/179 5776/2634/179
f 5777/2632/178 5770/2638/178 5773/2638/178
f 5774/2632/174 5771/2639/174 5770/2638/174
f 5776/2634/173 5773/2638/173 5772/2639/173
f 5771/2639/177 5776/2634/177 5772/2639/177
f 5780/2633/180 5778/2630/180 5779/2633/180
f 5785/2640/178 5778/2630/178 5781/2630/178
f 5778/2630/174 5783/2641/174 5779/2633/174
f 5784/2641/173 5781/2630/173 5780/2633/173
f 5783/2641/177 5780/2633/177 5779/2633/177
f 5786/2642/173 5789/2643/173 5787/2644/173
f 5791/2642/174 5793/2643/174 5790/2645/174
f 5789/2643/181 5790/2645/181 5793/2643/181
f 5787/2644/182 5791/2642/182 5786/2642/182
f 5803/2646/173 5813/2647/173 5804/2648/173
f 5794/2649/174 5826/2650/174 5798/2651/174
f 5809/2652/173 5800/2653/173 5796/2654/173
f 5808/2655/173 5814/2656/173 5817/2657/173
f 5805/2658/173 5815/2659/173 5806/2660/173
f 5818/2646/174 5828/2647/174 5827/2661/174
f 5823/2660/174 5829/2662/174 5820/2658/174
f 5825/2655/174 5831/2656/174 5822/2663/174
f 5824/2652/174 5799/2653/174 5833/2664/174
f 5833/2664/178 5809/2652/178 5824/2652/178
f 5817/2657/177 5825/2655/177 5808/2655/177
f 5807/2663/178 5831/2656/178 5814/2656/178
f 5815/2659/177 5823/2660/177 5806/2660/177
f 5805/2658/178 5829/2662/178 5812/2662/178
f 5813/2647/177 5821/2648/177 5804/2648/177
f 5803/2646/178 5827/2661/178 5810/2661/178
f 5811/2650/177 5819/2665/177 5802/2665/177
f 5797/2649/173 5811/2650/173 5802/2665/173
f 5746/2626/173 5747/2629/173 5749/2627/173
f 5751/2626/174 5750/2628/174 5753/2627/174
f 5753/2627/175 5750/2628/175 5748/2628/175
f 5751/2626/176 5752/2629/176 5747/2629/176
f 5754/2630/174 5762/2635/174 5766/2631/174
f 5756/2633/177 5760/2634/177 5759/2634/177
f 5754/2630/178 5758/2632/178 5761/2632/178
f 5765/2635/179 5762/2635/179 5754/2630/179
f 5764/2636/173 5768/2637/173 5760/2634/173
f 5757/2630/173 5761/2632/173 5769/2631/173
f 5755/2633/174 5759/2634/174 5767/2637/174
f 5762/2635/177 5765/2635/177 5769/2631/177
f 5756/2633/179 5755/2633/179 5763/2636/179
f 5767/2637/178 5768/2637/178 5764/2636/178
f 5773/2638/180 5770/2638/180 5771/2639/180
f 5775/2634/179 5774/2632/179 5777/2632/179
f 5777/2632/178 5774/2632/178 5770/2638/178
f 5774/2632/174 5775/2634/174 5771/2639/174
f 5776/2634/173 5777/2632/173 5773/2638/173
f 5771/2639/177 5775/2634/177 5776/2634/177
f 5780/2633/180 5781/2630/180 5778/2630/180
f 5785/2640/178 5782/2640/178 5778/2630/178
f 5778/2630/174 5782/2640/174 5783/2641/174
f 5784/2641/173 5785/2640/173 5781/2630/173
f 5783/2641/177 5784/2641/177 5780/2633/177
f 5786/2642/173 5788/2645/173 5789/2643/173
f 5791/2642/174 5792/2644/174 5793/2643/174
f 5789/2643/181 5788/2645/181 5790/2645/181
f 5787/2644/182 5792/2644/182 5791/2642/182
f 5803/2646/173 5810/2661/173 5813/2647/173
f 5794/2649/174 5819/2665/174 5826/2650/174
f 5809/2652/173 5816/2664/173 5800/2653/173
f 5808/2655/173 5807/2663/173 5814/2656/173
f 5805/2658/173 5812/2662/173 5815/2659/173
f 5818/2646/174 5821/2648/174 5828/2647/174
f 5823/2660/174 5830/2659/174 5829/2662/174
f 5825/2655/174 5832/2657/174 5831/2656/174
f 5824/2652/174 5795/2654/174 5799/2653/174
f 5833/2664/178 5816/2664/178 5809/2652/178
f 5817/2657/177 5832/2657/177 5825/2655/177
f 5807/2663/178 5822/2663/178 5831/2656/178
f 5815/2659/177 5830/2659/177 5823/2660/177
f 5805/2658/178 5820/2658/178 5829/2662/178
f 5813/2647/177 5828/2647/177 5821/2648/177
f 5803/2646/178 5818/2646/178 5827/2661/178
f 5811/2650/177 5826/2650/177 5819/2665/177
f 5797/2649/173 5801/2651/173 5811/2650/173
o Bld_Stable_01_Stall_Door_02
v 1.764405 1.070907 7.815183
v 1.764405 0.112066 8.671144
v 1.764405 1.115493 7.857969
v 1.764405 0.156653 8.713930
v 1.742490 1.115493 7.857969
v 1.742490 1.070907 7.815183
v 1.742490 0.112066 8.671144
v 1.742490 0.156653 8.713930
v 1.701070 0.134359 8.784944
v 1.701070 0.134362 7.747461
v 1.771807 0.134362 7.747461
v 1.771807 0.134359 8.784944
v 1.701070 1.091167 8.784946
v 1.701070 1.091170 7.747463
v 1.771807 1.091170 7.747464
v 1.771807 1.091167 8.784946
v 1.701070 0.134359 8.688840
v 1.701070 0.134362 7.843565
v 1.771807 0.134362 7.843565
v 1.771807 0.134359 8.688840
v 1.701070 1.091167 8.688843
v 1.701070 1.091170 7.843567
v 1.771807 1.091170 7.843567
v 1.771807 1.091167 8.688843
v 1.692228 1.226298 8.784946
v 1.692229 1.226300 7.747464
v 1.780650 1.226300 7.747464
v 1.780650 1.226298 8.784946
v 1.692228 1.091167 8.784946
v 1.692229 1.091170 7.747464
v 1.780650 1.091170 7.747464
v 1.780650 1.091167 8.784946
v 1.692229 0.134359 8.784944
v 1.692229 0.134362 7.747461
v 1.780650 0.134362 7.747461
v 1.780650 0.134359 8.784944
v 1.692229 -0.000249 8.784944
v 1.692229 -0.000246 7.747461
v 1.780650 -0.000246 7.747461
v 1.780650 -0.000249 8.784944
v 1.730388 1.070904 8.713933
v 1.730388 0.112069 7.857967
v 1.730388 1.115491 8.671146
v 1.730388 0.156655 7.815181
v 1.708473 1.115491 8.671146
v 1.708473 1.070904 8.713933
v 1.708473 0.112069 7.857967
v 1.708473 0.156655 7.815181
v 1.730388 0.134360 8.687913
v 1.730388 0.134362 7.844492
v 1.742491 0.134362 7.844492
v 1.742490 0.134360 8.687913
v 1.730388 1.091168 8.687916
v 1.730388 1.091170 7.844494
v 1.742491 1.091170 7.844494
v 1.742490 1.091168 8.687916
v 1.742490 0.134360 8.521222
v 1.742491 0.134360 8.517236
v 1.742491 0.134361 8.352537
v 1.742491 0.134361 8.348551
v 1.742491 0.134361 8.183853
v 1.742491 0.134361 8.179867
v 1.742491 0.134361 8.015169
v 1.742491 0.134361 8.011183
v 1.742490 1.091168 8.517238
v 1.742490 1.091168 8.521224
v 1.742490 1.091168 8.348554
v 1.742490 1.091168 8.352540
v 1.742490 1.091169 8.179870
v 1.742490 1.091169 8.183856
v 1.742491 1.091169 8.011186
v 1.742491 1.091169 8.015171
v 1.730388 0.134360 8.517236
v 1.730388 0.134360 8.521222
v 1.730388 0.134361 8.348551
v 1.730388 0.134361 8.352537
v 1.730388 0.134361 8.179867
v 1.730388 0.134361 8.183853
v 1.730388 0.134361 8.011183
v 1.730388 0.134361 8.015169
v 1.730388 1.091168 8.521224
v 1.730388 1.091168 8.517238
v 1.730388 1.091168 8.352540
v 1.730388 1.091168 8.348554
v 1.730388 1.091169 8.183856
v 1.730388 1.091169 8.179870
v 1.730388 1.091169 8.015171
v 1.730388 1.091169 8.011186
vn 1.0000 -0.0000 -0.0000
vn -1.0000 -0.0000 -0.0000
vn -0.0000 0.6660 0.7460
vn -0.0000 -0.6660 -0.7460
vn -0.0000 -0.0000 -1.0000
vn -0.0000 -0.0000 1.0000
vn -0.0000 -1.0000 -0.0000
vn -0.0000 1.0000 -0.0000
vn -0.0000 0.6660 -0.7460
vn -0.0000 -0.6660 0.7460
vt 0.076017 0.949660
vt 0.072189 0.929504
vt 0.072372 0.928521
vt 0.075834 0.950643
vt 0.071887 0.929012
vt 0.072296 0.950107
vt 0.072296 0.929012
vt 0.076305 0.950107
vt 0.076305 0.929012
vt 0.071887 0.950107
vt 0.075896 0.929012
vt 0.075896 0.950107
vt 0.076305 0.953086
vt 0.071887 0.953086
vt 0.071887 0.926045
vt 0.076305 0.926045
vt 0.072189 0.949660
vt 0.076017 0.929504
vt 0.072372 0.950643
vt 0.075834 0.928521
vt 0.573723 0.984706
vt 0.573467 0.849864
vt 0.573723 0.849864
vt 0.580171 0.818000
vt 0.580431 0.952843
vt 0.580431 0.818000
vt 0.581483 0.952843
vt 0.581224 0.818000
vt 0.581483 0.818000
vt 0.581218 0.818000
vt 0.580962 0.952843
vt 0.580962 0.818000
vt 0.573985 0.984706
vt 0.573729 0.849864
vt 0.573985 0.849864
vt 0.573729 0.984706
vt 0.581224 0.952843
vt 0.581218 0.952843
vt 0.573467 0.984706
vt 0.580171 0.952843
s 0
usemtl Texture_Map
f 5834/2666/183 5837/2667/183 5835/2668/183
f 5839/2666/184 5841/2667/184 5838/2669/184
f 5836/2669/185 5841/2667/185 5837/2667/185
f 5835/2668/186 5839/2666/186 5834/2666/186
f 5842/2670/184 5854/2671/184 5850/2672/184
f 5847/2673/187 5844/2674/187 5843/2674/187
f 5849/2675/188 5842/2670/188 5845/2670/188
f 5845/2670/189 5850/2672/189 5853/2672/189
f 5848/2673/183 5852/2676/183 5844/2674/183
f 5857/2671/183 5845/2670/183 5853/2672/183
f 5855/2677/184 5843/2674/184 5851/2676/184
f 5857/2671/187 5850/2672/187 5854/2671/187
f 5844/2674/189 5851/2676/189 5843/2674/189
f 5852/2676/188 5855/2677/188 5851/2676/188
f 5859/2678/190 5861/2679/190 5860/2678/190
f 5865/2675/189 5863/2673/189 5864/2673/189
f 5858/2679/188 5865/2675/188 5861/2679/188
f 5859/2678/184 5862/2675/184 5858/2679/184
f 5861/2679/183 5864/2673/183 5860/2678/183
f 5859/2678/187 5864/2673/187 5863/2673/187
f 5868/2674/190 5866/2670/190 5869/2670/190
f 5866/2670/188 5873/2680/188 5869/2670/188
f 5866/2670/184 5871/2681/184 5870/2680/184
f 5869/2670/183 5872/2681/183 5868/2674/183
f 5868/2674/187 5871/2681/187 5867/2674/187
f 5874/2682/183 5877/2683/183 5876/2684/183
f 5879/2682/184 5881/2683/184 5880/2685/184
f 5877/2683/191 5878/2684/191 5876/2684/191
f 5879/2682/192 5875/2685/192 5874/2682/192
f 5901/2686/183 5891/2687/183 5892/2688/183
f 5882/2689/184 5914/2690/184 5907/2691/184
f 5888/2692/183 5897/2693/183 5884/2694/183
f 5896/2695/183 5902/2696/183 5895/2697/183
f 5903/2698/183 5893/2699/183 5894/2700/183
f 5906/2687/184 5916/2686/184 5909/2688/184
f 5917/2701/184 5911/2700/184 5908/2699/184
f 5919/2696/184 5913/2695/184 5910/2697/184
f 5912/2693/184 5887/2692/184 5883/2694/184
f 5897/2693/188 5921/2702/188 5912/2693/188
f 5913/2695/187 5905/2703/187 5896/2695/187
f 5919/2696/188 5895/2697/188 5902/2696/188
f 5911/2700/187 5903/2698/187 5894/2700/187
f 5917/2701/188 5893/2699/188 5900/2701/188
f 5909/2688/187 5901/2686/187 5892/2688/187
f 5915/2704/188 5891/2687/188 5898/2704/188
f 5907/2691/187 5899/2690/187 5890/2691/187
f 5899/2690/183 5885/2689/183 5890/2691/183
f 5834/2666/183 5836/2669/183 5837/2667/183
f 5839/2666/184 5840/2668/184 5841/2667/184
f 5836/2669/185 5838/2669/185 5841/2667/185
f 5835/2668/186 5840/2668/186 5839/2666/186
f 5842/2670/184 5846/2675/184 5854/2671/184
f 5847/2673/187 5848/2673/187 5844/2674/187
f 5849/2675/188 5846/2675/188 5842/2670/188
f 5845/2670/189 5842/2670/189 5850/2672/189
f 5848/2673/183 5856/2677/183 5852/2676/183
f 5857/2671/183 5849/2675/183 5845/2670/183
f 5855/2677/184 5847/2673/184 5843/2674/184
f 5857/2671/187 5853/2672/187 5850/2672/187
f 5844/2674/189 5852/2676/189 5851/2676/189
f 5852/2676/188 5856/2677/188 5855/2677/188
f 5859/2678/190 5858/2679/190 5861/2679/190
f 5865/2675/189 5862/2675/189 5863/2673/189
f 5858/2679/188 5862/2675/188 5865/2675/188
f 5859/2678/184 5863/2673/184 5862/2675/184
f 5861/2679/183 5865/2675/183 5864/2673/183
f 5859/2678/187 5860/2678/187 5864/2673/187
f 5868/2674/190 5867/2674/190 5866/2670/190
f 5866/2670/188 5870/2680/188 5873/2680/188
f 5866/2670/184 5867/2674/184 5871/2681/184
f 5869/2670/183 5873/2680/183 5872/2681/183
f 5868/2674/187 5872/2681/187 5871/2681/187
f 5874/2682/183 5875/2685/183 5877/2683/183
f 5879/2682/184 5878/2684/184 5881/2683/184
f 5877/2683/191 5881/2683/191 5878/2684/191
f 5879/2682/192 5880/2685/192 5875/2685/192
f 5901/2686/183 5898/2704/183 5891/2687/183
f 5882/2689/184 5886/2705/184 5914/2690/184
f 5888/2692/183 5904/2702/183 5897/2693/183
f 5896/2695/183 5905/2703/183 5902/2696/183
f 5903/2698/183 5900/2701/183 5893/2699/183
f 5906/2687/184 5915/2704/184 5916/2686/184
f 5917/2701/184 5918/2698/184 5911/2700/184
f 5919/2696/184 5920/2703/184 5913/2695/184
f 5912/2693/184 5921/2702/184 5887/2692/184
f 5897/2693/188 5904/2702/188 5921/2702/188
f 5913/2695/187 5920/2703/187 5905/2703/187
f 5919/2696/188 5910/2697/188 5895/2697/188
f 5911/2700/187 5918/2698/187 5903/2698/187
f 5917/2701/188 5908/2699/188 5893/2699/188
f 5909/2688/187 5916/2686/187 5901/2686/187
f 5915/2704/188 5906/2687/188 5891/2687/188
f 5907/2691/187 5914/2690/187 5899/2690/187
f 5899/2690/183 5889/2705/183 5885/2689/183
o Bld_Stable_01_Stall_Door_04
v 1.764406 1.070914 3.986352
v 1.764406 0.112074 4.842314
v 1.764406 1.115501 4.029139
v 1.764406 0.156660 4.885100
v 1.742491 1.115501 4.029139
v 1.742491 1.070914 3.986352
v 1.742491 0.112074 4.842313
v 1.742491 0.156660 4.885100
v 1.701071 0.134367 4.956113
v 1.701071 0.134369 3.918631
v 1.771808 0.134369 3.918631
v 1.771808 0.134367 4.956113
v 1.701071 1.091175 4.956116
v 1.701071 1.091177 3.918633
v 1.771808 1.091177 3.918633
v 1.771808 1.091175 4.956116
v 1.701071 0.134367 4.860010
v 1.701071 0.134369 4.014734
v 1.771808 0.134369 4.014734
v 1.771808 0.134367 4.860010
v 1.701071 1.091175 4.860012
v 1.701071 1.091177 4.014737
v 1.771808 1.091177 4.014737
v 1.771808 1.091175 4.860012
v 1.692229 1.226305 4.956116
v 1.692229 1.226308 3.918633
v 1.780650 1.226308 3.918633
v 1.780650 1.226305 4.956116
v 1.692229 1.091175 4.956116
v 1.692229 1.091177 3.918633
v 1.780650 1.091177 3.918633
v 1.780650 1.091175 4.956116
v 1.692229 0.134367 4.956113
v 1.692229 0.134369 3.918631
v 1.780650 0.134369 3.918631
v 1.780650 0.134367 4.956113
v 1.692229 -0.000242 4.956113
v 1.692229 -0.000239 3.918630
v 1.780650 -0.000239 3.918630
v 1.780650 -0.000242 4.956113
v 1.730388 1.070912 4.885102
v 1.730388 0.112076 4.029136
v 1.730388 1.115499 4.842316
v 1.730388 0.156663 3.986350
v 1.708473 1.115499 4.842316
v 1.708473 1.070912 4.885102
v 1.708473 0.112076 4.029136
v 1.708473 0.156663 3.986350
v 1.730388 0.134367 4.859082
v 1.730388 0.134369 4.015661
v 1.742491 0.134369 4.015661
v 1.742491 0.134367 4.859082
v 1.730388 1.091175 4.859085
v 1.730388 1.091177 4.015664
v 1.742491 1.091177 4.015664
v 1.742491 1.091175 4.859085
v 1.742491 0.134367 4.692391
v 1.742491 0.134367 4.688405
v 1.742491 0.134368 4.523707
v 1.742491 0.134368 4.519721
v 1.742491 0.134368 4.355023
v 1.742491 0.134368 4.351037
v 1.742491 0.134369 4.186339
v 1.742491 0.134369 4.182353
v 1.742491 1.091175 4.688407
v 1.742491 1.091175 4.692394
v 1.742491 1.091176 4.519723
v 1.742491 1.091176 4.523709
v 1.742491 1.091176 4.351039
v 1.742491 1.091176 4.355025
v 1.742491 1.091177 4.182355
v 1.742491 1.091177 4.186341
v 1.730388 0.134367 4.688405
v 1.730388 0.134367 4.692391
v 1.730388 0.134368 4.519721
v 1.730388 0.134368 4.523707
v 1.730388 0.134368 4.351037
v 1.730388 0.134368 4.355023
v 1.730388 0.134369 4.182353
v 1.730388 0.134369 4.186339
v 1.730388 1.091175 4.692394
v 1.730388 1.091175 4.688407
v 1.730388 1.091176 4.523709
v 1.730388 1.091176 4.519723
v 1.730388 1.091176 4.355025
v 1.730388 1.091176 4.351039
v 1.730388 1.091177 4.186341
v 1.730388 1.091177 4.182355
vn 1.0000 -0.0000 -0.0000
vn -1.0000 -0.0000 -0.0000
vn -0.0000 0.6660 0.7460
vn -0.0000 -0.6660 -0.7460
vn -0.0000 -0.0000 -1.0000
vn -0.0000 -0.0000 1.0000
vn -0.0000 -1.0000 -0.0000
vn -0.0000 1.0000 -0.0000
vn -0.0000 0.6660 -0.7460
vn -0.0000 -0.6660 0.7460
vt 0.076003 0.949660
vt 0.072175 0.929504
vt 0.072358 0.928521
vt 0.075820 0.950643
vt 0.071873 0.929012
vt 0.072282 0.950107
vt 0.072282 0.929012
vt 0.076291 0.950107
vt 0.076291 0.929012
vt 0.071873 0.950107
vt 0.075882 0.929012
vt 0.075882 0.950107
vt 0.076291 0.953086
vt 0.071873 0.953086
vt 0.071873 0.926045
vt 0.076291 0.926045
vt 0.072175 0.949660
vt 0.076003 0.929504
vt 0.072358 0.950643
vt 0.075820 0.928521
vt 0.580721 0.952843
vt 0.580465 0.818000
vt 0.580721 0.818000
vt 0.573229 0.849864
vt 0.573488 0.984706
vt 0.573488 0.849864
vt 0.574541 0.984706
vt 0.574282 0.849864
vt 0.574541 0.849864
vt 0.581246 0.818000
vt 0.580990 0.952843
vt 0.580990 0.818000
vt 0.574013 0.984706
vt 0.573757 0.849864
vt 0.574013 0.849864
vt 0.573757 0.984706
vt 0.574282 0.984706
vt 0.581246 0.952843
vt 0.580465 0.952843
vt 0.573229 0.984706
s 0
usemtl Texture_Map
f 5922/2706/193 5925/2707/193 5923/2708/193
f 5927/2706/194 5929/2707/194 5926/2709/194
f 5924/2709/195 5929/2707/195 5925/2707/195
f 5923/2708/196 5927/2706/196 5922/2706/196
f 5930/2710/194 5942/2711/194 5938/2712/194
f 5935/2713/197 5932/2714/197 5931/2714/197
f 5937/2715/198 5930/2710/198 5933/2710/198
f 5933/2710/199 5938/2712/199 5941/2712/199
f 5936/2713/193 5940/2716/193 5932/2714/193
f 5945/2711/193 5933/2710/193 5941/2712/193
f 5943/2717/194 5931/2714/194 5939/2716/194
f 5945/2711/197 5938/2712/197 5942/2711/197
f 5932/2714/199 5939/2716/199 5931/2714/199
f 5940/2716/198 5943/2717/198 5939/2716/198
f 5947/2718/200 5949/2719/200 5948/2718/200
f 5953/2715/199 5951/2713/199 5952/2713/199
f 5946/2719/198 5953/2715/198 5949/2719/198
f 5947/2718/194 5950/2715/194 5946/2719/194
f 5949/2719/193 5952/2713/193 5948/2718/193
f 5947/2718/197 5952/2713/197 5951/2713/197
f 5956/2714/200 5954/2710/200 5957/2710/200
f 5954/2710/198 5961/2720/198 5957/2710/198
f 5954/2710/194 5959/2721/194 5958/2720/194
f 5957/2710/193 5960/2721/193 5956/2714/193
f 5956/2714/197 5959/2721/197 5955/2714/197
f 5962/2722/193 5965/2723/193 5964/2724/193
f 5967/2722/194 5969/2723/194 5968/2725/194
f 5965/2723/201 5966/2724/201 5964/2724/201
f 5967/2722/202 5963/2725/202 5962/2722/202
f 5989/2726/193 5979/2727/193 5980/2728/193
f 5970/2729/194 6002/2730/194 5995/2731/194
f 5976/2732/193 5985/2733/193 5972/2734/193
f 5984/2735/193 5990/2736/193 5983/2737/193
f 5991/2738/193 5981/2739/193 5982/2740/193
f 5994/2727/194 6004/2726/194 5997/2728/194
f 6005/2741/194 5999/2740/194 5996/2739/194
f 6007/2736/194 6001/2735/194 5998/2737/194
f 6000/2733/194 5975/2732/194 5971/2734/194
f 5985/2733/198 6009/2742/198 6000/2733/198
f 6001/2735/197 5993/2743/197 5984/2735/197
f 6007/2736/198 5983/2737/198 5990/2736/198
f 5999/2740/197 5991/2738/197 5982/2740/197
f 6005/2741/198 5981/2739/198 5988/2741/198
f 5997/2728/197 5989/2726/197 5980/2728/197
f 6003/2744/198 5979/2727/198 5986/2744/198
f 5995/2731/197 5987/2730/197 5978/2731/197
f 5987/2730/193 5973/2729/193 5978/2731/193
f 5922/2706/193 5924/2709/193 5925/2707/193
f 5927/2706/194 5928/2708/194 5929/2707/194
f 5924/2709/195 5926/2709/195 5929/2707/195
f 5923/2708/196 5928/2708/196 5927/2706/196
f 5930/2710/194 5934/2715/194 5942/2711/194
f 5935/2713/197 5936/2713/197 5932/2714/197
f 5937/2715/198 5934/2715/198 5930/2710/198
f 5933/2710/199 5930/2710/199 5938/2712/199
f 5936/2713/193 5944/2717/193 5940/2716/193
f 5945/2711/193 5937/2715/193 5933/2710/193
f 5943/2717/194 5935/2713/194 5931/2714/194
f 5945/2711/197 5941/2712/197 5938/2712/197
f 5932/2714/199 5940/2716/199 5939/2716/199
f 5940/2716/198 5944/2717/198 5943/2717/198
f 5947/2718/200 5946/2719/200 5949/2719/200
f 5953/2715/199 5950/2715/199 5951/2713/199
f 5946/2719/198 5950/2715/198 5953/2715/198
f 5947/2718/194 5951/2713/194 5950/2715/194
f 5949/2719/193 5953/2715/193 5952/2713/193
f 5947/2718/197 5948/2718/197 5952/2713/197
f 5956/2714/200 5955/2714/200 5954/2710/200
f 5954/2710/198 5958/2720/198 5961/2720/198
f 5954/2710/194 5955/2714/194 5959/2721/194
f 5957/2710/193 5961/2720/193 5960/2721/193
f 5956/2714/197 5960/2721/197 5959/2721/197
f 5962/2722/193 5963/2725/193 5965/2723/193
f 5967/2722/194 5966/2724/194 5969/2723/194
f 5965/2723/201 5969/2723/201 5966/2724/201
f 5967/2722/202 5968/2725/202 5963/2725/202
f 5989/2726/193 5986/2744/193 5979/2727/193
f 5970/2729/194 5974/2745/194 6002/2730/194
f 5976/2732/193 5992/2742/193 5985/2733/193
f 5984/2735/193 5993/2743/193 5990/2736/193
f 5991/2738/193 5988/2741/193 5981/2739/193
f 5994/2727/194 6003/2744/194 6004/2726/194
f 6005/2741/194 6006/2738/194 5999/2740/194
f 6007/2736/194 6008/2743/194 6001/2735/194
f 6000/2733/194 6009/2742/194 5975/2732/194
f 5985/2733/198 5992/2742/198 6009/2742/198
f 6001/2735/197 6008/2743/197 5993/2743/197
f 6007/2736/198 5998/2737/198 5983/2737/198
f 5999/2740/197 6006/2738/197 5991/2738/197
f 6005/2741/198 5996/2739/198 5981/2739/198
f 5997/2728/197 6004/2726/197 5989/2726/197
f 6003/2744/198 5994/2727/198 5979/2727/198
f 5995/2731/197 6002/2730/197 5987/2730/197
f 5987/2730/193 5977/2745/193 5973/2729/193
o Bld_Stable_01_Stall_Door_06
v 1.764406 1.070922 0.157522
v 1.764406 0.112081 1.013483
v 1.764406 1.115509 0.200308
v 1.764406 0.156668 1.056269
v 1.742491 1.115509 0.200308
v 1.742491 1.070922 0.157522
v 1.742491 0.112081 1.013483
v 1.742491 0.156668 1.056269
v 1.701071 0.134375 1.127282
v 1.701071 0.134377 0.089800
v 1.771808 0.134377 0.089800
v 1.771808 0.134375 1.127282
v 1.701071 1.091182 1.127285
v 1.701071 1.091185 0.089802
v 1.771808 1.091185 0.089802
v 1.771808 1.091182 1.127285
v 1.701071 0.134375 1.031179
v 1.701071 0.134377 0.185903
v 1.771808 0.134377 0.185903
v 1.771808 0.134375 1.031179
v 1.701071 1.091183 1.031181
v 1.701071 1.091185 0.185906
v 1.771808 1.091185 0.185906
v 1.771808 1.091183 1.031181
v 1.692229 1.226313 1.127285
v 1.692229 1.226315 0.089803
v 1.780651 1.226315 0.089803
v 1.780651 1.226313 1.127285
v 1.692229 1.091182 1.127285
v 1.692229 1.091185 0.089802
v 1.780651 1.091185 0.089802
v 1.780651 1.091182 1.127285
v 1.692229 0.134375 1.127282
v 1.692229 0.134377 0.089800
v 1.780651 0.134377 0.089800
v 1.780651 0.134375 1.127282
v 1.692229 -0.000234 1.127282
v 1.692230 -0.000231 0.089799
v 1.780651 -0.000231 0.089799
v 1.780651 -0.000234 1.127282
v 1.730389 1.070920 1.056271
v 1.730389 0.112084 0.200305
v 1.730389 1.115507 1.013485
v 1.730389 0.156671 0.157519
v 1.708474 1.115507 1.013485
v 1.708474 1.070920 1.056271
v 1.708474 0.112084 0.200305
v 1.708474 0.156671 0.157519
v 1.730389 0.134375 1.030251
v 1.730389 0.134377 0.186830
v 1.742491 0.134377 0.186830
v 1.742491 0.134375 1.030251
v 1.730389 1.091183 1.030254
v 1.730389 1.091185 0.186833
v 1.742491 1.091185 0.186833
v 1.742491 1.091183 1.030254
v 1.742491 0.134375 0.863560
v 1.742491 0.134375 0.859574
v 1.742491 0.134376 0.694876
v 1.742491 0.134376 0.690890
v 1.742491 0.134376 0.526192
v 1.742491 0.134376 0.522206
v 1.742491 0.134377 0.357508
v 1.742491 0.134377 0.353522
v 1.742491 1.091183 0.859577
v 1.742491 1.091183 0.863563
v 1.742491 1.091184 0.690892
v 1.742491 1.091184 0.694879
v 1.742491 1.091184 0.522208
v 1.742491 1.091184 0.526194
v 1.742491 1.091184 0.353524
v 1.742491 1.091184 0.357510
v 1.730389 0.134375 0.859574
v 1.730389 0.134375 0.863560
v 1.730389 0.134376 0.690890
v 1.730389 0.134376 0.694876
v 1.730389 0.134376 0.522206
v 1.730389 0.134376 0.526192
v 1.730389 0.134377 0.353522
v 1.730389 0.134377 0.357508
v 1.730389 1.091183 0.863563
v 1.730389 1.091183 0.859577
v 1.730389 1.091184 0.694879
v 1.730389 1.091184 0.690892
v 1.730389 1.091184 0.526194
v 1.730389 1.091184 0.522208
v 1.730389 1.091184 0.357510
v 1.730389 1.091184 0.353524
vn 1.0000 -0.0000 -0.0000
vn -1.0000 -0.0000 -0.0000
vn -0.0000 0.6660 0.7460
vn -0.0000 -0.6660 -0.7460
vn -0.0000 -0.0000 -1.0000
vn -0.0000 -0.0000 1.0000
vn -0.0000 -1.0000 -0.0000
vn -0.0000 1.0000 -0.0000
vn -0.0000 0.6660 -0.7460
vn -0.0000 -0.6660 0.7460
vt 0.076086 0.949660
vt 0.072258 0.929504
vt 0.072441 0.928521
vt 0.075903 0.950643
vt 0.071956 0.929012
vt 0.072365 0.950107
vt 0.072365 0.929012
vt 0.076374 0.950107
vt 0.076374 0.929012
vt 0.071956 0.950107
vt 0.075965 0.929012
vt 0.075965 0.950107
vt 0.076374 0.953086
vt 0.071956 0.953086
vt 0.071956 0.926045
vt 0.076374 0.926045
vt 0.072258 0.949660
vt 0.076086 0.929504
vt 0.072441 0.950643
vt 0.075903 0.928521
vt 0.573713 0.984706
vt 0.573457 0.849864
vt 0.573713 0.849864
vt 0.580161 0.818000
vt 0.580421 0.952843
vt 0.580421 0.818000
vt 0.574503 0.984706
vt 0.574244 0.849864
vt 0.574503 0.849864
vt 0.581208 0.818000
vt 0.580952 0.952843
vt 0.580952 0.818000
vt 0.580946 0.952843
vt 0.580689 0.818000
vt 0.580946 0.818000
vt 0.580689 0.952843
vt 0.574244 0.984706
vt 0.581208 0.952843
vt 0.573457 0.984706
vt 0.580161 0.952843
s 0
usemtl Texture_Map
f 6010/2746/203 6013/2747/203 6011/2748/203
f 6015/2746/204 6017/2747/204 6014/2749/204
f 6012/2749/205 6017/2747/205 6013/2747/205
f 6011/2748/206 6015/2746/206 6010/2746/206
f 6018/2750/204 6030/2751/204 6026/2752/204
f 6023/2753/207 6020/2754/207 6019/2754/207
f 6025/2755/208 6018/2750/208 6021/2750/208
f 6021/2750/209 6026/2752/209 6029/2752/209
f 6024/2753/203 6028/2756/203 6020/2754/203
f 6033/2751/203 6021/2750/203 6029/2752/203
f 6031/2757/204 6019/2754/204 6027/2756/204
f 6033/2751/207 6026/2752/207 6030/2751/207
f 6020/2754/209 6027/2756/209 6019/2754/209
f 6028/2756/208 6031/2757/208 6027/2756/208
f 6035/2758/210 6037/2759/210 6036/2758/210
f 6041/2755/209 6039/2753/209 6040/2753/209
f 6034/2759/208 6041/2755/208 6037/2759/208
f 6035/2758/204 6038/2755/204 6034/2759/204
f 6037/2759/203 6040/2753/203 6036/2758/203
f 6035/2758/207 6040/2753/207 6039/2753/207
f 6044/2754/210 6042/2750/210 6045/2750/210
f 6042/2750/208 6049/2760/208 6045/2750/208
f 6042/2750/204 6047/2761/204 6046/2760/204
f 6045/2750/203 6048/2761/203 6044/2754/203
f 6044/2754/207 6047/2761/207 6043/2754/207
f 6050/2762/203 6053/2763/203 6052/2764/203
f 6055/2762/204 6057/2763/204 6056/2765/204
f 6053/2763/211 6054/2764/211 6052/2764/211
f 6055/2762/212 6051/2765/212 6050/2762/212
f 6077/2766/203 6067/2767/203 6068/2768/203
f 6058/2769/204 6090/2770/204 6083/2771/204
f 6064/2772/203 6073/2773/203 6060/2774/203
f 6072/2775/203 6078/2776/203 6071/2777/203
f 6079/2778/203 6069/2779/203 6070/2780/203
f 6082/2767/204 6092/2766/204 6085/2768/204
f 6093/2781/204 6087/2780/204 6084/2779/204
f 6095/2776/204 6089/2775/204 6086/2777/204
f 6088/2773/204 6063/2772/204 6059/2774/204
f 6073/2773/208 6097/2782/208 6088/2773/208
f 6089/2775/207 6081/2783/207 6072/2775/207
f 6095/2776/208 6071/2777/208 6078/2776/208
f 6087/2780/207 6079/2778/207 6070/2780/207
f 6093/2781/208 6069/2779/208 6076/2781/208
f 6085/2768/207 6077/2766/207 6068/2768/207
f 6091/2784/208 6067/2767/208 6074/2784/208
f 6083/2771/207 6075/2770/207 6066/2771/207
f 6075/2770/203 6061/2769/203 6066/2771/203
f 6010/2746/203 6012/2749/203 6013/2747/203
f 6015/2746/204 6016/2748/204 6017/2747/204
f 6012/2749/205 6014/2749/205 6017/2747/205
f 6011/2748/206 6016/2748/206 6015/2746/206
f 6018/2750/204 6022/2755/204 6030/2751/204
f 6023/2753/207 6024/2753/207 6020/2754/207
f 6025/2755/208 6022/2755/208 6018/2750/208
f 6021/2750/209 6018/2750/209 6026/2752/209
f 6024/2753/203 6032/2757/203 6028/2756/203
f 6033/2751/203 6025/2755/203 6021/2750/203
f 6031/2757/204 6023/2753/204 6019/2754/204
f 6033/2751/207 6029/2752/207 6026/2752/207
f 6020/2754/209 6028/2756/209 6027/2756/209
f 6028/2756/208 6032/2757/208 6031/2757/208
f 6035/2758/210 6034/2759/210 6037/2759/210
f 6041/2755/209 6038/2755/209 6039/2753/209
f 6034/2759/208 6038/2755/208 6041/2755/208
f 6035/2758/204 6039/2753/204 6038/2755/204
f 6037/2759/203 6041/2755/203 6040/2753/203
f 6035/2758/207 6036/2758/207 6040/2753/207
f 6044/2754/210 6043/2754/210 6042/2750/210
f 6042/2750/208 6046/2760/208 6049/2760/208
f 6042/2750/204 6043/2754/204 6047/2761/204
f 6045/2750/203 6049/2760/203 6048/2761/203
f 6044/2754/207 6048/2761/207 6047/2761/207
f 6050/2762/203 6051/2765/203 6053/2763/203
f 6055/2762/204 6054/2764/204 6057/2763/204
f 6053/2763/211 6057/2763/211 6054/2764/211
f 6055/2762/212 6056/2765/212 6051/2765/212
f 6077/2766/203 6074/2784/203 6067/2767/203
f 6058/2769/204 6062/2785/204 6090/2770/204
f 6064/2772/203 6080/2782/203 6073/2773/203
f 6072/2775/203 6081/2783/203 6078/2776/203
f 6079/2778/203 6076/2781/203 6069/2779/203
f 6082/2767/204 6091/2784/204 6092/2766/204
f 6093/2781/204 6094/2778/204 6087/2780/204
f 6095/2776/204 6096/2783/204 6089/2775/204
f 6088/2773/204 6097/2782/204 6063/2772/204
f 6073/2773/208 6080/2782/208 6097/2782/208
f 6089/2775/207 6096/2783/207 6081/2783/207
f 6095/2776/208 6086/2777/208 6071/2777/208
f 6087/2780/207 6094/2778/207 6079/2778/207
f 6093/2781/208 6084/2779/208 6069/2779/208
f 6085/2768/207 6092/2766/207 6077/2766/207
f 6091/2784/208 6082/2767/208 6067/2767/208
f 6083/2771/207 6090/2770/207 6075/2770/207
f 6075/2770/203 6065/2785/203 6061/2769/203
o Bld_Stable_01_Stall_Door_08
v 1.764407 1.070929 -3.671309
v 1.764407 0.112089 -2.815348
v 1.764407 1.115516 -3.628523
v 1.764407 0.156675 -2.772562
v 1.742492 1.115516 -3.628523
v 1.742492 1.070929 -3.671309
v 1.742492 0.112089 -2.815348
v 1.742492 0.156675 -2.772562
v 1.701072 0.134382 -2.701549
v 1.701072 0.134384 -3.739031
v 1.771809 0.134384 -3.739031
v 1.771809 0.134382 -2.701549
v 1.701072 1.091189 -2.701546
v 1.701072 1.091192 -3.739028
v 1.771809 1.091192 -3.739028
v 1.771809 1.091189 -2.701546
v 1.701072 0.134382 -2.797652
v 1.701072 0.134384 -3.642927
v 1.771809 0.134384 -3.642927
v 1.771809 0.134382 -2.797652
v 1.701072 1.091190 -2.797649
v 1.701072 1.091192 -3.642925
v 1.771809 1.091192 -3.642925
v 1.771809 1.091190 -2.797649
v 1.692230 1.226320 -2.701545
v 1.692230 1.226323 -3.739028
v 1.780651 1.226323 -3.739028
v 1.780651 1.226320 -2.701545
v 1.692230 1.091190 -2.701546
v 1.692230 1.091192 -3.739028
v 1.780651 1.091192 -3.739028
v 1.780651 1.091190 -2.701546
v 1.692230 0.134382 -2.701549
v 1.692230 0.134384 -3.739031
v 1.780651 0.134384 -3.739031
v 1.780651 0.134382 -2.701549
v 1.692230 -0.000227 -2.701548
v 1.692230 -0.000224 -3.739031
v 1.780651 -0.000224 -3.739031
v 1.780651 -0.000227 -2.701548
v 1.730389 1.070927 -2.772559
v 1.730389 0.112091 -3.628525
v 1.730389 1.115514 -2.815345
v 1.730389 0.156678 -3.671311
v 1.708474 1.115514 -2.815345
v 1.708474 1.070927 -2.772559
v 1.708474 0.112091 -3.628525
v 1.708474 0.156678 -3.671311
v 1.730389 0.134382 -2.798579
v 1.730389 0.134384 -3.642000
v 1.742492 0.134384 -3.642000
v 1.742492 0.134382 -2.798579
v 1.730389 1.091190 -2.798577
v 1.730389 1.091192 -3.641998
v 1.742492 1.091192 -3.641998
v 1.742492 1.091190 -2.798577
v 1.742492 0.134382 -2.965270
v 1.742492 0.134382 -2.969256
v 1.742492 0.134383 -3.133955
v 1.742492 0.134383 -3.137941
v 1.742492 0.134383 -3.302639
v 1.742492 0.134383 -3.306625
v 1.742492 0.134384 -3.471323
v 1.742492 0.134384 -3.475309
v 1.742492 1.091190 -2.969254
v 1.742492 1.091190 -2.965268
v 1.742492 1.091191 -3.137938
v 1.742492 1.091191 -3.133952
v 1.742492 1.091191 -3.306623
v 1.742492 1.091191 -3.302636
v 1.742492 1.091192 -3.475307
v 1.742492 1.091192 -3.471320
v 1.730389 0.134382 -2.969256
v 1.730389 0.134382 -2.965270
v 1.730389 0.134383 -3.137941
v 1.730389 0.134383 -3.133955
v 1.730389 0.134383 -3.306625
v 1.730389 0.134383 -3.302639
v 1.730389 0.134384 -3.475309
v 1.730389 0.134384 -3.471323
v 1.730389 1.091190 -2.965268
v 1.730389 1.091190 -2.969254
v 1.730389 1.091191 -3.133952
v 1.730389 1.091191 -3.137938
v 1.730389 1.091191 -3.302636
v 1.730389 1.091191 -3.306623
v 1.730389 1.091192 -3.471320
v 1.730389 1.091192 -3.475307
vn 1.0000 -0.0000 -0.0000
vn -1.0000 -0.0000 -0.0000
vn -0.0000 0.6660 0.7460
vn -0.0000 -0.6660 -0.7460
vn -0.0000 -0.0000 -1.0000
vn -0.0000 -0.0000 1.0000
vn -0.0000 -1.0000 -0.0000
vn -0.0000 1.0000 -0.0000
vn -0.0000 0.6660 -0.7460
vn -0.0000 -0.6660 0.7460
vt 0.076074 0.949660
vt 0.072247 0.929504
vt 0.072429 0.928521
vt 0.075892 0.950643
vt 0.071945 0.929012
vt 0.072354 0.950107
vt 0.072354 0.929012
vt 0.076363 0.950107
vt 0.076363 0.929012
vt 0.071945 0.950107
vt 0.075953 0.929012
vt 0.075953 0.950107
vt 0.076363 0.953086
vt 0.071945 0.953086
vt 0.071945 0.926045
vt 0.076363 0.926045
vt 0.072247 0.949660
vt 0.076074 0.929504
vt 0.072429 0.950643
vt 0.075892 0.928521
vt 0.573675 0.984706
vt 0.573419 0.849864
vt 0.573675 0.849864
vt 0.580124 0.818000
vt 0.580383 0.952843
vt 0.580383 0.818000
vt 0.574466 0.984706
vt 0.574206 0.849864
vt 0.574466 0.849864
vt 0.581170 0.818000
vt 0.580914 0.952843
vt 0.580914 0.818000
vt 0.580908 0.952843
vt 0.580652 0.818000
vt 0.580908 0.818000
vt 0.580652 0.952843
vt 0.574206 0.984706
vt 0.581170 0.952843
vt 0.573419 0.984706
vt 0.580124 0.952843
s 0
usemtl Texture_Map
f 6098/2786/213 6101/2787/213 6099/2788/213
f 6103/2786/214 6105/2787/214 6102/2789/214
f 6100/2789/215 6105/2787/215 6101/2787/215
f 6099/2788/216 6103/2786/216 6098/2786/216
f 6106/2790/214 6118/2791/214 6114/2792/214
f 6111/2793/217 6108/2794/217 6107/2794/217
f 6113/2795/218 6106/2790/218 6109/2790/218
f 6109/2790/219 6114/2792/219 6117/2792/219
f 6112/2793/213 6116/2796/213 6108/2794/213
f 6121/2791/213 6109/2790/213 6117/2792/213
f 6119/2797/214 6107/2794/214 6115/2796/214
f 6121/2791/217 6114/2792/217 6118/2791/217
f 6108/2794/219 6115/2796/219 6107/2794/219
f 6116/2796/218 6119/2797/218 6115/2796/218
f 6123/2798/220 6125/2799/220 6124/2798/220
f 6129/2795/219 6127/2793/219 6128/2793/219
f 6122/2799/218 6129/2795/218 6125/2799/218
f 6123/2798/214 6126/2795/214 6122/2799/214
f 6125/2799/213 6128/2793/213 6124/2798/213
f 6123/2798/217 6128/2793/217 6127/2793/217
f 6132/2794/220 6130/2790/220 6133/2790/220
f 6130/2790/218 6137/2800/218 6133/2790/218
f 6130/2790/214 6135/2801/214 6134/2800/214
f 6133/2790/213 6136/2801/213 6132/2794/213
f 6132/2794/217 6135/2801/217 6131/2794/217
f 6138/2802/213 6141/2803/213 6140/2804/213
f 6143/2802/214 6145/2803/214 6144/2805/214
f 6141/2803/221 6142/2804/221 6140/2804/221
f 6143/2802/222 6139/2805/222 6138/2802/222
f 6165/2806/213 6155/2807/213 6156/2808/213
f 6146/2809/214 6178/2810/214 6171/2811/214
f 6152/2812/213 6161/2813/213 6148/2814/213
f 6160/2815/213 6166/2816/213 6159/2817/213
f 6167/2818/213 6157/2819/213 6158/2820/213
f 6170/2807/214 6180/2806/214 6173/2808/214
f 6181/2821/214 6175/2820/214 6172/2819/214
f 6183/2816/214 6177/2815/214 6174/2817/214
f 6176/2813/214 6151/2812/214 6147/2814/214
f 6161/2813/218 6185/2822/218 6176/2813/218
f 6177/2815/217 6169/2823/217 6160/2815/217
f 6183/2816/218 6159/2817/218 6166/2816/218
f 6175/2820/217 6167/2818/217 6158/2820/217
f 6181/2821/218 6157/2819/218 6164/2821/218
f 6173/2808/217 6165/2806/217 6156/2808/217
f 6179/2824/218 6155/2807/218 6162/2824/218
f 6171/2811/217 6163/2810/217 6154/2811/217
f 6163/2810/213 6149/2809/213 6154/2811/213
f 6098/2786/213 6100/2789/213 6101/2787/213
f 6103/2786/214 6104/2788/214 6105/2787/214
f 6100/2789/215 6102/2789/215 6105/2787/215
f 6099/2788/216 6104/2788/216 6103/2786/216
f 6106/2790/214 6110/2795/214 6118/2791/214
f 6111/2793/217 6112/2793/217 6108/2794/217
f 6113/2795/218 6110/2795/218 6106/2790/218
f 6109/2790/219 6106/2790/219 6114/2792/219
f 6112/2793/213 6120/2797/213 6116/2796/213
f 6121/2791/213 6113/2795/213 6109/2790/213
f 6119/2797/214 6111/2793/214 6107/2794/214
f 6121/2791/217 6117/2792/217 6114/2792/217
f 6108/2794/219 6116/2796/219 6115/2796/219
f 6116/2796/218 6120/2797/218 6119/2797/218
f 6123/2798/220 6122/2799/220 6125/2799/220
f 6129/2795/219 6126/2795/219 6127/2793/219
f 6122/2799/218 6126/2795/218 6129/2795/218
f 6123/2798/214 6127/2793/214 6126/2795/214
f 6125/2799/213 6129/2795/213 6128/2793/213
f 6123/2798/217 6124/2798/217 6128/2793/217
f 6132/2794/220 6131/2794/220 6130/2790/220
f 6130/2790/218 6134/2800/218 6137/2800/218
f 6130/2790/214 6131/2794/214 6135/2801/214
f 6133/2790/213 6137/2800/213 6136/2801/213
f 6132/2794/217 6136/2801/217 6135/2801/217
f 6138/2802/213 6139/2805/213 6141/2803/213
f 6143/2802/214 6142/2804/214 6145/2803/214
f 6141/2803/221 6145/2803/221 6142/2804/221
f 6143/2802/222 6144/2805/222 6139/2805/222
f 6165/2806/213 6162/2824/213 6155/2807/213
f 6146/2809/214 6150/2825/214 6178/2810/214
f 6152/2812/213 6168/2822/213 6161/2813/213
f 6160/2815/213 6169/2823/213 6166/2816/213
f 6167/2818/213 6164/2821/213 6157/2819/213
f 6170/2807/214 6179/2824/214 6180/2806/214
f 6181/2821/214 6182/2818/214 6175/2820/214
f 6183/2816/214 6184/2823/214 6177/2815/214
f 6176/2813/214 6185/2822/214 6151/2812/214
f 6161/2813/218 6168/2822/218 6185/2822/218
f 6177/2815/217 6184/2823/217 6169/2823/217
f 6183/2816/218 6174/2817/218 6159/2817/218
f 6175/2820/217 6182/2818/217 6167/2818/217
f 6181/2821/218 6172/2819/218 6157/2819/218
f 6173/2808/217 6180/2806/217 6165/2806/217
f 6179/2824/218 6170/2807/218 6155/2807/218
f 6171/2811/217 6178/2810/217 6163/2810/217
f 6163/2810/213 6153/2825/213 6149/2809/213
o Bld_Stable_Slide_Door_Left_01
v -0.130043 1.337362 10.611669
v -1.625487 1.337361 10.611669
v -1.625487 1.337362 10.516471
v -0.130043 1.337362 10.516471
v -0.130043 0.247611 10.611667
v -1.625487 0.247611 10.611666
v -1.625487 0.247611 10.516468
v -0.130043 0.247611 10.516469
v -0.377581 1.337362 10.611669
v -0.380985 1.337362 10.611669
v -0.626822 1.337362 10.611669
v -0.630226 1.337362 10.611669
v -0.876063 1.337362 10.611669
v -0.879467 1.337362 10.611669
v -1.125304 1.337362 10.611669
v -1.128708 1.337362 10.611669
v -1.374545 1.337361 10.611669
v -1.377948 1.337361 10.611669
v -0.380985 0.247611 10.611667
v -0.377581 0.247611 10.611667
v -0.630226 0.247611 10.611667
v -0.626822 0.247611 10.611667
v -0.879467 0.247611 10.611667
v -0.876063 0.247611 10.611667
v -1.128708 0.247611 10.611666
v -1.125304 0.247611 10.611666
v -1.377948 0.247611 10.611666
v -1.374545 0.247611 10.611666
v -1.377948 1.337362 10.516471
v -1.374544 1.337362 10.516471
v -1.128707 1.337362 10.516471
v -1.125304 1.337362 10.516471
v -0.879467 1.337362 10.516471
v -0.876063 1.337362 10.516471
v -0.630226 1.337362 10.516471
v -0.626822 1.337362 10.516471
v -0.380985 1.337362 10.516471
v -0.377581 1.337362 10.516471
v -1.374544 0.247611 10.516468
v -1.377948 0.247611 10.516468
v -1.125304 0.247611 10.516468
v -1.128707 0.247611 10.516468
v -0.876063 0.247611 10.516469
v -0.879467 0.247611 10.516469
v -0.626822 0.247611 10.516469
v -0.630226 0.247611 10.516469
v -0.377581 0.247611 10.516469
v -0.380985 0.247611 10.516469
v -0.022378 0.000101 10.492239
v -1.733153 0.000101 10.492239
v -1.733153 0.000101 10.635896
v -0.022378 0.000101 10.635896
v -1.733153 0.247611 10.492239
v -0.022378 0.247611 10.492240
v -1.733153 0.247611 10.635896
v -0.022378 0.247611 10.635897
v -1.733153 1.337362 10.495444
v -0.022378 1.337362 10.495444
v -1.733153 1.337361 10.632696
v -0.022378 1.337362 10.632696
v -1.733153 0.247611 10.495441
v -0.022378 0.247611 10.495441
v -1.733153 0.247611 10.632693
v -0.022378 0.247611 10.632694
v -0.130043 1.337362 10.632696
v -1.625487 1.337361 10.632696
v -1.625487 1.337362 10.495444
v -0.130043 1.337362 10.495444
v -0.130043 0.247611 10.632694
v -1.625487 0.247611 10.632693
v -1.625487 0.247611 10.495441
v -0.130042 0.247611 10.495441
v -1.733153 1.547881 10.495444
v -0.022378 1.547881 10.495445
v -1.733153 1.547881 10.632697
v -0.022378 1.547881 10.632697
v -1.625487 1.547881 10.632697
v -0.130043 1.547881 10.632697
v -0.130043 1.547881 10.495445
v -1.625487 1.547881 10.495444
v -1.733153 2.305643 10.495446
v -0.022378 2.305643 10.495447
v -1.733153 2.305642 10.632699
v -0.022378 2.305642 10.632699
v -1.625487 2.305643 10.495446
v -0.130043 2.305643 10.495447
v -1.625487 2.305642 10.632699
v -0.130043 2.305642 10.632699
v -0.099321 1.317769 10.611669
v -0.156929 1.359749 10.611670
v -1.656209 0.267203 10.611666
v -1.598601 0.225223 10.611666
v -0.877765 0.750507 10.611668
v -0.820157 0.792486 10.611668
v -0.820157 0.792486 10.629656
v -0.877765 0.750507 10.629656
v -0.156929 1.359749 10.629658
v -0.099321 1.317769 10.629657
v -1.598601 0.225223 10.629654
v -1.656209 0.267203 10.629654
v -1.598601 1.359749 10.614166
v -1.656209 1.317769 10.614166
v -0.156928 0.225224 10.614163
v -0.099321 0.267203 10.614163
v -0.877765 0.750507 10.614164
v -0.935372 0.792486 10.614164
v -0.877765 0.834466 10.614165
v -0.820157 0.792486 10.614164
v -0.820157 0.792486 10.625976
v -0.877765 0.750507 10.625976
v -0.935372 0.792486 10.625976
v -0.877765 0.834466 10.625976
v -0.099321 0.267203 10.625975
v -0.156928 0.225224 10.625975
v -1.656209 1.317769 10.625977
v -1.598601 1.359749 10.625977
v -1.650973 1.317770 10.498483
v -1.593365 1.359749 10.498483
v -0.094085 0.267203 10.498481
v -0.151692 0.225224 10.498481
v -0.872529 0.750507 10.498482
v -0.930136 0.792486 10.498482
v -0.930136 0.792486 10.516470
v -0.872529 0.750507 10.516470
v -1.593365 1.359749 10.516471
v -1.650973 1.317769 10.516471
v -0.151692 0.225224 10.516469
v -0.094085 0.267203 10.516469
v -0.151692 1.359749 10.500980
v -0.094085 1.317770 10.500980
v -1.593365 0.225223 10.500978
v -1.650973 0.267203 10.500978
v -0.872529 0.750507 10.500978
v -0.814921 0.792486 10.500978
v -0.872529 0.834466 10.500979
v -0.930136 0.792486 10.500978
v -0.930136 0.792486 10.512790
v -0.872529 0.750507 10.512790
v -0.814921 0.792486 10.512790
v -0.872529 0.834466 10.512790
v -1.650973 0.267203 10.512788
v -1.593365 0.225223 10.512788
v -0.094085 1.317770 10.512791
v -0.151692 1.359749 10.512792
v -1.265260 1.547881 10.573904
v -1.237992 1.547881 10.573904
v -0.891399 1.547881 10.573904
v -0.864131 1.547881 10.573904
v -0.517537 1.547881 10.573904
v -0.490270 1.547881 10.573904
v -0.490270 2.305643 10.573906
v -0.517537 2.305643 10.573906
v -0.864131 2.305642 10.573906
v -0.891399 2.305642 10.573906
v -1.237992 2.305642 10.573906
v -1.265260 2.305642 10.573906
v -1.625487 2.065952 10.573905
v -1.625487 2.040158 10.573905
v -1.625487 1.813365 10.573905
v -1.625487 1.787571 10.573904
v -0.130043 2.040158 10.573905
v -0.130043 2.065952 10.573905
v -0.130043 1.787571 10.573905
v -0.130043 1.813365 10.573905
v -1.265260 2.065952 10.573905
v -1.237992 2.065952 10.573905
v -1.237992 2.040158 10.573905
v -1.265260 2.040158 10.573905
v -1.265260 1.787571 10.573905
v -1.265260 1.813365 10.573905
v -1.237992 1.813365 10.573905
v -1.237992 1.787571 10.573905
v -0.891399 2.065952 10.573905
v -0.864131 2.065952 10.573905
v -0.864131 2.040158 10.573905
v -0.891399 2.040158 10.573905
v -0.891399 1.787571 10.573905
v -0.891399 1.813365 10.573905
v -0.864131 1.813365 10.573905
v -0.864131 1.787571 10.573905
v -0.490270 2.065952 10.573905
v -0.490270 2.040158 10.573905
v -0.517537 2.040158 10.573905
v -0.517537 2.065952 10.573905
v -0.490270 1.787571 10.573905
v -0.517537 1.787571 10.573905
v -0.517537 1.813365 10.573905
v -0.490270 1.813365 10.573905
v -1.265260 1.547881 10.553324
v -1.237992 1.547881 10.553324
v -0.891399 1.547881 10.553324
v -0.864131 1.547881 10.553324
v -0.517537 1.547881 10.553325
v -0.490270 1.547881 10.553325
v -0.490270 2.305643 10.553327
v -0.517537 2.305643 10.553327
v -0.864131 2.305642 10.553326
v -0.891399 2.305642 10.553326
v -1.237992 2.305642 10.553326
v -1.265260 2.305642 10.553326
v -1.625487 2.065952 10.553326
v -1.625487 2.040158 10.553326
v -1.625487 1.813365 10.553325
v -1.625487 1.787571 10.553325
v -0.130043 2.040158 10.553326
v -0.130043 2.065952 10.553326
v -0.130043 1.787571 10.553325
v -0.130043 1.813365 10.553325
v -1.265260 2.065952 10.553326
v -1.237992 2.065952 10.553326
v -1.237992 2.040158 10.553326
v -1.265260 2.040158 10.553326
v -1.265260 1.787571 10.553325
v -1.265260 1.813365 10.553325
v -1.237992 1.813365 10.553325
v -1.237992 1.787571 10.553325
v -0.891399 2.065952 10.553326
v -0.864131 2.065952 10.553326
v -0.864131 2.040158 10.553326
v -0.891399 2.040158 10.553326
v -0.891399 1.787571 10.553325
v -0.891399 1.813365 10.553325
v -0.864131 1.813365 10.553325
v -0.864131 1.787571 10.553325
v -0.490270 2.065952 10.553326
v -0.490270 2.040158 10.553326
v -0.517537 2.040158 10.553326
v -0.517537 2.065952 10.553326
v -0.490270 1.787571 10.553325
v -0.517537 1.787571 10.553325
v -0.517537 1.813365 10.553325
v -0.490270 1.813365 10.553325
v -1.733153 1.337362 10.492242
v -1.733153 1.337361 10.635899
v -0.022378 1.337361 10.635899
v -0.022378 1.337362 10.492243
v -1.733153 1.547881 10.492243
v -1.733153 1.547881 10.635900
v -0.022378 1.547881 10.635900
v -0.022378 1.547881 10.492243
v -1.733153 2.305643 10.492245
v -1.733153 2.305642 10.635901
v -0.022378 2.305642 10.635901
v -0.022378 2.305643 10.492245
v -1.733153 2.477921 10.492245
v -1.733153 2.477921 10.635901
v -0.022378 2.477921 10.635902
v -0.022378 2.477921 10.492246
vn -0.0000 -0.0000 1.0000
vn -0.0000 -0.0000 -1.0000
vn 1.0000 -0.0000 -0.0000
vn -1.0000 -0.0000 -0.0000
vn -0.0000 1.0000 -0.0000
vn 0.5889 -0.8082 -0.0000
vn -0.5889 0.8082 -0.0000
vn 0.5889 0.8082 -0.0000
vn -0.5889 -0.8082 -0.0000
vn -0.0000 -1.0000 -0.0000
vt 0.605963 0.702733
vt 0.606077 0.781450
vt 0.605963 0.781450
vt 0.605614 0.781450
vt 0.605500 0.702733
vt 0.605500 0.781450
vt 0.616944 0.677443
vt 0.617058 0.756160
vt 0.616944 0.756160
vt 0.617060 0.677443
vt 0.617174 0.756160
vt 0.617060 0.756160
vt 0.605847 0.702733
vt 0.605961 0.781450
vt 0.605847 0.781450
vt 0.617521 0.756160
vt 0.617406 0.677443
vt 0.617406 0.756160
vt 0.605614 0.702733
vt 0.617058 0.677443
vt 0.617174 0.677443
vt 0.605961 0.702733
vt 0.606077 0.702733
vt 0.576499 0.632829
vt 0.575287 0.627373
vt 0.575287 0.632829
vt 0.576499 0.627373
vt 0.575287 0.656851
vt 0.576423 0.632829
vt 0.576499 0.656851
vt 0.576423 0.656851
vt 0.575364 0.656851
vt 0.575364 0.632829
vt 0.575364 0.678196
vt 0.575287 0.678196
vt 0.576499 0.678196
vt 0.576499 0.661492
vt 0.576423 0.661492
vt 0.576423 0.678196
vt 0.575287 0.661492
vt 0.575364 0.661492
vt 0.816754 0.885067
vt 0.817264 0.919696
vt 0.817223 0.922464
vt 0.816713 0.882300
vt 0.816202 0.847671
vt 0.816161 0.850438
vt 0.817223 0.847671
vt 0.817264 0.850438
vt 0.816672 0.885067
vt 0.816202 0.922464
vt 0.816161 0.919696
vt 0.816713 0.887834
vt 0.816206 0.922464
vt 0.816716 0.882300
vt 0.816676 0.885067
vt 0.817268 0.850438
vt 0.817227 0.847671
vt 0.816165 0.919696
vt 0.816206 0.847671
vt 0.816757 0.885067
vt 0.817227 0.922464
vt 0.817268 0.919696
vt 0.816165 0.850438
vt 0.816716 0.887834
vt 0.816986 0.897136
vt 0.816999 0.899772
vt 0.816986 0.899772
vt 0.816999 0.871316
vt 0.816986 0.873953
vt 0.816986 0.871316
vt 0.817160 0.897136
vt 0.817172 0.899772
vt 0.817160 0.899772
vt 0.817172 0.871316
vt 0.817160 0.873953
vt 0.817160 0.871316
vt 0.817333 0.899772
vt 0.817346 0.897136
vt 0.817346 0.899772
vt 0.817346 0.873953
vt 0.817333 0.871316
vt 0.817346 0.871316
vt 0.816999 0.846815
vt 0.817172 0.846815
vt 0.817333 0.846815
vt 0.817346 0.846815
vt 0.816986 0.924273
vt 0.816999 0.924273
vt 0.816999 0.873953
vt 0.816999 0.897136
vt 0.817160 0.924273
vt 0.817172 0.924273
vt 0.817172 0.873953
vt 0.817172 0.897136
vt 0.817333 0.924273
vt 0.817346 0.924273
vt 0.817333 0.897136
vt 0.817333 0.873953
vt 0.816819 0.897136
vt 0.816819 0.871316
vt 0.817513 0.899772
vt 0.817513 0.897136
vt 0.817513 0.873953
vt 0.817513 0.871316
vt 0.816819 0.899772
vt 0.816819 0.873953
vt 0.816986 0.846815
vt 0.817160 0.846815
vt 0.575287 0.681994
vt 0.576499 0.681994
vt 0.617521 0.677443
s 0
usemtl Texture_Map
f 6207/2826/223 6195/2827/223 6196/2828/223
f 6214/2829/224 6192/2830/224 6188/2831/224
f 6191/2830/223 6203/2829/223 6187/2831/223
f 6213/2832/223 6201/2833/223 6202/2834/223
f 6211/2835/223 6199/2836/223 6200/2837/223
f 6209/2838/223 6197/2839/223 6198/2840/223
f 6216/2833/224 6224/2832/224 6215/2834/224
f 6218/2836/224 6226/2835/224 6217/2837/224
f 6220/2839/224 6228/2838/224 6219/2840/224
f 6222/2827/224 6230/2826/224 6221/2828/224
f 6189/2841/224 6232/2842/224 6223/2843/224
f 6205/2842/223 6186/2841/223 6194/2843/223
f 6225/2844/225 6203/2829/225 6212/2844/225
f 6215/2834/226 6213/2832/226 6202/2834/226
f 6227/2845/225 6201/2833/225 6210/2845/225
f 6217/2837/226 6211/2835/226 6200/2837/226
f 6229/2846/225 6199/2836/225 6208/2846/225
f 6219/2840/226 6209/2838/226 6198/2840/226
f 6231/2847/225 6197/2839/225 6206/2847/225
f 6221/2828/226 6207/2826/226 6196/2828/226
f 6233/2848/225 6195/2827/225 6204/2848/225
f 6223/2843/226 6205/2842/226 6194/2843/226
f 6239/2849/224 6235/2850/224 6238/2851/224
f 6241/2849/225 6234/2852/225 6239/2849/225
f 6236/2850/223 6241/2849/223 6240/2851/223
f 6236/2850/226 6238/2851/226 6235/2850/226
f 6239/2849/227 6240/2851/227 6241/2849/227
f 6248/2851/226 6242/2853/226 6246/2851/226
f 6254/2854/223 6245/2855/223 6250/2856/223
f 6245/2855/225 6247/2849/225 6243/2855/225
f 6243/2855/224 6257/2854/224 6253/2856/224
f 6252/2857/224 6246/2851/224 6242/2853/224
f 6248/2851/223 6251/2857/223 6244/2853/223
f 6254/2854/226 6253/2856/226 6257/2854/226
f 6252/2857/225 6255/2858/225 6256/2858/225
f 6270/2859/227 6268/2860/227 6272/2859/227
f 6269/2861/225 6259/2862/225 6267/2861/225
f 6263/2863/223 6269/2861/223 6273/2864/223
f 6267/2861/224 6264/2863/224 6271/2864/224
f 6270/2859/224 6258/2865/224 6266/2860/224
f 6260/2865/223 6272/2859/223 6268/2860/223
f 6260/2865/226 6266/2860/226 6258/2865/226
f 6262/2866/225 6270/2859/225 6272/2859/225
f 6280/2867/223 6283/2868/223 6282/2869/223
f 6281/2870/228 6277/2871/228 6278/2870/228
f 6285/2872/229 6275/2869/229 6276/2872/229
f 6288/2873/224 6293/2867/224 6289/2874/224
f 6283/2868/228 6279/2867/228 6274/2868/228
f 6299/2873/223 6294/2867/223 6295/2870/223
f 6296/2875/223 6301/2876/223 6300/2877/223
f 6294/2867/230 6289/2874/230 6293/2867/230
f 6301/2876/230 6292/2878/230 6286/2876/230
f 6288/2873/231 6295/2870/231 6290/2870/231
f 6296/2875/231 6287/2877/231 6291/2875/231
f 6278/2870/224 6277/2871/224 6276/2872/224
f 6303/2879/224 6306/2880/224 6307/2881/224
f 6313/2882/223 6310/2879/223 6309/2880/223
f 6306/2880/231 6312/2883/231 6309/2880/231
f 6307/2881/231 6311/2884/231 6302/2884/231
f 6313/2882/230 6303/2879/230 6310/2879/230
f 6316/2885/224 6321/2881/224 6318/2880/224
f 6319/2886/224 6314/2887/224 6315/2888/224
f 6327/2885/223 6322/2881/223 6326/2889/223
f 6324/2886/223 6329/2887/223 6325/2890/223
f 6321/2881/229 6326/2889/229 6322/2881/229
f 6320/2890/229 6329/2887/229 6314/2887/229
f 6327/2885/228 6318/2880/228 6323/2880/228
f 6315/2888/228 6324/2886/228 6319/2886/228
f 6271/2864/226 6263/2863/226 6273/2864/226
f 6273/2864/227 6267/2861/227 6271/2864/227
f 6353/2891/223 6351/2892/223 6350/2893/223
f 6357/2894/223 6355/2895/223 6354/2896/223
f 6361/2897/223 6359/2898/223 6358/2899/223
f 6365/2900/223 6363/2901/223 6362/2902/223
f 6369/2903/223 6367/2904/223 6366/2905/223
f 6373/2906/223 6371/2907/223 6370/2908/223
f 6354/2896/223 6331/2909/223 6357/2894/223
f 6362/2902/223 6333/2910/223 6365/2900/223
f 6370/2908/223 6334/2911/223 6335/2912/223
f 6341/2913/223 6351/2892/223 6340/2914/223
f 6353/2891/223 6356/2915/223 6352/2916/223
f 6339/2917/223 6359/2898/223 6338/2918/223
f 6361/2897/223 6364/2919/223 6360/2920/223
f 6337/2921/223 6366/2905/223 6336/2922/223
f 6368/2923/223 6373/2906/223 6367/2904/223
f 6369/2903/223 6360/2920/223 6368/2923/223
f 6372/2924/223 6365/2900/223 6371/2907/223
f 6358/2899/223 6352/2916/223 6361/2897/223
f 6363/2901/223 6357/2894/223 6362/2902/223
f 6350/2893/223 6343/2925/223 6353/2891/223
f 6355/2895/223 6345/2926/223 6354/2896/223
f 6347/2927/223 6367/2904/223 6346/2928/223
f 6349/2929/223 6370/2908/223 6348/2930/223
f 6395/2892/224 6397/2891/224 6394/2893/224
f 6399/2895/224 6401/2894/224 6398/2896/224
f 6403/2898/224 6405/2897/224 6402/2899/224
f 6407/2901/224 6409/2900/224 6406/2902/224
f 6411/2904/224 6413/2903/224 6410/2905/224
f 6415/2907/224 6417/2906/224 6414/2908/224
f 6375/2909/224 6398/2896/224 6401/2894/224
f 6377/2910/224 6406/2902/224 6409/2900/224
f 6414/2908/224 6378/2911/224 6415/2907/224
f 6395/2892/224 6385/2913/224 6384/2914/224
f 6400/2915/224 6397/2891/224 6396/2916/224
f 6403/2898/224 6383/2917/224 6382/2918/224
f 6408/2919/224 6405/2897/224 6404/2920/224
f 6410/2905/224 6381/2921/224 6380/2922/224
f 6417/2906/224 6412/2923/224 6411/2904/224
f 6404/2920/224 6413/2903/224 6412/2923/224
f 6409/2900/224 6416/2924/224 6415/2907/224
f 6396/2916/224 6402/2899/224 6405/2897/224
f 6401/2894/224 6407/2901/224 6406/2902/224
f 6387/2925/224 6394/2893/224 6397/2891/224
f 6389/2926/224 6399/2895/224 6398/2896/224
f 6411/2904/224 6391/2927/224 6390/2928/224
f 6414/2908/224 6393/2929/224 6392/2930/224
f 6339/2917/226 6402/2899/226 6358/2899/226
f 6349/2929/227 6417/2906/227 6373/2906/227
f 6357/2894/232 6406/2902/232 6362/2902/232
f 6364/2919/225 6404/2920/225 6360/2920/225
f 6363/2901/227 6400/2915/227 6356/2915/227
f 6371/2907/226 6378/2911/226 6334/2911/226
f 6361/2897/226 6407/2901/226 6363/2901/226
f 6343/2925/232 6397/2891/232 6353/2891/232
f 6366/2905/225 6380/2922/225 6336/2922/225
f 6350/2893/227 6386/2931/227 6342/2931/227
f 6337/2921/226 6413/2903/226 6369/2903/226
f 6345/2926/232 6398/2896/232 6354/2896/232
f 6373/2906/225 6411/2904/225 6367/2904/225
f 6368/2923/226 6416/2924/226 6372/2924/226
f 6331/2909/225 6401/2894/225 6357/2894/225
f 6351/2892/225 6384/2914/225 6340/2914/225
f 6355/2895/227 6388/2932/227 6344/2932/227
f 6360/2920/232 6412/2923/232 6368/2923/232
f 6341/2913/226 6394/2893/226 6350/2893/226
f 6369/2903/227 6403/2898/227 6359/2898/227
f 6354/2896/226 6374/2933/226 6330/2933/226
f 6356/2915/225 6396/2916/225 6352/2916/225
f 6367/2904/232 6390/2928/232 6346/2928/232
f 6365/2900/232 6415/2907/232 6371/2907/232
f 6333/2910/225 6409/2900/225 6365/2900/225
f 6353/2891/226 6399/2895/226 6355/2895/226
f 6347/2927/227 6410/2905/227 6366/2905/227
f 6372/2924/227 6408/2919/227 6364/2919/227
f 6352/2916/232 6405/2897/232 6361/2897/232
f 6362/2902/226 6376/2934/226 6332/2934/226
f 6359/2898/225 6382/2918/225 6338/2918/225
f 6370/2908/232 6392/2930/232 6348/2930/232
f 6358/2899/227 6395/2892/227 6351/2892/227
f 6335/2912/225 6414/2908/225 6370/2908/225
f 6419/2853/232 6421/2855/232 6420/2855/232
f 6425/2862/227 6423/2865/227 6424/2862/227
f 6423/2865/226 6418/2853/226 6419/2853/226
f 6425/2862/225 6420/2855/225 6421/2855/225
f 6424/2862/223 6419/2853/223 6420/2855/223
f 6422/2865/224 6421/2855/224 6418/2853/224
f 6427/2860/232 6429/2861/232 6428/2861/232
f 6431/2935/226 6426/2860/226 6427/2860/226
f 6433/2936/225 6428/2861/225 6429/2861/225
f 6432/2936/223 6427/2860/223 6428/2861/223
f 6430/2935/224 6429/2861/224 6426/2860/224
f 6291/2875/224 6286/2876/224 6292/2878/224
f 6207/2826/223 6204/2848/223 6195/2827/223
f 6214/2829/224 6225/2844/224 6192/2830/224
f 6191/2830/223 6212/2844/223 6203/2829/223
f 6213/2832/223 6210/2845/223 6201/2833/223
f 6211/2835/223 6208/2846/223 6199/2836/223
f 6209/2838/223 6206/2847/223 6197/2839/223
f 6216/2833/224 6227/2845/224 6224/2832/224
f 6218/2836/224 6229/2846/224 6226/2835/224
f 6220/2839/224 6231/2847/224 6228/2838/224
f 6222/2827/224 6233/2848/224 6230/2826/224
f 6189/2841/224 6193/2937/224 6232/2842/224
f 6205/2842/223 6190/2937/223 6186/2841/223
f 6225/2844/225 6214/2829/225 6203/2829/225
f 6215/2834/226 6224/2832/226 6213/2832/226
f 6227/2845/225 6216/2833/225 6201/2833/225
f 6217/2837/226 6226/2835/226 6211/2835/226
f 6229/2846/225 6218/2836/225 6199/2836/225
f 6219/2840/226 6228/2838/226 6209/2838/226
f 6231/2847/225 6220/2839/225 6197/2839/225
f 6221/2828/226 6230/2826/226 6207/2826/226
f 6233/2848/225 6222/2827/225 6195/2827/225
f 6223/2843/226 6232/2842/226 6205/2842/226
f 6239/2849/224 6234/2852/224 6235/2850/224
f 6241/2849/225 6237/2852/225 6234/2852/225
f 6236/2850/223 6237/2852/223 6241/2849/223
f 6236/2850/226 6240/2851/226 6238/2851/226
f 6239/2849/227 6238/2851/227 6240/2851/227
f 6248/2851/226 6244/2853/226 6242/2853/226
f 6254/2854/223 6249/2849/223 6245/2855/223
f 6245/2855/225 6249/2849/225 6247/2849/225
f 6243/2855/224 6247/2849/224 6257/2854/224
f 6252/2857/224 6256/2858/224 6246/2851/224
f 6248/2851/223 6255/2858/223 6251/2857/223
f 6254/2854/226 6250/2856/226 6253/2856/226
f 6252/2857/225 6251/2857/225 6255/2858/225
f 6270/2859/227 6266/2860/227 6268/2860/227
f 6269/2861/225 6261/2862/225 6259/2862/225
f 6263/2863/223 6261/2862/223 6269/2861/223
f 6267/2861/224 6259/2862/224 6264/2863/224
f 6270/2859/224 6265/2866/224 6258/2865/224
f 6260/2865/223 6262/2866/223 6272/2859/223
f 6260/2865/226 6268/2860/226 6266/2860/226
f 6262/2866/225 6265/2866/225 6270/2859/225
f 6282/2869/223 6285/2872/223 6281/2870/223
f 6285/2872/223 6284/2871/223 6281/2870/223
f 6282/2869/223 6281/2870/223 6280/2867/223
f 6281/2870/228 6284/2871/228 6277/2871/228
f 6285/2872/229 6282/2869/229 6275/2869/229
f 6288/2873/224 6290/2870/224 6293/2867/224
f 6283/2868/228 6280/2867/228 6279/2867/228
f 6299/2873/223 6298/2874/223 6294/2867/223
f 6296/2875/223 6297/2878/223 6301/2876/223
f 6294/2867/230 6298/2874/230 6289/2874/230
f 6301/2876/230 6297/2878/230 6292/2878/230
f 6288/2873/231 6299/2873/231 6295/2870/231
f 6296/2875/231 6300/2877/231 6287/2877/231
f 6276/2872/224 6275/2869/224 6278/2870/224
f 6275/2869/224 6274/2868/224 6279/2867/224
f 6279/2867/224 6278/2870/224 6275/2869/224
f 6307/2881/224 6302/2884/224 6303/2879/224
f 6303/2879/224 6304/2882/224 6306/2880/224
f 6304/2882/224 6305/2883/224 6306/2880/224
f 6310/2879/223 6311/2884/223 6308/2881/223
f 6308/2881/223 6309/2880/223 6310/2879/223
f 6309/2880/223 6312/2883/223 6313/2882/223
f 6306/2880/231 6305/2883/231 6312/2883/231
f 6307/2881/231 6308/2881/231 6311/2884/231
f 6313/2882/230 6304/2882/230 6303/2879/230
f 6316/2885/224 6317/2889/224 6321/2881/224
f 6319/2886/224 6320/2890/224 6314/2887/224
f 6327/2885/223 6323/2880/223 6322/2881/223
f 6324/2886/223 6328/2888/223 6329/2887/223
f 6321/2881/229 6317/2889/229 6326/2889/229
f 6320/2890/229 6325/2890/229 6329/2887/229
f 6327/2885/228 6316/2885/228 6318/2880/228
f 6315/2888/228 6328/2888/228 6324/2886/228
f 6271/2864/226 6264/2863/226 6263/2863/226
f 6273/2864/227 6269/2861/227 6267/2861/227
f 6353/2891/223 6352/2916/223 6351/2892/223
f 6357/2894/223 6356/2915/223 6355/2895/223
f 6361/2897/223 6360/2920/223 6359/2898/223
f 6365/2900/223 6364/2919/223 6363/2901/223
f 6369/2903/223 6368/2923/223 6367/2904/223
f 6373/2906/223 6372/2924/223 6371/2907/223
f 6354/2896/223 6330/2933/223 6331/2909/223
f 6362/2902/223 6332/2934/223 6333/2910/223
f 6370/2908/223 6371/2907/223 6334/2911/223
f 6341/2913/223 6350/2893/223 6351/2892/223
f 6353/2891/223 6355/2895/223 6356/2915/223
f 6339/2917/223 6358/2899/223 6359/2898/223
f 6361/2897/223 6363/2901/223 6364/2919/223
f 6337/2921/223 6369/2903/223 6366/2905/223
f 6368/2923/223 6372/2924/223 6373/2906/223
f 6369/2903/223 6359/2898/223 6360/2920/223
f 6372/2924/223 6364/2919/223 6365/2900/223
f 6358/2899/223 6351/2892/223 6352/2916/223
f 6363/2901/223 6356/2915/223 6357/2894/223
f 6350/2893/223 6342/2931/223 6343/2925/223
f 6355/2895/223 6344/2932/223 6345/2926/223
f 6347/2927/223 6366/2905/223 6367/2904/223
f 6349/2929/223 6373/2906/223 6370/2908/223
f 6395/2892/224 6396/2916/224 6397/2891/224
f 6399/2895/224 6400/2915/224 6401/2894/224
f 6403/2898/224 6404/2920/224 6405/2897/224
f 6407/2901/224 6408/2919/224 6409/2900/224
f 6411/2904/224 6412/2923/224 6413/2903/224
f 6415/2907/224 6416/2924/224 6417/2906/224
f 6375/2909/224 6374/2933/224 6398/2896/224
f 6377/2910/224 6376/2934/224 6406/2902/224
f 6414/2908/224 6379/2912/224 6378/2911/224
f 6395/2892/224 6394/2893/224 6385/2913/224
f 6400/2915/224 6399/2895/224 6397/2891/224
f 6403/2898/224 6402/2899/224 6383/2917/224
f 6408/2919/224 6407/2901/224 6405/2897/224
f 6410/2905/224 6413/2903/224 6381/2921/224
f 6417/2906/224 6416/2924/224 6412/2923/224
f 6404/2920/224 6403/2898/224 6413/2903/224
f 6409/2900/224 6408/2919/224 6416/2924/224
f 6396/2916/224 6395/2892/224 6402/2899/224
f 6401/2894/224 6400/2915/224 6407/2901/224
f 6387/2925/224 6386/2931/224 6394/2893/224
f 6389/2926/224 6388/2932/224 6399/2895/224
f 6411/2904/224 6410/2905/224 6391/2927/224
f 6414/2908/224 6417/2906/224 6393/2929/224
f 6339/2917/226 6383/2917/226 6402/2899/226
f 6349/2929/227 6393/2929/227 6417/2906/227
f 6357/2894/232 6401/2894/232 6406/2902/232
f 6364/2919/225 6408/2919/225 6404/2920/225
f 6363/2901/227 6407/2901/227 6400/2915/227
f 6371/2907/226 6415/2907/226 6378/2911/226
f 6361/2897/226 6405/2897/226 6407/2901/226
f 6343/2925/232 6387/2925/232 6397/2891/232
f 6366/2905/225 6410/2905/225 6380/2922/225
f 6350/2893/227 6394/2893/227 6386/2931/227
f 6337/2921/226 6381/2921/226 6413/2903/226
f 6345/2926/232 6389/2926/232 6398/2896/232
f 6373/2906/225 6417/2906/225 6411/2904/225
f 6368/2923/226 6412/2923/226 6416/2924/226
f 6331/2909/225 6375/2909/225 6401/2894/225
f 6351/2892/225 6395/2892/225 6384/2914/225
f 6355/2895/227 6399/2895/227 6388/2932/227
f 6360/2920/232 6404/2920/232 6412/2923/232
f 6341/2913/226 6385/2913/226 6394/2893/226
f 6369/2903/227 6413/2903/227 6403/2898/227
f 6354/2896/226 6398/2896/226 6374/2933/226
f 6356/2915/225 6400/2915/225 6396/2916/225
f 6367/2904/232 6411/2904/232 6390/2928/232
f 6365/2900/232 6409/2900/232 6415/2907/232
f 6333/2910/225 6377/2910/225 6409/2900/225
f 6353/2891/226 6397/2891/226 6399/2895/226
f 6347/2927/227 6391/2927/227 6410/2905/227
f 6372/2924/227 6416/2924/227 6408/2919/227
f 6352/2916/232 6396/2916/232 6405/2897/232
f 6362/2902/226 6406/2902/226 6376/2934/226
f 6359/2898/225 6403/2898/225 6382/2918/225
f 6370/2908/232 6414/2908/232 6392/2930/232
f 6358/2899/227 6402/2899/227 6395/2892/227
f 6335/2912/225 6379/2912/225 6414/2908/225
f 6419/2853/232 6418/2853/232 6421/2855/232
f 6425/2862/227 6422/2865/227 6423/2865/227
f 6423/2865/226 6422/2865/226 6418/2853/226
f 6425/2862/225 6424/2862/225 6420/2855/225
f 6424/2862/223 6423/2865/223 6419/2853/223
f 6422/2865/224 6425/2862/224 6421/2855/224
f 6427/2860/232 6426/2860/232 6429/2861/232
f 6431/2935/226 6430/2935/226 6426/2860/226
f 6433/2936/225 6432/2936/225 6428/2861/225
f 6432/2936/223 6431/2935/223 6427/2860/223
f 6430/2935/224 6433/2936/224 6429/2861/224
f 6291/2875/224 6287/2877/224 6286/2876/224
o Bld_Stable_Back_Door_01
v -5.867142 1.593946 -8.923242
v -5.867142 1.571838 -8.946681
v -5.867142 1.148105 -9.395942
v -5.867142 1.170213 -9.419382
v -5.873106 1.148105 -9.395942
v -5.873106 1.170213 -9.419382
v -5.873106 2.039786 -8.497420
v -5.873106 2.017678 -8.473981
v -5.873106 1.571838 -8.946681
v -5.873106 1.593946 -8.923242
v -5.867142 2.017678 -8.473981
v -5.867142 2.039786 -8.497420
v -5.861151 1.148103 -8.497423
v -5.861151 2.017681 -9.419379
v -5.861151 2.039789 -9.395940
v -5.878462 1.170210 -8.473984
v -5.878462 1.148103 -8.497423
v -5.878462 2.017681 -9.419379
v -5.878462 2.039789 -9.395940
v -5.861151 1.170210 -8.473984
v -5.867142 0.656451 -8.923244
v -5.867142 0.634343 -8.946684
v -5.867142 0.210610 -9.395945
v -5.867142 0.232718 -9.419384
v -5.873106 0.210610 -9.395945
v -5.873106 0.232718 -9.419384
v -5.873106 1.102292 -8.497423
v -5.873106 1.080184 -8.473984
v -5.873106 0.634343 -8.946684
v -5.873106 0.656451 -8.923244
v -5.867142 1.080184 -8.473984
v -5.867142 1.102292 -8.497423
v -5.861151 0.210608 -8.497425
v -5.861151 1.080186 -9.419382
v -5.861151 1.102294 -9.395943
v -5.878462 0.232716 -8.473986
v -5.878462 0.210608 -8.497425
v -5.878462 1.080186 -9.419382
v -5.878462 1.102294 -9.395943
v -5.861151 0.232716 -8.473986
v -5.858882 2.018270 -8.338108
v -5.858881 0.216441 -8.338112
v -5.858881 2.018273 -9.555027
v -5.858881 0.216444 -9.555031
v -5.930996 0.216442 -8.496572
v -5.930997 2.018270 -8.496568
v -5.930997 2.018273 -9.555027
v -5.930996 0.216444 -9.555031
v -5.930996 0.216441 -8.338112
v -5.930997 2.018270 -8.338108
v -5.858881 2.018272 -9.396566
v -5.858882 2.018270 -8.496568
v -5.858881 0.216442 -8.496572
v -5.858881 0.216444 -9.396571
v -5.930996 0.216444 -9.396571
v -5.930997 2.018272 -9.396566
v -5.942568 -0.000216 -8.338113
v -5.942568 -0.000212 -9.555032
v -5.847311 2.188654 -8.338108
v -5.847311 2.188658 -9.555026
v -5.847311 -0.000212 -9.555032
v -5.847311 -0.000216 -8.338113
v -5.942568 2.188654 -8.338108
v -5.942568 2.188658 -9.555026
v -5.942568 0.216444 -9.555031
v -5.942568 0.216441 -8.338113
v -5.847311 2.018270 -8.338108
v -5.847311 0.216444 -9.555031
v -5.847311 0.216441 -8.338113
v -5.847311 2.018273 -9.555026
v -5.942568 2.018273 -9.555026
v -5.942568 2.018270 -8.338108
v -5.930996 1.169407 -8.496571
v -5.930996 1.065305 -8.496571
v -5.930996 1.169409 -9.396569
v -5.930996 1.065307 -9.396569
v -5.858881 1.169409 -9.396569
v -5.858881 1.169407 -8.496571
v -5.858881 1.065305 -8.496571
v -5.858881 1.065307 -9.396569
v -5.911417 1.169407 -8.496571
v -5.911416 1.169409 -9.396569
v -5.878462 1.169409 -9.396569
v -5.878462 1.169407 -8.496571
v -5.911416 2.018272 -9.396567
v -5.911417 2.018270 -8.496569
v -5.878462 2.018272 -9.396567
v -5.878462 2.018270 -8.496569
v -5.911416 1.169409 -9.245487
v -5.911416 1.169408 -9.097651
v -5.911416 1.169408 -8.945488
v -5.911416 1.169408 -8.797652
v -5.911416 1.169407 -8.645489
v -5.911416 2.018272 -9.245485
v -5.911416 2.018271 -9.097650
v -5.911417 2.018271 -8.945486
v -5.911417 2.018271 -8.797650
v -5.911417 2.018270 -8.645487
v -5.878462 1.169409 -9.245487
v -5.878462 1.169408 -9.097651
v -5.878462 1.169408 -9.095488
v -5.878462 1.169408 -8.945488
v -5.878462 1.169408 -8.795488
v -5.878462 1.169407 -8.645489
v -5.878462 2.018272 -9.245485
v -5.878462 2.018271 -9.095486
v -5.878462 2.018271 -9.097650
v -5.878462 2.018271 -8.945486
v -5.878462 2.018271 -8.795486
v -5.878462 2.018270 -8.645487
v -5.911416 0.216442 -8.496573
v -5.911416 0.216444 -9.396571
v -5.878462 0.216444 -9.396571
v -5.878462 0.216442 -8.496573
v -5.911416 1.065307 -9.396569
v -5.911416 1.065305 -8.496571
v -5.878462 1.065307 -9.396569
v -5.878462 1.065305 -8.496571
v -5.911416 0.216444 -9.245490
v -5.911416 0.216444 -9.247654
v -5.911416 0.216443 -9.097654
v -5.911416 0.216443 -8.947655
v -5.911416 0.216443 -8.797654
v -5.911416 0.216442 -8.645491
v -5.911416 0.216442 -8.647655
v -5.911416 1.065307 -9.247652
v -5.911416 1.065307 -9.245488
v -5.911416 1.065306 -9.097651
v -5.911416 1.065306 -8.947652
v -5.911416 1.065306 -8.797652
v -5.911416 1.065305 -8.647653
v -5.911416 1.065305 -8.645489
v -5.878462 0.216444 -9.245490
v -5.878462 0.216443 -9.097654
v -5.878462 0.216443 -9.095490
v -5.878462 0.216443 -8.947655
v -5.878462 0.216443 -8.797654
v -5.878462 0.216443 -8.795490
v -5.878462 0.216442 -8.645491
v -5.878462 1.065307 -9.245488
v -5.878462 1.065306 -9.095488
v -5.878462 1.065306 -9.097651
v -5.878462 1.065306 -8.947652
v -5.878462 1.065306 -8.795488
v -5.878462 1.065306 -8.797652
v -5.878462 1.065305 -8.645489
v -5.916983 1.593946 -8.923242
v -5.916983 1.571838 -8.946681
v -5.916983 1.148105 -9.395942
v -5.916983 1.170213 -9.419382
v -5.922947 1.148105 -9.395942
v -5.922947 1.170213 -9.419382
v -5.922947 2.039786 -8.497420
v -5.922947 2.017678 -8.473981
v -5.922947 1.571838 -8.946681
v -5.922947 1.593946 -8.923242
v -5.916983 2.017678 -8.473981
v -5.916983 2.039786 -8.497420
v -5.910991 1.148103 -8.497423
v -5.910991 2.017681 -9.419379
v -5.910991 2.039789 -9.395940
v -5.928302 1.170210 -8.473984
v -5.928302 1.148103 -8.497423
v -5.928302 2.017681 -9.419379
v -5.928302 2.039789 -9.395940
v -5.910991 1.170210 -8.473984
v -5.916983 0.656451 -8.923244
v -5.916983 0.634343 -8.946684
v -5.916983 0.210610 -9.395945
v -5.916983 0.232718 -9.419384
v -5.922947 0.210610 -9.395945
v -5.922947 0.232718 -9.419384
v -5.922947 1.102291 -8.497423
v -5.922947 1.080184 -8.473984
v -5.922947 0.634343 -8.946684
v -5.922947 0.656451 -8.923244
v -5.916983 1.080184 -8.473984
v -5.916983 1.102291 -8.497423
v -5.910991 0.210608 -8.497425
v -5.910991 1.080186 -9.419382
v -5.928302 0.232716 -8.473986
v -5.928302 0.210608 -8.497425
v -5.928302 1.080186 -9.419382
v -5.928302 1.102294 -9.395943
v -5.898837 1.169409 -9.247651
v -5.911416 1.169409 -9.260231
v -5.911416 1.169408 -9.082908
v -5.898837 1.169408 -9.095488
v -5.898837 1.169408 -8.947652
v -5.911416 1.169408 -8.960232
v -5.911416 1.169407 -8.782908
v -5.898837 1.169408 -8.795488
v -5.898837 1.169407 -8.647653
v -5.911416 1.169407 -8.660233
v -5.911416 2.018272 -9.260229
v -5.898837 2.018272 -9.247649
v -5.898837 2.018271 -9.095486
v -5.911416 2.018271 -9.082906
v -5.911416 2.018271 -8.960230
v -5.898837 2.018271 -8.947650
v -5.898837 2.018271 -8.795486
v -5.911417 2.018271 -8.782907
v -5.911417 2.018270 -8.660231
v -5.898837 2.018270 -8.647651
v -5.878462 1.169409 -9.260231
v -5.891042 1.169409 -9.247651
v -5.878462 1.169408 -8.960232
v -5.891042 1.169408 -8.947652
v -5.878462 1.169408 -8.810232
v -5.891042 1.169408 -8.797652
v -5.878462 1.169407 -8.660233
v -5.891042 1.169407 -8.647653
v -5.891042 2.018272 -9.247649
v -5.878462 2.018272 -9.260229
v -5.891042 2.018271 -8.947650
v -5.878462 2.018271 -8.960230
v -5.891042 2.018271 -8.797650
v -5.878462 2.018271 -8.810230
v -5.891042 2.018270 -8.647651
v -5.878462 2.018270 -8.660231
v -5.911416 0.216443 -9.082911
v -5.898836 0.216443 -9.095490
v -5.911416 0.216443 -8.932911
v -5.898836 0.216443 -8.945490
v -5.911416 0.216443 -8.782910
v -5.898836 0.216443 -8.795490
v -5.898836 1.065306 -9.095488
v -5.911416 1.065306 -9.082909
v -5.898836 1.065306 -8.945488
v -5.911416 1.065306 -8.932908
v -5.898836 1.065306 -8.795488
v -5.911416 1.065306 -8.782908
v -5.878462 0.216444 -9.260234
v -5.891041 0.216444 -9.247654
v -5.891042 0.216443 -8.945490
v -5.878462 0.216443 -8.932911
v -5.878462 0.216442 -8.660234
v -5.891042 0.216442 -8.647655
v -5.891042 1.065307 -9.247652
v -5.878462 1.065307 -9.260231
v -5.878462 1.065306 -8.932908
v -5.891042 1.065306 -8.945488
v -5.891042 1.065305 -8.647653
v -5.878462 1.065305 -8.660233
v -5.923571 1.102294 -9.395943
v -5.910991 1.093647 -9.405109
v -5.910991 0.224069 -8.483152
v -5.923571 0.232716 -8.473986
vn -0.0000 0.7275 -0.6861
vn -0.0000 -0.7275 0.6861
vn 1.0000 -0.0000 -0.0000
vn -1.0000 -0.0000 -0.0000
vn -0.0000 -0.7275 -0.6861
vn -0.0000 0.7275 0.6861
vn -0.0000 -0.0000 -1.0000
vn -0.0000 -0.0000 1.0000
vn -0.0000 -1.0000 -0.0000
vn -0.0000 1.0000 -0.0000
vn -0.7071 -0.0000 0.7071
vn -0.7071 -0.0000 -0.7071
vn 0.7071 -0.0000 0.7071
vn 0.7071 -0.0000 -0.7071
vn 0.7071 0.5144 0.4852
vt 0.826183 0.839532
vt 0.823858 0.939133
vt 0.826124 0.837000
vt 0.824991 0.885534
vt 0.823799 0.936600
vt 0.824932 0.888066
vt 0.826183 0.936600
vt 0.823858 0.837000
vt 0.826124 0.939133
vt 0.823799 0.839532
vt 0.826183 0.839544
vt 0.823858 0.939144
vt 0.826124 0.837012
vt 0.824991 0.885546
vt 0.823799 0.936612
vt 0.824932 0.888078
vt 0.826183 0.936612
vt 0.823858 0.837012
vt 0.826124 0.939144
vt 0.823799 0.839544
vt 0.583240 0.681642
vt 0.583106 0.634331
vt 0.583106 0.681642
vt 0.582208 0.634331
vt 0.582342 0.681642
vt 0.582208 0.681642
vt 0.583240 0.634331
vt 0.582342 0.634331
vt 0.582208 0.686116
vt 0.582208 0.628643
vt 0.583240 0.628643
vt 0.583240 0.686116
vt 0.583106 0.659353
vt 0.582342 0.656620
vt 0.582342 0.659353
vt 0.583106 0.656620
vt 0.599096 0.782985
vt 0.599096 0.703471
vt 0.610693 0.678181
vt 0.610957 0.757694
vt 0.610957 0.678181
vt 0.611226 0.757694
vt 0.611226 0.678181
vt 0.600167 0.703471
vt 0.599902 0.782985
vt 0.599902 0.703471
vt 0.610961 0.757694
vt 0.610961 0.678181
vt 0.610961 0.757694
vt 0.610984 0.757694
vt 0.610984 0.678181
vt 0.610153 0.678181
vt 0.610420 0.757694
vt 0.610420 0.678181
vt 0.610153 0.757694
vt 0.599898 0.782859
vt 0.599898 0.703345
vt 0.599361 0.703471
vt 0.599119 0.782985
vt 0.599119 0.703471
vt 0.610693 0.757694
vt 0.600167 0.782985
vt 0.600437 0.703471
vt 0.600193 0.782985
vt 0.600193 0.703471
vt 0.599119 0.703471
vt 0.599338 0.782985
vt 0.599338 0.703471
vt 0.610715 0.757694
vt 0.610715 0.678181
vt 0.599361 0.782985
vt 0.611203 0.757694
vt 0.611203 0.678181
vt 0.600437 0.782985
vt 0.611498 0.678055
vt 0.611498 0.757569
vt 0.599361 0.782859
vt 0.599361 0.703345
vt 0.611765 0.757569
vt 0.611765 0.678055
vt 0.600167 0.703345
vt 0.599902 0.782859
vt 0.599902 0.703345
vt 0.610957 0.757569
vt 0.610957 0.678055
vt 0.610935 0.678055
vt 0.610693 0.757569
vt 0.610693 0.678055
vt 0.598826 0.703345
vt 0.599092 0.782859
vt 0.599092 0.703345
vt 0.598826 0.782859
vt 0.823709 0.838711
vt 0.825193 0.938399
vt 0.599096 0.703345
vt 0.599096 0.782859
vt 0.599633 0.782859
vt 0.599633 0.703345
vt 0.600167 0.782859
vt 0.599119 0.782859
vt 0.599119 0.703345
vt 0.599338 0.782859
vt 0.599338 0.703345
vt 0.610935 0.757569
vt 0.599875 0.782859
vt 0.599875 0.703345
vt 0.611521 0.757569
vt 0.611521 0.678055
vt 0.825230 0.839252
vt 0.823747 0.938940
vt 0.825193 0.836718
vt 0.824470 0.885294
vt 0.823709 0.936405
vt 0.824432 0.887829
vt 0.825230 0.936405
vt 0.823747 0.836718
vt 0.825193 0.938940
vt 0.823709 0.839252
vt 0.825230 0.838711
vt 0.823747 0.938399
vt 0.825193 0.836177
vt 0.824470 0.884754
vt 0.823709 0.935865
vt 0.824432 0.887288
vt 0.825230 0.935865
vt 0.823747 0.836177
vt 0.825207 0.937408
vt 0.600170 0.782985
vt 0.599119 0.782985
vt 0.600170 0.703471
vt 0.823724 0.837720
s 0
usemtl Texture_Map
f 6437/2938/233 6440/2939/233 6445/2939/233
f 6436/2940/234 6442/2941/234 6438/2940/234
f 6445/2939/235 6444/2942/235 6434/2943/235
f 6441/2942/234 6434/2943/234 6444/2942/234
f 6439/2938/236 6438/2940/236 6442/2941/236
f 6447/2944/237 6450/2945/237 6451/2944/237
f 6452/2946/236 6450/2945/236 6449/2947/236
f 6448/2946/235 6446/2945/235 6447/2944/235
f 6449/2947/238 6448/2946/238 6452/2946/238
f 6457/2948/233 6460/2949/233 6465/2949/233
f 6456/2950/234 6462/2951/234 6458/2950/234
f 6465/2949/235 6464/2952/235 6454/2953/235
f 6461/2952/234 6454/2953/234 6464/2952/234
f 6459/2948/236 6458/2950/236 6462/2951/236
f 6467/2954/237 6470/2955/237 6471/2954/237
f 6472/2956/236 6470/2955/236 6469/2957/236
f 6468/2956/235 6466/2955/235 6467/2954/235
f 6469/2957/238 6468/2956/238 6472/2956/238
f 6480/2958/236 6488/2959/236 6489/2960/236
f 6475/2961/235 6485/2962/235 6474/2963/235
f 6479/2962/236 6482/2961/236 6483/2963/236
f 6487/2959/235 6476/2958/235 6484/2960/235
f 6481/2964/239 6476/2958/239 6477/2964/239
f 6478/2965/239 6485/2962/239 6486/2965/239
f 6489/2960/240 6487/2959/240 6484/2960/240
f 6483/2963/240 6475/2961/240 6474/2963/240
f 6496/2966/236 6504/2958/236 6505/2963/236
f 6499/2961/240 6495/2967/240 6502/2961/240
f 6495/2967/241 6491/2968/241 6494/2968/241
f 6503/2958/235 6492/2966/235 6500/2963/235
f 6494/2968/239 6498/2964/239 6501/2964/239
f 6497/2969/242 6492/2966/242 6493/2969/242
f 6504/2958/239 6493/2969/239 6503/2958/239
f 6498/2964/242 6502/2961/242 6501/2964/242
f 6494/2968/235 6502/2961/235 6495/2967/235
f 6500/2963/241 6504/2958/241 6503/2958/241
f 6499/2961/236 6491/2968/236 6490/2967/236
f 6496/2966/240 6500/2963/240 6492/2966/240
f 6508/2970/236 6507/2971/236 6506/2972/236
f 6512/2971/235 6510/2970/235 6511/2972/235
f 6509/2973/241 6512/2971/241 6507/2971/241
f 6506/2972/242 6510/2970/242 6508/2970/242
f 6637/2974/240 6645/2975/240 6652/2974/240
f 6525/2976/236 6529/2977/236 6524/2978/236
f 6630/2979/239 6534/2980/239 6621/2980/239
f 6532/2981/235 6540/2982/235 6533/2983/235
f 6633/2984/240 6641/2985/240 6648/2986/240
f 6534/2980/235 6649/2987/235 6640/2988/235
f 6514/2989/236 6531/2990/236 6526/2991/236
f 6537/2991/235 6521/2992/235 6517/2989/235
f 6660/2993/239 6568/2994/239 6655/2994/239
f 6536/2995/235 6653/2996/235 6644/2997/235
f 6530/2998/240 6643/2976/240 6650/2998/240
f 6523/2983/236 6527/2999/236 6522/2981/236
f 6531/2990/239 6537/2991/239 6526/2991/239
f 6516/3000/235 6647/3001/235 6638/3002/235
f 6627/3003/236 6635/3004/236 6624/3005/236
f 6535/2978/235 6651/3006/235 6642/3007/235
f 6529/2977/239 6535/2978/239 6524/2978/239
f 6634/3008/239 6536/2995/239 6625/2995/239
f 6623/2988/236 6631/3009/236 6620/3010/236
f 6528/2982/240 6533/2983/240 6540/2982/240
f 6527/2999/239 6532/2981/239 6522/2981/239
f 6619/3002/236 6518/3011/236 6515/3000/236
f 6553/3012/240 6672/3013/240 6559/3013/240
f 6664/3014/239 6571/3015/239 6659/3015/239
f 6553/3012/236 6548/3016/236 6545/3017/236
f 6566/3018/235 6575/3019/235 6567/3020/235
f 6662/3021/239 6668/3022/239 6657/3022/239
f 6669/3023/235 6578/3024/235 6570/3025/235
f 6544/3026/236 6565/3027/236 6557/3028/236
f 6572/3028/235 6551/3029/235 6547/3026/235
f 6614/3030/238 6678/3031/238 6617/3031/238
f 6558/3032/240 6676/3033/240 6564/3033/240
f 6568/2994/235 6576/3034/235 6569/3035/235
f 6554/3020/236 6560/3036/236 6552/3018/236
f 6565/3027/239 6572/3028/239 6557/3028/239
f 6571/3015/235 6677/3037/235 6670/3038/235
f 6558/3032/236 6665/3039/236 6658/3040/236
f 6556/3025/240 6578/3024/240 6563/3024/240
f 6556/3025/236 6663/3041/236 6656/3023/236
f 6555/3035/240 6576/3034/240 6562/3034/240
f 6555/3035/236 6661/3042/236 6654/3043/236
f 6554/3020/240 6575/3019/240 6561/3019/240
f 6560/3036/239 6566/3018/239 6552/3018/239
f 6546/3017/235 6673/3044/235 6666/3045/235
f 6583/3046/233 6586/3047/233 6591/3047/233
f 6582/3048/234 6588/3049/234 6584/3048/234
f 6591/3047/235 6590/3050/235 6580/3051/235
f 6587/3050/234 6580/3051/234 6590/3050/234
f 6585/3046/236 6584/3048/236 6588/3049/236
f 6593/3052/237 6596/3053/237 6597/3052/237
f 6598/3054/236 6596/3053/236 6595/3055/236
f 6594/3054/235 6592/3053/235 6593/3052/235
f 6595/3055/238 6594/3054/238 6598/3054/238
f 6603/3056/233 6606/3057/233 6611/3057/233
f 6602/3058/234 6608/3059/234 6604/3058/234
f 6611/3057/235 6610/3060/235 6600/3061/235
f 6607/3060/234 6600/3061/234 6610/3060/234
f 6605/3056/236 6604/3058/236 6608/3059/236
f 6613/3062/237 6615/3063/237 6616/3062/237
f 6617/3031/236 6615/3063/236 6614/3030/236
f 6679/3064/235 6612/3063/235 6613/3062/235
f 6619/3002/243 6629/3065/243 6628/3001/243
f 6631/3009/244 6621/2980/244 6620/3010/244
f 6623/2988/243 6633/2984/243 6632/2987/243
f 6635/3004/244 6625/2995/244 6624/3005/244
f 6627/3003/243 6637/2974/243 6636/3066/243
f 6653/2996/245 6645/2975/245 6644/2997/245
f 6651/3006/245 6643/2976/245 6642/3007/245
f 6649/2987/245 6641/2985/245 6640/2988/245
f 6647/3001/245 6639/3067/245 6638/3002/245
f 6661/3042/244 6655/2994/244 6654/3043/244
f 6663/3041/244 6657/3022/244 6656/3023/244
f 6665/3039/244 6659/3015/244 6658/3040/244
f 6677/3037/245 6671/3032/245 6670/3038/245
f 6669/3023/246 6675/3021/246 6674/3041/246
f 6673/3044/245 6667/3012/245 6666/3045/245
f 6678/3031/247 6680/3068/247 6679/3064/247
f 6629/3065/240 6639/3067/240 6646/3065/240
f 6437/2938/233 6439/2938/233 6440/2939/233
f 6436/2940/234 6435/2941/234 6442/2941/234
f 6436/2940/235 6437/2938/235 6435/2941/235
f 6437/2938/235 6445/2939/235 6435/2941/235
f 6435/2941/235 6445/2939/235 6434/2943/235
f 6441/2942/234 6443/2943/234 6434/2943/234
f 6441/2942/236 6440/2939/236 6443/2943/236
f 6440/2939/236 6439/2938/236 6442/2941/236
f 6443/2943/236 6440/2939/236 6442/2941/236
f 6447/2944/237 6446/2945/237 6450/2945/237
f 6452/2946/236 6451/2944/236 6450/2945/236
f 6448/2946/235 6453/2947/235 6446/2945/235
f 6449/2947/238 6453/2947/238 6448/2946/238
f 6457/2948/233 6459/2948/233 6460/2949/233
f 6456/2950/234 6455/2951/234 6462/2951/234
f 6456/2950/235 6457/2948/235 6455/2951/235
f 6457/2948/235 6465/2949/235 6455/2951/235
f 6455/2951/235 6465/2949/235 6454/2953/235
f 6461/2952/234 6463/2953/234 6454/2953/234
f 6461/2952/236 6460/2949/236 6463/2953/236
f 6460/2949/236 6459/2948/236 6462/2951/236
f 6463/2953/236 6460/2949/236 6462/2951/236
f 6467/2954/237 6466/2955/237 6470/2955/237
f 6472/2956/236 6471/2954/236 6470/2955/236
f 6468/2956/235 6473/2957/235 6466/2955/235
f 6469/2957/238 6473/2957/238 6468/2956/238
f 6480/2958/236 6481/2964/236 6488/2959/236
f 6475/2961/235 6486/2965/235 6485/2962/235
f 6479/2962/236 6478/2965/236 6482/2961/236
f 6487/2959/235 6477/2964/235 6476/2958/235
f 6481/2964/239 6480/2958/239 6476/2958/239
f 6478/2965/239 6479/2962/239 6485/2962/239
f 6489/2960/240 6488/2959/240 6487/2959/240
f 6483/2963/240 6482/2961/240 6475/2961/240
f 6496/2966/236 6497/2969/236 6504/2958/236
f 6499/2961/240 6490/2967/240 6495/2967/240
f 6495/2967/241 6490/2967/241 6491/2968/241
f 6503/2958/235 6493/2969/235 6492/2966/235
f 6494/2968/239 6491/2968/239 6498/2964/239
f 6497/2969/242 6496/2966/242 6492/2966/242
f 6504/2958/239 6497/2969/239 6493/2969/239
f 6498/2964/242 6499/2961/242 6502/2961/242
f 6494/2968/235 6501/2964/235 6502/2961/235
f 6500/2963/241 6505/2963/241 6504/2958/241
f 6499/2961/236 6498/2964/236 6491/2968/236
f 6496/2966/240 6505/2963/240 6500/2963/240
f 6508/2970/236 6509/2973/236 6507/2971/236
f 6512/2971/235 6513/2973/235 6510/2970/235
f 6509/2973/241 6513/2973/241 6512/2971/241
f 6506/2972/242 6511/2972/242 6510/2970/242
f 6637/2974/240 6626/2975/240 6645/2975/240
f 6525/2976/236 6530/2998/236 6529/2977/236
f 6630/2979/239 6539/2979/239 6534/2980/239
f 6532/2981/235 6538/2999/235 6540/2982/235
f 6633/2984/240 6622/2985/240 6641/2985/240
f 6534/2980/235 6539/2979/235 6649/2987/235
f 6514/2989/236 6519/2992/236 6531/2990/236
f 6537/2991/235 6543/2990/235 6521/2992/235
f 6660/2993/239 6574/2993/239 6568/2994/239
f 6536/2995/235 6542/3008/235 6653/2996/235
f 6530/2998/240 6525/2976/240 6643/2976/240
f 6523/2983/236 6528/2982/236 6527/2999/236
f 6531/2990/239 6543/2990/239 6537/2991/239
f 6516/3000/235 6520/3011/235 6647/3001/235
f 6627/3003/236 6636/3066/236 6635/3004/236
f 6535/2978/235 6541/2977/235 6651/3006/235
f 6529/2977/239 6541/2977/239 6535/2978/239
f 6634/3008/239 6542/3008/239 6536/2995/239
f 6623/2988/236 6632/2987/236 6631/3009/236
f 6528/2982/240 6523/2983/240 6533/2983/240
f 6527/2999/239 6538/2999/239 6532/2981/239
f 6619/3002/236 6628/3001/236 6518/3011/236
f 6553/3012/240 6667/3012/240 6672/3013/240
f 6664/3014/239 6577/3014/239 6571/3015/239
f 6553/3012/236 6559/3013/236 6548/3016/236
f 6566/3018/235 6573/3036/235 6575/3019/235
f 6662/3021/239 6675/3021/239 6668/3022/239
f 6669/3023/235 6674/3041/235 6578/3024/235
f 6544/3026/236 6549/3029/236 6565/3027/236
f 6572/3028/235 6579/3027/235 6551/3029/235
f 6614/3030/238 6681/3030/238 6678/3031/238
f 6558/3032/240 6671/3032/240 6676/3033/240
f 6568/2994/235 6574/2993/235 6576/3034/235
f 6554/3020/236 6561/3019/236 6560/3036/236
f 6565/3027/239 6579/3027/239 6572/3028/239
f 6571/3015/235 6577/3014/235 6677/3037/235
f 6558/3032/236 6564/3033/236 6665/3039/236
f 6556/3025/240 6570/3025/240 6578/3024/240
f 6556/3025/236 6563/3024/236 6663/3041/236
f 6555/3035/240 6569/3035/240 6576/3034/240
f 6555/3035/236 6562/3034/236 6661/3042/236
f 6554/3020/240 6567/3020/240 6575/3019/240
f 6560/3036/239 6573/3036/239 6566/3018/239
f 6546/3017/235 6550/3016/235 6673/3044/235
f 6583/3046/233 6585/3046/233 6586/3047/233
f 6582/3048/234 6581/3049/234 6588/3049/234
f 6582/3048/235 6583/3046/235 6581/3049/235
f 6583/3046/235 6591/3047/235 6581/3049/235
f 6581/3049/235 6591/3047/235 6580/3051/235
f 6587/3050/234 6589/3051/234 6580/3051/234
f 6587/3050/236 6586/3047/236 6589/3051/236
f 6586/3047/236 6585/3046/236 6588/3049/236
f 6589/3051/236 6586/3047/236 6588/3049/236
f 6593/3052/237 6592/3053/237 6596/3053/237
f 6598/3054/236 6597/3052/236 6596/3053/236
f 6594/3054/235 6599/3055/235 6592/3053/235
f 6595/3055/238 6599/3055/238 6594/3054/238
f 6603/3056/233 6605/3056/233 6606/3057/233
f 6602/3058/234 6601/3059/234 6608/3059/234
f 6602/3058/235 6603/3056/235 6601/3059/235
f 6603/3056/235 6611/3057/235 6601/3059/235
f 6601/3059/235 6611/3057/235 6600/3061/235
f 6607/3060/234 6609/3061/234 6600/3061/234
f 6607/3060/236 6606/3057/236 6609/3061/236
f 6606/3057/236 6605/3056/236 6608/3059/236
f 6609/3061/236 6606/3057/236 6608/3059/236
f 6613/3062/237 6612/3063/237 6615/3063/237
f 6617/3031/236 6616/3062/236 6615/3063/236
f 6679/3064/235 6680/3068/235 6612/3063/235
f 6619/3002/243 6618/3067/243 6629/3065/243
f 6631/3009/244 6630/2979/244 6621/2980/244
f 6623/2988/243 6622/2985/243 6633/2984/243
f 6635/3004/244 6634/3008/244 6625/2995/244
f 6627/3003/243 6626/2975/243 6637/2974/243
f 6653/2996/245 6652/2974/245 6645/2975/245
f 6651/3006/245 6650/2998/245 6643/2976/245
f 6649/2987/245 6648/2986/245 6641/2985/245
f 6647/3001/245 6646/3065/245 6639/3067/245
f 6661/3042/244 6660/2993/244 6655/2994/244
f 6663/3041/244 6662/3021/244 6657/3022/244
f 6665/3039/244 6664/3014/244 6659/3015/244
f 6677/3037/245 6676/3033/245 6671/3032/245
f 6669/3023/246 6668/3022/246 6675/3021/246
f 6673/3044/245 6672/3013/245 6667/3012/245
f 6678/3031/247 6681/3030/247 6680/3068/247
f 6629/3065/240 6618/3067/240 6639/3067/240
o Bld_Stable_Slide_Door_Right_01
v 0.088906 1.337362 10.611670
v 1.584351 1.337362 10.611670
v 1.584351 1.337362 10.516472
v 0.088906 1.337362 10.516472
v 0.088906 0.247611 10.611667
v 1.584351 0.247611 10.611667
v 1.584351 0.247611 10.516469
v 0.088906 0.247611 10.516469
v 0.336445 1.337362 10.611670
v 0.339849 1.337362 10.611670
v 0.585686 1.337362 10.611670
v 0.589090 1.337362 10.611670
v 0.834926 1.337362 10.611670
v 0.838331 1.337362 10.611670
v 1.084167 1.337362 10.611670
v 1.087571 1.337362 10.611670
v 1.333408 1.337362 10.611670
v 1.336812 1.337362 10.611670
v 0.339849 0.247611 10.611667
v 0.336445 0.247611 10.611667
v 0.589090 0.247611 10.611667
v 0.585686 0.247611 10.611667
v 0.838331 0.247611 10.611667
v 0.834926 0.247611 10.611667
v 1.087571 0.247611 10.611667
v 1.084167 0.247611 10.611667
v 1.336812 0.247611 10.611667
v 1.333408 0.247611 10.611667
v 1.336812 1.337362 10.516472
v 1.333408 1.337362 10.516472
v 1.087571 1.337362 10.516472
v 1.084167 1.337362 10.516472
v 0.838330 1.337362 10.516472
v 0.834926 1.337362 10.516472
v 0.589089 1.337362 10.516472
v 0.585685 1.337362 10.516472
v 0.339849 1.337362 10.516472
v 0.336445 1.337362 10.516472
v 1.333408 0.247611 10.516469
v 1.336812 0.247611 10.516469
v 1.084167 0.247611 10.516469
v 1.087571 0.247611 10.516469
v 0.834926 0.247611 10.516469
v 0.838330 0.247611 10.516469
v 0.585686 0.247611 10.516469
v 0.589089 0.247611 10.516469
v 0.336445 0.247611 10.516469
v 0.339849 0.247611 10.516469
v -0.018759 0.000101 10.492239
v 1.692016 0.000101 10.492239
v 1.692016 0.000101 10.635896
v -0.018759 0.000101 10.635896
v 1.692016 0.247611 10.492240
v -0.018759 0.247611 10.492240
v 1.692016 0.247611 10.635897
v -0.018759 0.247611 10.635897
v 1.692016 1.337362 10.495444
v -0.018759 1.337362 10.495444
v 1.692016 1.337362 10.632697
v -0.018759 1.337362 10.632696
v 1.692016 0.247611 10.495441
v -0.018759 0.247611 10.495441
v 1.692016 0.247611 10.632694
v -0.018759 0.247611 10.632694
v 0.088906 1.337362 10.632697
v 1.584351 1.337362 10.632697
v 1.584351 1.337362 10.495444
v 0.088906 1.337362 10.495444
v 0.088906 0.247611 10.632694
v 1.584351 0.247611 10.632694
v 1.584351 0.247611 10.495441
v 0.088906 0.247611 10.495441
v 1.692016 1.547881 10.495445
v -0.018759 1.547881 10.495445
v 1.692016 1.547881 10.632697
v -0.018759 1.547881 10.632697
v 1.584351 1.547881 10.632697
v 0.088906 1.547881 10.632697
v 0.088906 1.547881 10.495445
v 1.584351 1.547881 10.495445
v 1.692016 2.305643 10.495447
v -0.018759 2.305643 10.495447
v 1.692016 2.305642 10.632699
v -0.018759 2.305642 10.632699
v 1.584351 2.305643 10.495447
v 0.088906 2.305643 10.495447
v 1.584351 2.305642 10.632699
v 0.088906 2.305642 10.632699
v 0.058184 1.317769 10.611669
v 0.115792 1.359749 10.611670
v 1.615072 0.267203 10.611667
v 1.557465 0.225224 10.611667
v 0.836628 0.750507 10.611668
v 0.779021 0.792486 10.611668
v 0.779021 0.792486 10.629656
v 0.836628 0.750507 10.629656
v 0.115792 1.359749 10.629658
v 0.058184 1.317769 10.629657
v 1.557465 0.225224 10.629655
v 1.615072 0.267203 10.629655
v 1.557465 1.359749 10.614166
v 1.615072 1.317770 10.614166
v 0.115792 0.225224 10.614163
v 0.058184 0.267203 10.614163
v 0.836628 0.750507 10.614165
v 0.894236 0.792486 10.614165
v 0.836628 0.834466 10.614165
v 0.779021 0.792486 10.614165
v 0.779021 0.792486 10.625976
v 0.836628 0.750507 10.625976
v 0.894236 0.792486 10.625976
v 0.836628 0.834466 10.625976
v 0.058184 0.267203 10.625975
v 0.115792 0.225224 10.625975
v 1.615072 1.317770 10.625978
v 1.557465 1.359749 10.625978
v 1.609836 1.317770 10.498484
v 1.552228 1.359749 10.498484
v 0.052948 0.267203 10.498481
v 0.110556 0.225224 10.498481
v 0.831392 0.750507 10.498482
v 0.888999 0.792486 10.498482
v 0.888999 0.792486 10.516470
v 0.831392 0.750507 10.516470
v 1.552228 1.359749 10.516472
v 1.609836 1.317770 10.516472
v 0.110556 0.225224 10.516469
v 0.052948 0.267203 10.516469
v 0.110556 1.359749 10.500980
v 0.052948 1.317770 10.500980
v 1.552228 0.225224 10.500978
v 1.609836 0.267203 10.500978
v 0.831392 0.750507 10.500979
v 0.773785 0.792486 10.500979
v 0.831392 0.834466 10.500979
v 0.888999 0.792486 10.500979
v 0.888999 0.792486 10.512790
v 0.831392 0.750507 10.512790
v 0.773785 0.792486 10.512790
v 0.831392 0.834466 10.512790
v 1.609836 0.267203 10.512789
v 1.552228 0.225224 10.512789
v 0.052948 1.317770 10.512791
v 0.110556 1.359749 10.512792
v 1.224123 1.547881 10.573904
v 1.196856 1.547881 10.573904
v 0.850262 1.547881 10.573904
v 0.822994 1.547881 10.573904
v 0.476401 1.547881 10.573904
v 0.449133 1.547881 10.573904
v 0.449133 2.305643 10.573906
v 0.476401 2.305643 10.573906
v 0.822994 2.305643 10.573906
v 0.850262 2.305643 10.573906
v 1.196856 2.305643 10.573906
v 1.224123 2.305643 10.573906
v 1.584351 2.065953 10.573906
v 1.584351 2.040158 10.573906
v 1.584351 1.813365 10.573905
v 1.584351 1.787571 10.573905
v 0.088906 2.040158 10.573905
v 0.088906 2.065952 10.573905
v 0.088906 1.787571 10.573905
v 0.088906 1.813365 10.573905
v 1.224123 2.065953 10.573906
v 1.196856 2.065953 10.573906
v 1.196856 2.040158 10.573906
v 1.224123 2.040158 10.573906
v 1.224123 1.787571 10.573905
v 1.224123 1.813365 10.573905
v 1.196856 1.813365 10.573905
v 1.196856 1.787571 10.573905
v 0.850262 2.065953 10.573906
v 0.822994 2.065953 10.573906
v 0.822994 2.040158 10.573905
v 0.850262 2.040158 10.573905
v 0.850262 1.787571 10.573905
v 0.850262 1.813365 10.573905
v 0.822994 1.813365 10.573905
v 0.822994 1.787571 10.573905
v 0.449133 2.065952 10.573905
v 0.449133 2.040158 10.573905
v 0.476401 2.040158 10.573905
v 0.476401 2.065952 10.573905
v 0.449133 1.787571 10.573905
v 0.476401 1.787571 10.573905
v 0.476401 1.813365 10.573905
v 0.449133 1.813365 10.573905
v 1.224123 1.547881 10.553325
v 1.196856 1.547881 10.553325
v 0.850262 1.547881 10.553325
v 0.822994 1.547881 10.553325
v 0.476401 1.547881 10.553325
v 0.449133 1.547881 10.553325
v 0.449133 2.305643 10.553327
v 0.476401 2.305643 10.553327
v 0.822994 2.305643 10.553327
v 0.850262 2.305643 10.553327
v 1.196856 2.305643 10.553327
v 1.224123 2.305643 10.553327
v 1.584351 2.065953 10.553326
v 1.584351 2.040158 10.553326
v 1.584351 1.813365 10.553325
v 1.584351 1.787571 10.553325
v 0.088906 2.040158 10.553326
v 0.088906 2.065952 10.553326
v 0.088906 1.787571 10.553325
v 0.088906 1.813365 10.553325
v 1.224123 2.065953 10.553326
v 1.196856 2.065953 10.553326
v 1.196856 2.040158 10.553326
v 1.224123 2.040158 10.553326
v 1.224123 1.787571 10.553325
v 1.224123 1.813365 10.553325
v 1.196856 1.813365 10.553325
v 1.196856 1.787571 10.553325
v 0.850262 2.065953 10.553326
v 0.822994 2.065953 10.553326
v 0.822994 2.040158 10.553326
v 0.850262 2.040158 10.553326
v 0.850262 1.787571 10.553325
v 0.850262 1.813365 10.553325
v 0.822994 1.813365 10.553325
v 0.822994 1.787571 10.553325
v 0.449133 2.065952 10.553326
v 0.449133 2.040158 10.553326
v 0.476401 2.040158 10.553326
v 0.476401 2.065952 10.553326
v 0.449133 1.787571 10.553325
v 0.476401 1.787571 10.553325
v 0.476401 1.813365 10.553325
v 0.449133 1.813365 10.553325
v 1.692016 1.337362 10.492243
v 1.692016 1.337362 10.635900
v -0.018759 1.337361 10.635899
v -0.018759 1.337362 10.492243
v 1.692016 1.547881 10.492243
v 1.692016 1.547881 10.635900
v -0.018759 1.547881 10.635900
v -0.018759 1.547881 10.492243
v 1.692016 2.305643 10.492245
v 1.692016 2.305642 10.635901
v -0.018759 2.305642 10.635901
v -0.018759 2.305643 10.492245
v 1.692016 2.477921 10.492246
v 1.692016 2.477921 10.635902
v -0.018759 2.477921 10.635902
v -0.018759 2.477921 10.492246
vn -0.0000 -0.0000 1.0000
vn -0.0000 -0.0000 -1.0000
vn -1.0000 -0.0000 -0.0000
vn 1.0000 -0.0000 -0.0000
vn -0.0000 1.0000 -0.0000
vn -0.5889 -0.8082 -0.0000
vn 0.5889 0.8082 -0.0000
vn -0.5889 0.8082 -0.0000
vn 0.5889 -0.8082 -0.0000
vn -0.0000 -1.0000 -0.0000
vt 0.617739 0.756160
vt 0.617853 0.677443
vt 0.617853 0.756160
vt 0.618316 0.677443
vt 0.618202 0.756160
vt 0.618316 0.756160
vt 0.618086 0.756160
vt 0.618200 0.677443
vt 0.618200 0.756160
vt 0.606642 0.781450
vt 0.606756 0.702733
vt 0.606756 0.781450
vt 0.606527 0.781450
vt 0.606641 0.702733
vt 0.606641 0.781450
vt 0.606410 0.702733
vt 0.606295 0.781450
vt 0.606410 0.781450
vt 0.618202 0.677443
vt 0.618086 0.677443
vt 0.606642 0.702733
vt 0.606527 0.702733
vt 0.617739 0.677443
vt 0.577714 0.627373
vt 0.576502 0.632829
vt 0.577714 0.632829
vt 0.576502 0.627373
vt 0.577714 0.656851
vt 0.576502 0.656851
vt 0.576578 0.632829
vt 0.576578 0.656851
vt 0.577638 0.656851
vt 0.577638 0.632829
vt 0.577714 0.678196
vt 0.577638 0.678196
vt 0.576502 0.661492
vt 0.576502 0.678196
vt 0.576578 0.661492
vt 0.576578 0.678196
vt 0.577714 0.661492
vt 0.577638 0.661492
vt 0.817417 0.922464
vt 0.817376 0.919696
vt 0.817887 0.885067
vt 0.818438 0.847671
vt 0.817927 0.882300
vt 0.818479 0.850438
vt 0.817417 0.847671
vt 0.817376 0.850438
vt 0.817968 0.885067
vt 0.818438 0.922464
vt 0.817927 0.887834
vt 0.818479 0.919696
vt 0.817372 0.850438
vt 0.818434 0.922464
vt 0.817924 0.882300
vt 0.817964 0.885067
vt 0.817413 0.847671
vt 0.818475 0.919696
vt 0.818434 0.847671
vt 0.818475 0.850438
vt 0.817883 0.885067
vt 0.817413 0.922464
vt 0.817924 0.887834
vt 0.817372 0.919696
vt 0.818128 0.899772
vt 0.818141 0.897136
vt 0.818141 0.899772
vt 0.818141 0.873953
vt 0.818128 0.871316
vt 0.818141 0.871316
vt 0.817955 0.899772
vt 0.817968 0.897136
vt 0.817968 0.899772
vt 0.817968 0.873953
vt 0.817955 0.871316
vt 0.817968 0.871316
vt 0.817782 0.897136
vt 0.817794 0.899772
vt 0.817782 0.899772
vt 0.817794 0.871316
vt 0.817782 0.873953
vt 0.817782 0.871316
vt 0.818128 0.846815
vt 0.817955 0.846815
vt 0.817794 0.846815
vt 0.818141 0.924273
vt 0.818128 0.924273
vt 0.818128 0.873953
vt 0.818128 0.897136
vt 0.817968 0.924273
vt 0.817955 0.924273
vt 0.817955 0.873953
vt 0.817955 0.897136
vt 0.817794 0.924273
vt 0.817782 0.924273
vt 0.817794 0.897136
vt 0.817794 0.873953
vt 0.818308 0.897136
vt 0.818308 0.871316
vt 0.817615 0.899772
vt 0.817615 0.897136
vt 0.817615 0.873953
vt 0.817615 0.871316
vt 0.817782 0.846815
vt 0.818308 0.899772
vt 0.818308 0.873953
vt 0.818141 0.846815
vt 0.817968 0.846815
vt 0.577714 0.681994
vt 0.576502 0.681994
vt 0.606295 0.702733
s 0
usemtl Texture_Map
f 6691/3069/248 6703/3070/248 6692/3071/248
f 6688/3072/249 6710/3073/249 6684/3074/249
f 6699/3073/248 6687/3072/248 6683/3074/248
f 6697/3075/248 6709/3076/248 6698/3077/248
f 6695/3078/248 6707/3079/248 6696/3080/248
f 6693/3081/248 6705/3082/248 6694/3083/248
f 6720/3076/249 6712/3075/249 6711/3077/249
f 6722/3079/249 6714/3078/249 6713/3080/249
f 6724/3082/249 6716/3081/249 6715/3083/249
f 6726/3070/249 6718/3069/249 6717/3071/249
f 6728/3084/249 6685/3085/249 6719/3086/249
f 6682/3085/248 6701/3084/248 6690/3086/248
f 6699/3073/250 6721/3087/250 6708/3087/250
f 6709/3076/251 6711/3077/251 6698/3077/251
f 6697/3075/250 6723/3088/250 6706/3088/250
f 6707/3079/251 6713/3080/251 6696/3080/251
f 6695/3078/250 6725/3089/250 6704/3089/250
f 6705/3082/251 6715/3083/251 6694/3083/251
f 6693/3081/250 6727/3090/250 6702/3090/250
f 6703/3070/251 6717/3071/251 6692/3071/251
f 6691/3069/250 6729/3091/250 6700/3091/250
f 6701/3084/251 6719/3086/251 6690/3086/251
f 6731/3092/249 6735/3093/249 6734/3094/249
f 6730/3095/250 6737/3093/250 6735/3093/250
f 6737/3093/248 6732/3092/248 6736/3094/248
f 6734/3094/251 6732/3092/251 6731/3092/251
f 6736/3094/252 6735/3093/252 6737/3093/252
f 6738/3096/251 6744/3094/251 6742/3094/251
f 6741/3097/248 6750/3098/248 6746/3099/248
f 6743/3093/250 6741/3097/250 6739/3097/250
f 6753/3098/249 6739/3097/249 6749/3099/249
f 6742/3094/249 6748/3100/249 6738/3096/249
f 6747/3100/248 6744/3094/248 6740/3096/248
f 6749/3099/251 6750/3098/251 6753/3098/251
f 6751/3101/250 6748/3100/250 6752/3101/250
f 6764/3102/252 6766/3103/252 6768/3103/252
f 6755/3104/250 6765/3105/250 6763/3105/250
f 6765/3105/248 6759/3106/248 6769/3107/248
f 6760/3106/249 6763/3105/249 6767/3107/249
f 6754/3108/249 6766/3103/249 6762/3102/249
f 6768/3103/248 6756/3108/248 6764/3102/248
f 6762/3102/251 6756/3108/251 6754/3108/251
f 6766/3103/250 6758/3109/250 6768/3103/250
f 6778/3110/248 6779/3111/248 6776/3112/248
f 6773/3113/253 6777/3114/253 6774/3114/253
f 6771/3110/254 6781/3115/254 6772/3115/254
f 6784/3116/249 6789/3112/249 6786/3114/249
f 6775/3112/253 6779/3111/253 6770/3111/253
f 6795/3116/248 6790/3112/248 6794/3117/248
f 6792/3118/248 6797/3119/248 6793/3120/248
f 6785/3117/255 6790/3112/255 6789/3112/255
f 6788/3120/255 6797/3119/255 6782/3119/255
f 6791/3114/256 6784/3116/256 6786/3114/256
f 6783/3121/256 6792/3118/256 6787/3118/256
f 6772/3115/249 6773/3113/249 6774/3114/249
f 6800/3122/249 6799/3123/249 6802/3124/249
f 6806/3123/248 6805/3124/248 6804/3125/248
f 6808/3126/256 6802/3124/256 6805/3124/256
f 6807/3127/256 6803/3125/256 6798/3127/256
f 6799/3123/255 6809/3122/255 6806/3123/255
f 6812/3128/249 6817/3125/249 6813/3129/249
f 6815/3130/249 6810/3131/249 6816/3132/249
f 6823/3128/248 6818/3125/248 6819/3124/248
f 6820/3130/248 6825/3131/248 6824/3133/248
f 6822/3129/254 6817/3125/254 6818/3125/254
f 6825/3131/254 6816/3132/254 6810/3131/254
f 6814/3124/253 6823/3128/253 6819/3124/253
f 6820/3130/253 6811/3133/253 6815/3130/253
f 6759/3106/251 6767/3107/251 6769/3107/251
f 6763/3105/252 6769/3107/252 6767/3107/252
f 6847/3134/248 6849/3135/248 6846/3136/248
f 6851/3137/248 6853/3138/248 6850/3139/248
f 6855/3140/248 6857/3141/248 6854/3142/248
f 6859/3143/248 6861/3144/248 6858/3145/248
f 6863/3146/248 6865/3147/248 6862/3148/248
f 6867/3149/248 6869/3150/248 6866/3151/248
f 6827/3152/248 6850/3139/248 6853/3138/248
f 6829/3153/248 6858/3145/248 6861/3144/248
f 6866/3151/248 6830/3154/248 6867/3149/248
f 6847/3134/248 6837/3155/248 6836/3156/248
f 6852/3157/248 6849/3135/248 6848/3158/248
f 6855/3140/248 6835/3159/248 6834/3160/248
f 6860/3161/248 6857/3141/248 6856/3162/248
f 6862/3148/248 6833/3163/248 6832/3164/248
f 6869/3150/248 6864/3165/248 6863/3146/248
f 6856/3162/248 6865/3147/248 6864/3165/248
f 6861/3144/248 6868/3166/248 6867/3149/248
f 6848/3158/248 6854/3142/248 6857/3141/248
f 6853/3138/248 6859/3143/248 6858/3145/248
f 6839/3167/248 6846/3136/248 6849/3135/248
f 6841/3168/248 6851/3137/248 6850/3139/248
f 6863/3146/248 6843/3169/248 6842/3170/248
f 6866/3151/248 6845/3171/248 6844/3172/248
f 6893/3135/249 6891/3134/249 6890/3136/249
f 6897/3138/249 6895/3137/249 6894/3139/249
f 6901/3141/249 6899/3140/249 6898/3142/249
f 6905/3144/249 6903/3143/249 6902/3145/249
f 6909/3147/249 6907/3146/249 6906/3148/249
f 6913/3150/249 6911/3149/249 6910/3151/249
f 6894/3139/249 6871/3152/249 6897/3138/249
f 6902/3145/249 6873/3153/249 6905/3144/249
f 6910/3151/249 6874/3154/249 6875/3173/249
f 6881/3155/249 6891/3134/249 6880/3156/249
f 6893/3135/249 6896/3157/249 6892/3158/249
f 6879/3159/249 6899/3140/249 6878/3160/249
f 6901/3141/249 6904/3161/249 6900/3162/249
f 6877/3163/249 6906/3148/249 6876/3164/249
f 6908/3165/249 6913/3150/249 6907/3146/249
f 6909/3147/249 6900/3162/249 6908/3165/249
f 6912/3166/249 6905/3144/249 6911/3149/249
f 6898/3142/249 6892/3158/249 6901/3141/249
f 6903/3143/249 6897/3138/249 6902/3145/249
f 6890/3136/249 6883/3167/249 6893/3135/249
f 6895/3137/249 6885/3168/249 6894/3139/249
f 6887/3169/249 6907/3146/249 6886/3170/249
f 6889/3171/249 6910/3151/249 6888/3172/249
f 6898/3142/251 6835/3159/251 6854/3142/251
f 6913/3150/252 6845/3171/252 6869/3150/252
f 6902/3145/257 6853/3138/257 6858/3145/257
f 6900/3162/250 6860/3161/250 6856/3162/250
f 6896/3157/252 6859/3143/252 6852/3157/252
f 6874/3154/251 6867/3149/251 6830/3154/251
f 6903/3143/251 6857/3141/251 6859/3143/251
f 6893/3135/257 6839/3167/257 6849/3135/257
f 6876/3164/250 6862/3148/250 6832/3164/250
f 6882/3174/252 6846/3136/252 6838/3174/252
f 6909/3147/251 6833/3163/251 6865/3147/251
f 6894/3139/257 6841/3168/257 6850/3139/257
f 6907/3146/250 6869/3150/250 6863/3146/250
f 6912/3166/251 6864/3165/251 6868/3166/251
f 6897/3138/250 6827/3152/250 6853/3138/250
f 6880/3156/250 6847/3134/250 6836/3156/250
f 6884/3175/252 6851/3137/252 6840/3175/252
f 6908/3165/257 6856/3162/257 6864/3165/257
f 6890/3136/251 6837/3155/251 6846/3136/251
f 6899/3140/252 6865/3147/252 6855/3140/252
f 6870/3176/251 6850/3139/251 6826/3176/251
f 6892/3158/250 6852/3157/250 6848/3158/250
f 6886/3170/257 6863/3146/257 6842/3170/257
f 6911/3149/257 6861/3144/257 6867/3149/257
f 6905/3144/250 6829/3153/250 6861/3144/250
f 6895/3137/251 6849/3135/251 6851/3137/251
f 6906/3148/252 6843/3169/252 6862/3148/252
f 6904/3161/252 6868/3166/252 6860/3161/252
f 6901/3141/257 6848/3158/257 6857/3141/257
f 6872/3177/251 6858/3145/251 6828/3177/251
f 6878/3160/250 6855/3140/250 6834/3160/250
f 6888/3172/257 6866/3151/257 6844/3172/257
f 6891/3134/252 6854/3142/252 6847/3134/252
f 6910/3151/250 6831/3173/250 6866/3151/250
f 6917/3097/257 6915/3096/257 6916/3097/257
f 6919/3108/252 6921/3104/252 6920/3104/252
f 6914/3096/251 6919/3108/251 6915/3096/251
f 6916/3097/250 6921/3104/250 6917/3097/250
f 6915/3096/248 6920/3104/248 6916/3097/248
f 6917/3097/249 6918/3108/249 6914/3096/249
f 6925/3105/257 6923/3102/257 6924/3105/257
f 6922/3102/251 6927/3178/251 6923/3102/251
f 6924/3105/250 6929/3179/250 6925/3105/250
f 6923/3102/248 6928/3179/248 6924/3105/248
f 6925/3105/249 6926/3178/249 6922/3102/249
f 6787/3118/249 6782/3119/249 6783/3121/249
f 6691/3069/248 6700/3091/248 6703/3070/248
f 6688/3072/249 6721/3087/249 6710/3073/249
f 6699/3073/248 6708/3087/248 6687/3072/248
f 6697/3075/248 6706/3088/248 6709/3076/248
f 6695/3078/248 6704/3089/248 6707/3079/248
f 6693/3081/248 6702/3090/248 6705/3082/248
f 6720/3076/249 6723/3088/249 6712/3075/249
f 6722/3079/249 6725/3089/249 6714/3078/249
f 6724/3082/249 6727/3090/249 6716/3081/249
f 6726/3070/249 6729/3091/249 6718/3069/249
f 6728/3084/249 6689/3180/249 6685/3085/249
f 6682/3085/248 6686/3180/248 6701/3084/248
f 6699/3073/250 6710/3073/250 6721/3087/250
f 6709/3076/251 6720/3076/251 6711/3077/251
f 6697/3075/250 6712/3075/250 6723/3088/250
f 6707/3079/251 6722/3079/251 6713/3080/251
f 6695/3078/250 6714/3078/250 6725/3089/250
f 6705/3082/251 6724/3082/251 6715/3083/251
f 6693/3081/250 6716/3081/250 6727/3090/250
f 6703/3070/251 6726/3070/251 6717/3071/251
f 6691/3069/250 6718/3069/250 6729/3091/250
f 6701/3084/251 6728/3084/251 6719/3086/251
f 6731/3092/249 6730/3095/249 6735/3093/249
f 6730/3095/250 6733/3095/250 6737/3093/250
f 6737/3093/248 6733/3095/248 6732/3092/248
f 6734/3094/251 6736/3094/251 6732/3092/251
f 6736/3094/252 6734/3094/252 6735/3093/252
f 6738/3096/251 6740/3096/251 6744/3094/251
f 6741/3097/248 6745/3093/248 6750/3098/248
f 6743/3093/250 6745/3093/250 6741/3097/250
f 6753/3098/249 6743/3093/249 6739/3097/249
f 6742/3094/249 6752/3101/249 6748/3100/249
f 6747/3100/248 6751/3101/248 6744/3094/248
f 6749/3099/251 6746/3099/251 6750/3098/251
f 6751/3101/250 6747/3100/250 6748/3100/250
f 6764/3102/252 6762/3102/252 6766/3103/252
f 6755/3104/250 6757/3104/250 6765/3105/250
f 6765/3105/248 6757/3104/248 6759/3106/248
f 6760/3106/249 6755/3104/249 6763/3105/249
f 6754/3108/249 6761/3109/249 6766/3103/249
f 6768/3103/248 6758/3109/248 6756/3108/248
f 6762/3102/251 6764/3102/251 6756/3108/251
f 6766/3103/250 6761/3109/250 6758/3109/250
f 6780/3113/248 6781/3115/248 6777/3114/248
f 6781/3115/248 6778/3110/248 6777/3114/248
f 6777/3114/248 6778/3110/248 6776/3112/248
f 6773/3113/253 6780/3113/253 6777/3114/253
f 6771/3110/254 6778/3110/254 6781/3115/254
f 6784/3116/249 6785/3117/249 6789/3112/249
f 6775/3112/253 6776/3112/253 6779/3111/253
f 6795/3116/248 6791/3114/248 6790/3112/248
f 6792/3118/248 6796/3121/248 6797/3119/248
f 6785/3117/255 6794/3117/255 6790/3112/255
f 6788/3120/255 6793/3120/255 6797/3119/255
f 6791/3114/256 6795/3116/256 6784/3116/256
f 6783/3121/256 6796/3121/256 6792/3118/256
f 6770/3111/249 6771/3110/249 6775/3112/249
f 6771/3110/249 6772/3115/249 6774/3114/249
f 6775/3112/249 6771/3110/249 6774/3114/249
f 6799/3123/249 6798/3127/249 6803/3125/249
f 6803/3125/249 6802/3124/249 6799/3123/249
f 6802/3124/249 6801/3126/249 6800/3122/249
f 6804/3125/248 6807/3127/248 6806/3123/248
f 6806/3123/248 6809/3122/248 6805/3124/248
f 6809/3122/248 6808/3126/248 6805/3124/248
f 6808/3126/256 6801/3126/256 6802/3124/256
f 6807/3127/256 6804/3125/256 6803/3125/256
f 6799/3123/255 6800/3122/255 6809/3122/255
f 6812/3128/249 6814/3124/249 6817/3125/249
f 6815/3130/249 6811/3133/249 6810/3131/249
f 6823/3128/248 6822/3129/248 6818/3125/248
f 6820/3130/248 6821/3132/248 6825/3131/248
f 6822/3129/254 6813/3129/254 6817/3125/254
f 6825/3131/254 6821/3132/254 6816/3132/254
f 6814/3124/253 6812/3128/253 6823/3128/253
f 6820/3130/253 6824/3133/253 6811/3133/253
f 6759/3106/251 6760/3106/251 6767/3107/251
f 6763/3105/252 6765/3105/252 6769/3107/252
f 6847/3134/248 6848/3158/248 6849/3135/248
f 6851/3137/248 6852/3157/248 6853/3138/248
f 6855/3140/248 6856/3162/248 6857/3141/248
f 6859/3143/248 6860/3161/248 6861/3144/248
f 6863/3146/248 6864/3165/248 6865/3147/248
f 6867/3149/248 6868/3166/248 6869/3150/248
f 6827/3152/248 6826/3176/248 6850/3139/248
f 6829/3153/248 6828/3177/248 6858/3145/248
f 6866/3151/248 6831/3173/248 6830/3154/248
f 6847/3134/248 6846/3136/248 6837/3155/248
f 6852/3157/248 6851/3137/248 6849/3135/248
f 6855/3140/248 6854/3142/248 6835/3159/248
f 6860/3161/248 6859/3143/248 6857/3141/248
f 6862/3148/248 6865/3147/248 6833/3163/248
f 6869/3150/248 6868/3166/248 6864/3165/248
f 6856/3162/248 6855/3140/248 6865/3147/248
f 6861/3144/248 6860/3161/248 6868/3166/248
f 6848/3158/248 6847/3134/248 6854/3142/248
f 6853/3138/248 6852/3157/248 6859/3143/248
f 6839/3167/248 6838/3174/248 6846/3136/248
f 6841/3168/248 6840/3175/248 6851/3137/248
f 6863/3146/248 6862/3148/248 6843/3169/248
f 6866/3151/248 6869/3150/248 6845/3171/248
f 6893/3135/249 6892/3158/249 6891/3134/249
f 6897/3138/249 6896/3157/249 6895/3137/249
f 6901/3141/249 6900/3162/249 6899/3140/249
f 6905/3144/249 6904/3161/249 6903/3143/249
f 6909/3147/249 6908/3165/249 6907/3146/249
f 6913/3150/249 6912/3166/249 6911/3149/249
f 6894/3139/249 6870/3176/249 6871/3152/249
f 6902/3145/249 6872/3177/249 6873/3153/249
f 6910/3151/249 6911/3149/249 6874/3154/249
f 6881/3155/249 6890/3136/249 6891/3134/249
f 6893/3135/249 6895/3137/249 6896/3157/249
f 6879/3159/249 6898/3142/249 6899/3140/249
f 6901/3141/249 6903/3143/249 6904/3161/249
f 6877/3163/249 6909/3147/249 6906/3148/249
f 6908/3165/249 6912/3166/249 6913/3150/249
f 6909/3147/249 6899/3140/249 6900/3162/249
f 6912/3166/249 6904/3161/249 6905/3144/249
f 6898/3142/249 6891/3134/249 6892/3158/249
f 6903/3143/249 6896/3157/249 6897/3138/249
f 6890/3136/249 6882/3174/249 6883/3167/249
f 6895/3137/249 6884/3175/249 6885/3168/249
f 6887/3169/249 6906/3148/249 6907/3146/249
f 6889/3171/249 6913/3150/249 6910/3151/249
f 6898/3142/251 6879/3159/251 6835/3159/251
f 6913/3150/252 6889/3171/252 6845/3171/252
f 6902/3145/257 6897/3138/257 6853/3138/257
f 6900/3162/250 6904/3161/250 6860/3161/250
f 6896/3157/252 6903/3143/252 6859/3143/252
f 6874/3154/251 6911/3149/251 6867/3149/251
f 6903/3143/251 6901/3141/251 6857/3141/251
f 6893/3135/257 6883/3167/257 6839/3167/257
f 6876/3164/250 6906/3148/250 6862/3148/250
f 6882/3174/252 6890/3136/252 6846/3136/252
f 6909/3147/251 6877/3163/251 6833/3163/251
f 6894/3139/257 6885/3168/257 6841/3168/257
f 6907/3146/250 6913/3150/250 6869/3150/250
f 6912/3166/251 6908/3165/251 6864/3165/251
f 6897/3138/250 6871/3152/250 6827/3152/250
f 6880/3156/250 6891/3134/250 6847/3134/250
f 6884/3175/252 6895/3137/252 6851/3137/252
f 6908/3165/257 6900/3162/257 6856/3162/257
f 6890/3136/251 6881/3155/251 6837/3155/251
f 6899/3140/252 6909/3147/252 6865/3147/252
f 6870/3176/251 6894/3139/251 6850/3139/251
f 6892/3158/250 6896/3157/250 6852/3157/250
f 6886/3170/257 6907/3146/257 6863/3146/257
f 6911/3149/257 6905/3144/257 6861/3144/257
f 6905/3144/250 6873/3153/250 6829/3153/250
f 6895/3137/251 6893/3135/251 6849/3135/251
f 6906/3148/252 6887/3169/252 6843/3169/252
f 6904/3161/252 6912/3166/252 6868/3166/252
f 6901/3141/257 6892/3158/257 6848/3158/257
f 6872/3177/251 6902/3145/251 6858/3145/251
f 6878/3160/250 6899/3140/250 6855/3140/250
f 6888/3172/257 6910/3151/257 6866/3151/257
f 6891/3134/252 6898/3142/252 6854/3142/252
f 6910/3151/250 6875/3173/250 6831/3173/250
f 6917/3097/257 6914/3096/257 6915/3096/257
f 6919/3108/252 6918/3108/252 6921/3104/252
f 6914/3096/251 6918/3108/251 6919/3108/251
f 6916/3097/250 6920/3104/250 6921/3104/250
f 6915/3096/248 6919/3108/248 6920/3104/248
f 6917/3097/249 6921/3104/249 6918/3108/249
f 6925/3105/257 6922/3102/257 6923/3102/257
f 6922/3102/251 6926/3178/251 6927/3178/251
f 6924/3105/250 6928/3179/250 6929/3179/250
f 6923/3102/248 6927/3178/248 6928/3179/248
f 6925/3105/249 6929/3179/249 6926/3178/249
f 6787/3118/249 6788/3120/249 6782/3119/249
o (_ignore)_Bld_Stable_Windows_01
v 0.507692 7.705458 10.390131
v 0.507692 6.850436 10.390127
v -0.548340 7.705458 10.390131
v -0.548340 6.850436 10.390127
v 0.507692 7.705458 10.368771
v 0.507692 6.850436 10.368767
v -0.548340 7.705458 10.368771
v -0.548340 6.850436 10.368767
v 1.580334 6.963365 8.465394
v 1.560844 6.963365 8.465394
v 1.560845 6.296923 8.465394
v 1.580334 6.296923 8.465394
v 1.560845 6.963367 7.556247
v 1.580334 6.963367 7.556247
v 1.580334 6.296925 7.556244
v 1.560845 6.296925 7.556244
v 1.580334 6.963379 2.849794
v 1.560845 6.963379 2.849794
v 1.560845 6.296937 2.849792
v 1.580334 6.296937 2.849792
v 1.560845 6.963380 1.940646
v 1.580335 6.963380 1.940646
v 1.580335 6.296938 1.940645
v 1.560845 6.296938 1.940645
v 1.580335 6.963393 -2.765807
v 1.560846 6.963393 -2.765807
v 1.560846 6.296951 -2.765809
v 1.580335 6.296951 -2.765809
v 1.560846 6.963396 -3.674955
v 1.580335 6.963396 -3.674955
v 1.580335 6.296953 -3.674957
v 1.560846 6.296953 -3.674957
v 1.580336 6.963407 -8.381409
v 1.560846 6.963407 -8.381409
v 1.560846 6.296965 -8.381409
v 1.580336 6.296965 -8.381409
v 1.560847 6.963409 -9.290558
v 1.580336 6.963409 -9.290558
v 1.580336 6.296967 -9.290558
v 1.560847 6.296967 -9.290558
v -1.590746 6.963365 8.465394
v -1.571257 6.963365 8.465394
v -1.571257 6.296923 8.465394
v -1.590746 6.296923 8.465394
v -1.571257 6.963367 7.556246
v -1.590746 6.963367 7.556246
v -1.590746 6.296925 7.556243
v -1.571257 6.296925 7.556243
v -1.590746 6.963379 2.849793
v -1.571257 6.963379 2.849793
v -1.571256 6.296937 2.849792
v -1.590746 6.296937 2.849792
v -1.571256 6.963380 1.940646
v -1.590746 6.963380 1.940646
v -1.590746 6.296938 1.940644
v -1.571256 6.296938 1.940644
v -1.590745 6.963393 -2.765807
v -1.571256 6.963393 -2.765807
v -1.571256 6.296951 -2.765809
v -1.590745 6.296951 -2.765809
v -1.571256 6.963396 -3.674955
v -1.590745 6.963396 -3.674955
v -1.590745 6.296953 -3.674957
v -1.571256 6.296953 -3.674957
v -1.590744 6.963407 -8.381409
v -1.571255 6.963407 -8.381409
v -1.571255 6.296965 -8.381409
v -1.590744 6.296965 -8.381409
v -1.571255 6.963409 -9.290558
v -1.590744 6.963409 -9.290558
v -1.590744 6.296967 -9.290558
v -1.571255 6.296967 -9.290558
v 5.832020 2.299587 8.636805
v 5.812531 2.299587 8.636805
v 5.812531 1.440962 8.636804
v 5.832020 1.440962 8.636804
v 5.812531 2.299589 7.896003
v 5.832020 2.299589 7.896003
v 5.832020 1.440964 7.896000
v 5.812531 1.440964 7.896000
v 5.832020 2.299596 4.807974
v 5.812531 2.299596 4.807974
v 5.812531 1.440972 4.807971
v 5.832020 1.440972 4.807971
v 5.812531 2.299598 4.067172
v 5.832020 2.299598 4.067172
v 5.832020 1.440974 4.067169
v 5.812531 1.440974 4.067169
v 5.832021 2.299606 0.979142
v 5.812531 2.299606 0.979142
v 5.812531 1.440982 0.979140
v 5.832021 1.440982 0.979140
v 5.812531 2.299608 0.238340
v 5.832021 2.299608 0.238340
v 5.832021 1.440983 0.238338
v 5.812531 1.440983 0.238338
v 5.832021 2.299616 -2.849688
v 5.812531 2.299616 -2.849688
v 5.812531 1.440991 -2.849690
v 5.832021 1.440991 -2.849690
v 5.812532 2.299617 -3.590490
v 5.832021 2.299617 -3.590490
v 5.832021 1.440993 -3.590493
v 5.812532 1.440993 -3.590493
v -5.843191 2.299587 8.636804
v -5.823702 2.299587 8.636804
v -5.823702 1.440962 8.636803
v -5.843191 1.440962 8.636803
v -5.823702 2.299588 7.896001
v -5.843191 2.299588 7.896001
v -5.843191 1.440964 7.895998
v -5.823702 1.440964 7.895998
v -5.843191 2.299596 4.807972
v -5.823702 2.299596 4.807972
v -5.823702 1.440972 4.807969
v -5.843191 1.440972 4.807969
v -5.823702 2.299598 4.067171
v -5.843191 2.299598 4.067170
v -5.843191 1.440974 4.067167
v -5.823702 1.440974 4.067167
v -5.843190 2.299605 0.979141
v -5.823701 2.299605 0.979141
v -5.823701 1.440981 0.979139
v -5.843190 1.440981 0.979139
v -5.823701 2.299608 0.238339
v -5.843190 2.299608 0.238339
v -5.843190 1.440983 0.238337
v -5.823701 1.440983 0.238337
v -5.843190 2.299616 -2.849689
v -5.823701 2.299616 -2.849689
v -5.823701 1.440991 -2.849691
v -5.843190 1.440991 -2.849691
v -5.823700 2.299617 -3.590492
v -5.843190 2.299617 -3.590492
v -5.843190 1.440993 -3.590494
v -5.823700 1.440993 -3.590494
v 5.832021 2.450640 -7.483148
v 5.812532 2.450640 -7.483148
v 5.812532 1.373016 -7.483150
v 5.832022 1.373016 -7.483150
v 5.812532 2.450642 -8.395186
v 5.832022 2.450642 -8.395186
v 5.832022 1.373018 -8.395187
v 5.812532 1.373018 -8.395187
v 0.507694 7.705510 -10.845282
v 0.507694 6.850488 -10.845285
v -0.548338 7.705510 -10.845282
v -0.548337 6.850488 -10.845285
v 0.507694 7.705510 -10.866642
v 0.507694 6.850488 -10.866646
v -0.548338 7.705510 -10.866642
v -0.548337 6.850488 -10.866646
vn -0.0000 -0.0000 1.0000
vn -0.0000 -0.0000 -1.0000
vn 1.0000 -0.0000 -0.0000
vn -1.0000 -0.0000 -0.0000
vt 0.731290 0.147592
vt 0.716607 0.135704
vt 0.731290 0.135704
vt 0.746204 0.128008
vt 0.746204 0.137274
vt 0.745933 0.137274
vt 0.745933 0.128008
vt 0.746204 0.128008
vt 0.745933 0.128008
vt 0.746204 0.137274
vt 0.745933 0.137274
vt 0.746204 0.128008
vt 0.745933 0.128008
vt 0.702113 0.137274
vt 0.702113 0.128008
vt 0.702384 0.128008
vt 0.702384 0.137274
vt 0.702113 0.128008
vt 0.702384 0.128008
vt 0.702113 0.137274
vt 0.702384 0.137274
vt 0.702113 0.128008
vt 0.702384 0.128008
vt 0.805319 0.072429
vt 0.805319 0.060491
vt 0.805048 0.072429
vt 0.805048 0.060491
vt 0.805319 0.072429
vt 0.805048 0.072429
vt 0.805319 0.060491
vt 0.805048 0.060491
vt 0.642988 0.060491
vt 0.642988 0.072429
vt 0.643259 0.060491
vt 0.643259 0.072429
vt 0.642988 0.072429
vt 0.643259 0.072429
vt 0.642988 0.060491
vt 0.643259 0.060491
vt 0.805319 0.074529
vt 0.805319 0.059546
vt 0.805048 0.074529
vt 0.805048 0.059546
vt 0.731290 0.147592
vt 0.716607 0.135704
vt 0.731290 0.135704
vt 0.716607 0.147592
vt 0.716607 0.147592
s 0
usemtl Glass
f 6930/3181/258 6933/3182/258 6931/3183/258
f 6937/3182/259 6934/3181/259 6935/3183/259
f 6941/3184/260 6943/3185/260 6938/3185/260
f 6942/3186/261 6940/3187/261 6939/3186/261
f 6949/3188/260 6951/3185/260 6946/3185/260
f 6950/3186/261 6948/3189/261 6947/3186/261
f 6957/3188/260 6959/3190/260 6954/3190/260
f 6958/3191/261 6956/3189/261 6955/3191/261
f 6965/3192/260 6967/3190/260 6962/3190/260
f 6966/3191/261 6964/3193/261 6963/3191/261
f 6975/3194/261 6973/3195/261 6970/3194/261
f 6972/3196/260 6974/3197/260 6971/3197/260
f 6983/3194/261 6981/3198/261 6978/3194/261
f 6980/3199/260 6982/3197/260 6979/3197/260
f 6991/3200/261 6989/3198/261 6986/3200/261
f 6988/3199/260 6990/3201/260 6987/3201/260
f 6999/3200/261 6997/3202/261 6994/3200/261
f 6996/3203/260 6998/3201/260 6995/3201/260
f 7007/3204/260 7005/3205/260 7008/3205/260
f 7003/3206/261 7009/3207/261 7004/3207/261
f 7015/3204/260 7013/3205/260 7016/3205/260
f 7011/3206/261 7017/3207/261 7012/3207/261
f 7023/3208/260 7021/3205/260 7024/3205/260
f 7019/3209/261 7025/3207/261 7020/3207/261
f 7031/3208/260 7029/3210/260 7032/3210/260
f 7027/3209/261 7033/3211/261 7028/3211/261
f 7037/3212/261 7039/3213/261 7040/3212/261
f 7041/3214/260 7035/3215/260 7036/3214/260
f 7045/3212/261 7047/3213/261 7048/3212/261
f 7049/3214/260 7043/3215/260 7044/3214/260
f 7053/3212/261 7055/3216/261 7056/3212/261
f 7057/3214/260 7051/3217/260 7052/3214/260
f 7061/3218/261 7063/3216/261 7064/3218/261
f 7065/3219/260 7059/3217/260 7060/3219/260
f 7071/3220/260 7069/3221/260 7072/3221/260
f 7067/3222/261 7073/3223/261 7068/3223/261
f 7074/3224/258 7077/3225/258 7075/3226/258
f 7081/3225/259 7078/3224/259 7079/3226/259
f 6930/3181/258 6932/3227/258 6933/3182/258
f 6937/3182/259 6936/3227/259 6934/3181/259
f 6941/3184/260 6944/3184/260 6943/3185/260
f 6942/3186/261 6945/3187/261 6940/3187/261
f 6949/3188/260 6952/3188/260 6951/3185/260
f 6950/3186/261 6953/3189/261 6948/3189/261
f 6957/3188/260 6960/3188/260 6959/3190/260
f 6958/3191/261 6961/3189/261 6956/3189/261
f 6965/3192/260 6968/3192/260 6967/3190/260
f 6966/3191/261 6969/3193/261 6964/3193/261
f 6975/3194/261 6976/3195/261 6973/3195/261
f 6972/3196/260 6977/3196/260 6974/3197/260
f 6983/3194/261 6984/3198/261 6981/3198/261
f 6980/3199/260 6985/3199/260 6982/3197/260
f 6991/3200/261 6992/3198/261 6989/3198/261
f 6988/3199/260 6993/3199/260 6990/3201/260
f 6999/3200/261 7000/3202/261 6997/3202/261
f 6996/3203/260 7001/3203/260 6998/3201/260
f 7007/3204/260 7002/3204/260 7005/3205/260
f 7003/3206/261 7006/3206/261 7009/3207/261
f 7015/3204/260 7010/3204/260 7013/3205/260
f 7011/3206/261 7014/3206/261 7017/3207/261
f 7023/3208/260 7018/3208/260 7021/3205/260
f 7019/3209/261 7022/3209/261 7025/3207/261
f 7031/3208/260 7026/3208/260 7029/3210/260
f 7027/3209/261 7030/3209/261 7033/3211/261
f 7037/3212/261 7034/3213/261 7039/3213/261
f 7041/3214/260 7038/3215/260 7035/3215/260
f 7045/3212/261 7042/3213/261 7047/3213/261
f 7049/3214/260 7046/3215/260 7043/3215/260
f 7053/3212/261 7050/3216/261 7055/3216/261
f 7057/3214/260 7054/3217/260 7051/3217/260
f 7061/3218/261 7058/3216/261 7063/3216/261
f 7065/3219/260 7062/3217/260 7059/3217/260
f 7071/3220/260 7066/3220/260 7069/3221/260
f 7067/3222/261 7070/3222/261 7073/3223/261
f 7074/3224/258 7076/3228/258 7077/3225/258
f 7081/3225/259 7080/3228/259 7078/3224/259
o (_ignore)_Bld_Stable_Slide_Door_Left_Window_01
v -1.627388 1.542865 10.569447
v -0.130474 1.542865 10.569447
v -1.627388 2.310658 10.569448
v -0.130474 2.310658 10.569448
v -1.627388 1.542865 10.556856
v -0.130474 1.542865 10.556857
v -1.627388 2.310658 10.556859
v -0.130474 2.310658 10.556859
vn -0.0000 -0.0000 1.0000
vn -0.0000 -0.0000 -1.0000
vt 0.760864 0.054191
vt 0.628045 0.122316
vt 0.628045 0.054191
vt 0.760864 0.122316
s 0
usemtl Glass
f 7083/3229/262 7084/3230/262 7082/3231/262
f 7088/3230/263 7087/3229/263 7086/3231/263
f 7083/3229/262 7085/3232/262 7084/3230/262
f 7088/3230/263 7089/3232/263 7087/3229/263
o (_ignore)_Bld_Stable_Slide_Door_Right_Window_01
v 0.087436 1.542865 10.569447
v 1.584351 1.542865 10.569447
v 0.087436 2.310658 10.569448
v 1.584351 2.310658 10.569448
v 0.087436 1.542865 10.556856
v 1.584351 1.542865 10.556857
v 0.087436 2.310658 10.556859
v 1.584351 2.310658 10.556859
vn -0.0000 -0.0000 1.0000
vn -0.0000 -0.0000 -1.0000
vt 0.913019 0.054191
vt 0.780199 0.122316
vt 0.780199 0.054191
vt 0.913019 0.122316
s 0
usemtl Glass
f 7091/3233/264 7092/3234/264 7090/3235/264
f 7096/3234/265 7095/3233/265 7094/3235/265
f 7091/3233/264 7093/3236/264 7092/3234/264
f 7096/3234/265 7097/3236/265 7095/3233/265
