# Blender 4.4.0
# www.blender.org
mtllib Bld_Silo_01.mtl
o Bld_Silo_01
v 0.336906 0.180290 -2.309692
v 1.147964 0.180290 -1.767761
v 1.689896 0.180290 -0.956702
v 1.689896 0.180290 0.956715
v 1.147964 0.180290 1.767773
v 0.336906 0.180290 2.309705
v -0.619802 0.180290 2.500006
v -1.576511 0.180290 2.309705
v -2.387569 0.180290 1.767773
v -2.929501 0.180290 0.956715
v -3.119802 0.180290 0.000006
v -2.929501 0.180290 -0.956702
v -2.387569 0.180290 -1.767761
v -1.576511 0.180290 -2.309692
v -0.619802 0.180290 -2.499994
v -0.619802 -0.133258 -2.578058
v 0.366780 -0.133258 -2.381814
v 0.366780 0.180290 -2.381814
v 1.203164 -0.133258 -1.822960
v 1.203164 0.180290 -1.822960
v 1.762018 -0.133258 -0.986576
v 1.762018 0.180290 -0.986576
v 1.762018 -0.133258 0.986589
v 1.762018 0.180290 0.986589
v 1.203164 -0.133258 1.822973
v 1.203164 0.180290 1.822973
v 0.366780 -0.133258 2.381827
v 0.366780 0.180290 2.381827
v -0.619802 -0.133258 2.578071
v -0.619802 0.180290 2.578071
v -1.606385 -0.133258 2.381827
v -1.606385 0.180290 2.381827
v -2.442769 -0.133258 1.822973
v -2.442769 0.180290 1.822973
v -3.001623 -0.133258 0.986589
v -3.001623 0.180290 0.986589
v -3.197867 -0.133258 0.000006
v -3.197867 0.180290 0.000006
v -3.001623 -0.133258 -0.986576
v -3.001623 0.180290 -0.986576
v -2.442769 -0.133258 -1.822960
v -2.442769 0.180290 -1.822960
v -1.606385 -0.133258 -2.381814
v -1.606385 0.180290 -2.381814
v -0.619802 0.180290 -2.578058
v 1.752451 0.172151 1.000006
v 1.751597 0.172151 -0.999994
v 2.440577 0.172151 -0.999994
v 2.811158 0.172151 -0.787144
v 2.964657 0.172151 -0.273281
v 2.440577 0.172151 1.000006
v 2.811158 0.172151 0.787157
v 2.964657 0.172151 0.273293
v 1.698026 0.172151 -1.078257
v 1.698026 -0.133258 -1.078257
v 2.872353 -0.133258 -0.835612
v 2.460697 -0.133258 -1.075420
v 2.872353 0.172151 -0.835612
v 3.041901 -0.133258 -0.284571
v 3.041901 0.172151 -0.284571
v 2.460697 0.172151 1.075433
v 2.460697 -0.133258 1.075433
v 2.872353 -0.133258 0.835625
v 3.041901 -0.133258 0.284584
v 1.700282 -0.133258 1.078071
v 1.700282 0.172151 1.078071
v 2.460697 0.172151 -1.075420
v 2.872353 0.172151 0.835625
v 3.041901 0.172151 0.284584
v 0.352240 13.358890 -2.346710
v 1.176297 13.358890 -1.796093
v 1.726914 13.358890 -0.972036
v 1.920266 13.358890 0.000006
v 1.726914 13.358890 0.972048
v 1.176297 13.358890 1.796106
v 0.352240 13.358890 2.346723
v -0.619802 13.358890 2.540075
v -1.591845 13.358890 2.346723
v -2.415902 13.358890 1.796106
v -2.966519 13.358890 0.972048
v -3.159871 13.358890 0.000006
v -2.966519 13.358890 -0.972036
v -2.415902 13.358890 -1.796093
v -0.619802 13.358890 -2.540062
v -1.591845 13.358890 -2.346710
v -0.619802 13.358890 -2.499994
v 0.336906 13.358890 -2.309692
v 1.147964 13.358890 -1.767761
v 1.689896 13.358890 -0.956702
v 1.880198 13.358890 0.000006
v 1.689896 13.358890 0.956715
v 1.147964 13.358890 1.767773
v 0.336906 13.358890 2.309705
v -0.619802 13.358890 2.500006
v -1.576511 13.358890 2.309705
v -2.387569 13.358890 1.767773
v -2.929501 13.358890 0.956715
v -3.119802 13.358890 0.000006
v -2.929501 13.358890 -0.956702
v -2.387569 13.358890 -1.767761
v -1.576511 13.358890 -2.309692
v -0.619802 14.968720 -1.116157
v -0.619802 13.509496 -2.499994
v -0.619802 14.684905 -1.808075
v -0.619802 14.188119 -2.314595
v -0.192665 14.968720 -1.031195
v 0.336906 13.509496 -2.309692
v 0.072121 14.684905 -1.670444
v 0.265957 14.188119 -2.138406
v 0.169445 14.968720 -0.789241
v 1.147964 13.509496 -1.767761
v 0.658705 14.684905 -1.278501
v 1.016868 14.188119 -1.636664
v 0.411399 14.968720 -0.427131
v 1.689896 13.509496 -0.956702
v 1.050647 14.684905 -0.691917
v 1.518610 14.188119 -0.885753
v 0.496361 14.968720 0.000006
v 1.880198 13.509496 0.000006
v 1.188279 14.684905 0.000006
v 1.694798 14.188119 0.000006
v 0.411399 14.968720 0.427144
v 1.689896 13.509496 0.956715
v 1.050647 14.684905 0.691929
v 1.518610 14.188119 0.885766
v 0.169445 14.968720 0.789253
v 1.147964 13.509496 1.767773
v 0.658705 14.684905 1.278513
v 1.016868 14.188119 1.636677
v -0.192665 14.968720 1.031207
v 0.336906 13.509496 2.309705
v 0.072120 14.684905 1.670456
v 0.265957 14.188119 2.138419
v -0.619802 14.968720 1.116170
v -0.619802 13.509496 2.500006
v -0.619802 14.684905 1.808088
v -0.619802 14.188119 2.314607
v -1.046940 14.968720 1.031207
v -1.576511 13.509496 2.309705
v -1.311725 14.684905 1.670456
v -1.505562 14.188119 2.138419
v -1.409050 14.968720 0.789253
v -2.387569 13.509496 1.767773
v -1.898309 14.684905 1.278513
v -2.256473 14.188119 1.636677
v -1.651003 14.968720 0.427144
v -2.929501 13.509496 0.956715
v -2.290252 14.684905 0.691929
v -2.758215 14.188119 0.885766
v -1.735966 14.968720 0.000006
v -3.119802 13.509496 0.000006
v -2.427884 14.684905 0.000006
v -2.934403 14.188119 0.000006
v -1.651003 14.968720 -0.427131
v -2.929501 13.509496 -0.956702
v -2.290252 14.684905 -0.691917
v -2.758215 14.188119 -0.885753
v -1.409050 14.968720 -0.789241
v -2.387569 13.509496 -1.767761
v -1.898309 14.684905 -1.278501
v -2.256473 14.188119 -1.636664
v -1.046940 14.968720 -1.031195
v -1.576511 13.509496 -2.309692
v -1.311725 14.684905 -1.670444
v -1.505562 14.188119 -2.138406
v 0.352240 13.509496 -2.346710
v -0.619802 13.509496 -2.540062
v 1.176297 13.509496 -1.796093
v 1.726914 13.509496 -0.972036
v 1.920266 13.509496 0.000006
v 1.726914 13.509496 0.972048
v 1.176297 13.509496 1.796106
v 0.352240 13.509496 2.346723
v -0.619802 13.509496 2.540075
v -1.591845 13.509496 2.346723
v -2.415902 13.509496 1.796106
v -2.966519 13.509496 0.972048
v -3.159871 13.509496 0.000006
v -2.966519 13.509496 -0.972036
v -2.415902 13.509496 -1.796093
v -1.591845 13.509496 -2.346710
v 0.336906 0.172201 -2.309692
v 1.147964 0.172201 -1.767761
v 1.689896 0.172201 -0.956702
v 1.689896 0.172201 0.956715
v 1.147964 0.172201 1.767773
v 0.336906 0.172201 2.309705
v -0.619802 0.172201 2.500006
v -1.576511 0.172201 2.309705
v -2.387569 0.172201 1.767773
v -2.929501 0.172201 0.956715
v -3.119802 0.172201 0.000006
v -2.929501 0.172201 -0.956702
v -2.387569 0.172201 -1.767761
v -1.576511 0.172201 -2.309692
v -0.619802 0.172201 -2.499994
v 1.621489 13.363506 -0.999994
v 1.621489 13.363506 1.000006
v 2.440577 13.363506 1.000006
v 2.964657 13.363506 0.273293
v 2.811158 13.363506 0.787157
v 2.964657 13.363506 -0.273281
v 2.440577 13.363506 -0.999994
v 2.811158 13.363506 -0.787144
v 1.621489 13.514108 -0.999994
v 1.621489 13.514108 1.000006
v 2.440577 13.514108 -0.999994
v 2.811158 13.514108 -0.787144
v 2.964657 13.514108 -0.273281
v 2.811158 13.514108 0.787157
v 2.440577 13.514108 1.000006
v 2.964657 13.514108 0.273293
v 1.512989 13.514108 -1.116288
v 1.512989 13.514108 1.116300
v 2.442063 13.514108 -1.116288
v 2.855740 13.514108 -0.878685
v 3.027090 13.514108 -0.305062
v 2.855740 13.514108 0.878698
v 2.442063 13.514108 1.116300
v 3.027090 13.514108 0.305075
v 1.512989 13.710259 -1.116288
v 1.512989 13.710259 1.116300
v 2.442063 13.710259 -1.116288
v 2.855740 13.710259 -0.878685
v 3.027090 13.710259 -0.305062
v 2.855740 13.710259 0.878698
v 2.442063 13.710259 1.116300
v 3.027090 13.710259 0.305075
v 1.578677 13.363506 -1.042806
v 1.578677 13.363506 1.042819
v 2.456182 13.363506 -1.058494
v 2.858620 13.363506 -0.824736
v 3.024567 13.363506 -0.282037
v 2.858620 13.363506 0.824749
v 2.456182 13.363506 1.058507
v 3.024567 13.363506 0.282050
v 1.578677 13.514108 -1.042806
v 1.578677 13.514108 1.042819
v 2.456182 13.514108 -1.058494
v 2.858620 13.514108 -0.824736
v 3.024567 13.514108 -0.282037
v 2.858620 13.514108 0.824749
v 2.456182 13.514108 1.058507
v 3.024567 13.514108 0.282050
v 1.621489 0.153383 1.000006
v 1.621489 0.153383 -0.999994
v 2.440577 0.153383 -0.999994
v 2.811158 0.153383 -0.787144
v 2.964657 0.153383 -0.273281
v 2.440577 0.153383 1.000006
v 2.811158 0.153383 0.787157
v 2.964657 0.153383 0.273293
v -3.530790 3.238791 -0.095989
v -3.610723 3.238791 -0.095291
v -3.666751 3.238791 -0.038277
v -3.666054 3.238791 0.041657
v -3.609039 3.238791 0.097685
v -3.529106 3.238791 0.096987
v -3.473078 3.238791 0.039973
v -3.473775 3.238791 -0.039961
v -3.530790 13.366618 -0.095989
v -3.610723 13.366618 -0.095291
v -3.666751 13.366618 -0.038277
v -3.666054 13.366618 0.041657
v -3.609039 13.366618 0.097685
v -3.529106 13.366618 0.096987
v -3.473078 13.366618 0.039973
v -3.473775 13.366618 -0.039961
v -3.644396 13.614472 -0.038277
v -3.516063 13.748218 -0.038277
v -3.515763 13.747587 0.041657
v -3.643757 13.614192 0.041657
v -3.491269 13.696102 0.097685
v -3.591572 13.591229 0.097685
v -3.456928 13.623921 0.096987
v -3.518408 13.559035 0.096987
v -3.432857 13.573327 0.039972
v -3.467125 13.536469 0.039972
v -3.433157 13.573958 -0.039961
v -3.467764 13.536752 -0.039961
v -3.457651 13.625443 -0.095989
v -3.519950 13.559714 -0.095989
v -3.491992 13.697623 -0.095291
v -3.593113 13.591908 -0.095292
v -3.232151 13.758523 -0.038277
v -3.232151 13.757865 0.041657
v -3.232151 13.704164 0.097685
v -3.232151 13.628874 0.096987
v -3.232151 13.576101 0.039973
v -3.232151 13.576759 -0.039961
v -3.232151 13.630461 -0.095989
v -3.232151 13.705750 -0.095291
v -3.030345 13.725248 -0.111658
v -3.030345 13.790616 -0.044756
v -3.030345 13.631255 -0.112641
v -3.030345 13.789806 0.048418
v -3.030345 13.723273 0.114179
v -3.030345 13.629274 0.113516
v -3.030345 13.563569 0.046605
v -3.030345 13.564384 -0.046881
v -3.233358 13.775132 -0.044979
v -3.233347 13.774355 0.048648
v -3.232601 13.710778 0.114367
v -3.231941 13.621601 0.113398
v -3.231751 13.559402 0.046545
v -3.231752 13.560174 -0.046818
v -3.231951 13.623477 -0.112524
v -3.232620 13.712658 -0.111853
v -3.538677 3.238791 -0.076464
v -3.602494 3.238791 -0.075907
v -3.647226 3.238791 -0.030388
v -3.646669 3.238791 0.033429
v -3.601149 3.238791 0.078161
v -3.537332 3.238791 0.077604
v -3.492601 3.238791 0.032085
v -3.493158 3.238791 -0.031732
v -3.538677 4.776760 -0.076464
v -3.602494 4.776760 -0.075907
v -3.647226 4.776760 -0.030388
v -3.646669 4.776760 0.033429
v -3.601149 4.776760 0.078161
v -3.537332 4.776760 0.077604
v -3.492601 4.776760 0.032085
v -3.493158 4.776760 -0.031732
v -0.725554 -0.133259 2.671517
v -0.725554 13.525628 2.671517
v -0.773962 -0.133259 2.659999
v -0.773962 13.525628 2.659999
v -0.714633 -0.133259 2.625622
v -0.714633 13.525628 2.625622
v -0.763041 -0.133259 2.614104
v -0.763041 13.525628 2.614104
v -0.670733 13.631824 2.441124
v -0.719141 13.631824 2.429605
v -0.670733 13.679000 2.441124
v -0.719141 13.679000 2.429605
v -0.760034 13.618325 2.601467
v -0.748123 13.635507 2.551408
v -0.768495 13.648152 2.637026
v -0.749995 13.681985 2.559277
v -0.720088 13.648152 2.648544
v -0.701588 13.681985 2.570795
v -0.699715 13.635507 2.562927
v -0.711627 13.618325 2.612986
v -1.513926 -0.133259 2.483928
v -1.513926 13.525628 2.483928
v -1.562333 -0.133259 2.472409
v -1.562333 13.525628 2.472409
v -1.503005 -0.133259 2.438032
v -1.503005 13.525628 2.438033
v -1.551413 -0.133259 2.426514
v -1.551413 13.525628 2.426514
v -1.459104 13.631824 2.253534
v -1.507512 13.631824 2.242016
v -1.459104 13.679000 2.253534
v -1.507512 13.679000 2.242016
v -1.548406 13.618325 2.413878
v -1.536495 13.635507 2.363819
v -1.556867 13.648152 2.449436
v -1.538367 13.681985 2.371687
v -1.508459 13.648152 2.460954
v -1.489959 13.681985 2.383205
v -1.488087 13.635507 2.375337
v -1.499998 13.618325 2.425396
v -0.725295 13.665284 2.411690
v -0.725295 14.549819 1.890998
v -0.725295 14.175971 2.272171
v -1.445251 13.665284 2.268482
v -1.245991 14.549819 1.787425
v -1.391860 14.175971 2.139583
v -0.749741 14.191916 2.299008
v -0.749617 13.700784 2.432517
v -0.749774 14.553868 1.930308
v -1.379545 14.191916 2.173733
v -1.430751 13.700784 2.297031
v -1.238419 14.553868 1.833110
v -0.731155 14.193313 2.301631
v -0.731155 13.682626 2.441150
v -0.731155 14.567161 1.920458
v -1.397720 14.193313 2.169044
v -1.451111 13.682626 2.297942
v -1.251851 14.567161 1.816886
v -0.748260 14.189894 2.291567
v -1.378065 14.189894 2.166291
v -0.748137 13.698761 2.425076
v -1.429271 13.698761 2.289590
v -0.752136 14.204181 2.311049
v -1.381940 14.204181 2.185773
v -0.752169 14.566133 1.942348
v -1.240814 14.566133 1.845151
v -1.511987 13.318304 2.475785
v -1.511987 13.287868 2.475785
v -1.504941 13.318304 2.446176
v -1.504941 13.287868 2.446176
v -0.764979 13.318305 2.622246
v -0.772025 13.318305 2.651856
v -0.772025 13.287868 2.651856
v -0.764979 13.287868 2.622246
v -1.511987 12.918065 2.475785
v -1.511987 12.887629 2.475785
v -1.504941 12.918065 2.446176
v -1.504941 12.887629 2.446176
v -0.764979 12.918065 2.622246
v -0.772025 12.918065 2.651856
v -0.772025 12.887629 2.651856
v -0.764979 12.887629 2.622246
v -1.511986 12.517825 2.475785
v -1.511986 12.487389 2.475785
v -1.504941 12.517825 2.446176
v -1.504941 12.487389 2.446176
v -0.764979 12.517825 2.622246
v -0.772025 12.517825 2.651856
v -0.772025 12.487389 2.651856
v -0.764979 12.487389 2.622246
v -1.511986 12.117585 2.475785
v -1.511986 12.087149 2.475785
v -1.504941 12.117585 2.446176
v -1.504941 12.087149 2.446176
v -0.764979 12.117585 2.622246
v -0.772025 12.117585 2.651856
v -0.772025 12.087149 2.651856
v -0.764979 12.087149 2.622246
v -1.511986 11.717345 2.475785
v -1.511986 11.686909 2.475785
v -1.504941 11.717345 2.446176
v -1.504941 11.686909 2.446176
v -0.764979 11.717345 2.622246
v -0.772025 11.717345 2.651856
v -0.772025 11.686909 2.651856
v -0.764979 11.686909 2.622246
v -1.511986 11.317105 2.475785
v -1.511986 11.286670 2.475785
v -1.504941 11.317105 2.446176
v -1.504941 11.286670 2.446176
v -0.764979 11.317105 2.622246
v -0.772025 11.317105 2.651856
v -0.772025 11.286670 2.651856
v -0.764979 11.286670 2.622246
v -1.511986 10.916866 2.475785
v -1.511986 10.886430 2.475785
v -1.504941 10.916866 2.446176
v -1.504941 10.886430 2.446176
v -0.764979 10.916866 2.622246
v -0.772025 10.916866 2.651856
v -0.772025 10.886430 2.651856
v -0.764979 10.886430 2.622246
v -1.511986 10.516626 2.475785
v -1.511986 10.486190 2.475785
v -1.504941 10.516626 2.446176
v -1.504941 10.486190 2.446176
v -0.764979 10.516626 2.622246
v -0.772025 10.516626 2.651856
v -0.772025 10.486190 2.651856
v -0.764979 10.486190 2.622246
v -1.511986 10.116386 2.475785
v -1.511986 10.085950 2.475785
v -1.504941 10.116386 2.446176
v -1.504941 10.085950 2.446176
v -0.764979 10.116386 2.622246
v -0.772025 10.116386 2.651856
v -0.772025 10.085950 2.651856
v -0.764979 10.085950 2.622246
v -1.511986 9.716147 2.475785
v -1.511986 9.685710 2.475785
v -1.504941 9.716147 2.446176
v -1.504941 9.685710 2.446176
v -0.764979 9.716147 2.622246
v -0.772025 9.716147 2.651856
v -0.772025 9.685710 2.651856
v -0.764979 9.685710 2.622246
v -1.511986 9.315907 2.475785
v -1.511986 9.285470 2.475785
v -1.504941 9.315907 2.446176
v -1.504941 9.285470 2.446176
v -0.764979 9.315907 2.622246
v -0.772025 9.315907 2.651856
v -0.772025 9.285470 2.651856
v -0.764979 9.285470 2.622246
v -1.511986 8.915668 2.475785
v -1.511986 8.885230 2.475785
v -1.504941 8.915668 2.446176
v -1.504941 8.885230 2.446176
v -0.764979 8.915668 2.622246
v -0.772025 8.915668 2.651856
v -0.772025 8.885230 2.651856
v -0.764979 8.885230 2.622246
v -1.511986 8.515428 2.475785
v -1.511986 8.484990 2.475785
v -1.504941 8.515428 2.446176
v -1.504941 8.484990 2.446176
v -0.764979 8.515428 2.622246
v -0.772025 8.515428 2.651856
v -0.772025 8.484990 2.651856
v -0.764979 8.484990 2.622246
v -1.511986 8.115188 2.475785
v -1.511986 8.084750 2.475785
v -1.504941 8.115188 2.446176
v -1.504941 8.084750 2.446176
v -0.764979 8.115188 2.622246
v -0.772025 8.115188 2.651856
v -0.772025 8.084750 2.651856
v -0.764979 8.084750 2.622246
v -1.511986 7.714947 2.475785
v -1.511986 7.684511 2.475785
v -1.504941 7.714947 2.446176
v -1.504941 7.684511 2.446176
v -0.764979 7.714947 2.622246
v -0.772025 7.714947 2.651856
v -0.772025 7.684511 2.651856
v -0.764979 7.684511 2.622246
v -1.511986 7.314707 2.475785
v -1.511986 7.284271 2.475785
v -1.504941 7.314707 2.446176
v -1.504941 7.284271 2.446176
v -0.764979 7.314707 2.622246
v -0.772025 7.314707 2.651856
v -0.772025 7.284271 2.651856
v -0.764979 7.284271 2.622246
v -1.511986 6.914467 2.475785
v -1.511986 6.884031 2.475785
v -1.504941 6.914467 2.446176
v -1.504941 6.884031 2.446176
v -0.764979 6.914467 2.622246
v -0.772025 6.914467 2.651856
v -0.772025 6.884031 2.651856
v -0.764979 6.884031 2.622246
v -1.511986 6.514227 2.475785
v -1.511986 6.483791 2.475785
v -1.504941 6.514227 2.446176
v -1.504941 6.483791 2.446176
v -0.764979 6.514227 2.622246
v -0.772025 6.514227 2.651856
v -0.772025 6.483791 2.651856
v -0.764979 6.483791 2.622246
v -1.511986 6.113987 2.475785
v -1.511986 6.083551 2.475785
v -1.504941 6.113987 2.446176
v -1.504941 6.083551 2.446176
v -0.764979 6.113987 2.622246
v -0.772024 6.113987 2.651856
v -0.772024 6.083551 2.651856
v -0.764979 6.083551 2.622246
v -1.511986 5.713748 2.475785
v -1.511986 5.683311 2.475785
v -1.504941 5.713748 2.446176
v -1.504941 5.683311 2.446176
v -0.764979 5.713748 2.622246
v -0.772024 5.713748 2.651856
v -0.772024 5.683311 2.651856
v -0.764979 5.683311 2.622246
v -1.511986 5.313508 2.475785
v -1.511986 5.283072 2.475785
v -1.504941 5.313508 2.446176
v -1.504941 5.283072 2.446176
v -0.764979 5.313508 2.622246
v -0.772024 5.313508 2.651856
v -0.772024 5.283072 2.651856
v -0.764979 5.283072 2.622246
v -1.511986 4.913267 2.475785
v -1.511986 4.882832 2.475785
v -1.504941 4.913267 2.446176
v -1.504941 4.882832 2.446176
v -0.764979 4.913267 2.622246
v -0.772024 4.913267 2.651856
v -0.772024 4.882832 2.651856
v -0.764979 4.882832 2.622246
v -1.511986 4.513027 2.475785
v -1.511986 4.482592 2.475785
v -1.504940 4.513027 2.446176
v -1.504940 4.482592 2.446176
v -0.764979 4.513027 2.622246
v -0.772024 4.513027 2.651856
v -0.772024 4.482592 2.651856
v -0.764979 4.482592 2.622246
v -1.511986 4.112787 2.475785
v -1.511986 4.082352 2.475785
v -1.504940 4.112787 2.446176
v -1.504940 4.082352 2.446176
v -0.764979 4.112787 2.622246
v -0.772024 4.112787 2.651856
v -0.772024 4.082352 2.651856
v -0.764979 4.082352 2.622246
v -1.511986 3.712548 2.475785
v -1.511986 3.682112 2.475785
v -1.504940 3.712548 2.446176
v -1.504940 3.682112 2.446176
v -0.764979 3.712548 2.622246
v -0.772024 3.712548 2.651856
v -0.772024 3.682112 2.651856
v -0.764979 3.682112 2.622246
v -1.511986 3.312308 2.475785
v -1.511986 3.281872 2.475785
v -1.504940 3.312308 2.446176
v -1.504940 3.281872 2.446176
v -0.764979 3.312308 2.622246
v -0.772024 3.312308 2.651856
v -0.772024 3.281872 2.651856
v -0.764979 3.281872 2.622246
v -1.511986 2.912068 2.475785
v -1.511986 2.881632 2.475785
v -1.504940 2.912068 2.446176
v -1.504940 2.881632 2.446176
v -0.764979 2.912068 2.622246
v -0.772024 2.912068 2.651856
v -0.772024 2.881632 2.651856
v -0.764979 2.881632 2.622246
v -1.511986 2.511828 2.475785
v -1.511986 2.481392 2.475785
v -1.504940 2.511828 2.446176
v -1.504940 2.481392 2.446176
v -0.764979 2.511828 2.622246
v -0.772024 2.511828 2.651856
v -0.772024 2.481392 2.651856
v -0.764979 2.481392 2.622246
v -1.511986 2.111588 2.475785
v -1.511986 2.081152 2.475785
v -1.504940 2.111588 2.446176
v -1.504940 2.081152 2.446176
v -0.764979 2.111588 2.622246
v -0.772024 2.111588 2.651856
v -0.772024 2.081152 2.651856
v -0.764979 2.081152 2.622246
v -1.511986 1.711348 2.475785
v -1.511986 1.680912 2.475785
v -1.504940 1.711348 2.446176
v -1.504940 1.680912 2.446176
v -0.764979 1.711348 2.622246
v -0.772024 1.711348 2.651856
v -0.772024 1.680912 2.651856
v -0.764979 1.680912 2.622246
v -1.511986 1.311108 2.475785
v -1.511986 1.280672 2.475785
v -1.504940 1.311108 2.446176
v -1.504940 1.280672 2.446176
v -0.764979 1.311108 2.622246
v -0.772024 1.311108 2.651856
v -0.772024 1.280672 2.651856
v -0.764979 1.280672 2.622246
v -1.511986 0.910868 2.475785
v -1.511986 0.880432 2.475785
v -1.504940 0.910868 2.446176
v -1.504940 0.880432 2.446176
v -0.764979 0.910868 2.622246
v -0.772024 0.910868 2.651856
v -0.772024 0.880432 2.651856
v -0.764979 0.880432 2.622246
v -1.511986 0.510628 2.475785
v -1.511986 0.480192 2.475785
v -1.504940 0.510628 2.446176
v -1.504940 0.480192 2.446176
v -0.764979 0.510628 2.622246
v -0.772024 0.510628 2.651856
v -0.772024 0.480192 2.651856
v -0.764979 0.480192 2.622246
v -1.511986 0.110388 2.475785
v -1.511986 0.079952 2.475785
v -1.504940 0.110388 2.446176
v -1.504940 0.079952 2.446176
v -0.764978 0.110388 2.622246
v -0.772024 0.110388 2.651856
v -0.772024 0.079952 2.651856
v -0.764978 0.079952 2.622246
v -0.783816 3.329900 2.873678
v -0.783816 3.259482 2.873678
v -0.734733 3.329900 2.667403
v -0.734733 3.259482 2.667403
v -1.004157 3.259482 3.068555
v -1.004157 3.329900 3.068555
v -0.850201 3.259482 3.001055
v -0.850201 3.329900 3.001055
v -1.601362 3.329900 2.679147
v -1.601362 3.259482 2.679147
v -1.552279 3.329900 2.472871
v -1.552279 3.259482 2.472871
v -1.492404 3.259482 2.952379
v -1.492404 3.329900 2.952379
v -1.599460 3.259482 2.822771
v -1.599460 3.329900 2.822771
v -0.812139 3.329900 2.863113
v -0.812139 3.259482 2.863113
v -0.763918 3.329900 2.660458
v -0.763918 3.259482 2.660458
v -1.007350 3.259482 3.037198
v -1.007350 3.329900 3.037198
v -0.871922 3.259482 2.977821
v -0.871922 3.329900 2.977821
v -1.571315 3.329900 2.682471
v -1.571315 3.259482 2.682471
v -1.523094 3.329900 2.479815
v -1.523094 3.259482 2.479815
v -1.475431 3.259482 2.925820
v -1.475431 3.329900 2.925820
v -1.569603 3.259482 2.811811
v -1.569603 3.329900 2.811811
v -0.783816 5.019225 2.873678
v -0.783816 4.948807 2.873678
v -0.734733 5.019225 2.667403
v -0.734733 4.948807 2.667403
v -1.004158 4.948807 3.068555
v -1.004158 5.019225 3.068555
v -0.850201 4.948807 3.001055
v -0.850201 5.019225 3.001055
v -1.601362 5.019225 2.679147
v -1.601362 4.948807 2.679147
v -1.552279 5.019225 2.472871
v -1.552279 4.948807 2.472871
v -1.492404 4.948807 2.952379
v -1.492404 5.019225 2.952379
v -1.599460 4.948807 2.822771
v -1.599460 5.019225 2.822771
v -0.812139 5.019225 2.863113
v -0.812139 4.948807 2.863113
v -0.763918 5.019225 2.660458
v -0.763918 4.948807 2.660458
v -1.007350 4.948807 3.037198
v -1.007350 5.019225 3.037198
v -0.871922 4.948807 2.977821
v -0.871922 5.019225 2.977821
v -1.571315 5.019225 2.682471
v -1.571315 4.948807 2.682471
v -1.523094 5.019225 2.479815
v -1.523094 4.948807 2.479815
v -1.475431 4.948807 2.925820
v -1.475431 5.019225 2.925820
v -1.569603 4.948807 2.811811
v -1.569603 5.019225 2.811811
v -0.783816 6.708550 2.873678
v -0.783816 6.638132 2.873678
v -0.734733 6.708550 2.667403
v -0.734733 6.638132 2.667403
v -1.004158 6.638132 3.068555
v -1.004158 6.708550 3.068555
v -0.850201 6.638132 3.001055
v -0.850201 6.708550 3.001055
v -1.601362 6.708550 2.679147
v -1.601362 6.638132 2.679147
v -1.552279 6.708550 2.472871
v -1.552279 6.638132 2.472871
v -1.492404 6.638132 2.952379
v -1.492404 6.708550 2.952379
v -1.599460 6.638132 2.822771
v -1.599460 6.708550 2.822771
v -0.812140 6.708550 2.863113
v -0.812140 6.638132 2.863113
v -0.763919 6.708550 2.660458
v -0.763919 6.638132 2.660458
v -1.007350 6.638132 3.037198
v -1.007350 6.708550 3.037198
v -0.871922 6.638132 2.977821
v -0.871922 6.708550 2.977821
v -1.571315 6.708550 2.682471
v -1.571315 6.638132 2.682471
v -1.523094 6.708550 2.479815
v -1.523094 6.638132 2.479815
v -1.475431 6.638132 2.925820
v -1.475431 6.708550 2.925820
v -1.569603 6.638132 2.811811
v -1.569603 6.708550 2.811811
v -0.783816 8.397875 2.873678
v -0.783816 8.327457 2.873678
v -0.734734 8.397875 2.667403
v -0.734734 8.327457 2.667403
v -1.004158 8.327457 3.068555
v -1.004158 8.397875 3.068555
v -0.850201 8.327457 3.001055
v -0.850201 8.397875 3.001055
v -1.601362 8.397875 2.679147
v -1.601362 8.327457 2.679147
v -1.552280 8.397875 2.472871
v -1.552280 8.327457 2.472871
v -1.492405 8.327457 2.952379
v -1.492405 8.397875 2.952379
v -1.599461 8.327457 2.822771
v -1.599461 8.397875 2.822771
v -0.812140 8.397875 2.863113
v -0.812140 8.327457 2.863113
v -0.763919 8.397875 2.660458
v -0.763919 8.327457 2.660458
v -1.007350 8.327457 3.037198
v -1.007350 8.397875 3.037198
v -0.871922 8.327457 2.977821
v -0.871922 8.397875 2.977821
v -1.571316 8.397875 2.682471
v -1.571316 8.327457 2.682471
v -1.523094 8.397875 2.479815
v -1.523094 8.327457 2.479815
v -1.475431 8.327457 2.925820
v -1.475431 8.397875 2.925820
v -1.569603 8.327457 2.811811
v -1.569603 8.397875 2.811811
v -0.783816 10.087200 2.873678
v -0.783816 10.016783 2.873678
v -0.734734 10.087200 2.667403
v -0.734734 10.016783 2.667403
v -1.004158 10.016783 3.068555
v -1.004158 10.087200 3.068555
v -0.850201 10.016783 3.001055
v -0.850201 10.087200 3.001055
v -1.601362 10.087200 2.679147
v -1.601362 10.016783 2.679147
v -1.552280 10.087200 2.472871
v -1.552280 10.016783 2.472871
v -1.492405 10.016783 2.952379
v -1.492405 10.087200 2.952379
v -1.599461 10.016783 2.822771
v -1.599461 10.087200 2.822771
v -0.812140 10.087200 2.863113
v -0.812140 10.016783 2.863113
v -0.763919 10.087200 2.660458
v -0.763919 10.016783 2.660458
v -1.007350 10.016783 3.037198
v -1.007350 10.087200 3.037198
v -0.871922 10.016783 2.977821
v -0.871922 10.087200 2.977821
v -1.571316 10.087200 2.682471
v -1.571316 10.016783 2.682471
v -1.523095 10.087200 2.479815
v -1.523095 10.016783 2.479815
v -1.475432 10.016783 2.925820
v -1.475432 10.087200 2.925820
v -1.569603 10.016783 2.811811
v -1.569603 10.087200 2.811811
v -0.783816 11.776525 2.873678
v -0.783816 11.706107 2.873678
v -0.734734 11.776525 2.667403
v -0.734734 11.706107 2.667403
v -1.004158 11.706107 3.068555
v -1.004158 11.776525 3.068555
v -0.850201 11.706107 3.001055
v -0.850201 11.776525 3.001055
v -1.601362 11.776525 2.679147
v -1.601362 11.706107 2.679147
v -1.552280 11.776525 2.472871
v -1.552280 11.706107 2.472871
v -1.492405 11.706107 2.952379
v -1.492405 11.776525 2.952379
v -1.599461 11.706107 2.822771
v -1.599461 11.776525 2.822771
v -0.812140 11.776525 2.863113
v -0.812140 11.706107 2.863113
v -0.763919 11.776525 2.660458
v -0.763919 11.706107 2.660458
v -1.007350 11.706107 3.037198
v -1.007350 11.776525 3.037198
v -0.871922 11.706107 2.977821
v -0.871922 11.776525 2.977821
v -1.571316 11.776525 2.682471
v -1.571316 11.706107 2.682471
v -1.523095 11.776525 2.479815
v -1.523095 11.706107 2.479815
v -1.475432 11.706107 2.925820
v -1.475432 11.776525 2.925820
v -1.569603 11.706107 2.811811
v -1.569603 11.776525 2.811811
v -0.783816 13.465851 2.873678
v -0.783816 13.395432 2.873678
v -0.734734 13.465851 2.667403
v -0.734734 13.395432 2.667403
v -1.004158 13.395432 3.068555
v -1.004158 13.465851 3.068555
v -0.850201 13.395432 3.001055
v -0.850201 13.465851 3.001055
v -1.601362 13.465851 2.679147
v -1.601362 13.395432 2.679147
v -1.552280 13.465851 2.472871
v -1.552280 13.395432 2.472871
v -1.492405 13.395432 2.952379
v -1.492405 13.465851 2.952379
v -1.599461 13.395432 2.822771
v -1.599461 13.465851 2.822771
v -0.812140 13.465851 2.863113
v -0.812140 13.395432 2.863113
v -0.763919 13.465851 2.660458
v -0.763919 13.395432 2.660458
v -1.007350 13.395432 3.037198
v -1.007350 13.465851 3.037198
v -0.871923 13.395432 2.977821
v -0.871923 13.465851 2.977821
v -1.571316 13.465851 2.682471
v -1.571316 13.395432 2.682471
v -1.523095 13.465851 2.479815
v -1.523095 13.395432 2.479815
v -1.475432 13.395432 2.925820
v -1.475432 13.465851 2.925820
v -1.569603 13.395432 2.811811
v -1.569603 13.465851 2.811811
v -1.103992 3.329900 3.041188
v -1.084407 3.329900 3.045848
v -1.099332 3.329900 3.021603
v -1.079747 3.329900 3.026263
v -1.103992 13.397125 3.041188
v -1.084407 13.397125 3.045848
v -1.099332 13.397125 3.021603
v -1.079747 13.397125 3.026263
v -0.863745 3.329900 3.002602
v -0.847653 3.329900 2.990505
v -0.875842 3.329900 2.986510
v -0.859750 3.329900 2.974413
v -0.863745 13.397125 3.002602
v -0.847653 13.397125 2.990505
v -0.875842 13.397125 2.986510
v -0.859750 13.397125 2.974413
v -1.390941 3.329900 2.972910
v -1.410526 3.329900 2.968250
v -1.386281 3.329900 2.953325
v -1.405866 3.329900 2.948665
v -1.390942 13.397125 2.972909
v -1.410527 13.397125 2.968249
v -1.386282 13.397125 2.953325
v -1.405867 13.397125 2.948665
v -1.588062 3.329900 2.830254
v -1.596981 3.329900 2.812206
v -1.570014 3.329900 2.821335
v -1.578933 3.329900 2.803287
v -1.588063 13.397125 2.830254
v -1.596982 13.397125 2.812206
v -1.570015 13.397125 2.821334
v -1.578934 13.397125 2.803287
v -3.523812 6.317451 -0.113249
v -3.617992 6.317451 -0.112428
v -3.684007 6.317451 -0.045251
v -3.683185 6.317451 0.048930
v -3.616008 6.317451 0.114945
v -3.521828 6.317451 0.114123
v -3.455813 6.317451 0.046946
v -3.456635 6.317451 -0.047235
v -3.523812 6.390284 -0.113249
v -3.617992 6.390284 -0.112428
v -3.684007 6.390284 -0.045251
v -3.683185 6.390284 0.048930
v -3.616008 6.390284 0.114945
v -3.521828 6.390284 0.114123
v -3.455813 6.390284 0.046946
v -3.456635 6.390284 -0.047235
v -3.608810 6.317451 -0.090796
v -3.532615 6.317451 -0.091461
v -3.662219 6.317451 -0.036448
v -3.661554 6.317451 0.039748
v -3.607205 6.317451 0.093156
v -3.531010 6.317451 0.092491
v -3.477601 6.317451 0.038143
v -3.478266 6.317451 -0.038053
v -3.608810 6.390284 -0.090796
v -3.532615 6.390284 -0.091461
v -3.662219 6.390284 -0.036448
v -3.661554 6.390284 0.039748
v -3.607205 6.390284 0.093156
v -3.531010 6.390284 0.092491
v -3.477601 6.390284 0.038143
v -3.478266 6.390284 -0.038053
v -3.068807 6.317451 -0.049685
v -3.067985 6.317451 0.044495
v -3.068807 6.390284 -0.049685
v -3.067985 6.390284 0.044495
v -3.523812 9.492995 -0.113249
v -3.617992 9.492995 -0.112428
v -3.684007 9.492995 -0.045251
v -3.683185 9.492995 0.048930
v -3.616008 9.492995 0.114945
v -3.521828 9.492995 0.114123
v -3.455813 9.492995 0.046946
v -3.456635 9.492995 -0.047235
v -3.523812 9.565829 -0.113249
v -3.617992 9.565829 -0.112428
v -3.684007 9.565829 -0.045251
v -3.683185 9.565829 0.048930
v -3.616008 9.565829 0.114945
v -3.521828 9.565829 0.114123
v -3.455813 9.565829 0.046946
v -3.456635 9.565829 -0.047235
v -3.608810 9.492995 -0.090796
v -3.532615 9.492995 -0.091461
v -3.662219 9.492995 -0.036448
v -3.661554 9.492995 0.039748
v -3.607205 9.492995 0.093156
v -3.531010 9.492995 0.092491
v -3.477601 9.492995 0.038143
v -3.478266 9.492995 -0.038053
v -3.608810 9.565829 -0.090796
v -3.532615 9.565829 -0.091461
v -3.662219 9.565829 -0.036448
v -3.661554 9.565829 0.039748
v -3.607205 9.565829 0.093156
v -3.531010 9.565829 0.092491
v -3.477601 9.565829 0.038143
v -3.478266 9.565829 -0.038053
v -3.068807 9.492995 -0.049685
v -3.067985 9.492995 0.044495
v -3.068807 9.565829 -0.049685
v -3.067985 9.565829 0.044495
v -3.523812 12.668540 -0.113249
v -3.617992 12.668540 -0.112428
v -3.684007 12.668540 -0.045251
v -3.683185 12.668540 0.048930
v -3.616008 12.668540 0.114945
v -3.521828 12.668540 0.114123
v -3.455813 12.668540 0.046946
v -3.456635 12.668540 -0.047235
v -3.523812 12.741374 -0.113249
v -3.617992 12.741374 -0.112428
v -3.684007 12.741374 -0.045251
v -3.683185 12.741374 0.048930
v -3.616008 12.741374 0.114945
v -3.521828 12.741374 0.114123
v -3.455813 12.741374 0.046946
v -3.456635 12.741374 -0.047235
v -3.608810 12.668540 -0.090796
v -3.532615 12.668540 -0.091461
v -3.662219 12.668540 -0.036448
v -3.661554 12.668540 0.039748
v -3.607205 12.668540 0.093156
v -3.531010 12.668540 0.092491
v -3.477601 12.668540 0.038143
v -3.478266 12.668540 -0.038053
v -3.608810 12.741374 -0.090796
v -3.532615 12.741374 -0.091461
v -3.662219 12.741374 -0.036448
v -3.661554 12.741374 0.039748
v -3.607205 12.741374 0.093156
v -3.531010 12.741374 0.092491
v -3.477601 12.741374 0.038143
v -3.478266 12.741374 -0.038053
v -3.068807 12.668540 -0.049685
v -3.067985 12.668540 0.044495
v -3.068807 12.741374 -0.049685
v -3.067985 12.741374 0.044495
vn -0.0000 1.0000 -0.0000
vn 0.1951 -0.0000 -0.9808
vn 0.5556 -0.0000 -0.8315
vn 0.8315 -0.0000 -0.5556
vn 0.8315 -0.0000 0.5556
vn 0.5556 -0.0000 0.8315
vn 0.1951 -0.0000 0.9808
vn -0.1951 -0.0000 0.9808
vn -0.5556 -0.0000 0.8315
vn -0.8315 -0.0000 0.5556
vn -0.9808 -0.0000 0.1951
vn -0.9808 -0.0000 -0.1951
vn -0.8315 -0.0000 -0.5556
vn -0.5556 -0.0000 -0.8315
vn -0.1951 -0.0000 -0.9808
vn 0.5034 -0.0000 0.8641
vn 0.9558 -0.0000 0.2941
vn 0.0035 -0.0000 1.0000
vn 0.9558 -0.0000 -0.2941
vn 0.5034 -0.0000 -0.8641
vn 0.0037 -0.0000 -1.0000
vn 1.0000 -0.0000 -0.0000
vn -0.0000 -1.0000 -0.0000
vn 0.1884 0.2588 -0.9474
vn 0.1379 0.7071 -0.6935
vn 0.0753 0.9226 -0.3784
vn 0.5366 0.2588 -0.8031
vn 0.3928 0.7071 -0.5879
vn 0.2144 0.9226 -0.3208
vn 0.8031 0.2588 -0.5366
vn 0.5879 0.7071 -0.3928
vn 0.3208 0.9226 -0.2144
vn 0.9474 0.2588 -0.1884
vn 0.6935 0.7071 -0.1379
vn 0.3784 0.9226 -0.0753
vn 0.9474 0.2588 0.1884
vn 0.6935 0.7071 0.1379
vn 0.3784 0.9226 0.0753
vn 0.8031 0.2588 0.5366
vn 0.5879 0.7071 0.3928
vn 0.3208 0.9226 0.2144
vn 0.5366 0.2588 0.8031
vn 0.3928 0.7071 0.5879
vn 0.2144 0.9226 0.3208
vn 0.1884 0.2588 0.9474
vn 0.1379 0.7071 0.6935
vn 0.0753 0.9226 0.3784
vn -0.1884 0.2588 0.9474
vn -0.1379 0.7071 0.6935
vn -0.0753 0.9226 0.3784
vn -0.5366 0.2588 0.8031
vn -0.3928 0.7071 0.5879
vn -0.2144 0.9226 0.3208
vn -0.8031 0.2588 0.5366
vn -0.5879 0.7071 0.3928
vn -0.3208 0.9226 0.2144
vn -0.9474 0.2588 0.1884
vn -0.6935 0.7071 0.1379
vn -0.3784 0.9226 0.0753
vn -0.9474 0.2588 -0.1884
vn -0.6935 0.7071 -0.1380
vn -0.3784 0.9226 -0.0753
vn -0.8031 0.2588 -0.5366
vn -0.5879 0.7071 -0.3928
vn -0.3208 0.9226 -0.2144
vn -0.5366 0.2588 -0.8031
vn -0.3928 0.7071 -0.5879
vn -0.2144 0.9226 -0.3208
vn -0.1884 0.2588 -0.9474
vn -0.1379 0.7071 -0.6935
vn -0.0753 0.9226 -0.3784
vn 0.9808 -0.0000 -0.1951
vn 0.9808 -0.0000 0.1951
vn -0.0000 -0.0000 -1.0000
vn 0.4981 -0.0000 -0.8671
vn 0.9582 -0.0000 -0.2862
vn -0.0000 -0.0000 1.0000
vn 0.9582 -0.0000 0.2862
vn 0.4981 -0.0000 0.8671
vn 0.5023 -0.0000 0.8647
vn 0.9563 -0.0000 -0.2924
vn -0.0179 -0.0000 -0.9998
vn -0.0179 -0.0000 0.9998
vn 0.5023 -0.0000 -0.8647
vn 0.9563 -0.0000 0.2924
vn 0.0087 -0.0000 1.0000
vn -1.0000 -0.0000 0.0087
vn -0.0087 -0.0000 -1.0000
vn 0.7009 -0.0000 -0.7133
vn 0.7133 -0.0000 0.7009
vn -0.7009 -0.0000 0.7133
vn -0.7133 -0.0000 -0.7009
vn 1.0000 -0.0000 -0.0087
vn -0.9959 0.0898 0.0083
vn -0.7169 0.0646 0.6942
vn 0.0092 -0.0007 1.0000
vn 0.7348 -0.0408 0.6771
vn 0.9993 -0.0350 -0.0087
vn 0.7007 -0.0248 -0.7130
vn -0.0087 0.0005 -1.0000
vn -0.7121 0.0557 -0.6998
vn -0.7215 0.6923 0.0081
vn -0.9996 0.0002 -0.0271
vn -0.5227 0.5015 0.6894
vn -0.9999 -0.0114 0.0077
vn 0.0067 -0.0065 1.0000
vn -0.9997 -0.0240 -0.0002
vn 0.5351 -0.5070 0.6758
vn 0.7323 -0.6809 -0.0083
vn -0.9997 -0.0172 -0.0165
vn 0.5279 -0.4910 -0.6930
vn -0.0067 0.0064 -1.0000
vn -0.9999 -0.0074 -0.0090
vn -0.5309 0.5078 -0.6785
vn -0.0229 0.7337 -0.6791
vn -0.0002 0.0093 -1.0000
vn 0.0101 -0.7219 -0.6919
vn 0.0138 -0.9999 -0.0082
vn 0.0164 -0.7444 0.6675
vn 0.0003 -0.0095 1.0000
vn -0.0265 0.7303 0.6826
vn -0.0363 0.9993 0.0080
vn -0.0761 0.9971 0.0087
vn -0.0526 0.7020 0.7102
vn 0.0014 -0.0071 1.0000
vn 0.0267 -0.7132 0.7004
vn 0.0207 -0.9998 -0.0083
vn 0.0148 -0.7200 -0.6938
vn -0.0009 0.0075 -1.0000
vn -0.0448 0.7298 -0.6822
vn -0.9975 -0.0515 -0.0493
vn -0.9973 -0.0728 -0.0006
vn -0.9994 -0.0291 0.0162
vn -0.7009 -0.0000 0.7132
vn 0.2315 -0.0000 -0.9728
vn 0.9728 -0.0000 0.2315
vn -0.2315 -0.0000 0.9728
vn -0.9728 -0.0000 -0.2315
vn 0.0052 0.9997 -0.0218
vn -0.0068 -0.9996 0.0286
vn -0.0902 0.9209 0.3792
vn -0.2273 0.1893 0.9553
vn 0.0733 -0.9485 -0.3081
vn 0.2292 -0.1388 -0.9634
vn 0.0975 0.8660 -0.4904
vn -0.9742 0.0461 -0.2209
vn 0.9846 0.0461 0.1687
vn -0.9565 0.1248 -0.2637
vn -0.0975 -0.8660 0.4904
vn 0.9846 0.1248 0.1224
vn -0.1540 0.2592 0.9535
vn -0.1258 0.7054 0.6975
vn -0.1380 0.7071 0.6935
vn -0.1885 0.2576 0.9477
vn 0.9769 -0.0497 0.2078
vn -0.9821 -0.0497 -0.1819
vn 0.0503 0.9663 -0.2526
vn -0.1380 0.7068 0.6938
vn 0.1379 0.7074 -0.6932
vn 0.9904 0.0985 0.0966
vn -0.9520 0.0985 -0.2897
vn -0.0503 -0.9662 0.2527
vn -0.0000 -1.0000 0.0001
vn -0.0000 -1.0000 -0.0001
vn -0.0000 1.0000 -0.0001
vn 0.4015 -0.0000 0.9158
vn 0.8868 -0.0000 0.4622
vn -0.7710 -0.0000 0.6368
vn -0.9999 -0.0000 0.0132
vn -0.4015 -0.0000 -0.9158
vn -0.8868 -0.0000 -0.4622
vn 0.7710 -0.0000 -0.6368
vn 0.9999 -0.0000 -0.0132
vn 0.7993 -0.0000 -0.6009
vn -0.7993 -0.0000 0.6009
vn -0.6009 -0.0000 -0.7993
vn 0.6009 -0.0000 0.7993
vn -0.4430 -0.0000 -0.8965
vn 0.4430 -0.0000 0.8965
vn 0.8965 -0.0000 -0.4430
vn -0.8965 -0.0000 0.4431
vn 0.7132 -0.0000 0.7009
vn -0.7132 -0.0000 -0.7009
vn 0.0063 -0.0000 1.0000
vn -0.0063 -0.0000 -1.0000
vn -0.0000 1.0000 0.0001
vn -0.6935 0.7071 0.1380
vn -0.6935 0.7071 -0.1379
vn -0.9959 0.0897 0.0087
vn -0.6999 0.0544 0.7122
vn 0.0087 -0.0005 1.0000
vn 0.7130 -0.0250 0.7007
vn 0.9993 -0.0353 -0.0081
vn 0.7228 -0.0406 -0.6899
vn -0.0092 0.0007 -1.0000
vn -0.7288 0.0657 -0.6816
vn -0.7215 0.6923 0.0082
vn -0.9999 -0.0075 0.0094
vn -0.5223 0.4995 0.6912
vn -0.9997 -0.0175 0.0162
vn 0.0067 -0.0064 1.0000
vn 0.5368 -0.4991 0.6803
vn 0.7322 -0.6810 -0.0081
vn -0.9999 -0.0109 -0.0075
vn 0.5264 -0.4989 -0.6885
vn -0.0067 0.0065 -1.0000
vn -0.9996 -0.0003 0.0282
vn -0.5313 0.5098 -0.6767
vn -0.0269 0.7420 -0.6698
vn -0.0003 0.0095 -1.0000
vn 0.0163 -0.7326 -0.6804
vn 0.0139 -0.9999 -0.0080
vn 0.0101 -0.7339 0.6792
vn 0.0002 -0.0093 1.0000
vn -0.0225 0.7217 0.6918
vn -0.0362 0.9993 0.0083
vn -0.0759 0.9971 0.0083
vn -0.0437 0.7178 0.6949
vn -0.0002 -0.0109 0.9999
vn 0.0149 -0.7320 0.6811
vn 0.0209 -0.9997 -0.0087
vn 0.0266 -0.7009 -0.7127
vn 0.0003 0.0105 -0.9999
vn -0.0537 0.7142 -0.6978
vn -0.9995 -0.0281 -0.0158
vn -0.9974 -0.0722 -0.0005
vn -0.9974 -0.0528 0.0489
vn -0.1507 0.7054 0.6925
vn -0.2226 0.2592 0.9398
vn -0.9821 -0.0497 -0.1818
vn 0.0503 0.9662 -0.2529
vn 0.1379 0.7075 -0.6932
vn -0.9520 0.0985 -0.2898
vn -0.1379 -0.7074 0.6932
vn 0.7710 -0.0000 -0.6369
vn -0.8965 -0.0000 0.4430
vn 0.7009 -0.0000 -0.7132
vt 0.852720 0.772268
vt 0.852784 0.772268
vt 0.852823 0.772268
vt 0.853117 0.772268
vt 0.853087 0.772268
vt 0.853558 0.772268
vt 0.853542 0.772268
vt 0.854078 0.772268
vt 0.854613 0.772268
vt 0.854597 0.772268
vt 0.855038 0.772268
vt 0.855068 0.772268
vt 0.855371 0.772268
vt 0.855332 0.772268
vt 0.854078 0.772268
vt 0.854613 0.640350
vt 0.854078 0.640350
vt 0.854613 0.772268
vt 0.855068 0.640350
vt 0.855068 0.772268
vt 0.855371 0.640350
vt 0.855068 0.640350
vt 0.854613 0.640350
vt 0.854078 0.640350
vt 0.853542 0.640350
vt 0.853087 0.640350
vt 0.852784 0.640350
vt 0.852677 0.640350
vt 0.852677 0.772268
vt 0.853087 0.640350
vt 0.853087 0.772268
vt 0.853542 0.640350
vt 0.853542 0.772268
vt 0.853117 0.772268
vt 0.854597 0.772268
vt 0.853558 0.772268
vt 0.855038 0.772268
vt 0.855941 0.768844
vt 0.856067 0.768843
vt 0.856025 0.768843
vt 0.855366 0.768844
vt 0.855751 0.768844
vt 0.855740 0.768844
vt 0.855751 0.640350
vt 0.855974 0.768844
vt 0.855974 0.640350
vt 0.855338 0.768844
vt 0.855338 0.640350
vt 0.855974 0.768843
vt 0.856067 0.640350
vt 0.855751 0.768843
vt 0.855337 0.640349
vt 0.855941 0.768843
vt 0.855740 0.768843
vt 0.855366 0.768843
vt 0.855337 0.768843
vt 0.204521 0.588339
vt 0.204467 0.588339
vt 0.204525 0.588339
vt 0.204541 0.588339
vt 0.204545 0.588339
vt 0.204180 0.590018
vt 0.204093 0.590018
vt 0.204096 0.590018
vt 0.204019 0.590018
vt 0.204035 0.590018
vt 0.204015 0.590018
vt 0.204464 0.588339
vt 0.204039 0.590018
vt 0.204380 0.588339
vt 0.204382 0.588339
vt 0.204280 0.590018
vt 0.204380 0.590018
vt 0.204467 0.590018
vt 0.204464 0.590018
vt 0.204280 0.588339
vt 0.204541 0.590018
vt 0.204525 0.590018
vt 0.204545 0.590018
vt 0.204521 0.590018
vt 0.204180 0.588339
vt 0.204179 0.588339
vt 0.204093 0.588339
vt 0.204096 0.588339
vt 0.204179 0.590018
vt 0.204035 0.588339
vt 0.204039 0.588339
vt 0.204280 0.441299
vt 0.204180 0.441299
vt 0.204096 0.441299
vt 0.204039 0.441299
vt 0.204019 0.588339
vt 0.204019 0.441299
vt 0.204380 0.441299
vt 0.204464 0.441299
vt 0.204521 0.441299
vt 0.835433 0.681479
vt 0.835526 0.683229
vt 0.835533 0.681479
vt 0.835433 0.683229
vt 0.835505 0.684511
vt 0.835433 0.684511
vt 0.835478 0.685243
vt 0.835604 0.683229
vt 0.835617 0.681479
vt 0.835566 0.684511
vt 0.835515 0.685243
vt 0.835656 0.683229
vt 0.835674 0.681479
vt 0.835607 0.684511
vt 0.835541 0.685243
vt 0.835694 0.681479
vt 0.835674 0.683229
vt 0.835622 0.684511
vt 0.835549 0.685243
vt 0.835433 0.685243
vt 0.835341 0.683229
vt 0.835333 0.681479
vt 0.835361 0.684511
vt 0.835389 0.685243
vt 0.835262 0.683229
vt 0.835249 0.681479
vt 0.835300 0.684511
vt 0.835351 0.685243
vt 0.835210 0.683229
vt 0.835192 0.681479
vt 0.835259 0.684511
vt 0.835326 0.685243
vt 0.835172 0.681479
vt 0.835192 0.683229
vt 0.835245 0.684511
vt 0.835317 0.685243
vt 0.204382 0.590018
vt 0.204015 0.588339
vt 0.204654 0.441089
vt 0.204654 0.588391
vt 0.204514 0.441089
vt 0.204599 0.588391
vt 0.204599 0.441089
vt 0.204638 0.441089
vt 0.204638 0.588391
vt 0.204514 0.588391
vt 0.843811 0.699814
vt 0.843896 0.699814
vt 0.843896 0.699814
vt 0.204601 0.588391
vt 0.204660 0.588391
vt 0.204509 0.588391
vt 0.843957 0.699814
vt 0.843940 0.700320
vt 0.843940 0.699814
vt 0.843800 0.699814
vt 0.843935 0.699814
vt 0.843951 0.699814
vt 0.843800 0.700320
vt 0.843957 0.700320
vt 0.843896 0.700320
vt 0.204660 0.590070
vt 0.204643 0.588391
vt 0.204601 0.590070
vt 0.204643 0.590070
vt 0.204509 0.590070
vt 0.589962 0.610253
vt 0.588811 0.756101
vt 0.588811 0.610253
vt 0.587990 0.610253
vt 0.587980 0.756101
vt 0.587980 0.610253
vt 0.588787 0.610253
vt 0.589938 0.756101
vt 0.589938 0.610253
vt 0.590759 0.756101
vt 0.590759 0.610253
vt 0.590769 0.610253
vt 0.589962 0.756101
vt 0.587990 0.756101
vt 0.588787 0.756101
vt 0.590769 0.756101
vt 0.588311 0.759666
vt 0.588302 0.759670
vt 0.589063 0.759335
vt 0.590116 0.758871
vt 0.590855 0.758546
vt 0.590845 0.758551
vt 0.590094 0.758881
vt 0.589040 0.759345
vt 0.590154 0.761587
vt 0.590150 0.761596
vt 0.594238 0.759877
vt 0.594232 0.761057
vt 0.594238 0.760961
vt 0.590507 0.760845
vt 0.594244 0.758877
vt 0.594241 0.759773
vt 0.591001 0.759806
vt 0.594238 0.759127
vt 0.594238 0.759117
vt 0.591348 0.759077
vt 0.594238 0.759900
vt 0.594244 0.758888
vt 0.591344 0.759086
vt 0.590991 0.759828
vt 0.594231 0.761084
vt 0.594241 0.759800
vt 0.590497 0.760867
vt 0.594238 0.761744
vt 0.594238 0.760984
vt 0.594238 0.761735
vt 0.594221 0.761984
vt 0.597145 0.762195
vt 0.597145 0.762207
vt 0.594221 0.761972
vt 0.597145 0.761237
vt 0.597145 0.759883
vt 0.597145 0.758937
vt 0.597145 0.758949
vt 0.597145 0.759911
vt 0.597145 0.761265
vt 0.589844 0.610253
vt 0.590488 0.610253
vt 0.588269 0.610253
vt 0.588925 0.610253
vt 0.588261 0.610253
vt 0.589824 0.610253
vt 0.590480 0.610253
vt 0.588905 0.610253
vt 0.588269 0.632401
vt 0.588905 0.632401
vt 0.590480 0.632401
vt 0.590488 0.632401
vt 0.588925 0.632401
vt 0.588261 0.632401
vt 0.589824 0.632401
vt 0.589844 0.632401
vt 0.579093 0.772998
vt 0.579623 0.623444
vt 0.579093 0.623444
vt 0.579503 0.772998
vt 0.579503 0.623444
vt 0.578973 0.772998
vt 0.578973 0.623444
vt 0.580104 0.774677
vt 0.579786 0.774201
vt 0.580104 0.774161
vt 0.579574 0.774161
vt 0.579574 0.774677
vt 0.579256 0.774201
vt 0.579236 0.774710
vt 0.579766 0.774710
vt 0.579126 0.774013
vt 0.579033 0.774339
vt 0.579563 0.774339
vt 0.579656 0.774013
vt 0.579623 0.772998
vt 0.570461 0.772998
vt 0.570991 0.623444
vt 0.570461 0.623444
vt 0.570871 0.623444
vt 0.570341 0.772998
vt 0.570341 0.623444
vt 0.570871 0.772998
vt 0.571472 0.774677
vt 0.571154 0.774201
vt 0.571472 0.774161
vt 0.570942 0.774161
vt 0.570604 0.774710
vt 0.571134 0.774710
vt 0.570942 0.774677
vt 0.570624 0.774201
vt 0.570494 0.774013
vt 0.570401 0.774339
vt 0.570931 0.774339
vt 0.571024 0.774013
vt 0.570991 0.772998
vt 0.844073 0.776920
vt 0.834857 0.777224
vt 0.843971 0.777224
vt 0.832407 0.770377
vt 0.831369 0.761742
vt 0.832304 0.770681
vt 0.844073 0.770377
vt 0.843971 0.761742
vt 0.844073 0.761439
vt 0.834960 0.776920
vt 0.831472 0.761439
vt 0.843971 0.770681
vt 0.843648 0.762060
vt 0.843645 0.770656
vt 0.843645 0.776991
vt 0.831726 0.762060
vt 0.835092 0.776991
vt 0.832622 0.770656
vt 0.843673 0.753448
vt 0.832648 0.762044
vt 0.831752 0.753448
vt 0.832648 0.770621
vt 0.843671 0.770621
vt 0.843673 0.762025
vt 0.831752 0.762025
vt 0.843603 0.770871
vt 0.835050 0.777206
vt 0.832580 0.770871
vt 0.843603 0.777206
vt 0.570970 0.770395
vt 0.578994 0.770395
vt 0.570893 0.770395
vt 0.570893 0.770728
vt 0.579072 0.770728
vt 0.570970 0.770728
vt 0.579072 0.770395
vt 0.578994 0.770728
vt 0.570970 0.766012
vt 0.578994 0.766012
vt 0.570893 0.766012
vt 0.570893 0.766346
vt 0.579072 0.766346
vt 0.570970 0.766346
vt 0.579072 0.766012
vt 0.578994 0.766346
vt 0.570970 0.761630
vt 0.578994 0.761630
vt 0.570893 0.761630
vt 0.570970 0.761963
vt 0.578994 0.761963
vt 0.579072 0.761963
vt 0.579072 0.761630
vt 0.570893 0.761963
vt 0.570970 0.757248
vt 0.578994 0.757248
vt 0.570893 0.757248
vt 0.570893 0.757581
vt 0.579072 0.757581
vt 0.570970 0.757581
vt 0.579072 0.757248
vt 0.578994 0.757581
vt 0.570970 0.752865
vt 0.578994 0.752865
vt 0.570893 0.752865
vt 0.570893 0.753199
vt 0.579072 0.753199
vt 0.570970 0.753199
vt 0.579072 0.752865
vt 0.578994 0.753199
vt 0.570970 0.748483
vt 0.578994 0.748483
vt 0.570893 0.748483
vt 0.570893 0.748816
vt 0.579072 0.748816
vt 0.570970 0.748816
vt 0.579072 0.748483
vt 0.578994 0.748816
vt 0.570970 0.744101
vt 0.578994 0.744101
vt 0.570893 0.744101
vt 0.570970 0.744434
vt 0.578994 0.744434
vt 0.579072 0.744434
vt 0.579072 0.744101
vt 0.570893 0.744434
vt 0.570970 0.739718
vt 0.578994 0.739718
vt 0.570893 0.739718
vt 0.570893 0.740052
vt 0.579072 0.740052
vt 0.570970 0.740052
vt 0.579072 0.739718
vt 0.578994 0.740052
vt 0.570970 0.735336
vt 0.578994 0.735336
vt 0.570893 0.735336
vt 0.570893 0.735669
vt 0.579072 0.735669
vt 0.570970 0.735669
vt 0.579072 0.735336
vt 0.578994 0.735669
vt 0.570970 0.730954
vt 0.578994 0.730954
vt 0.570893 0.730954
vt 0.570893 0.731287
vt 0.579072 0.731287
vt 0.570970 0.731287
vt 0.579072 0.730954
vt 0.578994 0.731287
vt 0.570970 0.726572
vt 0.578994 0.726572
vt 0.570893 0.726572
vt 0.570970 0.726905
vt 0.578994 0.726905
vt 0.579072 0.726905
vt 0.579072 0.726572
vt 0.570893 0.726905
vt 0.570970 0.722189
vt 0.578994 0.722189
vt 0.570893 0.722189
vt 0.570893 0.722523
vt 0.579072 0.722523
vt 0.570970 0.722523
vt 0.579072 0.722189
vt 0.578994 0.722523
vt 0.570970 0.717807
vt 0.578994 0.717807
vt 0.570893 0.717807
vt 0.570893 0.718140
vt 0.579072 0.718140
vt 0.570970 0.718140
vt 0.579072 0.717807
vt 0.578994 0.718140
vt 0.570970 0.713425
vt 0.578994 0.713425
vt 0.570893 0.713425
vt 0.570893 0.713758
vt 0.579072 0.713758
vt 0.570970 0.713758
vt 0.579072 0.713425
vt 0.578994 0.713758
vt 0.570970 0.709042
vt 0.578994 0.709043
vt 0.570893 0.709042
vt 0.570970 0.709376
vt 0.578994 0.709376
vt 0.579072 0.709376
vt 0.579072 0.709043
vt 0.570893 0.709376
vt 0.570970 0.704660
vt 0.578994 0.704660
vt 0.570893 0.704660
vt 0.570893 0.704993
vt 0.579072 0.704993
vt 0.570970 0.704993
vt 0.579072 0.704660
vt 0.578994 0.704993
vt 0.570970 0.700278
vt 0.578994 0.700278
vt 0.570893 0.700278
vt 0.570893 0.700611
vt 0.579072 0.700611
vt 0.570970 0.700611
vt 0.579072 0.700278
vt 0.578994 0.700611
vt 0.570970 0.695896
vt 0.578994 0.695896
vt 0.570893 0.695896
vt 0.570893 0.696229
vt 0.579072 0.696229
vt 0.570970 0.696229
vt 0.579072 0.695896
vt 0.578994 0.696229
vt 0.570970 0.691513
vt 0.578994 0.691513
vt 0.570893 0.691513
vt 0.570970 0.691846
vt 0.578994 0.691846
vt 0.579072 0.691846
vt 0.579072 0.691513
vt 0.570893 0.691846
vt 0.570970 0.687131
vt 0.578994 0.687131
vt 0.570893 0.687131
vt 0.570893 0.687464
vt 0.579072 0.687464
vt 0.570970 0.687464
vt 0.579072 0.687131
vt 0.578994 0.687464
vt 0.570970 0.682749
vt 0.578994 0.682749
vt 0.570893 0.682749
vt 0.570893 0.683082
vt 0.579072 0.683082
vt 0.570970 0.683082
vt 0.579072 0.682749
vt 0.578994 0.683082
vt 0.570970 0.678366
vt 0.578994 0.678366
vt 0.570893 0.678366
vt 0.570970 0.678700
vt 0.578994 0.678700
vt 0.579072 0.678700
vt 0.579072 0.678366
vt 0.570893 0.678700
vt 0.570970 0.673984
vt 0.578994 0.673984
vt 0.570893 0.673984
vt 0.570970 0.674317
vt 0.578994 0.674317
vt 0.579072 0.674317
vt 0.579072 0.673984
vt 0.570893 0.674317
vt 0.570970 0.669602
vt 0.578994 0.669602
vt 0.570893 0.669602
vt 0.570893 0.669935
vt 0.579072 0.669935
vt 0.570970 0.669935
vt 0.579072 0.669602
vt 0.578994 0.669935
vt 0.570970 0.665219
vt 0.578994 0.665219
vt 0.570893 0.665219
vt 0.570893 0.665553
vt 0.579072 0.665553
vt 0.570970 0.665553
vt 0.579072 0.665219
vt 0.578994 0.665553
vt 0.570970 0.660837
vt 0.578994 0.660837
vt 0.570893 0.660837
vt 0.570970 0.661170
vt 0.578994 0.661170
vt 0.579072 0.661170
vt 0.579072 0.660837
vt 0.570893 0.661170
vt 0.570970 0.656455
vt 0.578994 0.656455
vt 0.570893 0.656455
vt 0.570970 0.656788
vt 0.578994 0.656788
vt 0.579072 0.656788
vt 0.579072 0.656455
vt 0.570893 0.656788
vt 0.570970 0.652073
vt 0.578994 0.652073
vt 0.570893 0.652073
vt 0.570893 0.652406
vt 0.579072 0.652406
vt 0.570970 0.652406
vt 0.579072 0.652073
vt 0.578994 0.652406
vt 0.570970 0.647690
vt 0.578994 0.647690
vt 0.570893 0.647690
vt 0.570893 0.648024
vt 0.579072 0.648024
vt 0.570970 0.648024
vt 0.579072 0.647690
vt 0.578994 0.648024
vt 0.570970 0.643308
vt 0.578994 0.643308
vt 0.570893 0.643308
vt 0.570970 0.643641
vt 0.578994 0.643641
vt 0.579072 0.643641
vt 0.579072 0.643308
vt 0.570893 0.643641
vt 0.570970 0.638926
vt 0.578994 0.638926
vt 0.570893 0.638926
vt 0.570970 0.639259
vt 0.578994 0.639259
vt 0.579072 0.639259
vt 0.579072 0.638926
vt 0.570893 0.639259
vt 0.570970 0.634543
vt 0.578994 0.634543
vt 0.570893 0.634543
vt 0.570893 0.634877
vt 0.579072 0.634877
vt 0.570970 0.634877
vt 0.579072 0.634543
vt 0.578994 0.634877
vt 0.570970 0.630161
vt 0.578994 0.630161
vt 0.570893 0.630161
vt 0.570893 0.630494
vt 0.579072 0.630494
vt 0.570970 0.630494
vt 0.579072 0.630161
vt 0.578994 0.630494
vt 0.570970 0.625779
vt 0.578994 0.625779
vt 0.570893 0.625779
vt 0.570970 0.626112
vt 0.578994 0.626112
vt 0.579072 0.626112
vt 0.579072 0.625779
vt 0.570893 0.626112
vt 0.578865 0.660592
vt 0.579403 0.661363
vt 0.578865 0.661363
vt 0.571293 0.661363
vt 0.576418 0.660592
vt 0.571293 0.660592
vt 0.578139 0.661363
vt 0.576453 0.660592
vt 0.578139 0.660592
vt 0.570451 0.661363
vt 0.569914 0.660592
vt 0.569914 0.661363
vt 0.571107 0.660592
vt 0.569935 0.661363
vt 0.569935 0.660592
vt 0.579083 0.661363
vt 0.578555 0.660592
vt 0.578555 0.661363
vt 0.576453 0.661363
vt 0.571107 0.661363
vt 0.577901 0.661363
vt 0.577901 0.660592
vt 0.570243 0.660592
vt 0.570771 0.661363
vt 0.570243 0.661363
vt 0.570262 0.661363
vt 0.570262 0.660592
vt 0.579403 0.660592
vt 0.579083 0.660592
vt 0.576418 0.661363
vt 0.570451 0.660592
vt 0.578865 0.679089
vt 0.579403 0.679860
vt 0.578865 0.679860
vt 0.571293 0.679860
vt 0.576418 0.679089
vt 0.571293 0.679089
vt 0.578139 0.679860
vt 0.576453 0.679089
vt 0.578139 0.679089
vt 0.570451 0.679860
vt 0.569914 0.679089
vt 0.569914 0.679860
vt 0.571107 0.679089
vt 0.569935 0.679860
vt 0.569935 0.679089
vt 0.579083 0.679860
vt 0.578555 0.679089
vt 0.578555 0.679860
vt 0.576453 0.679860
vt 0.571107 0.679860
vt 0.577901 0.679860
vt 0.577901 0.679089
vt 0.570243 0.679089
vt 0.570771 0.679860
vt 0.570243 0.679860
vt 0.570262 0.679860
vt 0.570262 0.679089
vt 0.579403 0.679089
vt 0.579083 0.679089
vt 0.576418 0.679860
vt 0.570451 0.679089
vt 0.578865 0.697586
vt 0.579403 0.698357
vt 0.578865 0.698357
vt 0.571293 0.698357
vt 0.576418 0.697586
vt 0.571293 0.697586
vt 0.578139 0.698357
vt 0.576453 0.697586
vt 0.578139 0.697586
vt 0.570451 0.698357
vt 0.569914 0.697586
vt 0.569914 0.698357
vt 0.571107 0.697586
vt 0.569935 0.698357
vt 0.569935 0.697586
vt 0.579083 0.698357
vt 0.578555 0.697586
vt 0.578555 0.698357
vt 0.576453 0.698357
vt 0.571107 0.698357
vt 0.577901 0.698357
vt 0.577901 0.697586
vt 0.570243 0.697586
vt 0.570771 0.698357
vt 0.570243 0.698357
vt 0.570262 0.698357
vt 0.570262 0.697586
vt 0.579403 0.697586
vt 0.579083 0.697586
vt 0.576418 0.698357
vt 0.570451 0.697585
vt 0.578865 0.716082
vt 0.579403 0.716853
vt 0.578865 0.716853
vt 0.571293 0.716082
vt 0.576418 0.716853
vt 0.576418 0.716082
vt 0.578139 0.716853
vt 0.576453 0.716082
vt 0.578139 0.716082
vt 0.570451 0.716853
vt 0.569914 0.716082
vt 0.569914 0.716853
vt 0.571107 0.716082
vt 0.569935 0.716853
vt 0.569935 0.716082
vt 0.579083 0.716853
vt 0.578555 0.716082
vt 0.578555 0.716853
vt 0.571107 0.716853
vt 0.571293 0.716853
vt 0.577901 0.716853
vt 0.577901 0.716082
vt 0.570243 0.716082
vt 0.570771 0.716853
vt 0.570243 0.716853
vt 0.570262 0.716082
vt 0.579403 0.716082
vt 0.579083 0.716082
vt 0.576453 0.716853
vt 0.570451 0.716082
vt 0.570262 0.716853
vt 0.578865 0.734579
vt 0.579403 0.735350
vt 0.578865 0.735350
vt 0.571293 0.735350
vt 0.576418 0.734579
vt 0.571293 0.734579
vt 0.578139 0.735350
vt 0.576453 0.734579
vt 0.578139 0.734579
vt 0.570451 0.735350
vt 0.569914 0.734579
vt 0.569914 0.735350
vt 0.571107 0.734579
vt 0.569935 0.735350
vt 0.569935 0.734579
vt 0.579083 0.735350
vt 0.578555 0.734579
vt 0.578555 0.735350
vt 0.576453 0.735350
vt 0.571107 0.735350
vt 0.577901 0.735350
vt 0.577901 0.734579
vt 0.570243 0.734579
vt 0.570771 0.735350
vt 0.570243 0.735350
vt 0.570262 0.735350
vt 0.570262 0.734579
vt 0.579403 0.734579
vt 0.579083 0.734579
vt 0.576418 0.735350
vt 0.570451 0.734579
vt 0.578865 0.753076
vt 0.579403 0.753847
vt 0.578865 0.753847
vt 0.571293 0.753847
vt 0.576418 0.753076
vt 0.571293 0.753076
vt 0.578139 0.753847
vt 0.576453 0.753076
vt 0.578139 0.753076
vt 0.570451 0.753847
vt 0.569914 0.753076
vt 0.569914 0.753847
vt 0.569935 0.753076
vt 0.571107 0.753847
vt 0.569935 0.753847
vt 0.579083 0.753847
vt 0.578555 0.753076
vt 0.578555 0.753847
vt 0.576453 0.753847
vt 0.577901 0.753847
vt 0.577901 0.753076
vt 0.570243 0.753076
vt 0.570771 0.753847
vt 0.570243 0.753847
vt 0.570262 0.753847
vt 0.570262 0.753076
vt 0.579403 0.753076
vt 0.579083 0.753076
vt 0.571107 0.753076
vt 0.576418 0.753847
vt 0.570451 0.753076
vt 0.578865 0.771572
vt 0.579403 0.772343
vt 0.578865 0.772343
vt 0.571293 0.772343
vt 0.576418 0.771572
vt 0.571293 0.771572
vt 0.578139 0.772343
vt 0.576453 0.771572
vt 0.578139 0.771572
vt 0.570451 0.772343
vt 0.569914 0.771572
vt 0.569914 0.772343
vt 0.571107 0.771572
vt 0.569935 0.772343
vt 0.569935 0.771572
vt 0.579083 0.772343
vt 0.578555 0.771572
vt 0.578555 0.772343
vt 0.576453 0.772343
vt 0.571107 0.772343
vt 0.577901 0.772343
vt 0.577901 0.771572
vt 0.570243 0.771572
vt 0.570771 0.772343
vt 0.570243 0.772343
vt 0.570262 0.772343
vt 0.570262 0.771572
vt 0.579403 0.771572
vt 0.579083 0.771572
vt 0.576418 0.772343
vt 0.570451 0.771572
vt 0.575625 0.661363
vt 0.575574 0.771591
vt 0.575574 0.661363
vt 0.575360 0.661363
vt 0.575411 0.771591
vt 0.575411 0.661363
vt 0.575625 0.771591
vt 0.575360 0.771591
vt 0.578034 0.661363
vt 0.578166 0.771591
vt 0.578166 0.661363
vt 0.577990 0.661363
vt 0.577858 0.771591
vt 0.577858 0.661363
vt 0.578034 0.771591
vt 0.577990 0.771591
vt 0.572003 0.771591
vt 0.572054 0.661363
vt 0.572003 0.661363
vt 0.572269 0.771591
vt 0.572218 0.661363
vt 0.572269 0.661363
vt 0.572054 0.771591
vt 0.572218 0.771591
vt 0.569962 0.771591
vt 0.570160 0.661363
vt 0.569962 0.661363
vt 0.570257 0.771591
vt 0.570060 0.661363
vt 0.570257 0.661363
vt 0.570160 0.771591
vt 0.570060 0.771591
vt 0.587743 0.654588
vt 0.587731 0.655637
vt 0.587731 0.654588
vt 0.588682 0.654588
vt 0.590038 0.655637
vt 0.590038 0.654588
vt 0.591006 0.655637
vt 0.591006 0.654588
vt 0.591017 0.654588
vt 0.590067 0.655637
vt 0.590067 0.654588
vt 0.588711 0.654588
vt 0.587743 0.655637
vt 0.588682 0.655637
vt 0.596602 0.655637
vt 0.591017 0.655637
vt 0.588711 0.655637
vt 0.590704 0.655637
vt 0.590704 0.654588
vt 0.589911 0.654588
vt 0.589911 0.655637
vt 0.588045 0.654588
vt 0.588045 0.655637
vt 0.588838 0.654588
vt 0.588838 0.655637
vt 0.596591 0.654588
vt 0.596591 0.655637
vt 0.596602 0.654588
vt 0.587743 0.700318
vt 0.587731 0.701367
vt 0.587731 0.700318
vt 0.588682 0.700318
vt 0.590038 0.701367
vt 0.590038 0.700318
vt 0.591006 0.701367
vt 0.591006 0.700318
vt 0.591017 0.700318
vt 0.590067 0.701367
vt 0.590067 0.700318
vt 0.588711 0.700318
vt 0.587743 0.701367
vt 0.588682 0.701367
vt 0.596602 0.701367
vt 0.591017 0.701367
vt 0.588711 0.701367
vt 0.590704 0.701367
vt 0.590704 0.700318
vt 0.589911 0.700318
vt 0.589911 0.701367
vt 0.588045 0.700318
vt 0.588045 0.701367
vt 0.588838 0.700318
vt 0.588838 0.701367
vt 0.596591 0.700318
vt 0.596591 0.701367
vt 0.596602 0.700318
vt 0.587743 0.746048
vt 0.587731 0.747097
vt 0.587731 0.746048
vt 0.588682 0.746048
vt 0.590038 0.747097
vt 0.590038 0.746048
vt 0.591006 0.747097
vt 0.591006 0.746048
vt 0.591017 0.746048
vt 0.590067 0.747097
vt 0.590067 0.746048
vt 0.588711 0.746048
vt 0.587743 0.747097
vt 0.588682 0.747097
vt 0.596602 0.747097
vt 0.591017 0.747097
vt 0.588711 0.747097
vt 0.590704 0.747097
vt 0.590704 0.746048
vt 0.589911 0.746048
vt 0.589911 0.747097
vt 0.588045 0.746048
vt 0.588045 0.747097
vt 0.588838 0.746048
vt 0.588838 0.747097
vt 0.596591 0.746048
vt 0.596591 0.747097
vt 0.596602 0.746048
vt 0.843671 0.762044
vt 0.570771 0.660592
vt 0.570771 0.679089
vt 0.570771 0.697585
vt 0.570771 0.716082
vt 0.570771 0.734579
vt 0.570771 0.753076
vt 0.570771 0.771572
vt 0.589935 0.655637
vt 0.590694 0.654588
vt 0.590694 0.655637
vt 0.588814 0.654588
vt 0.588814 0.655637
vt 0.588055 0.654588
vt 0.588055 0.655637
vt 0.589935 0.654588
vt 0.589935 0.701367
vt 0.590694 0.700318
vt 0.590694 0.701367
vt 0.588814 0.700318
vt 0.588814 0.701367
vt 0.588055 0.700318
vt 0.588055 0.701367
vt 0.589935 0.700318
vt 0.589935 0.747097
vt 0.590694 0.746048
vt 0.590694 0.747097
vt 0.588814 0.746048
vt 0.588814 0.747097
vt 0.588055 0.746048
vt 0.588055 0.747097
vt 0.589935 0.746048
s 0
usemtl Texture_Map
f 11/1/1 36/2/1 10/3/1
f 9/4/1 36/2/1 34/5/1
f 8/6/1 34/5/1 32/7/1
f 7/8/1 32/7/1 30/8/1
f 7/8/1 28/9/1 6/10/1
f 5/11/1 28/9/1 26/12/1
f 5/11/1 24/13/1 4/14/1
f 45/15/2 17/16/2 16/17/2
f 18/18/3 19/19/3 17/16/3
f 20/20/4 21/21/4 19/19/4
f 24/13/5 25/22/5 23/21/5
f 26/12/6 27/23/6 25/22/6
f 28/9/7 29/24/7 27/23/7
f 30/8/8 31/25/8 29/24/8
f 32/7/9 33/26/9 31/25/9
f 34/5/10 35/27/10 33/26/10
f 36/2/11 37/28/11 35/27/11
f 38/29/12 39/27/12 37/28/12
f 40/2/13 41/30/13 39/27/13
f 42/31/14 43/32/14 41/30/14
f 44/33/15 16/17/15 43/32/15
f 12/3/1 38/29/1 11/1/1
f 13/34/1 40/2/1 12/3/1
f 1/35/1 45/15/1 15/15/1
f 14/36/1 42/31/1 13/34/1
f 2/37/1 18/18/1 1/35/1
f 15/15/1 44/33/1 14/36/1
f 2/37/1 22/13/1 20/20/1
f 52/38/1 69/39/1 53/40/1
f 46/41/1 61/42/1 51/43/1
f 62/44/16 68/45/16 61/42/16
f 63/46/17 69/39/17 68/45/17
f 62/44/18 66/47/18 65/48/18
f 58/49/19 59/50/19 56/46/19
f 67/51/20 56/46/20 57/44/20
f 55/52/21 67/51/21 57/44/21
f 59/50/22 69/39/22 64/50/22
f 52/38/1 61/42/1 68/45/1
f 49/53/1 60/39/1 58/49/1
f 49/53/1 67/51/1 48/54/1
f 47/55/1 67/51/1 54/56/1
f 53/40/1 60/39/1 50/40/1
f 89/57/23 71/58/23 72/59/23
f 90/60/23 72/59/23 73/61/23
f 90/60/23 74/59/23 91/57/23
f 163/62/1 180/63/1 159/64/1
f 151/65/1 179/66/1 178/67/1
f 91/57/23 75/58/23 92/68/23
f 147/69/1 176/63/1 143/64/1
f 93/70/23 75/58/23 76/71/23
f 139/62/1 174/72/1 135/72/1
f 131/73/1 172/74/1 127/75/1
f 94/76/23 76/71/23 77/76/23
f 119/77/1 171/78/1 170/79/1
f 115/80/1 168/74/1 111/75/1
f 95/81/23 77/76/23 78/82/23
f 95/81/23 79/83/23 96/84/23
f 181/85/15 84/76/15 85/82/15
f 96/84/23 80/86/23 97/87/23
f 101/81/15 196/88/15 195/89/15
f 100/84/14 195/89/14 194/90/14
f 99/87/13 194/90/13 193/91/13
f 98/92/12 193/91/12 192/93/12
f 97/87/11 192/93/11 191/91/11
f 96/84/10 191/91/10 190/90/10
f 95/81/9 190/90/9 189/89/9
f 94/76/8 189/89/8 188/88/8
f 93/70/7 188/88/7 187/94/7
f 92/68/6 187/94/6 186/95/6
f 91/57/5 186/95/5 185/96/5
f 88/68/4 184/96/4 183/95/4
f 87/70/3 183/95/3 182/94/3
f 86/76/2 182/94/2 196/88/2
f 103/97/24 109/98/24 107/99/24
f 105/100/25 108/101/25 109/98/25
f 104/102/26 106/103/26 108/101/26
f 107/99/27 113/104/27 111/105/27
f 113/104/28 108/101/28 112/106/28
f 108/101/29 110/107/29 112/106/29
f 111/105/30 117/108/30 115/109/30
f 113/104/31 116/110/31 117/108/31
f 116/110/32 110/107/32 114/111/32
f 119/112/33 117/108/33 121/113/33
f 121/113/34 116/110/34 120/114/34
f 120/114/35 114/111/35 118/115/35
f 119/112/36 125/108/36 123/109/36
f 121/113/37 124/110/37 125/108/37
f 120/114/38 122/111/38 124/110/38
f 123/109/39 129/104/39 127/105/39
f 129/104/40 124/110/40 128/106/40
f 124/110/41 126/107/41 128/106/41
f 127/105/42 133/98/42 131/99/42
f 129/104/43 132/101/43 133/98/43
f 132/101/44 126/107/44 130/103/44
f 135/97/45 133/98/45 137/100/45
f 137/100/46 132/101/46 136/102/46
f 136/102/47 130/103/47 134/116/47
f 135/97/48 141/117/48 139/118/48
f 137/100/49 140/119/49 141/117/49
f 136/102/50 138/120/50 140/119/50
f 139/118/51 145/121/51 143/122/51
f 145/121/52 140/119/52 144/123/52
f 140/119/53 142/124/53 144/123/53
f 143/122/54 149/125/54 147/126/54
f 145/121/55 148/127/55 149/125/55
f 148/127/56 142/124/56 146/128/56
f 151/129/57 149/125/57 153/130/57
f 153/130/58 148/127/58 152/131/58
f 152/131/59 146/128/59 150/132/59
f 151/129/60 157/125/60 155/126/60
f 153/130/61 156/127/61 157/125/61
f 152/131/62 154/128/62 156/127/62
f 155/126/63 161/121/63 159/122/63
f 161/121/64 156/127/64 160/123/64
f 156/127/65 158/124/65 160/123/65
f 159/122/66 165/117/66 163/118/66
f 161/121/67 164/119/67 165/117/67
f 164/119/68 158/124/68 162/120/68
f 103/97/69 165/117/69 105/100/69
f 105/100/70 164/119/70 104/102/70
f 104/102/71 162/120/71 102/116/71
f 142/124/1 126/107/1 110/107/1
f 168/74/4 72/59/4 71/58/4
f 169/78/72 73/61/72 72/59/72
f 170/79/73 74/59/73 73/61/73
f 171/78/5 75/58/5 74/59/5
f 172/74/6 76/71/6 75/58/6
f 173/133/7 77/76/7 76/71/7
f 174/72/8 78/82/8 77/76/8
f 175/85/9 79/83/9 78/82/9
f 176/63/10 80/86/10 79/83/10
f 177/66/11 81/134/11 80/86/11
f 178/67/12 82/86/12 81/134/12
f 179/66/13 83/83/13 82/86/13
f 180/63/14 85/82/14 83/83/14
f 167/72/2 70/71/2 84/76/2
f 166/133/3 71/58/3 70/71/3
f 101/81/23 84/76/23 86/76/23
f 107/73/1 168/74/1 166/133/1
f 87/70/23 71/58/23 88/68/23
f 119/77/1 169/78/1 115/80/1
f 101/81/23 83/83/23 85/82/23
f 123/80/1 172/74/1 171/78/1
f 86/76/23 70/71/23 87/70/23
f 135/72/1 173/133/1 131/73/1
f 99/87/23 83/83/23 100/84/23
f 139/62/1 176/63/1 175/85/1
f 98/92/23 82/86/23 99/87/23
f 151/65/1 177/66/1 147/69/1
f 163/62/1 167/72/1 181/85/1
f 103/72/1 166/133/1 167/72/1
f 159/64/1 179/66/1 155/69/1
f 98/92/23 80/86/23 81/134/23
f 249/135/22 200/136/22 252/135/22
f 246/137/74 203/138/74 247/139/74
f 203/138/75 248/140/75 247/139/75
f 204/141/76 249/135/76 248/140/76
f 250/139/77 198/142/77 245/137/77
f 205/143/23 215/144/23 207/145/23
f 201/141/23 235/146/23 199/138/23
f 204/141/23 233/147/23 202/136/23
f 198/142/23 229/148/23 197/142/23
f 197/142/23 231/146/23 203/138/23
f 220/149/78 226/150/78 218/151/78
f 206/143/23 219/144/23 214/152/23
f 211/145/23 218/151/23 219/144/23
f 207/145/23 216/151/23 208/153/23
f 209/154/23 220/149/23 212/154/23
f 210/153/23 220/149/23 218/151/23
f 208/153/23 217/149/23 209/154/23
f 221/155/1 225/156/1 223/157/1
f 216/151/76 225/156/76 217/149/76
f 213/152/74 223/157/74 215/144/74
f 219/144/77 222/155/77 214/152/77
f 218/151/79 227/157/79 219/144/79
f 215/144/75 224/150/75 216/151/75
f 217/149/22 228/156/22 220/149/22
f 233/147/22 244/158/22 236/147/22
f 234/159/80 243/160/80 235/146/80
f 233/147/81 240/161/81 241/158/81
f 229/148/82 239/160/82 231/146/82
f 235/146/83 238/162/83 230/148/83
f 232/159/84 239/160/84 240/161/84
f 236/147/85 242/161/85 234/159/85
f 198/142/23 235/146/23 230/148/23
f 204/141/23 231/146/23 232/159/23
f 202/136/23 236/147/23 200/136/23
f 201/141/23 236/147/23 234/159/23
f 251/140/78 200/136/78 201/141/78
f 250/139/79 201/141/79 199/138/79
f 258/163/86 265/164/86 257/165/86
f 256/166/87 263/167/87 255/168/87
f 254/169/88 261/170/88 253/171/88
f 253/171/89 268/172/89 260/173/89
f 259/174/90 266/175/90 258/163/90
f 257/165/91 264/176/91 256/166/91
f 255/168/92 262/177/92 254/169/92
f 260/173/93 267/178/93 259/174/93
f 263/167/94 272/179/94 269/180/94
f 264/176/95 274/181/95 272/179/95
f 265/164/96 276/182/96 274/181/96
f 266/175/97 278/183/97 276/182/97
f 268/172/98 278/183/98 267/178/98
f 261/170/99 280/184/99 268/172/99
f 262/177/100 282/185/100 261/170/100
f 263/167/101 284/186/101 262/177/101
f 269/180/102 271/187/102 270/188/102
f 288/189/103 303/190/103 287/191/103
f 272/179/104 273/192/104 271/187/104
f 288/189/105 305/193/105 304/194/105
f 274/181/106 275/195/106 273/192/106
f 290/196/107 305/193/107 289/197/107
f 276/182/108 277/198/108 275/195/108
f 280/184/109 277/198/109 278/183/109
f 291/199/110 306/200/110 290/196/110
f 282/185/111 279/201/111 280/184/111
f 284/186/112 281/202/112 282/185/112
f 291/199/113 308/203/113 307/204/113
f 269/180/114 283/205/114 284/186/114
f 283/205/115 285/206/115 292/207/115
f 281/202/116 292/207/116 291/199/116
f 279/201/117 291/199/117 290/196/117
f 277/198/118 290/196/118 289/197/118
f 277/198/119 288/189/119 275/195/119
f 275/195/120 287/191/120 273/192/120
f 273/192/121 286/208/121 271/187/121
f 271/187/122 285/206/122 270/188/122
f 301/209/123 296/210/123 294/211/123
f 302/212/124 297/213/124 296/210/124
f 303/190/125 298/214/125 297/213/125
f 304/194/126 299/215/126 298/214/126
f 306/200/127 299/215/127 305/193/127
f 307/204/128 300/216/128 306/200/128
f 308/203/129 295/217/129 307/204/129
f 301/209/130 293/218/130 308/203/130
f 287/191/131 302/212/131 286/208/131
f 286/208/132 301/209/132 285/206/132
f 292/207/133 301/209/133 308/203/133
f 259/174/23 314/219/23 315/220/23
f 257/165/23 312/221/23 313/222/23
f 254/169/23 311/223/23 255/168/23
f 260/173/23 309/224/23 253/171/23
f 258/163/23 313/222/23 314/219/23
f 256/166/23 311/223/23 312/221/23
f 259/174/23 316/225/23 260/173/23
f 253/171/23 310/226/23 254/169/23
f 311/223/93 320/227/93 312/221/93
f 309/224/86 318/228/86 310/226/86
f 315/220/87 324/229/87 316/225/87
f 314/219/92 323/230/92 315/220/92
f 312/221/89 321/231/89 313/222/89
f 310/226/90 319/232/90 311/223/90
f 316/225/134 317/233/134 309/224/134
f 313/222/88 322/234/88 314/219/88
f 323/230/23 321/231/23 319/232/23
f 332/235/135 329/236/135 331/237/135
f 329/236/136 326/238/136 325/239/136
f 325/239/137 328/240/137 327/241/137
f 335/242/136 343/243/136 333/244/136
f 332/235/138 327/241/138 328/240/138
f 331/237/23 325/239/23 327/241/23
f 335/242/137 334/245/137 333/244/137
f 336/246/138 338/247/138 340/248/138
f 335/242/139 340/248/139 342/249/139
f 340/248/138 337/250/138 339/251/138
f 337/250/138 328/240/138 339/251/138
f 333/244/140 338/247/140 334/245/140
f 342/249/141 339/251/141 341/252/141
f 342/249/136 344/253/136 343/243/136
f 344/253/136 326/238/136 330/254/136
f 339/251/142 326/238/142 341/252/142
f 343/243/143 337/250/143 338/247/143
f 352/255/135 349/256/135 351/257/135
f 345/258/137 348/259/137 347/260/137
f 349/256/136 346/261/136 345/258/136
f 351/257/23 345/258/23 347/260/23
f 355/262/136 363/263/136 353/264/136
f 352/255/138 347/260/138 348/259/138
f 355/262/137 354/265/137 353/264/137
f 355/262/139 360/266/139 362/267/139
f 356/268/138 358/269/138 360/266/138
f 353/264/140 358/269/140 354/265/140
f 360/266/138 357/270/138 359/271/138
f 357/270/138 348/259/138 359/271/138
f 362/267/141 359/271/141 361/272/141
f 359/271/142 346/261/142 361/272/142
f 362/267/136 364/273/136 363/263/136
f 364/273/136 346/261/136 350/274/136
f 358/269/143 364/273/143 357/270/143
f 364/273/144 352/255/144 357/270/144
f 337/250/144 330/254/144 332/235/144
f 366/275/145 382/276/145 379/277/145
f 370/278/146 381/279/146 380/280/146
f 367/281/147 378/282/147 365/283/147
f 370/278/148 382/276/148 369/284/148
f 365/283/149 381/279/149 368/285/149
f 367/281/150 379/277/150 377/286/150
f 372/287/151 377/286/151 371/288/151
f 373/289/49 377/286/49 379/277/49
f 375/290/48 380/280/48 381/279/48
f 375/290/48 378/282/48 372/287/48
f 376/291/152 380/280/152 374/292/152
f 373/289/153 382/276/153 376/291/153
f 385/293/154 384/294/154 386/295/154
f 375/290/155 384/296/155 374/292/155
f 372/287/156 383/297/156 385/298/156
f 375/290/157 385/298/157 386/299/157
f 387/300/158 390/301/158 388/302/158
f 373/289/159 390/301/159 389/303/159
f 371/288/160 389/303/160 387/300/160
f 374/292/161 390/301/161 376/291/161
f 374/292/162 384/296/162 383/297/162
f 394/304/163 397/305/163 392/306/163
f 391/307/1 395/308/1 393/309/1
f 393/309/135 398/310/135 394/304/135
f 391/307/137 397/305/137 396/311/137
f 402/312/164 405/313/164 400/314/164
f 399/315/165 403/316/165 401/317/165
f 401/317/135 406/318/135 402/312/135
f 400/314/137 404/319/137 399/315/137
f 410/320/23 413/321/23 408/322/23
f 409/323/1 412/324/1 411/325/1
f 409/323/135 414/326/135 410/320/135
f 408/322/137 412/324/137 407/327/137
f 418/328/23 421/329/23 416/330/23
f 415/331/1 419/332/1 417/333/1
f 417/333/135 422/334/135 418/328/135
f 416/330/137 420/335/137 415/331/137
f 426/336/23 429/337/23 424/338/23
f 423/339/1 427/340/1 425/341/1
f 425/341/135 430/342/135 426/336/135
f 424/338/137 428/343/137 423/339/137
f 434/344/23 437/345/23 432/346/23
f 431/347/1 435/348/1 433/349/1
f 433/349/135 438/350/135 434/344/135
f 432/346/137 436/351/137 431/347/137
f 442/352/23 445/353/23 440/354/23
f 441/355/1 444/356/1 443/357/1
f 441/355/135 446/358/135 442/352/135
f 440/354/137 444/356/137 439/359/137
f 450/360/23 453/361/23 448/362/23
f 447/363/1 451/364/1 449/365/1
f 449/365/135 454/366/135 450/360/135
f 448/362/137 452/367/137 447/363/137
f 458/368/23 461/369/23 456/370/23
f 455/371/1 459/372/1 457/373/1
f 457/373/135 462/374/135 458/368/135
f 456/370/137 460/375/137 455/371/137
f 466/376/23 469/377/23 464/378/23
f 463/379/1 467/380/1 465/381/1
f 465/381/135 470/382/135 466/376/135
f 464/378/137 468/383/137 463/379/137
f 474/384/23 477/385/23 472/386/23
f 473/387/1 476/388/1 475/389/1
f 473/387/135 478/390/135 474/384/135
f 472/386/137 476/388/137 471/391/137
f 482/392/23 485/393/23 480/394/23
f 479/395/1 483/396/1 481/397/1
f 481/397/135 486/398/135 482/392/135
f 480/394/137 484/399/137 479/395/137
f 490/400/23 493/401/23 488/402/23
f 487/403/1 491/404/1 489/405/1
f 489/405/135 494/406/135 490/400/135
f 488/402/137 492/407/137 487/403/137
f 498/408/23 501/409/23 496/410/23
f 495/411/1 499/412/1 497/413/1
f 497/413/135 502/414/135 498/408/135
f 496/410/137 500/415/137 495/411/137
f 506/416/23 509/417/23 504/418/23
f 505/419/1 508/420/1 507/421/1
f 506/416/135 507/421/135 510/422/135
f 504/418/137 508/420/137 503/423/137
f 514/424/23 517/425/23 512/426/23
f 511/427/1 515/428/1 513/429/1
f 513/429/135 518/430/135 514/424/135
f 512/426/137 516/431/137 511/427/137
f 522/432/23 525/433/23 520/434/23
f 519/435/1 523/436/1 521/437/1
f 521/437/135 526/438/135 522/432/135
f 520/434/137 524/439/137 519/435/137
f 530/440/23 533/441/23 528/442/23
f 527/443/1 531/444/1 529/445/1
f 530/440/135 531/444/135 534/446/135
f 528/442/137 532/447/137 527/443/137
f 538/448/23 541/449/23 536/450/23
f 537/451/1 540/452/1 539/453/1
f 538/448/135 539/453/135 542/454/135
f 536/450/137 540/452/137 535/455/137
f 546/456/23 549/457/23 544/458/23
f 543/459/1 547/460/1 545/461/1
f 545/461/135 550/462/135 546/456/135
f 544/458/137 548/463/137 543/459/137
f 554/464/23 557/465/23 552/466/23
f 551/467/1 555/468/1 553/469/1
f 553/469/135 558/470/135 554/464/135
f 552/466/137 556/471/137 551/467/137
f 562/472/23 565/473/23 560/474/23
f 561/475/1 564/476/1 563/477/1
f 561/475/135 566/478/135 562/472/135
f 560/474/137 564/476/137 559/479/137
f 570/480/23 573/481/23 568/482/23
f 569/483/1 572/484/1 571/485/1
f 569/483/135 574/486/135 570/480/135
f 568/482/137 572/484/137 567/487/137
f 578/488/23 581/489/23 576/490/23
f 575/491/1 579/492/1 577/493/1
f 577/493/135 582/494/135 578/488/135
f 576/490/137 580/495/137 575/491/137
f 586/496/23 589/497/23 584/498/23
f 583/499/1 587/500/1 585/501/1
f 585/501/135 590/502/135 586/496/135
f 584/498/137 588/503/137 583/499/137
f 594/504/23 597/505/23 592/506/23
f 593/507/1 596/508/1 595/509/1
f 593/507/135 598/510/135 594/504/135
f 592/506/137 596/508/137 591/511/137
f 602/512/23 605/513/23 600/514/23
f 601/515/1 604/516/1 603/517/1
f 601/515/135 606/518/135 602/512/135
f 600/514/137 604/516/137 599/519/137
f 610/520/23 613/521/23 608/522/23
f 607/523/1 611/524/1 609/525/1
f 609/525/135 614/526/135 610/520/135
f 608/522/137 612/527/137 607/523/137
f 618/528/23 621/529/23 616/530/23
f 615/531/1 619/532/1 617/533/1
f 617/533/135 622/534/135 618/528/135
f 616/530/137 620/535/137 615/531/137
f 626/536/23 629/537/23 624/538/23
f 625/539/1 628/540/1 627/541/1
f 625/539/135 630/542/135 626/536/135
f 624/538/137 628/540/137 623/543/137
f 634/544/23 637/545/23 632/546/23
f 633/547/1 636/548/1 635/549/1
f 633/547/135 638/550/135 634/544/135
f 632/546/137 636/548/137 631/551/137
f 642/552/23 645/553/23 640/554/23
f 639/555/1 643/556/1 641/557/1
f 641/557/135 646/558/135 642/552/135
f 640/554/137 644/559/137 639/555/137
f 650/560/23 653/561/23 648/562/23
f 647/563/1 651/564/1 649/565/1
f 649/565/135 654/566/135 650/560/135
f 648/562/137 652/567/137 647/563/137
f 658/568/23 661/569/23 656/570/23
f 657/571/1 660/572/1 659/573/1
f 657/571/135 662/574/135 658/568/135
f 656/570/137 660/572/137 655/575/137
f 664/576/136 665/577/136 663/578/136
f 692/579/135 683/580/135 691/581/135
f 670/582/166 667/583/166 669/584/166
f 663/578/167 669/584/167 664/576/167
f 673/585/138 672/586/138 671/587/138
f 675/588/168 678/589/168 677/590/168
f 677/590/169 671/587/169 672/586/169
f 681/591/138 680/592/138 679/593/138
f 668/594/1 692/579/1 676/595/1
f 683/580/170 686/596/170 685/597/170
f 685/597/171 679/593/171 680/592/171
f 688/598/136 689/599/136 687/600/136
f 694/601/172 691/581/172 693/602/172
f 687/600/173 693/602/173 688/598/173
f 665/577/1 679/593/1 663/578/1
f 666/603/23 680/592/23 682/604/23
f 664/576/23 685/597/23 680/592/23
f 667/583/23 691/581/23 683/580/23
f 668/594/1 686/596/1 684/605/1
f 667/583/23 685/597/23 669/584/23
f 663/578/1 686/596/1 670/582/1
f 673/585/1 687/600/1 689/599/1
f 674/606/23 688/598/23 672/586/23
f 667/583/137 676/595/137 675/588/137
f 672/586/23 693/602/23 677/590/23
f 676/595/1 694/601/1 678/589/1
f 675/588/23 693/602/23 691/581/23
f 671/587/1 694/601/1 687/600/1
f 696/607/136 697/608/136 695/609/136
f 724/610/135 715/611/135 723/612/135
f 702/613/166 699/614/166 701/615/166
f 695/609/167 701/615/167 696/607/167
f 705/616/138 704/617/138 703/618/138
f 707/619/168 710/620/168 709/621/168
f 709/621/169 703/618/169 704/617/169
f 713/622/138 712/623/138 711/624/138
f 700/625/1 724/610/1 708/626/1
f 715/611/170 718/627/170 717/628/170
f 717/628/171 711/624/171 712/623/171
f 720/629/136 721/630/136 719/631/136
f 726/632/172 723/612/172 725/633/172
f 719/631/173 725/633/173 720/629/173
f 697/608/1 711/624/1 695/609/1
f 698/634/23 712/623/23 714/635/23
f 696/607/23 717/628/23 712/623/23
f 699/614/23 723/612/23 715/611/23
f 700/625/1 718/627/1 716/636/1
f 699/614/23 717/628/23 701/615/23
f 695/609/1 718/627/1 702/613/1
f 705/616/1 719/631/1 721/630/1
f 706/637/23 720/629/23 704/617/23
f 699/614/137 708/626/137 707/619/137
f 704/617/23 725/633/23 709/621/23
f 708/626/1 726/632/1 710/620/1
f 707/619/23 725/633/23 723/612/23
f 703/618/1 726/632/1 719/631/1
f 728/638/136 729/639/136 727/640/136
f 756/641/135 747/642/135 755/643/135
f 734/644/166 731/645/166 733/646/166
f 727/640/167 733/646/167 728/638/167
f 737/647/138 736/648/138 735/649/138
f 739/650/168 742/651/168 741/652/168
f 741/652/169 735/649/169 736/648/169
f 745/653/138 744/654/138 743/655/138
f 732/656/1 756/641/1 740/657/1
f 747/642/170 750/658/170 749/659/170
f 749/659/171 743/655/171 744/654/171
f 752/660/136 753/661/136 751/662/136
f 758/663/172 755/643/172 757/664/172
f 751/662/173 757/664/173 752/660/173
f 729/639/1 743/655/1 727/640/1
f 730/665/23 744/654/23 746/666/23
f 728/638/23 749/659/23 744/654/23
f 731/645/23 755/643/23 747/642/23
f 732/656/1 750/658/1 748/667/1
f 731/645/23 749/659/23 733/646/23
f 727/640/1 750/658/1 734/644/1
f 737/647/1 751/662/1 753/661/1
f 738/668/23 752/660/23 736/648/23
f 731/645/137 740/657/137 739/650/137
f 736/648/23 757/664/23 741/652/23
f 740/657/1 758/663/1 742/651/1
f 739/650/23 757/664/23 755/643/23
f 735/649/1 758/663/1 751/662/1
f 760/669/136 761/670/136 759/671/136
f 787/672/135 780/673/135 779/674/135
f 766/675/166 763/676/166 765/677/166
f 759/671/167 765/677/167 760/669/167
f 769/678/138 768/679/138 767/680/138
f 771/681/168 774/682/168 773/683/168
f 773/683/169 767/680/169 768/679/169
f 777/684/138 776/685/138 775/686/138
f 772/687/1 780/673/1 788/688/1
f 779/674/170 782/689/170 781/690/170
f 781/690/171 775/686/171 776/685/171
f 784/691/136 785/692/136 783/693/136
f 789/694/172 788/688/172 787/672/172
f 783/693/173 789/694/173 784/691/173
f 761/670/1 775/686/1 759/671/1
f 762/695/23 776/685/23 778/696/23
f 760/669/23 781/690/23 776/685/23
f 763/676/23 787/672/23 779/674/23
f 764/697/1 782/689/1 780/673/1
f 763/676/23 781/690/23 765/677/23
f 759/671/1 782/689/1 766/675/1
f 769/678/1 783/693/1 785/692/1
f 770/698/23 784/691/23 768/679/23
f 763/676/137 772/687/137 771/681/137
f 768/679/23 789/694/23 773/683/23
f 772/687/1 790/699/1 774/682/1
f 771/681/23 789/694/23 787/672/23
f 767/680/1 790/699/1 783/693/1
f 792/700/136 793/701/136 791/702/136
f 820/703/135 811/704/135 819/705/135
f 798/706/166 795/707/166 797/708/166
f 791/702/167 797/708/167 792/700/167
f 801/709/138 800/710/138 799/711/138
f 803/712/168 806/713/168 805/714/168
f 805/714/169 799/711/169 800/710/169
f 809/715/138 808/716/138 807/717/138
f 796/718/1 820/703/1 804/719/1
f 811/704/170 814/720/170 813/721/170
f 813/721/171 807/717/171 808/716/171
f 816/722/136 817/723/136 815/724/136
f 822/725/172 819/705/172 821/726/172
f 815/724/173 821/726/173 816/722/173
f 793/701/1 807/717/1 791/702/1
f 794/727/23 808/716/23 810/728/23
f 792/700/23 813/721/23 808/716/23
f 795/707/23 819/705/23 811/704/23
f 796/718/1 814/720/1 812/729/1
f 795/707/23 813/721/23 797/708/23
f 791/702/1 814/720/1 798/706/1
f 801/709/1 815/724/1 817/723/1
f 802/730/23 816/722/23 800/710/23
f 795/707/137 804/719/137 803/712/137
f 800/710/23 821/726/23 805/714/23
f 804/719/1 822/725/1 806/713/1
f 803/712/23 821/726/23 819/705/23
f 799/711/1 822/725/1 815/724/1
f 824/731/136 825/732/136 823/733/136
f 852/734/135 843/735/135 851/736/135
f 830/737/166 827/738/166 829/739/166
f 823/733/167 829/739/167 824/731/167
f 833/740/138 832/741/138 831/742/138
f 837/743/168 836/744/168 838/745/168
f 837/743/169 831/742/169 832/741/169
f 841/746/138 840/747/138 839/748/138
f 828/749/1 852/734/1 836/744/1
f 843/735/170 846/750/170 845/751/170
f 845/751/171 839/748/171 840/747/171
f 848/752/136 849/753/136 847/754/136
f 854/755/172 851/736/172 853/756/172
f 847/754/173 853/756/173 848/752/173
f 825/732/1 839/748/1 823/733/1
f 826/757/23 840/747/23 842/758/23
f 824/731/23 845/751/23 840/747/23
f 835/759/23 843/735/23 827/738/23
f 828/749/1 846/750/1 844/760/1
f 827/738/23 845/751/23 829/739/23
f 823/733/1 846/750/1 830/737/1
f 833/740/1 847/754/1 849/753/1
f 834/761/23 848/752/23 832/741/23
f 835/759/137 828/749/137 836/744/137
f 832/741/23 853/756/23 837/743/23
f 836/744/1 854/755/1 838/745/1
f 835/759/23 853/756/23 851/736/23
f 831/742/1 854/755/1 847/754/1
f 856/762/136 857/763/136 855/764/136
f 884/765/135 875/766/135 883/767/135
f 862/768/166 859/769/166 861/770/166
f 855/764/167 861/770/167 856/762/167
f 865/771/138 864/772/138 863/773/138
f 867/774/168 870/775/168 869/776/168
f 869/776/169 863/773/169 864/772/169
f 873/777/138 872/778/138 871/779/138
f 860/780/1 884/765/1 868/781/1
f 875/766/170 878/782/170 877/783/170
f 877/783/171 871/779/171 872/778/171
f 880/784/136 881/785/136 879/786/136
f 886/787/172 883/767/172 885/788/172
f 879/786/173 885/788/173 880/784/173
f 857/763/1 871/779/1 855/764/1
f 858/789/23 872/778/23 874/790/23
f 856/762/23 877/783/23 872/778/23
f 859/769/23 883/767/23 875/766/23
f 860/780/1 878/782/1 876/791/1
f 859/769/23 877/783/23 861/770/23
f 855/764/1 878/782/1 862/768/1
f 865/771/1 879/786/1 881/785/1
f 866/792/23 880/784/23 864/772/23
f 859/769/137 868/781/137 867/774/137
f 864/772/23 885/788/23 869/776/23
f 868/781/1 886/787/1 870/775/1
f 867/774/23 885/788/23 883/767/23
f 863/773/1 886/787/1 879/786/1
f 890/793/136 892/794/136 888/795/136
f 887/796/138 893/797/138 889/798/138
f 889/798/135 894/799/135 890/793/135
f 888/795/137 891/800/137 887/796/137
f 898/801/174 900/802/174 896/803/174
f 895/804/175 901/805/175 897/806/175
f 897/806/176 902/807/176 898/801/176
f 896/803/177 899/808/177 895/804/177
f 908/809/138 906/810/138 904/811/138
f 909/812/136 903/813/136 905/814/136
f 910/815/135 905/814/135 906/810/135
f 907/816/137 904/811/137 903/813/137
f 916/817/178 914/818/178 912/819/178
f 917/820/179 911/821/179 913/822/179
f 918/823/180 913/822/180 914/818/180
f 915/824/181 912/819/181 911/821/181
f 922/825/87 929/826/87 921/827/87
f 920/828/88 927/829/88 919/830/88
f 919/830/89 934/831/89 926/832/89
f 925/833/182 932/834/182 924/835/182
f 923/836/91 930/837/91 922/825/91
f 921/827/183 928/838/183 920/828/183
f 925/833/184 954/839/184 933/840/184
f 924/835/86 931/841/86 923/836/86
f 949/842/1 932/834/1 933/840/1
f 941/843/23 926/832/23 925/833/23
f 934/831/1 949/842/1 933/840/1
f 926/832/23 936/844/23 919/830/23
f 936/844/23 920/828/23 919/830/23
f 944/845/1 934/831/1 927/829/1
f 928/838/1 944/845/1 927/829/1
f 920/828/23 937/846/23 921/827/23
f 945/847/1 928/838/1 929/826/1
f 937/846/23 922/825/23 921/827/23
f 930/837/1 945/847/1 929/826/1
f 922/825/23 939/848/23 923/836/23
f 947/849/1 930/837/1 931/841/1
f 939/848/23 924/835/23 923/836/23
f 932/834/1 947/849/1 931/841/1
f 924/835/23 941/843/23 925/833/23
f 934/831/185 951/850/185 926/832/185
f 933/840/1 953/851/1 934/831/1
f 925/833/23 951/850/23 952/852/23
f 958/853/87 965/854/87 957/855/87
f 956/856/88 963/857/88 955/858/88
f 955/858/89 970/859/89 962/860/89
f 961/861/90 968/862/90 960/863/90
f 959/864/91 966/865/91 958/853/91
f 957/855/92 964/866/92 956/856/92
f 961/861/184 990/867/184 969/868/184
f 960/863/86 967/869/86 959/864/86
f 985/870/1 968/862/1 969/868/1
f 977/871/23 962/860/23 961/861/23
f 970/859/1 985/870/1 969/868/1
f 962/860/23 972/872/23 955/858/23
f 972/872/23 956/856/23 955/858/23
f 980/873/1 970/859/1 963/857/1
f 964/866/1 980/873/1 963/857/1
f 956/856/23 973/874/23 957/855/23
f 981/875/1 964/866/1 965/854/1
f 973/874/23 958/853/23 957/855/23
f 966/865/1 981/875/1 965/854/1
f 958/853/23 975/876/23 959/864/23
f 983/877/1 966/865/1 967/869/1
f 975/876/23 960/863/23 959/864/23
f 968/862/1 983/877/1 967/869/1
f 960/863/23 977/871/23 961/861/23
f 970/859/185 987/878/185 962/860/185
f 969/868/1 989/879/1 970/859/1
f 961/861/23 987/878/23 988/880/23
f 994/881/87 1001/882/87 993/883/87
f 992/884/88 999/885/88 991/886/88
f 991/886/89 1006/887/89 998/888/89
f 997/889/182 1004/890/182 996/891/182
f 995/892/91 1002/893/91 994/881/91
f 993/883/183 1000/894/183 992/884/183
f 997/889/184 1026/895/184 1005/896/184
f 996/891/86 1003/897/86 995/892/86
f 1021/898/186 1004/890/186 1005/896/186
f 1013/899/23 998/888/23 997/889/23
f 1006/887/1 1021/898/1 1005/896/1
f 998/888/23 1008/900/23 991/886/23
f 1008/900/23 992/884/23 991/886/23
f 1016/901/1 1006/887/1 999/885/1
f 1000/894/165 1016/901/165 999/885/165
f 992/884/23 1009/902/23 993/883/23
f 1017/903/165 1000/894/165 1001/882/165
f 1009/902/23 994/881/23 993/883/23
f 1002/893/1 1017/903/1 1001/882/1
f 994/881/23 1011/904/23 995/892/23
f 1019/905/1 1002/893/1 1003/897/1
f 1011/904/23 996/891/23 995/892/23
f 1004/890/186 1019/905/186 1003/897/186
f 996/891/23 1013/899/23 997/889/23
f 1006/887/185 1023/906/185 998/888/185
f 1005/896/1 1025/907/1 1006/887/1
f 997/889/23 1023/906/23 1024/908/23
f 11/1/1 38/29/1 36/2/1
f 9/4/1 10/3/1 36/2/1
f 8/6/1 9/4/1 34/5/1
f 7/8/1 8/6/1 32/7/1
f 7/8/1 30/8/1 28/9/1
f 5/11/1 6/10/1 28/9/1
f 5/11/1 26/12/1 24/13/1
f 45/15/2 18/18/2 17/16/2
f 18/18/3 20/20/3 19/19/3
f 20/20/4 22/13/4 21/21/4
f 24/13/5 26/12/5 25/22/5
f 26/12/6 28/9/6 27/23/6
f 28/9/7 30/8/7 29/24/7
f 30/8/8 32/7/8 31/25/8
f 32/7/9 34/5/9 33/26/9
f 34/5/10 36/2/10 35/27/10
f 36/2/11 38/29/11 37/28/11
f 38/29/12 40/2/12 39/27/12
f 40/2/13 42/31/13 41/30/13
f 42/31/14 44/33/14 43/32/14
f 44/33/15 45/15/15 16/17/15
f 12/3/1 40/2/1 38/29/1
f 13/34/1 42/31/1 40/2/1
f 1/35/1 18/18/1 45/15/1
f 14/36/1 44/33/1 42/31/1
f 2/37/1 20/20/1 18/18/1
f 15/15/1 45/15/1 44/33/1
f 2/37/1 3/14/1 22/13/1
f 52/38/1 68/45/1 69/39/1
f 46/41/1 66/47/1 61/42/1
f 62/44/16 63/46/16 68/45/16
f 63/46/17 64/50/17 69/39/17
f 62/44/18 61/42/18 66/47/18
f 58/49/19 60/39/19 59/50/19
f 67/51/20 58/49/20 56/46/20
f 55/52/21 54/56/21 67/51/21
f 59/50/22 60/39/22 69/39/22
f 52/38/1 51/43/1 61/42/1
f 49/53/1 50/40/1 60/39/1
f 49/53/1 58/49/1 67/51/1
f 47/55/1 48/54/1 67/51/1
f 53/40/1 69/39/1 60/39/1
f 89/57/23 88/68/23 71/58/23
f 90/60/23 89/57/23 72/59/23
f 90/60/23 73/61/23 74/59/23
f 163/62/1 181/85/1 180/63/1
f 151/65/1 155/69/1 179/66/1
f 91/57/23 74/59/23 75/58/23
f 147/69/1 177/66/1 176/63/1
f 93/70/23 92/68/23 75/58/23
f 139/62/1 175/85/1 174/72/1
f 131/73/1 173/133/1 172/74/1
f 94/76/23 93/70/23 76/71/23
f 119/77/1 123/80/1 171/78/1
f 115/80/1 169/78/1 168/74/1
f 95/81/23 94/76/23 77/76/23
f 95/81/23 78/82/23 79/83/23
f 181/85/15 167/72/15 84/76/15
f 96/84/23 79/83/23 80/86/23
f 101/81/15 86/76/15 196/88/15
f 100/84/14 101/81/14 195/89/14
f 99/87/13 100/84/13 194/90/13
f 98/92/12 99/87/12 193/91/12
f 97/87/11 98/92/11 192/93/11
f 96/84/10 97/87/10 191/91/10
f 95/81/9 96/84/9 190/90/9
f 94/76/8 95/81/8 189/89/8
f 93/70/7 94/76/7 188/88/7
f 92/68/6 93/70/6 187/94/6
f 91/57/5 92/68/5 186/95/5
f 88/68/4 89/57/4 184/96/4
f 87/70/3 88/68/3 183/95/3
f 86/76/2 87/70/2 182/94/2
f 103/97/24 105/100/24 109/98/24
f 105/100/25 104/102/25 108/101/25
f 104/102/26 102/116/26 106/103/26
f 107/99/27 109/98/27 113/104/27
f 113/104/28 109/98/28 108/101/28
f 108/101/29 106/103/29 110/107/29
f 111/105/30 113/104/30 117/108/30
f 113/104/31 112/106/31 116/110/31
f 116/110/32 112/106/32 110/107/32
f 119/112/33 115/109/33 117/108/33
f 121/113/34 117/108/34 116/110/34
f 120/114/35 116/110/35 114/111/35
f 119/112/36 121/113/36 125/108/36
f 121/113/37 120/114/37 124/110/37
f 120/114/38 118/115/38 122/111/38
f 123/109/39 125/108/39 129/104/39
f 129/104/40 125/108/40 124/110/40
f 124/110/41 122/111/41 126/107/41
f 127/105/42 129/104/42 133/98/42
f 129/104/43 128/106/43 132/101/43
f 132/101/44 128/106/44 126/107/44
f 135/97/45 131/99/45 133/98/45
f 137/100/46 133/98/46 132/101/46
f 136/102/47 132/101/47 130/103/47
f 135/97/48 137/100/48 141/117/48
f 137/100/49 136/102/49 140/119/49
f 136/102/50 134/116/50 138/120/50
f 139/118/51 141/117/51 145/121/51
f 145/121/52 141/117/52 140/119/52
f 140/119/53 138/120/53 142/124/53
f 143/122/54 145/121/54 149/125/54
f 145/121/55 144/123/55 148/127/55
f 148/127/56 144/123/56 142/124/56
f 151/129/57 147/126/57 149/125/57
f 153/130/187 149/125/187 148/127/187
f 152/131/59 148/127/59 146/128/59
f 151/129/60 153/130/60 157/125/60
f 153/130/188 152/131/188 156/127/188
f 152/131/62 150/132/62 154/128/62
f 155/126/63 157/125/63 161/121/63
f 161/121/64 157/125/64 156/127/64
f 156/127/65 154/128/65 158/124/65
f 159/122/66 161/121/66 165/117/66
f 161/121/67 160/123/67 164/119/67
f 164/119/68 160/123/68 158/124/68
f 103/97/69 163/118/69 165/117/69
f 105/100/70 165/117/70 164/119/70
f 104/102/71 164/119/71 162/120/71
f 110/107/1 106/103/1 102/116/1
f 102/116/1 162/120/1 158/124/1
f 158/124/1 154/128/1 150/132/1
f 150/132/1 146/128/1 142/124/1
f 142/124/1 138/120/1 134/116/1
f 134/116/1 130/103/1 126/107/1
f 126/107/1 122/111/1 118/115/1
f 118/115/1 114/111/1 110/107/1
f 110/107/1 102/116/1 158/124/1
f 158/124/1 150/132/1 142/124/1
f 142/124/1 134/116/1 126/107/1
f 126/107/1 118/115/1 110/107/1
f 110/107/1 158/124/1 142/124/1
f 168/74/4 169/78/4 72/59/4
f 169/78/72 170/79/72 73/61/72
f 170/79/73 171/78/73 74/59/73
f 171/78/5 172/74/5 75/58/5
f 172/74/6 173/133/6 76/71/6
f 173/133/7 174/72/7 77/76/7
f 174/72/8 175/85/8 78/82/8
f 175/85/9 176/63/9 79/83/9
f 176/63/10 177/66/10 80/86/10
f 177/66/11 178/67/11 81/134/11
f 178/67/12 179/66/12 82/86/12
f 179/66/13 180/63/13 83/83/13
f 180/63/14 181/85/14 85/82/14
f 167/72/2 166/133/2 70/71/2
f 166/133/3 168/74/3 71/58/3
f 101/81/23 85/82/23 84/76/23
f 107/73/1 111/75/1 168/74/1
f 87/70/23 70/71/23 71/58/23
f 119/77/1 170/79/1 169/78/1
f 101/81/23 100/84/23 83/83/23
f 123/80/1 127/75/1 172/74/1
f 86/76/23 84/76/23 70/71/23
f 135/72/1 174/72/1 173/133/1
f 99/87/23 82/86/23 83/83/23
f 139/62/1 143/64/1 176/63/1
f 98/92/23 81/134/23 82/86/23
f 151/65/1 178/67/1 177/66/1
f 163/62/1 103/72/1 167/72/1
f 103/72/1 107/73/1 166/133/1
f 159/64/1 180/63/1 179/66/1
f 98/92/23 97/87/23 80/86/23
f 249/135/22 202/136/22 200/136/22
f 246/137/74 197/142/74 203/138/74
f 203/138/75 204/141/75 248/140/75
f 204/141/76 202/136/76 249/135/76
f 250/139/77 199/138/77 198/142/77
f 205/143/23 213/152/23 215/144/23
f 201/141/23 234/159/23 235/146/23
f 204/141/23 232/159/23 233/147/23
f 198/142/23 230/148/23 229/148/23
f 197/142/23 229/148/23 231/146/23
f 220/149/78 228/156/78 226/150/78
f 206/143/23 211/145/23 219/144/23
f 211/145/23 210/153/23 218/151/23
f 207/145/23 215/144/23 216/151/23
f 209/154/23 217/149/23 220/149/23
f 210/153/23 212/154/23 220/149/23
f 208/153/23 216/151/23 217/149/23
f 221/155/1 222/155/1 228/156/1
f 222/155/1 227/157/1 228/156/1
f 227/157/1 226/150/1 228/156/1
f 228/156/1 225/156/1 221/155/1
f 225/156/1 224/150/1 223/157/1
f 216/151/76 224/150/76 225/156/76
f 213/152/74 221/155/74 223/157/74
f 219/144/77 227/157/77 222/155/77
f 218/151/79 226/150/79 227/157/79
f 215/144/75 223/157/75 224/150/75
f 217/149/22 225/156/22 228/156/22
f 233/147/22 241/158/22 244/158/22
f 234/159/80 242/161/80 243/160/80
f 233/147/81 232/159/81 240/161/81
f 229/148/82 237/162/82 239/160/82
f 235/146/83 243/160/83 238/162/83
f 232/159/84 231/146/84 239/160/84
f 236/147/85 244/158/85 242/161/85
f 198/142/23 199/138/23 235/146/23
f 204/141/23 203/138/23 231/146/23
f 202/136/23 233/147/23 236/147/23
f 201/141/23 200/136/23 236/147/23
f 251/140/78 252/135/78 200/136/78
f 250/139/79 251/140/79 201/141/79
f 258/163/86 266/175/86 265/164/86
f 256/166/87 264/176/87 263/167/87
f 254/169/88 262/177/88 261/170/88
f 253/171/89 261/170/89 268/172/89
f 259/174/90 267/178/90 266/175/90
f 257/165/91 265/164/91 264/176/91
f 255/168/92 263/167/92 262/177/92
f 260/173/93 268/172/93 267/178/93
f 263/167/189 264/176/189 272/179/189
f 264/176/190 265/164/190 274/181/190
f 265/164/191 266/175/191 276/182/191
f 266/175/192 267/178/192 278/183/192
f 268/172/193 280/184/193 278/183/193
f 261/170/194 282/185/194 280/184/194
f 262/177/195 284/186/195 282/185/195
f 263/167/196 269/180/196 284/186/196
f 269/180/197 272/179/197 271/187/197
f 288/189/198 304/194/198 303/190/198
f 272/179/199 274/181/199 273/192/199
f 288/189/200 289/197/200 305/193/200
f 274/181/201 276/182/201 275/195/201
f 290/196/107 306/200/107 305/193/107
f 276/182/202 278/183/202 277/198/202
f 280/184/203 279/201/203 277/198/203
f 291/199/204 307/204/204 306/200/204
f 282/185/205 281/202/205 279/201/205
f 284/186/206 283/205/206 281/202/206
f 291/199/207 292/207/207 308/203/207
f 269/180/208 270/188/208 283/205/208
f 283/205/209 270/188/209 285/206/209
f 281/202/210 283/205/210 292/207/210
f 279/201/211 281/202/211 291/199/211
f 277/198/212 279/201/212 290/196/212
f 277/198/213 289/197/213 288/189/213
f 275/195/214 288/189/214 287/191/214
f 273/192/215 287/191/215 286/208/215
f 271/187/216 286/208/216 285/206/216
f 301/209/217 302/212/217 296/210/217
f 302/212/218 303/190/218 297/213/218
f 303/190/219 304/194/219 298/214/219
f 304/194/220 305/193/220 299/215/220
f 306/200/221 300/216/221 299/215/221
f 307/204/222 295/217/222 300/216/222
f 308/203/223 293/218/223 295/217/223
f 301/209/224 294/211/224 293/218/224
f 287/191/225 303/190/225 302/212/225
f 286/208/226 302/212/226 301/209/226
f 292/207/227 285/206/227 301/209/227
f 259/174/23 258/163/23 314/219/23
f 257/165/23 256/166/23 312/221/23
f 254/169/23 310/226/23 311/223/23
f 260/173/23 316/225/23 309/224/23
f 258/163/23 257/165/23 313/222/23
f 256/166/23 255/168/23 311/223/23
f 259/174/23 315/220/23 316/225/23
f 253/171/23 309/224/23 310/226/23
f 311/223/93 319/232/93 320/227/93
f 309/224/86 317/233/86 318/228/86
f 315/220/87 323/230/87 324/229/87
f 314/219/92 322/234/92 323/230/92
f 312/221/89 320/227/89 321/231/89
f 310/226/90 318/228/90 319/232/90
f 316/225/134 324/229/134 317/233/134
f 313/222/88 321/231/88 322/234/88
f 319/232/23 318/228/23 317/233/23
f 317/233/23 324/229/23 319/232/23
f 324/229/23 323/230/23 319/232/23
f 323/230/23 322/234/23 321/231/23
f 321/231/23 320/227/23 319/232/23
f 332/235/135 330/254/135 329/236/135
f 329/236/136 330/254/136 326/238/136
f 325/239/137 326/238/137 328/240/137
f 335/242/136 342/249/136 343/243/136
f 332/235/138 331/237/138 327/241/138
f 331/237/23 329/236/23 325/239/23
f 335/242/137 336/246/137 334/245/137
f 336/246/138 334/245/138 338/247/138
f 335/242/139 336/246/139 340/248/139
f 340/248/138 338/247/138 337/250/138
f 337/250/138 332/235/138 328/240/138
f 333/244/140 343/243/140 338/247/140
f 342/249/141 340/248/141 339/251/141
f 342/249/136 341/252/136 344/253/136
f 344/253/136 341/252/136 326/238/136
f 339/251/142 328/240/142 326/238/142
f 343/243/143 344/253/143 337/250/143
f 352/255/135 350/274/135 349/256/135
f 345/258/137 346/261/137 348/259/137
f 349/256/136 350/274/136 346/261/136
f 351/257/23 349/256/23 345/258/23
f 355/262/136 362/267/136 363/263/136
f 352/255/138 351/257/138 347/260/138
f 355/262/137 356/268/137 354/265/137
f 355/262/139 356/268/139 360/266/139
f 356/268/138 354/265/138 358/269/138
f 353/264/140 363/263/140 358/269/140
f 360/266/138 358/269/138 357/270/138
f 357/270/138 352/255/138 348/259/138
f 362/267/141 360/266/141 359/271/141
f 359/271/142 348/259/142 346/261/142
f 362/267/136 361/272/136 364/273/136
f 364/273/136 361/272/136 346/261/136
f 358/269/143 363/263/143 364/273/143
f 364/273/144 350/274/144 352/255/144
f 337/250/144 344/253/144 330/254/144
f 366/275/145 369/284/145 382/276/145
f 370/278/146 368/285/146 381/279/146
f 367/281/147 377/286/147 378/282/147
f 370/278/148 380/280/148 382/276/148
f 365/283/149 378/282/149 381/279/149
f 367/281/150 366/275/150 379/277/150
f 372/287/48 378/282/48 377/286/48
f 373/289/228 371/288/228 377/286/228
f 375/290/229 374/292/229 380/280/229
f 375/290/48 381/279/48 378/282/48
f 376/291/49 382/276/49 380/280/49
f 373/289/153 379/277/153 382/276/153
f 385/293/154 383/909/154 384/294/154
f 375/290/155 386/299/155 384/296/155
f 372/287/230 371/288/230 383/297/230
f 375/290/231 372/287/231 385/298/231
f 387/300/158 389/303/158 390/301/158
f 373/289/232 376/291/232 390/301/232
f 371/288/160 373/289/160 389/303/160
f 374/292/233 388/302/233 390/301/233
f 383/297/162 371/288/162 374/292/162
f 371/288/234 387/300/234 374/292/234
f 387/300/234 388/302/234 374/292/234
f 394/304/23 398/310/23 397/305/23
f 391/307/1 396/311/1 395/308/1
f 393/309/135 395/308/135 398/310/135
f 391/307/137 392/306/137 397/305/137
f 402/312/23 406/318/23 405/313/23
f 399/315/1 404/319/1 403/316/1
f 401/317/135 403/316/135 406/318/135
f 400/314/137 405/313/137 404/319/137
f 410/320/23 414/326/23 413/321/23
f 409/323/1 407/327/1 412/324/1
f 409/323/135 411/325/135 414/326/135
f 408/322/137 413/321/137 412/324/137
f 418/328/23 422/334/23 421/329/23
f 415/331/1 420/335/1 419/332/1
f 417/333/135 419/332/135 422/334/135
f 416/330/137 421/329/137 420/335/137
f 426/336/23 430/342/23 429/337/23
f 423/339/1 428/343/1 427/340/1
f 425/341/135 427/340/135 430/342/135
f 424/338/137 429/337/137 428/343/137
f 434/344/23 438/350/23 437/345/23
f 431/347/1 436/351/1 435/348/1
f 433/349/135 435/348/135 438/350/135
f 432/346/137 437/345/137 436/351/137
f 442/352/23 446/358/23 445/353/23
f 441/355/1 439/359/1 444/356/1
f 441/355/135 443/357/135 446/358/135
f 440/354/137 445/353/137 444/356/137
f 450/360/23 454/366/23 453/361/23
f 447/363/1 452/367/1 451/364/1
f 449/365/135 451/364/135 454/366/135
f 448/362/137 453/361/137 452/367/137
f 458/368/23 462/374/23 461/369/23
f 455/371/1 460/375/1 459/372/1
f 457/373/135 459/372/135 462/374/135
f 456/370/137 461/369/137 460/375/137
f 466/376/23 470/382/23 469/377/23
f 463/379/1 468/383/1 467/380/1
f 465/381/135 467/380/135 470/382/135
f 464/378/137 469/377/137 468/383/137
f 474/384/23 478/390/23 477/385/23
f 473/387/1 471/391/1 476/388/1
f 473/387/135 475/389/135 478/390/135
f 472/386/137 477/385/137 476/388/137
f 482/392/23 486/398/23 485/393/23
f 479/395/1 484/399/1 483/396/1
f 481/397/135 483/396/135 486/398/135
f 480/394/137 485/393/137 484/399/137
f 490/400/23 494/406/23 493/401/23
f 487/403/1 492/407/1 491/404/1
f 489/405/135 491/404/135 494/406/135
f 488/402/137 493/401/137 492/407/137
f 498/408/23 502/414/23 501/409/23
f 495/411/1 500/415/1 499/412/1
f 497/413/135 499/412/135 502/414/135
f 496/410/137 501/409/137 500/415/137
f 506/416/23 510/422/23 509/417/23
f 505/419/1 503/423/1 508/420/1
f 506/416/135 505/419/135 507/421/135
f 504/418/137 509/417/137 508/420/137
f 514/424/23 518/430/23 517/425/23
f 511/427/1 516/431/1 515/428/1
f 513/429/135 515/428/135 518/430/135
f 512/426/137 517/425/137 516/431/137
f 522/432/23 526/438/23 525/433/23
f 519/435/1 524/439/1 523/436/1
f 521/437/135 523/436/135 526/438/135
f 520/434/137 525/433/137 524/439/137
f 530/440/23 534/446/23 533/441/23
f 527/443/1 532/447/1 531/444/1
f 530/440/135 529/445/135 531/444/135
f 528/442/137 533/441/137 532/447/137
f 538/448/23 542/454/23 541/449/23
f 537/451/1 535/455/1 540/452/1
f 538/448/135 537/451/135 539/453/135
f 536/450/137 541/449/137 540/452/137
f 546/456/23 550/462/23 549/457/23
f 543/459/1 548/463/1 547/460/1
f 545/461/135 547/460/135 550/462/135
f 544/458/137 549/457/137 548/463/137
f 554/464/23 558/470/23 557/465/23
f 551/467/1 556/471/1 555/468/1
f 553/469/135 555/468/135 558/470/135
f 552/466/137 557/465/137 556/471/137
f 562/472/23 566/478/23 565/473/23
f 561/475/1 559/479/1 564/476/1
f 561/475/135 563/477/135 566/478/135
f 560/474/137 565/473/137 564/476/137
f 570/480/23 574/486/23 573/481/23
f 569/483/1 567/487/1 572/484/1
f 569/483/135 571/485/135 574/486/135
f 568/482/137 573/481/137 572/484/137
f 578/488/23 582/494/23 581/489/23
f 575/491/1 580/495/1 579/492/1
f 577/493/135 579/492/135 582/494/135
f 576/490/137 581/489/137 580/495/137
f 586/496/23 590/502/23 589/497/23
f 583/499/1 588/503/1 587/500/1
f 585/501/135 587/500/135 590/502/135
f 584/498/137 589/497/137 588/503/137
f 594/504/23 598/510/23 597/505/23
f 593/507/1 591/511/1 596/508/1
f 593/507/135 595/509/135 598/510/135
f 592/506/137 597/505/137 596/508/137
f 602/512/23 606/518/23 605/513/23
f 601/515/1 599/519/1 604/516/1
f 601/515/135 603/517/135 606/518/135
f 600/514/137 605/513/137 604/516/137
f 610/520/23 614/526/23 613/521/23
f 607/523/1 612/527/1 611/524/1
f 609/525/135 611/524/135 614/526/135
f 608/522/137 613/521/137 612/527/137
f 618/528/23 622/534/23 621/529/23
f 615/531/1 620/535/1 619/532/1
f 617/533/135 619/532/135 622/534/135
f 616/530/137 621/529/137 620/535/137
f 626/536/23 630/542/23 629/537/23
f 625/539/1 623/543/1 628/540/1
f 625/539/135 627/541/135 630/542/135
f 624/538/137 629/537/137 628/540/137
f 634/544/23 638/550/23 637/545/23
f 633/547/1 631/551/1 636/548/1
f 633/547/135 635/549/135 638/550/135
f 632/546/137 637/545/137 636/548/137
f 642/552/23 646/558/23 645/553/23
f 639/555/1 644/559/1 643/556/1
f 641/557/135 643/556/135 646/558/135
f 640/554/137 645/553/137 644/559/137
f 650/560/23 654/566/23 653/561/23
f 647/563/1 652/567/1 651/564/1
f 649/565/135 651/564/135 654/566/135
f 648/562/137 653/561/137 652/567/137
f 658/568/23 662/574/23 661/569/23
f 657/571/1 655/575/1 660/572/1
f 657/571/135 659/573/135 662/574/135
f 656/570/137 661/569/137 660/572/137
f 664/576/136 666/603/136 665/577/136
f 692/579/135 684/605/135 683/580/135
f 670/582/166 668/594/166 667/583/166
f 663/578/167 670/582/167 669/584/167
f 673/585/138 674/606/138 672/586/138
f 675/588/168 676/595/168 678/589/168
f 677/590/169 678/589/169 671/587/169
f 681/591/138 682/604/138 680/592/138
f 668/594/1 684/605/1 692/579/1
f 683/580/170 684/605/170 686/596/170
f 685/597/171 686/596/171 679/593/171
f 688/598/136 690/910/136 689/599/136
f 694/601/172 692/579/172 691/581/172
f 687/600/173 694/601/173 693/602/173
f 665/577/1 681/591/1 679/593/1
f 666/603/23 664/576/23 680/592/23
f 664/576/23 669/584/23 685/597/23
f 667/583/23 675/588/23 691/581/23
f 668/594/1 670/582/1 686/596/1
f 667/583/23 683/580/23 685/597/23
f 663/578/1 679/593/1 686/596/1
f 673/585/1 671/587/1 687/600/1
f 674/606/23 690/910/23 688/598/23
f 667/583/137 668/594/137 676/595/137
f 672/586/23 688/598/23 693/602/23
f 676/595/1 692/579/1 694/601/1
f 675/588/23 677/590/23 693/602/23
f 671/587/1 678/589/1 694/601/1
f 696/607/136 698/634/136 697/608/136
f 724/610/135 716/636/135 715/611/135
f 702/613/166 700/625/166 699/614/166
f 695/609/167 702/613/167 701/615/167
f 705/616/138 706/637/138 704/617/138
f 707/619/168 708/626/168 710/620/168
f 709/621/169 710/620/169 703/618/169
f 713/622/138 714/635/138 712/623/138
f 700/625/1 716/636/1 724/610/1
f 715/611/170 716/636/170 718/627/170
f 717/628/171 718/627/171 711/624/171
f 720/629/136 722/911/136 721/630/136
f 726/632/172 724/610/172 723/612/172
f 719/631/173 726/632/173 725/633/173
f 697/608/1 713/622/1 711/624/1
f 698/634/23 696/607/23 712/623/23
f 696/607/23 701/615/23 717/628/23
f 699/614/23 707/619/23 723/612/23
f 700/625/1 702/613/1 718/627/1
f 699/614/23 715/611/23 717/628/23
f 695/609/1 711/624/1 718/627/1
f 705/616/1 703/618/1 719/631/1
f 706/637/23 722/911/23 720/629/23
f 699/614/137 700/625/137 708/626/137
f 704/617/23 720/629/23 725/633/23
f 708/626/1 724/610/1 726/632/1
f 707/619/23 709/621/23 725/633/23
f 703/618/1 710/620/1 726/632/1
f 728/638/136 730/665/136 729/639/136
f 756/641/135 748/667/135 747/642/135
f 734/644/166 732/656/166 731/645/166
f 727/640/167 734/644/167 733/646/167
f 737/647/138 738/668/138 736/648/138
f 739/650/168 740/657/168 742/651/168
f 741/652/169 742/651/169 735/649/169
f 745/653/138 746/666/138 744/654/138
f 732/656/1 748/667/1 756/641/1
f 747/642/170 748/667/170 750/658/170
f 749/659/171 750/658/171 743/655/171
f 752/660/136 754/912/136 753/661/136
f 758/663/172 756/641/172 755/643/172
f 751/662/173 758/663/173 757/664/173
f 729/639/1 745/653/1 743/655/1
f 730/665/23 728/638/23 744/654/23
f 728/638/23 733/646/23 749/659/23
f 731/645/23 739/650/23 755/643/23
f 732/656/1 734/644/1 750/658/1
f 731/645/23 747/642/23 749/659/23
f 727/640/1 743/655/1 750/658/1
f 737/647/1 735/649/1 751/662/1
f 738/668/23 754/912/23 752/660/23
f 731/645/137 732/656/137 740/657/137
f 736/648/23 752/660/23 757/664/23
f 740/657/1 756/641/1 758/663/1
f 739/650/23 741/652/23 757/664/23
f 735/649/1 742/651/1 758/663/1
f 760/669/136 762/695/136 761/670/136
f 787/672/135 788/688/135 780/673/135
f 766/675/166 764/697/166 763/676/166
f 759/671/167 766/675/167 765/677/167
f 769/678/138 770/698/138 768/679/138
f 771/681/168 772/687/168 774/682/168
f 773/683/169 774/682/169 767/680/169
f 777/684/138 778/696/138 776/685/138
f 772/687/1 764/697/1 780/673/1
f 779/674/170 780/673/170 782/689/170
f 781/690/171 782/689/171 775/686/171
f 784/691/136 786/913/136 785/692/136
f 789/694/172 790/699/172 788/688/172
f 783/693/173 790/699/173 789/694/173
f 761/670/1 777/684/1 775/686/1
f 762/695/23 760/669/23 776/685/23
f 760/669/23 765/677/23 781/690/23
f 763/676/23 771/681/23 787/672/23
f 764/697/1 766/675/1 782/689/1
f 763/676/23 779/674/23 781/690/23
f 759/671/1 775/686/1 782/689/1
f 769/678/1 767/680/1 783/693/1
f 770/698/23 786/913/23 784/691/23
f 763/676/137 764/697/137 772/687/137
f 768/679/23 784/691/23 789/694/23
f 772/687/1 788/688/1 790/699/1
f 771/681/23 773/683/23 789/694/23
f 767/680/1 774/682/1 790/699/1
f 792/700/136 794/727/136 793/701/136
f 820/703/135 812/729/135 811/704/135
f 798/706/166 796/718/166 795/707/166
f 791/702/167 798/706/167 797/708/167
f 801/709/138 802/730/138 800/710/138
f 803/712/168 804/719/168 806/713/168
f 805/714/169 806/713/169 799/711/169
f 809/715/138 810/728/138 808/716/138
f 796/718/165 812/729/165 820/703/165
f 811/704/170 812/729/170 814/720/170
f 813/721/171 814/720/171 807/717/171
f 816/722/136 818/914/136 817/723/136
f 822/725/172 820/703/172 819/705/172
f 815/724/173 822/725/173 821/726/173
f 793/701/1 809/715/1 807/717/1
f 794/727/23 792/700/23 808/716/23
f 792/700/23 797/708/23 813/721/23
f 795/707/23 803/712/23 819/705/23
f 796/718/1 798/706/1 814/720/1
f 795/707/23 811/704/23 813/721/23
f 791/702/1 807/717/1 814/720/1
f 801/709/1 799/711/1 815/724/1
f 802/730/23 818/914/23 816/722/23
f 795/707/137 796/718/137 804/719/137
f 800/710/23 816/722/23 821/726/23
f 804/719/1 820/703/1 822/725/1
f 803/712/23 805/714/23 821/726/23
f 799/711/1 806/713/1 822/725/1
f 824/731/136 826/757/136 825/732/136
f 852/734/135 844/760/135 843/735/135
f 830/737/166 828/749/166 827/738/166
f 823/733/167 830/737/167 829/739/167
f 833/740/138 834/761/138 832/741/138
f 837/743/168 835/759/168 836/744/168
f 837/743/169 838/745/169 831/742/169
f 841/746/138 842/758/138 840/747/138
f 828/749/1 844/760/1 852/734/1
f 843/735/170 844/760/170 846/750/170
f 845/751/171 846/750/171 839/748/171
f 848/752/136 850/915/136 849/753/136
f 854/755/235 852/734/235 851/736/235
f 847/754/173 854/755/173 853/756/173
f 825/732/1 841/746/1 839/748/1
f 826/757/23 824/731/23 840/747/23
f 824/731/23 829/739/23 845/751/23
f 835/759/23 851/736/23 843/735/23
f 828/749/1 830/737/1 846/750/1
f 827/738/163 843/735/163 845/751/163
f 823/733/1 839/748/1 846/750/1
f 833/740/1 831/742/1 847/754/1
f 834/761/23 850/915/23 848/752/23
f 835/759/137 827/738/137 828/749/137
f 832/741/23 848/752/23 853/756/23
f 836/744/1 852/734/1 854/755/1
f 835/759/23 837/743/23 853/756/23
f 831/742/1 838/745/1 854/755/1
f 856/762/136 858/789/136 857/763/136
f 884/765/135 876/791/135 875/766/135
f 862/768/166 860/780/166 859/769/166
f 855/764/167 862/768/167 861/770/167
f 865/771/138 866/792/138 864/772/138
f 867/774/168 868/781/168 870/775/168
f 869/776/169 870/775/169 863/773/169
f 873/777/138 874/790/138 872/778/138
f 860/780/186 876/791/186 884/765/186
f 875/766/170 876/791/170 878/782/170
f 877/783/171 878/782/171 871/779/171
f 880/784/136 882/916/136 881/785/136
f 886/787/235 884/765/235 883/767/235
f 879/786/173 886/787/173 885/788/173
f 857/763/1 873/777/1 871/779/1
f 858/789/23 856/762/23 872/778/23
f 856/762/23 861/770/23 877/783/23
f 859/769/23 867/774/23 883/767/23
f 860/780/1 862/768/1 878/782/1
f 859/769/23 875/766/23 877/783/23
f 855/764/1 871/779/1 878/782/1
f 865/771/1 863/773/1 879/786/1
f 866/792/23 882/916/23 880/784/23
f 859/769/137 860/780/137 868/781/137
f 864/772/23 880/784/23 885/788/23
f 868/781/186 884/765/186 886/787/186
f 867/774/23 869/776/23 885/788/23
f 863/773/1 870/775/1 886/787/1
f 890/793/136 894/799/136 892/794/136
f 887/796/138 891/800/138 893/797/138
f 889/798/135 893/797/135 894/799/135
f 888/795/137 892/794/137 891/800/137
f 898/801/174 902/807/174 900/802/174
f 895/804/175 899/808/175 901/805/175
f 897/806/176 901/805/176 902/807/176
f 896/803/177 900/802/177 899/808/177
f 908/809/138 910/815/138 906/810/138
f 909/812/136 907/816/136 903/813/136
f 910/815/135 909/812/135 905/814/135
f 907/816/137 908/809/137 904/811/137
f 916/817/178 918/823/178 914/818/178
f 917/820/179 915/824/179 911/821/179
f 918/823/180 917/820/180 913/822/180
f 915/824/236 916/817/236 912/819/236
f 922/825/87 930/837/87 929/826/87
f 920/828/88 928/838/88 927/829/88
f 919/830/237 927/829/237 934/831/237
f 925/833/90 933/840/90 932/834/90
f 923/836/134 931/841/134 930/837/134
f 921/827/92 929/826/92 928/838/92
f 925/833/184 952/852/184 954/839/184
f 924/835/86 932/834/86 931/841/86
f 949/842/1 948/917/1 932/834/1
f 941/843/23 942/918/23 926/832/23
f 934/831/1 950/919/1 949/842/1
f 926/832/23 942/918/23 936/844/23
f 936/844/23 935/920/23 920/828/23
f 944/845/1 950/919/1 934/831/1
f 928/838/1 943/921/1 944/845/1
f 920/828/23 935/920/23 937/846/23
f 945/847/1 943/921/1 928/838/1
f 937/846/23 938/922/23 922/825/23
f 930/837/1 946/923/1 945/847/1
f 922/825/23 938/922/23 939/848/23
f 947/849/1 946/923/1 930/837/1
f 939/848/23 940/924/23 924/835/23
f 932/834/1 948/917/1 947/849/1
f 924/835/23 940/924/23 941/843/23
f 934/831/185 953/851/185 951/850/185
f 933/840/1 954/839/1 953/851/1
f 925/833/23 926/832/23 951/850/23
f 958/853/87 966/865/87 965/854/87
f 956/856/88 964/866/88 963/857/88
f 955/858/237 963/857/237 970/859/237
f 961/861/182 969/868/182 968/862/182
f 959/864/134 967/869/134 966/865/134
f 957/855/183 965/854/183 964/866/183
f 961/861/184 988/880/184 990/867/184
f 960/863/86 968/862/86 967/869/86
f 985/870/1 984/925/1 968/862/1
f 977/871/23 978/926/23 962/860/23
f 970/859/1 986/927/1 985/870/1
f 962/860/23 978/926/23 972/872/23
f 972/872/163 971/928/163 956/856/163
f 980/873/186 986/927/186 970/859/186
f 964/866/1 979/929/1 980/873/1
f 956/856/23 971/928/23 973/874/23
f 981/875/1 979/929/1 964/866/1
f 973/874/23 974/930/23 958/853/23
f 966/865/1 982/931/1 981/875/1
f 958/853/23 974/930/23 975/876/23
f 983/877/165 982/931/165 966/865/165
f 975/876/164 976/932/164 960/863/164
f 968/862/1 984/925/1 983/877/1
f 960/863/23 976/932/23 977/871/23
f 970/859/185 989/879/185 987/878/185
f 969/868/1 990/867/1 989/879/1
f 961/861/23 962/860/23 987/878/23
f 994/881/87 1002/893/87 1001/882/87
f 992/884/88 1000/894/88 999/885/88
f 991/886/237 999/885/237 1006/887/237
f 997/889/90 1005/896/90 1004/890/90
f 995/892/134 1003/897/134 1002/893/134
f 993/883/92 1001/882/92 1000/894/92
f 997/889/184 1024/908/184 1026/895/184
f 996/891/86 1004/890/86 1003/897/86
f 1021/898/1 1020/933/1 1004/890/1
f 1013/899/23 1014/934/23 998/888/23
f 1006/887/1 1022/935/1 1021/898/1
f 998/888/23 1014/934/23 1008/900/23
f 1008/900/23 1007/936/23 992/884/23
f 1016/901/1 1022/935/1 1006/887/1
f 1000/894/186 1015/937/186 1016/901/186
f 992/884/23 1007/936/23 1009/902/23
f 1017/903/1 1015/937/1 1000/894/1
f 1009/902/23 1010/938/23 994/881/23
f 1002/893/1 1018/939/1 1017/903/1
f 994/881/23 1010/938/23 1011/904/23
f 1019/905/1 1018/939/1 1002/893/1
f 1011/904/23 1012/940/23 996/891/23
f 1004/890/165 1020/933/165 1019/905/165
f 996/891/23 1012/940/23 1013/899/23
f 1006/887/185 1025/907/185 1023/906/185
f 1005/896/1 1026/895/1 1025/907/1
f 997/889/23 998/888/23 1023/906/23
