# Blender 4.4.0
# www.blender.org
mtllib Prop_Crate_Box_Pile_01.mtl
o Prop_Crate_Box_Pile_01
v -1.366180 0.684457 0.194517
v -0.648519 0.684457 0.412375
v -1.366180 0.000000 0.194517
v -0.648519 0.000000 0.412375
v -0.648519 0.065543 0.412375
v -0.707627 0.684457 0.394432
v -0.707627 0.065543 0.394432
v -1.366180 0.065543 0.194517
v -1.307072 0.684457 0.212460
v -1.307072 0.065543 0.212460
v -0.639161 0.750000 0.381550
v -0.639161 0.000000 0.381550
v -0.639161 0.065543 0.381550
v -0.698270 0.065543 0.363607
v -0.698269 0.684457 0.363607
v -1.297714 0.684457 0.181635
v -1.297714 0.065543 0.181635
v -1.325576 0.023161 0.173177
v -0.669987 0.023161 0.372192
v -1.325576 0.728389 0.173177
v -0.669987 0.728389 0.372192
v -1.211712 0.023161 0.207742
v -1.214868 0.023161 0.206784
v -1.068180 0.023161 0.251314
v -1.071336 0.023161 0.250356
v -0.924648 0.023161 0.294886
v -0.927804 0.023161 0.293927
v -0.781115 0.023161 0.338457
v -0.784271 0.023161 0.337499
v -0.784271 0.728389 0.337499
v -0.781115 0.728389 0.338457
v -0.927804 0.728389 0.293927
v -0.924648 0.728389 0.294886
v -1.071336 0.728389 0.250356
v -1.068180 0.728389 0.251314
v -1.214868 0.728389 0.206784
v -1.211712 0.728389 0.207742
v -1.210713 0.023161 0.198773
v -1.067181 0.023161 0.242345
v -0.923648 0.023161 0.285917
v -0.780116 0.023161 0.329488
v -0.780116 0.728389 0.329488
v -0.923648 0.728389 0.285917
v -1.067181 0.728389 0.242345
v -1.210713 0.728389 0.198773
v -1.333622 0.075310 0.170734
v -1.292935 0.031592 0.183086
v -0.700733 0.718593 0.362859
v -0.660047 0.674875 0.375210
v -0.707054 0.718593 0.383680
v -1.339942 0.075310 0.191556
v -1.299255 0.031592 0.203907
v -0.666367 0.674875 0.396031
v -0.660047 0.075310 0.375210
v -0.700733 0.031592 0.362859
v -1.292935 0.718593 0.183086
v -1.333622 0.674875 0.170734
v -1.298905 0.718593 0.202751
v -0.666017 0.075310 0.394875
v -0.706703 0.031592 0.382524
v -1.339591 0.674875 0.190400
v -0.428215 0.684457 -0.313344
v -1.145876 0.750000 -0.531202
v -0.428215 0.750000 -0.313344
v -1.145876 0.000000 -0.531202
v -0.428215 0.000000 -0.313344
v -0.487323 0.684457 -0.331287
v -0.487323 0.065543 -0.331287
v -0.428215 0.065543 -0.313344
v -1.145876 0.684457 -0.531202
v -1.145876 0.065543 -0.531202
v -1.086768 0.684457 -0.513259
v -1.086768 0.065543 -0.513259
v -1.155234 0.684457 -0.500376
v -1.155234 0.065543 -0.500376
v -0.496681 0.065543 -0.300462
v -0.496681 0.684457 -0.300462
v -1.096125 0.684457 -0.482433
v -1.096126 0.065543 -0.482433
v -1.123987 0.023161 -0.490891
v -0.468398 0.023161 -0.291876
v -1.123987 0.728389 -0.490891
v -0.468398 0.728389 -0.291876
v -1.010123 0.023161 -0.456326
v -1.013280 0.023161 -0.457284
v -0.866591 0.023161 -0.412754
v -0.869747 0.023161 -0.413712
v -0.723059 0.023161 -0.369183
v -0.726215 0.023161 -0.370141
v -0.579527 0.023161 -0.325611
v -0.582683 0.023161 -0.326569
v -0.582683 0.728389 -0.326569
v -0.579527 0.728389 -0.325611
v -0.726215 0.728389 -0.370141
v -0.723059 0.728389 -0.369183
v -0.869747 0.728389 -0.413712
v -0.866591 0.728389 -0.412754
v -1.013280 0.728389 -0.457284
v -1.010123 0.728389 -0.456326
v -1.014279 0.023161 -0.448315
v -0.870746 0.023161 -0.404743
v -0.727214 0.023161 -0.361172
v -0.583682 0.023161 -0.317600
v -0.583682 0.728389 -0.317600
v -0.727214 0.728389 -0.361172
v -0.870746 0.728389 -0.404743
v -1.014279 0.728389 -0.448315
v -1.132033 0.075310 -0.493333
v -1.091346 0.031592 -0.480982
v -0.499144 0.718593 -0.301210
v -0.458458 0.674875 -0.288859
v -0.492824 0.718593 -0.322031
v -1.125712 0.075310 -0.514154
v -1.085026 0.031592 -0.501803
v -0.452137 0.674875 -0.309680
v -0.458458 0.075310 -0.288859
v -0.499144 0.031592 -0.301210
v -1.091346 0.718593 -0.480982
v -1.132033 0.674875 -0.493333
v -1.085377 0.718593 -0.500647
v -0.452488 0.075310 -0.308524
v -0.493175 0.031592 -0.320875
v -1.126063 0.674875 -0.512999
v -0.639161 0.684457 0.381550
v -0.437572 0.684457 -0.282519
v -0.437572 0.750000 -0.282519
v -0.437572 0.000000 -0.282519
v -0.447445 0.684457 -0.249996
v -0.447445 0.065543 -0.249996
v -0.437572 0.065543 -0.282519
v -0.629416 0.684457 0.349449
v -0.629416 0.065543 0.349449
v -0.468397 0.684457 -0.291876
v -0.669987 0.750000 0.372192
v -0.468397 0.750000 -0.291876
v -0.468397 0.000000 -0.291876
v -0.669987 0.065543 0.372192
v -0.478270 0.065543 -0.259354
v -0.478270 0.684457 -0.259354
v -0.468397 0.065543 -0.291876
v -0.669987 0.684457 0.372192
v -0.660242 0.684457 0.340091
v -0.660242 0.065543 0.340091
v -0.667410 0.023161 0.363702
v -0.470975 0.023161 -0.283386
v -0.667410 0.728389 0.363702
v -0.470975 0.728389 -0.283386
v -0.634134 0.023161 0.254089
v -0.635093 0.023161 0.257245
v -0.590563 0.023161 0.110557
v -0.591521 0.023161 0.113713
v -0.546991 0.023161 -0.032976
v -0.547949 0.023161 -0.029820
v -0.503419 0.023161 -0.176508
v -0.504377 0.023161 -0.173352
v -0.504377 0.728389 -0.173352
v -0.503419 0.728389 -0.176508
v -0.547949 0.728389 -0.029820
v -0.546991 0.728389 -0.032976
v -0.591521 0.728389 0.113713
v -0.590563 0.728389 0.110557
v -0.635093 0.728389 0.257245
v -0.634134 0.728389 0.254089
v -0.643103 0.023161 0.253090
v -0.599532 0.023161 0.109557
v -0.555960 0.023161 -0.033975
v -0.512388 0.023161 -0.177507
v -0.512388 0.728389 -0.177507
v -0.555960 0.728389 -0.033975
v -0.599532 0.728389 0.109557
v -0.643103 0.728389 0.253090
v -0.665468 0.094308 0.357307
v -0.656630 0.038826 0.328194
v -0.479563 0.716768 -0.255094
v -0.471999 0.657021 -0.280011
v -0.458742 0.716768 -0.248773
v -0.644647 0.094308 0.363627
v -0.635809 0.038826 0.334515
v -0.451178 0.657021 -0.273690
v -0.472721 0.095580 -0.277633
v -0.479018 0.031592 -0.256890
v -0.658791 0.718593 0.335312
v -0.664703 0.653314 0.354785
v -0.639125 0.718593 0.341281
v -0.453056 0.095580 -0.271664
v -0.459353 0.031592 -0.250920
v -0.645037 0.653314 0.360755
v -1.356823 0.750000 0.163692
v -1.155234 0.750000 -0.500377
v -1.356823 0.000000 0.163692
v -1.155234 0.000000 -0.500377
v -1.356823 0.065543 0.163692
v -1.165107 0.684457 -0.467854
v -1.165107 0.065543 -0.467854
v -1.356823 0.684457 0.163692
v -1.347078 0.684457 0.131590
v -1.347078 0.065543 0.131591
v -1.325576 0.684457 0.173177
v -1.123987 0.684457 -0.490891
v -1.325576 0.750000 0.173177
v -1.123987 0.750000 -0.490891
v -1.123987 0.000000 -0.490891
v -1.325576 0.065543 0.173177
v -1.133860 0.065543 -0.458369
v -1.133860 0.684457 -0.458369
v -1.123987 0.065543 -0.490891
v -1.315831 0.684457 0.141076
v -1.315831 0.065543 0.141076
v -1.322999 0.023161 0.164688
v -1.126565 0.023161 -0.482402
v -1.322999 0.728389 0.164687
v -1.126565 0.728389 -0.482402
v -1.289724 0.023161 0.055074
v -1.290682 0.023161 0.058230
v -1.246152 0.023161 -0.088458
v -1.247110 0.023161 -0.085302
v -1.202581 0.023161 -0.231991
v -1.203539 0.023161 -0.228835
v -1.159009 0.023161 -0.375523
v -1.159967 0.023161 -0.372367
v -1.159967 0.728389 -0.372367
v -1.159009 0.728389 -0.375523
v -1.203539 0.728389 -0.228835
v -1.202581 0.728389 -0.231991
v -1.247110 0.728389 -0.085302
v -1.246152 0.728389 -0.088458
v -1.290682 0.728389 0.058230
v -1.289724 0.728389 0.055074
v -1.281713 0.023161 0.059229
v -1.238141 0.023161 -0.084303
v -1.194570 0.023161 -0.227835
v -1.150998 0.023161 -0.371368
v -1.150998 0.728389 -0.371368
v -1.194570 0.728389 -0.227835
v -1.238142 0.728389 -0.084303
v -1.281713 0.728389 0.059229
v -1.321057 0.094308 0.158292
v -1.312220 0.038826 0.129179
v -1.135153 0.716768 -0.454109
v -1.127589 0.657021 -0.479026
v -1.155974 0.716768 -0.460429
v -1.341878 0.094308 0.151971
v -1.333040 0.038826 0.122858
v -1.148410 0.657021 -0.485347
v -1.128311 0.095580 -0.476649
v -1.134608 0.031592 -0.455905
v -1.314380 0.718593 0.136297
v -1.320292 0.653314 0.155770
v -1.334046 0.718593 0.130327
v -1.147976 0.095580 -0.482618
v -1.154273 0.031592 -0.461875
v -1.339957 0.653314 0.149801
v -0.657106 0.000000 0.329762
v -1.325576 -0.000000 0.173177
v -0.669987 -0.000000 0.372192
v -0.481405 0.000000 -0.249025
v -0.692191 0.000000 0.319112
v -0.516490 0.000000 -0.259676
v -1.312695 -0.000000 0.130747
v -1.136995 0.000000 -0.448041
v -1.278032 -0.000000 0.141270
v -1.102331 0.000000 -0.437518
v -1.312695 0.031484 0.130747
v -0.657106 0.031484 0.329762
v -1.136995 0.031484 -0.448041
v -0.481405 0.031484 -0.249025
v -0.516490 0.031484 -0.259676
v -0.692191 0.031484 0.319112
v -1.278032 0.031484 0.141270
v -1.102331 0.031484 -0.437518
v -1.119130 0.031484 -0.480144
v -0.478418 0.031484 -0.285645
v -1.315565 0.031484 0.166944
v -0.674853 0.031484 0.361443
v -1.007850 0.031484 -0.446363
v -1.010935 0.031484 -0.447300
v -0.867575 0.031484 -0.403780
v -0.870660 0.031484 -0.404717
v -0.727300 0.031484 -0.361198
v -0.730385 0.031484 -0.362134
v -0.587025 0.031484 -0.318615
v -0.590110 0.031484 -0.319551
v -0.786544 0.031484 0.327537
v -0.783460 0.031484 0.328473
v -0.926819 0.031484 0.284954
v -0.923735 0.031484 0.285891
v -1.067094 0.031484 0.242371
v -1.064010 0.031484 0.243308
v -1.207369 0.031484 0.199788
v -1.204285 0.031484 0.200725
v -1.009392 0.040155 -0.446831
v -0.869117 0.040155 -0.404249
v -0.728842 0.040155 -0.361666
v -0.588567 0.040155 -0.319083
v -0.785002 0.040155 0.328005
v -0.925277 0.040155 0.285422
v -1.065552 0.040155 0.242839
v -1.205827 0.040155 0.200257
v -1.164914 0.770402 -0.468486
v -0.447253 0.770402 -0.250627
v -1.145875 0.770402 -0.531202
v -0.428214 0.770402 -0.313344
v -1.366180 0.770402 0.194517
v -0.648519 0.770402 0.412376
v -1.347141 0.770402 0.131800
v -0.629480 0.770402 0.349658
v -0.506361 0.770402 -0.268571
v -0.688588 0.770402 0.331715
v -1.105806 0.770402 -0.450542
v -1.288033 0.770402 0.149744
v -1.164914 0.750000 -0.468486
v -0.447253 0.750000 -0.250627
v -0.648519 0.750000 0.412375
v -1.366180 0.750000 0.194517
v -0.688588 0.750000 0.331715
v -0.506361 0.750000 -0.268571
v -0.629480 0.750000 0.349658
v -1.347141 0.750000 0.131800
v -1.105806 0.750000 -0.450542
v -1.288033 0.750000 0.149744
v -1.328206 0.750000 0.181840
v -0.672617 0.750000 0.380856
v -1.120906 0.750000 -0.501038
v -0.465317 0.750000 -0.302023
v -1.214342 0.750000 0.216406
v -1.217498 0.750000 0.215448
v -1.070810 0.750000 0.259977
v -1.073966 0.750000 0.259019
v -0.927277 0.750000 0.303549
v -0.930434 0.750000 0.302591
v -0.783745 0.750000 0.347121
v -0.786901 0.750000 0.346163
v -0.579602 0.750000 -0.336716
v -0.576446 0.750000 -0.335758
v -0.723134 0.750000 -0.380287
v -0.719978 0.750000 -0.379330
v -0.866666 0.750000 -0.423859
v -0.863510 0.750000 -0.422901
v -1.010199 0.750000 -0.467431
v -1.007043 0.750000 -0.466473
v -1.215920 0.741128 0.215927
v -1.072388 0.741128 0.259498
v -0.928856 0.741128 0.303070
v -0.785323 0.741128 0.346642
v -0.578024 0.741128 -0.336237
v -0.721556 0.741128 -0.379808
v -0.865088 0.741128 -0.423380
v -1.008621 0.741128 -0.466952
v -1.321103 0.750000 0.129498
v -1.293116 0.750000 0.183682
v -0.498909 0.750000 -0.301983
v -0.470921 0.750000 -0.247799
v -0.498909 0.759946 -0.301983
v -1.321103 0.759947 0.129498
v -1.293116 0.759947 0.183682
v -0.470921 0.759947 -0.247799
v -0.647528 0.750000 0.333973
v -0.700914 0.750000 0.363455
v -1.091111 0.750000 -0.481756
v -1.144497 0.750000 -0.452274
v -1.091111 0.758739 -0.481756
v -0.647528 0.758739 0.333973
v -0.700914 0.758739 0.363455
v -1.144497 0.758739 -0.452274
v -0.477428 0.684457 0.676169
v 0.272572 0.684457 0.676169
v -0.477428 0.000000 0.676169
v 0.272572 0.000000 0.676169
v 0.272572 0.065543 0.676169
v 0.210800 0.684457 0.676169
v 0.210800 0.065543 0.676169
v -0.477428 0.065543 0.676169
v -0.415656 0.684457 0.676169
v -0.415656 0.065543 0.676169
v 0.272572 0.750000 0.643954
v 0.272572 0.000000 0.643954
v 0.272572 0.065543 0.643954
v 0.210800 0.065543 0.643954
v 0.210800 0.684457 0.643954
v -0.415656 0.684457 0.643954
v -0.415656 0.065543 0.643954
v -0.444773 0.023161 0.643954
v 0.240357 0.023161 0.643954
v -0.444773 0.728389 0.643954
v 0.240357 0.728389 0.643954
v -0.325779 0.023161 0.643954
v -0.329077 0.023161 0.643954
v -0.175779 0.023161 0.643954
v -0.179077 0.023161 0.643954
v -0.025779 0.023161 0.643954
v -0.029077 0.023161 0.643954
v 0.124221 0.023161 0.643954
v 0.120923 0.023161 0.643954
v 0.120923 0.728389 0.643954
v 0.124221 0.728389 0.643954
v -0.029077 0.728389 0.643954
v -0.025779 0.728389 0.643954
v -0.179077 0.728389 0.643954
v -0.175779 0.728389 0.643954
v -0.329077 0.728389 0.643954
v -0.325779 0.728389 0.643954
v -0.327428 0.023161 0.635082
v -0.177428 0.023161 0.635082
v -0.027428 0.023161 0.635082
v 0.122572 0.023161 0.635082
v 0.122572 0.728389 0.635082
v -0.027428 0.728389 0.635082
v -0.177428 0.728389 0.635082
v -0.327428 0.728389 0.635082
v -0.453182 0.075310 0.643954
v -0.410662 0.031592 0.643954
v 0.208226 0.718593 0.643954
v 0.250746 0.674875 0.643954
v 0.208226 0.718593 0.665714
v -0.453182 0.075310 0.665714
v -0.410662 0.031592 0.665714
v 0.250746 0.674875 0.665714
v 0.250746 0.075310 0.643954
v 0.208226 0.031592 0.643954
v -0.410662 0.718593 0.643954
v -0.453182 0.674875 0.643954
v -0.410662 0.718593 0.664506
v 0.250746 0.075310 0.664506
v 0.208226 0.031592 0.664506
v -0.453182 0.674875 0.664506
v 0.272572 0.684457 -0.082253
v -0.477428 0.750000 -0.082251
v 0.272572 0.750000 -0.082253
v -0.477428 0.000000 -0.082251
v 0.272572 0.000000 -0.082253
v 0.210800 0.684457 -0.082253
v 0.210800 0.065543 -0.082253
v 0.272572 0.065543 -0.082253
v -0.477428 0.684457 -0.082251
v -0.477429 0.065543 -0.082251
v -0.415657 0.684457 -0.082252
v -0.415657 0.065543 -0.082252
v -0.477428 0.684457 -0.050037
v -0.477428 0.065543 -0.050037
v 0.210800 0.065543 -0.050038
v 0.210800 0.684457 -0.050038
v -0.415657 0.684457 -0.050037
v -0.415657 0.065543 -0.050037
v -0.444774 0.023161 -0.050037
v 0.240357 0.023161 -0.050038
v -0.444774 0.728389 -0.050037
v 0.240357 0.728389 -0.050038
v -0.325779 0.023161 -0.050037
v -0.329078 0.023161 -0.050037
v -0.175779 0.023161 -0.050037
v -0.179078 0.023161 -0.050037
v -0.025779 0.023161 -0.050038
v -0.029078 0.023161 -0.050038
v 0.124221 0.023161 -0.050038
v 0.120922 0.023161 -0.050038
v 0.120922 0.728389 -0.050038
v 0.124221 0.728389 -0.050038
v -0.029078 0.728389 -0.050038
v -0.025779 0.728389 -0.050038
v -0.179078 0.728389 -0.050037
v -0.175779 0.728389 -0.050037
v -0.329078 0.728389 -0.050037
v -0.325779 0.728389 -0.050037
v -0.327428 0.023161 -0.041165
v -0.177428 0.023161 -0.041165
v -0.027428 0.023161 -0.041165
v 0.122572 0.023161 -0.041165
v 0.122572 0.728389 -0.041165
v -0.027428 0.728389 -0.041165
v -0.177428 0.728389 -0.041165
v -0.327428 0.728389 -0.041165
v -0.453182 0.075310 -0.050037
v -0.410662 0.031592 -0.050037
v 0.208225 0.718593 -0.050038
v 0.250745 0.674875 -0.050038
v 0.208225 0.718593 -0.071797
v -0.453182 0.075310 -0.071796
v -0.410662 0.031592 -0.071796
v 0.250745 0.674875 -0.071797
v 0.250745 0.075310 -0.050038
v 0.208225 0.031592 -0.050038
v -0.410662 0.718593 -0.050037
v -0.453182 0.674875 -0.050037
v -0.410662 0.718593 -0.070588
v 0.250745 0.075310 -0.070590
v 0.208225 0.031592 -0.070590
v -0.453182 0.674875 -0.070588
v 0.272572 0.684457 0.643954
v 0.272572 0.684457 -0.050038
v 0.272572 0.750000 -0.050038
v 0.272572 0.000000 -0.050038
v 0.272572 0.684457 -0.016050
v 0.272572 0.065543 -0.016050
v 0.272572 0.065543 -0.050038
v 0.272572 0.684457 0.610406
v 0.272572 0.065543 0.610407
v 0.240357 0.684457 -0.050038
v 0.240357 0.750000 0.643954
v 0.240357 0.750000 -0.050038
v 0.240357 0.000000 -0.050038
v 0.240357 0.065543 0.643954
v 0.240357 0.065543 -0.016050
v 0.240357 0.684457 -0.016050
v 0.240357 0.065543 -0.050038
v 0.240357 0.684457 0.643954
v 0.240357 0.684457 0.610406
v 0.240357 0.065543 0.610407
v 0.240357 0.023161 0.635082
v 0.240357 0.023161 -0.041166
v 0.240357 0.728389 0.635082
v 0.240357 0.728389 -0.041166
v 0.240357 0.023161 0.520529
v 0.240357 0.023161 0.523827
v 0.240357 0.023161 0.370529
v 0.240357 0.023161 0.373827
v 0.240357 0.023161 0.220529
v 0.240357 0.023161 0.223827
v 0.240357 0.023161 0.070529
v 0.240357 0.023161 0.073827
v 0.240357 0.728389 0.073827
v 0.240357 0.728389 0.070529
v 0.240357 0.728389 0.223827
v 0.240357 0.728389 0.220529
v 0.240357 0.728389 0.373827
v 0.240357 0.728389 0.370529
v 0.240357 0.728389 0.523827
v 0.240357 0.728389 0.520529
v 0.231485 0.023161 0.522178
v 0.231485 0.023161 0.372178
v 0.231485 0.023161 0.222178
v 0.231485 0.023161 0.072178
v 0.231485 0.728389 0.072178
v 0.231485 0.728389 0.222178
v 0.231485 0.728389 0.372178
v 0.231485 0.728389 0.522178
v 0.240357 0.094308 0.628398
v 0.240358 0.038826 0.597973
v 0.240357 0.716768 -0.011598
v 0.240357 0.657021 -0.037638
v 0.262117 0.716768 -0.011598
v 0.262117 0.094308 0.628398
v 0.262117 0.038826 0.597973
v 0.262117 0.657021 -0.037638
v 0.240357 0.095580 -0.035153
v 0.240357 0.031592 -0.013475
v 0.240357 0.718593 0.605412
v 0.240357 0.653314 0.625763
v 0.260909 0.718593 0.605412
v 0.260909 0.095580 -0.035153
v 0.260909 0.031592 -0.013475
v 0.260909 0.653314 0.625763
v -0.477428 0.750000 0.643955
v -0.477429 0.750000 -0.050037
v -0.477428 0.000000 0.643955
v -0.477429 0.000000 -0.050037
v -0.477428 0.065543 0.643955
v -0.477429 0.684457 -0.016050
v -0.477429 0.065543 -0.016050
v -0.477428 0.684457 0.643955
v -0.477428 0.684457 0.610407
v -0.477428 0.065543 0.610407
v -0.444773 0.684457 0.643955
v -0.444774 0.684457 -0.050038
v -0.444773 0.750000 0.643955
v -0.444774 0.750000 -0.050038
v -0.444774 0.000000 -0.050038
v -0.444773 0.065543 0.643955
v -0.444774 0.065543 -0.016050
v -0.444774 0.684457 -0.016050
v -0.444774 0.065543 -0.050038
v -0.444773 0.684457 0.610407
v -0.444773 0.065543 0.610407
v -0.444773 0.023161 0.635082
v -0.444774 0.023161 -0.041165
v -0.444773 0.728389 0.635082
v -0.444774 0.728389 -0.041165
v -0.444773 0.023161 0.520530
v -0.444773 0.023161 0.523828
v -0.444774 0.023161 0.370529
v -0.444774 0.023161 0.373828
v -0.444774 0.023161 0.220529
v -0.444774 0.023161 0.223828
v -0.444774 0.023161 0.070529
v -0.444774 0.023161 0.073828
v -0.444774 0.728389 0.073828
v -0.444774 0.728389 0.070529
v -0.444774 0.728389 0.223828
v -0.444774 0.728389 0.220529
v -0.444774 0.728389 0.373828
v -0.444774 0.728389 0.370529
v -0.444773 0.728389 0.523828
v -0.444773 0.728389 0.520530
v -0.435901 0.023161 0.522179
v -0.435901 0.023161 0.372179
v -0.435901 0.023161 0.222179
v -0.435902 0.023161 0.072179
v -0.435902 0.728389 0.072179
v -0.435901 0.728389 0.222179
v -0.435901 0.728389 0.372179
v -0.435901 0.728389 0.522179
v -0.444773 0.094308 0.628399
v -0.444773 0.038826 0.597974
v -0.444774 0.716768 -0.011598
v -0.444774 0.657021 -0.037638
v -0.466533 0.716768 -0.011598
v -0.466533 0.094308 0.628399
v -0.466533 0.038826 0.597974
v -0.466533 0.657021 -0.037638
v -0.444774 0.095580 -0.035153
v -0.444774 0.031592 -0.013475
v -0.444773 0.718593 0.605412
v -0.444773 0.653314 0.625763
v -0.465325 0.718593 0.605412
v -0.465326 0.095580 -0.035153
v -0.465326 0.031592 -0.013475
v -0.465325 0.653314 0.625763
v 0.240357 0.000000 0.599612
v -0.444773 -0.000000 0.643954
v 0.240357 -0.000000 0.643954
v 0.240357 0.000000 -0.005256
v 0.203692 0.000000 0.599612
v 0.203692 0.000000 -0.005256
v -0.444773 -0.000000 0.599613
v -0.444773 0.000000 -0.005256
v -0.408548 -0.000000 0.599613
v -0.408548 0.000000 -0.005256
v -0.444773 0.031484 0.599613
v 0.240357 0.031484 0.599612
v -0.444773 0.031484 -0.005256
v 0.240357 0.031484 -0.005256
v 0.203692 0.031484 -0.005256
v 0.203692 0.031484 0.599612
v -0.408548 0.031484 0.599613
v -0.408548 0.031484 -0.005256
v -0.437005 0.031484 -0.041165
v 0.232579 0.031484 -0.041165
v -0.437004 0.031484 0.635082
v 0.232579 0.031484 0.635082
v -0.320710 0.031484 -0.041165
v -0.323934 0.031484 -0.041165
v -0.174114 0.031484 -0.041165
v -0.177338 0.031484 -0.041165
v -0.027518 0.031484 -0.041165
v -0.030742 0.031484 -0.041165
v 0.119078 0.031484 -0.041165
v 0.115854 0.031484 -0.041165
v 0.115855 0.031484 0.635082
v 0.119078 0.031484 0.635082
v -0.030742 0.031484 0.635082
v -0.027518 0.031484 0.635082
v -0.177338 0.031484 0.635082
v -0.174114 0.031484 0.635082
v -0.323934 0.031484 0.635082
v -0.320710 0.031484 0.635082
v -0.322322 0.040155 -0.041165
v -0.175726 0.040155 -0.041165
v -0.029130 0.040155 -0.041165
v 0.117466 0.040155 -0.041165
v 0.117466 0.040155 0.635082
v -0.029130 0.040155 0.635082
v -0.175726 0.040155 0.635082
v -0.322322 0.040155 0.635082
v -0.477428 0.770402 -0.016709
v 0.272572 0.770402 -0.016709
v -0.477428 0.770402 -0.082253
v 0.272572 0.770402 -0.082253
v -0.477428 0.770402 0.676169
v 0.272572 0.770402 0.676169
v -0.477428 0.770402 0.610626
v 0.272572 0.770402 0.610626
v 0.210800 0.770402 -0.016710
v 0.210800 0.770402 0.610626
v -0.415656 0.770402 -0.016709
v -0.415656 0.770402 0.610626
v -0.477428 0.750000 -0.016709
v 0.272572 0.750000 -0.016709
v 0.272572 0.750000 0.676169
v -0.477428 0.750000 0.676169
v 0.210800 0.750000 0.610626
v 0.210800 0.750000 -0.016710
v 0.272572 0.750000 0.610626
v -0.477428 0.750000 0.610626
v -0.415656 0.750000 -0.016709
v -0.415656 0.750000 0.610626
v -0.444773 0.750000 0.653008
v 0.240358 0.750000 0.653008
v -0.444773 0.750000 -0.060642
v 0.240357 0.750000 -0.060642
v -0.325779 0.750000 0.653008
v -0.329077 0.750000 0.653008
v -0.175779 0.750000 0.653008
v -0.179077 0.750000 0.653008
v -0.025779 0.750000 0.653008
v -0.029077 0.750000 0.653008
v 0.124221 0.750000 0.653008
v 0.120923 0.750000 0.653008
v 0.120923 0.750000 -0.060642
v 0.124221 0.750000 -0.060642
v -0.029077 0.750000 -0.060642
v -0.025779 0.750000 -0.060642
v -0.179077 0.750000 -0.060642
v -0.175779 0.750000 -0.060642
v -0.329077 0.750000 -0.060642
v -0.325779 0.750000 -0.060642
v -0.327428 0.741128 0.653008
v -0.177428 0.741128 0.653008
v -0.027428 0.741128 0.653008
v 0.122572 0.741128 0.653008
v 0.122572 0.741128 -0.060642
v -0.027428 0.741128 -0.060642
v -0.177428 0.741128 -0.060642
v -0.327428 0.741128 -0.060642
v -0.453181 0.750000 0.600859
v -0.410661 0.750000 0.644577
v 0.208225 0.750000 -0.050846
v 0.250746 0.750000 -0.007128
v 0.208225 0.759946 -0.050846
v -0.453181 0.759947 0.600859
v -0.410661 0.759947 0.644577
v 0.250746 0.759947 -0.007128
v 0.250746 0.750000 0.600859
v 0.208226 0.750000 0.644577
v -0.410662 0.750000 -0.050846
v -0.453182 0.750000 -0.007128
v -0.410662 0.758739 -0.050846
v 0.250746 0.758739 0.600859
v 0.208226 0.758739 0.644577
v -0.453182 0.758739 -0.007128
v 0.378945 0.684457 0.695066
v 1.127942 0.684457 0.656282
v 0.378945 0.000000 0.695066
v 1.127942 0.000000 0.656282
v 1.127942 0.065543 0.656282
v 1.066253 0.684457 0.659476
v 1.066253 0.065543 0.659476
v 0.378945 0.065543 0.695066
v 0.440634 0.684457 0.691871
v 0.440634 0.065543 0.691871
v 1.126276 0.750000 0.624111
v 1.126276 0.000000 0.624111
v 1.126276 0.065543 0.624111
v 1.064587 0.065543 0.627305
v 1.064587 0.684457 0.627305
v 0.438969 0.684457 0.659700
v 0.438969 0.065543 0.659700
v 0.409890 0.023161 0.661206
v 1.094105 0.023161 0.625777
v 0.409890 0.728389 0.661206
v 1.094105 0.728389 0.625777
v 0.528726 0.023161 0.655052
v 0.525432 0.023161 0.655223
v 0.678525 0.023161 0.647295
v 0.675231 0.023161 0.647466
v 0.828324 0.023161 0.639539
v 0.825031 0.023161 0.639709
v 0.978124 0.023161 0.631782
v 0.974830 0.023161 0.631953
v 0.974830 0.728389 0.631953
v 0.978124 0.728389 0.631782
v 0.825031 0.728389 0.639709
v 0.828324 0.728389 0.639539
v 0.675231 0.728389 0.647466
v 0.678525 0.728389 0.647295
v 0.525432 0.728389 0.655223
v 0.528726 0.728389 0.655052
v 0.526620 0.023161 0.646277
v 0.676419 0.023161 0.638520
v 0.826219 0.023161 0.630764
v 0.976018 0.023161 0.623007
v 0.976018 0.728389 0.623007
v 0.826219 0.728389 0.630764
v 0.676419 0.728389 0.638520
v 0.526620 0.728389 0.646277
v 0.401493 0.075310 0.661640
v 0.443957 0.031592 0.659442
v 1.062016 0.718593 0.627438
v 1.104479 0.674875 0.625239
v 1.063141 0.718593 0.649168
v 0.402619 0.075310 0.683370
v 0.445082 0.031592 0.681172
v 1.105604 0.674875 0.646969
v 1.104479 0.075310 0.625239
v 1.062016 0.031592 0.627438
v 0.443957 0.718593 0.659441
v 0.401493 0.674875 0.661640
v 0.445019 0.718593 0.679966
v 1.105541 0.075310 0.645763
v 1.063078 0.031592 0.647962
v 0.402556 0.674875 0.682164
v 1.088722 0.684457 -0.101125
v 0.339726 0.750000 -0.062340
v 1.088722 0.750000 -0.101125
v 0.339726 0.000000 -0.062340
v 1.088722 0.000000 -0.101125
v 1.027033 0.684457 -0.097930
v 1.027033 0.065543 -0.097930
v 1.088722 0.065543 -0.101125
v 0.339726 0.684457 -0.062340
v 0.339726 0.065543 -0.062340
v 0.401415 0.684457 -0.065534
v 0.401415 0.065543 -0.065534
v 0.341392 0.684457 -0.030168
v 0.341392 0.065543 -0.030168
v 1.028699 0.065543 -0.065759
v 1.028699 0.684457 -0.065759
v 0.403081 0.684457 -0.033363
v 0.403081 0.065543 -0.033363
v 0.374003 0.023161 -0.031857
v 1.058217 0.023161 -0.067287
v 0.374003 0.728389 -0.031857
v 1.058217 0.728389 -0.067287
v 0.492838 0.023161 -0.038011
v 0.489544 0.023161 -0.037840
v 0.642637 0.023161 -0.045768
v 0.639344 0.023161 -0.045597
v 0.792437 0.023161 -0.053525
v 0.789143 0.023161 -0.053354
v 0.942236 0.023161 -0.061281
v 0.938942 0.023161 -0.061111
v 0.938942 0.728389 -0.061111
v 0.942236 0.728389 -0.061281
v 0.789143 0.728389 -0.053354
v 0.792437 0.728389 -0.053525
v 0.639344 0.728389 -0.045597
v 0.642637 0.728389 -0.045768
v 0.489544 0.728389 -0.037840
v 0.492838 0.728389 -0.038011
v 0.491650 0.023161 -0.029065
v 0.641449 0.023161 -0.036822
v 0.791249 0.023161 -0.044579
v 0.941048 0.023161 -0.052336
v 0.941048 0.728389 -0.052336
v 0.791249 0.728389 -0.044579
v 0.641449 0.728389 -0.036822
v 0.491650 0.728389 -0.029065
v 0.365606 0.075310 -0.031422
v 0.408069 0.031592 -0.033621
v 1.026128 0.718593 -0.065626
v 1.068591 0.674875 -0.067824
v 1.025003 0.718593 -0.087356
v 0.364481 0.075310 -0.053152
v 0.406944 0.031592 -0.055351
v 1.067466 0.674875 -0.089555
v 1.068591 0.075310 -0.067824
v 1.026128 0.031592 -0.065626
v 0.408069 0.718593 -0.033621
v 0.365606 0.674875 -0.031422
v 0.407006 0.718593 -0.054145
v 1.067528 0.075310 -0.088349
v 1.025065 0.031592 -0.086150
v 0.364543 0.674875 -0.051946
v 1.126276 0.684457 0.624111
v 1.090389 0.684457 -0.068953
v 1.090389 0.750000 -0.068953
v 1.090389 0.000000 -0.068953
v 1.092146 0.684457 -0.035011
v 1.092146 0.065543 -0.035011
v 1.090389 0.065543 -0.068953
v 1.124541 0.684457 0.590608
v 1.124541 0.065543 0.590608
v 1.058217 0.684457 -0.067287
v 1.094105 0.750000 0.625777
v 1.058217 0.750000 -0.067287
v 1.058217 0.000000 -0.067287
v 1.094105 0.065543 0.625777
v 1.059975 0.065543 -0.033345
v 1.059975 0.684457 -0.033345
v 1.058217 0.065543 -0.067287
v 1.094105 0.684457 0.625777
v 1.092370 0.684457 0.592274
v 1.092370 0.065543 0.592274
v 1.093646 0.023161 0.616916
v 1.058676 0.023161 -0.058427
v 1.093646 0.728389 0.616916
v 1.058676 0.728389 -0.058427
v 1.087722 0.023161 0.502516
v 1.087893 0.023161 0.505810
v 1.079965 0.023161 0.352717
v 1.080136 0.023161 0.356011
v 1.072209 0.023161 0.202918
v 1.072379 0.023161 0.206212
v 1.064452 0.023161 0.053118
v 1.064623 0.023161 0.056412
v 1.064623 0.728389 0.056412
v 1.064452 0.728389 0.053118
v 1.072379 0.728389 0.206212
v 1.072209 0.728389 0.202918
v 1.080136 0.728389 0.356011
v 1.079965 0.728389 0.352717
v 1.087893 0.728389 0.505810
v 1.087722 0.728389 0.502516
v 1.078947 0.023161 0.504622
v 1.071190 0.023161 0.354823
v 1.063433 0.023161 0.205023
v 1.055677 0.023161 0.055224
v 1.055677 0.728389 0.055224
v 1.063433 0.728389 0.205023
v 1.071190 0.728389 0.354823
v 1.078947 0.728389 0.504622
v 1.093300 0.094308 0.610241
v 1.091727 0.038826 0.579857
v 1.060205 0.716768 -0.028899
v 1.058858 0.657021 -0.054904
v 1.081935 0.716768 -0.030024
v 1.115030 0.094308 0.609116
v 1.113457 0.038826 0.578732
v 1.080589 0.657021 -0.056029
v 1.058987 0.095580 -0.052423
v 1.060108 0.031592 -0.030773
v 1.092112 0.718593 0.587286
v 1.093164 0.653314 0.607610
v 1.112636 0.718593 0.586223
v 1.079511 0.095580 -0.053485
v 1.080632 0.031592 -0.031836
v 1.113688 0.653314 0.606547
v 0.377280 0.750000 0.662895
v 0.341392 0.750000 -0.030169
v 0.377280 0.000000 0.662895
v 0.341392 0.000000 -0.030169
v 0.377280 0.065543 0.662895
v 0.343149 0.684457 0.003773
v 0.343149 0.065543 0.003773
v 0.377280 0.684457 0.662895
v 0.375545 0.684457 0.629392
v 0.375545 0.065543 0.629392
v 0.409891 0.684457 0.661206
v 0.374002 0.684457 -0.031858
v 0.409891 0.750000 0.661206
v 0.374002 0.750000 -0.031858
v 0.374002 0.000000 -0.031858
v 0.409891 0.065543 0.661206
v 0.375760 0.065543 0.002085
v 0.375760 0.684457 0.002085
v 0.374002 0.065543 -0.031858
v 0.408156 0.684457 0.627703
v 0.408156 0.065543 0.627703
v 0.409432 0.023161 0.652345
v 0.374461 0.023161 -0.022997
v 0.409432 0.728389 0.652345
v 0.374461 0.728389 -0.022997
v 0.403508 0.023161 0.537946
v 0.403678 0.023161 0.541240
v 0.395751 0.023161 0.388146
v 0.395922 0.023161 0.391440
v 0.387994 0.023161 0.238347
v 0.388165 0.023161 0.241641
v 0.380237 0.023161 0.088548
v 0.380408 0.023161 0.091842
v 0.380408 0.728389 0.091842
v 0.380237 0.728389 0.088548
v 0.388165 0.728389 0.241641
v 0.387994 0.728389 0.238347
v 0.395922 0.728389 0.391440
v 0.395751 0.728389 0.388146
v 0.403678 0.728389 0.541240
v 0.403508 0.728389 0.537946
v 0.412454 0.023161 0.539134
v 0.404697 0.023161 0.389335
v 0.396940 0.023161 0.239535
v 0.389183 0.023161 0.089736
v 0.389183 0.728389 0.089736
v 0.396940 0.728389 0.239535
v 0.404697 0.728389 0.389335
v 0.412454 0.728389 0.539134
v 0.409086 0.094308 0.645671
v 0.407513 0.038826 0.615287
v 0.375990 0.716768 0.006531
v 0.374644 0.657021 -0.019475
v 0.354260 0.716768 0.007656
v 0.387356 0.094308 0.646796
v 0.385783 0.038826 0.616412
v 0.352914 0.657021 -0.018349
v 0.374772 0.095580 -0.016993
v 0.375893 0.031592 0.004656
v 0.407897 0.718593 0.622715
v 0.408950 0.653314 0.643039
v 0.387373 0.718593 0.623778
v 0.354248 0.095580 -0.015930
v 0.355369 0.031592 0.005719
v 0.388426 0.653314 0.644102
v 1.091812 0.000000 0.581494
v 0.409891 -0.000000 0.661206
v 1.094105 -0.000000 0.625777
v 1.060533 0.000000 -0.022565
v 1.055196 0.000000 0.583390
v 1.023917 0.000000 -0.020669
v 0.407598 -0.000000 0.616923
v 0.376319 0.000000 0.012864
v 0.443774 -0.000000 0.615050
v 0.412496 0.000000 0.010990
v 0.407598 0.031484 0.616923
v 1.091812 0.031484 0.581494
v 0.376319 0.031484 0.012864
v 1.060533 0.031484 -0.022565
v 1.023917 0.031484 -0.020669
v 1.055196 0.031484 0.583390
v 0.443774 0.031484 0.615050
v 0.412496 0.031484 0.010990
v 0.382220 0.031484 -0.023399
v 1.050908 0.031484 -0.058024
v 0.417190 0.031484 0.651943
v 1.085878 0.031484 0.617318
v 0.498359 0.031484 -0.029412
v 0.495140 0.031484 -0.029246
v 0.644759 0.031484 -0.036993
v 0.641540 0.031484 -0.036826
v 0.791159 0.031484 -0.044574
v 0.787940 0.031484 -0.044407
v 0.937559 0.031484 -0.052154
v 0.934340 0.031484 -0.051988
v 0.969309 0.031484 0.623354
v 0.972529 0.031484 0.623188
v 0.822909 0.031484 0.630935
v 0.826129 0.031484 0.630768
v 0.676510 0.031484 0.638516
v 0.679729 0.031484 0.638349
v 0.530110 0.031484 0.646096
v 0.533329 0.031484 0.645930
v 0.496750 0.040155 -0.029329
v 0.643149 0.040155 -0.036910
v 0.789549 0.040155 -0.044490
v 0.935949 0.040155 -0.052071
v 0.970919 0.040155 0.623271
v 0.824519 0.040155 0.630852
v 0.678119 0.040155 0.638432
v 0.531719 0.040155 0.646013
v 0.343116 0.770402 0.003114
v 1.092112 0.770402 -0.035669
v 0.339726 0.770402 -0.062341
v 1.088723 0.770402 -0.101125
v 0.378945 0.770402 0.695066
v 1.127942 0.770402 0.656282
v 0.375556 0.770402 0.629610
v 1.124553 0.770402 0.590827
v 1.030423 0.770402 -0.032475
v 1.062864 0.770402 0.594021
v 0.404805 0.770402 -0.000080
v 0.437245 0.770402 0.626416
v 0.343116 0.750000 0.003114
v 1.092112 0.750000 -0.035669
v 1.127942 0.750000 0.656282
v 0.378945 0.750000 0.695066
v 1.062864 0.750000 0.594021
v 1.030423 0.750000 -0.032475
v 1.124553 0.750000 0.590827
v 0.375556 0.750000 0.629610
v 0.404805 0.750000 -0.000080
v 0.437245 0.750000 0.626416
v 0.410359 0.750000 0.670247
v 1.094573 0.750000 0.634818
v 0.373455 0.750000 -0.042448
v 1.057669 0.750000 -0.077877
v 0.529194 0.750000 0.664094
v 0.525900 0.750000 0.664264
v 0.678993 0.750000 0.656337
v 0.675699 0.750000 0.656508
v 0.828793 0.750000 0.648580
v 0.825499 0.750000 0.648751
v 0.978592 0.750000 0.640824
v 0.975298 0.750000 0.640994
v 0.938394 0.750000 -0.071701
v 0.941688 0.750000 -0.071871
v 0.788595 0.750000 -0.063944
v 0.791889 0.750000 -0.064115
v 0.638796 0.750000 -0.056187
v 0.642089 0.750000 -0.056358
v 0.488996 0.750000 -0.048431
v 0.492290 0.750000 -0.048601
v 0.527547 0.741128 0.664179
v 0.677346 0.741128 0.656422
v 0.827146 0.741128 0.648666
v 0.976945 0.741128 0.640909
v 0.940041 0.741128 -0.071786
v 0.790242 0.741128 -0.064029
v 0.640443 0.741128 -0.056272
v 0.490643 0.741128 -0.048516
v 0.399265 0.750000 0.618603
v 0.443989 0.750000 0.660064
v 1.026087 0.750000 -0.066433
v 1.070811 0.750000 -0.024972
v 1.026087 0.759946 -0.066433
v 0.399265 0.759947 0.618603
v 0.443989 0.759947 0.660064
v 1.070811 0.759947 -0.024972
v 1.102250 0.750000 0.582202
v 1.062048 0.750000 0.628060
v 0.408028 0.750000 -0.034429
v 0.367825 0.750000 0.011429
v 0.408028 0.758739 -0.034429
v 1.102250 0.758739 0.582202
v 1.062048 0.758739 0.628060
v 0.367825 0.758739 0.011429
v -0.089429 0.684457 -0.136785
v 0.659567 0.684457 -0.175568
v -0.089429 0.000000 -0.136785
v 0.659567 0.000000 -0.175568
v 0.659567 0.065543 -0.175568
v 0.597879 0.684457 -0.172374
v 0.597878 0.065543 -0.172374
v -0.089429 0.065543 -0.136785
v -0.027740 0.684457 -0.139979
v -0.027740 0.065543 -0.139979
v 0.657902 0.750000 -0.207740
v 0.657902 0.000000 -0.207740
v 0.657902 0.065543 -0.207740
v 0.596213 0.065543 -0.204546
v 0.596213 0.684457 -0.204546
v -0.029406 0.684457 -0.172151
v -0.029406 0.065543 -0.172151
v -0.058484 0.023161 -0.170645
v 0.625730 0.023161 -0.206074
v -0.058484 0.728389 -0.170645
v 0.625730 0.728389 -0.206074
v 0.060351 0.023161 -0.176798
v 0.057058 0.023161 -0.176628
v 0.210151 0.023161 -0.184555
v 0.206857 0.023161 -0.184384
v 0.359950 0.023161 -0.192312
v 0.356656 0.023161 -0.192141
v 0.509749 0.023161 -0.200068
v 0.506456 0.023161 -0.199898
v 0.506456 0.728389 -0.199898
v 0.509749 0.728389 -0.200068
v 0.356656 0.728389 -0.192141
v 0.359950 0.728389 -0.192312
v 0.206857 0.728389 -0.184384
v 0.210151 0.728389 -0.184555
v 0.057058 0.728389 -0.176628
v 0.060351 0.728389 -0.176798
v 0.058246 0.023161 -0.185574
v 0.208045 0.023161 -0.193330
v 0.357844 0.023161 -0.201087
v 0.507644 0.023161 -0.208844
v 0.507644 0.728389 -0.208844
v 0.357844 0.728389 -0.201087
v 0.208045 0.728389 -0.193330
v 0.058246 0.728389 -0.185574
v -0.066881 0.075310 -0.170210
v -0.024418 0.031592 -0.172409
v 0.593641 0.718593 -0.204412
v 0.636104 0.674875 -0.206611
v 0.594766 0.718593 -0.182682
v -0.065756 0.075310 -0.148480
v -0.023293 0.031592 -0.150679
v 0.637230 0.674875 -0.184881
v 0.636104 0.075310 -0.206611
v 0.593641 0.031592 -0.204412
v -0.024418 0.718593 -0.172409
v -0.066881 0.674875 -0.170210
v -0.023355 0.718593 -0.151885
v 0.637167 0.075310 -0.186087
v 0.594704 0.031592 -0.183888
v -0.065818 0.674875 -0.149686
v 0.620348 0.684457 -0.932975
v -0.128648 0.750000 -0.894190
v 0.620348 0.750000 -0.932975
v -0.128648 0.000000 -0.894190
v 0.620348 0.000000 -0.932975
v 0.558659 0.684457 -0.929781
v 0.558659 0.065543 -0.929781
v 0.620348 0.065543 -0.932975
v -0.128648 0.684457 -0.894190
v -0.128648 0.065543 -0.894190
v -0.066959 0.684457 -0.897385
v -0.066959 0.065543 -0.897385
v -0.126983 0.684457 -0.862019
v -0.126983 0.065543 -0.862019
v 0.560325 0.065543 -0.897609
v 0.560325 0.684457 -0.897609
v -0.065293 0.684457 -0.865213
v -0.065294 0.065543 -0.865213
v -0.094372 0.023161 -0.863708
v 0.589842 0.023161 -0.899138
v -0.094372 0.728389 -0.863708
v 0.589842 0.728389 -0.899138
v 0.024464 0.023161 -0.869861
v 0.021170 0.023161 -0.869691
v 0.174263 0.023161 -0.877618
v 0.170969 0.023161 -0.877448
v 0.324062 0.023161 -0.885375
v 0.320768 0.023161 -0.885204
v 0.473862 0.023161 -0.893132
v 0.470568 0.023161 -0.892961
v 0.470568 0.728389 -0.892961
v 0.473862 0.728389 -0.893132
v 0.320768 0.728389 -0.885204
v 0.324062 0.728389 -0.885375
v 0.170969 0.728389 -0.877448
v 0.174263 0.728389 -0.877618
v 0.021170 0.728389 -0.869691
v 0.024464 0.728389 -0.869861
v 0.023276 0.023161 -0.860915
v 0.173075 0.023161 -0.868672
v 0.322874 0.023161 -0.876429
v 0.472673 0.023161 -0.884186
v 0.472673 0.728389 -0.884186
v 0.322874 0.728389 -0.876429
v 0.173075 0.728389 -0.868672
v 0.023276 0.728389 -0.860915
v -0.102769 0.075310 -0.863273
v -0.060306 0.031592 -0.865472
v 0.557753 0.718593 -0.897476
v 0.600217 0.674875 -0.899675
v 0.556628 0.718593 -0.919206
v -0.103894 0.075310 -0.885003
v -0.061431 0.031592 -0.887202
v 0.599091 0.674875 -0.921405
v 0.600216 0.075310 -0.899675
v 0.557753 0.031592 -0.897476
v -0.060306 0.718593 -0.865472
v -0.102769 0.674875 -0.863273
v -0.061368 0.718593 -0.885996
v 0.599154 0.075310 -0.920199
v 0.556691 0.031592 -0.918000
v -0.103831 0.674875 -0.883797
v 0.657902 0.684457 -0.207740
v 0.622014 0.684457 -0.900804
v 0.622014 0.750000 -0.900804
v 0.622014 0.000000 -0.900804
v 0.623772 0.684457 -0.866861
v 0.623772 0.065543 -0.866861
v 0.622014 0.065543 -0.900804
v 0.656167 0.684457 -0.241243
v 0.656167 0.065543 -0.241243
v 0.589843 0.684457 -0.899138
v 0.625730 0.750000 -0.206074
v 0.589843 0.750000 -0.899138
v 0.589843 0.000000 -0.899138
v 0.625730 0.065543 -0.206074
v 0.591601 0.065543 -0.865195
v 0.591601 0.684457 -0.865195
v 0.589843 0.065543 -0.899138
v 0.625730 0.684457 -0.206074
v 0.623995 0.684457 -0.239577
v 0.623995 0.065543 -0.239577
v 0.625271 0.023161 -0.214934
v 0.590302 0.023161 -0.890277
v 0.625271 0.728389 -0.214934
v 0.590302 0.728389 -0.890277
v 0.619348 0.023161 -0.329334
v 0.619518 0.023161 -0.326040
v 0.611591 0.023161 -0.479133
v 0.611762 0.023161 -0.475840
v 0.603834 0.023161 -0.628933
v 0.604005 0.023161 -0.625639
v 0.596078 0.023161 -0.778732
v 0.596248 0.023161 -0.775438
v 0.596248 0.728389 -0.775438
v 0.596078 0.728389 -0.778732
v 0.604005 0.728389 -0.625639
v 0.603834 0.728389 -0.628933
v 0.611762 0.728389 -0.475840
v 0.611591 0.728389 -0.479133
v 0.619518 0.728389 -0.326040
v 0.619348 0.728389 -0.329334
v 0.610572 0.023161 -0.327228
v 0.602816 0.023161 -0.477028
v 0.595059 0.023161 -0.626827
v 0.587302 0.023161 -0.776626
v 0.587302 0.728389 -0.776626
v 0.595059 0.728389 -0.626827
v 0.602816 0.728389 -0.477028
v 0.610572 0.728389 -0.327228
v 0.624926 0.094308 -0.221609
v 0.623352 0.038826 -0.251993
v 0.591831 0.716768 -0.860749
v 0.590484 0.657021 -0.886754
v 0.613561 0.716768 -0.861875
v 0.646656 0.094308 -0.222735
v 0.645083 0.038826 -0.253118
v 0.612214 0.657021 -0.887880
v 0.590613 0.095580 -0.884273
v 0.591734 0.031592 -0.862624
v 0.623737 0.718593 -0.244565
v 0.624789 0.653314 -0.224241
v 0.644261 0.718593 -0.245628
v 0.611137 0.095580 -0.885336
v 0.612258 0.031592 -0.863687
v 0.645314 0.653314 -0.225304
v -0.091095 0.750000 -0.168956
v -0.126983 0.750000 -0.862020
v -0.091095 0.000000 -0.168956
v -0.126983 0.000000 -0.862020
v -0.091095 0.065543 -0.168956
v -0.125225 0.684457 -0.828077
v -0.125225 0.065543 -0.828077
v -0.091095 0.684457 -0.168956
v -0.092830 0.684457 -0.202459
v -0.092830 0.065543 -0.202459
v -0.058484 0.684457 -0.170644
v -0.094372 0.684457 -0.863708
v -0.058484 0.750000 -0.170644
v -0.094372 0.750000 -0.863708
v -0.094372 0.000000 -0.863708
v -0.058484 0.065543 -0.170644
v -0.092614 0.065543 -0.829766
v -0.092614 0.684457 -0.829766
v -0.094372 0.065543 -0.863708
v -0.060219 0.684457 -0.204148
v -0.060219 0.065543 -0.204147
v -0.058943 0.023161 -0.179505
v -0.093913 0.023161 -0.854848
v -0.058943 0.728389 -0.179505
v -0.093913 0.728389 -0.854848
v -0.064866 0.023161 -0.293905
v -0.064696 0.023161 -0.290611
v -0.072623 0.023161 -0.443704
v -0.072453 0.023161 -0.440410
v -0.080380 0.023161 -0.593503
v -0.080210 0.023161 -0.590209
v -0.088137 0.023161 -0.743303
v -0.087967 0.023161 -0.740009
v -0.087967 0.728389 -0.740009
v -0.088137 0.728389 -0.743303
v -0.080210 0.728389 -0.590209
v -0.080380 0.728389 -0.593503
v -0.072453 0.728389 -0.440410
v -0.072623 0.728389 -0.443704
v -0.064696 0.728389 -0.290611
v -0.064867 0.728389 -0.293905
v -0.055921 0.023161 -0.292717
v -0.063678 0.023161 -0.442516
v -0.071434 0.023161 -0.592315
v -0.079191 0.023161 -0.742114
v -0.079191 0.728389 -0.742114
v -0.071434 0.728389 -0.592315
v -0.063678 0.728389 -0.442516
v -0.055921 0.728389 -0.292717
v -0.059288 0.094308 -0.186180
v -0.060862 0.038826 -0.216564
v -0.092384 0.716768 -0.825320
v -0.093731 0.657021 -0.851325
v -0.114114 0.716768 -0.824195
v -0.081018 0.094308 -0.185055
v -0.082592 0.038826 -0.215439
v -0.115461 0.657021 -0.850200
v -0.093602 0.095580 -0.848844
v -0.092481 0.031592 -0.827195
v -0.060477 0.718593 -0.209135
v -0.059425 0.653314 -0.188812
v -0.081001 0.718593 -0.208073
v -0.114126 0.095580 -0.847781
v -0.113005 0.031592 -0.826132
v -0.079949 0.653314 -0.187749
v 0.623437 0.000000 -0.250356
v -0.058484 -0.000000 -0.170645
v 0.625730 -0.000000 -0.206074
v 0.592159 0.000000 -0.854416
v 0.586821 0.000000 -0.248460
v 0.555543 0.000000 -0.852520
v -0.060777 -0.000000 -0.214927
v -0.092056 0.000000 -0.818987
v -0.024600 -0.000000 -0.216801
v -0.055879 0.000000 -0.820860
v -0.060777 0.031484 -0.214927
v 0.623437 0.031484 -0.250356
v -0.092055 0.031484 -0.818987
v 0.592159 0.031484 -0.854416
v 0.555543 0.031484 -0.852520
v 0.586821 0.031484 -0.248460
v -0.024600 0.031484 -0.216801
v -0.055879 0.031484 -0.820860
v -0.086154 0.031484 -0.855249
v 0.582534 0.031484 -0.889874
v -0.051184 0.031484 -0.179907
v 0.617503 0.031484 -0.214532
v 0.029985 0.031484 -0.861263
v 0.026766 0.031484 -0.861096
v 0.176385 0.031484 -0.868843
v 0.173165 0.031484 -0.868677
v 0.322785 0.031484 -0.876424
v 0.319565 0.031484 -0.876257
v 0.469184 0.031484 -0.884005
v 0.465965 0.031484 -0.883838
v 0.500935 0.031484 -0.208496
v 0.504154 0.031484 -0.208663
v 0.354535 0.031484 -0.200916
v 0.357754 0.031484 -0.201082
v 0.208135 0.031484 -0.193335
v 0.211354 0.031484 -0.193502
v 0.061735 0.031484 -0.185754
v 0.064954 0.031484 -0.185921
v 0.028375 0.040155 -0.861179
v 0.174775 0.040155 -0.868760
v 0.321175 0.040155 -0.876341
v 0.467575 0.040155 -0.883922
v 0.502545 0.040155 -0.208580
v 0.356145 0.040155 -0.200999
v 0.209745 0.040155 -0.193418
v 0.063345 0.040155 -0.185838
v -0.125259 0.770402 -0.828736
v 0.623738 0.770402 -0.867520
v -0.128648 0.770402 -0.894192
v 0.620349 0.770402 -0.932975
v -0.089429 0.770402 -0.136785
v 0.659568 0.770402 -0.175568
v -0.092818 0.770402 -0.202240
v 0.656178 0.770402 -0.241024
v 0.562049 0.770402 -0.864325
v 0.594489 0.770402 -0.237829
v -0.063569 0.770402 -0.831930
v -0.031129 0.770402 -0.205434
v -0.125259 0.750000 -0.828736
v 0.623738 0.750000 -0.867520
v 0.659567 0.750000 -0.175568
v -0.089429 0.750000 -0.136785
v 0.594489 0.750000 -0.237829
v 0.562049 0.750000 -0.864325
v 0.656178 0.750000 -0.241024
v -0.092818 0.750000 -0.202240
v -0.063570 0.750000 -0.831930
v -0.031129 0.750000 -0.205434
v -0.058016 0.750000 -0.161603
v 0.626199 0.750000 -0.197032
v -0.094920 0.750000 -0.874298
v 0.589295 0.750000 -0.909727
v 0.060820 0.750000 -0.167757
v 0.057526 0.750000 -0.167586
v 0.210619 0.750000 -0.175513
v 0.207325 0.750000 -0.175343
v 0.360418 0.750000 -0.183270
v 0.357124 0.750000 -0.183099
v 0.510218 0.750000 -0.191027
v 0.506924 0.750000 -0.190856
v 0.470020 0.750000 -0.903551
v 0.473314 0.750000 -0.903722
v 0.320221 0.750000 -0.895794
v 0.323514 0.750000 -0.895965
v 0.170421 0.750000 -0.888038
v 0.173715 0.750000 -0.888208
v 0.020622 0.750000 -0.880281
v 0.023916 0.750000 -0.880452
v 0.059173 0.741128 -0.167671
v 0.208972 0.741128 -0.175428
v 0.358771 0.741128 -0.183185
v 0.508571 0.741128 -0.190941
v 0.471667 0.741128 -0.903636
v 0.321868 0.741128 -0.895880
v 0.172068 0.741128 -0.888123
v 0.022269 0.741128 -0.880366
v -0.069109 0.750000 -0.213247
v -0.024386 0.750000 -0.171787
v 0.557712 0.750000 -0.898283
v 0.602436 0.750000 -0.856822
v 0.557712 0.759946 -0.898283
v -0.069109 0.759947 -0.213247
v -0.024386 0.759947 -0.171787
v 0.602436 0.759947 -0.856822
v 0.633876 0.750000 -0.249648
v 0.593674 0.750000 -0.203790
v -0.060347 0.750000 -0.866280
v -0.100549 0.750000 -0.820421
v -0.060347 0.758739 -0.866280
v 0.633876 0.758739 -0.249648
v 0.593674 0.758739 -0.203790
v -0.100549 0.758739 -0.820421
v 0.043063 1.454859 0.490943
v 0.491444 1.454859 -0.110268
v 0.043063 0.770402 0.490943
v 0.491444 0.770402 -0.110268
v 0.491444 0.835945 -0.110268
v 0.454514 1.454859 -0.060751
v 0.454514 0.835945 -0.060750
v 0.043063 0.835945 0.490943
v 0.079993 1.454859 0.441426
v 0.079993 0.835945 0.441426
v 0.465620 1.520402 -0.129527
v 0.465620 0.770402 -0.129527
v 0.465620 0.835945 -0.129527
v 0.428690 0.835945 -0.080010
v 0.428690 1.454859 -0.080010
v 0.054169 1.454859 0.422167
v 0.054169 0.835945 0.422167
v 0.036761 0.793563 0.445508
v 0.446361 0.793563 -0.103703
v 0.036761 1.498791 0.445508
v 0.446361 1.498791 -0.103703
v 0.107901 0.793563 0.350120
v 0.105930 0.793563 0.352764
v 0.197577 0.793563 0.229878
v 0.195606 0.793563 0.232522
v 0.287254 0.793563 0.109635
v 0.285282 0.793563 0.112280
v 0.376930 0.793563 -0.010607
v 0.374958 0.793563 -0.007963
v 0.374958 1.498791 -0.007963
v 0.376930 1.498791 -0.010607
v 0.285282 1.498791 0.112280
v 0.287254 1.498791 0.109636
v 0.195606 1.498791 0.232522
v 0.197577 1.498791 0.229878
v 0.105930 1.498791 0.352764
v 0.107901 1.498791 0.350120
v 0.099803 0.793563 0.346137
v 0.189479 0.793563 0.225895
v 0.279155 0.793563 0.105653
v 0.368832 0.793563 -0.014589
v 0.368832 1.498791 -0.014589
v 0.279156 1.498791 0.105653
v 0.189479 1.498791 0.225895
v 0.099803 1.498791 0.346137
v 0.031735 0.845712 0.452248
v 0.057155 0.801994 0.418163
v 0.427151 1.488995 -0.077946
v 0.452571 1.445277 -0.112030
v 0.444593 1.488995 -0.064937
v 0.049177 0.845712 0.465256
v 0.074597 0.801994 0.431172
v 0.470014 1.445277 -0.099022
v 0.452571 0.845712 -0.112030
v 0.427151 0.801994 -0.077946
v 0.057155 1.488995 0.418163
v 0.031735 1.445277 0.452248
v 0.073629 1.488995 0.430450
v 0.469046 0.845712 -0.099744
v 0.443626 0.801994 -0.065659
v 0.048209 1.445277 0.464534
v -0.116518 1.454859 -0.563683
v -0.564898 1.520402 0.037529
v -0.116518 1.520402 -0.563683
v -0.564898 0.770402 0.037529
v -0.116518 0.770402 -0.563683
v -0.153448 1.454859 -0.514166
v -0.153448 0.835945 -0.514166
v -0.116518 0.835945 -0.563683
v -0.564898 1.454859 0.037529
v -0.564898 0.835945 0.037529
v -0.527969 1.454859 -0.011989
v -0.527969 0.835945 -0.011989
v -0.539074 1.454859 0.056788
v -0.539074 0.835945 0.056788
v -0.127624 0.835945 -0.494906
v -0.127624 1.454859 -0.494906
v -0.502145 1.454859 0.007271
v -0.502145 0.835945 0.007271
v -0.519552 0.793563 0.030611
v -0.109954 0.793563 -0.518600
v -0.519552 1.498791 0.030611
v -0.109954 1.498791 -0.518600
v -0.448413 0.793563 -0.064776
v -0.450384 0.793563 -0.062132
v -0.358736 0.793563 -0.185019
v -0.360708 0.793563 -0.182375
v -0.269061 0.793563 -0.305261
v -0.271032 0.793563 -0.302617
v -0.179384 0.793563 -0.425503
v -0.181356 0.793563 -0.422859
v -0.181356 1.498791 -0.422859
v -0.179384 1.498791 -0.425503
v -0.271032 1.498791 -0.302617
v -0.269061 1.498791 -0.305261
v -0.360708 1.498791 -0.182375
v -0.358737 1.498791 -0.185019
v -0.450384 1.498791 -0.062132
v -0.448413 1.498791 -0.064776
v -0.442286 0.793563 -0.058150
v -0.352610 0.793563 -0.178393
v -0.262934 0.793563 -0.298635
v -0.173258 0.793563 -0.418877
v -0.173258 1.498791 -0.418877
v -0.262934 1.498791 -0.298635
v -0.352610 1.498791 -0.178392
v -0.442286 1.498791 -0.058150
v -0.524579 0.845712 0.037352
v -0.499159 0.801994 0.003267
v -0.129163 1.488995 -0.492842
v -0.103743 1.445277 -0.526927
v -0.146606 1.488995 -0.505851
v -0.542021 0.845712 0.024343
v -0.516601 0.801994 -0.009742
v -0.121186 1.445277 -0.539936
v -0.103743 0.845712 -0.526927
v -0.129163 0.801994 -0.492842
v -0.499159 1.488995 0.003267
v -0.524579 1.445277 0.037352
v -0.515633 1.488995 -0.009020
v -0.120218 0.845712 -0.539214
v -0.145638 0.801994 -0.505129
v -0.541053 1.445277 0.025065
v 0.465620 1.454859 -0.129527
v -0.090694 1.454859 -0.544424
v -0.090694 1.520402 -0.544424
v -0.090694 0.770402 -0.544424
v -0.063449 1.454859 -0.524105
v -0.063449 0.835945 -0.524105
v -0.090694 0.835945 -0.544424
v 0.438728 1.454859 -0.149583
v 0.438728 0.835945 -0.149583
v -0.109953 1.454859 -0.518600
v 0.446361 1.520402 -0.103703
v -0.109953 1.520402 -0.518600
v -0.109953 0.770402 -0.518600
v 0.446361 0.835945 -0.103703
v -0.082708 0.835945 -0.498281
v -0.082708 1.454859 -0.498281
v -0.109953 0.835945 -0.518600
v 0.446361 1.454859 -0.103703
v 0.419469 1.454859 -0.123759
v 0.419469 0.835945 -0.123759
v 0.439249 0.793563 -0.109007
v -0.102841 0.793563 -0.513296
v 0.439249 1.498791 -0.109007
v -0.102841 1.498791 -0.513296
v 0.347421 0.793563 -0.177492
v 0.350065 0.793563 -0.175520
v 0.227179 0.793563 -0.267168
v 0.229823 0.793563 -0.265196
v 0.106937 0.793563 -0.356844
v 0.109581 0.793563 -0.354872
v -0.013305 0.793563 -0.446521
v -0.010661 0.793563 -0.444549
v -0.010661 1.498791 -0.444549
v -0.013305 1.498791 -0.446521
v 0.109581 1.498791 -0.354872
v 0.106937 1.498791 -0.356844
v 0.229823 1.498791 -0.265196
v 0.227179 1.498791 -0.267168
v 0.350065 1.498791 -0.175520
v 0.347421 1.498791 -0.177492
v 0.343439 0.793563 -0.169394
v 0.223197 0.793563 -0.259070
v 0.102955 0.793563 -0.348746
v -0.017287 0.793563 -0.438422
v -0.017287 1.498791 -0.438422
v 0.102955 1.498791 -0.348746
v 0.223197 1.498791 -0.259070
v 0.343439 1.498791 -0.169394
v 0.433891 0.864710 -0.113003
v 0.409502 0.809228 -0.131192
v -0.079140 1.487170 -0.495619
v -0.100014 1.427423 -0.511187
v -0.066131 1.487170 -0.513062
v 0.446899 0.864710 -0.130446
v 0.422511 0.809228 -0.148635
v -0.087005 1.427423 -0.528630
v -0.098022 0.865982 -0.509702
v -0.080644 0.801994 -0.496742
v 0.415465 1.488995 -0.126745
v 0.431778 1.423716 -0.114579
v 0.427751 1.488995 -0.143220
v -0.085735 0.865982 -0.526176
v -0.068358 0.801994 -0.513216
v 0.444065 1.423716 -0.131053
v 0.017240 1.520402 0.471684
v -0.539075 1.520402 0.056788
v 0.017240 0.770402 0.471684
v -0.539075 0.770402 0.056788
v 0.017240 0.835945 0.471684
v -0.511830 1.454859 0.077107
v -0.511830 0.835945 0.077107
v 0.017240 1.454859 0.471684
v -0.009653 1.454859 0.451628
v -0.009653 0.835945 0.451628
v 0.036762 1.454859 0.445508
v -0.519553 1.454859 0.030611
v 0.036762 1.520402 0.445508
v -0.519553 1.520402 0.030611
v -0.519553 0.770402 0.030611
v 0.036762 0.835945 0.445508
v -0.492308 0.835945 0.050931
v -0.492308 1.454859 0.050930
v -0.519553 0.835945 0.030611
v 0.009869 1.454859 0.425452
v 0.009869 0.835945 0.425452
v 0.029650 0.793563 0.440204
v -0.512441 0.793563 0.035915
v 0.029650 1.498791 0.440204
v -0.512441 1.498791 0.035915
v -0.062178 0.793563 0.371719
v -0.059534 0.793563 0.373691
v -0.182420 0.793563 0.282043
v -0.179776 0.793563 0.284015
v -0.302662 0.793563 0.192367
v -0.300018 0.793563 0.194339
v -0.422904 0.793563 0.102691
v -0.420261 0.793563 0.104663
v -0.420261 1.498791 0.104663
v -0.422904 1.498791 0.102691
v -0.300018 1.498791 0.194339
v -0.302662 1.498791 0.192367
v -0.179776 1.498791 0.284015
v -0.182420 1.498791 0.282043
v -0.059534 1.498791 0.373691
v -0.062178 1.498791 0.371719
v -0.055552 0.793563 0.365593
v -0.175794 0.793563 0.275917
v -0.296036 0.793563 0.186241
v -0.416278 0.793563 0.096565
v -0.416278 1.498791 0.096565
v -0.296036 1.498791 0.186241
v -0.175794 1.498791 0.275917
v -0.055552 1.498791 0.365593
v 0.024292 0.864710 0.436208
v -0.000097 0.809228 0.418019
v -0.488739 1.487170 0.053592
v -0.509613 1.427423 0.038024
v -0.501747 1.487170 0.071035
v 0.011283 0.864710 0.453650
v -0.013106 0.809228 0.435461
v -0.522622 1.427423 0.055467
v -0.507621 0.865982 0.039510
v -0.490244 0.801994 0.052470
v 0.005866 1.488995 0.422466
v 0.022179 1.423716 0.434632
v -0.006421 1.488995 0.438940
v -0.519908 0.865982 0.055984
v -0.502530 0.801994 0.068944
v 0.009893 1.423716 0.451107
v 0.410816 0.770402 -0.130213
v 0.036762 0.770402 0.445508
v 0.446361 0.770402 -0.103703
v -0.074056 0.770402 -0.491828
v 0.388896 0.770402 -0.100821
v -0.095976 0.770402 -0.462437
v 0.001216 0.770402 0.418998
v -0.483655 0.770402 0.057383
v 0.022873 0.770402 0.389960
v -0.461998 0.770402 0.028344
v 0.001216 0.801886 0.418998
v 0.410816 0.801886 -0.130213
v -0.483655 0.801886 0.057383
v -0.074056 0.801886 -0.491828
v -0.095976 0.801886 -0.462437
v 0.388896 0.801886 -0.100821
v 0.022873 0.801885 0.389960
v -0.461998 0.801886 0.028344
v -0.507795 0.801886 0.029688
v -0.107491 0.801886 -0.507060
v 0.034294 0.801885 0.433976
v 0.434598 0.801885 -0.102772
v -0.438270 0.801886 -0.063535
v -0.440197 0.801886 -0.060952
v -0.350629 0.801886 -0.181049
v -0.352556 0.801886 -0.178465
v -0.262988 0.801886 -0.298563
v -0.264915 0.801886 -0.295979
v -0.175346 0.801886 -0.416076
v -0.177273 0.801886 -0.413492
v 0.364816 0.801885 -0.009204
v 0.366743 0.801885 -0.011788
v 0.277175 0.801885 0.108310
v 0.279102 0.801885 0.105725
v 0.189533 0.801885 0.225823
v 0.191460 0.801885 0.223239
v 0.101892 0.801885 0.343337
v 0.103819 0.801885 0.340753
v -0.439233 0.810557 -0.062244
v -0.351592 0.810557 -0.179757
v -0.263951 0.810557 -0.297271
v -0.176310 0.810557 -0.414784
v 0.365779 0.810556 -0.010496
v 0.278138 0.810556 0.107017
v 0.190497 0.810556 0.224531
v 0.102856 0.810556 0.342045
v -0.512358 1.540804 0.076712
v -0.063978 1.540804 -0.524499
v -0.564899 1.540804 0.037528
v -0.116518 1.540804 -0.563683
v 0.043063 1.540804 0.490943
v 0.491444 1.540804 -0.110268
v -0.009477 1.540804 0.451759
v 0.438903 1.540804 -0.149452
v -0.100907 1.540804 -0.474982
v 0.401974 1.540804 -0.099935
v -0.475429 1.540804 0.027195
v 0.027453 1.540804 0.402242
v -0.512358 1.520402 0.076712
v -0.063978 1.520402 -0.524499
v 0.491444 1.520402 -0.110268
v 0.043063 1.520402 0.490943
v 0.401974 1.520402 -0.099935
v -0.100907 1.520402 -0.474982
v 0.438903 1.520402 -0.149452
v -0.009477 1.520402 0.451759
v -0.475429 1.520402 0.027195
v 0.027453 1.520402 0.402242
v 0.044019 1.520402 0.450920
v 0.453619 1.520402 -0.098291
v -0.528053 1.520402 0.024271
v -0.118453 1.520402 -0.524940
v 0.115159 1.520402 0.355533
v 0.113187 1.520402 0.358176
v 0.204835 1.520402 0.235290
v 0.202863 1.520402 0.237934
v 0.294511 1.520402 0.115048
v 0.292540 1.520402 0.117692
v 0.384187 1.520402 -0.005194
v 0.382216 1.520402 -0.002550
v -0.189856 1.520402 -0.429199
v -0.187884 1.520402 -0.431843
v -0.279532 1.520402 -0.308957
v -0.277561 1.520402 -0.311601
v -0.369209 1.520402 -0.188715
v -0.367237 1.520402 -0.191359
v -0.458885 1.520402 -0.068473
v -0.456913 1.520402 -0.071117
v 0.114173 1.511530 0.356854
v 0.203849 1.511530 0.236612
v 0.293525 1.511530 0.116370
v 0.383202 1.511530 -0.003872
v -0.188870 1.511530 -0.430521
v -0.278547 1.511530 -0.310279
v -0.368223 1.511530 -0.190037
v -0.457899 1.511530 -0.069795
v -0.002811 1.520402 0.426484
v 0.057654 1.520402 0.418535
v -0.129811 1.520402 -0.493326
v -0.069345 1.520402 -0.501274
v -0.129811 1.530349 -0.493326
v -0.002811 1.530349 0.426484
v 0.057654 1.530349 0.418535
v -0.069345 1.530349 -0.501274
v 0.418026 1.520402 -0.137794
v 0.427651 1.520402 -0.077573
v -0.499807 1.520402 0.002783
v -0.490182 1.520402 0.063004
v -0.499807 1.529141 0.002783
v 0.418026 1.529141 -0.137794
v 0.427651 1.529141 -0.077573
v -0.490182 1.529141 0.063004
vn -0.2905 -0.0000 0.9569
vn 0.9569 -0.0000 0.2905
vn -0.9569 -0.0000 -0.2905
vn -0.0000 -1.0000 -0.0000
vn -0.0000 1.0000 -0.0000
vn 0.8877 -0.0000 0.4604
vn -0.9939 -0.0000 -0.1107
vn 0.8877 -0.0000 0.4605
vn -0.9938 -0.0000 -0.1108
vn 0.6672 -0.7169 0.2025
vn -0.6672 0.7169 -0.2025
vn -0.6672 -0.7169 -0.2025
vn 0.6672 0.7169 0.2025
vn 0.2905 -0.0000 -0.9569
vn 0.9939 -0.0000 0.1107
vn -0.8877 -0.0000 -0.4605
vn -0.8877 -0.0000 -0.4604
vn 0.4604 -0.0000 -0.8877
vn -0.1107 -0.0000 0.9939
vn 0.4605 -0.0000 -0.8877
vn 0.2025 -0.7169 -0.6672
vn -0.2025 0.7169 0.6672
vn -0.2025 -0.7169 0.6672
vn 0.2025 0.7169 -0.6672
vn 0.1107 -0.0000 -0.9939
vn -0.4604 -0.0000 0.8877
vn -0.4605 -0.0000 0.8877
vn 0.9408 -0.1827 0.2856
vn -0.9408 -0.1828 -0.2856
vn -0.9408 -0.1827 -0.2856
vn 0.9408 0.1828 0.2856
vn -0.9408 0.1827 -0.2856
vn 0.9408 0.1827 0.2856
vn -0.9408 0.1828 -0.2856
vn 0.4647 -0.0000 0.8855
vn -0.4647 -0.0000 -0.8855
vn -0.8785 -0.0000 0.4777
vn 0.8785 -0.0000 -0.4777
vn -0.0000 -0.0000 1.0000
vn 1.0000 -0.0000 -0.0000
vn -1.0000 -0.0000 -0.0000
vn 0.9832 -0.0000 0.1827
vn -0.9832 -0.0000 0.1827
vn 0.6972 -0.7169 -0.0000
vn -0.6972 0.7169 -0.0000
vn -0.6972 -0.7169 -0.0000
vn 0.6972 0.7169 -0.0000
vn -0.0000 -0.0000 -1.0000
vn 0.9832 -0.0000 -0.1827
vn -0.9832 -0.0000 -0.1827
vn 0.1827 -0.0000 -0.9832
vn 0.1827 -0.0000 0.9832
vn 0.1828 -0.0000 0.9832
vn 0.1828 -0.0000 -0.9832
vn -0.0000 -0.7169 -0.6972
vn -0.0000 0.7169 0.6972
vn -0.0000 -0.7169 0.6972
vn -0.0000 0.7169 -0.6972
vn -0.1827 -0.0000 -0.9832
vn -0.1827 -0.0000 0.9832
vn -0.1828 -0.0000 -0.9832
vn 0.9832 -0.1827 -0.0000
vn -0.9832 -0.1827 -0.0000
vn 0.9832 0.1827 -0.0000
vn -0.9832 0.1827 -0.0000
vn 0.9832 0.1828 -0.0000
vn 0.7019 -0.0000 0.7123
vn -0.7019 -0.0000 -0.7123
vn -0.7019 -0.0000 0.7123
vn 0.7019 -0.0000 -0.7123
vn 0.0517 -0.0000 0.9987
vn 0.9987 -0.0000 -0.0517
vn -0.9987 -0.0000 0.0517
vn 0.9913 -0.0000 0.1316
vn -0.9724 -0.0000 0.2333
vn 0.9913 -0.0000 0.1317
vn 0.6963 -0.7169 -0.0361
vn -0.6963 0.7169 0.0360
vn -0.6963 -0.7169 0.0361
vn 0.6963 0.7169 -0.0361
vn -0.0517 -0.0000 -0.9987
vn 0.9724 -0.0000 -0.2333
vn -0.9913 -0.0000 -0.1317
vn -0.6963 0.7169 0.0361
vn 0.1317 -0.0000 -0.9913
vn 0.2333 -0.0000 0.9724
vn -0.0361 -0.7169 -0.6963
vn 0.0361 0.7169 0.6963
vn 0.0361 -0.7169 0.6963
vn -0.0361 0.7169 -0.6963
vn -0.2333 -0.0000 -0.9724
vn -0.1317 -0.0000 0.9913
vn 0.9818 -0.1828 -0.0508
vn -0.9818 -0.1827 0.0508
vn 0.9818 -0.1827 -0.0508
vn 0.9818 0.1828 -0.0508
vn -0.9818 0.1827 0.0508
vn 0.9818 0.1827 -0.0508
vn 0.7378 -0.0000 0.6751
vn -0.7378 -0.0000 -0.6751
vn -0.6641 -0.0000 0.7477
vn 0.6641 -0.0000 -0.7477
vn 0.1316 -0.0000 -0.9913
vn -0.1316 -0.0000 0.9913
vn -0.2334 -0.0000 -0.9724
vn -0.9819 0.1827 0.0508
vn -0.9818 0.1828 0.0508
vn 0.8016 -0.0000 0.5978
vn 0.5978 -0.0000 -0.8016
vn -0.5978 -0.0000 0.8016
vn 0.7343 -0.0000 -0.6789
vn -0.4413 -0.0000 0.8974
vn 0.4168 -0.7169 -0.5589
vn -0.4168 0.7169 0.5589
vn -0.4168 -0.7169 0.5589
vn 0.4168 0.7169 -0.5589
vn -0.8016 -0.0000 -0.5978
vn 0.4413 -0.0000 -0.8974
vn -0.7343 -0.0000 0.6789
vn -0.6789 -0.0000 -0.7343
vn 0.8974 -0.0000 0.4413
vn -0.5589 -0.7169 -0.4168
vn 0.5589 0.7169 0.4168
vn 0.5589 -0.7169 0.4168
vn -0.5589 0.7169 -0.4168
vn -0.8974 -0.0000 -0.4413
vn 0.6789 -0.0000 0.7343
vn 0.5878 -0.1828 -0.7881
vn -0.5878 -0.1827 0.7881
vn 0.5878 -0.1827 -0.7881
vn -0.5878 -0.1828 0.7881
vn 0.5878 0.1828 -0.7881
vn -0.5878 0.1827 0.7881
vn 0.5878 0.1827 -0.7881
vn 0.9906 -0.0000 -0.1368
vn -0.9906 -0.0000 0.1368
vn 0.1514 -0.0000 0.9885
vn -0.1514 -0.0000 -0.9885
vn -0.9938 -0.0000 -0.1107
vn 0.9408 -0.1828 0.2856
vn 0.9832 -0.0000 0.1828
vn 0.9832 -0.1828 -0.0000
vn -0.0000 -0.0001 -1.0000
vn -0.9832 0.1828 -0.0000
vn -0.9724 -0.0000 0.2334
vn 0.2334 -0.0000 0.9724
vn -0.9818 -0.1828 0.0508
vn -0.0517 -0.0001 -0.9987
vn -0.6641 -0.0000 0.7476
vn 0.9724 -0.0000 -0.2334
vn -0.5878 0.1828 0.7881
vt 0.106577 0.836626
vt 0.106546 0.838875
vt 0.106546 0.836626
vt 0.106577 0.813136
vt 0.106546 0.815385
vt 0.106546 0.813136
vt 0.106575 0.836626
vt 0.106577 0.815385
vt 0.106549 0.836626
vt 0.106578 0.836626
vt 0.106577 0.838875
vt 0.106546 0.838875
vt 0.106546 0.813136
vt 0.106546 0.836626
vt 0.106546 0.815385
vt 0.106549 0.815385
vt 0.106549 0.815385
vt 0.106578 0.813136
vt 0.106575 0.836626
vt 0.106575 0.815385
vt 0.106578 0.815385
vt 0.579635 0.840096
vt 0.579569 0.891806
vt 0.579569 0.840096
vt 0.590547 0.837068
vt 0.590501 0.865667
vt 0.590501 0.837068
vt 0.579483 0.840096
vt 0.579400 0.891806
vt 0.579400 0.840096
vt 0.590640 0.837068
vt 0.590595 0.865667
vt 0.590595 0.837068
vt 0.579570 0.840096
vt 0.579567 0.891806
vt 0.579567 0.840096
vt 0.579570 0.891806
vt 0.579485 0.840096
vt 0.579483 0.891806
vt 0.579485 0.840096
vt 0.579485 0.891806
vt 0.579401 0.840096
vt 0.579398 0.891806
vt 0.579398 0.840096
vt 0.579401 0.891806
vt 0.579316 0.840096
vt 0.579314 0.891806
vt 0.579314 0.840096
vt 0.579316 0.840096
vt 0.579316 0.891806
vt 0.579248 0.891806
vt 0.579248 0.840096
vt 0.106549 0.814220
vt 0.106575 0.837797
vt 0.106547 0.815720
vt 0.106549 0.837797
vt 0.106575 0.814220
vt 0.106576 0.815720
vt 0.106577 0.836297
vt 0.106549 0.814220
vt 0.106547 0.815720
vt 0.106575 0.837797
vt 0.106547 0.836297
vt 0.106547 0.836297
vt 0.106549 0.837797
vt 0.106556 0.838875
vt 0.106587 0.836626
vt 0.106556 0.836626
vt 0.106556 0.813136
vt 0.106587 0.815385
vt 0.106587 0.813136
vt 0.106584 0.815385
vt 0.106584 0.836626
vt 0.106558 0.815385
vt 0.106556 0.815385
vt 0.106587 0.838875
vt 0.106586 0.836626
vt 0.106555 0.838875
vt 0.106555 0.813136
vt 0.106555 0.836626
vt 0.106555 0.815385
vt 0.106586 0.815385
vt 0.106558 0.836626
vt 0.106558 0.815385
vt 0.106586 0.813136
vt 0.106584 0.836626
vt 0.579688 0.891806
vt 0.579753 0.840096
vt 0.579688 0.840096
vt 0.579434 0.891806
vt 0.579517 0.840096
vt 0.579434 0.840096
vt 0.579519 0.891806
vt 0.579602 0.840096
vt 0.579519 0.840096
vt 0.590660 0.865667
vt 0.590706 0.837068
vt 0.590660 0.837068
vt 0.579686 0.891806
vt 0.579685 0.840096
vt 0.579686 0.840096
vt 0.579685 0.891806
vt 0.579602 0.891806
vt 0.579601 0.840096
vt 0.579601 0.891806
vt 0.579603 0.840096
vt 0.579517 0.891806
vt 0.579516 0.840096
vt 0.579516 0.891806
vt 0.579432 0.891806
vt 0.579432 0.840096
vt 0.579432 0.840096
vt 0.579432 0.891806
vt 0.590530 0.865667
vt 0.590566 0.837068
vt 0.590530 0.837068
vt 0.106556 0.815720
vt 0.106586 0.836297
vt 0.106558 0.814220
vt 0.106586 0.815720
vt 0.106556 0.836297
vt 0.106558 0.837797
vt 0.106558 0.814220
vt 0.106585 0.836297
vt 0.106584 0.837797
vt 0.106556 0.815720
vt 0.106584 0.837797
vt 0.106584 0.814220
vt 0.106556 0.836297
vt 0.106585 0.815720
vt 0.106578 0.838875
vt 0.106586 0.815385
vt 0.106586 0.836626
vt 0.106578 0.836626
vt 0.106585 0.836626
vt 0.106586 0.838875
vt 0.106576 0.838875
vt 0.106585 0.813136
vt 0.106576 0.836626
vt 0.106585 0.815385
vt 0.106577 0.815385
vt 0.106578 0.815385
vt 0.106576 0.815385
vt 0.106585 0.836626
vt 0.579752 0.840096
vt 0.579733 0.891806
vt 0.579733 0.840096
vt 0.590703 0.837068
vt 0.590689 0.865667
vt 0.590689 0.837068
vt 0.579706 0.840096
vt 0.579681 0.891806
vt 0.579681 0.840096
vt 0.590732 0.837068
vt 0.590718 0.865667
vt 0.590718 0.837068
vt 0.579727 0.840096
vt 0.579732 0.891806
vt 0.579732 0.840096
vt 0.579727 0.891806
vt 0.579702 0.840096
vt 0.579706 0.891806
vt 0.579707 0.840096
vt 0.579702 0.891806
vt 0.579676 0.840096
vt 0.579681 0.891806
vt 0.579681 0.840096
vt 0.579676 0.891806
vt 0.579650 0.840096
vt 0.579655 0.891806
vt 0.579655 0.840096
vt 0.579656 0.840096
vt 0.579650 0.891806
vt 0.579636 0.891806
vt 0.579636 0.840096
vt 0.106577 0.816372
vt 0.106586 0.835684
vt 0.106585 0.837735
vt 0.106586 0.816416
vt 0.106577 0.835557
vt 0.106585 0.814220
vt 0.106577 0.814468
vt 0.106578 0.814468
vt 0.106585 0.837735
vt 0.106585 0.814220
vt 0.106577 0.837797
vt 0.106578 0.837797
vt 0.106555 0.815385
vt 0.106555 0.836626
vt 0.106547 0.836626
vt 0.106556 0.838875
vt 0.106556 0.836626
vt 0.106548 0.838875
vt 0.106548 0.813136
vt 0.106548 0.836626
vt 0.106548 0.815385
vt 0.106556 0.815385
vt 0.106547 0.815385
vt 0.106548 0.836626
vt 0.106548 0.815385
vt 0.106556 0.813136
vt 0.106556 0.836626
vt 0.579347 0.891806
vt 0.579366 0.840096
vt 0.579347 0.840096
vt 0.590476 0.865667
vt 0.590490 0.837068
vt 0.590476 0.837068
vt 0.579295 0.891806
vt 0.579320 0.840096
vt 0.579295 0.840096
vt 0.590504 0.865667
vt 0.590518 0.837068
vt 0.590504 0.837068
vt 0.579346 0.891806
vt 0.579351 0.840096
vt 0.579346 0.840096
vt 0.579351 0.891806
vt 0.579320 0.891806
vt 0.579326 0.840096
vt 0.579326 0.891806
vt 0.579321 0.840096
vt 0.579295 0.891806
vt 0.579300 0.840096
vt 0.579295 0.840096
vt 0.579300 0.891806
vt 0.579269 0.840096
vt 0.579274 0.891806
vt 0.579274 0.840096
vt 0.579270 0.840096
vt 0.579250 0.891806
vt 0.579250 0.840096
vt 0.106547 0.816372
vt 0.106555 0.835684
vt 0.106547 0.814468
vt 0.106555 0.816416
vt 0.106547 0.835557
vt 0.106547 0.837797
vt 0.106548 0.814468
vt 0.106556 0.835684
vt 0.106555 0.837735
vt 0.106548 0.816372
vt 0.106556 0.837735
vt 0.106556 0.814220
vt 0.106548 0.835557
vt 0.106548 0.837797
vt 0.106548 0.813136
vt 0.106576 0.813136
vt 0.106556 0.813136
vt 0.106583 0.813136
vt 0.106577 0.813136
vt 0.106575 0.813136
vt 0.106550 0.813136
vt 0.106584 0.814216
vt 0.106584 0.813136
vt 0.106557 0.814216
vt 0.106557 0.813136
vt 0.106548 0.814216
vt 0.106575 0.814216
vt 0.579747 0.840707
vt 0.579568 0.840707
vt 0.579684 0.840707
vt 0.590568 0.837406
vt 0.590548 0.837406
vt 0.590504 0.837406
vt 0.579518 0.840707
vt 0.579483 0.840707
vt 0.579403 0.840707
vt 0.590704 0.837406
vt 0.590595 0.837406
vt 0.590659 0.837406
vt 0.579682 0.840707
vt 0.579567 0.841342
vt 0.579566 0.840707
vt 0.579683 0.841342
vt 0.579599 0.840707
vt 0.579484 0.841342
vt 0.579601 0.840707
vt 0.579600 0.841342
vt 0.579516 0.840707
vt 0.579402 0.841342
vt 0.579401 0.840707
vt 0.579517 0.841342
vt 0.579434 0.840707
vt 0.579319 0.841342
vt 0.579318 0.840707
vt 0.579436 0.840707
vt 0.579435 0.841342
vt 0.579254 0.840707
vt 0.579370 0.840707
vt 0.106586 0.839575
vt 0.106556 0.839575
vt 0.106555 0.839575
vt 0.106546 0.839575
vt 0.106578 0.839575
vt 0.106547 0.839575
vt 0.106583 0.839575
vt 0.106557 0.839575
vt 0.106587 0.839575
vt 0.106577 0.839575
vt 0.106555 0.838875
vt 0.106578 0.838875
vt 0.106549 0.838875
vt 0.106549 0.839575
vt 0.106547 0.838875
vt 0.106583 0.838875
vt 0.106575 0.839575
vt 0.590677 0.866543
vt 0.590708 0.866543
vt 0.590641 0.866543
vt 0.590546 0.866543
vt 0.590568 0.866543
vt 0.590500 0.866543
vt 0.590593 0.866543
vt 0.590615 0.866543
vt 0.590547 0.866543
vt 0.579483 0.893390
vt 0.579688 0.893390
vt 0.579605 0.893390
vt 0.579567 0.892740
vt 0.579566 0.893390
vt 0.579690 0.893390
vt 0.579689 0.892740
vt 0.579482 0.892740
vt 0.579603 0.893390
vt 0.579481 0.893390
vt 0.579604 0.892740
vt 0.579398 0.892740
vt 0.579519 0.893390
vt 0.579397 0.893390
vt 0.579521 0.893390
vt 0.579520 0.892740
vt 0.579312 0.893390
vt 0.579435 0.892740
vt 0.579434 0.893390
vt 0.579313 0.892740
vt 0.579436 0.893390
vt 0.579247 0.893390
vt 0.579369 0.893390
vt 0.106548 0.839217
vt 0.106585 0.839217
vt 0.106584 0.839217
vt 0.106577 0.839175
vt 0.106556 0.839175
vt 0.106575 0.839175
vt 0.106585 0.838875
vt 0.106549 0.839217
vt 0.106549 0.838875
vt 0.106548 0.838875
vt 0.106584 0.838875
vt 0.106556 0.838875
vt 0.106558 0.838875
vt 0.106558 0.839175
vt 0.106617 0.836626
vt 0.106585 0.838875
vt 0.106585 0.836626
vt 0.106585 0.813136
vt 0.106617 0.815385
vt 0.106585 0.815385
vt 0.106615 0.815385
vt 0.106615 0.836626
vt 0.106587 0.815385
vt 0.106587 0.836626
vt 0.106617 0.838875
vt 0.106617 0.813136
vt 0.590974 0.837068
vt 0.590936 0.865667
vt 0.590936 0.837068
vt 0.590838 0.837068
vt 0.590790 0.865667
vt 0.590790 0.837068
vt 0.580012 0.840096
vt 0.579926 0.891806
vt 0.579926 0.840096
vt 0.580100 0.840096
vt 0.580014 0.891806
vt 0.580014 0.840096
vt 0.580101 0.840096
vt 0.580100 0.891806
vt 0.580102 0.840096
vt 0.580101 0.891806
vt 0.580013 0.840096
vt 0.580012 0.891806
vt 0.580013 0.891806
vt 0.579925 0.840096
vt 0.579924 0.891806
vt 0.579924 0.840096
vt 0.579925 0.891806
vt 0.579836 0.840096
vt 0.579835 0.891806
vt 0.579835 0.840096
vt 0.579837 0.840096
vt 0.579836 0.891806
vt 0.579767 0.891806
vt 0.579767 0.840096
vt 0.106588 0.814220
vt 0.106614 0.837797
vt 0.106586 0.815720
vt 0.106588 0.837797
vt 0.106614 0.814220
vt 0.106616 0.815720
vt 0.106616 0.836297
vt 0.106586 0.836297
vt 0.580102 0.891806
vt 0.580171 0.840096
vt 0.590887 0.865667
vt 0.590935 0.837068
vt 0.590887 0.837068
vt 0.106616 0.836626
vt 0.106616 0.813136
vt 0.106616 0.815385
vt 0.580171 0.891806
vt 0.590974 0.865667
vt 0.580166 0.840096
vt 0.580166 0.891806
vt 0.106617 0.816372
vt 0.106617 0.835684
vt 0.106617 0.837735
vt 0.106617 0.816416
vt 0.106617 0.835557
vt 0.106617 0.814220
vt 0.106616 0.835684
vt 0.106617 0.814468
vt 0.106616 0.814468
vt 0.106616 0.837735
vt 0.106616 0.814220
vt 0.106617 0.837797
vt 0.106616 0.816416
vt 0.106616 0.837797
vt 0.106586 0.838875
vt 0.106586 0.836626
vt 0.106586 0.813136
vt 0.106586 0.815385
vt 0.590751 0.865667
vt 0.590751 0.837068
vt 0.579773 0.840096
vt 0.579773 0.891806
vt 0.106585 0.816372
vt 0.106585 0.835684
vt 0.106585 0.814468
vt 0.106585 0.816416
vt 0.106585 0.835557
vt 0.106585 0.837797
vt 0.106586 0.835684
vt 0.106586 0.814468
vt 0.106585 0.837735
vt 0.106586 0.816372
vt 0.106586 0.837735
vt 0.106586 0.814220
vt 0.106586 0.835557
vt 0.106586 0.837797
vt 0.106614 0.813136
vt 0.106588 0.813136
vt 0.106586 0.814216
vt 0.106588 0.814216
vt 0.106614 0.814216
vt 0.580099 0.840707
vt 0.580166 0.840707
vt 0.590838 0.837406
vt 0.590791 0.837406
vt 0.579927 0.840707
vt 0.580011 0.840707
vt 0.590934 0.837406
vt 0.590887 0.837406
vt 0.580098 0.841342
vt 0.580097 0.840707
vt 0.580012 0.841342
vt 0.580013 0.840707
vt 0.579926 0.841342
vt 0.579925 0.840707
vt 0.579839 0.841342
vt 0.579838 0.840707
vt 0.579840 0.840707
vt 0.579772 0.840707
vt 0.106617 0.839575
vt 0.106585 0.839575
vt 0.106615 0.839575
vt 0.106587 0.839575
vt 0.106587 0.838875
vt 0.106615 0.838875
vt 0.580102 0.893390
vt 0.580171 0.893390
vt 0.590790 0.866543
vt 0.590838 0.866543
vt 0.580012 0.893390
vt 0.579926 0.893390
vt 0.590887 0.866543
vt 0.590935 0.866543
vt 0.580101 0.892740
vt 0.580100 0.893390
vt 0.580013 0.892740
vt 0.580014 0.893390
vt 0.579925 0.892740
vt 0.579924 0.893390
vt 0.579836 0.892740
vt 0.579835 0.893390
vt 0.579837 0.893390
vt 0.579767 0.893390
vt 0.106586 0.839217
vt 0.106616 0.839217
vt 0.106614 0.839217
vt 0.106616 0.839175
vt 0.106586 0.839175
vt 0.106614 0.839175
vt 0.106616 0.838875
vt 0.106588 0.839217
vt 0.106588 0.838875
vt 0.106586 0.838875
vt 0.106614 0.838875
vt 0.106588 0.839175
vt 0.106654 0.836626
vt 0.106622 0.838875
vt 0.106622 0.836626
vt 0.106654 0.813136
vt 0.106622 0.815385
vt 0.106622 0.813136
vt 0.106652 0.836626
vt 0.106654 0.815385
vt 0.106625 0.815385
vt 0.106625 0.836626
vt 0.106654 0.836626
vt 0.106654 0.838875
vt 0.106622 0.838875
vt 0.106622 0.813136
vt 0.106622 0.836626
vt 0.106622 0.815385
vt 0.106624 0.815385
vt 0.106654 0.813136
vt 0.106652 0.836626
vt 0.106652 0.815385
vt 0.106654 0.815385
vt 0.591252 0.837068
vt 0.591214 0.865667
vt 0.591214 0.837068
vt 0.580427 0.840096
vt 0.580341 0.891806
vt 0.580341 0.840096
vt 0.591165 0.837068
vt 0.591117 0.865667
vt 0.591117 0.837068
vt 0.580603 0.840096
vt 0.580517 0.891806
vt 0.580517 0.840096
vt 0.580604 0.840096
vt 0.580603 0.891806
vt 0.580605 0.840096
vt 0.580604 0.891806
vt 0.580516 0.840096
vt 0.580515 0.891806
vt 0.580515 0.840096
vt 0.580516 0.891806
vt 0.580428 0.840096
vt 0.580427 0.891806
vt 0.580429 0.840096
vt 0.580428 0.891806
vt 0.580339 0.840096
vt 0.580339 0.891806
vt 0.580339 0.840096
vt 0.580339 0.891806
vt 0.591067 0.837068
vt 0.591029 0.865667
vt 0.591029 0.837068
vt 0.106625 0.814220
vt 0.106652 0.837797
vt 0.106623 0.815720
vt 0.106625 0.837797
vt 0.106652 0.814220
vt 0.106653 0.815720
vt 0.106653 0.836297
vt 0.106625 0.814220
vt 0.106623 0.815720
vt 0.106652 0.837797
vt 0.106623 0.836297
vt 0.106623 0.836297
vt 0.106625 0.837797
vt 0.106620 0.838875
vt 0.106653 0.836626
vt 0.106620 0.836626
vt 0.106620 0.813136
vt 0.106653 0.815385
vt 0.106653 0.813136
vt 0.106650 0.815385
vt 0.106650 0.836626
vt 0.106623 0.836626
vt 0.106620 0.815385
vt 0.106653 0.838875
vt 0.106653 0.836626
vt 0.106620 0.838875
vt 0.106620 0.813136
vt 0.106620 0.836626
vt 0.106620 0.815385
vt 0.106653 0.815385
vt 0.106623 0.815385
vt 0.106623 0.815385
vt 0.106653 0.813136
vt 0.106650 0.836626
vt 0.580584 0.891806
vt 0.580653 0.840096
vt 0.580584 0.840096
vt 0.591056 0.865667
vt 0.591104 0.837068
vt 0.591056 0.837068
vt 0.580408 0.891806
vt 0.580494 0.840096
vt 0.580408 0.840096
vt 0.591154 0.865667
vt 0.591202 0.837068
vt 0.591154 0.837068
vt 0.580582 0.891806
vt 0.580584 0.840096
vt 0.580582 0.840096
vt 0.580584 0.891806
vt 0.580494 0.891806
vt 0.580495 0.840096
vt 0.580495 0.891806
vt 0.580496 0.840096
vt 0.580406 0.891806
vt 0.580407 0.840096
vt 0.580406 0.840096
vt 0.580407 0.891806
vt 0.580318 0.891806
vt 0.580319 0.840096
vt 0.580318 0.840096
vt 0.580319 0.891806
vt 0.580320 0.840096
vt 0.580250 0.891806
vt 0.580250 0.840096
vt 0.106650 0.837797
vt 0.106623 0.814220
vt 0.106621 0.815720
vt 0.106652 0.815720
vt 0.106621 0.836297
vt 0.106623 0.837797
vt 0.106652 0.836297
vt 0.106623 0.814220
vt 0.106650 0.837797
vt 0.106621 0.815720
vt 0.106650 0.814220
vt 0.106621 0.836297
vt 0.106652 0.815720
vt 0.106654 0.838875
vt 0.106653 0.815385
vt 0.106653 0.836626
vt 0.106654 0.836626
vt 0.106651 0.836626
vt 0.106653 0.838875
vt 0.106653 0.838875
vt 0.106651 0.813136
vt 0.106653 0.836626
vt 0.106651 0.815385
vt 0.106654 0.815385
vt 0.106653 0.815385
vt 0.106651 0.836626
vt 0.591241 0.837068
vt 0.591243 0.865667
vt 0.591243 0.837068
vt 0.591248 0.837068
vt 0.591250 0.865667
vt 0.591250 0.837068
vt 0.591245 0.837068
vt 0.591248 0.865667
vt 0.591248 0.837068
vt 0.580656 0.840096
vt 0.580661 0.891806
vt 0.580661 0.840096
vt 0.580651 0.840096
vt 0.580656 0.891806
vt 0.580656 0.840096
vt 0.580651 0.891806
vt 0.580656 0.840096
vt 0.580661 0.891806
vt 0.580661 0.840096
vt 0.580656 0.891806
vt 0.580660 0.840096
vt 0.580665 0.891806
vt 0.580665 0.840096
vt 0.580665 0.840096
vt 0.580660 0.891806
vt 0.580665 0.840096
vt 0.580670 0.891806
vt 0.580670 0.840096
vt 0.580670 0.840096
vt 0.580665 0.891806
vt 0.580673 0.891806
vt 0.580673 0.840096
vt 0.106654 0.816372
vt 0.106652 0.835684
vt 0.106652 0.837735
vt 0.106652 0.816416
vt 0.106654 0.835557
vt 0.106652 0.814220
vt 0.106651 0.835684
vt 0.106654 0.814468
vt 0.106653 0.814468
vt 0.106651 0.837735
vt 0.106651 0.814220
vt 0.106654 0.837797
vt 0.106651 0.816416
vt 0.106653 0.837797
vt 0.106620 0.836626
vt 0.106620 0.815385
vt 0.106622 0.836626
vt 0.106622 0.838875
vt 0.106622 0.836626
vt 0.106623 0.838875
vt 0.106623 0.813136
vt 0.106623 0.836626
vt 0.106623 0.815385
vt 0.106622 0.815385
vt 0.106623 0.815385
vt 0.106622 0.815385
vt 0.106622 0.813136
vt 0.106622 0.836626
vt 0.580253 0.891806
vt 0.580250 0.840096
vt 0.580253 0.840096
vt 0.580267 0.891806
vt 0.580262 0.840096
vt 0.580267 0.840096
vt 0.580262 0.891806
vt 0.580258 0.840096
vt 0.580262 0.840096
vt 0.580258 0.891806
vt 0.580253 0.840096
vt 0.580258 0.840096
vt 0.580253 0.891806
vt 0.580258 0.840096
vt 0.580258 0.891806
vt 0.580258 0.891806
vt 0.580263 0.840096
vt 0.580263 0.891806
vt 0.580262 0.891806
vt 0.580268 0.840096
vt 0.580268 0.891806
vt 0.580267 0.891806
vt 0.580272 0.840096
vt 0.580267 0.840096
vt 0.580272 0.891806
vt 0.580270 0.891806
vt 0.580270 0.840096
vt 0.106622 0.816372
vt 0.106621 0.835684
vt 0.106622 0.814468
vt 0.106621 0.816416
vt 0.106622 0.835557
vt 0.106622 0.837797
vt 0.106623 0.814468
vt 0.106622 0.835684
vt 0.106621 0.837735
vt 0.106623 0.816372
vt 0.106622 0.837735
vt 0.106621 0.814220
vt 0.106623 0.835557
vt 0.106623 0.837797
vt 0.106623 0.813136
vt 0.106653 0.813136
vt 0.106622 0.813136
vt 0.106651 0.813136
vt 0.106651 0.813136
vt 0.106653 0.813136
vt 0.106623 0.813136
vt 0.106625 0.813136
vt 0.106622 0.814216
vt 0.106623 0.814216
vt 0.106623 0.814216
vt 0.106651 0.814216
vt 0.106650 0.813136
vt 0.591201 0.837406
vt 0.591250 0.837406
vt 0.591213 0.837406
vt 0.580323 0.840707
vt 0.580428 0.840707
vt 0.580343 0.840707
vt 0.591153 0.837406
vt 0.591117 0.837406
vt 0.591106 0.837406
vt 0.580580 0.840707
vt 0.580516 0.840707
vt 0.580495 0.840707
vt 0.580601 0.841342
vt 0.580600 0.840707
vt 0.580582 0.840707
vt 0.580581 0.841342
vt 0.580493 0.840707
vt 0.580515 0.841342
vt 0.580514 0.840707
vt 0.580494 0.841342
vt 0.580408 0.841342
vt 0.580407 0.840707
vt 0.580409 0.840707
vt 0.580429 0.841342
vt 0.580322 0.841342
vt 0.580342 0.840707
vt 0.580321 0.840707
vt 0.580342 0.841342
vt 0.591020 0.837406
vt 0.591069 0.837406
vt 0.591032 0.837406
vt 0.106620 0.839575
vt 0.106653 0.839575
vt 0.106620 0.839575
vt 0.106654 0.839575
vt 0.106622 0.839575
vt 0.106622 0.839575
vt 0.106652 0.839575
vt 0.106653 0.839575
vt 0.106650 0.839575
vt 0.106623 0.839575
vt 0.106620 0.838875
vt 0.106654 0.838875
vt 0.106654 0.839575
vt 0.106624 0.838875
vt 0.106624 0.839575
vt 0.106653 0.838875
vt 0.106650 0.838875
vt 0.580606 0.893390
vt 0.580652 0.893390
vt 0.580584 0.893390
vt 0.580341 0.893390
vt 0.580406 0.893390
vt 0.580319 0.893390
vt 0.591165 0.866543
vt 0.591105 0.866543
vt 0.591117 0.866543
vt 0.591166 0.866543
vt 0.591202 0.866543
vt 0.591154 0.866543
vt 0.580605 0.892740
vt 0.580582 0.893390
vt 0.580604 0.893390
vt 0.580583 0.892740
vt 0.580516 0.893390
vt 0.580495 0.892740
vt 0.580494 0.893390
vt 0.580516 0.892740
vt 0.580496 0.893390
vt 0.580427 0.893390
vt 0.580407 0.892740
vt 0.580429 0.893390
vt 0.580428 0.892740
vt 0.580340 0.892740
vt 0.580317 0.893390
vt 0.580339 0.893390
vt 0.580318 0.892740
vt 0.591067 0.866543
vt 0.591018 0.866543
vt 0.591030 0.866543
vt 0.106623 0.839217
vt 0.106652 0.839217
vt 0.106650 0.839217
vt 0.106653 0.839175
vt 0.106621 0.839175
vt 0.106652 0.839175
vt 0.106652 0.838875
vt 0.106625 0.839217
vt 0.106625 0.838875
vt 0.106623 0.838875
vt 0.106650 0.838875
vt 0.106621 0.838875
vt 0.106623 0.838875
vt 0.106623 0.839175
vt 0.106634 0.836626
vt 0.106601 0.838875
vt 0.106601 0.836626
vt 0.106634 0.813136
vt 0.106601 0.815385
vt 0.106601 0.813136
vt 0.106631 0.836626
vt 0.106634 0.815385
vt 0.106604 0.815385
vt 0.106604 0.836626
vt 0.106634 0.836626
vt 0.106634 0.838875
vt 0.106601 0.838875
vt 0.106601 0.813136
vt 0.106601 0.836626
vt 0.106601 0.815385
vt 0.106604 0.815385
vt 0.106634 0.813136
vt 0.106631 0.836626
vt 0.106631 0.815385
vt 0.106634 0.815385
vt 0.580398 0.840096
vt 0.580330 0.891806
vt 0.580330 0.840096
vt 0.580151 0.840096
vt 0.580065 0.891806
vt 0.580065 0.840096
vt 0.580239 0.840096
vt 0.580153 0.891806
vt 0.580153 0.840096
vt 0.580328 0.840096
vt 0.580241 0.891806
vt 0.580241 0.840096
vt 0.580328 0.840096
vt 0.580328 0.891806
vt 0.580328 0.891806
vt 0.580240 0.840096
vt 0.580239 0.891806
vt 0.580240 0.891806
vt 0.580152 0.840096
vt 0.580151 0.891806
vt 0.580152 0.891806
vt 0.580064 0.840096
vt 0.580063 0.891806
vt 0.580063 0.840096
vt 0.580064 0.891806
vt 0.579995 0.891806
vt 0.579995 0.840096
vt 0.106604 0.814220
vt 0.106631 0.837797
vt 0.106603 0.815720
vt 0.106604 0.837797
vt 0.106631 0.814220
vt 0.106633 0.815720
vt 0.106633 0.836297
vt 0.106604 0.814220
vt 0.106602 0.815720
vt 0.106631 0.837797
vt 0.106602 0.836297
vt 0.106603 0.836297
vt 0.106604 0.837797
vt 0.106600 0.838875
vt 0.106632 0.836626
vt 0.106600 0.836626
vt 0.106600 0.813136
vt 0.106632 0.815385
vt 0.106632 0.813136
vt 0.106630 0.815385
vt 0.106630 0.836626
vt 0.106602 0.836626
vt 0.106600 0.815385
vt 0.106632 0.838875
vt 0.106632 0.836626
vt 0.106600 0.838875
vt 0.106600 0.813136
vt 0.106600 0.836626
vt 0.106600 0.815385
vt 0.106632 0.815385
vt 0.106603 0.815385
vt 0.106602 0.815385
vt 0.106632 0.813136
vt 0.106630 0.836626
vt 0.591050 0.865667
vt 0.591088 0.837068
vt 0.591050 0.837068
vt 0.580044 0.891806
vt 0.580130 0.840096
vt 0.580044 0.840096
vt 0.590953 0.865667
vt 0.591000 0.837068
vt 0.590953 0.837068
vt 0.580220 0.891806
vt 0.580306 0.840096
vt 0.580220 0.840096
vt 0.580306 0.891806
vt 0.580308 0.840096
vt 0.580308 0.891806
vt 0.580308 0.840096
vt 0.580218 0.891806
vt 0.580219 0.840096
vt 0.580218 0.840096
vt 0.580219 0.891806
vt 0.580130 0.891806
vt 0.580131 0.840096
vt 0.580131 0.891806
vt 0.580132 0.840096
vt 0.580042 0.891806
vt 0.580043 0.840096
vt 0.580042 0.840096
vt 0.580043 0.891806
vt 0.590865 0.865667
vt 0.590903 0.837068
vt 0.590865 0.837068
vt 0.106630 0.837797
vt 0.106603 0.814220
vt 0.106601 0.815720
vt 0.106631 0.815720
vt 0.106601 0.836297
vt 0.106603 0.837797
vt 0.106631 0.836297
vt 0.106603 0.814220
vt 0.106630 0.837797
vt 0.106601 0.815720
vt 0.106630 0.814220
vt 0.106601 0.836297
vt 0.106631 0.815720
vt 0.106634 0.838875
vt 0.106633 0.815385
vt 0.106633 0.836626
vt 0.106634 0.836626
vt 0.106631 0.836626
vt 0.106632 0.838875
vt 0.106633 0.838875
vt 0.106631 0.813136
vt 0.106633 0.836626
vt 0.106631 0.815385
vt 0.106633 0.815385
vt 0.106634 0.815385
vt 0.106633 0.815385
vt 0.106631 0.836626
vt 0.591088 0.837068
vt 0.591090 0.865667
vt 0.591090 0.837068
vt 0.591095 0.837068
vt 0.591098 0.865667
vt 0.591098 0.837068
vt 0.580385 0.840096
vt 0.580389 0.891806
vt 0.580389 0.840096
vt 0.580380 0.840096
vt 0.580385 0.891806
vt 0.580385 0.840096
vt 0.580375 0.840096
vt 0.580380 0.891806
vt 0.580380 0.840096
vt 0.580375 0.891806
vt 0.580380 0.840096
vt 0.580385 0.891806
vt 0.580380 0.891806
vt 0.580384 0.840096
vt 0.580390 0.891806
vt 0.580390 0.840096
vt 0.580384 0.891806
vt 0.580389 0.840096
vt 0.580394 0.891806
vt 0.580394 0.840096
vt 0.580394 0.840096
vt 0.580389 0.891806
vt 0.580398 0.891806
vt 0.580398 0.840096
vt 0.106633 0.816372
vt 0.106632 0.835684
vt 0.106632 0.837735
vt 0.106632 0.816416
vt 0.106633 0.835557
vt 0.106632 0.814220
vt 0.106631 0.835684
vt 0.106633 0.814468
vt 0.106632 0.814468
vt 0.106631 0.837735
vt 0.106631 0.814220
vt 0.106633 0.837797
vt 0.106631 0.816416
vt 0.106632 0.837797
vt 0.106600 0.815385
vt 0.106600 0.836626
vt 0.106601 0.836626
vt 0.106601 0.838875
vt 0.106601 0.836626
vt 0.106603 0.838875
vt 0.106603 0.813136
vt 0.106603 0.836626
vt 0.106603 0.815385
vt 0.106601 0.815385
vt 0.106603 0.815385
vt 0.106601 0.815385
vt 0.106601 0.813136
vt 0.106601 0.836626
vt 0.579977 0.891806
vt 0.579974 0.840096
vt 0.579977 0.840096
vt 0.579991 0.891806
vt 0.579987 0.840096
vt 0.579991 0.840096
vt 0.579987 0.891806
vt 0.579982 0.840096
vt 0.579987 0.840096
vt 0.579982 0.891806
vt 0.579977 0.840096
vt 0.579982 0.840096
vt 0.579977 0.891806
vt 0.579983 0.840096
vt 0.579983 0.891806
vt 0.579982 0.891806
vt 0.579987 0.840096
vt 0.579987 0.891806
vt 0.579987 0.891806
vt 0.579992 0.840096
vt 0.579992 0.891806
vt 0.579991 0.891806
vt 0.579996 0.840096
vt 0.579991 0.840096
vt 0.579996 0.891806
vt 0.579995 0.891806
vt 0.579995 0.840096
vt 0.106602 0.816372
vt 0.106600 0.835684
vt 0.106602 0.814468
vt 0.106600 0.816416
vt 0.106602 0.835557
vt 0.106602 0.837797
vt 0.106601 0.835684
vt 0.106603 0.814468
vt 0.106600 0.837735
vt 0.106603 0.816372
vt 0.106601 0.837735
vt 0.106601 0.814220
vt 0.106603 0.835557
vt 0.106603 0.837797
vt 0.106603 0.813136
vt 0.106633 0.813136
vt 0.106601 0.813136
vt 0.106631 0.813136
vt 0.106631 0.813136
vt 0.106632 0.813136
vt 0.106603 0.813136
vt 0.106604 0.813136
vt 0.106601 0.814216
vt 0.106603 0.814216
vt 0.106603 0.814216
vt 0.106631 0.814216
vt 0.106630 0.813136
vt 0.591086 0.837406
vt 0.591060 0.837406
vt 0.591049 0.837406
vt 0.580047 0.840707
vt 0.580152 0.840707
vt 0.580068 0.840707
vt 0.590953 0.837406
vt 0.591011 0.837406
vt 0.590965 0.837406
vt 0.580304 0.840707
vt 0.580240 0.840707
vt 0.580219 0.840707
vt 0.580325 0.841342
vt 0.580324 0.840707
vt 0.580306 0.840707
vt 0.580305 0.841342
vt 0.580217 0.840707
vt 0.580239 0.841342
vt 0.580238 0.840707
vt 0.580218 0.841342
vt 0.580132 0.841342
vt 0.580131 0.840707
vt 0.580133 0.840707
vt 0.580153 0.841342
vt 0.580046 0.841342
vt 0.580066 0.840707
vt 0.580045 0.840707
vt 0.580067 0.841342
vt 0.590905 0.837406
vt 0.590879 0.837406
vt 0.590868 0.837406
vt 0.106600 0.839575
vt 0.106632 0.839575
vt 0.106600 0.839575
vt 0.106634 0.839575
vt 0.106601 0.839575
vt 0.106601 0.839575
vt 0.106631 0.839575
vt 0.106632 0.839575
vt 0.106630 0.839575
vt 0.106603 0.839575
vt 0.106600 0.838875
vt 0.106634 0.838875
vt 0.106634 0.839575
vt 0.106604 0.838875
vt 0.106604 0.839575
vt 0.106632 0.838875
vt 0.106630 0.838875
vt 0.580398 0.893390
vt 0.580308 0.893390
vt 0.580330 0.893390
vt 0.580065 0.893390
vt 0.580130 0.893390
vt 0.580043 0.893390
vt 0.591012 0.866543
vt 0.590952 0.866543
vt 0.590964 0.866543
vt 0.591013 0.866543
vt 0.591049 0.866543
vt 0.591001 0.866543
vt 0.580329 0.892740
vt 0.580306 0.893390
vt 0.580328 0.893390
vt 0.580307 0.892740
vt 0.580240 0.893390
vt 0.580219 0.892740
vt 0.580218 0.893390
vt 0.580242 0.893390
vt 0.580241 0.892740
vt 0.580152 0.892740
vt 0.580151 0.893390
vt 0.580132 0.893390
vt 0.580131 0.892740
vt 0.580064 0.892740
vt 0.580041 0.893390
vt 0.580063 0.893390
vt 0.580042 0.892740
vt 0.590915 0.866543
vt 0.590865 0.866543
vt 0.590877 0.866543
vt 0.106602 0.839217
vt 0.106632 0.839217
vt 0.106630 0.839217
vt 0.106633 0.839175
vt 0.106601 0.839175
vt 0.106631 0.839175
vt 0.106632 0.838875
vt 0.106604 0.839217
vt 0.106604 0.838875
vt 0.106602 0.838875
vt 0.106630 0.838875
vt 0.106601 0.838875
vt 0.106603 0.838875
vt 0.106603 0.839175
vt 0.106627 0.863065
vt 0.106607 0.865315
vt 0.106607 0.863065
vt 0.106627 0.839575
vt 0.106607 0.841825
vt 0.106607 0.839575
vt 0.106625 0.841825
vt 0.106625 0.863065
vt 0.106609 0.863065
vt 0.106626 0.863065
vt 0.106627 0.865315
vt 0.106606 0.865315
vt 0.106606 0.839575
vt 0.106606 0.863065
vt 0.106627 0.841825
vt 0.106606 0.841825
vt 0.106608 0.841825
vt 0.106609 0.841825
vt 0.106626 0.839575
vt 0.106624 0.863065
vt 0.106626 0.841825
vt 0.591041 0.868310
vt 0.591019 0.896908
vt 0.591019 0.868310
vt 0.580144 0.896585
vt 0.580093 0.948294
vt 0.580093 0.896585
vt 0.590989 0.868310
vt 0.590960 0.896908
vt 0.590960 0.868310
vt 0.580250 0.896585
vt 0.580198 0.948294
vt 0.580198 0.896585
vt 0.580247 0.896585
vt 0.580250 0.948294
vt 0.580251 0.896585
vt 0.580247 0.948294
vt 0.580194 0.896585
vt 0.580197 0.948294
vt 0.580197 0.896585
vt 0.580194 0.948294
vt 0.580141 0.896585
vt 0.580144 0.948294
vt 0.580146 0.896585
vt 0.580141 0.948294
vt 0.580088 0.896585
vt 0.580092 0.948294
vt 0.580092 0.896585
vt 0.580088 0.948294
vt 0.590930 0.868310
vt 0.590908 0.896908
vt 0.590908 0.868310
vt 0.106609 0.840660
vt 0.106625 0.864237
vt 0.106608 0.842160
vt 0.106626 0.842160
vt 0.106607 0.862736
vt 0.106625 0.840660
vt 0.106625 0.862736
vt 0.106608 0.840660
vt 0.106607 0.842160
vt 0.106624 0.864237
vt 0.106607 0.862736
vt 0.106608 0.864237
vt 0.106609 0.864237
vt 0.106581 0.865315
vt 0.106600 0.863065
vt 0.106581 0.863065
vt 0.106581 0.839575
vt 0.106600 0.841825
vt 0.106600 0.839575
vt 0.106599 0.841825
vt 0.106599 0.863065
vt 0.106582 0.841825
vt 0.106581 0.841825
vt 0.106600 0.865315
vt 0.106601 0.863065
vt 0.106582 0.865315
vt 0.106582 0.839575
vt 0.106582 0.863065
vt 0.106582 0.841825
vt 0.106601 0.841825
vt 0.106582 0.863065
vt 0.106584 0.841825
vt 0.106601 0.839575
vt 0.106600 0.863065
vt 0.579924 0.948294
vt 0.579965 0.896585
vt 0.579924 0.896585
vt 0.590750 0.896908
vt 0.590778 0.868310
vt 0.590750 0.868310
vt 0.579818 0.948294
vt 0.579870 0.896585
vt 0.579818 0.896585
vt 0.590808 0.896908
vt 0.590837 0.868310
vt 0.590808 0.868310
vt 0.579922 0.948294
vt 0.579927 0.896585
vt 0.579922 0.896585
vt 0.579927 0.948294
vt 0.579870 0.948294
vt 0.579874 0.896585
vt 0.579874 0.948294
vt 0.579871 0.896585
vt 0.579817 0.948294
vt 0.579822 0.896585
vt 0.579817 0.896585
vt 0.579822 0.948294
vt 0.579764 0.948294
vt 0.579769 0.896585
vt 0.579764 0.896585
vt 0.579769 0.948294
vt 0.579765 0.896585
vt 0.579723 0.948294
vt 0.579723 0.896585
vt 0.106582 0.842160
vt 0.106600 0.862736
vt 0.106583 0.840660
vt 0.106600 0.842160
vt 0.106582 0.862736
vt 0.106583 0.864237
vt 0.106601 0.862736
vt 0.106584 0.840660
vt 0.106600 0.864237
vt 0.106583 0.842160
vt 0.106600 0.840660
vt 0.106583 0.862736
vt 0.106601 0.842160
vt 0.106626 0.865315
vt 0.106603 0.841825
vt 0.106603 0.863065
vt 0.106624 0.863065
vt 0.106601 0.863065
vt 0.106601 0.865315
vt 0.106625 0.865315
vt 0.106601 0.839575
vt 0.106625 0.863065
vt 0.106601 0.841825
vt 0.106624 0.841825
vt 0.106624 0.841825
vt 0.106625 0.841825
vt 0.106602 0.863065
vt 0.590862 0.868310
vt 0.590892 0.896908
vt 0.590892 0.868310
vt 0.590971 0.868310
vt 0.591009 0.896908
vt 0.591009 0.868310
vt 0.580094 0.896585
vt 0.580163 0.948294
vt 0.580163 0.896585
vt 0.590892 0.868310
vt 0.590931 0.896908
vt 0.590931 0.868310
vt 0.580019 0.896585
vt 0.580023 0.948294
vt 0.580023 0.896585
vt 0.580021 0.896585
vt 0.580019 0.948294
vt 0.580090 0.896585
vt 0.580094 0.948294
vt 0.580092 0.896585
vt 0.580090 0.948294
vt 0.580161 0.896585
vt 0.580165 0.948294
vt 0.580165 0.896585
vt 0.580161 0.948294
vt 0.580232 0.896585
vt 0.580235 0.948294
vt 0.580235 0.896585
vt 0.580234 0.896585
vt 0.580232 0.948294
vt 0.580288 0.948294
vt 0.580288 0.896585
vt 0.106625 0.842812
vt 0.106602 0.862124
vt 0.106602 0.864174
vt 0.106602 0.842856
vt 0.106625 0.861997
vt 0.106602 0.840660
vt 0.106623 0.840908
vt 0.106624 0.840908
vt 0.106624 0.842812
vt 0.106602 0.864174
vt 0.106602 0.840660
vt 0.106623 0.864237
vt 0.106624 0.864237
vt 0.106583 0.841825
vt 0.106583 0.863065
vt 0.106605 0.863065
vt 0.106583 0.865315
vt 0.106583 0.863065
vt 0.106607 0.865315
vt 0.106607 0.839575
vt 0.106607 0.863065
vt 0.106607 0.841825
vt 0.106583 0.841825
vt 0.106606 0.841825
vt 0.106605 0.841825
vt 0.106583 0.839575
vt 0.106584 0.863065
vt 0.579780 0.948294
vt 0.579727 0.896585
vt 0.579780 0.896585
vt 0.590876 0.896908
vt 0.590837 0.868310
vt 0.590876 0.868310
vt 0.579922 0.948294
vt 0.579853 0.896585
vt 0.579922 0.896585
vt 0.590797 0.896908
vt 0.590759 0.868310
vt 0.590797 0.868310
vt 0.579782 0.948294
vt 0.579784 0.896585
vt 0.579782 0.896585
vt 0.579784 0.948294
vt 0.579853 0.948294
vt 0.579855 0.896585
vt 0.579855 0.948294
vt 0.579851 0.896585
vt 0.579923 0.948294
vt 0.579926 0.896585
vt 0.579923 0.896585
vt 0.579926 0.948294
vt 0.579994 0.948294
vt 0.579997 0.896585
vt 0.579994 0.896585
vt 0.579997 0.948294
vt 0.579993 0.896585
vt 0.580047 0.948294
vt 0.580047 0.896585
vt 0.106606 0.842812
vt 0.106583 0.862124
vt 0.106605 0.840908
vt 0.106583 0.842856
vt 0.106606 0.861997
vt 0.106605 0.864237
vt 0.106583 0.862124
vt 0.106605 0.840908
vt 0.106584 0.864174
vt 0.106606 0.842812
vt 0.106584 0.864174
vt 0.106584 0.840660
vt 0.106606 0.861997
vt 0.106583 0.842856
vt 0.106605 0.839575
vt 0.106625 0.839575
vt 0.106584 0.839575
vt 0.106622 0.839575
vt 0.106602 0.839575
vt 0.106623 0.839575
vt 0.106606 0.839575
vt 0.106602 0.840656
vt 0.106585 0.840656
vt 0.106585 0.839575
vt 0.106605 0.840656
vt 0.106622 0.840656
vt 0.106601 0.839575
vt 0.579926 0.897195
vt 0.580285 0.897195
vt 0.580245 0.897195
vt 0.579771 0.897195
vt 0.580141 0.897195
vt 0.580090 0.897195
vt 0.579873 0.897195
vt 0.580142 0.897195
vt 0.579823 0.897195
vt 0.590838 0.868647
vt 0.590987 0.868647
vt 0.590810 0.868647
vt 0.579925 0.897195
vt 0.580245 0.897830
vt 0.580244 0.897195
vt 0.579925 0.897830
vt 0.580193 0.897830
vt 0.580193 0.897195
vt 0.579874 0.897830
vt 0.580194 0.897195
vt 0.579822 0.897830
vt 0.579822 0.897195
vt 0.580141 0.897830
vt 0.579771 0.897830
vt 0.580089 0.897195
vt 0.579770 0.897195
vt 0.580090 0.897830
vt 0.580049 0.897195
vt 0.579730 0.897195
vt 0.106603 0.866015
vt 0.106581 0.866015
vt 0.106583 0.866015
vt 0.106607 0.866015
vt 0.106624 0.866015
vt 0.106605 0.866015
vt 0.106601 0.866015
vt 0.106585 0.866015
vt 0.106600 0.866015
vt 0.106627 0.866015
vt 0.106605 0.865315
vt 0.106624 0.865315
vt 0.106607 0.865315
vt 0.106607 0.866015
vt 0.106583 0.865315
vt 0.106601 0.865315
vt 0.106623 0.866015
vt 0.580296 0.949878
vt 0.579919 0.949878
vt 0.580256 0.949878
vt 0.590933 0.897785
vt 0.590776 0.897785
vt 0.590747 0.897785
vt 0.580202 0.949878
vt 0.579813 0.949878
vt 0.580150 0.949878
vt 0.590992 0.897785
vt 0.590834 0.897785
vt 0.590805 0.897785
vt 0.580255 0.949228
vt 0.579917 0.949878
vt 0.580254 0.949878
vt 0.579918 0.949228
vt 0.580202 0.949228
vt 0.579865 0.949878
vt 0.579866 0.949878
vt 0.579865 0.949228
vt 0.580149 0.949228
vt 0.579812 0.949878
vt 0.580149 0.949878
vt 0.579812 0.949228
vt 0.580096 0.949228
vt 0.579759 0.949878
vt 0.580096 0.949878
vt 0.579760 0.949878
vt 0.579760 0.949228
vt 0.580055 0.949878
vt 0.579718 0.949878
vt 0.106605 0.865656
vt 0.106602 0.865656
vt 0.106600 0.865656
vt 0.106624 0.865615
vt 0.106584 0.865615
vt 0.106624 0.865615
vt 0.106602 0.865315
vt 0.106608 0.865656
vt 0.106608 0.865315
vt 0.106605 0.865315
vt 0.106600 0.865315
vt 0.106584 0.865315
vt 0.106584 0.865315
vt 0.106584 0.865615
vt 0.106549 0.836626
vt 0.106575 0.815385
vt 0.579635 0.891806
vt 0.590547 0.865667
vt 0.590640 0.865667
vt 0.579485 0.891806
vt 0.579316 0.891806
vt 0.106576 0.836297
vt 0.106575 0.814220
vt 0.106577 0.815720
vt 0.106558 0.836626
vt 0.106584 0.815385
vt 0.579753 0.891806
vt 0.590706 0.865667
vt 0.579603 0.891806
vt 0.590566 0.865667
vt 0.106584 0.814220
vt 0.106558 0.837797
vt 0.106585 0.838875
vt 0.106577 0.836626
vt 0.106585 0.815385
vt 0.579752 0.891806
vt 0.590703 0.865667
vt 0.590732 0.865667
vt 0.579707 0.891806
vt 0.579656 0.891806
vt 0.106585 0.835684
vt 0.106576 0.816372
vt 0.106576 0.835557
vt 0.106585 0.816416
vt 0.106556 0.815385
vt 0.579366 0.891806
vt 0.590490 0.865667
vt 0.590518 0.865667
vt 0.579321 0.891806
vt 0.579269 0.891806
vt 0.579270 0.891806
vt 0.106555 0.814220
vt 0.106556 0.816416
vt 0.106556 0.814216
vt 0.106550 0.814216
vt 0.106577 0.814216
vt 0.106583 0.814216
vt 0.579632 0.840707
vt 0.590612 0.837406
vt 0.590640 0.837406
vt 0.579485 0.840707
vt 0.579320 0.840707
vt 0.106586 0.838875
vt 0.106557 0.838875
vt 0.106575 0.838875
vt 0.590744 0.866543
vt 0.590614 0.866543
vt 0.590660 0.866543
vt 0.579568 0.893390
vt 0.579399 0.893390
vt 0.579314 0.893390
vt 0.106575 0.838875
vt 0.106577 0.838875
vt 0.590838 0.865667
vt 0.579837 0.891806
vt 0.590935 0.865667
vt 0.106616 0.838875
vt 0.106616 0.816372
vt 0.106616 0.835557
vt 0.106585 0.814220
vt 0.106586 0.816416
vt 0.106616 0.814216
vt 0.106624 0.836626
vt 0.106652 0.815385
vt 0.591252 0.865667
vt 0.591165 0.865667
vt 0.580605 0.891806
vt 0.580429 0.891806
vt 0.591067 0.865667
vt 0.106653 0.836297
vt 0.106652 0.814220
vt 0.106653 0.815720
vt 0.106623 0.836626
vt 0.106650 0.815385
vt 0.580653 0.891806
vt 0.591104 0.865667
vt 0.591202 0.865667
vt 0.580496 0.891806
vt 0.580320 0.891806
vt 0.106652 0.836297
vt 0.106650 0.814220
vt 0.106623 0.837797
vt 0.106651 0.838875
vt 0.106651 0.815385
vt 0.591241 0.865667
vt 0.591248 0.865667
vt 0.591245 0.865667
vt 0.580656 0.891806
vt 0.580665 0.891806
vt 0.580670 0.891806
vt 0.106653 0.816372
vt 0.106653 0.835557
vt 0.106623 0.836626
vt 0.106622 0.815385
vt 0.580250 0.891806
vt 0.106622 0.814220
vt 0.106622 0.816416
vt 0.106651 0.814216
vt 0.106625 0.814216
vt 0.106653 0.814216
vt 0.106650 0.814216
vt 0.591238 0.837406
vt 0.591164 0.837406
vt 0.580602 0.840707
vt 0.580430 0.840707
vt 0.591057 0.837406
vt 0.106622 0.838875
vt 0.106623 0.838875
vt 0.106652 0.838875
vt 0.580674 0.893390
vt 0.591153 0.866543
vt 0.591214 0.866543
vt 0.580517 0.893390
vt 0.580407 0.893390
vt 0.591055 0.866543
vt 0.106652 0.838875
vt 0.106653 0.838875
vt 0.106604 0.836626
vt 0.106631 0.815385
vt 0.580398 0.891806
vt 0.106633 0.836297
vt 0.106631 0.814220
vt 0.106633 0.815720
vt 0.106603 0.836626
vt 0.106630 0.815385
vt 0.591088 0.865667
vt 0.591000 0.865667
vt 0.580308 0.891806
vt 0.580132 0.891806
vt 0.590903 0.865667
vt 0.106631 0.836297
vt 0.106630 0.814220
vt 0.106603 0.837797
vt 0.106631 0.838875
vt 0.106633 0.836626
vt 0.106631 0.815385
vt 0.591088 0.865667
vt 0.591095 0.865667
vt 0.580380 0.891806
vt 0.580394 0.891806
vt 0.106633 0.816372
vt 0.106633 0.835557
vt 0.106603 0.836626
vt 0.106601 0.815385
vt 0.579974 0.891806
vt 0.106600 0.814220
vt 0.106601 0.816416
vt 0.106631 0.814216
vt 0.106604 0.814216
vt 0.106632 0.814216
vt 0.106630 0.814216
vt 0.591097 0.837406
vt 0.591000 0.837406
vt 0.580326 0.840707
vt 0.580154 0.840707
vt 0.590916 0.837406
vt 0.106601 0.838875
vt 0.106603 0.838875
vt 0.106631 0.838875
vt 0.580376 0.893390
vt 0.591000 0.866543
vt 0.591061 0.866543
vt 0.580220 0.893390
vt 0.580153 0.893390
vt 0.590903 0.866543
vt 0.106631 0.838875
vt 0.106633 0.838875
vt 0.106608 0.863065
vt 0.106624 0.841825
vt 0.591041 0.896908
vt 0.590989 0.896908
vt 0.580251 0.948294
vt 0.580146 0.948294
vt 0.590930 0.896908
vt 0.106626 0.862736
vt 0.106624 0.840660
vt 0.106625 0.842160
vt 0.106584 0.863065
vt 0.106600 0.841825
vt 0.579965 0.948294
vt 0.590778 0.896908
vt 0.590837 0.896908
vt 0.579871 0.948294
vt 0.579765 0.948294
vt 0.106599 0.864237
vt 0.106599 0.840660
vt 0.106584 0.864237
vt 0.106601 0.865315
vt 0.106624 0.863065
vt 0.106602 0.841825
vt 0.590862 0.896908
vt 0.590971 0.896908
vt 0.590892 0.896908
vt 0.580021 0.948294
vt 0.580092 0.948294
vt 0.580234 0.948294
vt 0.106601 0.862124
vt 0.106624 0.861997
vt 0.106601 0.842856
vt 0.106606 0.863065
vt 0.106584 0.841825
vt 0.579727 0.948294
vt 0.590837 0.896908
vt 0.590759 0.896908
vt 0.579851 0.948294
vt 0.579993 0.948294
vt 0.106584 0.840660
vt 0.106606 0.864237
vt 0.106584 0.840656
vt 0.106606 0.840656
vt 0.106623 0.840656
vt 0.106601 0.840656
vt 0.579966 0.897195
vt 0.591015 0.868647
vt 0.579874 0.897195
vt 0.106603 0.865315
vt 0.106585 0.865315
vt 0.106623 0.865315
vt 0.579960 0.949878
vt 0.590962 0.897785
vt 0.591020 0.897785
vt 0.580203 0.949878
vt 0.580097 0.949878
vt 0.106624 0.865315
vt 0.106624 0.865315
s 0
usemtl Texture_Map
f 2/1/1 314/2/1 1/3/1
f 4/4/1 8/5/1 3/6/1
f 6/7/1 5/8/1 2/1/1
f 8/5/1 9/9/1 1/3/1
f 124/10/2 313/11/2 2/1/2
f 188/12/3 1/3/3 314/2/3
f 190/13/4 4/4/4 3/6/4
f 195/14/3 8/5/3 1/3/3
f 5/8/5 192/15/5 8/5/5
f 17/16/2 9/9/2 10/17/2
f 12/18/2 5/8/2 4/4/2
f 192/15/3 3/6/3 8/5/3
f 195/14/4 2/1/4 1/3/4
f 15/19/3 7/20/3 6/7/3
f 13/21/2 2/1/2 5/8/2
f 19/22/1 31/23/1 28/24/1
f 25/25/1 37/26/1 22/27/1
f 27/28/1 35/29/1 24/30/1
f 29/31/1 33/32/1 26/33/1
f 41/34/6 30/35/6 29/36/6
f 28/24/7 42/37/7 41/34/7
f 40/38/8 32/39/8 27/28/8
f 26/40/7 43/41/7 40/38/7
f 39/42/8 34/43/8 25/44/8
f 24/30/7 44/45/7 39/42/7
f 38/46/8 36/47/8 23/48/8
f 22/49/9 45/50/9 38/46/9
f 23/48/1 20/51/1 18/52/1
f 52/53/1 50/54/1 51/55/1
f 58/56/1 60/57/1 59/58/1
f 49/59/10 52/53/10 47/60/10
f 46/61/11 50/54/11 48/62/11
f 57/63/12 60/57/12 61/64/12
f 59/58/13 56/65/13 58/56/13
f 63/66/14 62/67/14 70/68/14
f 65/69/14 69/70/14 66/71/14
f 62/67/14 68/72/14 67/73/14
f 70/68/14 73/74/14 71/75/14
f 64/76/2 125/77/2 62/67/2
f 70/68/3 189/78/3 63/66/3
f 66/71/4 191/79/4 65/69/4
f 71/75/3 74/80/3 70/68/3
f 69/70/5 75/81/5 130/82/5
f 73/74/2 78/83/2 79/84/2
f 69/70/2 127/85/2 66/71/2
f 71/75/3 191/79/3 75/81/3
f 62/67/4 74/80/4 70/68/4
f 68/72/3 77/86/3 67/73/3
f 62/67/2 130/82/2 69/70/2
f 93/87/14 81/88/14 90/89/14
f 99/90/14 87/91/14 84/92/14
f 97/93/14 89/94/14 86/95/14
f 95/96/14 91/97/14 88/98/14
f 92/99/15 103/100/15 91/101/15
f 104/102/16 90/89/16 103/100/16
f 94/103/15 102/104/15 89/94/15
f 105/105/17 88/106/17 102/104/17
f 96/107/15 101/108/15 87/91/15
f 106/109/17 86/95/17 101/108/17
f 98/110/15 100/111/15 85/112/15
f 107/113/17 84/92/17 100/111/17
f 82/114/14 85/115/14 80/116/14
f 113/117/14 115/118/14 114/119/14
f 121/120/14 123/121/14 120/122/14
f 109/123/10 115/118/10 111/124/10
f 112/125/11 108/126/11 110/127/11
f 122/128/12 119/129/12 123/121/12
f 120/122/13 116/130/13 121/120/13
f 125/77/2 11/131/2 124/10/2
f 127/85/2 13/21/2 12/18/2
f 129/132/2 125/77/2 128/133/2
f 13/21/2 131/134/2 124/10/2
f 133/135/14 126/136/14 125/77/14
f 134/137/1 124/10/1 11/131/1
f 12/18/4 136/138/4 127/85/4
f 141/139/1 13/21/1 124/10/1
f 140/140/5 13/21/5 130/82/5
f 143/141/14 131/134/14 132/142/14
f 136/138/14 130/82/14 127/85/14
f 137/143/1 12/18/1 13/21/1
f 124/10/4 133/135/4 125/77/4
f 139/144/1 129/132/1 128/133/1
f 140/140/14 125/77/14 130/82/14
f 145/145/2 157/146/2 154/147/2
f 151/148/2 163/149/2 148/150/2
f 153/151/2 161/152/2 150/153/2
f 155/154/2 159/155/2 152/156/2
f 167/157/18 156/158/18 155/159/18
f 154/147/19 168/160/19 167/157/19
f 166/161/18 158/162/18 153/151/18
f 152/163/19 169/164/19 166/161/19
f 165/165/18 160/166/18 151/167/18
f 150/153/19 170/168/19 165/165/19
f 164/169/20 162/170/20 149/171/20
f 148/172/19 171/173/19 164/169/19
f 149/171/2 146/174/2 144/175/2
f 177/176/2 179/177/2 176/178/2
f 185/179/2 187/180/2 186/181/2
f 173/182/21 179/177/21 178/183/21
f 174/184/22 177/176/22 176/178/22
f 187/180/23 181/185/23 186/181/23
f 185/179/24 182/186/24 184/187/24
f 188/12/3 74/80/3 195/14/3
f 190/13/3 75/81/3 191/79/3
f 74/80/3 194/188/3 193/189/3
f 196/190/3 192/15/3 195/14/3
f 74/80/14 201/191/14 199/192/14
f 195/14/1 200/193/1 188/12/1
f 191/79/4 254/194/4 190/13/4
f 192/15/1 198/195/1 195/14/1
f 75/81/5 203/196/5 206/197/5
f 197/198/14 207/199/14 208/200/14
f 75/81/14 202/201/14 191/79/14
f 192/15/1 254/194/1 203/196/1
f 74/80/4 198/195/4 195/14/4
f 194/188/1 205/202/1 193/189/1
f 74/80/14 206/197/14 75/81/14
f 222/203/3 210/204/3 219/205/3
f 228/206/3 216/207/3 213/208/3
f 226/209/3 218/210/3 215/211/3
f 224/212/3 220/213/3 217/214/3
f 221/215/25 232/216/25 220/217/25
f 233/218/26 219/205/26 232/216/26
f 223/219/25 231/220/25 218/210/25
f 234/221/26 217/222/26 231/220/26
f 225/223/25 230/224/25 216/225/25
f 235/226/27 215/211/27 230/224/27
f 214/227/25 236/228/25 229/229/25
f 236/228/27 213/230/27 229/229/27
f 211/231/3 214/227/3 209/232/3
f 242/233/3 244/234/3 243/235/3
f 250/236/3 252/237/3 249/238/3
f 238/239/21 244/234/21 240/240/21
f 241/241/22 237/242/22 239/243/22
f 252/237/23 246/244/23 248/245/23
f 247/246/24 250/236/24 249/238/24
f 259/247/4 255/248/4 254/194/4
f 136/138/4 260/249/4 202/201/4
f 258/250/4 253/251/4 257/252/4
f 260/249/4 261/253/4 259/247/4
f 266/254/1 260/249/1 256/255/1
f 270/256/2 261/253/2 262/257/2
f 263/258/14 253/251/14 259/247/14
f 268/259/3 258/250/3 257/252/3
f 272/260/4 284/261/4 281/262/4
f 275/263/4 287/264/4 290/265/4
f 277/266/4 285/267/4 288/268/4
f 282/269/4 286/270/4 279/271/4
f 282/272/28 295/273/28 283/274/28
f 281/262/29 295/273/29 294/275/29
f 280/276/28 296/277/28 285/267/28
f 279/278/30 296/277/30 293/279/30
f 278/280/28 297/281/28 287/282/28
f 277/266/30 297/281/30 292/283/30
f 276/284/28 298/285/28 289/286/28
f 275/287/30 298/285/30 291/288/30
f 276/284/4 273/289/4 271/290/4
f 300/291/5 301/292/5 299/293/5
f 303/294/5 306/295/5 305/296/5
f 307/297/5 306/295/5 300/291/5
f 305/296/5 309/298/5 299/293/5
f 300/291/2 64/76/2 302/299/2
f 63/66/3 299/293/3 301/292/3
f 303/294/1 313/11/1 304/300/1
f 311/301/3 305/296/3 299/293/3
f 317/302/14 305/296/14 306/295/14
f 320/303/2 309/298/2 310/304/2
f 304/300/2 317/302/2 306/295/2
f 318/305/3 303/294/3 305/296/3
f 311/301/1 300/291/1 299/293/1
f 64/76/14 301/292/14 302/299/14
f 316/306/3 308/307/3 307/297/3
f 317/302/2 300/291/2 306/295/2
f 322/308/5 334/309/5 331/310/5
f 328/311/5 340/312/5 325/313/5
f 330/314/5 338/315/5 327/316/5
f 329/317/5 333/318/5 336/319/5
f 344/320/31 333/318/31 332/321/31
f 344/320/32 334/322/32 345/323/32
f 343/324/33 335/325/33 330/326/33
f 343/324/32 336/319/32 346/327/32
f 342/328/33 337/329/33 328/330/33
f 342/328/32 338/331/32 347/332/32
f 326/333/31 348/334/31 339/335/31
f 341/336/34 340/337/34 348/334/34
f 321/338/5 339/335/5 323/339/5
f 354/340/5 356/341/5 353/342/5
f 362/343/5 364/344/5 363/345/5
f 352/346/35 355/347/35 350/348/35
f 349/349/36 353/342/36 351/350/36
f 360/351/37 363/345/37 364/344/37
f 362/343/38 359/352/38 361/353/38
f 366/354/39 678/355/39 365/356/39
f 367/357/39 369/358/39 372/359/39
f 371/360/39 366/354/39 370/361/39
f 365/356/39 374/362/39 373/363/39
f 488/354/40 677/364/40 366/354/40
f 552/355/41 365/356/41 678/355/41
f 554/357/4 368/365/4 367/357/4
f 559/356/41 372/359/41 365/356/41
f 369/358/5 556/359/5 372/359/5
f 381/362/40 373/363/40 374/362/40
f 376/365/40 369/358/40 368/365/40
f 556/359/41 367/357/41 372/359/41
f 559/356/4 366/354/4 365/356/4
f 379/361/41 371/360/41 370/361/41
f 377/358/40 366/354/40 369/358/40
f 383/366/39 395/367/39 392/368/39
f 389/369/39 401/370/39 386/371/39
f 391/372/39 399/373/39 388/374/39
f 393/375/39 397/376/39 390/377/39
f 405/378/42 394/379/42 393/375/42
f 392/380/43 406/381/43 405/378/43
f 404/382/42 396/383/42 391/372/42
f 390/377/43 407/384/43 404/382/43
f 403/385/42 398/386/42 389/387/42
f 388/374/43 408/388/43 403/385/43
f 402/389/42 400/390/42 387/391/42
f 386/392/43 409/393/43 402/389/43
f 387/391/39 384/394/39 382/395/39
f 416/396/39 414/397/39 415/398/39
f 422/399/39 424/400/39 423/401/39
f 413/402/44 416/396/44 411/396/44
f 410/398/45 414/397/45 412/397/45
f 421/403/46 424/400/46 425/403/46
f 423/401/47 420/399/47 422/399/47
f 427/355/48 426/354/48 434/356/48
f 429/357/48 433/358/48 430/365/48
f 426/354/48 432/360/48 431/361/48
f 434/356/48 437/362/48 435/359/48
f 428/364/40 489/354/40 426/354/40
f 434/356/41 553/355/41 427/355/41
f 430/365/4 555/357/4 429/357/4
f 435/359/41 438/356/41 434/356/41
f 433/358/5 439/359/5 494/358/5
f 436/363/40 443/362/40 437/362/40
f 433/358/40 491/365/40 430/365/40
f 435/359/41 555/357/41 439/359/41
f 426/354/4 438/356/4 434/356/4
f 432/360/41 441/361/41 431/361/41
f 426/354/40 494/358/40 433/358/40
f 457/404/48 445/405/48 454/380/48
f 463/370/48 451/369/48 448/371/48
f 461/373/48 453/372/48 450/374/48
f 459/406/48 455/407/48 452/408/48
f 456/379/49 467/378/49 455/375/49
f 468/381/50 454/380/50 467/378/50
f 458/383/49 466/382/49 453/372/49
f 469/384/50 452/377/50 466/382/50
f 460/386/49 465/385/49 451/387/49
f 470/388/50 450/374/50 465/385/50
f 462/390/49 464/389/49 449/391/49
f 471/393/50 448/392/50 464/389/50
f 446/394/48 449/391/48 444/395/48
f 476/397/48 478/396/48 477/398/48
f 486/400/48 484/399/48 485/401/48
f 478/396/44 475/402/44 473/396/44
f 474/397/45 477/398/45 472/398/45
f 487/403/46 481/400/46 483/403/46
f 484/399/47 480/401/47 485/401/47
f 489/354/40 375/364/40 488/354/40
f 491/365/40 377/358/40 376/365/40
f 493/358/40 489/354/40 492/354/40
f 377/358/40 495/354/40 488/354/40
f 497/409/48 490/364/48 489/354/48
f 375/364/39 505/409/39 488/354/39
f 619/410/4 491/365/4 376/365/4
f 505/409/39 377/358/39 488/354/39
f 504/411/5 377/358/5 494/358/5
f 507/411/48 495/354/48 496/358/48
f 500/410/48 494/358/48 491/365/48
f 501/411/39 376/365/39 377/358/39
f 488/354/4 497/409/4 489/354/4
f 503/409/39 493/358/39 492/354/39
f 504/411/48 489/354/48 494/358/48
f 509/405/40 521/412/40 518/405/40
f 515/366/40 527/413/40 512/366/40
f 517/405/40 525/412/40 514/405/40
f 519/366/40 523/413/40 516/366/40
f 531/414/51 520/412/51 519/405/51
f 518/405/52 532/415/52 531/414/52
f 530/414/51 522/412/51 517/405/51
f 516/405/53 533/415/53 530/414/53
f 529/414/54 524/412/54 515/405/54
f 514/405/53 534/415/53 529/414/53
f 528/414/51 526/412/51 513/405/51
f 512/405/52 535/415/52 528/414/52
f 513/405/40 510/412/40 508/405/40
f 541/416/40 543/417/40 540/418/40
f 549/419/40 551/420/40 550/421/40
f 539/422/55 542/423/55 537/424/55
f 538/425/56 541/416/56 540/418/56
f 551/420/57 545/426/57 550/421/57
f 548/427/58 544/428/58 546/429/58
f 552/355/41 438/356/41 559/356/41
f 554/357/41 439/359/41 555/357/41
f 438/356/41 558/359/41 557/356/41
f 560/356/41 556/359/41 559/356/41
f 438/356/48 565/430/48 563/431/48
f 559/356/39 564/430/39 552/355/39
f 555/357/4 618/432/4 554/357/4
f 556/359/39 562/431/39 559/356/39
f 439/359/5 567/433/5 570/433/5
f 560/356/48 572/433/48 561/359/48
f 439/359/48 566/432/48 555/357/48
f 554/357/39 567/433/39 556/359/39
f 438/356/4 562/431/4 559/356/4
f 558/359/39 569/431/39 557/356/39
f 438/356/48 570/433/48 439/359/48
f 586/394/41 574/395/41 583/395/41
f 592/434/41 580/435/41 577/435/41
f 590/394/41 582/395/41 579/395/41
f 588/434/41 584/435/41 581/435/41
f 585/394/59 596/436/59 584/395/59
f 597/437/60 583/395/60 596/436/60
f 587/394/59 595/436/59 582/395/59
f 598/437/60 581/395/60 595/436/60
f 589/394/61 594/436/61 580/395/61
f 599/437/60 579/395/60 594/436/60
f 591/394/61 593/436/61 578/395/61
f 600/437/60 577/395/60 593/436/60
f 575/394/41 578/395/41 573/395/41
f 606/438/41 608/439/41 607/440/41
f 614/441/41 616/442/41 613/443/41
f 607/440/55 604/444/55 602/445/55
f 605/446/56 601/447/56 603/448/56
f 616/442/57 610/449/57 612/450/57
f 611/451/58 614/441/58 613/443/58
f 623/432/4 619/410/4 618/432/4
f 500/410/4 624/432/4 566/432/4
f 621/452/4 620/410/4 617/410/4
f 623/432/4 626/453/4 625/453/4
f 620/410/39 629/454/39 624/432/39
f 634/455/40 625/453/40 626/453/40
f 627/454/48 617/410/48 623/432/48
f 632/456/41 622/452/41 621/452/41
f 645/457/4 638/458/4 648/457/4
f 642/459/4 654/460/4 639/460/4
f 641/461/4 649/462/4 652/461/4
f 646/463/4 650/464/4 643/464/4
f 658/465/62 647/466/62 646/466/62
f 645/457/63 659/465/63 658/465/63
f 657/467/62 649/462/62 644/462/62
f 643/468/63 660/467/63 657/467/63
f 656/469/62 651/470/62 642/470/62
f 641/461/63 661/469/63 656/469/63
f 655/471/62 653/472/62 640/472/62
f 639/473/63 662/471/63 655/471/63
f 640/472/4 637/474/4 635/474/4
f 664/475/5 665/476/5 663/476/5
f 668/475/5 669/476/5 667/476/5
f 672/477/5 664/475/5 671/477/5
f 669/476/5 673/478/5 663/476/5
f 664/475/40 428/364/40 666/475/40
f 427/355/41 663/476/41 665/476/41
f 678/355/39 668/475/39 667/476/39
f 675/355/41 669/476/41 663/476/41
f 681/364/48 669/476/48 670/475/48
f 684/479/40 673/478/40 674/478/40
f 677/364/40 670/475/40 668/475/40
f 682/355/41 667/476/41 669/476/41
f 675/355/39 664/475/39 663/476/39
f 428/364/48 665/476/48 666/475/48
f 680/480/41 672/477/41 671/477/41
f 681/364/40 664/475/40 670/475/40
f 695/481/5 688/482/5 698/481/5
f 689/483/5 701/484/5 704/483/5
f 694/485/5 702/486/5 691/486/5
f 693/487/5 697/488/5 700/487/5
f 708/489/64 697/490/64 696/490/64
f 695/481/65 709/489/65 708/489/65
f 707/491/64 699/485/64 694/485/64
f 693/492/65 710/491/65 707/491/65
f 706/493/66 701/494/66 692/494/66
f 691/486/65 711/493/65 706/493/65
f 705/495/66 703/496/66 690/496/66
f 689/497/65 712/495/65 705/495/65
f 690/496/5 687/498/5 685/498/5
f 718/499/5 720/500/5 717/501/5
f 726/502/5 728/503/5 727/504/5
f 716/505/67 719/506/67 714/507/67
f 713/508/68 717/501/68 715/509/68
f 724/508/69 727/504/69 728/503/69
f 726/502/70 723/507/70 725/510/70
f 730/511/71 1042/512/71 729/513/71
f 732/514/71 736/515/71 731/516/71
f 734/517/71 733/518/71 730/511/71
f 729/513/71 738/519/71 737/520/71
f 852/521/72 1041/522/72 730/511/72
f 916/523/73 729/513/73 1042/512/73
f 918/524/4 732/514/4 731/516/4
f 923/525/73 736/515/73 729/513/73
f 733/518/5 920/526/5 736/515/5
f 745/527/72 737/520/72 738/519/72
f 740/528/72 733/518/72 732/514/72
f 920/526/73 731/516/73 736/515/73
f 923/525/4 730/511/4 729/513/4
f 743/529/73 735/530/73 734/517/73
f 741/531/72 730/511/72 733/518/72
f 747/532/71 759/533/71 756/534/71
f 753/535/71 765/536/71 750/537/71
f 755/538/71 763/539/71 752/540/71
f 757/541/71 761/542/71 754/543/71
f 769/544/74 758/545/74 757/541/74
f 756/546/75 770/547/75 769/544/75
f 768/548/76 760/549/76 755/550/76
f 754/543/75 771/551/75 768/548/75
f 767/552/76 762/553/76 753/535/76
f 752/554/75 772/555/75 767/552/75
f 766/556/76 764/557/76 751/558/76
f 750/537/75 773/559/75 766/556/75
f 751/560/71 748/561/71 746/562/71
f 780/563/71 778/564/71 779/565/71
f 786/566/71 788/567/71 787/568/71
f 777/569/77 780/563/77 775/570/77
f 774/571/78 778/564/78 776/572/78
f 785/573/79 788/567/79 789/574/79
f 787/568/80 784/575/80 786/566/80
f 791/576/81 790/577/81 798/578/81
f 793/579/81 797/580/81 794/581/81
f 790/577/81 796/582/81 795/583/81
f 800/584/81 799/585/81 798/578/81
f 792/586/72 853/587/72 790/577/72
f 798/578/73 917/588/73 791/576/73
f 794/581/4 919/589/4 793/579/4
f 799/585/73 802/590/73 798/578/73
f 797/580/5 803/591/5 858/592/5
f 800/584/72 807/593/72 801/594/72
f 797/580/72 855/595/72 794/581/72
f 799/585/73 919/589/73 803/591/73
f 790/577/4 802/590/4 798/578/4
f 796/582/73 805/596/73 795/583/73
f 790/577/72 858/592/72 797/580/72
f 821/597/81 809/598/81 818/599/81
f 827/600/81 815/601/81 812/602/81
f 825/603/81 817/604/81 814/605/81
f 823/606/81 819/607/81 816/608/81
f 820/609/82 831/610/82 819/611/82
f 832/612/83 818/599/83 831/610/83
f 822/613/82 830/614/82 817/604/82
f 833/615/83 816/616/83 830/614/83
f 824/617/82 829/618/82 815/619/82
f 834/620/83 814/605/83 829/618/83
f 826/621/82 828/622/82 813/623/82
f 835/624/83 812/625/83 828/622/83
f 810/626/81 813/623/81 808/627/81
f 840/628/81 842/629/81 841/630/81
f 849/631/81 851/632/81 848/633/81
f 842/629/77 839/634/77 837/635/77
f 838/636/84 841/630/84 836/637/84
f 850/638/79 847/639/79 851/632/79
f 848/633/80 844/640/80 849/631/80
f 853/587/72 739/641/72 852/521/72
f 855/595/72 741/531/72 740/528/72
f 857/642/72 853/587/72 856/643/72
f 741/531/72 859/644/72 852/521/72
f 861/645/81 854/646/81 853/587/81
f 862/647/71 852/521/71 739/641/71
f 740/528/4 864/648/4 855/595/4
f 869/649/71 741/531/71 852/521/71
f 868/650/5 741/531/5 858/592/5
f 871/642/81 859/644/81 860/651/81
f 864/648/81 858/592/81 855/595/81
f 865/652/71 740/528/71 741/531/71
f 852/521/4 861/645/4 853/587/4
f 867/653/71 857/642/71 856/643/71
f 868/650/81 853/587/81 858/592/81
f 873/654/72 885/655/72 882/656/72
f 879/657/72 891/658/72 876/659/72
f 881/660/72 889/661/72 878/662/72
f 883/663/72 887/664/72 880/665/72
f 895/666/85 884/667/85 883/663/85
f 882/668/86 896/669/86 895/666/86
f 894/670/85 886/671/85 881/672/85
f 880/665/86 897/673/86 894/670/86
f 893/674/85 888/675/85 879/676/85
f 878/677/86 898/678/86 893/674/86
f 892/679/85 890/680/85 877/681/85
f 876/682/86 899/683/86 892/679/86
f 877/681/72 874/684/72 872/685/72
f 905/686/72 907/687/72 904/688/72
f 913/689/72 915/690/72 914/691/72
f 903/692/87 906/693/87 901/694/87
f 902/695/88 905/686/88 904/688/88
f 915/690/89 909/696/89 914/691/89
f 912/697/90 908/698/90 910/699/90
f 916/523/73 802/590/73 923/525/73
f 918/524/73 803/591/73 919/589/73
f 921/700/73 803/591/73 922/701/73
f 924/702/73 920/526/73 923/525/73
f 802/590/81 929/703/81 927/704/81
f 923/525/71 928/705/71 916/523/71
f 919/589/4 982/706/4 918/524/4
f 920/526/71 926/707/71 923/525/71
f 803/591/5 931/708/5 934/709/5
f 924/702/81 936/710/81 925/711/81
f 803/591/81 930/712/81 919/589/81
f 918/524/71 931/708/71 920/526/71
f 802/590/4 926/707/4 923/525/4
f 922/701/71 933/713/71 921/700/71
f 802/590/81 934/709/81 803/591/81
f 950/714/73 938/715/73 947/716/73
f 956/717/73 944/718/73 941/719/73
f 954/720/73 946/721/73 943/722/73
f 952/723/73 948/724/73 945/725/73
f 949/726/91 960/727/91 948/724/91
f 961/728/92 947/716/92 960/727/92
f 951/729/91 959/730/91 946/721/91
f 962/731/92 945/725/92 959/730/92
f 953/732/91 958/733/91 944/718/91
f 963/734/92 943/722/92 958/733/92
f 955/735/91 957/736/91 942/737/91
f 964/738/92 941/719/92 957/736/92
f 939/739/73 942/737/73 937/740/73
f 970/741/73 972/742/73 971/743/73
f 978/744/73 980/745/73 977/746/73
f 966/747/87 972/742/87 968/748/87
f 969/749/88 965/750/88 967/751/88
f 979/752/89 976/753/89 980/745/89
f 975/754/90 978/744/90 977/746/90
f 987/755/4 983/756/4 982/706/4
f 864/648/4 988/757/4 930/712/4
f 985/758/4 984/759/4 981/760/4
f 987/755/4 990/761/4 989/762/4
f 984/759/71 993/763/71 988/757/71
f 998/764/72 989/762/72 990/761/72
f 991/765/81 981/760/81 987/755/81
f 996/766/73 986/767/73 985/758/73
f 1009/768/4 1002/769/4 1012/770/4
f 1003/771/4 1015/772/4 1018/773/4
f 1008/774/4 1016/775/4 1005/776/4
f 1010/777/4 1014/778/4 1007/779/4
f 1010/777/93 1023/780/93 1011/781/93
f 1009/782/94 1023/780/94 1022/783/94
f 1008/784/95 1024/785/95 1013/786/95
f 1007/779/94 1024/785/94 1021/787/94
f 1020/788/95 1015/772/95 1006/789/95
f 1005/790/94 1025/791/94 1020/788/94
f 1019/792/95 1017/793/95 1004/794/95
f 1003/771/94 1026/795/94 1019/792/94
f 999/796/4 1017/797/4 1001/798/4
f 1027/799/5 1030/800/5 1029/801/5
f 1032/802/5 1033/803/5 1031/804/5
f 1036/805/5 1028/806/5 1035/807/5
f 1033/803/5 1037/808/5 1027/799/5
f 1028/806/72 792/586/72 1030/800/72
f 791/576/73 1027/799/73 1029/801/73
f 1031/804/71 1041/522/71 1032/802/71
f 1039/809/73 1033/803/73 1027/799/73
f 1045/810/81 1033/803/81 1034/811/81
f 1048/812/72 1037/808/72 1038/813/72
f 1041/522/72 1034/811/72 1032/802/72
f 1033/803/73 1042/512/73 1031/804/73
f 1027/799/71 1040/814/71 1028/806/71
f 792/586/81 1029/801/81 1030/800/81
f 1044/815/73 1036/805/73 1035/807/73
f 1045/810/72 1028/806/72 1034/811/72
f 1059/816/5 1052/817/5 1062/818/5
f 1053/819/5 1065/820/5 1068/821/5
f 1058/822/5 1066/823/5 1055/824/5
f 1057/825/5 1061/826/5 1064/827/5
f 1072/828/96 1061/829/96 1060/830/96
f 1059/816/97 1073/831/97 1072/828/97
f 1058/832/98 1074/833/98 1063/834/98
f 1071/835/97 1064/836/97 1074/833/97
f 1056/837/96 1075/838/96 1065/820/96
f 1055/839/97 1075/838/97 1070/840/97
f 1069/841/98 1067/842/98 1054/843/98
f 1053/819/97 1076/844/97 1069/841/97
f 1054/845/5 1051/846/5 1049/847/5
f 1082/848/5 1084/849/5 1081/850/5
f 1090/851/5 1092/852/5 1091/853/5
f 1080/854/99 1083/855/99 1078/856/99
f 1077/857/100 1081/850/100 1079/858/100
f 1088/859/101 1091/853/101 1092/852/101
f 1090/851/102 1087/860/102 1089/861/102
f 1094/862/71 1406/863/71 1093/864/71
f 1096/865/71 1100/866/71 1095/867/71
f 1098/868/71 1097/869/71 1094/862/71
f 1093/864/71 1102/870/71 1101/871/71
f 1216/872/72 1405/873/72 1094/862/72
f 1280/874/73 1093/864/73 1406/863/73
f 1282/875/4 1096/865/4 1095/867/4
f 1287/876/73 1100/866/73 1093/864/73
f 1097/869/5 1284/877/5 1100/866/5
f 1109/878/72 1101/871/72 1102/870/72
f 1104/879/72 1097/869/72 1096/865/72
f 1284/877/73 1095/867/73 1100/866/73
f 1287/876/4 1094/862/4 1093/864/4
f 1107/880/73 1099/881/73 1098/868/73
f 1105/882/72 1094/862/72 1097/869/72
f 1111/883/71 1123/884/71 1120/885/71
f 1117/886/71 1129/887/71 1114/888/71
f 1119/889/71 1127/890/71 1116/891/71
f 1121/892/71 1125/893/71 1118/894/71
f 1133/895/74 1122/896/74 1121/892/74
f 1120/885/75 1134/897/75 1133/895/75
f 1132/898/76 1124/899/76 1119/889/76
f 1118/894/75 1135/900/75 1132/898/75
f 1131/901/76 1126/902/76 1117/886/76
f 1116/891/75 1136/903/75 1131/901/75
f 1130/904/76 1128/905/76 1115/906/76
f 1114/888/75 1137/907/75 1130/904/75
f 1115/906/71 1112/908/71 1110/909/71
f 1144/910/71 1142/911/71 1143/912/71
f 1150/913/71 1152/914/71 1151/915/71
f 1141/916/77 1144/910/77 1139/917/77
f 1138/918/78 1142/911/78 1140/919/78
f 1149/920/79 1152/914/79 1153/921/79
f 1151/915/80 1148/922/80 1150/913/80
f 1155/923/81 1154/924/81 1162/925/81
f 1157/926/81 1161/927/81 1158/928/81
f 1154/924/81 1160/929/81 1159/930/81
f 1164/931/81 1163/932/81 1162/925/81
f 1156/933/72 1217/934/72 1154/924/72
f 1162/925/73 1281/935/73 1155/923/73
f 1158/928/4 1283/936/4 1157/926/4
f 1163/932/73 1166/937/73 1162/925/73
f 1161/927/5 1167/938/5 1222/939/5
f 1164/931/72 1171/940/72 1165/941/72
f 1161/927/72 1219/942/72 1158/928/72
f 1163/932/73 1283/936/73 1167/938/73
f 1154/924/4 1166/937/4 1162/925/4
f 1160/929/73 1169/943/73 1159/930/73
f 1154/924/72 1222/939/72 1161/927/72
f 1185/944/81 1173/945/81 1182/946/81
f 1191/947/81 1179/948/81 1176/949/81
f 1189/950/81 1181/951/81 1178/952/81
f 1187/953/81 1183/954/81 1180/955/81
f 1184/956/82 1195/957/82 1183/954/82
f 1196/958/83 1182/959/83 1195/957/83
f 1186/960/82 1194/961/82 1181/962/82
f 1197/963/83 1180/955/83 1194/961/83
f 1188/964/82 1193/965/82 1179/948/82
f 1198/966/83 1178/967/83 1193/965/83
f 1190/968/82 1192/969/82 1177/970/82
f 1199/971/83 1176/949/83 1192/969/83
f 1174/972/81 1177/973/81 1172/974/81
f 1204/975/81 1206/976/81 1205/977/81
f 1213/978/81 1215/979/81 1212/980/81
f 1206/976/77 1203/981/77 1201/982/77
f 1202/983/84 1205/977/84 1200/984/84
f 1214/985/79 1211/986/79 1215/979/79
f 1212/980/80 1208/987/80 1213/978/80
f 1217/934/72 1103/988/72 1216/872/72
f 1219/942/72 1105/882/72 1104/879/72
f 1221/989/72 1217/934/72 1220/990/72
f 1105/882/72 1223/991/72 1216/872/72
f 1225/992/81 1218/993/81 1217/934/81
f 1226/994/71 1216/872/71 1103/988/71
f 1104/879/4 1228/995/4 1219/942/4
f 1233/996/71 1105/882/71 1216/872/71
f 1232/997/5 1105/882/5 1222/939/5
f 1235/998/81 1223/991/81 1224/999/81
f 1228/995/81 1222/939/81 1219/942/81
f 1229/1000/71 1104/879/71 1105/882/71
f 1216/872/4 1225/992/4 1217/934/4
f 1231/1001/71 1221/989/71 1220/990/71
f 1232/997/81 1217/934/81 1222/939/81
f 1237/1002/72 1249/1003/72 1246/1004/72
f 1243/1005/72 1255/1006/72 1240/1007/72
f 1245/1008/72 1253/1009/72 1242/1010/72
f 1247/1011/72 1251/1012/72 1244/1013/72
f 1259/1014/103 1248/1015/103 1247/1011/103
f 1246/1016/86 1260/1017/86 1259/1014/86
f 1258/1018/85 1250/1019/85 1245/1008/85
f 1244/1013/86 1261/1020/86 1258/1018/86
f 1257/1021/85 1252/1022/85 1243/1023/85
f 1242/1010/86 1262/1024/86 1257/1021/86
f 1256/1025/85 1254/1026/85 1241/1027/85
f 1240/1028/86 1263/1029/86 1256/1025/86
f 1241/1027/72 1238/1030/72 1236/1031/72
f 1269/1032/72 1271/1033/72 1268/1034/72
f 1277/1035/72 1279/1036/72 1278/1037/72
f 1267/1038/87 1270/1039/87 1265/1040/87
f 1266/1041/88 1269/1032/88 1268/1034/88
f 1279/1036/89 1273/1042/89 1278/1037/89
f 1276/1043/90 1272/1044/90 1274/1045/90
f 1280/874/73 1166/937/73 1287/876/73
f 1282/875/73 1167/938/73 1283/936/73
f 1166/937/73 1286/1046/73 1285/1047/73
f 1288/1048/73 1284/877/73 1287/876/73
f 1166/937/81 1293/1049/81 1291/1050/81
f 1287/876/71 1292/1051/71 1280/874/71
f 1283/936/4 1346/1052/4 1282/875/4
f 1284/877/71 1290/1053/71 1287/876/71
f 1167/938/5 1295/1054/5 1298/1055/5
f 1288/1048/81 1300/1056/81 1289/1057/81
f 1167/938/81 1294/1058/81 1283/936/81
f 1282/875/71 1295/1054/71 1284/877/71
f 1166/937/4 1290/1053/4 1287/876/4
f 1286/1046/71 1297/1059/71 1285/1047/71
f 1166/937/81 1298/1055/81 1167/938/81
f 1314/1060/73 1302/1061/73 1311/1062/73
f 1320/1063/73 1308/1064/73 1305/1065/73
f 1318/1066/73 1310/1067/73 1307/1068/73
f 1316/1069/73 1312/1070/73 1309/1071/73
f 1313/1072/91 1324/1073/91 1312/1070/91
f 1325/1074/104 1311/1062/104 1324/1073/104
f 1315/1075/91 1323/1076/91 1310/1067/91
f 1326/1077/92 1309/1071/92 1323/1076/92
f 1317/1078/105 1322/1079/105 1308/1064/105
f 1327/1080/92 1307/1068/92 1322/1079/92
f 1319/1081/91 1321/1082/91 1306/1083/91
f 1328/1084/92 1305/1065/92 1321/1082/92
f 1303/1085/73 1306/1083/73 1301/1086/73
f 1334/1087/73 1336/1088/73 1335/1089/73
f 1342/1090/73 1344/1091/73 1341/1092/73
f 1335/1089/87 1332/1093/87 1330/1094/87
f 1333/1095/88 1329/1096/88 1331/1097/88
f 1344/1091/89 1338/1098/89 1340/1099/89
f 1339/1100/90 1342/1090/90 1341/1092/90
f 1351/1101/4 1347/1102/4 1346/1052/4
f 1228/995/4 1352/1103/4 1294/1058/4
f 1349/1104/4 1348/1105/4 1345/1106/4
f 1351/1101/4 1354/1107/4 1353/1108/4
f 1348/1105/71 1357/1109/71 1352/1103/71
f 1362/1110/72 1353/1108/72 1354/1107/72
f 1355/1111/81 1345/1106/81 1351/1101/81
f 1360/1112/73 1350/1113/73 1349/1104/73
f 1364/1114/4 1376/1115/4 1373/1116/4
f 1367/1117/4 1379/1118/4 1382/1119/4
f 1369/1120/4 1377/1121/4 1380/1122/4
f 1374/1123/4 1378/1124/4 1371/1125/4
f 1374/1123/93 1387/1126/93 1375/1127/93
f 1373/1128/94 1387/1126/94 1386/1129/94
f 1372/1130/95 1388/1131/95 1377/1132/95
f 1371/1125/94 1388/1131/94 1385/1133/94
f 1384/1134/93 1379/1118/93 1370/1135/93
f 1369/1136/94 1389/1137/94 1384/1134/94
f 1383/1138/93 1381/1139/93 1368/1140/93
f 1367/1117/94 1390/1141/94 1383/1138/94
f 1368/1142/4 1365/1143/4 1363/1144/4
f 1391/1145/5 1394/1146/5 1393/1147/5
f 1396/1148/5 1397/1149/5 1395/1150/5
f 1400/1151/5 1392/1152/5 1399/1153/5
f 1397/1149/5 1401/1154/5 1391/1145/5
f 1392/1152/72 1156/933/72 1394/1146/72
f 1155/923/73 1391/1145/73 1393/1147/73
f 1395/1150/71 1405/873/71 1396/1148/71
f 1403/1155/73 1397/1149/73 1391/1145/73
f 1409/1156/81 1397/1149/81 1398/1157/81
f 1412/1158/72 1401/1154/72 1402/1159/72
f 1405/873/72 1398/1157/72 1396/1148/72
f 1397/1149/73 1406/863/73 1395/1150/73
f 1391/1145/71 1404/1160/71 1392/1152/71
f 1156/933/81 1393/1147/81 1394/1146/81
f 1408/1161/73 1400/1151/73 1399/1153/73
f 1409/1156/72 1392/1152/72 1398/1157/72
f 1414/1162/5 1426/1163/5 1423/1164/5
f 1417/1165/5 1429/1166/5 1432/1167/5
f 1422/1168/5 1430/1169/5 1419/1170/5
f 1421/1171/5 1425/1172/5 1428/1173/5
f 1436/1174/96 1425/1175/96 1424/1176/96
f 1423/1164/106 1437/1177/106 1436/1174/106
f 1422/1178/98 1438/1179/98 1427/1180/98
f 1421/1181/107 1438/1179/107 1435/1182/107
f 1434/1183/98 1429/1166/98 1420/1184/98
f 1434/1183/97 1430/1185/97 1439/1186/97
f 1433/1187/96 1431/1188/96 1418/1189/96
f 1433/1187/97 1432/1167/97 1440/1190/97
f 1418/1191/5 1415/1192/5 1413/1193/5
f 1446/1194/5 1448/1195/5 1445/1196/5
f 1454/1197/5 1456/1198/5 1455/1199/5
f 1444/1200/99 1447/1201/99 1442/1202/99
f 1441/1203/100 1445/1196/100 1443/1204/100
f 1452/1205/101 1455/1199/101 1456/1198/101
f 1454/1197/102 1451/1206/102 1453/1207/102
f 1458/1208/108 1770/1209/108 1457/1210/108
f 1460/1211/108 1464/1212/108 1459/1213/108
f 1463/1214/108 1458/1208/108 1462/1215/108
f 1464/1212/108 1465/1216/108 1457/1210/108
f 1580/1217/109 1769/1218/109 1458/1208/109
f 1644/1219/110 1457/1210/110 1770/1209/110
f 1646/1220/4 1460/1211/4 1459/1213/4
f 1651/1221/110 1464/1212/110 1457/1210/110
f 1461/1222/5 1648/1223/5 1464/1212/5
f 1473/1224/109 1465/1216/109 1466/1225/109
f 1468/1226/109 1461/1222/109 1460/1211/109
f 1648/1223/110 1459/1213/110 1464/1212/110
f 1651/1221/4 1458/1208/4 1457/1210/4
f 1471/1227/110 1463/1214/110 1462/1215/110
f 1469/1228/109 1458/1208/109 1461/1222/109
f 1475/1229/108 1487/1230/108 1484/1231/108
f 1481/1232/108 1493/1233/108 1478/1234/108
f 1483/1235/108 1491/1236/108 1480/1237/108
f 1485/1238/108 1489/1239/108 1482/1240/108
f 1497/1241/111 1486/1242/111 1485/1238/111
f 1484/1243/112 1498/1244/112 1497/1241/112
f 1496/1245/111 1488/1246/111 1483/1247/111
f 1482/1240/112 1499/1248/112 1496/1245/112
f 1495/1249/111 1490/1250/111 1481/1232/111
f 1480/1251/112 1500/1252/112 1495/1249/112
f 1494/1253/111 1492/1254/111 1479/1255/111
f 1478/1234/112 1501/1256/112 1494/1253/112
f 1479/1257/108 1476/1258/108 1474/1259/108
f 1508/1260/108 1506/1261/108 1507/1262/108
f 1515/1263/108 1517/1264/108 1516/1265/108
f 1505/1266/113 1508/1260/113 1503/1267/113
f 1502/1268/114 1506/1261/114 1504/1269/114
f 1513/1270/115 1516/1265/115 1517/1264/115
f 1515/1263/116 1512/1271/116 1514/1272/116
f 1519/1273/117 1518/1274/117 1526/1275/117
f 1521/1276/117 1525/1277/117 1522/1278/117
f 1518/1274/117 1524/1279/117 1523/1280/117
f 1526/1275/117 1529/1281/117 1527/1282/117
f 1520/1283/109 1581/1284/109 1518/1274/109
f 1526/1275/110 1645/1285/110 1519/1273/110
f 1522/1278/4 1647/1286/4 1521/1276/4
f 1527/1282/110 1530/1287/110 1526/1275/110
f 1525/1277/5 1531/1288/5 1586/1289/5
f 1528/1290/109 1535/1291/109 1529/1281/109
f 1525/1277/109 1583/1292/109 1522/1278/109
f 1527/1282/110 1647/1286/110 1531/1288/110
f 1518/1274/4 1530/1287/4 1526/1275/4
f 1524/1279/110 1533/1293/110 1523/1280/110
f 1518/1274/109 1586/1289/109 1525/1277/109
f 1549/1294/117 1537/1295/117 1546/1296/117
f 1555/1297/117 1543/1298/117 1540/1299/117
f 1553/1300/117 1545/1301/117 1542/1302/117
f 1551/1303/117 1547/1304/117 1544/1305/117
f 1548/1306/118 1559/1307/118 1547/1308/118
f 1560/1309/119 1546/1296/119 1559/1307/119
f 1550/1310/118 1558/1311/118 1545/1301/118
f 1561/1312/119 1544/1313/119 1558/1311/119
f 1552/1314/118 1557/1315/118 1543/1316/118
f 1562/1317/119 1542/1302/119 1557/1315/119
f 1554/1318/118 1556/1319/118 1541/1320/118
f 1563/1321/119 1540/1322/119 1556/1319/119
f 1538/1323/117 1541/1320/117 1536/1324/117
f 1569/1325/117 1571/1326/117 1570/1327/117
f 1577/1328/117 1579/1329/117 1576/1330/117
f 1570/1327/113 1567/1331/113 1565/1332/113
f 1566/1333/114 1569/1325/114 1564/1334/114
f 1579/1329/115 1573/1335/115 1575/1336/115
f 1576/1330/116 1572/1337/116 1577/1328/116
f 1581/1284/109 1467/1338/109 1580/1217/109
f 1583/1292/109 1469/1228/109 1468/1226/109
f 1585/1339/109 1581/1284/109 1584/1340/109
f 1469/1228/109 1587/1341/109 1580/1217/109
f 1589/1342/117 1582/1343/117 1581/1284/117
f 1590/1344/108 1580/1217/108 1467/1338/108
f 1468/1226/4 1592/1345/4 1583/1292/4
f 1597/1346/108 1469/1228/108 1580/1217/108
f 1596/1347/5 1469/1228/5 1586/1289/5
f 1599/1348/117 1587/1341/117 1588/1349/117
f 1592/1345/117 1586/1289/117 1583/1292/117
f 1593/1350/108 1468/1226/108 1469/1228/108
f 1580/1217/4 1589/1342/4 1581/1284/4
f 1595/1351/108 1585/1339/108 1584/1340/108
f 1596/1347/117 1581/1284/117 1586/1289/117
f 1601/1352/109 1613/1353/109 1610/1354/109
f 1607/1355/109 1619/1356/109 1604/1357/109
f 1609/1358/109 1617/1359/109 1606/1360/109
f 1611/1361/109 1615/1362/109 1608/1363/109
f 1623/1364/120 1612/1365/120 1611/1366/120
f 1610/1367/121 1624/1368/121 1623/1364/121
f 1622/1369/120 1614/1370/120 1609/1358/120
f 1608/1371/121 1625/1372/121 1622/1369/121
f 1621/1373/120 1616/1374/120 1607/1375/120
f 1606/1360/121 1626/1376/121 1621/1373/121
f 1620/1377/120 1618/1378/120 1605/1379/120
f 1604/1380/121 1627/1381/121 1620/1377/121
f 1605/1379/109 1602/1382/109 1600/1383/109
f 1633/1384/109 1635/1385/109 1632/1386/109
f 1641/1387/109 1643/1388/109 1642/1389/109
f 1629/1390/122 1635/1385/122 1634/1391/122
f 1628/1392/123 1632/1386/123 1630/1393/123
f 1643/1388/124 1637/1394/124 1642/1389/124
f 1641/1387/125 1638/1395/125 1640/1396/125
f 1644/1219/110 1530/1287/110 1651/1221/110
f 1646/1220/110 1531/1288/110 1647/1286/110
f 1530/1287/110 1650/1397/110 1649/1398/110
f 1652/1399/110 1648/1223/110 1651/1221/110
f 1530/1287/117 1657/1400/117 1655/1401/117
f 1651/1221/108 1656/1402/108 1644/1219/108
f 1647/1286/4 1710/1403/4 1646/1220/4
f 1648/1223/108 1654/1404/108 1651/1221/108
f 1531/1288/5 1659/1405/5 1662/1406/5
f 1652/1399/117 1664/1407/117 1653/1408/117
f 1531/1288/117 1658/1409/117 1647/1286/117
f 1646/1220/108 1659/1405/108 1648/1223/108
f 1530/1287/4 1654/1404/4 1651/1221/4
f 1650/1397/108 1661/1410/108 1649/1398/108
f 1530/1287/117 1662/1406/117 1531/1288/117
f 1678/1411/110 1666/1412/110 1675/1413/110
f 1684/1414/110 1672/1415/110 1669/1416/110
f 1682/1417/110 1674/1418/110 1671/1419/110
f 1680/1420/110 1676/1421/110 1673/1422/110
f 1677/1423/126 1688/1424/126 1676/1425/126
f 1689/1426/127 1675/1413/127 1688/1424/127
f 1679/1427/126 1687/1428/126 1674/1418/126
f 1690/1429/127 1673/1430/127 1687/1428/127
f 1681/1431/126 1686/1432/126 1672/1433/126
f 1691/1434/127 1671/1419/127 1686/1432/127
f 1683/1435/126 1685/1436/126 1670/1437/126
f 1692/1438/127 1669/1439/127 1685/1436/127
f 1667/1440/110 1670/1437/110 1665/1441/110
f 1698/1442/110 1700/1443/110 1699/1444/110
f 1706/1445/110 1708/1446/110 1705/1447/110
f 1699/1444/122 1696/1448/122 1694/1449/122
f 1697/1450/123 1693/1451/123 1695/1452/123
f 1707/1453/124 1704/1454/124 1708/1446/124
f 1705/1447/125 1701/1455/125 1706/1445/125
f 1715/1456/4 1711/1457/4 1710/1403/4
f 1592/1345/4 1716/1458/4 1658/1409/4
f 1713/1459/4 1712/1460/4 1709/1461/4
f 1716/1458/4 1717/1462/4 1715/1456/4
f 1722/1463/108 1716/1458/108 1712/1460/108
f 1726/1464/109 1717/1462/109 1718/1465/109
f 1719/1466/117 1709/1461/117 1715/1456/117
f 1724/1467/110 1714/1468/110 1713/1459/110
f 1737/1469/4 1730/1470/4 1740/1471/4
f 1731/1472/4 1743/1473/4 1746/1474/4
f 1736/1475/4 1744/1476/4 1733/1477/4
f 1738/1478/4 1742/1479/4 1735/1480/4
f 1738/1481/128 1751/1482/128 1739/1483/128
f 1737/1469/129 1751/1482/129 1750/1484/129
f 1736/1475/130 1752/1485/130 1741/1486/130
f 1749/1487/131 1742/1488/131 1752/1485/131
f 1748/1489/128 1743/1473/128 1734/1490/128
f 1748/1489/129 1744/1476/129 1753/1491/129
f 1747/1492/128 1745/1493/128 1732/1494/128
f 1731/1472/129 1754/1495/129 1747/1492/129
f 1732/1494/4 1729/1496/4 1727/1497/4
f 1756/1498/5 1757/1499/5 1755/1500/5
f 1759/1501/5 1762/1502/5 1761/1503/5
f 1763/1504/5 1762/1502/5 1756/1498/5
f 1761/1503/5 1765/1505/5 1755/1500/5
f 1756/1498/109 1520/1283/109 1758/1506/109
f 1519/1273/110 1755/1500/110 1757/1499/110
f 1759/1501/108 1769/1218/108 1760/1507/108
f 1755/1500/110 1774/1508/110 1761/1503/110
f 1773/1509/117 1761/1503/117 1762/1502/117
f 1776/1510/109 1765/1505/109 1766/1511/109
f 1769/1218/109 1762/1502/109 1760/1507/109
f 1761/1503/110 1770/1209/110 1759/1501/110
f 1767/1512/108 1756/1498/108 1755/1500/108
f 1520/1283/117 1757/1499/117 1758/1506/117
f 1772/1513/110 1764/1514/110 1763/1504/110
f 1773/1509/109 1756/1498/109 1762/1502/109
f 1778/1515/5 1790/1516/5 1787/1517/5
f 1781/1518/5 1793/1519/5 1796/1520/5
f 1786/1521/5 1794/1522/5 1783/1523/5
f 1785/1524/5 1789/1525/5 1792/1526/5
f 1800/1527/132 1789/1528/132 1788/1529/132
f 1800/1527/133 1790/1516/133 1801/1530/133
f 1799/1531/134 1791/1532/134 1786/1521/134
f 1799/1531/133 1792/1533/133 1802/1534/133
f 1798/1535/132 1793/1536/132 1784/1537/132
f 1783/1523/133 1803/1538/133 1798/1535/133
f 1797/1539/132 1795/1540/132 1782/1541/132
f 1797/1539/133 1796/1542/133 1804/1543/133
f 1777/1544/5 1795/1540/5 1779/1545/5
f 1810/1546/5 1812/1547/5 1809/1548/5
f 1818/1549/5 1820/1550/5 1819/1551/5
f 1808/1552/135 1811/1553/135 1806/1554/135
f 1805/1555/136 1809/1548/136 1807/1556/136
f 1816/1557/137 1819/1551/137 1820/1550/137
f 1818/1549/138 1815/1558/138 1817/1559/138
f 2/1/1 313/11/1 314/2/1
f 4/4/1 5/8/1 8/5/1
f 6/7/1 7/20/1 5/8/1
f 8/5/1 10/17/1 9/9/1
f 124/10/2 11/131/2 313/11/2
f 188/12/3 195/14/3 1/3/3
f 190/13/4 12/18/4 4/4/4
f 195/14/3 192/15/3 8/5/3
f 5/8/5 13/21/5 192/15/5
f 17/16/2 16/1560/2 9/9/2
f 12/18/2 13/21/2 5/8/2
f 192/15/3 190/13/3 3/6/3
f 195/14/4 124/10/4 2/1/4
f 15/19/3 14/1561/3 7/20/3
f 13/21/2 124/10/2 2/1/2
f 19/22/1 21/1562/1 31/23/1
f 25/25/1 34/1563/1 37/26/1
f 27/28/1 32/39/1 35/29/1
f 29/31/1 30/1564/1 33/32/1
f 41/34/6 42/37/6 30/35/6
f 28/24/7 31/23/7 42/37/7
f 40/38/8 43/41/8 32/39/8
f 26/40/7 33/1565/7 43/41/7
f 39/42/8 44/45/8 34/43/8
f 24/30/7 35/29/7 44/45/7
f 38/46/8 45/50/8 36/47/8
f 22/49/139 37/1566/139 45/50/139
f 23/48/1 36/47/1 20/51/1
f 52/53/1 53/1567/1 50/54/1
f 58/56/1 61/64/1 60/57/1
f 49/59/10 53/1567/10 52/53/10
f 46/61/11 51/55/11 50/54/11
f 57/63/12 55/1568/12 60/57/12
f 59/58/13 54/1569/13 56/65/13
f 63/66/14 64/76/14 62/67/14
f 65/69/14 71/75/14 69/70/14
f 62/67/14 69/70/14 68/72/14
f 70/68/14 72/1570/14 73/74/14
f 64/76/2 126/136/2 125/77/2
f 70/68/3 74/80/3 189/78/3
f 66/71/4 127/85/4 191/79/4
f 71/75/3 75/81/3 74/80/3
f 69/70/5 71/75/5 75/81/5
f 73/74/2 72/1570/2 78/83/2
f 69/70/2 130/82/2 127/85/2
f 71/75/3 65/69/3 191/79/3
f 62/67/4 125/77/4 74/80/4
f 68/72/3 76/1571/3 77/86/3
f 62/67/2 125/77/2 130/82/2
f 93/87/14 83/1572/14 81/88/14
f 99/90/14 96/107/14 87/91/14
f 97/93/14 94/103/14 89/94/14
f 95/96/14 92/1573/14 91/97/14
f 92/99/15 104/102/15 103/100/15
f 104/102/16 93/87/16 90/89/16
f 94/103/15 105/105/15 102/104/15
f 105/105/16 95/1574/16 88/106/16
f 96/107/15 106/109/15 101/108/15
f 106/109/16 97/93/16 86/95/16
f 98/110/15 107/113/15 100/111/15
f 107/113/17 99/90/17 84/92/17
f 82/114/14 98/1575/14 85/115/14
f 113/117/14 112/125/14 115/118/14
f 121/120/14 122/128/14 123/121/14
f 109/123/10 114/119/10 115/118/10
f 112/125/11 113/117/11 108/126/11
f 122/128/12 117/1576/12 119/129/12
f 120/122/13 118/1577/13 116/130/13
f 125/77/2 126/136/2 11/131/2
f 127/85/2 130/82/2 13/21/2
f 129/132/2 130/82/2 125/77/2
f 13/21/2 132/142/2 131/134/2
f 133/135/14 135/1578/14 126/136/14
f 134/137/1 141/139/1 124/10/1
f 12/18/4 255/248/4 136/138/4
f 141/139/1 137/143/1 13/21/1
f 140/140/5 137/143/5 13/21/5
f 143/141/14 142/1579/14 131/134/14
f 136/138/14 140/140/14 130/82/14
f 137/143/1 255/248/1 12/18/1
f 124/10/4 141/139/4 133/135/4
f 139/144/1 138/1580/1 129/132/1
f 140/140/14 133/135/14 125/77/14
f 145/145/2 147/1581/2 157/146/2
f 151/148/2 160/1582/2 163/149/2
f 153/151/2 158/162/2 161/152/2
f 155/154/2 156/1583/2 159/155/2
f 167/157/18 168/160/18 156/158/18
f 154/147/19 157/146/19 168/160/19
f 166/161/20 169/164/20 158/162/20
f 152/163/19 159/1584/19 169/164/19
f 165/165/20 170/168/20 160/166/20
f 150/153/19 161/152/19 170/168/19
f 164/169/20 171/173/20 162/170/20
f 148/172/19 163/1585/19 171/173/19
f 149/171/2 162/170/2 146/174/2
f 177/176/2 178/183/2 179/177/2
f 185/179/2 184/187/2 187/180/2
f 173/182/21 175/1586/21 179/177/21
f 174/184/22 172/1587/22 177/176/22
f 187/180/23 183/1588/23 181/185/23
f 185/179/24 180/1589/24 182/186/24
f 188/12/3 189/78/3 74/80/3
f 190/13/3 192/15/3 75/81/3
f 74/80/3 75/81/3 194/188/3
f 196/190/3 197/198/3 192/15/3
f 74/80/14 189/78/14 201/191/14
f 195/14/1 198/195/1 200/193/1
f 191/79/4 202/201/4 254/194/4
f 192/15/1 203/196/1 198/195/1
f 75/81/5 192/15/5 203/196/5
f 197/198/14 196/190/14 207/199/14
f 75/81/14 206/197/14 202/201/14
f 192/15/1 190/13/1 254/194/1
f 74/80/4 199/192/4 198/195/4
f 194/188/1 204/1590/1 205/202/1
f 74/80/14 199/192/14 206/197/14
f 222/203/3 212/1591/3 210/204/3
f 228/206/3 225/1592/3 216/207/3
f 226/209/3 223/219/3 218/210/3
f 224/212/3 221/1593/3 220/213/3
f 221/215/25 233/218/25 232/216/25
f 233/218/26 222/203/26 219/205/26
f 223/219/25 234/221/25 231/220/25
f 234/221/26 224/1594/26 217/222/26
f 225/223/25 235/226/25 230/224/25
f 235/226/27 226/209/27 215/211/27
f 214/227/25 227/1595/25 236/228/25
f 236/228/27 228/1596/27 213/230/27
f 211/231/3 227/1595/3 214/227/3
f 242/233/3 241/241/3 244/234/3
f 250/236/3 251/1597/3 252/237/3
f 238/239/21 243/235/21 244/234/21
f 241/241/22 242/233/22 237/242/22
f 252/237/23 251/1597/23 246/244/23
f 247/246/24 245/1598/24 250/236/24
f 259/247/4 253/251/4 255/248/4
f 136/138/4 256/255/4 260/249/4
f 258/250/4 256/255/4 253/251/4
f 260/249/4 262/257/4 261/253/4
f 266/254/1 265/1599/1 260/249/1
f 270/256/2 269/1600/2 261/253/2
f 263/258/14 264/1601/14 253/251/14
f 268/259/3 267/1602/3 258/250/3
f 272/260/4 274/1603/4 284/261/4
f 275/263/4 278/1604/4 287/264/4
f 277/266/4 280/276/4 285/267/4
f 282/269/4 283/1605/4 286/270/4
f 282/272/28 294/275/28 295/273/28
f 281/262/29 284/261/29 295/273/29
f 280/276/140 293/279/140 296/277/140
f 279/278/29 286/1606/29 296/277/29
f 278/280/28 292/283/28 297/281/28
f 277/266/29 288/268/29 297/281/29
f 276/284/28 291/288/28 298/285/28
f 275/287/29 290/1607/29 298/285/29
f 276/284/4 289/286/4 273/289/4
f 300/291/5 302/299/5 301/292/5
f 303/294/5 304/300/5 306/295/5
f 307/297/5 308/307/5 306/295/5
f 305/296/5 310/304/5 309/298/5
f 300/291/2 312/1608/2 64/76/2
f 63/66/3 311/301/3 299/293/3
f 303/294/1 314/2/1 313/11/1
f 311/301/3 318/305/3 305/296/3
f 317/302/14 318/305/14 305/296/14
f 320/303/2 319/1609/2 309/298/2
f 304/300/2 313/11/2 317/302/2
f 318/305/3 314/2/3 303/294/3
f 311/301/1 312/1608/1 300/291/1
f 64/76/14 63/66/14 301/292/14
f 316/306/3 315/1610/3 308/307/3
f 317/302/2 312/1608/2 300/291/2
f 322/308/5 324/1611/5 334/309/5
f 328/311/5 337/1612/5 340/312/5
f 330/314/5 335/1613/5 338/315/5
f 329/317/5 332/321/5 333/318/5
f 344/320/33 345/323/33 333/318/33
f 344/320/32 331/1614/32 334/322/32
f 343/324/33 346/327/33 335/325/33
f 343/324/34 329/317/34 336/319/34
f 342/328/33 347/332/33 337/329/33
f 342/328/34 327/1615/34 338/331/34
f 326/333/33 341/336/33 348/334/33
f 341/336/32 325/1616/32 340/337/32
f 321/338/5 326/333/5 339/335/5
f 354/340/5 355/347/5 356/341/5
f 362/343/5 361/353/5 364/344/5
f 352/346/35 356/341/35 355/347/35
f 349/349/36 354/340/36 353/342/36
f 360/351/37 358/1617/37 363/345/37
f 362/343/38 357/1618/38 359/352/38
f 366/354/39 677/364/39 678/355/39
f 367/357/39 368/365/39 369/358/39
f 371/360/39 369/358/39 366/354/39
f 365/356/39 372/359/39 374/362/39
f 488/354/40 375/364/40 677/364/40
f 552/355/41 559/356/41 365/356/41
f 554/357/4 376/365/4 368/365/4
f 559/356/41 556/359/41 372/359/41
f 369/358/5 377/358/5 556/359/5
f 381/362/40 380/363/40 373/363/40
f 376/365/40 377/358/40 369/358/40
f 556/359/41 554/357/41 367/357/41
f 559/356/4 488/354/4 366/354/4
f 379/361/41 378/360/41 371/360/41
f 377/358/40 488/354/40 366/354/40
f 383/366/39 385/413/39 395/367/39
f 389/369/39 398/1619/39 401/370/39
f 391/372/39 396/383/39 399/373/39
f 393/375/39 394/379/39 397/376/39
f 405/378/42 406/381/42 394/379/42
f 392/380/43 395/404/43 406/381/43
f 404/382/42 407/384/42 396/383/42
f 390/377/43 397/376/43 407/384/43
f 403/385/42 408/388/42 398/386/42
f 388/374/43 399/373/43 408/388/43
f 402/389/141 409/393/141 400/390/141
f 386/392/43 401/1620/43 409/393/43
f 387/391/39 400/390/39 384/394/39
f 416/396/39 417/402/39 414/397/39
f 422/399/39 425/403/39 424/400/39
f 413/402/44 417/402/44 416/396/44
f 410/398/45 415/398/45 414/397/45
f 421/403/46 419/400/46 424/400/46
f 423/401/47 418/401/47 420/399/47
f 427/355/48 428/364/48 426/354/48
f 429/357/48 435/359/48 433/358/48
f 426/354/48 433/358/48 432/360/48
f 434/356/48 436/363/48 437/362/48
f 428/364/40 490/364/40 489/354/40
f 434/356/41 438/356/41 553/355/41
f 430/365/4 491/365/4 555/357/4
f 435/359/41 439/359/41 438/356/41
f 433/358/5 435/359/5 439/359/5
f 436/363/40 442/363/40 443/362/40
f 433/358/40 494/358/40 491/365/40
f 435/359/41 429/357/41 555/357/41
f 426/354/4 489/354/4 438/356/4
f 432/360/41 440/360/41 441/361/41
f 426/354/40 489/354/40 494/358/40
f 457/404/48 447/412/48 445/405/48
f 463/370/48 460/1619/48 451/369/48
f 461/373/48 458/383/48 453/372/48
f 459/406/48 456/1621/48 455/407/48
f 456/379/49 468/381/49 467/378/49
f 468/381/50 457/404/50 454/380/50
f 458/383/49 469/384/49 466/382/49
f 469/384/50 459/376/50 452/377/50
f 460/386/49 470/388/49 465/385/49
f 470/388/50 461/373/50 450/374/50
f 462/390/49 471/393/49 464/389/49
f 471/393/50 463/1620/50 448/392/50
f 446/394/48 462/390/48 449/391/48
f 476/397/48 479/402/48 478/396/48
f 486/400/48 487/403/48 484/399/48
f 478/396/44 479/402/44 475/402/44
f 474/397/45 476/397/45 477/398/45
f 487/403/46 486/400/46 481/400/46
f 484/399/47 482/399/47 480/401/47
f 489/354/40 490/364/40 375/364/40
f 491/365/40 494/358/40 377/358/40
f 493/358/40 494/358/40 489/354/40
f 377/358/40 496/358/40 495/354/40
f 497/409/48 499/1622/48 490/364/48
f 375/364/39 498/1622/39 505/409/39
f 619/410/4 500/410/4 491/365/4
f 505/409/39 501/411/39 377/358/39
f 504/411/5 501/411/5 377/358/5
f 507/411/48 506/409/48 495/354/48
f 500/410/48 504/411/48 494/358/48
f 501/411/39 619/410/39 376/365/39
f 488/354/4 505/409/4 497/409/4
f 503/409/39 502/411/39 493/358/39
f 504/411/48 497/409/48 489/354/48
f 509/405/40 511/412/40 521/412/40
f 515/366/40 524/413/40 527/413/40
f 517/405/40 522/412/40 525/412/40
f 519/366/40 520/413/40 523/413/40
f 531/414/51 532/415/51 520/412/51
f 518/405/52 521/412/52 532/415/52
f 530/414/51 533/415/51 522/412/51
f 516/405/52 523/412/52 533/415/52
f 529/414/51 534/415/51 524/412/51
f 514/405/53 525/412/53 534/415/53
f 528/414/51 535/415/51 526/412/51
f 512/405/53 527/412/53 535/415/53
f 513/405/40 526/412/40 510/412/40
f 541/416/40 542/423/40 543/417/40
f 549/419/40 548/427/40 551/420/40
f 539/422/55 543/417/55 542/423/55
f 538/425/56 536/1623/56 541/416/56
f 551/420/57 547/1624/57 545/426/57
f 548/427/58 549/419/58 544/428/58
f 552/355/41 553/355/41 438/356/41
f 554/357/41 556/359/41 439/359/41
f 438/356/41 439/359/41 558/359/41
f 560/356/41 561/359/41 556/359/41
f 438/356/48 553/355/48 565/430/48
f 559/356/39 562/431/39 564/430/39
f 555/357/4 566/432/4 618/432/4
f 556/359/39 567/433/39 562/431/39
f 439/359/5 556/359/5 567/433/5
f 560/356/48 571/431/48 572/433/48
f 439/359/48 570/433/48 566/432/48
f 554/357/39 618/432/39 567/433/39
f 438/356/4 563/431/4 562/431/4
f 558/359/39 568/433/39 569/431/39
f 438/356/48 563/431/48 570/433/48
f 586/394/41 576/394/41 574/395/41
f 592/434/41 589/434/41 580/435/41
f 590/394/41 587/394/41 582/395/41
f 588/434/41 585/434/41 584/435/41
f 585/394/59 597/437/59 596/436/59
f 597/437/60 586/394/60 583/395/60
f 587/394/61 598/437/61 595/436/61
f 598/437/60 588/394/60 581/395/60
f 589/394/59 599/437/59 594/436/59
f 599/437/60 590/394/60 579/395/60
f 591/394/61 600/437/61 593/436/61
f 600/437/60 592/394/60 577/395/60
f 575/394/41 591/394/41 578/395/41
f 606/438/41 605/446/41 608/439/41
f 614/441/41 615/1625/41 616/442/41
f 607/440/55 608/439/55 604/444/55
f 605/446/56 606/438/56 601/447/56
f 616/442/57 615/1625/57 610/449/57
f 611/451/58 609/1626/58 614/441/58
f 623/432/4 617/410/4 619/410/4
f 500/410/4 620/410/4 624/432/4
f 621/452/4 622/452/4 620/410/4
f 623/432/4 624/432/4 626/453/4
f 620/410/39 630/1627/39 629/454/39
f 634/455/40 633/455/40 625/453/40
f 627/454/48 628/1627/48 617/410/48
f 632/456/41 631/456/41 622/452/41
f 645/457/4 636/458/4 638/458/4
f 642/459/4 651/459/4 654/460/4
f 641/461/4 644/462/4 649/462/4
f 646/463/4 647/463/4 650/464/4
f 658/465/62 659/465/62 647/466/62
f 645/457/63 648/457/63 659/465/63
f 657/467/62 660/467/62 649/462/62
f 643/468/63 650/468/63 660/467/63
f 656/469/62 661/469/62 651/470/62
f 641/461/63 652/461/63 661/469/63
f 655/471/142 662/471/142 653/472/142
f 639/473/63 654/473/63 662/471/63
f 640/472/4 653/472/4 637/474/4
f 664/475/5 666/475/5 665/476/5
f 668/475/5 670/475/5 669/476/5
f 672/477/5 670/475/5 664/475/5
f 669/476/5 674/478/5 673/478/5
f 664/475/40 676/364/40 428/364/40
f 427/355/41 675/355/41 663/476/41
f 678/355/39 677/364/39 668/475/39
f 675/355/41 682/355/41 669/476/41
f 681/364/48 682/355/48 669/476/48
f 684/479/40 683/479/40 673/478/40
f 677/364/40 681/364/40 670/475/40
f 682/355/41 678/355/41 667/476/41
f 675/355/39 676/364/39 664/475/39
f 428/364/143 427/355/143 665/476/143
f 680/480/41 679/480/41 672/477/41
f 681/364/40 676/364/40 664/475/40
f 695/481/5 686/482/5 688/482/5
f 689/483/5 692/484/5 701/484/5
f 694/485/5 699/485/5 702/486/5
f 693/487/5 696/488/5 697/488/5
f 708/489/64 709/489/64 697/490/64
f 695/481/65 698/481/65 709/489/65
f 707/491/64 710/491/64 699/485/64
f 693/492/65 700/492/65 710/491/65
f 706/493/64 711/493/64 701/494/64
f 691/486/144 702/486/144 711/493/144
f 705/495/64 712/495/64 703/496/64
f 689/497/65 704/497/65 712/495/65
f 690/496/5 703/496/5 687/498/5
f 718/499/5 719/506/5 720/500/5
f 726/502/5 725/510/5 728/503/5
f 716/505/67 720/500/67 719/506/67
f 713/508/68 718/499/68 717/501/68
f 724/508/69 722/509/69 727/504/69
f 726/502/70 721/505/70 723/507/70
f 730/511/71 1041/522/71 1042/512/71
f 732/514/71 733/518/71 736/515/71
f 734/517/71 735/530/71 733/518/71
f 729/513/71 736/515/71 738/519/71
f 852/521/72 739/641/72 1041/522/72
f 916/523/73 923/525/73 729/513/73
f 918/524/4 740/528/4 732/514/4
f 923/525/73 920/526/73 736/515/73
f 733/518/5 741/531/5 920/526/5
f 745/527/72 744/1628/72 737/520/72
f 740/528/72 741/531/72 733/518/72
f 920/526/73 918/524/73 731/516/73
f 923/525/4 852/521/4 730/511/4
f 743/529/73 742/1629/73 735/530/73
f 741/531/72 852/521/72 730/511/72
f 747/532/71 749/1630/71 759/533/71
f 753/535/71 762/553/71 765/536/71
f 755/538/71 760/1631/71 763/539/71
f 757/541/71 758/545/71 761/542/71
f 769/544/74 770/547/74 758/545/74
f 756/546/145 759/1632/145 770/547/145
f 768/548/76 771/551/76 760/549/76
f 754/543/75 761/542/75 771/551/75
f 767/552/76 772/555/76 762/553/76
f 752/554/75 763/1633/75 772/555/75
f 766/556/76 773/559/76 764/557/76
f 750/537/75 765/536/75 773/559/75
f 751/560/71 764/1634/71 748/561/71
f 780/563/71 781/1635/71 778/564/71
f 786/566/71 789/574/71 788/567/71
f 777/569/77 781/1635/77 780/563/77
f 774/571/84 779/565/84 778/564/84
f 785/573/79 783/1636/79 788/567/79
f 787/568/80 782/1637/80 784/575/80
f 791/576/81 792/586/81 790/577/81
f 793/579/81 799/585/81 797/580/81
f 790/577/81 797/580/81 796/582/81
f 800/584/81 801/594/81 799/585/81
f 792/586/72 854/646/72 853/587/72
f 798/578/73 802/590/73 917/588/73
f 794/581/4 855/595/4 919/589/4
f 799/585/73 803/591/73 802/590/73
f 797/580/5 799/585/5 803/591/5
f 800/584/72 806/1638/72 807/593/72
f 797/580/72 858/592/72 855/595/72
f 799/585/73 793/579/73 919/589/73
f 790/577/4 853/587/4 802/590/4
f 796/582/73 804/1639/73 805/596/73
f 790/577/72 853/587/72 858/592/72
f 821/597/81 811/1640/81 809/598/81
f 827/600/81 824/1641/81 815/601/81
f 825/603/81 822/613/81 817/604/81
f 823/606/81 820/1642/81 819/607/81
f 820/609/82 832/612/82 831/610/82
f 832/612/83 821/597/83 818/599/83
f 822/613/82 833/615/82 830/614/82
f 833/615/83 823/1643/83 816/616/83
f 824/617/82 834/620/82 829/618/82
f 834/620/83 825/603/83 814/605/83
f 826/621/82 835/624/82 828/622/82
f 835/624/83 827/1644/83 812/625/83
f 810/626/81 826/621/81 813/623/81
f 840/628/81 843/1645/81 842/629/81
f 849/631/81 850/638/81 851/632/81
f 842/629/77 843/1645/77 839/634/77
f 838/636/84 840/628/84 841/630/84
f 850/638/79 845/1646/79 847/639/79
f 848/633/80 846/1647/80 844/640/80
f 853/587/72 854/646/72 739/641/72
f 855/595/72 858/592/72 741/531/72
f 857/642/72 858/592/72 853/587/72
f 741/531/72 860/651/72 859/644/72
f 861/645/81 863/1648/81 854/646/81
f 862/647/71 869/649/71 852/521/71
f 740/528/4 983/756/4 864/648/4
f 869/649/71 865/652/71 741/531/71
f 868/650/5 865/652/5 741/531/5
f 871/642/81 870/643/81 859/644/81
f 864/648/81 868/650/81 858/592/81
f 865/652/71 983/756/71 740/528/71
f 852/521/4 869/649/4 861/645/4
f 867/653/71 866/1649/71 857/642/71
f 868/650/81 861/645/81 853/587/81
f 873/654/72 875/1650/72 885/655/72
f 879/657/72 888/1651/72 891/658/72
f 881/660/72 886/1652/72 889/661/72
f 883/663/72 884/667/72 887/664/72
f 895/666/85 896/669/85 884/667/85
f 882/668/86 885/1653/86 896/669/86
f 894/670/85 897/673/85 886/671/85
f 880/665/86 887/664/86 897/673/86
f 893/674/85 898/678/85 888/675/85
f 878/677/146 889/1654/146 898/678/146
f 892/679/85 899/683/85 890/680/85
f 876/682/86 891/1655/86 899/683/86
f 877/681/72 890/680/72 874/684/72
f 905/686/72 906/693/72 907/687/72
f 913/689/72 912/697/72 915/690/72
f 903/692/87 907/687/87 906/693/87
f 902/695/88 900/1656/88 905/686/88
f 915/690/89 911/1657/89 909/696/89
f 912/697/90 913/689/90 908/698/90
f 916/523/73 917/588/73 802/590/73
f 918/524/73 920/526/73 803/591/73
f 921/700/73 802/590/73 803/591/73
f 924/702/73 925/711/73 920/526/73
f 802/590/81 917/588/81 929/703/81
f 923/525/71 926/707/71 928/705/71
f 919/589/4 930/712/4 982/706/4
f 920/526/71 931/708/71 926/707/71
f 803/591/5 920/526/5 931/708/5
f 924/702/81 935/1658/81 936/710/81
f 803/591/81 934/709/81 930/712/81
f 918/524/71 982/706/71 931/708/71
f 802/590/4 927/704/4 926/707/4
f 922/701/71 932/1659/71 933/713/71
f 802/590/81 927/704/81 934/709/81
f 950/714/73 940/1660/73 938/715/73
f 956/717/73 953/732/73 944/718/73
f 954/720/73 951/729/73 946/721/73
f 952/723/73 949/726/73 948/724/73
f 949/726/91 961/728/91 960/727/91
f 961/728/92 950/714/92 947/716/92
f 951/729/91 962/731/91 959/730/91
f 962/731/92 952/723/92 945/725/92
f 953/732/91 963/734/91 958/733/91
f 963/734/92 954/720/92 943/722/92
f 955/735/91 964/738/91 957/736/91
f 964/738/92 956/717/92 941/719/92
f 939/739/73 955/735/73 942/737/73
f 970/741/73 969/749/73 972/742/73
f 978/744/73 979/752/73 980/745/73
f 966/747/87 971/743/87 972/742/87
f 969/749/88 970/741/88 965/750/88
f 979/752/89 974/1661/89 976/753/89
f 975/754/90 973/1662/90 978/744/90
f 987/755/4 981/760/4 983/756/4
f 864/648/4 984/759/4 988/757/4
f 985/758/4 986/767/4 984/759/4
f 987/755/4 988/757/4 990/761/4
f 984/759/71 994/1663/71 993/763/71
f 998/764/72 997/1664/72 989/762/72
f 991/765/81 992/1665/81 981/760/81
f 996/766/73 995/1666/73 986/767/73
f 1009/768/4 1000/1667/4 1002/769/4
f 1003/771/4 1006/789/4 1015/772/4
f 1008/774/4 1013/1668/4 1016/775/4
f 1010/777/4 1011/781/4 1014/778/4
f 1010/777/95 1022/783/95 1023/780/95
f 1009/782/147 1012/1669/147 1023/780/147
f 1008/784/95 1021/787/95 1024/785/95
f 1007/779/147 1014/778/147 1024/785/147
f 1020/788/95 1025/791/95 1015/772/95
f 1005/790/94 1016/1670/94 1025/791/94
f 1019/792/93 1026/795/93 1017/793/93
f 1003/771/94 1018/773/94 1026/795/94
f 999/796/4 1004/1671/4 1017/797/4
f 1027/799/5 1028/806/5 1030/800/5
f 1032/802/5 1034/811/5 1033/803/5
f 1036/805/5 1034/811/5 1028/806/5
f 1033/803/5 1038/813/5 1037/808/5
f 1028/806/72 1040/814/72 792/586/72
f 791/576/73 1039/809/73 1027/799/73
f 1031/804/71 1042/512/71 1041/522/71
f 1039/809/73 1046/1672/73 1033/803/73
f 1045/810/81 1046/1672/81 1033/803/81
f 1048/812/72 1047/1673/72 1037/808/72
f 1041/522/72 1045/810/72 1034/811/72
f 1033/803/73 1046/1672/73 1042/512/73
f 1027/799/71 1039/809/71 1040/814/71
f 792/586/148 791/576/148 1029/801/148
f 1044/815/73 1043/1674/73 1036/805/73
f 1045/810/72 1040/814/72 1028/806/72
f 1059/816/5 1050/1675/5 1052/817/5
f 1053/819/5 1056/837/5 1065/820/5
f 1058/822/5 1063/1676/5 1066/823/5
f 1057/825/5 1060/1677/5 1061/826/5
f 1072/828/98 1073/831/98 1061/829/98
f 1059/816/106 1062/818/106 1073/831/106
f 1058/832/96 1071/835/96 1074/833/96
f 1071/835/107 1057/1678/107 1064/836/107
f 1056/837/98 1070/840/98 1075/838/98
f 1055/839/97 1066/1679/97 1075/838/97
f 1069/841/96 1076/844/96 1067/842/96
f 1053/819/97 1068/821/97 1076/844/97
f 1054/845/5 1067/1680/5 1051/846/5
f 1082/848/5 1083/855/5 1084/849/5
f 1090/851/5 1089/861/5 1092/852/5
f 1080/854/99 1084/849/99 1083/855/99
f 1077/857/100 1082/848/100 1081/850/100
f 1088/859/149 1086/1681/149 1091/853/149
f 1090/851/102 1085/1682/102 1087/860/102
f 1094/862/71 1405/873/71 1406/863/71
f 1096/865/71 1097/869/71 1100/866/71
f 1098/868/71 1099/881/71 1097/869/71
f 1093/864/71 1100/866/71 1102/870/71
f 1216/872/72 1103/988/72 1405/873/72
f 1280/874/73 1287/876/73 1093/864/73
f 1282/875/4 1104/879/4 1096/865/4
f 1287/876/73 1284/877/73 1100/866/73
f 1097/869/5 1105/882/5 1284/877/5
f 1109/878/72 1108/1683/72 1101/871/72
f 1104/879/72 1105/882/72 1097/869/72
f 1284/877/73 1282/875/73 1095/867/73
f 1287/876/4 1216/872/4 1094/862/4
f 1107/880/73 1106/1684/73 1099/881/73
f 1105/882/72 1216/872/72 1094/862/72
f 1111/883/71 1113/1685/71 1123/884/71
f 1117/886/71 1126/902/71 1129/887/71
f 1119/889/71 1124/899/71 1127/890/71
f 1121/892/71 1122/896/71 1125/893/71
f 1133/895/74 1134/897/74 1122/896/74
f 1120/885/75 1123/884/75 1134/897/75
f 1132/898/76 1135/900/76 1124/899/76
f 1118/894/75 1125/893/75 1135/900/75
f 1131/901/76 1136/903/76 1126/902/76
f 1116/891/75 1127/890/75 1136/903/75
f 1130/904/76 1137/907/76 1128/905/76
f 1114/888/75 1129/887/75 1137/907/75
f 1115/906/71 1128/905/71 1112/908/71
f 1144/910/71 1145/1686/71 1142/911/71
f 1150/913/71 1153/921/71 1152/914/71
f 1141/916/77 1145/1686/77 1144/910/77
f 1138/918/84 1143/912/84 1142/911/84
f 1149/920/79 1147/1687/79 1152/914/79
f 1151/915/80 1146/1688/80 1148/922/80
f 1155/923/81 1156/933/81 1154/924/81
f 1157/926/81 1163/932/81 1161/927/81
f 1154/924/81 1161/927/81 1160/929/81
f 1164/931/81 1165/941/81 1163/932/81
f 1156/933/72 1218/993/72 1217/934/72
f 1162/925/73 1166/937/73 1281/935/73
f 1158/928/4 1219/942/4 1283/936/4
f 1163/932/73 1167/938/73 1166/937/73
f 1161/927/5 1163/932/5 1167/938/5
f 1164/931/72 1170/1689/72 1171/940/72
f 1161/927/72 1222/939/72 1219/942/72
f 1163/932/73 1157/926/73 1283/936/73
f 1154/924/4 1217/934/4 1166/937/4
f 1160/929/73 1168/1690/73 1169/943/73
f 1154/924/72 1217/934/72 1222/939/72
f 1185/944/81 1175/1691/81 1173/945/81
f 1191/947/81 1188/964/81 1179/948/81
f 1189/950/81 1186/1692/81 1181/951/81
f 1187/953/81 1184/956/81 1183/954/81
f 1184/956/82 1196/958/82 1195/957/82
f 1196/958/83 1185/1693/83 1182/959/83
f 1186/960/82 1197/963/82 1194/961/82
f 1197/963/83 1187/953/83 1180/955/83
f 1188/964/82 1198/966/82 1193/965/82
f 1198/966/83 1189/1694/83 1178/967/83
f 1190/968/150 1199/971/150 1192/969/150
f 1199/971/83 1191/947/83 1176/949/83
f 1174/972/81 1190/1695/81 1177/973/81
f 1204/975/81 1207/1696/81 1206/976/81
f 1213/978/81 1214/985/81 1215/979/81
f 1206/976/77 1207/1696/77 1203/981/77
f 1202/983/84 1204/975/84 1205/977/84
f 1214/985/79 1209/1697/79 1211/986/79
f 1212/980/80 1210/1698/80 1208/987/80
f 1217/934/72 1218/993/72 1103/988/72
f 1219/942/72 1222/939/72 1105/882/72
f 1221/989/72 1222/939/72 1217/934/72
f 1105/882/72 1224/999/72 1223/991/72
f 1225/992/81 1227/1699/81 1218/993/81
f 1226/994/71 1233/996/71 1216/872/71
f 1104/879/4 1347/1102/4 1228/995/4
f 1233/996/71 1229/1000/71 1105/882/71
f 1232/997/5 1229/1000/5 1105/882/5
f 1235/998/81 1234/1700/81 1223/991/81
f 1228/995/81 1232/997/81 1222/939/81
f 1229/1000/71 1347/1102/71 1104/879/71
f 1216/872/4 1233/996/4 1225/992/4
f 1231/1001/71 1230/1701/71 1221/989/71
f 1232/997/81 1225/992/81 1217/934/81
f 1237/1002/72 1239/1702/72 1249/1003/72
f 1243/1005/72 1252/1703/72 1255/1006/72
f 1245/1008/72 1250/1019/72 1253/1009/72
f 1247/1011/72 1248/1015/72 1251/1012/72
f 1259/1014/85 1260/1017/85 1248/1015/85
f 1246/1016/146 1249/1704/146 1260/1017/146
f 1258/1018/103 1261/1020/103 1250/1019/103
f 1244/1013/146 1251/1012/146 1261/1020/146
f 1257/1021/103 1262/1024/103 1252/1022/103
f 1242/1010/86 1253/1009/86 1262/1024/86
f 1256/1025/85 1263/1029/85 1254/1026/85
f 1240/1028/86 1255/1705/86 1263/1029/86
f 1241/1027/72 1254/1026/72 1238/1030/72
f 1269/1032/72 1270/1039/72 1271/1033/72
f 1277/1035/72 1276/1043/72 1279/1036/72
f 1267/1038/87 1271/1033/87 1270/1039/87
f 1266/1041/88 1264/1706/88 1269/1032/88
f 1279/1036/89 1275/1707/89 1273/1042/89
f 1276/1043/90 1277/1035/90 1272/1044/90
f 1280/874/73 1281/935/73 1166/937/73
f 1282/875/73 1284/877/73 1167/938/73
f 1166/937/73 1167/938/73 1286/1046/73
f 1288/1048/73 1289/1057/73 1284/877/73
f 1166/937/81 1281/935/81 1293/1049/81
f 1287/876/71 1290/1053/71 1292/1051/71
f 1283/936/4 1294/1058/4 1346/1052/4
f 1284/877/71 1295/1054/71 1290/1053/71
f 1167/938/5 1284/877/5 1295/1054/5
f 1288/1048/81 1299/1708/81 1300/1056/81
f 1167/938/81 1298/1055/81 1294/1058/81
f 1282/875/71 1346/1052/71 1295/1054/71
f 1166/937/4 1291/1050/4 1290/1053/4
f 1286/1046/71 1296/1709/71 1297/1059/71
f 1166/937/81 1291/1050/81 1298/1055/81
f 1314/1060/73 1304/1710/73 1302/1061/73
f 1320/1063/73 1317/1078/73 1308/1064/73
f 1318/1066/73 1315/1075/73 1310/1067/73
f 1316/1069/73 1313/1072/73 1312/1070/73
f 1313/1072/91 1325/1074/91 1324/1073/91
f 1325/1074/92 1314/1060/92 1311/1062/92
f 1315/1075/91 1326/1077/91 1323/1076/91
f 1326/1077/92 1316/1069/92 1309/1071/92
f 1317/1078/91 1327/1080/91 1322/1079/91
f 1327/1080/92 1318/1066/92 1307/1068/92
f 1319/1081/91 1328/1084/91 1321/1082/91
f 1328/1084/92 1320/1063/92 1305/1065/92
f 1303/1085/73 1319/1081/73 1306/1083/73
f 1334/1087/73 1333/1095/73 1336/1088/73
f 1342/1090/73 1343/1711/73 1344/1091/73
f 1335/1089/87 1336/1088/87 1332/1093/87
f 1333/1095/88 1334/1087/88 1329/1096/88
f 1344/1091/89 1343/1711/89 1338/1098/89
f 1339/1100/90 1337/1712/90 1342/1090/90
f 1351/1101/4 1345/1106/4 1347/1102/4
f 1228/995/4 1348/1105/4 1352/1103/4
f 1349/1104/4 1350/1113/4 1348/1105/4
f 1351/1101/4 1352/1103/4 1354/1107/4
f 1348/1105/71 1358/1713/71 1357/1109/71
f 1362/1110/72 1361/1714/72 1353/1108/72
f 1355/1111/81 1356/1715/81 1345/1106/81
f 1360/1112/73 1359/1716/73 1350/1113/73
f 1364/1114/4 1366/1717/4 1376/1115/4
f 1367/1117/4 1370/1135/4 1379/1118/4
f 1369/1120/4 1372/1718/4 1377/1121/4
f 1374/1123/4 1375/1127/4 1378/1124/4
f 1374/1123/95 1386/1129/95 1387/1126/95
f 1373/1128/94 1376/1719/94 1387/1126/94
f 1372/1130/95 1385/1133/95 1388/1131/95
f 1371/1125/147 1378/1124/147 1388/1131/147
f 1384/1134/95 1389/1137/95 1379/1118/95
f 1369/1136/94 1380/1720/94 1389/1137/94
f 1383/1138/93 1390/1141/93 1381/1139/93
f 1367/1117/94 1382/1119/94 1390/1141/94
f 1368/1142/4 1381/1721/4 1365/1143/4
f 1391/1145/5 1392/1152/5 1394/1146/5
f 1396/1148/5 1398/1157/5 1397/1149/5
f 1400/1151/5 1398/1157/5 1392/1152/5
f 1397/1149/5 1402/1159/5 1401/1154/5
f 1392/1152/72 1404/1160/72 1156/933/72
f 1155/923/73 1403/1155/73 1391/1145/73
f 1395/1150/71 1406/863/71 1405/873/71
f 1403/1155/73 1410/1722/73 1397/1149/73
f 1409/1156/81 1410/1722/81 1397/1149/81
f 1412/1158/72 1411/1723/72 1401/1154/72
f 1405/873/72 1409/1156/72 1398/1157/72
f 1397/1149/73 1410/1722/73 1406/863/73
f 1391/1145/71 1403/1155/71 1404/1160/71
f 1156/933/148 1155/923/148 1393/1147/148
f 1408/1161/73 1407/1724/73 1400/1151/73
f 1409/1156/72 1404/1160/72 1392/1152/72
f 1414/1162/5 1416/1725/5 1426/1163/5
f 1417/1165/5 1420/1184/5 1429/1166/5
f 1422/1168/5 1427/1726/5 1430/1169/5
f 1421/1171/5 1424/1727/5 1425/1172/5
f 1436/1174/96 1437/1177/96 1425/1175/96
f 1423/1164/97 1426/1163/97 1437/1177/97
f 1422/1178/98 1435/1182/98 1438/1179/98
f 1421/1181/97 1428/1728/97 1438/1179/97
f 1434/1183/98 1439/1186/98 1429/1166/98
f 1434/1183/97 1419/1729/97 1430/1185/97
f 1433/1187/98 1440/1190/98 1431/1188/98
f 1433/1187/97 1417/1165/97 1432/1167/97
f 1418/1191/5 1431/1730/5 1415/1192/5
f 1446/1194/5 1447/1201/5 1448/1195/5
f 1454/1197/5 1453/1207/5 1456/1198/5
f 1444/1200/99 1448/1195/99 1447/1201/99
f 1441/1203/100 1446/1194/100 1445/1196/100
f 1452/1205/101 1450/1731/101 1455/1199/101
f 1454/1197/102 1449/1732/102 1451/1206/102
f 1458/1208/108 1769/1218/108 1770/1209/108
f 1460/1211/108 1461/1222/108 1464/1212/108
f 1463/1214/108 1461/1222/108 1458/1208/108
f 1464/1212/108 1466/1225/108 1465/1216/108
f 1580/1217/109 1467/1338/109 1769/1218/109
f 1644/1219/110 1651/1221/110 1457/1210/110
f 1646/1220/4 1468/1226/4 1460/1211/4
f 1651/1221/110 1648/1223/110 1464/1212/110
f 1461/1222/5 1469/1228/5 1648/1223/5
f 1473/1224/109 1472/1733/109 1465/1216/109
f 1468/1226/109 1469/1228/109 1461/1222/109
f 1648/1223/110 1646/1220/110 1459/1213/110
f 1651/1221/4 1580/1217/4 1458/1208/4
f 1471/1227/110 1470/1734/110 1463/1214/110
f 1469/1228/109 1580/1217/109 1458/1208/109
f 1475/1229/108 1477/1735/108 1487/1230/108
f 1481/1232/108 1490/1250/108 1493/1233/108
f 1483/1235/108 1488/1736/108 1491/1236/108
f 1485/1238/108 1486/1242/108 1489/1239/108
f 1497/1241/111 1498/1244/111 1486/1242/111
f 1484/1243/112 1487/1737/112 1498/1244/112
f 1496/1245/111 1499/1248/111 1488/1246/111
f 1482/1240/112 1489/1239/112 1499/1248/112
f 1495/1249/111 1500/1252/111 1490/1250/111
f 1480/1251/112 1491/1738/112 1500/1252/112
f 1494/1253/111 1501/1256/111 1492/1254/111
f 1478/1234/112 1493/1233/112 1501/1256/112
f 1479/1257/108 1492/1739/108 1476/1258/108
f 1508/1260/108 1509/1740/108 1506/1261/108
f 1515/1263/108 1514/1272/108 1517/1264/108
f 1505/1266/113 1509/1740/113 1508/1260/113
f 1502/1268/114 1507/1262/114 1506/1261/114
f 1513/1270/115 1511/1741/115 1516/1265/115
f 1515/1263/116 1510/1742/116 1512/1271/116
f 1519/1273/117 1520/1283/117 1518/1274/117
f 1521/1276/117 1527/1282/117 1525/1277/117
f 1518/1274/117 1525/1277/117 1524/1279/117
f 1526/1275/117 1528/1290/117 1529/1281/117
f 1520/1283/109 1582/1343/109 1581/1284/109
f 1526/1275/110 1530/1287/110 1645/1285/110
f 1522/1278/4 1583/1292/4 1647/1286/4
f 1527/1282/110 1531/1288/110 1530/1287/110
f 1525/1277/5 1527/1282/5 1531/1288/5
f 1528/1290/109 1534/1743/109 1535/1291/109
f 1525/1277/109 1586/1289/109 1583/1292/109
f 1527/1282/110 1521/1276/110 1647/1286/110
f 1518/1274/4 1581/1284/4 1530/1287/4
f 1524/1279/110 1532/1744/110 1533/1293/110
f 1518/1274/109 1581/1284/109 1586/1289/109
f 1549/1294/117 1539/1745/117 1537/1295/117
f 1555/1297/117 1552/1746/117 1543/1298/117
f 1553/1300/117 1550/1310/117 1545/1301/117
f 1551/1303/117 1548/1747/117 1547/1304/117
f 1548/1306/118 1560/1309/118 1559/1307/118
f 1560/1309/119 1549/1294/119 1546/1296/119
f 1550/1310/118 1561/1312/118 1558/1311/118
f 1561/1312/119 1551/1748/119 1544/1313/119
f 1552/1314/118 1562/1317/118 1557/1315/118
f 1562/1317/119 1553/1300/119 1542/1302/119
f 1554/1318/118 1563/1321/118 1556/1319/118
f 1563/1321/119 1555/1749/119 1540/1322/119
f 1538/1323/117 1554/1318/117 1541/1320/117
f 1569/1325/117 1568/1750/117 1571/1326/117
f 1577/1328/117 1578/1751/117 1579/1329/117
f 1570/1327/113 1571/1326/113 1567/1331/113
f 1566/1333/114 1568/1750/114 1569/1325/114
f 1579/1329/115 1578/1751/115 1573/1335/115
f 1576/1330/116 1574/1752/116 1572/1337/116
f 1581/1284/109 1582/1343/109 1467/1338/109
f 1583/1292/109 1586/1289/109 1469/1228/109
f 1585/1339/109 1586/1289/109 1581/1284/109
f 1469/1228/109 1588/1349/109 1587/1341/109
f 1589/1342/117 1591/1753/117 1582/1343/117
f 1590/1344/108 1597/1346/108 1580/1217/108
f 1468/1226/4 1711/1457/4 1592/1345/4
f 1597/1346/108 1593/1350/108 1469/1228/108
f 1596/1347/5 1593/1350/5 1469/1228/5
f 1599/1348/117 1598/1754/117 1587/1341/117
f 1592/1345/117 1596/1347/117 1586/1289/117
f 1593/1350/108 1711/1457/108 1468/1226/108
f 1580/1217/4 1597/1346/4 1589/1342/4
f 1595/1351/108 1594/1755/108 1585/1339/108
f 1596/1347/117 1589/1342/117 1581/1284/117
f 1601/1352/109 1603/1756/109 1613/1353/109
f 1607/1355/109 1616/1757/109 1619/1356/109
f 1609/1358/109 1614/1370/109 1617/1359/109
f 1611/1361/109 1612/1758/109 1615/1362/109
f 1623/1364/120 1624/1368/120 1612/1365/120
f 1610/1367/121 1613/1759/121 1624/1368/121
f 1622/1369/120 1625/1372/120 1614/1370/120
f 1608/1371/121 1615/1760/121 1625/1372/121
f 1621/1373/120 1626/1376/120 1616/1374/120
f 1606/1360/121 1617/1359/121 1626/1376/121
f 1620/1377/120 1627/1381/120 1618/1378/120
f 1604/1380/121 1619/1761/121 1627/1381/121
f 1605/1379/109 1618/1378/109 1602/1382/109
f 1633/1384/109 1634/1391/109 1635/1385/109
f 1641/1387/109 1640/1396/109 1643/1388/109
f 1629/1390/122 1631/1762/122 1635/1385/122
f 1628/1392/123 1633/1384/123 1632/1386/123
f 1643/1388/124 1639/1763/124 1637/1394/124
f 1641/1387/125 1636/1764/125 1638/1395/125
f 1644/1219/110 1645/1285/110 1530/1287/110
f 1646/1220/110 1648/1223/110 1531/1288/110
f 1530/1287/110 1531/1288/110 1650/1397/110
f 1652/1399/110 1653/1408/110 1648/1223/110
f 1530/1287/117 1645/1285/117 1657/1400/117
f 1651/1221/108 1654/1404/108 1656/1402/108
f 1647/1286/4 1658/1409/4 1710/1403/4
f 1648/1223/108 1659/1405/108 1654/1404/108
f 1531/1288/5 1648/1223/5 1659/1405/5
f 1652/1399/117 1663/1765/117 1664/1407/117
f 1531/1288/117 1662/1406/117 1658/1409/117
f 1646/1220/108 1710/1403/108 1659/1405/108
f 1530/1287/4 1655/1401/4 1654/1404/4
f 1650/1397/108 1660/1766/108 1661/1410/108
f 1530/1287/117 1655/1401/117 1662/1406/117
f 1678/1411/110 1668/1767/110 1666/1412/110
f 1684/1414/110 1681/1768/110 1672/1415/110
f 1682/1417/110 1679/1427/110 1674/1418/110
f 1680/1420/110 1677/1769/110 1676/1421/110
f 1677/1423/126 1689/1426/126 1688/1424/126
f 1689/1426/127 1678/1411/127 1675/1413/127
f 1679/1427/126 1690/1429/126 1687/1428/126
f 1690/1429/127 1680/1770/127 1673/1430/127
f 1681/1431/126 1691/1434/126 1686/1432/126
f 1691/1434/127 1682/1417/127 1671/1419/127
f 1683/1435/126 1692/1438/126 1685/1436/126
f 1692/1438/127 1684/1771/127 1669/1439/127
f 1667/1440/110 1683/1435/110 1670/1437/110
f 1698/1442/110 1697/1450/110 1700/1443/110
f 1706/1445/110 1707/1453/110 1708/1446/110
f 1699/1444/122 1700/1443/122 1696/1448/122
f 1697/1450/123 1698/1442/123 1693/1451/123
f 1707/1453/124 1702/1772/124 1704/1454/124
f 1705/1447/125 1703/1773/125 1701/1455/125
f 1715/1456/4 1709/1461/4 1711/1457/4
f 1592/1345/4 1712/1460/4 1716/1458/4
f 1713/1459/4 1714/1468/4 1712/1460/4
f 1716/1458/4 1718/1465/4 1717/1462/4
f 1722/1463/108 1721/1774/108 1716/1458/108
f 1726/1464/109 1725/1775/109 1717/1462/109
f 1719/1466/117 1720/1776/117 1709/1461/117
f 1724/1467/110 1723/1777/110 1714/1468/110
f 1737/1469/4 1728/1778/4 1730/1470/4
f 1731/1472/4 1734/1490/4 1743/1473/4
f 1736/1475/4 1741/1486/4 1744/1476/4
f 1738/1478/4 1739/1779/4 1742/1479/4
f 1738/1481/130 1750/1484/130 1751/1482/130
f 1737/1469/131 1740/1471/131 1751/1482/131
f 1736/1475/130 1749/1487/130 1752/1485/130
f 1749/1487/131 1735/1780/131 1742/1488/131
f 1748/1489/130 1753/1491/130 1743/1473/130
f 1748/1489/129 1733/1477/129 1744/1476/129
f 1747/1492/130 1754/1495/130 1745/1493/130
f 1731/1472/129 1746/1474/129 1754/1495/129
f 1732/1494/4 1745/1493/4 1729/1496/4
f 1756/1498/5 1758/1506/5 1757/1499/5
f 1759/1501/5 1760/1507/5 1762/1502/5
f 1763/1504/5 1764/1514/5 1762/1502/5
f 1761/1503/5 1766/1511/5 1765/1505/5
f 1756/1498/109 1768/1781/109 1520/1283/109
f 1519/1273/110 1767/1512/110 1755/1500/110
f 1759/1501/108 1770/1209/108 1769/1218/108
f 1755/1500/110 1767/1512/110 1774/1508/110
f 1773/1509/117 1774/1508/117 1761/1503/117
f 1776/1510/109 1775/1782/109 1765/1505/109
f 1769/1218/109 1773/1509/109 1762/1502/109
f 1761/1503/110 1774/1508/110 1770/1209/110
f 1767/1512/108 1768/1781/108 1756/1498/108
f 1520/1283/117 1519/1273/117 1757/1499/117
f 1772/1513/110 1771/1783/110 1764/1514/110
f 1773/1509/109 1768/1781/109 1756/1498/109
f 1778/1515/5 1780/1784/5 1790/1516/5
f 1781/1518/5 1784/1785/5 1793/1519/5
f 1786/1521/5 1791/1532/5 1794/1522/5
f 1785/1524/5 1788/1786/5 1789/1525/5
f 1800/1527/132 1801/1530/132 1789/1528/132
f 1800/1527/133 1787/1517/133 1790/1516/133
f 1799/1531/134 1802/1534/134 1791/1532/134
f 1799/1531/151 1785/1787/151 1792/1533/151
f 1798/1535/134 1803/1538/134 1793/1536/134
f 1783/1523/133 1794/1522/133 1803/1538/133
f 1797/1539/134 1804/1543/134 1795/1540/134
f 1797/1539/133 1781/1788/133 1796/1542/133
f 1777/1544/5 1782/1541/5 1795/1540/5
f 1810/1546/5 1811/1553/5 1812/1547/5
f 1818/1549/5 1817/1559/5 1820/1550/5
f 1808/1552/135 1812/1547/135 1811/1553/135
f 1805/1555/136 1810/1546/136 1809/1548/136
f 1816/1557/137 1814/1789/137 1819/1551/137
f 1818/1549/138 1813/1790/138 1815/1558/138
