# Blender 4.4.0
# www.blender.org
mtllib Prop_Scarecrow_01.mtl
o Prop_Scarecrow_01
v 0.080162 1.766342 0.044270
v 0.114070 0.708142 -0.155182
v 0.114070 0.753758 0.199634
v 0.080162 1.782828 -0.090028
v 0.211609 0.735478 0.162333
v 0.185303 1.749912 0.027479
v 0.219318 0.739029 -0.085979
v 0.210890 1.757763 -0.071552
v -0.006590 0.838740 -0.155182
v -0.006546 1.786074 -0.091683
v -0.094255 0.721236 0.199634
v -0.088343 1.767495 0.044270
v 0.091012 1.625766 -0.132505
v 0.091012 1.640188 0.135604
v 0.196298 1.619046 -0.106234
v 0.181620 1.634259 0.107091
v -0.006546 1.625766 -0.128543
v 0.068625 1.490444 -0.100184
v 0.068625 1.502829 0.150284
v 0.154083 1.483438 -0.057336
v 0.140855 1.493408 0.123012
v -0.006548 1.489570 -0.094188
v 0.234791 0.842725 0.022226
v 0.195830 1.756211 -0.036508
v 0.080162 1.776326 -0.047940
v -0.006546 1.780178 -0.066812
v 0.168092 1.486175 0.020997
v -0.093254 1.766342 0.044270
v -0.125869 0.771752 -0.155182
v -0.126417 0.725079 0.199634
v -0.093254 1.782828 -0.090028
v -0.223275 0.750424 0.162333
v -0.198395 1.749912 0.027479
v -0.231287 0.739831 -0.085979
v -0.223982 1.757763 -0.071552
v -0.104104 1.625766 -0.126390
v -0.104104 1.640188 0.136232
v -0.292306 1.689980 0.018318
v -0.194712 1.634259 0.107091
v -0.081722 1.490444 -0.088502
v -0.081722 1.502829 0.150284
v -0.167086 1.483438 -0.050774
v -0.153951 1.493408 0.123012
v -0.256677 0.816314 0.022226
v -0.285491 1.715448 -0.105879
v -0.093254 1.776326 -0.047940
v -0.288194 1.746116 -0.007339
v -0.179728 1.486175 0.023862
v -0.097506 1.721792 -0.119657
v 0.281151 1.754602 -0.088091
v -0.006546 1.753171 -0.112636
v 0.342700 1.728134 0.000051
v 0.354203 1.750127 -0.097810
v 0.346622 1.654153 -0.115602
v 0.334388 1.635045 -0.009725
v 0.213263 1.599465 -0.008962
v 0.338851 1.625207 -0.065492
v 0.349394 1.752079 -0.044114
v 0.085587 1.703265 0.093081
v 0.503721 1.710466 -0.100605
v 0.084414 1.721792 -0.119663
v 0.183461 1.692086 0.067285
v 0.204077 1.703913 -0.096659
v 0.338544 1.681590 -0.004837
v 0.351232 1.712514 -0.113624
v 0.503721 1.717986 -0.014322
v 0.883215 1.704583 -0.022314
v 0.503721 1.735465 -0.089426
v 0.882469 1.712238 -0.075777
v 0.503721 1.636475 -0.021050
v 0.872642 1.619869 -0.026013
v 0.503721 1.652408 -0.101639
v 0.891850 1.612730 -0.069331
v 0.612773 1.717106 -0.025424
v 0.612773 1.723947 -0.090168
v 0.612773 1.635356 -0.080802
v 0.612773 1.639945 -0.023499
v 0.880356 1.688877 -0.089162
v 0.503721 1.692024 -0.012389
v 0.887284 1.681074 -0.015765
v 0.612773 1.690110 -0.015303
v 0.612773 1.700356 -0.103578
v 0.746149 1.702103 -0.027084
v 0.746149 1.707995 -0.067274
v 0.746149 1.658698 -0.067256
v 0.746149 1.658722 -0.027668
v 0.746149 1.680504 -0.022659
v 0.746149 1.689102 -0.076566
v 0.503721 1.737277 -0.048058
v 0.879814 1.714526 -0.048855
v 0.503721 1.609794 -0.063348
v 0.877539 1.589526 -0.048145
v 0.612773 1.623235 -0.052130
v 0.612773 1.727132 -0.058316
v 0.746149 1.655985 -0.046906
v 0.746149 1.709507 -0.047070
v -0.288194 1.635588 0.027579
v -0.285491 1.761694 -0.088091
v -0.209390 1.619046 -0.104696
v -0.285493 1.629569 -0.037223
v -0.359440 1.725569 0.000051
v -0.370942 1.747562 -0.097810
v -0.363362 1.651589 -0.115602
v -0.351128 1.632481 -0.009725
v -0.226358 1.599465 -0.008826
v -0.207341 1.756574 -0.038017
v -0.355591 1.622643 -0.065492
v -0.366134 1.749514 -0.044114
v -0.516813 1.710466 -0.100605
v -0.286466 1.754456 -0.036206
v -0.285491 1.643692 -0.110918
v -0.355284 1.679025 -0.004837
v -0.367972 1.709949 -0.113624
v -0.516813 1.717986 -0.014322
v -0.886371 1.704583 -0.022314
v -0.516814 1.735465 -0.089426
v -0.896370 1.711776 -0.075777
v -0.516813 1.642198 -0.021050
v -0.874281 1.648658 -0.026013
v -0.516813 1.657284 -0.101639
v -0.889845 1.605871 -0.069331
v -0.625865 1.716081 -0.026857
v -0.625865 1.722602 -0.088581
v -0.625865 1.642414 -0.079652
v -0.625865 1.645614 -0.025022
v -0.899376 1.673696 -0.089162
v -0.516813 1.692024 -0.012389
v -0.881078 1.681727 -0.015765
v -0.625865 1.690423 -0.017209
v -0.625865 1.700112 -0.101366
v -0.759241 1.702489 -0.027345
v -0.759241 1.710436 -0.066981
v -0.759241 1.656349 -0.067028
v -0.759241 1.658258 -0.030620
v -0.759241 1.680274 -0.022981
v -0.759241 1.689708 -0.078759
v -0.516813 1.737277 -0.048058
v -0.891677 1.714525 -0.048855
v -0.516813 1.633950 -0.063348
v -0.883950 1.617138 -0.048145
v -0.625865 1.640076 -0.052318
v -0.625865 1.725639 -0.058215
v -0.759241 1.653373 -0.046894
v -0.759241 1.712095 -0.047056
v -0.098679 1.703265 0.093081
v -0.217169 1.703913 -0.096659
v -0.196553 1.692086 0.067285
v 0.260604 1.646222 -0.110918
v 0.241722 1.635162 0.036815
v 0.258576 1.739023 0.001897
v 0.269732 1.752476 -0.034558
v 0.265202 1.629227 -0.037230
v 0.277353 1.708355 -0.105879
v 0.255577 1.686693 0.019356
v 0.081683 0.756532 0.199634
v -0.086157 1.640049 0.132558
v -0.065668 0.706315 0.163632
v 0.061257 1.641737 0.110174
v -0.059780 1.497330 0.131579
v 0.062733 1.709951 0.072185
v 0.044681 1.497415 0.131579
v 0.052370 0.731461 0.163632
v -0.078903 1.710182 0.072185
v -0.074735 1.641927 0.111277
v 0.076999 1.372450 -0.094495
v 0.076438 1.385472 0.158707
v 0.161178 1.366673 -0.054147
v 0.151124 1.376996 0.130986
v 0.058976 1.385575 0.157628
v -0.006555 1.371213 -0.094529
v 0.172955 1.369742 0.023954
v -0.090955 1.372456 -0.094516
v -0.090937 1.385487 0.159540
v -0.176050 1.366776 -0.054145
v -0.166912 1.377106 0.130986
v -0.184231 1.369830 0.024110
v -0.073235 1.385551 0.159031
v 0.045620 1.376043 0.133815
v -0.060765 1.375987 0.136049
v 0.094502 1.022931 -0.130324
v 0.093180 1.037100 0.181679
v 0.177816 1.019850 -0.073358
v 0.171154 1.030840 0.148019
v 0.069514 1.037418 0.181679
v -0.006252 1.021027 -0.130319
v 0.196462 1.023852 0.022179
v -0.105222 1.025274 -0.130137
v -0.103840 1.040089 0.181679
v -0.198155 1.024005 -0.074123
v -0.188158 1.035127 0.148019
v -0.224018 1.027642 0.021913
v -0.079753 1.039628 0.181679
v 0.048246 1.018779 0.151984
v -0.059806 1.020118 0.151984
v 0.073206 1.767372 0.044270
v 0.073305 1.776991 -0.048675
v 0.067063 1.757383 0.036243
v 0.067063 1.766880 -0.052078
v -0.088065 1.776556 -0.049069
v -0.085156 1.759552 0.034796
v -0.085425 1.768166 -0.049756
v 0.079836 1.764485 0.043177
v 0.113259 0.707914 -0.153277
v 0.113620 0.753593 0.197650
v 0.079818 1.780649 -0.088904
v 0.210048 0.735170 0.160731
v 0.184682 1.748162 0.026297
v 0.217751 0.738730 -0.084469
v 0.210695 1.755549 -0.070402
v -0.006621 0.838523 -0.153192
v -0.006545 1.783844 -0.090613
v -0.095368 0.721169 0.197681
v -0.089604 1.766192 0.042690
v 0.090760 1.625936 -0.130455
v 0.090769 1.639515 0.133617
v 0.195214 1.620005 -0.104048
v 0.179883 1.634000 0.104944
v 0.074394 1.639247 0.129880
v -0.006480 1.625904 -0.126514
v 0.068309 1.490779 -0.098162
v 0.068380 1.502655 0.148256
v 0.152322 1.483905 -0.055907
v 0.139243 1.493427 0.121395
v -0.069230 1.502528 0.148398
v -0.006461 1.489817 -0.092188
v 0.232760 0.842367 0.022253
v 0.195560 1.754242 -0.036784
v 0.079899 1.774358 -0.048191
v -0.006544 1.778210 -0.067172
v 0.166017 1.486454 0.020871
v -0.092914 1.764491 0.043171
v -0.125076 0.771507 -0.153258
v -0.126083 0.724936 0.197631
v -0.092913 1.780639 -0.088905
v -0.221787 0.750158 0.160642
v -0.197263 1.748233 0.026314
v -0.229660 0.739558 -0.084630
v -0.222954 1.755192 -0.070356
v -0.103831 1.625995 -0.124364
v -0.103851 1.639513 0.134246
v -0.192672 1.634047 0.104973
v -0.081339 1.490739 -0.086493
v -0.081462 1.502650 0.148260
v -0.165285 1.483887 -0.049308
v -0.152323 1.493419 0.121398
v -0.254612 0.816019 0.022264
v -0.093014 1.774351 -0.048189
v -0.177653 1.486448 0.023729
v -0.097269 1.721264 -0.117694
v 0.281299 1.752565 -0.086757
v -0.006535 1.752478 -0.110712
v 0.074298 1.702548 0.091442
v 0.211533 1.600913 -0.009128
v 0.085357 1.702103 0.091437
v 0.084185 1.721231 -0.117712
v 0.182601 1.691156 0.065686
v 0.203991 1.703363 -0.094676
v 0.883311 1.703167 -0.024092
v 0.882616 1.710357 -0.074508
v 0.873110 1.621047 -0.027780
v 0.892329 1.613929 -0.067652
v 0.880556 1.688666 -0.087023
v 0.887387 1.680999 -0.017803
v 0.746129 1.682735 -0.047912
v -0.794369 1.647524 -0.047905
v -0.798121 1.684711 -0.077474
v -0.793408 1.680589 -0.024758
v -0.791688 1.658369 -0.032270
v -0.795945 1.646591 -0.064951
v 0.879885 1.712497 -0.049135
v 0.878497 1.591846 -0.047760
v -0.797274 1.706950 -0.066835
v -0.794749 1.700089 -0.029019
v -0.207901 1.619980 -0.102684
v -0.224312 1.600698 -0.008979
v -0.206203 1.754386 -0.038416
v -0.886457 1.703017 -0.023930
v -0.896456 1.709978 -0.074277
v -0.874509 1.649796 -0.027733
v -0.890561 1.607890 -0.067791
v -0.899559 1.673620 -0.087042
v -0.881195 1.681712 -0.017845
v -0.759240 1.682857 -0.048627
v 0.269571 1.750495 -0.034970
v -0.891717 1.712475 -0.049102
v -0.884515 1.619041 -0.048868
v 0.268892 1.681792 -0.040040
v 0.254729 1.686257 0.017523
v -0.098437 1.702100 0.091444
v -0.215934 1.703242 -0.093997
v -0.195201 1.691214 0.065779
v -0.229995 1.684249 -0.022457
v 0.260557 1.647535 -0.108610
v 0.239960 1.636503 0.034843
v 0.258031 1.737398 0.000371
v 0.264764 1.631360 -0.037102
v 0.277598 1.707861 -0.103931
v 0.074193 1.766085 0.042649
v 0.055587 1.502567 0.148405
v 0.082752 0.756447 0.197665
v -0.088396 1.702592 0.091423
v -0.087329 1.639318 0.130745
v -0.067278 0.706311 0.162445
v -0.086946 1.758941 0.034147
v 0.062949 1.641244 0.109217
v -0.061582 1.497186 0.130706
v 0.064389 1.709265 0.071289
v 0.068719 1.756662 0.035383
v 0.046449 1.497262 0.130639
v 0.053961 0.731443 0.162419
v -0.080674 1.709569 0.071464
v -0.076467 1.641433 0.110391
v 0.076521 1.372415 -0.092486
v 0.076076 1.385319 0.156701
v 0.159371 1.366620 -0.052841
v 0.149401 1.376854 0.129537
v 0.060175 1.385461 0.155665
v -0.006519 1.371153 -0.092529
v 0.170912 1.369675 0.023903
v -0.090492 1.372333 -0.092528
v -0.090573 1.385314 0.157542
v -0.174262 1.366548 -0.052784
v -0.165193 1.376846 0.129526
v -0.182206 1.369609 0.024065
v -0.074435 1.385445 0.157055
v 0.047373 1.376001 0.132852
v -0.062516 1.375969 0.135079
v 0.093887 1.022664 -0.128358
v 0.092761 1.036939 0.179686
v 0.176090 1.019538 -0.072118
v 0.169459 1.030546 0.146596
v 0.070550 1.037341 0.179684
v -0.006265 1.020777 -0.128333
v 0.194428 1.023547 0.022188
v -0.104672 1.025018 -0.128157
v -0.103474 1.039955 0.179681
v -0.196473 1.023771 -0.072801
v -0.186530 1.034925 0.146507
v -0.221944 1.027444 0.021915
v -0.080822 1.039530 0.179697
v 0.049866 1.018772 0.150809
v -0.061443 1.020094 0.150832
v 0.074011 1.765064 0.044027
v 0.073804 1.774792 -0.048983
v 0.068790 1.756378 0.036138
v 0.068790 1.765876 -0.052183
v -0.089221 1.764732 0.043988
v -0.088676 1.774172 -0.049413
v -0.087050 1.758915 0.034733
v -0.087320 1.767529 -0.049819
v 0.807255 1.699525 -0.028488
v 0.806920 1.705255 -0.068073
v 0.810982 1.642429 -0.064982
v 0.803153 1.645275 -0.030407
v 0.808950 1.680211 -0.023856
v 0.806096 1.687659 -0.077432
v 0.805402 1.632514 -0.047433
v 0.805836 1.706848 -0.048181
v -0.796090 1.708642 -0.047918
v 0.073266 1.639965 0.131689
v 0.073236 1.703669 0.093081
v -0.087250 1.703772 0.093081
v 0.112919 1.634685 0.159022
v 0.125100 1.697213 0.120414
v 0.054311 1.502825 0.150284
v 0.137281 1.759741 0.071603
v -0.156250 1.757566 0.067450
v -0.067908 1.502787 0.150284
v -0.142845 1.695259 0.116261
v -0.129441 1.632952 0.155738
v -0.086885 1.704685 0.094300
v -0.085498 1.640695 0.133823
v 0.072440 1.640602 0.132857
v 0.053244 1.503227 0.151358
v -0.088038 1.768457 0.045467
v 0.072729 1.704558 0.094265
v 0.072770 1.768318 0.045439
v 0.112048 1.635283 0.160178
v 0.124560 1.698075 0.121605
v 0.136845 1.760687 0.072773
v -0.142457 1.696152 0.117488
v -0.128742 1.633557 0.157002
v -0.155944 1.758528 0.068647
v -0.067013 1.503159 0.151514
v 0.064744 1.401268 0.122427
v -0.009702 1.396870 0.125031
v -0.007808 1.741193 0.043035
v 0.099174 1.640148 0.109935
v -0.010302 1.634161 0.114485
v 0.072724 1.497397 0.116978
v -0.009947 1.497330 0.119039
v -0.078325 1.401204 0.124216
v -0.110803 1.640279 0.111730
v -0.086548 1.497330 0.118765
v 0.076116 1.242695 0.115241
v -0.009901 1.238610 0.118445
v -0.089190 1.242636 0.117442
v 0.092113 1.764249 -0.014205
v 0.095989 1.402435 0.089235
v -0.009234 1.764249 -0.014205
v 0.145208 1.641737 0.076227
v 0.107413 1.497415 0.083931
v -0.107393 1.764249 -0.014205
v -0.108828 1.402372 0.089235
v -0.155382 1.641927 0.076227
v -0.120602 1.497330 0.083931
v 0.112217 1.243779 0.074397
v -0.124434 1.243721 0.074397
v 0.077564 1.773855 -0.080461
v 0.080758 1.401484 -0.024070
v -0.010112 1.396979 -0.039774
v -0.009234 1.774323 -0.099073
v 0.122817 1.640736 -0.065290
v -0.010767 1.634466 -0.080320
v 0.090499 1.497355 -0.027052
v -0.010411 1.497562 -0.043103
v -0.098172 1.773737 -0.078775
v -0.099554 1.401689 -0.022097
v -0.141796 1.641272 -0.063077
v -0.110250 1.497267 -0.025082
v 0.094619 1.242945 -0.077437
v -0.010375 1.238763 -0.089593
v -0.113718 1.243135 -0.074909
v -0.069096 1.127804 -0.047086
v -0.071217 1.158883 -0.043692
v -0.054305 1.126969 0.077743
v -0.055954 1.158059 0.078324
v 0.041986 1.158033 0.076961
v 0.040163 1.126898 0.075760
v -0.008620 1.124087 0.080045
v -0.008688 1.154728 0.079768
v -0.009475 0.962044 0.111483
v 0.052012 0.845006 0.107969
v -0.065033 0.904087 0.110361
v -0.081026 0.920864 -0.092941
v -0.089130 0.839449 0.065854
v 0.076645 0.846703 0.065825
v -0.009283 0.871637 -0.114820
v 0.063355 0.970124 -0.096253
v -0.009222 0.961910 0.120537
v 0.059146 0.844872 0.116686
v -0.072242 0.903960 0.119331
v -0.091737 0.920966 -0.099282
v -0.100254 0.839432 0.067592
v 0.087840 0.846668 0.067592
v -0.009598 0.871779 -0.124404
v 0.073852 0.970216 -0.103001
v -0.007507 1.239206 -0.000105
v -0.008864 1.154829 0.076624
v -0.008795 1.124188 0.076913
v 0.038771 1.127268 0.073199
v 0.040433 1.158421 0.074567
v -0.054306 1.158378 0.075996
v -0.052873 1.127266 0.075248
v -0.068348 1.158739 -0.043178
v -0.066659 1.127550 -0.046191
v -0.072069 1.128023 0.046278
v -0.074477 1.159197 0.048061
v 0.058726 1.128230 0.046294
v 0.061095 1.159245 0.048060
v -0.009045 1.123628 -0.059421
v -0.009135 1.155028 -0.056002
v 0.051027 1.158592 -0.045119
v 0.049946 1.127766 -0.049319
v -0.075814 1.127583 0.046500
v -0.078106 1.158754 0.048284
v 0.062374 1.127804 0.046543
v 0.064628 1.158813 0.048315
v -0.009173 1.124429 -0.061473
v -0.009270 1.155828 -0.058187
v 0.053828 1.158892 -0.045698
v 0.052186 1.128201 -0.050283
v 0.018845 1.783049 -0.070889
v 0.017487 1.785265 -0.064510
v 0.016431 1.782226 -0.058420
v 0.016294 1.775712 -0.056186
v 0.017158 1.769538 -0.059117
v 0.018515 1.767322 -0.065496
v 0.019571 1.770361 -0.071587
v 0.019708 1.776876 -0.073821
v 0.066640 1.779846 -0.044316
v 0.061556 1.782317 -0.040379
v 0.056027 1.779605 -0.037293
v 0.053291 1.773297 -0.036866
v 0.054952 1.767090 -0.039348
v 0.060035 1.764618 -0.043285
v 0.065564 1.767331 -0.046370
v 0.068300 1.773638 -0.046797
v 0.071200 1.764395 0.013912
v 0.065804 1.768201 0.011953
v 0.059983 1.766976 0.008479
v 0.057148 1.761437 0.005525
v 0.058959 1.754828 0.004821
v 0.064355 1.751021 0.006781
v 0.070175 1.752246 0.010255
v 0.073011 1.757786 0.013209
v 0.022464 1.758096 0.042093
v 0.020918 1.762559 0.037079
v 0.019184 1.762012 0.030435
v 0.018278 1.756775 0.026053
v 0.018729 1.749916 0.026500
v 0.020274 1.745453 0.031514
v 0.022008 1.746000 0.038158
v 0.022915 1.751237 0.042540
v -0.044940 1.759411 0.042525
v -0.043110 1.763782 0.037526
v -0.041137 1.763121 0.030959
v -0.040177 1.757816 0.026672
v -0.040793 1.750973 0.027175
v -0.042623 1.746603 0.032174
v -0.044596 1.747263 0.038741
v -0.045555 1.752568 0.043028
v -0.084283 1.764487 0.014392
v -0.078968 1.768365 0.012350
v -0.072898 1.767115 0.009344
v -0.069627 1.761470 0.007135
v -0.071073 1.754736 0.007016
v -0.076387 1.750858 0.009058
v -0.082457 1.752108 0.012064
v -0.085728 1.757753 0.014273
v -0.079190 1.769845 -0.046665
v -0.074275 1.772964 -0.042983
v -0.068713 1.770856 -0.039508
v -0.065764 1.764754 -0.038276
v -0.067155 1.758233 -0.040007
v -0.072071 1.755114 -0.043689
v -0.077632 1.757223 -0.047163
v -0.080581 1.763324 -0.048396
v -0.046762 1.773546 -0.063885
v -0.045224 1.776089 -0.057671
v -0.043089 1.773399 -0.051700
v -0.041606 1.767053 -0.049470
v -0.041645 1.760767 -0.052287
v -0.043182 1.758224 -0.058502
v -0.045318 1.760914 -0.064473
v -0.046801 1.767260 -0.066703
v 0.042585 1.969653 -0.188379
v -0.062269 2.008278 -0.188379
v -0.153074 2.006590 -0.135953
v -0.207437 1.983488 -0.045147
v -0.207437 1.983488 0.059706
v -0.153074 2.006590 0.150512
v -0.062269 2.008367 0.202938
v 0.042585 1.983488 0.202938
v 0.133390 1.997705 0.150512
v 0.179041 1.982600 0.059706
v 0.179041 1.982600 -0.045147
v 0.133390 1.997412 -0.135953
v -0.007153 2.182520 0.017287
v 0.014920 2.095361 -0.084500
v 0.020138 2.067446 -0.103973
v -0.039439 2.067446 -0.103973
v -0.034221 2.095650 -0.084500
v -0.091034 2.067446 -0.074184
v -0.076779 2.095751 -0.059930
v -0.120822 2.067446 -0.022589
v -0.101350 2.095751 -0.017372
v -0.120822 2.067446 0.036988
v -0.101350 2.095881 0.031770
v -0.091034 2.069212 0.088583
v -0.076779 2.099733 0.074328
v -0.039439 2.067446 0.118371
v -0.034221 2.095780 0.098899
v 0.020138 2.066276 0.118371
v 0.014920 2.094270 0.098899
v 0.071733 2.061108 0.088583
v 0.057478 2.086615 0.074328
v 0.101521 2.066276 0.036988
v 0.082049 2.095134 0.031770
v 0.101521 2.067446 -0.022589
v 0.082049 2.096208 -0.017372
v 0.071733 2.067446 -0.074184
v 0.057478 2.095861 -0.059929
v 0.041016 1.968761 -0.178199
v -0.058805 2.006108 -0.178199
v -0.145253 2.004723 -0.128289
v -0.197006 1.982933 -0.041841
v -0.197006 1.982933 0.057980
v -0.145253 2.004723 0.144428
v -0.058805 2.006399 0.194338
v 0.041016 1.982933 0.194338
v 0.127464 1.996342 0.144428
v 0.170924 1.982095 0.057980
v 0.170924 1.982095 -0.041841
v 0.127464 1.995925 -0.128289
v -0.011397 2.123190 0.007199
v -0.040271 2.067446 -0.107077
v -0.034908 2.095650 -0.087061
v 0.015606 2.095361 -0.087061
v 0.020970 2.067446 -0.107077
v -0.093307 2.067446 -0.076457
v -0.078654 2.095751 -0.061804
v -0.123927 2.067446 -0.023421
v -0.103911 2.095751 -0.018058
v -0.123927 2.067446 0.037820
v -0.103911 2.095833 0.032456
v -0.093307 2.068777 0.090855
v -0.078654 2.099881 0.076203
v -0.040271 2.067446 0.121476
v -0.034908 2.095732 0.101460
v 0.020970 2.066353 0.121476
v 0.015606 2.094317 0.101460
v 0.074006 2.061788 0.090855
v 0.059353 2.086150 0.076203
v 0.104626 2.066353 0.037820
v 0.084610 2.095181 0.032456
v 0.104626 2.067446 -0.023421
v 0.084610 2.096208 -0.018058
v 0.074006 2.067446 -0.076457
v 0.059353 2.095861 -0.061804
v -0.027559 2.187077 -0.058603
v 0.008274 2.178163 -0.058649
v -0.058536 2.203880 -0.040927
v -0.076430 2.219813 -0.010416
v -0.076430 2.219813 0.024814
v -0.058536 2.203880 0.055325
v -0.027559 2.187077 0.073001
v 0.008274 2.178163 0.073047
v 0.039273 2.183942 0.055360
v 0.057143 2.191062 0.024817
v 0.057143 2.191062 -0.010419
v 0.039273 2.183942 -0.040961
v 0.005566 2.065865 0.124149
v -0.025062 2.066285 0.124239
v -0.022139 2.098174 0.101598
v 0.003123 2.097548 0.101540
v 0.003028 2.093306 0.095579
v -0.022235 2.093931 0.095637
v -0.025157 2.062043 0.118277
v 0.005471 2.061622 0.118188
v -0.042845 1.977625 0.117951
v -0.055677 1.977497 0.109992
v -0.065455 1.967050 0.106864
v -0.065333 1.952404 0.106903
v -0.056501 1.942138 0.113583
v -0.042551 1.942266 0.118045
v -0.032773 1.952713 0.121173
v -0.032895 1.967359 0.121134
v -0.045724 1.976377 0.122698
v -0.057041 1.976249 0.114241
v -0.065970 1.966614 0.111057
v -0.065833 1.953097 0.111047
v -0.058167 1.943610 0.118177
v -0.045398 1.943722 0.122672
v -0.036462 1.953366 0.125859
v -0.036598 1.966894 0.125869
v -0.057523 1.977605 0.113920
v -0.045199 1.977733 0.122891
v -0.067172 1.967159 0.110415
v -0.067052 1.952512 0.110458
v -0.058675 1.942246 0.117994
v -0.044909 1.942374 0.122996
v -0.035260 1.952821 0.126502
v -0.035380 1.967467 0.126458
v -0.056719 1.976214 0.113608
v -0.045401 1.976341 0.122065
v -0.065647 1.966578 0.110424
v -0.065511 1.953062 0.110413
v -0.057844 1.943575 0.117544
v -0.045075 1.943686 0.122039
v -0.036139 1.953331 0.125226
v -0.036276 1.966858 0.125236
v 0.029570 1.978111 0.118026
v 0.042768 1.977979 0.109892
v 0.052798 1.967249 0.106649
v 0.052678 1.952202 0.106696
v 0.043585 1.941649 0.113509
v 0.029264 1.941790 0.118148
v 0.019240 1.952521 0.121383
v 0.019361 1.967555 0.121337
v 0.032942 1.976114 0.123030
v 0.044058 1.975970 0.114672
v 0.052815 1.966519 0.111569
v 0.052680 1.953267 0.111539
v 0.045166 1.943923 0.118588
v 0.032564 1.944046 0.122993
v 0.023817 1.953503 0.126095
v 0.023942 1.966753 0.126126
v 0.044719 1.978002 0.114108
v 0.032135 1.978104 0.123261
v 0.054560 1.967321 0.110550
v 0.054452 1.952366 0.110565
v 0.045879 1.941905 0.118261
v 0.031805 1.942013 0.123376
v 0.021965 1.952678 0.126964
v 0.022081 1.967625 0.126914
v 0.043647 1.975868 0.114002
v 0.032599 1.975963 0.122284
v 0.052364 1.966441 0.110893
v 0.052243 1.953230 0.110878
v 0.044743 1.943985 0.117872
v 0.032278 1.944068 0.122244
v 0.023529 1.953496 0.125350
v 0.023673 1.966727 0.125371
v -0.005049 1.949079 -0.100745
v -0.003137 1.958194 0.139872
v 0.086232 1.965108 0.091024
v 0.082355 1.957004 -0.053880
v 0.033756 1.820087 0.086439
v 0.063540 2.074476 0.065715
v 0.050057 1.836970 -0.002495
v 0.062151 2.062846 -0.053643
v -0.002658 1.838225 -0.046301
v -0.010657 2.080530 -0.073176
v -0.003823 1.809405 0.112116
v -0.009853 2.087268 0.101170
v -0.007507 2.035454 0.130191
v 0.085673 2.027837 0.081599
v -0.009249 2.019212 -0.103666
v 0.082953 2.016250 -0.065479
v 0.076049 1.899447 0.096038
v -0.001780 1.892090 0.137396
v -0.002303 1.887591 -0.053664
v 0.045812 1.831177 0.040064
v 0.075534 2.069073 0.004961
v 0.102912 1.956449 0.027930
v -0.003405 1.827699 0.060112
v 0.098665 2.015871 0.012685
v 0.085636 1.896404 0.042512
v 0.080038 1.740199 0.016998
v 0.085547 1.740215 -0.068304
v -0.031539 1.740091 -0.092375
v -0.007724 1.740106 0.039725
v -0.006544 1.782063 0.018435
v 0.030603 1.792109 -0.019772
v -0.010338 1.791604 -0.042588
v 0.027894 1.789348 0.011303
v -0.095214 1.966285 0.094411
v -0.092275 1.958044 -0.053880
v -0.040586 1.820241 0.086439
v -0.082330 2.076879 0.065715
v -0.056955 1.837210 -0.002495
v -0.081758 2.065216 -0.053643
v -0.100405 2.029847 0.081599
v -0.098777 2.018123 -0.065317
v -0.081793 1.893845 -0.031550
v -0.084922 1.902043 0.096038
v -0.052871 1.831096 0.040064
v -0.093851 2.071863 0.004992
v -0.112282 1.957507 0.027930
v -0.112671 2.017902 0.012685
v -0.095197 1.898837 0.042512
v -0.095227 1.740070 0.023139
v -0.100665 1.740070 -0.049359
v -0.042789 1.791876 -0.017510
v -0.040529 1.789087 0.012368
v 0.072592 1.891243 -0.031550
v -0.006434 1.806185 -0.051276
v -0.007148 1.807553 -0.046659
v -0.007220 1.805266 -0.042363
v -0.006607 1.800663 -0.040903
v -0.005668 1.796440 -0.043136
v -0.004954 1.795071 -0.047752
v -0.004883 1.797359 -0.052049
v -0.005496 1.801962 -0.053508
v 0.039406 1.804069 -0.029997
v 0.035673 1.805532 -0.027237
v 0.031800 1.803353 -0.025251
v 0.030055 1.798809 -0.025203
v 0.031462 1.794561 -0.027120
v 0.035195 1.793099 -0.029880
v 0.039068 1.795278 -0.031866
v 0.040813 1.799822 -0.031915
v 0.038758 1.793121 0.007935
v 0.034809 1.795634 0.006597
v 0.030685 1.794567 0.004241
v 0.028802 1.790546 0.002246
v 0.030263 1.785926 0.001781
v 0.034212 1.783413 0.003118
v 0.038335 1.784480 0.005474
v 0.040218 1.788501 0.007469
v 0.012718 1.788581 0.029135
v 0.011334 1.791646 0.025616
v 0.009808 1.791147 0.021020
v 0.009035 1.787377 0.018040
v 0.009466 1.782544 0.018421
v 0.010851 1.779478 0.021940
v 0.012376 1.779977 0.026536
v 0.013150 1.783747 0.029516
v -0.033727 1.789425 0.028060
v -0.032081 1.792478 0.024645
v -0.030310 1.791971 0.020139
v -0.029452 1.788201 0.017182
v -0.030010 1.783376 0.017506
v -0.031656 1.780323 0.020920
v -0.033427 1.780830 0.025426
v -0.034285 1.784600 0.028383
v -0.053564 1.792971 0.009648
v -0.049743 1.795689 0.008344
v -0.045431 1.794796 0.006269
v -0.043154 1.790814 0.004639
v -0.044247 1.786076 0.004409
v -0.048068 1.783357 0.005714
v -0.052380 1.784251 0.007789
v -0.054656 1.788233 0.009418
v -0.054172 1.796614 -0.020424
v -0.050340 1.798944 -0.018531
v -0.045990 1.797588 -0.016818
v -0.043671 1.793341 -0.016287
v -0.044741 1.788691 -0.017250
v -0.048574 1.786361 -0.019143
v -0.052923 1.787717 -0.020856
v -0.055243 1.791964 -0.021387
v -0.025994 1.799220 -0.046687
v -0.024210 1.801069 -0.042553
v -0.021717 1.799278 -0.038775
v -0.019974 1.794896 -0.037568
v -0.020004 1.790490 -0.039637
v -0.021787 1.788642 -0.043772
v -0.024280 1.790433 -0.047550
v -0.026023 1.794815 -0.048757
v 0.811096 1.660603 -0.030076
v 0.974311 1.650605 -0.029634
v 0.811096 1.658029 -0.033922
v 0.967149 1.649304 -0.031087
v 0.975707 1.649836 -0.028667
v 0.953483 1.658863 -0.025933
v 0.942822 1.656430 -0.029197
v 0.955616 1.658291 -0.024899
v 0.813418 1.658487 -0.043478
v 0.929691 1.654533 -0.044233
v 0.813418 1.658487 -0.048106
v 0.915322 1.654268 -0.048106
v 0.932492 1.651931 -0.043478
v 0.906357 1.656858 -0.044037
v 0.895724 1.657563 -0.048106
v 0.908429 1.655816 -0.043478
v 0.781473 1.659215 -0.065842
v 0.781473 1.659215 -0.028041
v 0.781473 1.659215 -0.035601
v 0.781473 1.659215 -0.043162
v 0.781473 1.659215 -0.050722
v 0.781473 1.659215 -0.058282
v 0.914667 1.657832 -0.058282
v 0.898231 1.659215 -0.043162
v 0.946395 1.650861 -0.035601
v 0.781473 1.658291 -0.065842
v 0.931595 1.653970 -0.070734
v 0.781473 1.658291 -0.028041
v 0.781473 1.658291 -0.035601
v 0.781473 1.658291 -0.043162
v 0.781473 1.658291 -0.050722
v 0.781473 1.658291 -0.058282
v 0.914667 1.656927 -0.058282
v 0.936460 1.658264 -0.051471
v 0.898231 1.658291 -0.043162
v 0.921446 1.657055 -0.033417
v 0.921481 1.657055 -0.035601
v 0.921544 1.657055 -0.039502
v 0.922386 1.657979 -0.035601
v 0.921520 1.657979 -0.033424
v 0.923594 1.657979 -0.039180
v 0.923797 1.657979 -0.039149
v 0.918898 1.658157 -0.061427
v 0.911935 1.659045 -0.067982
v 0.918856 1.658833 -0.061398
v 0.912371 1.659271 -0.068012
v 0.810057 1.658352 -0.058918
v 0.964608 1.652565 -0.060194
v 0.810057 1.658352 -0.063546
v 0.957446 1.652292 -0.062125
v 0.966004 1.651389 -0.059818
v 0.953483 1.652859 -0.059480
v 0.942822 1.652653 -0.063545
v 0.955616 1.651809 -0.058938
v 0.771150 1.701888 -0.038088
v 0.967760 1.704274 -0.036289
v 0.771150 1.700947 -0.033558
v 0.960597 1.704148 -0.034344
v 0.969156 1.705502 -0.036418
v 0.953483 1.709889 -0.035852
v 0.942822 1.709264 -0.031829
v 0.955616 1.711027 -0.036169
v 0.785414 1.704216 -0.052660
v 0.929691 1.708448 -0.051906
v 0.785414 1.704216 -0.048033
v 0.915322 1.708448 -0.048033
v 0.932492 1.710808 -0.052660
v 0.906357 1.705894 -0.052102
v 0.895724 1.705894 -0.048033
v 0.908429 1.707641 -0.052660
v 0.786821 1.703487 -0.030297
v 0.786821 1.703487 -0.068097
v 0.786821 1.703487 -0.060537
v 0.786821 1.703487 -0.052977
v 0.786821 1.703487 -0.045417
v 0.786821 1.703487 -0.037857
v 0.914667 1.704870 -0.037857
v 0.898231 1.703487 -0.052977
v 0.946395 1.703487 -0.060537
v 0.786821 1.704411 -0.030297
v 0.931595 1.702271 -0.025405
v 0.786821 1.704411 -0.068097
v 0.786821 1.704584 -0.060537
v 0.786821 1.704411 -0.052977
v 0.786821 1.704411 -0.045417
v 0.786821 1.704411 -0.037857
v 0.914667 1.705775 -0.037857
v 0.936460 1.703487 -0.044668
v 0.898231 1.704638 -0.052977
v 0.921446 1.708791 -0.062721
v 0.921481 1.709572 -0.060537
v 0.921544 1.709627 -0.056636
v 0.922386 1.707868 -0.060537
v 0.921520 1.707868 -0.062715
v 0.923594 1.707868 -0.056958
v 0.923797 1.707868 -0.056990
v 0.918898 1.706880 -0.034712
v 0.911935 1.705991 -0.028156
v 0.918856 1.705937 -0.034741
v 0.912371 1.705499 -0.028127
v 0.782437 1.702100 -0.066063
v 0.974311 1.701560 -0.066505
v 0.782437 1.704673 -0.062217
v 0.967149 1.702860 -0.065052
v 0.975707 1.702328 -0.067472
v 0.953483 1.705805 -0.070206
v 0.942822 1.708238 -0.066941
v 0.955616 1.706377 -0.071240
v 0.783482 1.663922 -0.031180
v 0.783482 1.701722 -0.031180
v 0.783482 1.694162 -0.031180
v 0.783482 1.686602 -0.031180
v 0.783482 1.679042 -0.031180
v 0.783482 1.671482 -0.031180
v 0.900747 1.671482 -0.029797
v 0.884312 1.686602 -0.031180
v 0.932476 1.694162 -0.030195
v 0.783482 1.663922 -0.029067
v 0.917676 1.659030 -0.031798
v 0.783482 1.701722 -0.029772
v 0.783482 1.694162 -0.029442
v 0.783482 1.686602 -0.030257
v 0.783482 1.679042 -0.030257
v 0.783482 1.671482 -0.030257
v 0.900747 1.671482 -0.028893
v 0.922541 1.678293 -0.031181
v 0.884312 1.686602 -0.029445
v 0.907526 1.696346 -0.025392
v 0.907562 1.694162 -0.025061
v 0.907625 1.690261 -0.025064
v 0.908466 1.694162 -0.026800
v 0.907600 1.696340 -0.026800
v 0.909675 1.690583 -0.026800
v 0.909877 1.690615 -0.026800
v 0.904884 1.665554 -0.028054
v 0.898015 1.661781 -0.027754
v 0.904842 1.665583 -0.028731
v 0.898451 1.661751 -0.029169
v 0.785751 1.698490 -0.031876
v 0.969596 1.697736 -0.031261
v 0.785751 1.693867 -0.032074
v 0.955228 1.693867 -0.031427
v 0.972397 1.698389 -0.028871
v 0.918260 1.698024 -0.030107
v 0.909377 1.693867 -0.030285
v 0.919991 1.698428 -0.028629
v 0.785751 1.671595 -0.032229
v 0.977594 1.670841 -0.031261
v 0.785751 1.666971 -0.032427
v 0.963225 1.666971 -0.031427
v 0.980394 1.671494 -0.028871
v 0.918260 1.671129 -0.030107
v 0.909377 1.666971 -0.030638
v 0.919991 1.671532 -0.028982
v 0.780844 1.698715 -0.067709
v 0.780844 1.660915 -0.067709
v 0.780844 1.668475 -0.067709
v 0.780844 1.676035 -0.067709
v 0.780844 1.683595 -0.067709
v 0.780844 1.691155 -0.067709
v 0.890970 1.691155 -0.069092
v 0.874535 1.676035 -0.067709
v 0.922699 1.668475 -0.068694
v 0.780844 1.698715 -0.067982
v 0.907899 1.703607 -0.067090
v 0.780844 1.660915 -0.067982
v 0.780844 1.668475 -0.067982
v 0.780844 1.676035 -0.069478
v 0.780844 1.683595 -0.067982
v 0.780844 1.691155 -0.068461
v 0.890970 1.691155 -0.070475
v 0.912764 1.684344 -0.067708
v 0.874535 1.676035 -0.070128
v 0.897749 1.666291 -0.073013
v 0.897785 1.668475 -0.073013
v 0.897848 1.672376 -0.073013
v 0.898689 1.668475 -0.072089
v 0.897823 1.666297 -0.072089
v 0.899898 1.672054 -0.072089
v 0.900100 1.672022 -0.072089
v 0.895107 1.697083 -0.070835
v 0.888238 1.700856 -0.069946
v 0.895065 1.697054 -0.070158
v 0.888674 1.700886 -0.069720
v 0.775975 1.664147 -0.067013
v 0.981294 1.664901 -0.067628
v 0.775975 1.668770 -0.066815
v 0.953448 1.668770 -0.067462
v 0.984095 1.664248 -0.070018
v 0.908483 1.664613 -0.068782
v 0.899600 1.668770 -0.068604
v 0.910214 1.664209 -0.070260
v 0.775975 1.691042 -0.066660
v 0.967817 1.691797 -0.067628
v 0.775975 1.695666 -0.066462
v 0.953448 1.695666 -0.067462
v 0.970617 1.691143 -0.070018
v 0.908483 1.691509 -0.068782
v 0.899600 1.695666 -0.068251
v 0.910214 1.691105 -0.069907
v -0.827104 1.660603 -0.030076
v -0.990319 1.650605 -0.029634
v -0.827104 1.658029 -0.033922
v -0.983157 1.649304 -0.031087
v -0.991715 1.649836 -0.028667
v -0.969491 1.658863 -0.025933
v -0.958830 1.656430 -0.029197
v -0.971625 1.658291 -0.024899
v -0.829427 1.658487 -0.043478
v -0.945700 1.654533 -0.044233
v -0.829427 1.658487 -0.048106
v -0.931331 1.654268 -0.048106
v -0.948500 1.651931 -0.043478
v -0.922365 1.656858 -0.044037
v -0.911733 1.657563 -0.048106
v -0.924438 1.655816 -0.043478
v -0.797481 1.659215 -0.065842
v -0.797481 1.659215 -0.028041
v -0.797481 1.659215 -0.035601
v -0.797481 1.659215 -0.043162
v -0.797481 1.659215 -0.050722
v -0.797481 1.659215 -0.058282
v -0.930675 1.657832 -0.058282
v -0.914240 1.659215 -0.043162
v -0.962403 1.650861 -0.035601
v -0.797481 1.658291 -0.065842
v -0.947603 1.653970 -0.070734
v -0.797481 1.658291 -0.028041
v -0.797481 1.658291 -0.035601
v -0.797481 1.658291 -0.043162
v -0.797481 1.658291 -0.050722
v -0.797481 1.658291 -0.058282
v -0.930675 1.656927 -0.058282
v -0.952468 1.658264 -0.051471
v -0.914240 1.658291 -0.043162
v -0.937454 1.657055 -0.033417
v -0.937490 1.657055 -0.035601
v -0.937552 1.657055 -0.039502
v -0.938394 1.657979 -0.035601
v -0.937528 1.657979 -0.033424
v -0.939603 1.657979 -0.039180
v -0.939805 1.657979 -0.039149
v -0.934906 1.658157 -0.061427
v -0.927943 1.659045 -0.067982
v -0.934864 1.658833 -0.061398
v -0.928379 1.659271 -0.068012
v -0.826065 1.658352 -0.058918
v -0.980616 1.652565 -0.060194
v -0.826065 1.658352 -0.063545
v -0.973454 1.652292 -0.062125
v -0.982012 1.651389 -0.059818
v -0.969491 1.652859 -0.059480
v -0.958830 1.652653 -0.063545
v -0.971625 1.651809 -0.058938
v -0.787158 1.701888 -0.038088
v -0.983768 1.704274 -0.036289
v -0.787158 1.700947 -0.033558
v -0.976606 1.704148 -0.034344
v -0.985164 1.705502 -0.036418
v -0.969491 1.709889 -0.035852
v -0.958830 1.709264 -0.031829
v -0.971625 1.711027 -0.036169
v -0.801422 1.704216 -0.052660
v -0.945700 1.708448 -0.051906
v -0.801422 1.704216 -0.048033
v -0.931331 1.708448 -0.048033
v -0.948500 1.710808 -0.052660
v -0.922365 1.705894 -0.052102
v -0.911733 1.705894 -0.048033
v -0.924438 1.707641 -0.052660
v -0.802829 1.703487 -0.030297
v -0.802829 1.703487 -0.068097
v -0.802829 1.703487 -0.060537
v -0.802829 1.703487 -0.052977
v -0.802829 1.703487 -0.045417
v -0.802829 1.703487 -0.037857
v -0.930675 1.704870 -0.037857
v -0.914240 1.703487 -0.052977
v -0.962403 1.703487 -0.060537
v -0.802829 1.704411 -0.030297
v -0.947603 1.702271 -0.025405
v -0.802829 1.704411 -0.068097
v -0.802829 1.704584 -0.060537
v -0.802829 1.704411 -0.052977
v -0.802829 1.704411 -0.045417
v -0.802829 1.704411 -0.037857
v -0.930675 1.705775 -0.037857
v -0.952468 1.703487 -0.044668
v -0.914240 1.704638 -0.052977
v -0.937454 1.708791 -0.062721
v -0.937490 1.709572 -0.060537
v -0.937552 1.709627 -0.056636
v -0.938394 1.707868 -0.060537
v -0.937528 1.707868 -0.062715
v -0.939603 1.707868 -0.056958
v -0.939805 1.707868 -0.056990
v -0.934906 1.706880 -0.034712
v -0.927943 1.705991 -0.028156
v -0.934864 1.705937 -0.034741
v -0.928379 1.705499 -0.028127
v -0.798445 1.702100 -0.066063
v -0.990319 1.701560 -0.066505
v -0.798445 1.704673 -0.062217
v -0.983157 1.702860 -0.065052
v -0.991715 1.702328 -0.067472
v -0.969491 1.705805 -0.070206
v -0.958830 1.708238 -0.066941
v -0.971625 1.706377 -0.071240
v -0.799490 1.663922 -0.031180
v -0.799490 1.701722 -0.031180
v -0.799490 1.694162 -0.031180
v -0.799490 1.686602 -0.031180
v -0.799490 1.679042 -0.031180
v -0.799490 1.671482 -0.031180
v -0.916756 1.671482 -0.029797
v -0.900321 1.686602 -0.031180
v -0.948484 1.694162 -0.030195
v -0.799490 1.663922 -0.029067
v -0.933684 1.659030 -0.031798
v -0.799490 1.701722 -0.029772
v -0.799490 1.694162 -0.029442
v -0.799490 1.686602 -0.030257
v -0.799490 1.679042 -0.030257
v -0.799490 1.671482 -0.030257
v -0.916756 1.671482 -0.028893
v -0.938549 1.678293 -0.031181
v -0.900321 1.686602 -0.029445
v -0.923535 1.696346 -0.025392
v -0.923570 1.694162 -0.025061
v -0.923633 1.690261 -0.025064
v -0.924474 1.694162 -0.026800
v -0.923609 1.696340 -0.026800
v -0.925683 1.690583 -0.026800
v -0.925886 1.690615 -0.026800
v -0.920892 1.665554 -0.028054
v -0.914024 1.661781 -0.027754
v -0.920850 1.665583 -0.028731
v -0.914459 1.661751 -0.029169
v -0.801760 1.698490 -0.031876
v -0.985605 1.697736 -0.031261
v -0.801760 1.693867 -0.032074
v -0.971236 1.693867 -0.031427
v -0.988405 1.698389 -0.028871
v -0.934268 1.698024 -0.030107
v -0.925385 1.693867 -0.030285
v -0.935999 1.698428 -0.028629
v -0.801760 1.671595 -0.032229
v -0.993602 1.670841 -0.031261
v -0.801760 1.666971 -0.032427
v -0.979233 1.666971 -0.031427
v -0.996403 1.671494 -0.028871
v -0.934268 1.671128 -0.030107
v -0.925385 1.666971 -0.030638
v -0.935999 1.671532 -0.028982
v -0.796852 1.698715 -0.067709
v -0.796852 1.660915 -0.067709
v -0.796852 1.668475 -0.067709
v -0.796852 1.676035 -0.067709
v -0.796852 1.683595 -0.067709
v -0.796852 1.691155 -0.067709
v -0.906979 1.691155 -0.069092
v -0.890543 1.676035 -0.067709
v -0.938707 1.668475 -0.068694
v -0.796852 1.698715 -0.067982
v -0.923907 1.703607 -0.067090
v -0.796852 1.660915 -0.067982
v -0.796852 1.668475 -0.067982
v -0.796852 1.676035 -0.069478
v -0.796852 1.683595 -0.067982
v -0.796852 1.691155 -0.068461
v -0.906978 1.691155 -0.070475
v -0.928772 1.684344 -0.067708
v -0.890543 1.676035 -0.070128
v -0.913758 1.666291 -0.073012
v -0.913793 1.668475 -0.073012
v -0.913856 1.672376 -0.073012
v -0.914698 1.668475 -0.072089
v -0.913831 1.666297 -0.072089
v -0.915906 1.672054 -0.072089
v -0.916109 1.672022 -0.072089
v -0.911115 1.697083 -0.070835
v -0.904247 1.700856 -0.069946
v -0.911073 1.697054 -0.070158
v -0.904683 1.700886 -0.069720
v -0.791983 1.664147 -0.067013
v -0.997303 1.664901 -0.067628
v -0.791983 1.668770 -0.066815
v -0.969456 1.668770 -0.067462
v -1.000103 1.664248 -0.070018
v -0.924491 1.664613 -0.068782
v -0.915608 1.668770 -0.068604
v -0.926222 1.664209 -0.070260
v -0.791983 1.691042 -0.066660
v -0.983825 1.691797 -0.067628
v -0.791983 1.695666 -0.066462
v -0.969456 1.695666 -0.067462
v -0.986626 1.691143 -0.070018
v -0.924491 1.691509 -0.068782
v -0.915608 1.695666 -0.068251
v -0.926222 1.691105 -0.069907
v 0.064318 2.080397 0.006885
v 0.061321 2.081223 -0.052230
v 0.061920 2.080947 -0.040407
v 0.062520 2.080671 -0.028584
v 0.063119 2.080543 -0.016761
v 0.063719 2.080551 -0.004938
v 0.141733 1.943059 -0.011832
v 0.130006 1.960699 -0.034805
v 0.158674 1.908028 -0.049366
v 0.065052 2.081094 0.006865
v 0.151180 1.921134 0.006612
v 0.062055 2.081938 -0.052251
v 0.062793 2.081797 -0.040431
v 0.063254 2.081387 -0.028605
v 0.063853 2.081257 -0.016781
v 0.064453 2.081251 -0.004958
v 0.142453 1.943771 -0.011853
v 0.153667 1.918800 -0.023865
v 0.130923 1.963611 -0.034831
v 0.147582 1.942298 -0.051494
v 0.148372 1.942845 -0.048084
v 0.148683 1.942676 -0.041947
v 0.147565 1.940511 -0.048097
v 0.146893 1.941489 -0.051467
v 0.148513 1.939030 -0.042532
v 0.148634 1.938803 -0.042593
v 0.146108 1.939515 -0.007175
v 0.141699 1.945523 0.003487
v 0.145330 1.938826 -0.007198
v 0.141575 1.944666 0.003520
v 0.067112 2.056303 -0.051631
v 0.151093 1.967472 -0.103932
v 0.067112 2.052761 -0.045761
v 0.137646 1.978638 -0.090492
v 0.156424 1.967187 -0.105410
v 0.080885 2.063458 0.001045
v 0.141180 1.950722 0.040477
v 0.075222 2.061506 0.004380
v 0.126685 1.967934 0.037017
v 0.145190 1.950200 0.044004
v 0.072971 2.081291 0.045384
v 0.106975 1.968555 0.108942
v 0.066403 2.079339 0.045587
v 0.095861 1.985767 0.098940
v 0.108752 1.968033 0.113961
v 0.080643 2.055501 0.040986
v 0.130632 1.939328 0.084695
v 0.074343 2.053297 0.042554
v 0.117177 1.956871 0.079124
v 0.133556 1.938468 0.089091
v -0.080326 2.080397 0.006885
v -0.077329 2.081223 -0.052230
v -0.077929 2.080946 -0.040407
v -0.078528 2.080671 -0.028584
v -0.079127 2.080543 -0.016761
v -0.079727 2.080551 -0.004938
v -0.157742 1.943059 -0.011832
v -0.146014 1.960699 -0.034805
v -0.174682 1.908028 -0.049366
v -0.081060 2.081094 0.006865
v -0.167188 1.921134 0.006612
v -0.078064 2.081938 -0.052251
v -0.078801 2.081797 -0.040431
v -0.079262 2.081387 -0.028605
v -0.079862 2.081257 -0.016781
v -0.080461 2.081251 -0.004958
v -0.158461 1.943771 -0.011853
v -0.169676 1.918800 -0.023865
v -0.146931 1.963611 -0.034831
v -0.163590 1.942298 -0.051494
v -0.164380 1.942845 -0.048084
v -0.164691 1.942676 -0.041947
v -0.163573 1.940511 -0.048097
v -0.162901 1.941489 -0.051467
v -0.164521 1.939030 -0.042532
v -0.164643 1.938803 -0.042593
v -0.162117 1.939515 -0.007175
v -0.157708 1.945523 0.003487
v -0.161339 1.938826 -0.007198
v -0.157583 1.944666 0.003520
v -0.083120 2.056303 -0.051631
v -0.167101 1.967472 -0.103932
v -0.083120 2.052761 -0.045761
v -0.153655 1.978638 -0.090492
v -0.172433 1.967187 -0.105410
v -0.096893 2.063458 0.001045
v -0.157188 1.950722 0.040477
v -0.091230 2.061506 0.004380
v -0.142693 1.967934 0.037017
v -0.161198 1.950200 0.044004
v -0.088980 2.081291 0.045384
v -0.122983 1.968555 0.108942
v -0.082411 2.079339 0.045587
v -0.111870 1.985767 0.098940
v -0.124760 1.968033 0.113961
v -0.096651 2.055501 0.040986
v -0.146640 1.939328 0.084695
v -0.090352 2.053297 0.042554
v -0.133185 1.956871 0.079124
v -0.149564 1.938468 0.089091
v -0.048140 0.000000 0.028982
v 0.048141 0.000000 0.028982
v -0.048140 0.000000 -0.028982
v 0.048141 0.000000 -0.028982
v -0.048140 1.665637 0.028982
v 0.048141 1.665637 0.028982
v -0.048140 1.665637 -0.028982
v 0.048141 1.665637 -0.028982
v -0.961922 1.703292 -0.031785
v -0.961922 1.659107 -0.031785
v -0.961922 1.703292 -0.066918
v -0.961922 1.659107 -0.066918
v 0.961922 1.703292 -0.031785
v 0.961922 1.659107 -0.031785
v 0.961922 1.703292 -0.066918
v 0.961922 1.659107 -0.066918
vn 0.0827 0.4399 -0.8942
vn 0.2295 0.3873 -0.8929
vn 0.1890 0.9737 0.1270
vn 0.1583 0.9798 0.1225
vn 0.3577 0.0414 0.9329
vn 0.0201 0.6129 0.7899
vn 0.2717 0.5398 0.7968
vn -0.0000 0.1344 0.9909
vn 0.9335 -0.2401 0.2663
vn 0.4127 -0.2756 -0.8682
vn -0.0743 -0.2439 -0.9669
vn 0.0011 -0.0481 -0.9988
vn 0.4323 0.0016 -0.9017
vn 0.9794 0.0459 0.1967
vn -0.0611 0.0674 0.9959
vn 0.3559 0.0951 0.9297
vn 0.9870 0.0558 -0.1510
vn 0.9046 -0.3998 -0.1478
vn 0.0792 0.9852 0.1522
vn 0.1711 0.9783 0.1168
vn 0.3779 -0.8927 -0.2456
vn -0.0362 0.5368 -0.8429
vn -0.2077 0.4388 -0.8742
vn -0.1591 0.9798 0.1214
vn -0.3072 0.0186 0.9515
vn -0.0272 0.6132 0.7894
vn -0.2717 0.5398 0.7968
vn 0.1998 0.1319 0.9709
vn -0.9028 -0.2765 0.3295
vn -0.3636 -0.3064 -0.8797
vn -0.0760 -0.2439 -0.9668
vn -0.0754 0.0029 -0.9972
vn -0.4084 0.0783 -0.9094
vn -0.9868 0.0385 0.1573
vn 0.0284 0.0764 0.9967
vn -0.3599 0.1037 0.9272
vn -0.9911 0.0792 -0.1067
vn -0.8974 -0.3734 -0.2351
vn -0.0107 0.9882 0.1527
vn -0.1707 0.9781 0.1194
vn 0.0947 0.9951 -0.0277
vn 0.0888 0.0267 -0.9957
vn 0.0200 -0.9843 0.1753
vn 0.0523 -0.1089 0.9927
vn 0.2828 0.5528 0.7839
vn -0.1383 0.4328 -0.8908
vn 0.0338 0.1238 -0.9917
vn -0.1999 0.0822 -0.9764
vn 0.0613 0.3127 0.9479
vn 0.0461 -0.9945 0.0943
vn -0.0631 0.0976 -0.9932
vn 0.0100 0.9991 0.0418
vn 0.1270 0.9173 0.3774
vn -0.1352 -0.9673 -0.2147
vn 0.1721 0.5461 0.8199
vn 0.0344 -0.8677 -0.4959
vn 0.0981 0.8686 0.4858
vn -0.1174 0.3649 -0.9236
vn 0.4417 0.1791 0.8791
vn 0.0672 -0.1101 0.9916
vn 0.0837 0.3806 -0.9209
vn -0.0384 0.9965 -0.0746
vn -0.0899 -0.2916 -0.9523
vn -0.2926 -0.9467 0.1347
vn -0.0377 0.2006 0.9790
vn 0.0279 0.0742 0.9969
vn 0.0493 -0.8448 0.5329
vn -0.0256 0.0178 -0.9995
vn 0.0885 0.9951 -0.0436
vn 0.0369 0.4079 -0.9123
vn 0.0271 -0.1540 0.9877
vn -0.0813 -0.2234 0.9713
vn -0.0832 0.4398 -0.8942
vn 0.2039 0.4838 -0.8511
vn 0.0535 -0.1610 0.9855
vn 0.0511 0.3506 0.9351
vn 0.1889 -0.8481 0.4950
vn 0.1611 -0.3264 -0.9314
vn 0.1348 0.9859 -0.0986
vn 0.1013 0.9516 0.2901
vn 0.1968 -0.9031 -0.3818
vn 0.0574 0.8667 0.4956
vn 0.0376 -0.6679 -0.7433
vn -0.4491 -0.8857 -0.1181
vn -0.0306 0.9373 0.3473
vn -0.0802 0.9964 -0.0291
vn -0.0871 0.0194 -0.9960
vn -0.0661 -0.9794 0.1910
vn -0.0552 -0.1092 0.9925
vn -0.3227 -0.1273 0.9379
vn 0.0282 -0.9848 0.1715
vn 0.0907 0.0409 -0.9950
vn -0.0748 0.9878 0.1364
vn -0.1942 0.8497 0.4901
vn -0.0584 -0.8683 -0.4925
vn -0.0788 -0.8513 -0.5188
vn -0.0862 0.8703 0.4849
vn 0.0467 0.3586 -0.9323
vn -0.5003 -0.1345 0.8553
vn -0.0742 -0.1107 0.9911
vn -0.0860 0.4067 -0.9095
vn 0.0194 0.9964 -0.0830
vn 0.1073 -0.3299 -0.9379
vn 0.1666 -0.6003 0.7822
vn 0.0603 0.1924 0.9795
vn -0.0451 0.0742 0.9962
vn -0.0358 -0.9809 0.1913
vn 0.0051 0.0195 -0.9998
vn -0.1020 0.9938 -0.0435
vn -0.0551 0.4076 -0.9115
vn -0.0412 -0.1711 0.9844
vn 0.0650 -0.3271 0.9427
vn 0.0605 0.4931 -0.8678
vn -0.1827 0.4857 -0.8548
vn -0.0706 -0.3270 0.9424
vn -0.0570 0.1924 0.9797
vn -0.0893 -0.9761 0.1980
vn -0.1300 -0.3492 -0.9280
vn -0.1075 0.9908 -0.0825
vn -0.0928 0.8951 0.4362
vn -0.1115 -0.9902 -0.0847
vn -0.0720 0.8658 0.4951
vn 0.0115 -0.8539 -0.5204
vn 0.3292 -0.8686 0.3704
vn 0.0321 0.8985 0.4378
vn -0.1880 0.5378 0.8218
vn 0.6968 0.3915 0.6010
vn 0.2464 0.0863 -0.9653
vn -0.0402 0.1297 -0.9907
vn 0.0487 0.9967 0.0650
vn -0.1235 0.1224 -0.9848
vn 0.4401 -0.8200 0.3659
vn 0.5111 0.4762 0.7155
vn -0.5743 0.4517 0.6828
vn 0.2642 0.3462 -0.9002
vn -0.2897 -0.9400 -0.1802
vn -0.0854 0.9900 0.1124
vn -0.0256 0.9985 0.0481
vn 0.1449 0.0693 -0.9870
vn -0.4762 -0.8772 0.0616
vn -0.4003 0.5109 0.7607
vn -0.8726 0.0023 0.4885
vn 0.0010 -0.1017 0.9948
vn -0.7724 0.3860 0.5043
vn 0.8608 0.1761 0.4775
vn -0.8956 0.1642 0.4135
vn 0.9648 0.2251 0.1359
vn 0.8509 0.2992 0.4317
vn 0.8282 -0.0061 0.5604
vn -0.8244 0.2931 0.4843
vn 0.8813 0.0143 0.4723
vn -0.9620 0.0773 -0.2620
vn -0.3734 0.0693 0.9251
vn 0.0012 0.0639 0.9980
vn -0.9578 0.1097 0.2658
vn -0.4320 0.1096 -0.8952
vn 0.0025 0.1017 -0.9948
vn 0.9794 0.0577 -0.1936
vn 0.4000 0.0681 0.9140
vn 0.0009 0.0658 0.9978
vn 0.9790 0.0655 0.1932
vn 0.5648 0.0726 -0.8220
vn 0.0909 0.0840 -0.9923
vn 0.5262 0.0994 -0.8446
vn 0.9528 0.1435 0.2675
vn 0.0055 0.0636 0.9980
vn 0.3711 0.0956 0.9236
vn 0.9473 0.1527 -0.2817
vn 0.0040 0.1351 -0.9908
vn -0.5134 0.1257 -0.8489
vn -0.9536 0.1478 0.2624
vn 0.0011 0.0568 0.9984
vn -0.3739 0.0925 0.9229
vn -0.9434 0.1228 -0.3082
vn -0.7802 0.0142 0.6254
vn 0.9158 -0.0117 0.4014
vn -0.8734 0.0072 0.4870
vn 0.1456 0.9836 0.1065
vn -0.8682 0.4936 0.0502
vn -0.0232 0.9951 0.0965
vn 0.9542 0.2980 0.0273
vn 0.0075 0.9900 0.1410
vn -0.0366 -0.5392 0.8414
vn -0.2078 -0.4391 0.8741
vn -0.1876 -0.9741 -0.1262
vn -0.1584 -0.9798 -0.1218
vn -0.3075 -0.0224 -0.9513
vn -0.0250 -0.6131 -0.7896
vn -0.2717 -0.5403 -0.7964
vn 0.2225 -0.1396 -0.9649
vn -0.9037 0.2729 -0.3299
vn -0.4138 0.2760 0.8675
vn 0.0741 0.2439 0.9670
vn 0.0797 -0.0029 0.9968
vn -0.4485 0.0117 0.8937
vn -0.9795 -0.0462 -0.1963
vn 0.0643 -0.0674 -0.9957
vn -0.3555 -0.0959 -0.9297
vn -0.9870 -0.0554 0.1506
vn -0.9024 0.3653 0.2286
vn -0.0505 -0.9870 -0.1524
vn -0.1714 -0.9785 -0.1152
vn -0.3648 0.9033 0.2258
vn 0.0824 -0.4397 0.8944
vn 0.2360 -0.3759 0.8961
vn 0.9158 -0.2056 -0.3449
vn 0.1629 -0.9799 -0.1156
vn 0.3584 -0.0369 -0.9328
vn 0.0284 -0.6133 -0.7894
vn 0.2719 -0.5410 -0.7958
vn 0.0099 -0.1267 -0.9919
vn 0.9359 0.2382 -0.2597
vn 0.3644 0.3068 0.8792
vn 0.0765 0.2439 0.9668
vn -0.0007 -0.0508 0.9987
vn 0.4312 -0.0597 0.9003
vn 0.9869 -0.0389 -0.1565
vn -0.0295 -0.0766 -0.9966
vn 0.3599 -0.1044 -0.9271
vn 0.9913 -0.0790 0.1056
vn 0.9023 0.4082 0.1385
vn -0.0837 -0.9848 -0.1523
vn 0.1747 -0.9777 -0.1163
vn 0.9487 -0.2974 0.1075
vn -0.2720 -0.5360 -0.7992
vn 0.1953 -0.3658 0.9100
vn 0.0220 -0.0713 0.9972
vn 0.2078 -0.0817 0.9748
vn 0.9652 -0.1175 -0.2336
vn -0.1800 -0.5446 -0.8191
vn 0.2907 -0.5571 -0.7779
vn 0.9767 0.0973 0.1911
vn 0.0769 -0.9935 0.0837
vn 0.1191 0.2754 0.9539
vn 0.3164 0.5748 -0.7547
vn 0.0769 -0.2590 -0.9628
vn 0.0951 0.1682 -0.9812
vn 0.1068 -0.5045 0.8568
vn 0.2257 0.5702 0.7899
vn 0.0652 -0.9321 -0.3562
vn -0.0410 -0.9950 0.0915
vn -0.1223 0.3035 0.9450
vn -0.1157 0.8253 -0.5526
vn -0.0794 -0.2180 -0.9727
vn -0.0842 0.3133 -0.9459
vn -0.0806 -0.4277 0.9003
vn -0.3010 0.9533 -0.0243
vn -0.0518 -0.9112 -0.4087
vn 0.1961 -0.5363 -0.8209
vn -0.6940 -0.3849 -0.6085
vn -0.2075 -0.1437 0.9676
vn 0.0339 -0.1238 0.9917
vn -0.0490 -0.9969 -0.0608
vn 0.1308 -0.1133 0.9849
vn -0.5775 0.7757 -0.2545
vn -0.5105 -0.4761 -0.7160
vn -0.9694 0.1416 -0.2004
vn -0.9535 0.0315 -0.2997
vn -0.9933 0.0858 0.0779
vn -0.9678 0.0651 -0.2432
vn 0.8885 0.0064 -0.4589
vn -0.5863 -0.0454 -0.8089
vn 0.7690 -0.3886 -0.5076
vn -0.8609 -0.1755 -0.4776
vn 0.8523 -0.1837 -0.4898
vn -0.8235 -0.3548 -0.4426
vn -0.8258 -0.3077 -0.4726
vn -0.8283 0.0062 -0.5603
vn 0.8241 -0.2931 -0.4848
vn -0.8816 -0.0146 -0.4718
vn 0.9620 -0.0776 0.2617
vn 0.3736 -0.0693 -0.9250
vn -0.0005 -0.0640 -0.9980
vn 0.9578 -0.1096 -0.2657
vn 0.5154 -0.0832 0.8529
vn -0.0026 -0.1017 0.9948
vn -0.9795 -0.0579 0.1929
vn -0.4000 -0.0682 -0.9140
vn -0.0011 -0.0659 -0.9978
vn -0.9790 -0.0656 -0.1928
vn -0.4353 -0.1132 0.8931
vn 0.0028 -0.1352 0.9908
vn -0.5267 -0.0993 0.8443
vn -0.9621 -0.2036 -0.1816
vn -0.0064 -0.0637 -0.9979
vn -0.3717 -0.0953 -0.9234
vn -0.9472 -0.1529 0.2817
vn 0.0577 -0.1030 0.9930
vn 0.5671 -0.1002 0.8175
vn 0.9486 -0.1317 -0.2877
vn -0.0053 -0.0562 -0.9984
vn 0.3415 -0.0779 -0.9367
vn 0.9433 -0.1230 0.3082
vn 0.8135 -0.0019 -0.5815
vn -0.9166 0.0112 -0.3997
vn 0.8197 -0.0230 -0.5723
vn -0.1138 -0.9877 -0.1068
vn 0.8761 -0.4793 -0.0521
vn 0.0883 -0.9903 -0.1070
vn -0.9536 -0.2989 -0.0358
vn 0.0133 -0.9865 -0.1630
vn -0.0089 -0.9892 -0.1465
vn 0.2800 -0.9600 0.0048
vn -0.0915 -0.9904 0.1033
vn 0.6038 -0.6169 0.5049
vn -0.0799 -0.9617 0.2624
vn -0.7341 -0.6737 -0.0849
vn 0.1202 0.8117 -0.5715
vn 0.1322 -0.7942 -0.5931
vn 0.0901 -0.9495 -0.3007
vn -0.1180 -0.9879 0.1010
vn -0.1274 -0.8206 0.5572
vn -0.2638 -0.9643 0.0250
vn 0.4674 -0.8322 -0.2983
vn -0.3432 0.4323 -0.8339
vn -0.4695 -0.8368 -0.2816
vn 0.9871 0.1351 0.0858
vn 0.9459 0.0667 -0.3175
vn 0.9663 0.0022 0.2573
vn 0.9861 0.1518 -0.0678
vn 0.9946 -0.0388 -0.0965
vn 0.9690 -0.2404 0.0578
vn 0.9919 0.0506 -0.1168
vn 0.9006 -0.4000 0.1703
vn -0.9827 -0.0029 0.1852
vn -0.9828 -0.1611 -0.0908
vn -0.8711 -0.0737 0.4856
vn -0.9729 -0.2242 0.0563
vn -0.9972 0.0696 0.0261
vn -0.9797 -0.2005 -0.0027
vn -0.9819 -0.1071 0.1561
vn -0.6293 -0.5998 0.4941
vn -0.6062 -0.0409 -0.7943
vn 0.4629 -0.4180 -0.7817
vn -0.4734 -0.0758 -0.8776
vn -0.5626 -0.4661 -0.6828
vn 0.4413 -0.5047 -0.7420
vn 0.5752 -0.0411 -0.8170
vn 0.4709 -0.0747 -0.8790
vn -0.5367 -0.4022 -0.7417
vn -0.4816 -0.0197 -0.8761
vn 0.4381 -0.0366 -0.8982
vn 0.4844 -0.0372 -0.8741
vn 0.0093 0.7678 -0.6406
vn -0.1846 -0.9496 0.2533
vn 0.4181 -0.8690 0.2647
vn -0.1110 0.6465 -0.7548
vn 0.0733 -0.5155 0.8537
vn -0.5048 -0.8583 -0.0923
vn -0.5634 -0.2786 0.7778
vn 0.1063 0.2825 -0.9534
vn 0.0257 -0.1096 0.9936
vn 0.3200 -0.9424 -0.0970
vn 0.1079 0.1148 -0.9875
vn 0.2479 -0.7930 0.5565
vn 0.2168 -0.1752 0.9604
vn -0.2245 -0.1847 0.9568
vn 0.3496 -0.8696 -0.3486
vn 0.5427 0.6456 0.5373
vn 0.4254 -0.4404 0.7906
vn 0.3593 0.1141 -0.9262
vn 0.3444 -0.1903 -0.9193
vn 0.5838 0.6848 -0.4362
vn 0.4048 0.2831 0.8695
vn 0.3732 -0.9230 0.0942
vn -0.5487 -0.7756 -0.3121
vn -0.7086 0.7051 0.0269
vn -0.5714 -0.3364 0.7486
vn -0.5681 0.2238 -0.7920
vn -0.5498 -0.2142 -0.8074
vn -0.6698 0.6590 -0.3422
vn -0.5735 0.2260 0.7875
vn -0.5685 -0.8155 0.1085
vn 0.2573 -0.5877 -0.7671
vn 0.3603 -0.4834 -0.7978
vn 0.5407 -0.1860 -0.8204
vn -0.4429 -0.1725 -0.8798
vn -0.1784 -0.6003 -0.7797
vn -0.2628 -0.5114 -0.8182
vn -0.2573 0.5876 0.7671
vn -0.3605 0.4831 0.7979
vn -0.5408 0.1860 0.8203
vn 0.4430 0.1727 0.8797
vn 0.2145 0.6305 0.7460
vn 0.3200 0.5549 0.7679
vn -0.7276 -0.3688 0.5784
vn 0.9305 0.0936 0.3541
vn -0.8072 0.0334 -0.5893
vn 0.3171 0.7916 -0.5223
vn 0.9724 -0.1311 -0.1929
vn 0.8038 0.0301 -0.5941
vn -0.9455 -0.1651 -0.2807
vn -0.3015 0.7792 -0.5495
vn -0.9604 -0.1691 -0.2216
vn -0.9514 -0.0096 0.3079
vn 0.6098 -0.3191 0.7255
vn -0.9671 -0.0090 0.2541
vn 0.8268 0.1655 0.5376
vn 0.9070 -0.2104 -0.3647
vn -0.0020 0.1019 -0.9948
vn 0.0042 0.5551 0.8317
vn 0.0249 0.0333 0.9991
vn 0.0314 0.0596 0.9977
vn 0.0325 0.5395 0.8413
vn -0.0246 0.0450 0.9987
vn -0.0036 0.0563 0.9984
vn -0.0148 -0.0416 0.9990
vn 0.0374 -0.0426 0.9984
vn 0.9834 -0.1256 -0.1311
vn -0.9885 -0.1271 -0.0816
vn -0.9910 0.1053 -0.0832
vn -0.9485 0.3027 -0.0939
vn -0.0000 0.9897 0.1435
vn -0.0000 0.9894 0.1454
vn -0.9671 -0.2375 -0.0917
vn -0.5132 0.5372 0.6694
vn -0.7531 0.0235 0.6575
vn -0.7539 -0.0273 0.6565
vn 0.7284 -0.0216 0.6849
vn 0.6869 -0.0917 0.7210
vn 0.7276 0.0211 0.6857
vn 0.4783 0.5564 0.6794
vn -0.7124 -0.0866 0.6964
vn 0.1666 0.9160 0.3648
vn -0.1481 0.9161 0.3727
vn 0.1149 -0.0738 -0.9906
vn 0.1203 -0.2810 -0.9521
vn 0.1568 -0.0466 -0.9865
vn -0.1338 -0.0730 -0.9883
vn -0.1708 -0.2589 -0.9507
vn -0.1954 -0.0330 -0.9802
vn -0.1669 0.3250 -0.9309
vn 0.1452 0.3270 -0.9338
vn 0.9552 -0.2579 -0.1454
vn 0.9846 0.1132 -0.1333
vn 0.9428 0.2969 -0.1513
vn -0.1984 0.2665 -0.9432
vn -0.0464 0.2497 -0.9672
vn 0.0870 0.0092 0.9962
vn -0.9953 0.0969 -0.0034
vn 0.9795 0.1796 -0.0908
vn -0.0183 0.2596 0.9655
vn 0.8701 -0.4844 -0.0906
vn -0.8180 0.1789 0.5467
vn 0.7945 0.1271 0.5938
vn 0.1589 -0.2948 0.9422
vn 0.1866 -0.3634 -0.9128
vn -0.6959 -0.5277 0.4870
vn -0.0472 -0.4466 0.8935
vn -0.1452 -0.4156 -0.8979
vn 0.6321 -0.5518 0.5441
vn -0.8674 -0.4939 -0.0603
vn 0.0546 -0.4527 0.8900
vn -0.8849 -0.4654 0.0179
vn 0.5934 -0.6551 0.4676
vn 0.2382 -0.8774 -0.4165
vn 0.1251 -0.5939 0.7948
vn 0.0177 -0.9994 -0.0299
vn 0.4580 -0.5415 0.7050
vn -0.5645 -0.8254 0.0063
vn 0.0935 -0.7884 -0.6080
vn 0.9556 -0.2263 -0.1888
vn 0.3801 -0.3478 -0.8571
vn 0.0861 -0.2972 0.9509
vn -0.8288 -0.2608 -0.4950
vn 0.9763 -0.2088 -0.0572
vn -0.6027 -0.2943 -0.7417
vn -0.9705 -0.2233 -0.0904
vn -0.1002 -0.9949 -0.0095
vn 0.1124 0.9869 0.1157
vn -0.1171 -0.9930 0.0156
vn 0.0498 0.9988 0.0020
vn -0.0548 -0.9873 -0.1493
vn -0.0839 -0.9917 -0.0977
vn -0.1438 -0.9249 -0.3520
vn 0.1106 -0.9893 -0.0956
vn 0.3381 0.1670 0.9262
vn -0.0498 0.0089 0.9987
vn -0.9956 -0.0601 -0.0716
vn -0.8230 -0.0542 0.5655
vn 0.7952 -0.0698 0.6023
vn 0.1723 0.1030 -0.9796
vn -0.2269 0.1007 -0.9687
vn 0.9913 -0.0655 -0.1139
vn -0.1057 0.9944 0.0045
vn 0.0618 -0.9975 -0.0356
vn -0.1180 0.9301 0.3477
vn -0.1215 0.9926 -0.0077
vn -0.0532 0.9797 0.1933
vn -0.0748 0.9937 0.0832
vn 0.0774 0.9966 0.0276
vn 0.0982 -0.9727 -0.2104
vn 0.4601 0.4325 -0.7754
vn 0.2155 0.9357 -0.2793
vn -0.1637 0.8938 0.4176
vn -0.4258 0.3015 0.8531
vn -0.4390 -0.4347 0.7863
vn -0.2078 -0.9369 0.2813
vn 0.1651 -0.8936 -0.4173
vn 0.4435 -0.2991 -0.8449
vn 0.9654 0.2608 -0.0064
vn 0.5385 0.8235 0.1784
vn -0.2937 0.9147 0.2777
vn -0.8963 0.4015 0.1882
vn -0.9645 -0.2636 0.0140
vn -0.5391 -0.8229 -0.1795
vn 0.2959 -0.9151 -0.2740
vn 0.8986 -0.4017 -0.1767
vn 0.5003 0.0451 0.8647
vn 0.2758 0.7192 0.6377
vn -0.1640 0.9838 -0.0721
vn -0.4378 0.5872 -0.6808
vn -0.4708 -0.0352 -0.8816
vn -0.2709 -0.7155 -0.6439
vn 0.1667 -0.9837 0.0676
vn 0.4640 -0.5899 0.6608
vn 0.0084 0.0656 0.9978
vn 0.0189 0.7497 0.6615
vn 0.0176 0.9961 -0.0866
vn 0.0033 0.6414 -0.7672
vn -0.0125 -0.0659 -0.9978
vn -0.0208 -0.7500 -0.6612
vn -0.0173 -0.9961 0.0865
vn -0.0054 -0.6412 0.7674
vn -0.5685 0.1111 0.8151
vn -0.2977 0.7701 0.5642
vn 0.1590 0.9859 -0.0514
vn 0.4929 0.5991 -0.6310
vn 0.5399 -0.1100 -0.8345
vn 0.2838 -0.7710 -0.5702
vn -0.1594 -0.9859 0.0512
vn -0.5128 -0.5938 0.6200
vn -0.9756 0.2105 -0.0629
vn -0.5849 0.8109 0.0178
vn 0.2485 0.9633 0.1012
vn 0.8782 0.4654 0.1109
vn 0.9752 -0.2105 0.0677
vn 0.5866 -0.8098 -0.0114
vn -0.2495 -0.9628 -0.1035
vn -0.8783 -0.4644 -0.1134
vn -0.4800 0.3194 -0.8171
vn -0.2924 0.8859 -0.3602
vn 0.1007 0.9138 0.3935
vn 0.3730 0.3536 0.8578
vn 0.4368 -0.3167 0.8420
vn 0.2847 -0.8846 0.3694
vn -0.1039 -0.9153 -0.3892
vn -0.4099 -0.3668 -0.8352
vn -0.1550 0.4049 -0.9011
vn -0.1722 0.9259 -0.3362
vn -0.0840 0.8970 0.4341
vn 0.0575 0.3429 0.9376
vn 0.1648 -0.4043 0.8997
vn 0.1769 -0.9255 0.3349
vn 0.0831 -0.8972 -0.4338
vn -0.0531 -0.3420 -0.9382
vn 0.4309 0.2967 0.8522
vn -0.7992 0.1927 0.5693
vn 0.4374 0.2748 -0.8563
vn 0.8147 0.2540 0.5212
vn -0.3849 0.2305 0.8937
vn -0.8432 0.2278 -0.4868
vn 0.9678 0.2517 0.0055
vn 0.0654 0.2679 0.9612
vn -0.9804 0.1970 -0.0005
vn 0.8087 0.2513 -0.5318
vn 0.2450 0.6651 -0.7054
vn -0.4808 0.2712 -0.8338
vn -0.6529 0.7291 0.2054
vn -0.2868 0.8192 -0.4967
vn 0.6119 0.7703 0.1795
vn -0.3080 0.8056 0.5061
vn -0.5057 0.8118 -0.2919
vn 0.7336 0.6796 -0.0000
vn 0.0160 0.8176 0.5755
vn -0.6960 0.7180 -0.0000
vn 0.6864 0.6890 -0.2327
vn 0.3195 0.7693 -0.5533
vn -0.0000 -1.0000 -0.0000
vn 0.0478 -0.9888 -0.1414
vn -0.0050 1.0000 -0.0050
vn 0.0708 0.9968 0.0379
vn -0.0620 -0.9972 0.0411
vn 0.0057 1.0000 -0.0016
vn 0.2046 0.9781 0.0380
vn -0.0000 1.0000 -0.0000
vn 0.0299 -0.9994 -0.0196
vn 0.0058 -0.9997 0.0218
vn 0.0017 0.2982 -0.9545
vn 0.2565 0.7238 0.6405
vn 0.0621 -0.9981 -0.0000
vn -0.2276 -0.9682 0.1040
vn -0.0532 -0.9986 -0.0000
vn 0.0239 -0.9847 -0.1726
vn -0.3445 -0.9352 -0.0821
vn 0.1789 -0.9828 0.0458
vn -0.0281 -0.9652 0.2601
vn 0.3108 -0.9498 -0.0354
vn -0.0756 -0.9838 -0.1626
vn 0.0242 -0.9844 0.1744
vn -0.0895 -0.9781 0.1878
vn 0.0218 -0.9725 -0.2321
vn -0.6120 -0.7908 -0.0000
vn -0.1905 -0.8104 -0.5540
vn 0.6029 -0.7978 -0.0000
vn -0.5764 -0.8010 0.1616
vn -0.2896 -0.7741 0.5629
vn -0.1936 -0.8103 -0.5531
vn 0.5725 -0.8080 -0.1391
vn -0.1116 -0.7789 0.6172
vn 0.2794 -0.8425 0.4606
vn -0.5765 -0.8017 -0.1577
vn 0.2798 -0.8447 -0.4563
vn 0.5732 -0.8074 0.1397
vn 0.0033 0.5783 -0.8158
vn -0.4073 0.5772 -0.7078
vn -0.7071 0.5774 -0.4082
vn -0.8173 0.5761 -0.0009
vn -0.7519 0.5354 0.3846
vn -0.3966 0.5792 0.7122
vn 0.0104 0.5833 0.8122
vn 0.4246 0.6403 0.6400
vn 0.6657 0.5550 0.4989
vn 0.8218 0.5697 0.0116
vn 0.7080 0.5759 -0.4088
vn 0.4063 0.5827 -0.7038
vn -0.0195 0.9998 -0.0026
vn -0.0616 0.9849 0.1615
vn -0.0099 0.9999 -0.0024
vn 0.2453 -0.9684 0.0446
vn 0.0015 1.0000 -0.0015
vn 0.0307 0.9992 -0.0268
vn -0.0000 -1.0000 -0.0001
vn -0.0178 -0.9998 -0.0047
vn -0.0086 0.9962 -0.0872
vn 0.0054 0.9998 0.0203
vn 0.2414 0.9704 -0.0066
vn 0.4462 0.8925 -0.0664
vn 0.5125 0.8469 -0.1417
vn 0.4740 0.8805 -0.0000
vn 0.4814 0.8605 0.1670
vn 0.4364 0.8956 0.0866
vn 0.2414 0.9704 0.0090
vn -0.1209 0.9865 0.1105
vn -0.1467 0.9789 0.1423
vn -0.1317 0.9913 -0.0000
vn -0.1818 0.9758 -0.1211
vn -0.1360 0.9871 -0.0843
vn -0.0095 -0.8146 0.5799
vn 0.0104 0.5814 0.8136
vn 0.9980 0.0435 -0.0469
vn -0.9971 0.0682 -0.0326
vn 0.0188 0.8144 -0.5800
vn 0.0003 -0.9997 0.0247
vn -0.9003 -0.0087 -0.4352
vn 0.0041 0.9998 -0.0199
vn 0.6424 0.7112 0.2854
vn 0.6400 -0.6985 0.3201
vn -0.6289 -0.7245 -0.2821
vn -0.6417 0.6966 -0.3208
vn 0.9062 0.0087 0.4227
vn 0.8911 0.0087 0.4537
vn -0.5882 -0.0177 0.8085
vn -0.4319 0.1042 0.8959
vn -0.4346 -0.0009 0.9006
vn -0.5962 0.1154 0.7945
vn -0.3406 0.1012 0.9348
vn -0.4350 -0.0009 0.9004
vn -0.3327 -0.0049 0.9430
vn -0.3320 -0.0041 0.9433
vn -0.0220 -0.9988 0.0447
vn -0.6406 -0.7123 -0.2867
vn -0.6236 0.6957 -0.3565
vn 0.6315 0.7222 0.2820
vn 0.6237 -0.6957 0.3565
vn -0.8911 -0.0087 -0.4537
vn 0.0091 0.9987 -0.0504
vn 0.0035 -0.9992 0.0409
vn 0.9091 -0.0085 -0.4165
vn 0.0052 1.0000 -0.0079
vn -0.6363 0.7100 0.3015
vn -0.6377 -0.6955 0.3310
vn 0.6404 -0.7216 -0.2630
vn 0.6484 0.6980 -0.3039
vn -0.8987 0.0085 0.4385
vn -0.8325 0.0072 0.5540
vn 0.5954 0.1500 0.7893
vn 0.4543 0.1316 0.8811
vn 0.5068 -0.0071 0.8620
vn 0.6183 0.0917 0.7806
vn 0.3294 -0.0368 0.9435
vn 0.3986 0.0686 0.9146
vn 0.4270 -0.0061 0.9042
vn 0.3106 0.0157 0.9504
vn 0.3306 -0.0047 0.9438
vn 0.1013 -0.9833 0.1514
vn 0.6817 -0.7116 -0.1699
vn 0.6731 0.7004 -0.2373
vn -0.5521 0.7374 0.3891
vn -0.5715 -0.6801 0.4591
vn 0.9422 -0.0081 -0.3349
vn 0.0328 0.9973 0.0662
vn 0.4671 0.1359 0.8737
vn 0.3645 0.3788 -0.8507
vn 0.8878 0.4516 0.0890
vn 0.2812 -0.3457 -0.8952
vn 0.0416 -0.9426 -0.3313
vn 0.9737 -0.1371 0.1822
vn 0.9673 0.0461 0.2494
vn 0.4382 0.4691 0.7668
vn 0.4709 -0.0234 0.8819
vn 0.4776 -0.1735 -0.8613
vn 0.5936 -0.2487 0.7653
vn 0.8712 -0.4779 0.1122
vn 0.6329 -0.1187 -0.7651
vn 0.8532 -0.5214 0.0141
vn 0.9698 0.0068 -0.2437
vn 0.9411 -0.3058 -0.1444
vn 0.4031 0.5448 -0.7353
vn 0.9112 0.3698 -0.1814
vn 0.2342 0.3534 0.9057
vn 0.7070 0.7057 0.0458
vn 0.9105 -0.4113 0.0428
vn 0.3315 -0.6268 0.7051
vn 0.4828 -0.1483 -0.8631
vn -0.4656 0.1382 0.8742
vn -0.3231 0.4154 -0.8503
vn -0.9272 0.3444 0.1475
vn -0.4362 -0.5593 -0.7049
vn 0.0285 -0.9716 -0.2350
vn -0.9407 -0.2071 0.2688
vn -0.9849 0.0363 0.1690
vn -0.4380 0.4342 0.7872
vn -0.4456 -0.0488 0.8939
vn -0.4775 -0.0651 -0.8762
vn -0.4511 -0.3413 0.8247
vn -0.8294 -0.5251 0.1907
vn -0.6228 -0.1110 -0.7745
vn -0.8821 -0.4531 -0.1291
vn -0.9749 -0.1387 -0.1741
vn -0.9438 -0.2349 -0.2324
vn -0.4247 0.7134 -0.5573
vn -0.9146 0.3706 -0.1619
vn -0.0651 0.4530 0.8891
vn -0.6495 0.7510 0.1192
vn -0.9497 -0.3097 0.0466
vn -0.3299 -0.6241 0.7083
vn -0.6274 0.0611 -0.7763
vn 0.3842 0.4968 -0.7782
vn 0.1617 0.9527 -0.2574
vn -0.1597 0.8725 0.4618
vn -0.3726 0.2350 0.8977
vn -0.3627 -0.4973 0.7881
vn -0.1594 -0.9529 0.2579
vn 0.1626 -0.8721 -0.4616
vn 0.3973 -0.2289 -0.8887
vn 0.9570 0.2738 0.0954
vn 0.5064 0.8261 0.2471
vn -0.3733 0.8929 0.2517
vn -0.9309 0.3581 0.0715
vn -0.9573 -0.2617 -0.1225
vn -0.5109 -0.8206 -0.2561
vn 0.3737 -0.8930 -0.2509
vn 0.9296 -0.3578 -0.0888
vn 0.6149 0.1159 0.7800
vn 0.3097 0.7778 0.5469
vn -0.2162 0.9743 -0.0626
vn -0.5689 0.5636 -0.5989
vn -0.6094 -0.1137 -0.7847
vn -0.3097 -0.7778 -0.5469
vn 0.2177 -0.9742 0.0600
vn 0.5772 -0.5635 0.5910
vn -0.0224 0.0766 0.9968
vn -0.0015 0.7538 0.6571
vn 0.0229 0.9931 -0.1153
vn 0.0307 0.6159 -0.7872
vn 0.0215 -0.0767 -0.9968
vn 0.0008 -0.7539 -0.6570
vn -0.0225 -0.9931 0.1152
vn -0.0305 -0.6159 0.7872
vn -0.6638 0.1261 0.7372
vn -0.3456 0.7762 0.5274
vn 0.2084 0.9776 -0.0280
vn 0.6113 0.5699 -0.5491
vn 0.6586 -0.1259 -0.7419
vn 0.3405 -0.7765 -0.5302
vn -0.2073 -0.9779 0.0286
vn -0.6128 -0.5693 0.5480
vn -0.9739 0.2223 0.0466
vn -0.5502 0.8274 0.1124
vn 0.2522 0.9614 0.1101
vn 0.8740 0.4845 0.0369
vn 0.9737 -0.2220 -0.0509
vn 0.5502 -0.8274 -0.1125
vn -0.2526 -0.9612 -0.1110
vn -0.8747 -0.4829 -0.0418
vn -0.6659 0.2951 -0.6852
vn -0.3744 0.8721 -0.3152
vn 0.1826 0.9419 0.2819
vn 0.5955 0.4114 0.6900
vn 0.6491 -0.2946 0.7013
vn 0.3704 -0.8712 0.3222
vn -0.1796 -0.9405 -0.2884
vn -0.6006 -0.4135 -0.6843
vn -0.3371 0.4022 -0.8513
vn -0.3750 0.8958 -0.2388
vn -0.2092 0.8229 0.5283
vn 0.1056 0.3030 0.9471
vn 0.3698 -0.3971 0.8400
vn 0.3940 -0.8903 0.2281
vn 0.1939 -0.8307 -0.5218
vn -0.1106 -0.3047 -0.9460
vn 0.1105 0.5894 -0.8002
vn -0.1431 -0.6792 0.7199
vn 0.2602 -0.5369 -0.8025
vn -0.0036 0.8722 0.4892
vn 0.4056 0.9043 0.1334
vn -0.0300 -0.8307 0.5559
vn 0.1603 0.9538 -0.2539
vn -0.1652 -0.9828 0.0827
vn 0.2602 -0.0000 -0.9655
vn 0.0139 0.4938 0.8695
vn 0.0534 0.3308 0.9422
vn -0.0112 -0.9999 -0.0000
vn 0.0088 1.0000 0.0035
vn -0.1075 0.9795 0.1702
vn 0.0104 0.9999 -0.0000
vn 0.0057 0.9961 -0.0878
vn 0.0462 0.9988 0.0156
vn -0.0088 -1.0000 -0.0000
vn -0.0100 -0.9775 -0.2106
vn -0.0102 -0.9999 -0.0000
vn -0.0087 -0.9908 -0.1351
vn 0.2983 -0.0001 -0.9545
vn 0.0872 -0.0000 0.9962
vn 0.2124 -0.0000 0.9772
vn 0.1551 -0.0000 -0.9879
vn -0.0164 -0.0000 -0.9999
vn 0.5916 0.0017 0.8062
vn -0.2413 -0.9705 -0.0039
vn -0.2413 -0.9705 -0.0040
vn 0.2824 0.9527 0.1123
vn 0.0384 -0.0000 0.9993
vn 0.5966 -0.0001 0.8025
vn -0.2330 -0.9655 0.1165
vn -0.1149 0.0913 -0.9892
vn 0.2393 0.9557 -0.1713
vn 0.0392 0.9875 -0.1529
vn -0.0093 -0.9878 -0.1552
vn 0.0223 0.4939 0.8692
vn 0.0935 0.4022 0.9108
vn -0.0429 -0.9991 -0.0000
vn -0.2686 -0.5421 -0.7962
vn 0.2421 0.4088 0.8799
vn 0.2602 -0.1965 0.9454
vn 0.0253 -0.3119 -0.9498
vn -0.0417 -0.0573 -0.9975
vn -0.0494 0.9779 0.2032
vn 0.1224 -0.9395 0.3199
vn -0.1292 0.9914 0.0195
vn 0.2602 -0.0000 0.9655
vn 0.0087 -0.3140 -0.9494
vn 0.0466 -0.3539 -0.9341
vn -0.0152 0.9999 -0.0000
vn 0.0323 -0.9994 -0.0129
vn 0.1721 -0.9796 0.1039
vn 0.0108 -0.9999 -0.0000
vn 0.1616 -0.9853 -0.0546
vn -0.0316 0.9992 -0.0229
vn -0.0107 0.9996 -0.0253
vn -0.0107 0.9999 -0.0000
vn -0.0020 1.0000 -0.0000
vn -0.0326 0.8799 0.4740
vn 0.2983 0.0001 0.9545
vn 0.0872 -0.0000 -0.9962
vn 0.2123 -0.0000 -0.9772
vn 0.1551 -0.0000 0.9879
vn -0.0171 -0.0000 0.9999
vn 0.5909 -0.0011 -0.8068
vn 0.2372 0.9713 -0.0174
vn 0.2239 0.9165 -0.3314
vn -0.1790 -0.9813 0.0712
vn 0.0399 -0.0000 -0.9992
vn -0.1790 -0.9813 0.0713
vn 0.5969 -0.0014 -0.8023
vn 0.1408 0.9501 0.2784
vn -0.1522 -0.0751 0.9855
vn -0.1352 -0.9711 -0.1968
vn -0.2172 -0.9760 0.0182
vn 0.1994 0.9640 0.1761
vn 0.2602 0.5370 0.8024
vn 0.0077 -0.8820 -0.4712
vn -0.0314 -0.7599 -0.6492
vn -0.0348 0.8306 -0.5558
vn 0.0350 0.0139 -0.9993
vn 0.1234 -0.0930 -0.9880
vn 0.0118 -0.0000 -0.9999
vn -0.0000 -0.0000 -1.0000
vn 0.1616 0.0546 -0.9853
vn -0.0334 0.0437 0.9985
vn -0.0115 0.1198 0.9927
vn -0.0116 -0.0000 0.9999
vn -0.0081 -0.0000 1.0000
vn -0.0319 -0.4261 0.9041
vn 0.2983 -0.9545 0.0004
vn 0.0872 0.9962 0.0001
vn 0.2124 0.9772 -0.0000
vn 0.1551 -0.9879 -0.0000
vn -0.0187 -0.9998 -0.0000
vn 0.4567 0.8896 0.0100
vn 0.2018 0.0024 0.9794
vn 0.1995 0.1499 0.9684
vn -0.1398 -0.0556 -0.9886
vn 0.0434 0.9991 -0.0024
vn 0.1551 -0.9879 -0.0002
vn 0.8215 0.5696 -0.0261
vn 0.1659 -0.2256 0.9600
vn -0.1433 -0.9894 -0.0232
vn -0.0936 0.2658 -0.9595
vn -0.0248 0.0956 -0.9951
vn 0.0230 -0.3879 0.9214
vn 0.2602 -0.9647 -0.0413
vn 0.0070 0.9625 -0.2713
vn -0.0005 0.9648 -0.2631
vn -0.0145 -0.0428 0.9990
vn -0.0145 0.1570 -0.9875
vn 0.0136 -0.3690 0.9293
vn 0.0089 0.9368 -0.3498
vn 0.0011 0.9643 -0.2647
vn 0.0371 -0.0148 0.9992
vn 0.1234 0.0930 0.9880
vn 0.0126 -0.0000 0.9999
vn -0.0000 -0.0000 1.0000
vn 0.1616 -0.0546 0.9853
vn -0.0430 -0.0000 -0.9991
vn -0.0183 0.0493 -0.9986
vn -0.0182 -0.0632 -0.9978
vn -0.0068 0.1941 -0.9810
vn -0.0417 0.2417 -0.9695
vn 0.2983 0.9545 -0.0000
vn 0.0872 -0.9962 0.0002
vn 0.2124 -0.9772 -0.0000
vn 0.1551 0.9879 -0.0000
vn -0.0199 0.9998 -0.0000
vn 0.4567 -0.8896 -0.0101
vn 0.1708 -0.0028 -0.9853
vn -0.1398 0.0556 0.9886
vn 0.0459 -0.9989 -0.0000
vn 0.1551 0.9879 0.0006
vn 0.8205 -0.5710 0.0260
vn 0.0828 0.3689 -0.9258
vn -0.1627 0.9690 0.1858
vn -0.0936 -0.2657 0.9595
vn -0.0211 -0.0878 0.9959
vn 0.0196 0.3812 -0.9243
vn 0.1362 0.9846 -0.1095
vn 0.0070 -0.9625 0.2712
vn -0.0004 -0.9648 0.2631
vn -0.0145 0.0427 -0.9990
vn -0.0145 -0.1570 0.9875
vn 0.0136 0.3690 -0.9293
vn 0.2602 0.9647 0.0412
vn 0.0089 -0.9367 0.3499
vn 0.0011 -0.9643 0.2649
vn -0.0145 0.0428 -0.9990
vn -0.1105 0.5894 -0.8002
vn 0.1431 -0.6792 0.7199
vn -0.2602 -0.5370 -0.8025
vn 0.0036 0.8722 0.4892
vn -0.3349 0.9250 -0.1794
vn 0.0300 -0.8307 0.5559
vn -0.1603 0.9539 -0.2539
vn 0.1652 -0.9828 0.0827
vn -0.2602 -0.0000 -0.9655
vn -0.0139 0.4937 0.8695
vn -0.0634 0.5664 0.8217
vn 0.0112 -0.9999 -0.0000
vn -0.0088 1.0000 -0.0000
vn -0.0103 0.9895 0.1439
vn -0.0104 0.9999 -0.0000
vn -0.0462 0.9988 0.0157
vn 0.0088 -1.0000 -0.0002
vn -0.1024 -0.9655 -0.2396
vn 0.0102 -0.9999 -0.0000
vn 0.0002 -1.0000 0.0025
vn 0.0528 -0.9986 -0.0008
vn -0.2984 -0.0001 -0.9544
vn -0.0872 -0.0000 0.9962
vn -0.2124 -0.0000 0.9772
vn -0.1551 -0.0000 -0.9879
vn 0.0165 -0.0996 -0.9949
vn -0.5916 0.0016 0.8062
vn 0.2413 -0.9705 -0.0039
vn 0.2413 -0.9705 -0.0040
vn -0.2824 0.9527 0.1123
vn -0.0384 0.0039 0.9993
vn -0.1552 -0.0001 -0.9879
vn -0.5965 0.0019 0.8026
vn 0.2330 -0.9655 0.1165
vn 0.1150 0.0914 -0.9891
vn -0.2393 0.9557 -0.1714
vn -0.0392 0.9875 -0.1529
vn 0.0093 -0.9878 -0.1552
vn -0.0223 0.4939 0.8692
vn -0.0678 0.5628 0.8238
vn 0.0429 -0.9991 -0.0000
vn 0.2686 -0.5421 -0.7962
vn -0.2421 0.4088 0.8799
vn -0.2602 -0.1965 0.9454
vn -0.0253 -0.3118 -0.9498
vn 0.0798 -0.1258 -0.9888
vn 0.0494 0.9779 0.2032
vn -0.1224 -0.9395 0.3199
vn 0.1292 0.9914 0.0195
vn -0.2602 -0.0000 0.9655
vn -0.0087 -0.3140 -0.9494
vn -0.0466 -0.3540 -0.9341
vn 0.0152 0.9999 -0.0000
vn -0.0325 -0.9995 -0.0000
vn -0.0108 -0.9977 0.0670
vn -0.0108 -0.9999 -0.0000
vn -0.1616 -0.9853 -0.0546
vn 0.0349 0.9412 -0.3360
vn 0.1977 0.9772 -0.0775
vn 0.0107 0.9999 -0.0000
vn -0.0056 0.9937 0.1121
vn 0.2108 0.9775 -0.0101
vn -0.2983 0.0001 0.9545
vn -0.0872 -0.0000 -0.9962
vn -0.2123 -0.0000 -0.9772
vn -0.1551 -0.0000 0.9879
vn 0.0180 0.0446 0.9988
vn -0.5909 -0.0011 -0.8068
vn -0.2372 0.9713 -0.0174
vn -0.2238 0.9165 -0.3315
vn 0.1790 -0.9813 0.0712
vn -0.0401 -0.0038 -0.9992
vn -0.1551 0.0001 0.9879
vn 0.1790 -0.9813 0.0713
vn -0.5969 -0.0016 -0.8023
vn -0.1408 0.9501 0.2784
vn 0.1521 -0.0751 0.9855
vn 0.1352 -0.9711 -0.1968
vn 0.2172 -0.9760 0.0182
vn -0.1994 0.9640 0.1761
vn -0.2602 0.5371 0.8024
vn -0.0077 -0.8820 -0.4712
vn 0.0629 -0.8131 -0.5788
vn 0.0348 0.8306 -0.5558
vn -0.0353 -0.0000 -0.9994
vn -0.0118 -0.0673 -0.9977
vn -0.0118 -0.0000 -0.9999
vn -0.1616 0.0546 -0.9853
vn 0.0349 0.1491 0.9882
vn 0.0243 0.1234 0.9921
vn 0.0116 -0.0000 0.9999
vn -0.0056 -0.1799 0.9837
vn 0.1841 -0.0038 0.9829
vn -0.2983 -0.9545 -0.0000
vn -0.0872 0.9962 0.0001
vn -0.2124 0.9772 -0.0000
vn -0.1551 -0.9879 -0.0000
vn 0.0191 -0.9997 0.0151
vn -0.4567 0.8895 0.0100
vn -0.2018 0.0024 0.9794
vn -0.1995 0.1499 0.9684
vn 0.1398 -0.0556 -0.9886
vn -0.0434 0.9991 -0.0022
vn -0.1559 -0.9878 0.0011
vn -0.8215 0.5696 -0.0262
vn -0.1659 -0.2256 0.9600
vn 0.1433 -0.9894 -0.0232
vn 0.0936 0.2657 -0.9595
vn 0.0248 0.0956 -0.9951
vn -0.0230 -0.3879 0.9214
vn -0.2602 -0.9647 -0.0413
vn -0.0070 0.9625 -0.2713
vn 0.0005 0.9648 -0.2631
vn 0.0145 -0.0428 0.9990
vn 0.0145 0.1570 -0.9875
vn -0.0136 -0.3691 0.9293
vn -0.0089 0.9367 -0.3501
vn 0.0020 0.9421 -0.3352
vn -0.0374 -0.0000 0.9993
vn -0.0125 0.0674 0.9976
vn -0.0126 -0.0000 0.9999
vn -0.1616 -0.0546 0.9853
vn 0.0430 0.0007 -0.9991
vn 0.1168 0.0213 -0.9929
vn 0.0182 -0.0632 -0.9978
vn -0.0004 0.2778 -0.9606
vn 0.1225 0.0020 -0.9925
vn -0.2983 0.9545 -0.0000
vn -0.0872 -0.9962 -0.0000
vn -0.2124 -0.9772 -0.0000
vn -0.1551 0.9879 -0.0000
vn 0.0217 0.9957 -0.0902
vn -0.4567 -0.8895 -0.0105
vn -0.1708 -0.0028 -0.9853
vn 0.1398 0.0556 0.9886
vn -0.0461 -0.9989 0.0036
vn -0.1547 0.9880 0.0009
vn -0.8205 -0.5710 0.0259
vn -0.0828 0.3689 -0.9258
vn 0.1627 0.9690 0.1858
vn 0.0936 -0.2657 0.9595
vn 0.0211 -0.0878 0.9959
vn -0.0196 0.3812 -0.9243
vn -0.1362 0.9846 -0.1095
vn -0.0070 -0.9625 0.2712
vn 0.0004 -0.9648 0.2631
vn 0.0145 0.0428 -0.9990
vn 0.0145 -0.1570 0.9875
vn -0.0136 0.3690 -0.9293
vn -0.2602 0.9647 0.0412
vn -0.0089 -0.9367 0.3499
vn 0.0019 -0.9422 0.3351
vn -0.8532 -0.5213 0.0188
vn -0.7902 -0.6104 0.0557
vn -0.8679 -0.4947 0.0443
vn -0.8722 -0.4889 0.0140
vn -0.7668 -0.6407 -0.0399
vn 0.8519 0.5215 -0.0469
vn 0.8694 0.4939 -0.0137
vn 0.8680 0.4947 -0.0438
vn 0.8656 0.4993 -0.0384
vn 0.8160 0.4853 0.3140
vn 0.3152 -0.2927 0.9028
vn 0.0248 -0.0540 -0.9982
vn 0.2742 -0.0950 -0.9570
vn 0.2863 -0.0815 0.9546
vn 0.0336 -0.0059 0.9994
vn 0.4319 -0.4619 -0.7747
vn 0.9577 0.2849 -0.0407
vn 0.9235 0.2828 -0.2593
vn -0.9410 -0.3254 0.0932
vn -0.0142 -0.0141 -0.9998
vn 0.1526 -0.1647 0.9745
vn -0.9420 -0.3254 0.0821
vn 0.4394 -0.4665 -0.7677
vn 0.9119 0.3757 0.1654
vn -0.1649 0.0620 0.9844
vn -0.9152 -0.3879 -0.1093
vn -0.7753 -0.5408 -0.3263
vn 0.1644 -0.6716 0.7225
vn -0.2377 0.3160 -0.9185
vn -0.3244 -0.4656 -0.8234
vn -0.6339 -0.4009 0.6614
vn 0.6644 0.0961 -0.7412
vn 0.1112 -0.4656 -0.8780
vn -0.8729 -0.4087 0.2665
vn 0.9410 0.1020 -0.3226
vn -0.0922 -0.3886 -0.9168
vn -0.7778 -0.4609 0.4272
vn 0.8359 0.1625 -0.5242
vn 0.8525 -0.5219 0.0310
vn 0.8680 -0.4947 0.0428
vn 0.8679 -0.4947 0.0443
vn 0.8701 -0.4914 0.0388
vn 0.7668 -0.6407 -0.0398
vn -0.8129 0.5156 -0.2710
vn -0.7762 0.6295 -0.0338
vn -0.8680 0.4947 -0.0438
vn -0.8695 0.4747 0.1366
vn -0.7589 0.6508 -0.0205
vn -0.3152 -0.2927 0.9028
vn -0.0248 -0.0539 -0.9982
vn -0.2742 -0.0950 -0.9570
vn -0.2099 -0.1644 0.9638
vn -0.0883 0.0256 0.9958
vn -0.4318 -0.4620 -0.7747
vn -0.9577 0.2849 -0.0406
vn -0.9235 0.2828 -0.2593
vn 0.9410 -0.3254 0.0932
vn 0.0187 -0.0169 -0.9997
vn -0.1858 -0.1641 0.9688
vn 0.9420 -0.3254 0.0821
vn -0.4374 -0.4686 -0.7676
vn -0.9119 0.3757 0.1654
vn 0.1649 0.0620 0.9844
vn 0.9152 -0.3879 -0.1093
vn 0.7753 -0.5408 -0.3263
vn -0.1644 -0.6716 0.7225
vn 0.2377 0.3160 -0.9185
vn 0.3244 -0.4656 -0.8234
vn 0.6339 -0.4009 0.6614
vn -0.6644 0.0961 -0.7412
vn -0.1113 -0.4656 -0.8780
vn 0.8729 -0.4087 0.2665
vn -0.9410 0.1020 -0.3225
vn 0.0922 -0.3886 -0.9168
vn 0.7778 -0.4609 0.4272
vn -0.8359 0.1625 -0.5242
vn 1.0000 -0.0000 -0.0000
vn -1.0000 -0.0000 -0.0000
vn 0.0362 0.5368 -0.8429
vn 0.2077 0.4389 -0.8742
vn 0.0378 0.9337 0.3561
vn 0.1700 0.9797 0.1061
vn 0.3013 0.0205 0.9533
vn 0.0897 0.6058 0.7906
vn 0.2170 0.6090 0.7629
vn -0.2150 0.1384 0.9668
vn 0.9040 -0.2736 0.3285
vn 0.1999 -0.3868 -0.9002
vn -0.0395 -0.2259 -0.9733
vn -0.0796 0.0029 -0.9968
vn 0.4474 -0.0114 -0.8942
vn 0.9629 0.1021 0.2498
vn -0.0000 0.0625 0.9980
vn 0.3621 0.0907 0.9277
vn 0.9835 0.0366 -0.1772
vn 0.9024 -0.3641 -0.2307
vn 0.1549 0.9764 0.1508
vn 0.3644 -0.9022 -0.2308
vn -0.0827 0.4399 -0.8943
vn -0.2295 0.3873 -0.8929
vn -0.1700 0.9797 0.1061
vn -0.3572 0.0373 0.9333
vn -0.1410 0.6005 0.7871
vn -0.2170 0.6090 0.7629
vn 0.0004 0.1281 0.9918
vn -0.9349 -0.2411 0.2606
vn -0.1593 -0.4073 -0.8993
vn -0.0212 -0.2728 -0.9618
vn 0.0006 0.0509 -0.9987
vn -0.4311 0.0591 -0.9004
vn -0.9625 0.1238 0.2412
vn 0.0002 0.0744 0.9972
vn -0.3630 0.1016 0.9262
vn -0.9850 0.0378 -0.1682
vn -0.9013 -0.4107 -0.1376
vn -0.1559 0.9762 0.1508
vn 0.0999 0.9940 -0.0435
vn 0.0853 0.0178 -0.9962
vn -0.0857 -0.8427 0.5315
vn 0.0933 0.0739 0.9929
vn -0.1976 0.3660 -0.9094
vn -0.0220 0.0714 -0.9972
vn -0.2058 0.0736 -0.9758
vn 0.2707 -0.1244 0.9546
vn 0.0133 -0.9845 0.1748
vn -0.1065 0.0421 -0.9934
vn 0.0570 0.9979 -0.0312
vn 0.0623 0.8734 0.4830
vn 0.0532 -0.8682 -0.4933
vn -0.0234 0.5262 0.8500
vn -0.0527 -0.6674 -0.7428
vn 0.0955 0.8641 0.4941
vn -0.0977 0.3923 -0.9146
vn -0.2870 0.5576 0.7789
vn 0.0548 -0.1538 0.9866
vn 0.0908 0.4065 -0.9091
vn -0.0365 0.9954 -0.0882
vn -0.0971 -0.2645 -0.9595
vn -0.2933 -0.5938 0.7492
vn -0.0482 0.2603 0.9643
vn 0.0977 0.3493 0.9319
vn 0.0388 -0.8630 0.5037
vn 0.1276 -0.3280 -0.9360
vn 0.1039 0.9897 -0.0990
vn 0.0221 0.4941 -0.8691
vn 0.0235 -0.1612 0.9866
vn -0.0476 -0.1539 0.9869
vn -0.0694 0.5006 -0.8629
vn 0.2139 0.4311 -0.8766
vn 0.0376 -0.2239 0.9739
vn 0.0683 0.2002 0.9774
vn 0.1423 -0.9800 0.1394
vn 0.1467 -0.2896 -0.9458
vn 0.1368 0.9878 -0.0739
vn 0.1092 0.9321 0.3453
vn 0.2412 -0.9620 -0.1282
vn 0.1156 0.9501 0.2896
vn 0.1518 -0.9104 -0.3849
vn -0.1978 -0.5916 -0.7816
vn -0.0292 0.9348 0.3539
vn -0.0851 0.9954 -0.0436
vn -0.0896 0.0267 -0.9956
vn -0.0698 -0.9814 0.1787
vn -0.0942 0.0739 0.9928
vn -0.0261 0.4171 0.9085
vn -0.0055 -0.9957 0.0923
vn 0.0670 0.0699 -0.9953
vn -0.1608 0.9868 -0.0215
vn -0.0864 0.9585 0.2717
vn 0.1704 -0.9678 -0.1855
vn -0.0674 -0.8684 -0.4912
vn -0.0832 0.8651 0.4947
vn 0.0602 0.3909 -0.9185
vn -0.3620 0.1298 0.9231
vn -0.0597 -0.1709 0.9835
vn -0.0793 0.3810 -0.9212
vn 0.0164 0.9944 -0.1044
vn 0.1186 -0.2633 -0.9574
vn 0.0911 -0.9538 0.2863
vn 0.0426 0.2843 0.9578
vn -0.1130 0.3497 0.9300
vn -0.0379 -0.9793 0.1987
vn -0.1393 -0.3488 -0.9268
vn -0.1173 0.9882 -0.0988
vn -0.0408 0.4938 -0.8686
vn -0.0410 -0.1716 0.9843
vn 0.0533 -0.2856 0.9569
vn 0.0324 0.3291 -0.9437
vn -0.1828 0.4859 -0.8547
vn -0.0295 -0.1717 0.9847
vn -0.0393 0.3517 0.9353
vn -0.1023 -0.9528 0.2860
vn -0.1230 -0.3293 -0.9362
vn -0.1063 0.9894 -0.0990
vn -0.0725 0.9540 0.2908
vn -0.1040 -0.9839 -0.1454
vn -0.1282 0.9487 0.2892
vn -0.0645 -0.9943 -0.0850
vn 0.2775 -0.9504 -0.1405
vn 0.0125 0.9372 0.3486
vn 0.0170 0.5182 0.8551
vn 0.5556 0.1289 0.8214
vn 0.2075 0.1437 -0.9676
vn -0.0339 0.1238 -0.9917
vn 0.0570 0.9970 0.0517
vn -0.1309 0.1151 -0.9847
vn 0.5792 -0.7772 0.2460
vn 0.3532 0.2778 0.8934
vn -0.4543 0.1160 0.8833
vn 0.1921 0.4346 -0.8799
vn -0.3434 -0.9064 -0.2459
vn -0.0194 0.9608 0.2764
vn 0.0260 0.9900 0.1386
vn 0.1145 0.1041 -0.9880
vn -0.3103 -0.8839 0.3500
vn -0.3446 0.4110 0.8440
vn -0.8883 -0.0066 0.4592
vn 0.0022 -0.1019 0.9948
vn -0.9010 0.3112 0.3022
vn 0.9222 0.1457 0.3582
vn -0.8517 0.1842 0.4906
vn 0.8281 0.3498 0.4381
vn 0.8273 0.3060 0.4710
vn 0.7848 0.0083 0.6197
vn -0.8151 0.2952 0.4984
vn 0.8378 0.0267 0.5453
vn -0.9874 0.1155 -0.1077
vn -0.3579 0.0730 0.9309
vn 0.0284 0.0648 0.9975
vn -0.9855 0.0689 0.1550
vn -0.5153 0.0829 -0.8530
vn 0.0013 0.1020 -0.9948
vn 0.9861 0.0678 -0.1514
vn 0.3547 0.0785 0.9317
vn -0.0612 0.0669 0.9959
vn 0.9785 0.0662 0.1951
vn 0.4358 0.1134 -0.8929
vn -0.0026 0.1352 -0.9908
vn 0.5634 0.1200 -0.8174
vn 0.9620 0.2036 0.1822
vn 0.0009 0.0638 0.9980
vn 0.4007 0.0873 0.9120
vn 0.9594 0.2030 -0.1958
vn -0.0577 0.1028 -0.9930
vn -0.5671 0.1002 -0.8176
vn -0.9486 0.1315 0.2880
vn 0.0067 0.0560 0.9984
vn -0.3405 0.0778 0.9370
vn -0.9537 0.1470 -0.2624
vn -0.8136 0.0019 0.5815
vn 0.8807 0.0103 0.4736
vn -0.8196 0.0231 0.5725
vn 0.0851 0.9911 0.1027
vn -0.8578 0.5110 0.0550
vn -0.2273 0.9682 0.1048
vn 0.9413 0.3356 0.0354
vn -0.0320 0.9725 0.2305
vn 0.0320 0.9725 0.2305
vn -0.0824 -0.4397 0.8944
vn -0.2294 -0.3861 0.8935
vn -0.0385 -0.9328 -0.3582
vn -0.1696 -0.9798 -0.1060
vn -0.3588 -0.0410 -0.9325
vn -0.0981 -0.6062 -0.7892
vn -0.2176 -0.6092 -0.7626
vn -0.0106 -0.1329 -0.9911
vn -0.9341 0.2390 -0.2654
vn -0.2059 0.3834 0.9004
vn 0.0394 0.2260 0.9733
vn -0.0012 0.0478 0.9989
vn -0.4318 -0.0024 0.9020
vn -0.9631 -0.1013 -0.2495
vn -0.0112 -0.0623 -0.9980
vn -0.3633 -0.0906 -0.9273
vn -0.9836 -0.0366 0.1767
vn -0.9050 0.3987 0.1482
vn -0.1550 -0.9764 -0.1506
vn -0.3812 0.8915 0.2449
vn 0.0366 -0.5392 0.8414
vn 0.2105 -0.4390 0.8735
vn 0.9230 -0.3497 -0.1607
vn 0.1698 -0.9798 -0.1059
vn 0.3141 -0.0207 -0.9492
vn 0.1923 -0.5946 -0.7807
vn 0.2181 -0.6092 -0.7624
vn -0.2069 -0.1331 -0.9693
vn 0.9030 0.2740 -0.3309
vn 0.1641 0.4043 0.8998
vn 0.0215 0.2729 0.9618
vn 0.0758 -0.0029 0.9971
vn 0.4091 -0.0780 0.9092
vn 0.9627 -0.1231 -0.2409
vn 0.0105 -0.0742 -0.9972
vn 0.3642 -0.1015 -0.9258
vn 0.9850 -0.0379 0.1681
vn 0.8979 0.3729 0.2340
vn 0.1591 -0.9757 -0.1503
vn 0.8446 0.3121 -0.4350
vn -0.2861 -0.5524 -0.7829
vn 0.1385 -0.4323 0.8911
vn -0.0337 -0.1238 0.9917
vn 0.2072 -0.0825 0.9748
vn 0.9302 0.0040 -0.3671
vn 0.0241 -0.5274 -0.8493
vn 0.2723 -0.5359 -0.7992
vn 0.9749 0.0721 0.2107
vn 0.0747 -0.9930 0.0918
vn 0.1250 0.2673 0.9555
vn 0.2919 0.7834 -0.5486
vn 0.0670 -0.2271 -0.9716
vn 0.0746 0.1464 -0.9864
vn 0.1190 -0.4706 0.8743
vn 0.4098 0.7322 0.5440
vn 0.0667 -0.9336 -0.3520
vn -0.0383 -0.9937 0.1058
vn -0.1356 0.2613 0.9557
vn -0.1800 0.5962 -0.7824
vn -0.0622 -0.2883 -0.9555
vn -0.0718 0.2814 -0.9569
vn -0.0533 -0.3268 0.9436
vn -0.3375 0.8542 -0.3955
vn -0.0333 -0.9379 -0.3454
vn -0.0212 -0.5189 -0.8545
vn -0.5569 -0.1207 -0.8217
vn -0.2487 -0.0823 0.9651
vn 0.0402 -0.1297 0.9907
vn -0.0542 -0.9972 -0.0522
vn 0.1208 -0.1235 0.9850
vn -0.4567 0.8125 -0.3624
vn -0.3561 -0.2764 -0.8927
vn -0.9917 0.0192 -0.1273
vn -0.9712 -0.0170 -0.2377
vn -0.9618 0.2732 -0.0196
vn -0.9296 0.1604 -0.3320
vn 0.8725 -0.0023 -0.4887
vn -0.4817 -0.0473 -0.8750
vn 0.9076 -0.3031 -0.2906
vn -0.9234 -0.1453 -0.3553
vn 0.8963 -0.1640 -0.4120
vn -0.9695 -0.2139 -0.1201
vn -0.8496 -0.3002 -0.4337
vn -0.7836 -0.0084 -0.6212
vn 0.8146 -0.2955 -0.4991
vn -0.8382 -0.0266 -0.5448
vn 0.9876 -0.1154 0.1067
vn 0.3578 -0.0730 -0.9309
vn -0.0296 -0.0647 -0.9975
vn 0.9856 -0.0692 -0.1543
vn 0.4322 -0.1095 0.8951
vn -0.0014 -0.1020 0.9948
vn -0.9862 -0.0678 0.1510
vn -0.3543 -0.0784 -0.9318
vn 0.0643 -0.0668 -0.9957
vn -0.9786 -0.0663 -0.1948
vn -0.5650 -0.0729 0.8218
vn -0.0910 -0.0842 0.9923
vn -0.5637 -0.1196 0.8173
vn -0.9528 -0.1437 -0.2675
vn -0.0011 -0.0639 -0.9980
vn -0.4008 -0.0873 -0.9120
vn -0.9595 -0.2029 0.1952
vn -0.0041 -0.1351 0.9908
vn 0.5136 -0.1254 0.8488
vn 0.9536 -0.1478 -0.2622
vn -0.0004 -0.0569 -0.9984
vn 0.3742 -0.0921 -0.9228
vn 0.9538 -0.1469 0.2622
vn 0.7793 -0.0142 -0.6265
vn -0.8808 -0.0103 -0.4733
vn 0.8734 -0.0076 -0.4870
vn -0.0573 -0.9930 -0.1037
vn 0.8782 -0.4755 -0.0511
vn -0.0695 -0.9925 -0.1007
vn -0.9798 -0.1991 -0.0172
vn 0.0314 -0.9718 -0.2336
vn -0.0313 -0.9718 -0.2336
vn 0.2437 -0.9679 0.0615
vn -0.0853 -0.9963 -0.0031
vn 0.1362 -0.7202 0.6802
vn -0.1439 -0.9829 0.1147
vn -0.6834 -0.6314 -0.3664
vn 0.2128 0.4677 -0.8579
vn 0.5798 -0.6904 -0.4326
vn 0.1690 -0.9666 -0.1925
vn -0.1216 -0.9913 0.0507
vn -0.4826 -0.7646 0.4272
vn -0.2336 -0.9709 -0.0530
vn 0.4906 -0.8671 -0.0865
vn -0.1942 0.8272 -0.5272
vn -0.1217 -0.9071 -0.4029
vn 0.9942 0.0200 0.1053
vn 0.9885 0.1285 -0.0794
vn 0.6487 -0.3774 0.6609
vn 0.9804 0.1923 0.0425
vn 0.9909 -0.0129 -0.1339
vn 0.9649 -0.2461 0.0914
vn 0.9858 0.1532 -0.0689
vn 0.8774 -0.4719 0.0864
vn -0.9730 0.1735 0.1519
vn -0.9618 -0.1922 -0.1950
vn -0.9609 0.1546 0.2299
vn -0.9641 -0.1632 0.2095
vn -0.9902 0.1131 -0.0815
vn -0.9735 -0.2214 0.0564
vn -0.9792 -0.0051 0.2027
vn -0.9192 -0.1314 0.3712
vn -0.5863 -0.0410 -0.8090
vn 0.5053 -0.4054 -0.7618
vn -0.5064 -0.0699 -0.8595
vn -0.5592 -0.4676 -0.6846
vn 0.4691 -0.4947 -0.7316
vn 0.5931 -0.0408 -0.8041
vn 0.4398 -0.0806 -0.8945
vn -0.5584 -0.3944 -0.7299
vn -0.4709 -0.0199 -0.8820
vn 0.4844 -0.0353 -0.8741
vn 0.5753 -0.0350 -0.8172
vn -0.0229 0.7587 -0.6511
vn -0.2641 -0.9470 0.1828
vn 0.2861 -0.8762 0.3879
vn -0.2264 0.6909 -0.6866
vn -0.0164 -0.1106 0.9937
vn -0.5047 -0.8583 -0.0923
vn -0.2730 -0.5517 0.7881
vn 0.2230 0.1845 -0.9572
vn -0.1511 -0.5252 0.8374
vn 0.0120 0.0635 -0.9979
vn 0.7950 -0.3059 0.5239
vn 0.2164 -0.1935 0.9569
vn -0.2248 -0.1753 0.9585
vn 0.3029 -0.6224 -0.7217
vn 0.4308 -0.5334 -0.7280
vn -0.2145 -0.6305 -0.7460
vn -0.3201 -0.5552 -0.7676
vn -0.3029 0.6223 0.7218
vn -0.4307 0.5331 0.7282
vn 0.1784 0.6002 0.7797
vn 0.2630 0.5111 0.8183
vn -0.7006 -0.3571 0.6178
vn 0.9494 0.0561 0.3089
vn -0.7090 0.0024 -0.7052
vn 0.9806 -0.1077 -0.1638
vn 0.8739 0.0553 -0.4830
vn -0.8492 -0.2740 -0.4514
vn -0.3015 0.7792 -0.5494
vn -0.9461 -0.1972 -0.2569
vn -0.8892 0.0886 0.4489
vn 0.6589 -0.3383 0.6718
vn -0.9572 0.0192 0.2888
vn 0.9236 0.0543 0.3794
vn 0.9717 -0.1084 -0.2097
vn -0.0011 0.1017 -0.9948
vn -0.0289 0.5304 0.8473
vn 0.0392 0.0420 0.9983
vn 0.0248 0.0545 0.9982
vn 0.0110 0.5550 0.8318
vn -0.0036 0.0333 0.9994
vn -0.0081 0.0595 0.9982
vn -0.0145 -0.0417 0.9990
vn 0.0392 -0.0416 0.9984
vn 0.9832 -0.1046 -0.1498
vn -0.9891 -0.1136 -0.0939
vn -0.9911 0.1124 -0.0716
vn -0.9490 0.3017 -0.0912
vn -0.0199 0.9928 0.1178
vn 0.0204 0.9928 0.1178
vn -0.9672 -0.2365 -0.0932
vn -0.7397 0.5629 0.3688
vn -0.7734 0.0168 0.6337
vn -0.7142 -0.0496 0.6982
vn 0.6892 -0.0425 0.7234
vn 0.5896 -0.1117 0.7999
vn 0.7490 0.0147 0.6624
vn 0.6854 0.6008 0.4115
vn -0.6218 -0.1082 0.7757
vn -0.0000 0.9941 0.1084
vn -0.0000 0.9880 0.1545
vn 0.2071 -0.1322 -0.9693
vn 0.1512 -0.2589 -0.9540
vn 0.1717 -0.0321 -0.9846
vn -0.2199 -0.1273 -0.9672
vn -0.1395 -0.2811 -0.9495
vn -0.1773 -0.0505 -0.9829
vn -0.1219 0.2983 -0.9467
vn 0.0980 0.2987 -0.9493
vn 0.9553 -0.2551 -0.1493
vn 0.9855 0.1248 -0.1149
vn 0.9397 0.3009 -0.1627
vn -0.1448 0.2475 -0.9580
vn 0.1358 0.3379 -0.9313
vn 0.0580 -0.0419 0.9974
vn -0.9891 0.1351 -0.0586
vn 0.9947 0.1023 -0.0075
vn -0.2084 0.2068 0.9559
vn 0.8648 -0.4926 -0.0975
vn -0.9271 0.1168 0.3562
vn 0.8527 0.1391 0.5035
vn 0.1210 -0.4091 -0.9045
vn -0.6536 -0.5487 0.5213
vn -0.0342 -0.4525 0.8911
vn -0.2188 -0.3661 -0.9045
vn 0.6756 -0.5323 0.5101
vn -0.8705 -0.4890 -0.0560
vn 0.0697 -0.4448 0.8929
vn -0.7023 -0.4289 0.5682
vn 0.7219 -0.6914 -0.0305
vn -0.0702 -0.8862 -0.4579
vn 0.6021 -0.6420 0.4747
vn 0.0025 -0.9994 -0.0352
vn 0.8074 -0.5889 -0.0353
vn -0.3158 -0.7932 0.5207
vn -0.3366 -0.7756 -0.5341
vn 0.1174 -0.9930 0.0120
vn 0.0909 0.9907 0.1016
vn 0.1809 -0.9832 -0.0231
vn 0.1308 0.9336 0.3337
vn -0.0686 -0.9972 -0.0283
vn -0.1077 -0.9878 -0.1125
vn -0.0748 -0.9941 -0.0785
vn 0.0750 -0.9943 -0.0757
vn 0.0585 0.2590 0.9641
vn -0.0320 -0.0204 0.9993
vn -0.9948 -0.0689 -0.0746
vn -0.8024 -0.0927 0.5896
vn 0.7824 -0.0921 0.6159
vn 0.1860 0.1354 -0.9732
vn -0.2226 0.0908 -0.9707
vn 0.9938 -0.0375 -0.1047
vn 0.1224 0.9924 -0.0132
vn 0.0423 -0.9853 -0.1654
vn -0.0763 0.9868 0.1432
vn 0.0504 0.9987 -0.0016
vn -0.0711 0.9968 0.0360
vn -0.1138 0.9877 0.1068
vn 0.0637 0.9817 0.1796
vn 0.1275 -0.9212 -0.3675
vn 0.4600 0.4329 -0.7752
vn 0.2251 0.9293 -0.2927
vn -0.1836 0.8777 0.4426
vn -0.4428 0.2503 0.8610
vn -0.4398 -0.4323 0.7872
vn -0.2202 -0.9286 0.2986
vn 0.1843 -0.8781 -0.4416
vn 0.4568 -0.2558 -0.8520
vn 0.9643 0.2648 -0.0057
vn 0.5225 0.8334 0.1802
vn -0.3502 0.8968 0.2703
vn -0.9113 0.3674 0.1857
vn -0.9640 -0.2656 0.0137
vn -0.5221 -0.8334 -0.1813
vn 0.3488 -0.8982 -0.2677
vn 0.9111 -0.3737 -0.1737
vn 0.4900 0.0888 0.8672
vn 0.2417 0.7606 0.6025
vn -0.1439 0.9886 -0.0439
vn -0.4222 0.6236 -0.6579
vn -0.4569 -0.0878 -0.8852
vn -0.2333 -0.7609 -0.6054
vn 0.1487 -0.9880 0.0425
vn 0.4529 -0.6170 0.6437
vn 0.0078 0.0727 0.9973
vn 0.0189 0.7493 0.6620
vn 0.0183 0.9953 -0.0946
vn 0.0048 0.6291 -0.7773
vn -0.0119 -0.0723 -0.9973
vn -0.0206 -0.7489 -0.6623
vn -0.0180 -0.9953 0.0948
vn -0.0067 -0.6293 0.7772
vn -0.5694 0.1078 0.8149
vn -0.3207 0.7464 0.5831
vn 0.1707 0.9832 -0.0641
vn 0.5148 0.5542 -0.6541
vn 0.5425 -0.1017 -0.8339
vn 0.3130 -0.7414 -0.5936
vn -0.1708 -0.9832 0.0638
vn -0.5297 -0.5572 0.6395
vn -0.9729 0.2234 -0.0600
vn -0.5501 0.8346 0.0274
vn 0.2986 0.9493 0.0983
vn 0.8864 0.4502 0.1080
vn 0.9724 -0.2245 0.0643
vn 0.5477 -0.8364 -0.0227
vn -0.2970 -0.9495 -0.1009
vn -0.8858 -0.4506 -0.1111
vn -0.4689 0.3637 -0.8049
vn -0.2558 0.9153 -0.3112
vn 0.0904 0.9197 0.3819
vn 0.3581 0.3829 0.8516
vn 0.4190 -0.3736 0.8276
vn 0.2429 -0.9174 0.3153
vn -0.0959 -0.9200 -0.3801
vn -0.4011 -0.3857 -0.8309
vn -0.1550 0.4060 -0.9006
vn -0.1711 0.9188 -0.3556
vn -0.0841 0.8974 0.4332
vn 0.0588 0.3227 0.9447
vn 0.1648 -0.4042 0.8997
vn 0.1757 -0.9177 0.3562
vn 0.0831 -0.8974 -0.4334
vn -0.0544 -0.3229 -0.9449
vn 0.5175 0.2559 0.8165
vn -0.8509 0.2348 0.4700
vn 0.4749 0.2968 -0.8285
vn 0.8096 0.2487 0.5317
vn -0.4619 0.2731 0.8439
vn -0.7993 0.1925 -0.5693
vn 0.9672 0.2540 -0.0000
vn 0.0091 0.2951 0.9554
vn -0.9804 0.1971 -0.0000
vn 0.8315 0.2757 -0.4823
vn -0.0000 0.8189 -0.5740
vn -0.3892 0.2227 -0.8938
vn -0.5302 0.8008 0.2787
vn -0.3023 0.8131 -0.4974
vn 0.6070 0.6758 0.4181
vn -0.2627 0.8228 0.5039
vn -0.6530 0.7289 -0.2055
vn 0.7399 0.6725 0.0132
vn 0.1723 0.7264 0.6653
vn 0.5535 0.7691 -0.3196
vn 0.2097 0.6660 -0.7159
vn -0.0217 -0.9997 -0.0058
vn -0.0019 1.0000 -0.0071
vn 0.0887 0.9960 0.0099
vn 0.0446 -0.9684 0.2452
vn 0.0059 1.0000 0.0017
vn 0.1446 0.9878 -0.0575
vn -0.0048 -0.9998 -0.0178
vn 0.1415 -0.9888 -0.0478
vn 0.0653 0.2675 -0.9613
vn 0.3541 0.8066 0.4733
vn -0.2289 -0.9649 0.1286
vn -0.0024 -0.9876 -0.1568
vn -0.3472 -0.9280 -0.1348
vn 0.1727 -0.9845 0.0321
vn -0.0098 -0.9677 0.2520
vn 0.2825 -0.9587 0.0324
vn -0.0877 -0.9799 -0.1790
vn 0.0383 -0.9824 0.1827
vn -0.0885 -0.9785 0.1865
vn 0.0065 -0.9700 -0.2429
vn -0.0000 0.5827 -0.8127
vn -0.4077 0.5787 -0.7063
vn -0.8165 0.5774 -0.0000
vn -0.7130 0.5778 0.3972
vn -0.3837 0.5353 0.7525
vn 0.0161 0.5755 0.8176
vn 0.4885 0.5679 0.6625
vn 0.6400 0.6403 0.4246
vn 0.8205 0.5716 0.0102
vn 0.7092 0.5707 -0.4139
vn 0.4041 0.5751 -0.7113
vn 0.0004 1.0000 -0.0016
vn 0.0257 0.9760 0.2163
vn -0.0074 0.9999 -0.0075
vn 0.0412 -0.9972 -0.0621
vn 0.0021 1.0000 -0.0006
vn 0.0280 0.9993 0.0262
vn -0.0196 -0.9994 0.0300
vn -0.0372 0.9969 -0.0687
vn -0.0245 0.9995 0.0219
vn -0.0095 -0.8147 0.5799
vn 0.0162 0.5779 0.8160
vn 0.0188 0.8145 -0.5799
vn 0.0019 -0.9997 0.0227
vn -0.9003 -0.0086 -0.4351
vn 0.0055 0.9997 -0.0249
vn 0.6396 0.7122 0.2892
vn 0.6441 -0.6971 0.3148
vn -0.6257 -0.7239 -0.2905
vn -0.6361 0.6979 -0.3290
vn 0.9062 0.0087 0.4228
vn -0.5953 0.1178 0.7948
vn -0.4074 0.0707 0.9105
vn -0.4736 -0.0055 0.8807
vn -0.5038 0.2050 0.8391
vn -0.3320 -0.0030 0.9433
vn -0.4076 0.0710 0.9104
vn -0.4735 -0.0054 0.8808
vn -0.4064 -0.0722 0.9108
vn -0.5766 0.2807 0.7673
vn -0.6860 -0.0075 0.7276
vn -0.5266 0.0832 0.8460
vn -0.0218 -0.9988 0.0440
vn -0.6236 0.6957 -0.3566
vn 0.6316 0.7223 0.2819
vn 0.6237 -0.6957 0.3563
vn 0.0092 0.9987 -0.0511
vn 0.0101 -0.9988 0.0488
vn 0.9114 -0.0070 -0.4116
vn 0.0067 1.0000 -0.0019
vn -0.6299 0.7123 0.3096
vn -0.6327 -0.6971 0.3372
vn 0.6382 -0.7212 -0.2693
vn 0.6475 0.6982 -0.3054
vn -0.8988 0.0084 0.4383
vn -0.8346 0.0070 0.5508
vn 0.5881 0.0330 0.8081
vn 0.4374 0.1056 0.8930
vn 0.4806 -0.0026 0.8770
vn 0.5385 0.1664 0.8260
vn 0.3416 0.0495 0.9385
vn 0.3753 0.0346 0.9263
vn 0.3900 0.0001 0.9208
vn 0.3750 -0.0369 0.9263
vn 0.5773 0.2809 0.7667
vn 0.3315 -0.0051 0.9434
vn 0.3310 -0.0037 0.9436
vn 0.6866 -0.0071 0.7270
vn 0.5276 0.0837 0.8454
vn 0.0717 -0.9917 0.1070
vn 0.6663 -0.7149 -0.2122
vn 0.6625 0.7014 -0.2629
vn -0.5840 0.7348 0.3451
vn -0.5734 -0.6806 0.4561
vn 0.9325 -0.0096 -0.3611
vn 0.0152 0.9996 0.0238
vn 0.4668 0.1355 0.8739
vn 0.3296 0.4264 -0.8424
vn 0.9002 0.4119 0.1411
vn 0.4365 -0.5346 -0.7237
vn -0.0290 -0.9704 -0.2396
vn 0.9394 -0.2032 0.2762
vn 0.9798 0.1124 0.1652
vn 0.4507 0.4517 0.7700
vn 0.4801 -0.0075 0.8772
vn 0.3822 -0.0156 -0.9240
vn 0.4655 -0.3466 0.8144
vn 0.8367 -0.5176 0.1793
vn 0.2627 -0.5379 -0.8010
vn 0.8904 -0.4373 -0.1263
vn 0.9792 -0.0485 -0.1971
vn 0.9454 -0.2215 -0.2391
vn 0.1328 0.7484 -0.6499
vn 0.8609 0.4463 -0.2440
vn 0.0892 0.4487 0.8892
vn 0.6735 0.7288 0.1235
vn 0.9099 -0.4135 0.0345
vn 0.2836 -0.6572 0.6983
vn 0.6393 0.0188 -0.7687
vn -0.4348 0.0877 0.8962
vn -0.3727 0.3479 -0.8602
vn -0.9177 0.3853 0.0966
vn -0.2764 -0.3557 -0.8928
vn -0.0460 -0.9422 -0.3318
vn -0.9692 -0.1503 0.1951
vn -0.9673 -0.0282 0.2521
vn -0.4465 0.4218 0.7891
vn -0.4491 -0.0427 0.8925
vn -0.3826 -0.2126 -0.8991
vn -0.6013 -0.2200 0.7681
vn -0.8674 -0.4838 0.1165
vn -0.2658 -0.5298 -0.8054
vn -0.8480 -0.5300 0.0052
vn -0.9691 -0.0662 -0.2375
vn -0.9388 -0.3104 -0.1490
vn -0.3534 0.7437 -0.5675
vn -0.9296 0.2922 -0.2248
vn -0.1716 0.3903 0.9046
vn -0.6816 0.7300 0.0511
vn -0.9495 -0.3109 0.0428
vn -0.2581 -0.5835 0.7700
vn -0.6108 0.0376 -0.7909
vn 0.3883 0.4828 -0.7849
vn 0.1700 0.9472 -0.2721
vn -0.1981 0.8289 0.5231
vn -0.3899 0.1594 0.9070
vn -0.3676 -0.4810 0.7959
vn -0.1685 -0.9469 0.2739
vn 0.1999 -0.8300 -0.5208
vn 0.4103 -0.1671 -0.8965
vn 0.9517 0.2910 0.0980
vn 0.4538 0.8520 0.2609
vn -0.3746 0.8924 0.2517
vn -0.9170 0.3917 0.0760
vn -0.9495 -0.2876 -0.1253
vn -0.4490 -0.8509 -0.2729
vn 0.3742 -0.8928 -0.2509
vn 0.9186 -0.3840 -0.0930
vn 0.6148 0.1164 0.7801
vn 0.3143 0.7736 0.5502
vn -0.1942 0.9801 -0.0418
vn -0.5661 0.5795 -0.5863
vn -0.6085 -0.1163 -0.7850
vn -0.3144 -0.7736 -0.5502
vn 0.1977 -0.9794 0.0406
vn 0.5744 -0.5769 0.5808
vn -0.0218 0.0694 0.9973
vn -0.0006 0.7456 0.6663
vn 0.0214 0.9944 -0.1034
vn 0.0300 0.6211 -0.7832
vn 0.0208 -0.0693 -0.9974
vn -0.0003 -0.7454 -0.6666
vn -0.0210 -0.9944 0.1036
vn -0.0299 -0.6211 0.7832
vn -0.6643 0.1173 0.7382
vn -0.3605 0.7637 0.5355
vn 0.1947 0.9807 -0.0177
vn 0.6096 0.5728 -0.5480
vn 0.6586 -0.1158 -0.7436
vn 0.3584 -0.7623 -0.5389
vn -0.1943 -0.9808 0.0186
vn -0.6109 -0.5729 0.5465
vn -0.9755 0.2152 0.0446
vn -0.5557 0.8240 0.1111
vn 0.2558 0.9604 0.1106
vn 0.8751 0.4825 0.0371
vn 0.9755 -0.2145 -0.0482
vn 0.5556 -0.8240 -0.1109
vn -0.2555 -0.9604 -0.1114
vn -0.6638 0.3216 -0.6752
vn -0.3203 0.9086 -0.2680
vn 0.2092 0.9298 0.3028
vn 0.5896 0.4239 0.6875
vn 0.6469 -0.3278 0.6885
vn 0.3125 -0.9101 0.2722
vn -0.2030 -0.9298 -0.3069
vn -0.5954 -0.4247 -0.6821
vn -0.3374 0.3803 -0.8611
vn -0.4026 0.8588 -0.3169
vn -0.2183 0.8629 0.4558
vn 0.1042 0.3131 0.9440
vn 0.3715 -0.3681 0.8524
vn 0.4285 -0.8460 0.3171
vn 0.2030 -0.8657 -0.4576
vn -0.1091 -0.3136 -0.9433
vn 0.0694 0.5485 -0.8333
vn -0.1572 -0.6889 0.7076
vn 0.3349 0.9250 -0.1794
vn -0.0310 -0.8802 0.4735
vn 0.0283 0.7550 -0.6551
vn 0.0881 0.9168 -0.3895
vn -0.1587 -0.9830 0.0925
vn 0.0634 0.5665 0.8216
vn -0.0269 -0.9574 -0.2874
vn 0.0181 0.9921 0.1244
vn 0.0088 1.0000 -0.0000
vn -0.0004 1.0000 -0.0000
vn 0.0103 0.9895 0.1439
vn 0.0057 0.9967 -0.0816
vn 0.0087 0.9909 0.1343
vn -0.0000 1.0000 0.0002
vn -0.0088 -1.0000 -0.0002
vn 0.0058 -1.0000 -0.0000
vn 0.1024 -0.9655 -0.2396
vn 0.0007 -0.9817 0.1903
vn -0.0002 -1.0000 0.0025
vn -0.0528 -0.9986 -0.0008
vn 0.1550 -0.0000 -0.9879
vn -0.0165 -0.0996 -0.9949
vn 0.0384 0.0039 0.9993
vn 0.1550 0.0002 -0.9879
vn 0.5966 0.0022 0.8025
vn 0.0137 0.9817 -0.1898
vn -0.0550 -0.9820 -0.1805
vn 0.0678 0.5628 0.8238
vn -0.0448 -0.9973 -0.0581
vn 0.0373 0.9883 -0.1479
vn -0.2199 -0.4936 -0.8414
vn 0.1649 0.3628 0.9172
vn -0.0798 -0.1258 -0.9888
vn -0.0505 0.9683 0.2446
vn 0.0443 -0.9983 -0.0379
vn 0.0983 -0.9260 0.3646
vn -0.1305 0.9912 0.0215
vn 0.0466 -0.3540 -0.9341
vn -0.0267 0.9572 0.2881
vn 0.0137 -0.9993 0.0358
vn 0.0325 -0.9995 -0.0000
vn 0.0160 -0.9999 -0.0000
vn 0.0108 -0.9977 0.0670
vn -0.0010 -0.9806 0.1960
vn 0.0292 -0.9025 -0.4297
vn -0.0000 -1.0000 0.0001
vn -0.0349 0.9412 -0.3360
vn -0.0126 0.9999 -0.0000
vn -0.1977 0.9772 -0.0775
vn 0.0074 0.9548 -0.2971
vn 0.0056 0.9937 0.1121
vn -0.0020 0.9997 0.0229
vn -0.2108 0.9775 -0.0102
vn -0.0180 0.0445 0.9988
vn 0.0401 -0.0038 -0.9992
vn 0.1552 -0.0001 0.9879
vn 0.5968 -0.0001 -0.8024
vn -0.1896 -0.9802 -0.0574
vn 0.1386 0.9495 0.2814
vn -0.0629 -0.8131 -0.5788
vn -0.0361 0.8734 -0.4857
vn 0.0323 -0.7480 0.6629
vn 0.0353 -0.0000 -0.9994
vn 0.0175 -0.0000 -0.9998
vn 0.0118 -0.0673 -0.9977
vn -0.0011 -0.1958 -0.9806
vn 0.0317 0.4233 -0.9055
vn -0.0349 0.1491 0.9882
vn -0.0084 0.1554 0.9878
vn -0.0243 0.1234 0.9921
vn 0.0079 0.2955 0.9553
vn 0.0056 -0.1799 0.9837
vn -0.0080 -0.1072 0.9942
vn -0.1841 -0.0038 0.9829
vn -0.0191 -0.9997 0.0152
vn 0.0433 0.9991 -0.0000
vn 0.1559 -0.9878 0.0005
vn 0.8215 0.5703 0.0001
vn -0.0216 0.1228 -0.9922
vn 0.0036 -0.5024 0.8646
vn -0.0005 0.9648 -0.2630
vn -0.0233 -0.2929 0.9559
vn 0.0134 0.0142 -0.9998
vn -0.0188 0.1123 -0.9935
vn -0.0019 -0.4865 0.8737
vn -0.0019 0.9421 -0.3353
vn 0.0163 0.0924 -0.9956
vn 0.0374 -0.0000 0.9993
vn 0.0187 -0.0000 0.9998
vn 0.0125 0.0674 0.9976
vn -0.0011 0.1956 0.9807
vn 0.0337 -0.4182 0.9077
vn 0.0001 -0.0000 1.0000
vn -0.0430 0.0007 -0.9991
vn -0.0195 0.0632 -0.9978
vn -0.1168 0.0213 -0.9929
vn 0.0040 -0.3653 -0.9309
vn 0.0004 0.2778 -0.9606
vn -0.0068 -0.1941 -0.9810
vn -0.1225 0.0020 -0.9925
vn 0.1551 0.9879 -0.0001
vn -0.0217 0.9958 -0.0895
vn 0.0461 -0.9989 0.0033
vn 0.1547 0.9880 -0.0015
vn 0.8215 -0.5703 -0.0000
vn -0.0151 -0.1508 0.9885
vn 0.0026 0.5051 -0.8630
vn -0.0233 0.2929 -0.9559
vn 0.0134 -0.0142 0.9998
vn -0.0188 -0.1123 0.9935
vn -0.0019 0.4865 -0.8737
vn -0.0019 -0.9422 0.3351
vn -0.0233 0.2928 -0.9559
vn 0.0163 -0.0924 0.9956
vn -0.0694 0.5484 -0.8333
vn 0.1572 -0.6889 0.7076
vn -0.4056 0.9043 0.1334
vn 0.0310 -0.8802 0.4735
vn -0.0283 0.7550 -0.6551
vn -0.0881 0.9168 -0.3895
vn 0.1587 -0.9830 0.0925
vn -0.0534 0.3309 0.9422
vn 0.0269 -0.9574 -0.2874
vn -0.0181 0.9921 0.1244
vn -0.0088 1.0000 0.0035
vn 0.0004 1.0000 -0.0000
vn 0.1075 0.9795 0.1702
vn -0.0057 0.9967 -0.0816
vn -0.0057 0.9961 -0.0878
vn -0.0087 0.9909 0.1343
vn 0.0088 -1.0000 -0.0000
vn -0.0058 -1.0000 -0.0000
vn 0.0100 -0.9775 -0.2106
vn -0.0007 -0.9817 0.1903
vn 0.0087 -0.9908 -0.1351
vn 0.0164 -0.0000 -0.9999
vn -0.0384 -0.0000 0.9993
vn -0.5967 -0.0000 0.8025
vn -0.0137 0.9817 -0.1898
vn 0.0550 -0.9820 -0.1805
vn -0.0935 0.4023 0.9107
vn 0.0448 -0.9973 -0.0582
vn -0.0373 0.9883 -0.1479
vn 0.2199 -0.4936 -0.8414
vn -0.1649 0.3628 0.9172
vn 0.0417 -0.0573 -0.9975
vn 0.0505 0.9683 0.2446
vn -0.0443 -0.9983 -0.0378
vn -0.0983 -0.9260 0.3646
vn 0.1305 0.9912 0.0215
vn 0.0267 0.9572 0.2881
vn -0.0137 -0.9993 0.0359
vn -0.0323 -0.9994 -0.0129
vn -0.0160 -0.9999 -0.0000
vn -0.1721 -0.9796 0.1039
vn 0.0010 -0.9806 0.1960
vn -0.0292 -0.9025 -0.4298
vn 0.0316 0.9992 -0.0229
vn 0.0126 0.9999 -0.0000
vn 0.0107 0.9996 -0.0253
vn -0.0074 0.9548 -0.2971
vn 0.0020 1.0000 -0.0000
vn 0.0020 0.9997 0.0229
vn 0.0326 0.8799 0.4740
vn 0.0171 -0.0000 0.9999
vn -0.0399 -0.0000 -0.9992
vn -0.5968 0.0002 -0.8024
vn 0.1896 -0.9802 -0.0574
vn -0.1386 0.9495 0.2814
vn 0.0314 -0.7599 -0.6493
vn 0.0361 0.8734 -0.4857
vn -0.0323 -0.7480 0.6629
vn -0.0350 0.0139 -0.9993
vn -0.0175 -0.0000 -0.9998
vn -0.1234 -0.0930 -0.9880
vn 0.0011 -0.1958 -0.9806
vn -0.0317 0.4232 -0.9055
vn 0.0334 0.0437 0.9985
vn 0.0084 0.1554 0.9878
vn 0.0115 0.1198 0.9927
vn -0.0079 0.2955 0.9553
vn 0.0081 -0.0000 1.0000
vn 0.0080 -0.1072 0.9942
vn 0.0319 -0.4261 0.9041
vn 0.0187 -0.9998 -0.0000
vn -0.0433 0.9991 -0.0000
vn -0.1551 -0.9879 -0.0002
vn -0.8215 0.5702 0.0001
vn 0.0216 0.1228 -0.9922
vn -0.0036 -0.5024 0.8646
vn 0.0005 0.9648 -0.2630
vn 0.0233 -0.2929 0.9559
vn -0.0134 0.0142 -0.9998
vn 0.0188 0.1123 -0.9935
vn 0.0019 -0.4865 0.8737
vn -0.0011 0.9643 -0.2648
vn -0.0163 0.0924 -0.9956
vn -0.0371 -0.0148 0.9992
vn -0.0187 -0.0000 0.9998
vn -0.1234 0.0930 0.9880
vn 0.0011 0.1956 0.9807
vn -0.0337 -0.4182 0.9077
vn 0.0430 -0.0000 -0.9991
vn 0.0195 0.0632 -0.9978
vn 0.0183 0.0493 -0.9986
vn -0.0040 -0.3653 -0.9309
vn 0.0068 0.1941 -0.9810
vn 0.0068 -0.1941 -0.9810
vn 0.0417 0.2417 -0.9695
vn 0.0199 0.9998 -0.0000
vn -0.0459 -0.9989 -0.0000
vn -0.8215 -0.5703 -0.0000
vn 0.0151 -0.1508 0.9884
vn -0.0026 0.5051 -0.8630
vn 0.0233 0.2929 -0.9559
vn -0.0134 -0.0142 0.9998
vn 0.0188 -0.1123 0.9935
vn 0.0019 0.4865 -0.8737
vn -0.0011 -0.9643 0.2649
vn -0.0163 -0.0924 0.9956
vn -0.8525 -0.5219 0.0310
vn -0.8681 -0.4950 0.0376
vn -0.8680 -0.4947 0.0428
vn -0.8628 -0.4887 0.1296
vn -0.8701 -0.4914 0.0388
vn -0.8704 -0.4913 0.0327
vn -0.8087 -0.4741 -0.3482
vn -0.8787 -0.4769 0.0227
vn 0.8129 0.5156 -0.2710
vn 0.8695 0.4925 -0.0375
vn 0.7762 0.6296 -0.0338
vn 0.8533 0.4806 -0.2024
vn 0.8695 0.4747 0.1366
vn 0.8666 0.4988 -0.0165
vn 0.7589 0.6508 -0.0205
vn 0.2099 -0.1644 0.9638
vn 0.0883 0.0256 0.9958
vn -0.0187 -0.0169 -0.9997
vn 0.1858 -0.1641 0.9688
vn 0.4374 -0.4684 -0.7676
vn -0.7753 -0.5408 -0.3264
vn 0.7009 0.3167 0.6391
vn -0.3822 -0.4805 -0.7894
vn -0.0290 0.3401 0.9400
vn 0.0440 -0.4805 -0.8759
vn -0.4764 0.3404 0.8107
vn -0.1568 -0.4062 -0.9002
vn -0.2763 0.2558 0.9264
vn 0.8532 -0.5213 0.0188
vn 0.8681 -0.4950 0.0376
vn 0.7902 -0.6104 0.0557
vn 0.8628 -0.4887 0.1296
vn 0.8722 -0.4889 0.0140
vn 0.8704 -0.4913 0.0327
vn 0.8786 -0.4770 0.0227
vn 0.8087 -0.4741 -0.3482
vn -0.8519 0.5215 -0.0469
vn -0.8695 0.4925 -0.0375
vn -0.8694 0.4939 -0.0137
vn -0.8533 0.4806 -0.2024
vn -0.8656 0.4993 -0.0384
vn -0.8666 0.4988 -0.0165
vn -0.8160 0.4853 0.3140
vn -0.2863 -0.0815 0.9547
vn -0.0336 -0.0059 0.9994
vn 0.0142 -0.0141 -0.9998
vn -0.1526 -0.1647 0.9745
vn -0.4393 -0.4665 -0.7677
vn 0.7753 -0.5408 -0.3264
vn -0.7009 0.3167 0.6391
vn 0.3821 -0.4805 -0.7894
vn 0.0290 0.3401 0.9400
vn -0.0440 -0.4805 -0.8759
vn 0.4764 0.3404 0.8107
vn 0.1568 -0.4062 -0.9002
vn 0.2763 0.2559 0.9264
vt 0.229046 0.437115
vt 0.229170 0.437892
vt 0.229176 0.436291
vt 0.205663 0.466091
vt 0.206062 0.468173
vt 0.206041 0.465055
vt 0.216036 0.504149
vt 0.215838 0.505144
vt 0.215805 0.504780
vt 0.205649 0.469248
vt 0.205981 0.467719
vt 0.206015 0.468084
vt 0.205841 0.452866
vt 0.205684 0.461365
vt 0.205613 0.453412
vt 0.215473 0.505731
vt 0.215451 0.502102
vt 0.215490 0.502079
vt 0.229320 0.437029
vt 0.229178 0.435805
vt 0.229318 0.435512
vt 0.205627 0.461352
vt 0.205568 0.453412
vt 0.229296 0.430111
vt 0.229315 0.433995
vt 0.229257 0.430301
vt 0.229185 0.433773
vt 0.229276 0.430040
vt 0.229153 0.430223
vt 0.229046 0.433773
vt 0.229046 0.430200
vt 0.229046 0.427096
vt 0.229165 0.427128
vt 0.205639 0.445863
vt 0.205883 0.452289
vt 0.205905 0.445528
vt 0.205927 0.452448
vt 0.205873 0.446126
vt 0.205942 0.445706
vt 0.215436 0.490473
vt 0.215406 0.483683
vt 0.215461 0.483677
vt 0.229164 0.427470
vt 0.229271 0.427248
vt 0.215706 0.489350
vt 0.215766 0.482767
vt 0.215729 0.482589
vt 0.206070 0.459007
vt 0.205649 0.469625
vt 0.205628 0.469287
vt 0.229335 0.437194
vt 0.229357 0.437235
vt 0.206016 0.460141
vt 0.206234 0.460731
vt 0.205375 0.467908
vt 0.205101 0.469625
vt 0.205375 0.469813
vt 0.205088 0.466091
vt 0.204688 0.468173
vt 0.228771 0.437029
vt 0.228922 0.437722
vt 0.228758 0.437204
vt 0.204909 0.452866
vt 0.205067 0.461365
vt 0.204781 0.461022
vt 0.228930 0.435819
vt 0.228922 0.437460
vt 0.228914 0.435805
vt 0.228774 0.435512
vt 0.214961 0.490473
vt 0.214947 0.498418
vt 0.214890 0.498426
vt 0.214651 0.489508
vt 0.214604 0.498083
vt 0.214504 0.496068
vt 0.228816 0.430040
vt 0.228906 0.433773
vt 0.228938 0.430223
vt 0.205138 0.452695
vt 0.205375 0.460530
vt 0.205375 0.452644
vt 0.205375 0.445791
vt 0.205109 0.445863
vt 0.204868 0.452289
vt 0.228816 0.427251
vt 0.228798 0.430111
vt 0.228791 0.427060
vt 0.205165 0.446621
vt 0.205138 0.453412
vt 0.205109 0.446617
vt 0.214932 0.483678
vt 0.214733 0.489927
vt 0.214692 0.483193
vt 0.214637 0.482772
vt 0.214691 0.489350
vt 0.214663 0.482595
vt 0.204681 0.459007
vt 0.204734 0.460141
vt 0.214925 0.506686
vt 0.214925 0.506309
vt 0.214941 0.506322
vt 0.228922 0.437892
vt 0.228734 0.437235
vt 0.206988 0.466987
vt 0.206515 0.467731
vt 0.206500 0.467844
vt 0.206506 0.465553
vt 0.206988 0.462073
vt 0.206491 0.462174
vt 0.229540 0.433758
vt 0.229776 0.434054
vt 0.229534 0.434016
vt 0.206988 0.464367
vt 0.206479 0.466458
vt 0.206466 0.463763
vt 0.205970 0.461022
vt 0.205666 0.465018
vt 0.229452 0.435939
vt 0.229347 0.435822
vt 0.215199 0.497591
vt 0.214911 0.503151
vt 0.215199 0.504968
vt 0.205067 0.460530
vt 0.204710 0.465055
vt 0.206204 0.464058
vt 0.206213 0.467088
vt 0.206452 0.461068
vt 0.206160 0.461074
vt 0.229551 0.434517
vt 0.229428 0.434309
vt 0.206284 0.467990
vt 0.206248 0.467867
vt 0.229435 0.433863
vt 0.228932 0.434147
vt 0.228906 0.434151
vt 0.229776 0.434472
vt 0.206988 0.465870
vt 0.229457 0.437152
vt 0.229558 0.436048
vt 0.229421 0.435371
vt 0.229401 0.434019
vt 0.214907 0.502079
vt 0.214598 0.501431
vt 0.206988 0.461150
vt 0.216338 0.504792
vt 0.216811 0.502496
vt 0.216329 0.502614
vt 0.230314 0.436101
vt 0.230123 0.435930
vt 0.230123 0.435969
vt 0.218001 0.501245
vt 0.217577 0.499498
vt 0.217577 0.501258
vt 0.217577 0.499341
vt 0.217977 0.497250
vt 0.217577 0.499499
vt 0.230123 0.435208
vt 0.230319 0.435840
vt 0.230123 0.435775
vt 0.229932 0.435460
vt 0.229776 0.436192
vt 0.229776 0.435511
vt 0.229932 0.433706
vt 0.229776 0.433354
vt 0.207332 0.464849
vt 0.206988 0.465435
vt 0.207332 0.466400
vt 0.206988 0.466882
vt 0.229932 0.436348
vt 0.229776 0.435994
vt 0.229776 0.436650
vt 0.229932 0.434145
vt 0.230304 0.433618
vt 0.230123 0.434637
vt 0.230315 0.435428
vt 0.230123 0.435434
vt 0.217577 0.502352
vt 0.217156 0.501910
vt 0.217156 0.503276
vt 0.207754 0.462439
vt 0.207332 0.464256
vt 0.207332 0.461351
vt 0.229932 0.436169
vt 0.230123 0.434565
vt 0.229932 0.434024
vt 0.229932 0.435729
vt 0.217156 0.503461
vt 0.207332 0.465819
vt 0.207754 0.465379
vt 0.207754 0.462437
vt 0.207332 0.460384
vt 0.207332 0.461086
vt 0.229776 0.436698
vt 0.217156 0.498146
vt 0.216811 0.496666
vt 0.216811 0.499134
vt 0.208169 0.458432
vt 0.207754 0.462280
vt 0.207754 0.464951
vt 0.208176 0.465670
vt 0.204224 0.467583
vt 0.203763 0.466987
vt 0.204239 0.467696
vt 0.214057 0.502466
vt 0.213586 0.499416
vt 0.213586 0.502496
vt 0.214096 0.497410
vt 0.213586 0.498543
vt 0.213586 0.498065
vt 0.204260 0.466309
vt 0.203763 0.464367
vt 0.204273 0.463614
vt 0.204472 0.464249
vt 0.228646 0.433872
vt 0.228552 0.433949
vt 0.228546 0.433691
vt 0.228646 0.436125
vt 0.228535 0.434450
vt 0.228528 0.435981
vt 0.228646 0.437338
vt 0.228531 0.437019
vt 0.228645 0.437148
vt 0.204485 0.467499
vt 0.204494 0.461568
vt 0.204272 0.460349
vt 0.204248 0.462026
vt 0.203763 0.461004
vt 0.203763 0.462355
vt 0.228315 0.436192
vt 0.228541 0.436391
vt 0.214317 0.502784
vt 0.214047 0.504644
vt 0.214317 0.505462
vt 0.214309 0.498160
vt 0.214097 0.500675
vt 0.214110 0.497980
vt 0.228547 0.435170
vt 0.228315 0.434204
vt 0.228524 0.436967
vt 0.228315 0.435994
vt 0.228315 0.436650
vt 0.227968 0.435994
vt 0.227779 0.436101
vt 0.227968 0.436037
vt 0.212820 0.499362
vt 0.212377 0.500367
vt 0.212820 0.501294
vt 0.227968 0.434497
vt 0.227804 0.434373
vt 0.227790 0.433546
vt 0.227968 0.435785
vt 0.227794 0.435241
vt 0.227968 0.435202
vt 0.228159 0.435469
vt 0.228315 0.435511
vt 0.228159 0.434148
vt 0.228315 0.433987
vt 0.203418 0.464835
vt 0.203763 0.465435
vt 0.203763 0.466882
vt 0.203418 0.466313
vt 0.228159 0.436313
vt 0.213586 0.501428
vt 0.213242 0.498740
vt 0.202997 0.463686
vt 0.202633 0.461856
vt 0.202997 0.462412
vt 0.212387 0.502571
vt 0.212820 0.502494
vt 0.213242 0.503198
vt 0.228159 0.434293
vt 0.227968 0.434625
vt 0.203418 0.461680
vt 0.202997 0.462129
vt 0.203418 0.461359
vt 0.213242 0.498555
vt 0.213242 0.501896
vt 0.213242 0.503374
vt 0.212820 0.502590
vt 0.228159 0.436142
vt 0.227968 0.434575
vt 0.228159 0.434209
vt 0.228315 0.436698
vt 0.228315 0.434599
vt 0.212426 0.497092
vt 0.212408 0.496439
vt 0.212419 0.502155
vt 0.212820 0.502034
vt 0.215451 0.498413
vt 0.215507 0.498426
vt 0.215983 0.498135
vt 0.215799 0.501431
vt 0.215793 0.498083
vt 0.215507 0.497591
vt 0.215864 0.502116
vt 0.215840 0.497202
vt 0.205684 0.460530
vt 0.206219 0.461715
vt 0.205976 0.464370
vt 0.228643 0.434030
vt 0.228776 0.433995
vt 0.214558 0.497202
vt 0.214317 0.497811
vt 0.214317 0.498629
vt 0.204741 0.468105
vt 0.204769 0.467719
vt 0.214512 0.505234
vt 0.214314 0.505043
vt 0.214564 0.505165
vt 0.214533 0.502116
vt 0.228731 0.433083
vt 0.204775 0.464370
vt 0.205582 0.446622
vt 0.205537 0.453098
vt 0.205540 0.446071
vt 0.205376 0.425499
vt 0.205638 0.445860
vt 0.205375 0.445787
vt 0.229160 0.437487
vt 0.229145 0.435981
vt 0.229160 0.435816
vt 0.228958 0.430547
vt 0.228948 0.434197
vt 0.205590 0.461455
vt 0.228929 0.437490
vt 0.228942 0.435987
vt 0.228933 0.437282
vt 0.214944 0.502108
vt 0.214983 0.498527
vt 0.214970 0.502479
vt 0.205098 0.408155
vt 0.205207 0.425461
vt 0.205144 0.426591
vt 0.215413 0.498516
vt 0.214967 0.463652
vt 0.215027 0.483128
vt 0.214988 0.483682
vt 0.228734 0.418084
vt 0.228803 0.426980
vt 0.228771 0.417989
vt 0.205068 0.426618
vt 0.204868 0.446132
vt 0.204801 0.426330
vt 0.214891 0.463678
vt 0.214625 0.463391
vt 0.214511 0.462958
vt 0.205063 0.425760
vt 0.204840 0.445534
vt 0.205376 0.425514
vt 0.229286 0.426977
vt 0.229336 0.417985
vt 0.229310 0.417880
vt 0.205690 0.426445
vt 0.205937 0.426082
vt 0.205637 0.446617
vt 0.205616 0.426463
vt 0.228715 0.431640
vt 0.228709 0.412017
vt 0.228789 0.411612
vt 0.205695 0.425624
vt 0.205958 0.425446
vt 0.205375 0.414959
vt 0.205756 0.407397
vt 0.229190 0.417961
vt 0.229369 0.410514
vt 0.229218 0.409704
vt 0.229391 0.413234
vt 0.229300 0.418168
vt 0.229358 0.410421
vt 0.229188 0.418332
vt 0.229172 0.410973
vt 0.229218 0.410900
vt 0.206138 0.415190
vt 0.206089 0.409185
vt 0.229046 0.413129
vt 0.228904 0.418022
vt 0.229046 0.417911
vt 0.228875 0.411372
vt 0.228688 0.412541
vt 0.228786 0.418281
vt 0.204997 0.408378
vt 0.204690 0.409845
vt 0.214408 0.450721
vt 0.214593 0.462747
vt 0.214488 0.446293
vt 0.229124 0.417852
vt 0.229130 0.410316
vt 0.228950 0.427472
vt 0.228969 0.430404
vt 0.215363 0.483131
vt 0.215439 0.463524
vt 0.205627 0.468730
vt 0.205649 0.468670
vt 0.229160 0.437739
vt 0.229151 0.437225
vt 0.214940 0.505798
vt 0.205118 0.469262
vt 0.205127 0.468277
vt 0.205126 0.468776
vt 0.205375 0.469471
vt 0.215473 0.506686
vt 0.215199 0.506532
vt 0.215451 0.506348
vt 0.205375 0.467867
vt 0.205648 0.469499
vt 0.205375 0.469684
vt 0.205662 0.466058
vt 0.206062 0.468045
vt 0.229335 0.437143
vt 0.229424 0.436701
vt 0.229319 0.436983
vt 0.229169 0.437670
vt 0.229254 0.430302
vt 0.229185 0.434133
vt 0.229313 0.433989
vt 0.205631 0.464976
vt 0.205648 0.468563
vt 0.205666 0.464951
vt 0.229177 0.435775
vt 0.229316 0.435488
vt 0.229153 0.430544
vt 0.229162 0.434126
vt 0.215744 0.489524
vt 0.215788 0.498068
vt 0.215888 0.496152
vt 0.205877 0.452316
vt 0.205683 0.460540
vt 0.205612 0.452714
vt 0.205375 0.460538
vt 0.205376 0.452658
vt 0.215199 0.482848
vt 0.215435 0.489775
vt 0.215199 0.489719
vt 0.229165 0.427127
vt 0.229273 0.430052
vt 0.229153 0.430232
vt 0.229269 0.427244
vt 0.229293 0.430119
vt 0.229300 0.427056
vt 0.229141 0.427470
vt 0.229164 0.427466
vt 0.215460 0.483669
vt 0.215659 0.489928
vt 0.215691 0.483178
vt 0.229283 0.426975
vt 0.229358 0.433121
vt 0.229334 0.433622
vt 0.205648 0.469134
vt 0.205629 0.469159
vt 0.229169 0.437835
vt 0.229357 0.437177
vt 0.229434 0.433919
vt 0.229428 0.434344
vt 0.229046 0.437096
vt 0.228922 0.437835
vt 0.228916 0.436278
vt 0.214912 0.503121
vt 0.214515 0.505085
vt 0.214537 0.502077
vt 0.228726 0.435307
vt 0.228773 0.436985
vt 0.228776 0.435489
vt 0.214925 0.506195
vt 0.214596 0.504682
vt 0.214568 0.505039
vt 0.204915 0.452867
vt 0.205068 0.461326
vt 0.205139 0.453401
vt 0.214926 0.505624
vt 0.214940 0.502040
vt 0.214908 0.502011
vt 0.228914 0.435775
vt 0.228938 0.430543
vt 0.228930 0.434128
vt 0.228956 0.430540
vt 0.204835 0.452463
vt 0.204787 0.461010
vt 0.228906 0.433779
vt 0.228818 0.430051
vt 0.228939 0.430231
vt 0.229046 0.433776
vt 0.229046 0.430207
vt 0.229046 0.427094
vt 0.228926 0.427125
vt 0.205110 0.445856
vt 0.204874 0.452315
vt 0.204845 0.445521
vt 0.228801 0.430119
vt 0.228819 0.427244
vt 0.228794 0.427054
vt 0.205161 0.446615
vt 0.205110 0.446607
vt 0.214738 0.489928
vt 0.214933 0.483668
vt 0.214697 0.483178
vt 0.204820 0.445698
vt 0.214697 0.489376
vt 0.214511 0.496140
vt 0.214658 0.489524
vt 0.214926 0.506559
vt 0.214939 0.506184
vt 0.228760 0.437146
vt 0.228736 0.437168
vt 0.228746 0.435805
vt 0.229452 0.435926
vt 0.229458 0.437099
vt 0.205089 0.466060
vt 0.205068 0.460544
vt 0.204714 0.465016
vt 0.204739 0.460195
vt 0.228734 0.433115
vt 0.228779 0.433990
vt 0.228906 0.434133
vt 0.214610 0.498071
vt 0.214891 0.498387
vt 0.228757 0.433621
vt 0.230210 0.435858
vt 0.230314 0.436048
vt 0.230208 0.435899
vt 0.217782 0.498556
vt 0.218002 0.501233
vt 0.217766 0.501175
vt 0.230208 0.433950
vt 0.230305 0.433649
vt 0.230312 0.432883
vt 0.230213 0.435201
vt 0.230319 0.435803
vt 0.230325 0.435221
vt 0.207952 0.463683
vt 0.208155 0.460257
vt 0.207934 0.461660
vt 0.230315 0.435423
vt 0.230318 0.435992
vt 0.230216 0.434210
vt 0.230332 0.433462
vt 0.217770 0.501862
vt 0.218000 0.502613
vt 0.218010 0.502073
vt 0.227779 0.436047
vt 0.227914 0.435902
vt 0.227916 0.435947
vt 0.202554 0.463301
vt 0.202881 0.461736
vt 0.202874 0.463943
vt 0.227918 0.434343
vt 0.227803 0.434403
vt 0.227922 0.434628
vt 0.227794 0.435240
vt 0.227917 0.435722
vt 0.227919 0.435211
vt 0.227772 0.435982
vt 0.227913 0.435319
vt 0.202601 0.460141
vt 0.202886 0.461790
vt 0.227786 0.435799
vt 0.229399 0.434054
vt 0.215506 0.497601
vt 0.215864 0.502084
vt 0.215485 0.503119
vt 0.229176 0.436277
vt 0.215885 0.505106
vt 0.216071 0.504813
vt 0.215837 0.505030
vt 0.206041 0.465023
vt 0.206219 0.461791
vt 0.206273 0.465284
vt 0.206064 0.459091
vt 0.206154 0.461152
vt 0.206233 0.460854
vt 0.229420 0.435359
vt 0.229441 0.437044
vt 0.229440 0.435242
vt 0.216069 0.500835
vt 0.216043 0.498852
vt 0.216056 0.497915
vt 0.229122 0.430402
vt 0.229135 0.430541
vt 0.205553 0.425383
vt 0.205548 0.425384
vt 0.205599 0.465365
vt 0.205630 0.468655
vt 0.228946 0.434184
vt 0.205572 0.453397
vt 0.205595 0.461427
vt 0.205631 0.461311
vt 0.228927 0.437456
vt 0.228940 0.435971
vt 0.228929 0.435788
vt 0.205117 0.464979
vt 0.205154 0.461437
vt 0.205120 0.461315
vt 0.215025 0.462521
vt 0.214918 0.445212
vt 0.214964 0.463646
vt 0.215418 0.498487
vt 0.215454 0.502037
vt 0.215454 0.498372
vt 0.228966 0.427221
vt 0.228939 0.418396
vt 0.228948 0.427469
vt 0.204695 0.425885
vt 0.204775 0.425673
vt 0.204874 0.446117
vt 0.205069 0.426610
vt 0.204806 0.426319
vt 0.228925 0.427466
vt 0.228907 0.418407
vt 0.205065 0.425745
vt 0.228905 0.418015
vt 0.229046 0.417904
vt 0.229333 0.417977
vt 0.229307 0.417872
vt 0.229188 0.418328
vt 0.229298 0.418160
vt 0.229156 0.418339
vt 0.205931 0.426065
vt 0.205936 0.445702
vt 0.206010 0.425660
vt 0.215516 0.462670
vt 0.215723 0.482586
vt 0.215461 0.482921
vt 0.229046 0.413124
vt 0.229189 0.417954
vt 0.229367 0.410506
vt 0.229217 0.409698
vt 0.206131 0.415169
vt 0.229173 0.410971
vt 0.229218 0.410896
vt 0.229356 0.410413
vt 0.215955 0.452230
vt 0.215776 0.462489
vt 0.215907 0.446229
vt 0.215198 0.452007
vt 0.214889 0.462806
vt 0.214824 0.448127
vt 0.228876 0.411366
vt 0.228774 0.417983
vt 0.228726 0.410528
vt 0.228691 0.412533
vt 0.228788 0.418275
vt 0.228738 0.410806
vt 0.204998 0.408369
vt 0.205141 0.426585
vt 0.205095 0.408151
vt 0.228875 0.410144
vt 0.214598 0.462734
vt 0.214415 0.450704
vt 0.214494 0.446277
vt 0.229126 0.417852
vt 0.228967 0.430400
vt 0.229123 0.427222
vt 0.215453 0.505657
vt 0.215472 0.506195
vt 0.215472 0.505623
vt 0.229153 0.437199
vt 0.229161 0.437682
vt 0.229161 0.437426
vt 0.205102 0.469134
vt 0.205114 0.468577
vt 0.205102 0.468563
vt 0.205116 0.469123
vt 0.205121 0.468240
vt 0.215199 0.506418
vt 0.229046 0.437771
vt 0.205756 0.410038
vt 0.206060 0.408962
vt 0.206065 0.408980
vt 0.215454 0.505716
vt 0.215451 0.505791
vt 0.228724 0.410535
vt 0.228874 0.410148
vt 0.228919 0.410046
vt 0.228920 0.410047
vt 0.214820 0.445438
vt 0.214519 0.446891
vt 0.214821 0.445430
vt 0.215198 0.452020
vt 0.214822 0.448141
vt 0.214925 0.505731
vt 0.214936 0.505722
vt 0.228735 0.410813
vt 0.208185 0.465428
vt 0.208184 0.465537
vt 0.218037 0.496836
vt 0.218039 0.496906
vt 0.230325 0.435223
vt 0.218008 0.502489
vt 0.218023 0.500794
vt 0.217978 0.497318
vt 0.218023 0.500789
vt 0.230332 0.433431
vt 0.230311 0.432822
vt 0.202578 0.465670
vt 0.202563 0.465407
vt 0.202578 0.465551
vt 0.227768 0.435030
vt 0.227780 0.433304
vt 0.227767 0.435028
vt 0.212457 0.498917
vt 0.212424 0.497202
vt 0.202612 0.463771
vt 0.202595 0.465003
vt 0.202612 0.463770
vt 0.227772 0.436029
vt 0.202595 0.465094
vt 0.227781 0.433251
vt 0.205566 0.408746
vt 0.205561 0.408747
vt 0.214978 0.498498
vt 0.214964 0.502444
vt 0.229143 0.434192
vt 0.229119 0.430406
vt 0.229147 0.435963
vt 0.214950 0.505338
vt 0.214945 0.505302
vt 0.228961 0.409656
vt 0.228967 0.417886
vt 0.228969 0.417887
vt 0.215030 0.490154
vt 0.215423 0.502426
vt 0.205543 0.453090
vt 0.205546 0.446068
vt 0.228968 0.427221
vt 0.215022 0.483127
vt 0.205113 0.468661
vt 0.205117 0.468737
vt 0.205188 0.407291
vt 0.205183 0.407291
vt 0.229161 0.437453
vt 0.229153 0.437206
vt 0.229170 0.437460
vt 0.229169 0.437411
vt 0.215431 0.505212
vt 0.215437 0.505704
vt 0.215437 0.505154
vt 0.205608 0.468701
vt 0.205613 0.468643
vt 0.228927 0.437418
vt 0.228933 0.437508
vt 0.228930 0.437265
vt 0.228930 0.437491
vt 0.228928 0.437665
vt 0.228929 0.437728
vt 0.214937 0.505638
vt 0.214944 0.505301
vt 0.205375 0.469357
vt 0.215453 0.506220
vt 0.207754 0.463829
vt 0.207942 0.465225
vt 0.207947 0.464801
vt 0.230123 0.435267
vt 0.207943 0.464114
vt 0.207946 0.465133
vt 0.230205 0.434284
vt 0.230211 0.435707
vt 0.217577 0.500890
vt 0.217757 0.498721
vt 0.217764 0.497982
vt 0.227968 0.435270
vt 0.212820 0.500897
vt 0.212704 0.498797
vt 0.212709 0.498851
vt 0.212700 0.502292
vt 0.212697 0.501004
vt 0.212718 0.499479
vt 0.212712 0.500766
vt 0.202997 0.463836
vt 0.202889 0.463705
vt 0.202885 0.464834
vt 0.202894 0.462418
vt 0.227916 0.434319
vt 0.202880 0.465329
vt 0.202877 0.465231
vt 0.205830 0.468288
vt 0.205627 0.465041
vt 0.229234 0.435647
vt 0.229160 0.434145
vt 0.215576 0.498108
vt 0.215391 0.490472
vt 0.228870 0.433961
vt 0.214726 0.505223
vt 0.205124 0.461357
vt 0.204945 0.464554
vt 0.205120 0.465047
vt 0.229159 0.435839
vt 0.229251 0.437312
vt 0.229159 0.437512
vt 0.205625 0.461389
vt 0.205790 0.464717
vt 0.205626 0.465093
vt 0.229159 0.434162
vt 0.229131 0.430559
vt 0.229215 0.434022
vt 0.215008 0.490492
vt 0.214949 0.498456
vt 0.214813 0.498042
vt 0.205121 0.465100
vt 0.204903 0.468218
vt 0.204946 0.464606
vt 0.205126 0.461395
vt 0.204989 0.460981
vt 0.214810 0.498007
vt 0.229233 0.435669
vt 0.215388 0.490496
vt 0.215448 0.498450
vt 0.205828 0.468343
vt 0.214945 0.502161
vt 0.205184 0.453431
vt 0.205181 0.453409
vt 0.214727 0.505279
vt 0.214941 0.505853
vt 0.205626 0.468785
vt 0.204987 0.460946
vt 0.205753 0.461047
vt 0.205564 0.453435
vt 0.228851 0.435596
vt 0.228832 0.437255
vt 0.228831 0.437230
vt 0.215613 0.501778
vt 0.215573 0.498142
vt 0.228933 0.434164
vt 0.215200 0.462575
vt 0.215463 0.482923
vt 0.215518 0.462685
vt 0.825588 0.674049
vt 0.825210 0.681599
vt 0.825202 0.673602
vt 0.825495 0.663383
vt 0.825203 0.663378
vt 0.825467 0.656201
vt 0.825204 0.655872
vt 0.824846 0.674059
vt 0.824930 0.682921
vt 0.824932 0.663378
vt 0.824961 0.656196
vt 0.824923 0.644348
vt 0.825203 0.644047
vt 0.825507 0.644352
vt 0.825523 0.656217
vt 0.825617 0.663385
vt 0.825577 0.656288
vt 0.824812 0.663378
vt 0.824886 0.656232
vt 0.824853 0.656283
vt 0.824798 0.644429
vt 0.824858 0.683322
vt 0.824737 0.674133
vt 0.824689 0.674182
vt 0.825512 0.684039
vt 0.825205 0.683322
vt 0.825563 0.683322
vt 0.824891 0.684031
vt 0.824848 0.663373
vt 0.825751 0.674168
vt 0.825481 0.682735
vt 0.825200 0.673625
vt 0.825672 0.674093
vt 0.825558 0.663380
vt 0.825201 0.663396
vt 0.825202 0.655880
vt 0.824836 0.644385
vt 0.825572 0.644371
vt 0.825635 0.644434
vt 0.825206 0.635456
vt 0.824914 0.620314
vt 0.825002 0.635749
vt 0.825499 0.623994
vt 0.825204 0.616639
vt 0.851911 0.450676
vt 0.851556 0.475465
vt 0.851556 0.448172
vt 0.824983 0.635785
vt 0.824884 0.614222
vt 0.825445 0.635800
vt 0.825414 0.635765
vt 0.825051 0.635728
vt 0.825205 0.623373
vt 0.825207 0.635498
vt 0.825454 0.638118
vt 0.825418 0.638069
vt 0.824983 0.619043
vt 0.825375 0.635728
vt 0.825548 0.614763
vt 0.825205 0.616628
vt 0.825462 0.623987
vt 0.825211 0.644092
vt 0.825201 0.644059
vt 0.825206 0.637802
vt 0.824975 0.638114
vt 0.825046 0.638053
vt 0.825207 0.637788
vt 0.824996 0.638080
vt 0.825381 0.638056
vt 0.825422 0.614638
vt 0.825204 0.623383
vt 0.825008 0.619053
vt 0.824952 0.620306
vt 0.824923 0.614223
vt 0.825509 0.614765
vt 0.825447 0.614628
vt 0.851134 0.451257
vt 0.851068 0.451286
vt 0.851117 0.451484
vt 0.852063 0.479489
vt 0.851924 0.478409
vt 0.852088 0.479104
vt 0.851982 0.451449
vt 0.852072 0.451484
vt 0.852046 0.451863
vt 0.851122 0.479037
vt 0.851551 0.476445
vt 0.851101 0.479166
vt 0.851234 0.451005
vt 0.851224 0.450739
vt 0.851901 0.451006
vt 0.851552 0.448477
vt 0.851553 0.447763
vt 0.851095 0.451678
vt 0.851212 0.478432
vt 0.851998 0.451837
vt 0.852010 0.479174
vt 0.851990 0.478906
vt 0.851555 0.448262
vt 0.851552 0.475732
vt 0.851077 0.479446
vt 0.851051 0.479051
vt 0.851913 0.478755
vt 0.851224 0.478716
vt 0.851554 0.475555
vt 0.854821 0.465632
vt 0.854085 0.469696
vt 0.854071 0.461248
vt 0.854741 0.462250
vt 0.854050 0.458215
vt 0.854655 0.465962
vt 0.854033 0.462375
vt 0.854612 0.474594
vt 0.854031 0.471290
vt 0.854045 0.479738
vt 0.854066 0.482771
vt 0.854638 0.483089
vt 0.854083 0.478611
vt 0.854718 0.486471
vt 0.854804 0.482759
vt 0.854893 0.486777
vt 0.854847 0.474127
vt 0.854808 0.481567
vt 0.854717 0.483244
vt 0.854672 0.490824
vt 0.854701 0.499868
vt 0.854785 0.505078
vt 0.854921 0.495821
vt 0.854135 0.504783
vt 0.854128 0.495397
vt 0.854104 0.489289
vt 0.854077 0.490038
vt 0.854069 0.506591
vt 0.854094 0.512699
vt 0.854121 0.511950
vt 0.854877 0.503402
vt 0.853061 0.502961
vt 0.853099 0.487616
vt 0.853130 0.488520
vt 0.853145 0.495780
vt 0.854062 0.497205
vt 0.853136 0.505144
vt 0.853107 0.511125
vt 0.853076 0.510221
vt 0.852453 0.486650
vt 0.853070 0.493597
vt 0.852537 0.481343
vt 0.852632 0.483054
vt 0.852683 0.490780
vt 0.852660 0.499995
vt 0.852577 0.505302
vt 0.852482 0.503592
vt 0.852533 0.479318
vt 0.852430 0.495866
vt 0.852610 0.475049
vt 0.852697 0.477935
vt 0.852744 0.486285
vt 0.852722 0.495209
vt 0.852558 0.496592
vt 0.852511 0.488241
vt 0.853041 0.482855
vt 0.853042 0.474253
vt 0.853066 0.470774
vt 0.853100 0.474454
vt 0.853122 0.491741
vt 0.853098 0.495221
vt 0.852645 0.499477
vt 0.853065 0.491540
vt 0.853123 0.483139
vt 0.701941 0.724952
vt 0.702073 0.747374
vt 0.701905 0.745928
vt 0.701311 0.725355
vt 0.701543 0.752359
vt 0.701446 0.756342
vt 0.702171 0.725350
vt 0.702304 0.725168
vt 0.702171 0.723038
vt 0.701444 0.726318
vt 0.701711 0.748157
vt 0.701311 0.725323
vt 0.701444 0.725323
vt 0.702304 0.725437
vt 0.702170 0.749154
vt 0.701675 0.725330
vt 0.701523 0.703451
vt 0.701969 0.718245
vt 0.702091 0.693794
vt 0.701675 0.725297
vt 0.701031 0.703029
vt 0.701206 0.718245
vt 0.700737 0.697253
vt 0.701367 0.718245
vt 0.701647 0.718245
vt 0.702830 0.697031
vt 0.702249 0.716661
vt 0.702582 0.700808
vt 0.701523 0.703474
vt 0.701367 0.718687
vt 0.702410 0.717953
vt 0.701969 0.717953
vt 0.702582 0.700734
vt 0.702410 0.718245
vt 0.702249 0.718245
vt 0.331779 0.838482
vt 0.331965 0.838482
vt 0.331947 0.838482
vt 0.331153 0.838482
vt 0.330850 0.840755
vt 0.330863 0.841497
vt 0.331494 0.838482
vt 0.331489 0.838482
vt 0.331699 0.886959
vt 0.331852 0.887550
vt 0.331710 0.886959
vt 0.330943 0.893563
vt 0.331179 0.886737
vt 0.331183 0.886820
vt 0.331489 0.836488
vt 0.331792 0.828831
vt 0.331494 0.836618
vt 0.330695 0.838482
vt 0.330850 0.838482
vt 0.330863 0.838482
vt 0.331183 0.886598
vt 0.331463 0.886106
vt 0.331179 0.886598
vt 0.331699 0.871186
vt 0.331463 0.884325
vt 0.331710 0.870392
vt 0.330805 0.886770
vt 0.330933 0.886770
vt 0.330790 0.886770
vt 0.331965 0.836618
vt 0.331947 0.836488
vt 0.330678 0.838482
vt 0.701941 0.725225
vt 0.702091 0.697253
vt 0.702786 0.696905
vt 0.701542 0.702982
vt 0.702082 0.697114
vt 0.700793 0.697114
vt 0.702550 0.700363
vt 0.701542 0.702909
vt 0.702550 0.700467
vt 0.701074 0.702562
vt 0.702082 0.693571
vt 0.701798 0.732183
vt 0.331149 0.838482
vt 0.330790 0.886909
vt 0.330933 0.893816
vt 0.331852 0.885799
vt 0.331792 0.838482
vt 0.330805 0.886992
vt 0.331838 0.885717
vt 0.331460 0.886106
vt 0.331779 0.827671
vt 0.330943 0.886770
vt 0.331460 0.884243
vt 0.331838 0.887550
vt 0.701821 0.747018
vt 0.586782 0.623444
vt 0.582588 0.632879
vt 0.582020 0.624311
vt 0.589116 0.689954
vt 0.586219 0.632161
vt 0.579140 0.681025
vt 0.579677 0.691029
vt 0.592703 0.681025
vt 0.589666 0.680035
vt 0.082813 0.812359
vt 0.085418 0.812734
vt 0.082325 0.812531
vt 0.080801 0.851903
vt 0.080442 0.828826
vt 0.080415 0.852075
vt 0.085882 0.868689
vt 0.082584 0.868657
vt 0.085353 0.868861
vt 0.087560 0.852565
vt 0.088118 0.852394
vt 0.085948 0.812562
vt 0.087587 0.829316
vt 0.080828 0.828655
vt 0.082999 0.868486
vt 0.088146 0.829145
vt 0.080716 0.829755
vt 0.080758 0.851154
vt 0.080685 0.851210
vt 0.082692 0.866505
vt 0.082439 0.814696
vt 0.085309 0.814873
vt 0.087317 0.830182
vt 0.087286 0.851655
vt 0.085235 0.866707
vt 0.082511 0.814641
vt 0.087389 0.830126
vt 0.085308 0.866651
vt 0.087359 0.851599
vt 0.085381 0.814817
vt 0.080788 0.829699
vt 0.082764 0.866450
vt 0.085591 0.811584
vt 0.082944 0.812160
vt 0.082373 0.811807
vt 0.087662 0.852219
vt 0.088033 0.828595
vt 0.087635 0.828334
vt 0.082441 0.869460
vt 0.085846 0.869287
vt 0.085407 0.869250
vt 0.080758 0.852815
vt 0.080147 0.852705
vt 0.080732 0.829090
vt 0.080120 0.828841
vt 0.087564 0.850936
vt 0.087635 0.830024
vt 0.087665 0.851059
vt 0.085697 0.866062
vt 0.083018 0.869449
vt 0.083199 0.866290
vt 0.088057 0.852333
vt 0.086107 0.811989
vt 0.085946 0.815193
vt 0.083114 0.815388
vt 0.081149 0.830399
vt 0.081177 0.851431
vt 0.083122 0.866051
vt 0.081084 0.830389
vt 0.085851 0.815290
vt 0.083050 0.815424
vt 0.081116 0.851390
vt 0.578746 0.900579
vt 0.577379 0.929136
vt 0.577443 0.897772
vt 0.577353 0.922543
vt 0.578394 0.940257
vt 0.578698 0.921340
vt 0.578927 0.921187
vt 0.578415 0.944978
vt 0.578737 0.926045
vt 0.577455 0.869109
vt 0.578689 0.897289
vt 0.578547 0.870592
vt 0.577439 0.844795
vt 0.577980 0.841705
vt 0.577433 0.837369
vt 0.578737 0.872687
vt 0.578597 0.873922
vt 0.578989 0.897063
vt 0.577462 0.870936
vt 0.577415 0.894071
vt 0.578156 0.846207
vt 0.578218 0.848559
vt 0.577450 0.849069
vt 0.577935 0.830347
vt 0.577029 0.809230
vt 0.577338 0.830142
vt 0.578590 0.942785
vt 0.577895 0.829226
vt 0.577376 0.809236
vt 0.578655 0.809273
vt 0.578736 0.809280
vt 0.576100 0.901056
vt 0.576024 0.926860
vt 0.576296 0.941219
vt 0.577333 0.947436
vt 0.575846 0.922011
vt 0.576288 0.945953
vt 0.576120 0.943917
vt 0.576143 0.897711
vt 0.576897 0.841768
vt 0.576717 0.846175
vt 0.576100 0.873675
vt 0.575851 0.897493
vt 0.576250 0.874976
vt 0.576658 0.848656
vt 0.576296 0.871648
vt 0.576048 0.922101
vt 0.576864 0.830253
vt 0.576897 0.829120
vt 0.577393 0.826269
vt 0.576100 0.809221
vt 0.854394 0.432483
vt 0.853689 0.435366
vt 0.853675 0.429588
vt 0.854335 0.430481
vt 0.853663 0.427715
vt 0.854275 0.433463
vt 0.853662 0.430845
vt 0.854247 0.439681
vt 0.853672 0.437144
vt 0.853687 0.442923
vt 0.853698 0.444796
vt 0.854269 0.445494
vt 0.853699 0.441666
vt 0.854328 0.447496
vt 0.854389 0.444514
vt 0.854384 0.447465
vt 0.854416 0.438295
vt 0.854322 0.444027
vt 0.854257 0.445486
vt 0.854228 0.450989
vt 0.854312 0.460750
vt 0.854377 0.459291
vt 0.854407 0.453787
vt 0.853982 0.460293
vt 0.853975 0.453678
vt 0.853953 0.449484
vt 0.853917 0.455326
vt 0.853924 0.461940
vt 0.854250 0.457312
vt 0.853946 0.466135
vt 0.853970 0.465453
vt 0.853238 0.459126
vt 0.853246 0.452523
vt 0.853300 0.449039
vt 0.853930 0.450166
vt 0.853314 0.454198
vt 0.853305 0.460801
vt 0.853279 0.464979
vt 0.853251 0.464286
vt 0.852918 0.454154
vt 0.852995 0.443950
vt 0.853272 0.448345
vt 0.853063 0.445173
vt 0.853099 0.450622
vt 0.853081 0.457106
vt 0.853021 0.460826
vt 0.852954 0.459604
vt 0.852926 0.442685
vt 0.852935 0.447670
vt 0.852986 0.439497
vt 0.853054 0.441353
vt 0.853090 0.447164
vt 0.853074 0.453528
vt 0.853013 0.456715
vt 0.852909 0.449048
vt 0.853368 0.439118
vt 0.853396 0.436588
vt 0.853435 0.439040
vt 0.853462 0.445036
vt 0.853434 0.453595
vt 0.853395 0.451144
vt 0.852945 0.454860
vt 0.853367 0.445147
vt 0.853462 0.451065
vt 0.698886 0.437319
vt 0.698951 0.427280
vt 0.698927 0.445152
vt 0.698873 0.435751
vt 0.698933 0.422016
vt 0.698920 0.420992
vt 0.698938 0.541916
vt 0.698987 0.541916
vt 0.699115 0.471935
vt 0.699166 0.465352
vt 0.699166 0.479748
vt 0.699108 0.470414
vt 0.699117 0.454797
vt 0.699108 0.452736
vt 0.699108 0.540210
vt 0.699166 0.540210
vt 0.699008 0.563680
vt 0.698981 0.460797
vt 0.699008 0.460163
vt 0.699295 0.465832
vt 0.699334 0.462755
vt 0.699418 0.467519
vt 0.699199 0.563680
vt 0.699295 0.563680
vt 0.699104 0.477908
vt 0.699209 0.449824
vt 0.699053 0.459276
vt 0.698980 0.460852
vt 0.698913 0.563680
vt 0.699418 0.467842
vt 0.699104 0.563680
vt 0.699008 0.460829
vt 0.699008 0.442524
vt 0.699057 0.460781
vt 0.699391 0.563680
vt 0.699452 0.453398
vt 0.699335 0.462724
vt 0.699053 0.459126
vt 0.699310 0.437319
vt 0.699344 0.434407
vt 0.699361 0.445152
vt 0.699303 0.435751
vt 0.699319 0.429144
vt 0.699314 0.428119
vt 0.699303 0.542681
vt 0.699361 0.542681
vt 0.699011 0.437319
vt 0.698992 0.432091
vt 0.698960 0.445152
vt 0.699015 0.435751
vt 0.699017 0.426831
vt 0.699018 0.425803
vt 0.699040 0.571265
vt 0.698982 0.571265
vt 0.699217 0.471935
vt 0.699165 0.465352
vt 0.699165 0.479748
vt 0.699224 0.470414
vt 0.699214 0.454797
vt 0.699224 0.452736
vt 0.699224 0.560784
vt 0.699165 0.560784
vt 0.699323 0.559752
vt 0.699351 0.460797
vt 0.699323 0.460163
vt 0.699037 0.465832
vt 0.698997 0.462755
vt 0.698914 0.467519
vt 0.699132 0.559752
vt 0.699037 0.559752
vt 0.699228 0.477908
vt 0.699123 0.449824
vt 0.699278 0.459276
vt 0.699351 0.460852
vt 0.699419 0.559752
vt 0.698914 0.467842
vt 0.699228 0.559752
vt 0.699323 0.460829
vt 0.699323 0.442524
vt 0.699274 0.460781
vt 0.698941 0.559752
vt 0.698879 0.453398
vt 0.698997 0.462724
vt 0.699279 0.459126
vt 0.699446 0.437319
vt 0.699381 0.427280
vt 0.699404 0.445152
vt 0.699459 0.435751
vt 0.699399 0.422016
vt 0.699411 0.420992
vt 0.699393 0.562971
vt 0.699345 0.562971
vt 0.698952 0.562203
vt 0.698897 0.471025
vt 0.698897 0.470387
vt 0.698935 0.476056
vt 0.698921 0.473050
vt 0.698927 0.477743
vt 0.698952 0.488132
vt 0.698952 0.460048
vt 0.698897 0.469500
vt 0.698930 0.562203
vt 0.698879 0.471076
vt 0.698934 0.562203
vt 0.698909 0.478066
vt 0.698923 0.476056
vt 0.698941 0.562203
vt 0.698930 0.488132
vt 0.698875 0.471053
vt 0.698940 0.452752
vt 0.698875 0.471005
vt 0.698925 0.562203
vt 0.698960 0.463622
vt 0.698913 0.473019
vt 0.698897 0.469351
vt 0.698939 0.463193
vt 0.698955 0.436035
vt 0.698941 0.469717
vt 0.698920 0.461924
vt 0.698953 0.425480
vt 0.698923 0.423423
vt 0.698961 0.560536
vt 0.698963 0.560536
vt 0.698955 0.430160
vt 0.698945 0.469717
vt 0.698924 0.461924
vt 0.698953 0.419605
vt 0.698923 0.417548
vt 0.698965 0.560536
vt 0.698968 0.560536
vt 0.699414 0.564141
vt 0.699470 0.478208
vt 0.699470 0.477569
vt 0.699432 0.483239
vt 0.699445 0.480233
vt 0.699440 0.484929
vt 0.699414 0.495315
vt 0.699414 0.467231
vt 0.699470 0.476683
vt 0.699418 0.564141
vt 0.699481 0.478259
vt 0.699442 0.485248
vt 0.699449 0.483239
vt 0.699424 0.564141
vt 0.699445 0.495315
vt 0.699436 0.564141
vt 0.699481 0.478235
vt 0.699427 0.459934
vt 0.699481 0.478188
vt 0.699406 0.470804
vt 0.699454 0.480201
vt 0.699470 0.476533
vt 0.699428 0.470375
vt 0.699411 0.437343
vt 0.699425 0.476900
vt 0.699446 0.469106
vt 0.699413 0.416887
vt 0.699443 0.414830
vt 0.699405 0.567719
vt 0.699403 0.567719
vt 0.699421 0.476900
vt 0.699442 0.469106
vt 0.699413 0.426787
vt 0.699443 0.424731
vt 0.699401 0.567719
vt 0.699398 0.567719
vt 0.698389 0.558920
vt 0.698220 0.549034
vt 0.698327 0.541319
vt 0.698186 0.550575
vt 0.698310 0.565113
vt 0.698342 0.564103
vt 0.698356 0.446009
vt 0.698482 0.446009
vt 0.698948 0.521421
vt 0.698814 0.514937
vt 0.698948 0.507240
vt 0.698796 0.516433
vt 0.698796 0.533843
vt 0.698821 0.531819
vt 0.698796 0.447689
vt 0.698948 0.447689
vt 0.698537 0.424573
vt 0.698466 0.525907
vt 0.698289 0.424573
vt 0.699602 0.519286
vt 0.699282 0.520949
vt 0.699282 0.424573
vt 0.699034 0.424573
vt 0.698786 0.509057
vt 0.698786 0.424573
vt 0.698655 0.527407
vt 0.698537 0.526534
vt 0.698466 0.525851
vt 0.698537 0.525877
vt 0.699385 0.524008
vt 0.699601 0.518969
vt 0.699058 0.536715
vt 0.698666 0.525925
vt 0.698537 0.543903
vt 0.699530 0.424573
vt 0.699691 0.533198
vt 0.699384 0.523979
vt 0.698654 0.527555
vt 0.699408 0.551898
vt 0.699321 0.549034
vt 0.699455 0.541319
vt 0.699304 0.550575
vt 0.699333 0.558095
vt 0.699345 0.557081
vt 0.699303 0.445256
vt 0.699455 0.445256
vt 0.698496 0.554180
vt 0.698546 0.549034
vt 0.698414 0.541319
vt 0.698556 0.550575
vt 0.698564 0.560373
vt 0.698560 0.559363
vt 0.698619 0.417105
vt 0.698470 0.417105
vt 0.698946 0.521421
vt 0.699079 0.514937
vt 0.698946 0.507240
vt 0.699098 0.516433
vt 0.699098 0.533843
vt 0.699073 0.531819
vt 0.699098 0.427426
vt 0.698946 0.427426
vt 0.699356 0.428444
vt 0.699428 0.525907
vt 0.699604 0.428444
vt 0.698292 0.519286
vt 0.698612 0.520949
vt 0.698612 0.428444
vt 0.698860 0.428444
vt 0.699108 0.509057
vt 0.699108 0.428444
vt 0.699239 0.527407
vt 0.699356 0.526534
vt 0.699428 0.525851
vt 0.699356 0.525877
vt 0.698508 0.524008
vt 0.698293 0.518969
vt 0.698835 0.536715
vt 0.699228 0.525925
vt 0.699356 0.543903
vt 0.698363 0.428444
vt 0.698203 0.533198
vt 0.698509 0.523979
vt 0.699240 0.527555
vt 0.699504 0.558920
vt 0.699674 0.549034
vt 0.699566 0.541319
vt 0.699708 0.550575
vt 0.699584 0.565113
vt 0.699552 0.564103
vt 0.699538 0.425274
vt 0.699411 0.425274
vt 0.698392 0.426029
vt 0.698249 0.515836
vt 0.698326 0.509216
vt 0.698347 0.510874
vt 0.698392 0.498983
vt 0.698249 0.517336
vt 0.698249 0.516463
vt 0.698335 0.426029
vt 0.698202 0.515781
vt 0.698191 0.515807
vt 0.698317 0.510874
vt 0.698290 0.513868
vt 0.698280 0.508899
vt 0.698362 0.426029
vt 0.698335 0.498983
vt 0.698392 0.526644
vt 0.698192 0.515851
vt 0.698360 0.533832
vt 0.698413 0.523124
vt 0.698312 0.513838
vt 0.698346 0.426029
vt 0.698249 0.517484
vt 0.698400 0.550295
vt 0.698357 0.523548
vt 0.698363 0.517119
vt 0.698309 0.524801
vt 0.698317 0.562717
vt 0.698395 0.560693
vt 0.698415 0.427670
vt 0.698422 0.427670
vt 0.698400 0.556082
vt 0.698375 0.517119
vt 0.698320 0.524801
vt 0.698317 0.568505
vt 0.698395 0.566477
vt 0.698427 0.427670
vt 0.698433 0.427670
vt 0.699592 0.424120
vt 0.699735 0.508758
vt 0.699658 0.502142
vt 0.699637 0.503801
vt 0.699592 0.491909
vt 0.699735 0.510263
vt 0.699735 0.509385
vt 0.699601 0.424120
vt 0.699766 0.508707
vt 0.699766 0.508733
vt 0.699682 0.503801
vt 0.699694 0.506794
vt 0.699665 0.501825
vt 0.699616 0.424120
vt 0.699671 0.491909
vt 0.699592 0.519570
vt 0.699766 0.508777
vt 0.699624 0.526758
vt 0.699571 0.516050
vt 0.699672 0.506764
vt 0.699735 0.510406
vt 0.699584 0.549008
vt 0.699627 0.516474
vt 0.699621 0.510045
vt 0.699675 0.517727
vt 0.699667 0.571181
vt 0.699589 0.569157
vt 0.699569 0.420596
vt 0.699562 0.420596
vt 0.699609 0.510045
vt 0.699664 0.517727
vt 0.699667 0.561431
vt 0.699589 0.559403
vt 0.699557 0.420596
vt 0.699551 0.420596
vt 0.715354 0.411399
vt 0.715448 0.559365
vt 0.715420 0.560545
vt 0.715112 0.550384
vt 0.715072 0.556644
vt 0.714981 0.550119
vt 0.715154 0.413494
vt 0.715053 0.414529
vt 0.715307 0.529965
vt 0.715214 0.571164
vt 0.715372 0.562207
vt 0.739679 0.419741
vt 0.739708 0.466702
vt 0.739711 0.419335
vt 0.739821 0.469048
vt 0.739871 0.469547
vt 0.739848 0.417420
vt 0.715112 0.551636
vt 0.715154 0.414770
vt 0.715053 0.415805
vt 0.715307 0.531554
vt 0.715254 0.413711
vt 0.715420 0.561942
vt 0.715355 0.412916
vt 0.739703 0.472844
vt 0.739708 0.466319
vt 0.715367 0.562496
vt 0.739810 0.417327
vt 0.739810 0.417826
vt 0.739811 0.475378
vt 0.739856 0.471469
vt 0.739856 0.471995
vt 0.715430 0.579881
vt 0.739699 0.467138
vt 0.739710 0.418929
vt 0.715373 0.562399
vt 0.739871 0.469066
vt 0.739821 0.468964
vt 0.714955 0.566830
vt 0.828261 0.499376
vt 0.828409 0.554641
vt 0.828238 0.499376
vt 0.828461 0.565172
vt 0.828466 0.569354
vt 0.828324 0.509596
vt 0.828163 0.551773
vt 0.828309 0.504375
vt 0.828147 0.565119
vt 0.828131 0.568812
vt 0.714626 0.430638
vt 0.714171 0.470513
vt 0.714624 0.419200
vt 0.714086 0.489873
vt 0.714043 0.492955
vt 0.714663 0.444002
vt 0.714339 0.507619
vt 0.714650 0.433046
vt 0.714292 0.531048
vt 0.714254 0.536153
vt 0.715735 0.592982
vt 0.715829 0.445015
vt 0.715835 0.594017
vt 0.715362 0.454261
vt 0.715492 0.453997
vt 0.715434 0.589851
vt 0.715534 0.590886
vt 0.738977 0.467234
vt 0.739025 0.430311
vt 0.739009 0.467570
vt 0.715687 0.474416
vt 0.715753 0.442174
vt 0.715800 0.443835
vt 0.715735 0.591464
vt 0.715829 0.443811
vt 0.715800 0.442439
vt 0.738126 0.422844
vt 0.738110 0.420340
vt 0.738075 0.423354
vt 0.715534 0.589611
vt 0.715492 0.452744
vt 0.715434 0.588575
vt 0.738977 0.466830
vt 0.739026 0.429807
vt 0.738996 0.417250
vt 0.715748 0.441885
vt 0.715688 0.472826
vt 0.715594 0.433216
vt 0.715811 0.424499
vt 0.738063 0.476229
vt 0.738074 0.423439
vt 0.738064 0.416883
vt 0.738110 0.420879
vt 0.715753 0.441981
vt 0.738126 0.423335
vt 0.715336 0.437550
vt 0.715453 0.447736
vt 0.827873 0.510592
vt 0.827723 0.566140
vt 0.827701 0.566140
vt 0.827930 0.495804
vt 0.827924 0.500008
vt 0.827383 0.519228
vt 0.827521 0.555294
vt 0.827508 0.559758
vt 0.827356 0.504657
vt 0.827369 0.507816
vt 0.714551 0.533867
vt 0.715006 0.573742
vt 0.715005 0.585180
vt 0.714424 0.511425
vt 0.714467 0.514508
vt 0.714720 0.496761
vt 0.715044 0.560378
vt 0.715030 0.571334
vt 0.714635 0.468227
vt 0.714672 0.473332
vt 0.203259 0.830190
vt 0.203259 0.948777
vt 0.203245 0.830190
vt 0.203245 0.948777
vt 0.219339 0.934146
vt 0.219339 0.824075
vt 0.219979 0.824075
vt 0.219979 0.934144
vt 0.229046 0.437978
vt 0.216072 0.504928
vt 0.229360 0.433083
vt 0.229336 0.433596
vt 0.205613 0.452695
vt 0.229153 0.430548
vt 0.215750 0.489508
vt 0.229170 0.437722
vt 0.215005 0.490470
vt 0.228755 0.433596
vt 0.228835 0.430301
vt 0.204828 0.452448
vt 0.214890 0.497591
vt 0.206467 0.460498
vt 0.229562 0.437035
vt 0.229540 0.435237
vt 0.216811 0.503943
vt 0.230318 0.436041
vt 0.217992 0.495493
vt 0.207332 0.466215
vt 0.207754 0.463700
vt 0.230123 0.434637
vt 0.217577 0.502440
vt 0.229932 0.436432
vt 0.217156 0.497445
vt 0.208214 0.459776
vt 0.208187 0.465094
vt 0.214071 0.499086
vt 0.203763 0.465870
vt 0.228646 0.434243
vt 0.204491 0.467982
vt 0.204494 0.460751
vt 0.214296 0.501309
vt 0.227786 0.435840
vt 0.203418 0.461494
vt 0.203418 0.466137
vt 0.228159 0.435723
vt 0.213242 0.501335
vt 0.228159 0.436392
vt 0.212820 0.499190
vt 0.212402 0.502731
vt 0.216027 0.501119
vt 0.215486 0.503151
vt 0.206272 0.465313
vt 0.228637 0.435457
vt 0.228744 0.435822
vt 0.205693 0.425609
vt 0.215417 0.502466
vt 0.215030 0.462522
vt 0.204770 0.425686
vt 0.229303 0.427057
vt 0.228646 0.432061
vt 0.229155 0.418341
vt 0.206017 0.425678
vt 0.215372 0.462445
vt 0.229151 0.437474
vt 0.215199 0.506873
vt 0.206013 0.460197
vt 0.215435 0.490463
vt 0.229046 0.437919
vt 0.228922 0.437411
vt 0.204687 0.459079
vt 0.205139 0.452712
vt 0.228837 0.430301
vt 0.205177 0.453394
vt 0.214962 0.490462
vt 0.214562 0.497256
vt 0.228922 0.437670
vt 0.229347 0.435808
vt 0.214602 0.501381
vt 0.208200 0.463728
vt 0.230209 0.435396
vt 0.217766 0.502286
vt 0.202582 0.459495
vt 0.227789 0.433596
vt 0.229161 0.435787
vt 0.215836 0.497258
vt 0.229185 0.433777
vt 0.216108 0.504933
vt 0.205964 0.461007
vt 0.216096 0.502345
vt 0.205613 0.468110
vt 0.228931 0.437266
vt 0.205141 0.465383
vt 0.215007 0.444352
vt 0.205868 0.446117
vt 0.215834 0.462721
vt 0.215199 0.462560
vt 0.228737 0.418079
vt 0.214518 0.462946
vt 0.229132 0.410315
vt 0.229153 0.437448
vt 0.205120 0.468739
vt 0.215199 0.506744
vt 0.229388 0.413225
vt 0.205755 0.410029
vt 0.214514 0.446906
vt 0.208176 0.465552
vt 0.218008 0.502598
vt 0.202564 0.465511
vt 0.212456 0.498983
vt 0.229145 0.434179
vt 0.228959 0.409656
vt 0.215025 0.490146
vt 0.205121 0.468242
vt 0.215431 0.505762
vt 0.205791 0.464667
vt 0.229217 0.434007
vt 0.214768 0.501615
vt 0.205750 0.461081
vt 0.205118 0.468793
vt 0.229252 0.437287
vt 0.228851 0.435619
vt 0.215615 0.501728
vt 0.228931 0.435843
vt 0.215199 0.482852
vt 0.825205 0.684074
vt 0.593241 0.691029
vt 0.087537 0.829967
vt 0.085605 0.865900
vt 0.577345 0.950171
vt 0.576021 0.809221
vt 0.698323 0.426029
vt 0.699650 0.424120
vt 0.715455 0.410363
vt 0.714953 0.415565
vt 0.715254 0.412434
vt 0.715333 0.588816
vt 0.715635 0.591946
vt 0.715836 0.592741
vt 0.738063 0.475719
vt 0.738103 0.476135
vt 0.739009 0.467165
vt 0.715635 0.590670
s 0
usemtl Texture_Map
f 51/1/1 4/2/1 61/3/1
f 61/4/2 8/5/2 63/6/2
f 150/7/3 24/8/3 6/9/3
f 25/10/4 6/11/4 24/12/4
f 21/13/5 14/14/5 19/15/5
f 1/16/6 361/17/6 59/18/6
f 6/19/7 59/20/7 62/21/7
f 19/15/8 360/22/8 365/23/8
f 27/24/9 16/25/9 21/26/9
f 13/27/10 20/28/10 18/29/10
f 17/30/11 18/29/11 22/31/11
f 170/32/12 18/29/12 165/33/12
f 165/34/13 20/35/13 167/36/13
f 27/37/14 168/38/14 171/39/14
f 19/40/15 169/41/15 166/42/15
f 21/26/16 166/43/16 168/44/16
f 20/45/17 171/46/17 167/47/17
f 20/35/18 56/48/18 27/37/18
f 4/49/19 196/50/19 25/10/19
f 4/2/20 24/51/20 8/52/20
f 15/53/21 152/54/21 56/48/21
f 51/55/22 31/56/22 10/57/22
f 49/58/23 35/59/23 31/56/23
f 33/60/24 46/61/24 106/62/24
f 43/63/25 37/64/25 39/65/25
f 362/66/26 28/67/26 145/68/26
f 145/68/27 33/60/27 147/69/27
f 41/70/28 156/71/28 37/72/28
f 48/73/29 39/74/29 105/75/29
f 42/76/30 36/77/30 40/78/30
f 40/79/31 17/80/31 22/81/31
f 170/82/32 40/79/32 22/81/32
f 172/83/33 42/84/33 40/79/33
f 175/85/34 48/86/34 176/87/34
f 177/88/35 41/89/35 173/90/35
f 173/91/36 43/92/36 175/93/36
f 176/94/37 42/95/37 174/96/37
f 42/84/38 105/97/38 99/98/38
f 31/99/39 46/100/39 199/101/39
f 106/62/40 31/102/40 35/103/40
f 89/104/41 53/105/41 58/106/41
f 65/107/42 72/108/42 54/109/42
f 57/110/43 70/111/43 55/112/43
f 79/113/44 52/114/44 64/115/44
f 16/116/45 59/117/45 14/14/45
f 8/52/46 153/118/46 63/119/46
f 17/120/47 49/121/47 51/122/47
f 36/123/48 146/124/48 49/58/48
f 154/125/49 52/114/49 150/126/49
f 152/54/50 55/127/50 149/128/50
f 153/118/51 54/129/51 148/130/51
f 58/106/52 50/131/52 151/132/52
f 52/114/53 151/132/53 150/126/53
f 148/130/54 57/110/54 152/133/54
f 156/134/55 145/68/55 37/135/55
f 72/136/56 57/110/56 54/129/56
f 66/137/57 58/106/57 52/114/57
f 50/138/58 65/139/58 153/118/58
f 55/112/59 154/140/59 149/141/59
f 39/74/27 145/142/27 147/143/27
f 70/144/60 64/115/60 55/127/60
f 53/145/61 60/146/61 65/147/61
f 90/148/62 84/149/62 96/150/62
f 78/151/63 85/152/63 88/153/63
f 95/154/64 71/155/64 86/156/64
f 87/157/65 67/158/65 83/159/65
f 81/160/66 66/161/66 79/162/66
f 93/163/67 70/111/67 91/164/67
f 82/165/68 72/108/68 60/166/68
f 94/167/69 68/168/69 89/104/69
f 75/169/70 60/170/70 68/171/70
f 77/172/71 79/162/71 70/111/71
f 71/173/72 87/157/72 86/174/72
f 84/149/73 78/175/73 88/176/73
f 84/177/74 82/178/74 75/179/74
f 86/180/75 81/181/75 77/182/75
f 81/160/76 83/159/76 74/183/76
f 95/184/77 77/172/77 93/163/77
f 88/176/78 76/185/78 82/186/78
f 94/187/79 84/177/79 75/179/79
f 74/188/80 96/189/80 94/167/80
f 85/190/81 93/191/81 76/192/81
f 74/183/82 89/193/82 66/161/82
f 76/194/83 91/195/83 72/196/83
f 85/190/84 92/197/84 95/198/84
f 83/199/85 90/200/85 96/189/85
f 102/201/86 137/202/86 108/203/86
f 113/204/87 120/205/87 109/206/87
f 107/207/88 118/208/88 139/209/88
f 101/210/89 127/211/89 112/212/89
f 38/213/90 101/210/90 112/212/90
f 100/214/91 104/215/91 107/216/91
f 45/217/92 103/218/92 113/219/92
f 98/220/93 108/221/93 110/222/93
f 47/223/94 108/203/94 101/210/94
f 111/224/95 107/225/95 103/226/95
f 103/226/96 139/227/96 120/228/96
f 108/221/97 114/229/97 101/230/97
f 45/231/98 102/232/98 98/233/98
f 97/234/99 112/235/99 104/236/99
f 112/237/100 118/238/100 104/215/100
f 102/239/101 109/240/101 116/241/101
f 132/242/102 138/243/102 144/244/102
f 133/245/103 126/246/103 136/247/103
f 143/248/104 119/249/104 140/250/104
f 131/251/105 128/252/105 135/253/105
f 114/229/106 129/254/106 127/255/106
f 118/238/107 141/256/107 139/257/107
f 120/228/108 130/258/108 109/259/108
f 116/260/109 142/261/109 137/202/109
f 109/240/110 123/262/110 116/241/110
f 127/263/111 125/264/111 118/208/111
f 135/265/112 119/266/112 134/267/112
f 136/247/113 117/268/113 132/269/113
f 123/270/114 136/247/114 132/269/114
f 125/271/115 135/253/115 134/272/115
f 129/254/116 131/251/116 135/253/116
f 125/273/117 143/274/117 141/275/117
f 124/276/118 136/247/118 130/277/118
f 142/278/119 132/269/119 144/279/119
f 122/280/120 144/244/120 131/251/120
f 141/256/121 133/281/121 124/282/121
f 137/283/122 122/280/122 114/229/122
f 139/257/123 124/282/123 120/284/123
f 133/245/124 140/285/124 121/286/124
f 144/279/125 115/287/125 131/288/125
f 59/18/126 360/289/126 14/290/126
f 149/291/127 62/292/127 16/293/127
f 13/294/128 63/295/128 15/296/128
f 17/80/129 61/4/129 13/297/129
f 151/132/130 8/5/130 24/12/130
f 63/6/131 148/298/131 15/53/131
f 56/48/132 149/128/132 16/116/132
f 154/125/133 6/11/133 62/299/133
f 147/69/134 97/300/134 39/301/134
f 35/103/135 45/217/135 98/220/135
f 99/302/136 100/303/136 111/304/136
f 106/305/137 47/223/137 33/306/137
f 35/307/138 110/308/138 106/309/138
f 146/310/139 111/304/139 45/231/139
f 105/311/140 97/300/140 100/214/140
f 33/306/141 38/213/141 147/312/141
f 169/313/142 161/314/142 178/315/142
f 333/316/143 313/317/143 318/318/143
f 195/319/144 160/320/144 361/321/144
f 368/322/145 164/323/145 156/134/145
f 365/23/146 158/324/146 161/314/146
f 12/325/147 163/326/147 200/327/147
f 362/328/148 164/329/148 163/330/148
f 11/331/149 194/332/149 192/333/149
f 361/17/150 158/334/150 360/289/150
f 192/335/151 179/336/151 177/337/151
f 191/338/152 174/339/152 189/340/152
f 188/341/153 175/342/153 190/343/153
f 192/335/154 173/91/154 188/344/154
f 190/345/155 176/94/155 191/346/155
f 187/347/156 174/348/156 172/83/156
f 187/347/157 170/82/157 185/349/157
f 167/350/158 186/351/158 182/352/158
f 168/38/159 181/353/159 183/354/159
f 166/355/160 184/356/160 181/353/160
f 171/357/161 183/358/161 186/359/161
f 180/360/162 167/36/162 182/361/162
f 9/362/163 180/360/163 2/363/163
f 180/364/164 7/365/164 2/366/164
f 23/367/165 183/368/165 5/369/165
f 181/370/166 155/371/166 3/372/166
f 183/368/167 3/372/167 5/369/167
f 182/361/168 23/373/168 7/374/168
f 9/375/169 187/376/169 185/377/169
f 29/378/170 189/340/170 187/376/170
f 44/379/171 190/380/171 191/338/171
f 30/381/172 192/333/172 188/341/172
f 32/382/173 188/341/173 190/343/173
f 44/383/174 189/384/174 34/385/174
f 155/371/175 193/386/175 162/387/175
f 177/388/176 159/389/176 368/322/176
f 178/390/177 184/391/177 169/41/177
f 25/10/178 195/392/178 1/393/178
f 196/394/179 197/395/179 195/319/179
f 46/100/180 12/396/180 199/101/180
f 199/397/181 200/398/181 201/399/181
f 26/400/39 31/56/39 199/397/39
f 4/401/182 26/402/182 196/403/182
f 251/404/183 205/405/183 211/406/183
f 255/407/184 209/408/184 205/405/184
f 227/409/185 295/410/185 207/411/185
f 207/411/186 228/412/186 227/409/186
f 223/413/187 215/414/187 217/415/187
f 252/416/188 202/417/188 254/418/188
f 254/419/189 207/411/189 256/420/189
f 221/421/190 218/422/190 215/414/190
f 230/423/191 217/424/191 253/425/191
f 222/426/192 214/427/192 220/428/192
f 220/428/193 219/429/193 225/430/193
f 318/431/194 220/432/194 225/433/194
f 313/434/195 222/435/195 220/436/195
f 316/437/196 230/438/196 319/439/196
f 317/440/197 221/421/197 314/441/197
f 314/442/198 223/443/198 316/444/198
f 319/439/199 222/435/199 315/445/199
f 222/435/200 253/446/200 216/447/200
f 205/405/201 228/448/201 344/449/201
f 227/409/202 205/450/202 209/451/202
f 216/447/203 296/452/203 293/453/203
f 251/454/204 234/455/204 249/456/204
f 249/457/205 238/458/205 290/459/205
f 292/460/206 236/461/206 291/462/206
f 247/463/207 236/464/207 276/465/207
f 245/466/208 240/467/208 243/468/208
f 231/469/209 301/470/209 289/471/209
f 236/461/210 289/472/210 291/462/210
f 243/473/211 302/474/211 224/475/211
f 248/476/212 241/477/212 245/466/212
f 239/478/213 244/479/213 242/480/213
f 219/481/214 242/480/214 225/482/214
f 318/483/215 242/480/215 320/484/215
f 320/485/216 244/486/216 322/487/216
f 248/488/217 323/489/217 324/490/217
f 243/468/218 325/491/218 321/492/218
f 245/493/219 321/494/219 323/495/219
f 244/486/220 324/496/220 322/487/220
f 244/497/221 275/498/221 248/499/221
f 234/500/222 348/501/222 247/463/222
f 234/455/223 276/502/223 238/503/223
f 290/504/224 276/502/224 292/460/224
f 217/415/225 254/419/225 256/420/225
f 209/451/226 297/505/226 250/506/226
f 219/429/227 249/507/227 239/508/227
f 239/508/228 290/509/228 274/510/228
f 275/511/229 291/462/229 241/512/229
f 289/472/230 302/474/230 240/513/230
f 241/514/231 289/471/231 240/515/231
f 274/516/232 292/460/232 275/511/232
f 352/517/233 270/518/233 358/519/233
f 353/520/234 262/521/234 356/522/234
f 357/523/235 260/524/235 271/525/235
f 355/526/236 258/527/236 263/528/236
f 355/529/237 260/530/237 354/531/237
f 352/517/238 262/532/238 259/533/238
f 353/534/239 271/525/239 261/535/239
f 351/536/240 270/537/240 258/538/240
f 285/539/241 272/540/241 359/541/241
f 281/542/242 269/543/242 266/544/242
f 265/545/243 279/546/243 268/547/243
f 282/548/244 273/549/244 267/550/244
f 279/546/245 267/550/245 268/547/245
f 278/551/246 266/552/246 272/540/246
f 269/543/247 286/553/247 265/554/247
f 277/555/248 359/541/248 273/549/248
f 218/422/249 254/419/249 215/414/249
f 256/420/250 294/556/250 217/415/250
f 214/557/251 257/558/251 255/559/251
f 219/481/252 255/560/252 251/454/252
f 209/561/253 284/562/253 227/563/253
f 257/564/254 293/565/254 297/566/254
f 253/567/255 294/568/255 296/569/255
f 207/411/256 288/570/256 256/420/256
f 297/505/257 284/571/257 50/138/257
f 287/572/258 295/410/258 284/571/258
f 287/573/259 293/574/259 296/575/259
f 296/452/260 288/570/260 287/572/260
f 317/440/261 309/576/261 299/577/261
f 178/315/262 341/578/262 193/579/262
f 307/580/263 298/581/263 252/416/263
f 312/582/264 224/475/264 302/474/264
f 299/583/265 305/584/265 218/585/265
f 213/586/266 311/587/266 301/588/266
f 301/589/267 312/590/267 302/591/267
f 342/592/268 212/593/268 340/594/268
f 305/595/269 252/596/269 218/597/269
f 327/598/270 340/599/270 325/600/270
f 322/487/271 339/601/271 337/602/271
f 323/603/272 336/604/272 338/605/272
f 321/606/273 340/599/273 336/607/273
f 324/496/274 338/605/274 339/601/274
f 335/608/275 322/487/275 337/602/275
f 318/483/276 335/609/276 333/610/276
f 334/611/277 315/445/277 330/612/277
f 329/613/278 316/437/278 331/614/278
f 332/615/279 314/441/279 329/613/279
f 331/616/280 319/617/280 334/618/280
f 328/619/281 315/620/281 313/621/281
f 210/622/282 328/623/282 333/610/282
f 208/624/283 328/623/283 203/625/283
f 226/626/284 331/616/284 334/618/284
f 300/627/285 329/613/285 204/628/285
f 204/628/286 331/614/286 206/629/286
f 226/630/287 330/631/287 208/632/287
f 210/633/288 335/634/288 232/635/288
f 232/636/289 337/637/289 237/638/289
f 246/639/290 338/640/290 235/641/290
f 233/642/291 340/643/291 212/644/291
f 235/641/292 336/607/292 233/645/292
f 337/646/293 246/647/293 237/648/293
f 300/627/294 341/649/294 332/615/294
f 306/650/295 325/600/295 224/475/295
f 326/651/296 332/615/296 341/649/296
f 343/652/297 228/653/297 202/654/297
f 345/655/298 344/656/298 343/657/298
f 247/658/299 347/659/299 231/660/299
f 348/661/300 349/662/300 347/659/300
f 234/500/301 229/663/301 348/501/301
f 229/664/302 205/450/302 344/656/302
f 2/366/303 208/624/303 203/625/303
f 3/372/304 300/627/304 204/628/304
f 23/367/305 208/624/305 7/365/305
f 3/665/306 206/666/306 5/667/306
f 9/375/307 203/625/307 210/622/307
f 1/16/308 298/668/308 195/669/308
f 23/373/309 206/666/309 226/626/309
f 29/378/310 237/638/310 34/670/310
f 30/671/311 212/672/311 11/673/311
f 44/383/312 237/648/312 246/647/312
f 30/674/313 235/675/313 233/676/313
f 9/677/314 232/635/314 29/678/314
f 28/679/315 213/680/315 231/469/315
f 44/379/316 235/641/316 32/681/316
f 90/200/317 259/682/317 69/683/317
f 73/684/318 262/521/318 261/685/318
f 71/173/319 271/525/319 260/524/319
f 80/686/320 258/527/320 67/158/320
f 78/151/321 259/687/321 262/521/321
f 80/688/322 260/689/322 263/690/322
f 90/148/323 258/527/323 270/518/323
f 73/691/324 271/525/324 92/692/324
f 138/693/325 278/694/325 285/695/325
f 126/696/326 280/697/326 281/698/326
f 119/699/327 286/700/327 140/285/327
f 128/701/328 277/702/328 282/703/328
f 126/696/329 278/551/329 117/704/329
f 128/252/330 279/546/330 119/249/330
f 138/693/331 277/702/331 115/705/331
f 140/250/332 280/697/332 121/706/332
f 193/579/333 310/707/333 162/708/333
f 163/330/334 312/709/334 311/710/334
f 158/711/335 309/576/335 161/712/335
f 197/395/336 307/713/336 160/320/336
f 200/714/337 311/710/337 304/715/337
f 157/716/338 342/717/338 194/718/338
f 159/719/339 312/709/339 164/329/339
f 158/334/340 307/720/340 305/595/340
f 178/315/341 309/721/341 326/722/341
f 179/723/342 306/650/342 159/389/342
f 179/336/343 342/592/343 327/724/343
f 200/398/344 213/725/344 12/726/344
f 157/727/345 212/644/345 303/728/345
f 162/387/346 300/627/346 155/371/346
f 197/395/347 298/729/347 308/730/347
f 1/731/348 343/657/348 202/732/348
f 197/733/349 346/734/349 345/735/349
f 197/395/350 343/657/350 195/319/350
f 198/736/351 344/449/351 346/737/351
f 28/67/352 347/738/352 12/325/352
f 201/739/353 349/740/353 350/741/353
f 201/739/354 348/742/354 199/743/354
f 200/714/355 347/744/355 349/745/355
f 199/397/356 229/746/356 26/400/356
f 196/403/357 229/663/357 344/747/357
f 264/748/358 358/749/358 351/750/358
f 264/751/359 357/523/359 353/534/359
f 264/748/360 356/752/360 352/753/360
f 264/751/361 355/526/361 354/754/361
f 264/751/362 351/755/362 355/526/362
f 264/756/363 354/757/363 357/758/363
f 264/756/364 353/520/364 356/522/364
f 264/751/365 352/517/365 358/519/365
f 283/759/366 273/549/366 359/541/366
f 283/760/367 269/761/367 265/762/367
f 283/760/368 272/763/368 266/764/368
f 283/760/369 268/765/369 267/766/369
f 283/767/370 267/768/370 273/769/370
f 283/767/371 265/554/371 268/770/371
f 283/759/372 266/552/372 269/771/372
f 283/767/373 359/772/373 272/773/373
f 366/774/374 361/775/374 195/392/374
f 364/776/375 360/777/375 361/321/375
f 360/289/376 363/778/376 365/779/376
f 368/322/377 370/780/377 156/134/377
f 362/328/378 367/781/378 12/396/378
f 156/782/379 369/783/379 362/784/379
f 376/785/380 380/786/380 377/787/380
f 373/788/381 379/789/381 376/790/381
f 373/791/382 374/792/382 378/793/382
f 384/794/383 372/795/383 382/796/383
f 371/797/384 383/798/384 381/799/384
f 372/800/385 381/799/385 382/801/385
f 370/802/386 384/794/386 382/796/386
f 364/776/387 380/786/387 379/803/387
f 360/289/388 374/804/388 373/805/388
f 195/392/389 380/806/389 366/774/389
f 12/396/390 371/807/390 362/328/390
f 156/782/391 384/808/391 368/809/391
f 361/321/392 373/791/392 376/785/392
f 12/396/393 383/810/393 375/811/393
f 195/392/394 376/790/394 377/812/394
f 370/813/395 381/799/395 369/783/395
f 363/814/396 374/815/396 365/23/396
f 369/816/397 383/817/397 367/818/397
f 363/778/398 379/819/398 378/820/398
f 362/66/399 372/821/399 156/134/399
f 185/822/400 165/823/400 180/824/400
f 388/825/401 387/826/401 389/827/401
f 390/828/402 389/827/402 391/829/402
f 385/830/403 391/829/403 386/831/403
f 393/832/404 387/826/404 349/833/404
f 394/834/405 389/827/405 393/832/405
f 392/835/406 391/829/406 394/834/406
f 386/831/407 397/836/407 396/837/407
f 386/831/408 395/838/408 385/830/408
f 410/839/409 402/840/409 399/841/409
f 406/842/410 418/843/410 404/844/410
f 418/843/411 408/845/411 404/844/411
f 403/846/412 419/847/412 405/848/412
f 409/849/413 400/850/413 398/851/413
f 400/850/414 417/852/414 403/846/414
f 405/848/415 420/853/415 406/842/415
f 349/833/416 405/848/416 393/832/416
f 404/844/417 397/836/417 392/835/417
f 394/834/418 404/844/418 392/835/418
f 399/841/419 390/828/419 385/830/419
f 402/840/420 388/825/420 390/828/420
f 395/838/421 399/841/421 385/830/421
f 401/854/422 345/855/422 388/825/422
f 393/832/423 406/842/423 394/834/423
f 400/850/424 349/833/424 387/826/424
f 345/855/425 400/850/425 387/826/425
f 414/856/426 409/849/426 413/857/426
f 415/858/427 414/856/427 413/857/427
f 410/839/428 416/859/428 415/858/428
f 417/852/429 414/856/429 419/847/429
f 420/853/430 414/856/430 416/859/430
f 418/843/431 416/859/431 411/860/431
f 411/860/432 423/861/432 418/843/432
f 421/862/433 411/860/433 410/839/433
f 415/858/434 401/854/434 402/840/434
f 407/863/435 410/839/435 399/841/435
f 413/857/436 398/851/436 401/854/436
f 461/864/437 443/865/437 456/866/437
f 461/864/438 447/867/438 446/868/438
f 429/869/439 431/870/439 430/871/439
f 457/872/440 443/865/440 444/873/440
f 459/874/441 447/867/441 464/875/441
f 454/876/442 440/877/442 450/878/442
f 421/862/443 460/879/443 463/880/443
f 457/872/444 442/881/444 454/876/444
f 451/882/445 445/883/445 459/874/445
f 438/884/446 439/885/446 448/886/446
f 422/887/447 463/880/447 462/888/447
f 397/836/448 458/889/448 453/890/448
f 396/837/449 453/890/449 449/891/449
f 422/887/450 455/892/450 423/861/450
f 395/838/451 460/879/451 407/863/451
f 423/861/452 458/889/452 408/845/452
f 396/837/453 452/893/453 395/838/453
f 433/894/454 440/877/454 432/895/454
f 434/896/455 440/877/455 442/881/455
f 435/897/456 444/873/456 443/865/456
f 434/896/457 444/873/457 436/898/457
f 437/899/458 441/900/458 433/894/458
f 439/885/459 446/868/459 447/867/459
f 435/897/460 446/868/460 438/884/460
f 439/885/461 445/883/461 437/899/461
f 434/896/462 436/898/462 448/886/462
f 432/895/463 434/896/463 448/886/463
f 435/897/464 438/884/464 448/886/464
f 437/899/465 433/894/465 448/886/465
f 436/898/466 435/897/466 448/886/466
f 433/894/467 432/895/467 448/886/467
f 439/885/468 437/899/468 448/886/468
f 456/901/469 465/902/469 424/903/469
f 460/904/470 428/905/470 468/906/470
f 464/907/471 467/908/471 459/909/471
f 455/910/472 470/911/472 425/912/472
f 454/913/473 430/871/473 426/914/473
f 459/909/474 429/869/474 451/915/474
f 456/901/475 469/916/475 461/917/475
f 457/918/476 426/914/476 465/902/476
f 451/882/477 440/877/477 441/900/477
f 431/870/478 426/914/478 430/871/478
f 465/902/479 425/912/479 424/903/479
f 427/919/480 465/902/480 426/914/480
f 467/908/481 428/905/481 429/869/481
f 470/911/482 472/920/482 469/916/482
f 424/903/483 470/911/483 469/916/483
f 467/908/484 471/921/484 468/906/484
f 460/904/485 471/921/485 463/922/485
f 451/915/486 430/871/486 450/923/486
f 463/922/487 470/911/487 462/924/487
f 458/925/488 425/912/488 466/926/488
f 452/927/489 431/870/489 428/905/489
f 458/925/490 427/919/490 453/928/490
f 453/928/491 431/870/491 449/929/491
f 464/907/492 469/916/492 472/920/492
f 481/930/493 480/931/493 473/932/493
f 482/933/494 473/932/494 474/934/494
f 483/935/495 474/934/495 475/936/495
f 484/937/496 475/936/496 476/938/496
f 477/939/497 484/937/497 476/938/497
f 478/940/498 485/941/498 477/939/498
f 479/942/499 486/943/499 478/940/499
f 480/931/500 487/944/500 479/942/500
f 489/945/501 488/946/501 481/930/501
f 490/947/502 481/930/502 482/933/502
f 491/948/503 482/933/503 483/935/503
f 484/937/504 491/948/504 483/935/504
f 485/941/505 492/949/505 484/937/505
f 486/943/506 493/950/506 485/941/506
f 487/944/507 494/951/507 486/943/507
f 496/952/508 487/944/508 488/946/508
f 489/945/509 504/953/509 496/952/509
f 490/947/510 497/954/510 489/945/510
f 491/948/511 498/955/511 490/947/511
f 492/949/512 499/956/512 491/948/512
f 501/957/513 492/949/513 493/950/513
f 502/958/514 493/950/514 494/951/514
f 503/959/515 494/951/515 495/960/515
f 504/953/516 495/960/516 496/952/516
f 497/954/517 512/961/517 504/953/517
f 506/962/518 497/954/518 498/955/518
f 507/963/519 498/955/519 499/956/519
f 508/964/520 499/956/520 500/965/520
f 509/966/521 500/965/521 501/957/521
f 502/958/522 509/966/522 501/957/522
f 503/959/523 510/967/523 502/958/523
f 504/953/524 511/968/524 503/959/524
f 513/969/525 512/961/525 505/970/525
f 514/971/526 505/970/526 506/962/526
f 515/972/527 506/962/527 507/963/527
f 516/973/528 507/963/528 508/964/528
f 509/966/529 516/973/529 508/964/529
f 510/967/530 517/974/530 509/966/530
f 511/968/531 518/975/531 510/967/531
f 512/961/532 519/976/532 511/968/532
f 521/977/533 520/978/533 513/969/533
f 522/979/534 513/969/534 514/971/534
f 515/972/535 522/979/535 514/971/535
f 516/973/536 523/980/536 515/972/536
f 517/974/537 524/981/537 516/973/537
f 518/975/538 525/982/538 517/974/538
f 527/983/539 518/975/539 519/976/539
f 528/984/540 519/976/540 520/978/540
f 521/977/541 536/985/541 528/984/541
f 522/979/542 529/986/542 521/977/542
f 523/980/543 530/987/543 522/979/543
f 524/981/544 531/988/544 523/980/544
f 533/989/545 524/981/545 525/982/545
f 534/990/546 525/982/546 526/991/546
f 535/992/547 526/991/547 527/983/547
f 536/985/548 527/983/548 528/984/548
f 529/986/549 480/931/549 536/985/549
f 474/934/550 529/986/550 530/987/550
f 475/936/551 530/987/551 531/988/551
f 476/938/552 531/988/552 532/993/552
f 477/939/553 532/993/553 533/989/553
f 534/990/554 477/939/554 533/989/554
f 535/992/555 478/940/555 534/990/555
f 536/985/556 479/942/556 535/992/556
f 565/994/557 619/995/557 618/996/557
f 559/997/558 616/998/558 615/999/558
f 573/1000/559 612/996/559 622/995/559
f 569/1001/560 619/995/560 567/1002/560
f 561/1003/561 617/1004/561 616/998/561
f 557/1005/562 613/998/562 555/1006/562
f 571/1007/563 620/1008/563 569/1001/563
f 563/1009/564 618/996/564 617/1004/564
f 559/997/565 614/999/565 557/1005/565
f 571/1007/566 622/995/566 621/1008/566
f 538/1010/567 551/1011/567 537/1012/567
f 555/1006/568 611/1004/568 553/1013/568
f 542/1014/569 558/1015/569 541/1016/569
f 538/1010/570 554/1017/570 552/1018/570
f 546/1019/571 566/1020/571 545/1021/571
f 543/1022/572 560/1023/572 542/1014/572
f 539/1014/573 556/1015/573 554/1017/573
f 547/1019/574 568/1024/574 546/1019/574
f 543/1022/575 564/1025/575 562/1018/575
f 540/1016/576 558/1015/576 556/1015/576
f 548/1026/577 570/1027/577 547/1019/577
f 548/1026/578 551/1011/578 572/1028/578
f 572/1029/579 607/1030/579 570/1031/579
f 562/1032/580 597/1033/580 560/1034/580
f 552/1032/579 590/1035/579 551/1036/579
f 573/1037/581 608/1038/581 610/1039/581
f 561/1040/582 600/1041/582 563/1042/582
f 564/1043/583 603/1044/583 601/1045/583
f 556/1046/579 591/1047/579 554/1048/579
f 553/1049/584 589/1050/584 588/1051/584
f 567/1052/585 602/1053/585 604/1054/585
f 557/1055/586 592/1056/586 594/1057/586
f 570/1031/587 605/1058/587 568/1059/587
f 558/1046/588 597/1033/588 595/1060/588
f 553/1013/589 612/996/589 550/1061/589
f 545/1021/590 564/1025/590 544/1062/590
f 546/1019/591 584/1063/591 547/1019/591
f 544/1062/592 580/1064/592 581/1065/592
f 541/1016/593 577/1066/593 578/1066/593
f 547/1019/594 585/1067/594 548/1026/594
f 537/1012/595 575/1068/595 538/1010/595
f 545/1021/596 581/1065/596 582/1069/596
f 542/1014/597 578/1066/597 579/1070/597
f 548/1026/598 574/1071/598 537/1012/598
f 538/1010/599 576/1070/599 539/1014/599
f 546/1019/600 582/1069/600 583/1063/600
f 543/1022/601 579/1070/601 580/1064/601
f 540/1016/602 576/1070/602 577/1066/602
f 584/1063/603 583/1063/603 586/1072/603
f 581/1065/604 580/1064/604 586/1072/604
f 578/1066/605 577/1066/605 586/1072/605
f 585/1067/606 584/1063/606 586/1072/606
f 575/1068/607 574/1071/607 586/1072/607
f 582/1069/608 581/1065/608 586/1072/608
f 579/1070/609 578/1066/609 586/1072/609
f 574/1071/610 585/1067/610 586/1072/610
f 576/1070/611 575/1068/611 586/1072/611
f 583/1063/612 582/1069/612 586/1072/612
f 580/1064/613 579/1070/613 586/1072/613
f 577/1066/614 576/1070/614 586/1072/614
f 589/1050/615 587/1073/615 588/1051/615
f 588/1051/616 591/1047/616 592/1056/616
f 594/1057/617 591/1047/617 593/1060/617
f 594/1057/618 595/1060/618 596/1074/618
f 596/1074/619 597/1033/619 598/1075/619
f 600/1041/620 597/1033/620 599/1073/620
f 602/1053/621 599/1073/621 601/1045/621
f 604/1054/622 601/1045/622 603/1044/622
f 604/1054/623 605/1058/623 606/1076/623
f 606/1076/624 607/1030/624 608/1038/624
f 610/1039/625 607/1030/625 609/1077/625
f 589/1050/626 609/1077/626 590/1035/626
f 557/1055/627 596/1074/627 559/1078/627
f 567/1052/628 606/1076/628 569/1079/628
f 550/1080/629 610/1039/629 589/1050/629
f 556/1046/579 595/1060/579 593/1060/579
f 568/1059/630 603/1044/630 566/1081/630
f 555/1082/631 588/1051/631 592/1056/631
f 563/1042/632 602/1053/632 565/1083/632
f 551/1036/579 609/1077/579 572/1029/579
f 554/1048/633 587/1073/633 552/1032/633
f 562/1032/634 601/1045/634 599/1073/634
f 561/1040/635 596/1074/635 598/1075/635
f 571/1084/636 606/1076/636 608/1038/636
f 549/1085/637 612/996/637 611/1004/637
f 549/1085/638 611/1004/638 613/998/638
f 549/1085/639 613/998/639 614/999/639
f 549/1085/640 614/999/640 615/999/640
f 549/1085/641 615/999/641 616/998/641
f 549/1085/642 616/998/642 617/1004/642
f 549/1085/643 617/1004/643 618/996/643
f 549/1085/644 618/996/644 619/995/644
f 549/1085/645 619/995/645 620/1008/645
f 549/1085/646 620/1008/646 621/1008/646
f 549/1085/647 621/1008/647 622/995/647
f 549/1085/648 622/995/648 612/996/648
f 630/1086/649 624/1087/649 629/1088/649
f 626/1089/650 624/1087/650 623/1090/650
f 630/1086/651 626/1089/651 623/1090/651
f 628/1091/652 624/1087/652 625/1092/652
f 628/1093/653 626/1089/653 627/1094/653
f 635/1095/654 652/1096/654 651/1097/654
f 633/1098/655 650/1099/655 649/1100/655
f 631/1101/656 647/1102/656 648/1103/656
f 631/1101/657 654/1104/657 638/1105/657
f 636/1106/658 653/1107/658 652/1096/658
f 635/1095/659 650/1099/659 634/1108/659
f 633/1098/660 647/1102/660 632/1109/660
f 638/1105/661 653/1107/661 637/1110/661
f 642/1111/662 657/1112/662 641/1113/662
f 640/1114/663 648/1103/663 647/1102/663
f 640/1114/664 649/1100/664 641/1113/664
f 642/1111/665 649/1100/665 650/1099/665
f 642/1111/666 651/1097/666 643/1115/666
f 644/1116/667 651/1097/667 652/1096/667
f 644/1116/664 653/1107/664 645/1117/664
f 646/1118/668 653/1107/668 654/1104/668
f 646/1118/669 648/1103/669 639/1119/669
f 659/1120/670 661/1121/670 656/1122/670
f 640/1114/671 656/1122/671 639/1119/671
f 646/1118/672 656/1122/672 662/1123/672
f 645/1117/673 660/1124/673 644/1116/673
f 642/1111/674 659/1120/674 658/1125/674
f 640/1114/675 657/1112/675 655/1126/675
f 645/1117/676 662/1123/676 661/1121/676
f 644/1116/677 659/1120/677 643/1115/677
f 667/1127/678 684/1128/678 668/1129/678
f 665/1130/679 682/1131/679 666/1132/679
f 663/1133/680 679/1134/680 664/1135/680
f 686/1136/681 663/1133/681 670/1137/681
f 668/1129/682 685/1138/682 669/1139/682
f 682/1131/683 667/1127/683 666/1132/683
f 679/1134/684 665/1130/684 664/1135/684
f 685/1138/685 670/1137/685 669/1139/685
f 689/1140/686 674/1141/686 673/1142/686
f 672/1143/687 680/1144/687 671/1145/687
f 681/1146/688 672/1143/688 673/1142/688
f 674/1141/689 681/1146/689 673/1142/689
f 683/1147/690 674/1141/690 675/1148/690
f 676/1149/691 683/1147/691 675/1148/691
f 685/1138/692 676/1149/692 677/1150/692
f 678/1151/693 685/1138/693 677/1150/693
f 680/1144/694 678/1151/694 671/1145/694
f 688/1152/695 693/1153/695 691/1154/695
f 688/1152/696 672/1143/696 671/1145/696
f 678/1151/697 688/1152/697 671/1145/697
f 692/1155/698 677/1150/698 676/1149/698
f 674/1141/699 691/1154/699 675/1148/699
f 672/1143/700 689/1140/700 673/1142/700
f 677/1150/701 694/1156/701 678/1151/701
f 691/1154/702 676/1149/702 675/1148/702
f 697/1157/703 707/1158/703 696/1159/703
f 709/1160/704 702/1161/704 710/1162/704
f 718/1163/705 700/1164/705 708/1165/705
f 713/1166/706 698/1167/706 747/1168/706
f 717/1169/707 699/1170/707 705/1171/707
f 719/1172/708 697/1157/708 711/1173/708
f 716/1174/709 708/1165/709 697/1157/709
f 700/1164/710 707/1158/710 708/1165/710
f 711/1173/711 696/1159/711 712/1175/711
f 695/1176/712 710/1162/712 698/1167/712
f 699/1170/713 712/1175/713 705/1171/713
f 714/1177/714 711/1173/714 699/1170/714
f 713/1166/715 701/1178/715 703/1179/715
f 701/1178/716 719/1172/716 714/1177/716
f 698/1167/717 718/1163/717 716/1174/717
f 747/1168/718 716/1174/718 719/1172/718
f 725/1180/719 722/1181/719 726/1182/719
f 710/1162/720 715/1183/720 718/1163/720
f 727/1184/721 723/1185/721 720/1186/721
f 725/1180/722 720/1186/722 721/1187/722
f 701/1178/723 727/1184/723 725/1180/723
f 717/1169/724 727/1184/724 714/1177/724
f 703/1179/725 725/1180/725 726/1182/725
f 728/1188/726 707/1158/726 734/1189/726
f 709/1160/727 733/1190/727 704/1191/727
f 741/1192/728 731/1193/728 739/1194/728
f 713/1166/729 729/1195/729 695/1176/729
f 717/1169/730 730/1196/730 738/1197/730
f 742/1198/731 728/1188/731 740/1199/731
f 740/1199/732 734/1189/732 741/1192/732
f 707/1158/733 731/1193/733 734/1189/733
f 737/1200/734 696/1159/734 728/1188/734
f 729/1195/735 709/1160/735 695/1176/735
f 730/1196/736 712/1175/736 737/1200/736
f 738/1197/737 737/1200/737 742/1198/737
f 732/1201/738 713/1166/738 703/1179/738
f 732/1201/739 742/1198/739 736/1202/739
f 729/1195/740 741/1192/740 735/1203/740
f 736/1202/741 740/1199/741 729/1195/741
f 722/1181/742 745/1204/742 726/1182/742
f 741/1192/743 733/1190/743 735/1203/743
f 746/1205/744 723/1185/744 724/1206/744
f 745/1204/745 743/1207/745 746/1205/745
f 732/1201/746 746/1205/746 738/1197/746
f 738/1197/747 724/1206/747 717/1169/747
f 703/1179/748 745/1204/748 732/1201/748
f 756/1208/749 755/1209/749 748/1210/749
f 757/1211/750 748/1210/750 749/1212/750
f 758/1213/751 749/1212/751 750/1214/751
f 759/1215/752 750/1214/752 751/1216/752
f 752/1217/753 759/1215/753 751/1216/753
f 753/1218/754 760/1219/754 752/1217/754
f 754/1220/755 761/1221/755 753/1218/755
f 755/1209/756 762/1222/756 754/1220/756
f 764/1223/757 763/1224/757 756/1208/757
f 757/1211/758 764/1223/758 756/1208/758
f 758/1213/759 765/1225/759 757/1211/759
f 759/1215/760 766/1226/760 758/1213/760
f 760/1219/761 767/1227/761 759/1215/761
f 769/1228/762 760/1219/762 761/1221/762
f 770/1229/763 761/1221/763 762/1222/763
f 771/1230/764 762/1222/764 763/1224/764
f 764/1223/765 779/1231/765 771/1230/765
f 765/1225/766 772/1232/766 764/1223/766
f 766/1226/767 773/1233/767 765/1225/767
f 775/1234/768 766/1226/768 767/1227/768
f 776/1235/769 767/1227/769 768/1236/769
f 777/1237/770 768/1236/770 769/1228/770
f 778/1238/771 769/1228/771 770/1229/771
f 771/1230/772 778/1238/772 770/1229/772
f 772/1232/773 787/1239/773 779/1231/773
f 773/1233/774 780/1240/774 772/1232/774
f 782/1241/775 773/1233/775 774/1242/775
f 783/1243/776 774/1242/776 775/1234/776
f 784/1244/777 775/1234/777 776/1235/777
f 785/1245/778 776/1235/778 777/1237/778
f 778/1238/779 785/1245/779 777/1237/779
f 779/1231/780 786/1246/780 778/1238/780
f 780/1240/781 795/1247/781 787/1239/781
f 789/1248/782 780/1240/782 781/1249/782
f 790/1250/783 781/1249/783 782/1241/783
f 791/1251/784 782/1241/784 783/1243/784
f 792/1252/785 783/1243/785 784/1244/785
f 785/1245/786 792/1252/786 784/1244/786
f 786/1246/787 793/1253/787 785/1245/787
f 787/1239/788 794/1254/788 786/1246/788
f 796/1255/789 795/1247/789 788/1256/789
f 797/1257/790 788/1256/790 789/1248/790
f 798/1258/791 789/1248/791 790/1250/791
f 799/1259/792 790/1250/792 791/1251/792
f 792/1252/793 799/1259/793 791/1251/793
f 793/1253/794 800/1260/794 792/1252/794
f 794/1254/795 801/1261/795 793/1253/795
f 803/1262/796 794/1254/796 795/1247/796
f 804/1263/797 803/1262/797 796/1255/797
f 797/1257/798 804/1263/798 796/1255/798
f 798/1258/799 805/1264/799 797/1257/799
f 799/1259/800 806/1265/800 798/1258/800
f 800/1260/801 807/1266/801 799/1259/801
f 809/1267/802 800/1260/802 801/1261/802
f 810/1268/803 801/1261/803 802/1269/803
f 811/1270/804 802/1269/804 803/1262/804
f 804/1263/805 755/1209/805 811/1270/805
f 805/1264/806 748/1210/806 804/1263/806
f 750/1214/807 805/1264/807 806/1265/807
f 751/1216/808 806/1265/808 807/1266/808
f 752/1217/809 807/1266/809 808/1271/809
f 753/1218/810 808/1271/810 809/1267/810
f 810/1268/811 753/1218/811 809/1267/811
f 811/1270/812 754/1220/812 810/1268/812
f 817/1272/813 815/1273/813 818/1274/813
f 815/1273/814 819/1275/814 818/1274/814
f 815/1273/815 813/1276/815 816/1277/815
f 817/1272/816 812/1278/816 819/1275/816
f 813/1276/817 819/1275/817 816/1277/817
f 818/1274/818 812/1278/818 814/1279/818
f 825/1280/819 823/1281/819 826/1282/819
f 823/1281/820 827/1283/820 826/1282/820
f 823/1281/821 821/1284/821 824/1285/821
f 825/1280/822 820/1286/822 827/1283/822
f 821/1284/823 827/1283/823 824/1285/823
f 826/1282/824 820/1286/824 822/1287/824
f 830/1288/825 851/1289/825 850/1290/825
f 834/1291/826 856/1292/826 857/1293/826
f 832/1294/827 834/1291/827 833/1295/827
f 832/1294/828 835/1296/828 845/1297/828
f 852/1298/829 835/1296/829 850/1290/829
f 840/1288/830 847/1299/830 839/1300/830
f 855/1301/831 844/1291/831 843/1295/831
f 844/1291/832 842/1294/832 843/1295/832
f 842/1294/579 846/1296/579 841/1302/579
f 846/1296/833 848/1303/833 840/1288/833
f 834/1291/834 845/1297/834 844/1291/834
f 836/1304/835 851/1289/835 847/1299/835
f 845/1297/836 835/1296/836 846/1296/836
f 835/1296/837 849/1305/837 846/1296/837
f 828/1306/838 855/1301/838 837/1306/838
f 838/1307/839 856/1292/839 854/1308/839
f 848/1303/840 849/1305/840 836/1304/840
f 847/1299/841 848/1303/841 836/1304/841
f 850/1290/842 851/1289/842 836/1304/842
f 847/1299/843 829/1300/843 839/1300/843
f 849/1305/837 853/1309/837 836/1304/837
f 853/1309/842 850/1290/842 836/1304/842
f 854/1308/844 834/1291/844 844/1291/844
f 854/1308/845 855/1301/845 838/1307/845
f 855/1301/846 857/1293/846 838/1307/846
f 857/1293/847 856/1292/847 838/1307/847
f 863/1310/848 861/1311/848 864/1312/848
f 861/1311/849 865/1313/849 864/1312/849
f 861/1311/821 859/1314/821 862/1315/821
f 863/1310/850 858/1316/850 865/1313/850
f 859/1314/851 865/1313/851 862/1315/851
f 864/1312/852 858/1316/852 860/1317/852
f 871/1318/853 869/1319/853 872/1320/853
f 869/1319/854 873/1321/854 872/1320/854
f 869/1319/855 867/1322/855 870/1323/855
f 871/1318/856 866/1324/856 873/1321/856
f 867/1322/857 873/1321/857 870/1323/857
f 872/1320/858 866/1324/858 868/1325/858
f 879/1326/859 877/1327/859 880/1328/859
f 877/1327/860 881/1329/860 880/1328/860
f 877/1327/861 875/1330/861 878/1331/861
f 879/1326/862 874/1332/862 881/1329/862
f 875/1330/863 881/1329/863 878/1331/863
f 880/1328/864 874/1332/864 876/1333/864
f 884/1334/865 905/1335/865 904/1336/865
f 888/1337/866 910/1338/866 911/1339/866
f 886/1340/867 888/1337/867 887/1341/867
f 886/1340/579 889/1342/579 899/1343/579
f 906/1344/868 889/1342/868 904/1336/868
f 894/1334/869 901/1345/869 893/1346/869
f 909/1347/870 898/1337/870 897/1341/870
f 898/1337/871 896/1340/871 897/1341/871
f 896/1340/872 900/1342/872 895/1348/872
f 900/1342/873 902/1349/873 894/1334/873
f 888/1337/874 899/1343/874 898/1337/874
f 890/1350/875 905/1335/875 901/1345/875
f 899/1343/876 889/1342/876 900/1342/876
f 889/1342/877 903/1351/877 900/1342/877
f 882/1352/878 909/1347/878 891/1352/878
f 892/1353/879 910/1338/879 908/1354/879
f 902/1349/880 903/1351/880 890/1350/880
f 901/1345/881 902/1349/881 890/1350/881
f 904/1336/882 905/1335/882 890/1350/882
f 901/1345/883 883/1346/883 893/1346/883
f 903/1351/877 907/1355/877 890/1350/877
f 907/1355/884 904/1336/884 890/1350/884
f 910/1338/885 898/1337/885 908/1354/885
f 908/1354/886 909/1347/886 892/1353/886
f 909/1347/887 911/1339/887 892/1353/887
f 911/1339/888 910/1338/888 892/1353/888
f 917/1356/889 915/1357/889 918/1358/889
f 915/1357/890 919/1359/890 918/1358/890
f 915/1357/891 913/1360/891 916/1361/891
f 917/1356/892 912/1362/892 919/1359/892
f 913/1360/893 919/1359/893 916/1361/893
f 918/1358/894 912/1362/894 914/1363/894
f 922/1364/895 943/1365/895 942/1366/895
f 926/1367/896 948/1368/896 949/1369/896
f 924/1364/897 926/1367/897 925/1364/897
f 924/1364/898 927/1370/898 937/1371/898
f 944/1372/899 927/1370/899 942/1366/899
f 932/1373/900 939/1374/900 931/1375/900
f 947/1376/901 936/1377/901 935/1378/901
f 936/1377/902 934/1378/902 935/1378/902
f 934/1378/903 938/1379/903 933/1378/903
f 938/1379/904 940/1380/904 932/1373/904
f 926/1367/905 937/1371/905 936/1377/905
f 928/1381/906 943/1365/906 939/1374/906
f 937/1371/907 927/1370/907 938/1379/907
f 927/1370/908 941/1382/908 938/1379/908
f 920/1364/909 947/1376/909 929/1383/909
f 930/1384/910 948/1368/910 946/1385/910
f 940/1380/911 941/1382/911 928/1381/911
f 939/1374/912 940/1380/912 928/1381/912
f 942/1366/913 943/1365/913 928/1381/913
f 943/1365/914 931/1375/914 939/1374/914
f 941/1382/915 945/1386/915 928/1381/915
f 945/1386/913 942/1366/913 928/1381/913
f 948/1368/916 936/1377/916 946/1385/916
f 946/1385/917 947/1376/917 930/1384/917
f 947/1376/918 949/1369/918 930/1384/918
f 949/1369/919 948/1368/919 930/1384/919
f 955/1387/920 953/1388/920 956/1389/920
f 953/1388/921 957/1390/921 956/1389/921
f 953/1388/922 951/1391/922 954/1392/922
f 955/1387/923 950/1393/923 957/1390/923
f 951/1391/924 957/1390/924 954/1392/924
f 956/1389/925 950/1393/925 952/1394/925
f 963/1387/926 961/1395/926 964/1396/926
f 961/1395/927 965/1397/927 964/1396/927
f 961/1395/922 959/1398/922 962/1399/922
f 963/1387/928 958/1400/928 965/1397/928
f 959/1398/929 965/1397/929 962/1399/929
f 964/1396/925 958/1400/925 960/1401/925
f 968/1402/930 989/1403/930 988/1404/930
f 972/1405/931 994/1406/931 995/1407/931
f 970/1402/932 972/1405/932 971/1402/932
f 970/1402/933 973/1408/933 983/1409/933
f 990/1410/934 973/1408/934 988/1404/934
f 978/1411/935 985/1412/935 977/1411/935
f 993/1413/936 982/1414/936 981/1415/936
f 982/1414/937 980/1411/937 981/1415/937
f 980/1411/938 984/1416/938 979/1417/938
f 984/1416/939 986/1418/939 978/1411/939
f 972/1405/940 983/1409/940 982/1414/940
f 974/1419/941 989/1403/941 985/1412/941
f 983/1409/942 973/1408/942 984/1416/942
f 973/1408/943 987/1420/943 984/1416/943
f 966/1402/944 993/1413/944 975/1411/944
f 976/1421/945 994/1406/945 992/1422/945
f 986/1418/946 987/1420/946 974/1419/946
f 985/1412/946 986/1418/946 974/1419/946
f 988/1404/947 989/1403/947 974/1419/947
f 985/1412/948 967/1402/948 977/1411/948
f 987/1420/949 991/1423/949 974/1419/949
f 991/1423/947 988/1404/947 974/1419/947
f 994/1406/950 982/1414/950 992/1422/950
f 992/1422/951 993/1413/951 976/1421/951
f 993/1413/952 995/1407/952 976/1421/952
f 995/1407/953 994/1406/953 976/1421/953
f 1001/1424/954 999/1425/954 1002/1426/954
f 999/1425/955 1003/1427/955 1002/1426/955
f 999/1425/956 997/1428/956 1000/1429/956
f 1001/1424/957 996/1430/957 1003/1427/957
f 997/1428/958 1003/1427/958 1000/1429/958
f 1002/1426/959 996/1430/959 998/1431/959
f 1009/1424/960 1007/1425/960 1010/1432/960
f 1007/1425/961 1011/1433/961 1010/1432/961
f 1007/1425/962 1005/1434/962 1008/1435/962
f 1009/1424/963 1004/1436/963 1011/1433/963
f 1005/1434/964 1011/1433/964 1008/1435/964
f 1010/1432/965 1004/1436/965 1006/1437/965
f 1015/1438/966 1017/1439/966 1018/1440/966
f 1019/1441/967 1015/1438/967 1018/1440/967
f 1015/1438/968 1016/1442/968 1013/1443/968
f 1017/1439/969 1019/1441/969 1012/1444/969
f 1013/1443/970 1019/1441/970 1017/1439/970
f 1012/1444/971 1018/1440/971 1014/1445/971
f 1023/1446/972 1025/1447/972 1026/1448/972
f 1027/1449/973 1023/1446/973 1026/1448/973
f 1023/1446/974 1024/1450/974 1021/1451/974
f 1025/1447/975 1027/1449/975 1020/1452/975
f 1021/1451/976 1027/1449/976 1025/1447/976
f 1020/1452/977 1026/1448/977 1022/1453/977
f 1030/1454/978 1051/1455/978 1029/1456/978
f 1057/1457/979 1034/1458/979 1033/1459/979
f 1034/1458/980 1032/1460/980 1033/1459/980
f 1032/1460/586 1035/1461/586 1031/1462/586
f 1035/1461/981 1052/1463/981 1050/1464/981
f 1040/1454/982 1047/1465/982 1048/1466/982
f 1044/1458/983 1054/1467/983 1055/1468/983
f 1042/1460/984 1044/1458/984 1043/1459/984
f 1042/1460/985 1046/1461/985 1045/1469/985
f 1048/1466/986 1049/1470/986 1046/1461/986
f 1034/1458/987 1044/1458/987 1045/1469/987
f 1036/1471/988 1047/1465/988 1051/1455/988
f 1045/1469/989 1046/1461/989 1035/1461/989
f 1035/1461/990 1049/1470/990 1052/1463/990
f 1028/1472/991 1055/1468/991 1057/1457/991
f 1038/1473/992 1054/1467/992 1056/1474/992
f 1048/1466/993 1036/1471/993 1049/1470/993
f 1047/1465/994 1036/1471/994 1048/1466/994
f 1050/1464/995 1036/1471/995 1051/1455/995
f 1047/1465/996 1029/1456/996 1051/1455/996
f 1049/1470/997 1053/1475/997 1052/1463/997
f 1053/1475/995 1036/1471/995 1050/1464/995
f 1054/1467/998 1034/1458/998 1056/1474/998
f 1054/1467/999 1038/1473/999 1055/1468/999
f 1055/1468/1000 1038/1473/1000 1057/1457/1000
f 1057/1457/1001 1038/1473/1001 1056/1474/1001
f 1061/1476/1002 1063/1477/1002 1064/1478/1002
f 1065/1479/1003 1061/1476/1003 1064/1478/1003
f 1061/1476/974 1062/1480/974 1059/1481/974
f 1063/1477/1004 1065/1479/1004 1058/1482/1004
f 1059/1481/1005 1065/1479/1005 1063/1477/1005
f 1058/1482/1006 1064/1478/1006 1060/1483/1006
f 1069/1484/1007 1071/1485/1007 1072/1486/1007
f 1073/1487/1008 1069/1484/1008 1072/1486/1008
f 1069/1484/1009 1070/1488/1009 1067/1489/1009
f 1071/1485/1010 1073/1487/1010 1066/1490/1010
f 1067/1489/1011 1073/1487/1011 1071/1485/1011
f 1066/1490/1012 1072/1486/1012 1068/1491/1012
f 1077/1492/1013 1079/1493/1013 1080/1494/1013
f 1081/1495/1014 1077/1492/1014 1080/1494/1014
f 1077/1492/1015 1078/1496/1015 1075/1497/1015
f 1079/1493/1016 1081/1495/1016 1074/1498/1016
f 1075/1497/1017 1081/1495/1017 1079/1493/1017
f 1074/1498/1018 1080/1494/1018 1076/1499/1018
f 1084/1500/1019 1105/1501/1019 1083/1502/1019
f 1111/1503/1020 1088/1504/1020 1087/1505/1020
f 1088/1504/1021 1086/1506/1021 1087/1505/1021
f 1086/1506/579 1089/1507/579 1085/1508/579
f 1089/1507/1022 1106/1509/1022 1104/1510/1022
f 1094/1500/1023 1101/1511/1023 1102/1512/1023
f 1098/1504/1024 1108/1513/1024 1109/1514/1024
f 1096/1506/1025 1098/1504/1025 1097/1505/1025
f 1096/1506/1026 1100/1507/1026 1099/1515/1026
f 1102/1512/1027 1103/1516/1027 1100/1507/1027
f 1088/1504/1028 1098/1504/1028 1099/1515/1028
f 1090/1517/1029 1101/1511/1029 1105/1501/1029
f 1099/1515/1030 1100/1507/1030 1089/1507/1030
f 1089/1507/1031 1103/1516/1031 1106/1509/1031
f 1082/1518/1032 1109/1514/1032 1111/1503/1032
f 1092/1519/1033 1108/1513/1033 1110/1520/1033
f 1102/1512/1034 1090/1517/1034 1103/1516/1034
f 1101/1511/1035 1090/1517/1035 1102/1512/1035
f 1104/1510/1036 1090/1517/1036 1105/1501/1036
f 1101/1511/1037 1083/1502/1037 1105/1501/1037
f 1103/1516/1038 1107/1521/1038 1106/1509/1038
f 1107/1521/1039 1090/1517/1039 1104/1510/1039
f 1098/1504/1040 1110/1520/1040 1108/1513/1040
f 1108/1513/1041 1092/1519/1041 1109/1514/1041
f 1109/1514/1042 1092/1519/1042 1111/1503/1042
f 1111/1503/1043 1092/1519/1043 1110/1520/1043
f 1115/1522/1044 1117/1523/1044 1118/1524/1044
f 1119/1525/1045 1115/1522/1045 1118/1524/1045
f 1115/1522/1046 1116/1526/1046 1113/1527/1046
f 1117/1523/1047 1119/1525/1047 1112/1528/1047
f 1113/1527/1048 1119/1525/1048 1117/1523/1048
f 1112/1528/1049 1118/1524/1049 1114/1529/1049
f 1122/1530/1050 1143/1531/1050 1121/1530/1050
f 1149/1532/1051 1126/1533/1051 1125/1530/1051
f 1126/1533/1052 1124/1530/1052 1125/1530/1052
f 1124/1530/898 1127/1534/898 1123/1530/898
f 1127/1534/1053 1144/1535/1053 1142/1536/1053
f 1132/1537/1054 1139/1538/1054 1140/1539/1054
f 1136/1540/1055 1146/1541/1055 1147/1542/1055
f 1134/1543/1056 1136/1540/1056 1135/1543/1056
f 1134/1543/1057 1138/1544/1057 1137/1545/1057
f 1140/1539/1058 1141/1546/1058 1138/1544/1058
f 1126/1533/1059 1136/1540/1059 1137/1545/1059
f 1128/1547/1060 1139/1538/1060 1143/1531/1060
f 1137/1545/1061 1138/1544/1061 1127/1534/1061
f 1127/1534/1062 1141/1546/1062 1144/1535/1062
f 1120/1530/1063 1147/1542/1063 1149/1532/1063
f 1130/1548/1064 1146/1541/1064 1148/1549/1064
f 1140/1539/1065 1128/1547/1065 1141/1546/1065
f 1139/1538/1066 1128/1547/1066 1140/1539/1066
f 1142/1536/1067 1128/1547/1067 1143/1531/1067
f 1131/1550/1068 1143/1531/1068 1139/1538/1068
f 1141/1546/1069 1145/1551/1069 1144/1535/1069
f 1145/1551/1067 1128/1547/1067 1142/1536/1067
f 1136/1540/1070 1148/1549/1070 1146/1541/1070
f 1146/1541/1071 1130/1548/1071 1147/1542/1071
f 1147/1542/1072 1130/1548/1072 1149/1532/1072
f 1149/1532/1073 1130/1548/1073 1148/1549/1073
f 1153/1552/1074 1155/1553/1074 1156/1554/1074
f 1157/1555/1075 1153/1552/1075 1156/1554/1075
f 1153/1552/1076 1154/1556/1076 1151/1557/1076
f 1155/1553/1077 1157/1555/1077 1150/1558/1077
f 1151/1557/1078 1157/1555/1078 1155/1553/1078
f 1150/1558/1079 1156/1554/1079 1152/1559/1079
f 1161/1560/1080 1163/1553/1080 1164/1561/1080
f 1165/1562/1081 1161/1560/1081 1164/1561/1081
f 1161/1560/1076 1162/1563/1076 1159/1564/1076
f 1163/1553/1082 1165/1562/1082 1158/1565/1082
f 1159/1564/1083 1165/1562/1083 1163/1553/1083
f 1158/1565/1079 1164/1561/1079 1160/1566/1079
f 1168/1567/1084 1189/1568/1084 1167/1567/1084
f 1195/1569/1085 1172/1570/1085 1171/1567/1085
f 1172/1570/1086 1170/1567/1086 1171/1567/1086
f 1170/1567/933 1173/1571/933 1169/1567/933
f 1173/1571/1087 1190/1572/1087 1188/1573/1087
f 1178/1574/1088 1185/1575/1088 1186/1576/1088
f 1182/1577/1089 1192/1578/1089 1193/1579/1089
f 1180/1574/1090 1182/1577/1090 1181/1580/1090
f 1180/1574/1091 1184/1581/1091 1183/1582/1091
f 1186/1576/1092 1187/1583/1092 1184/1581/1092
f 1172/1570/1093 1182/1577/1093 1183/1582/1093
f 1174/1584/1094 1185/1575/1094 1189/1568/1094
f 1183/1582/1095 1184/1581/1095 1173/1571/1095
f 1173/1571/1096 1187/1583/1096 1190/1572/1096
f 1166/1567/1097 1193/1579/1097 1195/1569/1097
f 1176/1585/1098 1192/1578/1098 1194/1586/1098
f 1186/1576/1099 1174/1584/1099 1187/1583/1099
f 1185/1575/1099 1174/1584/1099 1186/1576/1099
f 1188/1573/1100 1174/1584/1100 1189/1568/1100
f 1185/1575/1101 1167/1567/1101 1189/1568/1101
f 1187/1583/1102 1191/1587/1102 1190/1572/1102
f 1191/1587/1100 1174/1584/1100 1188/1573/1100
f 1182/1577/1103 1194/1586/1103 1192/1578/1103
f 1192/1578/1104 1176/1585/1104 1193/1579/1104
f 1193/1579/1105 1176/1585/1105 1195/1569/1105
f 1195/1569/1106 1176/1585/1106 1194/1586/1106
f 1199/1588/1107 1201/1589/1107 1202/1590/1107
f 1203/1591/1108 1199/1588/1108 1202/1590/1108
f 1199/1588/1109 1200/1592/1109 1197/1593/1109
f 1201/1589/1110 1203/1591/1110 1196/1594/1110
f 1197/1593/1111 1203/1591/1111 1201/1589/1111
f 1196/1594/1112 1202/1590/1112 1198/1595/1112
f 1207/1588/1113 1209/1589/1113 1210/1596/1113
f 1211/1597/1114 1207/1588/1114 1210/1596/1114
f 1207/1588/1115 1208/1598/1115 1205/1599/1115
f 1209/1589/1116 1211/1597/1116 1204/1600/1116
f 1205/1599/1117 1211/1597/1117 1209/1589/1117
f 1204/1600/1112 1210/1596/1112 1206/1601/1112
f 1214/1602/1118 1235/1603/1118 1234/1604/1118
f 1218/1605/1119 1240/1606/1119 1241/1607/1119
f 1216/1608/1120 1218/1605/1120 1217/1609/1120
f 1216/1608/1121 1219/1610/1121 1229/1611/1121
f 1236/1612/1122 1219/1610/1122 1234/1604/1122
f 1224/1613/1123 1231/1614/1123 1223/1615/1123
f 1239/1616/1124 1228/1617/1124 1227/1618/1124
f 1228/1619/1125 1226/1620/1125 1227/1621/1125
f 1226/1620/1126 1230/1622/1126 1225/1623/1126
f 1230/1622/1127 1232/1624/1127 1224/1625/1127
f 1218/1605/1128 1229/1611/1128 1228/1619/1128
f 1220/1626/1129 1235/1627/1129 1231/1614/1129
f 1229/1611/1130 1219/1610/1130 1230/1622/1130
f 1219/1610/1131 1233/1628/1131 1230/1622/1131
f 1212/1629/1132 1239/1616/1132 1221/1630/1132
f 1222/1631/1133 1240/1632/1133 1238/1633/1133
f 1232/1624/1134 1233/1628/1134 1220/1634/1134
f 1231/1614/1135 1232/1635/1135 1220/1626/1135
f 1234/1604/1136 1235/1603/1136 1220/1634/1136
f 1231/1614/1137 1213/1636/1137 1223/1615/1137
f 1233/1628/1138 1237/1637/1138 1220/1634/1138
f 1237/1637/1139 1234/1604/1139 1220/1634/1139
f 1238/1633/1140 1218/1638/1140 1228/1617/1140
f 1238/1633/1141 1239/1616/1141 1222/1631/1141
f 1239/1616/1142 1241/1639/1142 1222/1631/1142
f 1241/1607/1143 1240/1606/1143 1222/1640/1143
f 1242/1641/1144 1245/1642/1144 1244/1643/1144
f 1245/1642/1145 1243/1644/1145 1246/1645/1145
f 1243/1644/1146 1242/1641/1146 1246/1645/1146
f 1247/1646/1147 1250/1647/1147 1249/1648/1147
f 1250/1647/1148 1248/1649/1148 1251/1650/1148
f 1248/1649/1149 1247/1646/1149 1251/1650/1149
f 1252/1651/1150 1255/1652/1150 1254/1653/1150
f 1255/1652/1151 1253/1654/1151 1256/1655/1151
f 1253/1654/1152 1252/1651/1152 1256/1655/1152
f 1257/1656/1153 1260/1657/1153 1259/1658/1153
f 1260/1657/1154 1258/1659/1154 1261/1660/1154
f 1258/1659/1155 1257/1656/1155 1261/1660/1155
f 1264/1661/1156 1285/1662/1156 1263/1663/1156
f 1291/1664/1157 1268/1665/1157 1267/1666/1157
f 1268/1665/1158 1266/1667/1158 1267/1666/1158
f 1266/1668/1159 1269/1669/1159 1265/1670/1159
f 1269/1671/1160 1286/1672/1160 1284/1673/1160
f 1274/1674/1161 1281/1675/1161 1282/1676/1161
f 1278/1677/1162 1288/1678/1162 1289/1679/1162
f 1276/1680/1163 1278/1681/1163 1277/1682/1163
f 1276/1683/1164 1280/1684/1164 1279/1685/1164
f 1282/1676/1165 1283/1686/1165 1280/1687/1165
f 1268/1665/1166 1278/1681/1166 1279/1688/1166
f 1270/1689/1167 1281/1675/1167 1285/1662/1167
f 1279/1685/1168 1280/1684/1168 1269/1669/1168
f 1269/1671/1169 1283/1686/1169 1286/1672/1169
f 1262/1690/1170 1289/1679/1170 1291/1691/1170
f 1272/1692/1171 1288/1678/1171 1290/1693/1171
f 1282/1676/1172 1270/1689/1172 1283/1686/1172
f 1281/1675/1173 1270/1689/1173 1282/1676/1173
f 1284/1673/1174 1270/1689/1174 1285/1662/1174
f 1281/1675/1175 1263/1663/1175 1285/1662/1175
f 1283/1686/1176 1287/1694/1176 1286/1672/1176
f 1287/1694/1177 1270/1689/1177 1284/1673/1177
f 1288/1678/1178 1268/1695/1178 1290/1693/1178
f 1288/1678/1179 1272/1692/1179 1289/1679/1179
f 1289/1679/1180 1272/1692/1180 1291/1691/1180
f 1291/1664/1181 1272/1696/1181 1290/1697/1181
f 1295/1698/1182 1292/1699/1182 1294/1700/1182
f 1295/1698/1183 1296/1701/1183 1293/1702/1183
f 1293/1702/1184 1296/1701/1184 1292/1699/1184
f 1300/1703/1185 1297/1704/1185 1299/1705/1185
f 1300/1703/1186 1301/1706/1186 1298/1707/1186
f 1298/1707/1187 1301/1706/1187 1297/1704/1187
f 1305/1708/1188 1302/1709/1188 1304/1710/1188
f 1305/1708/1189 1306/1711/1189 1303/1712/1189
f 1303/1712/1190 1306/1711/1190 1302/1709/1190
f 1310/1713/1191 1307/1714/1191 1309/1715/1191
f 1310/1713/1192 1311/1716/1192 1308/1717/1192
f 1308/1717/1193 1311/1716/1193 1307/1714/1193
f 1315/1718/1194 1317/1719/1194 1313/1718/1194
f 1312/1720/1195 1318/1721/1195 1314/1720/1195
f 1314/1720/898 1319/1719/898 1315/1718/898
f 1322/1722/1195 1321/1723/1195 1320/1722/1195
f 1325/1724/1194 1326/1725/1194 1324/1725/1194
f 1323/1723/579 1325/1724/579 1321/1723/579
f 1320/1722/586 1326/1725/586 1322/1722/586
f 1322/1722/898 1327/1724/898 1323/1723/898
f 1321/1723/933 1324/1725/933 1320/1722/933
f 1313/1718/933 1316/1721/933 1312/1720/933
f 51/1/1196 10/1726/1196 4/2/1196
f 61/4/1197 4/49/1197 8/5/1197
f 150/7/1198 151/1727/1198 24/8/1198
f 25/10/1199 1/393/1199 6/11/1199
f 21/13/1200 16/116/1200 14/14/1200
f 1/16/1201 195/669/1201 361/17/1201
f 6/19/1202 1/731/1202 59/20/1202
f 19/15/1203 14/14/1203 360/22/1203
f 27/24/1204 56/1728/1204 16/25/1204
f 13/27/1205 15/1729/1205 20/28/1205
f 17/30/1206 13/27/1206 18/29/1206
f 170/32/1207 22/31/1207 18/29/1207
f 165/34/1208 18/1730/1208 20/35/1208
f 27/37/1209 21/13/1209 168/38/1209
f 19/40/1210 365/779/1210 169/41/1210
f 21/26/1211 19/1731/1211 166/43/1211
f 20/45/1212 27/1732/1212 171/46/1212
f 20/35/1213 15/53/1213 56/48/1213
f 4/2/1214 25/1733/1214 24/51/1214
f 15/53/1215 148/298/1215 152/54/1215
f 51/55/1216 49/58/1216 31/56/1216
f 49/58/1217 146/124/1217 35/59/1217
f 33/60/1218 28/67/1218 46/61/1218
f 43/63/1219 41/89/1219 37/64/1219
f 362/66/1220 12/325/1220 28/67/1220
f 145/68/1221 28/67/1221 33/60/1221
f 41/70/1222 368/1734/1222 156/71/1222
f 48/73/1223 43/92/1223 39/74/1223
f 42/76/1224 99/1735/1224 36/77/1224
f 40/79/1225 36/123/1225 17/80/1225
f 170/82/1226 172/83/1226 40/79/1226
f 172/83/1227 174/348/1227 42/84/1227
f 175/85/1228 43/1736/1228 48/86/1228
f 177/88/1229 368/809/1229 41/89/1229
f 173/91/1230 41/70/1230 43/92/1230
f 176/94/1231 48/73/1231 42/95/1231
f 42/84/1232 48/1737/1232 105/97/1232
f 106/62/1233 46/61/1233 31/102/1233
f 89/104/1234 68/168/1234 53/105/1234
f 65/107/1235 60/166/1235 72/108/1235
f 57/110/1236 91/164/1236 70/111/1236
f 79/113/1237 66/137/1237 52/114/1237
f 16/116/7 62/299/7 59/117/7
f 8/52/1238 50/138/1238 153/118/1238
f 17/120/1239 36/1738/1239 49/121/1239
f 36/123/1240 99/98/1240 146/124/1240
f 154/125/1241 64/115/1241 52/114/1241
f 152/54/1242 57/1739/1242 55/127/1242
f 153/118/1243 65/139/1243 54/129/1243
f 58/106/1244 53/105/1244 50/131/1244
f 52/114/1245 58/106/1245 151/132/1245
f 148/130/1246 54/129/1246 57/110/1246
f 156/134/1247 362/66/1247 145/68/1247
f 72/136/1248 91/164/1248 57/110/1248
f 66/137/1249 89/104/1249 58/106/1249
f 50/138/1250 53/1740/1250 65/139/1250
f 55/112/1241 64/1741/1241 154/140/1241
f 39/74/1251 37/72/1251 145/142/1251
f 70/144/1252 79/113/1252 64/115/1252
f 53/145/1253 68/1742/1253 60/146/1253
f 90/148/1254 69/1743/1254 84/149/1254
f 78/151/1255 73/684/1255 85/152/1255
f 95/154/1256 92/1744/1256 71/155/1256
f 87/157/1257 80/686/1257 67/158/1257
f 81/160/1258 74/183/1258 66/161/1258
f 93/163/1259 77/172/1259 70/111/1259
f 82/165/1260 76/192/1260 72/108/1260
f 94/167/1261 75/1745/1261 68/168/1261
f 75/169/1262 82/186/1262 60/170/1262
f 77/172/1263 81/160/1263 79/162/1263
f 71/173/1264 80/686/1264 87/157/1264
f 84/149/1265 69/1743/1265 78/175/1265
f 84/177/1266 88/153/1266 82/178/1266
f 86/180/1267 87/1746/1267 81/181/1267
f 81/160/1268 87/157/1268 83/159/1268
f 95/184/1269 86/174/1269 77/172/1269
f 88/176/1270 85/1747/1270 76/185/1270
f 94/187/1271 96/1748/1271 84/177/1271
f 74/188/1272 83/199/1272 96/189/1272
f 85/190/1273 95/198/1273 93/191/1273
f 74/183/1274 94/1749/1274 89/193/1274
f 76/194/1275 93/1750/1275 91/195/1275
f 85/190/1276 73/1751/1276 92/197/1276
f 83/199/1277 67/1752/1277 90/200/1277
f 102/201/1278 116/260/1278 137/202/1278
f 113/204/1279 103/1753/1279 120/205/1279
f 107/207/1280 104/236/1280 118/208/1280
f 101/210/1281 114/1754/1281 127/211/1281
f 38/213/1282 47/223/1282 101/210/1282
f 100/214/1283 97/300/1283 104/215/1283
f 45/217/1284 111/1755/1284 103/218/1284
f 98/220/1285 102/239/1285 108/221/1285
f 47/223/1286 110/1756/1286 108/203/1286
f 111/224/1287 100/1757/1287 107/225/1287
f 103/226/1288 107/225/1288 139/227/1288
f 108/221/1289 137/283/1289 114/229/1289
f 45/231/1290 113/204/1290 102/232/1290
f 97/234/1291 38/1758/1291 112/235/1291
f 112/237/1292 127/255/1292 118/238/1292
f 102/239/1293 113/219/1293 109/240/1293
f 132/242/1294 117/704/1294 138/243/1294
f 133/245/1295 121/286/1295 126/246/1295
f 143/248/1296 134/272/1296 119/249/1296
f 131/251/1297 115/1759/1297 128/252/1297
f 114/229/1298 122/280/1298 129/254/1298
f 118/238/1299 125/271/1299 141/256/1299
f 120/228/1300 124/1760/1300 130/258/1300
f 116/260/1301 123/1761/1301 142/261/1301
f 109/240/1302 130/1762/1302 123/262/1302
f 127/263/1303 129/1763/1303 125/264/1303
f 135/265/1304 128/701/1304 119/266/1304
f 136/247/1305 126/246/1305 117/268/1305
f 123/270/1306 130/277/1306 136/247/1306
f 125/271/1307 129/254/1307 135/253/1307
f 129/254/1308 122/280/1308 131/251/1308
f 125/273/1309 134/267/1309 143/274/1309
f 124/276/1310 133/245/1310 136/247/1310
f 142/278/1311 123/270/1311 132/269/1311
f 122/280/1312 142/1764/1312 144/244/1312
f 141/256/1313 143/248/1313 133/281/1313
f 137/283/1314 142/1764/1314 122/280/1314
f 139/257/1315 141/256/1315 124/282/1315
f 133/245/1316 143/1765/1316 140/285/1316
f 144/279/1317 138/1766/1317 115/287/1317
f 59/18/1318 361/17/1318 360/289/1318
f 149/291/1319 154/1767/1319 62/292/1319
f 13/294/1320 61/1768/1320 63/295/1320
f 17/80/1321 51/55/1321 61/4/1321
f 151/132/1322 50/131/1322 8/5/1322
f 63/6/1323 153/1769/1323 148/298/1323
f 56/48/1324 152/54/1324 149/128/1324
f 154/125/1325 150/126/1325 6/11/1325
f 147/69/1326 38/1770/1326 97/300/1326
f 35/103/1327 146/1771/1327 45/217/1327
f 99/302/1328 105/75/1328 100/303/1328
f 106/305/1329 110/1756/1329 47/223/1329
f 35/307/1330 98/233/1330 110/308/1330
f 146/310/1331 99/302/1331 111/304/1331
f 105/311/1332 39/301/1332 97/300/1332
f 33/306/1333 47/223/1333 38/213/1333
f 169/313/1334 365/23/1334 161/314/1334
f 333/316/1335 328/1772/1335 313/317/1335
f 195/319/1336 197/395/1336 160/320/1336
f 368/322/1337 159/389/1337 164/323/1337
f 365/23/1338 360/22/1338 158/324/1338
f 12/325/1339 362/66/1339 163/326/1339
f 362/328/1340 156/71/1340 164/329/1340
f 11/331/1341 157/727/1341 194/332/1341
f 361/17/1342 160/1773/1342 158/334/1342
f 192/335/1343 194/1774/1343 179/336/1343
f 191/338/1344 176/87/1344 174/339/1344
f 188/341/1345 173/90/1345 175/342/1345
f 192/335/1346 177/337/1346 173/91/1346
f 190/345/1347 175/93/1347 176/94/1347
f 187/347/1348 189/1775/1348 174/348/1348
f 187/347/1349 172/83/1349 170/82/1349
f 167/350/1350 171/1776/1350 186/351/1350
f 168/38/1351 166/355/1351 181/353/1351
f 166/355/1352 169/313/1352 184/356/1352
f 171/357/1353 168/1777/1353 183/358/1353
f 180/360/1354 165/34/1354 167/36/1354
f 9/362/1355 185/349/1355 180/360/1355
f 180/364/1356 182/352/1356 7/365/1356
f 23/367/1357 186/351/1357 183/368/1357
f 181/370/1358 184/1778/1358 155/371/1358
f 183/368/1359 181/370/1359 3/372/1359
f 182/361/1360 186/1779/1360 23/373/1360
f 9/375/1361 29/378/1361 187/376/1361
f 29/378/1362 34/670/1362 189/340/1362
f 44/379/1363 32/681/1363 190/380/1363
f 30/381/1364 11/331/1364 192/333/1364
f 32/382/1365 30/381/1365 188/341/1365
f 44/383/1366 191/346/1366 189/384/1366
f 155/371/1367 184/1778/1367 193/386/1367
f 177/388/1368 179/723/1368 159/389/1368
f 178/390/1369 193/1780/1369 184/391/1369
f 25/10/1370 196/50/1370 195/392/1370
f 196/394/1371 198/1781/1371 197/395/1371
f 46/100/1372 28/679/1372 12/396/1372
f 199/397/1373 12/726/1373 200/398/1373
f 26/400/1374 10/57/1374 31/56/1374
f 4/401/1375 10/1782/1375 26/402/1375
f 251/404/1376 255/407/1376 205/405/1376
f 255/407/1377 257/564/1377 209/408/1377
f 227/409/1378 284/571/1378 295/410/1378
f 207/411/1379 202/732/1379 228/412/1379
f 223/413/1380 221/421/1380 215/414/1380
f 252/416/1381 298/581/1381 202/417/1381
f 254/419/1382 202/732/1382 207/411/1382
f 221/421/1383 299/577/1383 218/422/1383
f 230/423/1384 223/443/1384 217/424/1384
f 222/426/1385 216/1783/1385 214/427/1385
f 220/428/1386 214/427/1386 219/429/1386
f 318/431/1387 313/621/1387 220/432/1387
f 313/434/1388 315/445/1388 222/435/1388
f 316/437/1389 223/413/1389 230/438/1389
f 317/440/1390 299/577/1390 221/421/1390
f 314/442/1391 221/1784/1391 223/443/1391
f 319/439/1392 230/438/1392 222/435/1392
f 222/435/1393 230/438/1393 253/446/1393
f 227/409/1394 228/412/1394 205/450/1394
f 216/447/1395 253/446/1395 296/452/1395
f 251/454/1396 211/1785/1396 234/455/1396
f 249/457/1397 234/500/1397 238/458/1397
f 292/460/1398 276/502/1398 236/461/1398
f 247/463/1399 231/469/1399 236/464/1399
f 245/466/1400 241/477/1400 240/467/1400
f 231/469/1401 213/680/1401 301/470/1401
f 236/461/1402 231/1786/1402 289/472/1402
f 243/473/1403 240/513/1403 302/474/1403
f 248/476/1404 275/1787/1404 241/477/1404
f 239/478/1405 274/516/1405 244/479/1405
f 219/481/1406 239/478/1406 242/480/1406
f 318/483/1407 225/482/1407 242/480/1407
f 320/485/1408 242/1788/1408 244/486/1408
f 248/488/1409 245/1789/1409 323/489/1409
f 243/468/1410 224/1790/1410 325/491/1410
f 245/493/1411 243/1791/1411 321/494/1411
f 244/486/1412 248/476/1412 324/496/1412
f 244/497/1413 274/1792/1413 275/498/1413
f 234/455/1414 247/1793/1414 276/502/1414
f 290/504/1415 238/503/1415 276/502/1415
f 217/415/1416 215/414/1416 254/419/1416
f 209/451/1417 257/1794/1417 297/505/1417
f 219/429/1418 251/404/1418 249/507/1418
f 239/508/1419 249/507/1419 290/509/1419
f 275/511/1420 292/460/1420 291/462/1420
f 289/472/1421 301/588/1421 302/474/1421
f 241/514/1422 291/1795/1422 289/471/1422
f 274/516/1423 290/504/1423 292/460/1423
f 352/517/1424 259/533/1424 270/518/1424
f 353/520/1425 261/685/1425 262/521/1425
f 357/523/1426 354/754/1426 260/524/1426
f 355/526/1427 351/755/1427 258/527/1427
f 355/529/1428 263/1796/1428 260/530/1428
f 352/517/1429 356/1797/1429 262/532/1429
f 353/534/1430 357/523/1430 271/525/1430
f 351/536/1431 358/1798/1431 270/537/1431
f 285/539/1432 278/551/1432 272/540/1432
f 281/542/1433 280/1799/1433 269/543/1433
f 265/545/1434 286/1800/1434 279/546/1434
f 282/548/1435 277/555/1435 273/549/1435
f 279/546/1436 282/548/1436 267/550/1436
f 278/551/1437 281/698/1437 266/552/1437
f 269/543/1438 280/1799/1438 286/553/1438
f 277/555/1439 285/539/1439 359/541/1439
f 218/422/1440 252/1801/1440 254/419/1440
f 256/420/1441 288/570/1441 294/556/1441
f 214/557/1442 216/1802/1442 257/558/1442
f 219/481/1443 214/1803/1443 255/560/1443
f 209/561/1444 250/1804/1444 284/562/1444
f 257/564/1445 216/1783/1445 293/565/1445
f 253/567/1446 217/1805/1446 294/568/1446
f 207/411/1447 295/410/1447 288/570/1447
f 297/505/1448 287/572/1448 284/571/1448
f 287/572/1449 288/570/1449 295/410/1449
f 287/573/1450 297/1806/1450 293/574/1450
f 296/452/1451 294/556/1451 288/570/1451
f 317/440/1452 326/651/1452 309/576/1452
f 178/315/1453 326/722/1453 341/578/1453
f 307/580/1454 308/1807/1454 298/581/1454
f 312/582/1455 306/650/1455 224/475/1455
f 299/583/1456 309/721/1456 305/584/1456
f 213/586/1457 304/1808/1457 311/587/1457
f 301/589/1458 311/1809/1458 312/590/1458
f 342/592/1459 303/1810/1459 212/593/1459
f 305/595/1460 307/720/1460 252/596/1460
f 327/598/1461 342/717/1461 340/599/1461
f 322/487/1462 324/496/1462 339/601/1462
f 323/603/1463 321/492/1463 336/604/1463
f 321/606/1464 325/600/1464 340/599/1464
f 324/496/1465 323/603/1465 338/605/1465
f 335/608/1466 320/485/1466 322/487/1466
f 318/483/1467 320/484/1467 335/609/1467
f 334/611/1468 319/439/1468 315/445/1468
f 329/613/1469 314/441/1469 316/437/1469
f 332/615/1470 317/440/1470 314/441/1470
f 331/616/1471 316/1811/1471 319/617/1471
f 328/619/1472 330/631/1472 315/620/1472
f 210/622/1473 203/625/1473 328/623/1473
f 208/624/1474 330/612/1474 328/623/1474
f 226/626/1475 206/666/1475 331/616/1475
f 300/627/1476 332/615/1476 329/613/1476
f 204/628/1477 329/613/1477 331/614/1477
f 226/630/1478 334/1812/1478 330/631/1478
f 210/633/1479 333/1813/1479 335/634/1479
f 232/636/1480 335/609/1480 337/637/1480
f 246/639/1481 339/1814/1481 338/640/1481
f 233/642/1482 336/604/1482 340/643/1482
f 235/641/1483 338/640/1483 336/607/1483
f 337/646/1484 339/1815/1484 246/647/1484
f 300/627/1485 310/1816/1485 341/649/1485
f 306/650/1486 327/598/1486 325/600/1486
f 326/651/1487 317/440/1487 332/615/1487
f 343/652/1488 344/747/1488 228/653/1488
f 345/655/1489 346/1817/1489 344/656/1489
f 247/658/1490 348/661/1490 347/659/1490
f 348/661/1491 350/1818/1491 349/662/1491
f 234/500/1492 211/1819/1492 229/663/1492
f 229/664/1493 211/1785/1493 205/450/1493
f 2/366/1494 7/365/1494 208/624/1494
f 3/372/1495 155/371/1495 300/627/1495
f 23/367/1496 226/1820/1496 208/624/1496
f 3/665/1497 204/1821/1497 206/666/1497
f 9/375/1498 2/366/1498 203/625/1498
f 1/16/1499 202/654/1499 298/668/1499
f 23/373/1500 5/667/1500 206/666/1500
f 29/378/1501 232/636/1501 237/638/1501
f 30/671/1502 233/645/1502 212/672/1502
f 44/383/1503 34/385/1503 237/648/1503
f 30/674/1504 32/1822/1504 235/675/1504
f 9/677/1505 210/633/1505 232/635/1505
f 28/679/1506 12/396/1506 213/680/1506
f 44/379/1507 246/639/1507 235/641/1507
f 90/200/1508 270/1823/1508 259/682/1508
f 73/684/1509 78/151/1509 262/521/1509
f 71/173/1510 92/692/1510 271/525/1510
f 80/686/1511 263/528/1511 258/527/1511
f 78/151/1512 69/1824/1512 259/687/1512
f 80/688/1513 71/155/1513 260/689/1513
f 90/148/1514 67/158/1514 258/527/1514
f 73/691/1515 261/535/1515 271/525/1515
f 138/693/1516 117/1825/1516 278/694/1516
f 126/696/1517 121/706/1517 280/697/1517
f 119/699/1518 279/1826/1518 286/700/1518
f 128/701/1519 115/705/1519 277/702/1519
f 126/696/1520 281/698/1520 278/551/1520
f 128/252/1521 282/548/1521 279/546/1521
f 138/693/1522 285/695/1522 277/702/1522
f 140/250/1523 286/1800/1523 280/697/1523
f 193/579/1524 341/578/1524 310/707/1524
f 163/330/1525 164/329/1525 312/709/1525
f 158/711/1526 305/1827/1526 309/576/1526
f 197/395/1527 308/730/1527 307/713/1527
f 200/714/1528 163/330/1528 311/710/1528
f 157/716/1529 303/1828/1529 342/717/1529
f 159/719/1530 306/1829/1530 312/709/1530
f 158/334/1531 160/1773/1531 307/720/1531
f 178/315/1532 161/314/1532 309/721/1532
f 179/723/1533 327/598/1533 306/650/1533
f 179/336/1534 194/1774/1534 342/592/1534
f 200/398/1535 304/1830/1535 213/725/1535
f 157/727/1536 11/331/1536 212/644/1536
f 162/387/1537 310/1816/1537 300/627/1537
f 197/395/1538 195/319/1538 298/729/1538
f 1/731/1539 195/319/1539 343/657/1539
f 197/733/1540 198/1831/1540 346/734/1540
f 197/395/1541 345/655/1541 343/657/1541
f 198/736/1542 196/50/1542 344/449/1542
f 28/67/1543 231/1786/1543 347/738/1543
f 201/739/353 200/327/353 349/740/353
f 201/739/1544 350/741/1544 348/742/1544
f 200/714/1545 12/396/1545 347/744/1545
f 199/397/1546 348/661/1546 229/746/1546
f 196/403/1547 26/402/1547 229/663/1547
f 366/774/1548 364/1832/1548 361/775/1548
f 364/776/1549 363/1833/1549 360/777/1549
f 362/328/1550 369/1834/1550 367/781/1550
f 156/782/1551 370/813/1551 369/783/1551
f 376/785/1552 379/803/1552 380/786/1552
f 373/788/1553 378/1835/1553 379/789/1553
f 371/797/1554 375/1836/1554 383/798/1554
f 372/800/1555 371/797/1555 381/799/1555
f 370/802/1556 368/1734/1556 384/794/1556
f 364/776/1557 366/1837/1557 380/786/1557
f 360/289/1558 365/779/1558 374/804/1558
f 195/392/389 377/812/389 380/806/389
f 12/396/1559 375/811/1559 371/807/1559
f 156/782/1560 372/800/1560 384/808/1560
f 361/321/1561 360/777/1561 373/791/1561
f 12/396/1562 367/781/1562 383/810/1562
f 195/392/1563 361/775/1563 376/790/1563
f 370/813/1564 382/801/1564 381/799/1564
f 363/814/1565 378/1835/1565 374/815/1565
f 369/816/1566 381/1838/1566 383/817/1566
f 363/778/1567 364/1839/1567 379/819/1567
f 362/66/1568 371/1840/1568 372/821/1568
f 185/822/1569 170/1841/1569 165/823/1569
f 388/825/1570 345/855/1570 387/826/1570
f 390/828/1571 388/825/1571 389/827/1571
f 385/830/1572 390/828/1572 391/829/1572
f 393/832/1573 389/827/1573 387/826/1573
f 394/834/1574 391/829/1574 389/827/1574
f 392/835/1575 386/831/1575 391/829/1575
f 386/831/1576 392/835/1576 397/836/1576
f 386/831/1577 396/837/1577 395/838/1577
f 410/839/1578 415/858/1578 402/840/1578
f 406/842/1579 420/853/1579 418/843/1579
f 418/843/1580 423/861/1580 408/845/1580
f 403/846/1581 417/852/1581 419/847/1581
f 409/849/1582 412/1842/1582 400/850/1582
f 400/850/1583 412/1842/1583 417/852/1583
f 405/848/1584 419/847/1584 420/853/1584
f 349/833/1585 403/846/1585 405/848/1585
f 404/844/1586 408/845/1586 397/836/1586
f 394/834/1587 406/842/1587 404/844/1587
f 399/841/1588 402/840/1588 390/828/1588
f 402/840/1589 401/854/1589 388/825/1589
f 395/838/1590 407/863/1590 399/841/1590
f 401/854/1591 398/851/1591 345/855/1591
f 393/832/1592 405/848/1592 406/842/1592
f 400/850/1593 403/846/1593 349/833/1593
f 345/855/1594 398/851/1594 400/850/1594
f 414/856/1595 412/1842/1595 409/849/1595
f 415/858/1596 416/859/1596 414/856/1596
f 410/839/1597 411/860/1597 416/859/1597
f 417/852/1598 412/1842/1598 414/856/1598
f 420/853/1599 419/847/1599 414/856/1599
f 418/843/1600 420/853/1600 416/859/1600
f 411/860/1601 422/887/1601 423/861/1601
f 421/862/1602 422/887/1602 411/860/1602
f 415/858/1603 413/857/1603 401/854/1603
f 407/863/1604 421/862/1604 410/839/1604
f 413/857/1605 409/849/1605 398/851/1605
f 461/864/1606 446/868/1606 443/865/1606
f 461/864/1607 464/875/1607 447/867/1607
f 429/869/1608 428/905/1608 431/870/1608
f 457/872/1609 456/866/1609 443/865/1609
f 459/874/1610 445/883/1610 447/867/1610
f 454/876/1611 442/881/1611 440/877/1611
f 421/862/1612 407/863/1612 460/879/1612
f 457/872/1613 444/873/1613 442/881/1613
f 451/882/1614 441/900/1614 445/883/1614
f 422/887/1615 421/862/1615 463/880/1615
f 397/836/1616 408/845/1616 458/889/1616
f 396/837/1617 397/836/1617 453/890/1617
f 422/887/1618 462/888/1618 455/892/1618
f 395/838/1619 452/893/1619 460/879/1619
f 423/861/1620 455/892/1620 458/889/1620
f 396/837/1621 449/891/1621 452/893/1621
f 433/894/1622 441/900/1622 440/877/1622
f 434/896/1623 432/895/1623 440/877/1623
f 435/897/1624 436/898/1624 444/873/1624
f 434/896/1625 442/881/1625 444/873/1625
f 437/899/1626 445/883/1626 441/900/1626
f 439/885/1627 438/884/1627 446/868/1627
f 435/897/1628 443/865/1628 446/868/1628
f 439/885/1629 447/867/1629 445/883/1629
f 456/901/1630 457/918/1630 465/902/1630
f 460/904/1631 452/927/1631 428/905/1631
f 464/907/1632 472/920/1632 467/908/1632
f 455/910/1633 462/924/1633 470/911/1633
f 454/913/1634 450/923/1634 430/871/1634
f 459/909/1635 467/908/1635 429/869/1635
f 456/901/1636 424/903/1636 469/916/1636
f 457/918/1637 454/913/1637 426/914/1637
f 451/882/1638 450/878/1638 440/877/1638
f 431/870/1639 427/919/1639 426/914/1639
f 465/902/1640 466/926/1640 425/912/1640
f 427/919/1641 466/926/1641 465/902/1641
f 467/908/1642 468/906/1642 428/905/1642
f 470/911/1643 471/921/1643 472/920/1643
f 424/903/1644 425/912/1644 470/911/1644
f 467/908/1645 472/920/1645 471/921/1645
f 460/904/1646 468/906/1646 471/921/1646
f 451/915/1647 429/869/1647 430/871/1647
f 463/922/1648 471/921/1648 470/911/1648
f 458/925/1649 455/910/1649 425/912/1649
f 452/927/1650 449/929/1650 431/870/1650
f 458/925/1651 466/926/1651 427/919/1651
f 453/928/1652 427/919/1652 431/870/1652
f 464/907/1653 461/917/1653 469/916/1653
f 481/930/1654 488/946/1654 480/931/1654
f 482/933/1655 481/930/1655 473/932/1655
f 483/935/1656 482/933/1656 474/934/1656
f 484/937/1657 483/935/1657 475/936/1657
f 477/939/1658 485/941/1658 484/937/1658
f 478/940/1659 486/943/1659 485/941/1659
f 479/942/1660 487/944/1660 486/943/1660
f 480/931/1661 488/946/1661 487/944/1661
f 489/945/1662 496/952/1662 488/946/1662
f 490/947/1663 489/945/1663 481/930/1663
f 491/948/1664 490/947/1664 482/933/1664
f 484/937/1665 492/949/1665 491/948/1665
f 485/941/1666 493/950/1666 492/949/1666
f 486/943/1667 494/951/1667 493/950/1667
f 487/944/1668 495/960/1668 494/951/1668
f 496/952/1669 495/960/1669 487/944/1669
f 489/945/1670 497/954/1670 504/953/1670
f 490/947/1671 498/955/1671 497/954/1671
f 491/948/1672 499/956/1672 498/955/1672
f 492/949/1673 500/965/1673 499/956/1673
f 501/957/1674 500/965/1674 492/949/1674
f 502/958/1675 501/957/1675 493/950/1675
f 503/959/1676 502/958/1676 494/951/1676
f 504/953/1677 503/959/1677 495/960/1677
f 497/954/1678 505/970/1678 512/961/1678
f 506/962/1679 505/970/1679 497/954/1679
f 507/963/1680 506/962/1680 498/955/1680
f 508/964/1681 507/963/1681 499/956/1681
f 509/966/1682 508/964/1682 500/965/1682
f 502/958/1683 510/967/1683 509/966/1683
f 503/959/1684 511/968/1684 510/967/1684
f 504/953/1685 512/961/1685 511/968/1685
f 513/969/1686 520/978/1686 512/961/1686
f 514/971/1687 513/969/1687 505/970/1687
f 515/972/1688 514/971/1688 506/962/1688
f 516/973/1689 515/972/1689 507/963/1689
f 509/966/1690 517/974/1690 516/973/1690
f 510/967/1691 518/975/1691 517/974/1691
f 511/968/1692 519/976/1692 518/975/1692
f 512/961/1693 520/978/1693 519/976/1693
f 521/977/1694 528/984/1694 520/978/1694
f 522/979/1695 521/977/1695 513/969/1695
f 515/972/1696 523/980/1696 522/979/1696
f 516/973/1697 524/981/1697 523/980/1697
f 517/974/1698 525/982/1698 524/981/1698
f 518/975/1699 526/991/1699 525/982/1699
f 527/983/1700 526/991/1700 518/975/1700
f 528/984/1701 527/983/1701 519/976/1701
f 521/977/1702 529/986/1702 536/985/1702
f 522/979/1703 530/987/1703 529/986/1703
f 523/980/1704 531/988/1704 530/987/1704
f 524/981/1705 532/993/1705 531/988/1705
f 533/989/1706 532/993/1706 524/981/1706
f 534/990/1707 533/989/1707 525/982/1707
f 535/992/1708 534/990/1708 526/991/1708
f 536/985/1709 535/992/1709 527/983/1709
f 529/986/1710 473/932/1710 480/931/1710
f 474/934/1711 473/932/1711 529/986/1711
f 475/936/1712 474/934/1712 530/987/1712
f 476/938/1713 475/936/1713 531/988/1713
f 477/939/1714 476/938/1714 532/993/1714
f 534/990/1715 478/940/1715 477/939/1715
f 535/992/1716 479/942/1716 478/940/1716
f 536/985/1717 480/931/1717 479/942/1717
f 565/994/1718 567/1002/1718 619/995/1718
f 559/997/1719 561/1003/1719 616/998/1719
f 573/1000/1720 550/1061/1720 612/996/1720
f 569/1001/1721 620/1008/1721 619/995/1721
f 561/1003/1722 563/1009/1722 617/1004/1722
f 557/1005/1723 614/999/1723 613/998/1723
f 571/1007/1724 621/1008/1724 620/1008/1724
f 563/1009/1725 565/994/1725 618/996/1725
f 559/997/1726 615/999/1726 614/999/1726
f 571/1007/1727 573/1000/1727 622/995/1727
f 538/1010/1728 552/1018/1728 551/1011/1728
f 555/1006/1729 613/998/1729 611/1004/1729
f 542/1014/1730 560/1023/1730 558/1015/1730
f 538/1010/1731 539/1014/1731 554/1017/1731
f 546/1019/1732 568/1024/1732 566/1020/1732
f 543/1022/1733 562/1018/1733 560/1023/1733
f 539/1014/1734 540/1016/1734 556/1015/1734
f 547/1019/1735 570/1027/1735 568/1024/1735
f 543/1022/1736 544/1062/1736 564/1025/1736
f 540/1016/576 541/1016/576 558/1015/576
f 548/1026/1737 572/1028/1737 570/1027/1737
f 548/1026/1738 537/1012/1738 551/1011/1738
f 572/1029/579 609/1077/579 607/1030/579
f 562/1032/1739 599/1073/1739 597/1033/1739
f 552/1032/579 587/1073/579 590/1035/579
f 573/1037/1740 571/1084/1740 608/1038/1740
f 561/1040/1741 598/1075/1741 600/1041/1741
f 564/1043/1742 566/1081/1742 603/1044/1742
f 556/1046/633 593/1060/633 591/1047/633
f 553/1049/1743 550/1080/1743 589/1050/1743
f 567/1052/1744 565/1083/1744 602/1053/1744
f 557/1055/586 555/1082/586 592/1056/586
f 570/1031/1745 607/1030/1745 605/1058/1745
f 558/1046/1746 560/1034/1746 597/1033/1746
f 553/1013/1747 611/1004/1747 612/996/1747
f 545/1021/1748 566/1020/1748 564/1025/1748
f 546/1019/591 583/1063/591 584/1063/591
f 544/1062/1749 543/1022/1749 580/1064/1749
f 541/1016/593 540/1016/593 577/1066/593
f 547/1019/1750 584/1063/1750 585/1067/1750
f 537/1012/1751 574/1071/1751 575/1068/1751
f 545/1021/1752 544/1062/1752 581/1065/1752
f 542/1014/1753 541/1016/1753 578/1066/1753
f 548/1026/1754 585/1067/1754 574/1071/1754
f 538/1010/1755 575/1068/1755 576/1070/1755
f 546/1019/1756 545/1021/1756 582/1069/1756
f 543/1022/1757 542/1014/1757 579/1070/1757
f 540/1016/1758 539/1014/1758 576/1070/1758
f 589/1050/1759 590/1035/1759 587/1073/1759
f 588/1051/1760 587/1073/1760 591/1047/1760
f 594/1057/617 592/1056/617 591/1047/617
f 594/1057/1761 593/1060/1761 595/1060/1761
f 596/1074/1762 595/1060/1762 597/1033/1762
f 600/1041/1763 598/1075/1763 597/1033/1763
f 602/1053/1764 600/1041/1764 599/1073/1764
f 604/1054/1765 602/1053/1765 601/1045/1765
f 604/1054/1766 603/1044/1766 605/1058/1766
f 606/1076/1767 605/1058/1767 607/1030/1767
f 610/1039/1768 608/1038/1768 607/1030/1768
f 589/1050/1769 610/1039/1769 609/1077/1769
f 557/1055/1770 594/1057/1770 596/1074/1770
f 567/1052/1771 604/1054/1771 606/1076/1771
f 550/1080/1772 573/1037/1772 610/1039/1772
f 556/1046/579 558/1046/579 595/1060/579
f 568/1059/1773 605/1058/1773 603/1044/1773
f 555/1082/1774 553/1049/1774 588/1051/1774
f 563/1042/1775 600/1041/1775 602/1053/1775
f 551/1036/579 590/1035/579 609/1077/579
f 554/1048/579 591/1047/579 587/1073/579
f 562/1032/1776 564/1043/1776 601/1045/1776
f 561/1040/1777 559/1078/1777 596/1074/1777
f 571/1084/1778 569/1079/1778 606/1076/1778
f 630/1086/1779 623/1090/1779 624/1087/1779
f 626/1089/1780 625/1092/1780 624/1087/1780
f 630/1086/651 627/1094/651 626/1089/651
f 628/1091/652 629/1088/652 624/1087/652
f 628/1093/1781 625/1843/1781 626/1089/1781
f 635/1095/1782 636/1106/1782 652/1096/1782
f 633/1098/1783 634/1108/1783 650/1099/1783
f 631/1101/1784 632/1109/1784 647/1102/1784
f 631/1101/1785 648/1103/1785 654/1104/1785
f 636/1106/1786 637/1110/1786 653/1107/1786
f 635/1095/1787 651/1097/1787 650/1099/1787
f 633/1098/1788 649/1100/1788 647/1102/1788
f 638/1105/1789 654/1104/1789 653/1107/1789
f 642/1111/662 658/1125/662 657/1112/662
f 640/1114/1790 639/1119/1790 648/1103/1790
f 640/1114/1791 647/1102/1791 649/1100/1791
f 642/1111/1792 641/1113/1792 649/1100/1792
f 642/1111/1793 650/1099/1793 651/1097/1793
f 644/1116/1794 643/1115/1794 651/1097/1794
f 644/1116/1795 652/1096/1795 653/1107/1795
f 646/1118/1796 645/1117/1796 653/1107/1796
f 646/1118/1797 654/1104/1797 648/1103/1797
f 656/1122/1798 655/1126/1798 657/1112/1798
f 657/1112/1799 658/1125/1799 659/1120/1799
f 659/1120/670 660/1124/670 661/1121/670
f 661/1121/670 662/1123/670 656/1122/670
f 656/1122/1800 657/1112/1800 659/1120/1800
f 640/1114/1801 655/1126/1801 656/1122/1801
f 646/1118/672 639/1119/672 656/1122/672
f 645/1117/1802 661/1121/1802 660/1124/1802
f 642/1111/1803 643/1115/1803 659/1120/1803
f 640/1114/1804 641/1113/1804 657/1112/1804
f 645/1117/676 646/1118/676 662/1123/676
f 644/1116/1805 660/1124/1805 659/1120/1805
f 667/1127/1806 683/1147/1806 684/1128/1806
f 665/1130/1807 681/1146/1807 682/1131/1807
f 663/1133/1808 680/1144/1808 679/1134/1808
f 686/1136/1809 680/1144/1809 663/1133/1809
f 668/1129/1810 684/1128/1810 685/1138/1810
f 682/1131/1811 683/1147/1811 667/1127/1811
f 679/1134/1812 681/1146/1812 665/1130/1812
f 685/1138/1813 686/1136/1813 670/1137/1813
f 689/1140/1814 690/1844/1814 674/1141/1814
f 672/1143/1815 679/1134/1815 680/1144/1815
f 681/1146/1816 679/1134/1816 672/1143/1816
f 674/1141/1817 682/1131/1817 681/1146/1817
f 683/1147/1818 682/1131/1818 674/1141/1818
f 676/1149/1819 684/1128/1819 683/1147/1819
f 685/1138/1820 684/1128/1820 676/1149/1820
f 678/1151/1821 686/1136/1821 685/1138/1821
f 680/1144/1822 686/1136/1822 678/1151/1822
f 689/1140/1823 687/1845/1823 688/1152/1823
f 688/1152/1824 694/1156/1824 693/1153/1824
f 693/1153/1825 692/1155/1825 691/1154/1825
f 691/1154/1826 690/1844/1826 689/1140/1826
f 689/1140/1827 688/1152/1827 691/1154/1827
f 688/1152/1828 687/1845/1828 672/1143/1828
f 678/1151/1829 694/1156/1829 688/1152/1829
f 692/1155/1830 693/1153/1830 677/1150/1830
f 674/1141/1831 690/1844/1831 691/1154/1831
f 672/1143/1832 687/1845/1832 689/1140/1832
f 677/1150/1833 693/1153/1833 694/1156/1833
f 691/1154/1834 692/1155/1834 676/1149/1834
f 697/1157/1835 708/1165/1835 707/1158/1835
f 709/1160/1836 704/1191/1836 702/1161/1836
f 718/1163/1837 715/1183/1837 700/1164/1837
f 713/1166/1838 695/1176/1838 698/1167/1838
f 717/1169/1839 714/1177/1839 699/1170/1839
f 719/1172/1840 716/1174/1840 697/1157/1840
f 716/1174/1841 718/1163/1841 708/1165/1841
f 700/1164/1842 706/1846/1842 707/1158/1842
f 711/1173/1843 697/1157/1843 696/1159/1843
f 695/1176/1844 709/1160/1844 710/1162/1844
f 699/1170/1845 711/1173/1845 712/1175/1845
f 714/1177/1846 719/1172/1846 711/1173/1846
f 713/1166/1847 747/1168/1847 701/1178/1847
f 701/1178/1848 747/1168/1848 719/1172/1848
f 698/1167/1849 710/1162/1849 718/1163/1849
f 747/1168/1850 698/1167/1850 716/1174/1850
f 725/1180/1851 721/1187/1851 722/1181/1851
f 710/1162/1852 702/1161/1852 715/1183/1852
f 727/1184/1853 724/1206/1853 723/1185/1853
f 725/1180/1854 727/1184/1854 720/1186/1854
f 701/1178/1855 714/1177/1855 727/1184/1855
f 717/1169/1856 724/1206/1856 727/1184/1856
f 703/1179/1857 701/1178/1857 725/1180/1857
f 728/1188/1858 696/1159/1858 707/1158/1858
f 709/1160/1859 735/1203/1859 733/1190/1859
f 741/1192/1860 734/1189/1860 731/1193/1860
f 713/1166/1861 736/1202/1861 729/1195/1861
f 717/1169/1862 705/1171/1862 730/1196/1862
f 742/1198/1863 737/1200/1863 728/1188/1863
f 740/1199/1864 728/1188/1864 734/1189/1864
f 707/1158/1865 706/1846/1865 731/1193/1865
f 737/1200/1866 712/1175/1866 696/1159/1866
f 729/1195/1867 735/1203/1867 709/1160/1867
f 730/1196/1868 705/1171/1868 712/1175/1868
f 738/1197/1869 730/1196/1869 737/1200/1869
f 732/1201/1870 736/1202/1870 713/1166/1870
f 732/1201/1871 738/1197/1871 742/1198/1871
f 729/1195/1872 740/1199/1872 741/1192/1872
f 736/1202/1873 742/1198/1873 740/1199/1873
f 722/1181/1874 744/1847/1874 745/1204/1874
f 741/1192/1875 739/1194/1875 733/1190/1875
f 746/1205/1876 743/1207/1876 723/1185/1876
f 745/1204/1877 744/1847/1877 743/1207/1877
f 732/1201/1878 745/1204/1878 746/1205/1878
f 738/1197/1879 746/1205/1879 724/1206/1879
f 703/1179/1880 726/1182/1880 745/1204/1880
f 756/1208/1881 763/1224/1881 755/1209/1881
f 757/1211/1882 756/1208/1882 748/1210/1882
f 758/1213/1883 757/1211/1883 749/1212/1883
f 759/1215/1884 758/1213/1884 750/1214/1884
f 752/1217/1885 760/1219/1885 759/1215/1885
f 753/1218/1886 761/1221/1886 760/1219/1886
f 754/1220/1887 762/1222/1887 761/1221/1887
f 755/1209/1888 763/1224/1888 762/1222/1888
f 764/1223/1889 771/1230/1889 763/1224/1889
f 757/1211/1890 765/1225/1890 764/1223/1890
f 758/1213/1891 766/1226/1891 765/1225/1891
f 759/1215/1892 767/1227/1892 766/1226/1892
f 760/1219/1893 768/1236/1893 767/1227/1893
f 769/1228/1894 768/1236/1894 760/1219/1894
f 770/1229/1895 769/1228/1895 761/1221/1895
f 771/1230/1896 770/1229/1896 762/1222/1896
f 764/1223/1897 772/1232/1897 779/1231/1897
f 765/1225/1898 773/1233/1898 772/1232/1898
f 766/1226/1899 774/1242/1899 773/1233/1899
f 775/1234/1900 774/1242/1900 766/1226/1900
f 776/1235/1901 775/1234/1901 767/1227/1901
f 777/1237/1902 776/1235/1902 768/1236/1902
f 778/1238/1903 777/1237/1903 769/1228/1903
f 771/1230/1904 779/1231/1904 778/1238/1904
f 772/1232/1905 780/1240/1905 787/1239/1905
f 773/1233/1906 781/1249/1906 780/1240/1906
f 782/1241/1907 781/1249/1907 773/1233/1907
f 783/1243/1908 782/1241/1908 774/1242/1908
f 784/1244/1909 783/1243/1909 775/1234/1909
f 785/1245/1910 784/1244/1910 776/1235/1910
f 778/1238/1911 786/1246/1911 785/1245/1911
f 779/1231/1912 787/1239/1912 786/1246/1912
f 780/1240/1913 788/1256/1913 795/1247/1913
f 789/1248/1914 788/1256/1914 780/1240/1914
f 790/1250/1915 789/1248/1915 781/1249/1915
f 791/1251/1916 790/1250/1916 782/1241/1916
f 792/1252/1917 791/1251/1917 783/1243/1917
f 785/1245/1918 793/1253/1918 792/1252/1918
f 786/1246/1919 794/1254/1919 793/1253/1919
f 787/1239/1920 795/1247/1920 794/1254/1920
f 796/1255/1921 803/1262/1921 795/1247/1921
f 797/1257/1922 796/1255/1922 788/1256/1922
f 798/1258/1923 797/1257/1923 789/1248/1923
f 799/1259/1924 798/1258/1924 790/1250/1924
f 792/1252/1925 800/1260/1925 799/1259/1925
f 793/1253/1926 801/1261/1926 800/1260/1926
f 794/1254/1927 802/1269/1927 801/1261/1927
f 803/1262/796 802/1269/796 794/1254/796
f 804/1263/1928 811/1270/1928 803/1262/1928
f 797/1257/1929 805/1264/1929 804/1263/1929
f 798/1258/1930 806/1265/1930 805/1264/1930
f 799/1259/1931 807/1266/1931 806/1265/1931
f 800/1260/1932 808/1271/1932 807/1266/1932
f 809/1267/1933 808/1271/1933 800/1260/1933
f 810/1268/1934 809/1267/1934 801/1261/1934
f 811/1270/1935 810/1268/1935 802/1269/1935
f 804/1263/1936 748/1210/1936 755/1209/1936
f 805/1264/1937 749/1212/1937 748/1210/1937
f 750/1214/1938 749/1212/1938 805/1264/1938
f 751/1216/1939 750/1214/1939 806/1265/1939
f 752/1217/1940 751/1216/1940 807/1266/1940
f 753/1218/1941 752/1217/1941 808/1271/1941
f 810/1268/1942 754/1220/1942 753/1218/1942
f 811/1270/1943 755/1209/1943 754/1220/1943
f 817/1272/1944 813/1276/1944 815/1273/1944
f 815/1273/1945 816/1277/1945 819/1275/1945
f 813/1276/1946 817/1272/1946 819/1275/1946
f 818/1274/1947 819/1275/1947 812/1278/1947
f 812/1278/1948 817/1272/1948 818/1274/1948
f 825/1280/1949 821/1284/1949 823/1281/1949
f 823/1281/1950 824/1285/1950 827/1283/1950
f 821/1284/1951 825/1280/1951 827/1283/1951
f 826/1282/1952 827/1283/1952 820/1286/1952
f 820/1286/1953 825/1280/1953 826/1282/1953
f 830/1288/1954 829/1300/1954 851/1289/1954
f 857/1293/1955 828/1306/1955 833/1295/1955
f 833/1295/1956 834/1291/1956 857/1293/1956
f 832/1294/1957 845/1297/1957 834/1291/1957
f 832/1294/586 831/1302/586 835/1296/586
f 835/1296/586 831/1302/586 830/1288/586
f 830/1288/1958 850/1290/1958 835/1296/1958
f 850/1290/1959 853/1309/1959 852/1298/1959
f 840/1288/1960 848/1303/1960 847/1299/1960
f 843/1295/1961 837/1306/1961 855/1301/1961
f 855/1301/1962 854/1308/1962 844/1291/1962
f 844/1291/1963 845/1297/1963 842/1294/1963
f 842/1294/1964 845/1297/1964 846/1296/1964
f 840/1288/579 841/1302/579 846/1296/579
f 846/1296/1965 849/1305/1965 848/1303/1965
f 835/1296/1966 852/1298/1966 849/1305/1966
f 828/1306/1967 857/1293/1967 855/1301/1967
f 847/1299/1968 851/1289/1968 829/1300/1968
f 849/1305/1969 852/1298/1969 853/1309/1969
f 854/1308/1970 856/1292/1970 834/1291/1970
f 863/1310/1971 859/1314/1971 861/1311/1971
f 861/1311/1972 862/1315/1972 865/1313/1972
f 859/1314/1973 863/1310/1973 865/1313/1973
f 864/1312/1974 865/1313/1974 858/1316/1974
f 858/1316/1975 863/1310/1975 864/1312/1975
f 871/1318/1976 867/1322/1976 869/1319/1976
f 869/1319/1977 870/1323/1977 873/1321/1977
f 867/1322/1978 871/1318/1978 873/1321/1978
f 872/1320/1979 873/1321/1979 866/1324/1979
f 866/1324/1980 871/1318/1980 872/1320/1980
f 879/1326/1981 875/1330/1981 877/1327/1981
f 877/1327/1982 878/1331/1982 881/1329/1982
f 875/1330/1983 879/1326/1983 881/1329/1983
f 880/1328/1984 881/1329/1984 874/1332/1984
f 874/1332/1985 879/1326/1985 880/1328/1985
f 884/1334/1986 883/1346/1986 905/1335/1986
f 911/1339/1987 882/1352/1987 887/1341/1987
f 887/1341/1988 888/1337/1988 911/1339/1988
f 886/1340/1989 899/1343/1989 888/1337/1989
f 886/1340/579 885/1348/579 889/1342/579
f 889/1342/579 885/1348/579 884/1334/579
f 884/1334/1990 904/1336/1990 889/1342/1990
f 904/1336/1991 907/1355/1991 906/1344/1991
f 894/1334/1992 902/1349/1992 901/1345/1992
f 897/1341/1993 891/1352/1993 909/1347/1993
f 909/1347/1994 908/1354/1994 898/1337/1994
f 898/1337/1995 899/1343/1995 896/1340/1995
f 896/1340/1996 899/1343/1996 900/1342/1996
f 894/1334/1997 895/1348/1997 900/1342/1997
f 900/1342/1998 903/1351/1998 902/1349/1998
f 889/1342/877 906/1344/877 903/1351/877
f 882/1352/1999 911/1339/1999 909/1347/1999
f 901/1345/2000 905/1335/2000 883/1346/2000
f 903/1351/2001 906/1344/2001 907/1355/2001
f 910/1338/2002 888/1337/2002 898/1337/2002
f 917/1356/2003 913/1360/2003 915/1357/2003
f 915/1357/2004 916/1361/2004 919/1359/2004
f 913/1360/2005 917/1356/2005 919/1359/2005
f 918/1358/2006 919/1359/2006 912/1362/2006
f 912/1362/2007 917/1356/2007 918/1358/2007
f 922/1364/2008 921/1364/2008 943/1365/2008
f 949/1369/2009 920/1364/2009 925/1364/2009
f 925/1364/2010 926/1367/2010 949/1369/2010
f 924/1364/2011 937/1371/2011 926/1367/2011
f 924/1364/898 923/1364/898 927/1370/898
f 927/1370/898 923/1364/898 922/1364/898
f 922/1364/2012 942/1366/2012 927/1370/2012
f 942/1366/898 945/1386/898 944/1372/898
f 932/1373/2013 940/1380/2013 939/1374/2013
f 935/1378/2014 929/1383/2014 947/1376/2014
f 947/1376/2015 946/1385/2015 936/1377/2015
f 936/1377/2016 937/1371/2016 934/1378/2016
f 934/1378/2017 937/1371/2017 938/1379/2017
f 932/1373/2018 933/1378/2018 938/1379/2018
f 938/1379/2019 941/1382/2019 940/1380/2019
f 927/1370/908 944/1372/908 941/1382/908
f 920/1364/2020 949/1369/2020 947/1376/2020
f 943/1365/2021 921/1364/2021 931/1375/2021
f 941/1382/2022 944/1372/2022 945/1386/2022
f 948/1368/2023 926/1367/2023 936/1377/2023
f 955/1387/2024 951/1391/2024 953/1388/2024
f 953/1388/2025 954/1392/2025 957/1390/2025
f 951/1391/2026 955/1387/2026 957/1390/2026
f 956/1389/2027 957/1390/2027 950/1393/2027
f 950/1393/2028 955/1387/2028 956/1389/2028
f 963/1387/2029 959/1398/2029 961/1395/2029
f 961/1395/2030 962/1399/2030 965/1397/2030
f 959/1398/2031 963/1387/2031 965/1397/2031
f 964/1396/2027 965/1397/2027 958/1400/2027
f 958/1400/2032 963/1387/2032 964/1396/2032
f 968/1402/2033 967/1402/2033 989/1403/2033
f 995/1407/2034 966/1402/2034 971/1402/2034
f 971/1402/2035 972/1405/2035 995/1407/2035
f 970/1402/2036 983/1409/2036 972/1405/2036
f 970/1402/933 969/1402/933 973/1408/933
f 973/1408/933 969/1402/933 968/1402/933
f 968/1402/2037 988/1404/2037 973/1408/2037
f 988/1404/2038 991/1423/2038 990/1410/2038
f 978/1411/2039 986/1418/2039 985/1412/2039
f 981/1415/2040 975/1411/2040 993/1413/2040
f 993/1413/2041 992/1422/2041 982/1414/2041
f 982/1414/2042 983/1409/2042 980/1411/2042
f 980/1411/2043 983/1409/2043 984/1416/2043
f 978/1411/2044 979/1417/2044 984/1416/2044
f 984/1416/2045 987/1420/2045 986/1418/2045
f 973/1408/2046 990/1410/2046 987/1420/2046
f 966/1402/2047 995/1407/2047 993/1413/2047
f 985/1412/2048 989/1403/2048 967/1402/2048
f 987/1420/2049 990/1410/2049 991/1423/2049
f 994/1406/2050 972/1405/2050 982/1414/2050
f 1001/1424/2051 997/1428/2051 999/1425/2051
f 999/1425/2052 1000/1429/2052 1003/1427/2052
f 997/1428/958 1001/1424/958 1003/1427/958
f 1002/1426/2053 1003/1427/2053 996/1430/2053
f 996/1430/2054 1001/1424/2054 1002/1426/2054
f 1009/1424/2055 1005/1434/2055 1007/1425/2055
f 1007/1425/2056 1008/1435/2056 1011/1433/2056
f 1005/1434/2057 1009/1424/2057 1011/1433/2057
f 1010/1432/2058 1011/1433/2058 1004/1436/2058
f 1004/1436/2059 1009/1424/2059 1010/1432/2059
f 1015/1438/2060 1013/1443/2060 1017/1439/2060
f 1019/1441/2061 1016/1442/2061 1015/1438/2061
f 1013/1443/2062 1016/1442/2062 1019/1441/2062
f 1012/1444/2063 1019/1441/2063 1018/1440/2063
f 1018/1440/2064 1017/1439/2064 1012/1444/2064
f 1023/1446/2065 1021/1451/2065 1025/1447/2065
f 1027/1449/2066 1024/1450/2066 1023/1446/2066
f 1021/1451/2067 1024/1450/2067 1027/1449/2067
f 1020/1452/2068 1027/1449/2068 1026/1448/2068
f 1026/1448/2069 1025/1447/2069 1020/1452/2069
f 1030/1454/2070 1050/1464/2070 1051/1455/2070
f 1033/1459/2071 1028/1472/2071 1057/1457/2071
f 1057/1457/2072 1056/1474/2072 1034/1458/2072
f 1034/1458/2073 1045/1469/2073 1032/1460/2073
f 1032/1460/2074 1045/1469/2074 1035/1461/2074
f 1030/1454/586 1031/1462/586 1035/1461/586
f 1052/1463/586 1053/1475/586 1050/1464/586
f 1030/1454/2075 1035/1461/2075 1050/1464/2075
f 1040/1454/2076 1039/1456/2076 1047/1465/2076
f 1055/1468/2077 1037/1472/2077 1043/1459/2077
f 1043/1459/2078 1044/1458/2078 1055/1468/2078
f 1042/1460/2079 1045/1469/2079 1044/1458/2079
f 1042/1460/579 1041/1462/579 1046/1461/579
f 1046/1461/579 1041/1462/579 1040/1454/579
f 1040/1454/2080 1048/1466/2080 1046/1461/2080
f 1035/1461/990 1046/1461/990 1049/1470/990
f 1028/1472/2081 1037/1472/2081 1055/1468/2081
f 1047/1465/2082 1039/1456/2082 1029/1456/2082
f 1049/1470/990 1036/1471/990 1053/1475/990
f 1054/1467/2083 1044/1458/2083 1034/1458/2083
f 1061/1476/2084 1059/1481/2084 1063/1477/2084
f 1065/1479/2085 1062/1480/2085 1061/1476/2085
f 1059/1481/2086 1062/1480/2086 1065/1479/2086
f 1058/1482/2087 1065/1479/2087 1064/1478/2087
f 1064/1478/2088 1063/1477/2088 1058/1482/2088
f 1069/1484/2089 1067/1489/2089 1071/1485/2089
f 1073/1487/2090 1070/1488/2090 1069/1484/2090
f 1067/1489/2091 1070/1488/2091 1073/1487/2091
f 1066/1490/2092 1073/1487/2092 1072/1486/2092
f 1072/1486/2093 1071/1485/2093 1066/1490/2093
f 1077/1492/2094 1075/1497/2094 1079/1493/2094
f 1081/1495/2095 1078/1496/2095 1077/1492/2095
f 1075/1497/1017 1078/1496/1017 1081/1495/1017
f 1074/1498/2096 1081/1495/2096 1080/1494/2096
f 1080/1494/2097 1079/1493/2097 1074/1498/2097
f 1084/1500/2098 1104/1510/2098 1105/1501/2098
f 1087/1505/2099 1082/1518/2099 1111/1503/2099
f 1111/1503/2100 1110/1520/2100 1088/1504/2100
f 1088/1504/2101 1099/1515/2101 1086/1506/2101
f 1086/1506/579 1099/1515/579 1089/1507/579
f 1084/1500/579 1085/1508/579 1089/1507/579
f 1106/1509/579 1107/1521/579 1104/1510/579
f 1084/1500/2102 1089/1507/2102 1104/1510/2102
f 1094/1500/2103 1093/1502/2103 1101/1511/2103
f 1109/1514/2104 1091/1518/2104 1097/1505/2104
f 1097/1505/2105 1098/1504/2105 1109/1514/2105
f 1096/1506/2106 1099/1515/2106 1098/1504/2106
f 1096/1506/2107 1095/1508/2107 1100/1507/2107
f 1100/1507/2108 1095/1508/2108 1094/1500/2108
f 1094/1500/2109 1102/1512/2109 1100/1507/2109
f 1089/1507/1031 1100/1507/1031 1103/1516/1031
f 1082/1518/2110 1091/1518/2110 1109/1514/2110
f 1101/1511/2111 1093/1502/2111 1083/1502/2111
f 1103/1516/1031 1090/1517/1031 1107/1521/1031
f 1098/1504/2112 1088/1504/2112 1110/1520/2112
f 1115/1522/2113 1113/1527/2113 1117/1523/2113
f 1119/1525/2114 1116/1526/2114 1115/1522/2114
f 1113/1527/2115 1116/1526/2115 1119/1525/2115
f 1112/1528/2116 1119/1525/2116 1118/1524/2116
f 1118/1524/2117 1117/1523/2117 1112/1528/2117
f 1122/1530/2118 1142/1536/2118 1143/1531/2118
f 1125/1530/2119 1120/1530/2119 1149/1532/2119
f 1149/1532/2120 1148/1549/2120 1126/1533/2120
f 1126/1533/2121 1137/1545/2121 1124/1530/2121
f 1124/1530/898 1137/1545/898 1127/1534/898
f 1122/1530/898 1123/1530/898 1127/1534/898
f 1144/1535/898 1145/1551/898 1142/1536/898
f 1122/1530/2122 1127/1534/2122 1142/1536/2122
f 1132/1537/2123 1131/1550/2123 1139/1538/2123
f 1147/1542/2124 1129/1848/2124 1135/1543/2124
f 1135/1543/2125 1136/1540/2125 1147/1542/2125
f 1134/1543/2126 1137/1545/2126 1136/1540/2126
f 1134/1543/2127 1133/1543/2127 1138/1544/2127
f 1138/1544/2128 1133/1543/2128 1132/1537/2128
f 1132/1537/2129 1140/1539/2129 1138/1544/2129
f 1127/1534/1062 1138/1544/1062 1141/1546/1062
f 1120/1530/2130 1129/1848/2130 1147/1542/2130
f 1131/1550/2131 1121/1530/2131 1143/1531/2131
f 1141/1546/2132 1128/1547/2132 1145/1551/2132
f 1136/1540/2133 1126/1533/2133 1148/1549/2133
f 1153/1552/2134 1151/1557/2134 1155/1553/2134
f 1157/1555/2135 1154/1556/2135 1153/1552/2135
f 1151/1557/2136 1154/1556/2136 1157/1555/2136
f 1150/1558/2137 1157/1555/2137 1156/1554/2137
f 1156/1554/2138 1155/1553/2138 1150/1558/2138
f 1161/1560/2139 1159/1564/2139 1163/1553/2139
f 1165/1562/2140 1162/1563/2140 1161/1560/2140
f 1159/1564/2141 1162/1563/2141 1165/1562/2141
f 1158/1565/2137 1165/1562/2137 1164/1561/2137
f 1164/1561/2142 1163/1553/2142 1158/1565/2142
f 1168/1567/2143 1188/1573/2143 1189/1568/2143
f 1171/1567/2144 1166/1567/2144 1195/1569/2144
f 1195/1569/2145 1194/1586/2145 1172/1570/2145
f 1172/1570/2146 1183/1582/2146 1170/1567/2146
f 1170/1567/933 1183/1582/933 1173/1571/933
f 1168/1567/933 1169/1567/933 1173/1571/933
f 1190/1572/933 1191/1587/933 1188/1573/933
f 1168/1567/2147 1173/1571/2147 1188/1573/2147
f 1178/1574/2148 1177/1574/2148 1185/1575/2148
f 1193/1579/2149 1175/1574/2149 1181/1580/2149
f 1181/1580/2150 1182/1577/2150 1193/1579/2150
f 1180/1574/2151 1183/1582/2151 1182/1577/2151
f 1180/1574/2152 1179/1849/2152 1184/1581/2152
f 1184/1581/2153 1179/1849/2153 1178/1574/2153
f 1178/1574/2154 1186/1576/2154 1184/1581/2154
f 1173/1571/1096 1184/1581/1096 1187/1583/1096
f 1166/1567/2155 1175/1574/2155 1193/1579/2155
f 1185/1575/2156 1177/1574/2156 1167/1567/2156
f 1187/1583/1096 1174/1584/1096 1191/1587/1096
f 1182/1577/2157 1172/1570/2157 1194/1586/2157
f 1199/1588/2158 1197/1593/2158 1201/1589/2158
f 1203/1591/2159 1200/1592/2159 1199/1588/2159
f 1197/1593/1111 1200/1592/1111 1203/1591/1111
f 1196/1594/2160 1203/1591/2160 1202/1590/2160
f 1202/1590/2161 1201/1589/2161 1196/1594/2161
f 1207/1588/2162 1205/1599/2162 1209/1589/2162
f 1211/1597/2163 1208/1598/2163 1207/1588/2163
f 1205/1599/2164 1208/1598/2164 1211/1597/2164
f 1204/1600/2160 1211/1597/2160 1210/1596/2160
f 1210/1596/2165 1209/1589/2165 1204/1600/2165
f 1214/1602/2166 1213/1850/2166 1235/1603/2166
f 1241/1607/2167 1212/1851/2167 1217/1609/2167
f 1217/1609/2168 1218/1605/2168 1241/1607/2168
f 1216/1608/2169 1229/1611/2169 1218/1605/2169
f 1216/1608/2170 1215/1852/2170 1219/1610/2170
f 1219/1610/2171 1215/1852/2171 1214/1602/2171
f 1214/1602/2172 1234/1604/2172 1219/1610/2172
f 1234/1604/2173 1237/1637/2173 1236/1612/2173
f 1224/1613/2174 1232/1635/2174 1231/1614/2174
f 1227/1618/2175 1221/1630/2175 1239/1616/2175
f 1239/1616/2176 1238/1633/2176 1228/1617/2176
f 1228/1619/2177 1229/1611/2177 1226/1620/2177
f 1226/1620/2178 1229/1611/2178 1230/1622/2178
f 1224/1625/2179 1225/1623/2179 1230/1622/2179
f 1230/1622/2180 1233/1628/2180 1232/1624/2180
f 1219/1610/2181 1236/1612/2181 1233/1628/2181
f 1212/1629/2182 1241/1639/2182 1239/1616/2182
f 1231/1614/2183 1235/1627/2183 1213/1636/2183
f 1233/1628/2184 1236/1612/2184 1237/1637/2184
f 1238/1633/2185 1240/1632/2185 1218/1638/2185
f 1242/1641/2186 1243/1644/2186 1245/1642/2186
f 1245/1642/2187 1246/1645/2187 1242/1641/2187
f 1247/1646/2188 1248/1649/2188 1250/1647/2188
f 1250/1647/2189 1251/1650/2189 1247/1646/2189
f 1252/1651/2190 1253/1654/2190 1255/1652/2190
f 1255/1652/2191 1256/1655/2191 1252/1651/2191
f 1257/1656/2192 1258/1659/2192 1260/1657/2192
f 1260/1657/2193 1261/1660/2193 1257/1656/2193
f 1264/1661/2194 1284/1673/2194 1285/1662/2194
f 1267/1666/2195 1262/1853/2195 1291/1664/2195
f 1291/1664/2196 1290/1697/2196 1268/1665/2196
f 1268/1665/2197 1279/1688/2197 1266/1667/2197
f 1266/1668/2198 1279/1685/2198 1269/1669/2198
f 1264/1661/2199 1265/1854/2199 1269/1671/2199
f 1286/1672/2200 1287/1694/2200 1284/1673/2200
f 1264/1661/2201 1269/1671/2201 1284/1673/2201
f 1274/1674/2202 1273/1855/2202 1281/1675/2202
f 1289/1679/2203 1271/1856/2203 1277/1857/2203
f 1277/1857/2204 1278/1677/2204 1289/1679/2204
f 1276/1680/2205 1279/1688/2205 1278/1681/2205
f 1276/1683/2206 1275/1858/2206 1280/1684/2206
f 1280/1687/2207 1275/1859/2207 1274/1674/2207
f 1274/1674/2208 1282/1676/2208 1280/1687/2208
f 1269/1671/2209 1280/1687/2209 1283/1686/2209
f 1262/1690/2210 1271/1856/2210 1289/1679/2210
f 1281/1675/2211 1273/1855/2211 1263/1663/2211
f 1283/1686/2212 1270/1689/2212 1287/1694/2212
f 1288/1678/2213 1278/1677/2213 1268/1695/2213
f 1295/1698/2214 1293/1702/2214 1292/1699/2214
f 1292/1699/2215 1296/1701/2215 1295/1698/2215
f 1300/1703/2216 1298/1707/2216 1297/1704/2216
f 1297/1704/2217 1301/1706/2217 1300/1703/2217
f 1305/1708/2218 1303/1712/2218 1302/1709/2218
f 1302/1709/2219 1306/1711/2219 1305/1708/2219
f 1310/1713/2220 1308/1717/2220 1307/1714/2220
f 1307/1714/2221 1311/1716/2221 1310/1713/2221
f 1315/1718/1194 1319/1719/1194 1317/1719/1194
f 1312/1720/1195 1316/1721/1195 1318/1721/1195
f 1314/1720/898 1318/1721/898 1319/1719/898
f 1322/1722/1195 1323/1723/1195 1321/1723/1195
f 1325/1724/1194 1327/1724/1194 1326/1725/1194
f 1323/1723/579 1327/1724/579 1325/1724/579
f 1320/1722/586 1324/1725/586 1326/1725/586
f 1322/1722/898 1326/1725/898 1327/1724/898
f 1321/1723/933 1325/1724/933 1324/1725/933
f 1313/1718/933 1317/1719/933 1316/1721/933
