# Blender 4.4.0
# www.blender.org
mtllib Prop_Wood_Pile_03.mtl
o Prop_Wood_Pile_03
v -0.557177 0.000067 -0.365684
v -0.519201 0.066268 -0.365684
v -0.444378 0.065597 -0.365684
v -0.407532 -0.001274 -0.365684
v -0.557177 0.000067 0.286895
v -0.519201 0.066268 0.286895
v -0.444378 0.065597 0.286895
v -0.407532 -0.001274 0.286895
v -0.574751 0.000224 -0.369825
v -0.527855 0.081975 -0.369825
v -0.435458 0.081147 -0.369825
v -0.389958 -0.001431 -0.369825
v -0.574751 0.000224 0.291036
v -0.527855 0.081974 0.291036
v -0.435458 0.081146 0.291036
v -0.389958 -0.001432 0.291036
v -0.566004 0.041099 -0.369825
v -0.397994 0.039858 -0.369825
v -0.566004 0.041099 0.291036
v -0.397994 0.039857 0.291036
v -0.550106 0.033167 -0.365684
v -0.414052 0.032162 -0.365684
v -0.550106 0.033167 0.286895
v -0.414052 0.032162 0.286895
v 0.526591 0.000099 -0.277409
v 0.566386 0.069471 -0.277409
v 0.644792 0.068768 -0.277409
v 0.683403 -0.001306 -0.277409
v 0.526591 0.000099 0.315072
v 0.566386 0.069470 0.315072
v 0.644792 0.068768 0.315072
v 0.683403 -0.001306 0.315072
v 0.508175 0.000264 -0.281168
v 0.557317 0.085930 -0.281168
v 0.654139 0.085062 -0.281168
v 0.701819 -0.001471 -0.281168
v 0.508175 0.000264 0.318831
v 0.557317 0.085929 0.318831
v 0.654139 0.085062 0.318831
v 0.701819 -0.001471 0.318831
v 0.517341 0.043097 -0.281168
v 0.693398 0.041795 -0.281168
v 0.517341 0.043097 0.318831
v 0.693398 0.041795 0.318831
v 0.534000 0.034785 -0.277409
v 0.676571 0.033731 -0.277409
v 0.534000 0.034785 0.315072
v 0.676571 0.033731 0.315072
v 0.487699 0.024880 -0.277409
v 0.469991 0.102871 -0.277409
v 0.528151 0.155459 -0.277409
v 0.604018 0.130056 -0.277409
v 0.487700 0.024880 0.315072
v 0.469992 0.102871 0.315072
v 0.528151 0.155458 0.315072
v 0.604019 0.130055 0.315072
v 0.474039 0.012529 -0.281168
v 0.452172 0.108838 -0.281168
v 0.523992 0.173777 -0.281168
v 0.617679 0.142408 -0.281168
v 0.474039 0.012528 0.318831
v 0.452172 0.108837 0.318832
v 0.523992 0.173777 0.318832
v 0.617679 0.142407 0.318832
v 0.451772 0.050250 -0.281168
v 0.582179 0.168536 -0.281168
v 0.451772 0.050249 0.318831
v 0.582180 0.168536 0.318832
v 0.469658 0.055418 -0.277409
v 0.575261 0.151205 -0.277409
v 0.469658 0.055417 0.315072
v 0.575261 0.151205 0.315072
v 0.407100 0.114996 0.328218
v 0.348406 0.114484 0.328218
v 0.319503 0.063398 0.328218
v 0.349293 0.012824 0.328218
v 0.407987 0.013336 0.328218
v 0.436890 0.064422 0.328218
v 0.407100 0.114996 -0.263569
v 0.348406 0.114484 -0.263569
v 0.319503 0.063398 -0.263569
v 0.349293 0.012824 -0.263569
v 0.407987 0.013336 -0.263569
v 0.436890 0.064422 -0.263569
v 0.341409 0.126363 0.331973
v 0.413889 0.126996 0.331973
v 0.305717 0.063278 0.331973
v 0.342505 0.000825 0.331973
v 0.414984 0.001457 0.331973
v 0.450676 0.064543 0.331973
v 0.341409 0.126363 -0.267324
v 0.413889 0.126996 -0.267324
v 0.305717 0.063278 -0.267324
v 0.342505 0.000825 -0.267324
v 0.414984 0.001457 -0.267324
v 0.450676 0.064543 -0.267324
v 0.271729 0.095705 0.316546
v 0.222953 0.095280 0.316546
v 0.198933 0.052826 0.316546
v 0.223690 0.010797 0.316546
v 0.272466 0.011223 0.316546
v 0.296485 0.053677 0.316546
v 0.271729 0.095705 -0.297834
v 0.222953 0.095280 -0.297834
v 0.198934 0.052826 -0.297834
v 0.223690 0.010797 -0.297834
v 0.272466 0.011223 -0.297834
v 0.296485 0.053677 -0.297834
v 0.217138 0.105151 0.320444
v 0.277370 0.105677 0.320444
v 0.187477 0.052726 0.320444
v 0.218048 0.000826 0.320444
v 0.278281 0.001351 0.320444
v 0.307942 0.053777 0.320444
v 0.217138 0.105151 -0.301732
v 0.277370 0.105677 -0.301732
v 0.187477 0.052726 -0.301732
v 0.218048 0.000826 -0.301732
v 0.278281 0.001351 -0.301732
v 0.307942 0.053777 -0.301732
v 0.025602 0.000099 -0.286812
v 0.065397 0.069471 -0.286812
v 0.143803 0.068768 -0.286812
v 0.182414 -0.001306 -0.286812
v 0.025602 0.000099 0.305669
v 0.065397 0.069470 0.305669
v 0.143803 0.068768 0.305669
v 0.182414 -0.001306 0.305669
v 0.007186 0.000264 -0.290571
v 0.056329 0.085930 -0.290571
v 0.153151 0.085062 -0.290571
v 0.200830 -0.001471 -0.290571
v 0.007186 0.000264 0.309428
v 0.056329 0.085929 0.309428
v 0.153151 0.085062 0.309428
v 0.200830 -0.001471 0.309428
v 0.016353 0.043097 -0.290571
v 0.192410 0.041795 -0.290571
v 0.016353 0.043097 0.309428
v 0.192410 0.041795 0.309428
v 0.033012 0.034785 -0.286812
v 0.175582 0.033731 -0.286812
v 0.033012 0.034785 0.305669
v 0.175582 0.033731 0.305669
v -0.025970 0.095705 0.316546
v -0.074746 0.095280 0.316546
v -0.098766 0.052826 0.316546
v -0.074009 0.010797 0.316546
v -0.025233 0.011223 0.316546
v -0.001214 0.053677 0.316546
v -0.025970 0.095705 -0.297834
v -0.074746 0.095280 -0.297834
v -0.098766 0.052826 -0.297834
v -0.074009 0.010797 -0.297834
v -0.025233 0.011223 -0.297834
v -0.001214 0.053677 -0.297834
v -0.080561 0.105151 0.320444
v -0.020329 0.105677 0.320444
v -0.110222 0.052726 0.320444
v -0.079651 0.000826 0.320444
v -0.019418 0.001351 0.320444
v 0.010243 0.053777 0.320444
v -0.080561 0.105151 -0.301732
v -0.020329 0.105677 -0.301732
v -0.110222 0.052726 -0.301732
v -0.079651 0.000826 -0.301732
v -0.019418 0.001351 -0.301732
v 0.010243 0.053777 -0.301732
v 0.447656 0.106023 -0.277409
v 0.429169 0.183832 -0.277409
v 0.486800 0.236999 -0.277409
v 0.562918 0.212355 -0.277409
v 0.447657 0.106022 0.315072
v 0.429170 0.183831 0.315072
v 0.486801 0.236998 0.315072
v 0.562919 0.212355 0.315072
v 0.434120 0.093535 -0.281168
v 0.411291 0.189620 -0.281168
v 0.482458 0.255275 -0.281168
v 0.576454 0.224843 -0.281168
v 0.434120 0.093534 0.318831
v 0.411292 0.189619 0.318832
v 0.482459 0.255274 0.318832
v 0.576455 0.224842 0.318831
v 0.411477 0.131031 -0.281168
v 0.540695 0.250615 -0.281168
v 0.411478 0.131030 0.318832
v 0.540696 0.250614 0.318832
v 0.429310 0.136378 -0.277409
v 0.533951 0.233217 -0.277409
v 0.429311 0.136377 0.315072
v 0.533952 0.233216 0.315072
v 0.365464 0.242897 0.328068
v 0.306943 0.238369 0.328068
v 0.281603 0.185425 0.328068
v 0.314785 0.137008 0.328068
v 0.373306 0.141535 0.328068
v 0.398645 0.194480 0.328068
v 0.365464 0.242897 -0.287315
v 0.306943 0.238369 -0.287315
v 0.281603 0.185425 -0.287315
v 0.314785 0.137008 -0.287315
v 0.373306 0.141535 -0.287315
v 0.398645 0.194480 -0.287315
v 0.299149 0.249741 0.331973
v 0.371416 0.255332 0.331973
v 0.267858 0.184361 0.331973
v 0.308833 0.124572 0.331973
v 0.381099 0.130163 0.331973
v 0.412391 0.195543 0.331973
v 0.299149 0.249741 -0.291219
v 0.371416 0.255332 -0.291219
v 0.267858 0.184361 -0.291219
v 0.308833 0.124572 -0.291219
v 0.381100 0.130163 -0.291219
v 0.412391 0.195543 -0.291219
v 0.428187 0.354767 0.340070
v 0.374907 0.330141 0.340070
v 0.369594 0.271686 0.340070
v 0.417560 0.237857 0.340070
v 0.470840 0.262483 0.340070
v 0.476154 0.320938 0.340070
v 0.428187 0.354767 -0.270968
v 0.374907 0.330141 -0.270968
v 0.369594 0.271686 -0.270968
v 0.417560 0.237857 -0.270968
v 0.470840 0.262483 -0.270968
v 0.476154 0.320938 -0.270968
v 0.363640 0.338087 0.343947
v 0.429435 0.368497 0.343947
v 0.357079 0.265902 0.343947
v 0.416312 0.224128 0.343947
v 0.482107 0.254538 0.343947
v 0.488668 0.326722 0.343947
v 0.363641 0.338087 -0.274845
v 0.429435 0.368497 -0.274845
v 0.357079 0.265902 -0.274845
v 0.416312 0.224128 -0.274845
v 0.482107 0.254538 -0.274845
v 0.488668 0.326722 -0.274845
v 0.312446 0.369083 0.340234
v 0.254237 0.361537 0.340234
v 0.231668 0.307353 0.340234
v 0.267308 0.260716 0.340234
v 0.325517 0.268263 0.340234
v 0.348086 0.322446 0.340234
v 0.312446 0.369083 -0.244807
v 0.254237 0.361537 -0.244807
v 0.231668 0.307353 -0.244807
v 0.267308 0.260716 -0.244807
v 0.325517 0.268263 -0.244807
v 0.348086 0.322446 -0.244807
v 0.245866 0.372491 0.343947
v 0.317747 0.381810 0.343947
v 0.217996 0.305581 0.343947
v 0.262007 0.247990 0.343947
v 0.333888 0.257309 0.343947
v 0.361758 0.324219 0.343947
v 0.245866 0.372491 -0.248519
v 0.317747 0.381810 -0.248519
v 0.217996 0.305581 -0.248519
v 0.262007 0.247990 -0.248519
v 0.333888 0.257309 -0.248519
v 0.361758 0.324219 -0.248519
v 0.386842 0.470219 0.340389
v 0.331020 0.452077 0.340389
v 0.318820 0.394663 0.340389
v 0.362443 0.355390 0.340389
v 0.418265 0.373532 0.340389
v 0.430464 0.430946 0.340389
v 0.386842 0.470219 -0.220350
v 0.331020 0.452077 -0.220350
v 0.318821 0.394663 -0.220350
v 0.362443 0.355390 -0.220350
v 0.418265 0.373532 -0.220350
v 0.430464 0.430946 -0.220350
v 0.320774 0.461301 0.343947
v 0.389707 0.483704 0.343947
v 0.305709 0.390402 0.343947
v 0.359577 0.341905 0.343947
v 0.428511 0.364308 0.343947
v 0.443576 0.435208 0.343947
v 0.320774 0.461301 -0.223908
v 0.389708 0.483704 -0.223908
v 0.305709 0.390402 -0.223908
v 0.359577 0.341905 -0.223908
v 0.428511 0.364308 -0.223908
v 0.443576 0.435208 -0.223908
v 0.267259 0.492215 0.340070
v 0.209193 0.483641 0.340070
v 0.187585 0.429067 0.340070
v 0.224044 0.383067 0.340070
v 0.282111 0.391642 0.340070
v 0.303718 0.446216 0.340070
v 0.267259 0.492215 -0.270875
v 0.209193 0.483641 -0.270875
v 0.187585 0.429067 -0.270875
v 0.224044 0.383067 -0.270875
v 0.282111 0.391642 -0.270875
v 0.303718 0.446216 -0.270875
v 0.200629 0.494445 0.343947
v 0.272334 0.505034 0.343947
v 0.173947 0.427053 0.343947
v 0.218969 0.370249 0.343947
v 0.290674 0.380837 0.343947
v 0.317356 0.448230 0.343947
v 0.200629 0.494445 -0.274751
v 0.272334 0.505034 -0.274751
v 0.173947 0.427053 -0.274751
v 0.218969 0.370249 -0.274751
v 0.290674 0.380837 -0.274751
v 0.317357 0.448230 -0.274751
v 0.322647 0.460568 0.326428
v 0.329166 0.510766 0.326428
v 0.375204 0.529300 0.326428
v 0.414722 0.497636 0.326428
v 0.322648 0.460567 -0.183059
v 0.329167 0.510765 -0.183059
v 0.375204 0.529299 -0.183059
v 0.414723 0.497634 -0.183059
v 0.311834 0.456215 0.329661
v 0.319884 0.518204 0.329660
v 0.376735 0.541090 0.329660
v 0.425536 0.501989 0.329661
v 0.311834 0.456214 -0.186292
v 0.319884 0.518202 -0.186292
v 0.376735 0.541089 -0.186292
v 0.425536 0.501987 -0.186292
v 0.306847 0.483487 0.329660
v 0.410156 0.525265 0.329660
v 0.306848 0.483486 -0.186292
v 0.410156 0.525264 -0.186292
v 0.318601 0.482650 0.326428
v 0.402260 0.516482 0.326428
v 0.318602 0.482649 -0.183059
v 0.402260 0.516480 -0.183059
v 0.168152 0.573095 0.340592
v 0.109462 0.572283 0.340592
v 0.080820 0.521049 0.340592
v 0.110869 0.470628 0.340592
v 0.169560 0.471441 0.340592
v 0.198201 0.522674 0.340592
v 0.168152 0.573095 -0.188130
v 0.109462 0.572283 -0.188130
v 0.080821 0.521049 -0.188130
v 0.110869 0.470628 -0.188130
v 0.169560 0.471441 -0.188130
v 0.198201 0.522674 -0.188130
v 0.102404 0.584126 0.343947
v 0.174879 0.585129 0.343947
v 0.067035 0.520858 0.343947
v 0.104142 0.458594 0.343947
v 0.176618 0.459598 0.343947
v 0.211986 0.522865 0.343947
v 0.102404 0.584126 -0.191485
v 0.174879 0.585129 -0.191485
v 0.067035 0.520858 -0.191485
v 0.104142 0.458594 -0.191485
v 0.176618 0.459598 -0.191485
v 0.211986 0.522865 -0.191485
v 0.274670 0.598704 0.340898
v 0.226451 0.594555 0.340898
v 0.205935 0.550721 0.340898
v 0.233638 0.511037 0.340898
v 0.281857 0.515187 0.340898
v 0.302373 0.559020 0.340898
v 0.274670 0.598704 -0.139621
v 0.226451 0.594555 -0.139621
v 0.205935 0.550721 -0.139621
v 0.233638 0.511037 -0.139621
v 0.281857 0.515187 -0.139621
v 0.302373 0.559020 -0.139621
v 0.219944 0.603876 0.343947
v 0.279488 0.609000 0.343947
v 0.194609 0.549746 0.343947
v 0.228819 0.500741 0.343947
v 0.288364 0.505866 0.343947
v 0.313698 0.559995 0.343947
v 0.219944 0.603876 -0.142670
v 0.279488 0.609000 -0.142670
v 0.194609 0.549746 -0.142670
v 0.228819 0.500741 -0.142670
v 0.288364 0.505866 -0.142670
v 0.313698 0.559995 -0.142670
v 0.085045 0.585425 0.370721
v 0.108768 0.630141 0.370720
v 0.158382 0.631337 0.370720
v 0.184273 0.587816 0.370721
v 0.085045 0.585423 -0.132264
v 0.108768 0.630140 -0.132264
v 0.158382 0.631335 -0.132264
v 0.184273 0.587815 -0.132264
v 0.073392 0.585144 0.373912
v 0.102687 0.640364 0.373912
v 0.163954 0.641840 0.373912
v 0.195926 0.588097 0.373912
v 0.073392 0.585142 -0.135456
v 0.102687 0.640362 -0.135456
v 0.163954 0.641838 -0.135456
v 0.195926 0.588096 -0.135456
v 0.078295 0.612432 0.373912
v 0.189694 0.615291 0.373912
v 0.078295 0.612430 -0.135456
v 0.189694 0.615290 -0.135456
v 0.089007 0.607522 0.370721
v 0.179218 0.609838 0.370721
v 0.089007 0.607520 -0.132264
v 0.179218 0.609836 -0.132264
v 0.245898 0.205221 0.316318
v 0.194480 0.209847 0.316318
v 0.164765 0.167630 0.316318
v 0.186469 0.120788 0.316318
v 0.237887 0.116162 0.316318
v 0.267601 0.158379 0.316318
v 0.245898 0.205221 -0.333935
v 0.194480 0.209847 -0.333935
v 0.164765 0.167630 -0.333935
v 0.186469 0.120788 -0.333935
v 0.237887 0.116162 -0.333935
v 0.267601 0.158379 -0.333935
v 0.189382 0.220849 0.320444
v 0.252877 0.215137 0.320444
v 0.152688 0.168716 0.320444
v 0.179489 0.110872 0.320444
v 0.242984 0.105160 0.320444
v 0.279679 0.157293 0.320444
v 0.189382 0.220849 -0.338060
v 0.252877 0.215137 -0.338060
v 0.152688 0.168716 -0.338060
v 0.179489 0.110872 -0.338061
v 0.242984 0.105160 -0.338061
v 0.279679 0.157293 -0.338061
v 0.028489 0.090014 -0.189129
v 0.064494 0.148634 -0.189129
v 0.131890 0.146009 -0.189129
v 0.163281 0.084763 -0.189129
v 0.028489 0.090013 0.320522
v 0.064494 0.148634 0.320522
v 0.131890 0.146009 0.320522
v 0.163281 0.084763 0.320522
v 0.012659 0.090630 -0.192363
v 0.057121 0.163020 -0.192362
v 0.140347 0.159778 -0.192362
v 0.179111 0.084147 -0.192363
v 0.012659 0.090630 0.323755
v 0.057121 0.163019 0.323756
v 0.140347 0.159778 0.323756
v 0.179111 0.084146 0.323755
v 0.021645 0.127222 -0.192362
v 0.172987 0.121565 -0.192362
v 0.021645 0.127222 0.323756
v 0.172987 0.121564 0.323756
v 0.035754 0.119646 -0.189129
v 0.158310 0.115065 -0.189129
v 0.035754 0.119646 0.320522
v 0.158310 0.115064 0.320522
v 0.093725 0.270532 0.340917
v 0.061261 0.226935 0.340917
v 0.082785 0.177022 0.340917
v 0.136773 0.170705 0.340917
v 0.169238 0.214302 0.340917
v 0.147714 0.264216 0.340917
v 0.093725 0.270532 -0.325895
v 0.061261 0.226935 -0.325895
v 0.082785 0.177022 -0.325895
v 0.136773 0.170705 -0.325895
v 0.169238 0.214302 -0.325895
v 0.147714 0.264216 -0.325895
v 0.048580 0.228419 0.345148
v 0.088670 0.282256 0.345148
v 0.075160 0.166781 0.345148
v 0.141829 0.158981 0.345148
v 0.181919 0.212818 0.345148
v 0.155339 0.274456 0.345148
v 0.048580 0.228419 -0.330126
v 0.088670 0.282256 -0.330126
v 0.075160 0.166782 -0.330126
v 0.141829 0.158981 -0.330126
v 0.181919 0.212819 -0.330126
v 0.155339 0.274456 -0.330126
v 0.151940 0.390547 0.296400
v 0.107782 0.358850 0.296400
v 0.113153 0.304759 0.296400
v 0.162683 0.282366 0.296400
v 0.206841 0.314063 0.296400
v 0.201470 0.368154 0.296400
v 0.151940 0.390547 -0.193235
v 0.107782 0.358850 -0.193235
v 0.113153 0.304759 -0.193235
v 0.162683 0.282366 -0.193235
v 0.206841 0.314063 -0.193235
v 0.201470 0.368154 -0.193235
v 0.096148 0.364110 0.299507
v 0.150679 0.403252 0.299507
v 0.102781 0.297314 0.299507
v 0.163944 0.269661 0.299507
v 0.218475 0.308803 0.299507
v 0.211842 0.375599 0.299507
v 0.096148 0.364110 -0.196342
v 0.150679 0.403252 -0.196342
v 0.102781 0.297314 -0.196342
v 0.163944 0.269661 -0.196342
v 0.218475 0.308803 -0.196342
v 0.211842 0.375599 -0.196342
v 0.173036 0.248704 0.064799
v 0.204316 0.273152 0.064799
v 0.240234 0.258155 0.064799
v 0.244872 0.218711 0.064799
v 0.173036 0.248704 0.358911
v 0.204316 0.273151 0.358911
v 0.240234 0.258155 0.358911
v 0.244872 0.218711 0.358911
v 0.164600 0.252226 0.062933
v 0.203227 0.282417 0.062933
v 0.247581 0.263898 0.062933
v 0.253308 0.215189 0.062933
v 0.164600 0.252226 0.360777
v 0.203226 0.282416 0.360777
v 0.247581 0.263897 0.360777
v 0.253308 0.215188 0.360777
v 0.176830 0.270204 0.062933
v 0.257534 0.236658 0.062933
v 0.176830 0.270204 0.360777
v 0.257534 0.236657 0.360777
v 0.182934 0.263265 0.064799
v 0.248288 0.236099 0.064799
v 0.182934 0.263265 0.358911
v 0.248288 0.236099 0.358911
v 0.086190 0.459420 0.329483
v 0.046142 0.442294 0.329483
v 0.040951 0.399048 0.329483
v 0.075807 0.372928 0.329483
v 0.115855 0.390055 0.329483
v 0.121047 0.433301 0.329483
v 0.086191 0.459420 -0.062866
v 0.046142 0.442294 -0.062866
v 0.040951 0.399048 -0.062866
v 0.075807 0.372928 -0.062866
v 0.115855 0.390055 -0.062866
v 0.121047 0.433301 -0.062866
v 0.037955 0.448428 0.331973
v 0.087410 0.469578 0.331973
v 0.031544 0.395025 0.331973
v 0.074587 0.362771 0.331973
v 0.124042 0.383920 0.331973
v 0.130453 0.437324 0.331973
v 0.037955 0.448428 -0.065355
v 0.087410 0.469578 -0.065355
v 0.031544 0.395025 -0.065355
v 0.074587 0.362771 -0.065355
v 0.124042 0.383920 -0.065355
v 0.130453 0.437324 -0.065355
v 0.024502 0.364414 0.318679
v -0.014211 0.326256 0.318679
v -0.000522 0.273652 0.318679
v 0.051880 0.259204 0.318679
v 0.090593 0.297361 0.318679
v 0.076904 0.349966 0.318679
v 0.024502 0.364414 -0.170956
v -0.014211 0.326257 -0.170956
v -0.000522 0.273652 -0.170956
v 0.051880 0.259204 -0.170956
v 0.090593 0.297361 -0.170956
v 0.076904 0.349966 -0.170956
v -0.026519 0.329650 0.321786
v 0.021287 0.376770 0.321786
v -0.009615 0.264689 0.321786
v 0.055095 0.246848 0.321786
v 0.102901 0.293968 0.321786
v 0.085997 0.358929 0.321786
v -0.026519 0.329650 -0.174063
v 0.021287 0.376770 -0.174063
v -0.009615 0.264689 -0.174063
v 0.055095 0.246848 -0.174063
v 0.102901 0.293968 -0.174063
v 0.085997 0.358929 -0.174063
v 0.008403 0.193291 0.316697
v -0.038218 0.198301 0.316697
v -0.065868 0.160431 0.316697
v -0.046896 0.117551 0.316697
v -0.000275 0.112540 0.316697
v 0.027375 0.150411 0.316697
v 0.008403 0.193291 -0.273902
v -0.038218 0.198301 -0.273902
v -0.065868 0.160431 -0.273902
v -0.046896 0.117551 -0.273902
v -0.000275 0.112540 -0.273902
v 0.027375 0.150411 -0.273902
v -0.042674 0.208373 0.320444
v 0.014897 0.202186 0.320444
v -0.076818 0.161608 0.320444
v -0.053391 0.108656 0.320444
v 0.004181 0.102469 0.320444
v 0.038325 0.149234 0.320444
v -0.042674 0.208373 -0.277650
v 0.014897 0.202186 -0.277650
v -0.076818 0.161608 -0.277650
v -0.053391 0.108656 -0.277650
v 0.004181 0.102469 -0.277650
v 0.038325 0.149234 -0.277650
v 0.042404 0.595248 0.340002
v -0.005988 0.594567 0.340002
v -0.029594 0.552317 0.340002
v -0.004809 0.510749 0.340002
v 0.043584 0.511430 0.340002
v 0.067190 0.553679 0.340002
v 0.042404 0.595248 -0.281637
v -0.005988 0.594567 -0.281637
v -0.029594 0.552317 -0.281637
v -0.004809 0.510749 -0.281637
v 0.043584 0.511430 -0.281637
v 0.067190 0.553679 -0.281637
v -0.011810 0.604331 0.343947
v 0.047949 0.605172 0.343947
v -0.040961 0.552157 0.343947
v -0.010353 0.500825 0.343947
v 0.049406 0.501666 0.343947
v 0.078557 0.553839 0.343947
v -0.011810 0.604331 -0.285582
v 0.047949 0.605172 -0.285582
v -0.040961 0.552157 -0.285582
v -0.010353 0.500825 -0.285582
v 0.049406 0.501666 -0.285582
v 0.078557 0.553839 -0.285582
v -0.052940 0.546544 0.340616
v -0.099442 0.559956 0.340616
v -0.134308 0.526391 0.340616
v -0.122673 0.479413 0.340616
v -0.076171 0.466001 0.340616
v -0.041305 0.499567 0.340616
v -0.052941 0.546544 -0.184261
v -0.099442 0.559956 -0.184261
v -0.134308 0.526391 -0.184261
v -0.122673 0.479413 -0.184261
v -0.076171 0.466001 -0.184261
v -0.041305 0.499567 -0.184261
v -0.102175 0.570991 0.343947
v -0.044751 0.554428 0.343947
v -0.145231 0.529541 0.343947
v -0.130862 0.471529 0.343947
v -0.073438 0.454967 0.343947
v -0.030383 0.496416 0.343947
v -0.102175 0.570991 -0.187591
v -0.044751 0.554428 -0.187591
v -0.145231 0.529541 -0.187591
v -0.130862 0.471529 -0.187591
v -0.073438 0.454967 -0.187591
v -0.030383 0.496416 -0.187591
v -0.182918 0.572425 0.340447
v -0.231176 0.568753 0.340448
v -0.252125 0.525125 0.340448
v -0.224816 0.485168 0.340448
v -0.176558 0.488840 0.340448
v -0.155609 0.532469 0.340448
v -0.182918 0.572425 -0.211025
v -0.231176 0.568753 -0.211025
v -0.252125 0.525125 -0.211025
v -0.224816 0.485168 -0.211025
v -0.176558 0.488840 -0.211025
v -0.155609 0.532469 -0.211025
v -0.237590 0.578138 0.343947
v -0.177998 0.582673 0.343947
v -0.263460 0.524262 0.343947
v -0.229736 0.474921 0.343947
v -0.170144 0.479456 0.343947
v -0.144275 0.533331 0.343947
v -0.237590 0.578138 -0.214525
v -0.177998 0.582673 -0.214525
v -0.263460 0.524262 -0.214525
v -0.229736 0.474921 -0.214525
v -0.170144 0.479456 -0.214525
v -0.144275 0.533331 -0.214525
v -0.256756 0.490512 0.339989
v -0.305013 0.486840 0.339989
v -0.325962 0.443212 0.339989
v -0.298653 0.403255 0.339989
v -0.250395 0.406927 0.339989
v -0.229447 0.450556 0.339989
v -0.256756 0.490512 -0.283806
v -0.305013 0.486840 -0.283806
v -0.325962 0.443212 -0.283806
v -0.298653 0.403255 -0.283806
v -0.250395 0.406927 -0.283806
v -0.229447 0.450556 -0.283806
v -0.311428 0.496225 0.343947
v -0.251835 0.500760 0.343947
v -0.337297 0.442349 0.343947
v -0.303574 0.393008 0.343947
v -0.243981 0.397543 0.343947
v -0.218112 0.451418 0.343947
v -0.311428 0.496225 -0.287764
v -0.251835 0.500760 -0.287764
v -0.337297 0.442349 -0.287764
v -0.303574 0.393008 -0.287764
v -0.243981 0.397543 -0.287764
v -0.218112 0.451418 -0.287764
v -0.330131 0.397754 0.340147
v -0.378389 0.394082 0.340147
v -0.399338 0.350454 0.340147
v -0.372029 0.310498 0.340147
v -0.323771 0.314170 0.340147
v -0.302822 0.357798 0.340147
v -0.330131 0.397754 -0.258675
v -0.378389 0.394082 -0.258675
v -0.399338 0.350454 -0.258675
v -0.372029 0.310498 -0.258675
v -0.323771 0.314170 -0.258675
v -0.302822 0.357798 -0.258675
v -0.384803 0.403467 0.343947
v -0.325211 0.408002 0.343947
v -0.410672 0.349591 0.343947
v -0.376949 0.300250 0.343947
v -0.317357 0.304785 0.343947
v -0.291488 0.358660 0.343947
v -0.384803 0.403467 -0.262474
v -0.325211 0.408002 -0.262474
v -0.410672 0.349591 -0.262474
v -0.376949 0.300250 -0.262474
v -0.317357 0.304785 -0.262474
v -0.291488 0.358660 -0.262474
v -0.274041 0.000099 -0.286812
v -0.234246 0.069471 -0.286812
v -0.155840 0.068768 -0.286812
v -0.117229 -0.001306 -0.286812
v -0.274041 0.000099 0.305669
v -0.234246 0.069470 0.305669
v -0.155839 0.068768 0.305669
v -0.117229 -0.001306 0.305669
v -0.292457 0.000264 -0.290571
v -0.243314 0.085930 -0.290571
v -0.146492 0.085062 -0.290571
v -0.098813 -0.001471 -0.290571
v -0.292457 0.000264 0.309428
v -0.243314 0.085929 0.309428
v -0.146492 0.085062 0.309428
v -0.098813 -0.001471 0.309428
v -0.283290 0.043097 -0.290571
v -0.107233 0.041795 -0.290571
v -0.283290 0.043097 0.309428
v -0.107233 0.041795 0.309428
v -0.266631 0.034785 -0.286812
v -0.124061 0.033731 -0.286812
v -0.266631 0.034785 0.305669
v -0.124061 0.033731 0.305669
v -0.312696 0.106979 0.296324
v -0.367268 0.106503 0.296324
v -0.394142 0.059004 0.296324
v -0.366443 0.011982 0.296324
v -0.311872 0.012458 0.296324
v -0.284998 0.059957 0.296324
v -0.312696 0.106979 -0.391059
v -0.367268 0.106503 -0.391059
v -0.394141 0.059004 -0.391060
v -0.366443 0.011982 -0.391060
v -0.311872 0.012458 -0.391060
v -0.284998 0.059957 -0.391060
v -0.373774 0.117547 0.300686
v -0.306384 0.118136 0.300686
v -0.406959 0.058892 0.300686
v -0.372755 0.000825 0.300686
v -0.305366 0.001414 0.300686
v -0.272180 0.060069 0.300685
v -0.373774 0.117547 -0.395421
v -0.306384 0.118135 -0.395421
v -0.406959 0.058892 -0.395421
v -0.372755 0.000825 -0.395421
v -0.305366 0.001413 -0.395421
v -0.272180 0.060069 -0.395421
v -0.590959 0.012369 -0.286937
v -0.614135 0.073838 -0.286937
v -0.572723 0.123165 -0.286937
v -0.508136 0.111024 -0.286937
v -0.590959 0.012369 0.285904
v -0.614134 0.073838 0.285904
v -0.572723 0.123165 0.285904
v -0.508135 0.111024 0.285904
v -0.600686 0.000783 -0.290571
v -0.629305 0.076690 -0.290571
v -0.578166 0.137603 -0.290571
v -0.498409 0.122610 -0.290571
v -0.600686 0.000783 0.289538
v -0.629305 0.076689 0.289538
v -0.578166 0.137603 0.289538
v -0.498409 0.122610 0.289538
v -0.623044 0.028973 -0.290571
v -0.530231 0.139879 -0.290571
v -0.623044 0.028973 0.289538
v -0.530231 0.139879 0.289538
v -0.609072 0.035189 -0.286937
v -0.533912 0.125000 -0.286937
v -0.609071 0.035188 0.285904
v -0.533912 0.125000 0.285904
v -0.403736 0.186726 0.315915
v -0.459820 0.194833 0.315915
v -0.494883 0.150316 0.315915
v -0.473861 0.097692 0.315915
v -0.417777 0.089585 0.315915
v -0.382714 0.134102 0.315915
v -0.403736 0.186726 -0.397837
v -0.459820 0.194833 -0.397837
v -0.494883 0.150316 -0.397837
v -0.473861 0.097692 -0.397837
v -0.417777 0.089585 -0.397837
v -0.382714 0.134102 -0.397837
v -0.464758 0.207193 0.320444
v -0.395500 0.197182 0.320444
v -0.508056 0.152220 0.320444
v -0.482097 0.087235 0.320444
v -0.412839 0.077225 0.320444
v -0.369541 0.132198 0.320444
v -0.464758 0.207193 -0.402366
v -0.395500 0.197182 -0.402366
v -0.508056 0.152220 -0.402366
v -0.482097 0.087235 -0.402366
v -0.412839 0.077225 -0.402366
v -0.369541 0.132198 -0.402366
v -0.389130 0.296718 0.316379
v -0.439289 0.305159 0.316379
v -0.471679 0.265941 0.316379
v -0.453910 0.218281 0.316379
v -0.403751 0.209839 0.316379
v -0.371361 0.249058 0.316379
v -0.389130 0.296718 -0.324284
v -0.439289 0.305159 -0.324284
v -0.471679 0.265941 -0.324284
v -0.453910 0.218281 -0.324284
v -0.403751 0.209839 -0.324284
v -0.371361 0.249058 -0.324284
v -0.443462 0.316354 0.320444
v -0.381522 0.305929 0.320444
v -0.483460 0.267924 0.320444
v -0.461518 0.209070 0.320444
v -0.399577 0.198645 0.320444
v -0.359579 0.247075 0.320444
v -0.443462 0.316354 -0.328349
v -0.381522 0.305929 -0.328349
v -0.483460 0.267924 -0.328349
v -0.461518 0.209070 -0.328349
v -0.399577 0.198645 -0.328349
v -0.359579 0.247075 -0.328349
v 0.004533 0.446106 0.331956
v -0.049316 0.460045 0.331956
v -0.088311 0.420380 0.331956
v -0.073459 0.366777 0.331956
v -0.019610 0.352838 0.331956
v 0.019386 0.392502 0.331956
v 0.004533 0.446106 -0.272602
v -0.049316 0.460045 -0.272602
v -0.088311 0.420380 -0.272602
v -0.073459 0.366777 -0.272602
v -0.019610 0.352838 -0.272602
v 0.019386 0.392502 -0.272602
v -0.052804 0.472635 0.335792
v 0.013692 0.455422 0.335792
v -0.100959 0.423654 0.335792
v -0.082618 0.357460 0.335792
v -0.016122 0.340247 0.335792
v 0.032034 0.389228 0.335792
v -0.052804 0.472635 -0.276438
v 0.013692 0.455422 -0.276438
v -0.100959 0.423654 -0.276438
v -0.082618 0.357460 -0.276438
v -0.016122 0.340247 -0.276438
v 0.032033 0.389228 -0.276438
v -0.106744 0.318673 -0.002049
v -0.079769 0.346312 -0.002049
v -0.043191 0.336528 -0.002049
v -0.033587 0.299105 -0.002049
v -0.106744 0.318672 0.345643
v -0.079769 0.346311 0.345643
v -0.043191 0.336527 0.345643
v -0.033587 0.299104 0.345643
v -0.115335 0.320971 -0.004256
v -0.082025 0.355102 -0.004256
v -0.036855 0.343020 -0.004256
v -0.024996 0.296807 -0.004256
v -0.115335 0.320970 0.347849
v -0.082025 0.355101 0.347849
v -0.036855 0.343019 0.347849
v -0.024996 0.296806 0.347849
v -0.105883 0.339894 -0.004256
v -0.023715 0.318054 -0.004256
v -0.105883 0.339893 0.347849
v -0.023715 0.318053 0.347849
v -0.099096 0.333998 -0.002049
v -0.032557 0.316312 -0.002049
v -0.099096 0.333998 0.345643
v -0.032557 0.316312 0.345643
v -0.197376 0.387234 -0.032875
v -0.222964 0.421736 -0.032875
v -0.205762 0.460175 -0.032875
v -0.162971 0.464113 -0.032875
v -0.197376 0.387234 0.353836
v -0.222964 0.421736 0.353836
v -0.205761 0.460175 0.353836
v -0.162970 0.464113 0.353836
v -0.201417 0.378206 -0.035328
v -0.233015 0.420811 -0.035328
v -0.211772 0.468279 -0.035328
v -0.158930 0.473142 -0.035328
v -0.201416 0.378206 0.356290
v -0.233015 0.420811 0.356290
v -0.211771 0.468279 0.356290
v -0.158930 0.473142 0.356290
v -0.220528 0.391926 -0.035328
v -0.182036 0.478300 -0.035328
v -0.220527 0.391926 0.356290
v -0.182036 0.478300 0.356290
v -0.212855 0.398339 -0.032875
v -0.181685 0.468284 -0.032875
v -0.212855 0.398338 0.353836
v -0.181684 0.468283 0.353836
v -0.107300 0.421112 0.302058
v -0.138519 0.443619 0.302058
v -0.173620 0.427835 0.302058
v -0.177501 0.389545 0.302058
v -0.146281 0.367039 0.302058
v -0.111181 0.382822 0.302058
v -0.107300 0.421112 -0.348764
v -0.138519 0.443619 -0.348764
v -0.173620 0.427835 -0.348764
v -0.177501 0.389545 -0.348764
v -0.146281 0.367039 -0.348764
v -0.111181 0.382822 -0.348764
v -0.137608 0.452612 0.306188
v -0.099055 0.424820 0.306188
v -0.180953 0.433121 0.306188
v -0.185745 0.385837 0.306188
v -0.147193 0.358045 0.306188
v -0.103848 0.377536 0.306188
v -0.137608 0.452612 -0.352893
v -0.099055 0.424820 -0.352893
v -0.180953 0.433121 -0.352893
v -0.185745 0.385837 -0.352893
v -0.147193 0.358045 -0.352893
v -0.103848 0.377536 -0.352893
v -0.191966 0.364144 0.317009
v -0.235234 0.388833 0.317009
v -0.278249 0.363707 0.317009
v -0.277997 0.313891 0.317009
v -0.234729 0.289202 0.317009
v -0.191714 0.314328 0.317009
v -0.191966 0.364144 -0.224434
v -0.235234 0.388833 -0.224433
v -0.278249 0.363707 -0.224434
v -0.277997 0.313891 -0.224434
v -0.234729 0.289202 -0.224434
v -0.191714 0.314328 -0.224434
v -0.235293 0.400534 0.320444
v -0.181863 0.370046 0.320444
v -0.288412 0.369506 0.320444
v -0.288100 0.307989 0.320444
v -0.234670 0.277501 0.320444
v -0.181551 0.308529 0.320444
v -0.235293 0.400534 -0.227869
v -0.181863 0.370046 -0.227869
v -0.288412 0.369506 -0.227869
v -0.288100 0.307989 -0.227869
v -0.234670 0.277501 -0.227869
v -0.181551 0.308529 -0.227869
v -0.010737 0.462771 0.016838
v 0.007737 0.492875 0.016839
v 0.042340 0.491541 0.016839
v 0.058469 0.460103 0.016838
v -0.010737 0.462771 0.334820
v 0.007737 0.492875 0.334820
v 0.042340 0.491540 0.334820
v 0.058469 0.460102 0.334820
v -0.018864 0.463085 0.014821
v 0.003949 0.500259 0.014821
v 0.046679 0.498612 0.014821
v 0.066597 0.459789 0.014821
v -0.018864 0.463084 0.336837
v 0.003949 0.500259 0.336837
v 0.046679 0.498611 0.336837
v 0.066597 0.459789 0.336837
v -0.014258 0.481873 0.014821
v 0.063445 0.478999 0.014821
v -0.014258 0.481873 0.336837
v 0.063445 0.478999 0.336837
v -0.007013 0.477986 0.016838
v 0.055911 0.475659 0.016838
v -0.007013 0.477986 0.334820
v 0.055911 0.475658 0.334820
v -0.090300 0.164097 0.295780
v -0.134599 0.179469 0.295780
v -0.170061 0.148791 0.295780
v -0.161224 0.102741 0.295780
v -0.116925 0.087370 0.295780
v -0.081464 0.118047 0.295780
v -0.090300 0.164097 -0.294819
v -0.134599 0.179469 -0.294819
v -0.170061 0.148791 -0.294819
v -0.161224 0.102741 -0.294819
v -0.116925 0.087370 -0.294819
v -0.081464 0.118047 -0.294819
v -0.136675 0.190285 0.299528
v -0.081971 0.171302 0.299528
v -0.180465 0.152401 0.299528
v -0.169553 0.095536 0.299528
v -0.114850 0.076554 0.299528
v -0.071059 0.114437 0.299528
v -0.136675 0.190285 -0.298566
v -0.081971 0.171302 -0.298566
v -0.180465 0.152401 -0.298566
v -0.169553 0.095536 -0.298566
v -0.114850 0.076554 -0.298566
v -0.071059 0.114437 -0.298566
v -0.237971 0.180302 0.316697
v -0.283863 0.170683 0.316697
v -0.298479 0.126129 0.316697
v -0.267203 0.091195 0.316697
v -0.221310 0.100814 0.316697
v -0.206694 0.145367 0.316697
v -0.237971 0.180302 -0.273902
v -0.283863 0.170683 -0.273902
v -0.298479 0.126129 -0.273902
v -0.267203 0.091195 -0.273902
v -0.221310 0.100814 -0.273902
v -0.206694 0.145367 -0.273902
v -0.291210 0.178888 0.320444
v -0.234538 0.190766 0.320444
v -0.309259 0.123870 0.320444
v -0.270636 0.080730 0.320444
v -0.213964 0.092608 0.320444
v -0.195915 0.147627 0.320444
v -0.291210 0.178888 -0.277650
v -0.234538 0.190766 -0.277650
v -0.309259 0.123870 -0.277650
v -0.270636 0.080730 -0.277650
v -0.213964 0.092608 -0.277650
v -0.195915 0.147626 -0.277650
v -0.280319 0.287650 0.316120
v -0.333930 0.280337 0.316120
v -0.354402 0.230252 0.316120
v -0.321264 0.187481 0.316120
v -0.267653 0.194794 0.316120
v -0.247181 0.244878 0.316120
v -0.280319 0.287650 -0.365384
v -0.333930 0.280337 -0.365384
v -0.354402 0.230252 -0.365384
v -0.321264 0.187481 -0.365384
v -0.267653 0.194794 -0.365384
v -0.247181 0.244878 -0.365384
v -0.341713 0.290383 0.320444
v -0.275511 0.299414 0.320444
v -0.366994 0.228535 0.320444
v -0.326072 0.175717 0.320444
v -0.259870 0.184748 0.320444
v -0.234589 0.246596 0.320444
v -0.341713 0.290383 -0.369708
v -0.275511 0.299414 -0.369708
v -0.366994 0.228535 -0.369708
v -0.326072 0.175717 -0.369708
v -0.259870 0.184748 -0.369708
v -0.234589 0.246596 -0.369708
v -0.383422 0.176567 -0.033183
v -0.347070 0.186006 -0.033183
v -0.321544 0.159467 -0.033183
v -0.332371 0.123488 -0.033183
v -0.383423 0.176566 0.304944
v -0.347070 0.186006 0.304944
v -0.321545 0.159466 0.304944
v -0.332372 0.123487 0.304944
v -0.389417 0.182800 -0.035328
v -0.344526 0.194457 -0.035328
v -0.313006 0.161684 -0.035328
v -0.326376 0.117254 -0.035328
v -0.389418 0.182800 0.307090
v -0.344527 0.194456 0.307090
v -0.313006 0.161683 0.307090
v -0.326377 0.117253 0.307090
v -0.372033 0.193798 -0.035328
v -0.314625 0.134295 -0.035328
v -0.372034 0.193797 0.307090
v -0.314625 0.134294 0.307090
v -0.369349 0.185477 -0.033183
v -0.322860 0.137292 -0.033183
v -0.369349 0.185476 0.304944
v -0.322860 0.137291 0.304944
v -0.113223 0.308732 0.316539
v -0.153257 0.322405 0.316539
v -0.185115 0.294571 0.316539
v -0.176939 0.253064 0.316539
v -0.136905 0.239391 0.316539
v -0.105046 0.267225 0.316539
v -0.113223 0.308732 -0.298882
v -0.153257 0.322405 -0.298882
v -0.185115 0.294571 -0.298882
v -0.176939 0.253064 -0.298882
v -0.136905 0.239391 -0.298882
v -0.105046 0.267225 -0.298882
v -0.155177 0.332154 0.320444
v -0.105740 0.315270 0.320444
v -0.194518 0.297782 0.320444
v -0.184422 0.246526 0.320444
v -0.134984 0.229642 0.320444
v -0.095643 0.264013 0.320444
v -0.155177 0.332154 -0.302787
v -0.105740 0.315270 -0.302787
v -0.194518 0.297782 -0.302787
v -0.184422 0.246526 -0.302787
v -0.134984 0.229642 -0.302787
v -0.095643 0.264013 -0.302787
v -0.061436 0.241825 0.295110
v -0.095933 0.252699 0.295110
v -0.122598 0.228261 0.295110
v -0.114767 0.192949 0.295110
v -0.080270 0.182076 0.295110
v -0.053605 0.206513 0.295110
v -0.061436 0.241825 -0.328259
v -0.095933 0.252699 -0.328259
v -0.122598 0.228261 -0.328259
v -0.114767 0.192949 -0.328259
v -0.080270 0.182076 -0.328259
v -0.053605 0.206513 -0.328259
v -0.097772 0.260993 0.299066
v -0.055173 0.247565 0.299066
v -0.130701 0.230815 0.299066
v -0.121030 0.187210 0.299066
v -0.078431 0.173781 0.299066
v -0.045502 0.203959 0.299066
v -0.097772 0.260993 -0.332214
v -0.055173 0.247565 -0.332214
v -0.130701 0.230815 -0.332214
v -0.121030 0.187210 -0.332214
v -0.078431 0.173781 -0.332214
v -0.045502 0.203959 -0.332214
v -0.002223 0.251752 0.318403
v -0.027179 0.257215 0.318403
v -0.044387 0.238334 0.318403
v -0.036641 0.213991 0.318403
v -0.011685 0.208528 0.318403
v 0.005523 0.227409 0.318403
v -0.002223 0.251752 -0.003366
v -0.027179 0.257215 -0.003366
v -0.044387 0.238334 -0.003366
v -0.036641 0.213991 -0.003366
v -0.011685 0.208528 -0.003366
v 0.005523 0.227409 -0.003366
v -0.028998 0.262933 0.320444
v 0.001818 0.256187 0.320444
v -0.050249 0.239618 0.320444
v -0.040683 0.209556 0.320444
v -0.009866 0.202811 0.320444
v 0.011385 0.226126 0.320444
v -0.028998 0.262933 -0.005407
v 0.001818 0.256187 -0.005407
v -0.050249 0.239618 -0.005407
v -0.040683 0.209556 -0.005407
v -0.009866 0.202811 -0.005407
v 0.011385 0.226126 -0.005407
v 0.005626 0.217828 0.006531
v 0.039589 0.218633 0.006532
v 0.056587 0.189990 0.006532
v 0.039622 0.160541 0.006531
v 0.005625 0.217827 0.312381
v 0.039588 0.218633 0.312381
v 0.056587 0.189990 0.312381
v 0.039622 0.160541 0.312381
v 0.001633 0.224555 0.004591
v 0.043574 0.225550 0.004591
v 0.064564 0.190179 0.004591
v 0.043615 0.153813 0.004591
v 0.001633 0.224555 0.314321
v 0.043573 0.225550 0.314321
v 0.064564 0.190179 0.314321
v 0.043614 0.153813 0.314321
v 0.019214 0.230650 0.004591
v 0.057483 0.166394 0.004591
v 0.019213 0.230650 0.314321
v 0.057482 0.166393 0.314321
v 0.019859 0.222768 0.006532
v 0.050849 0.170733 0.006532
v 0.019859 0.222768 0.312381
v 0.050849 0.170733 0.312381
v -0.034232 0.290071 0.318494
v -0.056331 0.300420 0.318494
v -0.076343 0.286456 0.318494
v -0.074256 0.262143 0.318494
v -0.052157 0.251794 0.318494
v -0.032145 0.265758 0.318494
v -0.034232 0.290071 0.011138
v -0.056331 0.300420 0.011138
v -0.076343 0.286456 0.011138
v -0.074256 0.262143 0.011138
v -0.052157 0.251794 0.011138
v -0.032145 0.265758 0.011138
v -0.056821 0.306130 0.320444
v -0.029532 0.293350 0.320444
v -0.081534 0.288887 0.320444
v -0.078957 0.258863 0.320444
v -0.051667 0.246084 0.320444
v -0.026955 0.263327 0.320444
v -0.056821 0.306130 0.009188
v -0.029532 0.293350 0.009188
v -0.081534 0.288887 0.009188
v -0.078957 0.258863 0.009188
v -0.051667 0.246084 0.009188
v -0.026955 0.263327 0.009188
v -0.156839 0.224225 0.317534
v -0.190691 0.237637 0.317534
v -0.219232 0.215026 0.317534
v -0.213920 0.179003 0.317534
v -0.180068 0.165591 0.317534
v -0.151527 0.188203 0.317534
v -0.156839 0.224225 -0.141094
v -0.190691 0.237637 -0.141094
v -0.219232 0.215026 -0.141094
v -0.213920 0.179003 -0.141095
v -0.180068 0.165591 -0.141095
v -0.151527 0.188203 -0.141095
v -0.191939 0.246098 0.320444
v -0.150135 0.229536 0.320444
v -0.227183 0.218176 0.320444
v -0.220624 0.173692 0.320444
v -0.178820 0.157130 0.320444
v -0.143576 0.185053 0.320444
v -0.191939 0.246098 -0.144005
v -0.150135 0.229536 -0.144005
v -0.227183 0.218176 -0.144005
v -0.220624 0.173692 -0.144005
v -0.178820 0.157130 -0.144005
v -0.143576 0.185053 -0.144005
v -0.217265 0.229938 0.058219
v -0.233139 0.253158 0.058219
v -0.220915 0.277877 0.058219
v -0.192817 0.279376 0.058219
v -0.217264 0.229938 0.311443
v -0.233139 0.253157 0.311444
v -0.220915 0.277876 0.311444
v -0.192816 0.279376 0.311444
v -0.220136 0.224132 0.056612
v -0.239739 0.252805 0.056612
v -0.224644 0.283331 0.056612
v -0.189946 0.285183 0.056612
v -0.220135 0.224132 0.313050
v -0.239738 0.252805 0.313050
v -0.224643 0.283330 0.313050
v -0.189945 0.285182 0.313050
v -0.232295 0.233591 0.056612
v -0.204935 0.289139 0.056612
v -0.232295 0.233591 0.313050
v -0.204934 0.289139 0.313050
v -0.227113 0.237594 0.058219
v -0.204957 0.282576 0.058219
v -0.227113 0.237593 0.311444
v -0.204956 0.282576 0.311444
v -0.054427 0.566997 -0.030132
v -0.065023 0.616495 -0.030132
v -0.027803 0.649322 -0.030132
v 0.020014 0.632651 -0.030132
v -0.054426 0.566996 0.344871
v -0.065022 0.616494 0.344872
v -0.027801 0.649320 0.344872
v 0.020015 0.632649 0.344871
v -0.063169 0.559287 -0.032512
v -0.076254 0.620411 -0.032512
v -0.030292 0.660948 -0.032512
v 0.028756 0.640361 -0.032512
v -0.063168 0.559285 0.347251
v -0.076253 0.620410 0.347251
v -0.030290 0.660947 0.347251
v 0.028758 0.640359 0.347251
v -0.076966 0.583335 -0.032512
v 0.006494 0.657175 -0.032512
v -0.076965 0.583333 0.347251
v 0.006495 0.657174 0.347251
v -0.065606 0.586465 -0.030132
v 0.001979 0.646261 -0.030132
v -0.065605 0.586464 0.344872
v 0.001981 0.646260 0.344872
v -0.090567 0.646723 -0.030132
v -0.097681 0.596606 -0.030132
v -0.143936 0.578620 -0.030132
v -0.183076 0.610752 -0.030132
v -0.090568 0.646726 0.344872
v -0.097682 0.596608 0.344872
v -0.143937 0.578622 0.344872
v -0.183077 0.610754 0.344871
v -0.079703 0.650948 -0.032512
v -0.088488 0.589059 -0.032512
v -0.145607 0.566849 -0.032512
v -0.193940 0.606527 -0.032512
v -0.079704 0.650950 0.347251
v -0.088489 0.589061 0.347251
v -0.145608 0.566851 0.347251
v -0.193941 0.606529 0.347251
v -0.075040 0.623618 -0.032512
v -0.178837 0.583070 -0.032512
v -0.075041 0.623621 0.347251
v -0.178838 0.583072 0.347251
v -0.086783 0.624595 -0.030132
v -0.170838 0.591759 -0.030132
v -0.086784 0.624597 0.344872
v -0.170839 0.591761 0.344872
vn 0.0090 1.0000 -0.0000
vn 0.9816 0.1910 -0.0000
vn -0.7311 0.6823 -0.0000
vn -0.0000 -0.0000 1.0000
vn -0.0000 -0.0000 -1.0000
vn 0.2288 -0.0490 -0.9722
vn -0.0023 -0.2561 -0.9666
vn -0.1747 -0.1584 -0.9718
vn -0.0090 -1.0000 -0.0000
vn 0.1727 -0.1612 0.9717
vn -0.0023 -0.2561 0.9666
vn -0.2293 -0.0446 0.9723
vn -0.1747 -0.1585 0.9718
vn 0.2286 -0.0488 0.9723
vn -0.2295 -0.0447 -0.9723
vn 0.1726 -0.1611 -0.9717
vn -0.9779 0.2093 -0.0000
vn 0.7406 0.6720 -0.0000
vn 0.1996 -0.0427 -0.9789
vn -0.0020 -0.2237 -0.9747
vn -0.1524 -0.1382 -0.9786
vn 0.1506 -0.1407 0.9785
vn -0.0020 -0.2237 0.9747
vn -0.2001 -0.0389 0.9790
vn -0.1524 -0.1383 0.9786
vn 0.1995 -0.0426 0.9790
vn -0.2002 -0.0390 -0.9790
vn 0.1506 -0.1405 -0.9786
vn -0.6707 0.7417 -0.0000
vn 0.5928 0.8054 -0.0000
vn -1.0000 0.0068 -0.0000
vn 0.1758 0.1038 -0.9789
vn 0.1501 -0.1660 -0.9747
vn -0.0185 -0.2049 -0.9786
vn 0.6707 -0.7417 -0.0000
vn 0.2061 -0.0015 0.9785
vn 0.1501 -0.1660 0.9747
vn -0.1208 -0.1641 0.9790
vn -0.0185 -0.2050 0.9786
vn 0.1756 0.1037 0.9790
vn -0.1208 -0.1643 -0.9790
vn 0.2060 -0.0014 -0.9786
vn -0.8612 -0.5083 -0.0000
vn 0.0897 0.9960 -0.0000
vn 0.8616 0.5075 -0.0000
vn 0.0087 -1.0000 -0.0000
vn -0.8704 0.4924 -0.0000
vn 0.8704 -0.4924 -0.0000
vn -0.8616 -0.5075 -0.0000
vn -0.0087 1.0000 -0.0000
vn 0.0026 -0.3000 0.9539
vn 0.2611 -0.1477 0.9539
vn 0.2585 0.1523 0.9539
vn -0.0026 0.3000 0.9539
vn -0.2611 0.1477 0.9539
vn -0.2585 -0.1523 0.9539
vn 0.0026 -0.3000 -0.9539
vn 0.2611 -0.1477 -0.9539
vn 0.2585 0.1523 -0.9539
vn -0.0026 0.3000 -0.9539
vn -0.2611 0.1477 -0.9539
vn -0.2585 -0.1523 -0.9539
vn 0.0032 -0.3657 0.9307
vn 0.3183 -0.1801 0.9307
vn 0.3151 0.1856 0.9307
vn -0.0032 0.3657 0.9307
vn -0.3183 0.1801 0.9307
vn -0.3151 -0.1856 0.9307
vn 0.0032 -0.3657 -0.9307
vn 0.3183 -0.1801 -0.9307
vn 0.3151 0.1856 -0.9307
vn -0.0032 0.3657 -0.9307
vn -0.3183 0.1801 -0.9307
vn -0.3151 -0.1856 -0.9307
vn -0.6781 0.7350 -0.0000
vn 0.5847 0.8113 -0.0000
vn -1.0000 -0.0032 -0.0000
vn 0.1747 0.1055 -0.9789
vn 0.1517 -0.1644 -0.9747
vn -0.0165 -0.2051 -0.9786
vn 0.6781 -0.7350 -0.0000
vn 0.2061 0.0006 0.9785
vn 0.1517 -0.1644 0.9747
vn -0.1192 -0.1653 0.9790
vn -0.0164 -0.2052 0.9786
vn 0.1746 0.1055 0.9790
vn -0.1192 -0.1655 -0.9790
vn 0.2060 0.0007 -0.9786
vn -0.8560 -0.5169 -0.0000
vn 0.0797 0.9968 -0.0000
vn 0.8249 0.5653 -0.0000
vn 0.0771 -0.9970 -0.0000
vn -0.9020 0.4317 -0.0000
vn 0.9020 -0.4317 -0.0000
vn -0.8249 -0.5653 -0.0000
vn -0.0771 0.9970 -0.0000
vn 0.0240 -0.3099 0.9505
vn 0.2804 -0.1342 0.9505
vn 0.2564 0.1757 0.9505
vn -0.0240 0.3099 0.9505
vn -0.2804 0.1342 0.9505
vn -0.2564 -0.1757 0.9505
vn 0.0240 -0.3099 -0.9505
vn 0.2804 -0.1342 -0.9505
vn 0.2564 0.1757 -0.9505
vn -0.0240 0.3099 -0.9505
vn -0.2804 0.1342 -0.9505
vn -0.2564 -0.1757 -0.9505
vn 0.5763 0.8172 -0.0000
vn 0.4196 -0.9077 -0.0000
vn -0.9959 0.0905 -0.0000
vn 0.9959 -0.0905 -0.0000
vn -0.5763 -0.8172 -0.0000
vn -0.4196 0.9077 -0.0000
vn 0.1296 -0.2804 0.9511
vn 0.3076 -0.0280 0.9511
vn 0.1780 0.2524 0.9511
vn -0.1296 0.2804 0.9511
vn -0.3076 0.0280 0.9511
vn -0.1780 -0.2524 0.9511
vn 0.1296 -0.2804 -0.9511
vn 0.3076 -0.0280 -0.9511
vn 0.1780 0.2524 -0.9511
vn -0.1296 0.2804 -0.9511
vn -0.3076 0.0280 -0.9511
vn -0.1780 -0.2524 -0.9511
vn 0.7946 0.6072 -0.0000
vn 0.1286 -0.9917 -0.0000
vn -0.9231 0.3845 -0.0000
vn 0.9231 -0.3845 -0.0000
vn -0.7946 -0.6072 -0.0000
vn -0.1286 0.9917 -0.0000
vn 0.0382 -0.2944 0.9549
vn 0.2741 -0.1142 0.9549
vn 0.2359 0.1803 0.9549
vn -0.0382 0.2944 0.9549
vn -0.2741 0.1142 0.9549
vn -0.2359 -0.1803 0.9549
vn 0.0382 -0.2944 -0.9549
vn 0.2741 -0.1142 -0.9549
vn 0.2359 0.1803 -0.9549
vn -0.0382 0.2944 -0.9549
vn -0.2741 0.1142 -0.9549
vn -0.2359 -0.1803 -0.9549
vn 0.6691 0.7432 -0.0000
vn 0.3091 -0.9510 -0.0000
vn -0.9782 0.2078 -0.0000
vn 0.9782 -0.2078 -0.0000
vn -0.6691 -0.7432 -0.0000
vn -0.3091 0.9510 -0.0000
vn 0.0883 -0.2716 0.9584
vn 0.2794 -0.0594 0.9583
vn 0.1911 0.2123 0.9584
vn -0.0883 0.2716 0.9583
vn -0.2794 0.0594 0.9584
vn -0.1911 -0.2122 0.9584
vn 0.0883 -0.2716 -0.9584
vn 0.2794 -0.0594 -0.9584
vn 0.1911 0.2122 -0.9584
vn -0.0883 0.2716 -0.9584
vn -0.2793 0.0594 -0.9584
vn -0.1911 -0.2122 -0.9584
vn 0.7837 0.6212 -0.0000
vn 0.1461 -0.9893 -0.0000
vn -0.9298 0.3681 -0.0000
vn 0.9298 -0.3681 -0.0000
vn -0.7837 -0.6212 -0.0000
vn -0.1461 0.9893 -0.0000
vn 0.0451 -0.3055 0.9511
vn 0.2871 -0.1137 0.9511
vn 0.2420 0.1918 0.9511
vn -0.0451 0.3055 0.9511
vn -0.2871 0.1137 0.9511
vn -0.2420 -0.1918 0.9511
vn 0.0451 -0.3055 -0.9511
vn 0.2871 -0.1137 -0.9511
vn 0.2420 0.1918 -0.9511
vn -0.0451 0.3055 -0.9511
vn -0.2871 0.1137 -0.9511
vn -0.2420 -0.1918 -0.9511
vn -0.3735 0.9276 -0.0000
vn 0.8343 0.5513 -0.0000
vn -0.9362 0.3515 -0.0000
vn 0.2679 0.0491 0.9622
vn 0.1112 -0.2762 0.9546
vn -0.1176 -0.2482 0.9615
vn 0.3735 -0.9276 -0.0000
vn 0.3734 -0.9277 -0.0000
vn 0.2575 -0.0968 -0.9614
vn 0.1112 -0.2762 -0.9546
vn -0.2272 -0.1502 -0.9622
vn 0.3735 -0.9277 -0.0000
vn -0.1176 -0.2482 -0.9615
vn 0.2679 0.0491 -0.9622
vn -0.2272 -0.1502 0.9622
vn 0.2575 -0.0968 0.9614
vn -0.9837 -0.1799 -0.0000
vn 0.4280 0.9038 -0.0000
vn 0.8590 0.5119 -0.0000
vn 0.0138 -0.9999 -0.0000
vn -0.8729 0.4880 -0.0000
vn 0.8729 -0.4880 -0.0000
vn -0.8590 -0.5119 -0.0000
vn -0.0138 0.9999 -0.0000
vn 0.0037 -0.2705 0.9627
vn 0.2361 -0.1320 0.9627
vn 0.2324 0.1385 0.9627
vn -0.0037 0.2705 0.9627
vn -0.2361 0.1320 0.9627
vn -0.2324 -0.1385 0.9627
vn 0.0037 -0.2705 -0.9627
vn 0.2361 -0.1320 -0.9627
vn 0.2324 0.1385 -0.9627
vn -0.0037 0.2705 -0.9627
vn -0.2361 0.1320 -0.9627
vn -0.2324 -0.1385 -0.9627
vn 0.8200 0.5724 -0.0000
vn 0.0857 -0.9963 -0.0000
vn -0.9057 0.4239 -0.0000
vn 0.9057 -0.4239 -0.0000
vn -0.8200 -0.5724 -0.0000
vn -0.0857 0.9963 -0.0000
vn 0.0254 -0.2948 0.9552
vn 0.2680 -0.1254 0.9552
vn 0.2426 0.1693 0.9552
vn -0.0254 0.2948 0.9552
vn -0.2680 0.1254 0.9552
vn -0.2426 -0.1693 0.9552
vn 0.0254 -0.2948 -0.9552
vn 0.2680 -0.1254 -0.9552
vn 0.2426 0.1693 -0.9552
vn -0.0254 0.2948 -0.9552
vn -0.2679 0.1254 -0.9552
vn -0.2426 -0.1693 -0.9552
vn -0.0241 0.9997 -0.0000
vn 0.9747 0.2234 -0.0000
vn -0.7532 0.6578 -0.0000
vn 0.2649 -0.0475 0.9631
vn 0.0071 -0.2942 0.9557
vn -0.1949 -0.1889 0.9625
vn 0.0241 -0.9997 -0.0000
vn 0.2047 -0.1789 -0.9623
vn 0.0071 -0.2942 -0.9557
vn -0.2623 -0.0602 -0.9631
vn -0.1949 -0.1889 -0.9625
vn 0.2649 -0.0475 -0.9631
vn -0.2623 -0.0602 0.9631
vn 0.2047 -0.1789 0.9623
vn -0.9842 0.1768 -0.0000
vn 0.7180 0.6961 -0.0000
vn 0.9073 0.4204 -0.0000
vn -0.0896 -0.9960 -0.0000
vn -0.8177 0.5756 -0.0000
vn 0.8177 -0.5756 -0.0000
vn -0.9073 -0.4204 -0.0000
vn 0.0896 0.9960 -0.0000
vn -0.0328 -0.3642 0.9307
vn 0.2990 -0.2105 0.9307
vn 0.3318 0.1537 0.9307
vn 0.0328 0.3642 0.9307
vn -0.2990 0.2105 0.9307
vn -0.3318 -0.1537 0.9307
vn -0.0328 -0.3642 -0.9307
vn 0.2990 -0.2105 -0.9307
vn 0.3318 0.1537 -0.9307
vn 0.0328 0.3642 -0.9307
vn -0.2990 0.2105 -0.9307
vn -0.3318 -0.1537 -0.9307
vn 0.0389 0.9992 -0.0000
vn 0.9869 0.1615 -0.0000
vn -0.7103 0.7039 -0.0000
vn 0.1982 -0.0487 -0.9789
vn -0.0087 -0.2236 -0.9747
vn -0.1565 -0.1336 -0.9786
vn -0.0389 -0.9992 -0.0000
vn 0.1464 -0.1451 0.9785
vn -0.0087 -0.2236 0.9747
vn -0.2011 -0.0329 0.9790
vn -0.1565 -0.1337 0.9786
vn 0.1981 -0.0486 0.9790
vn -0.2013 -0.0330 -0.9790
vn 0.1463 -0.1450 -0.9786
vn -0.9711 0.2385 -0.0000
vn 0.7604 0.6495 -0.0000
vn 0.1162 0.9932 -0.0000
vn 0.8021 -0.5972 -0.0000
vn -0.9183 -0.3960 -0.0000
vn 0.9183 0.3960 -0.0000
vn -0.1162 -0.9932 -0.0000
vn -0.8021 0.5972 -0.0000
vn 0.2866 -0.2135 0.9340
vn 0.3282 0.1415 0.9340
vn 0.0415 0.3550 0.9340
vn -0.2866 0.2135 0.9340
vn -0.3282 -0.1415 0.9340
vn -0.0415 -0.3550 0.9340
vn 0.2866 -0.2135 -0.9340
vn 0.3282 0.1415 -0.9340
vn 0.0415 0.3550 -0.9340
vn -0.2866 0.2135 -0.9340
vn -0.3282 -0.1415 -0.9340
vn -0.0415 -0.3550 -0.9340
vn 0.4120 0.9112 -0.0000
vn 0.5831 -0.8124 -0.0000
vn -0.9951 -0.0988 -0.0000
vn 0.9951 0.0988 -0.0000
vn -0.4120 -0.9112 -0.0000
vn -0.5831 0.8124 -0.0000
vn 0.1577 -0.2198 0.9627
vn 0.2692 0.0267 0.9627
vn 0.1114 0.2465 0.9627
vn -0.1577 0.2198 0.9627
vn -0.2692 -0.0267 0.9627
vn -0.1114 -0.2465 0.9627
vn 0.1577 -0.2198 -0.9627
vn 0.2692 0.0267 -0.9627
vn 0.1114 0.2465 -0.9627
vn -0.1577 0.2198 -0.9627
vn -0.2692 -0.0267 -0.9627
vn -0.1114 -0.2465 -0.9627
vn 0.3853 0.9228 -0.0000
vn 0.9812 -0.1931 -0.0000
vn -0.4199 0.9076 -0.0000
vn 0.1688 -0.1148 -0.9789
vn -0.0862 -0.2065 -0.9747
vn -0.1933 -0.0706 -0.9786
vn -0.3853 -0.9228 -0.0000
vn 0.0865 -0.1871 0.9785
vn -0.0862 -0.2065 0.9746
vn -0.2000 0.0394 0.9790
vn -0.1934 -0.0707 0.9786
vn 0.1687 -0.1147 0.9790
vn -0.2001 0.0393 -0.9790
vn 0.0865 -0.1869 -0.9786
vn -0.8268 0.5625 -0.0000
vn 0.9393 0.3432 -0.0000
vn 0.5997 0.8003 -0.0000
vn 0.3932 -0.9194 -0.0000
vn -0.9929 0.1192 -0.0000
vn 0.9929 -0.1192 -0.0000
vn -0.5997 -0.8003 -0.0000
vn -0.3932 0.9194 -0.0000
vn 0.1064 -0.2487 0.9627
vn 0.2686 -0.0322 0.9627
vn 0.1622 0.2165 0.9627
vn -0.1064 0.2487 0.9627
vn -0.2686 0.0322 0.9627
vn -0.1622 -0.2165 0.9627
vn 0.1064 -0.2487 -0.9627
vn 0.2686 -0.0322 -0.9627
vn 0.1622 0.2165 -0.9627
vn -0.1064 0.2487 -0.9627
vn -0.2686 0.0322 -0.9627
vn -0.1622 -0.2165 -0.9627
vn 0.2658 0.9640 -0.0000
vn 0.7020 -0.7122 -0.0000
vn -0.9678 -0.2518 -0.0000
vn 0.9678 0.2518 -0.0000
vn -0.2658 -0.9640 -0.0000
vn -0.7020 0.7122 -0.0000
vn 0.1899 -0.1927 0.9627
vn 0.2618 0.0681 0.9627
vn 0.0719 0.2608 0.9627
vn -0.1899 0.1927 0.9627
vn -0.2618 -0.0681 0.9627
vn -0.0719 -0.2608 0.9627
vn 0.1899 -0.1927 -0.9627
vn 0.2618 0.0681 -0.9627
vn 0.0719 0.2608 -0.9627
vn -0.1899 0.1927 -0.9627
vn -0.2618 -0.0681 -0.9627
vn -0.0719 -0.2608 -0.9627
vn 0.9145 0.4046 -0.0000
vn -0.1069 -0.9943 -0.0000
vn -0.8076 0.5897 -0.0000
vn 0.8076 -0.5897 -0.0000
vn -0.9145 -0.4046 -0.0000
vn 0.1069 0.9943 -0.0000
vn -0.0391 -0.3636 0.9307
vn 0.2953 -0.2156 0.9307
vn 0.3344 0.1480 0.9307
vn 0.0391 0.3636 0.9307
vn -0.2953 0.2156 0.9307
vn -0.3344 -0.1480 0.9307
vn -0.0391 -0.3636 -0.9307
vn 0.2954 -0.2156 -0.9307
vn 0.3344 0.1480 -0.9307
vn 0.0391 0.3636 -0.9307
vn -0.2953 0.2156 -0.9307
vn -0.3344 -0.1480 -0.9307
vn 0.8589 0.5121 -0.0000
vn 0.0141 -0.9999 -0.0000
vn -0.8730 0.4878 -0.0000
vn 0.8730 -0.4878 -0.0000
vn -0.8589 -0.5121 -0.0000
vn -0.0141 0.9999 -0.0000
vn 0.0052 -0.3719 0.9283
vn 0.3247 -0.1814 0.9283
vn 0.3195 0.1905 0.9283
vn -0.0052 0.3719 0.9283
vn -0.3247 0.1814 0.9283
vn -0.3195 -0.1905 0.9283
vn 0.0052 -0.3719 -0.9283
vn 0.3247 -0.1814 -0.9283
vn 0.3194 0.1905 -0.9283
vn -0.0052 0.3719 -0.9283
vn -0.3247 0.1814 -0.9283
vn -0.3194 -0.1905 -0.9283
vn 0.9707 0.2404 -0.0000
vn -0.2771 -0.9608 -0.0000
vn -0.6935 0.7204 -0.0000
vn 0.6935 -0.7204 -0.0000
vn -0.9707 -0.2404 -0.0000
vn 0.2771 0.9608 -0.0000
vn -0.0888 -0.3079 0.9473
vn 0.2223 -0.2309 0.9473
vn 0.3111 0.0770 0.9473
vn 0.0888 0.3079 0.9473
vn -0.2223 0.2309 0.9473
vn -0.3111 -0.0770 0.9473
vn -0.0888 -0.3079 -0.9473
vn 0.2223 -0.2309 -0.9473
vn 0.3111 0.0770 -0.9473
vn 0.0888 0.3079 -0.9473
vn -0.2223 0.2309 -0.9473
vn -0.3111 -0.0770 -0.9473
vn 0.8256 0.5643 -0.0000
vn 0.0759 -0.9971 -0.0000
vn -0.9015 0.4329 -0.0000
vn 0.9015 -0.4329 -0.0000
vn -0.8256 -0.5643 -0.0000
vn -0.0759 0.9971 -0.0000
vn 0.0254 -0.3339 0.9422
vn 0.3019 -0.1450 0.9422
vn 0.2765 0.1890 0.9422
vn -0.0254 0.3340 0.9422
vn -0.3019 0.1450 0.9422
vn -0.2765 -0.1890 0.9422
vn 0.0254 -0.3339 -0.9422
vn 0.3019 -0.1450 -0.9422
vn 0.2765 0.1890 -0.9422
vn -0.0254 0.3340 -0.9422
vn -0.3019 0.1450 -0.9422
vn -0.2765 -0.1890 -0.9422
vn 0.0283 -0.3720 0.9278
vn 0.3363 -0.1615 0.9278
vn 0.3080 0.2105 0.9278
vn -0.0283 0.3720 0.9278
vn -0.3363 0.1615 0.9278
vn -0.3080 -0.2105 0.9278
vn 0.0283 -0.3720 -0.9278
vn 0.3363 -0.1615 -0.9278
vn 0.3080 0.2105 -0.9278
vn -0.0283 0.3720 -0.9278
vn -0.3363 0.1615 -0.9278
vn -0.3080 -0.2105 -0.9278
vn 0.0273 -0.3590 0.9329
vn 0.3246 -0.1559 0.9329
vn 0.2973 0.2032 0.9329
vn -0.0273 0.3590 0.9329
vn -0.3246 0.1559 0.9329
vn -0.2973 -0.2032 0.9329
vn 0.0273 -0.3590 -0.9329
vn 0.3246 -0.1559 -0.9329
vn 0.2973 0.2032 -0.9329
vn -0.0273 0.3590 -0.9329
vn -0.3246 0.1559 -0.9329
vn -0.2973 -0.2032 -0.9329
vn -0.7659 0.6430 -0.0000
vn 0.4770 0.8789 -0.0000
vn -0.9915 -0.1301 -0.0000
vn 0.1867 0.1481 -0.9712
vn 0.1998 -0.1677 -0.9654
vn 0.0113 -0.2399 -0.9707
vn 0.7659 -0.6430 -0.0000
vn 0.2386 0.0313 0.9706
vn 0.1998 -0.1677 0.9654
vn -0.1135 -0.2092 0.9713
vn 0.0114 -0.2401 0.9707
vn 0.1866 0.1481 0.9712
vn -0.1135 -0.2094 -0.9712
vn 0.2385 0.0313 -0.9706
vn -0.7835 -0.6214 -0.0000
vn -0.0474 0.9989 -0.0000
vn 0.9286 0.3710 -0.0000
vn -0.1431 -0.9897 -0.0000
vn -0.7856 0.6187 -0.0000
vn 0.7856 -0.6187 -0.0000
vn -0.9286 -0.3710 -0.0000
vn 0.1431 0.9897 -0.0000
vn -0.0523 -0.3619 0.9307
vn 0.2873 -0.2263 0.9307
vn 0.3396 0.1357 0.9307
vn 0.0523 0.3619 0.9307
vn -0.2873 0.2263 0.9307
vn -0.3396 -0.1357 0.9307
vn -0.0523 -0.3619 -0.9307
vn 0.2873 -0.2263 -0.9307
vn 0.3396 0.1357 -0.9307
vn 0.0523 0.3619 -0.9307
vn -0.2873 0.2263 -0.9307
vn -0.3396 -0.1357 -0.9307
vn 0.9370 0.3493 -0.0000
vn -0.1660 -0.9861 -0.0000
vn -0.7710 0.6368 -0.0000
vn 0.7710 -0.6368 -0.0000
vn -0.9370 -0.3493 -0.0000
vn 0.1660 0.9861 -0.0000
vn -0.0607 -0.3606 0.9307
vn 0.2820 -0.2329 0.9307
vn 0.3426 0.1277 0.9307
vn 0.0607 0.3606 0.9307
vn -0.2820 0.2329 0.9307
vn -0.3426 -0.1277 0.9307
vn -0.0607 -0.3606 -0.9307
vn 0.2820 -0.2329 -0.9307
vn 0.3427 0.1277 -0.9307
vn 0.0607 0.3606 -0.9307
vn -0.2819 0.2329 -0.9307
vn -0.3426 -0.1277 -0.9307
vn 0.9637 0.2670 -0.0000
vn -0.2506 -0.9681 -0.0000
vn -0.7131 0.7011 -0.0000
vn 0.7131 -0.7011 -0.0000
vn -0.9637 -0.2670 -0.0000
vn 0.2506 0.9681 -0.0000
vn -0.0805 -0.3108 0.9471
vn 0.2290 -0.2251 0.9470
vn 0.3094 0.0857 0.9470
vn 0.0805 0.3108 0.9470
vn -0.2290 0.2251 0.9471
vn -0.3094 -0.0857 0.9471
vn -0.0805 -0.3108 -0.9470
vn 0.2290 -0.2251 -0.9470
vn 0.3094 0.0857 -0.9471
vn 0.0805 0.3108 -0.9470
vn -0.2290 0.2251 -0.9471
vn -0.3094 -0.0857 -0.9471
vn 0.2584 0.9660 -0.0000
vn 0.9982 -0.0602 -0.0000
vn -0.5375 0.8433 -0.0000
vn 0.2197 -0.1098 -0.9694
vn -0.0694 -0.2596 -0.9632
vn -0.2191 -0.1152 -0.9689
vn -0.2584 -0.9660 -0.0000
vn 0.1332 -0.2091 0.9688
vn -0.0694 -0.2596 0.9632
vn -0.2448 0.0148 0.9695
vn -0.2192 -0.1154 0.9688
vn 0.2196 -0.1096 0.9694
vn -0.2450 0.0147 -0.9694
vn 0.1332 -0.2090 -0.9688
vn -0.8946 0.4468 -0.0000
vn 0.8849 0.4657 -0.0000
vn -0.9128 0.4085 -0.0000
vn 0.2179 0.9760 -0.0000
vn -0.9179 -0.3968 -0.0000
vn 0.1433 0.1995 -0.9694
vn 0.2453 -0.1098 -0.9632
vn 0.0790 -0.2346 -0.9689
vn 0.9128 -0.4085 -0.0000
vn 0.2276 0.0983 0.9688
vn 0.2453 -0.1098 0.9632
vn -0.0534 -0.2394 0.9695
vn 0.0791 -0.2347 0.9688
vn 0.1431 0.1994 0.9694
vn -0.0534 -0.2396 -0.9694
vn 0.2275 0.0983 -0.9688
vn -0.5832 -0.8123 -0.0000
vn -0.3193 0.9476 -0.0000
vn 0.9949 -0.1008 -0.0000
vn -0.5848 -0.8112 -0.0000
vn -0.4101 0.9120 -0.0000
vn 0.4101 -0.9120 -0.0000
vn -0.9949 0.1008 -0.0000
vn 0.5848 0.8112 -0.0000
vn -0.2728 -0.3785 0.8845
vn 0.1913 -0.4255 0.8845
vn 0.4642 -0.0471 0.8845
vn 0.2728 0.3785 0.8845
vn -0.1913 0.4255 0.8845
vn -0.4642 0.0471 0.8845
vn -0.2728 -0.3785 -0.8845
vn 0.1913 -0.4255 -0.8845
vn 0.4642 -0.0471 -0.8845
vn 0.2728 0.3785 -0.8845
vn -0.1913 0.4255 -0.8845
vn -0.4642 0.0471 -0.8845
vn 1.0000 0.0051 -0.0000
vn -0.4956 -0.8685 -0.0000
vn -0.5044 0.8635 -0.0000
vn 0.5044 -0.8635 -0.0000
vn -1.0000 -0.0051 -0.0000
vn 0.4956 0.8685 -0.0000
vn -0.1591 -0.2789 0.9471
vn 0.1620 -0.2773 0.9470
vn 0.3211 0.0016 0.9470
vn 0.1591 0.2789 0.9471
vn -0.1619 0.2773 0.9471
vn -0.3211 -0.0016 0.9471
vn -0.1591 -0.2789 -0.9471
vn 0.1620 -0.2772 -0.9471
vn 0.3211 0.0016 -0.9471
vn 0.1591 0.2789 -0.9471
vn -0.1619 0.2772 -0.9471
vn -0.3211 -0.0016 -0.9471
vn 0.0385 0.9993 -0.0000
vn 0.9868 0.1619 -0.0000
vn -0.7106 0.7036 -0.0000
vn 0.2386 -0.0585 -0.9694
vn -0.0104 -0.2685 -0.9632
vn -0.1882 -0.1608 -0.9689
vn -0.0385 -0.9993 -0.0000
vn 0.1761 -0.1745 0.9688
vn -0.0104 -0.2685 0.9632
vn -0.2420 -0.0397 0.9695
vn -0.1883 -0.1609 0.9688
vn 0.2384 -0.0584 0.9694
vn -0.2422 -0.0398 -0.9694
vn 0.1761 -0.1744 -0.9688
vn -0.9712 0.2381 -0.0000
vn 0.7601 0.6498 -0.0000
vn 0.9821 0.1885 -0.0000
vn -0.3278 -0.9447 -0.0000
vn -0.6543 0.7563 -0.0000
vn 0.6543 -0.7563 -0.0000
vn -0.9821 -0.1885 -0.0000
vn 0.3278 0.9447 -0.0000
vn -0.1199 -0.3455 0.9307
vn 0.2393 -0.2766 0.9307
vn 0.3591 0.0689 0.9307
vn 0.1199 0.3455 0.9307
vn -0.2393 0.2766 0.9307
vn -0.3591 -0.0689 0.9307
vn -0.1199 -0.3455 -0.9307
vn 0.2393 -0.2766 -0.9307
vn 0.3591 0.0689 -0.9307
vn 0.1199 0.3455 -0.9307
vn -0.2393 0.2766 -0.9307
vn -0.3591 -0.0689 -0.9307
vn 0.7450 0.6670 -0.0000
vn 0.2051 -0.9787 -0.0000
vn -0.9502 0.3117 -0.0000
vn 0.9502 -0.3117 -0.0000
vn -0.7450 -0.6670 -0.0000
vn -0.2051 0.9787 -0.0000
vn 0.0750 -0.3579 0.9307
vn 0.3475 -0.1140 0.9307
vn 0.2725 0.2439 0.9307
vn -0.0750 0.3579 0.9307
vn -0.3475 0.1140 0.9307
vn -0.2724 -0.2439 0.9307
vn 0.0750 -0.3579 -0.9307
vn 0.3475 -0.1140 -0.9307
vn 0.2725 0.2439 -0.9307
vn -0.0750 0.3579 -0.9307
vn -0.3475 0.1140 -0.9307
vn -0.2725 -0.2439 -0.9307
vn 0.7905 0.6125 -0.0000
vn 0.1352 -0.9908 -0.0000
vn -0.9257 0.3784 -0.0000
vn 0.9257 -0.3784 -0.0000
vn -0.7905 -0.6125 -0.0000
vn -0.1352 0.9908 -0.0000
vn 0.0494 -0.3623 0.9307
vn 0.3385 -0.1384 0.9307
vn 0.2891 0.2240 0.9307
vn -0.0494 0.3623 0.9307
vn -0.3385 0.1384 0.9307
vn -0.2891 -0.2240 0.9307
vn 0.0494 -0.3623 -0.9307
vn 0.3385 -0.1384 -0.9307
vn 0.2891 0.2240 -0.9307
vn -0.0494 0.3623 -0.9307
vn -0.3385 0.1384 -0.9307
vn -0.2891 -0.2240 -0.9307
vn 0.7207 0.6932 -0.0000
vn 0.8232 -0.5677 -0.0000
vn -0.0240 0.9997 -0.0000
vn 0.1313 -0.2076 -0.9694
vn -0.1937 -0.1863 -0.9632
vn -0.2471 0.0147 -0.9689
vn -0.7208 -0.6932 -0.0000
vn -0.7207 -0.6932 -0.0000
vn 0.0059 -0.2479 0.9688
vn -0.1937 -0.1863 0.9632
vn -0.2019 0.1392 0.9695
vn -0.2472 0.0146 0.9688
vn 0.1313 -0.2074 0.9694
vn -0.2021 0.1393 -0.9694
vn 0.0059 -0.2477 -0.9688
vn -0.5346 0.8451 -0.0000
vn 0.9983 -0.0590 -0.0000
vn 0.9811 0.1933 -0.0000
vn -0.3232 -0.9463 -0.0000
vn -0.6579 0.7531 -0.0000
vn 0.6579 -0.7531 -0.0000
vn -0.9811 -0.1933 -0.0000
vn 0.3232 0.9463 -0.0000
vn -0.1336 -0.3910 0.9106
vn 0.2719 -0.3112 0.9106
vn 0.4054 0.0799 0.9106
vn 0.1336 0.3911 0.9106
vn -0.2719 0.3112 0.9106
vn -0.4054 -0.0799 0.9106
vn -0.1336 -0.3910 -0.9106
vn 0.2719 -0.3112 -0.9106
vn 0.4054 0.0799 -0.9106
vn 0.1336 0.3910 -0.9106
vn -0.2719 0.3112 -0.9106
vn -0.4054 -0.0799 -0.9106
vn 0.9763 0.2165 -0.0000
vn -0.3006 -0.9537 -0.0000
vn -0.6756 0.7372 -0.0000
vn 0.6756 -0.7372 -0.0000
vn -0.9763 -0.2165 -0.0000
vn 0.3006 0.9537 -0.0000
vn -0.1424 -0.4516 0.8808
vn 0.3199 -0.3491 0.8808
vn 0.4623 0.1025 0.8808
vn 0.1424 0.4516 0.8808
vn -0.3199 0.3491 0.8808
vn -0.4623 -0.1025 0.8808
vn -0.1424 -0.4516 -0.8808
vn 0.3199 -0.3491 -0.8808
vn 0.4623 0.1025 -0.8808
vn 0.1424 0.4516 -0.8808
vn -0.3199 0.3491 -0.8808
vn -0.4623 -0.1025 -0.8808
vn 0.9529 0.3032 -0.0000
vn -0.2138 -0.9769 -0.0000
vn -0.7391 0.6736 -0.0000
vn 0.7391 -0.6736 -0.0000
vn -0.9529 -0.3032 -0.0000
vn 0.2138 0.9769 -0.0000
vn -0.0782 -0.3572 0.9307
vn 0.2703 -0.2463 0.9307
vn 0.3485 0.1109 0.9307
vn 0.0782 0.3572 0.9307
vn -0.2703 0.2463 0.9307
vn -0.3485 -0.1109 0.9307
vn -0.0782 -0.3572 -0.9307
vn 0.2703 -0.2463 -0.9307
vn 0.3485 0.1109 -0.9307
vn 0.0782 0.3572 -0.9307
vn -0.2703 0.2463 -0.9307
vn -0.3485 -0.1109 -0.9307
vn 0.8600 0.5103 -0.0000
vn 0.6719 -0.7407 -0.0000
vn 0.2049 0.9788 -0.0000
vn 0.0805 -0.2321 -0.9694
vn -0.2311 -0.1371 -0.9632
vn -0.2372 0.0707 -0.9689
vn -0.8600 -0.5103 -0.0000
vn -0.0509 -0.2427 0.9688
vn -0.2311 -0.1371 0.9632
vn -0.1648 0.1816 0.9695
vn -0.2374 0.0707 0.9688
vn 0.0805 -0.2319 0.9694
vn -0.1650 0.1817 -0.9694
vn -0.0508 -0.2426 -0.9688
vn -0.3276 0.9448 -0.0000
vn 0.9584 -0.2854 -0.0000
vn 0.9963 0.0855 -0.0000
vn -0.4241 -0.9056 -0.0000
vn -0.5722 0.8201 -0.0000
vn 0.5722 -0.8201 -0.0000
vn -0.9963 -0.0855 -0.0000
vn 0.4241 0.9056 -0.0000
vn -0.1551 -0.3312 0.9307
vn 0.2093 -0.2999 0.9307
vn 0.3643 0.0313 0.9307
vn 0.1551 0.3312 0.9307
vn -0.2093 0.2999 0.9307
vn -0.3643 -0.0313 0.9307
vn -0.1551 -0.3312 -0.9307
vn 0.2093 -0.2999 -0.9307
vn 0.3643 0.0313 -0.9307
vn 0.1551 0.3312 -0.9307
vn -0.2093 0.2999 -0.9307
vn -0.3643 -0.0313 -0.9307
vn 0.9893 0.1459 -0.0000
vn -0.3683 -0.9297 -0.0000
vn -0.6210 0.7838 -0.0000
vn 0.6210 -0.7838 -0.0000
vn -0.9893 -0.1459 -0.0000
vn 0.3683 0.9297 -0.0000
vn -0.1347 -0.3400 0.9307
vn 0.2271 -0.2866 0.9307
vn 0.3618 0.0533 0.9307
vn 0.1347 0.3400 0.9307
vn -0.2271 0.2866 0.9307
vn -0.3618 -0.0533 0.9307
vn -0.1347 -0.3400 -0.9307
vn 0.2271 -0.2866 -0.9307
vn 0.3618 0.0533 -0.9307
vn 0.1347 0.3400 -0.9307
vn -0.2271 0.2866 -0.9307
vn -0.3618 -0.0533 -0.9307
vn -0.8964 0.4433 -0.0000
vn 0.2552 0.9669 -0.0000
vn -0.9325 -0.3612 -0.0000
vn 0.1508 0.1939 -0.9694
vn 0.2409 -0.1191 -0.9632
vn 0.0699 -0.2374 -0.9689
vn 0.8964 -0.4433 -0.0000
vn 0.2312 0.0895 0.9688
vn 0.2409 -0.1191 0.9632
vn -0.0626 -0.2371 0.9695
vn 0.0700 -0.2376 0.9688
vn 0.1506 0.1938 0.9694
vn -0.0626 -0.2373 -0.9694
vn 0.2311 0.0895 -0.9688
vn -0.6140 -0.7893 -0.0000
vn -0.2827 0.9592 -0.0000
vn -0.6615 0.7500 -0.0000
vn 0.6027 0.7980 -0.0000
vn -0.9998 0.0192 -0.0000
vn 0.1770 0.1016 -0.9789
vn 0.1480 -0.1678 -0.9747
vn -0.0210 -0.2047 -0.9786
vn 0.6615 -0.7500 -0.0000
vn 0.2061 -0.0040 0.9785
vn 0.1480 -0.1678 0.9747
vn -0.1228 -0.1626 0.9790
vn -0.0210 -0.2048 0.9786
vn 0.1769 0.1016 0.9790
vn -0.1229 -0.1628 -0.9790
vn 0.2059 -0.0039 -0.9786
vn -0.8674 -0.4976 -0.0000
vn 0.1020 0.9948 -0.0000
vn 0.3624 -0.9320 -0.0000
vn -0.8408 -0.5413 -0.0000
vn 0.9319 -0.3626 -0.0000
vn -0.2012 -0.0343 -0.9789
vn -0.0811 0.2085 -0.9747
vn 0.0903 0.1849 -0.9786
vn -0.3624 0.9320 -0.0000
vn -0.1920 0.0748 0.9785
vn -0.0811 0.2085 0.9746
vn 0.1714 0.1103 0.9790
vn 0.0903 0.1850 0.9786
vn -0.2010 -0.0344 0.9790
vn 0.1715 0.1105 -0.9790
vn -0.1920 0.0747 -0.9786
vn 0.9858 0.1682 -0.0000
vn -0.4387 -0.8987 -0.0000
vn 0.2286 -0.0488 -0.9723
vn -0.1747 -0.1585 -0.9718
vn 0.1726 -0.1611 0.9717
vn -0.2295 -0.0447 0.9723
vn -0.1747 -0.1584 0.9718
vn 0.2288 -0.0490 0.9722
vn -0.2293 -0.0446 -0.9723
vn 0.1727 -0.1612 -0.9717
vn 0.1995 -0.0426 -0.9790
vn -0.1524 -0.1383 -0.9786
vn 0.1506 -0.1405 0.9786
vn -0.2002 -0.0390 0.9790
vn -0.1524 -0.1382 0.9786
vn 0.1996 -0.0427 0.9789
vn -0.2001 -0.0389 -0.9790
vn 0.1506 -0.1407 -0.9785
vn 0.1756 0.1037 -0.9790
vn -0.0185 -0.2050 -0.9786
vn 0.2060 -0.0014 0.9786
vn 0.1501 -0.1659 0.9747
vn -0.1208 -0.1643 0.9790
vn -0.0185 -0.2049 0.9786
vn 0.1758 0.1038 0.9789
vn -0.1208 -0.1641 -0.9790
vn 0.2061 -0.0014 -0.9785
vn 0.1746 0.1055 -0.9790
vn -0.0164 -0.2052 -0.9786
vn 0.2060 0.0007 0.9786
vn -0.1192 -0.1655 0.9790
vn -0.0164 -0.2051 0.9786
vn 0.1747 0.1055 0.9789
vn -0.1192 -0.1653 -0.9790
vn 0.2061 0.0006 -0.9785
vn 0.2794 -0.0594 0.9584
vn -0.2794 0.0594 0.9583
vn -0.2794 0.0594 -0.9584
vn -0.9362 0.3516 -0.0000
vn 0.2681 0.0490 0.9621
vn 0.1112 -0.2762 0.9547
vn -0.1176 -0.2484 0.9615
vn 0.2574 -0.0967 -0.9615
vn -0.2271 -0.1500 -0.9623
vn -0.1176 -0.2484 -0.9615
vn 0.2681 0.0490 -0.9621
vn -0.2271 -0.1500 0.9623
vn 0.2574 -0.0967 0.9615
vn 0.2679 -0.1254 -0.9552
vn 0.2651 -0.0476 0.9630
vn -0.1950 -0.1890 0.9624
vn 0.2047 -0.1787 -0.9624
vn -0.2621 -0.0601 -0.9632
vn -0.1950 -0.1890 -0.9624
vn 0.2651 -0.0476 -0.9630
vn -0.2621 -0.0601 0.9632
vn 0.2047 -0.1787 0.9624
vn 0.1981 -0.0486 -0.9790
vn -0.1565 -0.1337 -0.9786
vn 0.1463 -0.1450 0.9786
vn -0.2013 -0.0330 0.9790
vn -0.1565 -0.1336 0.9786
vn 0.1982 -0.0487 0.9789
vn -0.2011 -0.0329 -0.9790
vn 0.1464 -0.1451 -0.9785
vn 0.2866 -0.2134 -0.9340
vn -0.2866 0.2134 -0.9340
vn 0.1687 -0.1147 -0.9790
vn 0.0865 -0.1870 0.9786
vn -0.2001 0.0393 0.9790
vn -0.1933 -0.0706 0.9786
vn 0.1688 -0.1148 0.9789
vn -0.2000 0.0394 -0.9790
vn 0.0865 -0.1871 -0.9785
vn 0.3932 -0.9195 -0.0000
vn 0.2953 -0.2156 -0.9307
vn -0.3194 -0.1905 0.9283
vn 0.0254 -0.3340 0.9422
vn 0.0254 -0.3340 -0.9422
vn 0.3019 -0.1450 -0.9423
vn 0.1866 0.1481 -0.9712
vn 0.0114 -0.2401 -0.9707
vn 0.2384 0.0313 0.9707
vn -0.1135 -0.2094 0.9712
vn 0.0113 -0.2399 0.9707
vn 0.1867 0.1481 0.9712
vn -0.1135 -0.2092 -0.9713
vn 0.2386 0.0313 -0.9706
vn -0.3427 -0.1277 0.9307
vn 0.3426 0.1277 -0.9307
vn -0.2820 0.2329 -0.9307
vn -0.3427 -0.1277 -0.9307
vn 0.2290 -0.2251 0.9471
vn 0.3094 0.0857 0.9471
vn 0.0805 0.3108 0.9471
vn -0.2290 0.2251 0.9470
vn -0.0805 -0.3108 -0.9471
vn 0.2290 -0.2251 -0.9471
vn 0.3094 0.0857 -0.9470
vn 0.0805 0.3108 -0.9471
vn -0.2290 0.2251 -0.9470
vn -0.3094 -0.0857 -0.9470
vn 0.2196 -0.1096 -0.9694
vn -0.2192 -0.1153 -0.9688
vn 0.1332 -0.2090 0.9688
vn -0.2450 0.0147 0.9694
vn -0.2191 -0.1152 0.9689
vn 0.2197 -0.1098 0.9694
vn -0.2448 0.0148 -0.9695
vn 0.1332 -0.2091 -0.9688
vn 0.1431 0.1994 -0.9694
vn 0.0791 -0.2347 -0.9688
vn 0.2275 0.0983 0.9688
vn -0.0534 -0.2396 0.9694
vn 0.0790 -0.2346 0.9689
vn 0.1433 0.1995 0.9694
vn -0.0534 -0.2394 -0.9695
vn 0.2276 0.0984 -0.9688
vn 0.1619 -0.2772 0.9471
vn 0.3211 0.0016 0.9471
vn 0.1591 0.2789 0.9470
vn -0.1620 0.2773 0.9470
vn 0.1619 -0.2773 -0.9471
vn 0.2384 -0.0584 -0.9694
vn -0.1883 -0.1609 -0.9688
vn 0.1761 -0.1744 0.9688
vn -0.2422 -0.0398 0.9694
vn -0.1882 -0.1608 0.9689
vn 0.2386 -0.0585 0.9694
vn -0.2420 -0.0397 -0.9695
vn 0.1762 -0.1745 -0.9688
vn 0.1313 -0.2074 -0.9694
vn -0.2472 0.0146 -0.9688
vn 0.0059 -0.2477 0.9688
vn -0.2021 0.1393 0.9694
vn -0.2471 0.0147 0.9689
vn 0.1313 -0.2076 0.9694
vn -0.2019 0.1392 -0.9695
vn 0.0059 -0.2479 -0.9688
vn 0.0805 -0.2319 -0.9694
vn -0.2374 0.0707 -0.9688
vn -0.0508 -0.2426 0.9688
vn -0.1650 0.1817 0.9694
vn -0.2372 0.0707 0.9689
vn 0.0805 -0.2321 0.9694
vn -0.1648 0.1817 -0.9695
vn -0.0509 -0.2427 -0.9688
vn 0.1506 0.1938 -0.9694
vn 0.0700 -0.2376 -0.9688
vn 0.2311 0.0895 0.9688
vn -0.0625 -0.2373 0.9694
vn 0.0699 -0.2374 0.9689
vn 0.1508 0.1939 0.9694
vn -0.0626 -0.2371 -0.9695
vn 0.2312 0.0895 -0.9688
vn 0.1769 0.1016 -0.9790
vn -0.0210 -0.2048 -0.9786
vn 0.2059 -0.0040 0.9786
vn -0.1229 -0.1628 0.9790
vn -0.0210 -0.2047 0.9786
vn 0.1771 0.1016 0.9789
vn -0.1228 -0.1626 -0.9790
vn 0.2061 -0.0040 -0.9785
vn -0.2010 -0.0344 -0.9790
vn 0.0903 0.1850 -0.9786
vn -0.1920 0.0747 0.9786
vn 0.1715 0.1105 0.9790
vn 0.0903 0.1849 0.9786
vn -0.2012 -0.0343 0.9789
vn 0.1714 0.1103 -0.9790
vn -0.1921 0.0748 -0.9785
vt 0.082517 0.883609
vt 0.082656 0.883510
vt 0.082712 0.878570
vt 0.082724 0.873630
vt 0.082712 0.878570
vt 0.082460 0.878719
vt 0.571909 0.944159
vt 0.571819 0.946476
vt 0.571793 0.944228
vt 0.571914 0.941889
vt 0.571787 0.941980
vt 0.082484 0.877770
vt 0.082447 0.873828
vt 0.082530 0.881730
vt 0.082642 0.881650
vt 0.082688 0.877649
vt 0.082473 0.873809
vt 0.082724 0.873630
vt 0.082698 0.873649
vt 0.084146 0.884082
vt 0.084291 0.883979
vt 0.084350 0.878802
vt 0.084363 0.873625
vt 0.084086 0.878958
vt 0.572838 0.944266
vt 0.572744 0.946693
vt 0.572716 0.944338
vt 0.572843 0.941887
vt 0.572710 0.941982
vt 0.084111 0.877963
vt 0.084072 0.873833
vt 0.084159 0.882113
vt 0.084277 0.882029
vt 0.084325 0.877837
vt 0.084100 0.873813
vt 0.084335 0.873645
vt 0.340451 0.818560
vt 0.340497 0.821898
vt 0.340451 0.818560
vt 0.340535 0.821629
vt 0.340558 0.820286
vt 0.340451 0.815548
vt 0.340451 0.815548
vt 0.572751 0.952244
vt 0.572662 0.948961
vt 0.572661 0.945739
vt 0.572661 0.945739
vt 0.572776 0.950808
vt 0.572677 0.943665
vt 0.340462 0.815814
vt 0.340465 0.813609
vt 0.340463 0.818253
vt 0.340500 0.820957
vt 0.340530 0.820738
vt 0.340474 0.814244
vt 0.340549 0.819651
vt 0.340462 0.815814
vt 0.340535 0.821629
vt 0.083986 0.881524
vt 0.083930 0.888996
vt 0.083823 0.873900
vt 0.083932 0.873975
vt 0.083822 0.888920
vt 0.083768 0.881372
vt 0.572633 0.946350
vt 0.572608 0.949785
vt 0.572533 0.946281
vt 0.572559 0.942846
vt 0.083832 0.887499
vt 0.083789 0.881387
vt 0.083834 0.875335
vt 0.083922 0.875397
vt 0.083965 0.881509
vt 0.083920 0.887560
vt 0.083922 0.875397
vt 0.083965 0.881509
vt 0.340358 0.815730
vt 0.340338 0.818398
vt 0.340338 0.818398
vt 0.340300 0.813007
vt 0.340339 0.813034
vt 0.340299 0.818371
vt 0.340280 0.815676
vt 0.340280 0.815675
vt 0.572493 0.942737
vt 0.572514 0.945621
vt 0.572493 0.948475
vt 0.572452 0.942708
vt 0.572431 0.945563
vt 0.340303 0.817863
vt 0.340288 0.815681
vt 0.340304 0.813520
vt 0.340335 0.813542
vt 0.340351 0.815724
vt 0.340335 0.817885
vt 0.083394 0.884082
vt 0.083539 0.883979
vt 0.083598 0.878802
vt 0.083611 0.873625
vt 0.083334 0.878958
vt 0.572411 0.944266
vt 0.572317 0.946693
vt 0.572289 0.944338
vt 0.572417 0.941887
vt 0.572283 0.941982
vt 0.083359 0.877963
vt 0.083320 0.873833
vt 0.083407 0.882113
vt 0.083525 0.882029
vt 0.083573 0.877837
vt 0.083348 0.873813
vt 0.083583 0.873645
vt 0.340166 0.815730
vt 0.340146 0.818398
vt 0.340146 0.818398
vt 0.340108 0.813007
vt 0.340147 0.813034
vt 0.340108 0.818371
vt 0.340088 0.815676
vt 0.340088 0.815675
vt 0.572177 0.945563
vt 0.572240 0.942737
vt 0.572239 0.948475
vt 0.572198 0.942708
vt 0.340143 0.817885
vt 0.340111 0.817863
vt 0.340096 0.815681
vt 0.340112 0.813520
vt 0.340143 0.813542
vt 0.340159 0.815724
vt 0.083927 0.896489
vt 0.084033 0.904344
vt 0.084033 0.904345
vt 0.084121 0.903787
vt 0.084174 0.900704
vt 0.084121 0.903787
vt 0.083927 0.889479
vt 0.572716 0.957813
vt 0.572627 0.954460
vt 0.572627 0.951237
vt 0.572627 0.951237
vt 0.572741 0.956397
vt 0.572643 0.949175
vt 0.083954 0.890119
vt 0.083961 0.884993
vt 0.083953 0.895797
vt 0.084040 0.902158
vt 0.084111 0.901705
vt 0.083981 0.886487
vt 0.083961 0.884992
vt 0.084154 0.899209
vt 0.084154 0.899209
vt 0.083953 0.895796
vt 0.083927 0.889479
vt 0.083954 0.890118
vt 0.084111 0.901705
vt 0.084174 0.900703
vt 0.572643 0.949175
vt 0.084040 0.902158
vt 0.083981 0.886487
vt 0.572627 0.954460
vt 0.572716 0.957813
vt 0.572741 0.956397
vt 0.083928 0.897198
vt 0.083867 0.904352
vt 0.083773 0.888706
vt 0.083881 0.889375
vt 0.083758 0.903683
vt 0.083711 0.895860
vt 0.572601 0.955183
vt 0.572573 0.958471
vt 0.572501 0.954568
vt 0.572573 0.958471
vt 0.572579 0.951587
vt 0.083770 0.902322
vt 0.083732 0.895987
vt 0.083782 0.890194
vt 0.083870 0.890736
vt 0.083908 0.897071
vt 0.083858 0.902864
vt 0.083858 0.902864
vt 0.340475 0.829761
vt 0.340436 0.831909
vt 0.340475 0.829761
vt 0.340428 0.824487
vt 0.340470 0.826050
vt 0.340394 0.830345
vt 0.340390 0.826634
vt 0.572667 0.963771
vt 0.572626 0.966068
vt 0.572576 0.960426
vt 0.572617 0.958129
vt 0.340401 0.829937
vt 0.340398 0.826932
vt 0.340429 0.825193
vt 0.340463 0.826459
vt 0.340466 0.829464
vt 0.340436 0.831203
vt 0.083852 0.912594
vt 0.083786 0.919485
vt 0.083702 0.903473
vt 0.083810 0.904588
vt 0.083678 0.918370
vt 0.083636 0.910364
vt 0.572459 0.962848
vt 0.572539 0.960193
vt 0.572527 0.967040
vt 0.572489 0.959681
vt 0.083778 0.917962
vt 0.083691 0.917059
vt 0.083657 0.910576
vt 0.083710 0.904996
vt 0.083798 0.905899
vt 0.083832 0.912382
vt 0.083798 0.905899
vt 0.083975 0.925874
vt 0.083894 0.931676
vt 0.083849 0.914710
vt 0.083952 0.917391
vt 0.083791 0.928996
vt 0.083768 0.920512
vt 0.572533 0.968777
vt 0.572618 0.967342
vt 0.572591 0.973909
vt 0.572570 0.966110
vt 0.083806 0.927892
vt 0.083788 0.921022
vt 0.083853 0.916323
vt 0.083937 0.918494
vt 0.083955 0.925364
vt 0.083890 0.930063
vt 0.083786 0.927432
vt 0.083718 0.934228
vt 0.083638 0.918101
vt 0.083746 0.919368
vt 0.083610 0.932961
vt 0.083570 0.924898
vt 0.572502 0.968572
vt 0.572520 0.972279
vt 0.572489 0.975402
vt 0.572452 0.967990
vt 0.572421 0.971114
vt 0.083623 0.931669
vt 0.083591 0.925139
vt 0.083646 0.919635
vt 0.083733 0.920661
vt 0.083765 0.927191
vt 0.083710 0.932695
vt 0.083623 0.931669
vt 0.083789 0.935804
vt 0.083875 0.938542
vt 0.083789 0.935804
vt 0.083948 0.933864
vt 0.083925 0.936649
vt 0.083925 0.936649
vt 0.083770 0.931650
vt 0.083770 0.931650
vt 0.572542 0.976662
vt 0.572604 0.977050
vt 0.572533 0.974753
vt 0.572533 0.974753
vt 0.572615 0.975771
vt 0.572604 0.977050
vt 0.083787 0.931550
vt 0.083777 0.928387
vt 0.083794 0.928908
vt 0.083875 0.938542
vt 0.083803 0.934914
vt 0.083872 0.937132
vt 0.083913 0.935598
vt 0.083794 0.928908
vt 0.083932 0.933343
vt 0.083948 0.933864
vt 0.083803 0.934914
vt 0.083787 0.931550
vt 0.083872 0.937132
vt 0.083913 0.935598
vt 0.572536 0.973253
vt 0.572615 0.975770
vt 0.083777 0.928387
vt 0.083932 0.933343
vt 0.572542 0.976662
vt 0.572581 0.977921
vt 0.083627 0.936362
vt 0.083572 0.943812
vt 0.083466 0.928672
vt 0.083574 0.928792
vt 0.083463 0.943692
vt 0.083410 0.936122
vt 0.572430 0.977471
vt 0.572405 0.980895
vt 0.572330 0.977361
vt 0.572406 0.973992
vt 0.572356 0.973936
vt 0.083474 0.942275
vt 0.083431 0.936144
vt 0.083476 0.930112
vt 0.083564 0.930209
vt 0.083607 0.936339
vt 0.083562 0.942372
vt 0.083476 0.930112
vt 0.340362 0.841753
vt 0.340340 0.844272
vt 0.340307 0.838707
vt 0.340345 0.838970
vt 0.340301 0.844009
vt 0.340285 0.841226
vt 0.572501 0.976963
vt 0.572519 0.979939
vt 0.572495 0.982634
vt 0.572460 0.976681
vt 0.572437 0.979376
vt 0.340305 0.843530
vt 0.340292 0.841276
vt 0.340310 0.839236
vt 0.340341 0.839449
vt 0.340354 0.841703
vt 0.340337 0.843743
vt 0.083555 0.950597
vt 0.083463 0.950420
vt 0.083463 0.950420
vt 0.083594 0.947420
vt 0.083603 0.944167
vt 0.083594 0.947420
vt 0.083427 0.947078
vt 0.083427 0.947078
vt 0.572354 0.984769
vt 0.572414 0.983390
vt 0.572337 0.983233
vt 0.572337 0.983233
vt 0.572418 0.981895
vt 0.572414 0.983390
vt 0.083443 0.946491
vt 0.083419 0.943814
vt 0.083437 0.943847
vt 0.083473 0.949197
vt 0.083547 0.949340
vt 0.083578 0.946768
vt 0.083419 0.943813
vt 0.083586 0.944133
vt 0.083603 0.944167
vt 0.083473 0.949197
vt 0.083443 0.946491
vt 0.083555 0.950597
vt 0.083547 0.949340
vt 0.083578 0.946768
vt 0.083586 0.944133
vt 0.572334 0.981732
vt 0.572418 0.981895
vt 0.083437 0.943847
vt 0.572354 0.984769
vt 0.572396 0.984851
vt 0.340340 0.821051
vt 0.340323 0.824025
vt 0.340275 0.818665
vt 0.340316 0.818371
vt 0.340282 0.824318
vt 0.340258 0.821638
vt 0.340316 0.818371
vt 0.572489 0.952731
vt 0.572471 0.955912
vt 0.572402 0.953359
vt 0.572420 0.950178
vt 0.572471 0.955912
vt 0.340285 0.823753
vt 0.340266 0.821582
vt 0.340280 0.819174
vt 0.340313 0.818937
vt 0.340332 0.821107
vt 0.340318 0.823515
vt 0.340318 0.823515
vt 0.340282 0.824318
vt 0.083395 0.893306
vt 0.083520 0.892918
vt 0.083569 0.888346
vt 0.083578 0.883869
vt 0.083342 0.889023
vt 0.572396 0.949789
vt 0.572316 0.952069
vt 0.572292 0.950101
vt 0.572400 0.947732
vt 0.572286 0.948088
vt 0.083363 0.888117
vt 0.083328 0.884645
vt 0.083406 0.891585
vt 0.083507 0.891271
vt 0.083547 0.887569
vt 0.083352 0.884571
vt 0.083328 0.884645
vt 0.083554 0.883943
vt 0.083406 0.891585
vt 0.083569 0.888346
vt 0.083507 0.891271
vt 0.572316 0.952069
vt 0.340260 0.827074
vt 0.340217 0.827475
vt 0.340251 0.821138
vt 0.340277 0.823905
vt 0.340191 0.824707
vt 0.340208 0.821539
vt 0.572405 0.956529
vt 0.572387 0.959919
vt 0.572341 0.960348
vt 0.572405 0.956529
vt 0.572378 0.953568
vt 0.572332 0.953997
vt 0.340199 0.824631
vt 0.340213 0.822065
vt 0.340248 0.821741
vt 0.340269 0.823982
vt 0.340255 0.826548
vt 0.340220 0.826872
vt 0.340269 0.823982
vt 0.083627 0.918741
vt 0.083535 0.922050
vt 0.083555 0.906066
vt 0.083637 0.910749
vt 0.083454 0.917367
vt 0.083464 0.909375
vt 0.083464 0.909375
vt 0.572438 0.963304
vt 0.572433 0.966977
vt 0.572391 0.968498
vt 0.572438 0.963304
vt 0.572400 0.961151
vt 0.572358 0.962672
vt 0.083537 0.920530
vt 0.083471 0.916737
vt 0.083479 0.910266
vt 0.083553 0.907586
vt 0.083620 0.911379
vt 0.083612 0.917851
vt 0.083620 0.911379
vt 0.083614 0.907592
vt 0.083681 0.905376
vt 0.083696 0.902117
vt 0.083689 0.899548
vt 0.083575 0.906131
vt 0.572473 0.958009
vt 0.572435 0.960525
vt 0.572417 0.959854
vt 0.572417 0.959854
vt 0.572470 0.956828
vt 0.572409 0.958865
vt 0.083584 0.905301
vt 0.083556 0.903980
vt 0.083616 0.906484
vt 0.083670 0.904689
vt 0.083682 0.902050
vt 0.083569 0.903558
vt 0.083677 0.899970
vt 0.083584 0.905301
vt 0.083614 0.907592
vt 0.083682 0.902050
vt 0.572473 0.958009
vt 0.083505 0.926127
vt 0.083440 0.929986
vt 0.083421 0.917207
vt 0.083495 0.919737
vt 0.083366 0.927455
vt 0.083357 0.921066
vt 0.572364 0.971402
vt 0.572335 0.973175
vt 0.572296 0.969075
vt 0.572360 0.968465
vt 0.083439 0.928771
vt 0.083379 0.926721
vt 0.083371 0.921547
vt 0.083423 0.918422
vt 0.083483 0.920471
vt 0.083491 0.925645
vt 0.083379 0.926721
vt 0.340215 0.831417
vt 0.340173 0.832334
vt 0.340195 0.825655
vt 0.340226 0.828077
vt 0.340142 0.829911
vt 0.340153 0.826572
vt 0.572261 0.960559
vt 0.572338 0.962170
vt 0.572282 0.966723
vt 0.572306 0.959578
vt 0.340175 0.831699
vt 0.340150 0.829737
vt 0.340159 0.827033
vt 0.340193 0.826290
vt 0.340218 0.828252
vt 0.340209 0.830956
vt 0.083367 0.891657
vt 0.083332 0.897992
vt 0.083229 0.886802
vt 0.083316 0.886061
vt 0.083245 0.898733
vt 0.083194 0.893137
vt 0.083367 0.891657
vt 0.572285 0.952190
vt 0.572268 0.955102
vt 0.572205 0.952870
vt 0.572261 0.949618
vt 0.572221 0.949958
vt 0.083252 0.897528
vt 0.083210 0.892997
vt 0.083239 0.887866
vt 0.083309 0.887267
vt 0.083350 0.891798
vt 0.083322 0.896928
vt 0.083239 0.887866
vt 0.340210 0.841436
vt 0.340190 0.844075
vt 0.340153 0.838711
vt 0.340191 0.838754
vt 0.340152 0.844032
vt 0.340133 0.841350
vt 0.572319 0.979577
vt 0.572297 0.982400
vt 0.572236 0.979484
vt 0.572298 0.976707
vt 0.572257 0.976661
vt 0.340187 0.843565
vt 0.340156 0.843530
vt 0.340140 0.841358
vt 0.340156 0.839221
vt 0.340188 0.839256
vt 0.340203 0.841428
vt 0.340210 0.841436
vt 0.083264 0.933197
vt 0.083242 0.940138
vt 0.083113 0.930219
vt 0.083199 0.928238
vt 0.083113 0.930220
vt 0.083156 0.942120
vt 0.083091 0.937161
vt 0.083156 0.942120
vt 0.572196 0.973622
vt 0.572226 0.975902
vt 0.572216 0.979092
vt 0.572157 0.974533
vt 0.572147 0.977723
vt 0.083160 0.940800
vt 0.083108 0.936784
vt 0.083125 0.931163
vt 0.083195 0.929558
vt 0.083247 0.933574
vt 0.083230 0.939195
vt 0.083093 0.937614
vt 0.083042 0.943518
vt 0.082965 0.930625
vt 0.083054 0.931168
vt 0.082953 0.942975
vt 0.082914 0.936529
vt 0.572111 0.975173
vt 0.572129 0.978136
vt 0.572106 0.980850
vt 0.572070 0.974924
vt 0.572047 0.977637
vt 0.083035 0.942292
vt 0.082962 0.941852
vt 0.082931 0.936632
vt 0.082972 0.931851
vt 0.083044 0.932291
vt 0.083076 0.937511
vt 0.340019 0.836171
vt 0.339997 0.838708
vt 0.339964 0.833169
vt 0.340002 0.833402
vt 0.339959 0.838475
vt 0.339942 0.835705
vt 0.339959 0.838475
vt 0.571984 0.972075
vt 0.572048 0.969610
vt 0.572043 0.975287
vt 0.339963 0.837992
vt 0.339949 0.835749
vt 0.339967 0.833695
vt 0.339998 0.833884
vt 0.340012 0.836127
vt 0.339994 0.838181
vt 0.082872 0.916715
vt 0.082821 0.922618
vt 0.082744 0.909726
vt 0.082833 0.910269
vt 0.082732 0.922076
vt 0.082693 0.915630
vt 0.082693 0.915630
vt 0.571921 0.965775
vt 0.571986 0.963311
vt 0.571980 0.968987
vt 0.571921 0.965775
vt 0.082741 0.920953
vt 0.082710 0.915733
vt 0.082751 0.910952
vt 0.082823 0.911391
vt 0.082855 0.916612
vt 0.082814 0.921392
vt 0.082710 0.915733
vt 0.082855 0.916611
vt 0.082944 0.884082
vt 0.083089 0.883979
vt 0.083148 0.878802
vt 0.083161 0.873625
vt 0.082884 0.878958
vt 0.572156 0.944266
vt 0.572062 0.946693
vt 0.572034 0.944338
vt 0.572161 0.941887
vt 0.572028 0.941982
vt 0.082909 0.877963
vt 0.082870 0.873833
vt 0.082958 0.882113
vt 0.083075 0.882029
vt 0.083123 0.877837
vt 0.082898 0.873813
vt 0.083133 0.873645
vt 0.339984 0.816053
vt 0.339962 0.819038
vt 0.339919 0.813007
vt 0.339963 0.813038
vt 0.339918 0.819008
vt 0.339897 0.815993
vt 0.572019 0.946047
vt 0.571995 0.949240
vt 0.571926 0.945982
vt 0.571996 0.942821
vt 0.571949 0.942789
vt 0.339923 0.818440
vt 0.339905 0.815998
vt 0.339923 0.813581
vt 0.339958 0.813605
vt 0.339976 0.816047
vt 0.339958 0.818465
vt 0.339754 0.816907
vt 0.339787 0.820039
vt 0.339818 0.820156
vt 0.339838 0.819268
vt 0.339758 0.814454
vt 0.571807 0.950464
vt 0.571738 0.946990
vt 0.571742 0.944365
vt 0.571742 0.944365
vt 0.571828 0.949515
vt 0.571758 0.942815
vt 0.339767 0.814774
vt 0.339772 0.813005
vt 0.339763 0.816761
vt 0.339790 0.819297
vt 0.339815 0.819391
vt 0.339778 0.813601
vt 0.339832 0.818672
vt 0.339832 0.818672
vt 0.339767 0.814774
vt 0.339815 0.819391
vt 0.339838 0.819268
vt 0.571807 0.950464
vt 0.571828 0.949515
vt 0.082755 0.889619
vt 0.082716 0.897394
vt 0.082755 0.889619
vt 0.082586 0.884239
vt 0.082690 0.883041
vt 0.082586 0.884239
vt 0.082612 0.898592
vt 0.082547 0.892014
vt 0.571935 0.951082
vt 0.571917 0.954656
vt 0.571840 0.952183
vt 0.571905 0.948059
vt 0.571858 0.948610
vt 0.082703 0.896143
vt 0.082619 0.897113
vt 0.082567 0.891786
vt 0.082598 0.885490
vt 0.082682 0.884520
vt 0.082735 0.889846
vt 0.082703 0.896143
vt 0.082770 0.903364
vt 0.082737 0.910406
vt 0.082617 0.898816
vt 0.082710 0.897569
vt 0.082644 0.911653
vt 0.082584 0.905858
vt 0.571917 0.956226
vt 0.571945 0.958889
vt 0.571930 0.962126
vt 0.571875 0.956799
vt 0.571860 0.960036
vt 0.082650 0.910313
vt 0.082601 0.905621
vt 0.082628 0.899918
vt 0.082703 0.898908
vt 0.082752 0.903601
vt 0.082725 0.909303
vt 0.083357 0.920372
vt 0.083330 0.928292
vt 0.083185 0.916571
vt 0.083285 0.914512
vt 0.083230 0.930352
vt 0.083158 0.924491
vt 0.572245 0.965937
vt 0.572278 0.968631
vt 0.572265 0.972271
vt 0.572199 0.966884
vt 0.572186 0.970524
vt 0.083235 0.928845
vt 0.083177 0.924099
vt 0.083199 0.917686
vt 0.083280 0.916018
vt 0.083338 0.920764
vt 0.083316 0.927177
vt 0.083186 0.916289
vt 0.083254 0.914843
vt 0.083274 0.911856
vt 0.083272 0.909314
vt 0.083150 0.914469
vt 0.572234 0.963457
vt 0.572193 0.965494
vt 0.572177 0.964658
vt 0.572177 0.964658
vt 0.572233 0.962288
vt 0.572170 0.963617
vt 0.083161 0.913764
vt 0.083136 0.912205
vt 0.083190 0.915237
vt 0.083244 0.914067
vt 0.083260 0.911648
vt 0.083149 0.911930
vt 0.083136 0.912205
vt 0.083272 0.909314
vt 0.083259 0.909589
vt 0.083161 0.913764
vt 0.083254 0.914843
vt 0.083260 0.911648
vt 0.572170 0.963617
vt 0.083149 0.911930
vt 0.572234 0.963457
vt 0.572233 0.962288
vt 0.082960 0.924151
vt 0.082991 0.929830
vt 0.082960 0.924151
vt 0.083036 0.931029
vt 0.083071 0.930412
vt 0.082978 0.920695
vt 0.572107 0.973777
vt 0.572071 0.970616
vt 0.572080 0.969027
vt 0.572123 0.973494
vt 0.572093 0.968273
vt 0.082990 0.921462
vt 0.083007 0.919053
vt 0.082975 0.924262
vt 0.083000 0.928861
vt 0.083037 0.929831
vt 0.083013 0.920134
vt 0.083007 0.919053
vt 0.083065 0.929332
vt 0.083037 0.929831
vt 0.572107 0.973777
vt 0.083153 0.918973
vt 0.083161 0.924631
vt 0.083031 0.919967
vt 0.083088 0.916641
vt 0.083103 0.927956
vt 0.083038 0.925624
vt 0.572137 0.966902
vt 0.572167 0.967973
vt 0.572170 0.970574
vt 0.572110 0.968430
vt 0.572113 0.971030
vt 0.083148 0.924187
vt 0.083101 0.926880
vt 0.083049 0.924991
vt 0.083043 0.920410
vt 0.083090 0.917717
vt 0.083142 0.919606
vt 0.083043 0.920410
vt 0.083142 0.919606
vt 0.083037 0.910717
vt 0.083036 0.918077
vt 0.082877 0.910652
vt 0.082957 0.907004
vt 0.082956 0.921725
vt 0.082876 0.918012
vt 0.572061 0.961615
vt 0.572098 0.963322
vt 0.572098 0.966705
vt 0.572025 0.963292
vt 0.572024 0.966675
vt 0.082956 0.920325
vt 0.082892 0.917319
vt 0.082892 0.911358
vt 0.082957 0.908404
vt 0.083022 0.911410
vt 0.083021 0.917371
vt 0.083315 0.933657
vt 0.083379 0.933460
vt 0.083405 0.931113
vt 0.083409 0.928815
vt 0.083288 0.931457
vt 0.572309 0.974278
vt 0.572268 0.975447
vt 0.572255 0.974436
vt 0.572255 0.974436
vt 0.572311 0.973222
vt 0.572252 0.973403
vt 0.083299 0.930992
vt 0.083281 0.929209
vt 0.083321 0.932773
vt 0.083373 0.932614
vt 0.083393 0.930714
vt 0.083293 0.929172
vt 0.083409 0.928815
vt 0.083397 0.928852
vt 0.083321 0.932773
vt 0.083299 0.930992
vt 0.083379 0.933460
vt 0.572252 0.973403
vt 0.083293 0.929171
vt 0.572268 0.975447
vt 0.572311 0.973222
vt 0.083203 0.887493
vt 0.083186 0.894297
vt 0.083055 0.885232
vt 0.083137 0.882961
vt 0.083104 0.896569
vt 0.083038 0.892036
vt 0.572162 0.947909
vt 0.572192 0.949992
vt 0.572184 0.953119
vt 0.572124 0.948953
vt 0.572116 0.952080
vt 0.083107 0.895274
vt 0.083054 0.891604
vt 0.083067 0.886094
vt 0.083134 0.884255
vt 0.083187 0.887925
vt 0.083174 0.893435
vt 0.340033 0.820554
vt 0.340008 0.822772
vt 0.339985 0.817115
vt 0.340021 0.817726
vt 0.339972 0.822161
vt 0.339960 0.819333
vt 0.339972 0.822161
vt 0.339960 0.819333
vt 0.572085 0.951847
vt 0.572059 0.954220
vt 0.572007 0.950541
vt 0.572073 0.948822
vt 0.572034 0.948168
vt 0.340006 0.822234
vt 0.339976 0.821739
vt 0.339967 0.819449
vt 0.339987 0.817653
vt 0.340017 0.818148
vt 0.340026 0.820438
vt 0.340008 0.825642
vt 0.339982 0.828357
vt 0.339949 0.821998
vt 0.339992 0.822462
vt 0.339939 0.827893
vt 0.339923 0.824713
vt 0.571959 0.957612
vt 0.572033 0.955204
vt 0.572023 0.961510
vt 0.571988 0.954707
vt 0.339979 0.827752
vt 0.339944 0.827376
vt 0.339931 0.824802
vt 0.339952 0.822603
vt 0.339987 0.822979
vt 0.340000 0.825554
vt 0.082792 0.897068
vt 0.082840 0.893147
vt 0.082792 0.897068
vt 0.082837 0.889869
vt 0.082819 0.887830
vt 0.082837 0.889870
vt 0.082751 0.896989
vt 0.082751 0.896989
vt 0.571986 0.951299
vt 0.571966 0.954607
vt 0.571947 0.954571
vt 0.571947 0.954571
vt 0.571978 0.950361
vt 0.571935 0.953966
vt 0.082755 0.895993
vt 0.082725 0.895673
vt 0.082788 0.896057
vt 0.082827 0.892881
vt 0.082825 0.890228
vt 0.082734 0.894927
vt 0.082810 0.888576
vt 0.082755 0.895993
vt 0.082840 0.893146
vt 0.082825 0.890228
vt 0.571935 0.953966
vt 0.082827 0.892881
vt 0.082734 0.894927
vt 0.571986 0.951299
vt 0.571978 0.950361
vt 0.340098 0.826537
vt 0.340091 0.829172
vt 0.340041 0.825638
vt 0.340072 0.824770
vt 0.340059 0.830040
vt 0.340034 0.828273
vt 0.572145 0.958233
vt 0.572172 0.960123
vt 0.572165 0.962942
vt 0.572111 0.959161
vt 0.572104 0.961980
vt 0.340061 0.829539
vt 0.340040 0.828108
vt 0.340045 0.825974
vt 0.340071 0.825271
vt 0.340092 0.826702
vt 0.340086 0.828836
vt 0.340130 0.823450
vt 0.340124 0.825692
vt 0.340081 0.822589
vt 0.340109 0.821899
vt 0.340096 0.826382
vt 0.340075 0.824831
vt 0.572193 0.954340
vt 0.572216 0.956000
vt 0.572209 0.958398
vt 0.572164 0.955079
vt 0.572157 0.957477
vt 0.340120 0.825397
vt 0.340098 0.825956
vt 0.340080 0.824699
vt 0.340085 0.822884
vt 0.340108 0.822325
vt 0.340125 0.823581
vt 0.083326 0.900857
vt 0.083312 0.904454
vt 0.083248 0.898874
vt 0.083294 0.898067
vt 0.083266 0.905261
vt 0.083234 0.902471
vt 0.572251 0.956137
vt 0.572266 0.957419
vt 0.572259 0.959072
vt 0.572230 0.956508
vt 0.572223 0.958161
vt 0.083269 0.904577
vt 0.083243 0.902318
vt 0.083254 0.899405
vt 0.083292 0.898751
vt 0.083318 0.901011
vt 0.083306 0.903923
vt 0.083375 0.900788
vt 0.083406 0.896556
vt 0.083375 0.900788
vt 0.083396 0.893710
vt 0.083375 0.892205
vt 0.083338 0.901398
vt 0.572305 0.953570
vt 0.572295 0.956823
vt 0.572278 0.957104
vt 0.572278 0.957104
vt 0.572295 0.952878
vt 0.572266 0.956768
vt 0.083339 0.900455
vt 0.083312 0.900669
vt 0.083369 0.899961
vt 0.083394 0.896533
vt 0.083386 0.894229
vt 0.083318 0.899864
vt 0.083369 0.893010
vt 0.083339 0.900455
vt 0.083406 0.896556
vt 0.083394 0.896533
vt 0.572295 0.952878
vt 0.083269 0.905308
vt 0.083265 0.908900
vt 0.083191 0.904774
vt 0.083232 0.903245
vt 0.083224 0.910429
vt 0.083187 0.908366
vt 0.572217 0.959075
vt 0.572234 0.960023
vt 0.572232 0.961674
vt 0.572196 0.961429
vt 0.083225 0.909746
vt 0.083195 0.908075
vt 0.083198 0.905166
vt 0.083231 0.903928
vt 0.083261 0.905599
vt 0.083258 0.908508
vt 0.083269 0.905308
vt 0.083094 0.895943
vt 0.083084 0.901265
vt 0.082978 0.894583
vt 0.083041 0.892602
vt 0.083021 0.903247
vt 0.082968 0.899906
vt 0.572132 0.954756
vt 0.572128 0.957203
vt 0.572075 0.956578
vt 0.572108 0.953221
vt 0.572079 0.954132
vt 0.083023 0.902234
vt 0.082980 0.899529
vt 0.082988 0.895219
vt 0.083039 0.893614
vt 0.083082 0.896319
vt 0.083074 0.900630
vt 0.082950 0.904049
vt 0.082972 0.907701
vt 0.083002 0.908397
vt 0.083024 0.907923
vt 0.083024 0.907923
vt 0.082961 0.901750
vt 0.572087 0.961165
vt 0.572063 0.959168
vt 0.572068 0.958111
vt 0.572097 0.960948
vt 0.572076 0.957591
vt 0.082968 0.902229
vt 0.082979 0.900618
vt 0.082959 0.904091
vt 0.082978 0.907049
vt 0.083002 0.907611
vt 0.082983 0.901313
vt 0.082979 0.900618
vt 0.083020 0.907228
vt 0.082961 0.901750
vt 0.083002 0.907611
vt 0.083002 0.908396
vt 0.572076 0.957591
vt 0.082978 0.907049
vt 0.082983 0.901313
vt 0.572087 0.961165
vt 0.083195 0.948033
vt 0.083264 0.952883
vt 0.083195 0.948033
vt 0.083319 0.952432
vt 0.083352 0.950420
vt 0.083319 0.952432
vt 0.083194 0.943597
vt 0.572263 0.985864
vt 0.572206 0.983842
vt 0.572205 0.981803
vt 0.572205 0.981803
vt 0.572278 0.984940
vt 0.572215 0.980481
vt 0.083211 0.943972
vt 0.083214 0.940720
vt 0.083212 0.947565
vt 0.083268 0.951492
vt 0.083312 0.951126
vt 0.083228 0.941642
vt 0.083214 0.940719
vt 0.083339 0.949497
vt 0.083339 0.949498
vt 0.083212 0.947564
vt 0.083194 0.943597
vt 0.083211 0.943971
vt 0.083264 0.952883
vt 0.083312 0.951126
vt 0.083352 0.950420
vt 0.572215 0.980481
vt 0.083268 0.951492
vt 0.083228 0.941642
vt 0.572206 0.983843
vt 0.572263 0.985864
vt 0.572278 0.984940
vt 0.083176 0.944282
vt 0.083091 0.941624
vt 0.083176 0.944282
vt 0.083041 0.943566
vt 0.083018 0.946372
vt 0.083041 0.943565
vt 0.083197 0.948417
vt 0.083197 0.948417
vt 0.572116 0.982163
vt 0.572178 0.982492
vt 0.572187 0.984393
vt 0.572187 0.984393
vt 0.572105 0.983452
vt 0.572184 0.985895
vt 0.083179 0.948534
vt 0.083190 0.951687
vt 0.083163 0.945185
vt 0.083093 0.943033
vt 0.083053 0.944605
vt 0.083173 0.951182
vt 0.083190 0.951687
vt 0.083035 0.946878
vt 0.083035 0.946877
vt 0.083163 0.945185
vt 0.083179 0.948534
vt 0.083091 0.941625
vt 0.083053 0.944605
vt 0.083018 0.946372
vt 0.572105 0.983453
vt 0.083093 0.943033
vt 0.572178 0.982492
vt 0.572116 0.982163
vt 0.572184 0.985896
vt 0.571883 0.946430
vt 0.572811 0.946645
vt 0.572711 0.952533
vt 0.572558 0.949750
vt 0.572609 0.942881
vt 0.572633 0.946350
vt 0.572609 0.942881
vt 0.572451 0.948446
vt 0.572384 0.946645
vt 0.572198 0.948446
vt 0.572260 0.945621
vt 0.572676 0.958070
vt 0.572676 0.958070
vt 0.572523 0.958163
vt 0.572529 0.951280
vt 0.572581 0.964396
vt 0.572662 0.959801
vt 0.572478 0.966528
vt 0.572558 0.963873
vt 0.572539 0.960193
vt 0.572543 0.972677
vt 0.572628 0.971242
vt 0.572439 0.974820
vt 0.572439 0.974820
vt 0.572581 0.977921
vt 0.572536 0.973253
vt 0.572355 0.980840
vt 0.572356 0.973936
vt 0.572454 0.982352
vt 0.572396 0.984850
vt 0.572334 0.981732
vt 0.572427 0.956226
vt 0.572464 0.949864
vt 0.572374 0.951891
vt 0.572374 0.951891
vt 0.572313 0.957387
vt 0.572353 0.966345
vt 0.572466 0.959507
vt 0.572301 0.972012
vt 0.572326 0.967301
vt 0.572301 0.972012
vt 0.572249 0.964132
vt 0.572327 0.965742
vt 0.572229 0.955442
vt 0.572221 0.949958
vt 0.572256 0.982353
vt 0.572177 0.980003
vt 0.572064 0.980600
vt 0.572002 0.975037
vt 0.572007 0.969361
vt 0.572066 0.972573
vt 0.571939 0.968738
vt 0.571944 0.963062
vt 0.572003 0.966274
vt 0.572003 0.966274
vt 0.572129 0.946645
vt 0.571948 0.949208
vt 0.571949 0.942789
vt 0.571773 0.950340
vt 0.571870 0.955207
vt 0.571917 0.954656
vt 0.571887 0.962699
vt 0.572219 0.973218
vt 0.572225 0.964829
vt 0.083259 0.909589
vt 0.572086 0.973227
vt 0.572143 0.972102
vt 0.572110 0.968430
vt 0.572167 0.967973
vt 0.572061 0.968382
vt 0.572297 0.975357
vt 0.083397 0.928852
vt 0.572147 0.954163
vt 0.572020 0.953567
vt 0.571977 0.961013
vt 0.572051 0.958605
vt 0.571987 0.952805
vt 0.082810 0.888576
vt 0.571987 0.952805
vt 0.572131 0.963870
vt 0.572180 0.959136
vt 0.572238 0.959443
vt 0.572310 0.954878
vt 0.083369 0.893010
vt 0.572310 0.954878
vt 0.572213 0.962377
vt 0.572198 0.959778
vt 0.572099 0.958114
vt 0.572073 0.960846
vt 0.572073 0.960846
vt 0.572238 0.986072
vt 0.572238 0.986072
vt 0.572139 0.981271
vt 0.083173 0.951181
vt 0.572139 0.981270
s 0
usemtl Texture_Map
f 14/1/1 11/2/1 10/1/1
f 20/3/2 12/4/2 18/5/2
f 17/6/3 14/1/3 10/1/3
f 24/7/4 6/8/4 23/9/4
f 21/9/5 4/10/5 1/11/5
f 21/12/6 9/13/6 17/6/6
f 2/14/7 11/2/7 3/15/7
f 3/15/8 18/5/8 22/16/8
f 1/17/9 13/13/9 9/13/9
f 16/18/9 4/19/9 12/4/9
f 6/14/10 19/6/10 23/12/10
f 6/14/11 15/2/11 14/1/11
f 24/16/12 16/18/12 20/3/12
f 4/10/9 5/11/9 1/11/9
f 7/15/13 20/3/13 15/2/13
f 23/12/14 13/13/14 5/17/14
f 22/16/15 12/4/15 4/19/15
f 2/14/16 17/6/16 10/1/16
f 2/8/5 22/7/5 21/9/5
f 8/10/4 23/9/4 5/11/4
f 9/13/17 19/6/17 17/6/17
f 15/2/18 18/5/18 11/2/18
f 38/20/1 35/21/1 34/20/1
f 42/22/2 40/23/2 36/23/2
f 41/24/3 38/20/3 34/20/3
f 48/25/4 30/26/4 47/27/4
f 45/27/5 28/28/5 25/29/5
f 45/30/19 33/31/19 41/24/19
f 26/32/20 35/21/20 27/33/20
f 27/33/21 42/22/21 46/34/21
f 25/35/9 37/31/9 33/31/9
f 40/23/9 28/36/9 36/23/9
f 30/32/22 43/24/22 47/30/22
f 30/32/23 39/21/23 38/20/23
f 48/34/24 40/23/24 44/22/24
f 32/28/9 25/29/9 28/28/9
f 31/33/25 44/22/25 39/21/25
f 47/30/26 37/31/26 29/35/26
f 46/34/27 36/23/27 28/36/27
f 26/32/28 41/24/28 34/20/28
f 26/26/5 46/25/5 45/27/5
f 32/28/4 47/27/4 29/29/4
f 37/31/17 41/24/17 33/31/17
f 39/21/18 42/22/18 35/21/18
f 62/37/29 59/38/29 58/39/29
f 66/40/30 64/41/30 60/41/30
f 67/42/31 58/39/31 65/43/31
f 72/44/4 54/45/4 71/46/4
f 69/47/5 52/48/5 49/49/5
f 69/50/32 57/51/32 65/43/32
f 50/52/33 59/38/33 51/53/33
f 51/53/34 66/40/34 70/54/34
f 49/55/35 61/51/35 57/51/35
f 64/41/35 52/56/35 60/41/35
f 54/52/36 67/42/36 71/57/36
f 54/52/37 63/38/37 62/37/37
f 72/54/38 64/41/38 68/58/38
f 52/48/35 53/49/35 49/49/35
f 55/53/39 68/58/39 63/38/39
f 71/57/40 61/51/40 53/55/40
f 70/54/41 60/41/41 52/56/41
f 50/52/42 65/43/42 58/39/42
f 50/45/5 70/44/5 69/47/5
f 56/48/4 71/46/4 53/49/4
f 57/51/43 67/42/43 65/43/43
f 59/38/44 68/58/44 66/40/44
f 96/59/45 86/60/45 90/59/45
f 94/61/46 89/62/46 88/61/46
f 91/63/47 87/64/47 85/63/47
f 95/62/48 90/59/48 89/62/48
f 93/64/49 88/61/49 87/64/49
f 86/60/50 91/63/50 85/63/50
f 78/65/4 73/66/4 75/67/4
f 82/68/5 81/67/5 79/66/5
f 74/69/51 86/60/51 85/63/51
f 74/69/52 87/64/52 75/70/52
f 76/71/53 87/64/53 88/61/53
f 76/71/54 89/62/54 77/72/54
f 78/73/55 89/62/55 90/59/55
f 73/74/56 90/59/56 86/60/56
f 80/69/57 92/60/57 79/74/57
f 80/69/58 93/64/58 91/63/58
f 82/71/59 93/64/59 81/70/59
f 82/71/60 95/62/60 94/61/60
f 83/75/61 96/59/61 95/62/61
f 79/74/62 96/59/62 84/76/62
f 114/77/45 116/78/45 110/79/45
f 118/80/46 113/81/46 112/80/46
f 115/82/47 111/83/47 109/82/47
f 119/81/48 114/77/48 113/81/48
f 117/84/49 112/80/49 111/83/49
f 110/79/50 115/82/50 109/82/50
f 101/85/4 102/86/4 97/87/4
f 107/85/5 106/88/5 105/89/5
f 98/90/63 110/79/63 109/82/63
f 99/91/64 109/82/64 111/83/64
f 100/92/65 111/83/65 112/80/65
f 100/92/66 113/81/66 101/93/66
f 101/93/67 114/77/67 102/94/67
f 97/95/68 114/77/68 110/79/68
f 104/90/69 116/78/69 103/95/69
f 105/91/70 115/82/70 104/90/70
f 105/91/71 118/80/71 117/84/71
f 107/93/72 118/80/72 106/92/72
f 108/94/73 119/81/73 107/93/73
f 103/95/74 120/77/74 108/94/74
f 134/96/1 131/97/1 130/96/1
f 140/98/2 132/99/2 138/98/2
f 139/100/3 130/96/3 137/100/3
f 144/101/4 126/102/4 143/103/4
f 141/103/5 124/104/5 121/105/5
f 141/106/19 129/107/19 137/100/19
f 122/108/20 131/97/20 123/109/20
f 123/109/21 138/98/21 142/110/21
f 121/111/9 133/107/9 129/107/9
f 136/99/9 124/112/9 132/99/9
f 126/108/22 139/100/22 143/106/22
f 126/108/23 135/97/23 134/96/23
f 144/110/24 136/99/24 140/98/24
f 128/104/9 121/105/9 124/104/9
f 127/109/25 140/98/25 135/97/25
f 143/106/26 133/107/26 125/111/26
f 142/110/27 132/99/27 124/112/27
f 122/108/28 137/100/28 130/96/28
f 122/102/5 142/101/5 141/103/5
f 128/104/4 143/103/4 125/105/4
f 129/107/17 139/100/17 137/100/17
f 131/97/18 140/98/18 138/98/18
f 162/113/45 164/114/45 158/115/45
f 166/116/46 161/117/46 160/116/46
f 163/118/47 159/119/47 157/118/47
f 167/117/48 162/113/48 161/117/48
f 165/120/49 160/116/49 159/119/49
f 164/114/50 157/118/50 158/115/50
f 147/121/4 149/122/4 145/123/4
f 154/124/5 153/121/5 151/123/5
f 145/125/63 157/118/63 146/126/63
f 147/127/64 157/118/64 159/119/64
f 147/127/65 160/116/65 148/128/65
f 149/129/66 160/116/66 161/117/66
f 149/129/67 162/113/67 150/130/67
f 145/125/68 162/113/68 158/115/68
f 152/126/69 164/114/69 151/125/69
f 152/126/70 165/120/70 163/118/70
f 154/128/71 165/120/71 153/127/71
f 155/129/72 166/116/72 154/128/72
f 155/129/73 168/113/73 167/117/73
f 151/125/74 168/113/74 156/130/74
f 178/131/75 183/132/75 179/133/75
f 188/134/76 180/135/76 186/136/76
f 185/137/77 182/131/77 178/131/77
f 192/138/4 174/139/4 191/140/4
f 189/141/5 172/142/5 169/143/5
f 189/144/78 177/145/78 185/137/78
f 170/146/79 179/133/79 171/147/79
f 171/147/80 186/136/80 190/148/80
f 169/149/81 181/150/81 177/145/81
f 180/135/81 176/151/81 172/152/81
f 174/153/82 187/154/82 191/155/82
f 174/153/83 183/132/83 182/131/83
f 192/156/84 184/157/84 188/134/84
f 172/142/81 173/158/81 169/143/81
f 175/159/85 188/134/85 183/132/85
f 191/155/86 181/150/86 173/160/86
f 190/148/87 180/135/87 172/152/87
f 170/146/88 185/137/88 178/131/88
f 170/161/5 190/162/5 189/141/5
f 176/163/4 191/140/4 173/158/4
f 181/150/89 185/137/89 177/145/89
f 183/132/90 186/136/90 179/133/90
f 210/164/91 212/165/91 206/165/91
f 214/166/92 209/167/92 208/166/92
f 211/168/93 207/169/93 205/168/93
f 215/167/94 210/164/94 209/167/94
f 213/169/95 208/166/95 207/169/95
f 212/165/96 205/168/96 206/165/96
f 198/170/4 193/171/4 195/172/4
f 199/173/5 203/174/5 201/172/5
f 194/175/97 206/165/97 205/168/97
f 195/176/98 205/168/98 207/169/98
f 195/176/99 208/166/99 196/177/99
f 196/177/100 209/167/100 197/178/100
f 197/178/101 210/164/101 198/179/101
f 198/179/102 206/165/102 193/180/102
f 200/175/103 212/165/103 199/181/103
f 200/175/104 213/169/104 211/168/104
f 202/177/105 213/169/105 201/176/105
f 203/178/106 214/166/106 202/177/106
f 203/178/107 216/164/107 215/167/107
f 199/181/108 216/164/108 204/179/108
f 240/182/109 230/183/109 234/184/109
f 238/185/110 233/186/110 232/185/110
f 235/187/111 231/188/111 229/187/111
f 233/186/112 240/182/112 234/184/112
f 237/188/113 232/185/113 231/188/113
f 230/183/114 235/187/114 229/187/114
f 222/189/4 217/190/4 219/191/4
f 226/192/5 225/191/5 223/190/5
f 218/193/115 230/183/115 229/187/115
f 219/194/116 229/187/116 231/188/116
f 219/194/117 232/185/117 220/195/117
f 221/196/118 232/185/118 233/186/118
f 222/197/119 233/186/119 234/184/119
f 217/198/120 234/184/120 230/183/120
f 223/198/121 235/187/121 236/183/121
f 224/193/122 237/188/122 235/187/122
f 226/195/123 237/188/123 225/194/123
f 227/196/124 238/185/124 226/195/124
f 227/196/125 240/182/125 239/186/125
f 223/198/126 240/182/126 228/197/126
f 264/199/127 254/200/127 258/199/127
f 262/201/128 257/202/128 256/201/128
f 259/203/129 255/204/129 253/203/129
f 263/202/130 258/199/130 257/202/130
f 261/204/131 256/201/131 255/204/131
f 260/200/132 253/203/132 254/200/132
f 243/205/4 245/206/4 241/207/4
f 250/208/5 249/205/5 247/207/5
f 241/209/133 253/203/133 242/210/133
f 243/211/134 253/203/134 255/204/134
f 244/212/135 255/204/135 256/201/135
f 245/213/136 256/201/136 257/202/136
f 245/213/137 258/199/137 246/214/137
f 246/214/138 254/200/138 241/209/138
f 248/210/139 260/200/139 247/209/139
f 249/211/140 259/203/140 248/210/140
f 249/211/141 262/201/141 261/204/141
f 251/215/142 262/201/142 250/212/142
f 252/214/143 263/202/143 251/215/143
f 247/209/144 264/199/144 252/214/144
f 282/216/145 284/217/145 278/217/145
f 280/218/146 287/219/146 281/219/146
f 283/220/147 279/221/147 277/220/147
f 281/219/148 288/216/148 282/216/148
f 285/221/149 280/218/149 279/221/149
f 284/217/150 277/220/150 278/217/150
f 267/222/4 269/223/4 265/224/4
f 274/225/5 273/222/5 271/224/5
f 266/226/151 278/217/151 277/220/151
f 267/227/152 277/220/152 279/221/152
f 267/227/153 280/218/153 268/228/153
f 268/228/154 281/219/154 269/229/154
f 270/230/155 281/219/155 282/216/155
f 265/231/156 282/216/156 278/217/156
f 272/226/157 284/217/157 271/231/157
f 273/227/158 283/220/158 272/226/158
f 273/227/159 286/218/159 285/221/159
f 274/228/160 287/219/160 286/218/160
f 275/229/161 288/216/161 287/219/161
f 271/231/162 288/216/162 276/230/162
f 306/232/163 308/233/163 302/233/163
f 304/234/164 311/235/164 305/235/164
f 307/236/165 303/237/165 301/236/165
f 311/235/166 306/232/166 305/235/166
f 309/237/167 304/234/167 303/237/167
f 302/233/168 307/236/168 301/236/168
f 293/238/4 294/239/4 289/240/4
f 299/238/5 298/241/5 297/242/5
f 290/243/169 302/233/169 301/236/169
f 291/244/170 301/236/170 303/237/170
f 292/245/171 303/237/171 304/234/171
f 293/246/172 304/234/172 305/235/172
f 294/247/173 305/235/173 306/232/173
f 289/248/174 306/232/174 302/233/174
f 295/248/175 307/236/175 308/233/175
f 297/244/176 307/236/176 296/249/176
f 297/244/177 310/234/177 309/237/177
f 298/245/178 311/235/178 310/234/178
f 300/247/179 311/235/179 299/246/179
f 300/247/180 308/233/180 312/232/180
f 322/250/181 327/251/181 326/252/181
f 324/253/182 332/254/182 330/255/182
f 329/256/183 326/252/183 331/257/183
f 318/258/5 336/259/5 335/260/5
f 333/261/4 316/262/4 334/263/4
f 333/264/184 321/265/184 313/266/184
f 323/267/185 314/268/185 315/269/185
f 330/255/186 315/269/186 334/270/186
f 321/265/187 317/271/187 313/266/187
f 324/253/188 320/272/188 328/273/188
f 331/257/189 318/274/189 335/275/189
f 318/274/190 327/251/190 319/276/190
f 336/277/191 328/273/191 320/272/191
f 316/262/192 317/278/192 320/279/192
f 319/276/193 332/254/193 336/277/193
f 325/280/194 335/275/194 317/271/194
f 324/253/195 334/270/195 316/281/195
f 314/268/196 329/256/196 333/264/196
f 314/282/4 334/263/4 315/283/4
f 335/260/5 320/279/5 317/278/5
f 329/256/197 325/280/197 321/265/197
f 330/255/198 327/251/198 323/267/198
f 360/284/199 350/285/199 354/284/199
f 358/286/200 353/287/200 352/286/200
f 349/288/201 357/289/201 351/289/201
f 359/287/202 354/284/202 353/287/202
f 357/289/203 352/286/203 351/289/203
f 356/285/204 349/288/204 350/285/204
f 342/290/4 337/291/4 339/292/4
f 347/293/5 346/294/5 345/292/5
f 338/295/205 350/285/205 349/288/205
f 338/295/206 351/289/206 339/296/206
f 339/296/207 352/286/207 340/297/207
f 341/298/208 352/286/208 353/287/208
f 342/299/209 353/287/209 354/284/209
f 337/300/210 354/284/210 350/285/210
f 344/295/211 356/285/211 343/300/211
f 344/295/212 357/289/212 355/288/212
f 345/296/213 358/286/213 357/289/213
f 346/301/214 359/287/214 358/286/214
f 347/298/215 360/284/215 359/287/215
f 343/300/216 360/284/216 348/299/216
f 384/302/217 374/303/217 378/302/217
f 382/304/218 377/305/218 376/304/218
f 373/306/219 381/307/219 375/307/219
f 383/305/220 378/302/220 377/305/220
f 381/307/221 376/304/221 375/307/221
f 380/303/222 373/306/222 374/303/222
f 365/308/4 366/309/4 361/310/4
f 371/308/5 370/311/5 369/312/5
f 362/313/223 374/303/223 373/306/223
f 363/314/224 373/306/224 375/307/224
f 364/315/225 375/307/225 376/304/225
f 365/316/226 376/304/226 377/305/226
f 365/316/227 378/302/227 366/317/227
f 366/317/228 374/303/228 361/318/228
f 367/318/229 379/306/229 380/303/229
f 368/313/230 381/307/230 379/306/230
f 370/315/231 381/307/231 369/314/231
f 371/316/232 382/304/232 370/315/232
f 372/317/233 383/305/233 371/316/233
f 372/317/234 380/303/234 384/302/234
f 395/319/235 398/320/235 394/321/235
f 402/322/236 400/323/236 404/324/236
f 401/325/237 398/320/237 403/326/237
f 390/327/5 408/328/5 407/329/5
f 405/330/4 388/331/4 406/332/4
f 405/333/238 393/334/238 385/335/238
f 395/319/239 386/336/239 387/337/239
f 402/322/240 387/337/240 406/338/240
f 397/339/241 385/335/241 393/334/241
f 388/340/241 400/323/241 396/341/241
f 403/326/242 390/342/242 407/343/242
f 390/342/243 399/344/243 391/345/243
f 408/346/244 400/323/244 392/347/244
f 388/331/241 389/348/241 392/349/241
f 391/345/245 404/324/245 408/346/245
f 397/339/246 407/343/246 389/350/246
f 396/341/247 406/338/247 388/340/247
f 386/336/248 401/325/248 405/333/248
f 386/351/4 406/332/4 387/352/4
f 407/329/5 392/349/5 389/348/5
f 401/325/249 397/339/249 393/334/249
f 402/322/250 399/344/250 395/319/250
f 426/353/251 428/354/251 422/354/251
f 430/355/252 425/356/252 424/355/252
f 421/357/253 429/358/253 423/358/253
f 431/359/254 426/353/254 425/356/254
f 429/358/255 424/355/255 423/358/255
f 428/354/256 421/357/256 422/354/256
f 414/360/4 409/361/4 411/362/4
f 418/363/5 417/362/5 415/364/5
f 410/365/257 422/354/257 421/357/257
f 411/366/258 421/357/258 423/358/258
f 411/366/259 424/355/259 412/367/259
f 412/367/260 425/356/260 413/368/260
f 414/369/261 425/356/261 426/353/261
f 414/369/262 422/354/262 409/370/262
f 415/371/263 427/372/263 428/354/263
f 417/366/264 427/372/264 416/365/264
f 417/366/265 430/355/265 429/358/265
f 419/368/266 430/355/266 418/367/266
f 420/369/267 431/359/267 419/368/267
f 420/369/268 428/354/268 432/353/268
f 446/373/269 443/374/269 442/373/269
f 450/375/270 448/376/270 444/376/270
f 449/377/271 446/373/271 442/373/271
f 456/378/4 438/379/4 455/380/4
f 453/380/5 436/381/5 433/382/5
f 453/383/272 441/384/272 449/377/272
f 434/385/273 443/374/273 435/386/273
f 435/386/274 450/375/274 454/387/274
f 433/388/275 445/389/275 441/384/275
f 448/376/275 436/390/275 444/376/275
f 438/391/276 451/377/276 455/383/276
f 438/391/277 447/374/277 446/373/277
f 456/387/278 448/376/278 452/392/278
f 436/381/275 437/382/275 433/382/275
f 439/393/279 452/392/279 447/374/279
f 455/383/280 445/389/280 437/388/280
f 454/387/281 444/376/281 436/390/281
f 434/385/282 449/377/282 442/373/282
f 434/394/5 454/378/5 453/380/5
f 440/381/4 455/380/4 437/382/4
f 445/389/283 449/377/283 441/384/283
f 447/374/284 450/375/284 443/374/284
f 474/395/285 476/396/285 470/396/285
f 478/397/286 473/398/286 472/397/286
f 475/399/287 471/400/287 469/399/287
f 479/398/288 474/395/288 473/398/288
f 477/400/289 472/397/289 471/400/289
f 470/396/290 475/399/290 469/399/290
f 461/401/4 462/402/4 457/403/4
f 467/404/5 466/405/5 465/406/5
f 458/407/291 470/396/291 469/399/291
f 459/408/292 469/399/292 471/400/292
f 460/409/293 471/400/293 472/397/293
f 461/410/294 472/397/294 473/398/294
f 462/411/295 473/398/295 474/395/295
f 462/411/296 470/396/296 457/412/296
f 463/412/297 475/399/297 476/396/297
f 465/408/298 475/399/298 464/407/298
f 466/409/299 477/400/299 465/408/299
f 467/413/300 478/397/300 466/409/300
f 468/411/301 479/398/301 467/413/301
f 468/411/302 476/396/302 480/395/302
f 498/414/303 500/415/303 494/415/303
f 496/416/304 503/417/304 497/417/304
f 499/418/305 495/419/305 493/418/305
f 503/417/306 498/414/306 497/417/306
f 501/420/307 496/416/307 495/419/307
f 494/415/308 499/418/308 493/418/308
f 485/421/4 486/422/4 481/423/4
f 491/424/5 490/425/5 489/426/5
f 481/427/309 493/418/309 482/428/309
f 482/428/310 495/419/310 483/429/310
f 483/429/311 496/416/311 484/430/311
f 484/430/312 497/417/312 485/431/312
f 486/432/313 497/417/313 498/414/313
f 486/432/314 494/415/314 481/427/314
f 488/428/315 500/415/315 487/427/315
f 489/429/316 499/418/316 488/428/316
f 490/430/317 501/420/317 489/429/317
f 491/433/318 502/416/318 490/430/318
f 491/433/319 504/414/319 503/417/319
f 487/427/320 504/414/320 492/432/320
f 514/434/321 519/435/321 515/435/321
f 524/436/322 516/437/322 522/436/322
f 523/438/323 514/434/323 521/438/323
f 528/439/4 510/440/4 527/441/4
f 525/442/5 508/443/5 505/444/5
f 525/445/324 513/446/324 521/438/324
f 506/447/325 515/435/325 507/448/325
f 507/448/326 522/436/326 526/449/326
f 513/446/327 509/450/327 517/446/327
f 516/437/327 512/451/327 508/451/327
f 510/447/328 523/438/328 527/452/328
f 510/447/329 519/435/329 518/453/329
f 528/454/330 520/437/330 524/436/330
f 512/443/327 505/444/327 508/443/327
f 511/448/331 524/436/331 519/435/331
f 527/452/332 517/446/332 509/450/332
f 526/449/333 516/437/333 508/451/333
f 506/447/334 521/438/334 514/434/334
f 506/440/5 526/455/5 525/442/5
f 512/443/4 527/441/4 509/444/4
f 513/446/335 523/438/335 521/438/335
f 515/435/336 524/436/336 522/436/336
f 552/456/337 542/457/337 546/456/337
f 550/458/338 545/459/338 544/458/338
f 541/460/339 549/461/339 543/461/339
f 551/459/340 546/456/340 545/459/340
f 549/461/341 544/458/341 543/461/341
f 548/457/342 541/460/342 542/457/342
f 534/462/4 529/463/4 531/464/4
f 535/463/5 539/465/5 537/464/5
f 529/466/343 541/460/343 530/467/343
f 530/467/344 543/461/344 531/468/344
f 532/469/345 543/461/345 544/458/345
f 532/469/346 545/459/346 533/470/346
f 534/471/347 545/459/347 546/456/347
f 534/471/348 542/457/348 529/466/348
f 535/466/349 547/460/349 548/457/349
f 536/472/350 549/461/350 547/460/350
f 537/468/351 550/458/351 549/461/351
f 539/470/352 550/458/352 538/469/352
f 539/470/353 552/456/353 551/459/353
f 535/466/354 552/456/354 540/471/354
f 570/473/355 572/474/355 566/474/355
f 568/475/356 575/476/356 569/476/356
f 571/477/357 567/478/357 565/477/357
f 575/476/358 570/473/358 569/476/358
f 573/478/359 568/475/359 567/478/359
f 566/474/360 571/477/360 565/477/360
f 555/479/4 557/480/4 553/481/4
f 562/482/5 561/479/5 559/481/5
f 553/483/361 565/477/361 554/484/361
f 554/484/362 567/478/362 555/485/362
f 556/486/363 567/478/363 568/475/363
f 557/487/364 568/475/364 569/476/364
f 557/487/365 570/473/365 558/488/365
f 558/488/366 566/474/366 553/483/366
f 560/484/367 572/474/367 559/483/367
f 561/485/368 571/477/368 560/484/368
f 562/486/369 573/478/369 561/485/369
f 563/487/370 574/475/370 562/486/370
f 564/488/371 575/476/371 563/487/371
f 564/488/372 572/474/372 576/473/372
f 594/489/373 596/490/373 590/490/373
f 598/491/374 593/492/374 592/491/374
f 595/493/375 591/494/375 589/493/375
f 593/492/376 600/495/376 594/489/376
f 597/494/377 592/491/377 591/494/377
f 596/490/378 589/493/378 590/490/378
f 582/496/4 577/497/4 579/498/4
f 587/499/5 586/500/5 585/498/5
f 578/501/379 590/490/379 589/493/379
f 579/502/380 589/493/380 591/494/380
f 580/503/381 591/494/381 592/491/381
f 581/504/382 592/491/382 593/492/382
f 582/505/383 593/492/383 594/489/383
f 582/505/384 590/490/384 577/506/384
f 583/506/385 595/493/385 596/490/385
f 584/501/386 597/494/386 595/493/386
f 586/507/387 597/494/387 585/502/387
f 587/504/388 598/491/388 586/507/388
f 588/505/389 599/492/389 587/504/389
f 583/506/390 600/495/390 588/505/390
f 618/508/391 620/509/391 614/509/391
f 622/510/392 617/511/392 616/510/392
f 613/512/393 621/513/393 615/513/393
f 623/511/394 618/508/394 617/511/394
f 621/513/395 616/510/395 615/513/395
f 620/509/396 613/512/396 614/509/396
f 606/514/4 601/515/4 603/516/4
f 611/517/5 610/518/5 609/516/5
f 601/519/397 613/512/397 602/520/397
f 603/521/398 613/512/398 615/513/398
f 603/521/399 616/510/399 604/522/399
f 605/523/400 616/510/400 617/511/400
f 606/524/401 617/511/401 618/508/401
f 601/519/402 618/508/402 614/509/402
f 607/519/403 619/512/403 620/509/403
f 609/521/404 619/512/404 608/520/404
f 610/522/405 621/513/405 609/521/405
f 611/523/406 622/510/406 610/522/406
f 612/524/407 623/511/407 611/523/407
f 607/519/408 624/525/408 612/524/408
f 648/526/409 638/527/409 642/526/409
f 646/528/410 641/529/410 640/530/410
f 637/531/411 645/532/411 639/532/411
f 641/529/412 648/526/412 642/526/412
f 645/532/413 640/530/413 639/532/413
f 638/527/414 643/533/414 637/531/414
f 629/534/4 630/535/4 625/536/4
f 635/534/5 634/537/5 633/538/5
f 626/539/415 638/527/415 637/531/415
f 626/539/416 639/532/416 627/540/416
f 627/540/417 640/530/417 628/541/417
f 628/541/418 641/529/418 629/542/418
f 629/542/419 642/526/419 630/543/419
f 630/543/420 638/527/420 625/544/420
f 631/544/421 643/533/421 644/527/421
f 633/540/422 643/533/422 632/539/422
f 633/540/423 646/528/423 645/532/423
f 634/541/424 647/529/424 646/528/424
f 635/542/425 648/526/425 647/529/425
f 636/543/426 644/527/426 648/526/426
f 666/545/427 668/546/427 662/546/427
f 670/547/428 665/548/428 664/547/428
f 667/549/429 663/550/429 661/549/429
f 665/548/430 672/545/430 666/545/430
f 669/550/431 664/547/431 663/550/431
f 668/546/432 661/549/432 662/546/432
f 653/551/4 654/552/4 649/553/4
f 659/551/5 658/554/5 657/555/5
f 649/556/433 661/549/433 650/557/433
f 651/558/434 661/549/434 663/550/434
f 652/559/435 663/550/435 664/547/435
f 652/559/436 665/548/436 653/560/436
f 654/561/437 665/548/437 666/545/437
f 649/556/438 666/545/438 662/546/438
f 656/557/439 668/546/439 655/556/439
f 656/557/440 669/550/440 667/549/440
f 657/558/441 670/547/441 669/550/441
f 658/559/442 671/548/442 670/547/442
f 660/561/443 671/548/443 659/560/443
f 655/556/444 672/545/444 660/561/444
f 690/562/427 692/563/427 686/563/427
f 694/564/428 689/565/428 688/564/428
f 691/566/429 687/567/429 685/568/429
f 695/565/430 690/562/430 689/565/430
f 693/567/431 688/564/431 687/567/431
f 686/563/432 691/566/432 685/568/432
f 675/569/4 677/570/4 673/571/4
f 679/571/5 683/570/5 681/569/5
f 674/572/445 686/563/445 685/568/445
f 675/573/446 685/568/446 687/567/446
f 676/574/447 687/567/447 688/564/447
f 677/575/448 688/564/448 689/565/448
f 677/575/449 690/562/449 678/576/449
f 678/576/450 686/563/450 673/577/450
f 679/577/451 691/566/451 692/563/451
f 681/573/452 691/566/452 680/572/452
f 681/573/453 694/564/453 693/567/453
f 683/575/454 694/564/454 682/574/454
f 684/576/455 695/565/455 683/575/455
f 679/577/456 696/562/456 684/576/456
f 714/578/427 716/579/427 710/579/427
f 718/580/428 713/581/428 712/580/428
f 715/582/429 711/583/429 709/582/429
f 719/581/430 714/578/430 713/581/430
f 717/584/431 712/580/431 711/583/431
f 716/579/432 709/582/432 710/579/432
f 699/585/4 701/586/4 697/587/4
f 703/587/5 707/586/5 705/588/5
f 698/589/457 710/579/457 709/582/457
f 699/590/458 709/582/458 711/583/458
f 700/591/459 711/583/459 712/580/459
f 701/592/460 712/580/460 713/581/460
f 702/593/461 713/581/461 714/578/461
f 702/593/462 710/579/462 697/594/462
f 703/594/463 715/582/463 716/579/463
f 704/589/464 717/584/464 715/582/464
f 705/595/465 718/580/465 717/584/465
f 707/592/466 718/580/466 706/591/466
f 707/592/467 720/578/467 719/581/467
f 708/596/468 716/579/468 720/578/468
f 734/597/1 731/598/1 730/597/1
f 740/599/2 732/600/2 738/599/2
f 739/601/3 730/597/3 737/601/3
f 744/602/4 726/603/4 743/604/4
f 741/604/5 724/605/5 721/606/5
f 741/607/19 729/608/19 737/601/19
f 722/609/20 731/598/20 723/610/20
f 723/610/21 738/599/21 742/611/21
f 721/612/9 733/608/9 729/608/9
f 736/600/9 724/613/9 732/600/9
f 726/609/22 739/601/22 743/607/22
f 726/609/23 735/598/23 734/597/23
f 744/611/24 736/600/24 740/599/24
f 724/605/9 725/606/9 721/606/9
f 727/610/25 740/599/25 735/598/25
f 743/607/26 733/608/26 725/612/26
f 742/611/27 732/600/27 724/613/27
f 722/609/28 737/601/28 730/597/28
f 722/603/5 742/602/5 741/604/5
f 728/605/4 743/604/4 725/606/4
f 729/608/17 739/601/17 737/601/17
f 731/598/18 740/599/18 738/599/18
f 762/614/45 764/615/45 758/615/45
f 766/616/46 761/617/46 760/616/46
f 763/618/47 759/619/47 757/618/47
f 767/617/48 762/614/48 761/617/48
f 765/619/49 760/616/49 759/619/49
f 764/615/50 757/618/50 758/615/50
f 750/620/4 745/621/4 747/622/4
f 755/623/5 754/624/5 753/622/5
f 746/625/63 758/615/63 757/618/63
f 747/626/64 757/618/64 759/619/64
f 748/627/65 759/619/65 760/616/65
f 749/628/66 760/616/66 761/617/66
f 750/629/67 761/617/67 762/614/67
f 750/629/68 758/615/68 745/630/68
f 752/625/69 764/615/69 751/630/69
f 753/626/70 763/618/70 752/625/70
f 753/626/71 766/616/71 765/619/71
f 755/628/72 766/616/72 754/627/72
f 756/629/73 767/617/73 755/628/73
f 751/630/74 768/614/74 756/629/74
f 782/631/469 779/632/469 778/631/469
f 788/633/470 780/634/470 786/633/470
f 787/635/471 778/631/471 785/635/471
f 792/636/4 774/637/4 791/638/4
f 789/639/5 772/640/5 769/641/5
f 789/642/472 777/643/472 785/635/472
f 770/644/473 779/632/473 771/645/473
f 771/645/474 786/633/474 790/646/474
f 769/647/475 781/643/475 777/643/475
f 780/634/475 776/648/475 772/649/475
f 774/644/476 787/635/476 791/650/476
f 774/644/477 783/632/477 782/631/477
f 792/651/478 784/652/478 788/633/478
f 772/640/475 773/641/475 769/641/475
f 775/645/479 788/633/479 783/632/479
f 791/650/480 781/643/480 773/647/480
f 790/646/481 780/634/481 772/649/481
f 770/644/482 785/635/482 778/631/482
f 770/637/5 790/653/5 789/639/5
f 776/654/4 791/638/4 773/641/4
f 781/643/483 785/635/483 777/643/483
f 779/632/484 788/633/484 786/633/484
f 816/655/485 806/656/485 810/657/485
f 814/658/486 809/659/486 808/660/486
f 805/661/487 813/662/487 807/662/487
f 815/659/488 810/657/488 809/659/488
f 813/662/489 808/660/489 807/662/489
f 812/656/490 805/661/490 806/656/490
f 798/663/4 793/664/4 795/665/4
f 803/666/5 802/667/5 801/665/5
f 793/668/491 805/661/491 794/669/491
f 794/669/492 807/662/492 795/670/492
f 796/671/493 807/662/493 808/660/493
f 796/671/494 809/659/494 797/672/494
f 798/673/495 809/659/495 810/657/495
f 798/673/496 806/656/496 793/668/496
f 799/674/497 811/661/497 812/656/497
f 800/669/498 813/662/498 811/661/498
f 802/671/499 813/662/499 801/670/499
f 802/671/500 815/659/500 814/658/500
f 803/672/501 816/655/501 815/659/501
f 799/674/502 816/655/502 804/673/502
f 840/675/503 830/676/503 834/675/503
f 838/677/504 833/678/504 832/677/504
f 835/679/505 831/680/505 829/679/505
f 839/678/506 834/675/506 833/678/506
f 837/680/507 832/677/507 831/680/507
f 836/676/508 829/679/508 830/676/508
f 821/681/4 822/682/4 817/683/4
f 826/684/5 825/685/5 823/683/5
f 818/686/509 830/676/509 829/679/509
f 819/687/510 829/679/510 831/680/510
f 819/687/511 832/677/511 820/688/511
f 820/688/512 833/678/512 821/689/512
f 822/690/513 833/678/513 834/675/513
f 822/690/514 830/676/514 817/691/514
f 824/686/515 836/676/515 823/691/515
f 824/686/516 837/680/516 835/679/516
f 826/688/517 837/680/517 825/687/517
f 827/689/518 838/677/518 826/688/518
f 827/689/519 840/675/519 839/678/519
f 828/690/520 836/676/520 840/675/520
f 864/692/521 854/693/521 858/692/521
f 862/694/522 857/695/522 856/694/522
f 859/696/523 855/697/523 853/696/523
f 857/695/524 864/692/524 858/692/524
f 861/697/525 856/694/525 855/697/525
f 854/693/526 859/696/526 853/696/526
f 845/698/4 846/699/4 841/700/4
f 851/698/5 850/701/5 849/702/5
f 842/703/527 854/693/527 853/696/527
f 842/703/528 855/697/528 843/704/528
f 843/704/529 856/694/529 844/705/529
f 844/705/530 857/695/530 845/706/530
f 846/707/531 857/695/531 858/692/531
f 846/707/532 854/693/532 841/708/532
f 848/703/533 860/693/533 847/708/533
f 849/704/534 859/696/534 848/703/534
f 850/705/535 861/697/535 849/704/535
f 850/705/536 863/695/536 862/694/536
f 851/706/537 864/692/537 863/695/537
f 852/707/538 860/693/538 864/692/538
f 878/709/539 875/710/539 874/709/539
f 884/711/540 876/712/540 882/711/540
f 883/713/541 874/709/541 881/713/541
f 888/714/4 870/715/4 887/716/4
f 885/717/5 868/718/5 865/719/5
f 885/720/542 873/721/542 881/713/542
f 866/722/543 875/710/543 867/723/543
f 867/723/544 882/711/544 886/724/544
f 865/725/545 877/726/545 873/721/545
f 880/727/545 868/728/545 876/712/545
f 870/722/546 883/713/546 887/729/546
f 870/722/547 879/730/547 878/709/547
f 888/731/548 880/727/548 884/711/548
f 868/718/545 869/732/545 865/719/545
f 871/723/549 884/711/549 879/730/549
f 887/729/550 877/726/550 869/733/550
f 886/724/551 876/712/551 868/728/551
f 866/722/552 881/713/552 874/709/552
f 866/715/5 886/734/5 885/717/5
f 872/735/4 887/716/4 869/732/4
f 877/726/553 881/713/553 873/721/553
f 875/710/554 884/711/554 882/711/554
f 902/736/555 899/737/555 898/738/555
f 908/739/556 900/740/556 906/739/556
f 907/741/557 898/738/557 905/741/557
f 912/742/4 894/743/4 911/744/4
f 909/744/5 892/745/5 889/746/5
f 909/747/558 897/748/558 905/741/558
f 890/749/559 899/737/559 891/750/559
f 891/750/560 906/739/560 910/751/560
f 897/748/561 893/752/561 901/753/561
f 900/740/561 896/754/561 892/754/561
f 894/749/562 907/741/562 911/747/562
f 894/749/563 903/737/563 902/736/563
f 912/755/564 904/740/564 908/739/564
f 892/745/561 893/746/561 889/746/561
f 895/750/565 908/739/565 903/737/565
f 911/747/566 901/753/566 893/752/566
f 910/751/567 900/740/567 892/754/567
f 890/749/568 905/741/568 898/738/568
f 890/743/5 910/756/5 909/744/5
f 896/745/4 911/744/4 893/746/4
f 897/748/569 907/741/569 905/741/569
f 903/737/570 906/739/570 899/737/570
f 936/757/571 926/758/571 930/757/571
f 928/759/572 935/760/572 929/760/572
f 925/761/573 933/762/573 927/762/573
f 935/760/574 930/757/574 929/760/574
f 933/762/575 928/759/575 927/762/575
f 932/758/576 925/761/576 926/758/576
f 917/763/4 918/764/4 913/765/4
f 922/766/5 921/767/5 919/765/5
f 913/768/577 925/761/577 914/769/577
f 915/770/578 925/761/578 927/762/578
f 915/770/579 928/759/579 916/771/579
f 917/772/580 928/759/580 929/760/580
f 917/772/581 930/757/581 918/773/581
f 918/773/582 926/758/582 913/768/582
f 919/768/583 931/761/583 932/758/583
f 920/769/584 933/762/584 931/761/584
f 922/774/585 933/762/585 921/770/585
f 922/774/586 935/760/586 934/759/586
f 923/772/587 936/757/587 935/760/587
f 919/768/588 936/757/588 924/775/588
f 960/776/589 950/777/589 954/776/589
f 958/778/590 953/779/590 952/778/590
f 949/780/591 957/781/591 951/781/591
f 953/779/592 960/776/592 954/776/592
f 957/781/593 952/778/593 951/781/593
f 950/777/594 955/780/594 949/780/594
f 941/782/4 942/783/4 937/784/4
f 947/782/5 946/785/5 945/786/5
f 938/787/595 950/777/595 949/780/595
f 939/788/596 949/780/596 951/781/596
f 940/789/597 951/781/597 952/778/597
f 941/790/598 952/778/598 953/779/598
f 942/791/599 953/779/599 954/776/599
f 942/791/600 950/777/600 937/792/600
f 944/787/601 956/777/601 943/792/601
f 945/788/602 955/780/602 944/787/602
f 946/789/603 957/781/603 945/788/603
f 947/790/604 958/778/604 946/789/604
f 948/791/605 959/779/605 947/790/605
f 948/791/606 956/777/606 960/776/606
f 974/793/607 971/794/607 970/793/607
f 980/795/608 972/796/608 978/795/608
f 979/797/609 970/793/609 977/797/609
f 984/798/4 966/799/4 983/800/4
f 981/801/5 964/802/5 961/803/5
f 981/804/610 969/805/610 977/797/610
f 962/806/611 971/794/611 963/807/611
f 963/807/612 978/795/612 982/808/612
f 961/809/613 973/805/613 969/805/613
f 976/810/613 964/811/613 972/796/613
f 966/812/614 979/797/614 983/813/614
f 966/812/615 975/814/615 974/793/615
f 984/808/616 976/810/616 980/795/616
f 964/802/613 965/815/613 961/803/613
f 967/807/617 980/795/617 975/814/617
f 983/813/618 973/805/618 965/816/618
f 982/808/619 972/796/619 964/811/619
f 962/806/620 977/797/620 970/793/620
f 962/817/5 982/798/5 981/801/5
f 968/818/4 983/800/4 965/815/4
f 969/805/621 979/797/621 977/797/621
f 971/794/622 980/795/622 978/795/622
f 1008/819/623 998/820/623 1002/819/623
f 1006/821/624 1001/822/624 1000/821/624
f 997/823/625 1005/824/625 999/824/625
f 1001/822/626 1008/819/626 1002/819/626
f 1005/824/627 1000/821/627 999/824/627
f 1004/820/628 997/823/628 998/820/628
f 989/825/4 990/826/4 985/827/4
f 995/825/5 994/828/5 993/829/5
f 986/830/629 998/820/629 997/823/629
f 986/830/630 999/824/630 987/831/630
f 988/832/631 999/824/631 1000/821/631
f 988/832/632 1001/822/632 989/833/632
f 990/834/633 1001/822/633 1002/819/633
f 990/834/634 998/820/634 985/835/634
f 992/830/635 1004/820/635 991/835/635
f 992/830/636 1005/824/636 1003/823/636
f 994/832/637 1005/824/637 993/831/637
f 995/833/638 1006/821/638 994/832/638
f 996/834/639 1007/822/639 995/833/639
f 996/834/640 1004/820/640 1008/819/640
f 1032/836/641 1022/837/641 1026/836/641
f 1024/838/642 1031/839/642 1025/839/642
f 1027/840/643 1023/841/643 1021/842/643
f 1031/839/644 1026/836/644 1025/839/644
f 1029/843/645 1024/838/645 1023/841/645
f 1028/837/646 1021/842/646 1022/837/646
f 1014/844/4 1009/845/4 1011/846/4
f 1019/847/5 1018/848/5 1017/846/5
f 1009/849/647 1021/842/647 1010/850/647
f 1011/851/648 1021/842/648 1023/841/648
f 1012/852/649 1023/841/649 1024/838/649
f 1013/853/650 1024/838/650 1025/839/650
f 1014/854/651 1025/839/651 1026/836/651
f 1014/854/652 1022/837/652 1009/849/652
f 1015/849/653 1027/840/653 1028/837/653
f 1016/850/654 1029/843/654 1027/840/654
f 1017/851/655 1030/838/655 1029/843/655
f 1019/853/656 1030/838/656 1018/852/656
f 1020/854/657 1031/839/657 1019/853/657
f 1020/854/658 1028/837/658 1032/836/658
f 1050/855/659 1052/856/659 1046/856/659
f 1054/857/660 1049/858/660 1048/857/660
f 1051/859/661 1047/860/661 1045/859/661
f 1055/858/662 1050/855/662 1049/858/662
f 1053/860/663 1048/857/663 1047/860/663
f 1046/856/664 1051/859/664 1045/859/664
f 1035/861/4 1037/862/4 1033/863/4
f 1043/862/5 1042/864/5 1041/861/5
f 1033/865/665 1045/859/665 1034/866/665
f 1035/867/666 1045/859/666 1047/860/666
f 1035/867/667 1048/857/667 1036/868/667
f 1037/869/668 1048/857/668 1049/858/668
f 1038/870/669 1049/858/669 1050/855/669
f 1038/870/670 1046/856/670 1033/865/670
f 1040/866/671 1052/856/671 1039/865/671
f 1041/867/672 1051/859/672 1040/866/672
f 1042/868/673 1053/860/673 1041/867/673
f 1043/869/674 1054/857/674 1042/868/674
f 1044/870/675 1055/858/675 1043/869/675
f 1044/870/676 1052/856/676 1056/855/676
f 1070/871/677 1067/872/677 1066/873/677
f 1076/874/678 1068/875/678 1074/876/678
f 1075/877/679 1066/873/679 1073/878/679
f 1080/879/4 1062/880/4 1079/881/4
f 1077/882/5 1060/883/5 1057/884/5
f 1077/885/680 1065/886/680 1073/878/680
f 1058/887/681 1067/872/681 1059/888/681
f 1059/888/682 1074/876/682 1078/889/682
f 1057/890/683 1069/886/683 1065/886/683
f 1072/875/684 1060/891/684 1068/875/684
f 1062/887/685 1075/877/685 1079/892/685
f 1062/887/686 1071/893/686 1070/871/686
f 1080/894/687 1072/875/687 1076/874/687
f 1060/883/684 1061/895/684 1057/884/684
f 1063/896/688 1076/874/688 1071/893/688
f 1079/892/689 1069/886/689 1061/897/689
f 1078/889/690 1068/875/690 1060/891/690
f 1058/887/691 1073/878/691 1066/873/691
f 1058/880/5 1078/898/5 1077/882/5
f 1064/899/4 1079/881/4 1061/895/4
f 1065/886/692 1075/877/692 1073/878/692
f 1067/872/693 1076/874/693 1074/876/693
f 1104/900/694 1094/901/694 1098/900/694
f 1102/902/695 1097/903/695 1096/902/695
f 1093/904/696 1101/905/696 1095/905/696
f 1097/903/697 1104/900/697 1098/900/697
f 1101/905/698 1096/902/698 1095/905/698
f 1100/901/699 1093/904/699 1094/901/699
f 1085/906/4 1086/907/4 1081/908/4
f 1090/909/5 1089/910/5 1087/908/5
f 1082/911/700 1094/901/700 1093/904/700
f 1083/912/701 1093/904/701 1095/905/701
f 1083/912/702 1096/902/702 1084/913/702
f 1084/913/703 1097/903/703 1085/914/703
f 1085/914/704 1098/900/704 1086/915/704
f 1086/915/705 1094/901/705 1081/916/705
f 1088/911/706 1100/901/706 1087/916/706
f 1089/912/707 1099/904/707 1088/911/707
f 1089/912/708 1102/902/708 1101/905/708
f 1090/913/709 1103/903/709 1102/902/709
f 1092/915/710 1103/903/710 1091/914/710
f 1087/916/711 1104/900/711 1092/915/711
f 1128/917/712 1118/918/712 1122/917/712
f 1126/919/713 1121/920/713 1120/919/713
f 1117/921/714 1125/922/714 1119/922/714
f 1121/920/715 1128/917/715 1122/917/715
f 1125/922/716 1120/919/716 1119/922/716
f 1124/918/717 1117/921/717 1118/918/717
f 1109/923/4 1110/924/4 1105/925/4
f 1115/923/5 1114/926/5 1113/927/5
f 1105/928/718 1117/921/718 1106/929/718
f 1107/930/719 1117/921/719 1119/922/719
f 1108/931/720 1119/922/720 1120/919/720
f 1108/931/721 1121/920/721 1109/932/721
f 1109/932/722 1122/917/722 1110/933/722
f 1110/933/723 1118/918/723 1105/928/723
f 1111/928/724 1123/921/724 1124/918/724
f 1113/930/725 1123/921/725 1112/929/725
f 1114/931/726 1125/922/726 1113/930/726
f 1114/931/727 1127/920/727 1126/919/727
f 1115/932/728 1128/917/728 1127/920/728
f 1111/928/729 1128/917/729 1116/933/729
f 1146/934/730 1148/935/730 1142/935/730
f 1150/936/731 1145/937/731 1144/936/731
f 1147/938/732 1143/939/732 1141/938/732
f 1151/937/733 1146/934/733 1145/937/733
f 1149/939/734 1144/936/734 1143/939/734
f 1148/935/735 1141/938/735 1142/935/735
f 1133/940/4 1134/941/4 1129/942/4
f 1138/943/5 1137/944/5 1135/942/5
f 1130/945/736 1142/935/736 1141/938/736
f 1131/946/737 1141/938/737 1143/939/737
f 1132/947/738 1143/939/738 1144/936/738
f 1132/947/739 1145/937/739 1133/948/739
f 1133/948/740 1146/934/740 1134/949/740
f 1134/949/741 1142/935/741 1129/950/741
f 1136/945/742 1148/935/742 1135/950/742
f 1137/946/743 1147/938/743 1136/945/743
f 1137/946/744 1150/936/744 1149/939/744
f 1138/947/745 1151/937/745 1150/936/745
f 1139/948/746 1152/934/746 1151/937/746
f 1140/949/747 1148/935/747 1152/934/747
f 1166/951/748 1163/952/748 1162/953/748
f 1172/954/749 1164/955/749 1170/954/749
f 1171/956/750 1162/953/750 1169/956/750
f 1176/957/4 1158/958/4 1175/959/4
f 1173/960/5 1156/961/5 1153/962/5
f 1173/963/751 1161/964/751 1169/956/751
f 1154/965/752 1163/952/752 1155/966/752
f 1155/966/753 1170/954/753 1174/967/753
f 1153/968/754 1165/964/754 1161/964/754
f 1168/955/754 1156/969/754 1164/955/754
f 1158/965/755 1171/956/755 1175/970/755
f 1158/965/756 1167/971/756 1166/951/756
f 1176/967/757 1168/955/757 1172/954/757
f 1156/961/754 1157/962/754 1153/962/754
f 1159/972/758 1172/954/758 1167/971/758
f 1175/970/759 1165/964/759 1157/968/759
f 1174/967/760 1164/955/760 1156/969/760
f 1154/965/761 1169/956/761 1162/953/761
f 1154/958/5 1174/957/5 1173/960/5
f 1160/973/4 1175/959/4 1157/962/4
f 1161/964/762 1171/956/762 1169/956/762
f 1163/952/763 1172/954/763 1170/954/763
f 1194/974/764 1196/975/764 1190/975/764
f 1192/976/765 1199/977/765 1193/977/765
f 1195/978/766 1191/979/766 1189/978/766
f 1199/977/767 1194/974/767 1193/977/767
f 1197/979/768 1192/976/768 1191/979/768
f 1196/975/769 1189/978/769 1190/975/769
f 1181/980/4 1182/981/4 1177/982/4
f 1183/982/5 1187/980/5 1185/983/5
f 1178/984/770 1190/975/770 1189/978/770
f 1178/984/771 1191/979/771 1179/985/771
f 1179/985/772 1192/976/772 1180/986/772
f 1181/987/773 1192/976/773 1193/977/773
f 1182/988/774 1193/977/774 1194/974/774
f 1182/988/775 1190/975/775 1177/989/775
f 1183/989/776 1195/978/776 1196/975/776
f 1184/984/777 1197/979/777 1195/978/777
f 1185/985/778 1198/976/778 1197/979/778
f 1186/986/779 1199/977/779 1198/976/779
f 1188/988/780 1199/977/780 1187/987/780
f 1188/988/781 1196/975/781 1200/990/781
f 1218/991/782 1220/992/782 1214/992/782
f 1222/993/783 1217/994/783 1216/993/783
f 1219/995/784 1215/996/784 1213/995/784
f 1217/994/785 1224/991/785 1218/991/785
f 1221/996/786 1216/993/786 1215/996/786
f 1220/992/787 1213/995/787 1214/992/787
f 1206/997/4 1201/998/4 1203/999/4
f 1211/1000/5 1210/1001/5 1209/999/5
f 1202/1002/788 1214/992/788 1213/995/788
f 1203/1003/789 1213/995/789 1215/996/789
f 1203/1003/790 1216/993/790 1204/1004/790
f 1205/1005/791 1216/993/791 1217/994/791
f 1206/1006/792 1217/994/792 1218/991/792
f 1201/1007/793 1218/991/793 1214/992/793
f 1208/1002/794 1220/992/794 1207/1007/794
f 1209/1003/795 1219/995/795 1208/1002/795
f 1210/1004/796 1221/996/796 1209/1003/796
f 1211/1005/797 1222/993/797 1210/1004/797
f 1211/1005/798 1224/991/798 1223/994/798
f 1207/1007/799 1224/991/799 1212/1006/799
f 1238/1008/800 1235/1009/800 1234/1008/800
f 1242/1010/801 1240/1011/801 1236/1012/801
f 1241/1013/802 1238/1008/802 1234/1008/802
f 1248/1014/4 1230/1015/4 1247/1016/4
f 1245/1016/5 1228/1017/5 1225/1018/5
f 1245/1019/803 1233/1020/803 1241/1013/803
f 1226/1021/804 1235/1009/804 1227/1022/804
f 1227/1022/805 1242/1010/805 1246/1023/805
f 1225/1024/806 1237/1025/806 1233/1020/806
f 1240/1011/806 1228/1026/806 1236/1012/806
f 1230/1021/807 1243/1027/807 1247/1019/807
f 1230/1021/808 1239/1009/808 1238/1008/808
f 1248/1028/809 1240/1011/809 1244/1029/809
f 1228/1017/806 1229/1030/806 1225/1018/806
f 1231/1031/810 1244/1029/810 1239/1009/810
f 1247/1019/811 1237/1025/811 1229/1032/811
f 1246/1023/812 1236/1012/812 1228/1026/812
f 1226/1021/813 1241/1013/813 1234/1008/813
f 1226/1015/5 1246/1033/5 1245/1016/5
f 1232/1017/4 1247/1016/4 1229/1030/4
f 1237/1025/814 1241/1013/814 1233/1020/814
f 1239/1009/815 1242/1010/815 1235/1009/815
f 1262/1034/816 1259/1035/816 1258/1036/816
f 1268/1037/817 1260/1038/817 1266/1039/817
f 1265/1040/818 1262/1034/818 1258/1036/818
f 1272/1041/4 1254/1042/4 1271/1043/4
f 1269/1044/5 1252/1045/5 1249/1046/5
f 1269/1047/819 1257/1048/819 1265/1040/819
f 1250/1049/820 1259/1035/820 1251/1050/820
f 1251/1050/821 1266/1039/821 1270/1051/821
f 1249/1052/822 1261/1053/822 1257/1048/822
f 1260/1038/822 1256/1054/822 1252/1055/822
f 1254/1056/823 1267/1057/823 1271/1058/823
f 1254/1056/824 1263/1059/824 1262/1034/824
f 1272/1060/825 1264/1061/825 1268/1037/825
f 1252/1045/822 1253/1062/822 1249/1046/822
f 1255/1063/826 1268/1037/826 1263/1059/826
f 1271/1058/827 1261/1053/827 1253/1064/827
f 1270/1051/828 1260/1038/828 1252/1055/828
f 1250/1049/829 1265/1040/829 1258/1036/829
f 1250/1065/5 1270/1066/5 1269/1044/5
f 1256/1067/4 1271/1043/4 1253/1062/4
f 1257/1048/830 1267/1057/830 1265/1040/830
f 1263/1059/831 1266/1039/831 1259/1035/831
f 1286/1068/832 1283/1069/832 1282/1070/832
f 1292/1071/833 1284/1072/833 1290/1073/833
f 1291/1074/834 1282/1070/834 1289/1075/834
f 1296/1076/4 1278/1077/4 1295/1078/4
f 1293/1079/5 1276/1080/5 1273/1081/5
f 1293/1082/835 1281/1083/835 1289/1075/835
f 1274/1084/836 1283/1069/836 1275/1085/836
f 1275/1085/837 1290/1073/837 1294/1086/837
f 1281/1083/838 1277/1087/838 1285/1088/838
f 1284/1072/838 1280/1089/838 1276/1090/838
f 1278/1091/839 1291/1074/839 1295/1092/839
f 1278/1091/840 1287/1093/840 1286/1068/840
f 1296/1094/841 1288/1095/841 1292/1071/841
f 1280/1096/838 1273/1081/838 1276/1080/838
f 1279/1097/842 1292/1071/842 1287/1093/842
f 1295/1092/843 1285/1088/843 1277/1087/843
f 1294/1086/844 1284/1072/844 1276/1090/844
f 1274/1084/845 1289/1075/845 1282/1070/845
f 1274/1098/5 1294/1099/5 1293/1079/5
f 1280/1096/4 1295/1078/4 1277/1100/4
f 1281/1083/846 1291/1074/846 1289/1075/846
f 1283/1069/847 1292/1071/847 1290/1073/847
f 14/1/1 15/2/1 11/2/1
f 20/3/2 16/18/2 12/4/2
f 17/6/3 19/6/3 14/1/3
f 24/7/4 7/1101/4 6/8/4
f 21/9/5 22/7/5 4/10/5
f 21/12/848 1/17/848 9/13/848
f 2/14/7 10/1/7 11/2/7
f 3/15/849 11/2/849 18/5/849
f 1/17/9 5/17/9 13/13/9
f 16/18/9 8/19/9 4/19/9
f 6/14/850 14/1/850 19/6/850
f 6/14/11 7/15/11 15/2/11
f 24/16/851 8/19/851 16/18/851
f 4/10/9 8/10/9 5/11/9
f 7/15/852 24/16/852 20/3/852
f 23/12/853 19/6/853 13/13/853
f 22/16/854 18/5/854 12/4/854
f 2/14/855 21/12/855 17/6/855
f 2/8/5 3/1101/5 22/7/5
f 8/10/4 24/7/4 23/9/4
f 9/13/17 13/13/17 19/6/17
f 15/2/18 20/3/18 18/5/18
f 38/20/1 39/21/1 35/21/1
f 42/22/2 44/22/2 40/23/2
f 41/24/3 43/24/3 38/20/3
f 48/25/4 31/1102/4 30/26/4
f 45/27/5 46/25/5 28/28/5
f 45/30/856 25/35/856 33/31/856
f 26/32/20 34/20/20 35/21/20
f 27/33/857 35/21/857 42/22/857
f 25/35/9 29/35/9 37/31/9
f 40/23/9 32/36/9 28/36/9
f 30/32/858 38/20/858 43/24/858
f 30/32/23 31/33/23 39/21/23
f 48/34/859 32/36/859 40/23/859
f 32/28/9 29/29/9 25/29/9
f 31/33/860 48/34/860 44/22/860
f 47/30/861 43/24/861 37/31/861
f 46/34/862 42/22/862 36/23/862
f 26/32/863 45/30/863 41/24/863
f 26/26/5 27/1102/5 46/25/5
f 32/28/4 48/25/4 47/27/4
f 37/31/17 43/24/17 41/24/17
f 39/21/18 44/22/18 42/22/18
f 62/37/29 63/38/29 59/38/29
f 66/40/30 68/58/30 64/41/30
f 67/42/31 62/37/31 58/39/31
f 72/44/4 55/1103/4 54/45/4
f 69/47/5 70/44/5 52/48/5
f 69/50/864 49/55/864 57/51/864
f 50/52/33 58/39/33 59/38/33
f 51/53/865 59/38/865 66/40/865
f 49/55/35 53/55/35 61/51/35
f 64/41/35 56/56/35 52/56/35
f 54/52/866 62/37/866 67/42/866
f 54/52/867 55/53/867 63/38/867
f 72/54/868 56/56/868 64/41/868
f 52/48/35 56/48/35 53/49/35
f 55/53/869 72/54/869 68/58/869
f 71/57/870 67/42/870 61/51/870
f 70/54/871 66/40/871 60/41/871
f 50/52/872 69/50/872 65/43/872
f 50/45/5 51/1103/5 70/44/5
f 56/48/4 72/44/4 71/46/4
f 57/51/43 61/51/43 67/42/43
f 59/38/44 63/38/44 68/58/44
f 96/59/45 92/60/45 86/60/45
f 94/61/46 95/62/46 89/62/46
f 91/63/47 93/64/47 87/64/47
f 95/62/48 96/59/48 90/59/48
f 93/64/49 94/61/49 88/61/49
f 86/60/50 92/60/50 91/63/50
f 73/66/4 74/1104/4 75/67/4
f 75/67/4 76/68/4 77/1105/4
f 77/1105/4 78/65/4 75/67/4
f 81/67/5 80/1104/5 79/66/5
f 79/66/5 84/1106/5 83/1107/5
f 83/1107/5 82/68/5 79/66/5
f 74/69/51 73/74/51 86/60/51
f 74/69/52 85/63/52 87/64/52
f 76/71/53 75/70/53 87/64/53
f 76/71/54 88/61/54 89/62/54
f 78/73/55 77/72/55 89/62/55
f 73/74/56 78/73/56 90/59/56
f 80/69/57 91/63/57 92/60/57
f 80/69/58 81/70/58 93/64/58
f 82/71/59 94/61/59 93/64/59
f 82/71/60 83/75/60 95/62/60
f 83/75/61 84/76/61 96/59/61
f 79/74/62 92/60/62 96/59/62
f 114/77/45 120/77/45 116/78/45
f 118/80/46 119/81/46 113/81/46
f 115/82/47 117/84/47 111/83/47
f 119/81/48 120/77/48 114/77/48
f 117/84/49 118/80/49 112/80/49
f 110/79/50 116/78/50 115/82/50
f 97/87/4 98/1108/4 99/89/4
f 99/89/4 100/88/4 97/87/4
f 100/88/4 101/85/4 97/87/4
f 105/89/5 104/1108/5 107/85/5
f 104/1108/5 103/87/5 107/85/5
f 103/87/5 108/86/5 107/85/5
f 98/90/63 97/95/63 110/79/63
f 99/91/64 98/90/64 109/82/64
f 100/92/65 99/91/65 111/83/65
f 100/92/66 112/80/66 113/81/66
f 101/93/67 113/81/67 114/77/67
f 97/95/68 102/94/68 114/77/68
f 104/90/69 115/82/69 116/78/69
f 105/91/70 117/84/70 115/82/70
f 105/91/71 106/92/71 118/80/71
f 107/93/72 119/81/72 118/80/72
f 108/94/73 120/77/73 119/81/73
f 103/95/74 116/78/74 120/77/74
f 134/96/1 135/97/1 131/97/1
f 140/98/2 136/99/2 132/99/2
f 139/100/3 134/96/3 130/96/3
f 144/101/4 127/1109/4 126/102/4
f 141/103/5 142/101/5 124/104/5
f 141/106/856 121/111/856 129/107/856
f 122/108/20 130/96/20 131/97/20
f 123/109/857 131/97/857 138/98/857
f 121/111/9 125/111/9 133/107/9
f 136/99/9 128/112/9 124/112/9
f 126/108/858 134/96/858 139/100/858
f 126/108/23 127/109/23 135/97/23
f 144/110/859 128/112/859 136/99/859
f 128/104/9 125/105/9 121/105/9
f 127/109/860 144/110/860 140/98/860
f 143/106/861 139/100/861 133/107/861
f 142/110/862 138/98/862 132/99/862
f 122/108/863 141/106/863 137/100/863
f 122/102/5 123/1109/5 142/101/5
f 128/104/4 144/101/4 143/103/4
f 129/107/17 133/107/17 139/100/17
f 131/97/18 135/97/18 140/98/18
f 162/113/45 168/113/45 164/114/45
f 166/116/46 167/117/46 161/117/46
f 163/118/47 165/120/47 159/119/47
f 167/117/48 168/113/48 162/113/48
f 165/120/49 166/116/49 160/116/49
f 164/114/50 163/118/50 157/118/50
f 145/123/4 146/1110/4 147/121/4
f 147/121/4 148/124/4 149/122/4
f 149/122/4 150/1111/4 145/123/4
f 153/121/5 152/1110/5 151/123/5
f 151/123/5 156/1111/5 155/122/5
f 155/122/5 154/124/5 151/123/5
f 145/125/63 158/115/63 157/118/63
f 147/127/64 146/126/64 157/118/64
f 147/127/65 159/119/65 160/116/65
f 149/129/66 148/128/66 160/116/66
f 149/129/67 161/117/67 162/113/67
f 145/125/68 150/130/68 162/113/68
f 152/126/69 163/118/69 164/114/69
f 152/126/70 153/127/70 165/120/70
f 154/128/71 166/116/71 165/120/71
f 155/129/72 167/117/72 166/116/72
f 155/129/73 156/130/73 168/113/73
f 151/125/74 164/114/74 168/113/74
f 178/131/75 182/131/75 183/132/75
f 188/134/76 184/157/76 180/135/76
f 185/137/77 187/154/77 182/131/77
f 192/138/4 175/1112/4 174/139/4
f 189/141/5 190/162/5 172/142/5
f 189/144/873 169/149/873 177/145/873
f 170/146/79 178/131/79 179/133/79
f 171/147/874 179/133/874 186/136/874
f 169/149/81 173/160/81 181/150/81
f 180/135/81 184/157/81 176/151/81
f 174/153/875 182/131/875 187/154/875
f 174/153/83 175/159/83 183/132/83
f 192/156/876 176/151/876 184/157/876
f 172/142/81 176/163/81 173/158/81
f 175/159/877 192/156/877 188/134/877
f 191/155/878 187/154/878 181/150/878
f 190/148/879 186/136/879 180/135/879
f 170/146/880 189/144/880 185/137/880
f 170/161/5 171/1113/5 190/162/5
f 176/163/4 192/138/4 191/140/4
f 181/150/89 187/154/89 185/137/89
f 183/132/90 188/134/90 186/136/90
f 210/164/91 216/164/91 212/165/91
f 214/166/92 215/167/92 209/167/92
f 211/168/93 213/169/93 207/169/93
f 215/167/94 216/164/94 210/164/94
f 213/169/95 214/166/95 208/166/95
f 212/165/96 211/168/96 205/168/96
f 193/171/4 194/1114/4 195/172/4
f 195/172/4 196/1115/4 197/174/4
f 197/174/4 198/170/4 195/172/4
f 201/172/5 200/1114/5 199/173/5
f 199/173/5 204/170/5 203/174/5
f 203/174/5 202/1115/5 201/172/5
f 194/175/97 193/180/97 206/165/97
f 195/176/98 194/175/98 205/168/98
f 195/176/99 207/169/99 208/166/99
f 196/177/100 208/166/100 209/167/100
f 197/178/101 209/167/101 210/164/101
f 198/179/102 210/164/102 206/165/102
f 200/175/103 211/168/103 212/165/103
f 200/175/104 201/176/104 213/169/104
f 202/177/105 214/166/105 213/169/105
f 203/178/106 215/167/106 214/166/106
f 203/178/107 204/179/107 216/164/107
f 199/181/108 212/165/108 216/164/108
f 240/182/109 236/183/109 230/183/109
f 238/185/110 239/186/110 233/186/110
f 235/187/111 237/188/111 231/188/111
f 233/186/112 239/186/112 240/182/112
f 237/188/113 238/185/113 232/185/113
f 230/183/114 236/183/114 235/187/114
f 217/190/4 218/1116/4 219/191/4
f 219/191/4 220/192/4 221/1117/4
f 221/1117/4 222/189/4 219/191/4
f 225/191/5 224/1116/5 223/190/5
f 223/190/5 228/189/5 227/1117/5
f 227/1117/5 226/192/5 223/190/5
f 218/193/115 217/198/115 230/183/115
f 219/194/116 218/193/116 229/187/116
f 219/194/117 231/188/117 232/185/117
f 221/196/118 220/195/118 232/185/118
f 222/197/119 221/196/119 233/186/119
f 217/198/120 222/197/120 234/184/120
f 223/198/121 224/193/121 235/187/121
f 224/193/122 225/194/122 237/188/122
f 226/195/123 238/185/123 237/188/123
f 227/196/124 239/186/124 238/185/124
f 227/196/125 228/197/125 240/182/125
f 223/198/126 236/183/126 240/182/126
f 264/199/127 260/200/127 254/200/127
f 262/201/128 263/202/128 257/202/128
f 259/203/129 261/204/129 255/204/129
f 263/202/130 264/199/130 258/199/130
f 261/204/131 262/201/131 256/201/131
f 260/200/132 259/203/132 253/203/132
f 241/207/4 242/1118/4 243/205/4
f 243/205/4 244/208/4 245/206/4
f 245/206/4 246/1119/4 241/207/4
f 249/205/5 248/1118/5 247/207/5
f 247/207/5 252/1119/5 251/1120/5
f 251/1120/5 250/208/5 247/207/5
f 241/209/133 254/200/133 253/203/133
f 243/211/134 242/210/134 253/203/134
f 244/212/135 243/211/135 255/204/135
f 245/213/136 244/212/136 256/201/136
f 245/213/137 257/202/137 258/199/137
f 246/214/138 258/199/138 254/200/138
f 248/210/139 259/203/139 260/200/139
f 249/211/140 261/204/140 259/203/140
f 249/211/141 250/212/141 262/201/141
f 251/215/142 263/202/142 262/201/142
f 252/214/143 264/199/143 263/202/143
f 247/209/144 260/200/144 264/199/144
f 282/216/145 288/216/145 284/217/145
f 280/218/146 286/218/146 287/219/146
f 283/220/147 285/221/147 279/221/147
f 281/219/148 287/219/148 288/216/148
f 285/221/149 286/218/149 280/218/149
f 284/217/150 283/220/150 277/220/150
f 265/224/4 266/1121/4 267/222/4
f 267/222/4 268/225/4 269/223/4
f 269/223/4 270/1122/4 265/224/4
f 273/222/5 272/1121/5 271/224/5
f 271/224/5 276/1122/5 275/223/5
f 275/223/5 274/225/5 271/224/5
f 266/226/151 265/231/151 278/217/151
f 267/227/881 266/226/881 277/220/881
f 267/227/153 279/221/153 280/218/153
f 268/228/154 280/218/154 281/219/154
f 270/230/882 269/229/882 281/219/882
f 265/231/156 270/230/156 282/216/156
f 272/226/157 283/220/157 284/217/157
f 273/227/158 285/221/158 283/220/158
f 273/227/159 274/228/159 286/218/159
f 274/228/160 275/229/160 287/219/160
f 275/229/883 276/230/883 288/216/883
f 271/231/162 284/217/162 288/216/162
f 306/232/163 312/232/163 308/233/163
f 304/234/164 310/234/164 311/235/164
f 307/236/165 309/237/165 303/237/165
f 311/235/166 312/232/166 306/232/166
f 309/237/167 310/234/167 304/234/167
f 302/233/168 308/233/168 307/236/168
f 289/240/4 290/1123/4 293/238/4
f 290/1123/4 291/242/4 293/238/4
f 291/242/4 292/241/4 293/238/4
f 297/242/5 296/1124/5 295/240/5
f 295/240/5 300/239/5 297/242/5
f 300/239/5 299/238/5 297/242/5
f 290/243/169 289/248/169 302/233/169
f 291/244/170 290/243/170 301/236/170
f 292/245/171 291/244/171 303/237/171
f 293/246/172 292/245/172 304/234/172
f 294/247/173 293/246/173 305/235/173
f 289/248/174 294/247/174 306/232/174
f 295/248/175 296/249/175 307/236/175
f 297/244/176 309/237/176 307/236/176
f 297/244/177 298/245/177 310/234/177
f 298/245/178 299/246/178 311/235/178
f 300/247/179 312/232/179 311/235/179
f 300/247/180 295/248/180 308/233/180
f 322/250/181 323/267/181 327/251/181
f 324/253/182 328/273/182 332/254/182
f 329/256/884 322/250/884 326/252/884
f 318/258/5 319/1125/5 336/259/5
f 333/261/4 313/1126/4 316/262/4
f 333/264/885 329/256/885 321/265/885
f 323/267/886 322/250/886 314/268/886
f 330/255/887 323/267/887 315/269/887
f 321/265/188 325/280/188 317/271/188
f 324/253/188 316/281/188 320/272/188
f 331/257/888 326/252/888 318/274/888
f 318/274/190 326/252/190 327/251/190
f 336/277/889 332/254/889 328/273/889
f 316/262/192 313/1126/192 317/278/192
f 319/276/890 327/251/890 332/254/890
f 325/280/891 331/257/891 335/275/891
f 324/253/892 330/255/892 334/270/892
f 314/268/893 322/250/893 329/256/893
f 314/282/4 333/261/4 334/263/4
f 335/260/5 336/259/5 320/279/5
f 329/256/197 331/257/197 325/280/197
f 330/255/198 332/254/198 327/251/198
f 360/284/199 356/285/199 350/285/199
f 358/286/200 359/287/200 353/287/200
f 349/288/201 355/288/201 357/289/201
f 359/287/202 360/284/202 354/284/202
f 357/289/203 358/286/203 352/286/203
f 356/285/204 355/288/204 349/288/204
f 337/291/4 338/1127/4 339/292/4
f 339/292/4 340/1128/4 341/293/4
f 341/293/4 342/290/4 339/292/4
f 345/292/5 344/1127/5 343/291/5
f 343/291/5 348/290/5 345/292/5
f 348/290/5 347/293/5 345/292/5
f 338/295/205 337/300/205 350/285/205
f 338/295/206 349/288/206 351/289/206
f 339/296/207 351/289/207 352/286/207
f 341/298/208 340/297/208 352/286/208
f 342/299/209 341/298/209 353/287/209
f 337/300/210 342/299/210 354/284/210
f 344/295/211 355/288/211 356/285/211
f 344/295/212 345/296/212 357/289/212
f 345/296/213 346/301/213 358/286/213
f 346/301/214 347/298/214 359/287/214
f 347/298/215 348/299/215 360/284/215
f 343/300/216 356/285/216 360/284/216
f 384/302/217 380/303/217 374/303/217
f 382/304/218 383/305/218 377/305/218
f 373/306/219 379/306/219 381/307/219
f 383/305/220 384/302/220 378/302/220
f 381/307/221 382/304/221 376/304/221
f 380/303/222 379/306/222 373/306/222
f 361/310/4 362/1129/4 363/312/4
f 363/312/4 364/311/4 361/310/4
f 364/311/4 365/308/4 361/310/4
f 369/312/5 368/1129/5 371/308/5
f 368/1129/5 367/310/5 371/308/5
f 367/310/5 372/309/5 371/308/5
f 362/313/223 361/318/223 374/303/223
f 363/314/224 362/313/224 373/306/224
f 364/315/225 363/314/225 375/307/225
f 365/316/226 364/315/226 376/304/226
f 365/316/227 377/305/227 378/302/227
f 366/317/228 378/302/228 374/303/228
f 367/318/229 368/313/229 379/306/229
f 368/313/894 369/314/894 381/307/894
f 370/315/231 382/304/231 381/307/231
f 371/316/232 383/305/232 382/304/232
f 372/317/233 384/302/233 383/305/233
f 372/317/234 367/318/234 380/303/234
f 395/319/235 399/344/235 398/320/235
f 402/322/236 396/341/236 400/323/236
f 401/325/237 394/321/237 398/320/237
f 390/327/5 391/1130/5 408/328/5
f 405/330/4 385/1131/4 388/331/4
f 405/333/895 401/325/895 393/334/895
f 395/319/239 394/321/239 386/336/239
f 402/322/896 395/319/896 387/337/896
f 397/339/241 389/350/241 385/335/241
f 388/340/241 392/347/241 400/323/241
f 403/326/897 398/320/897 390/342/897
f 390/342/243 398/320/243 399/344/243
f 408/346/898 404/324/898 400/323/898
f 388/331/241 385/1131/241 389/348/241
f 391/345/899 399/344/899 404/324/899
f 397/339/900 403/326/900 407/343/900
f 396/341/901 402/322/901 406/338/901
f 386/336/902 394/321/902 401/325/902
f 386/351/4 405/330/4 406/332/4
f 407/329/5 408/328/5 392/349/5
f 401/325/249 403/326/249 397/339/249
f 402/322/250 404/324/250 399/344/250
f 426/353/251 432/353/251 428/354/251
f 430/355/252 431/359/252 425/356/252
f 421/357/253 427/372/253 429/358/253
f 431/359/254 432/353/254 426/353/254
f 429/358/255 430/355/255 424/355/255
f 428/354/256 427/372/256 421/357/256
f 409/361/4 410/1132/4 411/362/4
f 411/362/4 412/363/4 413/1133/4
f 413/1133/4 414/360/4 411/362/4
f 417/362/5 416/1132/5 415/364/5
f 415/364/5 420/360/5 419/1133/5
f 419/1133/5 418/363/5 415/364/5
f 410/365/257 409/370/257 422/354/257
f 411/366/258 410/365/258 421/357/258
f 411/366/259 423/358/259 424/355/259
f 412/367/260 424/355/260 425/356/260
f 414/369/261 413/368/261 425/356/261
f 414/369/262 426/353/262 422/354/262
f 415/371/263 416/365/263 427/372/263
f 417/366/264 429/358/264 427/372/264
f 417/366/265 418/367/265 430/355/265
f 419/368/266 431/359/266 430/355/266
f 420/369/267 432/353/267 431/359/267
f 420/369/268 415/371/268 428/354/268
f 446/373/269 447/374/269 443/374/269
f 450/375/270 452/392/270 448/376/270
f 449/377/271 451/377/271 446/373/271
f 456/378/4 439/1134/4 438/379/4
f 453/380/5 454/378/5 436/381/5
f 453/383/903 433/388/903 441/384/903
f 434/385/273 442/373/273 443/374/273
f 435/386/904 443/374/904 450/375/904
f 433/388/275 437/388/275 445/389/275
f 448/376/275 440/390/275 436/390/275
f 438/391/905 446/373/905 451/377/905
f 438/391/277 439/393/277 447/374/277
f 456/387/906 440/390/906 448/376/906
f 436/381/275 440/381/275 437/382/275
f 439/393/907 456/387/907 452/392/907
f 455/383/908 451/377/908 445/389/908
f 454/387/909 450/375/909 444/376/909
f 434/385/910 453/383/910 449/377/910
f 434/394/5 435/1135/5 454/378/5
f 440/381/4 456/378/4 455/380/4
f 445/389/283 451/377/283 449/377/283
f 447/374/284 452/392/284 450/375/284
f 474/395/285 480/395/285 476/396/285
f 478/397/286 479/398/286 473/398/286
f 475/399/287 477/400/287 471/400/287
f 479/398/288 480/395/288 474/395/288
f 477/400/289 478/397/289 472/397/289
f 470/396/290 476/396/290 475/399/290
f 457/403/4 458/1136/4 459/406/4
f 459/406/4 460/405/4 457/403/4
f 460/405/4 461/401/4 457/403/4
f 465/406/5 464/1136/5 467/404/5
f 464/1136/5 463/403/5 467/404/5
f 463/403/5 468/402/5 467/404/5
f 458/407/291 457/412/291 470/396/291
f 459/408/292 458/407/292 469/399/292
f 460/409/293 459/408/293 471/400/293
f 461/410/294 460/409/294 472/397/294
f 462/411/295 461/410/295 473/398/295
f 462/411/296 474/395/296 470/396/296
f 463/412/911 464/407/911 475/399/911
f 465/408/298 477/400/298 475/399/298
f 466/409/299 478/397/299 477/400/299
f 467/413/912 479/398/912 478/397/912
f 468/411/301 480/395/301 479/398/301
f 468/411/302 463/412/302 476/396/302
f 498/414/303 504/414/303 500/415/303
f 496/416/304 502/416/304 503/417/304
f 499/418/305 501/420/305 495/419/305
f 503/417/306 504/414/306 498/414/306
f 501/420/307 502/416/307 496/416/307
f 494/415/308 500/415/308 499/418/308
f 481/423/4 482/1137/4 483/426/4
f 483/426/4 484/425/4 481/423/4
f 484/425/4 485/421/4 481/423/4
f 489/426/5 488/1137/5 487/423/5
f 487/423/5 492/422/5 489/426/5
f 492/422/5 491/424/5 489/426/5
f 481/427/309 494/415/309 493/418/309
f 482/428/310 493/418/310 495/419/310
f 483/429/311 495/419/311 496/416/311
f 484/430/312 496/416/312 497/417/312
f 486/432/313 485/431/313 497/417/313
f 486/432/314 498/414/314 494/415/314
f 488/428/315 499/418/315 500/415/315
f 489/429/316 501/420/316 499/418/316
f 490/430/317 502/416/317 501/420/317
f 491/433/318 503/417/318 502/416/318
f 491/433/319 492/432/319 504/414/319
f 487/427/320 500/415/320 504/414/320
f 514/434/321 518/453/321 519/435/321
f 524/436/322 520/437/322 516/437/322
f 523/438/323 518/453/323 514/434/323
f 528/439/4 511/1138/4 510/440/4
f 525/442/5 526/455/5 508/443/5
f 525/445/913 505/450/913 513/446/913
f 506/447/325 514/434/325 515/435/325
f 507/448/326 515/435/326 522/436/326
f 513/446/327 505/450/327 509/450/327
f 516/437/327 520/437/327 512/451/327
f 510/447/914 518/453/914 523/438/914
f 510/447/329 511/448/329 519/435/329
f 528/454/915 512/451/915 520/437/915
f 512/443/327 509/444/327 505/444/327
f 511/448/916 528/454/916 524/436/916
f 527/452/917 523/438/917 517/446/917
f 526/449/918 522/436/918 516/437/918
f 506/447/919 525/445/919 521/438/919
f 506/440/5 507/1138/5 526/455/5
f 512/443/4 528/439/4 527/441/4
f 513/446/335 517/446/335 523/438/335
f 515/435/336 519/435/336 524/436/336
f 552/456/337 548/457/337 542/457/337
f 550/458/920 551/459/920 545/459/920
f 541/460/339 547/460/339 549/461/339
f 551/459/340 552/456/340 546/456/340
f 549/461/341 550/458/341 544/458/341
f 548/457/342 547/460/342 541/460/342
f 529/463/4 530/1139/4 531/464/4
f 531/464/4 532/1140/4 533/465/4
f 533/465/4 534/462/4 531/464/4
f 537/464/5 536/1141/5 535/463/5
f 535/463/5 540/462/5 539/465/5
f 539/465/5 538/1140/5 537/464/5
f 529/466/343 542/457/343 541/460/343
f 530/467/344 541/460/344 543/461/344
f 532/469/345 531/468/345 543/461/345
f 532/469/346 544/458/346 545/459/346
f 534/471/347 533/470/347 545/459/347
f 534/471/348 546/456/348 542/457/348
f 535/466/349 536/472/349 547/460/349
f 536/472/350 537/468/350 549/461/350
f 537/468/351 538/469/351 550/458/351
f 539/470/352 551/459/352 550/458/352
f 539/470/353 540/471/353 552/456/353
f 535/466/354 548/457/354 552/456/354
f 570/473/355 576/473/355 572/474/355
f 568/475/356 574/475/356 575/476/356
f 571/477/357 573/478/357 567/478/357
f 575/476/358 576/473/358 570/473/358
f 573/478/359 574/475/359 568/475/359
f 566/474/360 572/474/360 571/477/360
f 553/481/4 554/1142/4 555/479/4
f 555/479/4 556/482/4 557/480/4
f 557/480/4 558/1143/4 553/481/4
f 561/479/5 560/1142/5 559/481/5
f 559/481/5 564/1143/5 563/480/5
f 563/480/5 562/482/5 559/481/5
f 553/483/361 566/474/361 565/477/361
f 554/484/362 565/477/362 567/478/362
f 556/486/363 555/485/363 567/478/363
f 557/487/364 556/486/364 568/475/364
f 557/487/365 569/476/365 570/473/365
f 558/488/366 570/473/366 566/474/366
f 560/484/367 571/477/367 572/474/367
f 561/485/368 573/478/368 571/477/368
f 562/486/369 574/475/369 573/478/369
f 563/487/370 575/476/370 574/475/370
f 564/488/371 576/473/371 575/476/371
f 564/488/372 559/483/372 572/474/372
f 594/489/373 600/495/373 596/490/373
f 598/491/374 599/492/374 593/492/374
f 595/493/375 597/494/375 591/494/375
f 593/492/376 599/492/376 600/495/376
f 597/494/377 598/491/377 592/491/377
f 596/490/378 595/493/378 589/493/378
f 577/497/4 578/1144/4 579/498/4
f 579/498/4 580/1145/4 581/499/4
f 581/499/4 582/496/4 579/498/4
f 585/498/5 584/1144/5 583/497/5
f 583/497/5 588/496/5 585/498/5
f 588/496/5 587/499/5 585/498/5
f 578/501/379 577/506/379 590/490/379
f 579/502/380 578/501/380 589/493/380
f 580/503/381 579/502/381 591/494/381
f 581/504/382 580/503/382 592/491/382
f 582/505/383 581/504/383 593/492/383
f 582/505/384 594/489/384 590/490/384
f 583/506/385 584/501/385 595/493/385
f 584/501/921 585/502/921 597/494/921
f 586/507/387 598/491/387 597/494/387
f 587/504/388 599/492/388 598/491/388
f 588/505/389 600/495/389 599/492/389
f 583/506/390 596/490/390 600/495/390
f 618/508/391 624/525/391 620/509/391
f 622/510/392 623/511/392 617/511/392
f 613/512/393 619/512/393 621/513/393
f 623/511/394 624/525/394 618/508/394
f 621/513/395 622/510/395 616/510/395
f 620/509/396 619/512/396 613/512/396
f 601/515/4 602/1146/4 603/516/4
f 603/516/4 604/518/4 605/517/4
f 605/517/4 606/514/4 603/516/4
f 609/516/5 608/1146/5 607/515/5
f 607/515/5 612/514/5 609/516/5
f 612/514/5 611/517/5 609/516/5
f 601/519/397 614/509/397 613/512/397
f 603/521/398 602/520/398 613/512/398
f 603/521/399 615/513/399 616/510/399
f 605/523/400 604/522/400 616/510/400
f 606/524/401 605/523/401 617/511/401
f 601/519/922 606/524/922 618/508/922
f 607/519/403 608/520/403 619/512/403
f 609/521/404 621/513/404 619/512/404
f 610/522/405 622/510/405 621/513/405
f 611/523/406 623/511/406 622/510/406
f 612/524/407 624/525/407 623/511/407
f 607/519/408 620/509/408 624/525/408
f 648/526/409 644/527/409 638/527/409
f 646/528/410 647/529/410 641/529/410
f 637/531/411 643/533/411 645/532/411
f 641/529/412 647/529/412 648/526/412
f 645/532/413 646/528/413 640/530/413
f 638/527/414 644/527/414 643/533/414
f 625/536/4 626/1147/4 629/534/4
f 626/1147/4 627/538/4 629/534/4
f 627/538/4 628/537/4 629/534/4
f 633/538/5 632/1147/5 631/536/5
f 631/536/5 636/535/5 633/538/5
f 636/535/5 635/534/5 633/538/5
f 626/539/415 625/544/415 638/527/415
f 626/539/416 637/531/416 639/532/416
f 627/540/417 639/532/417 640/530/417
f 628/541/418 640/530/418 641/529/418
f 629/542/419 641/529/419 642/526/419
f 630/543/420 642/526/420 638/527/420
f 631/544/421 632/539/421 643/533/421
f 633/540/422 645/532/422 643/533/422
f 633/540/423 634/541/423 646/528/423
f 634/541/424 635/542/424 647/529/424
f 635/542/425 636/543/425 648/526/425
f 636/543/426 631/544/426 644/527/426
f 666/545/427 672/545/427 668/546/427
f 670/547/428 671/548/428 665/548/428
f 667/549/429 669/550/429 663/550/429
f 665/548/430 671/548/430 672/545/430
f 669/550/431 670/547/431 664/547/431
f 668/546/432 667/549/432 661/549/432
f 649/553/4 650/1148/4 651/555/4
f 651/555/4 652/554/4 649/553/4
f 652/554/4 653/551/4 649/553/4
f 657/555/5 656/1148/5 655/553/5
f 655/553/5 660/552/5 657/555/5
f 660/552/5 659/551/5 657/555/5
f 649/556/923 662/546/923 661/549/923
f 651/558/434 650/557/434 661/549/434
f 652/559/435 651/558/435 663/550/435
f 652/559/436 664/547/436 665/548/436
f 654/561/437 653/560/437 665/548/437
f 649/556/438 654/561/438 666/545/438
f 656/557/924 667/549/924 668/546/924
f 656/557/925 657/558/925 669/550/925
f 657/558/441 658/559/441 670/547/441
f 658/559/442 659/560/442 671/548/442
f 660/561/443 672/545/443 671/548/443
f 655/556/444 668/546/444 672/545/444
f 690/562/427 696/562/427 692/563/427
f 694/564/428 695/565/428 689/565/428
f 691/566/429 693/567/429 687/567/429
f 695/565/430 696/562/430 690/562/430
f 693/567/431 694/564/431 688/564/431
f 686/563/432 692/563/432 691/566/432
f 673/571/4 674/1149/4 675/569/4
f 675/569/4 676/1150/4 677/570/4
f 677/570/4 678/1151/4 673/571/4
f 681/569/5 680/1149/5 679/571/5
f 679/571/5 684/1151/5 683/570/5
f 683/570/5 682/1150/5 681/569/5
f 674/572/445 673/577/445 686/563/445
f 675/573/446 674/572/446 685/568/446
f 676/574/447 675/573/447 687/567/447
f 677/575/448 676/574/448 688/564/448
f 677/575/449 689/565/449 690/562/449
f 678/576/450 690/562/450 686/563/450
f 679/577/451 680/572/451 691/566/451
f 681/573/452 693/567/452 691/566/452
f 681/573/453 682/574/453 694/564/453
f 683/575/454 695/565/454 694/564/454
f 684/576/455 696/562/455 695/565/455
f 679/577/456 692/563/456 696/562/456
f 714/578/427 720/578/427 716/579/427
f 718/580/428 719/581/428 713/581/428
f 715/582/429 717/584/429 711/583/429
f 719/581/430 720/578/430 714/578/430
f 717/584/431 718/580/431 712/580/431
f 716/579/432 715/582/432 709/582/432
f 697/587/4 698/1152/4 699/585/4
f 699/585/4 700/1153/4 701/586/4
f 701/586/4 702/1154/4 697/587/4
f 705/588/5 704/1152/5 703/587/5
f 703/587/5 708/1155/5 707/586/5
f 707/586/5 706/1153/5 705/588/5
f 698/589/457 697/594/457 710/579/457
f 699/590/458 698/589/458 709/582/458
f 700/591/459 699/590/459 711/583/459
f 701/592/460 700/591/460 712/580/460
f 702/593/461 701/592/461 713/581/461
f 702/593/462 714/578/462 710/579/462
f 703/594/463 704/589/463 715/582/463
f 704/589/464 705/595/464 717/584/464
f 705/595/465 706/591/465 718/580/465
f 707/592/466 719/581/466 718/580/466
f 707/592/467 708/596/467 720/578/467
f 708/596/468 703/594/468 716/579/468
f 734/597/1 735/598/1 731/598/1
f 740/599/2 736/600/2 732/600/2
f 739/601/3 734/597/3 730/597/3
f 744/602/4 727/1156/4 726/603/4
f 741/604/5 742/602/5 724/605/5
f 741/607/856 721/612/856 729/608/856
f 722/609/20 730/597/20 731/598/20
f 723/610/857 731/598/857 738/599/857
f 721/612/9 725/612/9 733/608/9
f 736/600/9 728/613/9 724/613/9
f 726/609/858 734/597/858 739/601/858
f 726/609/23 727/610/23 735/598/23
f 744/611/859 728/613/859 736/600/859
f 724/605/9 728/605/9 725/606/9
f 727/610/860 744/611/860 740/599/860
f 743/607/861 739/601/861 733/608/861
f 742/611/862 738/599/862 732/600/862
f 722/609/863 741/607/863 737/601/863
f 722/603/5 723/1156/5 742/602/5
f 728/605/4 744/602/4 743/604/4
f 729/608/17 733/608/17 739/601/17
f 731/598/18 735/598/18 740/599/18
f 762/614/45 768/614/45 764/615/45
f 766/616/46 767/617/46 761/617/46
f 763/618/47 765/619/47 759/619/47
f 767/617/48 768/614/48 762/614/48
f 765/619/49 766/616/49 760/616/49
f 764/615/50 763/618/50 757/618/50
f 745/621/4 746/1157/4 747/622/4
f 747/622/4 748/1158/4 749/623/4
f 749/623/4 750/620/4 747/622/4
f 753/622/5 752/1157/5 751/621/5
f 751/621/5 756/620/5 753/622/5
f 756/620/5 755/623/5 753/622/5
f 746/625/63 745/630/63 758/615/63
f 747/626/64 746/625/64 757/618/64
f 748/627/65 747/626/65 759/619/65
f 749/628/66 748/627/66 760/616/66
f 750/629/67 749/628/67 761/617/67
f 750/629/68 762/614/68 758/615/68
f 752/625/69 763/618/69 764/615/69
f 753/626/70 765/619/70 763/618/70
f 753/626/71 754/627/71 766/616/71
f 755/628/72 767/617/72 766/616/72
f 756/629/73 768/614/73 767/617/73
f 751/630/74 764/615/74 768/614/74
f 782/631/469 783/632/469 779/632/469
f 788/633/470 784/652/470 780/634/470
f 787/635/471 782/631/471 778/631/471
f 792/636/4 775/1159/4 774/637/4
f 789/639/5 790/653/5 772/640/5
f 789/642/926 769/647/926 777/643/926
f 770/644/473 778/631/473 779/632/473
f 771/645/927 779/632/927 786/633/927
f 769/647/475 773/647/475 781/643/475
f 780/634/475 784/652/475 776/648/475
f 774/644/928 782/631/928 787/635/928
f 774/644/477 775/645/477 783/632/477
f 792/651/929 776/648/929 784/652/929
f 772/640/475 776/654/475 773/641/475
f 775/645/930 792/651/930 788/633/930
f 791/650/931 787/635/931 781/643/931
f 790/646/932 786/633/932 780/634/932
f 770/644/933 789/642/933 785/635/933
f 770/637/5 771/1159/5 790/653/5
f 776/654/4 792/636/4 791/638/4
f 781/643/483 787/635/483 785/635/483
f 779/632/484 783/632/484 788/633/484
f 816/655/485 812/656/485 806/656/485
f 814/658/486 815/659/486 809/659/486
f 805/661/487 811/661/487 813/662/487
f 815/659/488 816/655/488 810/657/488
f 813/662/489 814/658/489 808/660/489
f 812/656/490 811/661/490 805/661/490
f 793/664/4 794/1160/4 795/665/4
f 795/665/4 796/667/4 797/666/4
f 797/666/4 798/663/4 795/665/4
f 801/665/5 800/1160/5 799/1161/5
f 799/1161/5 804/663/5 801/665/5
f 804/663/5 803/666/5 801/665/5
f 793/668/491 806/656/491 805/661/491
f 794/669/492 805/661/492 807/662/492
f 796/671/493 795/670/493 807/662/493
f 796/671/494 808/660/494 809/659/494
f 798/673/495 797/672/495 809/659/495
f 798/673/496 810/657/496 806/656/496
f 799/674/497 800/669/497 811/661/497
f 800/669/498 801/670/498 813/662/498
f 802/671/499 814/658/499 813/662/499
f 802/671/500 803/672/500 815/659/500
f 803/672/501 804/673/501 816/655/501
f 799/674/502 812/656/502 816/655/502
f 840/675/503 836/676/503 830/676/503
f 838/677/504 839/678/504 833/678/504
f 835/679/505 837/680/505 831/680/505
f 839/678/506 840/675/506 834/675/506
f 837/680/507 838/677/507 832/677/507
f 836/676/508 835/679/508 829/679/508
f 817/683/4 818/1162/4 819/685/4
f 819/685/4 820/684/4 817/683/4
f 820/684/4 821/681/4 817/683/4
f 825/685/5 824/1162/5 823/683/5
f 823/683/5 828/682/5 827/681/5
f 827/681/5 826/684/5 823/683/5
f 818/686/509 817/691/509 830/676/509
f 819/687/510 818/686/510 829/679/510
f 819/687/511 831/680/511 832/677/511
f 820/688/512 832/677/512 833/678/512
f 822/690/513 821/689/513 833/678/513
f 822/690/934 834/675/934 830/676/934
f 824/686/515 835/679/515 836/676/515
f 824/686/516 825/687/516 837/680/516
f 826/688/935 838/677/935 837/680/935
f 827/689/518 839/678/518 838/677/518
f 827/689/936 828/690/936 840/675/936
f 828/690/937 823/691/937 836/676/937
f 864/692/521 860/693/521 854/693/521
f 862/694/522 863/695/522 857/695/522
f 859/696/523 861/697/523 855/697/523
f 857/695/524 863/695/524 864/692/524
f 861/697/525 862/694/525 856/694/525
f 854/693/526 860/693/526 859/696/526
f 841/700/4 842/1163/4 845/698/4
f 842/1163/4 843/702/4 845/698/4
f 843/702/4 844/701/4 845/698/4
f 849/702/5 848/1163/5 851/698/5
f 848/1163/5 847/700/5 851/698/5
f 847/700/5 852/699/5 851/698/5
f 842/703/527 841/708/527 854/693/527
f 842/703/938 853/696/938 855/697/938
f 843/704/939 855/697/939 856/694/939
f 844/705/940 856/694/940 857/695/940
f 846/707/941 845/706/941 857/695/941
f 846/707/532 858/692/532 854/693/532
f 848/703/942 859/696/942 860/693/942
f 849/704/943 861/697/943 859/696/943
f 850/705/944 862/694/944 861/697/944
f 850/705/945 851/706/945 863/695/945
f 851/706/946 852/707/946 864/692/946
f 852/707/947 847/708/947 860/693/947
f 878/709/539 879/730/539 875/710/539
f 884/711/540 880/727/540 876/712/540
f 883/713/541 878/709/541 874/709/541
f 888/714/4 871/1164/4 870/715/4
f 885/717/5 886/734/5 868/718/5
f 885/720/948 865/725/948 873/721/948
f 866/722/543 874/709/543 875/710/543
f 867/723/949 875/710/949 882/711/949
f 865/725/545 869/733/545 877/726/545
f 880/727/545 872/1165/545 868/728/545
f 870/722/950 878/709/950 883/713/950
f 870/722/547 871/723/547 879/730/547
f 888/731/951 872/1165/951 880/727/951
f 868/718/545 872/735/545 869/732/545
f 871/723/952 888/731/952 884/711/952
f 887/729/953 883/713/953 877/726/953
f 886/724/954 882/711/954 876/712/954
f 866/722/955 885/720/955 881/713/955
f 866/715/5 867/1164/5 886/734/5
f 872/735/4 888/714/4 887/716/4
f 877/726/553 883/713/553 881/713/553
f 875/710/554 879/730/554 884/711/554
f 902/736/555 903/737/555 899/737/555
f 908/739/556 904/740/556 900/740/556
f 907/741/557 902/736/557 898/738/557
f 912/742/4 895/1166/4 894/743/4
f 909/744/5 910/756/5 892/745/5
f 909/747/956 889/752/956 897/748/956
f 890/749/559 898/738/559 899/737/559
f 891/750/957 899/737/957 906/739/957
f 897/748/561 889/752/561 893/752/561
f 900/740/561 904/740/561 896/754/561
f 894/749/958 902/736/958 907/741/958
f 894/749/563 895/750/563 903/737/563
f 912/755/959 896/754/959 904/740/959
f 892/745/561 896/745/561 893/746/561
f 895/750/960 912/755/960 908/739/960
f 911/747/961 907/741/961 901/753/961
f 910/751/962 906/739/962 900/740/962
f 890/749/963 909/747/963 905/741/963
f 890/743/5 891/1166/5 910/756/5
f 896/745/4 912/742/4 911/744/4
f 897/748/569 901/753/569 907/741/569
f 903/737/570 908/739/570 906/739/570
f 936/757/571 932/758/571 926/758/571
f 928/759/572 934/759/572 935/760/572
f 925/761/573 931/761/573 933/762/573
f 935/760/574 936/757/574 930/757/574
f 933/762/575 934/759/575 928/759/575
f 932/758/576 931/761/576 925/761/576
f 913/765/4 914/1167/4 917/763/4
f 914/1167/4 915/767/4 917/763/4
f 915/767/4 916/1168/4 917/763/4
f 921/767/5 920/1167/5 919/765/5
f 919/765/5 924/1169/5 923/763/5
f 923/763/5 922/766/5 919/765/5
f 913/768/577 926/758/577 925/761/577
f 915/770/578 914/769/578 925/761/578
f 915/770/579 927/762/579 928/759/579
f 917/772/580 916/771/580 928/759/580
f 917/772/581 929/760/581 930/757/581
f 918/773/582 930/757/582 926/758/582
f 919/768/583 920/769/583 931/761/583
f 920/769/584 921/770/584 933/762/584
f 922/774/585 934/759/585 933/762/585
f 922/774/586 923/772/586 935/760/586
f 923/772/587 924/775/587 936/757/587
f 919/768/588 932/758/588 936/757/588
f 960/776/589 956/777/589 950/777/589
f 958/778/590 959/779/590 953/779/590
f 949/780/591 955/780/591 957/781/591
f 953/779/592 959/779/592 960/776/592
f 957/781/593 958/778/593 952/778/593
f 950/777/594 956/777/594 955/780/594
f 937/784/4 938/1170/4 941/782/4
f 938/1170/4 939/786/4 941/782/4
f 939/786/4 940/785/4 941/782/4
f 945/786/5 944/1170/5 943/784/5
f 943/784/5 948/783/5 945/786/5
f 948/783/5 947/782/5 945/786/5
f 938/787/595 937/792/595 950/777/595
f 939/788/964 938/787/964 949/780/964
f 940/789/965 939/788/965 951/781/965
f 941/790/966 940/789/966 952/778/966
f 942/791/967 941/790/967 953/779/967
f 942/791/600 954/776/600 950/777/600
f 944/787/601 955/780/601 956/777/601
f 945/788/968 957/781/968 955/780/968
f 946/789/603 958/778/603 957/781/603
f 947/790/604 959/779/604 958/778/604
f 948/791/605 960/776/605 959/779/605
f 948/791/606 943/792/606 956/777/606
f 974/793/607 975/814/607 971/794/607
f 980/795/608 976/810/608 972/796/608
f 979/797/609 974/793/609 970/793/609
f 984/798/4 967/1171/4 966/799/4
f 981/801/5 982/798/5 964/802/5
f 981/804/969 961/809/969 969/805/969
f 962/806/611 970/793/611 971/794/611
f 963/807/970 971/794/970 978/795/970
f 961/809/613 965/816/613 973/805/613
f 976/810/613 968/1172/613 964/811/613
f 966/812/971 974/793/971 979/797/971
f 966/812/615 967/807/615 975/814/615
f 984/808/972 968/1172/972 976/810/972
f 964/802/613 968/818/613 965/815/613
f 967/807/973 984/808/973 980/795/973
f 983/813/974 979/797/974 973/805/974
f 982/808/975 978/795/975 972/796/975
f 962/806/976 981/804/976 977/797/976
f 962/817/5 963/1171/5 982/798/5
f 968/818/4 984/798/4 983/800/4
f 969/805/621 973/805/621 979/797/621
f 971/794/622 975/814/622 980/795/622
f 1008/819/623 1004/820/623 998/820/623
f 1006/821/624 1007/822/624 1001/822/624
f 997/823/625 1003/823/625 1005/824/625
f 1001/822/626 1007/822/626 1008/819/626
f 1005/824/627 1006/821/627 1000/821/627
f 1004/820/628 1003/823/628 997/823/628
f 985/827/4 986/1173/4 989/825/4
f 986/1173/4 987/829/4 989/825/4
f 987/829/4 988/828/4 989/825/4
f 993/829/5 992/1173/5 991/827/5
f 991/827/5 996/826/5 993/829/5
f 996/826/5 995/825/5 993/829/5
f 986/830/629 985/835/629 998/820/629
f 986/830/630 997/823/630 999/824/630
f 988/832/631 987/831/631 999/824/631
f 988/832/632 1000/821/632 1001/822/632
f 990/834/633 989/833/633 1001/822/633
f 990/834/634 1002/819/634 998/820/634
f 992/830/635 1003/823/635 1004/820/635
f 992/830/636 993/831/636 1005/824/636
f 994/832/637 1006/821/637 1005/824/637
f 995/833/638 1007/822/638 1006/821/638
f 996/834/639 1008/819/639 1007/822/639
f 996/834/640 991/835/640 1004/820/640
f 1032/836/641 1028/837/641 1022/837/641
f 1024/838/642 1030/838/642 1031/839/642
f 1027/840/643 1029/843/643 1023/841/643
f 1031/839/644 1032/836/644 1026/836/644
f 1029/843/645 1030/838/645 1024/838/645
f 1028/837/646 1027/840/646 1021/842/646
f 1009/845/4 1010/1174/4 1011/846/4
f 1011/846/4 1012/848/4 1013/847/4
f 1013/847/4 1014/844/4 1011/846/4
f 1017/846/5 1016/1174/5 1015/845/5
f 1015/845/5 1020/844/5 1017/846/5
f 1020/844/5 1019/847/5 1017/846/5
f 1009/849/647 1022/837/647 1021/842/647
f 1011/851/648 1010/850/648 1021/842/648
f 1012/852/649 1011/851/649 1023/841/649
f 1013/853/650 1012/852/650 1024/838/650
f 1014/854/651 1013/853/651 1025/839/651
f 1014/854/652 1026/836/652 1022/837/652
f 1015/849/653 1016/850/653 1027/840/653
f 1016/850/654 1017/851/654 1029/843/654
f 1017/851/655 1018/852/655 1030/838/655
f 1019/853/656 1031/839/656 1030/838/656
f 1020/854/657 1032/836/657 1031/839/657
f 1020/854/658 1015/849/658 1028/837/658
f 1050/855/659 1056/855/659 1052/856/659
f 1054/857/660 1055/858/660 1049/858/660
f 1051/859/661 1053/860/661 1047/860/661
f 1055/858/662 1056/855/662 1050/855/662
f 1053/860/663 1054/857/663 1048/857/663
f 1046/856/664 1052/856/664 1051/859/664
f 1033/863/4 1034/1175/4 1035/861/4
f 1035/861/4 1036/864/4 1037/862/4
f 1037/862/4 1038/1176/4 1033/863/4
f 1041/861/5 1040/1175/5 1043/862/5
f 1040/1175/5 1039/863/5 1043/862/5
f 1039/863/5 1044/1176/5 1043/862/5
f 1033/865/665 1046/856/665 1045/859/665
f 1035/867/666 1034/866/666 1045/859/666
f 1035/867/667 1047/860/667 1048/857/667
f 1037/869/668 1036/868/668 1048/857/668
f 1038/870/669 1037/869/669 1049/858/669
f 1038/870/670 1050/855/670 1046/856/670
f 1040/866/671 1051/859/671 1052/856/671
f 1041/867/672 1053/860/672 1051/859/672
f 1042/868/673 1054/857/673 1053/860/673
f 1043/869/674 1055/858/674 1054/857/674
f 1044/870/675 1056/855/675 1055/858/675
f 1044/870/676 1039/865/676 1052/856/676
f 1070/871/677 1071/893/677 1067/872/677
f 1076/874/678 1072/875/678 1068/875/678
f 1075/877/679 1070/871/679 1066/873/679
f 1080/879/4 1063/1177/4 1062/880/4
f 1077/882/5 1078/898/5 1060/883/5
f 1077/885/977 1057/890/977 1065/886/977
f 1058/887/681 1066/873/681 1067/872/681
f 1059/888/978 1067/872/978 1074/876/978
f 1057/890/684 1061/897/684 1069/886/684
f 1072/875/684 1064/1178/684 1060/891/684
f 1062/887/979 1070/871/979 1075/877/979
f 1062/887/686 1063/896/686 1071/893/686
f 1080/894/980 1064/1178/980 1072/875/980
f 1060/883/684 1064/899/684 1061/895/684
f 1063/896/981 1080/894/981 1076/874/981
f 1079/892/982 1075/877/982 1069/886/982
f 1078/889/983 1074/876/983 1068/875/983
f 1058/887/984 1077/885/984 1073/878/984
f 1058/880/5 1059/1179/5 1078/898/5
f 1064/899/4 1080/879/4 1079/881/4
f 1065/886/692 1069/886/692 1075/877/692
f 1067/872/693 1071/893/693 1076/874/693
f 1104/900/694 1100/901/694 1094/901/694
f 1102/902/695 1103/903/695 1097/903/695
f 1093/904/696 1099/904/696 1101/905/696
f 1097/903/697 1103/903/697 1104/900/697
f 1101/905/698 1102/902/698 1096/902/698
f 1100/901/699 1099/904/699 1093/904/699
f 1081/908/4 1082/1180/4 1085/906/4
f 1082/1180/4 1083/910/4 1085/906/4
f 1083/910/4 1084/909/4 1085/906/4
f 1089/910/5 1088/1180/5 1087/908/5
f 1087/908/5 1092/907/5 1091/906/5
f 1091/906/5 1090/909/5 1087/908/5
f 1082/911/700 1081/916/700 1094/901/700
f 1083/912/701 1082/911/701 1093/904/701
f 1083/912/702 1095/905/702 1096/902/702
f 1084/913/703 1096/902/703 1097/903/703
f 1085/914/704 1097/903/704 1098/900/704
f 1086/915/705 1098/900/705 1094/901/705
f 1088/911/706 1099/904/706 1100/901/706
f 1089/912/707 1101/905/707 1099/904/707
f 1089/912/708 1090/913/708 1102/902/708
f 1090/913/709 1091/914/709 1103/903/709
f 1092/915/710 1104/900/710 1103/903/710
f 1087/916/711 1100/901/711 1104/900/711
f 1128/917/712 1124/918/712 1118/918/712
f 1126/919/713 1127/920/713 1121/920/713
f 1117/921/714 1123/921/714 1125/922/714
f 1121/920/715 1127/920/715 1128/917/715
f 1125/922/716 1126/919/716 1120/919/716
f 1124/918/717 1123/921/717 1117/921/717
f 1105/925/4 1106/1181/4 1107/927/4
f 1107/927/4 1108/926/4 1105/925/4
f 1108/926/4 1109/923/4 1105/925/4
f 1113/927/5 1112/1181/5 1111/925/5
f 1111/925/5 1116/924/5 1113/927/5
f 1116/924/5 1115/923/5 1113/927/5
f 1105/928/718 1118/918/718 1117/921/718
f 1107/930/719 1106/929/719 1117/921/719
f 1108/931/720 1107/930/720 1119/922/720
f 1108/931/721 1120/919/721 1121/920/721
f 1109/932/722 1121/920/722 1122/917/722
f 1110/933/723 1122/917/723 1118/918/723
f 1111/928/724 1112/929/724 1123/921/724
f 1113/930/725 1125/922/725 1123/921/725
f 1114/931/726 1126/919/726 1125/922/726
f 1114/931/727 1115/932/727 1127/920/727
f 1115/932/728 1116/933/728 1128/917/728
f 1111/928/729 1124/918/729 1128/917/729
f 1146/934/730 1152/934/730 1148/935/730
f 1150/936/731 1151/937/731 1145/937/731
f 1147/938/732 1149/939/732 1143/939/732
f 1151/937/733 1152/934/733 1146/934/733
f 1149/939/734 1150/936/734 1144/936/734
f 1148/935/735 1147/938/735 1141/938/735
f 1129/942/4 1130/1182/4 1133/940/4
f 1130/1182/4 1131/944/4 1133/940/4
f 1131/944/4 1132/943/4 1133/940/4
f 1137/944/5 1136/1182/5 1135/942/5
f 1135/942/5 1140/941/5 1139/940/5
f 1139/940/5 1138/943/5 1135/942/5
f 1130/945/736 1129/950/736 1142/935/736
f 1131/946/737 1130/945/737 1141/938/737
f 1132/947/738 1131/946/738 1143/939/738
f 1132/947/739 1144/936/739 1145/937/739
f 1133/948/740 1145/937/740 1146/934/740
f 1134/949/741 1146/934/741 1142/935/741
f 1136/945/742 1147/938/742 1148/935/742
f 1137/946/743 1149/939/743 1147/938/743
f 1137/946/744 1138/947/744 1150/936/744
f 1138/947/745 1139/948/745 1151/937/745
f 1139/948/746 1140/949/746 1152/934/746
f 1140/949/747 1135/950/747 1148/935/747
f 1166/951/748 1167/971/748 1163/952/748
f 1172/954/749 1168/955/749 1164/955/749
f 1171/956/750 1166/951/750 1162/953/750
f 1176/957/4 1159/1183/4 1158/958/4
f 1173/960/5 1174/957/5 1156/961/5
f 1173/963/985 1153/968/985 1161/964/985
f 1154/965/752 1162/953/752 1163/952/752
f 1155/966/986 1163/952/986 1170/954/986
f 1153/968/754 1157/968/754 1165/964/754
f 1168/955/754 1160/1184/754 1156/969/754
f 1158/965/987 1166/951/987 1171/956/987
f 1158/965/756 1159/972/756 1167/971/756
f 1176/967/988 1160/1184/988 1168/955/988
f 1156/961/754 1160/973/754 1157/962/754
f 1159/972/989 1176/967/989 1172/954/989
f 1175/970/990 1171/956/990 1165/964/990
f 1174/967/991 1170/954/991 1164/955/991
f 1154/965/992 1173/963/992 1169/956/992
f 1154/958/5 1155/1185/5 1174/957/5
f 1160/973/4 1176/957/4 1175/959/4
f 1161/964/762 1165/964/762 1171/956/762
f 1163/952/763 1167/971/763 1172/954/763
f 1194/974/764 1200/990/764 1196/975/764
f 1192/976/765 1198/976/765 1199/977/765
f 1195/978/766 1197/979/766 1191/979/766
f 1199/977/767 1200/990/767 1194/974/767
f 1197/979/768 1198/976/768 1192/976/768
f 1196/975/769 1195/978/769 1189/978/769
f 1177/982/4 1178/1186/4 1181/980/4
f 1178/1186/4 1179/983/4 1181/980/4
f 1179/983/4 1180/1187/4 1181/980/4
f 1185/983/5 1184/1186/5 1183/982/5
f 1183/982/5 1188/981/5 1187/980/5
f 1187/980/5 1186/1187/5 1185/983/5
f 1178/984/770 1177/989/770 1190/975/770
f 1178/984/771 1189/978/771 1191/979/771
f 1179/985/772 1191/979/772 1192/976/772
f 1181/987/773 1180/986/773 1192/976/773
f 1182/988/774 1181/987/774 1193/977/774
f 1182/988/775 1194/974/775 1190/975/775
f 1183/989/776 1184/984/776 1195/978/776
f 1184/984/777 1185/985/777 1197/979/777
f 1185/985/778 1186/986/778 1198/976/778
f 1186/986/779 1187/987/779 1199/977/779
f 1188/988/780 1200/990/780 1199/977/780
f 1188/988/781 1183/989/781 1196/975/781
f 1218/991/782 1224/991/782 1220/992/782
f 1222/993/783 1223/994/783 1217/994/783
f 1219/995/784 1221/996/784 1215/996/784
f 1217/994/785 1223/994/785 1224/991/785
f 1221/996/786 1222/993/786 1216/993/786
f 1220/992/787 1219/995/787 1213/995/787
f 1201/998/4 1202/1188/4 1203/999/4
f 1203/999/4 1204/1001/4 1205/1000/4
f 1205/1000/4 1206/997/4 1203/999/4
f 1209/999/5 1208/1188/5 1211/1000/5
f 1208/1188/5 1207/998/5 1211/1000/5
f 1207/998/5 1212/997/5 1211/1000/5
f 1202/1002/788 1201/1007/788 1214/992/788
f 1203/1003/789 1202/1002/789 1213/995/789
f 1203/1003/790 1215/996/790 1216/993/790
f 1205/1005/791 1204/1004/791 1216/993/791
f 1206/1006/792 1205/1005/792 1217/994/792
f 1201/1007/793 1206/1006/793 1218/991/793
f 1208/1002/794 1219/995/794 1220/992/794
f 1209/1003/795 1221/996/795 1219/995/795
f 1210/1004/796 1222/993/796 1221/996/796
f 1211/1005/797 1223/994/797 1222/993/797
f 1211/1005/798 1212/1006/798 1224/991/798
f 1207/1007/799 1220/992/799 1224/991/799
f 1238/1008/800 1239/1009/800 1235/1009/800
f 1242/1010/801 1244/1029/801 1240/1011/801
f 1241/1013/802 1243/1027/802 1238/1008/802
f 1248/1014/4 1231/1189/4 1230/1015/4
f 1245/1016/5 1246/1033/5 1228/1017/5
f 1245/1019/993 1225/1024/993 1233/1020/993
f 1226/1021/804 1234/1008/804 1235/1009/804
f 1227/1022/994 1235/1009/994 1242/1010/994
f 1225/1024/806 1229/1032/806 1237/1025/806
f 1240/1011/806 1232/1026/806 1228/1026/806
f 1230/1021/995 1238/1008/995 1243/1027/995
f 1230/1021/808 1231/1031/808 1239/1009/808
f 1248/1028/996 1232/1026/996 1240/1011/996
f 1228/1017/806 1232/1017/806 1229/1030/806
f 1231/1031/997 1248/1028/997 1244/1029/997
f 1247/1019/998 1243/1027/998 1237/1025/998
f 1246/1023/999 1242/1010/999 1236/1012/999
f 1226/1021/1000 1245/1019/1000 1241/1013/1000
f 1226/1015/5 1227/1190/5 1246/1033/5
f 1232/1017/4 1248/1014/4 1247/1016/4
f 1237/1025/814 1243/1027/814 1241/1013/814
f 1239/1009/815 1244/1029/815 1242/1010/815
f 1262/1034/816 1263/1059/816 1259/1035/816
f 1268/1037/817 1264/1061/817 1260/1038/817
f 1265/1040/818 1267/1057/818 1262/1034/818
f 1272/1041/4 1255/1191/4 1254/1042/4
f 1269/1044/5 1270/1066/5 1252/1045/5
f 1269/1047/1001 1249/1052/1001 1257/1048/1001
f 1250/1049/820 1258/1036/820 1259/1035/820
f 1251/1050/1002 1259/1035/1002 1266/1039/1002
f 1249/1052/822 1253/1064/822 1261/1053/822
f 1260/1038/822 1264/1061/822 1256/1054/822
f 1254/1056/1003 1262/1034/1003 1267/1057/1003
f 1254/1056/824 1255/1063/824 1263/1059/824
f 1272/1060/1004 1256/1054/1004 1264/1061/1004
f 1252/1045/822 1256/1067/822 1253/1062/822
f 1255/1063/1005 1272/1060/1005 1268/1037/1005
f 1271/1058/1006 1267/1057/1006 1261/1053/1006
f 1270/1051/1007 1266/1039/1007 1260/1038/1007
f 1250/1049/1008 1269/1047/1008 1265/1040/1008
f 1250/1065/5 1251/1192/5 1270/1066/5
f 1256/1067/4 1272/1041/4 1271/1043/4
f 1257/1048/830 1261/1053/830 1267/1057/830
f 1263/1059/831 1268/1037/831 1266/1039/831
f 1286/1068/832 1287/1093/832 1283/1069/832
f 1292/1071/833 1288/1095/833 1284/1072/833
f 1291/1074/834 1286/1068/834 1282/1070/834
f 1296/1076/4 1279/1193/4 1278/1077/4
f 1293/1079/5 1294/1099/5 1276/1080/5
f 1293/1082/1009 1273/1194/1009 1281/1083/1009
f 1274/1084/836 1282/1070/836 1283/1069/836
f 1275/1085/1010 1283/1069/1010 1290/1073/1010
f 1281/1083/838 1273/1194/838 1277/1087/838
f 1284/1072/838 1288/1095/838 1280/1089/838
f 1278/1091/1011 1286/1068/1011 1291/1074/1011
f 1278/1091/840 1279/1097/840 1287/1093/840
f 1296/1094/1012 1280/1089/1012 1288/1095/1012
f 1280/1096/838 1277/1100/838 1273/1081/838
f 1279/1097/1013 1296/1094/1013 1292/1071/1013
f 1295/1092/1014 1291/1074/1014 1285/1088/1014
f 1294/1086/1015 1290/1073/1015 1284/1072/1015
f 1274/1084/1016 1293/1082/1016 1289/1075/1016
f 1274/1098/5 1275/1195/5 1294/1099/5
f 1280/1096/4 1296/1076/4 1295/1078/4
f 1281/1083/846 1285/1088/846 1291/1074/846
f 1283/1069/847 1287/1093/847 1292/1071/847
