# Blender 4.4.0
# www.blender.org
mtllib Prop_Wooden_Crate_Pile_01.mtl
o Prop_Wooden_Crate_Pile_01
v 0.580422 0.007948 0.371487
v 0.603460 0.007948 0.358989
v 0.590962 0.007948 0.335951
v 0.580422 0.393556 0.371487
v 0.603460 0.393556 0.358989
v 0.590962 0.393556 0.335951
v -0.008577 0.007948 0.691014
v -0.031616 0.007948 0.703512
v -0.044114 0.007948 0.680474
v -0.008577 0.393556 0.691014
v -0.031616 0.393556 0.703512
v -0.044114 0.393556 0.680474
v 0.376428 0.007948 -0.004544
v 0.399466 0.007948 -0.017042
v 0.411964 0.007948 0.005996
v 0.376428 0.393556 -0.004544
v 0.399466 0.393556 -0.017042
v 0.411964 0.393556 0.005996
v -0.212571 0.007948 0.314982
v -0.235609 0.007948 0.327480
v -0.223111 0.007948 0.350519
v -0.212571 0.393556 0.314982
v -0.235609 0.393556 0.327480
v -0.223111 0.393556 0.350519
v 0.619938 0.015895 0.350050
v 0.415944 0.015895 -0.025981
v 0.619938 0.390000 0.350050
v 0.603460 0.015895 0.358989
v 0.399466 0.015895 -0.017042
v 0.603460 0.390000 0.358989
v 0.399466 0.390000 -0.017042
v 0.415944 0.271161 -0.025981
v 0.415944 0.259436 -0.025981
v 0.415944 0.146459 -0.025981
v 0.619938 0.259436 0.350050
v 0.399466 0.259436 -0.017042
v 0.399466 0.271161 -0.017042
v 0.399466 0.134735 -0.017042
v 0.399466 0.146459 -0.017042
v 0.603460 0.146459 0.358989
v 0.603460 0.134735 0.358989
v 0.603460 0.271161 0.358989
v 0.603460 0.259436 0.358989
v 0.461755 0.313910 0.097777
v 0.478232 0.313910 0.088838
v 0.467037 0.357097 0.107515
v 0.483515 0.357097 0.098576
v 0.461755 0.347250 0.097777
v 0.478232 0.347250 0.088838
v 0.467037 0.304063 0.107515
v 0.483515 0.304063 0.098576
v 0.535889 0.357097 0.234432
v 0.552367 0.357097 0.225493
v 0.535889 0.304063 0.234432
v 0.552367 0.304063 0.225493
v 0.541172 0.313910 0.244170
v 0.557649 0.313910 0.235231
v 0.541172 0.347250 0.244170
v 0.557649 0.347250 0.235231
v -0.048093 0.390000 0.712451
v -0.031616 0.015895 0.703512
v -0.235609 0.015895 0.327480
v -0.031616 0.390000 0.703512
v -0.235609 0.390000 0.327480
v -0.252087 0.146459 0.336419
v -0.252087 0.134735 0.336419
v -0.048093 0.134735 0.712451
v -0.048093 0.146459 0.712451
v -0.048093 0.259436 0.712451
v -0.235609 0.259436 0.327480
v -0.235609 0.271161 0.327480
v -0.235609 0.134735 0.327480
v -0.235609 0.146459 0.327480
v -0.031616 0.146459 0.703512
v -0.031616 0.134735 0.703512
v -0.031616 0.271161 0.703512
v -0.031616 0.259436 0.703512
v -0.173321 0.313910 0.442299
v -0.189799 0.313910 0.451239
v -0.168038 0.357097 0.452038
v -0.184516 0.357097 0.460977
v -0.173321 0.347250 0.442299
v -0.189799 0.347250 0.451239
v -0.168038 0.304063 0.452038
v -0.184516 0.304063 0.460977
v -0.099187 0.357097 0.578955
v -0.115665 0.357097 0.587894
v -0.099187 0.304063 0.578955
v -0.115665 0.304063 0.587894
v -0.093904 0.313910 0.588693
v -0.110382 0.313910 0.597632
v -0.093904 0.347250 0.588693
v -0.110382 0.347250 0.597632
v -0.044650 -0.000000 0.725299
v 0.628830 -0.000000 0.359942
v -0.260979 -0.000000 0.326528
v 0.412501 -0.000000 -0.038829
v -0.260979 0.015895 0.326528
v -0.044650 0.015895 0.725299
v 0.628830 0.015895 0.359942
v 0.412501 0.015895 -0.038829
v -0.189764 -0.000000 0.457803
v -0.187975 -0.000000 0.461100
v -0.117654 -0.000000 0.590727
v -0.115866 -0.000000 0.594023
v 0.557614 -0.000000 0.228667
v 0.555826 -0.000000 0.225370
v 0.485505 -0.000000 0.095743
v 0.483716 -0.000000 0.092446
v -0.187975 0.015895 0.461100
v -0.189764 0.015895 0.457803
v -0.115866 0.015895 0.594023
v -0.117654 0.015895 0.590727
v 0.555826 0.015895 0.225370
v 0.557614 0.015895 0.228667
v 0.483716 0.015895 0.092446
v 0.485505 0.015895 0.095743
v -0.042801 0.015895 0.722208
v 0.625231 0.015895 0.359807
v -0.042801 0.390000 0.722208
v 0.625231 0.390000 0.359807
v -0.048093 0.015895 0.712451
v -0.042801 0.134735 0.722208
v -0.042801 0.146459 0.722208
v -0.042801 0.259436 0.722208
v -0.042801 0.271161 0.722208
v 0.625231 0.146459 0.359807
v 0.625231 0.134735 0.359807
v 0.625231 0.271161 0.359807
v 0.625231 0.259436 0.359807
v -0.048093 0.271161 0.712451
v 0.619938 0.134735 0.350050
v 0.619938 0.146459 0.350050
v 0.619938 0.271161 0.350050
v -0.257380 0.015895 0.326663
v 0.410651 0.015895 -0.035738
v -0.257380 0.390000 0.326663
v 0.410651 0.390000 -0.035738
v -0.252087 0.015895 0.336419
v -0.252087 0.390000 0.336419
v 0.415944 0.390000 -0.025981
v -0.257380 0.134735 0.326663
v -0.257380 0.146459 0.326663
v -0.257380 0.259436 0.326663
v -0.257380 0.271161 0.326663
v 0.410651 0.146459 -0.035738
v 0.410651 0.134735 -0.035738
v 0.410651 0.271161 -0.035738
v 0.410651 0.259436 -0.035738
v -0.252087 0.271161 0.336419
v -0.252087 0.259436 0.336419
v 0.415944 0.134735 -0.025981
v -0.365852 0.440736 0.578695
v -0.340223 0.440736 0.584181
v -0.340223 0.414526 0.584181
v -0.312993 0.440736 0.331729
v -0.287364 0.440736 0.337215
v -0.287364 0.414526 0.337215
v -1.021099 0.440736 0.438450
v -1.046729 0.440736 0.432964
v -1.046729 0.414526 0.432964
v -0.968240 0.440736 0.191484
v -0.993870 0.440736 0.185998
v -0.993870 0.414526 0.185998
v -0.365852 0.012935 0.578695
v -0.340223 0.012935 0.584181
v -0.340223 0.039145 0.584181
v -0.312993 0.012935 0.331729
v -0.287364 0.012935 0.337215
v -0.287364 0.039145 0.337215
v -1.021099 0.012935 0.438450
v -1.046729 0.012935 0.432964
v -1.046729 0.039145 0.432964
v -0.968240 0.012935 0.191484
v -0.993870 0.012935 0.185998
v -0.993870 0.039145 0.185998
v -0.320228 0.012935 0.580333
v -0.338559 0.440736 0.576409
v -0.338559 0.012935 0.576409
v -0.269257 0.012935 0.342185
v -0.295356 0.012935 0.464125
v -0.295356 0.440736 0.464125
v -0.292902 0.440736 0.452660
v -0.269257 0.440736 0.342185
v -0.287588 0.012935 0.338262
v -0.313687 0.012935 0.460202
v -0.311233 0.012935 0.448737
v -0.311233 0.440736 0.448737
v -0.313687 0.440736 0.460202
v -0.287588 0.440736 0.338262
v -1.045065 0.440736 0.425193
v -1.045065 0.012935 0.425193
v -1.012425 0.012935 0.183122
v -1.038524 0.012935 0.305062
v -1.038524 0.440736 0.305062
v -1.036070 0.440736 0.293597
v -1.012425 0.440736 0.183122
v -0.994094 0.012935 0.187045
v -1.020193 0.012935 0.308985
v -1.017739 0.012935 0.297520
v -1.017739 0.440736 0.297520
v -1.020193 0.440736 0.308985
v -0.994094 0.440736 0.187045
v -1.069754 0.453671 0.436163
v -0.320524 0.453671 0.596524
v -1.069754 0.000000 0.436164
v -0.320524 0.000000 0.596524
v -1.066427 0.000000 0.420620
v -1.066427 0.453671 0.420620
v -0.317198 0.453671 0.580981
v -0.317198 0.000000 0.580981
v -1.069754 0.149349 0.436164
v -1.069754 0.153099 0.436164
v -1.069754 0.300572 0.436164
v -1.069754 0.304322 0.436164
v -0.320524 0.304322 0.596524
v -0.320524 0.300572 0.596524
v -0.320524 0.153099 0.596524
v -0.320524 0.149349 0.596524
v -1.066427 0.153099 0.420620
v -1.066427 0.149349 0.420620
v -1.066427 0.304322 0.420620
v -1.066427 0.300572 0.420620
v -0.317198 0.300572 0.580981
v -0.317198 0.304322 0.580981
v -0.317198 0.149349 0.580981
v -0.317198 0.153099 0.580981
v -1.063396 0.451836 0.421269
v -0.320228 0.451836 0.580333
v -1.063396 0.440736 0.421269
v -0.320228 0.440736 0.580333
v -1.038524 0.451836 0.305062
v -1.036070 0.451836 0.293597
v -1.012425 0.451836 0.183122
v -0.292902 0.451836 0.452660
v -0.295356 0.451836 0.464125
v -0.269257 0.451836 0.342185
v -1.063396 0.001836 0.421269
v -0.320228 0.001836 0.580333
v -1.063396 0.012935 0.421269
v -1.038524 0.001836 0.305062
v -1.036070 0.001836 0.293597
v -1.012425 0.001836 0.183122
v -0.292902 0.001836 0.452660
v -0.295356 0.001836 0.464125
v -0.269257 0.001836 0.342185
v -1.036070 0.012935 0.293597
v -0.292902 0.012935 0.452660
v 0.037449 0.007948 -0.211706
v 0.056725 0.007948 -0.229465
v 0.038966 0.007948 -0.248741
v 0.037449 0.393556 -0.211706
v 0.056725 0.393556 -0.229465
v 0.038966 0.393556 -0.248741
v -0.455362 0.007948 0.242337
v -0.474638 0.007948 0.260096
v -0.492397 0.007948 0.240820
v -0.455362 0.393556 0.242337
v -0.474638 0.393556 0.260096
v -0.492397 0.393556 0.240820
v -0.252423 0.007948 -0.526329
v -0.233147 0.007948 -0.544088
v -0.215387 0.007948 -0.524812
v -0.252423 0.393556 -0.526329
v -0.233147 0.393556 -0.544088
v -0.215387 0.393556 -0.524812
v -0.745234 0.007948 -0.072286
v -0.764510 0.007948 -0.054526
v -0.746750 0.007948 -0.035251
v -0.745234 0.393556 -0.072286
v -0.764510 0.393556 -0.054526
v -0.746750 0.393556 -0.035251
v -0.219360 0.015895 -0.556790
v 0.070512 0.390000 -0.242168
v -0.219360 0.390000 -0.556790
v 0.056725 0.015895 -0.229465
v -0.233147 0.015895 -0.544088
v 0.056725 0.390000 -0.229465
v -0.233147 0.390000 -0.544088
v -0.219360 0.271161 -0.556790
v -0.219360 0.259436 -0.556790
v -0.219360 0.146459 -0.556790
v 0.070512 0.146459 -0.242168
v 0.070512 0.259436 -0.242168
v 0.070512 0.271161 -0.242168
v -0.233147 0.259436 -0.544088
v -0.233147 0.271161 -0.544088
v -0.233147 0.134735 -0.544088
v -0.233147 0.146459 -0.544088
v 0.056725 0.146459 -0.229465
v 0.056725 0.134735 -0.229465
v 0.056725 0.271161 -0.229465
v 0.056725 0.259436 -0.229465
v -0.144636 0.313910 -0.448020
v -0.130849 0.313910 -0.460722
v -0.137129 0.357097 -0.439872
v -0.123342 0.357097 -0.452574
v -0.144636 0.347250 -0.448020
v -0.130849 0.347250 -0.460722
v -0.137129 0.304063 -0.439872
v -0.123342 0.304063 -0.452574
v -0.039292 0.357097 -0.333681
v -0.025506 0.357097 -0.346384
v -0.039292 0.304063 -0.333681
v -0.025506 0.304063 -0.346384
v -0.031785 0.313910 -0.325534
v -0.017999 0.313910 -0.338236
v -0.031785 0.347250 -0.325534
v -0.017999 0.347250 -0.338236
v -0.488424 0.390000 0.272799
v -0.778296 0.390000 -0.041824
v -0.474638 0.015895 0.260096
v -0.764510 0.015895 -0.054526
v -0.474638 0.390000 0.260096
v -0.764510 0.390000 -0.054526
v -0.778296 0.271161 -0.041824
v -0.778296 0.146459 -0.041824
v -0.488424 0.134735 0.272799
v -0.764510 0.259436 -0.054526
v -0.764510 0.271161 -0.054526
v -0.764510 0.134735 -0.054526
v -0.764510 0.146459 -0.054526
v -0.474638 0.146459 0.260096
v -0.474638 0.134735 0.260096
v -0.474638 0.271161 0.260096
v -0.474638 0.259436 0.260096
v -0.675999 0.313910 0.041542
v -0.689786 0.313910 0.054244
v -0.668492 0.357097 0.049690
v -0.682279 0.357097 0.062392
v -0.675999 0.347250 0.041542
v -0.689786 0.347250 0.054244
v -0.668492 0.304063 0.049690
v -0.682279 0.304063 0.062392
v -0.570655 0.357097 0.155880
v -0.584442 0.357097 0.168582
v -0.570655 0.304063 0.155880
v -0.584442 0.304063 0.168582
v -0.563148 0.313910 0.164028
v -0.576935 0.313910 0.176730
v -0.563148 0.347250 0.164028
v -0.576935 0.347250 0.176730
v -0.481939 -0.000000 0.284412
v 0.081556 -0.000000 -0.234755
v -0.789340 -0.000000 -0.049237
v -0.225845 -0.000000 -0.568403
v -0.789340 0.015895 -0.049237
v -0.481939 0.015895 0.284412
v 0.081556 0.015895 -0.234755
v -0.225845 0.015895 -0.568403
v -0.688144 -0.000000 0.060600
v -0.685603 -0.000000 0.063358
v -0.585677 -0.000000 0.171816
v -0.583136 -0.000000 0.174574
v -0.019640 -0.000000 -0.344592
v -0.022181 -0.000000 -0.347350
v -0.122107 -0.000000 -0.455808
v -0.124649 -0.000000 -0.458566
v -0.685603 0.015895 0.063358
v -0.688144 0.015895 0.060600
v -0.583136 0.015895 0.174574
v -0.585677 0.015895 0.171816
v -0.022181 0.015895 -0.347350
v -0.019640 0.015895 -0.344592
v -0.124649 0.015895 -0.458566
v -0.122107 0.015895 -0.455808
v -0.480903 0.015895 0.280962
v 0.078033 0.015895 -0.234004
v -0.480903 0.390000 0.280962
v 0.078033 0.390000 -0.234004
v -0.488424 0.015895 0.272799
v 0.070512 0.015895 -0.242168
v -0.480903 0.134735 0.280962
v -0.480903 0.146459 0.280962
v -0.480903 0.259436 0.280962
v -0.480903 0.271161 0.280962
v 0.078033 0.146459 -0.234004
v 0.078033 0.134735 -0.234004
v 0.078033 0.271161 -0.234004
v 0.078033 0.259436 -0.234004
v -0.488424 0.146459 0.272799
v -0.488424 0.271161 0.272799
v -0.488424 0.259436 0.272799
v 0.070512 0.134735 -0.242168
v -0.785817 0.015895 -0.049987
v -0.226881 0.015895 -0.564954
v -0.785817 0.390000 -0.049987
v -0.226881 0.390000 -0.564954
v -0.778296 0.015895 -0.041824
v -0.785817 0.134735 -0.049987
v -0.785817 0.146459 -0.049987
v -0.785817 0.259436 -0.049987
v -0.785817 0.271161 -0.049987
v -0.226881 0.146459 -0.564954
v -0.226881 0.134735 -0.564954
v -0.226881 0.271161 -0.564954
v -0.226881 0.259436 -0.564954
v -0.778296 0.134735 -0.041824
v -0.778296 0.259436 -0.041824
v -0.219360 0.134735 -0.556790
v 0.026226 0.397948 -0.025731
v 0.051477 0.397948 -0.032757
v 0.044452 0.397948 -0.058007
v 0.026226 0.783556 -0.025731
v 0.051477 0.783556 -0.032757
v 0.044452 0.783556 -0.058007
v -0.619340 0.397948 0.153885
v -0.644590 0.397948 0.160910
v -0.651616 0.397948 0.135659
v -0.619340 0.783556 0.153885
v -0.644590 0.783556 0.160910
v -0.651616 0.783556 0.135659
v -0.088445 0.397948 -0.437876
v -0.063194 0.397948 -0.444902
v -0.056168 0.397948 -0.419651
v -0.088445 0.783556 -0.437876
v -0.063194 0.783556 -0.444902
v -0.056168 0.783556 -0.419651
v -0.734011 0.397948 -0.258261
v -0.759262 0.397948 -0.251235
v -0.752236 0.397948 -0.225984
v -0.734011 0.783556 -0.258261
v -0.759262 0.783556 -0.251235
v -0.752236 0.783556 -0.225984
v -0.045134 0.405895 -0.449927
v -0.045134 0.780000 -0.449927
v 0.051477 0.405895 -0.032757
v -0.063194 0.405895 -0.444902
v 0.051477 0.780000 -0.032757
v -0.063194 0.780000 -0.444902
v -0.045134 0.661161 -0.449927
v -0.045134 0.649436 -0.449927
v -0.045134 0.536459 -0.449927
v 0.069537 0.649436 -0.037781
v -0.063194 0.649436 -0.444902
v -0.063194 0.661161 -0.444902
v -0.063194 0.524734 -0.444902
v -0.063194 0.536459 -0.444902
v 0.051477 0.536459 -0.032757
v 0.051477 0.524734 -0.032757
v 0.051477 0.661161 -0.032757
v 0.051477 0.649436 -0.032757
v -0.028180 0.703910 -0.319056
v -0.010119 0.703910 -0.324081
v -0.025210 0.747097 -0.308382
v -0.007150 0.747097 -0.313407
v -0.028180 0.737250 -0.319056
v -0.010119 0.737250 -0.324081
v -0.025210 0.694063 -0.308382
v -0.007150 0.694063 -0.313407
v 0.013493 0.747097 -0.169276
v 0.031554 0.747097 -0.174301
v 0.013493 0.694063 -0.169276
v 0.031554 0.694063 -0.174301
v 0.016463 0.703910 -0.158603
v 0.034523 0.703910 -0.163628
v 0.016463 0.737250 -0.158603
v 0.034523 0.737250 -0.163628
v -0.777322 0.405895 -0.246210
v -0.777322 0.780000 -0.246210
v -0.644590 0.405895 0.160910
v -0.759262 0.405895 -0.251235
v -0.644590 0.780000 0.160910
v -0.759262 0.780000 -0.251235
v -0.777322 0.661161 -0.246210
v -0.777322 0.536459 -0.246210
v -0.777322 0.524734 -0.246210
v -0.662651 0.524734 0.165935
v -0.759262 0.649436 -0.251235
v -0.759262 0.661161 -0.251235
v -0.759262 0.524734 -0.251235
v -0.759262 0.536459 -0.251235
v -0.644590 0.536459 0.160910
v -0.644590 0.524734 0.160910
v -0.644590 0.661161 0.160910
v -0.644590 0.649436 0.160910
v -0.724247 0.703910 -0.125389
v -0.742308 0.703910 -0.120364
v -0.721278 0.747097 -0.114716
v -0.739338 0.747097 -0.109691
v -0.724247 0.737250 -0.125389
v -0.742308 0.737250 -0.120364
v -0.721278 0.694063 -0.114716
v -0.739338 0.694063 -0.109691
v -0.682574 0.747097 0.024390
v -0.700635 0.747097 0.029415
v -0.682574 0.694063 0.024390
v -0.700635 0.694063 0.029415
v -0.679605 0.703910 0.035064
v -0.697665 0.703910 0.040089
v -0.679605 0.737250 0.035064
v -0.697665 0.737250 0.040089
v -0.662170 0.390000 0.179227
v 0.075991 0.390000 -0.026151
v -0.783775 0.390000 -0.257841
v -0.045615 0.390000 -0.463219
v -0.783775 0.405895 -0.257841
v -0.662170 0.405895 0.179227
v 0.075991 0.405895 -0.026151
v -0.045615 0.405895 -0.463219
v -0.743743 0.390000 -0.113958
v -0.742737 0.390000 -0.110345
v -0.703207 0.390000 0.031731
v -0.702202 0.390000 0.035344
v 0.035958 0.390000 -0.170034
v 0.034953 0.390000 -0.173647
v -0.004577 0.390000 -0.315723
v -0.005582 0.390000 -0.319336
v -0.742737 0.405895 -0.110345
v -0.743743 0.405895 -0.113958
v -0.702202 0.405895 0.035344
v -0.703207 0.405895 0.031731
v 0.034953 0.405895 -0.173647
v 0.035958 0.405895 -0.170034
v -0.005582 0.405895 -0.319336
v -0.004577 0.405895 -0.315723
v -0.659675 0.405895 0.176629
v 0.072513 0.405895 -0.027088
v -0.659675 0.780000 0.176629
v 0.072513 0.780000 -0.027088
v -0.662651 0.405895 0.165935
v 0.069537 0.405895 -0.037781
v -0.662651 0.780000 0.165935
v 0.069537 0.780000 -0.037781
v -0.659675 0.524734 0.176629
v -0.659675 0.536459 0.176629
v -0.659675 0.649436 0.176629
v -0.659675 0.661161 0.176629
v 0.072513 0.536459 -0.027088
v 0.072513 0.524734 -0.027088
v 0.072513 0.661161 -0.027088
v 0.072513 0.649436 -0.027088
v -0.662651 0.536459 0.165935
v -0.662651 0.661161 0.165935
v -0.662651 0.649436 0.165935
v 0.069537 0.524734 -0.037781
v 0.069537 0.536459 -0.037781
v 0.069537 0.661161 -0.037781
v -0.780297 0.405895 -0.256904
v -0.048109 0.405895 -0.460620
v -0.780297 0.780000 -0.256904
v -0.048109 0.780000 -0.460620
v -0.780297 0.524734 -0.256904
v -0.780297 0.536459 -0.256904
v -0.780297 0.649436 -0.256904
v -0.780297 0.661161 -0.256904
v -0.048109 0.536459 -0.460620
v -0.048109 0.524734 -0.460620
v -0.048109 0.661161 -0.460620
v -0.048109 0.649436 -0.460620
v -0.777322 0.649436 -0.246210
v -0.045134 0.524734 -0.449927
v 0.267852 0.007948 -0.745257
v 0.247158 0.007948 -0.761342
v 0.231073 0.007948 -0.740647
v 0.267852 0.393556 -0.745257
v 0.247158 0.393556 -0.761342
v 0.231073 0.393556 -0.740647
v 0.796928 0.007948 -0.334044
v 0.817622 0.007948 -0.317960
v 0.801538 0.007948 -0.297265
v 0.796928 0.393556 -0.334044
v 0.817622 0.393556 -0.317960
v 0.801538 0.393556 -0.297265
v 0.005323 0.007948 -0.407482
v -0.015371 0.007948 -0.423567
v 0.000713 0.007948 -0.444261
v 0.005323 0.393556 -0.407482
v -0.015371 0.393556 -0.423567
v 0.000713 0.393556 -0.444261
v 0.534399 0.007948 0.003731
v 0.555093 0.007948 0.019815
v 0.571177 0.007948 -0.000879
v 0.534399 0.393556 0.003731
v 0.555093 0.393556 0.019815
v 0.571177 0.393556 -0.000879
v 0.247158 0.015895 -0.761342
v -0.015371 0.015895 -0.423567
v 0.247158 0.390000 -0.761342
v -0.015371 0.390000 -0.423567
v -0.030172 0.134735 -0.435071
v 0.232356 0.259436 -0.772846
v 0.232356 0.271161 -0.772846
v -0.015371 0.259436 -0.423567
v -0.015371 0.271161 -0.423567
v -0.015371 0.134735 -0.423567
v -0.015371 0.146459 -0.423567
v 0.247158 0.146459 -0.761342
v 0.247158 0.134735 -0.761342
v 0.247158 0.271161 -0.761342
v 0.247158 0.259436 -0.761342
v 0.064791 0.313910 -0.526704
v 0.049989 0.313910 -0.538208
v 0.071589 0.357097 -0.535452
v 0.056788 0.357097 -0.546956
v 0.064791 0.347250 -0.526704
v 0.049989 0.347250 -0.538208
v 0.071589 0.304063 -0.535452
v 0.056788 0.304063 -0.546956
v 0.160197 0.357097 -0.649457
v 0.145396 0.357097 -0.660961
v 0.160197 0.304063 -0.649457
v 0.145396 0.304063 -0.660961
v 0.166996 0.313910 -0.658204
v 0.152195 0.313910 -0.669708
v 0.166996 0.347250 -0.658204
v 0.152195 0.347250 -0.669708
v 0.817622 0.015895 -0.317960
v 0.555093 0.015895 0.019815
v 0.817622 0.390000 -0.317960
v 0.555093 0.390000 0.019815
v 0.569894 0.259436 0.031319
v 0.569894 0.146459 0.031319
v 0.569894 0.134735 0.031319
v 0.832423 0.259436 -0.306455
v 0.555093 0.259436 0.019815
v 0.555093 0.271161 0.019815
v 0.555093 0.134735 0.019815
v 0.555093 0.146459 0.019815
v 0.817622 0.146459 -0.317960
v 0.817622 0.134735 -0.317960
v 0.817622 0.271161 -0.317960
v 0.817622 0.259436 -0.317960
v 0.635255 0.313910 -0.083322
v 0.650056 0.313910 -0.071818
v 0.642054 0.357097 -0.092070
v 0.656855 0.357097 -0.080566
v 0.635255 0.347250 -0.083322
v 0.650056 0.347250 -0.071818
v 0.642054 0.304063 -0.092070
v 0.656855 0.304063 -0.080566
v 0.730661 0.357097 -0.206074
v 0.745463 0.357097 -0.194570
v 0.730661 0.304063 -0.206074
v 0.745463 0.304063 -0.194570
v 0.737460 0.313910 -0.214822
v 0.752262 0.313910 -0.203318
v 0.737460 0.347250 -0.214822
v 0.752262 0.347250 -0.203318
v 0.842808 -0.000000 -0.314766
v 0.237847 -0.000000 -0.784961
v 0.564404 -0.000000 0.043434
v -0.040557 -0.000000 -0.426760
v 0.564404 0.015895 0.043434
v 0.842808 0.015895 -0.314766
v 0.237847 0.015895 -0.784961
v -0.040557 0.015895 -0.426760
v 0.656055 -0.000000 -0.074485
v 0.658356 -0.000000 -0.077446
v 0.748856 -0.000000 -0.193886
v 0.751158 -0.000000 -0.196847
v 0.146196 -0.000000 -0.667041
v 0.143895 -0.000000 -0.664080
v 0.053395 -0.000000 -0.547641
v 0.051093 -0.000000 -0.544680
v 0.658356 0.015895 -0.077446
v 0.656055 0.015895 -0.074485
v 0.751158 0.015895 -0.196847
v 0.748856 0.015895 -0.193886
v 0.143895 0.015895 -0.664080
v 0.146196 0.015895 -0.667041
v 0.051093 0.015895 -0.544680
v 0.053395 0.015895 -0.547641
v 0.839235 0.015895 -0.315219
v 0.239168 0.015895 -0.781610
v 0.839235 0.390000 -0.315219
v 0.239168 0.390000 -0.781610
v 0.832423 0.015895 -0.306455
v 0.232356 0.015895 -0.772846
v 0.832423 0.390000 -0.306455
v 0.232356 0.390000 -0.772846
v 0.839235 0.134735 -0.315219
v 0.839235 0.146459 -0.315219
v 0.839235 0.259436 -0.315219
v 0.839235 0.271161 -0.315219
v 0.239168 0.146459 -0.781610
v 0.239168 0.134735 -0.781610
v 0.239168 0.271161 -0.781610
v 0.239168 0.259436 -0.781610
v 0.832423 0.146459 -0.306455
v 0.832423 0.134735 -0.306455
v 0.832423 0.271161 -0.306455
v 0.232356 0.134735 -0.772846
v 0.232356 0.146459 -0.772846
v 0.563083 0.015895 0.040083
v -0.036984 0.015895 -0.426307
v 0.563083 0.390000 0.040083
v -0.036984 0.390000 -0.426307
v 0.569894 0.015895 0.031319
v -0.030172 0.015895 -0.435071
v 0.569894 0.390000 0.031319
v -0.030172 0.390000 -0.435071
v 0.563083 0.134735 0.040083
v 0.563083 0.146459 0.040083
v 0.563083 0.259436 0.040083
v 0.563083 0.271161 0.040083
v -0.036984 0.146459 -0.426307
v -0.036984 0.134735 -0.426307
v -0.036984 0.271161 -0.426307
v -0.036984 0.259436 -0.426307
v 0.569894 0.271161 0.031319
v -0.030172 0.146459 -0.435071
v -0.030172 0.259436 -0.435071
v -0.030172 0.271161 -0.435071
v 0.117580 0.402935 -0.407081
v 0.119522 0.402935 -0.433219
v 0.119522 0.429145 -0.433219
v 0.502129 0.402935 -0.378511
v 0.504071 0.402935 -0.404649
v 0.504071 0.429145 -0.404649
v 0.067933 0.402935 0.261165
v 0.065991 0.402935 0.287303
v 0.065991 0.429145 0.287303
v 0.452482 0.402935 0.289735
v 0.450540 0.402935 0.315873
v 0.450540 0.429145 0.315873
v 0.117580 0.830735 -0.407081
v 0.119522 0.830735 -0.433219
v 0.119522 0.804525 -0.433219
v 0.502129 0.830735 -0.378511
v 0.504071 0.830735 -0.404649
v 0.504071 0.804525 -0.404649
v 0.067933 0.830735 0.261165
v 0.065991 0.830735 0.287303
v 0.065991 0.804525 0.287303
v 0.452482 0.830735 0.289735
v 0.450540 0.830735 0.315873
v 0.450540 0.804525 0.315873
v 0.128837 0.402935 -0.451325
v 0.501913 0.402935 -0.423607
v 0.501913 0.830735 -0.423607
v 0.127448 0.402935 -0.432630
v 0.127448 0.830735 -0.432630
v 0.500524 0.402935 -0.404912
v 0.500524 0.830735 -0.404912
v 0.247350 0.830735 -0.442520
v 0.371708 0.402935 -0.433281
v 0.370319 0.830735 -0.414586
v 0.382012 0.830735 -0.413717
v 0.245961 0.830735 -0.423825
v 0.257653 0.830735 -0.422957
v 0.257653 0.402935 -0.422957
v 0.245961 0.402935 -0.423825
v 0.382012 0.402935 -0.413717
v 0.370319 0.402935 -0.414586
v 0.424644 0.700109 -0.410550
v 0.426033 0.700109 -0.429245
v 0.467712 0.689030 -0.407350
v 0.469101 0.689030 -0.426045
v 0.457892 0.700109 -0.408080
v 0.459281 0.700109 -0.426775
v 0.414824 0.689030 -0.411280
v 0.416213 0.689030 -0.429974
v 0.467712 0.544640 -0.407350
v 0.469101 0.544640 -0.426045
v 0.414824 0.544640 -0.411280
v 0.416213 0.544640 -0.429974
v 0.424644 0.533561 -0.410550
v 0.426033 0.533561 -0.429245
v 0.457892 0.533561 -0.408080
v 0.459281 0.533561 -0.426775
v 0.072528 0.402935 0.306586
v 0.072528 0.830735 0.306586
v 0.073917 0.402935 0.287892
v 0.073917 0.830735 0.287892
v 0.446994 0.402935 0.315609
v 0.446994 0.830735 0.315609
v 0.191041 0.402935 0.315391
v 0.316789 0.830735 0.305936
v 0.328481 0.830735 0.306804
v 0.192430 0.830735 0.296697
v 0.204122 0.830735 0.297565
v 0.204122 0.402935 0.297565
v 0.192430 0.402935 0.296697
v 0.328481 0.402935 0.306804
v 0.316789 0.402935 0.305936
v 0.371113 0.700109 0.309972
v 0.369724 0.700109 0.328666
v 0.414181 0.689030 0.313171
v 0.412792 0.689030 0.331866
v 0.404361 0.700109 0.312442
v 0.402972 0.700109 0.331137
v 0.361293 0.689030 0.309242
v 0.359904 0.689030 0.327937
v 0.414181 0.544640 0.313171
v 0.412792 0.544640 0.331866
v 0.361293 0.544640 0.309242
v 0.359904 0.544640 0.327937
v 0.371113 0.533561 0.309972
v 0.369724 0.533561 0.328666
v 0.404361 0.533561 0.312442
v 0.402972 0.533561 0.331137
v 0.056447 0.390000 0.308500
v 0.113215 0.390000 -0.455593
v 0.056447 0.843670 0.308500
v 0.113215 0.843670 -0.455593
v 0.072298 0.843670 0.309677
v 0.072298 0.390000 0.309677
v 0.129066 0.390000 -0.454416
v 0.129066 0.843670 -0.454416
v 0.056447 0.694322 0.308500
v 0.056447 0.690572 0.308500
v 0.056447 0.543099 0.308500
v 0.056447 0.539348 0.308500
v 0.113215 0.539348 -0.455593
v 0.113215 0.543099 -0.455593
v 0.113215 0.690572 -0.455593
v 0.113215 0.694322 -0.455593
v 0.072298 0.690572 0.309677
v 0.072298 0.694322 0.309677
v 0.072298 0.539348 0.309677
v 0.072298 0.543099 0.309677
v 0.129066 0.543099 -0.454416
v 0.129066 0.539348 -0.454416
v 0.129066 0.694322 -0.454416
v 0.129066 0.690572 -0.454416
v 0.072528 0.391835 0.306586
v 0.128837 0.391835 -0.451325
v 0.445605 0.391835 0.334304
v 0.501913 0.391835 -0.423607
v 0.445605 0.402935 0.334304
v 0.191041 0.391835 0.315391
v 0.202733 0.391835 0.316260
v 0.315400 0.391835 0.324630
v 0.327092 0.391835 0.325499
v 0.259042 0.391835 -0.441651
v 0.247350 0.391835 -0.442520
v 0.383401 0.391835 -0.432412
v 0.371708 0.391835 -0.433281
v 0.202733 0.402935 0.316260
v 0.327092 0.402935 0.325499
v 0.315400 0.402935 0.324630
v 0.247350 0.402935 -0.442520
v 0.259042 0.402935 -0.441651
v 0.383401 0.402935 -0.432412
v 0.072528 0.841835 0.306586
v 0.128837 0.841835 -0.451325
v 0.445605 0.841835 0.334304
v 0.501913 0.841835 -0.423607
v 0.128837 0.830735 -0.451325
v 0.445605 0.830735 0.334304
v 0.191041 0.841835 0.315391
v 0.202733 0.841835 0.316260
v 0.315400 0.841835 0.324630
v 0.327092 0.841835 0.325499
v 0.259042 0.841835 -0.441651
v 0.247350 0.841835 -0.442520
v 0.383401 0.841835 -0.432412
v 0.371708 0.841835 -0.433281
v 0.202733 0.830735 0.316260
v 0.191041 0.830735 0.315391
v 0.327092 0.830735 0.325499
v 0.315400 0.830735 0.324630
v 0.259042 0.830735 -0.441651
v 0.371708 0.830735 -0.433281
v 0.383401 0.830735 -0.432412
v -0.170219 0.791504 0.182612
v -0.147237 0.791504 0.195212
v -0.134636 0.791504 0.172230
v -0.170219 1.044063 0.182612
v -0.147237 1.044063 0.195212
v -0.134636 1.044063 0.172230
v -0.757784 0.791504 -0.139546
v -0.780766 0.791504 -0.152146
v -0.768165 0.791504 -0.175129
v -0.757784 1.044063 -0.139546
v -0.780766 1.044063 -0.152146
v -0.768165 1.044063 -0.175129
v 0.035454 0.791504 -0.192504
v 0.058436 0.791504 -0.179903
v 0.045835 0.791504 -0.156921
v 0.035454 1.044063 -0.192504
v 0.058436 1.044063 -0.179903
v 0.045835 1.044063 -0.156921
v -0.552111 0.791504 -0.514661
v -0.575093 0.791504 -0.527262
v -0.587694 0.791504 -0.504280
v -0.552111 1.044063 -0.514661
v -0.575093 1.044063 -0.527262
v -0.587694 1.044063 -0.504280
v -0.130800 0.799452 0.204225
v -0.147237 0.799452 0.195212
v 0.058436 0.799452 -0.179903
v 0.074873 1.042993 -0.170891
v 0.074873 0.930015 -0.170891
v 0.058436 1.042993 -0.179903
v 0.058436 0.918291 -0.179903
v 0.058436 0.930015 -0.179903
v -0.147237 0.930015 0.195212
v -0.147237 0.918291 0.195212
v -0.147237 1.042993 0.195212
v -0.797204 0.799452 -0.161159
v -0.591531 0.799452 -0.536275
v -0.780766 0.799452 -0.152146
v -0.575093 0.799452 -0.527262
v -0.591531 1.042993 -0.536275
v -0.591531 0.930015 -0.536275
v -0.591531 0.918291 -0.536275
v -0.797204 1.042993 -0.161159
v -0.575093 1.042993 -0.527262
v -0.575093 0.918291 -0.527262
v -0.575093 0.930015 -0.527262
v -0.780766 0.930015 -0.152146
v -0.780766 0.918291 -0.152146
v -0.780766 1.042993 -0.152146
v -0.806140 0.783556 -0.151307
v -0.134301 0.783556 0.217057
v -0.588030 0.783556 -0.549107
v 0.083810 0.783556 -0.180743
v -0.588030 0.799452 -0.549107
v -0.806140 0.799452 -0.151307
v -0.134301 0.799452 0.217057
v 0.083810 0.799452 -0.180743
v -0.659832 0.783556 -0.418151
v -0.661635 0.783556 -0.414863
v -0.732535 0.783556 -0.285551
v -0.734338 0.783556 -0.282263
v -0.062499 0.783556 0.086101
v -0.060696 0.783556 0.082813
v 0.010205 0.783556 -0.046498
v 0.012008 0.783556 -0.049787
v -0.661635 0.799452 -0.414863
v -0.659832 0.799452 -0.418151
v -0.734338 0.799452 -0.282263
v -0.732535 0.799452 -0.285551
v -0.060696 0.799452 0.082813
v -0.062499 0.799452 0.086101
v 0.012008 0.799452 -0.049787
v 0.010205 0.799452 -0.046498
v -0.802540 0.799452 -0.151426
v -0.136136 0.799452 0.213958
v -0.802540 0.918291 -0.151426
v -0.802540 0.930015 -0.151426
v -0.802540 1.042993 -0.151426
v -0.136136 0.930015 0.213958
v -0.136136 0.918291 0.213958
v -0.136136 1.042993 0.213958
v -0.797204 0.930015 -0.161159
v -0.797204 0.918291 -0.161159
v -0.130800 0.918291 0.204225
v -0.130800 0.930015 0.204225
v -0.130800 1.042993 0.204225
v -0.586194 0.799452 -0.546008
v 0.080210 0.799452 -0.180624
v 0.074873 0.799452 -0.170891
v -0.586194 0.918291 -0.546008
v -0.586194 0.930015 -0.546008
v -0.586194 1.042993 -0.546008
v 0.080210 0.930015 -0.180624
v 0.080210 0.918291 -0.180624
v 0.080210 1.042993 -0.180624
v 0.074873 0.918291 -0.170891
vn -0.0000 -1.0000 -0.0000
vn -0.0000 1.0000 -0.0000
vn 0.8790 -0.0000 -0.4768
vn 0.4768 -0.0000 0.8790
vn -0.9587 -0.0000 -0.2844
vn -0.8790 -0.0000 0.4768
vn 0.2844 -0.0000 -0.9587
vn -0.4768 -0.0000 -0.8790
vn -0.2844 -0.0000 0.9587
vn 0.9587 -0.0000 0.2844
vn -0.3168 -0.7474 -0.5840
vn -0.3168 0.7474 -0.5840
vn 0.3168 0.7474 0.5840
vn 0.3168 -0.7474 0.5839
vn -0.3168 0.7474 -0.5839
vn 0.3168 0.7474 0.5839
vn 0.3168 -0.7474 0.5840
vn -0.2093 -0.0000 0.9779
vn 0.2093 -0.0000 -0.9779
vn 0.9779 -0.0000 0.2093
vn -0.6914 -0.7071 -0.1480
vn -0.9779 -0.0000 -0.2093
vn 0.6914 -0.7071 0.1480
vn -0.6914 0.7071 -0.1480
vn 0.6915 0.7071 0.1480
vn 0.7354 -0.0000 -0.6776
vn 0.6776 -0.0000 0.7354
vn -0.9992 -0.0000 -0.0409
vn -0.7354 -0.0000 0.6776
vn 0.0409 -0.0000 -0.9992
vn -0.6776 -0.0000 -0.7354
vn -0.0409 -0.0000 0.9992
vn 0.9992 -0.0000 0.0409
vn -0.4502 -0.7474 -0.4886
vn -0.4501 0.7474 -0.4886
vn 0.4502 0.7474 0.4886
vn 0.4501 -0.7474 0.4886
vn -0.4501 -0.7474 -0.4886
vn -0.4502 0.7474 -0.4886
vn 0.4501 0.7474 0.4886
vn 0.4502 -0.7474 0.4886
vn 0.9634 -0.0000 -0.2680
vn 0.2680 -0.0000 0.9634
vn -0.8708 -0.0000 -0.4917
vn -0.9634 -0.0000 0.2680
vn 0.4917 -0.0000 -0.8708
vn -0.2680 -0.0000 -0.9634
vn -0.4917 -0.0000 0.8708
vn -0.9634 -0.0000 0.2681
vn 0.8708 -0.0000 0.4917
vn -0.1781 -0.7474 -0.6400
vn -0.1781 0.7474 -0.6400
vn 0.1781 0.7474 0.6400
vn 0.1781 -0.7474 0.6400
vn 0.9634 -0.0000 -0.2681
vn -0.7896 -0.0000 -0.6137
vn 0.6137 -0.0000 -0.7896
vn 0.1244 -0.0000 0.9922
vn 0.7896 -0.0000 0.6137
vn -0.9922 -0.0000 0.1244
vn -0.6137 -0.0000 0.7896
vn 0.9922 -0.0000 -0.1244
vn -0.1244 -0.0000 -0.9922
vn -0.4077 -0.7474 0.5245
vn -0.4077 0.7474 0.5245
vn 0.4077 0.7474 -0.5245
vn 0.4077 -0.7474 -0.5245
vn -0.9973 -0.0000 -0.0741
vn 0.9973 -0.0000 0.0741
vn 0.0741 -0.0000 -0.9973
vn -0.0524 0.7071 0.7052
vn -0.0741 -0.0000 0.9973
vn 0.0524 0.7071 -0.7052
vn -0.0524 -0.7071 0.7052
vn 0.0524 -0.7071 -0.7052
vn -0.7454 0.6643 -0.0554
vn 0.7454 0.6643 0.0554
vn 0.7454 -0.6643 0.0554
vn -0.7454 -0.6643 -0.0554
vn 0.8768 -0.0000 0.4808
vn -0.4808 -0.0000 0.8768
vn -0.2801 -0.0000 -0.9600
vn -0.8768 -0.0000 -0.4808
vn 0.9600 -0.0000 -0.2801
vn 0.4808 -0.0000 -0.8768
vn -0.9600 -0.0000 0.2801
vn 0.2801 -0.0000 0.9600
vn -0.3168 -0.7474 -0.5839
vn 0.6914 0.7071 0.1480
vt 0.573932 0.890085
vt 0.573904 0.890085
vt 0.573871 0.890085
vt 0.573932 0.925035
vt 0.573871 0.925035
vt 0.573904 0.925035
vt 0.575490 0.890085
vt 0.575551 0.890085
vt 0.575584 0.890085
vt 0.575490 0.925035
vt 0.575584 0.925035
vt 0.575551 0.925035
vt 0.574472 0.890085
vt 0.574411 0.890085
vt 0.574378 0.890085
vt 0.574472 0.925035
vt 0.574378 0.925035
vt 0.574411 0.925035
vt 0.576030 0.890085
vt 0.576058 0.890085
vt 0.576091 0.890085
vt 0.576030 0.925035
vt 0.576091 0.925035
vt 0.576058 0.925035
vt 0.573871 0.912879
vt 0.574411 0.902639
vt 0.573871 0.902639
vt 0.574411 0.924712
vt 0.573827 0.924712
vt 0.574367 0.924712
vt 0.574367 0.902639
vt 0.573827 0.912879
vt 0.573827 0.902639
vt 0.606742 0.879871
vt 0.606300 0.888684
vt 0.606300 0.879871
vt 0.573871 0.913941
vt 0.574050 0.916923
vt 0.574411 0.913941
vt 0.606336 0.888684
vt 0.606777 0.879871
vt 0.606336 0.879871
vt 0.574188 0.921730
vt 0.574411 0.912879
vt 0.574367 0.912879
vt 0.573827 0.913941
vt 0.606777 0.888684
vt 0.606742 0.888684
vt 0.573827 0.890805
vt 0.574411 0.890805
vt 0.574367 0.890805
vt 0.574036 0.920838
vt 0.574006 0.921730
vt 0.573992 0.920838
vt 0.574188 0.916923
vt 0.574367 0.913941
vt 0.574202 0.920838
vt 0.574246 0.917816
vt 0.574202 0.917816
vt 0.574050 0.921730
vt 0.573992 0.917816
vt 0.574036 0.917816
vt 0.574232 0.921730
vt 0.573871 0.924712
vt 0.574246 0.920838
vt 0.574232 0.916923
vt 0.574006 0.916923
vt 0.605768 0.889553
vt 0.605326 0.897931
vt 0.605326 0.889553
vt 0.576135 0.924712
vt 0.575551 0.924712
vt 0.576091 0.924712
vt 0.605362 0.897931
vt 0.605803 0.889553
vt 0.605362 0.889553
vt 0.575595 0.901576
vt 0.576135 0.890805
vt 0.575595 0.890805
vt 0.575551 0.913941
vt 0.575730 0.916923
vt 0.575716 0.917816
vt 0.576091 0.890805
vt 0.575551 0.901576
vt 0.575551 0.890805
vt 0.575595 0.924712
vt 0.575774 0.921730
vt 0.575760 0.920838
vt 0.605803 0.897931
vt 0.605768 0.897931
vt 0.576135 0.913941
vt 0.576091 0.913941
vt 0.576135 0.901576
vt 0.576091 0.901576
vt 0.575716 0.920838
vt 0.575956 0.916923
vt 0.575970 0.917816
vt 0.575970 0.920838
vt 0.575926 0.917816
vt 0.575926 0.920838
vt 0.575956 0.921730
vt 0.575730 0.921730
vt 0.575774 0.916923
vt 0.575760 0.917816
vt 0.575912 0.916923
vt 0.575912 0.921730
vt 0.606596 0.879871
vt 0.606748 0.878692
vt 0.606596 0.878692
vt 0.605290 0.879871
vt 0.606748 0.879871
vt 0.605138 0.878692
vt 0.605290 0.878692
vt 0.576158 0.890805
vt 0.574376 0.889364
vt 0.576158 0.889364
vt 0.573804 0.890805
vt 0.575586 0.889364
vt 0.573804 0.889364
vt 0.573992 0.890805
vt 0.573992 0.889364
vt 0.575774 0.889364
vt 0.574188 0.890805
vt 0.575970 0.890805
vt 0.574376 0.890805
vt 0.574188 0.889364
vt 0.575774 0.890805
vt 0.575586 0.890805
vt 0.575970 0.889364
vt 0.605138 0.879871
vt 0.604999 0.879871
vt 0.604988 0.888684
vt 0.604988 0.879871
vt 0.573813 0.902639
vt 0.575581 0.912879
vt 0.575581 0.902639
vt 0.604988 0.907613
vt 0.606446 0.907613
vt 0.606434 0.907613
vt 0.606446 0.888684
vt 0.606446 0.879871
vt 0.573813 0.912879
vt 0.604999 0.898801
vt 0.604988 0.898801
vt 0.606434 0.898801
vt 0.606434 0.879871
vt 0.606434 0.888684
vt 0.575595 0.912879
vt 0.575595 0.902639
vt 0.606446 0.898801
vt 0.605019 0.888684
vt 0.605007 0.879871
vt 0.605019 0.879871
vt 0.576149 0.912879
vt 0.574381 0.902639
vt 0.576149 0.902639
vt 0.606465 0.907613
vt 0.605007 0.907613
vt 0.605019 0.907613
vt 0.606454 0.888684
vt 0.606454 0.879871
vt 0.605007 0.898801
vt 0.605019 0.898801
vt 0.606465 0.898801
vt 0.606465 0.879871
vt 0.606465 0.888684
vt 0.576135 0.912879
vt 0.576135 0.902639
vt 0.606454 0.907613
vt 0.606454 0.898801
vt 0.574381 0.912879
vt 0.605007 0.888684
vt 0.576436 0.929311
vt 0.576368 0.926935
vt 0.576368 0.929311
vt 0.576296 0.929311
vt 0.576228 0.929311
vt 0.576228 0.926935
vt 0.578169 0.929311
vt 0.578237 0.929311
vt 0.578237 0.926935
vt 0.578030 0.929311
vt 0.578097 0.926935
vt 0.578097 0.929311
vt 0.576436 0.890537
vt 0.576368 0.890537
vt 0.576368 0.892912
vt 0.576296 0.890537
vt 0.576228 0.892912
vt 0.576228 0.890537
vt 0.578169 0.890537
vt 0.578237 0.892912
vt 0.578237 0.890537
vt 0.578030 0.890537
vt 0.578097 0.890537
vt 0.578097 0.892912
vt 0.576229 0.929311
vt 0.576291 0.890537
vt 0.576291 0.929311
vt 0.576243 0.890537
vt 0.576180 0.929311
vt 0.576243 0.929311
vt 0.576315 0.929311
vt 0.576249 0.890537
vt 0.576249 0.929311
vt 0.576298 0.929311
vt 0.576363 0.890537
vt 0.576363 0.929311
vt 0.576180 0.890537
vt 0.576298 0.890537
vt 0.576315 0.890537
vt 0.578161 0.890537
vt 0.578098 0.929311
vt 0.578161 0.929311
vt 0.578147 0.929311
vt 0.578209 0.890537
vt 0.578209 0.929311
vt 0.605771 0.911376
vt 0.605825 0.879652
vt 0.605825 0.911376
vt 0.605786 0.879652
vt 0.605732 0.911376
vt 0.605786 0.911376
vt 0.578098 0.890537
vt 0.578147 0.890537
vt 0.605732 0.879652
vt 0.605771 0.879652
vt 0.578233 0.890537
vt 0.578281 0.929311
vt 0.578281 0.890537
vt 0.605832 0.900982
vt 0.605839 0.890046
vt 0.605839 0.900982
vt 0.604210 0.900982
vt 0.605832 0.890046
vt 0.604210 0.890046
vt 0.604217 0.900982
vt 0.604217 0.890046
vt 0.578298 0.889364
vt 0.576307 0.889364
vt 0.576316 0.889364
vt 0.576307 0.930483
vt 0.578298 0.930483
vt 0.576316 0.930483
vt 0.576307 0.916947
vt 0.576316 0.916947
vt 0.578298 0.916947
vt 0.576307 0.902901
vt 0.578289 0.889364
vt 0.578289 0.902901
vt 0.576316 0.902901
vt 0.578289 0.916947
vt 0.578289 0.930483
vt 0.578298 0.902901
vt 0.576315 0.930317
vt 0.576249 0.930317
vt 0.604591 0.912199
vt 0.606148 0.912199
vt 0.606200 0.912199
vt 0.578216 0.929311
vt 0.604540 0.911376
vt 0.604540 0.912199
vt 0.578281 0.930317
vt 0.578216 0.930317
vt 0.606200 0.911376
vt 0.604591 0.911376
vt 0.606148 0.911376
vt 0.576315 0.889531
vt 0.578209 0.889531
vt 0.576180 0.889531
vt 0.576243 0.889531
vt 0.578216 0.890537
vt 0.578281 0.889531
vt 0.578216 0.889531
vt 0.578147 0.889531
vt 0.576249 0.889531
vt 0.575369 0.890085
vt 0.575365 0.890085
vt 0.575318 0.890085
vt 0.575369 0.925035
vt 0.575318 0.925035
vt 0.575365 0.925035
vt 0.576673 0.890085
vt 0.576724 0.890085
vt 0.576771 0.890085
vt 0.576673 0.925035
vt 0.576771 0.925035
vt 0.576724 0.925035
vt 0.576136 0.890085
vt 0.576085 0.890085
vt 0.576038 0.890085
vt 0.576136 0.925035
vt 0.576038 0.925035
vt 0.576085 0.925035
vt 0.577440 0.890085
vt 0.577444 0.890085
vt 0.577491 0.890085
vt 0.577440 0.925035
vt 0.577491 0.925035
vt 0.577444 0.925035
vt 0.575318 0.912879
vt 0.576085 0.902639
vt 0.575318 0.902639
vt 0.576048 0.924712
vt 0.575318 0.924712
vt 0.575281 0.924712
vt 0.576048 0.902639
vt 0.575281 0.912879
vt 0.575281 0.902639
vt 0.606166 0.879871
vt 0.605538 0.888684
vt 0.605538 0.879871
vt 0.575831 0.916923
vt 0.576085 0.913941
vt 0.575318 0.913941
vt 0.605568 0.888684
vt 0.606196 0.879871
vt 0.605568 0.879871
vt 0.575535 0.921730
vt 0.576048 0.912879
vt 0.576048 0.913941
vt 0.606166 0.888684
vt 0.576048 0.890805
vt 0.575318 0.890805
vt 0.576085 0.890805
vt 0.575552 0.920838
vt 0.575515 0.920838
vt 0.575794 0.916923
vt 0.575281 0.913941
vt 0.575814 0.920838
vt 0.575850 0.917816
vt 0.575814 0.917816
vt 0.575831 0.921730
vt 0.575794 0.921730
vt 0.575515 0.917816
vt 0.575572 0.916923
vt 0.575552 0.917816
vt 0.576085 0.924712
vt 0.575850 0.920838
vt 0.575535 0.916923
vt 0.577491 0.902639
vt 0.576724 0.912879
vt 0.576724 0.902639
vt 0.576760 0.924712
vt 0.577491 0.924712
vt 0.577527 0.924712
vt 0.576760 0.912879
vt 0.577527 0.902639
vt 0.576760 0.902639
vt 0.605231 0.888684
vt 0.605858 0.879871
vt 0.605231 0.879871
vt 0.576724 0.913941
vt 0.576978 0.916923
vt 0.576958 0.917816
vt 0.605829 0.879871
vt 0.605201 0.888684
vt 0.605201 0.879871
vt 0.577014 0.921730
vt 0.576994 0.920838
vt 0.577491 0.912879
vt 0.577527 0.912879
vt 0.577491 0.913941
vt 0.576760 0.913941
vt 0.577527 0.913941
vt 0.605829 0.888684
vt 0.605858 0.888684
vt 0.577491 0.890805
vt 0.576760 0.890805
vt 0.577527 0.890805
vt 0.576958 0.920838
vt 0.577273 0.916923
vt 0.577293 0.917816
vt 0.577293 0.920838
vt 0.577256 0.917816
vt 0.577256 0.920838
vt 0.577236 0.921730
vt 0.576978 0.921730
vt 0.576994 0.917816
vt 0.577273 0.921730
vt 0.577014 0.916923
vt 0.577236 0.916923
vt 0.577017 0.890805
vt 0.577282 0.889364
vt 0.577017 0.889364
vt 0.575791 0.890805
vt 0.577282 0.890805
vt 0.575526 0.889364
vt 0.575791 0.889364
vt 0.577556 0.890805
vt 0.576065 0.889364
vt 0.577556 0.889364
vt 0.575252 0.890805
vt 0.576743 0.889364
vt 0.575252 0.889364
vt 0.575520 0.890805
vt 0.575520 0.889364
vt 0.577011 0.889364
vt 0.575797 0.890805
vt 0.577288 0.890805
vt 0.576065 0.890805
vt 0.575797 0.889364
vt 0.577011 0.890805
vt 0.576743 0.890805
vt 0.577288 0.889364
vt 0.575526 0.890805
vt 0.575281 0.890805
vt 0.575261 0.901576
vt 0.575261 0.890805
vt 0.575261 0.902639
vt 0.576740 0.912879
vt 0.576740 0.902639
vt 0.576740 0.924712
vt 0.575261 0.924712
vt 0.576760 0.901576
vt 0.575261 0.912879
vt 0.575261 0.913941
vt 0.576740 0.913941
vt 0.576740 0.890805
vt 0.576740 0.901576
vt 0.575281 0.901576
vt 0.576068 0.901576
vt 0.576068 0.890805
vt 0.605224 0.897931
vt 0.604014 0.889553
vt 0.605224 0.889553
vt 0.576068 0.924712
vt 0.577527 0.901576
vt 0.603998 0.897931
vt 0.603998 0.889553
vt 0.576068 0.913941
vt 0.577547 0.924712
vt 0.577547 0.913941
vt 0.577547 0.890805
vt 0.577547 0.901576
vt 0.605208 0.897931
vt 0.605208 0.889553
vt 0.604014 0.897931
vt 0.576048 0.901576
vt 0.575398 0.925433
vt 0.575350 0.925433
vt 0.575331 0.925433
vt 0.575398 0.960383
vt 0.575331 0.960383
vt 0.575350 0.960383
vt 0.577106 0.925433
vt 0.577173 0.925433
vt 0.577192 0.925433
vt 0.577106 0.960383
vt 0.577192 0.960383
vt 0.577173 0.960383
vt 0.575702 0.925433
vt 0.575635 0.925433
vt 0.575616 0.925433
vt 0.575702 0.960383
vt 0.575616 0.960383
vt 0.575635 0.960383
vt 0.577410 0.925433
vt 0.577458 0.925433
vt 0.577477 0.925433
vt 0.577410 0.960383
vt 0.577477 0.960383
vt 0.577458 0.960383
vt 0.575331 0.937987
vt 0.575635 0.948227
vt 0.575635 0.937987
vt 0.575635 0.960060
vt 0.575284 0.960060
vt 0.575587 0.960060
vt 0.575284 0.937987
vt 0.575587 0.948227
vt 0.575284 0.948227
vt 0.575587 0.926153
vt 0.575284 0.936924
vt 0.575284 0.926153
vt 0.575534 0.952271
vt 0.575635 0.949289
vt 0.575331 0.949289
vt 0.575331 0.936924
vt 0.575635 0.926153
vt 0.575331 0.926153
vt 0.575487 0.957078
vt 0.575284 0.949289
vt 0.575635 0.936924
vt 0.575587 0.936924
vt 0.575424 0.956186
vt 0.575384 0.957078
vt 0.575376 0.956186
vt 0.575487 0.952271
vt 0.575587 0.949289
vt 0.575542 0.956186
vt 0.575494 0.953164
vt 0.575494 0.956186
vt 0.575534 0.957078
vt 0.575424 0.953164
vt 0.575384 0.952271
vt 0.575432 0.952271
vt 0.575331 0.960060
vt 0.575376 0.953164
vt 0.577173 0.937987
vt 0.577477 0.948227
vt 0.577173 0.948227
vt 0.577524 0.960060
vt 0.577173 0.960060
vt 0.577477 0.960060
vt 0.577221 0.948227
vt 0.577524 0.937987
vt 0.577221 0.937987
vt 0.604894 0.917605
vt 0.605142 0.908792
vt 0.604894 0.908792
vt 0.577173 0.949289
vt 0.577274 0.952271
vt 0.577266 0.953164
vt 0.605103 0.908792
vt 0.604855 0.917605
vt 0.604855 0.908792
vt 0.577221 0.960060
vt 0.577322 0.957078
vt 0.577314 0.956186
vt 0.577524 0.948227
vt 0.577524 0.949289
vt 0.577477 0.949289
vt 0.605142 0.917605
vt 0.605103 0.917605
vt 0.577477 0.937987
vt 0.577524 0.926153
vt 0.577173 0.926153
vt 0.577221 0.926153
vt 0.577266 0.956186
vt 0.577424 0.952271
vt 0.577432 0.953164
vt 0.577384 0.956186
vt 0.577432 0.956186
vt 0.577424 0.957078
vt 0.577274 0.957078
vt 0.577322 0.952271
vt 0.577314 0.953164
vt 0.577384 0.953164
vt 0.577376 0.957078
vt 0.577376 0.952271
vt 0.577328 0.926153
vt 0.577433 0.924712
vt 0.577328 0.924712
vt 0.575375 0.926153
vt 0.577433 0.926153
vt 0.575480 0.926153
vt 0.575375 0.924712
vt 0.575480 0.924712
vt 0.577542 0.926153
vt 0.575588 0.924712
vt 0.577542 0.924712
vt 0.575267 0.926153
vt 0.577220 0.924712
vt 0.575267 0.924712
vt 0.575373 0.926153
vt 0.575373 0.924712
vt 0.577326 0.924712
vt 0.575482 0.926153
vt 0.577436 0.926153
vt 0.575588 0.926153
vt 0.575482 0.924712
vt 0.577326 0.926153
vt 0.577220 0.926153
vt 0.577436 0.924712
vt 0.604341 0.908792
vt 0.604335 0.917605
vt 0.604335 0.908792
vt 0.575276 0.937987
vt 0.577213 0.948227
vt 0.577213 0.937987
vt 0.604069 0.956613
vt 0.606007 0.956613
vt 0.605999 0.956613
vt 0.605926 0.917605
vt 0.605926 0.908792
vt 0.575276 0.948227
vt 0.604077 0.945881
vt 0.604069 0.945881
vt 0.605999 0.945881
vt 0.605920 0.908792
vt 0.605920 0.917605
vt 0.606007 0.945881
vt 0.575595 0.936924
vt 0.575595 0.926153
vt 0.606181 0.926852
vt 0.604596 0.918474
vt 0.606181 0.918474
vt 0.577532 0.960060
vt 0.575595 0.960060
vt 0.577524 0.936924
vt 0.604589 0.926852
vt 0.604589 0.918474
vt 0.575595 0.949289
vt 0.577532 0.949289
vt 0.577532 0.926153
vt 0.577532 0.936924
vt 0.606174 0.926852
vt 0.606174 0.918474
vt 0.604596 0.926852
vt 0.574759 0.890085
vt 0.574856 0.890085
vt 0.574814 0.890085
vt 0.574759 0.925035
vt 0.574814 0.925035
vt 0.574856 0.925035
vt 0.573359 0.890085
vt 0.573304 0.890085
vt 0.573347 0.890085
vt 0.573359 0.925035
vt 0.573347 0.925035
vt 0.573304 0.925035
vt 0.575454 0.890085
vt 0.575508 0.890085
vt 0.575466 0.890085
vt 0.575454 0.925035
vt 0.575466 0.925035
vt 0.575508 0.925035
vt 0.574054 0.890085
vt 0.573956 0.890085
vt 0.573999 0.890085
vt 0.574054 0.925035
vt 0.573999 0.925035
vt 0.573956 0.925035
vt 0.574814 0.912879
vt 0.575508 0.902639
vt 0.574814 0.902639
vt 0.575548 0.924712
vt 0.574814 0.924712
vt 0.574853 0.924712
vt 0.575548 0.902639
vt 0.574853 0.912879
vt 0.574853 0.902639
vt 0.605756 0.879871
vt 0.605188 0.888684
vt 0.605188 0.879871
vt 0.574814 0.913941
vt 0.575044 0.916923
vt 0.575508 0.913941
vt 0.605156 0.888684
vt 0.605724 0.879871
vt 0.605156 0.879871
vt 0.575083 0.921730
vt 0.575548 0.912879
vt 0.575548 0.913941
vt 0.605756 0.888684
vt 0.575548 0.890805
vt 0.574814 0.890805
vt 0.575508 0.890805
vt 0.575065 0.920838
vt 0.575044 0.921730
vt 0.575317 0.916923
vt 0.574853 0.913941
vt 0.575335 0.920838
vt 0.575296 0.917816
vt 0.575335 0.917816
vt 0.575278 0.921730
vt 0.575317 0.921730
vt 0.575065 0.917816
vt 0.575026 0.917816
vt 0.575278 0.916923
vt 0.575508 0.924712
vt 0.575296 0.920838
vt 0.575083 0.916923
vt 0.573999 0.902639
vt 0.573304 0.912879
vt 0.573304 0.902639
vt 0.605758 0.907613
vt 0.605222 0.907613
vt 0.605790 0.907613
vt 0.573265 0.912879
vt 0.573960 0.902639
vt 0.573265 0.902639
vt 0.573265 0.901576
vt 0.573960 0.890805
vt 0.573265 0.890805
vt 0.605222 0.898801
vt 0.605410 0.901241
vt 0.605395 0.901971
vt 0.573999 0.890805
vt 0.573304 0.901576
vt 0.573304 0.890805
vt 0.605190 0.907613
vt 0.605378 0.905173
vt 0.605363 0.904443
vt 0.573960 0.912879
vt 0.573999 0.912879
vt 0.605758 0.898801
vt 0.605790 0.898801
vt 0.573960 0.901576
vt 0.573999 0.901576
vt 0.605395 0.904443
vt 0.605570 0.901241
vt 0.605585 0.901971
vt 0.605585 0.904443
vt 0.605617 0.901971
vt 0.605617 0.904443
vt 0.605570 0.905173
vt 0.605410 0.905173
vt 0.605378 0.901241
vt 0.605363 0.901971
vt 0.605602 0.905173
vt 0.605602 0.901241
vt 0.573486 0.890805
vt 0.573726 0.889364
vt 0.573486 0.889364
vt 0.575087 0.890805
vt 0.573726 0.890805
vt 0.575326 0.890805
vt 0.575087 0.889364
vt 0.575326 0.889364
vt 0.573974 0.890805
vt 0.575575 0.889364
vt 0.573974 0.889364
vt 0.574838 0.890805
vt 0.573238 0.889364
vt 0.574838 0.889364
vt 0.575081 0.890805
vt 0.575081 0.889364
vt 0.575332 0.890805
vt 0.573732 0.890805
vt 0.575575 0.890805
vt 0.575332 0.889364
vt 0.573238 0.890805
vt 0.573480 0.890805
vt 0.573480 0.889364
vt 0.573732 0.889364
vt 0.574853 0.890805
vt 0.574835 0.901576
vt 0.574835 0.890805
vt 0.605824 0.889553
vt 0.604525 0.897931
vt 0.604525 0.889553
vt 0.574835 0.924712
vt 0.573265 0.924712
vt 0.573247 0.924712
vt 0.605839 0.889553
vt 0.605824 0.897931
vt 0.574835 0.913941
vt 0.573247 0.913941
vt 0.573247 0.890805
vt 0.573247 0.901576
vt 0.604539 0.897931
vt 0.604539 0.889553
vt 0.573265 0.913941
vt 0.605988 0.879871
vt 0.605973 0.888684
vt 0.605973 0.879871
vt 0.573978 0.912879
vt 0.575566 0.902639
vt 0.573978 0.902639
vt 0.605988 0.907613
vt 0.604674 0.907613
vt 0.605973 0.907613
vt 0.604674 0.888684
vt 0.604674 0.879871
vt 0.575566 0.912879
vt 0.605973 0.898801
vt 0.605988 0.898801
vt 0.604689 0.907613
vt 0.604689 0.898801
vt 0.604689 0.879871
vt 0.604689 0.888684
vt 0.604674 0.898801
vt 0.605988 0.888684
vt 0.575157 0.925885
vt 0.575151 0.928260
vt 0.575151 0.925885
vt 0.574139 0.925885
vt 0.574134 0.925885
vt 0.574134 0.928260
vt 0.575288 0.925885
vt 0.575293 0.925885
vt 0.575293 0.928260
vt 0.574270 0.925885
vt 0.574275 0.928260
vt 0.574275 0.925885
vt 0.575157 0.964659
vt 0.575151 0.964659
vt 0.575151 0.962283
vt 0.574139 0.964659
vt 0.574134 0.962283
vt 0.574134 0.964659
vt 0.575288 0.964659
vt 0.575293 0.962283
vt 0.575293 0.964659
vt 0.574270 0.964659
vt 0.574275 0.964659
vt 0.574275 0.962283
vt 0.574786 0.925885
vt 0.574488 0.964659
vt 0.574786 0.964659
vt 0.574143 0.964659
vt 0.574140 0.925885
vt 0.574140 0.964659
vt 0.574782 0.964659
vt 0.574484 0.925885
vt 0.574782 0.925885
vt 0.575127 0.964659
vt 0.574813 0.925885
vt 0.575127 0.925885
vt 0.574370 0.951815
vt 0.574457 0.964659
vt 0.574457 0.925885
vt 0.574817 0.925885
vt 0.575130 0.964659
vt 0.575130 0.925885
vt 0.574226 0.938728
vt 0.574484 0.964659
vt 0.574453 0.964659
vt 0.574817 0.964659
vt 0.574813 0.964659
vt 0.574256 0.937724
vt 0.574252 0.937724
vt 0.574366 0.951815
vt 0.574453 0.925885
vt 0.574252 0.952819
vt 0.574344 0.952819
vt 0.574340 0.952819
vt 0.574230 0.938728
vt 0.574226 0.951815
vt 0.574340 0.937724
vt 0.574370 0.938728
vt 0.574344 0.937724
vt 0.574143 0.925885
vt 0.574256 0.952819
vt 0.574230 0.951815
vt 0.574366 0.938728
vt 0.605398 0.922563
vt 0.605101 0.961195
vt 0.605101 0.922563
vt 0.574289 0.964659
vt 0.574285 0.925885
vt 0.574285 0.964659
vt 0.605402 0.922563
vt 0.605105 0.961195
vt 0.605402 0.961195
vt 0.574962 0.925885
vt 0.575276 0.964659
vt 0.575276 0.925885
vt 0.574598 0.925885
vt 0.574512 0.938728
vt 0.574486 0.937724
vt 0.575272 0.964659
vt 0.574959 0.925885
vt 0.575272 0.925885
vt 0.574289 0.925885
vt 0.574375 0.938728
vt 0.574401 0.937724
vt 0.574602 0.964659
vt 0.574598 0.964659
vt 0.574962 0.964659
vt 0.574959 0.964659
vt 0.605398 0.961195
vt 0.574398 0.937724
vt 0.574515 0.951815
vt 0.574489 0.952819
vt 0.574401 0.952819
vt 0.574486 0.952819
vt 0.574398 0.952819
vt 0.574375 0.951815
vt 0.574372 0.938728
vt 0.574489 0.937724
vt 0.574512 0.951815
vt 0.574372 0.951815
vt 0.574515 0.938728
vt 0.575276 0.938589
vt 0.575318 0.951955
vt 0.575318 0.938589
vt 0.575126 0.938589
vt 0.575276 0.951955
vt 0.575126 0.951955
vt 0.575168 0.938589
vt 0.575168 0.951955
vt 0.575318 0.965831
vt 0.575126 0.965831
vt 0.575168 0.965831
vt 0.575126 0.924712
vt 0.575318 0.924712
vt 0.575168 0.924712
vt 0.575168 0.938249
vt 0.575318 0.938249
vt 0.575126 0.952295
vt 0.575276 0.965831
vt 0.575276 0.952295
vt 0.575168 0.952295
vt 0.575276 0.938249
vt 0.575276 0.924712
vt 0.575318 0.952295
vt 0.575126 0.938249
vt 0.574813 0.924879
vt 0.575127 0.924879
vt 0.574782 0.924879
vt 0.574633 0.924879
vt 0.574931 0.924879
vt 0.605126 0.908572
vt 0.605248 0.907749
vt 0.605126 0.907749
vt 0.574484 0.924879
vt 0.605382 0.908572
vt 0.605382 0.907749
vt 0.605504 0.907749
vt 0.575276 0.924879
vt 0.574962 0.924879
vt 0.574633 0.925885
vt 0.574931 0.925885
vt 0.605504 0.908572
vt 0.605248 0.908572
vt 0.575127 0.965665
vt 0.605105 0.962197
vt 0.605253 0.962197
vt 0.605402 0.962197
vt 0.574289 0.965665
vt 0.574140 0.965665
vt 0.604956 0.962197
vt 0.605253 0.961195
vt 0.574453 0.965665
vt 0.574602 0.965665
vt 0.575276 0.965665
vt 0.574962 0.965665
vt 0.604956 0.961195
vt 0.574813 0.965665
vt 0.575918 0.961103
vt 0.575824 0.961103
vt 0.575857 0.961103
vt 0.575918 0.983994
vt 0.575857 0.983994
vt 0.575824 0.983994
vt 0.577473 0.961103
vt 0.577534 0.961103
vt 0.577500 0.961103
vt 0.577473 0.983994
vt 0.577500 0.983994
vt 0.577534 0.983994
vt 0.575374 0.961103
vt 0.575313 0.961103
vt 0.575346 0.961103
vt 0.575374 0.983994
vt 0.575346 0.983994
vt 0.575313 0.983994
vt 0.576929 0.961103
vt 0.577023 0.961103
vt 0.576989 0.961103
vt 0.576929 0.983994
vt 0.576989 0.983994
vt 0.577023 0.983994
vt 0.575857 0.973657
vt 0.575313 0.983897
vt 0.575313 0.973657
vt 0.575814 0.973657
vt 0.575270 0.983897
vt 0.575814 0.983897
vt 0.575270 0.961823
vt 0.575814 0.972594
vt 0.575814 0.961823
vt 0.575857 0.972594
vt 0.575313 0.961823
vt 0.575857 0.961823
vt 0.575857 0.983897
vt 0.575270 0.972594
vt 0.575270 0.973657
vt 0.577534 0.973657
vt 0.576989 0.983897
vt 0.577534 0.983897
vt 0.577577 0.973657
vt 0.577033 0.983897
vt 0.577033 0.973657
vt 0.577577 0.972594
vt 0.577033 0.961823
vt 0.577577 0.961823
vt 0.576989 0.961823
vt 0.577534 0.972594
vt 0.577534 0.961823
vt 0.577577 0.983897
vt 0.576989 0.972594
vt 0.577033 0.972594
vt 0.576989 0.973657
vt 0.577406 0.961823
vt 0.577218 0.960383
vt 0.577406 0.960383
vt 0.575628 0.961823
vt 0.577218 0.961823
vt 0.575441 0.961823
vt 0.575628 0.960383
vt 0.575441 0.960383
vt 0.606229 0.958369
vt 0.604458 0.956934
vt 0.606229 0.956934
vt 0.605033 0.958370
vt 0.606804 0.956934
vt 0.605033 0.956934
vt 0.604844 0.958370
vt 0.604844 0.956934
vt 0.606615 0.956934
vt 0.604647 0.958370
vt 0.606419 0.958369
vt 0.604458 0.958370
vt 0.604647 0.956934
vt 0.606615 0.958369
vt 0.606804 0.958370
vt 0.606419 0.956934
vt 0.575828 0.972595
vt 0.575828 0.961823
vt 0.604680 0.970160
vt 0.606437 0.980362
vt 0.606437 0.970160
vt 0.604666 0.970160
vt 0.604680 0.980362
vt 0.577591 0.961823
vt 0.577591 0.972594
vt 0.606423 0.980362
vt 0.606423 0.970160
vt 0.604666 0.980362
vt 0.575255 0.972594
vt 0.575255 0.961823
vt 0.606224 0.980362
vt 0.604468 0.970160
vt 0.606224 0.970160
vt 0.604482 0.980362
vt 0.604482 0.970160
vt 0.577019 0.961823
vt 0.577019 0.972594
vt 0.606239 0.980362
vt 0.606239 0.970160
vt 0.604468 0.980362
vt 0.573871 0.890805
vt 0.575595 0.913941
vt 0.604999 0.888684
vt 0.604999 0.907613
vt 0.576229 0.890537
vt 0.578233 0.929311
vt 0.576085 0.912879
vt 0.606196 0.888684
vt 0.575572 0.921730
vt 0.576724 0.924712
vt 0.576724 0.890805
vt 0.575331 0.948227
vt 0.575587 0.937987
vt 0.575542 0.953164
vt 0.575432 0.957078
vt 0.577221 0.949289
vt 0.577477 0.926153
vt 0.604341 0.917605
vt 0.604077 0.956613
vt 0.575508 0.912879
vt 0.575026 0.920838
vt 0.605724 0.888684
vt 0.605190 0.898801
vt 0.574853 0.901576
vt 0.605839 0.897931
vt 0.574488 0.925885
vt 0.605105 0.922563
vt 0.574602 0.925885
vt 0.575313 0.972594
s 0
usemtl Texture_Map
f 1/1/1 3/2/1 2/3/1
f 4/4/2 5/5/2 6/6/2
f 3/2/3 5/5/3 2/3/3
f 2/3/4 4/4/4 1/1/4
f 1/1/5 6/6/5 3/2/5
f 7/7/1 8/8/1 9/9/1
f 10/10/2 12/11/2 11/12/2
f 11/12/6 9/9/6 8/8/6
f 10/10/4 8/8/4 7/7/4
f 12/11/7 7/7/7 9/9/7
f 13/13/1 14/14/1 15/15/1
f 16/16/2 18/17/2 17/18/2
f 17/18/3 15/15/3 14/14/3
f 16/16/8 14/14/8 13/13/8
f 18/17/9 13/13/9 15/15/9
f 19/19/1 21/20/1 20/21/1
f 22/22/2 23/23/2 24/24/2
f 21/20/6 23/23/6 20/21/6
f 20/21/8 22/22/8 19/19/8
f 19/19/10 24/24/10 21/20/10
f 43/25/6 39/26/6 40/27/6
f 31/28/2 27/29/2 141/30/2
f 34/31/3 35/32/3 133/33/3
f 26/34/3 132/35/3 25/36/3
f 42/37/6 54/38/6 37/39/6
f 41/40/6 29/41/6 28/42/6
f 47/43/3 141/30/3 27/29/3
f 36/44/2 35/32/2 33/45/2
f 37/39/1 134/46/1 42/37/1
f 38/47/2 132/35/2 152/48/2
f 39/26/1 133/33/1 40/27/1
f 25/49/1 29/50/1 26/51/1
f 58/52/11 53/53/11 59/54/11
f 51/55/3 134/46/3 32/56/3
f 49/57/4 44/58/4 45/59/4
f 52/60/1 47/43/1 53/53/1
f 57/61/12 54/38/12 56/62/12
f 44/58/13 51/55/13 45/59/13
f 46/63/6 30/64/6 31/28/6
f 48/65/14 47/43/14 46/63/14
f 56/62/8 59/54/8 57/61/8
f 50/66/2 55/67/2 51/55/2
f 73/68/3 77/69/3 74/70/3
f 140/71/2 63/72/2 64/73/2
f 69/74/6 65/75/6 68/76/6
f 67/77/6 139/78/6 122/79/6
f 76/80/3 88/81/3 90/82/3
f 62/83/3 75/84/3 61/85/3
f 60/86/6 87/87/6 93/88/6
f 151/89/2 77/69/2 70/90/2
f 76/80/1 150/91/1 71/92/1
f 66/93/2 75/84/2 72/94/2
f 74/70/1 65/75/1 73/68/1
f 139/78/1 61/85/1 122/79/1
f 87/87/11 92/95/11 93/88/11
f 150/91/6 85/96/6 79/97/6
f 83/98/4 78/99/4 82/100/4
f 81/101/1 86/102/1 87/87/1
f 90/82/15 89/103/15 91/104/15
f 79/97/16 84/105/16 78/99/16
f 64/73/3 80/106/3 82/100/3
f 80/106/17 83/98/17 82/100/17
f 93/88/8 90/82/8 91/104/8
f 85/96/2 88/81/2 84/105/2
f 113/107/6 103/108/6 104/109/6
f 113/107/2 117/110/2 110/111/2
f 117/110/3 107/112/3 108/113/3
f 104/109/1 108/113/1 107/112/1
f 98/114/8 97/115/8 96/116/8
f 100/117/4 94/118/4 95/119/4
f 115/120/3 95/119/3 106/121/3
f 105/122/1 95/119/1 94/118/1
f 116/123/2 98/114/2 111/124/2
f 101/125/3 109/126/3 97/115/3
f 100/117/2 112/127/2 99/128/2
f 99/128/6 105/122/6 94/118/6
f 96/116/1 109/126/1 102/129/1
f 110/111/8 108/113/8 103/108/8
f 102/129/4 116/123/4 111/124/4
f 112/127/8 106/121/8 105/122/8
f 104/109/4 114/130/4 113/107/4
f 111/124/6 96/116/6 102/129/6
f 25/131/3 128/132/3 119/133/3
f 127/134/4 125/135/4 124/136/4
f 121/137/2 60/138/2 120/139/2
f 67/140/8 25/131/8 122/141/8
f 133/33/3 130/142/3 127/134/3
f 134/143/3 121/137/3 129/144/3
f 129/144/4 120/139/4 126/145/4
f 67/140/6 118/146/6 123/147/6
f 69/148/8 133/33/8 68/149/8
f 60/138/8 134/143/8 131/150/8
f 69/148/6 124/136/6 125/135/6
f 60/138/6 126/145/6 120/139/6
f 130/142/2 69/148/2 125/135/2
f 129/144/1 131/150/1 134/143/1
f 128/132/2 67/140/2 123/147/2
f 127/134/1 68/149/1 133/33/1
f 119/133/4 123/147/4 118/146/4
f 147/151/3 26/152/3 136/153/3
f 144/154/8 146/155/8 143/156/8
f 137/157/2 141/158/2 138/159/2
f 26/152/4 66/160/4 139/161/4
f 146/155/3 33/45/3 34/31/3
f 138/159/3 32/162/3 148/163/3
f 137/157/8 148/163/8 145/164/8
f 135/165/6 66/160/6 142/166/6
f 34/31/4 151/167/4 65/168/4
f 32/162/4 140/169/4 150/170/4
f 143/156/6 151/167/6 144/154/6
f 145/164/6 140/169/6 137/157/6
f 144/154/2 33/45/2 149/171/2
f 150/170/1 148/163/1 32/162/1
f 142/166/2 152/172/2 147/151/2
f 65/168/1 146/155/1 34/31/1
f 142/166/8 136/153/8 135/165/8
f 153/173/18 155/174/18 154/175/18
f 156/176/19 157/177/19 158/178/19
f 155/174/20 157/177/20 154/175/20
f 154/175/2 156/176/2 153/173/2
f 155/174/21 156/176/21 158/178/21
f 159/179/18 160/180/18 161/181/18
f 162/182/19 164/183/19 163/184/19
f 163/184/22 161/181/22 160/180/22
f 162/182/2 160/180/2 159/179/2
f 161/181/23 162/182/23 159/179/23
f 165/185/18 166/186/18 167/187/18
f 168/188/19 170/189/19 169/190/19
f 166/186/20 170/189/20 167/187/20
f 168/188/1 166/186/1 165/185/1
f 167/187/24 168/188/24 165/185/24
f 171/191/18 173/192/18 172/193/18
f 174/194/19 175/195/19 176/196/19
f 172/193/22 176/196/22 175/195/22
f 172/193/1 174/194/1 171/191/1
f 171/191/25 176/196/25 173/192/25
f 190/197/22 187/198/22 188/199/22
f 248/200/20 184/201/20 183/202/20
f 231/203/20 181/204/20 182/205/20
f 189/206/22 179/207/22 178/208/22
f 180/209/19 190/197/19 184/201/19
f 186/210/19 182/205/19 181/204/19
f 248/200/18 188/199/18 187/198/18
f 231/203/18 179/207/18 177/211/18
f 200/212/20 203/213/20 201/214/20
f 197/215/22 247/216/22 196/217/22
f 195/218/22 240/219/22 230/220/22
f 192/221/20 202/222/20 191/223/20
f 197/215/19 198/224/19 193/225/19
f 195/218/19 199/226/19 194/227/19
f 201/214/18 247/216/18 200/212/18
f 192/228/18 230/229/18 240/230/18
f 223/231/22 213/232/22 214/233/22
f 224/234/19 220/235/19 223/231/19
f 227/236/20 217/237/20 218/238/20
f 213/232/18 217/237/18 214/233/18
f 206/239/1 211/240/1 207/241/1
f 210/242/2 204/243/2 205/244/2
f 225/245/20 205/244/20 216/246/20
f 215/247/18 205/244/18 204/243/18
f 226/248/19 208/249/19 221/250/19
f 211/240/20 219/251/20 207/241/20
f 210/242/19 222/252/19 209/253/19
f 204/243/22 222/252/22 215/247/22
f 206/239/18 219/251/18 212/254/18
f 213/232/1 227/236/1 218/238/1
f 212/254/2 226/248/2 221/250/2
f 215/247/1 225/245/1 216/246/1
f 214/233/2 224/234/2 223/231/2
f 212/254/22 208/249/22 206/239/22
f 229/255/20 182/205/20 236/256/20
f 235/257/2 234/258/2 233/259/2
f 195/260/1 231/203/1 230/229/1
f 235/257/20 184/261/20 237/262/20
f 195/260/22 228/263/22 232/264/22
f 196/265/1 184/261/1 183/266/1
f 197/267/22 233/259/22 234/258/22
f 184/261/19 234/258/19 237/262/19
f 236/256/19 195/260/19 232/264/19
f 235/257/18 196/265/18 183/266/18
f 228/263/2 236/256/2 232/264/2
f 239/268/20 181/204/20 177/211/20
f 242/269/1 246/270/1 244/271/1
f 177/211/2 194/272/2 240/230/2
f 244/271/20 180/209/20 248/200/20
f 238/273/22 194/272/22 241/274/22
f 247/216/2 180/209/2 193/225/2
f 242/269/22 193/225/22 243/275/22
f 243/275/19 180/209/19 246/270/19
f 241/274/19 181/204/19 245/276/19
f 247/216/18 244/271/18 248/200/18
f 241/274/1 239/268/1 238/273/1
f 249/277/1 251/278/1 250/279/1
f 252/280/2 253/281/2 254/282/2
f 251/278/26 253/281/26 250/279/26
f 250/279/27 252/280/27 249/277/27
f 249/277/28 254/282/28 251/278/28
f 255/283/1 256/284/1 257/285/1
f 258/286/2 260/287/2 259/288/2
f 259/288/29 257/285/29 256/284/29
f 258/286/27 256/284/27 255/283/27
f 260/287/30 255/283/30 257/285/30
f 261/289/1 262/290/1 263/291/1
f 264/292/2 266/293/2 265/294/2
f 265/294/26 263/291/26 262/290/26
f 264/292/31 262/290/31 261/289/31
f 266/293/32 261/289/32 263/291/32
f 267/295/1 269/296/1 268/297/1
f 270/298/2 271/299/2 272/300/2
f 269/296/29 271/299/29 268/297/29
f 268/297/31 270/298/31 267/295/31
f 267/295/33 272/300/33 269/296/33
f 293/301/29 289/302/29 290/303/29
f 275/304/2 278/305/2 274/306/2
f 282/307/26 284/308/26 283/309/26
f 273/310/26 384/311/26 372/312/26
f 300/313/29 287/314/29 292/315/29
f 291/316/29 277/317/29 276/318/29
f 303/319/26 275/304/26 274/306/26
f 281/320/2 293/301/2 284/308/2
f 280/321/1 292/315/1 287/314/1
f 400/322/2 291/316/2 384/311/2
f 282/307/1 290/303/1 289/302/1
f 273/323/1 276/324/1 277/325/1
f 308/326/34 303/319/34 309/327/34
f 301/328/26 285/329/26 280/321/26
f 299/330/27 294/331/27 295/332/27
f 303/319/1 296/333/1 297/334/1
f 307/335/35 304/336/35 306/337/35
f 294/331/36 301/328/36 295/332/36
f 296/333/29 278/305/29 279/338/29
f 298/339/37 297/334/37 296/333/37
f 306/337/31 309/327/31 307/335/31
f 300/313/2 305/340/2 301/328/2
f 322/341/26 326/342/26 323/343/26
f 310/344/2 315/345/2 311/346/2
f 383/347/29 317/348/29 381/349/29
f 318/350/29 389/351/29 371/352/29
f 325/353/26 337/354/26 339/355/26
f 313/356/26 324/357/26 312/358/26
f 310/344/29 336/359/29 342/360/29
f 383/347/2 319/361/2 399/362/2
f 320/363/1 382/364/1 316/365/1
f 318/350/2 321/366/2 398/367/2
f 322/341/1 381/349/1 317/348/1
f 313/368/1 371/369/1 389/370/1
f 336/359/38 341/371/38 342/360/38
f 316/365/29 334/372/29 328/373/29
f 332/374/27 327/375/27 331/376/27
f 336/359/1 329/377/1 335/378/1
f 337/354/39 340/379/39 339/355/39
f 334/372/40 327/375/40 328/373/40
f 315/345/26 329/377/26 331/376/26
f 331/376/41 330/380/41 332/374/41
f 342/360/31 339/355/31 340/379/31
f 338/381/2 333/382/2 334/372/2
f 362/383/29 352/384/29 353/385/29
f 362/383/2 366/386/2 359/387/2
f 366/386/26 356/388/26 357/389/26
f 353/385/1 357/389/1 356/388/1
f 347/390/31 346/391/31 345/392/31
f 349/393/27 343/394/27 344/395/27
f 364/396/26 344/395/26 355/397/26
f 354/398/1 344/395/1 343/394/1
f 365/399/2 347/390/2 360/400/2
f 350/401/26 358/402/26 346/391/26
f 349/393/2 361/403/2 348/404/2
f 348/404/29 354/398/29 343/394/29
f 345/392/1 358/402/1 351/405/1
f 359/387/31 357/389/31 352/384/31
f 351/405/27 365/399/27 360/400/27
f 361/403/31 355/397/31 354/398/31
f 353/385/27 363/406/27 362/383/27
f 360/400/29 345/392/29 351/405/29
f 372/407/26 378/408/26 368/409/26
f 377/410/27 375/411/27 374/412/27
f 274/306/2 369/413/2 370/414/2
f 318/415/31 372/407/31 371/369/31
f 283/309/26 380/416/26 377/410/26
f 285/329/26 370/414/26 379/417/26
f 379/417/27 369/413/27 376/418/27
f 318/415/29 367/419/29 373/420/29
f 383/347/31 283/309/31 381/349/31
f 310/344/31 285/329/31 382/364/31
f 383/347/29 374/412/29 375/411/29
f 310/344/29 376/418/29 369/413/29
f 284/308/2 375/411/2 380/416/2
f 379/417/1 382/364/1 285/329/1
f 384/421/2 373/420/2 378/408/2
f 377/410/1 381/349/1 283/309/1
f 368/409/27 373/420/27 367/419/27
f 395/422/26 273/323/26 386/423/26
f 392/424/31 394/425/31 391/426/31
f 388/427/2 311/346/2 275/304/2
f 273/323/27 398/428/27 389/370/27
f 394/425/26 281/429/26 282/430/26
f 388/427/26 280/321/26 396/431/26
f 387/432/31 396/431/31 393/433/31
f 385/434/29 398/428/29 390/435/29
f 282/430/27 399/436/27 317/437/27
f 280/321/27 311/346/27 316/365/27
f 391/426/29 399/436/29 392/424/29
f 393/433/29 311/346/29 387/432/29
f 397/438/2 399/436/2 281/429/2
f 316/365/1 396/431/1 280/321/1
f 395/422/2 398/428/2 400/439/2
f 317/437/1 394/425/1 282/430/1
f 390/435/31 386/423/31 385/434/31
f 401/440/1 403/441/1 402/442/1
f 404/443/2 405/444/2 406/445/2
f 403/441/42 405/444/42 402/442/42
f 402/442/43 404/443/43 401/440/43
f 401/440/44 406/445/44 403/441/44
f 407/446/1 408/447/1 409/448/1
f 410/449/2 412/450/2 411/451/2
f 411/451/45 409/448/45 408/447/45
f 410/449/43 408/447/43 407/446/43
f 412/450/46 407/446/46 409/448/46
f 413/452/1 414/453/1 415/454/1
f 416/455/2 418/456/2 417/457/2
f 417/457/42 415/454/42 414/453/42
f 416/455/47 414/453/47 413/452/47
f 418/456/48 413/452/48 415/454/48
f 419/458/1 421/459/1 420/460/1
f 422/461/2 423/462/2 424/463/2
f 421/459/49 423/462/49 420/460/49
f 420/460/47 422/461/47 419/458/47
f 419/458/50 424/463/50 421/459/50
f 439/464/45 435/465/45 438/466/45
f 430/467/2 524/468/2 426/469/2
f 537/470/42 432/471/42 434/472/42
f 425/473/42 536/474/42 522/475/42
f 449/476/45 436/477/45 441/478/45
f 440/479/45 428/480/45 427/481/45
f 446/482/42 426/469/42 524/468/42
f 435/465/2 434/472/2 432/471/2
f 436/477/1 538/483/1 441/478/1
f 437/484/2 536/474/2 552/485/2
f 438/466/1 537/470/1 439/464/1
f 522/475/1 428/480/1 425/473/1
f 457/486/51 452/487/51 458/488/51
f 450/489/42 538/483/42 431/490/42
f 447/491/43 444/492/43 448/493/43
f 452/487/1 445/494/1 446/482/1
f 455/495/52 454/496/52 453/497/52
f 444/492/53 449/476/53 450/489/53
f 445/494/45 429/498/45 430/467/45
f 448/493/54 445/494/54 447/491/54
f 455/495/47 458/488/47 456/499/47
f 449/476/2 454/496/2 450/489/2
f 473/500/42 469/501/42 476/502/42
f 460/503/2 463/504/2 464/505/2
f 535/506/45 466/507/45 533/508/45
f 468/509/45 459/510/45 521/511/45
f 475/512/42 487/513/42 489/514/42
f 462/515/42 474/516/42 461/517/42
f 523/518/45 486/519/45 492/520/45
f 551/521/2 476/502/2 469/501/2
f 475/512/1 465/522/1 470/523/1
f 467/524/2 474/516/2 471/525/2
f 473/500/1 466/507/1 472/526/1
f 459/527/1 461/528/1 521/529/1
f 486/519/51 491/530/51 492/520/51
f 465/522/45 484/531/45 478/532/45
f 478/532/43 481/533/43 482/534/43
f 480/535/1 485/536/1 486/519/1
f 489/514/52 488/537/52 490/538/52
f 484/531/53 477/539/53 478/532/53
f 464/505/55 479/540/55 481/533/55
f 481/533/54 480/535/54 482/534/54
f 492/520/47 489/514/47 490/538/47
f 484/531/2 487/513/2 483/541/2
f 512/542/45 502/543/45 503/544/45
f 513/545/2 509/546/2 512/542/2
f 516/547/42 506/548/42 507/549/42
f 502/543/1 506/548/1 503/544/1
f 497/550/47 496/551/47 495/552/47
f 499/553/43 493/554/43 494/555/43
f 514/556/42 494/555/42 505/557/42
f 504/558/1 494/555/1 493/554/1
f 515/559/2 497/550/2 510/560/2
f 500/561/42 508/562/42 496/551/42
f 499/553/2 511/563/2 498/564/2
f 498/564/45 504/558/45 493/554/45
f 495/552/1 508/562/1 501/565/1
f 509/546/47 507/549/47 502/543/47
f 501/565/43 515/559/43 510/560/43
f 511/563/47 505/557/47 504/558/47
f 503/544/43 513/545/43 512/542/43
f 510/560/45 495/552/45 501/565/45
f 522/566/42 530/567/42 518/568/42
f 529/569/43 527/570/43 526/571/43
f 520/572/2 523/573/2 519/574/2
f 468/575/47 522/566/47 521/576/47
f 537/470/42 532/577/42 529/569/42
f 538/578/42 520/572/42 531/579/42
f 531/579/43 519/574/43 528/580/43
f 468/575/45 517/581/45 525/582/45
f 535/506/47 537/470/47 533/508/47
f 523/573/47 538/578/47 534/583/47
f 535/506/45 526/571/45 527/570/45
f 523/573/45 528/580/45 519/574/45
f 532/577/2 535/506/2 527/570/2
f 531/579/1 534/583/1 538/578/1
f 530/567/2 468/575/2 525/582/2
f 529/569/1 533/508/1 537/470/1
f 518/568/43 525/582/43 517/581/43
f 548/584/42 425/473/42 540/585/42
f 545/586/47 547/587/47 544/588/47
f 541/589/2 426/469/2 542/590/2
f 425/473/43 467/591/43 459/527/43
f 547/587/42 432/592/42 433/593/42
f 542/590/42 431/490/42 549/594/42
f 541/589/47 549/594/47 546/595/47
f 539/596/45 467/591/45 543/597/45
f 433/593/43 551/598/43 466/599/43
f 431/490/43 460/503/43 465/522/43
f 544/588/45 551/598/45 545/586/45
f 546/595/45 460/503/45 541/589/45
f 545/586/2 432/592/2 550/600/2
f 431/490/1 546/595/1 549/594/1
f 543/597/2 552/485/2 548/584/2
f 433/593/1 544/588/1 547/587/1
f 543/597/47 540/585/47 539/596/47
f 553/601/1 555/602/1 554/603/1
f 556/604/2 557/605/2 558/606/2
f 555/602/56 557/605/56 554/603/56
f 554/603/57 556/604/57 553/601/57
f 553/601/58 558/606/58 555/602/58
f 559/607/1 560/608/1 561/609/1
f 562/610/2 564/611/2 563/612/2
f 563/612/59 561/609/59 560/608/59
f 562/610/57 560/608/57 559/607/57
f 564/611/60 559/607/60 561/609/60
f 565/613/1 566/614/1 567/615/1
f 568/616/2 570/617/2 569/618/2
f 569/618/56 567/615/56 566/614/56
f 568/616/61 566/614/61 565/613/61
f 570/617/62 565/613/62 567/615/62
f 571/619/1 573/620/1 572/621/1
f 574/622/2 575/623/2 576/624/2
f 573/620/59 575/623/59 572/621/59
f 572/621/61 574/622/61 571/619/61
f 571/619/63 576/624/63 573/620/63
f 591/625/59 587/626/59 588/627/59
f 692/628/2 579/629/2 671/630/2
f 702/631/56 582/632/56 684/633/56
f 690/634/56 683/635/56 669/636/56
f 590/637/59 602/638/59 585/639/59
f 589/640/59 578/641/59 577/642/59
f 601/643/56 692/628/56 671/630/56
f 703/644/2 591/625/2 582/632/2
f 704/645/1 590/637/1 585/639/1
f 581/646/2 589/640/2 683/635/2
f 702/631/1 588/627/1 587/626/1
f 690/647/1 577/648/1 578/649/1
f 607/650/64 600/651/64 601/643/64
f 599/652/56 583/653/56 704/645/56
f 597/654/57 592/655/57 593/656/57
f 601/643/1 594/657/1 595/658/1
f 605/659/65 602/638/65 604/660/65
f 593/656/66 598/661/66 599/652/66
f 594/657/59 579/629/59 580/662/59
f 597/654/67 594/657/67 596/663/67
f 604/660/61 607/650/61 605/659/61
f 598/661/2 603/664/2 599/652/2
f 619/665/56 623/666/56 620/667/56
f 691/668/2 610/669/2 611/670/2
f 615/671/59 613/672/59 680/673/59
f 681/674/59 689/675/59 668/676/59
f 622/677/56 634/678/56 636/679/56
f 609/680/56 621/681/56 608/682/56
f 670/683/59 633/684/59 639/685/59
f 612/686/2 623/666/2 616/687/2
f 622/677/1 701/688/1 617/689/1
f 614/690/2 621/681/2 618/691/2
f 620/667/1 613/672/1 619/665/1
f 689/675/1 608/682/1 668/676/1
f 633/684/64 638/692/64 639/685/64
f 701/688/59 631/693/59 625/694/59
f 629/695/57 624/696/57 628/697/57
f 627/698/1 632/699/1 633/684/1
f 636/679/65 635/700/65 637/701/65
f 631/693/66 624/696/66 625/694/66
f 611/670/56 626/702/56 628/697/56
f 628/697/67 627/698/67 629/695/67
f 639/685/61 636/679/61 637/701/61
f 631/693/2 634/678/2 630/703/2
f 659/704/59 649/705/59 650/706/59
f 660/707/2 656/708/2 659/704/2
f 663/709/56 653/710/56 654/711/56
f 649/705/1 653/710/1 650/706/1
f 644/712/61 643/713/61 642/714/61
f 646/715/57 640/716/57 641/717/57
f 661/718/56 641/717/56 652/719/56
f 640/716/1 652/719/1 641/717/1
f 662/720/2 644/712/2 657/721/2
f 647/722/56 655/723/56 643/713/56
f 645/724/2 661/718/2 658/725/2
f 645/724/59 651/726/59 640/716/59
f 642/714/1 655/723/1 648/727/1
f 656/708/61 654/711/61 649/705/61
f 648/727/57 662/720/57 657/721/57
f 658/725/61 652/719/61 651/726/61
f 650/706/57 660/707/57 659/704/57
f 657/721/59 642/714/59 648/727/59
f 669/728/56 677/729/56 665/730/56
f 676/731/57 674/732/57 673/733/57
f 667/734/2 670/735/2 666/736/2
f 681/674/61 669/728/61 668/676/61
f 684/737/56 679/738/56 676/731/56
f 583/653/56 667/734/56 678/739/56
f 678/739/57 666/736/57 675/740/57
f 681/674/59 664/741/59 672/742/59
f 615/743/61 684/737/61 680/744/61
f 670/735/61 583/653/61 682/745/61
f 615/743/59 673/733/59 674/732/59
f 670/735/59 675/740/59 666/736/59
f 679/738/2 615/743/2 674/732/2
f 678/739/1 682/745/1 583/653/1
f 677/729/2 681/674/2 672/742/2
f 676/731/1 680/744/1 684/737/1
f 665/730/57 672/742/57 664/741/57
f 686/746/56 581/747/56 690/748/56
f 695/749/61 697/750/61 694/751/61
f 688/752/2 691/753/2 692/754/2
f 690/748/57 614/755/57 689/756/57
f 700/757/56 702/631/56 697/750/56
f 688/752/56 704/758/56 699/759/56
f 687/760/61 699/759/61 696/761/61
f 685/762/59 614/755/59 693/763/59
f 702/631/57 612/686/57 613/672/57
f 704/758/57 691/753/57 701/764/57
f 694/751/59 612/686/59 695/749/59
f 696/761/59 691/753/59 687/760/59
f 700/757/2 612/686/2 703/644/2
f 701/764/1 699/759/1 704/758/1
f 698/765/2 614/755/2 581/747/2
f 613/672/1 697/750/1 702/631/1
f 693/763/61 686/746/61 685/762/61
f 705/766/68 707/767/68 706/768/68
f 708/769/69 709/770/69 710/771/69
f 707/767/70 709/770/70 706/768/70
f 705/766/1 709/770/1 708/769/1
f 705/766/71 710/771/71 707/767/71
f 711/772/68 712/773/68 713/774/68
f 714/775/69 716/776/69 715/777/69
f 715/777/72 713/774/72 712/773/72
f 714/775/1 712/773/1 711/772/1
f 713/774/73 714/775/73 711/772/73
f 717/778/68 718/779/68 719/780/68
f 720/781/69 722/782/69 721/783/69
f 718/779/70 722/782/70 719/780/70
f 717/778/2 721/783/2 718/779/2
f 722/782/74 717/778/74 719/780/74
f 723/784/68 725/785/68 724/786/68
f 726/787/69 727/788/69 728/789/69
f 724/786/72 728/789/72 727/788/72
f 724/786/2 726/787/2 723/784/2
f 725/785/75 726/787/75 728/789/75
f 742/790/72 738/791/72 741/792/72
f 735/793/69 730/794/69 731/795/69
f 854/796/70 737/797/70 834/798/70
f 840/799/70 833/800/70 729/801/70
f 752/802/72 739/803/72 744/804/72
f 743/805/72 733/806/72 732/807/72
f 755/808/70 731/795/70 730/794/70
f 738/791/69 737/797/69 855/809/69
f 856/810/68 744/804/68 739/803/68
f 740/811/69 833/800/69 736/812/69
f 854/796/68 742/790/68 741/792/68
f 729/801/68 733/806/68 840/799/68
f 760/813/76 755/808/76 761/814/76
f 753/815/70 835/816/70 856/810/70
f 751/817/1 746/818/1 747/819/1
f 754/820/68 749/821/68 755/808/68
f 759/822/77 756/823/77 758/824/77
f 747/819/78 752/802/78 753/815/78
f 754/820/72 734/825/72 735/793/72
f 750/826/79 749/821/79 748/827/79
f 758/824/2 761/814/2 759/822/2
f 752/802/69 757/828/69 753/815/69
f 773/829/70 769/830/70 776/831/70
f 841/832/69 766/833/69 767/834/69
f 830/835/72 853/836/72 850/837/72
f 768/838/72 763/839/72 762/840/72
f 775/841/70 787/842/70 789/843/70
f 765/844/70 774/845/70 764/846/70
f 821/847/72 786/848/72 792/849/72
f 853/836/69 776/831/69 769/830/69
f 775/841/68 852/850/68 770/851/68
f 851/852/69 774/845/69 771/853/69
f 773/829/68 850/837/68 772/854/68
f 763/839/68 764/846/68 762/840/68
f 786/848/76 791/855/76 792/849/76
f 852/850/72 784/856/72 778/857/72
f 782/858/1 777/859/1 781/860/1
f 780/861/68 785/862/68 786/848/68
f 787/842/77 790/863/77 789/843/77
f 778/857/78 783/864/78 777/859/78
f 767/834/70 779/865/70 781/860/70
f 781/860/79 780/861/79 782/858/79
f 792/849/2 789/843/2 790/863/2
f 788/866/69 783/864/69 784/856/69
f 812/867/72 802/868/72 803/869/72
f 813/870/69 809/871/69 812/867/69
f 816/872/70 806/873/70 807/874/70
f 802/868/68 806/873/68 803/869/68
f 795/875/2 800/876/2 796/877/2
f 799/878/1 793/879/1 794/880/1
f 805/881/70 799/878/70 794/880/70
f 804/882/68 794/880/68 793/879/68
f 815/883/69 797/884/69 810/885/69
f 800/876/70 808/886/70 796/877/70
f 799/878/69 811/887/69 798/888/69
f 798/888/72 804/882/72 793/879/72
f 795/875/68 808/886/68 801/889/68
f 802/868/2 816/872/2 807/874/2
f 801/889/1 815/883/1 810/885/1
f 804/882/2 814/890/2 805/881/2
f 803/869/1 813/870/1 812/867/1
f 810/885/72 795/875/72 801/889/72
f 729/801/70 827/891/70 818/892/70
f 826/893/1 824/894/1 823/895/1
f 730/896/69 819/897/69 820/898/69
f 762/840/2 833/800/2 729/801/2
f 826/893/70 737/797/70 829/899/70
f 835/900/70 820/898/70 828/901/70
f 825/902/1 820/898/1 819/897/1
f 768/838/72 817/903/72 822/904/72
f 832/905/2 834/798/2 830/906/2
f 831/907/2 730/896/2 835/900/2
f 832/905/72 823/895/72 824/894/72
f 821/908/72 825/902/72 819/897/72
f 737/797/69 824/894/69 829/899/69
f 828/901/68 831/907/68 835/900/68
f 833/800/69 822/904/69 827/891/69
f 826/893/68 830/906/68 834/798/68
f 817/903/1 827/891/1 822/904/1
f 837/909/70 736/812/70 840/799/70
f 844/910/2 846/911/2 843/912/2
f 838/913/69 731/795/69 839/914/69
f 763/839/1 736/812/1 851/852/1
f 849/915/70 854/916/70 846/911/70
f 839/914/70 856/810/70 848/917/70
f 845/918/2 839/914/2 848/917/2
f 836/919/72 851/852/72 842/920/72
f 854/916/1 853/836/1 850/837/1
f 852/850/1 731/795/1 841/832/1
f 844/910/72 850/837/72 853/836/72
f 845/918/72 841/832/72 838/913/72
f 844/910/69 855/921/69 849/915/69
f 852/850/68 848/917/68 856/810/68
f 842/920/69 736/812/69 847/922/69
f 850/837/68 846/911/68 854/916/68
f 836/919/2 847/922/2 837/909/2
f 857/923/1 859/924/1 858/925/1
f 860/926/2 861/927/2 862/928/2
f 859/924/80 861/927/80 858/925/80
f 858/925/81 860/926/81 857/923/81
f 857/923/82 862/928/82 859/924/82
f 863/929/1 864/930/1 865/931/1
f 866/932/2 868/933/2 867/934/2
f 867/934/83 865/931/83 864/930/83
f 866/932/81 864/930/81 863/929/81
f 868/933/84 863/929/84 865/931/84
f 869/935/1 870/936/1 871/937/1
f 872/938/2 874/939/2 873/940/2
f 873/940/80 871/937/80 870/936/80
f 872/938/85 870/936/85 869/935/85
f 874/939/86 869/935/86 871/937/86
f 875/941/1 877/942/1 876/943/1
f 878/944/2 879/945/2 880/946/2
f 877/942/83 879/945/83 876/943/83
f 876/943/85 878/944/85 875/941/85
f 875/941/87 880/946/87 877/942/87
f 889/947/83 886/948/83 888/949/83
f 941/950/80 884/951/80 942/952/80
f 945/953/80 940/954/80 881/955/80
f 890/956/83 883/957/83 882/958/83
f 884/951/2 891/959/2 942/952/2
f 952/960/2 890/956/2 940/954/2
f 885/961/1 889/947/1 888/949/1
f 945/953/1 882/958/1 883/957/1
f 903/962/80 900/963/80 905/964/80
f 938/965/83 896/966/83 897/967/83
f 939/968/83 893/969/83 892/970/83
f 895/971/80 904/972/80 894/973/80
f 899/974/2 900/963/2 896/966/2
f 939/968/2 901/975/2 898/976/2
f 902/977/1 938/965/1 897/967/1
f 895/971/1 892/970/1 893/969/1
f 925/978/83 915/979/83 916/980/83
f 926/981/2 922/982/2 925/978/2
f 929/983/80 919/984/80 920/985/80
f 915/979/1 919/984/1 916/980/1
f 910/986/85 909/987/85 908/988/85
f 912/989/81 906/990/81 907/991/81
f 927/992/80 907/991/80 918/993/80
f 917/994/1 907/991/1 906/990/1
f 928/995/2 910/986/2 923/996/2
f 913/997/80 921/998/80 909/987/80
f 912/989/2 924/999/2 911/1000/2
f 911/1000/83 917/994/83 906/990/83
f 908/988/1 921/998/1 914/1001/1
f 922/982/85 920/985/85 915/979/85
f 914/1001/81 928/995/81 923/996/81
f 924/999/85 918/993/85 917/994/85
f 916/980/81 926/981/81 925/978/81
f 923/996/83 908/988/83 914/1001/83
f 881/955/80 936/1002/80 931/1003/80
f 935/1004/81 934/1005/81 933/1006/81
f 939/968/85 881/955/85 892/970/85
f 941/1007/80 937/1008/80 935/1004/80
f 939/968/83 930/1009/83 932/1010/83
f 899/1011/85 941/1007/85 938/1012/85
f 899/1011/83 933/1006/83 934/1005/83
f 942/1013/2 934/1005/2 937/1008/2
f 940/954/2 932/1010/2 936/1002/2
f 941/1007/1 933/1006/1 938/1012/1
f 931/1003/81 932/1010/81 930/1009/81
f 950/1014/80 945/953/80 944/1015/80
f 948/1016/85 949/1017/85 947/1018/85
f 945/953/81 898/976/81 893/969/81
f 949/1017/80 884/1019/80 885/1020/80
f 943/1021/83 898/976/83 946/1022/83
f 885/1020/81 896/1023/81 897/1024/81
f 947/1018/83 896/1023/83 948/1016/83
f 948/1016/2 884/1019/2 951/1025/2
f 946/1022/2 952/960/2 950/1014/2
f 897/1024/1 949/1017/1 885/1020/1
f 946/1022/85 944/1015/85 943/1021/85
f 3/2/3 6/6/3 5/5/3
f 2/3/4 5/5/4 4/4/4
f 1/1/5 4/4/5 6/6/5
f 11/12/6 12/11/6 9/9/6
f 10/10/4 11/12/4 8/8/4
f 12/11/7 10/10/7 7/7/7
f 17/18/3 18/17/3 15/15/3
f 16/16/8 17/18/8 14/14/8
f 18/17/9 16/16/9 13/13/9
f 21/20/6 24/24/6 23/23/6
f 20/21/8 23/23/8 22/22/8
f 19/19/10 22/22/10 24/24/10
f 43/25/6 36/44/6 39/26/6
f 31/28/2 30/64/2 27/29/2
f 34/31/3 33/45/3 35/32/3
f 26/34/3 152/48/3 132/35/3
f 42/37/6 30/64/6 58/52/6
f 42/37/6 58/52/6 56/62/6
f 50/66/6 44/58/6 37/39/6
f 42/37/6 56/62/6 54/38/6
f 54/38/6 50/66/6 37/39/6
f 41/40/6 38/47/6 29/41/6
f 27/29/3 134/46/3 59/54/3
f 134/46/3 57/61/3 59/54/3
f 47/43/3 49/57/3 141/30/3
f 27/29/3 59/54/3 53/53/3
f 53/53/3 47/43/3 27/29/3
f 36/44/2 43/25/2 35/32/2
f 37/39/1 32/56/1 134/46/1
f 38/47/2 41/40/2 132/35/2
f 39/26/1 34/31/1 133/33/1
f 25/49/1 28/1026/1 29/50/1
f 58/52/88 52/60/88 53/53/88
f 32/56/3 141/30/3 49/57/3
f 32/56/3 49/57/3 45/59/3
f 55/67/3 57/61/3 134/46/3
f 32/56/3 45/59/3 51/55/3
f 51/55/3 55/67/3 134/46/3
f 49/57/4 48/65/4 44/58/4
f 52/60/1 46/63/1 47/43/1
f 57/61/15 55/67/15 54/38/15
f 44/58/16 50/66/16 51/55/16
f 31/28/6 37/39/6 44/58/6
f 31/28/6 44/58/6 48/65/6
f 52/60/6 58/52/6 30/64/6
f 31/28/6 48/65/6 46/63/6
f 46/63/6 52/60/6 30/64/6
f 48/65/17 49/57/17 47/43/17
f 56/62/8 58/52/8 59/54/8
f 50/66/2 54/38/2 55/67/2
f 73/68/3 70/90/3 77/69/3
f 140/71/2 60/86/2 63/72/2
f 69/74/6 151/89/6 65/75/6
f 67/77/6 66/93/6 139/78/6
f 71/92/3 78/99/3 84/105/3
f 71/92/3 84/105/3 88/81/3
f 92/95/3 63/72/3 76/80/3
f 90/82/3 92/95/3 76/80/3
f 76/80/3 71/92/3 88/81/3
f 62/83/3 72/94/3 75/84/3
f 91/104/6 131/1027/6 93/88/6
f 131/1027/6 60/86/6 93/88/6
f 140/71/6 83/98/6 81/101/6
f 140/71/6 81/101/6 87/87/6
f 60/86/6 140/71/6 87/87/6
f 151/89/2 69/74/2 77/69/2
f 76/80/1 131/1027/1 150/91/1
f 66/93/2 67/77/2 75/84/2
f 74/70/1 68/76/1 65/75/1
f 139/78/1 62/83/1 61/85/1
f 87/87/88 86/102/88 92/95/88
f 83/98/6 140/71/6 150/91/6
f 131/1027/6 91/104/6 89/103/6
f 131/1027/6 89/103/6 85/96/6
f 79/97/6 83/98/6 150/91/6
f 150/91/6 131/1027/6 85/96/6
f 83/98/4 79/97/4 78/99/4
f 81/101/1 80/106/1 86/102/1
f 90/82/12 88/81/12 89/103/12
f 79/97/16 85/96/16 84/105/16
f 78/99/3 71/92/3 64/73/3
f 63/72/3 92/95/3 86/102/3
f 63/72/3 86/102/3 80/106/3
f 82/100/3 78/99/3 64/73/3
f 64/73/3 63/72/3 80/106/3
f 80/106/14 81/101/14 83/98/14
f 93/88/8 92/95/8 90/82/8
f 85/96/2 89/103/2 88/81/2
f 113/107/6 110/111/6 103/108/6
f 113/107/2 114/130/2 117/110/2
f 117/110/3 114/130/3 107/112/3
f 104/109/1 103/108/1 108/113/1
f 98/114/8 101/125/8 97/115/8
f 100/117/4 99/128/4 94/118/4
f 115/120/3 100/117/3 95/119/3
f 105/122/1 106/121/1 95/119/1
f 116/123/2 101/125/2 98/114/2
f 101/125/3 116/123/3 109/126/3
f 100/117/2 115/120/2 112/127/2
f 99/128/6 112/127/6 105/122/6
f 96/116/1 97/115/1 109/126/1
f 110/111/8 117/110/8 108/113/8
f 102/129/4 109/126/4 116/123/4
f 112/127/8 115/120/8 106/121/8
f 104/109/4 107/112/4 114/130/4
f 111/124/6 98/114/6 96/116/6
f 25/131/3 132/1028/3 128/132/3
f 127/134/4 130/142/4 125/135/4
f 121/137/2 27/1029/2 60/138/2
f 67/140/8 132/1028/8 25/131/8
f 133/33/3 35/32/3 130/142/3
f 134/143/3 27/1029/3 121/137/3
f 129/144/4 121/137/4 120/139/4
f 67/140/6 122/141/6 118/146/6
f 69/148/8 35/32/8 133/33/8
f 60/138/8 27/1029/8 134/143/8
f 69/148/6 68/149/6 124/136/6
f 60/138/6 131/150/6 126/145/6
f 130/142/2 35/32/2 69/148/2
f 129/144/1 126/145/1 131/150/1
f 128/132/2 132/1028/2 67/140/2
f 127/134/1 124/136/1 68/149/1
f 119/133/4 128/132/4 123/147/4
f 147/151/3 152/172/3 26/152/3
f 144/154/8 149/171/8 146/155/8
f 137/157/2 140/169/2 141/158/2
f 26/152/4 152/172/4 66/160/4
f 146/155/3 149/171/3 33/45/3
f 138/159/3 141/158/3 32/162/3
f 137/157/8 138/159/8 148/163/8
f 135/165/6 139/161/6 66/160/6
f 34/31/4 33/45/4 151/167/4
f 32/162/4 141/158/4 140/169/4
f 143/156/6 65/168/6 151/167/6
f 145/164/6 150/170/6 140/169/6
f 144/154/2 151/167/2 33/45/2
f 150/170/1 145/164/1 148/163/1
f 142/166/2 66/160/2 152/172/2
f 65/168/1 143/156/1 146/155/1
f 142/166/8 147/151/8 136/153/8
f 155/174/20 158/178/20 157/177/20
f 154/175/2 157/177/2 156/176/2
f 155/174/21 153/173/21 156/176/21
f 163/184/22 164/183/22 161/181/22
f 162/182/2 163/184/2 160/180/2
f 161/181/23 164/183/23 162/182/23
f 166/186/20 169/190/20 170/189/20
f 168/188/1 169/190/1 166/186/1
f 167/187/24 170/189/24 168/188/24
f 172/193/22 173/192/22 176/196/22
f 172/193/1 175/195/1 174/194/1
f 171/191/89 174/194/89 176/196/89
f 190/197/22 185/1030/22 187/198/22
f 248/200/20 180/209/20 184/201/20
f 231/203/20 177/211/20 181/204/20
f 189/206/22 186/210/22 179/207/22
f 180/209/19 185/1030/19 190/197/19
f 186/210/19 189/206/19 182/205/19
f 248/200/18 183/202/18 188/199/18
f 231/203/18 178/208/18 179/207/18
f 200/212/20 198/224/20 203/213/20
f 197/215/22 193/225/22 247/216/22
f 195/218/22 194/227/22 240/219/22
f 192/221/20 199/226/20 202/222/20
f 197/215/19 203/213/19 198/224/19
f 195/218/19 202/222/19 199/226/19
f 201/214/18 196/217/18 247/216/18
f 192/228/18 191/1031/18 230/229/18
f 223/231/22 220/235/22 213/232/22
f 224/234/19 227/236/19 220/235/19
f 227/236/20 224/234/20 217/237/20
f 213/232/18 218/238/18 217/237/18
f 206/239/1 208/249/1 211/240/1
f 210/242/2 209/253/2 204/243/2
f 225/245/20 210/242/20 205/244/20
f 215/247/18 216/246/18 205/244/18
f 226/248/19 211/240/19 208/249/19
f 211/240/20 226/248/20 219/251/20
f 210/242/19 225/245/19 222/252/19
f 204/243/22 209/253/22 222/252/22
f 206/239/18 207/241/18 219/251/18
f 213/232/1 220/235/1 227/236/1
f 212/254/2 219/251/2 226/248/2
f 215/247/1 222/252/1 225/245/1
f 214/233/2 217/237/2 224/234/2
f 212/254/22 221/250/22 208/249/22
f 229/255/20 231/203/20 182/205/20
f 235/257/2 237/262/2 234/258/2
f 195/260/1 182/205/1 231/203/1
f 235/257/20 183/266/20 184/261/20
f 195/260/22 230/229/22 228/263/22
f 196/265/1 197/267/1 184/261/1
f 197/267/22 196/265/22 233/259/22
f 184/261/19 197/267/19 234/258/19
f 236/256/19 182/205/19 195/260/19
f 235/257/18 233/259/18 196/265/18
f 228/263/2 229/255/2 236/256/2
f 239/268/20 245/276/20 181/204/20
f 242/269/1 243/275/1 246/270/1
f 177/211/2 181/204/2 194/272/2
f 244/271/20 246/270/20 180/209/20
f 238/273/22 240/230/22 194/272/22
f 247/216/2 248/200/2 180/209/2
f 242/269/22 247/216/22 193/225/22
f 243/275/19 193/225/19 180/209/19
f 241/274/19 194/272/19 181/204/19
f 247/216/18 242/269/18 244/271/18
f 241/274/1 245/276/1 239/268/1
f 251/278/26 254/282/26 253/281/26
f 250/279/27 253/281/27 252/280/27
f 249/277/28 252/280/28 254/282/28
f 259/288/29 260/287/29 257/285/29
f 258/286/27 259/288/27 256/284/27
f 260/287/30 258/286/30 255/283/30
f 265/294/26 266/293/26 263/291/26
f 264/292/31 265/294/31 262/290/31
f 266/293/32 264/292/32 261/289/32
f 269/296/29 272/300/29 271/299/29
f 268/297/31 271/299/31 270/298/31
f 267/295/33 270/298/33 272/300/33
f 293/301/29 286/1032/29 289/302/29
f 275/304/2 279/338/2 278/305/2
f 282/307/26 281/320/26 284/308/26
f 273/310/26 400/322/26 384/311/26
f 292/315/29 278/305/29 308/326/29
f 292/315/29 308/326/29 306/337/29
f 300/313/29 294/331/29 287/314/29
f 292/315/29 306/337/29 304/336/29
f 304/336/29 300/313/29 292/315/29
f 291/316/29 288/1033/29 277/317/29
f 274/306/26 285/329/26 309/327/26
f 285/329/26 307/335/26 309/327/26
f 297/334/26 299/330/26 275/304/26
f 274/306/26 309/327/26 303/319/26
f 303/319/26 297/334/26 275/304/26
f 281/320/2 286/1032/2 293/301/2
f 280/321/1 285/329/1 292/315/1
f 400/322/2 288/1033/2 291/316/2
f 282/307/1 283/309/1 290/303/1
f 273/323/1 372/407/1 276/324/1
f 308/326/34 302/1034/34 303/319/34
f 280/321/26 275/304/26 299/330/26
f 280/321/26 299/330/26 295/332/26
f 305/340/26 307/335/26 285/329/26
f 280/321/26 295/332/26 301/328/26
f 301/328/26 305/340/26 285/329/26
f 299/330/27 298/339/27 294/331/27
f 303/319/1 302/1034/1 296/333/1
f 307/335/39 305/340/39 304/336/39
f 294/331/36 300/313/36 301/328/36
f 279/338/29 287/314/29 294/331/29
f 279/338/29 294/331/29 298/339/29
f 302/1034/29 308/326/29 278/305/29
f 279/338/29 298/339/29 296/333/29
f 296/333/29 302/1034/29 278/305/29
f 298/339/41 299/330/41 297/334/41
f 306/337/31 308/326/31 309/327/31
f 300/313/2 304/336/2 305/340/2
f 322/341/26 319/361/26 326/342/26
f 310/344/2 314/1035/2 315/345/2
f 383/347/29 399/362/29 317/348/29
f 318/350/29 398/367/29 389/351/29
f 320/363/26 327/375/26 333/382/26
f 320/363/26 333/382/26 325/353/26
f 333/382/26 337/354/26 325/353/26
f 341/371/26 314/1035/26 325/353/26
f 339/355/26 341/371/26 325/353/26
f 313/356/26 321/366/26 324/357/26
f 340/379/29 382/364/29 342/360/29
f 382/364/29 310/344/29 342/360/29
f 311/346/29 332/374/29 330/380/29
f 311/346/29 330/380/29 310/344/29
f 330/380/29 336/359/29 310/344/29
f 383/347/2 326/342/2 319/361/2
f 320/363/1 325/353/1 382/364/1
f 318/350/2 324/357/2 321/366/2
f 322/341/1 323/343/1 381/349/1
f 313/368/1 312/1036/1 371/369/1
f 336/359/38 335/378/38 341/371/38
f 332/374/29 311/346/29 316/365/29
f 382/364/29 340/379/29 338/381/29
f 382/364/29 338/381/29 334/372/29
f 328/373/29 332/374/29 316/365/29
f 316/365/29 382/364/29 334/372/29
f 332/374/27 328/373/27 327/375/27
f 336/359/1 330/380/1 329/377/1
f 337/354/35 338/381/35 340/379/35
f 334/372/36 333/382/36 327/375/36
f 327/375/26 320/363/26 315/345/26
f 314/1035/26 341/371/26 335/378/26
f 314/1035/26 335/378/26 329/377/26
f 331/376/26 327/375/26 315/345/26
f 315/345/26 314/1035/26 329/377/26
f 331/376/41 329/377/41 330/380/41
f 342/360/31 341/371/31 339/355/31
f 338/381/2 337/354/2 333/382/2
f 362/383/29 359/387/29 352/384/29
f 362/383/2 363/406/2 366/386/2
f 366/386/26 363/406/26 356/388/26
f 353/385/1 352/384/1 357/389/1
f 347/390/31 350/401/31 346/391/31
f 349/393/27 348/404/27 343/394/27
f 364/396/26 349/393/26 344/395/26
f 354/398/1 355/397/1 344/395/1
f 365/399/2 350/401/2 347/390/2
f 350/401/26 365/399/26 358/402/26
f 349/393/2 364/396/2 361/403/2
f 348/404/29 361/403/29 354/398/29
f 345/392/1 346/391/1 358/402/1
f 359/387/31 366/386/31 357/389/31
f 351/405/27 358/402/27 365/399/27
f 361/403/31 364/396/31 355/397/31
f 353/385/27 356/388/27 363/406/27
f 360/400/29 347/390/29 345/392/29
f 372/407/26 384/421/26 378/408/26
f 377/410/27 380/416/27 375/411/27
f 274/306/2 310/344/2 369/413/2
f 318/415/31 384/421/31 372/407/31
f 283/309/26 284/308/26 380/416/26
f 285/329/26 274/306/26 370/414/26
f 379/417/27 370/414/27 369/413/27
f 318/415/29 371/369/29 367/419/29
f 383/347/31 284/308/31 283/309/31
f 310/344/31 274/306/31 285/329/31
f 383/347/29 381/349/29 374/412/29
f 310/344/29 382/364/29 376/418/29
f 284/308/2 383/347/2 375/411/2
f 379/417/1 376/418/1 382/364/1
f 384/421/2 318/415/2 373/420/2
f 377/410/1 374/412/1 381/349/1
f 368/409/27 378/408/27 373/420/27
f 395/422/26 400/439/26 273/323/26
f 392/424/31 397/438/31 394/425/31
f 388/427/2 387/432/2 311/346/2
f 273/323/27 400/439/27 398/428/27
f 394/425/26 397/438/26 281/429/26
f 388/427/26 275/304/26 280/321/26
f 387/432/31 388/427/31 396/431/31
f 385/434/29 389/370/29 398/428/29
f 282/430/27 281/429/27 399/436/27
f 280/321/27 275/304/27 311/346/27
f 391/426/29 317/437/29 399/436/29
f 393/433/29 316/365/29 311/346/29
f 397/438/2 392/424/2 399/436/2
f 316/365/1 393/433/1 396/431/1
f 395/422/2 390/435/2 398/428/2
f 317/437/1 391/426/1 394/425/1
f 390/435/31 395/422/31 386/423/31
f 403/441/42 406/445/42 405/444/42
f 402/442/43 405/444/43 404/443/43
f 401/440/44 404/443/44 406/445/44
f 411/451/45 412/450/45 409/448/45
f 410/449/43 411/451/43 408/447/43
f 412/450/46 410/449/46 407/446/46
f 417/457/42 418/456/42 415/454/42
f 416/455/47 417/457/47 414/453/47
f 418/456/48 416/455/48 413/452/48
f 421/459/49 424/463/49 423/462/49
f 420/460/47 423/462/47 422/461/47
f 419/458/50 422/461/50 424/463/50
f 439/464/45 442/1037/45 435/465/45
f 430/467/2 429/498/2 524/468/2
f 537/470/42 433/1038/42 432/471/42
f 425/473/42 552/485/42 536/474/42
f 441/478/45 429/498/45 457/486/45
f 441/478/45 457/486/45 455/495/45
f 449/476/45 443/1039/45 436/477/45
f 441/478/45 455/495/45 453/497/45
f 453/497/45 449/476/45 441/478/45
f 440/479/45 437/484/45 428/480/45
f 524/468/42 538/483/42 458/488/42
f 538/483/42 456/499/42 458/488/42
f 446/482/42 448/493/42 426/469/42
f 524/468/42 458/488/42 452/487/42
f 452/487/42 446/482/42 524/468/42
f 435/465/2 442/1037/2 434/472/2
f 436/477/1 431/490/1 538/483/1
f 437/484/2 440/479/2 536/474/2
f 438/466/1 433/1038/1 537/470/1
f 522/475/1 427/481/1 428/480/1
f 457/486/51 451/1040/51 452/487/51
f 431/490/42 426/469/42 448/493/42
f 431/490/42 448/493/42 444/492/42
f 454/496/42 456/499/42 538/483/42
f 431/490/42 444/492/42 450/489/42
f 450/489/42 454/496/42 538/483/42
f 447/491/43 443/1039/43 444/492/43
f 452/487/1 451/1040/1 445/494/1
f 455/495/52 456/499/52 454/496/52
f 444/492/53 443/1039/53 449/476/53
f 430/467/45 436/477/45 447/491/45
f 436/477/45 443/1039/45 447/491/45
f 451/1040/45 457/486/45 429/498/45
f 430/467/45 447/491/45 445/494/45
f 445/494/45 451/1040/45 429/498/45
f 448/493/54 446/482/54 445/494/54
f 455/495/47 457/486/47 458/488/47
f 449/476/2 453/497/2 454/496/2
f 473/500/42 472/526/42 469/501/42
f 460/503/2 523/518/2 463/504/2
f 535/506/45 551/521/45 466/507/45
f 468/509/45 467/524/45 459/510/45
f 470/523/55 477/539/55 483/541/55
f 470/523/42 483/541/42 487/513/42
f 491/530/42 463/504/42 475/512/42
f 489/514/42 491/530/42 475/512/42
f 475/512/42 470/523/42 487/513/42
f 462/515/42 471/525/42 474/516/42
f 490/538/45 534/1041/45 492/520/45
f 534/1041/45 523/518/45 492/520/45
f 460/503/45 482/534/45 480/535/45
f 460/503/45 480/535/45 486/519/45
f 523/518/45 460/503/45 486/519/45
f 551/521/2 535/506/2 476/502/2
f 475/512/1 534/1041/1 465/522/1
f 467/524/2 468/509/2 474/516/2
f 473/500/1 533/508/1 466/507/1
f 459/527/1 462/1042/1 461/528/1
f 486/519/51 485/536/51 491/530/51
f 482/534/45 460/503/45 465/522/45
f 534/1041/45 490/538/45 488/537/45
f 534/1041/45 488/537/45 484/531/45
f 478/532/45 482/534/45 465/522/45
f 465/522/45 534/1041/45 484/531/45
f 478/532/43 477/539/43 481/533/43
f 480/535/1 479/540/1 485/536/1
f 489/514/52 487/513/52 488/537/52
f 484/531/53 483/541/53 477/539/53
f 477/539/42 470/523/42 464/505/42
f 463/504/42 491/530/42 485/536/42
f 463/504/42 485/536/42 464/505/42
f 485/536/42 479/540/42 464/505/42
f 481/533/42 477/539/42 464/505/42
f 481/533/54 479/540/54 480/535/54
f 492/520/47 491/530/47 489/514/47
f 484/531/2 488/537/2 487/513/2
f 512/542/45 509/546/45 502/543/45
f 513/545/2 516/547/2 509/546/2
f 516/547/42 513/545/42 506/548/42
f 502/543/1 507/549/1 506/548/1
f 497/550/47 500/561/47 496/551/47
f 499/553/43 498/564/43 493/554/43
f 514/556/42 499/553/42 494/555/42
f 504/558/1 505/557/1 494/555/1
f 515/559/2 500/561/2 497/550/2
f 500/561/42 515/559/42 508/562/42
f 499/553/2 514/556/2 511/563/2
f 498/564/45 511/563/45 504/558/45
f 495/552/1 496/551/1 508/562/1
f 509/546/47 516/547/47 507/549/47
f 501/565/43 508/562/43 515/559/43
f 511/563/47 514/556/47 505/557/47
f 503/544/43 506/548/43 513/545/43
f 510/560/45 497/550/45 495/552/45
f 522/566/42 536/1043/42 530/567/42
f 529/569/43 532/577/43 527/570/43
f 520/572/2 524/1044/2 523/573/2
f 468/575/47 536/1043/47 522/566/47
f 537/470/42 434/472/42 532/577/42
f 538/578/42 524/1044/42 520/572/42
f 531/579/43 520/572/43 519/574/43
f 468/575/45 521/576/45 517/581/45
f 535/506/47 434/472/47 537/470/47
f 523/573/47 524/1044/47 538/578/47
f 535/506/45 533/508/45 526/571/45
f 523/573/45 534/583/45 528/580/45
f 532/577/2 434/472/2 535/506/2
f 531/579/1 528/580/1 534/583/1
f 530/567/2 536/1043/2 468/575/2
f 529/569/1 526/571/1 533/508/1
f 518/568/43 530/567/43 525/582/43
f 548/584/42 552/485/42 425/473/42
f 545/586/47 550/600/47 547/587/47
f 541/589/2 460/503/2 426/469/2
f 425/473/43 552/485/43 467/591/43
f 547/587/42 550/600/42 432/592/42
f 542/590/42 426/469/42 431/490/42
f 541/589/47 542/590/47 549/594/47
f 539/596/45 459/527/45 467/591/45
f 433/593/43 432/592/43 551/598/43
f 431/490/43 426/469/43 460/503/43
f 544/588/45 466/599/45 551/598/45
f 546/595/45 465/522/45 460/503/45
f 545/586/2 551/598/2 432/592/2
f 431/490/1 465/522/1 546/595/1
f 543/597/2 467/591/2 552/485/2
f 433/593/1 466/599/1 544/588/1
f 543/597/47 548/584/47 540/585/47
f 555/602/56 558/606/56 557/605/56
f 554/603/57 557/605/57 556/604/57
f 553/601/58 556/604/58 558/606/58
f 563/612/59 564/611/59 561/609/59
f 562/610/57 563/612/57 560/608/57
f 564/611/60 562/610/60 559/607/60
f 569/618/56 570/617/56 567/615/56
f 568/616/61 569/618/61 566/614/61
f 570/617/62 568/616/62 565/613/62
f 573/620/59 576/624/59 575/623/59
f 572/621/61 575/623/61 574/622/61
f 571/619/63 574/622/63 576/624/63
f 591/625/59 584/1045/59 587/626/59
f 692/628/2 580/662/2 579/629/2
f 702/631/56 703/644/56 582/632/56
f 690/634/56 581/646/56 683/635/56
f 590/637/59 579/629/59 606/1046/59
f 590/637/59 606/1046/59 604/660/59
f 598/661/59 592/655/59 585/639/59
f 590/637/59 604/660/59 602/638/59
f 602/638/59 598/661/59 585/639/59
f 589/640/59 586/1047/59 578/641/59
f 671/630/56 583/653/56 607/650/56
f 583/653/56 605/659/56 607/650/56
f 595/658/56 597/654/56 692/628/56
f 671/630/56 607/650/56 601/643/56
f 601/643/56 595/658/56 692/628/56
f 703/644/2 584/1045/2 591/625/2
f 704/645/1 583/653/1 590/637/1
f 581/646/2 586/1047/2 589/640/2
f 702/631/1 684/633/1 588/627/1
f 690/647/1 669/728/1 577/648/1
f 607/650/64 606/1046/64 600/651/64
f 704/645/56 692/628/56 597/654/56
f 704/645/56 597/654/56 593/656/56
f 603/664/56 605/659/56 583/653/56
f 704/645/56 593/656/56 599/652/56
f 599/652/56 603/664/56 583/653/56
f 597/654/57 596/663/57 592/655/57
f 601/643/1 600/651/1 594/657/1
f 605/659/65 603/664/65 602/638/65
f 593/656/66 592/655/66 598/661/66
f 580/662/59 585/639/59 592/655/59
f 580/662/59 592/655/59 596/663/59
f 600/651/59 606/1046/59 579/629/59
f 580/662/59 596/663/59 594/657/59
f 594/657/59 600/651/59 579/629/59
f 597/654/67 595/658/67 594/657/67
f 604/660/61 606/1046/61 607/650/61
f 598/661/2 602/638/2 603/664/2
f 619/665/56 616/687/56 623/666/56
f 691/668/2 670/683/2 610/669/2
f 615/671/59 612/686/59 613/672/59
f 681/674/59 614/690/59 689/675/59
f 617/689/56 624/696/56 630/703/56
f 617/689/56 630/703/56 634/678/56
f 638/692/56 610/669/56 622/677/56
f 636/679/56 638/692/56 622/677/56
f 622/677/56 617/689/56 634/678/56
f 609/680/56 618/691/56 621/681/56
f 637/701/59 682/1048/59 639/685/59
f 682/1048/59 670/683/59 639/685/59
f 691/668/59 629/695/59 627/698/59
f 691/668/59 627/698/59 633/684/59
f 670/683/59 691/668/59 633/684/59
f 612/686/2 615/671/2 623/666/2
f 622/677/1 682/1048/1 701/688/1
f 614/690/2 681/674/2 621/681/2
f 620/667/1 680/673/1 613/672/1
f 689/675/1 609/680/1 608/682/1
f 633/684/64 632/699/64 638/692/64
f 629/695/59 691/668/59 701/688/59
f 682/1048/59 637/701/59 635/700/59
f 682/1048/59 635/700/59 701/688/59
f 635/700/59 631/693/59 701/688/59
f 625/694/59 629/695/59 701/688/59
f 629/695/57 625/694/57 624/696/57
f 627/698/1 626/702/1 632/699/1
f 636/679/65 634/678/65 635/700/65
f 631/693/66 630/703/66 624/696/66
f 624/696/56 617/689/56 611/670/56
f 610/669/56 638/692/56 632/699/56
f 610/669/56 632/699/56 626/702/56
f 628/697/56 624/696/56 611/670/56
f 611/670/56 610/669/56 626/702/56
f 628/697/67 626/702/67 627/698/67
f 639/685/61 638/692/61 636/679/61
f 631/693/2 635/700/2 634/678/2
f 659/704/59 656/708/59 649/705/59
f 660/707/2 663/709/2 656/708/2
f 663/709/56 660/707/56 653/710/56
f 649/705/1 654/711/1 653/710/1
f 644/712/61 647/722/61 643/713/61
f 646/715/57 645/724/57 640/716/57
f 661/718/56 646/715/56 641/717/56
f 640/716/1 651/726/1 652/719/1
f 662/720/2 647/722/2 644/712/2
f 647/722/56 662/720/56 655/723/56
f 645/724/2 646/715/2 661/718/2
f 645/724/59 658/725/59 651/726/59
f 642/714/1 643/713/1 655/723/1
f 656/708/61 663/709/61 654/711/61
f 648/727/57 655/723/57 662/720/57
f 658/725/61 661/718/61 652/719/61
f 650/706/57 653/710/57 660/707/57
f 657/721/59 644/712/59 642/714/59
f 669/728/56 683/1049/56 677/729/56
f 676/731/57 679/738/57 674/732/57
f 667/734/2 671/630/2 670/735/2
f 681/674/61 683/1049/61 669/728/61
f 684/737/56 582/1050/56 679/738/56
f 583/653/56 671/630/56 667/734/56
f 678/739/57 667/734/57 666/736/57
f 681/674/59 668/676/59 664/741/59
f 615/743/61 582/1050/61 684/737/61
f 670/735/61 671/630/61 583/653/61
f 615/743/59 680/744/59 673/733/59
f 670/735/59 682/745/59 675/740/59
f 679/738/2 582/1050/2 615/743/2
f 678/739/1 675/740/1 682/745/1
f 677/729/2 683/1049/2 681/674/2
f 676/731/1 673/733/1 680/744/1
f 665/730/57 677/729/57 672/742/57
f 686/746/56 698/765/56 581/747/56
f 695/749/61 700/757/61 697/750/61
f 688/752/2 687/760/2 691/753/2
f 690/748/57 581/747/57 614/755/57
f 700/757/56 703/644/56 702/631/56
f 688/752/56 692/754/56 704/758/56
f 687/760/61 688/752/61 699/759/61
f 685/762/59 689/756/59 614/755/59
f 702/631/57 703/644/57 612/686/57
f 704/758/57 692/754/57 691/753/57
f 694/751/59 613/672/59 612/686/59
f 696/761/59 701/764/59 691/753/59
f 700/757/2 695/749/2 612/686/2
f 701/764/1 696/761/1 699/759/1
f 698/765/2 693/763/2 614/755/2
f 613/672/1 694/751/1 697/750/1
f 693/763/61 698/765/61 686/746/61
f 707/767/70 710/771/70 709/770/70
f 705/766/1 706/768/1 709/770/1
f 705/766/71 708/769/71 710/771/71
f 715/777/72 716/776/72 713/774/72
f 714/775/1 715/777/1 712/773/1
f 713/774/73 716/776/73 714/775/73
f 718/779/70 721/783/70 722/782/70
f 717/778/2 720/781/2 721/783/2
f 722/782/74 720/781/74 717/778/74
f 724/786/72 725/785/72 728/789/72
f 724/786/2 727/788/2 726/787/2
f 725/785/75 723/784/75 726/787/75
f 742/790/72 745/1051/72 738/791/72
f 735/793/69 734/825/69 730/794/69
f 854/796/70 855/809/70 737/797/70
f 840/799/70 736/812/70 833/800/70
f 744/804/72 734/825/72 760/813/72
f 744/804/72 760/813/72 758/824/72
f 752/802/72 746/818/72 739/803/72
f 744/804/72 758/824/72 756/823/72
f 756/823/72 752/802/72 744/804/72
f 743/805/72 740/811/72 733/806/72
f 730/794/70 835/816/70 759/822/70
f 730/794/70 759/822/70 761/814/70
f 749/821/70 751/817/70 731/795/70
f 730/794/70 761/814/70 755/808/70
f 755/808/70 749/821/70 731/795/70
f 738/791/69 745/1051/69 737/797/69
f 856/810/68 835/816/68 744/804/68
f 740/811/69 743/805/69 833/800/69
f 854/796/68 834/798/68 742/790/68
f 729/801/68 732/807/68 733/806/68
f 760/813/76 754/820/76 755/808/76
f 856/810/70 731/795/70 751/817/70
f 856/810/70 751/817/70 747/819/70
f 757/828/70 759/822/70 835/816/70
f 856/810/70 747/819/70 753/815/70
f 753/815/70 757/828/70 835/816/70
f 751/817/1 750/826/1 746/818/1
f 754/820/68 748/827/68 749/821/68
f 759/822/77 757/828/77 756/823/77
f 747/819/78 746/818/78 752/802/78
f 735/793/72 739/803/72 746/818/72
f 735/793/72 746/818/72 750/826/72
f 754/820/72 760/813/72 734/825/72
f 735/793/72 750/826/72 748/827/72
f 748/827/72 754/820/72 735/793/72
f 750/826/79 751/817/79 749/821/79
f 758/824/2 760/813/2 761/814/2
f 752/802/69 756/823/69 757/828/69
f 773/829/70 772/854/70 769/830/70
f 841/832/69 821/847/69 766/833/69
f 830/835/72 832/1052/72 853/836/72
f 768/838/72 851/852/72 763/839/72
f 770/851/70 777/859/70 783/864/70
f 770/851/70 783/864/70 775/841/70
f 783/864/70 787/842/70 775/841/70
f 791/855/70 766/833/70 775/841/70
f 789/843/70 791/855/70 775/841/70
f 765/844/70 771/853/70 774/845/70
f 790/863/72 831/1053/72 792/849/72
f 831/1053/72 821/847/72 792/849/72
f 841/832/72 782/858/72 780/861/72
f 841/832/72 780/861/72 786/848/72
f 821/847/72 841/832/72 786/848/72
f 853/836/69 832/1052/69 776/831/69
f 775/841/68 831/1053/68 852/850/68
f 851/852/69 768/838/69 774/845/69
f 773/829/68 830/835/68 850/837/68
f 763/839/68 765/844/68 764/846/68
f 786/848/76 785/862/76 791/855/76
f 782/858/72 841/832/72 852/850/72
f 831/1053/72 790/863/72 788/866/72
f 831/1053/72 788/866/72 784/856/72
f 778/857/72 782/858/72 852/850/72
f 852/850/72 831/1053/72 784/856/72
f 782/858/1 778/857/1 777/859/1
f 780/861/68 779/865/68 785/862/68
f 787/842/77 788/866/77 790/863/77
f 778/857/78 784/856/78 783/864/78
f 777/859/70 770/851/70 781/860/70
f 770/851/70 767/834/70 781/860/70
f 766/833/70 791/855/70 785/862/70
f 766/833/70 785/862/70 779/865/70
f 767/834/70 766/833/70 779/865/70
f 781/860/79 779/865/79 780/861/79
f 792/849/2 791/855/2 789/843/2
f 788/866/69 787/842/69 783/864/69
f 812/867/72 809/871/72 802/868/72
f 813/870/69 816/872/69 809/871/69
f 816/872/70 813/870/70 806/873/70
f 802/868/68 807/874/68 806/873/68
f 795/875/2 797/884/2 800/876/2
f 799/878/1 798/888/1 793/879/1
f 805/881/70 814/890/70 799/878/70
f 804/882/68 805/881/68 794/880/68
f 815/883/69 800/876/69 797/884/69
f 800/876/70 815/883/70 808/886/70
f 799/878/69 814/890/69 811/887/69
f 798/888/72 811/887/72 804/882/72
f 795/875/68 796/877/68 808/886/68
f 802/868/2 809/871/2 816/872/2
f 801/889/1 808/886/1 815/883/1
f 804/882/2 811/887/2 814/890/2
f 803/869/1 806/873/1 813/870/1
f 810/885/72 797/884/72 795/875/72
f 729/801/70 833/800/70 827/891/70
f 826/893/1 829/899/1 824/894/1
f 730/896/69 821/908/69 819/897/69
f 762/840/2 768/838/2 833/800/2
f 826/893/70 834/798/70 737/797/70
f 835/900/70 730/896/70 820/898/70
f 825/902/1 828/901/1 820/898/1
f 768/838/72 762/840/72 817/903/72
f 832/905/2 737/797/2 834/798/2
f 831/907/2 821/908/2 730/896/2
f 832/905/72 830/906/72 823/895/72
f 821/908/72 831/907/72 825/902/72
f 737/797/69 832/905/69 824/894/69
f 828/901/68 825/902/68 831/907/68
f 833/800/69 768/838/69 822/904/69
f 826/893/68 823/895/68 830/906/68
f 817/903/1 818/892/1 827/891/1
f 837/909/70 847/922/70 736/812/70
f 844/910/2 849/915/2 846/911/2
f 838/913/69 841/832/69 731/795/69
f 763/839/1 840/799/1 736/812/1
f 849/915/70 855/921/70 854/916/70
f 839/914/70 731/795/70 856/810/70
f 845/918/2 838/913/2 839/914/2
f 836/919/72 763/839/72 851/852/72
f 854/916/1 855/921/1 853/836/1
f 852/850/1 856/810/1 731/795/1
f 844/910/72 843/912/72 850/837/72
f 845/918/72 852/850/72 841/832/72
f 844/910/69 853/836/69 855/921/69
f 852/850/68 845/918/68 848/917/68
f 842/920/69 851/852/69 736/812/69
f 850/837/68 843/912/68 846/911/68
f 836/919/2 842/920/2 847/922/2
f 859/924/80 862/928/80 861/927/80
f 858/925/81 861/927/81 860/926/81
f 857/923/82 860/926/82 862/928/82
f 867/934/83 868/933/83 865/931/83
f 866/932/81 867/934/81 864/930/81
f 868/933/84 866/932/84 863/929/84
f 873/940/80 874/939/80 871/937/80
f 872/938/85 873/940/85 870/936/85
f 874/939/86 872/938/86 869/935/86
f 877/942/83 880/946/83 879/945/83
f 876/943/85 879/945/85 878/944/85
f 875/941/87 878/944/87 880/946/87
f 889/947/83 891/959/83 886/948/83
f 941/950/80 885/961/80 884/951/80
f 945/953/80 952/960/80 940/954/80
f 890/956/83 887/1054/83 883/957/83
f 884/951/2 886/948/2 891/959/2
f 952/960/2 887/1054/2 890/956/2
f 885/961/1 941/950/1 889/947/1
f 945/953/1 881/955/1 882/958/1
f 903/962/80 902/977/80 900/963/80
f 938/965/83 899/974/83 896/966/83
f 939/968/83 898/976/83 893/969/83
f 895/971/80 901/975/80 904/972/80
f 899/974/2 905/964/2 900/963/2
f 939/968/2 904/972/2 901/975/2
f 902/977/1 903/962/1 938/965/1
f 895/971/1 894/973/1 892/970/1
f 925/978/83 922/982/83 915/979/83
f 926/981/2 929/983/2 922/982/2
f 929/983/80 926/981/80 919/984/80
f 915/979/1 920/985/1 919/984/1
f 910/986/85 913/997/85 909/987/85
f 912/989/81 911/1000/81 906/990/81
f 927/992/80 912/989/80 907/991/80
f 917/994/1 918/993/1 907/991/1
f 928/995/2 913/997/2 910/986/2
f 913/997/80 928/995/80 921/998/80
f 912/989/2 927/992/2 924/999/2
f 911/1000/83 924/999/83 917/994/83
f 908/988/1 909/987/1 921/998/1
f 922/982/85 929/983/85 920/985/85
f 914/1001/81 921/998/81 928/995/81
f 924/999/85 927/992/85 918/993/85
f 916/980/81 919/984/81 926/981/81
f 923/996/83 910/986/83 908/988/83
f 881/955/80 940/954/80 936/1002/80
f 935/1004/81 937/1008/81 934/1005/81
f 939/968/85 940/954/85 881/955/85
f 941/1007/80 942/1013/80 937/1008/80
f 939/968/83 892/970/83 930/1009/83
f 899/1011/85 942/1013/85 941/1007/85
f 899/1011/83 938/1012/83 933/1006/83
f 942/1013/2 899/1011/2 934/1005/2
f 940/954/2 939/968/2 932/1010/2
f 941/1007/1 935/1004/1 933/1006/1
f 931/1003/81 936/1002/81 932/1010/81
f 950/1014/80 952/960/80 945/953/80
f 948/1016/85 951/1025/85 949/1017/85
f 945/953/81 952/960/81 898/976/81
f 949/1017/80 951/1025/80 884/1019/80
f 943/1021/83 893/969/83 898/976/83
f 885/1020/81 884/1019/81 896/1023/81
f 947/1018/83 897/1024/83 896/1023/83
f 948/1016/2 896/1023/2 884/1019/2
f 946/1022/2 898/976/2 952/960/2
f 897/1024/1 947/1018/1 949/1017/1
f 946/1022/85 950/1014/85 944/1015/85
