# Blender 4.4.0
# www.blender.org
mtllib Prop_Scarecrow_02.mtl
o Prop_Scarecrow_02
v 0.781639 1.659297 -0.064387
v 0.781639 1.660385 -0.050543
v 0.962513 1.655553 -0.052142
v 0.781639 1.657226 -0.064881
v 0.927380 1.657780 -0.058485
v 0.781639 1.658314 -0.051037
v 0.889458 1.657500 -0.060725
v 0.889203 1.656852 -0.052328
v 0.889231 1.658908 -0.060835
v 0.889203 1.655994 -0.052529
v 0.837609 1.661178 -0.067919
v 0.837647 1.659847 -0.031112
v 0.973738 1.661357 -0.030323
v 0.837647 1.660542 -0.043421
v 0.837647 1.660542 -0.055730
v 0.946967 1.658183 -0.053811
v 0.942585 1.660296 -0.039872
v 0.837647 1.660542 -0.037267
v 0.837647 1.663157 -0.068039
v 0.990111 1.662911 -0.060301
v 0.837647 1.663157 -0.031112
v 0.837647 1.663157 -0.043421
v 0.837647 1.663157 -0.055730
v 0.946967 1.661444 -0.053811
v 0.973568 1.657288 -0.047053
v 0.942585 1.661587 -0.039872
v 0.837647 1.663157 -0.037267
v 0.954146 1.659155 -0.030436
v 0.954145 1.657089 -0.030436
v 0.954647 1.657651 -0.036175
v 0.954647 1.656558 -0.036175
v 0.966184 1.653912 -0.056702
v 0.966196 1.654178 -0.061393
v 0.966185 1.657270 -0.056702
v 0.966235 1.656962 -0.061512
v 0.909103 1.657181 -0.054520
v 0.909103 1.657942 -0.038910
v 0.909103 1.655477 -0.045421
v 0.909103 1.656906 -0.045456
v 0.909103 1.661547 -0.064271
v 0.909103 1.659242 -0.030701
v 0.909103 1.658864 -0.064150
v 0.909103 1.660423 -0.054514
v 0.909103 1.656352 -0.030696
v 0.909103 1.660568 -0.038956
v 0.760715 1.658056 -0.052653
v 0.760730 1.658056 -0.035602
v 0.996842 1.659342 -0.037253
v 0.760598 1.655501 -0.052870
v 0.961710 1.657747 -0.043394
v 0.760730 1.655276 -0.035602
v 0.923787 1.655090 -0.045063
v 0.923532 1.656390 -0.036741
v 0.923560 1.656390 -0.045487
v 0.923532 1.655527 -0.036741
v 0.772093 1.701723 -0.032407
v 0.772093 1.705027 -0.046251
v 0.952966 1.706715 -0.044652
v 0.772093 1.703794 -0.031912
v 0.917834 1.706842 -0.038309
v 0.772093 1.707098 -0.045757
v 0.879912 1.707912 -0.036069
v 0.879657 1.708560 -0.044465
v 0.879685 1.706503 -0.035958
v 0.879657 1.709418 -0.044265
v 0.828062 1.704234 -0.028875
v 0.828101 1.705565 -0.065682
v 0.964192 1.703410 -0.066471
v 0.828101 1.704870 -0.053373
v 0.828101 1.704870 -0.041064
v 0.937421 1.706026 -0.042982
v 0.933039 1.705116 -0.056921
v 0.828101 1.704870 -0.059527
v 0.828101 1.702254 -0.028755
v 0.980564 1.702501 -0.036493
v 0.828101 1.702254 -0.065682
v 0.828101 1.702255 -0.053373
v 0.828101 1.702255 -0.041064
v 0.937421 1.702644 -0.042982
v 0.964021 1.703309 -0.049741
v 0.933039 1.702501 -0.056921
v 0.828101 1.702255 -0.059527
v 0.944599 1.706242 -0.066357
v 0.944598 1.707313 -0.066357
v 0.945101 1.706242 -0.060619
v 0.945101 1.707844 -0.060619
v 0.956638 1.707916 -0.040092
v 0.956649 1.706876 -0.035401
v 0.956639 1.706145 -0.040092
v 0.956689 1.706145 -0.035281
v 0.899557 1.708231 -0.042274
v 0.899557 1.707439 -0.057883
v 0.899557 1.706444 -0.051372
v 0.899557 1.705277 -0.051338
v 0.899557 1.703864 -0.032523
v 0.899557 1.706095 -0.066093
v 0.899557 1.704571 -0.032643
v 0.899557 1.704989 -0.042279
v 0.899557 1.709060 -0.066098
v 0.899557 1.704824 -0.057838
v 0.806422 1.704482 -0.046572
v 0.806422 1.704482 -0.060805
v 0.987296 1.706069 -0.059540
v 0.806422 1.706611 -0.046572
v 0.952163 1.707665 -0.053400
v 0.806422 1.706611 -0.060805
v 0.914241 1.710322 -0.051731
v 0.913986 1.709022 -0.060053
v 0.914014 1.709022 -0.051307
v 0.913986 1.709885 -0.060053
v 0.786918 1.709690 -0.039716
v 0.786918 1.709690 -0.053949
v 0.940302 1.717127 -0.052786
v 0.787004 1.711453 -0.039640
v 0.916723 1.715770 -0.046119
v 0.786918 1.711820 -0.053949
v 0.887576 1.709981 -0.044066
v 0.887655 1.710634 -0.053244
v 0.887656 1.709690 -0.053244
v 0.887491 1.709690 -0.044142
v 0.812931 1.663081 -0.027735
v 0.812931 1.677313 -0.027735
v 0.993805 1.676049 -0.022757
v 0.812931 1.663081 -0.025606
v 0.958445 1.669484 -0.021776
v 0.812931 1.677313 -0.025606
v 0.907508 1.676652 -0.028716
v 0.907944 1.667262 -0.028716
v 0.907944 1.667262 -0.028221
v 0.907508 1.676652 -0.026439
v 0.828062 1.701231 -0.033582
v 0.828101 1.664424 -0.034914
v 0.964192 1.663635 -0.026774
v 0.828101 1.676733 -0.034218
v 0.828101 1.689042 -0.034218
v 0.937421 1.687124 -0.029391
v 0.933039 1.673184 -0.028481
v 0.828101 1.670579 -0.034218
v 0.828101 1.701351 -0.032683
v 0.973955 1.694758 -0.025865
v 0.828101 1.664424 -0.031603
v 0.828101 1.676733 -0.031603
v 0.828101 1.689042 -0.031603
v 0.937421 1.687124 -0.025063
v 0.961742 1.680365 -0.026673
v 0.933039 1.673184 -0.025865
v 0.828101 1.670579 -0.031603
v 0.944599 1.663748 -0.029606
v 0.944598 1.663748 -0.030678
v 0.945101 1.669487 -0.029606
v 0.945101 1.669487 -0.031209
v 0.956638 1.690014 -0.031281
v 0.956649 1.694705 -0.030240
v 0.956639 1.690014 -0.029060
v 0.956689 1.696576 -0.028513
v 0.892465 1.687952 -0.031855
v 0.892465 1.672059 -0.031143
v 0.892465 1.678535 -0.030246
v 0.854923 1.677497 -0.030491
v 0.887645 1.699462 -0.028212
v 0.882282 1.664113 -0.029977
v 0.892461 1.700007 -0.029953
v 0.870244 1.688323 -0.029001
v 0.892465 1.664049 -0.032671
v 0.874556 1.671689 -0.029311
v 0.806422 1.683533 -0.027847
v 0.806422 1.669301 -0.027847
v 0.989543 1.670565 -0.029434
v 0.806422 1.683533 -0.029976
v 0.952163 1.676706 -0.031029
v 0.806422 1.669301 -0.029976
v 0.914241 1.678375 -0.033686
v 0.913986 1.670053 -0.032386
v 0.914014 1.678799 -0.032386
v 0.913986 1.670053 -0.033249
v 0.812931 1.699016 -0.069626
v 0.812931 1.684783 -0.069626
v 0.986235 1.686048 -0.074603
v 0.812931 1.699016 -0.071755
v 0.957445 1.692612 -0.075585
v 0.812931 1.684783 -0.071755
v 0.907508 1.685444 -0.068644
v 0.907944 1.694835 -0.068644
v 0.907944 1.694835 -0.069139
v 0.907508 1.685444 -0.070921
v 0.828062 1.660865 -0.063778
v 0.828101 1.697672 -0.062447
v 0.963791 1.698462 -0.070586
v 0.828101 1.685363 -0.063142
v 0.828101 1.673054 -0.063142
v 0.937421 1.674973 -0.067970
v 0.933039 1.688912 -0.068880
v 0.828101 1.691518 -0.063142
v 0.828101 1.660746 -0.064677
v 0.992289 1.667338 -0.071495
v 0.828101 1.697672 -0.065758
v 0.828101 1.685363 -0.065758
v 0.828101 1.673054 -0.065758
v 0.937421 1.674973 -0.072298
v 0.961157 1.681731 -0.070687
v 0.933039 1.688912 -0.071495
v 0.828101 1.691518 -0.065758
v 0.944599 1.698348 -0.067755
v 0.944598 1.698348 -0.066683
v 0.945101 1.692609 -0.067755
v 0.945101 1.692609 -0.066152
v 0.955605 1.672082 -0.066080
v 0.956217 1.667391 -0.067120
v 0.955488 1.672082 -0.068301
v 0.956438 1.665521 -0.068848
v 0.892465 1.674145 -0.065505
v 0.892465 1.690037 -0.066218
v 0.892465 1.683561 -0.067114
v 0.854923 1.684599 -0.066869
v 0.887645 1.662634 -0.069148
v 0.882282 1.697984 -0.067383
v 0.892461 1.662089 -0.067408
v 0.870244 1.673773 -0.068360
v 0.892465 1.698047 -0.064689
v 0.874556 1.690407 -0.068049
v 0.806422 1.678563 -0.069514
v 0.806422 1.692796 -0.069514
v 0.983283 1.691531 -0.067927
v 0.806422 1.678563 -0.067385
v 0.951160 1.685390 -0.066331
v 0.806422 1.692796 -0.067385
v 0.914241 1.683722 -0.063674
v 0.913986 1.692044 -0.064974
v 0.914014 1.683298 -0.064974
v 0.913986 1.692044 -0.064112
v -0.790258 1.659297 -0.064387
v -0.790258 1.660385 -0.050543
v -0.971132 1.655553 -0.052142
v -0.790258 1.657226 -0.064881
v -0.936000 1.657780 -0.058485
v -0.790258 1.658314 -0.051037
v -0.898077 1.657500 -0.060725
v -0.897822 1.656852 -0.052328
v -0.897850 1.658908 -0.060835
v -0.897822 1.655994 -0.052529
v -0.846228 1.661178 -0.067919
v -0.846267 1.659847 -0.031112
v -0.982357 1.661357 -0.030323
v -0.846267 1.660542 -0.043421
v -0.846267 1.660542 -0.055730
v -0.955587 1.658183 -0.053811
v -0.951205 1.660296 -0.039872
v -0.846267 1.660542 -0.037267
v -0.846267 1.663157 -0.068039
v -0.998730 1.662911 -0.060301
v -0.846267 1.663157 -0.031112
v -0.846267 1.663157 -0.043421
v -0.846267 1.663157 -0.055730
v -0.955587 1.661444 -0.053811
v -0.982187 1.657288 -0.047053
v -0.951205 1.661587 -0.039872
v -0.846267 1.663157 -0.037267
v -0.962765 1.659155 -0.030436
v -0.962764 1.657089 -0.030436
v -0.963267 1.657651 -0.036175
v -0.963267 1.656558 -0.036175
v -0.974803 1.653912 -0.056702
v -0.974815 1.654178 -0.061393
v -0.974804 1.657270 -0.056702
v -0.974855 1.656962 -0.061512
v -0.917722 1.657181 -0.054520
v -0.917722 1.657942 -0.038910
v -0.917722 1.655477 -0.045421
v -0.917722 1.656906 -0.045456
v -0.917722 1.661547 -0.064271
v -0.917722 1.659242 -0.030701
v -0.917722 1.658864 -0.064150
v -0.917722 1.660423 -0.054514
v -0.917722 1.656352 -0.030696
v -0.917722 1.660568 -0.038956
v -0.769334 1.658056 -0.052653
v -0.769349 1.658056 -0.035602
v -1.005461 1.659342 -0.037253
v -0.769218 1.655501 -0.052870
v -0.970329 1.657747 -0.043394
v -0.769349 1.655276 -0.035602
v -0.932407 1.655090 -0.045063
v -0.932152 1.656390 -0.036741
v -0.932180 1.656390 -0.045487
v -0.932152 1.655527 -0.036741
v -0.780712 1.701723 -0.032407
v -0.780712 1.705027 -0.046251
v -0.961586 1.706715 -0.044652
v -0.780712 1.703794 -0.031912
v -0.926453 1.706842 -0.038309
v -0.780712 1.707098 -0.045757
v -0.888531 1.707912 -0.036069
v -0.888276 1.708560 -0.044465
v -0.888304 1.706503 -0.035958
v -0.888276 1.709418 -0.044265
v -0.836682 1.704234 -0.028875
v -0.836720 1.705565 -0.065682
v -0.972811 1.703410 -0.066471
v -0.836720 1.704870 -0.053373
v -0.836720 1.704870 -0.041064
v -0.946040 1.706026 -0.042982
v -0.941658 1.705116 -0.056921
v -0.836720 1.704870 -0.059527
v -0.836720 1.702254 -0.028755
v -0.989184 1.702501 -0.036493
v -0.836720 1.702254 -0.065682
v -0.836720 1.702255 -0.053373
v -0.836720 1.702255 -0.041064
v -0.946040 1.702644 -0.042982
v -0.972641 1.703309 -0.049741
v -0.941658 1.702501 -0.056921
v -0.836720 1.702255 -0.059527
v -0.953219 1.706242 -0.066357
v -0.953218 1.707313 -0.066357
v -0.953720 1.706242 -0.060619
v -0.953720 1.707844 -0.060619
v -0.965257 1.707916 -0.040092
v -0.965269 1.706876 -0.035401
v -0.965258 1.706145 -0.040092
v -0.965308 1.706145 -0.035281
v -0.908176 1.708231 -0.042274
v -0.908176 1.707439 -0.057883
v -0.908176 1.706444 -0.051372
v -0.908176 1.705277 -0.051338
v -0.908176 1.703864 -0.032523
v -0.908176 1.706095 -0.066093
v -0.908176 1.704571 -0.032643
v -0.908176 1.704989 -0.042279
v -0.908176 1.709060 -0.066098
v -0.908176 1.704824 -0.057838
v -0.815041 1.704482 -0.046572
v -0.815041 1.704482 -0.060805
v -0.995915 1.706069 -0.059540
v -0.815041 1.706611 -0.046572
v -0.960783 1.707665 -0.053400
v -0.815041 1.706611 -0.060805
v -0.922861 1.710322 -0.051731
v -0.922605 1.709022 -0.060053
v -0.922633 1.709022 -0.051307
v -0.922605 1.709885 -0.060053
v -0.795538 1.709690 -0.039716
v -0.795538 1.709690 -0.053949
v -0.948922 1.717127 -0.052786
v -0.795623 1.711453 -0.039640
v -0.925342 1.715770 -0.046119
v -0.795538 1.711820 -0.053949
v -0.896195 1.709981 -0.044066
v -0.896274 1.710634 -0.053244
v -0.896275 1.709690 -0.053244
v -0.896111 1.709690 -0.044142
v -0.821550 1.663081 -0.027735
v -0.821550 1.677313 -0.027735
v -1.002424 1.676049 -0.022757
v -0.821550 1.663081 -0.025606
v -0.967064 1.669484 -0.021776
v -0.821550 1.677313 -0.025606
v -0.916127 1.676652 -0.028716
v -0.916563 1.667262 -0.028716
v -0.916563 1.667262 -0.028221
v -0.916127 1.676652 -0.026439
v -0.836682 1.701231 -0.033582
v -0.836720 1.664424 -0.034914
v -0.972811 1.663635 -0.026774
v -0.836720 1.676733 -0.034218
v -0.836720 1.689042 -0.034218
v -0.946040 1.687124 -0.029391
v -0.941658 1.673184 -0.028481
v -0.836720 1.670579 -0.034218
v -0.836720 1.701351 -0.032683
v -0.982574 1.694758 -0.025865
v -0.836720 1.664424 -0.031603
v -0.836720 1.676733 -0.031603
v -0.836720 1.689042 -0.031603
v -0.946040 1.687124 -0.025063
v -0.970362 1.680365 -0.026673
v -0.941658 1.673184 -0.025865
v -0.836720 1.670579 -0.031603
v -0.953219 1.663748 -0.029606
v -0.953218 1.663748 -0.030678
v -0.953720 1.669487 -0.029606
v -0.953720 1.669487 -0.031209
v -0.965257 1.690014 -0.031281
v -0.965269 1.694705 -0.030240
v -0.965258 1.690014 -0.029060
v -0.965308 1.696576 -0.028513
v -0.901085 1.687952 -0.031855
v -0.901085 1.672059 -0.031143
v -0.901085 1.678535 -0.030246
v -0.863542 1.677497 -0.030491
v -0.896264 1.699462 -0.028212
v -0.890901 1.664113 -0.029977
v -0.901081 1.700007 -0.029953
v -0.878864 1.688323 -0.029001
v -0.901085 1.664049 -0.032671
v -0.883176 1.671689 -0.029311
v -0.815041 1.683533 -0.027847
v -0.815041 1.669301 -0.027847
v -0.998163 1.670565 -0.029434
v -0.815041 1.683533 -0.029976
v -0.960783 1.676706 -0.031029
v -0.815041 1.669301 -0.029976
v -0.922861 1.678375 -0.033686
v -0.922605 1.670053 -0.032386
v -0.922633 1.678799 -0.032386
v -0.922605 1.670053 -0.033249
v -0.821550 1.699016 -0.069626
v -0.821550 1.684783 -0.069626
v -0.994854 1.686048 -0.074603
v -0.821550 1.699016 -0.071755
v -0.966065 1.692612 -0.075585
v -0.821550 1.684783 -0.071755
v -0.916127 1.685444 -0.068644
v -0.916563 1.694835 -0.068644
v -0.916563 1.694835 -0.069139
v -0.916127 1.685444 -0.070921
v -0.836682 1.660865 -0.063778
v -0.836720 1.697672 -0.062447
v -0.972410 1.698462 -0.070586
v -0.836720 1.685363 -0.063142
v -0.836720 1.673054 -0.063142
v -0.946040 1.674973 -0.067970
v -0.941658 1.688912 -0.068880
v -0.836720 1.691518 -0.063142
v -0.836720 1.660746 -0.064677
v -1.000908 1.667338 -0.071495
v -0.836720 1.697672 -0.065758
v -0.836720 1.685363 -0.065758
v -0.836720 1.673054 -0.065758
v -0.946040 1.674973 -0.072298
v -0.969776 1.681731 -0.070687
v -0.941658 1.688912 -0.071495
v -0.836720 1.691518 -0.065758
v -0.953219 1.698348 -0.067755
v -0.953218 1.698348 -0.066683
v -0.953720 1.692609 -0.067755
v -0.953720 1.692609 -0.066152
v -0.964224 1.672082 -0.066080
v -0.964837 1.667391 -0.067120
v -0.964108 1.672082 -0.068301
v -0.965057 1.665521 -0.068848
v -0.901085 1.674145 -0.065505
v -0.901085 1.690037 -0.066218
v -0.901085 1.683561 -0.067114
v -0.863542 1.684599 -0.066869
v -0.896264 1.662634 -0.069148
v -0.890901 1.697984 -0.067383
v -0.901081 1.662089 -0.067408
v -0.878864 1.673773 -0.068360
v -0.901085 1.698047 -0.064689
v -0.883176 1.690407 -0.068049
v -0.815041 1.678563 -0.069514
v -0.815041 1.692796 -0.069514
v -0.991903 1.691531 -0.067927
v -0.815041 1.678563 -0.067385
v -0.959779 1.685390 -0.066331
v -0.815041 1.692796 -0.067385
v -0.922861 1.683722 -0.063674
v -0.922605 1.692044 -0.064974
v -0.922633 1.683298 -0.064974
v -0.922605 1.692044 -0.064112
v -0.006929 1.860310 -0.065198
v -0.040054 1.860954 -0.048382
v -0.067055 1.856050 -0.024307
v -0.067271 1.844692 0.008818
v -0.062260 1.831147 0.041433
v -0.038356 1.821888 0.055411
v -0.009613 1.821092 0.056867
v 0.026314 1.822646 0.054104
v 0.055084 1.831257 0.037286
v 0.058613 1.842639 0.009513
v 0.047929 1.852903 -0.026381
v 0.026195 1.859837 -0.055680
v -0.006951 1.844001 -0.075680
v -0.052497 1.841811 -0.058883
v -0.090376 1.837536 -0.034886
v -0.097336 1.815154 0.015568
v -0.081563 1.801986 0.050068
v -0.052102 1.789361 0.071746
v -0.004138 1.775766 0.100771
v 0.038787 1.786599 0.078528
v 0.067183 1.807876 0.045082
v 0.089554 1.816107 0.013540
v 0.077201 1.833125 -0.036150
v 0.037905 1.841824 -0.071447
v -0.000238 1.812186 -0.092641
v -0.060939 1.801118 -0.082990
v -0.110503 1.793188 -0.036120
v -0.114229 1.780572 0.017978
v -0.085946 1.744905 0.082353
v -0.048777 1.711391 0.122104
v 0.001490 1.683248 0.150901
v 0.047953 1.719478 0.126028
v 0.087610 1.764713 0.075736
v 0.105458 1.785164 0.017889
v 0.105940 1.791248 -0.036026
v 0.061869 1.797756 -0.064910
v -0.064207 1.780776 -0.086317
v 0.002155 1.787573 -0.093298
v -0.117721 1.773420 -0.044721
v -0.117592 1.763570 0.012684
v -0.090177 1.723278 0.081794
v -0.051058 1.681518 0.124787
v 0.001863 1.655515 0.159525
v 0.050767 1.687362 0.128811
v 0.092159 1.746938 0.078977
v 0.114156 1.769575 0.011771
v 0.099029 1.769323 -0.041492
v 0.061203 1.778591 -0.069305
v 0.031972 2.065461 -0.221893
v -0.062910 2.048960 -0.224778
v -0.149981 2.061328 -0.189379
v -0.207214 2.046945 -0.129257
v -0.229305 2.047231 -0.046148
v -0.227768 2.030970 0.041836
v -0.202837 2.029006 0.124917
v -0.143431 2.034121 0.189667
v -0.055184 2.002080 0.220728
v 0.039698 2.018913 0.223613
v 0.126769 2.035141 0.191902
v 0.192775 2.041222 0.129519
v 0.227665 2.088612 0.051797
v 0.226128 2.101830 -0.036575
v 0.188398 2.073398 -0.122840
v 0.120220 2.083295 -0.185780
v 0.028873 2.086930 -0.175077
v -0.044810 2.085208 -0.175789
v -0.112360 2.084823 -0.149501
v -0.157025 2.078631 -0.101436
v -0.175819 2.056325 -0.040203
v -0.174442 2.056727 0.030067
v -0.153629 2.053669 0.094343
v -0.107278 2.042851 0.142694
v -0.038816 2.041860 0.169834
v 0.034793 2.045710 0.170898
v 0.102363 2.051776 0.145491
v 0.153638 2.057633 0.097245
v 0.182879 2.079941 0.035543
v 0.182167 2.096795 -0.033135
v 0.151179 2.082657 -0.099229
v 0.098096 2.089474 -0.148714
v 0.009618 2.119077 -0.099355
v -0.036139 2.119122 -0.099705
v -0.078130 2.117078 -0.083675
v -0.109961 2.113257 -0.053704
v -0.126564 2.108258 -0.014351
v -0.125823 2.102809 0.028385
v -0.107850 2.097740 0.067997
v -0.074971 2.093855 0.098464
v -0.032413 2.091729 0.115142
v 0.013344 2.091684 0.115493
v 0.055334 2.093707 0.099460
v 0.087166 2.097543 0.069491
v 0.103991 2.102503 0.030135
v 0.103250 2.107928 -0.012604
v 0.085055 2.113060 -0.052210
v 0.052176 2.116930 -0.082679
v -0.011670 2.186518 0.018233
v 0.030802 2.050696 -0.217568
v -0.061531 2.031405 -0.220747
v -0.146263 2.046662 -0.185928
v -0.201290 2.037410 -0.126980
v -0.222877 2.035973 -0.046324
v -0.221381 2.018172 0.039044
v -0.197031 2.016005 0.119862
v -0.139890 2.020499 0.182803
v -0.054013 1.987442 0.212790
v 0.038320 2.006734 0.215969
v 0.123052 2.024659 0.185381
v 0.187284 2.030325 0.124643
v 0.221236 2.076119 0.048944
v 0.219741 2.090333 -0.036881
v 0.183025 2.061636 -0.120936
v 0.116678 2.071520 -0.182154
v 0.009525 2.091132 -0.099186
v -0.035583 2.080825 -0.100655
v -0.076977 2.088884 -0.084079
v -0.106103 2.084430 -0.055193
v -0.119740 2.077274 -0.017412
v -0.119010 2.071147 0.023763
v -0.104022 2.066982 0.062065
v -0.073863 2.062773 0.091410
v -0.031910 2.050024 0.106348
v 0.013197 2.060331 0.107817
v 0.054592 2.069966 0.093174
v 0.085971 2.073126 0.064173
v 0.102558 2.082031 0.026618
v 0.101827 2.089051 -0.014460
v 0.083890 2.090573 -0.053085
v 0.051478 2.096077 -0.082315
v -0.011136 2.163252 0.015272
v -0.026768 2.184051 -0.055917
v 0.003225 2.192356 -0.054628
v -0.055737 2.184413 -0.044875
v -0.077810 2.183883 -0.024378
v -0.089009 2.178692 0.001970
v -0.088510 2.175033 0.030837
v -0.076389 2.173462 0.057827
v -0.054442 2.174230 0.078834
v -0.025223 2.171923 0.089993
v 0.005705 2.174140 0.090516
v 0.033259 2.182991 0.080632
v 0.054501 2.188936 0.060816
v 0.065728 2.194125 0.034468
v 0.065229 2.197782 0.005601
v 0.053080 2.199356 -0.021389
v 0.031132 2.198586 -0.042396
v -0.070551 2.153046 -0.068520
v -0.098767 2.152615 -0.041576
v 0.047755 2.132696 0.093862
v 0.075970 2.136092 0.067296
v -0.113551 2.148178 -0.006694
v 0.090885 2.140506 0.032412
v -0.112894 2.143348 0.031188
v 0.090228 2.145322 -0.005472
v -0.096896 2.138860 0.066303
v 0.074100 2.149846 -0.040583
v -0.067751 2.135417 0.093309
v 0.044955 2.153281 -0.067590
v -0.030027 2.130642 0.107725
v 0.007231 2.153404 -0.082599
v -0.033330 2.151501 -0.083158
v 0.010533 2.129221 0.107859
v -0.050315 2.020515 0.119733
v -0.064442 2.019660 0.115911
v -0.074528 2.009022 0.115810
v -0.074665 1.994832 0.119488
v -0.064772 1.985402 0.124792
v -0.050645 1.986257 0.128613
v -0.040559 1.996896 0.128714
v -0.040422 2.011086 0.125036
v -0.049499 2.019768 0.116882
v -0.063626 2.018914 0.113061
v -0.073712 2.008276 0.112960
v -0.073848 1.994085 0.116638
v -0.063955 1.984656 0.121941
v -0.049828 1.985510 0.125763
v -0.039743 1.996149 0.125864
v -0.039606 2.010339 0.122186
v -0.053049 2.015060 0.121804
v -0.062526 2.014487 0.119240
v -0.069291 2.007350 0.119172
v -0.069383 1.997832 0.121640
v -0.062747 1.991506 0.125197
v -0.053270 1.992080 0.127761
v -0.046505 1.999216 0.127829
v -0.046413 2.008735 0.125361
v -0.056443 2.004064 0.103327
v -0.057934 2.003974 0.102924
v -0.058998 2.002851 0.102913
v -0.059013 2.001354 0.103301
v -0.057969 2.000359 0.103861
v -0.056478 2.000449 0.104264
v -0.055414 2.001572 0.104275
v -0.055399 2.003069 0.103887
v 0.041696 2.020515 0.119733
v 0.055823 2.019660 0.115911
v 0.065909 2.009022 0.115810
v 0.066045 1.994832 0.119488
v 0.056152 1.985402 0.124792
v 0.042025 1.986257 0.128613
v 0.031940 1.996896 0.128714
v 0.031803 2.011086 0.125036
v 0.040880 2.019768 0.116882
v 0.055007 2.018914 0.113061
v 0.065093 2.008276 0.112960
v 0.065229 1.994085 0.116638
v 0.055336 1.984656 0.121941
v 0.041209 1.985510 0.125763
v 0.031123 1.996149 0.125864
v 0.030987 2.010339 0.122186
v 0.044430 2.015060 0.121804
v 0.053906 2.014487 0.119240
v 0.060672 2.007350 0.119172
v 0.060764 1.997832 0.121640
v 0.054127 1.991506 0.125197
v 0.044651 1.992080 0.127761
v 0.037885 1.999216 0.127829
v 0.037794 2.008735 0.125361
v 0.047824 2.004064 0.103327
v 0.049315 2.003974 0.102924
v 0.050379 2.002851 0.102913
v 0.050393 2.001354 0.103301
v 0.049349 2.000359 0.103861
v 0.047859 2.000449 0.104264
v 0.046794 2.001572 0.104275
v 0.046780 2.003069 0.103887
v 0.020547 1.354441 0.215972
v 0.005012 1.353371 0.216090
v -0.005250 1.341872 0.213863
v -0.004229 1.326681 0.210596
v 0.007478 1.316695 0.208203
v 0.023013 1.317765 0.208085
v 0.033276 1.329264 0.210312
v 0.032255 1.344455 0.213579
v 0.020477 1.355119 0.212797
v 0.004941 1.354049 0.212915
v -0.005321 1.342551 0.210688
v -0.004300 1.327359 0.207421
v 0.007407 1.317374 0.205027
v 0.022943 1.318443 0.204909
v 0.033205 1.329942 0.207136
v 0.032184 1.345133 0.210403
v 0.018427 1.347933 0.216073
v 0.008006 1.347216 0.216152
v 0.001122 1.339502 0.214658
v 0.001807 1.329312 0.212467
v 0.009660 1.322613 0.210861
v 0.020081 1.323331 0.210782
v 0.026966 1.331044 0.212276
v 0.026280 1.341235 0.214467
v 0.013239 1.336416 0.211145
v 0.009158 1.345253 0.195060
v 0.007519 1.345140 0.195073
v 0.006436 1.343927 0.194837
v 0.006544 1.342324 0.194493
v 0.007779 1.341270 0.194240
v 0.009419 1.341383 0.194228
v 0.010502 1.342597 0.194463
v 0.010394 1.344200 0.194807
v 0.029401 1.553346 0.191035
v 0.013866 1.552438 0.191613
v 0.003603 1.541138 0.194691
v 0.004625 1.526064 0.198465
v 0.016332 1.516048 0.200725
v 0.031867 1.516956 0.200147
v 0.042130 1.528256 0.197070
v 0.041108 1.543330 0.193296
v 0.029330 1.552553 0.187887
v 0.013795 1.551645 0.188465
v 0.003532 1.540344 0.191542
v 0.004554 1.525271 0.195317
v 0.016261 1.515254 0.197577
v 0.031796 1.516163 0.196999
v 0.042059 1.527463 0.193921
v 0.041037 1.542536 0.190147
v 0.027281 1.547552 0.193998
v 0.016860 1.546942 0.194386
v 0.009975 1.539362 0.196450
v 0.010661 1.529251 0.198982
v 0.018514 1.522531 0.200498
v 0.028935 1.523140 0.200111
v 0.035819 1.530721 0.198046
v 0.035134 1.540832 0.195514
v 0.022093 1.535042 0.194661
v 0.018012 1.535871 0.176693
v 0.016373 1.535775 0.176754
v 0.015290 1.534583 0.177078
v 0.015397 1.532992 0.177477
v 0.016633 1.531935 0.177715
v 0.018272 1.532031 0.177654
v 0.019355 1.533224 0.177329
v 0.019247 1.534814 0.176931
v 0.021354 1.158701 0.136609
v 0.005819 1.157710 0.137029
v -0.004444 1.146056 0.138191
v -0.003422 1.130565 0.139415
v 0.008285 1.120312 0.139983
v 0.023820 1.121304 0.139564
v 0.034083 1.132958 0.138402
v 0.033061 1.148449 0.137178
v 0.021283 1.158441 0.133373
v 0.005748 1.157450 0.133792
v -0.004515 1.145795 0.134954
v -0.003493 1.130305 0.136178
v 0.008214 1.120052 0.136747
v 0.023749 1.121043 0.136327
v 0.034012 1.132698 0.135165
v 0.032990 1.148188 0.133941
v 0.019234 1.152496 0.138571
v 0.008813 1.151831 0.138852
v 0.001928 1.144013 0.139631
v 0.002613 1.133622 0.140452
v 0.010467 1.126744 0.140834
v 0.020888 1.127409 0.140553
v 0.027772 1.135227 0.139773
v 0.027087 1.145618 0.138952
v 0.014046 1.140049 0.137150
v 0.011342 1.145674 0.120931
v 0.008012 1.145462 0.121021
v 0.005812 1.142963 0.121270
v 0.006031 1.139643 0.121532
v 0.008541 1.137445 0.121654
v 0.011871 1.137658 0.121564
v 0.014071 1.140156 0.121315
v 0.013852 1.143476 0.121053
v -0.063578 1.211120 0.147837
v -0.011862 1.210811 0.158811
v -0.065663 1.253513 0.158396
v -0.013946 1.253204 0.169370
v -0.062001 1.249223 0.158065
v -0.060336 1.215368 0.149633
v -0.015524 1.215101 0.159141
v -0.017188 1.248956 0.167574
v -0.061283 1.250631 0.154707
v -0.059618 1.216776 0.146274
v -0.014806 1.216509 0.155783
v -0.016470 1.250365 0.164215
v -0.064945 1.254921 0.155037
v -0.062861 1.212528 0.143116
v -0.011144 1.212220 0.155452
v -0.013228 1.254613 0.166011
v 0.092081 1.489139 0.191102
v 0.101951 1.487884 0.187160
v 0.090141 1.517686 0.182755
v 0.100061 1.516597 0.179029
v 0.089830 1.517233 0.181417
v 0.091721 1.488572 0.189550
v 0.101647 1.487513 0.185852
v 0.099799 1.516314 0.177901
v 0.091481 1.501345 0.188521
v 0.101337 1.500186 0.184517
v 0.091106 1.500823 0.186908
v 0.101021 1.499844 0.183157
v 0.071625 1.492670 0.197725
v 0.081842 1.490704 0.195383
v 0.072935 1.520626 0.187766
v 0.083247 1.519102 0.186099
v 0.072369 1.519070 0.181853
v 0.071329 1.491804 0.195152
v 0.081577 1.490077 0.192945
v 0.082742 1.518031 0.180450
v 0.072468 1.507323 0.194684
v 0.082700 1.505496 0.192301
v 0.072113 1.506375 0.190115
v 0.082382 1.504820 0.188114
v 0.109516 1.488346 0.182541
v 0.118950 1.484911 0.179203
v 0.113751 1.516154 0.171903
v 0.123266 1.512897 0.168597
v 0.113630 1.516025 0.170806
v 0.109220 1.488010 0.180127
v 0.118676 1.484657 0.176566
v 0.123158 1.512807 0.167422
v 0.111621 1.500314 0.179660
v 0.121052 1.496951 0.176211
v 0.111294 1.499977 0.176977
v 0.120756 1.496704 0.173361
v 0.144294 1.487002 0.162447
v 0.136639 1.494279 0.163773
v 0.144222 1.487334 0.167464
v 0.136627 1.494675 0.169218
v 0.154225 1.499758 0.156202
v 0.136820 1.477396 0.165851
v 0.129212 1.484735 0.167120
v 0.146527 1.506979 0.157291
v 0.154210 1.499810 0.157683
v 0.146521 1.507035 0.158754
v 0.136729 1.477892 0.173228
v 0.129213 1.485264 0.174280
v 0.050049 1.497823 0.194697
v 0.043273 1.488846 0.196885
v 0.074244 1.479383 0.198366
v 0.067687 1.469855 0.200379
v 0.074149 1.478196 0.197170
v 0.049600 1.493497 0.190167
v 0.043055 1.484923 0.193038
v 0.067680 1.469665 0.200199
v 0.060324 1.490954 0.197349
v 0.053638 1.481078 0.198776
v 0.059945 1.486543 0.192783
v 0.053487 1.477587 0.195376
v 0.046622 1.448534 0.204901
v 0.046978 1.437405 0.206938
v 0.076810 1.449183 0.203784
v 0.077375 1.438097 0.205975
v 0.076973 1.448761 0.203196
v 0.047312 1.446556 0.202104
v 0.047716 1.435669 0.204530
v 0.077444 1.437948 0.205771
v 0.059147 1.449029 0.204917
v 0.059761 1.437605 0.206540
v 0.060037 1.447094 0.202160
v 0.060675 1.435963 0.204243
v 0.153719 1.462116 0.167684
v 0.148801 1.471693 0.167047
v 0.129456 1.450600 0.181421
v 0.123899 1.460372 0.181901
v 0.128881 1.450245 0.180001
v 0.152833 1.461764 0.166253
v 0.147565 1.471191 0.165082
v 0.123606 1.460096 0.180802
v 0.143774 1.457464 0.174060
v 0.138543 1.467040 0.174008
v 0.142517 1.456962 0.172069
v 0.137413 1.466559 0.171861
v 0.146978 1.406627 0.181073
v 0.153621 1.413883 0.176383
v 0.127086 1.428503 0.186589
v 0.133584 1.436593 0.181846
v 0.126530 1.428232 0.184270
v 0.146653 1.406618 0.179443
v 0.153194 1.413847 0.174650
v 0.133456 1.436477 0.181177
v 0.138821 1.415945 0.183604
v 0.145346 1.423600 0.179387
v 0.138132 1.415938 0.181399
v 0.144894 1.423511 0.177510
v 0.080162 1.766342 0.044270
v 0.085956 1.366077 -0.091252
v 0.085956 1.336491 0.203495
v 0.080162 1.782450 -0.084578
v 0.151186 1.315202 0.161169
v 0.185303 1.749912 0.027479
v 0.172226 1.357378 -0.043919
v 0.208098 1.759077 -0.075943
v -0.007192 1.364907 -0.090227
v -0.006546 1.777997 -0.090641
v 0.005900 1.336914 0.195844
v -0.006546 1.770194 0.044270
v 0.096247 1.644783 -0.139524
v 0.098166 1.645167 0.146890
v 0.188889 1.629000 0.107441
v 0.020660 1.649325 0.151145
v -0.007026 1.645905 -0.139321
v 0.079567 1.498361 -0.124760
v 0.079567 1.510364 0.190521
v 0.177085 1.490561 -0.072440
v 0.155667 1.490031 0.160333
v 0.011790 1.511290 0.184715
v -0.007024 1.497746 -0.123838
v -0.115435 1.188654 -0.014515
v 0.198261 1.339653 0.062936
v 0.205814 1.754561 -0.035593
v 0.080162 1.776326 -0.035593
v -0.006546 1.780178 -0.035593
v 0.196006 1.497983 0.024339
v -0.093254 1.766342 0.044270
v -0.101687 1.365243 -0.085010
v -0.098963 1.333628 0.202897
v -0.093920 1.774678 -0.090683
v -0.149210 1.323045 0.166128
v -0.185758 1.357560 -0.043242
v -0.111677 1.646480 -0.135059
v -0.111258 1.648112 0.146153
v -0.094613 1.496150 -0.118832
v -0.092330 1.499644 0.189339
v -0.190697 1.483428 -0.070451
v -0.147819 1.489251 0.158968
v -0.129866 1.179616 0.039290
v -0.208598 1.345376 0.065028
v -0.093254 1.776326 -0.035593
v -0.233569 1.604797 -0.010167
v -0.209897 1.485217 0.027841
v 0.051535 1.194082 -0.048973
v 0.053993 1.168378 0.125736
v 0.102586 1.171886 0.105814
v 0.102244 1.188490 -0.014521
v -0.006540 1.194082 -0.048973
v -0.004782 1.168509 0.119784
v 0.117530 1.179088 0.038480
v -0.064615 1.194082 -0.048973
v -0.064615 1.167304 0.127729
v -0.111602 1.170109 0.109137
v -0.097682 1.728775 -0.109119
v -0.006547 1.730831 -0.110273
v 0.007760 1.724380 0.078672
v -0.275221 1.707206 0.008933
v 0.199972 1.631495 -0.105568
v -0.288177 1.638813 -0.037020
v 0.343488 1.734837 0.000051
v 0.354990 1.756829 -0.095381
v 0.347410 1.665753 -0.115602
v 0.335176 1.630654 -0.009725
v -0.290118 1.714912 -0.089633
v 0.203940 1.709730 -0.086618
v 0.217806 1.606838 -0.010167
v -0.289653 1.759318 -0.038795
v 0.339639 1.620815 -0.065492
v 0.350182 1.758782 -0.044114
v 0.083985 1.721885 0.078672
v 0.503721 1.702585 -0.091193
v 0.083985 1.728336 -0.110274
v 0.184004 1.709156 0.055534
v -0.278334 1.744506 -0.001427
v 0.339332 1.689660 -0.004837
v 0.351200 1.716325 -0.105491
v 0.503721 1.717986 -0.014322
v 0.872851 1.706565 -0.022270
v 0.503721 1.735465 -0.086997
v 0.882348 1.712891 -0.075143
v 0.503721 1.638022 -0.021050
v 0.870624 1.600130 -0.026013
v 0.503721 1.653108 -0.101639
v 0.876753 1.579487 -0.069331
v 0.612773 1.723184 -0.020082
v 0.612773 1.731214 -0.093653
v 0.612773 1.635426 -0.085088
v 0.612773 1.640372 -0.017821
v 0.879756 1.666617 -0.080920
v 0.503721 1.691272 -0.012389
v 0.870736 1.666801 -0.015481
v 0.612773 1.690944 -0.008201
v 0.612773 1.695738 -0.103671
v 0.746149 1.710993 -0.018607
v 0.746149 1.722384 -0.072997
v 0.746149 1.633420 -0.068842
v 0.746149 1.636156 -0.023302
v 0.746149 1.673944 -0.012352
v 0.746149 1.681281 -0.079690
v 0.503721 1.737277 -0.048058
v 0.878243 1.716324 -0.050073
v 0.503721 1.629773 -0.063348
v 0.873484 1.581572 -0.048145
v 0.612773 1.629486 -0.051431
v 0.612773 1.734953 -0.058692
v 0.746149 1.629153 -0.046630
v 0.746149 1.724762 -0.046862
v -0.173576 1.754577 0.029650
v -0.221191 1.759077 -0.075943
v -0.213477 1.631795 -0.104778
v -0.176414 1.637149 0.106461
v -0.356581 1.733494 0.000051
v -0.368083 1.755446 -0.095381
v -0.360503 1.667343 -0.115602
v -0.333352 1.640774 -0.002294
v -0.269397 1.652674 0.029803
v -0.208926 1.760207 -0.036330
v -0.352731 1.626257 -0.065492
v -0.363274 1.757399 -0.044114
v -0.516814 1.703571 -0.091193
v -0.285005 1.652898 -0.102926
v -0.217045 1.709739 -0.086595
v -0.352424 1.693116 -0.004837
v -0.364293 1.716325 -0.105491
v -0.516814 1.717986 -0.014322
v -0.886371 1.709482 -0.022971
v -0.516814 1.735465 -0.086997
v -0.895607 1.714876 -0.074816
v -0.516814 1.624079 -0.021050
v -0.883717 1.596613 -0.026013
v -0.516814 1.655925 -0.101639
v -0.889845 1.593597 -0.069331
v -0.625865 1.723184 -0.020081
v -0.625865 1.731214 -0.093653
v -0.625865 1.629984 -0.085088
v -0.625865 1.634930 -0.017821
v -0.892866 1.666241 -0.080981
v -0.516814 1.691692 -0.012389
v -0.884021 1.660663 -0.015803
v -0.625865 1.691592 -0.008201
v -0.625865 1.695885 -0.103671
v -0.759241 1.710993 -0.018607
v -0.759241 1.722384 -0.072997
v -0.759241 1.643137 -0.068842
v -0.759241 1.645873 -0.023302
v -0.759241 1.677168 -0.012352
v -0.759241 1.684381 -0.079690
v -0.516814 1.737277 -0.048058
v -0.891675 1.720641 -0.050234
v -0.516814 1.615830 -0.063348
v -0.886577 1.590197 -0.048145
v -0.625865 1.624045 -0.051431
v -0.625865 1.734953 -0.058692
v -0.759241 1.638871 -0.046630
v -0.759241 1.724762 -0.046862
v 0.252224 1.702703 0.020771
v 0.268711 1.712631 -0.094919
v 0.267544 1.632314 -0.033830
v 0.279846 1.754259 -0.039341
v 0.254879 1.742947 0.007206
v 0.247761 1.641456 0.047501
v 0.262764 1.650237 -0.110354
v 0.272708 1.757753 -0.084493
v -0.173718 1.713019 0.057775
v -0.293672 1.758440 -0.080338
v -0.097078 1.721885 0.078672
v 0.001275 1.770194 0.044270
v -0.000054 1.511290 0.195079
v -0.006092 1.335001 0.207333
v -0.012811 1.724380 0.078672
v -0.022736 1.649328 0.151171
v -0.012649 1.166939 0.130128
v 0.087707 1.577542 -0.135381
v 0.087806 1.585986 0.156330
v 0.173370 1.561683 0.126028
v 0.023130 1.592011 0.166614
v -0.006819 1.577560 -0.135267
v -0.102532 1.578799 -0.132072
v -0.100899 1.585428 0.153668
v -0.220666 1.564387 0.004888
v -0.163286 1.573744 0.118760
v -0.200684 1.567164 -0.091158
v 0.206509 1.564834 0.004888
v 0.187384 1.567013 -0.091554
v -0.016664 1.592270 0.163854
v 0.086007 1.443003 -0.116762
v 0.086007 1.424838 0.205143
v 0.182342 1.432584 -0.064964
v 0.154921 1.403124 0.177481
v -0.002614 1.424480 0.215224
v -0.008421 1.442852 -0.113146
v 0.201492 1.416266 0.046092
v -0.103585 1.429832 -0.100706
v -0.097769 1.401774 0.200447
v -0.192699 1.405735 -0.055642
v -0.148296 1.405802 0.172113
v -0.214231 1.396570 0.050801
v 0.000471 1.425368 0.205578
v -0.169180 0.641079 -0.023525
v -0.185059 0.555479 0.039024
v 0.119757 0.703763 -0.064133
v 0.123760 0.521037 0.127503
v 0.170171 0.526308 0.102944
v 0.172089 0.632010 -0.023301
v 0.084750 0.704539 -0.064465
v -0.063828 0.519759 0.130974
v 0.188010 0.602045 0.038576
v -0.117322 0.704303 -0.064365
v -0.117322 0.527708 0.130974
v -0.157877 0.552405 0.109718
v 0.074946 0.519964 0.130418
v -0.137047 1.072917 0.037785
v -0.111514 1.066652 0.109972
v -0.003113 1.062712 0.132634
v 0.062567 1.064408 0.126725
v -0.123856 1.092050 -0.016476
v 0.110083 1.066110 0.091137
v 0.126708 1.072418 0.036366
v 0.111798 1.088778 -0.016364
v -0.069666 1.063655 0.131077
v -0.070489 1.102272 -0.051710
v -0.014315 1.098182 -0.053344
v 0.057685 1.100894 -0.050689
v 0.002145 1.065247 0.122798
v -0.082531 0.704113 -0.064284
v 0.006748 1.003991 0.132295
v 0.128556 1.001831 0.103178
v 0.010229 1.016020 -0.053547
v 0.074890 1.005364 0.128560
v 0.139749 0.991210 0.039104
v 0.130832 0.998048 -0.017292
v 0.070411 1.004315 -0.053508
v -0.152661 1.000755 0.039005
v -0.137263 1.005399 -0.017750
v -0.083015 1.007932 -0.054083
v -0.117987 1.006262 0.106530
v -0.076424 1.006793 0.124416
v 0.009498 1.005542 0.123568
v -0.031633 1.021727 -0.054872
v 0.036729 0.812568 0.138417
v 0.143178 0.828963 0.100635
v 0.018694 0.850585 -0.049656
v 0.093036 0.813682 0.125695
v 0.162974 0.866017 0.038458
v 0.145673 0.859383 -0.015066
v 0.086686 0.850613 -0.049705
v -0.168229 0.836540 0.039095
v -0.151662 0.843182 -0.015066
v -0.096241 0.850484 -0.049478
v -0.048840 0.849753 -0.048201
v -0.139808 0.843317 0.108562
v -0.095363 0.830855 0.132107
v -0.042699 0.813367 0.108237
v 0.173736 1.271157 0.070670
v -0.092261 1.271505 -0.068198
v -0.006701 1.269344 -0.069782
v 0.130483 1.264404 0.138944
v 0.078185 1.280063 0.162862
v 0.078185 1.270704 -0.070125
v 0.154068 1.269483 -0.028785
v -0.091213 1.280197 0.162862
v -0.134792 1.271498 0.137559
v -0.184897 1.272438 0.059648
v -0.009060 1.278695 0.170711
v -0.167192 1.269557 -0.028608
v -0.001444 1.278695 0.158806
v -0.159962 1.245287 0.046291
v -0.142853 1.209758 0.041494
v -0.141701 1.242618 -0.020998
v -0.126275 1.207584 -0.018363
v -0.121244 1.210073 0.115584
v -0.135833 1.245545 0.124346
v -0.070551 1.216225 0.136480
v -0.078343 1.253033 0.146587
v -0.070414 1.208412 -0.054556
v -0.078858 1.244633 -0.057905
v 0.129805 1.209777 0.041465
v 0.151783 1.245627 0.046285
v -0.004011 1.251783 0.144489
v -0.005264 1.215570 0.132680
v -0.006638 1.242931 -0.058791
v -0.006576 1.206899 -0.054807
v 0.113173 1.207570 -0.018394
v 0.128574 1.242570 -0.021094
v 0.122523 1.243795 0.123674
v 0.109490 1.209190 0.113650
v 0.065255 1.252896 0.146562
v 0.058007 1.216353 0.136007
v 0.065243 1.244296 -0.058989
v 0.057131 1.208197 -0.054901
v -0.009470 1.215358 0.142630
v -0.009341 1.251915 0.154475
v -0.104835 1.130088 0.108818
v 0.056030 1.129632 0.125870
v 0.118505 1.134719 0.037274
v 0.102586 1.145053 -0.015516
v -0.064772 1.128272 0.129888
v 0.051730 1.152480 -0.050176
v -0.002557 1.129827 0.121290
v -0.128290 1.134383 0.038908
v -0.004321 1.128323 0.131616
v -0.116498 1.146586 -0.015744
v 0.105131 1.130981 0.101283
v -0.064772 1.152912 -0.050879
v -0.006027 1.153333 -0.051552
v 0.055857 0.666272 0.129064
v 0.154682 0.676721 0.101767
v 0.051722 0.777562 -0.057061
v 0.108504 0.667393 0.126019
v 0.162148 0.710934 0.038236
v 0.155719 0.745692 -0.019183
v 0.103222 0.777188 -0.056919
v -0.171901 0.692452 0.039059
v -0.159373 0.736688 -0.019295
v -0.106782 0.777393 -0.056922
v -0.065686 0.776933 -0.056242
v -0.147604 0.681998 0.108596
v -0.106342 0.675307 0.129434
v -0.053264 0.666563 0.126707
v 0.005459 1.339850 0.184627
v -0.006188 1.761632 0.039591
v 0.020006 1.641841 0.142416
v 0.077310 1.507882 0.182009
v 0.012204 1.509097 0.169472
v -0.107772 1.191102 -0.008756
v -0.006544 1.771238 -0.036706
v -0.120645 1.181740 0.039320
v 0.048992 1.196258 -0.039908
v 0.051802 1.169471 0.116878
v 0.094936 1.173466 0.099302
v 0.094679 1.190870 -0.008701
v -0.006547 1.195716 -0.039879
v -0.005818 1.169234 0.110791
v 0.108198 1.180746 0.038842
v -0.062080 1.196141 -0.039872
v -0.063333 1.168254 0.118490
v -0.104136 1.171983 0.102682
v 0.007434 1.718583 0.067513
v 0.872195 1.705968 -0.030431
v 0.881674 1.708874 -0.066901
v 0.872483 1.606643 -0.033541
v 0.879910 1.587790 -0.062029
v 0.879889 1.673208 -0.075437
v 0.870591 1.667130 -0.024707
v 0.746143 1.676464 -0.046579
v -0.825196 1.623549 -0.047657
v -0.825809 1.674931 -0.070842
v -0.821527 1.667445 -0.023266
v -0.823252 1.628663 -0.032103
v -0.826148 1.625971 -0.061474
v 0.877339 1.711217 -0.051460
v 0.876677 1.590287 -0.049569
v -0.826466 1.709108 -0.065465
v -0.822130 1.700434 -0.028382
v -0.885649 1.703783 -0.031204
v -0.895081 1.708434 -0.066443
v -0.886547 1.604602 -0.032769
v -0.892660 1.601252 -0.062091
v -0.893069 1.667529 -0.071952
v -0.884016 1.661605 -0.025082
v -0.759104 1.680952 -0.046502
v -0.890922 1.711852 -0.051803
v -0.889879 1.598813 -0.048194
v 0.000890 1.761550 0.039711
v -0.000938 1.508875 0.186423
v -0.006769 1.338097 0.196432
v -0.012553 1.718562 0.068285
v -0.021708 1.641734 0.141585
v -0.013395 1.167923 0.119808
v 0.085426 1.583699 0.147804
v 0.022105 1.589492 0.154705
v -0.015990 1.590109 0.155111
v -0.003358 1.423855 0.206202
v 0.000532 1.424680 0.196531
v -0.159486 0.639942 -0.020705
v -0.175944 0.554633 0.036957
v 0.114919 0.702240 -0.055499
v 0.121285 0.520694 0.118646
v 0.163655 0.525390 0.095455
v 0.162558 0.630105 -0.020811
v 0.084689 0.703624 -0.055512
v -0.064083 0.519600 0.121979
v 0.179039 0.600509 0.036788
v -0.112906 0.703021 -0.055612
v -0.115743 0.527441 0.121811
v -0.151016 0.551774 0.102863
v 0.074422 0.519815 0.121434
v -0.127809 1.071491 0.037019
v -0.104474 1.065917 0.103369
v -0.003850 1.062507 0.122893
v 0.059752 1.063842 0.117884
v -0.115852 1.090776 -0.011142
v 0.102154 1.064683 0.085595
v 0.117577 1.070924 0.036244
v 0.103909 1.087425 -0.010829
v -0.068010 1.063669 0.121863
v -0.067642 1.101707 -0.042779
v -0.014322 1.097962 -0.044344
v 0.054894 1.100322 -0.041772
v 0.001337 1.065395 0.113825
v -0.082629 0.703181 -0.055332
v 0.005863 1.003761 0.123337
v 0.120925 1.000279 0.097160
v 0.010118 1.015988 -0.044545
v 0.072106 1.004593 0.119809
v 0.130648 0.989677 0.038912
v 0.122870 0.996832 -0.011718
v 0.067826 1.003973 -0.044535
v -0.143274 0.999493 0.038200
v -0.129412 1.004394 -0.012214
v -0.080263 1.007665 -0.045107
v -0.111108 1.005459 0.099842
v -0.074889 1.006947 0.115171
v 0.008497 1.006006 0.114622
v -0.031523 1.021690 -0.045866
v 0.035500 0.812504 0.129499
v 0.135467 0.828428 0.094437
v 0.018702 0.850340 -0.040641
v 0.090367 0.813493 0.116979
v 0.153759 0.865158 0.038300
v 0.137683 0.858508 -0.009545
v 0.084136 0.849997 -0.040685
v -0.158775 0.835872 0.038433
v -0.143759 0.842448 -0.009621
v -0.093547 0.849977 -0.040412
v -0.048983 0.849515 -0.039183
v -0.132784 0.842674 0.102011
v -0.094127 0.830703 0.122638
v -0.044625 0.813428 0.099429
v -0.009745 1.283643 0.161225
v -0.001843 1.283410 0.151141
v -0.134370 1.213573 0.041509
v -0.119294 1.211367 -0.012988
v -0.114496 1.213732 0.109174
v -0.069298 1.218710 0.127700
v -0.067929 1.211218 -0.045939
v 0.121352 1.213736 0.041555
v -0.004288 1.255323 0.136158
v -0.005848 1.217810 0.123973
v -0.006544 1.209225 -0.046007
v 0.106296 1.211418 -0.013008
v 0.102775 1.212978 0.107288
v 0.056043 1.218946 0.127518
v 0.054669 1.211094 -0.046294
v -0.010302 1.217768 0.133170
v -0.010213 1.255733 0.144946
v -0.097551 1.129897 0.102208
v 0.053437 1.129605 0.117037
v 0.109228 1.134036 0.037420
v 0.094850 1.144359 -0.009857
v -0.063333 1.127990 0.120606
v 0.048959 1.152060 -0.041212
v -0.003715 1.129511 0.112369
v -0.118947 1.133967 0.038419
v -0.005085 1.128090 0.120779
v -0.108512 1.145949 -0.010259
v 0.097309 1.130818 0.095225
v -0.062031 1.152427 -0.041894
v -0.006078 1.152999 -0.042556
v 0.054920 0.666268 0.120103
v 0.147169 0.675859 0.095434
v 0.051694 0.776659 -0.048106
v 0.105930 0.667147 0.117230
v 0.152958 0.709923 0.037567
v 0.147252 0.744439 -0.014445
v 0.100146 0.775963 -0.047879
v -0.162597 0.691763 0.038096
v -0.151060 0.735717 -0.014438
v -0.103730 0.776267 -0.047846
v -0.065847 0.776013 -0.047291
v -0.140442 0.681524 0.102133
v -0.104829 0.675022 0.120100
v -0.054483 0.666338 0.117734
v 0.809091 1.700940 -0.028313
v 0.813389 1.709070 -0.065388
v 0.813483 1.614554 -0.061448
v 0.809696 1.624556 -0.032435
v 0.808382 1.669981 -0.023245
v 0.812721 1.674016 -0.070866
v 0.812240 1.614338 -0.048761
v 0.811666 1.710509 -0.049242
v -0.824724 1.710881 -0.049373
v 0.809706 1.707373 -0.020449
v 0.814309 1.717311 -0.073174
v 0.811451 1.606454 -0.069086
v 0.808386 1.618143 -0.024658
v 0.808538 1.669850 -0.014059
v 0.812961 1.673902 -0.080024
v 0.809816 1.605363 -0.047388
v 0.812362 1.719665 -0.047853
v -0.822806 1.706617 -0.020461
v -0.827401 1.717168 -0.073220
v -0.824543 1.618367 -0.069086
v -0.821479 1.621243 -0.024658
v -0.821631 1.667133 -0.014059
v -0.826054 1.674725 -0.080024
v -0.822909 1.614534 -0.047388
v -0.825458 1.719951 -0.047870
v 0.875056 1.722470 -0.048997
v 0.878892 1.717276 -0.079396
v 0.875918 1.666962 -0.087032
v 0.871348 1.576451 -0.073211
v 0.867821 1.577198 -0.046708
v 0.866090 1.597466 -0.021008
v 0.867365 1.666793 -0.009187
v 0.869726 1.709912 -0.017248
v -0.829225 1.710363 -0.015625
v -0.879249 1.712316 -0.017563
v -0.884297 1.726231 -0.048829
v -0.887792 1.718799 -0.079080
v -0.884797 1.666646 -0.087019
v -0.880500 1.592278 -0.073567
v -0.876767 1.587268 -0.048054
v -0.874730 1.595076 -0.021822
v -0.876634 1.660807 -0.009329
v 0.814345 1.711034 -0.015617
v 0.819238 1.721659 -0.077430
v 0.814290 1.600524 -0.073523
v 0.811785 1.613874 -0.019372
v 0.812831 1.669641 -0.007918
v 0.817371 1.673492 -0.086317
v 0.812094 1.598141 -0.045625
v 0.817269 1.725539 -0.046906
v -0.834177 1.721503 -0.077518
v -0.829272 1.612158 -0.073782
v -0.826093 1.615209 -0.019949
v -0.827573 1.666387 -0.007981
v -0.832243 1.673885 -0.086343
v -0.826668 1.606421 -0.047282
v -0.832193 1.725963 -0.046837
v 0.071727 1.355494 0.196655
v -0.005191 1.354120 0.182684
v 0.090003 1.641192 0.140000
v -0.005191 1.641726 0.143853
v 0.071185 1.526647 0.169253
v -0.005191 1.525818 0.171660
v -0.110770 1.188452 -0.015815
v -0.100384 1.641192 0.139149
v -0.081548 1.532416 0.168247
v -0.125275 1.188452 0.036849
v 0.050789 1.188452 -0.048027
v 0.051095 1.188452 0.123454
v 0.096655 1.188452 0.105245
v 0.100083 1.188452 -0.015395
v -0.005243 1.188452 -0.048376
v -0.005191 1.188452 0.123454
v 0.114834 1.188452 0.036931
v -0.061476 1.188452 -0.048447
v -0.061476 1.188452 0.123454
v -0.107037 1.188452 0.105245
v -0.005191 1.709956 0.077944
v 0.077111 1.707688 0.077944
v -0.087493 1.707688 0.077944
v -0.008820 1.249474 0.160948
v 0.146871 1.244237 0.046285
v 0.129771 1.210527 0.041495
v -0.078858 1.243989 -0.057905
v -0.070415 1.209227 -0.054556
v -0.078344 1.252050 0.146587
v -0.070551 1.216726 0.136480
v -0.135833 1.244864 0.124346
v -0.121244 1.210821 0.115584
v -0.126275 1.208433 -0.018363
v -0.141701 1.242055 -0.020998
v -0.142853 1.210519 0.041494
v -0.159963 1.244267 0.046291
v -0.008949 1.214389 0.149103
v -0.006638 1.242356 -0.058791
v -0.006576 1.207774 -0.054805
v 0.113172 1.208419 -0.018394
v 0.128574 1.242009 -0.021094
v 0.122522 1.243184 0.123674
v 0.107732 1.209435 0.115174
v 0.065255 1.251919 0.146562
v 0.057464 1.216683 0.136478
v 0.065243 1.243665 -0.058989
v 0.057130 1.209021 -0.054901
v -0.009470 1.215893 0.142630
v -0.009341 1.250977 0.154475
v 0.058384 1.208111 -0.059972
v -0.006604 1.207230 -0.060084
v 0.117023 1.206689 -0.021574
v 0.132672 1.240180 -0.023880
v 0.066811 1.242674 -0.063955
v 0.058544 1.215086 0.141403
v 0.111148 1.207282 0.118563
v -0.008948 1.214389 0.147676
v 0.134556 1.208319 0.041479
v 0.151645 1.242015 0.046475
v -0.003682 1.249409 0.168902
v -0.004935 1.214656 0.157011
v -0.071167 1.215144 0.141490
v -0.079098 1.250452 0.151571
v -0.071677 1.208367 -0.059635
v -0.080448 1.243042 -0.062874
v -0.130120 1.206725 -0.021563
v -0.147642 1.208318 0.041479
v 0.066386 1.250315 0.151472
v -0.008820 1.249474 0.159521
v 0.125993 1.241020 0.127000
v -0.006666 1.241812 -0.064070
v -0.164739 1.242052 0.046502
v -0.145797 1.240243 -0.023801
v -0.124660 1.208674 0.118978
v -0.139295 1.242708 0.127687
v -0.032155 1.215340 0.137679
v -0.032027 1.250425 0.149524
v -0.031634 1.213837 0.142725
v -0.031505 1.248921 0.154570
v 0.029650 1.244512 0.161046
v 0.028802 1.221010 0.153004
v 0.029873 1.243538 0.164483
v 0.029025 1.220035 0.156441
v 0.046873 1.234969 0.158214
v 0.046674 1.229449 0.156325
v 0.046925 1.234740 0.159021
v 0.046726 1.229220 0.157132
v 0.056643 1.508954 0.193707
v 0.142702 1.492785 0.165900
v 0.063082 1.423429 0.208329
v 0.142929 1.406066 0.183249
v 0.140011 1.491643 0.160796
v 0.054668 1.508116 0.190806
v 0.061107 1.422590 0.205429
v 0.140000 1.404823 0.177392
v 0.077926 1.506548 0.192640
v 0.083017 1.420763 0.208270
v 0.074476 1.505084 0.186503
v 0.080049 1.419504 0.202693
v -0.006667 1.971428 -0.102178
v -0.006667 1.977251 0.134850
v 0.095511 1.986644 0.105259
v 0.091861 1.978776 -0.068044
v 0.055061 1.864413 0.091587
v 0.071955 2.105783 0.067506
v 0.050837 1.839177 -0.007656
v 0.070662 2.098402 -0.068793
v -0.006667 1.840894 -0.059455
v -0.006667 2.113625 -0.086288
v -0.005813 1.856551 0.110025
v -0.006667 2.111835 0.086277
v -0.006667 2.049764 0.120418
v 0.094368 2.053404 0.085219
v -0.006667 2.047663 -0.113247
v 0.091687 2.044214 -0.075037
v 0.077631 1.913603 -0.044347
v 0.081539 1.921480 0.108706
v -0.006667 1.915929 0.131135
v -0.006667 1.910044 -0.070734
v 0.047561 1.828560 0.040955
v 0.084298 2.109323 0.002500
v 0.100786 1.981843 0.027320
v -0.006667 2.114478 0.002665
v -0.006179 1.821520 0.053439
v 0.105128 2.042744 0.012088
v 0.089810 1.919344 0.044487
v 0.106696 1.747593 0.027128
v 0.113754 1.751575 -0.051361
v -0.017312 1.742650 -0.092576
v -0.006667 1.733599 0.052881
v -0.006667 1.790658 0.046545
v 0.059669 1.819362 -0.021825
v -0.006667 1.819309 -0.085272
v 0.052712 1.810129 0.036277
v -0.108983 1.986436 0.105259
v -0.105195 1.978776 -0.068044
v -0.067792 1.865642 0.091869
v -0.085289 2.105784 0.067506
v -0.064171 1.839177 -0.007656
v -0.083996 2.098403 -0.068793
v -0.107702 2.053404 0.085219
v -0.105022 2.044214 -0.075037
v -0.090966 1.913603 -0.044347
v -0.094873 1.921480 0.108706
v -0.060439 1.828710 0.040955
v -0.097632 2.109323 0.002500
v -0.117278 1.977106 0.027320
v -0.119075 2.041826 0.012088
v -0.103780 1.918390 0.044487
v -0.120030 1.747593 0.027128
v -0.127088 1.751575 -0.051361
v -0.073004 1.819362 -0.021825
v -0.065956 1.810041 0.036277
v -0.048140 0.000000 0.028982
v 0.048141 0.000000 0.028982
v -0.048140 0.000000 -0.028982
v 0.048141 0.000000 -0.028982
v -0.048140 1.726967 0.028982
v 0.048141 1.726967 0.028982
v -0.048140 1.726967 -0.028982
v 0.048141 1.726967 -0.028982
v -0.961922 1.703292 -0.031785
v -0.961922 1.659107 -0.031785
v -0.961922 1.703292 -0.066918
v -0.961922 1.659107 -0.066918
v 0.961922 1.703292 -0.031785
v 0.961922 1.659107 -0.031785
v 0.961922 1.703292 -0.066918
v 0.961922 1.659107 -0.066918
vn 0.0062 0.9969 -0.0784
vn -0.0065 -0.2274 0.9738
vn 0.0329 0.2320 -0.9722
vn 0.0086 -0.2274 0.9738
vn -0.0005 -0.9969 0.0784
vn 0.0143 0.9719 0.2350
vn -0.0041 -0.9504 -0.3110
vn 0.0593 -0.0687 -0.9959
vn -0.0479 -0.9925 -0.1121
vn -0.0296 -0.9982 -0.0520
vn 0.0294 -0.9825 -0.1840
vn 0.0757 -0.9325 0.3530
vn 0.0395 0.9866 0.1586
vn 0.0225 0.9997 -0.0000
vn 0.0382 0.9993 -0.0000
vn 0.0621 0.8695 -0.4900
vn 0.2931 -0.0000 -0.9561
vn 0.1487 -0.0000 0.9889
vn -0.0058 -0.0000 1.0000
vn 0.2257 -0.0000 0.9742
vn 0.2462 -0.0000 -0.9692
vn 0.0511 -0.0448 -0.9977
vn 0.2110 -0.9715 0.1084
vn -0.0058 0.0018 1.0000
vn -0.1064 0.9596 -0.2606
vn -0.2382 0.9691 -0.0645
vn 0.3447 -0.9373 -0.0522
vn 0.0615 -0.0436 -0.9972
vn -0.0364 -0.9993 -0.0000
vn -0.0707 -0.9975 -0.0000
vn -0.2246 -0.9729 -0.0557
vn -0.0057 0.0018 1.0000
vn -0.0318 0.9317 0.3618
vn -0.0191 0.8195 -0.5728
vn 0.0446 -0.0434 -0.9981
vn 0.3602 0.9096 -0.2068
vn -0.3123 -0.9481 0.0603
vn 0.2032 0.9773 -0.0605
vn 0.0102 0.9999 -0.0000
vn 0.0070 -0.0000 1.0000
vn 0.0447 0.0828 -0.9956
vn -0.0019 -0.9999 -0.0130
vn -0.0355 0.9994 -0.0001
vn 0.0517 -0.9980 -0.0364
vn 0.0629 -0.2995 -0.9520
vn 0.0355 -0.9721 -0.2320
vn 0.0032 0.2274 -0.9738
vn 0.0424 -0.2319 0.9718
vn 0.0086 0.2273 -0.9738
vn -0.0282 0.9723 0.2320
vn -0.0059 -0.9720 -0.2350
vn 0.0372 0.9818 0.1863
vn 0.0608 0.0685 0.9958
vn -0.0479 0.9925 0.1121
vn -0.0020 0.9986 0.0521
vn 0.0535 0.9799 -0.1924
vn 0.0641 0.9865 0.1508
vn 0.0391 -0.9876 -0.1521
vn 0.0225 -0.9997 -0.0000
vn 0.0377 -0.9988 -0.0318
vn 0.0402 -0.9968 0.0695
vn 0.2931 -0.0000 0.9561
vn 0.1487 -0.0000 -0.9889
vn -0.0058 -0.0000 -1.0000
vn 0.2258 -0.0000 -0.9742
vn 0.2462 -0.0000 0.9692
vn 0.0511 0.1680 0.9845
vn 0.1937 0.9752 -0.1073
vn -0.0058 -0.0017 -1.0000
vn 0.2930 -0.0000 0.9561
vn -0.1430 -0.9896 0.0125
vn -0.1508 -0.9886 0.0015
vn 0.1852 0.9595 0.2124
vn 0.0750 0.1646 0.9835
vn -0.0359 0.9994 -0.0000
vn -0.0220 0.9998 -0.0000
vn -0.1276 0.9682 0.2150
vn -0.0057 -0.0017 -1.0000
vn -0.0624 -0.9975 -0.0317
vn -0.0360 -0.9639 0.2637
vn 0.0410 0.1631 0.9858
vn 0.2891 -0.9570 -0.0253
vn -0.2400 0.9683 -0.0686
vn 0.1795 -0.9838 -0.0019
vn 0.0422 -0.9991 -0.0000
vn 0.0070 -0.0000 -1.0000
vn 0.0440 -0.0000 0.9990
vn -0.0344 0.9994 -0.0000
vn -0.0355 -0.9994 0.0001
vn 0.0517 0.9980 0.0364
vn 0.0629 0.2995 0.9520
vn -0.0000 -1.0000 -0.0000
vn 0.0157 0.9995 0.0255
vn 0.0087 -0.0000 -1.0000
vn 0.0439 -0.0451 0.9980
vn 0.2039 -0.9790 0.0037
vn 0.1235 -0.2843 0.9507
vn -0.1176 0.9687 -0.2186
vn -0.0103 -0.0000 -0.9999
vn 0.0088 -0.0000 1.0000
vn 0.0070 1.0000 -0.0000
vn 0.0440 -0.9990 -0.0000
vn -0.0376 0.3431 0.9385
vn 0.1359 0.0063 -0.9907
vn 0.0440 -0.9990 0.0006
vn 0.0353 0.1122 -0.9931
vn 0.0572 0.0522 -0.9970
vn 0.0509 -0.1683 -0.9844
vn 0.0611 0.1369 -0.9887
vn -0.0493 -0.0000 0.9988
vn -0.0734 0.0442 0.9963
vn -0.0624 -0.0489 0.9969
vn -0.0414 -0.0000 0.9991
vn 0.2931 0.9561 -0.0000
vn 0.2642 -0.9645 -0.0001
vn -0.0058 -1.0000 0.0003
vn 0.2427 -0.9701 -0.0000
vn 0.2677 0.9635 -0.0000
vn 0.0011 0.9535 0.3015
vn 0.1936 -0.1072 -0.9752
vn -0.0058 -1.0000 -0.0000
vn -0.1430 0.0125 0.9896
vn 0.1487 -0.9889 -0.0000
vn -0.1594 -0.0808 0.9839
vn 0.2391 0.2097 -0.9481
vn 0.1811 0.6652 -0.7244
vn 0.0477 -0.0000 -0.9989
vn 0.0616 -0.0000 -0.9981
vn -0.1276 0.2150 -0.9682
vn -0.0059 -1.0000 0.0013
vn -0.0594 -0.0532 0.9968
vn -0.0417 0.2749 0.9606
vn 0.0526 0.6769 -0.7342
vn 0.2890 -0.0253 0.9570
vn -0.2400 -0.0686 -0.9683
vn 0.2149 -0.0827 0.9731
vn 0.0422 -0.0000 0.9991
vn 0.0068 -1.0000 -0.0000
vn 0.0440 0.9990 -0.0000
vn 0.0070 -1.0000 -0.0000
vn -0.0344 -0.0000 -0.9994
vn 0.0501 0.0455 -0.9977
vn 0.0629 0.9519 -0.2998
vn -0.0355 0.0001 0.9994
vn -0.0103 -0.0000 0.9999
vn 0.0088 -0.0000 -1.0000
vn 0.0077 -1.0000 -0.0000
vn -0.0417 -0.3243 -0.9450
vn 0.1386 -0.0064 0.9903
vn 0.0448 0.9990 -0.0000
vn 0.0353 -0.1122 0.9931
vn 0.0572 -0.0522 0.9970
vn 0.0509 0.1683 0.9844
vn 0.0611 -0.1369 0.9887
vn -0.0493 -0.0000 -0.9988
vn -0.0734 -0.0442 -0.9963
vn -0.0624 0.0489 -0.9969
vn -0.0414 -0.0000 -0.9991
vn 0.2931 -0.9561 -0.0000
vn 0.1273 0.9918 -0.0068
vn -0.0059 1.0000 -0.0001
vn 0.2474 0.9689 -0.0000
vn 0.2738 -0.9618 -0.0000
vn 0.0011 -0.9535 -0.3015
vn 0.1975 0.1075 0.9744
vn -0.0058 1.0000 -0.0000
vn 0.2988 -0.9543 -0.0000
vn -0.1459 -0.0128 -0.9892
vn 0.1578 0.9874 -0.0084
vn -0.0771 0.0717 -0.9944
vn 0.1177 -0.2003 0.9726
vn 0.0884 -0.6702 0.7369
vn 0.0477 -0.0000 0.9989
vn 0.0616 -0.0000 0.9981
vn -0.1369 -0.2315 0.9632
vn -0.0059 1.0000 -0.0014
vn -0.0594 0.0532 -0.9968
vn -0.0419 -0.2723 -0.9613
vn 0.0527 -0.6741 0.7367
vn 0.2890 0.0253 -0.9570
vn -0.2400 0.0686 0.9683
vn 0.2320 0.1141 -0.9660
vn 0.0422 -0.0000 -0.9991
vn 0.0074 1.0000 -0.0000
vn -0.0344 -0.0000 0.9994
vn 0.0548 -0.0271 0.9981
vn 0.0646 -0.9520 0.2992
vn -0.0365 -0.0001 -0.9993
vn -0.0062 0.9969 -0.0784
vn 0.0065 -0.2274 0.9738
vn -0.0329 0.2320 -0.9722
vn -0.0086 -0.2274 0.9738
vn 0.0005 -0.9969 0.0784
vn -0.0143 0.9719 0.2350
vn -0.0179 -0.9835 -0.1802
vn -0.0593 -0.0687 -0.9959
vn 0.0401 -0.9810 -0.1898
vn 0.0296 -0.9982 -0.0520
vn -0.0294 -0.9825 -0.1840
vn -0.0371 -0.8545 0.5181
vn -0.0547 0.9985 -0.0000
vn -0.0225 0.9997 -0.0000
vn -0.0382 0.9993 -0.0000
vn -0.0362 0.9993 -0.0000
vn -0.2931 -0.0000 -0.9561
vn -0.1488 -0.0000 0.9889
vn 0.0058 -0.0000 1.0000
vn -0.2257 -0.0000 0.9742
vn -0.2462 -0.0000 -0.9692
vn -0.0512 -0.0611 -0.9968
vn -0.2110 -0.9715 0.1084
vn 0.0059 -0.0000 1.0000
vn -0.2930 -0.0000 -0.9561
vn 0.1064 0.9596 -0.2606
vn -0.1487 -0.0000 0.9889
vn 0.2382 0.9691 -0.0645
vn -0.3447 -0.9373 -0.0522
vn -0.0615 -0.0436 -0.9972
vn 0.0563 -0.9338 0.3535
vn 0.0431 -0.9820 -0.1839
vn 0.0918 -0.9576 0.2731
vn 0.0057 0.0018 1.0000
vn 0.0318 0.9317 0.3618
vn 0.0399 0.8705 -0.4905
vn -0.0446 -0.0448 -0.9980
vn -0.0004 0.9685 0.2491
vn 0.3123 -0.9481 0.0604
vn -0.2032 0.9773 -0.0604
vn -0.0102 0.9999 -0.0000
vn -0.0070 -0.0000 1.0000
vn -0.0447 0.0828 -0.9956
vn 0.0019 -0.9999 -0.0130
vn 0.0355 0.9994 -0.0002
vn -0.0674 -0.9962 0.0544
vn -0.0629 -0.2996 -0.9520
vn -0.0355 -0.9721 -0.2320
vn -0.0032 0.2274 -0.9738
vn -0.0424 -0.2319 0.9718
vn -0.0086 0.2273 -0.9738
vn 0.0282 0.9723 0.2320
vn 0.0059 -0.9720 -0.2350
vn -0.0383 0.9830 0.1795
vn -0.0607 0.0685 0.9958
vn 0.0397 0.9803 0.1933
vn 0.0020 0.9986 0.0521
vn -0.0535 0.9799 -0.1924
vn -0.0473 0.9978 0.0469
vn -0.0537 -0.9986 -0.0000
vn -0.0225 -0.9997 -0.0000
vn -0.0423 -0.9991 -0.0000
vn -0.0359 -0.9994 -0.0000
vn -0.2930 -0.0000 0.9561
vn -0.1487 -0.0000 -0.9889
vn 0.0058 -0.0000 -1.0000
vn -0.2258 -0.0000 -0.9742
vn -0.2462 -0.0000 0.9692
vn -0.0512 0.0611 0.9968
vn -0.1937 0.9752 -0.1073
vn 0.0059 -0.0000 -1.0000
vn -0.2931 -0.0000 0.9561
vn 0.1430 -0.9896 0.0125
vn -0.1488 -0.0000 -0.9889
vn 0.1508 -0.9886 0.0015
vn -0.1852 0.9595 0.2124
vn -0.0750 0.1646 0.9835
vn 0.0260 0.9882 0.1511
vn 0.0494 0.9801 -0.1925
vn 0.0408 0.9991 -0.0086
vn 0.0057 -0.0017 -1.0000
vn 0.0624 -0.9976 -0.0317
vn 0.0709 -0.9951 0.0694
vn -0.0408 0.1681 0.9849
vn -0.0009 -0.9300 -0.3676
vn 0.2400 0.9683 -0.0686
vn -0.1795 -0.9838 -0.0018
vn -0.0422 -0.9991 -0.0000
vn -0.0070 -0.0000 -1.0000
vn -0.0440 -0.0000 0.9990
vn 0.0344 0.9994 -0.0000
vn 0.0355 -0.9994 0.0001
vn -0.0674 0.9962 -0.0544
vn -0.0629 0.2995 0.9520
vn -0.0157 0.9995 0.0255
vn -0.0087 -0.0000 -1.0000
vn -0.0439 -0.0451 0.9980
vn -0.2039 -0.9790 0.0037
vn -0.1234 -0.2840 0.9508
vn 0.1898 0.9795 0.0680
vn 0.0103 -0.0000 -0.9999
vn -0.0352 -0.1847 0.9822
vn -0.0070 1.0000 -0.0000
vn -0.0440 -0.9990 -0.0000
vn 0.1160 -0.1903 0.9748
vn -0.1359 0.0063 -0.9907
vn -0.0426 0.1873 -0.9814
vn -0.0572 0.0522 -0.9970
vn -0.0509 -0.1683 -0.9844
vn -0.0501 0.0508 -0.9975
vn 0.0493 -0.0000 0.9988
vn 0.0599 0.0873 0.9944
vn 0.0414 -0.0000 0.9991
vn -0.2931 0.9561 -0.0000
vn -0.2642 -0.9645 -0.0001
vn 0.0058 -1.0000 -0.0000
vn -0.2427 -0.9701 -0.0000
vn -0.2677 0.9635 -0.0000
vn -0.0414 0.9902 -0.1336
vn -0.1937 -0.1072 -0.9752
vn 0.1430 0.0125 0.9896
vn -0.1487 -0.9889 0.0001
vn 0.1594 -0.0808 0.9839
vn -0.2391 0.2097 -0.9481
vn -0.1811 0.6652 -0.7244
vn -0.0572 0.1369 -0.9889
vn -0.0333 -0.1684 -0.9852
vn 0.0113 -0.0830 -0.9965
vn 0.0059 -1.0000 0.0013
vn 0.0594 -0.0532 0.9968
vn 0.0589 0.0036 0.9983
vn -0.0401 0.9167 0.3977
vn 0.0077 -0.3767 0.9263
vn 0.2400 -0.0686 -0.9683
vn -0.2148 -0.0827 0.9731
vn -0.0422 -0.0000 0.9991
vn -0.0068 -1.0000 -0.0000
vn -0.0440 0.9990 -0.0000
vn -0.0070 -1.0000 -0.0000
vn 0.0344 -0.0000 -0.9994
vn -0.0674 -0.0544 -0.9962
vn -0.0629 0.9520 -0.2996
vn 0.0355 0.0001 0.9994
vn 0.0103 -0.0000 0.9999
vn -0.0352 0.1847 -0.9822
vn -0.0077 -1.0000 -0.0000
vn 0.1183 0.1904 -0.9746
vn -0.1386 -0.0064 0.9903
vn -0.0449 0.9990 -0.0000
vn -0.0426 -0.1873 0.9814
vn -0.0572 -0.0522 0.9970
vn -0.0509 0.1683 0.9844
vn -0.0504 -0.0535 0.9973
vn 0.0493 -0.0000 -0.9988
vn 0.0599 -0.0873 -0.9944
vn 0.0414 -0.0000 -0.9991
vn -0.2931 -0.9561 -0.0000
vn -0.1273 0.9918 -0.0067
vn 0.0059 1.0000 -0.0001
vn -0.2474 0.9689 -0.0000
vn -0.2738 -0.9618 -0.0000
vn -0.0414 -0.9902 0.1333
vn -0.1975 0.1075 0.9744
vn 0.0058 1.0000 -0.0001
vn -0.2988 -0.9543 -0.0000
vn 0.1459 -0.0128 -0.9892
vn -0.1578 0.9874 -0.0083
vn 0.0771 0.0717 -0.9944
vn -0.1177 -0.2003 0.9726
vn -0.0884 -0.6701 0.7369
vn -0.0572 -0.1369 0.9889
vn -0.0333 0.1684 0.9852
vn 0.0114 0.0833 0.9965
vn 0.0059 1.0000 -0.0013
vn 0.0594 0.0532 -0.9968
vn 0.0589 -0.0036 -0.9983
vn -0.0402 -0.9165 -0.3980
vn 0.0077 0.3767 -0.9263
vn 0.2400 0.0686 0.9683
vn -0.2320 0.1141 -0.9660
vn -0.0422 -0.0000 -0.9991
vn -0.0074 1.0000 -0.0000
vn 0.0344 -0.0000 0.9994
vn -0.0692 0.0545 0.9961
vn -0.0646 -0.9520 0.2992
vn 0.0365 -0.0001 -0.9993
vn 0.0531 0.9200 0.3882
vn -0.4992 0.5159 -0.6961
vn -0.6021 0.7004 0.3834
vn 0.6461 0.6954 -0.3147
vn -0.3844 0.4995 -0.7764
vn 0.3451 0.4527 0.8222
vn -0.3123 0.4538 0.8346
vn 0.2420 0.5244 -0.8164
vn -0.5692 0.6478 -0.5064
vn 0.5760 0.7281 0.3716
vn -0.0322 0.4594 0.8877
vn -0.6678 0.7054 0.2375
vn 0.5731 0.8171 0.0631
vn 0.0385 0.5696 0.8210
vn 0.9366 -0.2292 -0.2649
vn 0.6785 0.4322 0.5940
vn -0.3403 0.4999 0.7964
vn -0.9097 0.4113 0.0570
vn 0.8245 0.5658 -0.0112
vn 0.2537 0.5816 0.7729
vn -0.7618 0.4073 0.5037
vn 0.6761 0.2657 -0.6872
vn -0.3354 0.3871 -0.8589
vn 0.3287 0.6453 0.6896
vn -0.3787 0.4775 0.7928
vn 0.1055 0.4850 -0.8681
vn -0.1363 -0.8784 -0.4581
vn 0.3985 0.1138 0.9101
vn -0.8816 0.1610 0.4436
vn 0.6097 0.1570 -0.7769
vn -0.1211 0.1791 -0.9764
vn 0.6071 0.2902 0.7398
vn -0.6754 0.1170 0.7281
vn 0.4194 0.0650 -0.9055
vn -0.5750 0.4938 -0.6524
vn 0.8624 0.3308 0.3831
vn -0.4364 0.2618 0.8608
vn -0.9795 0.2002 -0.0208
vn -0.2394 0.9596 0.1477
vn -0.3759 0.9168 0.1345
vn -0.1299 0.9572 -0.2587
vn -0.3224 0.9199 0.2231
vn 0.2019 0.9772 -0.0650
vn 0.2148 0.9171 0.3358
vn -0.1254 0.8191 -0.5597
vn -0.0128 0.9086 -0.4175
vn -0.1598 0.8020 0.5755
vn -0.0623 0.8845 -0.4623
vn -0.0011 0.8914 0.4532
vn -0.4376 0.8750 -0.2072
vn 0.1570 0.9530 0.2590
vn -0.1624 0.9856 -0.0466
vn -0.0526 0.8629 0.5026
vn -0.3970 0.9013 0.1735
vn 0.2223 0.8785 0.4229
vn -0.5264 0.6562 -0.5407
vn -0.7281 0.6854 0.0103
vn 0.1948 0.9530 0.2319
vn -0.6619 0.7074 0.2480
vn 0.2145 0.9297 -0.2994
vn -0.4027 0.7318 0.5498
vn 0.2962 0.9363 -0.1888
vn -0.2424 0.7309 0.6380
vn -0.0177 0.9187 -0.3945
vn 0.0904 0.9403 -0.3281
vn -0.0491 0.7592 0.6490
vn -0.1559 0.9087 -0.3873
vn 0.1463 0.8011 0.5803
vn -0.3813 0.8930 -0.2393
vn 0.3193 0.8387 0.4412
vn -0.6424 0.7622 0.0805
vn 0.6157 0.3616 0.7001
vn -0.7269 0.6487 -0.2256
vn 0.8294 0.3864 0.4035
vn -0.7885 0.6082 0.0912
vn 0.9052 0.4232 0.0381
vn -0.7237 0.5614 0.4014
vn 0.8271 0.4618 -0.3204
vn -0.5587 0.4943 0.6660
vn 0.6133 0.5185 -0.5959
vn -0.2809 0.4062 0.8695
vn -0.0197 0.6440 -0.7648
vn 0.3038 0.5761 -0.7588
vn 0.0107 0.3936 0.9192
vn -0.2545 0.6503 -0.7158
vn 0.2962 0.3716 0.8799
vn 0.5949 -0.3859 -0.7051
vn -0.4426 -0.4926 0.7493
vn 0.0788 -0.2859 -0.9550
vn 0.4151 -0.3795 -0.8269
vn 0.0695 -0.5360 0.8414
vn -0.3955 -0.3042 -0.8666
vn 0.3719 -0.5818 0.7233
vn -0.6445 -0.3261 -0.6916
vn 0.5964 -0.5585 0.5765
vn -0.8479 -0.4806 -0.2237
vn 0.8746 -0.4737 0.1038
vn -0.8664 -0.4935 -0.0761
vn 0.8718 -0.4820 -0.0873
vn -0.8470 -0.4728 0.2430
vn 0.8553 -0.4693 -0.2194
vn -0.6299 -0.4739 0.6154
vn 0.0667 -0.9528 0.2962
vn 0.3432 -0.9062 -0.2469
vn -0.2243 -0.9707 0.0863
vn -0.1408 -0.8404 -0.5233
vn 0.1810 -0.9226 0.3406
vn 0.0887 -0.9376 0.3362
vn 0.1963 -0.8625 -0.4664
vn -0.0093 -0.9240 0.3823
vn 0.0240 -0.8901 -0.4552
vn 0.3294 -0.9303 0.1615
vn -0.2088 -0.9284 -0.3074
vn 0.3875 -0.9177 0.0873
vn -0.0410 -0.8466 -0.5306
vn 0.4284 -0.8831 -0.1916
vn -0.0185 -0.9864 -0.1630
vn 0.4042 -0.9030 -0.1460
vn 0.6064 -0.7922 0.0689
vn -0.5048 -0.7630 -0.4038
vn 0.6386 -0.7594 -0.1243
vn -0.5679 -0.8130 -0.1288
vn 0.6017 -0.7338 -0.3153
vn -0.5008 -0.8423 0.1994
vn 0.4450 -0.7005 -0.5579
vn -0.4255 -0.8496 0.3118
vn 0.0813 -0.6337 -0.7693
vn 0.1695 -0.8197 0.5471
vn -0.1074 -0.8498 0.5161
vn 0.1699 -0.6364 -0.7524
vn 0.0681 -0.8198 0.5686
vn -0.0997 -0.6782 -0.7281
vn 0.4495 -0.8321 0.3249
vn -0.4168 -0.7375 -0.5314
vn -0.2677 0.9632 0.0225
vn -0.0002 0.9994 -0.0332
vn -0.0333 0.9994 -0.0100
vn -0.1285 0.9819 0.1388
vn -0.1262 0.9839 0.1269
vn -0.1284 0.9850 0.1150
vn -0.1347 0.9853 0.1047
vn 0.0012 0.9799 0.1995
vn -0.0734 0.9799 0.1854
vn -0.2270 0.9494 0.2171
vn -0.1331 0.9795 0.1512
vn -0.1259 0.9821 0.1398
vn -0.1233 0.9842 0.1268
vn -0.1256 0.9855 0.1140
vn -0.1327 0.9858 0.1025
vn -0.2306 0.9726 0.0308
vn 0.3413 0.1983 0.9188
vn -0.3373 0.4514 -0.8261
vn -0.0073 0.1987 0.9800
vn 0.3480 0.4307 -0.8327
vn 0.0073 0.4546 -0.8907
vn -0.3493 0.1961 0.9163
vn 0.6483 0.3982 -0.6490
vn -0.6523 0.2039 0.7300
vn 0.8625 0.3669 -0.3487
vn -0.8699 0.2480 0.4264
vn 0.9455 0.3246 0.0248
vn -0.9524 0.3000 0.0548
vn 0.8707 0.2759 0.4070
vn -0.8785 0.3490 -0.3263
vn 0.6522 0.2305 0.7222
vn -0.6516 0.4070 -0.6401
vn 0.0093 0.9680 -0.2509
vn 0.6880 0.7257 0.0069
vn 0.6748 -0.6432 0.3617
vn -0.6880 -0.7257 -0.0069
vn -0.6748 0.6432 -0.3618
vn 0.9637 0.0583 0.2607
vn -0.0093 -0.9680 0.2509
vn -0.9637 -0.0583 -0.2607
vn -0.2582 0.4533 0.8531
vn -0.1073 0.3994 0.9105
vn -0.1103 0.0951 0.9893
vn -0.4132 0.0768 0.9074
vn -0.4103 0.3811 0.8285
vn -0.0461 0.2511 0.9669
vn -0.2624 0.0229 0.9647
vn -0.4745 0.2252 0.8510
vn -0.2670 0.2442 0.9322
vn -0.4124 0.3988 -0.8191
vn 0.7781 -0.1646 -0.6063
vn 0.2092 -0.7715 -0.6008
vn -0.6011 -0.1951 -0.7750
vn 0.1755 0.5977 -0.7823
vn 0.6584 0.3034 -0.6888
vn 0.5969 -0.5605 -0.5741
vn -0.2803 -0.6769 -0.6807
vn -0.0093 0.9680 -0.2509
vn -0.6880 0.7257 0.0069
vn -0.6748 -0.6432 0.3618
vn 0.6880 -0.7257 -0.0070
vn 0.6748 0.6432 -0.3617
vn -0.9637 0.0583 0.2607
vn 0.0093 -0.9679 0.2510
vn 0.9637 -0.0583 -0.2607
vn 0.2582 0.4533 0.8531
vn 0.1074 0.3994 0.9105
vn 0.1103 0.0951 0.9893
vn 0.4132 0.0768 0.9074
vn 0.4103 0.3811 0.8285
vn 0.0461 0.2511 0.9669
vn 0.2624 0.0229 0.9647
vn 0.4745 0.2252 0.8510
vn 0.2670 0.2442 0.9322
vn 0.4123 0.3987 -0.8192
vn -0.7781 -0.1646 -0.6062
vn -0.2092 -0.7715 -0.6008
vn 0.6011 -0.1951 -0.7750
vn -0.1755 0.5977 -0.7823
vn -0.6584 0.3034 -0.6888
vn -0.5969 -0.5605 -0.5741
vn 0.2803 -0.6769 -0.6807
vn -0.0656 0.9755 0.2099
vn 0.6590 0.7384 0.1430
vn 0.7518 -0.6412 -0.1537
vn -0.6590 -0.7384 -0.1430
vn -0.7518 0.6412 0.1537
vn 0.9976 0.0687 -0.0076
vn 0.0656 -0.9755 -0.2098
vn -0.9976 -0.0687 0.0076
vn 0.0067 0.0133 0.9999
vn 0.1678 -0.0394 0.9850
vn 0.1884 -0.3461 0.9191
vn -0.1252 -0.3677 0.9215
vn -0.1459 -0.0610 0.9874
vn 0.2430 -0.1883 0.9516
vn 0.0358 -0.4204 0.9066
vn -0.2005 -0.2189 0.9549
vn 0.1510 -0.0595 0.9867
vn 0.1809 -0.3402 0.9228
vn -0.1645 -0.2180 0.9620
vn 0.0092 -0.0230 0.9997
vn 0.2284 -0.1900 0.9548
vn 0.0349 -0.4064 0.9130
vn -0.1079 -0.3496 0.9307
vn -0.1160 -0.0881 0.9893
vn -0.6369 0.6491 -0.4160
vn 0.5631 0.2098 -0.7993
vn 0.0214 -0.4116 -0.9111
vn -0.8040 0.0728 -0.5901
vn -0.0647 0.8890 -0.4532
vn 0.4243 0.6488 -0.6317
vn 0.3996 -0.1827 -0.8983
vn -0.4697 -0.3571 -0.8074
vn -0.0656 0.9680 -0.2423
vn 0.6590 0.7257 -0.1976
vn 0.7518 -0.6432 0.1451
vn -0.6590 -0.7257 0.1976
vn -0.7518 0.6432 -0.1452
vn 0.9976 0.0583 -0.0371
vn 0.0656 -0.9680 0.2423
vn -0.9976 -0.0583 0.0371
vn 0.0067 0.4533 0.8913
vn 0.1677 0.3994 0.9013
vn 0.1884 0.0951 0.9775
vn -0.1253 0.0768 0.9891
vn -0.1459 0.3811 0.9130
vn 0.2430 0.2511 0.9370
vn 0.0358 0.0229 0.9991
vn -0.2005 0.2252 0.9535
vn 0.1510 0.3822 0.9117
vn 0.1809 0.1021 0.9782
vn -0.1645 0.2291 0.9594
vn 0.0092 0.4207 0.9072
vn 0.2284 0.2510 0.9406
vn 0.0349 0.0384 0.9987
vn -0.1079 0.0971 0.9894
vn -0.1160 0.3577 0.9266
vn -0.6316 0.3913 -0.6693
vn 0.5539 -0.1667 -0.8157
vn 0.0208 -0.7658 -0.6428
vn -0.7977 -0.1968 -0.5700
vn -0.0643 0.5858 -0.8079
vn 0.4174 0.2938 -0.8599
vn 0.3935 -0.5566 -0.7317
vn -0.4653 -0.6735 -0.5743
vn -0.0656 0.9947 -0.0787
vn 0.6590 0.7484 -0.0746
vn 0.7518 -0.6584 0.0365
vn -0.6590 -0.7484 0.0746
vn -0.7518 0.6584 -0.0366
vn 0.9976 0.0637 -0.0269
vn 0.0656 -0.9948 0.0785
vn -0.9976 -0.0637 0.0269
vn 0.0067 0.2993 0.9541
vn 0.1677 0.2445 0.9550
vn 0.1884 -0.0682 0.9797
vn -0.1253 -0.0882 0.9882
vn -0.1459 0.2245 0.9635
vn 0.2430 0.0923 0.9656
vn 0.0358 -0.1430 0.9891
vn -0.2005 0.0640 0.9776
vn 0.1510 0.2258 0.9624
vn 0.1809 -0.0614 0.9816
vn -0.1645 0.0669 0.9841
vn 0.0092 0.2645 0.9643
vn 0.2284 0.0916 0.9692
vn 0.0349 -0.1276 0.9912
vn -0.1079 -0.0682 0.9918
vn -0.1160 0.1992 0.9731
vn -0.6369 0.5026 -0.5846
vn 0.5631 -0.0281 -0.8259
vn 0.0214 -0.6555 -0.7549
vn -0.8040 -0.0993 -0.5862
vn -0.0647 0.7218 -0.6890
vn 0.4243 0.4406 -0.7911
vn 0.3996 -0.4325 -0.8082
vn -0.4697 -0.5736 -0.6711
vn 0.2026 0.2460 -0.9479
vn -0.2026 -0.2461 0.9478
vn -0.2026 -0.2460 0.9479
vn -0.2026 -0.2460 0.9478
vn 0.2026 0.2461 -0.9478
vn 0.2026 0.2460 -0.9478
vn 0.9782 -0.0036 0.2076
vn -0.9881 -0.0104 -0.1533
vn -0.9782 0.0036 -0.2076
vn -0.0735 0.9252 0.3723
vn 0.0735 -0.9252 -0.3723
vn 0.3633 0.3364 0.8688
vn 0.0162 -0.9403 0.3399
vn 0.9740 -0.0000 -0.2264
vn -0.9740 -0.0000 0.2264
vn -0.0151 0.9481 -0.3175
vn 0.3891 0.2088 0.8972
vn 0.2067 0.4457 0.8710
vn -0.1055 -0.9388 0.3279
vn 0.9955 -0.0694 -0.0645
vn -0.9932 0.0755 0.0888
vn 0.0995 0.9599 -0.2622
vn -0.9957 0.0678 0.0632
vn 0.9932 -0.0761 -0.0884
vn 0.2538 0.1826 0.9499
vn 0.4130 0.3552 0.8386
vn -0.2849 -0.9440 0.1663
vn 0.9804 -0.1773 -0.0862
vn -0.9766 0.1941 0.0928
vn 0.2761 0.9506 -0.1417
vn -0.9791 0.1790 0.0967
vn 0.9780 -0.1914 -0.0830
vn 0.3866 0.1510 0.9098
vn 0.3855 0.1828 0.9044
vn 0.7970 -0.6018 0.0503
vn -0.7983 0.6006 -0.0455
vn 0.6827 0.7303 -0.0254
vn -0.7963 0.6033 -0.0445
vn 0.7988 -0.5994 0.0512
vn -0.6955 -0.7166 0.0530
vn 0.4414 0.3472 0.8274
vn 0.0299 0.1231 0.9919
vn -0.7777 0.4914 -0.3921
vn -0.5326 -0.5785 0.6178
vn 0.5439 0.5793 -0.6071
vn 0.7934 -0.4624 0.3959
vn 0.5321 0.5865 -0.6107
vn -0.5416 -0.5730 0.6150
vn -0.0606 0.2793 0.9583
vn 0.0621 0.1436 0.9877
vn -0.9787 -0.0668 -0.1941
vn 0.0415 -0.8050 0.5919
vn -0.0313 0.8124 -0.5823
vn 0.9743 0.0905 0.2061
vn -0.0445 0.8109 -0.5835
vn 0.0310 -0.8063 0.5907
vn -0.0084 0.1798 0.9837
vn 0.3676 0.2058 0.9069
vn 0.7552 0.3510 -0.5536
vn -0.4566 0.8840 -0.1004
vn 0.4086 -0.9123 -0.0284
vn -0.8111 -0.4778 0.3373
vn 0.4175 -0.9080 -0.0346
vn -0.4023 0.9153 0.0191
vn 0.4244 0.2752 0.8626
vn 0.3987 0.1578 0.9034
vn 0.6868 -0.7146 -0.1329
vn 0.6938 0.6754 -0.2501
vn -0.7031 -0.6757 0.2215
vn -0.7456 0.6586 0.1019
vn -0.6791 -0.6925 0.2434
vn 0.7135 0.6705 -0.2033
vn 0.4506 0.1556 0.8791
vn 0.0118 0.4296 -0.9029
vn 0.2181 0.1887 -0.9575
vn -0.4262 -0.5011 -0.7532
vn 0.1693 0.9773 0.1271
vn 0.0484 0.9911 0.1239
vn 0.3543 0.0865 0.9311
vn 0.0201 0.6129 0.7899
vn 0.2543 0.5429 0.8004
vn 0.1754 0.2636 0.9486
vn 0.9548 -0.1491 0.2573
vn 0.3645 -0.2651 -0.8927
vn -0.0012 -0.0592 -0.9982
vn -0.0376 -0.1472 -0.9884
vn 0.4664 -0.0714 -0.8817
vn 0.9390 0.0588 0.3387
vn 0.1106 0.1756 0.9782
vn 0.4133 0.1728 0.8940
vn 0.9858 0.0218 -0.1668
vn 0.9285 -0.3183 -0.1913
vn 0.0440 0.9913 0.1239
vn 0.1695 0.9783 0.1191
vn 0.0970 -0.5167 0.8506
vn 0.4516 -0.4917 -0.7445
vn -0.0142 0.3842 -0.9231
vn -0.1522 0.3791 -0.9128
vn 0.3552 -0.2547 0.8994
vn 0.3853 -0.5719 -0.7242
vn -0.1373 0.9780 0.1570
vn -0.0440 0.9913 0.1239
vn -0.5263 0.0556 0.8485
vn -0.0181 0.6129 0.7900
vn -0.2791 0.5389 0.7948
vn -0.0578 0.1094 0.9923
vn -0.8803 -0.1091 0.4617
vn -0.2737 -0.0793 -0.9585
vn -0.0341 -0.0593 -0.9977
vn -0.0526 -0.1896 -0.9804
vn -0.4222 -0.1854 -0.8873
vn -0.8951 0.1523 0.4191
vn -0.0798 0.1168 0.9899
vn -0.4758 0.1395 0.8684
vn -0.9814 -0.0112 -0.1915
vn -0.9331 -0.2410 -0.2669
vn -0.0379 0.9988 -0.0294
vn -0.1206 0.9927 0.0090
vn -0.0204 -0.3842 -0.9230
vn -0.6939 -0.7020 -0.1605
vn 0.1939 -0.5710 0.7978
vn 0.0985 -0.2162 0.9714
vn 0.1322 -0.2607 0.9563
vn 0.9108 -0.3800 0.1615
vn 0.0025 -0.3896 -0.9210
vn -0.2773 -0.4271 0.8606
vn -0.0000 -0.4143 -0.9102
vn 0.7924 -0.5190 -0.3206
vn -0.9420 -0.2613 0.2108
vn 0.0306 -0.5030 0.8637
vn 0.8166 -0.5569 -0.1521
vn -0.3706 -0.2069 0.9054
vn -0.4858 -0.4325 -0.7596
vn 0.7174 -0.5719 0.3979
vn 0.1380 0.9901 -0.0248
vn 0.1084 0.1871 -0.9764
vn 0.0549 -0.9825 0.1777
vn 0.0467 -0.1117 0.9926
vn 0.4177 0.5117 0.7508
vn -0.0193 0.3237 -0.9460
vn -0.2254 0.3275 -0.9176
vn 0.1048 0.3114 0.9445
vn -0.0591 -0.9935 0.0973
vn -0.1052 0.2482 -0.9630
vn -0.0581 0.9946 0.0862
vn 0.1104 0.9506 0.2902
vn -0.2421 -0.9479 -0.2069
vn -0.0508 0.6794 0.7320
vn 0.0495 -0.7474 -0.6626
vn 0.1345 0.8624 0.4880
vn -0.1339 0.2343 -0.9629
vn 0.5481 0.3007 0.7805
vn -0.2799 0.5255 0.8034
vn 0.0706 -0.0873 0.9937
vn 0.0881 0.2335 -0.9684
vn -0.9438 -0.3190 -0.0871
vn -0.4273 -0.1848 -0.8850
vn -0.7676 0.6092 0.1989
vn -0.0381 0.0721 0.9967
vn -0.0235 -0.9812 0.1914
vn -0.0985 0.2056 -0.9737
vn 0.0168 0.9988 -0.0465
vn -0.0555 0.1264 -0.9904
vn -0.0258 -0.1605 0.9867
vn 0.7971 0.0443 -0.6022
vn -0.4975 0.8589 -0.1218
vn 0.1648 0.2680 -0.9492
vn 0.0068 -0.1869 0.9824
vn 0.0212 0.3457 0.9381
vn -0.0174 -0.9512 0.3081
vn 0.1386 -0.2916 -0.9464
vn 0.0820 0.9910 -0.1060
vn 0.0472 0.9555 0.2912
vn 0.0064 -0.9848 -0.1738
vn -0.0152 0.8680 0.4963
vn -0.0594 -0.8524 -0.5195
vn -0.2835 -0.9527 -0.1092
vn 0.8401 -0.0999 -0.5332
vn -0.1292 0.9913 -0.0256
vn -0.1076 0.1930 -0.9753
vn 0.0647 -0.9795 0.1910
vn -0.0445 -0.1246 0.9912
vn -0.3953 0.5157 0.7601
vn -0.6095 -0.7246 0.3216
vn 0.0557 0.2137 -0.9753
vn -0.0102 0.9996 -0.0253
vn -0.1502 -0.1340 0.9795
vn 0.1051 -0.9758 0.1919
vn 0.2082 0.2131 -0.9546
vn -0.0247 0.9995 -0.0187
vn -0.1205 0.9098 0.3971
vn -0.0428 -0.7758 -0.6295
vn -0.1411 0.9771 0.1590
vn -0.2815 -0.9355 -0.2135
vn -0.0001 -0.7733 -0.6340
vn -0.1273 0.8641 0.4870
vn 0.1811 0.2625 -0.9478
vn -0.4716 0.2708 0.8392
vn 0.0573 0.2130 -0.9754
vn -0.5102 0.4773 0.7155
vn -0.1027 0.0109 0.9947
vn -0.0869 0.2414 -0.9665
vn 0.8906 0.4469 0.0846
vn -0.6007 0.6922 0.4001
vn 0.6487 0.7495 -0.1320
vn 0.7173 -0.1142 -0.6874
vn 0.0382 0.0732 0.9966
vn -0.0529 -0.9801 0.1911
vn 0.0962 0.2132 -0.9723
vn -0.0168 0.9988 -0.0465
vn 0.0553 0.1302 -0.9899
vn 0.0167 -0.1270 0.9918
vn 0.9057 -0.4187 0.0666
vn -0.7178 0.6834 -0.1332
vn -0.1648 0.2691 -0.9489
vn -0.0657 -0.3296 0.9418
vn -0.0502 0.1816 0.9821
vn -0.0942 -0.9471 0.3068
vn -0.1480 -0.2684 -0.9519
vn -0.0838 0.9924 -0.0903
vn -0.0771 0.8963 0.4368
vn -0.1175 -0.9780 -0.1726
vn 0.0152 0.8680 0.4963
vn 0.0544 -0.6896 -0.7221
vn 0.7002 0.1345 0.7011
vn -0.6252 0.0921 0.7750
vn 0.4298 0.5026 0.7501
vn 0.4561 -0.8474 0.2718
vn -0.1448 0.2399 -0.9600
vn 0.0097 0.9937 0.1117
vn 0.1322 0.9845 0.1156
vn 0.3218 -0.9004 -0.2929
vn -0.1337 0.2203 -0.9662
vn 0.5803 0.4673 0.6670
vn 0.0017 0.3306 -0.9438
vn 0.3282 0.2066 -0.9217
vn 0.0765 0.6704 0.7380
vn -0.9645 -0.1658 -0.2055
vn -0.0539 -0.1414 -0.9885
vn -0.3600 -0.1811 -0.9152
vn -0.8933 0.0088 0.4494
vn -0.1410 0.3681 0.9190
vn -0.5081 0.2925 0.8101
vn 0.9640 -0.2018 -0.1730
vn -0.0095 -0.1417 -0.9899
vn 0.4377 -0.2731 -0.8566
vn 0.9552 -0.1032 0.2773
vn 0.0579 0.3172 0.9466
vn 0.4234 0.3345 0.8419
vn -0.9585 -0.1923 -0.2104
vn -0.5825 -0.0522 0.8111
vn 0.0660 0.0347 0.9972
vn -0.8792 0.0353 0.4752
vn -0.3895 -0.2283 -0.8923
vn -0.0863 -0.2823 -0.9554
vn 0.9633 -0.0957 -0.2506
vn 0.4938 -0.1788 0.8510
vn 0.0429 -0.0894 0.9951
vn 0.9067 -0.1139 0.4062
vn 0.4363 -0.2964 -0.8496
vn -0.0070 -0.2822 -0.9593
vn -0.8699 -0.0493 -0.4908
vn -0.9295 0.0768 0.3607
vn 0.0592 0.0163 0.9981
vn -0.9881 0.0950 -0.1209
vn 0.9461 0.2254 0.2326
vn 0.9894 0.1433 -0.0240
vn -0.4435 0.0423 0.8953
vn -0.6895 0.1024 -0.7170
vn 0.4557 0.0539 0.8885
vn 0.0029 0.1009 -0.9949
vn 0.6525 0.2183 -0.7256
vn 0.0043 0.0287 0.9996
vn 0.0035 0.1024 -0.9947
vn 0.0358 0.0271 -0.9990
vn 0.1360 0.0330 0.9902
vn 0.5690 0.0738 -0.8190
vn -0.0277 0.0195 -0.9994
vn 0.5994 -0.0788 0.7966
vn -0.5604 0.0867 -0.8237
vn -0.4630 0.0514 0.8849
vn 0.9533 0.1599 -0.2562
vn 0.9460 0.1202 0.3010
vn -0.9722 0.1419 -0.1863
vn 0.0890 0.0220 0.9958
vn -0.9347 0.1046 0.3397
vn 0.0363 0.0133 -0.9993
vn 0.5485 0.0965 -0.8306
vn 0.4252 0.2832 0.8596
vn 0.9569 0.2029 -0.2076
vn 0.9391 0.1610 0.3036
vn 0.0538 0.0422 0.9977
vn 0.0101 0.0141 0.9998
vn -0.0229 0.0282 -0.9993
vn -0.5569 0.0983 -0.8247
vn -0.4526 -0.0505 0.8903
vn -0.9494 0.2014 -0.2411
vn -0.9374 0.0812 0.3386
vn -0.0039 -0.0237 -0.9997
vn 0.5164 0.0335 -0.8557
vn 0.4287 0.0230 0.9032
vn 0.9843 0.1030 -0.1431
vn 0.9736 0.1799 0.1403
vn 0.2203 0.0063 0.9754
vn 0.0086 -0.0819 0.9966
vn 0.0264 -0.0314 -0.9992
vn -0.5304 0.0331 -0.8471
vn -0.4472 0.0871 0.8902
vn -0.9554 0.0904 -0.2812
vn -0.8868 0.1243 0.4452
vn 0.8913 -0.2787 0.3577
vn -0.4154 -0.2338 -0.8791
vn -0.0006 -0.2092 -0.9779
vn 0.0290 -0.5391 0.8417
vn -0.7447 -0.4706 0.4732
vn -0.3939 -0.5871 0.7072
vn 0.4506 -0.2279 -0.8631
vn 0.2464 -0.4710 0.8470
vn -0.0549 -0.1816 -0.9818
vn 0.9336 -0.2389 -0.2671
vn -0.9395 -0.2921 -0.1789
vn 0.0432 -0.5877 0.8079
vn -0.0124 -0.3674 -0.9300
vn -0.8987 -0.3700 -0.2355
vn -0.8581 -0.4473 0.2522
vn -0.0065 -0.1099 -0.9939
vn -0.2997 -0.3431 0.8902
vn -0.8841 -0.4066 -0.2301
vn 0.0229 -0.2602 0.9653
vn -0.5307 -0.1999 -0.8237
vn 0.8551 -0.4129 0.3135
vn -0.0006 -0.1124 -0.9937
vn 0.3389 -0.3225 0.8838
vn 0.8372 -0.4774 -0.2667
vn 0.0974 -0.3071 0.9467
vn 0.4876 -0.2784 -0.8275
vn -0.8190 -0.2339 0.5239
vn -0.9386 -0.1611 0.3050
vn 0.0946 0.0084 0.9955
vn -0.9755 -0.0322 -0.2176
vn 0.9758 0.0155 0.2182
vn 0.9614 0.0139 -0.2748
vn -0.4631 0.0508 0.8849
vn -0.5647 0.0384 -0.8244
vn 0.4482 -0.0708 0.8911
vn -0.0000 0.0463 -0.9989
vn 0.5638 0.0265 -0.8255
vn 0.1306 0.0461 0.9904
vn -0.0000 0.0632 -0.9980
vn -0.0007 0.1005 -0.9949
vn 0.4757 0.1915 -0.8585
vn 0.4370 0.0397 0.8986
vn 0.9437 0.0949 -0.3168
vn 0.9538 -0.0055 0.3004
vn 0.0576 0.0083 0.9983
vn 0.0706 0.1195 0.9903
vn 0.0176 0.0988 -0.9950
vn -0.6183 0.0758 -0.7822
vn -0.4486 0.0163 0.8936
vn -0.9811 0.0251 -0.1916
vn -0.9409 0.0455 0.3356
vn -0.4898 0.4352 0.7554
vn -0.3570 0.2526 -0.8993
vn -0.0867 0.2166 -0.9724
vn -0.0553 0.1730 -0.9834
vn -0.9353 0.2384 -0.2616
vn -0.0079 0.3979 0.9174
vn -0.9091 0.3431 0.2363
vn 0.8802 0.3973 -0.2595
vn 0.3477 0.2277 -0.9095
vn 0.4871 0.4350 0.7573
vn 0.0138 -0.9958 0.0902
vn 0.0689 0.1569 0.9852
vn 0.2565 0.7092 -0.6567
vn -0.0305 -0.1608 -0.9865
vn 0.0240 0.1452 -0.9891
vn 0.0209 -0.2337 0.9721
vn 0.3716 0.9242 -0.0888
vn -0.0187 -0.9936 0.1115
vn -0.0369 0.1881 0.9815
vn -0.3413 0.9048 -0.2548
vn 0.0429 -0.1523 -0.9874
vn 0.0076 0.2218 -0.9751
vn -0.0125 -0.1556 0.9877
vn -0.3524 0.9174 0.1851
vn -0.0276 -0.8963 -0.4426
vn -0.1352 -0.3954 -0.9085
vn 0.0588 -0.9106 -0.4091
vn 0.9369 -0.0884 -0.3383
vn -0.0559 -0.0165 -0.9983
vn 0.9860 -0.0957 0.1365
vn -0.9477 -0.2243 -0.2269
vn -0.9908 -0.1338 0.0199
vn 0.4440 -0.0412 -0.8951
vn 0.6572 -0.1604 0.7364
vn -0.4584 -0.0503 -0.8873
vn -0.0153 -0.1063 0.9942
vn -0.6544 -0.2063 0.7275
vn -0.0483 -0.0080 -0.9988
vn -0.0061 -0.1036 0.9946
vn -0.0246 -0.0137 0.9996
vn -0.1360 -0.0332 -0.9902
vn -0.5711 -0.0744 0.8175
vn 0.0122 -0.0343 0.9993
vn -0.4433 -0.0541 -0.8947
vn 0.5683 -0.0772 0.8192
vn 0.4707 -0.0514 -0.8808
vn -0.9540 -0.1561 0.2560
vn -0.9781 -0.0419 -0.2040
vn 0.9753 -0.1326 0.1764
vn -0.0629 -0.0333 -0.9975
vn 0.9381 -0.1258 -0.3227
vn -0.0367 -0.0134 0.9992
vn -0.5495 -0.0975 0.8298
vn -0.5971 -0.1501 -0.7880
vn -0.9572 -0.2024 0.2070
vn -0.9361 -0.1609 -0.3129
vn -0.0781 -0.0204 -0.9967
vn -0.1174 0.1304 -0.9845
vn 0.0275 -0.0261 0.9993
vn 0.5612 -0.0957 0.8221
vn 0.4542 0.0499 -0.8895
vn 0.9716 -0.1547 0.1793
vn 0.9379 -0.0833 -0.3368
vn 0.0048 0.0238 0.9997
vn -0.5150 -0.0331 0.8566
vn -0.4223 -0.0214 -0.9062
vn -0.9852 -0.1034 0.1367
vn -0.9750 -0.1803 -0.1299
vn -0.0526 -0.0403 -0.9978
vn -0.0057 0.0802 -0.9968
vn 0.0045 0.0383 0.9993
vn 0.5571 -0.0222 0.8302
vn 0.3912 -0.0643 -0.9181
vn 0.9630 -0.0812 0.2569
vn 0.8846 -0.1238 -0.4496
vn 0.0133 0.3777 0.9258
vn 0.8986 0.3714 0.2336
vn 0.9684 0.0391 -0.2463
vn -0.0441 -0.0335 -0.9985
vn 0.9669 -0.0243 0.2542
vn -0.9763 -0.0150 -0.2160
vn -0.9624 -0.0103 0.2715
vn 0.3658 0.0677 -0.9282
vn 0.5653 -0.0375 0.8240
vn -0.3758 -0.0191 -0.9265
vn -0.0002 -0.0462 0.9989
vn -0.5658 -0.0239 0.8242
vn -0.1318 -0.0463 -0.9902
vn 0.0011 -0.0625 0.9980
vn 0.0001 -0.1007 0.9949
vn -0.4717 -0.1858 0.8620
vn -0.4363 -0.0393 -0.8990
vn -0.9398 -0.0930 0.3287
vn -0.9520 0.0064 -0.3060
vn -0.2229 0.0330 -0.9743
vn -0.4117 0.0431 -0.9103
vn -0.0285 -0.1031 0.9943
vn 0.5333 -0.1575 0.8311
vn 0.4651 -0.0228 -0.8849
vn 0.9546 -0.0783 0.2876
vn 0.9263 -0.0237 -0.3761
vn -0.9953 -0.0066 0.0967
vn -0.9969 0.0325 0.0711
vn 0.9963 -0.0619 0.0595
vn -0.9591 0.2823 0.0193
vn -0.9918 -0.0990 0.0804
vn 0.9813 0.1287 0.1431
vn 0.9436 -0.0754 -0.3222
vn 0.9693 0.0076 0.2459
vn 0.9957 -0.0523 -0.0762
vn 0.9968 -0.0622 0.0506
vn 0.9993 0.0334 -0.0145
vn 0.9590 -0.2187 0.1800
vn 0.9120 -0.2860 0.2940
vn -0.9445 -0.1344 0.2997
vn -0.9997 -0.0093 -0.0211
vn -0.8859 -0.3377 0.3181
vn -0.9992 -0.0394 -0.0046
vn -0.9981 -0.0585 0.0177
vn -0.9430 -0.0568 0.3280
vn -0.9651 -0.2473 0.0865
vn -0.9107 -0.4061 0.0753
vn 1.0000 0.0008 -0.0046
vn 0.9901 -0.0331 0.1363
vn 0.9981 0.0610 0.0021
vn 0.9449 0.3274 -0.0082
vn -0.9912 -0.0540 0.1206
vn -0.9958 -0.0189 0.0897
vn 0.9937 0.1100 0.0193
vn -0.9958 0.0477 0.0788
vn 0.9914 -0.1228 0.0446
vn -0.6226 -0.6326 -0.4605
vn 0.0239 -0.9992 0.0320
vn 0.0539 -0.8818 -0.4685
vn 0.1212 -0.9925 0.0161
vn -0.0455 -0.9938 -0.1018
vn 0.2541 -0.6271 -0.7363
vn 0.1510 -0.6208 -0.7693
vn -0.1501 -0.9884 0.0217
vn -0.2332 -0.5451 -0.8053
vn -0.5412 -0.8381 -0.0688
vn -0.0051 -0.9898 -0.1424
vn -0.0973 -0.9952 -0.0059
vn -0.9899 -0.1286 0.0599
vn -0.9121 -0.4076 -0.0440
vn 0.9927 0.0482 -0.1104
vn -0.9970 -0.0172 0.0758
vn 0.9892 0.1181 -0.0872
vn 0.9745 -0.2240 -0.0127
vn -0.9817 -0.1615 0.1012
vn -0.9581 -0.2862 -0.0077
vn 0.9604 -0.2512 -0.1205
vn 0.9753 -0.2207 -0.0128
vn -0.9794 -0.1490 0.1361
vn -0.9986 -0.0514 -0.0125
vn 0.9949 -0.1004 0.0131
vn 0.9727 -0.0917 -0.2133
vn -0.9972 0.0059 0.0751
vn 0.9944 -0.0862 -0.0616
vn 0.9986 -0.0270 -0.0447
vn -0.9964 -0.0230 0.0818
vn 0.9953 -0.0508 -0.0830
vn 0.9978 0.0267 -0.0600
vn -0.9964 -0.0296 0.0794
vn -0.9962 0.0414 0.0760
vn 0.9886 0.0749 -0.1310
vn -0.9755 -0.2075 0.0732
vn -0.9851 -0.1374 0.1030
vn -0.9130 -0.4078 -0.0103
vn 0.9744 -0.2248 -0.0055
vn 0.9888 -0.0685 -0.1326
vn 0.4241 -0.8422 -0.3329
vn 0.6841 0.7250 0.0794
vn 0.3338 -0.1518 0.9303
vn 0.3621 0.1949 -0.9116
vn 0.3319 -0.1598 -0.9297
vn 0.6398 0.6924 -0.3336
vn 0.3437 0.1512 0.9268
vn 0.4614 -0.8780 0.1275
vn -0.3707 -0.8489 -0.3767
vn -0.6474 0.7419 0.1746
vn -0.3265 -0.1530 0.9327
vn -0.3819 0.2214 -0.8973
vn -0.3160 -0.1510 -0.9367
vn -0.6451 0.7461 -0.1647
vn -0.3515 0.1783 0.9191
vn -0.4159 -0.8980 0.1440
vn 0.0638 0.8971 0.4372
vn -0.3764 -0.9098 -0.1748
vn 0.0094 0.1607 -0.9870
vn 0.0080 -0.2783 0.9605
vn 0.0380 0.1664 0.9853
vn -0.2615 -0.9245 0.2775
vn -0.0293 -0.2209 -0.9748
vn 0.0751 0.9931 -0.0904
vn -0.0744 0.8964 0.4369
vn 0.3497 -0.9201 -0.1767
vn -0.0100 0.1734 -0.9848
vn 0.0676 -0.2243 0.9722
vn -0.0524 0.1583 0.9860
vn 0.3435 -0.9064 0.2459
vn 0.0416 -0.2541 -0.9663
vn -0.0708 0.9934 -0.0904
vn 0.0482 0.9912 -0.1229
vn -0.0311 -0.1713 -0.9847
vn -0.2372 -0.8345 0.4973
vn 0.0324 0.1816 0.9828
vn 0.0123 -0.2014 0.9794
vn -0.0190 0.1821 -0.9831
vn -0.3516 -0.9300 -0.1071
vn 0.0106 0.9894 -0.1445
vn 0.0398 -0.1974 -0.9795
vn 0.3431 -0.9072 0.2434
vn -0.0463 0.1694 0.9845
vn 0.0390 -0.1855 0.9819
vn 0.0194 0.1830 -0.9829
vn 0.3513 -0.9077 -0.2296
vn 0.0177 0.8950 0.4457
vn 0.0308 0.9057 0.4227
vn 0.5901 -0.5794 0.5621
vn 0.7670 -0.1215 0.6301
vn -0.6000 0.0672 -0.7972
vn -0.8098 0.1159 -0.5751
vn 0.8782 0.3757 0.2961
vn 0.6350 0.7171 0.2874
vn -0.8161 -0.1137 0.5666
vn -0.2926 -0.9101 0.2936
vn 0.8452 -0.4991 -0.1911
vn -0.7662 0.1445 0.6261
vn -0.6488 -0.1602 0.7439
vn 0.8810 0.0337 0.4719
vn 0.4416 -0.8933 0.0840
vn 0.6027 0.1690 -0.7799
vn -0.8811 -0.4101 0.2354
vn 0.7818 -0.1205 0.6118
vn 0.0281 0.2332 0.9720
vn -0.1794 0.0630 0.9817
vn -0.0492 0.2501 0.9670
vn -0.0400 0.6809 0.7313
vn 0.0333 0.6853 0.7275
vn -0.8471 -0.4671 0.2534
vn -0.0089 -0.1145 -0.9934
vn -0.3045 -0.3569 0.8831
vn -0.8750 -0.4247 -0.2325
vn -0.5294 -0.2107 -0.8218
vn 0.8557 -0.4433 0.2671
vn 0.0029 -0.1152 -0.9933
vn 0.3351 -0.3271 0.8836
vn 0.8817 -0.4135 -0.2270
vn 0.0910 -0.3188 0.9434
vn 0.4902 -0.2858 -0.8234
vn -0.1921 -0.9408 0.2793
vn -0.0184 0.9946 -0.1024
vn 0.4150 -0.9022 -0.1174
vn 0.0221 0.9518 0.3059
vn -0.2137 0.9327 -0.2906
vn 0.0673 -0.3252 0.9433
vn 0.1171 -0.9836 0.1374
vn 0.0871 -0.9522 -0.2927
vn 0.0133 0.9814 -0.1913
vn 0.0130 -0.9836 0.1799
vn 0.3382 0.9340 -0.1156
vn -0.2207 0.9380 0.2674
vn -0.4242 -0.8946 -0.1408
vn 0.2699 0.9112 0.3113
vn -0.4321 0.8926 0.1282
vn -0.4216 0.8953 -0.1438
vn 0.1200 0.9802 -0.1577
vn 0.3229 -0.9396 0.1135
vn -0.2415 -0.9374 -0.2510
vn 0.4130 0.8996 0.1422
vn -0.0222 -0.9945 0.1026
vn -0.4140 -0.8984 0.1464
vn 0.2480 -0.9118 -0.3272
vn -0.0148 -0.9587 -0.2841
vn -0.9951 -0.0282 0.0944
vn -0.1952 -0.3131 0.9295
vn -0.0871 0.9522 0.2927
vn 0.4517 -0.8502 -0.2704
vn 0.1457 -0.9493 -0.2786
vn 0.0418 0.3195 -0.9467
vn 0.1277 0.9890 -0.0745
vn 0.9976 -0.0126 -0.0683
vn 0.1321 -0.3252 0.9364
vn 0.5000 0.8412 0.2061
vn 0.0233 0.3229 -0.9461
vn 0.0249 -0.9542 -0.2982
vn 0.0140 0.9999 -0.0010
vn -0.2168 -0.3128 0.9248
vn 0.2033 0.3105 -0.9286
vn 0.0271 0.1807 0.9832
vn -0.1239 -0.9563 0.2650
vn -0.8305 0.0325 0.5561
vn 0.8891 -0.0875 -0.4492
vn 0.0939 0.9552 -0.2807
vn 0.0947 0.9597 -0.2646
vn -0.1264 -0.9511 0.2819
vn 0.4163 0.1794 0.8914
vn 0.2571 0.1886 0.9478
vn 0.3587 0.2430 -0.9013
vn 0.9077 0.4132 0.0733
vn 0.2855 -0.4369 -0.8530
vn 0.2597 -0.8218 0.5071
vn 0.9707 -0.2012 0.1317
vn 0.0566 0.9963 0.0650
vn 0.9972 0.0367 0.0652
vn 0.2860 0.4145 0.8639
vn 0.2495 -0.0586 0.9666
vn 0.3323 -0.0993 -0.9379
vn 0.3121 -0.3142 0.8966
vn 0.8915 -0.4214 0.1663
vn 0.6624 -0.1206 -0.7394
vn 0.9067 -0.4207 -0.0308
vn 0.9916 -0.0932 -0.0898
vn 0.9717 -0.2036 -0.1201
vn 0.6910 -0.0271 -0.7224
vn 0.9504 0.2769 -0.1419
vn 0.2162 0.0439 0.9754
vn 0.7988 0.5929 0.1019
vn 0.9391 0.3037 0.1607
vn 0.2444 -0.1739 0.9540
vn 0.5225 0.6541 -0.5469
vn -0.3071 0.2782 0.9101
vn -0.2731 0.3639 -0.8905
vn -0.9268 0.3219 0.1935
vn -0.2855 -0.4369 -0.8530
vn -0.2327 -0.8029 0.5488
vn -0.9742 -0.1871 0.1261
vn -0.0566 0.9963 0.0650
vn -0.9883 0.0084 0.1524
vn -0.2860 0.4145 0.8639
vn -0.2786 -0.0095 0.9604
vn -0.3547 -0.1343 -0.9253
vn -0.2500 -0.3887 0.8868
vn -0.8816 -0.4334 0.1871
vn -0.6624 -0.1206 -0.7394
vn -0.9163 -0.3848 -0.1114
vn -0.9871 -0.0144 -0.1596
vn -0.9587 -0.2551 -0.1259
vn -0.6819 0.1626 -0.7131
vn -0.8983 0.3749 -0.2292
vn -0.1348 0.1094 0.9848
vn -0.7556 0.6262 0.1921
vn -0.9594 0.2515 0.1278
vn -0.2421 -0.1679 0.9556
vn -0.5262 0.6372 -0.5631
vn -0.1952 0.9807 -0.0094
vn 0.0555 0.9853 -0.1616
vn -0.0000 1.0000 -0.0000
vn 1.0000 -0.0000 -0.0000
vn -1.0000 -0.0000 -0.0000
vn -0.0000 -0.0000 -1.0000
vn -0.0000 -0.0000 1.0000
vn 0.0358 0.9714 0.2349
vn 0.0386 -0.0721 -0.9966
vn 0.0085 -0.2321 0.9727
vn -0.0237 -0.9831 -0.1814
vn 0.0165 0.9685 0.2484
vn 0.0179 -0.9835 -0.1802
vn -0.0401 -0.9810 -0.1898
vn -0.0434 -0.9842 -0.1720
vn 0.0220 -0.9762 -0.2157
vn 0.0371 -0.8545 0.5180
vn 0.0547 0.9985 -0.0000
vn 0.0360 0.9928 0.1144
vn 0.0915 0.9283 0.3604
vn 0.0362 0.9993 -0.0000
vn 0.0512 -0.0611 -0.9968
vn -0.0059 -0.0000 1.0000
vn -0.0563 -0.9338 0.3535
vn -0.0431 -0.9820 -0.1839
vn 0.0293 -0.9847 -0.1720
vn -0.0918 -0.9576 0.2731
vn 0.0073 0.8644 0.5027
vn -0.0399 0.8705 -0.4905
vn 0.0446 -0.0448 -0.9980
vn -0.0257 0.9870 0.1586
vn 0.0004 0.9685 0.2491
vn 0.0173 -0.9400 -0.3407
vn 0.0634 -0.9798 -0.1896
vn 0.0912 0.9428 -0.3206
vn -0.0289 0.9930 0.1144
vn 0.0102 0.9999 0.0001
vn 0.0448 -0.3026 -0.9521
vn 0.0019 -0.9986 0.0525
vn -0.0404 0.9988 -0.0283
vn 0.0674 -0.9962 0.0544
vn 0.0358 -0.9713 -0.2350
vn 0.0357 0.0726 0.9967
vn 0.0085 0.2321 -0.9727
vn -0.0237 0.9831 0.1815
vn -0.0253 -0.9924 -0.1202
vn 0.0383 0.9830 0.1795
vn -0.0397 0.9803 0.1933
vn -0.0379 0.9341 0.3550
vn 0.0525 0.9808 -0.1879
vn 0.0473 0.9978 0.0469
vn 0.0537 -0.9986 -0.0000
vn 0.0360 -0.9928 -0.1144
vn 0.0423 -0.9991 -0.0000
vn 0.0359 -0.9994 -0.0000
vn 0.0512 0.0611 0.9968
vn -0.0059 -0.0000 -1.0000
vn 0.1488 -0.0000 -0.9889
vn -0.0260 0.9882 0.1511
vn -0.0494 0.9801 -0.1925
vn 0.0610 0.9330 0.3546
vn -0.0408 0.9991 -0.0086
vn -0.0251 -0.9804 -0.1952
vn -0.0709 -0.9951 0.0694
vn 0.0408 0.1681 0.9849
vn -0.0643 -0.9863 -0.1519
vn 0.0009 -0.9300 -0.3676
vn 0.0388 0.9617 0.2715
vn 0.0624 0.9792 0.1931
vn 0.0525 -0.9521 0.3013
vn -0.0635 -0.9914 -0.1143
vn 0.0422 -0.9991 -0.0001
vn 0.0351 0.3044 0.9519
vn -0.0300 0.9982 -0.0515
vn -0.0404 -0.9988 0.0283
vn 0.0674 0.9962 -0.0544
vn 0.0112 0.9974 0.0710
vn 0.0386 -0.2628 0.9641
vn 0.1322 -0.9527 0.2736
vn -0.1898 0.9795 0.0680
vn -0.0104 -0.0005 -0.9999
vn 0.0352 -0.1847 0.9822
vn 0.0440 -0.9990 -0.0002
vn -0.1160 -0.1903 0.9748
vn 0.0585 -0.4483 -0.8920
vn 0.0426 0.1873 -0.9814
vn 0.0389 0.1558 -0.9870
vn 0.0556 -0.1936 -0.9795
vn 0.0501 0.0508 -0.9975
vn -0.0305 -0.1183 0.9925
vn -0.0599 0.0873 0.9944
vn -0.0500 0.0336 0.9982
vn 0.0414 0.9902 -0.1336
vn 0.0572 0.1369 -0.9889
vn 0.0333 -0.1684 -0.9852
vn 0.0569 0.1557 -0.9862
vn -0.0113 -0.0830 -0.9965
vn -0.0254 -0.3172 0.9480
vn -0.0589 0.0036 0.9983
vn 0.0401 0.9166 0.3978
vn -0.0546 -0.1426 0.9883
vn -0.0077 -0.3767 0.9263
vn 0.0383 0.2709 -0.9618
vn 0.0591 0.1871 -0.9806
vn 0.0172 0.3118 0.9500
vn -0.0582 0.0202 0.9981
vn 0.0422 -0.0001 0.9991
vn 0.0351 0.9519 -0.3044
vn -0.0300 -0.0515 -0.9982
vn 0.0674 -0.0544 -0.9962
vn -0.0392 0.0211 0.9990
vn -0.0104 0.0005 0.9999
vn 0.0352 0.1847 -0.9822
vn 0.0440 0.9990 -0.0001
vn -0.1183 0.1904 -0.9746
vn 0.0652 0.4214 0.9045
vn 0.0426 -0.1873 0.9814
vn 0.0389 -0.1558 0.9870
vn 0.0561 0.1964 0.9789
vn 0.0504 -0.0535 0.9973
vn -0.0305 0.1183 -0.9925
vn -0.0599 -0.0873 -0.9944
vn -0.0500 -0.0336 -0.9982
vn 0.0414 -0.9902 0.1333
vn -0.0059 1.0000 -0.0012
vn 0.1580 0.9874 -0.0000
vn 0.0572 -0.1369 0.9889
vn 0.0333 0.1684 0.9852
vn 0.0569 -0.1557 0.9862
vn -0.0114 0.0833 0.9965
vn -0.0256 0.3158 -0.9485
vn -0.0589 -0.0036 -0.9983
vn 0.0402 -0.9165 -0.3980
vn -0.0546 0.1426 -0.9883
vn -0.0077 0.3767 -0.9263
vn 0.0383 -0.2709 0.9618
vn 0.0591 -0.1871 0.9806
vn 0.0172 -0.3120 -0.9499
vn -0.0581 -0.0202 -0.9981
vn 0.0422 0.0001 -0.9991
vn 0.0351 -0.9519 0.3044
vn -0.0300 0.0515 0.9982
vn 0.0692 0.0545 0.9961
vn -0.0428 -0.0356 -0.9985
vn -0.0358 0.9714 0.2349
vn -0.0386 -0.0721 -0.9966
vn -0.0085 -0.2321 0.9727
vn 0.0237 -0.9831 -0.1814
vn -0.0165 0.9685 0.2484
vn 0.0041 -0.9504 -0.3110
vn 0.0479 -0.9925 -0.1121
vn 0.0434 -0.9842 -0.1720
vn -0.0220 -0.9762 -0.2157
vn -0.0757 -0.9326 0.3530
vn -0.0395 0.9866 0.1586
vn -0.0360 0.9928 0.1144
vn -0.0915 0.9283 0.3604
vn -0.0621 0.8695 -0.4900
vn -0.0511 -0.0448 -0.9977
vn 0.0058 0.0018 1.0000
vn 0.0364 -0.9993 -0.0000
vn 0.0707 -0.9975 -0.0000
vn -0.0293 -0.9847 -0.1720
vn 0.2246 -0.9729 -0.0557
vn -0.0073 0.8644 0.5027
vn 0.0191 0.8195 -0.5728
vn -0.0446 -0.0434 -0.9981
vn 0.0257 0.9870 0.1586
vn -0.3602 0.9096 -0.2068
vn -0.0634 -0.9798 -0.1896
vn -0.0173 -0.9400 -0.3407
vn 0.0289 0.9930 0.1144
vn -0.0912 0.9428 -0.3206
vn -0.0448 -0.3027 -0.9520
vn -0.0019 -0.9986 0.0525
vn 0.0404 0.9988 -0.0283
vn -0.0517 -0.9980 -0.0363
vn -0.0358 -0.9713 -0.2350
vn -0.0357 0.0726 0.9967
vn -0.0085 0.2321 -0.9727
vn 0.0237 0.9831 0.1815
vn 0.0253 -0.9924 -0.1203
vn -0.0372 0.9818 0.1863
vn 0.0479 0.9925 0.1121
vn 0.0379 0.9341 0.3550
vn -0.0525 0.9808 -0.1879
vn -0.0641 0.9865 0.1508
vn -0.0391 -0.9876 -0.1521
vn -0.0360 -0.9928 -0.1144
vn -0.0377 -0.9988 -0.0318
vn -0.0402 -0.9968 0.0695
vn -0.0511 0.1680 0.9845
vn 0.0058 -0.0017 -1.0000
vn 0.0359 0.9994 -0.0000
vn 0.0220 0.9998 -0.0000
vn -0.0610 0.9330 0.3546
vn 0.1276 0.9683 0.2150
vn 0.0251 -0.9804 -0.1952
vn 0.0360 -0.9640 0.2636
vn -0.0410 0.1631 0.9858
vn 0.0643 -0.9863 -0.1519
vn -0.2891 -0.9570 -0.0253
vn -0.0624 0.9792 0.1932
vn -0.0388 0.9617 0.2715
vn 0.0635 -0.9914 -0.1143
vn -0.0525 -0.9521 0.3013
vn -0.0422 -0.9991 -0.0002
vn -0.0351 0.3044 0.9519
vn 0.0300 0.9982 -0.0515
vn 0.0404 -0.9988 0.0283
vn -0.0517 0.9980 0.0364
vn -0.0112 0.9974 0.0710
vn -0.0386 -0.2628 0.9641
vn -0.1322 -0.9527 0.2737
vn 0.1176 0.9687 -0.2186
vn 0.0104 -0.0005 -0.9999
vn -0.0088 -0.0000 1.0000
vn 0.0376 0.3431 0.9385
vn -0.0585 -0.4483 -0.8920
vn -0.0353 0.1122 -0.9931
vn -0.0389 0.1558 -0.9870
vn -0.0556 -0.1936 -0.9795
vn -0.0611 0.1369 -0.9887
vn 0.0305 -0.1183 0.9925
vn 0.0734 0.0442 0.9963
vn 0.0624 -0.0489 0.9969
vn 0.0500 0.0336 0.9982
vn -0.0011 0.9535 0.3015
vn 0.0059 -1.0000 0.0012
vn -0.1487 -0.9889 -0.0000
vn -0.0477 -0.0000 -0.9989
vn -0.0616 -0.0000 -0.9981
vn -0.0569 0.1557 -0.9862
vn 0.1276 0.2150 -0.9682
vn 0.0254 -0.3172 0.9480
vn 0.0417 0.2749 0.9606
vn -0.0526 0.6769 -0.7342
vn 0.0546 -0.1426 0.9883
vn -0.2890 -0.0253 0.9570
vn -0.0591 0.1871 -0.9806
vn -0.0383 0.2709 -0.9618
vn 0.0581 0.0202 0.9981
vn -0.0172 0.3118 0.9500
vn -0.0422 -0.0001 0.9991
vn -0.0351 0.9519 -0.3043
vn 0.0300 -0.0515 -0.9982
vn -0.0501 0.0455 -0.9977
vn 0.0392 0.0211 0.9990
vn 0.0104 0.0005 0.9999
vn -0.0088 -0.0000 -1.0000
vn 0.0417 -0.3243 -0.9450
vn -0.0652 0.4214 0.9045
vn -0.0353 -0.1122 0.9931
vn -0.0389 -0.1558 0.9870
vn -0.0561 0.1964 0.9789
vn -0.0611 -0.1369 0.9887
vn 0.0305 0.1183 -0.9925
vn 0.0734 -0.0442 -0.9963
vn 0.0624 0.0489 -0.9969
vn 0.0500 -0.0336 -0.9982
vn -0.0011 -0.9535 -0.3014
vn 0.0059 1.0000 -0.0012
vn -0.1580 0.9874 -0.0000
vn -0.0477 -0.0000 0.9989
vn -0.0616 -0.0000 0.9981
vn -0.0569 -0.1557 0.9862
vn 0.1369 -0.2315 0.9632
vn 0.0058 1.0000 -0.0000
vn 0.0256 0.3158 -0.9485
vn 0.0419 -0.2723 -0.9613
vn -0.0527 -0.6741 0.7367
vn 0.0546 0.1426 -0.9883
vn -0.2890 0.0253 -0.9570
vn -0.0591 -0.1871 0.9806
vn -0.0383 -0.2709 0.9618
vn 0.0581 -0.0202 -0.9981
vn -0.0172 -0.3121 -0.9499
vn -0.0422 0.0001 -0.9991
vn -0.0351 -0.9519 0.3044
vn 0.0300 0.0515 0.9982
vn -0.0548 -0.0271 0.9981
vn 0.0428 -0.0356 -0.9985
vn 0.0161 0.9998 -0.0065
vn 0.1172 0.9392 0.3228
vn 0.1463 0.9213 0.3602
vn 0.0388 0.9785 0.2028
vn 0.0027 0.8989 0.4382
vn -0.0085 0.9147 0.4040
vn -0.0598 0.9263 0.3720
vn -0.0924 0.9498 0.2991
vn 0.0175 0.9595 0.2811
vn -0.6766 0.3255 -0.6605
vn -0.6391 0.5745 0.5114
vn 0.4603 0.8329 -0.3071
vn -0.3017 0.6018 -0.7395
vn 0.3739 0.6054 0.7026
vn -0.3413 0.5330 0.7742
vn 0.1011 0.6916 -0.7151
vn -0.3966 0.7780 -0.4874
vn 0.6278 0.5184 0.5806
vn -0.2435 0.6595 0.7112
vn -0.6556 0.7196 0.2288
vn 0.6399 0.7617 0.1018
vn 0.1845 0.6952 0.6947
vn 0.8816 0.4680 0.0607
vn 0.6654 0.6152 0.4228
vn -0.2398 0.4512 0.8596
vn -0.8966 0.4409 0.0410
vn 0.8843 0.4630 0.0601
vn 0.0940 0.4787 0.8729
vn -0.7632 0.3615 0.5356
vn 0.5465 0.3728 -0.7499
vn -0.2266 0.5308 -0.8166
vn 0.3024 0.5778 0.7581
vn -0.3948 0.4865 0.7794
vn 0.4245 0.0973 -0.9002
vn 0.0040 -0.9856 -0.1691
vn 0.0882 -0.9883 -0.1242
vn -0.0397 -0.9639 -0.2632
vn -0.2984 -0.9502 0.0892
vn 0.1217 -0.9652 -0.2314
vn 0.2173 -0.9443 -0.2470
vn 0.0755 -0.6701 -0.7384
vn 0.0690 -0.7454 -0.6631
vn 0.0680 -0.6840 -0.7263
vn 0.3731 0.2801 0.8845
vn -0.9047 0.0470 0.4235
vn 0.5514 0.0340 -0.8336
vn -0.1589 0.0109 -0.9872
vn 0.6867 0.1223 0.7166
vn -0.6762 0.1135 0.7279
vn 0.3944 0.1924 -0.8986
vn -0.6884 0.2234 -0.6901
vn 0.8747 0.2941 0.3853
vn -0.4451 0.1138 0.8882
vn -0.9455 0.3204 0.0571
vn -0.0921 0.9668 0.2382
vn -0.3975 0.9014 0.1716
vn 0.0842 0.9656 -0.2460
vn 0.0215 0.9798 0.1986
vn 0.1791 0.9822 -0.0568
vn -0.2101 0.8019 0.5593
vn -0.0172 0.9084 -0.4177
vn 0.0215 0.9882 -0.1519
vn -0.0530 0.8882 0.4564
vn -0.2109 0.8214 -0.5299
vn 0.0356 0.9466 0.3206
vn -0.3502 0.9134 -0.2078
vn 0.1607 0.9448 0.2855
vn -0.5760 0.8089 0.1179
vn -0.2608 0.9408 0.2166
vn -0.1674 0.9859 -0.0024
vn 0.4043 0.8699 0.2825
vn -0.5241 0.6524 -0.5475
vn -0.6823 0.7236 0.1041
vn 0.2657 0.9569 0.1169
vn -0.5411 0.7675 0.3437
vn 0.1540 0.9864 0.0571
vn -0.4068 0.7415 0.5335
vn 0.2871 0.9387 -0.1906
vn -0.2236 0.7155 0.6618
vn 0.0040 0.9132 -0.4075
vn 0.1816 0.9209 -0.3448
vn -0.0044 0.7392 0.6735
vn -0.1804 0.9171 -0.3556
vn 0.1850 0.7903 0.5842
vn -0.3692 0.8865 -0.2791
vn 0.3154 0.8395 0.4425
vn -0.6641 0.7236 -0.1883
vn 0.5926 0.3308 0.7344
vn -0.7592 0.6192 -0.2007
vn 0.8257 0.3711 0.4249
vn -0.7887 0.6080 0.0907
vn 0.9052 0.4233 0.0380
vn -0.7562 0.5390 0.3710
vn 0.8121 0.4758 -0.3378
vn -0.6251 0.4517 0.6366
vn 0.5908 0.4972 -0.6355
vn -0.2944 0.4209 0.8580
vn -0.1231 0.5705 -0.8120
vn 0.2399 0.5267 -0.8155
vn -0.0413 0.3560 0.9336
vn -0.2614 0.6567 -0.7074
vn 0.2315 0.3093 0.9223
vn 0.5907 -0.3944 -0.7039
vn -0.4445 -0.4543 0.7721
vn 0.0789 -0.2172 -0.9729
vn 0.4237 -0.2854 -0.8597
vn 0.0682 -0.4714 0.8793
vn -0.4053 -0.2347 -0.8835
vn 0.3852 -0.5215 0.7614
vn -0.5856 -0.5136 -0.6272
vn 0.5920 -0.5665 0.5732
vn -0.8027 -0.5524 -0.2247
vn 0.8703 -0.4826 0.0984
vn -0.8987 -0.4323 -0.0744
vn 0.8938 -0.4397 -0.0884
vn -0.8460 -0.4750 0.2422
vn 0.8701 -0.4350 -0.2316
vn -0.6189 -0.5090 0.5982
vn -0.2346 -0.9695 0.0707
vn 0.1706 -0.9355 -0.3095
vn -0.2385 -0.9677 0.0823
vn -0.0968 -0.8748 -0.4746
vn 0.1980 -0.9162 0.3485
vn 0.0146 -0.9687 0.2478
vn 0.2109 -0.8555 -0.4729
vn -0.0207 -0.9185 0.3949
vn 0.0473 -0.8906 -0.4523
vn 0.3221 -0.9291 0.1815
vn -0.1949 -0.9298 -0.3122
vn 0.3806 -0.9240 -0.0376
vn -0.0047 -0.9725 -0.2327
vn 0.4020 -0.9046 -0.1417
vn -0.0212 -0.9856 -0.1680
vn 0.4137 -0.8735 -0.2569
vn 0.3266 0.2118 0.9211
vn -0.3161 0.4242 -0.8486
vn 0.0033 0.1871 0.9823
vn 0.3371 0.4173 -0.8439
vn -0.0082 0.4382 -0.8989
vn -0.3324 0.1727 0.9272
vn 0.8623 0.3671 -0.3488
vn -0.8689 0.2491 0.4277
vn 0.9455 0.3245 0.0249
vn 0.8706 0.2760 0.4072
vn -0.8775 0.3504 -0.3273
vn -0.6400 0.3866 -0.6640
vn 0.6748 -0.6432 0.3618
vn -0.6880 -0.7257 -0.0070
vn -0.6748 0.6432 -0.3617
vn -0.0093 -0.9679 0.2510
vn -0.1074 0.3994 0.9105
vn -0.2669 0.2442 0.9323
vn -0.4123 0.3987 -0.8192
vn 0.7781 -0.1646 -0.6062
vn -0.6010 -0.1951 -0.7751
vn -0.2802 -0.6769 -0.6807
vn -0.6748 -0.6432 0.3617
vn 0.6880 -0.7257 -0.0069
vn 0.6748 0.6432 -0.3618
vn 0.0093 -0.9680 0.2509
vn 0.1073 0.3994 0.9105
vn 0.2623 0.0229 0.9647
vn 0.2669 0.2442 0.9323
vn 0.4124 0.3988 -0.8191
vn 0.6010 -0.1951 -0.7751
vn -0.5970 -0.5604 -0.5741
vn 0.2802 -0.6769 -0.6807
vn -0.0656 0.9755 0.2098
vn 0.7518 -0.6412 -0.1538
vn 0.0656 -0.9756 -0.2098
vn 0.1677 -0.0394 0.9850
vn -0.1253 -0.3677 0.9215
vn -0.6369 0.6490 -0.4161
vn 0.0215 -0.4116 -0.9111
vn -0.8041 0.0728 -0.5901
vn -0.0656 0.9680 -0.2424
vn -0.6590 -0.7257 0.1977
vn -0.7518 0.6432 -0.1451
vn 0.0656 -0.9680 0.2424
vn 0.1678 0.3994 0.9013
vn -0.2005 0.2251 0.9535
vn 0.5538 -0.1667 -0.8158
vn -0.7977 -0.1968 -0.5701
vn -0.4653 -0.6735 -0.5744
vn -0.0656 0.9947 -0.0786
vn 0.6590 0.7484 -0.0747
vn -0.6590 -0.7484 0.0747
vn -0.7518 0.6584 -0.0365
vn 0.9976 0.0637 -0.0270
vn 0.0656 -0.9947 0.0786
vn -0.1252 -0.0882 0.9882
vn 0.3996 -0.4325 -0.8083
vn -0.4697 -0.5735 -0.6712
vn 0.4776 0.2595 -0.8394
vn 0.2066 0.4773 -0.8541
vn -0.9787 0.0096 -0.2052
vn -0.0735 0.9252 0.3722
vn 0.0603 -0.9590 -0.2769
vn 0.3887 0.3192 0.8643
vn -0.0009 -0.9620 0.2731
vn 0.0033 0.9697 -0.2442
vn 0.3856 0.2122 0.8979
vn 0.2743 0.3897 0.8791
vn -0.1062 -0.9602 0.2585
vn 0.9946 -0.0708 -0.0754
vn -0.9953 0.0749 0.0617
vn 0.0720 0.9787 -0.1921
vn -0.9946 0.0700 0.0768
vn 0.9951 -0.0752 -0.0635
vn 0.2530 0.1833 0.9499
vn 0.4276 0.3405 0.8374
vn -0.2907 -0.9490 0.1217
vn 0.9816 -0.1747 -0.0765
vn -0.9764 0.1941 0.0945
vn 0.2865 0.9529 -0.0996
vn -0.9805 0.1761 0.0869
vn 0.9779 -0.1914 -0.0847
vn 0.3806 0.1598 0.9108
vn 0.3713 0.2510 0.8939
vn 0.7969 -0.6019 0.0513
vn -0.7952 0.6057 -0.0263
vn 0.6826 0.7306 -0.0182
vn -0.7961 0.6034 -0.0457
vn 0.7957 -0.6050 0.0295
vn -0.6902 -0.7225 0.0400
vn 0.4669 0.2830 0.8378
vn 0.0347 0.1837 0.9824
vn -0.7834 0.4569 -0.4214
vn -0.5315 -0.5719 0.6249
vn 0.5436 0.5807 -0.6061
vn 0.7849 -0.4406 0.4356
vn 0.5314 0.5794 -0.6181
vn -0.5415 -0.5744 0.6139
vn -0.0484 0.1749 0.9834
vn 0.0260 0.1951 0.9804
vn -0.9684 -0.0879 -0.2333
vn 0.0400 -0.7996 0.5993
vn -0.0318 0.8133 -0.5810
vn 0.9631 0.1013 0.2493
vn -0.0431 0.8053 -0.5913
vn 0.0314 -0.8072 0.5894
vn 0.0286 0.1421 0.9894
vn 0.4003 0.1836 0.8978
vn 0.7503 0.3496 -0.5611
vn -0.4158 0.9093 0.0152
vn 0.4088 -0.9122 -0.0281
vn -0.7810 -0.4532 0.4298
vn 0.4585 -0.8880 0.0364
vn -0.4091 0.9124 0.0109
vn 0.4605 0.2562 0.8499
vn 0.4052 0.1978 0.8926
vn 0.6804 -0.7168 -0.1524
vn 0.7054 0.6794 -0.2018
vn -0.7147 -0.6840 0.1458
vn -0.7591 0.6501 0.0330
vn -0.6845 -0.6964 0.2158
vn 0.7162 0.6714 -0.1906
vn 0.4480 0.1071 0.8876
vn 0.0448 0.3839 -0.9223
vn 0.1392 0.4328 -0.8907
vn -0.3747 -0.5627 -0.7369
vn 0.1723 0.9774 0.1222
vn 0.0441 0.9918 0.1197
vn 0.4167 0.1514 0.8963
vn 0.0294 0.6029 0.7973
vn 0.2170 0.6090 0.7629
vn 0.0621 0.1466 0.9872
vn 0.9509 -0.1611 0.2642
vn 0.2985 -0.0964 -0.9495
vn -0.0026 -0.0612 -0.9981
vn -0.0091 -0.1910 -0.9816
vn 0.4670 -0.0730 -0.8813
vn 0.9469 0.1405 0.2891
vn 0.0583 0.2240 0.9728
vn 0.4045 0.1836 0.8959
vn 0.9785 0.0634 -0.1962
vn 0.9425 -0.2355 -0.2371
vn -0.0485 0.9980 -0.0395
vn 0.1704 0.9778 0.1222
vn 0.0837 -0.5417 0.8364
vn 0.4884 -0.4335 -0.7573
vn -0.0202 0.3741 -0.9272
vn -0.2111 0.1893 -0.9590
vn 0.3835 -0.2239 0.8960
vn 0.4277 -0.5211 -0.7386
vn -0.1656 0.9786 0.1223
vn -0.4915 0.0232 0.8706
vn -0.0268 0.6026 0.7976
vn -0.2275 0.6081 0.7606
vn -0.1337 0.2015 0.9703
vn -0.8858 -0.0953 0.4542
vn -0.3454 -0.2585 -0.9021
vn -0.0409 -0.0496 -0.9979
vn -0.0916 -0.2510 -0.9636
vn -0.4105 -0.1605 -0.8976
vn -0.8784 0.0793 0.4714
vn 0.0170 0.2338 0.9721
vn -0.4943 0.1251 0.8603
vn -0.9801 -0.0035 -0.1986
vn -0.9094 -0.3648 -0.1997
vn -0.0443 0.9982 -0.0395
vn -0.1378 0.9901 -0.0280
vn -0.0265 -0.3691 -0.9290
vn -0.7616 -0.6345 -0.1321
vn 0.1990 -0.6319 0.7491
vn 0.0691 -0.2537 0.9648
vn 0.0556 -0.1693 0.9840
vn 0.9376 -0.2286 0.2620
vn 0.0048 -0.3842 -0.9232
vn -0.3126 -0.5928 0.7422
vn 0.0066 -0.3894 -0.9210
vn 0.9092 -0.3403 -0.2401
vn -0.8802 -0.3981 0.2584
vn 0.0170 -0.4709 0.8820
vn 0.6813 -0.7033 -0.2028
vn -0.3468 -0.2304 0.9092
vn -0.4576 -0.4774 -0.7501
vn 0.6265 -0.7480 0.2191
vn 0.1446 0.9884 -0.0460
vn 0.1035 0.2055 -0.9732
vn 0.0510 -0.9802 0.1912
vn 0.0966 0.0718 0.9927
vn 0.2473 0.6690 0.7009
vn -0.0371 0.3061 -0.9513
vn -0.3060 0.2030 -0.9302
vn 0.2621 -0.1276 0.9566
vn -0.0835 -0.9825 0.1666
vn -0.1334 0.2039 -0.9699
vn 0.0063 0.9993 -0.0375
vn -0.0245 0.8804 0.4736
vn 0.0965 -0.7484 -0.6562
vn -0.0206 0.6960 0.7177
vn -0.0226 -0.8537 -0.5203
vn 0.1331 0.8604 0.4920
vn -0.1242 0.2512 -0.9599
vn 0.2671 -0.0982 0.9586
vn -0.4748 0.6420 0.6021
vn 0.0469 -0.1604 0.9859
vn 0.1038 0.1259 -0.9866
vn -0.9251 -0.3652 -0.1040
vn -0.5873 -0.1519 -0.7950
vn -0.7376 0.6363 0.2260
vn 0.0331 0.3456 0.9378
vn 0.0114 -0.9513 0.3081
vn 0.0968 -0.2931 -0.9512
vn 0.0323 0.9938 -0.1063
vn -0.0927 0.2706 -0.9582
vn -0.0383 -0.1867 0.9817
vn 0.8472 0.0188 -0.5310
vn -0.5830 0.8020 -0.1297
vn 0.1913 0.1578 -0.9688
vn 0.0307 -0.2782 0.9600
vn 0.0518 0.1663 0.9847
vn -0.0127 -0.9577 0.2875
vn 0.1147 -0.2196 -0.9688
vn 0.0838 0.9924 -0.0903
vn 0.0771 0.8963 0.4368
vn 0.0043 -0.9820 -0.1886
vn 0.0488 0.9554 0.2912
vn 0.0164 -0.9847 -0.1738
vn -0.2083 -0.9651 -0.1590
vn 0.6304 -0.1482 -0.7620
vn -0.1356 0.9897 -0.0461
vn -0.1024 0.2130 -0.9717
vn 0.0681 -0.9767 0.2035
vn -0.0961 0.0730 0.9927
vn -0.2971 0.2324 0.9261
vn -0.4943 -0.7445 0.4487
vn 0.0423 0.2288 -0.9725
vn -0.0076 0.9998 -0.0204
vn -0.0192 0.2661 0.9638
vn 0.0935 -0.9798 0.1770
vn 0.2025 0.2212 -0.9540
vn -0.0331 0.9988 -0.0349
vn -0.0576 0.8743 0.4820
vn 0.2672 -0.9449 -0.1891
vn -0.0216 0.9272 0.3741
vn -0.3783 -0.8658 -0.3274
vn 0.0344 -0.6902 -0.7228
vn -0.1255 0.8612 0.4925
vn 0.2079 0.2205 -0.9530
vn -0.1729 -0.0151 0.9848
vn 0.0558 0.2152 -0.9750
vn -0.4290 0.2825 0.8580
vn -0.0444 -0.1269 0.9909
vn -0.1033 0.1297 -0.9862
vn 0.7880 0.6156 -0.0058
vn -0.5871 0.7001 0.4064
vn 0.5996 0.7856 -0.1530
vn 0.7609 -0.0940 -0.6420
vn -0.0326 0.3518 0.9355
vn -0.0852 -0.9479 0.3070
vn -0.0813 -0.2705 -0.9593
vn -0.0323 0.9938 -0.1063
vn 0.0905 0.2717 -0.9581
vn 0.0380 -0.1673 0.9852
vn 0.8385 -0.5236 0.1507
vn -0.7526 0.6478 -0.1181
vn -0.1886 0.1703 -0.9672
vn -0.0126 -0.1674 0.9858
vn -0.0218 0.3519 0.9358
vn -0.0900 -0.9539 0.2863
vn -0.1414 -0.2518 -0.9574
vn -0.0820 0.9910 -0.1060
vn -0.0472 0.9555 0.2912
vn -0.1152 -0.9755 -0.1874
vn -0.0488 0.9554 0.2912
vn -0.0928 -0.9805 -0.1730
vn 0.6502 0.1538 0.7440
vn -0.6580 0.0783 0.7490
vn 0.2944 0.2878 0.9113
vn 0.5256 -0.8217 0.2202
vn -0.1341 0.2500 -0.9589
vn 0.0300 0.9969 0.0724
vn 0.0163 0.9695 0.2444
vn 0.2614 -0.9360 -0.2356
vn -0.1228 0.2337 -0.9645
vn 0.4533 0.3286 0.8286
vn 0.0089 0.3236 -0.9462
vn 0.2333 0.3516 -0.9066
vn 0.0228 0.6965 0.7172
vn -0.9651 -0.1850 -0.1852
vn -0.0350 -0.1614 -0.9863
vn -0.4055 -0.2647 -0.8749
vn -0.9036 0.0376 0.4266
vn 0.0145 0.2542 0.9670
vn -0.5007 0.2892 0.8159
vn 0.9643 -0.1787 -0.1953
vn -0.0012 -0.1328 -0.9911
vn 0.3829 -0.1614 -0.9096
vn 0.9623 -0.0752 0.2613
vn 0.1799 0.3889 0.9035
vn 0.3951 0.3154 0.8628
vn -0.9607 -0.1673 -0.2215
vn -0.4863 0.0399 0.8729
vn -0.0253 -0.1109 0.9935
vn -0.8645 -0.0267 0.5019
vn -0.4060 -0.2822 -0.8692
vn -0.0544 -0.2373 -0.9699
vn 0.9638 -0.1837 -0.1932
vn 0.3677 -0.0176 0.9298
vn 0.1131 -0.0186 0.9934
vn 0.9409 0.0344 0.3369
vn 0.4300 -0.2844 -0.8569
vn -0.0358 -0.3145 -0.9486
vn -0.8189 -0.0739 -0.5691
vn -0.9359 0.0898 0.3405
vn 0.0574 0.0167 0.9982
vn -0.9857 0.1069 -0.1306
vn 0.9234 0.0980 0.3712
vn 0.9638 0.2285 -0.1374
vn -0.4448 0.0430 0.8946
vn -0.6569 0.1695 -0.7347
vn 0.4619 0.0571 0.8851
vn 0.0176 0.1057 -0.9942
vn 0.7130 0.1276 -0.6895
vn 0.0524 0.0065 0.9986
vn 0.0117 0.1004 -0.9949
vn 0.0240 0.0127 -0.9996
vn 0.1143 0.0096 0.9934
vn 0.5491 0.1024 -0.8295
vn -0.0117 0.0342 -0.9993
vn 0.4458 0.0564 0.8934
vn -0.5667 0.0774 -0.8203
vn -0.4458 0.0632 0.8929
vn 0.9639 0.1303 -0.2321
vn 0.9775 0.0423 0.2067
vn -0.9744 0.1339 -0.1803
vn 0.0944 0.0172 0.9954
vn -0.9379 0.1277 0.3225
vn 0.0065 0.0300 -0.9995
vn 0.5195 0.1176 -0.8463
vn 0.5895 0.1477 0.7942
vn 0.9788 0.1526 -0.1363
vn 0.9485 0.2945 0.1169
vn 0.0894 0.0093 0.9960
vn 0.1164 -0.1292 0.9848
vn -0.0272 0.0261 -0.9993
vn -0.5611 0.0952 -0.8223
vn -0.3951 -0.0100 0.9186
vn -0.9713 0.1530 -0.1822
vn -0.8785 0.1974 0.4350
vn -0.0007 -0.0248 -0.9997
vn 0.5016 0.0398 -0.8642
vn 0.4400 0.0282 0.8976
vn 0.9304 0.1743 -0.3224
vn 0.9366 0.0742 0.3424
vn 0.0539 0.0403 0.9977
vn 0.4116 -0.0045 0.9114
vn -0.0051 -0.0383 -0.9993
vn -0.5571 0.0225 -0.8302
vn -0.3951 0.0643 0.9164
vn -0.9636 0.0813 -0.2548
vn -0.9249 0.0879 0.3698
vn 0.7550 -0.4956 0.4293
vn -0.4535 -0.2013 -0.8682
vn -0.0080 -0.2156 -0.9764
vn 0.0726 -0.5913 0.8032
vn -0.8486 -0.3075 0.4305
vn -0.3456 -0.5270 0.7764
vn 0.4611 -0.2422 -0.8536
vn 0.2988 -0.5844 0.7544
vn -0.0234 -0.2093 -0.9776
vn 0.9203 -0.3494 -0.1761
vn -0.9449 -0.2369 -0.2260
vn 0.0835 -0.5464 0.8333
vn -0.0000 -0.4143 -0.9101
vn -0.7996 -0.5192 -0.3017
vn -0.8656 -0.4224 0.2690
vn -0.0145 -0.0954 -0.9953
vn -0.3290 -0.3142 0.8906
vn -0.8893 -0.3978 -0.2256
vn 0.0521 -0.3112 0.9489
vn -0.4804 -0.2742 -0.8331
vn 0.8168 -0.5310 0.2255
vn 0.0008 -0.1099 -0.9939
vn 0.2945 -0.3665 0.8826
vn 0.8839 -0.4068 -0.2306
vn 0.1046 -0.2951 0.9497
vn 0.5317 -0.2123 -0.8199
vn -0.6671 -0.7152 0.2086
vn -0.9680 -0.0358 0.2483
vn 0.0645 0.0523 0.9965
vn -0.9667 0.0318 -0.2539
vn 0.9777 0.0380 0.2065
vn 0.9586 0.0288 -0.2834
vn -0.3706 -0.0701 0.9261
vn -0.5637 0.0403 -0.8250
vn 0.3778 0.0231 0.9256
vn -0.0119 0.0630 -0.9979
vn 0.5653 0.0234 -0.8245
vn 0.1354 0.0542 0.9893
vn 0.0242 0.0290 -0.9993
vn 0.0035 0.0986 -0.9951
vn 0.6139 0.0827 -0.7850
vn 0.4564 0.0502 0.8884
vn 0.9934 -0.0051 -0.1143
vn 0.9848 0.0756 0.1564
vn 0.2209 -0.0334 0.9747
vn 0.4003 -0.0440 0.9153
vn 0.0284 0.1032 -0.9943
vn -0.5359 0.1617 -0.8287
vn -0.4631 0.0226 0.8860
vn -0.9559 0.0804 -0.2825
vn -0.9261 0.0235 0.3766
vn -0.4504 0.4928 0.7445
vn -0.3855 0.2255 -0.8947
vn -0.0495 0.2615 -0.9639
vn -0.1325 0.2595 -0.9566
vn -0.9132 0.3769 -0.1549
vn -0.0036 0.4131 0.9107
vn -0.7887 0.5160 0.3342
vn 0.9421 0.2656 -0.2046
vn 0.3698 0.2090 -0.9053
vn 0.4574 0.4790 0.7492
vn 0.0005 -0.9887 0.1501
vn 0.0710 0.1547 0.9854
vn 0.2312 0.8405 -0.4900
vn -0.0217 -0.1449 -0.9892
vn -0.0140 0.1979 -0.9801
vn 0.0652 -0.1553 0.9857
vn 0.3498 0.9355 0.0502
vn 0.0064 -0.9742 0.2257
vn -0.0636 0.1465 0.9872
vn -0.3426 0.9015 -0.2643
vn 0.0365 -0.1422 -0.9892
vn -0.0410 0.1353 -0.9900
vn -0.0017 -0.1336 0.9910
vn -0.3410 0.9119 0.2283
vn -0.0003 -0.9311 -0.3647
vn -0.0572 -0.3513 -0.9345
vn 0.0023 -0.9704 -0.2416
vn 0.9314 -0.0779 -0.3557
vn -0.0591 -0.0158 -0.9981
vn 0.9857 -0.0971 0.1377
vn -0.9229 -0.1012 -0.3715
vn -0.9605 -0.2301 0.1566
vn 0.4493 -0.0436 -0.8923
vn 0.6853 -0.1074 0.7203
vn -0.4743 -0.0582 -0.8784
vn -0.0086 -0.1044 0.9945
vn -0.7074 -0.1333 0.6942
vn -0.0011 -0.0288 -0.9996
vn -0.0052 -0.1038 0.9946
vn -0.0362 -0.0270 0.9990
vn -0.1149 -0.0111 -0.9933
vn -0.5501 -0.1017 0.8289
vn 0.0279 -0.0205 0.9994
vn -0.6052 0.0711 -0.7929
vn 0.5604 -0.0877 0.8236
vn 0.4482 -0.0647 -0.8916
vn -0.9634 -0.1318 0.2335
vn -0.9433 -0.1190 -0.3099
vn 0.9725 -0.1421 0.1846
vn -0.0781 -0.0203 -0.9967
vn 0.9351 -0.1073 -0.3379
vn -0.0063 -0.0295 0.9995
vn -0.5197 -0.1171 0.8463
vn -0.4243 -0.2784 -0.8616
vn -0.9797 -0.1534 0.1288
vn -0.9496 -0.2956 -0.1047
vn -0.0526 -0.0434 -0.9977
vn -0.0067 -0.0142 -0.9999
vn 0.0236 -0.0279 0.9993
vn 0.5580 -0.0978 0.8241
vn 0.3894 0.0110 -0.9210
vn 0.9495 -0.2000 0.2417
vn 0.8771 -0.1956 -0.4387
vn 0.0008 0.0251 0.9997
vn -0.4976 -0.0397 0.8665
vn -0.4393 -0.0287 -0.8979
vn -0.9260 -0.1735 0.3353
vn -0.9331 -0.0734 -0.3521
vn -0.2224 -0.0068 -0.9749
vn -0.4223 0.0077 -0.9064
vn -0.0272 0.0320 0.9991
vn 0.5261 -0.0330 0.8498
vn 0.4480 -0.0866 -0.8898
vn 0.9540 -0.0900 0.2858
vn 0.9253 -0.0882 -0.3688
vn 0.0033 0.4131 0.9107
vn 0.7957 0.5180 0.3139
vn 0.9401 0.1505 -0.3057
vn -0.0636 -0.0066 -0.9980
vn 0.9758 0.0306 0.2167
vn -0.9784 -0.0350 -0.2037
vn -0.9581 -0.0298 0.2849
vn 0.4711 -0.0463 -0.8809
vn 0.5658 -0.0367 0.8238
vn -0.4457 0.0606 -0.8931
vn 0.0124 -0.0624 0.9980
vn -0.5666 -0.0226 0.8237
vn -0.1354 -0.0520 -0.9894
vn -0.0249 -0.0295 0.9993
vn -0.0061 -0.0980 0.9952
vn -0.6140 -0.0852 0.7847
vn -0.9937 0.0046 0.1121
vn -0.9866 -0.0766 -0.1438
vn -0.0561 -0.0077 -0.9984
vn -0.0670 -0.1188 -0.9907
vn -0.0152 -0.0982 0.9950
vn 0.6184 -0.0776 0.7820
vn 0.4480 -0.0162 -0.8939
vn 0.9808 -0.0265 0.1932
vn 0.9418 -0.0450 -0.3331
vn -0.9954 -0.0121 0.0953
vn -0.9963 0.0305 0.0800
vn 0.9927 -0.0161 0.1192
vn -0.9589 0.2830 0.0226
vn -0.9891 -0.0318 0.1440
vn 0.9234 -0.2440 0.2962
vn 0.9998 -0.0030 -0.0206
vn 0.8982 -0.2727 0.3447
vn 0.9983 -0.0561 -0.0177
vn 0.9967 -0.0622 0.0513
vn 0.9769 -0.0350 0.2110
vn 0.8394 -0.5428 -0.0277
vn 0.8566 -0.4837 0.1797
vn -0.9862 0.0954 0.1354
vn -0.9557 -0.0849 -0.2818
vn -0.9652 -0.1899 0.1798
vn -0.9973 -0.0552 -0.0493
vn -0.9988 -0.0470 -0.0157
vn -0.9990 0.0438 0.0039
vn -0.9721 -0.1193 0.2021
vn -0.9269 -0.3545 0.1232
vn 0.9992 0.0391 0.0049
vn 0.9924 -0.0948 0.0778
vn 0.9979 0.0612 -0.0232
vn 0.9449 0.3265 -0.0213
vn -0.9932 -0.0892 0.0754
vn -0.9957 -0.0185 0.0905
vn 0.9915 0.1219 0.0462
vn -0.9949 0.0488 0.0881
vn 0.9918 -0.1267 0.0164
vn -0.1066 -0.5494 -0.8287
vn 0.0197 -0.9997 0.0154
vn 0.2393 -0.8483 -0.4724
vn 0.1138 -0.9935 0.0067
vn -0.0200 -0.9826 -0.1846
vn 0.6509 -0.5748 -0.4960
vn 0.6119 -0.6776 -0.4079
vn -0.1470 -0.9891 0.0035
vn 0.1659 -0.5740 -0.8019
vn -0.3779 -0.8767 -0.2976
vn 0.0062 -0.9946 -0.1034
vn -0.0942 -0.9955 -0.0076
vn -0.9861 -0.1304 0.1031
vn -0.9119 -0.4076 -0.0479
vn 0.9901 0.0519 -0.1304
vn -0.9974 -0.0165 0.0707
vn 0.9873 0.1202 -0.1042
vn 0.9746 -0.2240 -0.0054
vn -0.9831 -0.1655 0.0778
vn -0.9582 -0.2857 -0.0129
vn 0.9469 -0.2447 -0.2087
vn 0.9755 -0.2199 -0.0047
vn -0.9836 -0.1492 0.1010
vn -0.9987 -0.0518 -0.0005
vn 0.9949 -0.1000 -0.0125
vn 0.9874 -0.0877 -0.1319
vn -0.9978 0.0104 0.0649
vn 0.9928 -0.0716 -0.0958
vn 0.9975 -0.0117 -0.0698
vn -0.9964 -0.0231 0.0820
vn 0.9968 -0.0563 -0.0571
vn 0.9932 0.0310 -0.1119
vn -0.9979 -0.0253 0.0589
vn -0.9944 0.0401 0.0977
vn 0.9936 0.0703 -0.0884
vn -0.9779 -0.2027 0.0514
vn -0.9812 -0.1370 0.1362
vn -0.9119 -0.4080 -0.0440
vn 0.9744 -0.2246 0.0095
vn 0.9970 -0.0725 -0.0270
vn 0.0760 0.9070 0.4142
vn -0.3499 -0.9339 -0.0733
vn 0.0122 0.1555 -0.9878
vn -0.0367 -0.2006 0.9790
vn 0.0379 0.1666 0.9853
vn -0.3076 -0.8375 0.4516
vn -0.0690 -0.1582 -0.9850
vn 0.0737 0.9935 -0.0867
vn -0.0717 0.8942 0.4419
vn 0.3526 -0.9166 -0.1885
vn -0.0179 0.1577 -0.9873
vn 0.0273 -0.3301 0.9435
vn -0.0412 0.1817 0.9825
vn 0.3493 -0.8975 0.2694
vn 0.0750 -0.1880 -0.9793
vn -0.0756 0.9918 -0.1031
vn 0.0671 0.9849 -0.1598
vn -0.0570 -0.1479 -0.9874
vn -0.2757 -0.7637 0.5838
vn 0.0326 0.1819 0.9828
vn -0.0210 -0.1677 0.9856
vn 0.0046 0.1498 -0.9887
vn -0.3885 -0.9211 -0.0258
vn -0.0422 0.9714 -0.2338
vn 0.0634 -0.1741 -0.9827
vn 0.3581 -0.8910 0.2789
vn -0.0321 0.1562 0.9872
vn -0.0009 -0.2277 0.9737
vn -0.0079 0.1500 -0.9886
vn 0.3505 -0.9076 -0.2309
vn -0.0109 0.9129 0.4080
vn 0.0627 0.9244 0.3762
vn 0.7612 -0.4833 0.4324
vn 0.8790 -0.0758 0.4707
vn -0.5147 0.1001 -0.8515
vn -0.7196 0.1529 -0.6773
vn 0.8659 0.3953 0.3067
vn 0.6624 0.6934 0.2836
vn -0.8677 -0.0844 0.4899
vn -0.2755 -0.9132 0.3003
vn 0.8975 -0.4177 -0.1414
vn -0.8115 0.1226 0.5714
vn -0.4384 -0.1435 0.8873
vn 0.8619 0.0472 0.5048
vn 0.6291 -0.7582 0.1716
vn 0.6988 0.1348 -0.7025
vn -0.9558 -0.2780 0.0962
vn 0.7158 -0.1549 0.6809
vn 0.0406 0.2410 0.9697
vn 0.0294 0.1581 0.9870
vn -0.0233 0.2332 0.9721
vn -0.0191 0.6946 0.7191
vn 0.0191 0.6946 0.7191
vn -0.8568 -0.4380 0.2721
vn -0.0178 -0.0974 -0.9951
vn -0.3326 -0.3273 0.8845
vn -0.8819 -0.4132 -0.2270
vn -0.4835 -0.2815 -0.8288
vn 0.8477 -0.4672 0.2511
vn 0.0033 -0.1145 -0.9934
vn 0.3069 -0.3558 0.8827
vn 0.8750 -0.4248 -0.2323
vn 0.1049 -0.2948 0.9498
vn 0.5302 -0.2235 -0.8179
vn -0.1198 -0.9819 0.1467
vn -0.0112 0.9799 -0.1990
vn 0.4359 -0.8913 -0.1252
vn 0.0180 0.9587 0.2837
vn -0.1179 0.9817 -0.1493
vn 0.1908 -0.9427 0.2738
vn 0.0212 0.9945 -0.1025
vn 0.0196 -0.9946 0.1023
vn 0.4222 0.8949 -0.1443
vn -0.2482 0.9106 0.3304
vn -0.4153 -0.8992 -0.1376
vn 0.2430 0.9372 0.2503
vn -0.4132 0.9026 0.1208
vn -0.3354 0.9351 -0.1144
vn 0.2148 0.9310 -0.2951
vn 0.4128 -0.8991 0.1457
vn -0.2692 -0.9124 -0.3083
vn 0.4199 0.8960 0.1448
vn -0.0160 -0.9852 0.1708
vn -0.3265 -0.9382 0.1151
vn 0.2201 -0.9377 -0.2690
vn -0.0185 -0.9523 -0.3047
vn 0.1782 -0.9823 -0.0573
vn 0.0439 0.3220 -0.9457
vn 0.1992 0.9461 0.2554
vn 0.5000 0.8412 0.2060
vn -0.0173 -0.9990 0.0424
vn -0.0270 0.9531 0.3015
vn -0.2192 -0.3088 0.9255
vn 0.2020 0.3126 -0.9281
vn 0.0689 0.1732 0.9825
vn -0.1165 -0.9537 0.2773
vn 0.8982 -0.0826 -0.4317
vn 0.0742 0.9434 -0.3232
vn 0.0874 0.9568 -0.2774
vn -0.1032 -0.9347 0.3403
vn 0.4085 0.1870 0.8934
vn 0.3070 0.2784 0.9101
vn 0.2731 0.3640 -0.8905
vn 0.9280 0.3182 0.1935
vn 0.3276 -0.3852 -0.8627
vn 0.2313 -0.8098 0.5392
vn 0.9854 -0.1522 0.0761
vn 0.0842 0.9960 0.0315
vn 0.9881 -0.0329 0.1502
vn 0.2391 0.4680 0.8508
vn 0.2789 -0.0090 0.9603
vn 0.3547 -0.1343 -0.9253
vn 0.2502 -0.3829 0.8893
vn 0.8842 -0.4489 0.1288
vn 0.2774 -0.5033 -0.8184
vn 0.9191 -0.3809 -0.1014
vn 0.9882 -0.0137 -0.1527
vn 0.9669 -0.2412 -0.0827
vn 0.2208 0.5323 -0.8173
vn 0.8983 0.3750 -0.2292
vn 0.1344 0.1094 0.9849
vn 0.7568 0.6255 0.1900
vn 0.9638 0.2396 0.1173
vn 0.2346 -0.2155 0.9479
vn 0.5262 0.6372 -0.5631
vn -0.2572 0.1886 0.9478
vn -0.3587 0.2430 -0.9013
vn -0.9072 0.4138 0.0756
vn -0.3276 -0.3852 -0.8627
vn -0.2689 -0.8182 0.5082
vn -0.9686 -0.2028 0.1441
vn -0.0842 0.9960 0.0315
vn -0.9938 0.0489 0.0999
vn -0.2391 0.4680 0.8508
vn -0.2495 -0.0586 0.9666
vn -0.3323 -0.0993 -0.9379
vn -0.3094 -0.3225 0.8946
vn -0.8728 -0.4666 0.1435
vn -0.2774 -0.5033 -0.8184
vn -0.9005 -0.4342 -0.0244
vn -0.9903 -0.0573 -0.1265
vn -0.9584 -0.2567 -0.1244
vn -0.2541 0.5495 -0.7959
vn -0.9487 0.2807 -0.1453
vn -0.2161 0.0442 0.9754
vn -0.7988 0.5929 0.1019
vn -0.9392 0.3025 0.1625
vn -0.2327 -0.2085 0.9499
vn -0.5225 0.6541 -0.5469
vn -0.0555 0.9853 -0.1616
vn 0.1952 0.9807 -0.0094
vt 0.698751 0.434299
vt 0.698917 0.485853
vt 0.698974 0.434299
vt 0.698777 0.520935
vt 0.698780 0.485853
vt 0.698783 0.485853
vt 0.698982 0.434299
vt 0.698759 0.434299
vt 0.698915 0.485955
vt 0.698879 0.504157
vt 0.698537 0.436136
vt 0.698431 0.470404
vt 0.698438 0.436136
vt 0.698970 0.470404
vt 0.698834 0.436136
vt 0.699031 0.436136
vt 0.698804 0.488504
vt 0.698668 0.470404
vt 0.698815 0.470404
vt 0.698579 0.486368
vt 0.698564 0.470404
vt 0.698431 0.470404
vt 0.698564 0.470404
vt 0.698972 0.470404
vt 0.699033 0.436136
vt 0.698636 0.436136
vt 0.698815 0.470404
vt 0.698669 0.470404
vt 0.698520 0.492165
vt 0.698908 0.509146
vt 0.698850 0.497757
vt 0.698850 0.497656
vt 0.698425 0.501316
vt 0.698427 0.491961
vt 0.698695 0.501215
vt 0.698928 0.497757
vt 0.698926 0.497757
vt 0.698510 0.414956
vt 0.698669 0.492948
vt 0.698785 0.414854
vt 0.698537 0.528030
vt 0.698529 0.492948
vt 0.698788 0.414854
vt 0.698663 0.493050
vt 0.698636 0.511150
vt 0.698682 0.434160
vt 0.698516 0.485714
vt 0.698459 0.434160
vt 0.698656 0.520796
vt 0.698653 0.485714
vt 0.698650 0.485714
vt 0.698451 0.434160
vt 0.698674 0.434160
vt 0.698518 0.485816
vt 0.698554 0.504018
vt 0.698896 0.435896
vt 0.699001 0.470164
vt 0.698995 0.435896
vt 0.698463 0.470164
vt 0.698598 0.435896
vt 0.698402 0.435896
vt 0.698629 0.488264
vt 0.698764 0.470164
vt 0.698618 0.470164
vt 0.698854 0.486129
vt 0.698869 0.470164
vt 0.699001 0.470164
vt 0.698868 0.470164
vt 0.698461 0.470164
vt 0.698400 0.435896
vt 0.698764 0.470164
vt 0.698618 0.470164
vt 0.698796 0.435896
vt 0.698913 0.491925
vt 0.698525 0.508906
vt 0.698583 0.497416
vt 0.699007 0.501076
vt 0.699005 0.491721
vt 0.698738 0.500975
vt 0.698505 0.497517
vt 0.698507 0.497517
vt 0.698916 0.433994
vt 0.698763 0.485549
vt 0.698687 0.433994
vt 0.698896 0.520631
vt 0.698904 0.485549
vt 0.698770 0.485651
vt 0.698797 0.503751
vt 0.698806 0.437849
vt 0.698648 0.486048
vt 0.698577 0.437849
vt 0.698647 0.486048
vt 0.698575 0.437849
vt 0.698787 0.511368
vt 0.698794 0.486150
vt 0.698680 0.499979
vt 0.698384 0.437348
vt 0.698400 0.482802
vt 0.698349 0.437348
vt 0.698363 0.482599
vt 0.698304 0.523984
vt 0.698400 0.482599
vt 0.698392 0.482802
vt 0.698288 0.507003
vt 0.698488 0.439022
vt 0.698463 0.469833
vt 0.698499 0.439022
vt 0.698419 0.469833
vt 0.698478 0.439022
vt 0.698410 0.491390
vt 0.698424 0.469833
vt 0.698450 0.469833
vt 0.698396 0.489255
vt 0.698439 0.469833
vt 0.698446 0.439022
vt 0.698409 0.461291
vt 0.698463 0.439022
vt 0.698404 0.459156
vt 0.698391 0.467494
vt 0.698428 0.451834
vt 0.698414 0.495051
vt 0.698440 0.495051
vt 0.698354 0.508880
vt 0.698405 0.500542
vt 0.698441 0.500542
vt 0.698368 0.504202
vt 0.698414 0.494847
vt 0.698431 0.494847
vt 0.698367 0.503084
vt 0.698354 0.489255
vt 0.698341 0.491390
vt 0.698396 0.500643
vt 0.698424 0.500643
vt 0.698420 0.464952
vt 0.698386 0.433994
vt 0.698459 0.485549
vt 0.698411 0.521749
vt 0.698472 0.485549
vt 0.698420 0.433994
vt 0.698480 0.485651
vt 0.698437 0.503751
vt 0.699058 0.437752
vt 0.699042 0.483205
vt 0.699092 0.437752
vt 0.699079 0.483002
vt 0.699138 0.520727
vt 0.699042 0.483002
vt 0.699050 0.483205
vt 0.699154 0.506898
vt 0.698954 0.438619
vt 0.698979 0.469429
vt 0.698943 0.438619
vt 0.699022 0.469429
vt 0.698964 0.438619
vt 0.699031 0.490987
vt 0.699018 0.469429
vt 0.698992 0.469429
vt 0.699046 0.488851
vt 0.699003 0.469429
vt 0.698996 0.438619
vt 0.699033 0.460888
vt 0.698978 0.438619
vt 0.699038 0.458752
vt 0.699050 0.467091
vt 0.699014 0.451431
vt 0.699028 0.494647
vt 0.699002 0.494647
vt 0.699088 0.517323
vt 0.699037 0.499630
vt 0.699001 0.499732
vt 0.699074 0.503596
vt 0.699028 0.494444
vt 0.699011 0.494444
vt 0.699075 0.502375
vt 0.699088 0.488851
vt 0.699101 0.490987
vt 0.699046 0.500138
vt 0.699018 0.500037
vt 0.699022 0.464548
vt 0.699056 0.434297
vt 0.698983 0.485852
vt 0.699031 0.519001
vt 0.698969 0.485852
vt 0.699022 0.434297
vt 0.698962 0.485953
vt 0.699005 0.503646
vt 0.698917 0.461778
vt 0.698751 0.513332
vt 0.698974 0.513332
vt 0.698777 0.426696
vt 0.698783 0.461778
vt 0.698780 0.461778
vt 0.698982 0.513332
vt 0.698759 0.513332
vt 0.698915 0.461676
vt 0.698879 0.443474
vt 0.698537 0.511192
vt 0.698431 0.477026
vt 0.698564 0.477026
vt 0.698834 0.511192
vt 0.698970 0.477026
vt 0.699031 0.511192
vt 0.698668 0.477026
vt 0.698804 0.458824
vt 0.698815 0.477026
vt 0.698579 0.460960
vt 0.698695 0.446114
vt 0.698431 0.477026
vt 0.698438 0.511192
vt 0.698972 0.477026
vt 0.699033 0.511192
vt 0.698815 0.477026
vt 0.698636 0.511192
vt 0.698564 0.477026
vt 0.698520 0.455164
vt 0.698908 0.438182
vt 0.698850 0.449571
vt 0.698425 0.446012
vt 0.698427 0.455367
vt 0.698928 0.449571
vt 0.698926 0.449571
vt 0.698669 0.477026
vt 0.698669 0.454481
vt 0.698510 0.532575
vt 0.698785 0.532575
vt 0.698537 0.419399
vt 0.698529 0.454481
vt 0.698788 0.532575
vt 0.698663 0.454379
vt 0.698636 0.436279
vt 0.698516 0.461917
vt 0.698682 0.513471
vt 0.698459 0.513471
vt 0.698656 0.426835
vt 0.698650 0.461917
vt 0.698653 0.461917
vt 0.698451 0.513471
vt 0.698674 0.513471
vt 0.698518 0.461815
vt 0.698554 0.443613
vt 0.698896 0.510928
vt 0.699001 0.476660
vt 0.698869 0.476660
vt 0.698598 0.510928
vt 0.698463 0.476660
vt 0.698402 0.510928
vt 0.698764 0.476660
vt 0.698629 0.458560
vt 0.698618 0.476660
vt 0.698854 0.460695
vt 0.698738 0.445849
vt 0.699001 0.476660
vt 0.698995 0.510928
vt 0.698461 0.476660
vt 0.698400 0.510928
vt 0.698764 0.476660
vt 0.698796 0.510928
vt 0.698868 0.476660
vt 0.698913 0.454899
vt 0.698525 0.437918
vt 0.698583 0.449307
vt 0.699007 0.445748
vt 0.699005 0.455103
vt 0.698505 0.449307
vt 0.698507 0.449307
vt 0.698618 0.476660
vt 0.698763 0.461779
vt 0.698916 0.513334
vt 0.698687 0.513334
vt 0.698896 0.426698
vt 0.698904 0.461779
vt 0.698770 0.461678
vt 0.698797 0.443577
vt 0.698648 0.461583
vt 0.698806 0.509782
vt 0.698577 0.509782
vt 0.698647 0.461583
vt 0.698575 0.509782
vt 0.698787 0.436263
vt 0.698794 0.461481
vt 0.698680 0.447550
vt 0.698400 0.464526
vt 0.698384 0.510082
vt 0.698349 0.510082
vt 0.698363 0.464730
vt 0.698392 0.464526
vt 0.698304 0.423344
vt 0.698400 0.464730
vt 0.698288 0.440325
vt 0.698488 0.508508
vt 0.698463 0.477697
vt 0.698439 0.477697
vt 0.698419 0.477697
vt 0.698478 0.508508
vt 0.698424 0.477697
vt 0.698410 0.456140
vt 0.698450 0.477697
vt 0.698396 0.458275
vt 0.698367 0.444446
vt 0.698409 0.486239
vt 0.698446 0.508508
vt 0.698463 0.508508
vt 0.698404 0.488273
vt 0.698428 0.495696
vt 0.698414 0.452479
vt 0.698354 0.458275
vt 0.698354 0.438650
vt 0.698441 0.446887
vt 0.698405 0.446887
vt 0.698368 0.443328
vt 0.698431 0.452683
vt 0.698414 0.452683
vt 0.698341 0.456140
vt 0.698391 0.480036
vt 0.698440 0.452479
vt 0.698396 0.446887
vt 0.698424 0.446887
vt 0.698499 0.508508
vt 0.698420 0.482578
vt 0.698459 0.461880
vt 0.698386 0.513435
vt 0.698411 0.425680
vt 0.698472 0.461880
vt 0.698420 0.513435
vt 0.698480 0.461778
vt 0.698437 0.443678
vt 0.699042 0.464123
vt 0.699058 0.509678
vt 0.699092 0.509678
vt 0.699079 0.464326
vt 0.699050 0.464123
vt 0.699138 0.426601
vt 0.699042 0.464326
vt 0.699154 0.440430
vt 0.698954 0.508710
vt 0.698979 0.477899
vt 0.699003 0.477899
vt 0.699022 0.477899
vt 0.698964 0.508710
vt 0.699018 0.477899
vt 0.699031 0.456342
vt 0.698992 0.477899
vt 0.699046 0.458477
vt 0.699075 0.444953
vt 0.699033 0.486441
vt 0.698996 0.508710
vt 0.698978 0.508710
vt 0.699038 0.488474
vt 0.699014 0.495897
vt 0.699028 0.452681
vt 0.699088 0.458477
vt 0.699088 0.430005
vt 0.699001 0.447597
vt 0.699037 0.447698
vt 0.699074 0.443733
vt 0.699011 0.452884
vt 0.699028 0.452884
vt 0.699101 0.456342
vt 0.699050 0.480238
vt 0.699002 0.452681
vt 0.699046 0.447190
vt 0.699018 0.447393
vt 0.698943 0.508710
vt 0.699022 0.482780
vt 0.698983 0.461275
vt 0.699056 0.512830
vt 0.699031 0.428126
vt 0.698969 0.461275
vt 0.699022 0.512830
vt 0.698962 0.461173
vt 0.699005 0.443480
vt 0.199248 0.528535
vt 0.197898 0.539876
vt 0.200601 0.536949
vt 0.200453 0.521415
vt 0.201144 0.534397
vt 0.200255 0.535922
vt 0.201307 0.526418
vt 0.200484 0.532120
vt 0.198133 0.535926
vt 0.198408 0.542348
vt 0.199186 0.536702
vt 0.199963 0.542746
vt 0.199185 0.542517
vt 0.198405 0.529089
vt 0.197446 0.523824
vt 0.197730 0.532159
vt 0.200937 0.521724
vt 0.199923 0.528819
vt 0.200596 0.540998
vt 0.196921 0.526758
vt 0.197647 0.536217
vt 0.200245 0.517223
vt 0.197211 0.532825
vt 0.198113 0.516238
vt 0.196537 0.517896
vt 0.196344 0.510169
vt 0.196699 0.510080
vt 0.196548 0.515727
vt 0.200167 0.489426
vt 0.199120 0.512377
vt 0.201616 0.518587
vt 0.197897 0.492310
vt 0.201703 0.514090
vt 0.197571 0.520216
vt 0.199028 0.525360
vt 0.196967 0.508436
vt 0.201040 0.501375
vt 0.201139 0.493664
vt 0.201782 0.508028
vt 0.197587 0.513384
vt 0.198988 0.479394
vt 0.197831 0.480860
vt 0.198972 0.516585
vt 0.200529 0.514162
vt 0.196860 0.502099
vt 0.200221 0.478777
vt 0.201785 0.511540
vt 0.198979 0.469507
vt 0.320116 0.849210
vt 0.321147 0.841420
vt 0.320079 0.844506
vt 0.329165 0.832072
vt 0.330931 0.823995
vt 0.330337 0.823296
vt 0.321015 0.839092
vt 0.321164 0.847418
vt 0.328922 0.825116
vt 0.322640 0.842614
vt 0.321902 0.842387
vt 0.326819 0.813714
vt 0.328060 0.828222
vt 0.326572 0.843295
vt 0.324742 0.836268
vt 0.327003 0.830396
vt 0.324816 0.843907
vt 0.324558 0.819704
vt 0.326429 0.827870
vt 0.328181 0.843158
vt 0.329078 0.834797
vt 0.322483 0.825479
vt 0.324675 0.829240
vt 0.329246 0.840954
vt 0.330441 0.829679
vt 0.320911 0.827643
vt 0.323065 0.831398
vt 0.329693 0.833017
vt 0.330968 0.829781
vt 0.321843 0.833482
vt 0.329661 0.833160
vt 0.323026 0.849449
vt 0.327857 0.867281
vt 0.326832 0.878596
vt 0.327185 0.867434
vt 0.328520 0.851497
vt 0.323044 0.851379
vt 0.328502 0.849558
vt 0.323477 0.853206
vt 0.327291 0.846372
vt 0.323167 0.844813
vt 0.326276 0.845615
vt 0.325275 0.855347
vt 0.324261 0.854583
vt 0.325186 0.845599
vt 0.326365 0.855363
vt 0.324186 0.846319
vt 0.327366 0.854635
vt 0.323427 0.847684
vt 0.328124 0.853276
vt 0.323694 0.861401
vt 0.324712 0.878090
vt 0.324366 0.860193
vt 0.327625 0.876560
vt 0.328210 0.865702
vt 0.323338 0.862972
vt 0.324206 0.880205
vt 0.328194 0.863983
vt 0.323354 0.864686
vt 0.323938 0.882052
vt 0.327813 0.862386
vt 0.327613 0.875258
vt 0.323738 0.866296
vt 0.323950 0.883353
vt 0.327118 0.861161
vt 0.327324 0.874699
vt 0.324762 0.883639
vt 0.324433 0.867518
vt 0.326105 0.874151
vt 0.326220 0.859462
vt 0.326142 0.878467
vt 0.325332 0.867562
vt 0.326298 0.866884
vt 0.325427 0.881422
vt 0.325253 0.858957
vt 0.325368 0.874940
vt 0.321143 0.834907
vt 0.328837 0.820269
vt 0.324770 0.831014
vt 0.322724 0.838424
vt 0.324591 0.815370
vt 0.328989 0.829579
vt 0.322572 0.821749
vt 0.321042 0.823765
vt 0.330815 0.825775
vt 0.320233 0.840061
vt 0.320268 0.845118
vt 0.330199 0.818669
vt 0.323078 0.844662
vt 0.327983 0.836809
vt 0.323505 0.845204
vt 0.326264 0.830775
vt 0.326791 0.808506
vt 0.326352 0.841735
vt 0.326970 0.824149
vt 0.325277 0.845403
vt 0.324203 0.837871
vt 0.327338 0.844603
vt 0.330300 0.826286
vt 0.323456 0.838995
vt 0.328032 0.843018
vt 0.328340 0.838291
vt 0.330779 0.819441
vt 0.323060 0.842164
vt 0.325769 0.871066
vt 0.328357 0.840471
vt 0.327264 0.835311
vt 0.324278 0.847162
vt 0.325190 0.834442
vt 0.325782 0.879345
vt 0.327358 0.878407
vt 0.326801 0.874972
vt 0.324239 0.883913
vt 0.328074 0.847754
vt 0.105536 0.848951
vt 0.105907 0.849028
vt 0.105557 0.848417
vt 0.105887 0.849561
vt 0.106152 0.842288
vt 0.106129 0.832680
vt 0.105899 0.824543
vt 0.106149 0.832146
vt 0.105528 0.824465
vt 0.105303 0.830671
vt 0.105549 0.823932
vt 0.105286 0.841347
vt 0.105307 0.840813
vt 0.106132 0.842822
vt 0.105879 0.825076
vt 0.105283 0.831205
vt 0.105584 0.845253
vt 0.105819 0.845662
vt 0.105983 0.841142
vt 0.105813 0.829238
vt 0.105414 0.833349
vt 0.105416 0.840152
vt 0.105981 0.834338
vt 0.105579 0.828828
vt 0.105698 0.837739
vt 0.105671 0.836937
vt 0.105760 0.836022
vt 0.105761 0.837092
vt 0.105734 0.835220
vt 0.105671 0.835866
vt 0.105735 0.837803
vt 0.105697 0.835155
vt 0.105898 0.848951
vt 0.105528 0.849028
vt 0.105548 0.849561
vt 0.105282 0.842288
vt 0.105303 0.842822
vt 0.105306 0.832680
vt 0.105536 0.824543
vt 0.105556 0.825076
vt 0.105906 0.824465
vt 0.106131 0.830671
vt 0.106152 0.831205
vt 0.106148 0.841347
vt 0.105878 0.848417
vt 0.105886 0.823932
vt 0.106128 0.840813
vt 0.105851 0.845253
vt 0.105616 0.845662
vt 0.105621 0.829238
vt 0.106021 0.833349
vt 0.106018 0.840152
vt 0.105451 0.841142
vt 0.105856 0.828828
vt 0.105453 0.834338
vt 0.105737 0.837739
vt 0.105674 0.836022
vt 0.105286 0.832146
vt 0.105701 0.835220
vt 0.105764 0.835866
vt 0.105700 0.837803
vt 0.105674 0.837092
vt 0.105738 0.835155
vt 0.585685 0.749483
vt 0.585071 0.749199
vt 0.585074 0.748705
vt 0.586142 0.742715
vt 0.585682 0.749977
vt 0.585782 0.722812
vt 0.586183 0.731667
vt 0.586185 0.731174
vt 0.585171 0.722034
vt 0.584707 0.729789
vt 0.585168 0.722527
vt 0.584670 0.740344
vt 0.584667 0.740837
vt 0.586145 0.742222
vt 0.585779 0.723305
vt 0.584710 0.729296
vt 0.585191 0.744229
vt 0.585601 0.744751
vt 0.585910 0.739880
vt 0.585666 0.726860
vt 0.584948 0.731209
vt 0.584921 0.738620
vt 0.585937 0.732469
vt 0.585257 0.726338
vt 0.585397 0.736375
vt 0.585172 0.742720
vt 0.585130 0.741838
vt 0.585290 0.740870
vt 0.585285 0.742036
vt 0.585247 0.739988
vt 0.585134 0.740672
vt 0.585237 0.742802
vt 0.585183 0.739905
vt 0.585693 0.750207
vt 0.585079 0.748969
vt 0.585082 0.749546
vt 0.586153 0.742922
vt 0.585690 0.749630
vt 0.586193 0.731960
vt 0.585787 0.723165
vt 0.586190 0.731384
vt 0.585179 0.723082
vt 0.584715 0.729789
vt 0.585176 0.722505
vt 0.584675 0.740751
vt 0.584678 0.741328
vt 0.586150 0.742345
vt 0.585790 0.723742
vt 0.584718 0.730366
vt 0.585199 0.745549
vt 0.585609 0.745992
vt 0.585918 0.741106
vt 0.585945 0.733753
vt 0.585674 0.728240
vt 0.584956 0.732683
vt 0.584929 0.740037
vt 0.585264 0.727797
vt 0.585405 0.736895
vt 0.585180 0.737428
vt 0.585138 0.736561
vt 0.585297 0.735573
vt 0.585293 0.736730
vt 0.585255 0.734706
vt 0.585142 0.735404
vt 0.585245 0.737498
vt 0.585190 0.734636
vt 0.585716 0.751447
vt 0.585103 0.750537
vt 0.585105 0.750727
vt 0.586177 0.743991
vt 0.585714 0.751258
vt 0.585813 0.724251
vt 0.586214 0.732537
vt 0.586217 0.732726
vt 0.585202 0.723530
vt 0.584739 0.730797
vt 0.585200 0.723341
vt 0.584702 0.742251
vt 0.584699 0.742062
vt 0.586174 0.743802
vt 0.585811 0.724061
vt 0.584742 0.730986
vt 0.585223 0.746451
vt 0.585633 0.746934
vt 0.585942 0.741933
vt 0.585698 0.728691
vt 0.584979 0.733209
vt 0.585969 0.734376
vt 0.585288 0.728207
vt 0.584952 0.740766
vt 0.585429 0.737883
vt 0.585192 0.741819
vt 0.585105 0.740002
vt 0.585430 0.737961
vt 0.585421 0.740375
vt 0.585343 0.736144
vt 0.585114 0.737588
vt 0.585323 0.741974
vt 0.585213 0.735989
vt 0.448311 0.725528
vt 0.448463 0.778378
vt 0.448359 0.772435
vt 0.448379 0.770483
vt 0.448424 0.717691
vt 0.448332 0.723576
vt 0.447053 0.723207
vt 0.446948 0.717264
vt 0.447008 0.775999
vt 0.447100 0.770113
vt 0.448484 0.776426
vt 0.446928 0.719215
vt 0.447032 0.725158
vt 0.446987 0.777951
vt 0.447080 0.772065
vt 0.448404 0.719642
vt 0.826020 0.685079
vt 0.826463 0.689489
vt 0.825951 0.689805
vt 0.826033 0.681384
vt 0.826560 0.681185
vt 0.826051 0.681548
vt 0.826513 0.684644
vt 0.826529 0.684743
vt 0.826001 0.684927
vt 0.825935 0.689674
vt 0.825039 0.686807
vt 0.825595 0.690214
vt 0.825063 0.690655
vt 0.824980 0.682319
vt 0.825523 0.682001
vt 0.824996 0.682569
vt 0.825551 0.686083
vt 0.825567 0.686279
vt 0.825034 0.690205
vt 0.825021 0.686533
vt 0.825509 0.681819
vt 0.827059 0.684780
vt 0.827660 0.688419
vt 0.827169 0.689361
vt 0.826936 0.681222
vt 0.827438 0.680325
vt 0.826951 0.681319
vt 0.827531 0.683736
vt 0.827546 0.683808
vt 0.827163 0.689324
vt 0.827043 0.684683
vt 0.827423 0.680252
vt 0.827967 0.680428
vt 0.828742 0.681026
vt 0.828350 0.683150
vt 0.828360 0.678152
vt 0.828355 0.678295
vt 0.828860 0.686724
vt 0.828350 0.683035
vt 0.829257 0.684634
vt 0.828860 0.686708
vt 0.827967 0.680275
vt 0.828745 0.680930
vt 0.824068 0.679217
vt 0.825131 0.678727
vt 0.824413 0.682073
vt 0.823859 0.682809
vt 0.823533 0.681463
vt 0.823882 0.684060
vt 0.824060 0.678207
vt 0.824793 0.675971
vt 0.825126 0.678383
vt 0.824393 0.680798
vt 0.823522 0.680329
vt 0.824384 0.666644
vt 0.825263 0.669993
vt 0.824352 0.669948
vt 0.823741 0.669233
vt 0.823724 0.666586
vt 0.823706 0.669805
vt 0.824431 0.666169
vt 0.825292 0.666786
vt 0.825272 0.669870
vt 0.824398 0.669388
vt 0.823762 0.666084
vt 0.828449 0.675157
vt 0.827980 0.670402
vt 0.828718 0.672387
vt 0.829186 0.673631
vt 0.828978 0.676503
vt 0.829232 0.673733
vt 0.827678 0.673149
vt 0.827693 0.673228
vt 0.828654 0.672242
vt 0.828914 0.676358
vt 0.828800 0.662593
vt 0.827857 0.664011
vt 0.828463 0.660380
vt 0.828867 0.657682
vt 0.829227 0.659783
vt 0.828884 0.657685
vt 0.828186 0.666318
vt 0.828193 0.666351
vt 0.828427 0.660378
vt 0.827829 0.663933
vt 0.828776 0.662568
vt 0.617943 0.435606
vt 0.618077 0.436538
vt 0.618083 0.435561
vt 0.618275 0.436116
vt 0.618268 0.435225
vt 0.617735 0.426795
vt 0.617811 0.427316
vt 0.617832 0.426831
vt 0.618077 0.436427
vt 0.618240 0.435951
vt 0.618271 0.436035
vt 0.617955 0.436317
vt 0.618077 0.436247
vt 0.618221 0.432554
vt 0.618105 0.434060
vt 0.618089 0.432992
vt 0.617965 0.435490
vt 0.618083 0.435445
vt 0.618238 0.435215
vt 0.617985 0.434135
vt 0.617989 0.433101
vt 0.618272 0.432610
vt 0.618245 0.433768
vt 0.618089 0.432840
vt 0.618262 0.433814
vt 0.618243 0.432650
vt 0.617943 0.434074
vt 0.617943 0.432840
vt 0.617940 0.430409
vt 0.618076 0.431411
vt 0.618086 0.430412
vt 0.618227 0.431270
vt 0.618235 0.430224
vt 0.618265 0.429929
vt 0.618194 0.431260
vt 0.618193 0.429692
vt 0.618076 0.431627
vt 0.617949 0.430077
vt 0.618086 0.430084
vt 0.618256 0.431404
vt 0.618290 0.433369
vt 0.617943 0.436497
vt 0.618054 0.426981
vt 0.617939 0.427446
vt 0.617939 0.426963
vt 0.618042 0.426174
vt 0.618111 0.425818
vt 0.618033 0.425919
vt 0.617808 0.436398
vt 0.617943 0.436458
vt 0.617803 0.435569
vt 0.617612 0.436116
vt 0.618043 0.426321
vt 0.618112 0.425519
vt 0.618122 0.426192
vt 0.618152 0.426794
vt 0.618074 0.427302
vt 0.618191 0.427280
vt 0.617685 0.436035
vt 0.617809 0.436427
vt 0.617631 0.436136
vt 0.617943 0.436317
vt 0.617701 0.432771
vt 0.617782 0.434113
vt 0.617681 0.433916
vt 0.617934 0.435490
vt 0.617809 0.436247
vt 0.617803 0.435445
vt 0.617685 0.435285
vt 0.617798 0.432982
vt 0.617918 0.434135
vt 0.617613 0.432602
vt 0.617593 0.433332
vt 0.617795 0.432862
vt 0.617624 0.433819
vt 0.617781 0.434084
vt 0.617807 0.431371
vt 0.617943 0.431400
vt 0.617793 0.430174
vt 0.617659 0.431141
vt 0.617623 0.429574
vt 0.617725 0.431246
vt 0.617629 0.431174
vt 0.617954 0.430093
vt 0.617811 0.431434
vt 0.617802 0.429668
vt 0.617724 0.429740
vt 0.617656 0.429739
vt 0.617643 0.432652
vt 0.617943 0.427277
vt 0.617943 0.426801
vt 0.617706 0.426843
vt 0.617695 0.427281
vt 0.618155 0.427188
vt 0.618074 0.427471
vt 0.617939 0.426303
vt 0.618037 0.425455
vt 0.617945 0.426307
vt 0.617854 0.425436
vt 0.617946 0.425458
vt 0.618154 0.426202
vt 0.618135 0.425649
vt 0.618054 0.426825
vt 0.617832 0.426983
vt 0.617745 0.427316
vt 0.617744 0.426848
vt 0.617943 0.426150
vt 0.617943 0.425919
vt 0.618128 0.426163
vt 0.617766 0.426208
vt 0.617753 0.425658
vt 0.617781 0.425487
vt 0.617951 0.427446
vt 0.617813 0.427473
vt 0.618188 0.426849
vt 0.618222 0.427310
vt 0.617844 0.426319
vt 0.617845 0.426178
vt 0.617775 0.425821
vt 0.617758 0.426163
vt 0.618143 0.426816
vt 0.618731 0.435723
vt 0.618502 0.436076
vt 0.618494 0.436111
vt 0.618731 0.435097
vt 0.618490 0.434432
vt 0.618496 0.435345
vt 0.618478 0.433621
vt 0.618731 0.433931
vt 0.618471 0.433798
vt 0.618731 0.434892
vt 0.618484 0.435679
vt 0.618477 0.434863
vt 0.617618 0.435226
vt 0.618343 0.435099
vt 0.618347 0.435825
vt 0.618367 0.433828
vt 0.618336 0.433993
vt 0.618368 0.435278
vt 0.618359 0.434152
vt 0.618375 0.436092
vt 0.618386 0.436029
vt 0.618731 0.433782
vt 0.618731 0.435374
vt 0.618731 0.435690
vt 0.619206 0.433362
vt 0.619207 0.433212
vt 0.619204 0.433342
vt 0.616579 0.433130
vt 0.616587 0.434448
vt 0.616594 0.433106
vt 0.619204 0.435183
vt 0.619215 0.435511
vt 0.619208 0.435405
vt 0.618900 0.434886
vt 0.618900 0.433777
vt 0.618900 0.434973
vt 0.618731 0.434204
vt 0.618900 0.435681
vt 0.618900 0.435613
vt 0.618900 0.433974
vt 0.619316 0.435283
vt 0.619306 0.434454
vt 0.619311 0.435362
vt 0.616576 0.435422
vt 0.616582 0.435389
vt 0.616570 0.435318
vt 0.619106 0.435454
vt 0.619106 0.434580
vt 0.619106 0.435248
vt 0.618900 0.435468
vt 0.619106 0.433898
vt 0.619106 0.434712
vt 0.618900 0.433884
vt 0.619106 0.435497
vt 0.619106 0.433848
vt 0.616600 0.433015
vt 0.616584 0.433068
vt 0.619307 0.432875
vt 0.619312 0.434447
vt 0.617385 0.436051
vt 0.617155 0.435723
vt 0.617392 0.436086
vt 0.617397 0.434460
vt 0.617155 0.435114
vt 0.617391 0.435345
vt 0.617409 0.433719
vt 0.617155 0.433680
vt 0.617155 0.433531
vt 0.617403 0.435654
vt 0.617155 0.434900
vt 0.617409 0.434926
vt 0.617528 0.435180
vt 0.617537 0.434196
vt 0.617508 0.433946
vt 0.617513 0.434200
vt 0.617505 0.435319
vt 0.617506 0.436120
vt 0.617439 0.433981
vt 0.617500 0.436105
vt 0.617524 0.435853
vt 0.617155 0.434254
vt 0.617155 0.435374
vt 0.617155 0.435690
vt 0.619305 0.435455
vt 0.619310 0.435344
vt 0.616585 0.435221
vt 0.616588 0.435523
vt 0.616676 0.435360
vt 0.616668 0.435518
vt 0.616679 0.435410
vt 0.616680 0.433577
vt 0.616668 0.434579
vt 0.616678 0.434594
vt 0.616987 0.434898
vt 0.616987 0.433679
vt 0.616987 0.434976
vt 0.616987 0.435681
vt 0.616987 0.435613
vt 0.616987 0.433876
vt 0.616685 0.433628
vt 0.616677 0.433361
vt 0.616683 0.433507
vt 0.619211 0.435362
vt 0.619219 0.435441
vt 0.616781 0.435454
vt 0.616781 0.434638
vt 0.616781 0.434073
vt 0.616781 0.435248
vt 0.616781 0.433947
vt 0.616987 0.433786
vt 0.616781 0.434768
vt 0.616781 0.435497
vt 0.616987 0.435468
vt 0.616781 0.434024
vt 0.616683 0.435169
vt 0.616675 0.434443
vt 0.616685 0.434457
vt 0.616600 0.434343
vt 0.616596 0.435272
vt 0.618102 0.434053
vt 0.617928 0.433106
vt 0.617953 0.431644
vt 0.617667 0.428870
vt 0.617801 0.428438
vt 0.617723 0.428247
vt 0.617963 0.428497
vt 0.617631 0.428650
vt 0.617796 0.429008
vt 0.617942 0.429002
vt 0.618219 0.428866
vt 0.618260 0.428546
vt 0.618086 0.428489
vt 0.618187 0.428105
vt 0.617944 0.428462
vt 0.618086 0.429023
vt 0.619216 0.434571
vt 0.619211 0.433255
vt 0.617725 0.416677
vt 0.617668 0.414394
vt 0.617710 0.414338
vt 0.618121 0.416414
vt 0.618069 0.413753
vt 0.618145 0.413772
vt 0.617688 0.416866
vt 0.617692 0.415939
vt 0.618192 0.416582
vt 0.618244 0.415234
vt 0.618204 0.417199
vt 0.618219 0.415775
vt 0.618194 0.417827
vt 0.617789 0.416556
vt 0.617772 0.413893
vt 0.617707 0.417664
vt 0.617772 0.417080
vt 0.618216 0.413867
vt 0.617789 0.418399
vt 0.617826 0.417076
vt 0.618138 0.417070
vt 0.618113 0.418395
vt 0.617871 0.416399
vt 0.617855 0.413749
vt 0.618084 0.417084
vt 0.618033 0.418402
vt 0.617944 0.425184
vt 0.618042 0.424237
vt 0.617931 0.424188
vt 0.617853 0.424731
vt 0.617957 0.423594
vt 0.617949 0.424759
vt 0.618112 0.425034
vt 0.618033 0.425168
vt 0.617853 0.425176
vt 0.617845 0.424262
vt 0.618116 0.424780
vt 0.618050 0.423579
vt 0.618123 0.423610
vt 0.617773 0.425062
vt 0.617762 0.424078
vt 0.617792 0.424764
vt 0.617846 0.423565
vt 0.618136 0.424848
vt 0.618126 0.424019
vt 0.618149 0.423723
vt 0.617755 0.424842
vt 0.617742 0.423732
vt 0.618040 0.424756
vt 0.617949 0.423548
vt 0.617781 0.423619
vt 0.617969 0.422706
vt 0.618062 0.422494
vt 0.618069 0.422513
vt 0.618152 0.422449
vt 0.618155 0.422381
vt 0.618169 0.422258
vt 0.617964 0.422488
vt 0.617835 0.422539
vt 0.617968 0.422516
vt 0.617905 0.422808
vt 0.617825 0.422560
vt 0.617741 0.422514
vt 0.617718 0.422430
vt 0.617771 0.422529
vt 0.617982 0.419720
vt 0.618087 0.419720
vt 0.618175 0.419330
vt 0.618178 0.419879
vt 0.618205 0.419998
vt 0.618010 0.419034
vt 0.618097 0.419054
vt 0.617887 0.419048
vt 0.617878 0.419705
vt 0.617805 0.419718
vt 0.617719 0.419586
vt 0.617738 0.419589
vt 0.617806 0.419364
vt 0.617694 0.419466
vt 0.617668 0.427333
vt 0.617854 0.425919
vt 0.617733 0.426202
vt 0.617947 0.426960
vt 0.617947 0.424732
vt 0.618040 0.416393
vt 0.617852 0.418390
vt 0.618038 0.426226
vt 0.618100 0.425861
vt 0.618118 0.426232
vt 0.618100 0.425547
vt 0.618040 0.426368
vt 0.618112 0.426260
vt 0.618033 0.425475
vt 0.617938 0.426347
vt 0.617944 0.426347
vt 0.617856 0.425453
vt 0.617846 0.426364
vt 0.618141 0.426274
vt 0.617943 0.426192
vt 0.618029 0.425958
vt 0.618121 0.425678
vt 0.617777 0.426274
vt 0.617767 0.425696
vt 0.617746 0.426271
vt 0.617793 0.425520
vt 0.617787 0.425865
vt 0.617849 0.426228
vt 0.617769 0.426231
vt 0.619209 0.435214
vt 0.619308 0.435252
vt 0.619207 0.435240
vt 0.619210 0.433508
vt 0.619312 0.434566
vt 0.619208 0.434581
vt 0.619208 0.433504
vt 0.619301 0.433365
vt 0.619307 0.433070
vt 0.619203 0.435067
vt 0.619298 0.434457
vt 0.619202 0.434508
vt 0.619204 0.433688
vt 0.619315 0.435210
vt 0.619312 0.433025
vt 0.616578 0.435264
vt 0.616677 0.435214
vt 0.616680 0.435246
vt 0.616574 0.434464
vt 0.616678 0.433714
vt 0.616678 0.434597
vt 0.616679 0.433670
vt 0.616584 0.433328
vt 0.616682 0.433762
vt 0.616588 0.434357
vt 0.616684 0.435058
vt 0.616685 0.434462
vt 0.616571 0.435202
vt 0.616579 0.433224
vt 0.616586 0.435118
vt 0.618073 0.431583
vt 0.617988 0.433055
vt 0.618085 0.432951
vt 0.619300 0.435158
vt 0.617737 0.416669
vt 0.617682 0.414378
vt 0.617702 0.416853
vt 0.618117 0.416409
vt 0.618068 0.413750
vt 0.618038 0.416393
vt 0.617707 0.415918
vt 0.617720 0.417647
vt 0.618230 0.415206
vt 0.618181 0.416566
vt 0.618190 0.417181
vt 0.618204 0.415741
vt 0.618181 0.417804
vt 0.617792 0.416551
vt 0.617720 0.414327
vt 0.617779 0.417057
vt 0.617793 0.418378
vt 0.618206 0.413851
vt 0.617826 0.417059
vt 0.617852 0.418374
vt 0.618131 0.417042
vt 0.618108 0.418373
vt 0.617869 0.416394
vt 0.617775 0.413888
vt 0.618084 0.417067
vt 0.618033 0.418386
vt 0.617944 0.425178
vt 0.618038 0.424227
vt 0.618029 0.425161
vt 0.617955 0.423597
vt 0.617856 0.424726
vt 0.617948 0.424754
vt 0.618100 0.425022
vt 0.617858 0.425167
vt 0.617931 0.424184
vt 0.618104 0.424777
vt 0.618046 0.423569
vt 0.618036 0.424755
vt 0.617786 0.425050
vt 0.617849 0.424252
vt 0.617848 0.423565
vt 0.617803 0.424761
vt 0.618114 0.423994
vt 0.618122 0.424835
vt 0.618111 0.423584
vt 0.617770 0.424834
vt 0.617774 0.424055
vt 0.617947 0.423544
vt 0.617946 0.424728
vt 0.617756 0.423707
vt 0.617969 0.422705
vt 0.618058 0.422488
vt 0.618065 0.422499
vt 0.618143 0.422359
vt 0.618135 0.423696
vt 0.618155 0.422230
vt 0.617962 0.422484
vt 0.617838 0.422542
vt 0.617905 0.422808
vt 0.617830 0.422555
vt 0.617792 0.423606
vt 0.617754 0.422496
vt 0.617782 0.422515
vt 0.617982 0.419715
vt 0.618083 0.419709
vt 0.618163 0.419320
vt 0.618140 0.422421
vt 0.618166 0.419863
vt 0.618191 0.419983
vt 0.618008 0.419032
vt 0.617884 0.419049
vt 0.617967 0.422525
vt 0.617878 0.419700
vt 0.617809 0.419709
vt 0.617748 0.419577
vt 0.617732 0.422407
vt 0.617731 0.419573
vt 0.617858 0.425956
vt 0.617933 0.425447
vt 0.617943 0.425949
vt 0.617944 0.425471
vt 0.618093 0.419050
vt 0.617808 0.419361
vt 0.617708 0.419454
vt 0.617955 0.436161
vt 0.617943 0.428518
vt 0.617920 0.433998
vt 0.617934 0.435385
vt 0.617952 0.431600
vt 0.617965 0.435385
vt 0.619298 0.433247
vt 0.619301 0.435168
vt 0.619298 0.434451
vt 0.619302 0.432912
vt 0.616575 0.434441
vt 0.616575 0.433268
vt 0.616588 0.434340
vt 0.616589 0.433184
vt 0.617944 0.436162
vt 0.617943 0.436336
vt 0.617954 0.430081
vt 0.617972 0.431604
vt 0.617929 0.433067
vt 0.617984 0.434000
vt 0.617948 0.430066
vt 0.617972 0.431644
vt 0.618141 0.413766
vt 0.617854 0.413746
vt 0.617938 0.427536
vt 0.617962 0.428550
vt 0.617947 0.427024
vt 0.617951 0.427531
vt 0.617938 0.427032
vt 0.617934 0.425429
vt 0.619106 0.434625
vt 0.616781 0.434706
vt 0.619106 0.433771
vt 0.619202 0.434506
vt 0.619202 0.433573
vt 0.619209 0.434579
vt 0.619291 0.433199
vt 0.619207 0.433495
vt 0.619293 0.434451
vt 0.619211 0.435249
vt 0.619209 0.434502
vt 0.619294 0.432834
vt 0.616665 0.435438
vt 0.616673 0.433465
vt 0.616603 0.433156
vt 0.616673 0.435237
vt 0.616678 0.433520
vt 0.619296 0.435229
vt 0.619299 0.432820
vt 0.091598 0.238615
vt 0.089709 0.258105
vt 0.089709 0.238474
vt 0.091611 0.209628
vt 0.089709 0.209395
vt 0.087822 0.239591
vt 0.087356 0.258014
vt 0.087675 0.269276
vt 0.091744 0.269276
vt 0.092063 0.258014
vt 0.219486 0.814276
vt 0.217477 0.814276
vt 0.466251 0.819182
vt 0.466654 0.947790
vt 0.466482 0.817812
vt 0.465718 0.818001
vt 0.465065 0.946865
vt 0.465064 0.813620
vt 0.465793 0.980155
vt 0.466398 0.950319
vt 0.466463 0.940822
vt 0.466306 0.811675
vt 0.465806 0.951606
vt 0.463880 0.813819
vt 0.463473 0.947650
vt 0.463731 0.943815
vt 0.464411 0.817012
vt 0.464326 0.950190
vt 0.464330 0.979628
vt 0.464409 0.843888
vt 0.463645 0.817817
vt 0.463664 0.940577
vt 0.465086 0.976388
vt 0.465088 0.841205
vt 0.463821 0.811535
vt 0.464423 0.820520
vt 0.463860 0.818201
vt 0.464342 0.954008
vt 0.465064 0.948961
vt 0.466216 0.827455
vt 0.466434 0.826293
vt 0.464342 0.985810
vt 0.466422 0.947802
vt 0.465035 0.976140
vt 0.464706 0.862959
vt 0.464697 0.953516
vt 0.465705 0.821314
vt 0.465093 0.846998
vt 0.465316 0.839077
vt 0.465321 0.844870
vt 0.465790 0.955253
vt 0.463705 0.947624
vt 0.466363 0.958624
vt 0.465785 0.986314
vt 0.463915 0.822116
vt 0.463766 0.952153
vt 0.466606 0.956326
vt 0.466267 0.818254
vt 0.464420 0.850041
vt 0.463521 0.956211
vt 0.465064 0.815716
vt 0.463693 0.826323
vt 0.465713 0.844112
vt 0.465320 0.980052
vt 0.465314 0.974259
vt 0.465092 0.982180
vt 0.464529 0.899230
vt 0.464528 0.898348
vt 0.465047 0.842232
vt 0.464708 0.866713
vt 0.464700 0.957271
vt 0.464527 0.920500
vt 0.464526 0.919618
vt 0.465707 0.850208
vt 0.592152 0.917507
vt 0.591549 0.894204
vt 0.592359 0.893457
vt 0.594676 0.888988
vt 0.594795 0.889337
vt 0.591206 0.917947
vt 0.591287 0.918182
vt 0.594676 0.913329
vt 0.594786 0.913649
vt 0.592012 0.917097
vt 0.592238 0.893104
vt 0.238770 0.876966
vt 0.235686 0.892988
vt 0.235686 0.874582
vt 0.235686 0.892455
vt 0.238020 0.905334
vt 0.238654 0.891579
vt 0.239060 0.891206
vt 0.238059 0.907207
vt 0.238735 0.893912
vt 0.235686 0.873103
vt 0.238230 0.858426
vt 0.235686 0.857522
vt 0.235700 0.835052
vt 0.237549 0.845939
vt 0.235711 0.843944
vt 0.238598 0.859883
vt 0.238348 0.860425
vt 0.235686 0.909415
vt 0.238431 0.908106
vt 0.238929 0.875747
vt 0.235686 0.859016
vt 0.238660 0.874969
vt 0.237323 0.836838
vt 0.237421 0.839534
vt 0.235686 0.839969
vt 0.237688 0.834504
vt 0.235364 0.815032
vt 0.235686 0.834490
vt 0.237478 0.832160
vt 0.235686 0.812734
vt 0.239107 0.816287
vt 0.239321 0.817297
vt 0.232597 0.876913
vt 0.232636 0.893912
vt 0.233352 0.905334
vt 0.235686 0.909198
vt 0.232293 0.890973
vt 0.233312 0.907208
vt 0.232940 0.908106
vt 0.233141 0.858426
vt 0.233841 0.846251
vt 0.234063 0.836877
vt 0.232754 0.859641
vt 0.232347 0.874545
vt 0.233023 0.860425
vt 0.232717 0.891579
vt 0.233950 0.839534
vt 0.232712 0.874969
vt 0.233683 0.834504
vt 0.233896 0.832138
vt 0.235686 0.827218
vt 0.232264 0.816287
vt 0.203614 0.953144
vt 0.203600 0.953144
vt 0.203614 0.830190
vt 0.203600 0.830190
vt 0.220123 0.934146
vt 0.220123 0.824075
vt 0.220764 0.824075
vt 0.220764 0.934144
vt 0.105763 0.836937
vt 0.826545 0.681078
vt 0.826449 0.689408
vt 0.825569 0.689904
vt 0.827655 0.688393
vt 0.829258 0.684620
vt 0.824792 0.675916
vt 0.825296 0.666743
vt 0.828390 0.675018
vt 0.827950 0.670300
vt 0.829204 0.659773
vt 0.089709 0.269660
vt 0.221257 0.814276
vt 0.223021 0.814276
vt 0.221258 0.814276
vt 0.224573 0.814276
vt 0.225038 0.814276
vt 0.223031 0.814276
vt 0.224466 0.814276
vt 0.218051 0.814276
vt 0.217934 0.814276
vt 0.591468 0.893969
vt 0.235686 0.908744
vt 0.232051 0.817297
s 0
usemtl Texture_Map
f 2/1/1 9/2/1 1/3/1
f 3/4/2 8/5/2 10/6/2
f 9/2/3 4/7/3 1/3/3
f 8/5/4 6/8/4 10/6/4
f 7/9/5 6/8/5 4/7/5
f 8/5/6 5/10/6 9/2/6
f 10/6/7 5/10/7 3/4/7
f 7/9/8 9/2/8 5/10/8
f 18/11/9 44/12/9 12/13/9
f 42/14/10 15/15/10 11/16/10
f 16/17/11 38/18/11 36/19/11
f 38/18/12 17/20/12 37/21/12
f 27/11/13 41/22/13 45/23/13
f 23/15/14 40/24/14 19/25/14
f 22/26/15 43/27/15 23/15/15
f 22/26/16 45/23/16 39/28/16
f 17/20/17 30/29/17 31/29/17
f 20/30/18 34/31/18 32/32/18
f 13/33/19 28/34/19 29/34/19
f 25/35/20 26/20/20 17/20/20
f 16/17/21 24/17/21 25/35/21
f 11/16/22 40/24/22 42/14/22
f 29/34/23 31/29/23 13/33/23
f 29/34/24 41/22/24 44/12/24
f 31/29/17 30/29/17 13/33/17
f 30/29/25 28/34/25 13/33/25
f 34/31/18 16/17/18 32/32/18
f 35/36/26 34/31/26 20/30/26
f 32/32/27 33/37/27 20/30/27
f 33/37/28 35/36/28 20/30/28
f 14/26/29 37/21/29 18/11/29
f 15/15/30 38/18/30 14/26/30
f 33/37/31 32/32/31 16/17/31
f 41/22/32 12/13/32 44/12/32
f 39/28/33 24/17/33 43/27/33
f 39/28/34 26/20/34 25/35/34
f 42/14/35 35/36/35 33/37/35
f 28/34/36 30/29/36 26/20/36
f 17/20/37 31/29/37 29/34/37
f 24/17/38 34/31/38 35/36/38
f 47/38/39 54/39/39 46/40/39
f 48/41/40 53/42/40 55/42/40
f 54/39/41 49/43/41 46/40/41
f 53/42/40 51/38/40 55/42/40
f 52/44/42 51/38/42 49/43/42
f 53/42/43 50/45/43 54/39/43
f 55/42/44 50/45/44 48/41/44
f 52/44/45 54/39/45 50/45/45
f 57/46/46 64/47/46 56/48/46
f 58/49/47 63/50/47 65/51/47
f 64/47/48 59/52/48 56/48/48
f 63/50/49 61/53/49 65/51/49
f 62/54/50 61/53/50 59/52/50
f 63/50/51 60/55/51 64/47/51
f 65/51/52 60/55/52 58/49/52
f 62/54/53 64/47/53 60/55/53
f 73/56/54 99/57/54 67/58/54
f 97/59/55 70/60/55 66/61/55
f 71/62/56 93/63/56 91/64/56
f 93/63/57 72/65/57 92/66/57
f 82/56/58 96/67/58 100/68/58
f 78/60/59 95/69/59 74/70/59
f 78/60/60 94/71/60 98/72/60
f 77/73/61 100/68/61 94/71/61
f 72/65/62 85/74/62 86/74/62
f 75/75/63 89/76/63 87/76/63
f 68/77/64 83/78/64 84/78/64
f 80/79/65 81/65/65 72/65/65
f 71/62/66 79/62/66 80/79/66
f 66/61/67 95/69/67 97/59/67
f 84/78/68 86/74/68 68/77/68
f 84/78/69 96/67/69 99/57/69
f 86/74/70 85/74/70 68/77/70
f 85/74/71 83/78/71 68/77/71
f 89/76/63 71/62/63 87/76/63
f 90/80/72 89/76/72 75/75/72
f 87/76/73 88/81/73 75/75/73
f 88/81/74 90/80/74 75/75/74
f 69/73/75 92/66/75 73/56/75
f 70/60/76 93/63/76 69/73/76
f 88/81/77 87/76/77 71/62/77
f 96/67/78 67/58/78 99/57/78
f 94/71/79 79/62/79 98/72/79
f 94/71/80 81/65/80 80/79/80
f 97/59/81 90/80/81 88/81/81
f 83/78/82 85/74/82 81/65/82
f 72/65/83 86/74/83 84/78/83
f 79/62/84 89/76/84 90/80/84
f 102/82/85 109/83/85 101/84/85
f 103/85/86 108/86/86 110/86/86
f 109/83/87 104/84/87 101/84/87
f 108/86/86 106/82/86 110/86/86
f 107/87/88 106/82/88 104/84/88
f 108/86/89 105/88/89 109/83/89
f 110/86/90 105/88/90 103/85/90
f 107/87/91 109/83/91 105/88/91
f 112/89/92 120/90/92 111/91/92
f 117/92/93 116/89/93 114/93/93
f 113/94/94 119/95/94 118/95/94
f 120/90/95 114/93/95 111/91/95
f 118/95/86 112/89/86 116/89/86
f 119/95/96 115/96/96 120/90/96
f 117/92/97 120/90/97 115/96/97
f 118/95/98 115/96/98 113/94/98
f 122/97/99 128/98/99 121/97/99
f 124/99/100 130/100/100 126/99/100
f 123/101/101 127/102/101 130/100/101
f 121/97/102 129/103/102 124/99/102
f 130/100/103 125/104/103 123/101/103
f 130/100/101 122/97/101 126/99/101
f 127/102/104 125/104/104 128/98/104
f 129/103/105 128/98/105 125/104/105
f 138/105/106 164/106/106 132/107/106
f 162/108/107 135/105/107 131/109/107
f 136/110/108 158/111/108 156/112/108
f 158/111/109 137/113/109 157/114/109
f 141/115/110 165/116/110 147/115/110
f 139/117/111 163/118/111 160/119/111
f 143/115/112 159/120/112 163/118/112
f 147/115/113 159/120/113 142/115/113
f 137/113/114 150/121/114 151/122/114
f 140/123/115 154/124/115 152/125/115
f 133/126/116 148/127/116 149/128/116
f 145/129/117 146/130/117 137/113/117
f 136/110/118 144/131/118 145/129/118
f 131/109/119 160/119/119 162/108/119
f 149/128/120 151/122/120 133/126/120
f 148/127/121 164/106/121 149/128/121
f 151/122/114 150/121/114 133/126/114
f 150/121/122 148/127/122 133/126/122
f 154/124/123 136/110/123 152/125/123
f 155/132/124 154/124/124 140/123/124
f 152/125/125 153/133/125 140/123/125
f 153/133/126 155/132/126 140/123/126
f 134/105/127 157/114/127 138/105/127
f 135/105/128 158/111/128 134/105/128
f 153/133/129 152/125/129 136/110/129
f 161/134/130 132/107/130 164/106/130
f 159/120/131 144/131/131 163/118/131
f 159/120/132 146/130/132 145/129/132
f 162/108/133 155/132/133 153/133/133
f 148/127/134 150/121/134 146/130/134
f 137/113/135 151/122/135 149/128/135
f 144/131/136 154/124/136 155/132/136
f 167/135/137 174/136/137 166/135/137
f 168/137/138 173/136/138 175/138/138
f 174/136/139 169/139/139 166/135/139
f 173/136/140 171/139/140 175/138/140
f 172/140/141 171/139/141 169/139/141
f 175/138/142 170/141/142 168/137/142
f 172/140/143 174/136/143 170/141/143
f 173/136/144 170/141/144 174/136/144
f 177/142/145 183/143/145 176/142/145
f 179/144/146 185/145/146 181/144/146
f 178/146/147 182/147/147 185/145/147
f 176/142/139 184/148/139 179/144/139
f 185/145/148 180/149/148 178/146/148
f 185/145/140 177/142/140 181/144/140
f 182/147/149 180/149/149 183/143/149
f 184/148/150 183/143/150 180/149/150
f 193/150/151 219/151/151 187/152/151
f 217/153/152 190/150/152 186/154/152
f 191/155/153 213/156/153 211/157/153
f 213/156/154 192/158/154 212/159/154
f 196/160/155 220/161/155 202/160/155
f 194/162/156 218/163/156 215/164/156
f 198/160/157 214/165/157 218/163/157
f 202/160/158 214/165/158 197/160/158
f 192/158/159 205/166/159 206/167/159
f 195/168/160 209/169/160 207/170/160
f 188/171/161 203/172/161 204/173/161
f 200/174/162 201/175/162 192/158/162
f 191/155/163 199/176/163 200/174/163
f 186/154/164 215/164/164 217/153/164
f 204/173/165 206/167/165 188/171/165
f 203/172/166 219/151/166 204/173/166
f 206/167/167 205/166/167 188/171/167
f 205/166/168 203/172/168 188/171/168
f 209/169/169 191/155/169 207/170/169
f 210/177/170 209/169/170 195/168/170
f 207/170/171 208/178/171 195/168/171
f 208/178/172 210/177/172 195/168/172
f 189/150/173 212/159/173 193/150/173
f 190/150/174 213/156/174 189/150/174
f 208/178/175 207/170/175 191/155/175
f 216/179/176 187/152/176 219/151/176
f 214/165/177 199/176/177 218/163/177
f 214/165/178 201/175/178 200/174/178
f 217/153/179 210/177/179 208/178/179
f 203/172/180 205/166/180 201/175/180
f 192/158/181 206/167/181 204/173/181
f 199/176/182 209/169/182 210/177/182
f 222/180/183 229/181/183 221/180/183
f 223/182/184 228/181/184 230/183/184
f 229/181/102 224/184/102 221/180/102
f 228/181/101 226/184/101 230/183/101
f 227/185/185 226/184/185 224/184/185
f 230/183/186 225/186/186 223/182/186
f 227/185/187 229/181/187 225/186/187
f 228/181/188 225/186/188 229/181/188
f 239/187/189 232/188/189 231/189/189
f 233/190/190 240/191/190 238/192/190
f 234/193/191 239/187/191 231/189/191
f 236/194/192 238/192/192 240/191/192
f 236/194/193 237/195/193 234/193/193
f 235/196/194 238/192/194 239/187/194
f 240/191/195 235/196/195 237/195/195
f 237/195/196 235/196/196 239/187/196
f 248/197/197 274/198/197 267/199/197
f 245/200/198 272/201/198 241/202/198
f 268/203/199 246/204/199 266/205/199
f 268/203/200 247/206/200 255/207/200
f 257/197/201 271/208/201 251/209/201
f 270/210/202 253/200/202 249/211/202
f 273/212/203 252/213/203 253/200/203
f 252/213/204 275/214/204 257/197/204
f 247/206/205 260/215/205 256/206/205
f 250/216/206 262/217/206 264/217/206
f 243/218/207 259/219/207 258/219/207
f 255/207/208 247/206/208 256/206/208
f 246/204/209 255/207/209 254/204/209
f 241/202/210 270/210/210 249/211/210
f 259/219/211 243/218/211 261/215/211
f 259/219/212 271/208/212 258/219/212
f 261/215/213 243/218/213 260/215/213
f 260/215/214 243/218/214 258/219/214
f 246/204/215 264/217/215 262/217/215
f 265/220/216 250/216/216 264/217/216
f 262/217/217 250/216/217 263/221/217
f 263/221/218 250/216/218 265/220/218
f 244/213/219 267/199/219 268/203/219
f 245/200/220 268/203/220 266/205/220
f 246/204/221 263/221/221 272/201/221
f 242/209/222 271/208/222 274/198/222
f 254/204/223 269/222/223 273/212/223
f 269/222/224 256/206/224 275/214/224
f 272/201/225 265/220/225 270/210/225
f 256/206/226 258/219/226 271/208/226
f 259/219/227 261/215/227 247/206/227
f 265/220/228 264/217/228 254/204/228
f 284/223/229 277/224/229 276/225/229
f 278/226/230 285/227/230 283/227/230
f 279/228/231 284/223/231 276/225/231
f 281/224/230 283/227/230 285/227/230
f 281/224/232 282/229/232 279/228/232
f 280/230/233 283/227/233 284/223/233
f 285/227/234 280/230/234 282/229/234
f 282/229/235 280/230/235 284/223/235
f 294/231/236 287/232/236 286/233/236
f 288/234/237 295/235/237 293/236/237
f 289/237/238 294/231/238 286/233/238
f 291/238/239 293/236/239 295/235/239
f 291/238/240 292/239/240 289/237/240
f 290/240/241 293/236/241 294/231/241
f 295/235/242 290/240/242 292/239/242
f 292/239/243 290/240/243 294/231/243
f 303/241/244 329/242/244 322/243/244
f 300/244/245 327/245/245 296/246/245
f 323/247/246 301/248/246 321/249/246
f 323/247/247 302/250/247 310/251/247
f 312/241/248 326/252/248 306/253/248
f 325/254/249 308/244/249 304/255/249
f 308/244/250 324/256/250 307/257/250
f 307/257/251 330/258/251 312/241/251
f 302/250/252 315/259/252 311/250/252
f 305/260/253 317/261/253 319/261/253
f 298/262/254 314/263/254 313/263/254
f 310/251/255 302/250/255 311/250/255
f 301/248/256 310/251/256 309/248/256
f 296/246/257 325/254/257 304/255/257
f 314/263/258 298/262/258 316/259/258
f 314/263/259 326/252/259 313/263/259
f 316/259/260 298/262/260 315/259/260
f 315/259/261 298/262/261 313/263/261
f 301/248/262 319/261/262 317/261/262
f 320/264/263 305/260/263 319/261/263
f 317/261/264 305/260/264 318/265/264
f 318/265/265 305/260/265 320/264/265
f 299/257/266 322/243/266 323/247/266
f 300/244/267 323/247/267 321/249/267
f 301/248/268 318/265/268 327/245/268
f 297/253/269 326/252/269 329/242/269
f 309/248/270 324/256/270 328/266/270
f 324/256/271 311/250/271 330/258/271
f 327/245/272 320/264/272 325/254/272
f 311/250/273 313/263/273 326/252/273
f 314/263/274 316/259/274 302/250/274
f 320/264/275 319/261/275 309/248/275
f 339/267/276 332/268/276 331/269/276
f 333/270/277 340/271/277 338/271/277
f 334/269/278 339/267/278 331/269/278
f 336/268/277 338/271/277 340/271/277
f 336/268/279 337/272/279 334/269/279
f 335/273/280 338/271/280 339/267/280
f 340/271/281 335/273/281 337/272/281
f 337/272/282 335/273/282 339/267/282
f 350/274/92 342/275/92 341/276/92
f 346/275/283 347/277/283 344/278/283
f 343/279/284 348/280/284 349/280/284
f 344/278/285 350/274/285 341/276/285
f 348/280/277 342/275/277 349/280/277
f 345/281/286 349/280/286 350/274/286
f 347/277/287 345/281/287 350/274/287
f 348/280/288 345/281/288 347/277/288
f 358/282/289 352/283/289 351/283/289
f 354/284/290 360/285/290 359/286/290
f 353/287/291 360/285/291 357/288/291
f 351/283/292 359/286/292 358/282/292
f 360/285/293 355/289/293 359/286/293
f 360/285/291 352/283/291 357/288/291
f 355/289/294 357/288/294 358/282/294
f 359/286/292 355/289/292 358/282/292
f 368/290/295 394/291/295 387/292/295
f 365/290/296 392/293/296 361/294/296
f 388/295/297 366/296/297 386/297/297
f 388/295/298 367/298/298 375/299/298
f 395/300/299 371/301/299 377/301/299
f 369/302/300 393/303/300 373/301/300
f 373/301/301 389/304/301 372/301/301
f 389/304/301 377/301/301 372/301/301
f 367/298/302 380/305/302 376/306/302
f 370/307/303 382/308/303 384/309/303
f 363/310/304 379/311/304 378/312/304
f 375/299/305 367/298/305 376/306/305
f 366/296/306 375/299/306 374/313/306
f 361/294/307 390/314/307 369/302/307
f 379/311/308 363/310/308 381/315/308
f 394/291/304 378/312/304 379/311/304
f 381/315/302 363/310/302 380/305/302
f 380/305/309 363/310/309 378/312/309
f 366/296/310 384/309/310 382/308/310
f 385/316/311 370/307/311 384/309/311
f 382/308/312 370/307/312 383/317/312
f 383/317/313 370/307/313 385/316/313
f 364/290/314 387/292/314 388/295/314
f 365/290/315 388/295/315 386/297/315
f 366/296/316 383/317/316 392/293/316
f 362/318/317 391/319/317 394/291/317
f 374/313/318 389/304/318 393/303/318
f 389/304/319 376/306/319 395/300/319
f 392/293/320 385/316/320 390/314/320
f 376/306/321 378/312/321 391/319/321
f 379/311/322 381/315/322 367/298/322
f 385/316/323 384/309/323 374/313/323
f 404/320/324 397/321/324 396/321/324
f 398/322/325 405/323/325 403/320/325
f 399/324/326 404/320/326 396/321/326
f 401/324/327 403/320/327 405/323/327
f 401/324/328 402/325/328 399/324/328
f 405/323/329 400/326/329 402/325/329
f 402/325/330 400/326/330 404/320/330
f 400/326/331 403/320/331 404/320/331
f 413/327/332 407/328/332 406/328/332
f 409/329/333 415/330/333 414/331/333
f 408/332/334 415/330/334 412/333/334
f 406/328/326 414/331/326 413/327/326
f 415/330/335 410/334/335 414/331/335
f 415/330/327 407/328/327 412/333/327
f 410/334/336 412/333/336 413/327/336
f 414/331/337 410/334/337 413/327/337
f 423/335/338 449/336/338 442/337/338
f 420/335/339 447/338/339 416/339/339
f 443/340/340 421/341/340 441/342/340
f 443/340/341 422/343/341 430/344/341
f 450/345/342 426/346/342 432/346/342
f 424/347/343 448/348/343 428/346/343
f 428/346/344 444/349/344 427/346/344
f 444/349/344 432/346/344 427/346/344
f 422/343/345 435/350/345 431/351/345
f 425/352/346 437/353/346 439/354/346
f 418/355/347 434/356/347 433/357/347
f 430/344/348 422/343/348 431/351/348
f 421/341/349 430/344/349 429/358/349
f 416/339/350 445/359/350 424/347/350
f 434/356/351 418/355/351 436/360/351
f 449/336/352 433/357/352 434/356/352
f 436/360/353 418/355/353 435/350/353
f 435/350/354 418/355/354 433/357/354
f 421/341/355 439/354/355 437/353/355
f 440/361/356 425/352/356 439/354/356
f 437/353/357 425/352/357 438/362/357
f 438/362/358 425/352/358 440/361/358
f 419/335/359 442/337/359 443/340/359
f 420/335/360 443/340/360 441/342/360
f 421/341/361 438/362/361 447/338/361
f 417/363/362 446/364/362 449/336/362
f 429/358/363 444/349/363 448/348/363
f 444/349/364 431/351/364 450/345/364
f 447/338/365 440/361/365 445/359/365
f 431/351/366 433/357/366 446/364/366
f 434/356/367 436/360/367 422/343/367
f 440/361/368 439/354/368 429/358/368
f 459/365/369 452/366/369 451/366/369
f 453/367/370 460/368/370 458/365/370
f 454/369/292 459/365/292 451/366/292
f 456/369/291 458/365/291 460/368/291
f 456/369/371 457/370/371 454/369/371
f 460/368/372 455/371/372 457/370/372
f 457/370/373 455/371/373 459/365/373
f 455/371/374 458/365/374 459/365/374
f 467/372/375 471/373/375 464/374/375
f 486/375/376 475/376/376 474/377/376
f 476/378/377 465/379/377 464/374/377
f 471/373/378 484/380/378 472/381/378
f 473/382/379 462/383/379 461/384/379
f 468/385/380 481/386/380 469/387/380
f 477/388/381 466/389/381 465/379/381
f 472/381/382 473/382/382 461/384/382
f 474/377/383 463/390/383 462/383/383
f 469/387/384 482/391/384 470/392/384
f 478/393/385 467/372/385 466/389/385
f 475/376/386 464/374/386 463/390/386
f 470/392/387 483/394/387 471/373/387
f 467/372/388 480/395/388 468/385/388
f 495/396/389 506/397/389 507/398/389
f 481/386/390 494/399/390 482/391/390
f 490/400/391 479/401/391 478/393/391
f 487/402/392 476/378/392 475/376/392
f 482/391/393 495/396/393 483/394/393
f 479/401/394 492/403/394 480/395/394
f 488/404/395 477/388/395 476/378/395
f 483/394/396 496/405/396 484/380/396
f 485/406/397 474/377/397 473/382/397
f 480/395/398 493/407/398 481/386/398
f 489/408/399 478/393/399 477/388/399
f 484/380/400 485/406/400 473/382/400
f 501/409/401 500/410/401 508/411/401
f 491/412/402 504/413/402 492/403/402
f 489/408/403 500/410/403 501/409/403
f 496/405/404 507/398/404 508/411/404
f 486/375/405 498/414/405 497/415/405
f 492/403/406 505/416/406 493/407/406
f 490/400/407 501/409/407 502/417/407
f 496/405/408 498/414/408 485/406/408
f 487/402/409 497/415/409 499/418/409
f 493/407/410 506/397/410 494/399/410
f 491/412/411 502/417/411 503/419/411
f 487/402/412 500/410/412 488/404/412
f 522/420/413 537/421/413 521/422/413
f 531/423/414 514/424/414 515/425/414
f 523/426/415 538/427/415 522/420/415
f 516/428/416 531/423/416 515/425/416
f 524/429/417 539/430/417 523/426/417
f 517/431/418 532/432/418 516/428/418
f 526/433/419 509/434/419 510/435/419
f 525/436/420 524/429/420 509/434/420
f 518/437/421 533/438/421 517/431/421
f 527/439/422 510/435/422 511/440/422
f 519/441/423 534/442/423 518/437/423
f 528/443/424 511/440/424 512/444/424
f 520/445/425 535/446/425 519/441/425
f 529/447/426 512/444/426 513/448/426
f 521/422/427 536/449/427 520/445/427
f 530/450/428 513/448/428 514/424/428
f 553/451/429 536/449/429 537/421/429
f 608/452/430 593/453/430 607/454/430
f 530/450/431 545/455/431 529/447/431
f 554/456/432 537/421/432 538/427/432
f 531/423/433 546/457/433 530/450/433
f 555/458/434 538/427/434 539/430/434
f 548/459/435 531/423/435 532/432/435
f 540/460/436 555/458/436 539/430/436
f 549/461/437 532/432/437 533/438/437
f 526/433/438 541/462/438 525/436/438
f 525/436/439 556/463/439 540/460/439
f 550/464/440 533/438/440 534/442/440
f 527/439/441 542/465/441 526/433/441
f 551/466/442 534/442/442 535/446/442
f 528/443/443 543/467/443 527/439/443
f 552/468/444 535/446/444 536/449/444
f 529/447/445 544/469/445 528/443/445
f 610/470/446 601/471/446 609/472/446
f 595/473/447 608/452/447 611/474/447
f 612/475/448 602/476/448 610/470/448
f 613/477/449 595/473/449 611/474/449
f 614/478/450 603/479/450 612/475/450
f 615/480/451 596/481/451 613/477/451
f 616/482/452 604/483/452 614/478/452
f 617/484/453 597/485/453 615/480/453
f 606/486/454 616/482/454 618/487/454
f 599/488/455 617/484/455 619/489/455
f 591/490/456 620/491/456 621/492/456
f 592/493/457 618/487/457 620/491/457
f 622/494/458 599/488/458 619/489/458
f 607/454/459 591/490/459 621/492/459
f 609/472/460 600/495/460 622/494/460
f 572/496/461 524/429/461 523/426/461
f 565/497/462 517/431/462 516/428/462
f 558/498/463 510/435/463 509/434/463
f 573/499/464 509/434/464 524/429/464
f 517/431/465 567/500/465 518/437/465
f 510/435/466 560/501/466 511/440/466
f 518/437/467 568/502/467 519/441/467
f 560/501/468 512/444/468 511/440/468
f 519/441/469 569/503/469 520/445/469
f 512/444/470 562/504/470 513/448/470
f 520/445/471 570/505/471 521/422/471
f 562/504/472 514/424/472 513/448/472
f 521/422/473 571/506/473 522/420/473
f 514/424/474 564/507/474 515/425/474
f 571/506/475 523/426/475 522/420/475
f 515/425/476 565/497/476 516/428/476
f 587/508/477 572/496/477 571/506/477
f 580/509/478 565/497/478 564/507/478
f 588/510/479 573/499/479 572/496/479
f 565/497/480 582/511/480 566/512/480
f 558/498/481 575/513/481 559/514/481
f 573/499/482 574/515/482 558/498/482
f 582/511/483 567/500/483 566/512/483
f 575/513/484 560/501/484 559/514/484
f 567/500/485 584/516/485 568/502/485
f 576/517/486 561/518/486 560/501/486
f 568/502/487 585/519/487 569/503/487
f 577/520/488 562/504/488 561/518/488
f 585/519/489 570/505/489 569/503/489
f 562/504/490 579/521/490 563/522/490
f 586/523/491 571/506/491 570/505/491
f 563/522/492 580/509/492 564/507/492
f 577/520/493 590/524/493 578/525/493
f 585/519/494 590/524/494 586/523/494
f 578/525/495 590/524/495 579/521/495
f 586/523/496 590/524/496 587/508/496
f 579/521/497 590/524/497 580/509/497
f 587/508/498 590/524/498 588/510/498
f 580/509/499 590/524/499 581/526/499
f 588/510/500 590/524/500 589/527/500
f 581/526/501 590/524/501 582/511/501
f 574/515/502 590/524/502 575/513/502
f 589/527/503 590/524/503 574/515/503
f 582/511/504 590/524/504 583/528/504
f 575/513/505 590/524/505 576/517/505
f 583/528/506 590/524/506 584/516/506
f 576/517/507 590/524/507 577/520/507
f 584/516/508 590/524/508 585/519/508
f 557/529/509 592/493/509 591/490/509
f 557/529/510 591/490/510 593/453/510
f 557/529/511 593/453/511 594/530/511
f 557/529/512 594/530/512 595/473/512
f 557/529/513 595/473/513 596/481/513
f 557/529/514 596/481/514 597/485/514
f 557/529/515 597/485/515 598/531/515
f 557/529/516 598/531/516 599/488/516
f 557/529/517 599/488/517 600/495/517
f 557/529/518 600/495/518 601/471/518
f 557/529/519 601/471/519 602/476/519
f 557/529/520 602/476/520 603/479/520
f 557/529/521 603/479/521 604/483/521
f 557/529/522 604/483/522 605/532/522
f 557/529/523 605/532/523 606/486/523
f 557/529/524 606/486/524 592/493/524
f 609/472/525 550/464/525 551/466/525
f 543/467/526 621/492/526 542/465/526
f 622/494/527 549/461/527 550/464/527
f 620/491/528 556/463/528 541/462/528
f 621/492/529 541/462/529 542/465/529
f 619/489/530 548/459/530 549/461/530
f 556/463/531 616/482/531 555/458/531
f 548/459/532 615/480/532 547/533/532
f 555/458/533 614/478/533 554/456/533
f 547/533/534 613/477/534 546/457/534
f 554/456/535 612/475/535 553/451/535
f 546/457/536 611/474/536 545/455/536
f 612/475/537 552/468/537 553/451/537
f 611/474/538 544/469/538 545/455/538
f 610/470/539 551/466/539 552/468/539
f 544/469/540 607/454/540 543/467/540
f 624/534/541 631/535/541 632/536/541
f 623/537/542 638/538/542 631/535/542
f 629/539/543 636/540/543 637/541/543
f 627/542/544 634/543/544 635/544/544
f 625/545/545 632/536/545 633/546/545
f 629/539/546 638/538/546 630/547/546
f 628/548/547 635/544/547 636/540/547
f 626/549/548 633/546/548 634/543/548
f 623/537/549 640/550/549 639/551/549
f 630/547/550 639/551/550 646/552/550
f 629/539/551 644/553/551 628/548/551
f 627/542/552 642/554/552 626/549/552
f 624/534/553 641/555/553 640/550/553
f 629/539/554 646/552/554 645/556/554
f 628/548/555 643/557/555 627/542/555
f 626/549/556 641/555/556 625/545/556
f 645/556/557 646/552/557 639/551/557
f 633/546/558 648/558/558 649/559/558
f 638/538/559 653/560/559 654/561/559
f 635/544/560 652/562/560 636/540/560
f 633/546/561 650/563/561 634/543/561
f 632/536/562 647/564/562 648/558/562
f 631/535/563 654/561/563 647/564/563
f 636/540/564 653/560/564 637/541/564
f 634/543/565 651/565/565 635/544/565
f 656/566/566 663/567/566 655/568/566
f 655/568/567 670/569/567 662/570/567
f 661/571/568 668/572/568 660/573/568
f 659/574/569 666/575/569 658/576/569
f 657/577/570 664/578/570 656/566/570
f 670/569/571 661/571/571 662/570/571
f 660/573/572 667/579/572 659/574/572
f 658/576/573 665/580/573 657/577/573
f 655/568/574 672/581/574 656/566/574
f 662/570/575 671/582/575 655/568/575
f 676/583/576 661/571/576 660/573/576
f 674/584/577 659/574/577 658/576/577
f 656/566/578 673/585/578 657/577/578
f 661/571/579 678/586/579 662/570/579
f 675/587/580 660/573/580 659/574/580
f 673/585/581 658/576/581 657/577/581
f 671/582/582 677/588/582 675/587/582
f 665/580/583 680/589/583 664/578/583
f 670/569/584 685/590/584 669/591/584
f 684/592/585 667/579/585 668/572/585
f 682/593/586 665/580/586 666/575/586
f 664/578/587 679/594/587 663/567/587
f 663/567/588 686/595/588 670/569/588
f 685/590/589 668/572/589 669/591/589
f 683/596/590 666/575/590 667/579/590
f 687/597/591 696/598/591 688/599/591
f 687/597/592 702/600/592 695/601/592
f 692/602/593 701/603/593 693/604/593
f 691/605/594 698/606/594 699/607/594
f 689/608/595 696/598/595 697/609/595
f 694/610/596 701/603/596 702/600/596
f 692/602/597 699/607/597 700/611/597
f 689/608/598 698/606/598 690/612/598
f 687/597/599 704/613/599 703/614/599
f 694/610/600 703/614/600 710/615/600
f 693/604/601 708/616/601 692/602/601
f 691/605/602 706/617/602 690/612/602
f 688/599/603 705/618/603 704/613/603
f 693/604/604 710/615/604 709/619/604
f 692/602/605 707/620/605 691/605/605
f 690/612/606 705/618/606 689/608/606
f 706/617/607 707/620/607 711/621/607
f 704/613/608 705/618/608 711/621/608
f 709/619/609 710/615/609 711/621/609
f 707/620/610 708/616/610 711/621/610
f 705/618/611 706/617/611 711/621/611
f 703/614/612 704/613/612 711/621/612
f 710/615/613 703/614/613 711/621/613
f 708/616/614 709/619/614 711/621/614
f 697/609/615 713/622/615 714/623/615
f 702/600/616 718/624/616 719/625/616
f 699/607/617 717/626/617 700/611/617
f 697/609/618 715/627/618 698/606/618
f 696/598/619 712/628/619 713/622/619
f 695/601/620 719/625/620 712/628/620
f 700/611/621 718/624/621 701/603/621
f 698/606/622 716/629/622 699/607/622
f 720/630/623 729/631/623 721/632/623
f 727/633/624 728/634/624 720/630/624
f 726/635/625 733/636/625 734/637/625
f 724/638/626 731/639/626 732/640/626
f 721/632/627 730/641/627 722/642/627
f 726/635/628 735/643/628 727/633/628
f 725/644/629 732/640/629 733/636/629
f 723/645/630 730/641/630 731/639/630
f 720/630/631 737/646/631 736/647/631
f 727/633/632 736/647/632 743/648/632
f 725/644/633 742/649/633 741/650/633
f 724/638/634 739/651/634 723/645/634
f 721/632/635 738/652/635 737/646/635
f 726/635/636 743/648/636 742/649/636
f 725/644/637 740/653/637 724/638/637
f 723/645/638 738/652/638 722/642/638
f 739/651/639 740/653/639 744/654/639
f 737/646/640 738/652/640 744/654/640
f 742/649/641 743/648/641 744/654/641
f 740/653/642 741/650/642 744/654/642
f 738/652/643 739/651/643 744/654/643
f 736/647/644 737/646/644 744/654/644
f 743/648/645 736/647/645 744/654/645
f 741/650/646 742/649/646 744/654/646
f 730/641/647 746/655/647 747/656/647
f 735/643/648 751/657/648 752/658/648
f 732/640/649 750/659/649 733/636/649
f 730/641/650 748/660/650 731/639/650
f 729/631/651 745/661/651 746/655/651
f 728/634/652 752/658/652 745/661/652
f 733/636/653 751/657/653 734/637/653
f 731/639/654 749/662/654 732/640/654
f 753/663/655 762/664/655 754/665/655
f 760/666/656 761/667/656 753/663/656
f 758/668/657 767/669/657 759/670/657
f 757/671/658 764/672/658 765/673/658
f 755/674/659 762/664/659 763/675/659
f 759/670/660 768/676/660 760/666/660
f 758/668/661 765/673/661 766/677/661
f 756/678/662 763/675/662 764/672/662
f 753/663/663 770/679/663 769/680/663
f 760/666/664 769/680/664 776/681/664
f 759/670/665 774/682/665 758/668/665
f 757/671/666 772/683/666 756/678/666
f 755/674/667 770/679/667 754/665/667
f 759/670/668 776/681/668 775/684/668
f 758/668/669 773/685/669 757/671/669
f 756/678/670 771/686/670 755/674/670
f 772/683/671 773/685/671 777/687/671
f 770/679/672 771/686/672 777/687/672
f 775/684/673 776/681/673 777/687/673
f 773/685/674 774/682/674 777/687/674
f 771/686/675 772/683/675 777/687/675
f 769/680/676 770/679/676 777/687/676
f 776/681/677 769/680/677 777/687/677
f 774/682/678 775/684/678 777/687/678
f 763/675/679 779/688/679 780/689/679
f 768/676/680 784/690/680 785/691/680
f 765/673/681 783/692/681 766/677/681
f 763/675/682 781/693/682 764/672/682
f 762/664/683 778/694/683 779/688/683
f 761/667/684 785/691/684 778/694/684
f 766/677/685 784/690/685 767/669/685
f 764/672/686 782/695/686 765/673/686
f 795/696/687 798/697/687 794/698/687
f 790/699/688 786/700/688 791/701/688
f 792/702/689 786/700/689 787/703/689
f 792/702/690 789/704/690 793/705/690
f 790/699/689 789/704/689 788/706/689
f 800/707/691 795/696/691 796/708/691
f 801/709/692 796/708/692 797/710/692
f 794/698/691 801/709/691 797/710/691
f 800/707/693 789/704/693 787/703/693
f 788/706/694 799/711/694 786/700/694
f 793/705/695 796/708/695 792/702/695
f 795/696/693 790/699/693 791/701/693
f 801/709/696 788/706/696 789/704/696
f 786/700/697 800/707/697 787/703/697
f 790/699/697 797/710/697 793/705/697
f 796/708/696 791/701/696 792/702/696
f 810/712/698 805/713/698 804/714/698
f 807/715/699 803/716/699 802/717/699
f 813/718/700 805/713/700 811/719/700
f 812/720/701 802/717/701 810/712/701
f 805/713/702 806/721/702 804/714/702
f 804/714/701 812/720/701 810/712/701
f 803/716/700 813/718/700 811/719/700
f 802/717/703 811/719/703 810/712/703
f 822/722/704 817/723/704 816/724/704
f 819/725/705 815/726/705 814/727/705
f 825/728/706 817/723/706 823/729/706
f 822/722/707 819/725/707 814/727/707
f 817/723/708 818/730/708 816/724/708
f 816/724/709 824/731/709 822/722/709
f 820/732/710 823/729/710 815/726/710
f 814/727/711 823/729/711 822/722/711
f 834/733/712 829/734/712 828/735/712
f 831/736/713 827/737/713 826/738/713
f 837/739/714 829/734/714 835/740/714
f 834/733/715 831/736/715 826/738/715
f 829/734/716 830/741/716 828/735/716
f 828/735/717 836/742/717 834/733/717
f 832/743/718 835/740/718 827/737/718
f 826/738/719 835/740/719 834/733/719
f 849/744/720 840/745/720 841/746/720
f 843/747/721 840/745/721 848/748/721
f 847/749/722 839/750/722 841/746/722
f 846/751/723 845/752/723 847/749/723
f 841/746/724 844/753/724 849/744/724
f 838/754/725 846/751/725 840/745/725
f 844/753/726 848/748/726 849/744/726
f 841/746/727 846/751/727 847/749/727
f 859/755/728 852/756/728 858/757/728
f 855/758/729 851/759/729 850/760/729
f 861/761/730 853/762/730 859/755/730
f 858/757/731 855/758/731 850/760/731
f 853/762/732 854/763/732 852/756/732
f 852/756/733 860/764/733 858/757/733
f 856/765/734 859/755/734 851/759/734
f 851/759/735 858/757/735 850/760/735
f 871/766/736 864/767/736 870/768/736
f 867/769/737 863/770/737 862/771/737
f 873/772/738 865/773/738 871/766/738
f 870/768/739 867/769/739 862/771/739
f 865/773/740 866/774/740 864/767/740
f 864/767/741 872/775/741 870/768/741
f 868/776/742 871/766/742 863/770/742
f 863/770/743 870/768/743 862/771/743
f 883/777/744 876/778/744 882/779/744
f 879/780/745 875/781/745 874/782/745
f 883/777/746 881/783/746 877/784/746
f 882/779/747 879/780/747 874/782/747
f 881/783/748 876/778/748 877/784/748
f 876/778/749 884/785/749 882/779/749
f 880/786/750 883/777/750 875/781/750
f 875/781/751 882/779/751 874/782/751
f 895/787/752 888/788/752 894/789/752
f 891/790/753 887/791/753 886/792/753
f 895/787/754 893/793/754 889/794/754
f 896/795/755 886/792/755 894/789/755
f 889/794/756 890/796/756 888/788/756
f 890/796/757 894/789/757 888/788/757
f 887/791/758 897/797/758 895/787/758
f 887/791/759 894/789/759 886/792/759
f 955/798/760 901/799/760 972/800/760
f 972/800/761 905/801/761 965/802/761
f 1169/803/762 1155/804/762 1176/805/762
f 924/806/763 903/807/763 923/808/763
f 924/806/764 1067/809/764 898/810/764
f 1075/811/765 911/812/765 1074/813/765
f 898/810/766 956/814/766 970/815/766
f 903/807/767 970/815/767 973/816/767
f 1074/813/768 913/817/768 1076/818/768
f 1083/819/769 912/820/769 1075/811/769
f 1073/821/770 958/822/770 1084/823/770
f 914/824/771 1073/821/771 1077/825/771
f 1091/826/772 915/827/772 1086/828/772
f 1086/828/773 917/829/773 1088/830/773
f 1092/831/774 918/832/774 1089/833/774
f 916/834/775 1090/835/775 1087/836/775
f 918/832/776 1087/836/776 1089/833/776
f 1088/830/777 926/837/777 1092/831/777
f 1084/823/778 966/838/778 1083/819/778
f 901/799/779 925/839/779 924/806/779
f 905/801/780 924/806/780 923/808/780
f 1187/840/781 1164/841/781 1192/842/781
f 1190/843/782 947/844/782 944/845/782
f 955/798/783 930/846/783 907/847/783
f 954/848/784 1009/849/784 930/846/784
f 1188/850/785 946/851/785 1186/852/785
f 1184/853/786 1159/854/786 1160/855/786
f 1008/856/787 941/857/787 1017/858/787
f 941/857/788 909/859/788 925/839/788
f 1081/860/789 934/861/789 1011/862/789
f 1070/863/790 927/864/790 1066/865/790
f 1066/865/791 1008/856/791 1064/866/791
f 1079/867/792 1071/868/792 934/861/792
f 1080/869/793 1011/862/793 942/870/793
f 1078/871/794 1010/872/794 933/873/794
f 1078/871/795 914/824/795 1077/825/795
f 1091/826/796 935/874/796 920/875/796
f 1093/876/797 937/877/797 935/874/797
f 1097/878/798 938/879/798 943/880/798
f 1098/881/799 936/882/799 1094/883/799
f 1094/883/800 938/879/800 1096/884/800
f 1095/885/801 943/880/801 937/877/801
f 1082/886/802 942/870/802 1010/872/802
f 941/857/803 907/847/803 930/846/803
f 1017/858/804 930/846/804 1009/849/804
f 1176/805/805 1156/887/805 1181/888/805
f 1167/889/806 1165/890/806 1169/803/806
f 1187/840/807 1157/891/807 1158/892/807
f 1191/893/808 945/894/808 1188/850/808
f 1180/895/809 952/896/809 949/897/809
f 1177/898/810 946/851/810 950/899/810
f 1189/900/811 1156/887/811 1159/854/811
f 1174/901/812 1162/902/812 1172/903/812
f 1182/904/813 944/845/813 948/905/813
f 1183/906/814 950/899/814 947/844/814
f 1171/907/815 939/908/815 953/909/815
f 1174/901/816 1166/910/816 1161/911/816
f 1178/912/817 1160/855/817 1154/913/817
f 1173/914/818 953/909/818 952/896/818
f 1175/915/819 921/916/819 1170/917/819
f 1185/918/820 1154/913/820 1157/891/820
f 1000/919/821 961/920/821 969/921/821
f 971/922/822 962/923/822 976/924/822
f 968/925/823 981/926/823 963/927/823
f 990/928/824 960/929/824 975/930/824
f 973/816/825 911/812/825 912/820/825
f 914/824/826 954/848/826 955/798/826
f 933/873/827 1022/931/827 954/848/827
f 1056/932/828 960/929/828 1060/933/828
f 1058/934/829 963/927/829 1061/935/829
f 1057/936/830 962/923/830 1062/937/830
f 969/921/831 1063/938/831 1059/939/831
f 960/929/832 1059/939/832 1060/933/832
f 1062/937/833 968/925/833 1058/934/833
f 1071/868/834 1066/865/834 934/861/834
f 962/923/835 1002/940/835 968/925/835
f 977/941/836 969/921/836 960/929/836
f 1063/938/837 976/924/837 1057/936/837
f 963/927/838 1056/932/838 1061/935/838
f 1011/862/839 1066/865/839 1064/866/839
f 981/926/840 975/930/840 963/927/840
f 979/942/841 976/924/841 961/920/841
f 1385/943/842 1422/944/842 1389/945/842
f 1032/946/843 1411/947/843 1412/948/843
f 1383/949/844 1423/950/844 1390/951/844
f 992/952/845 977/941/845 990/928/845
f 1004/953/846 981/926/846 1002/940/846
f 993/954/847 983/955/847 971/922/847
f 1005/956/848 979/942/848 1000/919/848
f 986/957/849 971/922/849 979/942/849
f 988/958/850 990/928/850 981/926/850
f 980/959/851 1401/960/851 1400/961/851
f 1049/962/852 1410/963/852 1028/964/852
f 995/965/853 993/954/853 986/957/853
f 988/958/854 998/966/854 992/952/854
f 992/952/855 994/967/855 985/968/855
f 1004/953/856 997/969/856 988/958/856
f 999/970/857 987/971/857 993/954/857
f 1005/956/858 995/965/858 986/957/858
f 985/968/859 1007/972/859 1005/956/859
f 996/973/860 1004/953/860 987/971/860
f 985/968/861 1000/919/861 977/941/861
f 987/971/862 1002/940/862 983/955/862
f 1032/946/863 1413/974/863 1051/975/863
f 984/976/864 1401/960/864 989/977/864
f 1013/978/865 1048/979/865 1019/980/865
f 1014/981/866 1020/982/866 1024/983/866
f 1018/984/867 1029/985/867 1050/986/867
f 1012/987/868 1038/988/868 1023/989/868
f 1008/856/869 957/990/869 1064/866/869
f 942/870/870 1016/991/870 959/992/870
f 1022/931/871 1021/993/871 964/994/871
f 1009/849/872 967/995/872 1017/858/872
f 957/990/873 1012/987/873 1023/989/873
f 959/992/874 1015/996/874 1018/984/874
f 964/994/875 1014/981/875 1024/983/875
f 1065/997/876 1019/980/876 967/995/876
f 967/995/877 1012/987/877 974/998/877
f 1021/993/878 1018/984/878 1014/981/878
f 1017/858/879 974/998/879 1008/856/879
f 1010/872/880 959/992/880 1021/993/880
f 1018/984/881 1031/999/881 1014/981/881
f 1019/980/882 1025/1000/882 1012/987/882
f 1065/997/883 1024/983/883 1013/978/883
f 957/990/884 1015/996/884 1016/991/884
f 1009/849/885 964/994/885 1065/997/885
f 1064/866/886 1016/991/886 1011/862/886
f 1023/989/887 1029/985/887 1015/996/887
f 1024/983/888 1027/1001/888 1013/978/888
f 980/959/889 1399/1002/889 1001/1003/889
f 1026/1004/890 1409/1005/890 1049/962/890
f 1392/1006/891 1430/1007/891 1398/1008/891
f 1393/1009/892 1428/1010/892 1396/1011/892
f 1025/1000/893 1040/1012/893 1038/988/893
f 1029/985/894 1052/1013/894 1050/986/894
f 1031/999/895 1041/1014/895 1020/982/895
f 1027/1001/896 1053/1015/896 1048/979/896
f 1020/982/897 1034/1016/897 1027/1001/897
f 1038/988/898 1036/1017/898 1029/985/898
f 1394/1018/899 1429/1019/899 1397/1020/899
f 1384/1021/900 1423/950/900 1417/1022/900
f 1041/1014/901 1043/1023/901 1034/1016/901
f 1036/1017/902 1046/1024/902 1045/1025/902
f 1040/1012/903 1042/1026/903 1046/1024/903
f 1036/1017/904 1054/1027/904 1052/1013/904
f 1035/1028/905 1047/1029/905 1041/1014/905
f 1053/1015/906 1043/1023/906 1055/1030/906
f 1033/1031/907 1055/1030/907 1042/1026/907
f 1052/1013/908 1044/1032/908 1035/1028/908
f 1048/979/909 1033/1031/909 1025/1000/909
f 1050/986/910 1035/1028/910 1031/999/910
f 1391/1033/911 1427/1034/911 1395/1035/911
f 1026/1004/912 1415/1036/912 1408/1037/912
f 1056/932/913 903/807/913 973/816/913
f 966/838/914 1061/935/914 912/820/914
f 965/802/915 1062/937/915 958/822/915
f 1059/939/916 905/801/916 923/808/916
f 1060/933/917 923/808/917 903/807/917
f 958/822/918 1058/934/918 966/838/918
f 905/801/919 1057/936/919 965/802/919
f 1061/935/920 973/816/920 912/820/920
f 914/824/921 972/800/921 910/1038/921
f 910/1038/922 965/802/922 958/822/922
f 970/815/923 913/817/923 911/812/923
f 937/877/924 1080/869/924 1082/886/924
f 935/874/925 1077/825/925 920/875/925
f 935/874/926 1082/886/926 1078/871/926
f 943/880/927 1081/860/927 1080/869/927
f 936/882/928 1085/1039/928 1079/867/928
f 938/879/929 1079/867/929 1081/860/929
f 917/829/930 1083/819/930 926/837/930
f 1077/825/931 915/827/931 920/875/931
f 915/827/932 1084/823/932 917/829/932
f 926/837/933 1075/811/933 918/832/933
f 916/834/934 1076/818/934 1068/1040/934
f 918/832/935 1074/813/935 916/834/935
f 932/1041/936 1097/878/936 1095/885/936
f 929/1042/937 1096/884/937 931/1043/937
f 908/1044/938 1094/883/938 929/1042/938
f 940/1045/939 1096/884/939 1097/878/939
f 928/1046/940 1095/885/940 1093/876/940
f 906/1047/941 1093/876/941 1091/826/941
f 904/1048/942 1092/831/942 922/1049/942
f 1089/833/943 900/1050/943 902/1051/943
f 900/1050/944 1090/835/944 1069/1052/944
f 922/1049/945 1089/833/945 902/1051/945
f 899/1053/946 1088/830/946 904/1048/946
f 1091/826/947 899/1053/947 906/1047/947
f 1385/943/948 1421/1054/948 1418/1055/948
f 1217/1056/949 1100/1057/949 1110/1058/949
f 1209/1059/950 1111/1060/950 1102/1061/950
f 1213/1062/951 1099/1063/951 1100/1057/951
f 1207/1064/952 1107/1065/952 1210/1066/952
f 1210/1066/953 1104/1067/953 1211/1068/953
f 1218/1069/954 1110/1058/954 1109/1070/954
f 1214/1071/955 1108/1072/955 1099/1063/955
f 1209/1059/956 1103/1073/956 1207/1064/956
f 1215/1074/957 1125/1075/957 1108/1072/957
f 1211/1068/958 1101/1076/958 1212/1077/958
f 1219/1078/959 1109/1070/959 1106/1079/959
f 1212/1077/960 1105/1080/960 1208/1081/960
f 1205/1082/961 1123/1083/961 1122/1084/961
f 1197/1085/962 1124/1086/962 1199/1087/962
f 1196/1088/963 1123/1083/963 1198/1089/963
f 1204/1090/964 1122/1084/964 1121/1091/964
f 1203/1092/965 1115/1093/965 1117/1094/965
f 1202/1095/966 1121/1091/966 1116/1096/966
f 1193/1097/967 1120/1098/967 1197/1085/967
f 1195/1099/968 1119/1100/968 1196/1088/968
f 1195/1099/969 1117/1094/969 1118/1101/969
f 1200/1102/970 1116/1096/970 1112/1103/970
f 1194/1104/971 1114/1105/971 1115/1093/971
f 1193/1097/972 1112/1103/972 1113/1106/972
f 1123/1083/973 1128/1107/973 1122/1084/973
f 1119/1100/974 1132/1108/974 1123/1083/974
f 1117/1094/975 1129/1109/975 1127/1110/975
f 1118/1101/976 1131/1111/976 1119/1100/976
f 1117/1094/977 1130/1112/977 1118/1101/977
f 1115/1093/978 1126/1113/978 1129/1109/978
f 1124/1086/979 1137/1114/979 1138/1115/979
f 1121/1091/980 1139/1116/980 1135/1117/980
f 1116/1096/981 1135/1117/981 1134/1118/981
f 1113/1106/982 1137/1114/982 1120/1098/982
f 1112/1103/983 1134/1118/983 1133/1119/983
f 1112/1103/984 1136/1120/984 1113/1106/984
f 1132/1108/985 1142/1121/985 1128/1107/985
f 1131/1111/986 1146/1122/986 1132/1108/986
f 1129/1109/987 1141/1123/987 1127/1110/987
f 1130/1112/988 1145/1124/988 1131/1111/988
f 1127/1110/989 1144/1125/989 1130/1112/989
f 1129/1109/990 1140/1126/990 1143/1127/990
f 1137/1114/991 1153/1128/991 1138/1115/991
f 1135/1117/992 1150/1129/992 1149/1130/992
f 1134/1118/993 1149/1130/993 1148/1131/993
f 1137/1114/994 1151/1132/994 1152/1133/994
f 1133/1119/995 1148/1131/995 1147/1134/995
f 1133/1119/996 1151/1132/996 1136/1120/996
f 902/1051/997 1154/913/997 922/1049/997
f 928/1046/998 1165/890/998 932/1041/998
f 906/1047/999 1159/854/999 1156/887/999
f 908/1044/1000 1161/911/1000 1166/910/1000
f 931/1043/1001 1163/1135/1001 1162/902/1001
f 931/1043/1002 1161/911/1002 929/1042/1002
f 904/1048/1003 1159/854/1003 899/1053/1003
f 902/1051/1004 1158/892/1004 1157/891/1004
f 906/1047/1005 1155/804/1005 928/1046/1005
f 922/1049/1006 1160/855/1006 904/1048/1006
f 940/1045/1007 1165/890/1007 1163/1135/1007
f 1069/1052/1008 1158/892/1008 900/1050/1008
f 1182/904/1009 951/1136/1009 1175/915/1009
f 1170/917/1010 939/908/1010 1168/1137/1010
f 1171/907/1011 1167/889/1011 1168/1137/1011
f 1175/915/1012 1181/888/1012 1182/904/1012
f 1171/907/1013 1174/901/1013 1172/903/1013
f 1168/1137/1014 1169/803/1014 1170/917/1014
f 1173/914/1015 1179/1138/1015 1174/901/1015
f 1170/917/1016 1176/805/1016 1175/915/1016
f 1186/852/1017 1178/912/1017 1185/918/1017
f 1190/843/1018 1181/888/1018 1189/900/1018
f 1186/852/1019 1187/840/1019 1188/850/1019
f 1177/898/1020 1184/853/1020 1178/912/1020
f 1188/850/1021 1192/842/1021 1191/893/1021
f 1183/906/1022 1189/900/1022 1184/853/1022
f 1163/1135/1023 1172/903/1023 1162/902/1023
f 953/909/1024 1200/1102/1024 1193/1097/1024
f 945/894/1025 1201/1139/1025 1194/1104/1025
f 939/908/1026 1202/1095/1026 1200/1102/1026
f 946/851/1027 1195/1099/1027 950/899/1027
f 950/899/1028 1196/1088/1028 947/844/1028
f 952/896/1029 1193/1097/1029 1197/1085/1029
f 921/916/1030 1204/1090/1030 1202/1095/1030
f 946/851/1031 1194/1104/1031 1203/1092/1031
f 948/905/1032 1204/1090/1032 951/1136/1032
f 947/844/1033 1198/1089/1033 944/845/1033
f 952/896/1034 1199/1087/1034 949/897/1034
f 944/845/1035 1205/1082/1035 948/905/1035
f 1146/1122/1036 1208/1081/1036 1142/1121/1036
f 1145/1124/1037 1212/1077/1037 1146/1122/1037
f 1143/1127/1038 1207/1064/1038 1141/1123/1038
f 1144/1125/1039 1211/1068/1039 1145/1124/1039
f 1141/1123/1040 1210/1066/1040 1144/1125/1040
f 1143/1127/1041 1206/1140/1041 1209/1059/1041
f 1153/1128/1042 1218/1069/1042 1219/1078/1042
f 1149/1130/1043 1216/1141/1043 1215/1074/1043
f 1148/1131/1044 1215/1074/1044 1214/1071/1044
f 1152/1133/1045 1217/1056/1045 1218/1069/1045
f 1147/1134/1046 1214/1071/1046 1213/1062/1046
f 1151/1132/1047 1213/1062/1047 1217/1056/1047
f 1344/1142/1048 1231/1143/1048 1341/1144/1048
f 1230/1145/1049 1343/1146/1049 1342/1147/1049
f 1229/1148/1050 1345/1149/1050 1343/1146/1050
f 1339/1150/1051 1236/1151/1051 1335/1152/1051
f 1337/1153/1052 1230/1145/1052 1342/1147/1052
f 1340/1154/1053 1228/1155/1053 1344/1142/1053
f 1341/1144/1054 1234/1156/1054 1337/1153/1054
f 1334/1157/1055 1227/1158/1055 1332/1159/1055
f 1335/1152/1056 1237/1160/1056 1334/1157/1056
f 1225/1161/1057 1336/1162/1057 1333/1163/1057
f 1375/1164/1058 1251/1165/1058 1381/1166/1058
f 1376/1167/1059 1243/1168/1059 1379/1169/1059
f 1380/1170/1060 1241/1171/1060 1252/1172/1060
f 1374/1173/1061 1244/1174/1061 1378/1175/1061
f 1377/1176/1062 1244/1174/1062 1241/1171/1062
f 1375/1164/1063 1243/1168/1063 1240/1177/1063
f 1376/1167/1064 1252/1172/1064 1242/1178/1064
f 1262/1179/1065 1253/1180/1065 1382/1181/1065
f 1259/1182/1066 1250/1183/1066 1247/1184/1066
f 1246/1185/1067 1257/1186/1067 1249/1187/1067
f 1260/1188/1068 1254/1189/1068 1248/1190/1068
f 1249/1187/1069 1260/1188/1069 1248/1190/1069
f 1256/1191/1070 1247/1184/1070 1253/1180/1070
f 1250/1183/1071 1263/1192/1071 1246/1185/1071
f 1255/1193/1072 1382/1181/1072 1254/1189/1072
f 1223/1194/1073 1271/1195/1073 1270/1196/1073
f 1381/1166/1074 1239/1197/1074 1374/1173/1074
f 1371/1198/1075 1276/1199/1075 1367/1200/1075
f 1363/1201/1076 1287/1202/1076 1360/1203/1076
f 1367/1200/1077 1275/1204/1077 1368/1205/1077
f 1283/1206/1078 1361/1207/1078 1364/1208/1078
f 1280/1209/1079 1364/1208/1079 1365/1210/1079
f 1372/1211/1080 1286/1212/1080 1371/1198/1080
f 1368/1205/1081 1284/1213/1081 1369/1214/1081
f 1279/1215/1082 1363/1201/1082 1361/1207/1082
f 1369/1214/1083 1301/1216/1083 1370/1217/1083
f 1277/1218/1084 1365/1210/1084 1366/1219/1084
f 1373/1220/1085 1285/1221/1085 1372/1211/1085
f 1281/1222/1086 1366/1219/1086 1362/1223/1086
f 1359/1224/1087 1299/1225/1087 1352/1226/1087
f 1300/1227/1088 1351/1228/1088 1353/1229/1088
f 1299/1225/1089 1350/1230/1089 1352/1226/1089
f 1358/1231/1090 1298/1232/1090 1359/1224/1090
f 1357/1233/1091 1291/1234/1091 1348/1235/1091
f 1356/1236/1092 1297/1237/1092 1358/1231/1092
f 1296/1238/1093 1347/1239/1093 1351/1228/1093
f 1295/1240/1094 1349/1241/1094 1350/1230/1094
f 1349/1241/1095 1293/1242/1095 1357/1233/1095
f 1354/1243/1096 1292/1244/1096 1356/1236/1096
f 1348/1235/1097 1290/1245/1097 1355/1246/1097
f 1347/1239/1098 1288/1247/1098 1354/1243/1098
f 1304/1248/1099 1299/1225/1099 1298/1232/1099
f 1308/1249/1100 1295/1240/1100 1299/1225/1100
f 1293/1242/1101 1305/1250/1101 1291/1234/1101
f 1307/1251/1102 1294/1252/1102 1295/1240/1102
f 1306/1253/1103 1293/1242/1103 1294/1252/1103
f 1291/1234/1104 1302/1254/1104 1290/1245/1104
f 1300/1227/1105 1313/1255/1105 1296/1238/1105
f 1297/1237/1106 1315/1256/1106 1298/1232/1106
f 1292/1244/1107 1311/1257/1107 1297/1237/1107
f 1313/1255/1108 1289/1258/1108 1296/1238/1108
f 1288/1247/1109 1310/1259/1109 1292/1244/1109
f 1312/1260/1110 1288/1247/1110 1289/1258/1110
f 1318/1261/1111 1308/1249/1111 1304/1248/1111
f 1322/1262/1112 1307/1251/1112 1308/1249/1112
f 1317/1263/1113 1305/1250/1113 1303/1264/1113
f 1321/1265/1114 1306/1253/1114 1307/1251/1114
f 1320/1266/1115 1303/1264/1115 1306/1253/1115
f 1305/1250/1116 1316/1267/1116 1302/1254/1116
f 1329/1268/1117 1313/1255/1117 1314/1269/1117
f 1311/1257/1118 1326/1270/1118 1315/1256/1118
f 1310/1259/1119 1325/1271/1119 1311/1257/1119
f 1313/1255/1120 1327/1272/1120 1312/1260/1120
f 1309/1273/1121 1324/1274/1121 1310/1259/1121
f 1327/1272/1122 1309/1273/1122 1312/1260/1122
f 1235/1275/1123 1340/1154/1123 1336/1162/1123
f 1227/1158/1124 1333/1163/1124 1332/1159/1124
f 1237/1160/1125 1354/1243/1125 1227/1158/1125
f 1229/1148/1126 1355/1246/1126 1269/1276/1126
f 1227/1158/1127 1356/1236/1127 1225/1161/1127
f 1349/1241/1128 1230/1145/1128 1234/1156/1128
f 1350/1230/1129 1234/1156/1129 1231/1143/1129
f 1236/1151/1130 1347/1239/1130 1237/1160/1130
f 1225/1161/1131 1358/1231/1131 1235/1275/1131
f 1230/1145/1132 1348/1235/1132 1229/1148/1132
f 1358/1231/1133 1232/1277/1133 1235/1275/1133
f 1352/1226/1134 1231/1143/1134 1228/1155/1134
f 1353/1229/1135 1236/1151/1135 1233/1278/1135
f 1359/1224/1136 1228/1155/1136 1232/1277/1136
f 1362/1223/1137 1322/1262/1137 1318/1261/1137
f 1366/1219/1138 1321/1265/1138 1322/1262/1138
f 1361/1207/1139 1319/1279/1139 1317/1263/1139
f 1365/1210/1140 1320/1266/1140 1321/1265/1140
f 1364/1208/1141 1317/1263/1141 1320/1266/1141
f 1319/1279/1142 1360/1203/1142 1316/1267/1142
f 1329/1268/1143 1372/1211/1143 1328/1280/1143
f 1325/1271/1144 1370/1217/1144 1326/1270/1144
f 1324/1274/1145 1369/1214/1145 1325/1271/1145
f 1328/1280/1146 1371/1198/1146 1327/1272/1146
f 1323/1281/1147 1368/1205/1147 1324/1274/1147
f 1327/1272/1148 1367/1200/1148 1323/1281/1148
f 925/839/1149 1264/1282/1149 1067/809/1149
f 1090/835/1150 1266/1283/1150 1069/1052/1150
f 1070/863/1151 1268/1284/1151 1267/1285/1151
f 1076/818/1152 1265/1286/1152 1068/1040/1152
f 956/814/1153 1264/1282/1153 1238/1287/1153
f 1001/1003/1154 1240/1177/1154 980/959/1154
f 989/977/1155 1242/1178/1155 984/976/1155
f 982/1288/1156 1252/1172/1156 1241/1171/1156
f 978/1289/1157 1244/1174/1157 1239/1197/1157
f 980/959/1158 1243/1168/1158 989/977/1158
f 991/1290/1159 1241/1171/1159 1244/1174/1159
f 1001/1003/1160 1239/1197/1160 1251/1165/1160
f 1003/1291/1161 1242/1178/1161 1252/1172/1161
f 1049/962/1162 1256/1191/1162 1262/1179/1162
f 1037/1292/1163 1258/1293/1163 1259/1182/1163
f 1051/975/1164 1257/1186/1164 1263/1192/1164
f 1039/1294/1165 1255/1193/1165 1260/1188/1165
f 1037/1292/1166 1256/1191/1166 1028/964/1166
f 1039/1294/1167 1257/1186/1167 1030/1295/1167
f 1049/962/1168 1255/1193/1168 1026/1004/1168
f 1051/975/1169 1258/1293/1169 1032/946/1169
f 925/839/1170 1221/1296/1170 1226/1297/1170
f 1070/863/1171 1221/1296/1171 909/859/1171
f 908/1044/1172 1274/1298/1172 1098/881/1172
f 1085/1039/1173 1224/1299/1173 1272/1300/1173
f 956/814/1174 1222/1301/1174 913/817/1174
f 1076/818/1175 1222/1301/1175 1271/1195/1175
f 1085/1039/1176 1268/1284/1176 1071/868/1176
f 1068/1040/1177 1273/1302/1177 1090/835/1177
f 919/1303/1178 1274/1298/1178 1224/1299/1178
f 1101/1076/1179 1280/1209/1179 1277/1218/1179
f 1111/1060/1180 1278/1304/1180 1102/1061/1180
f 1104/1067/1181 1283/1206/1181 1280/1209/1181
f 1102/1061/1182 1279/1215/1182 1103/1073/1182
f 1105/1080/1183 1277/1218/1183 1281/1222/1183
f 1107/1065/1184 1279/1215/1184 1283/1206/1184
f 1108/1072/1185 1275/1204/1185 1099/1063/1185
f 1106/1079/1186 1285/1221/1186 1282/1305/1186
f 1099/1063/1187 1276/1199/1187 1100/1057/1187
f 1109/1070/1188 1286/1212/1188 1285/1221/1188
f 1125/1075/1189 1284/1213/1189 1108/1072/1189
f 1100/1057/1190 1286/1212/1190 1110/1058/1190
f 1206/1140/1191 1287/1202/1191 1111/1060/1191
f 1208/1081/1192 1281/1222/1192 1362/1223/1192
f 949/897/1193 1353/1229/1193 1233/1278/1193
f 1201/1139/1194 1290/1245/1194 1114/1105/1194
f 1124/1086/1195 1314/1269/1195 1300/1227/1195
f 1216/1141/1196 1301/1216/1196 1125/1075/1196
f 1126/1113/1197 1290/1245/1197 1302/1254/1197
f 1128/1107/1198 1298/1232/1198 1122/1084/1198
f 1153/1128/1199 1314/1269/1199 1138/1115/1199
f 1122/1084/1200 1315/1256/1200 1139/1116/1200
f 1126/1113/1201 1316/1267/1201 1140/1126/1201
f 1142/1121/1202 1304/1248/1202 1128/1107/1202
f 1150/1129/1203 1315/1256/1203 1326/1270/1203
f 1153/1128/1204 1373/1220/1204 1329/1268/1204
f 1164/841/1205 1266/1283/1205 1330/1306/1205
f 1166/910/1206 1220/1307/1206 908/1044/1206
f 1179/1138/1207 1339/1150/1207 1338/1308/1207
f 1192/842/1208 1345/1149/1208 1191/893/1208
f 1179/1138/1209 1331/1309/1209 1166/910/1209
f 949/897/1210 1339/1150/1210 1180/895/1210
f 1192/842/1211 1330/1306/1211 1346/1310/1211
f 1072/1311/1212 1345/1149/1212 1269/1276/1212
f 1199/1087/1213 1300/1227/1213 1353/1229/1213
f 1072/1311/1214 1355/1246/1214 1201/1139/1214
f 1206/1140/1215 1316/1267/1215 1360/1203/1215
f 1142/1121/1216 1362/1223/1216 1318/1261/1216
f 1150/1129/1217 1370/1217/1217 1216/1141/1217
f 1219/1078/1218 1282/1305/1218 1373/1220/1218
f 1245/1312/1219 1381/1166/1219 1374/1173/1219
f 1245/1312/1220 1380/1170/1220 1376/1167/1220
f 1245/1312/1221 1379/1169/1221 1375/1164/1221
f 1245/1312/1222 1378/1175/1222 1377/1176/1222
f 1245/1312/1223 1374/1173/1223 1378/1175/1223
f 1245/1312/1224 1377/1176/1224 1380/1170/1224
f 1245/1312/1225 1376/1167/1225 1379/1169/1225
f 1245/1312/1226 1375/1164/1226 1381/1166/1226
f 1261/1313/1227 1254/1189/1227 1382/1181/1227
f 1261/1313/1228 1250/1183/1228 1246/1185/1228
f 1261/1313/1229 1253/1180/1229 1247/1184/1229
f 1261/1313/1230 1249/1187/1230 1248/1190/1230
f 1261/1313/1231 1248/1190/1231 1254/1189/1231
f 1261/1313/1232 1246/1185/1232 1249/1187/1232
f 1261/1313/1233 1247/1184/1233 1250/1183/1233
f 1261/1313/1234 1382/1181/1234 1253/1180/1234
f 1383/949/1235 1007/972/1235 994/967/1235
f 1385/943/1236 1006/1314/1236 996/973/1236
f 1384/1021/1237 999/970/1237 995/965/1237
f 997/969/1238 1387/1315/1238 998/966/1238
f 998/966/1239 1383/949/1239 994/967/1239
f 1006/1314/1240 1386/1316/1240 997/969/1240
f 1388/1317/1241 996/973/1241 999/970/1241
f 1390/951/1242 995/965/1242 1007/972/1242
f 1055/1030/1243 1391/1033/1243 1042/1026/1243
f 1054/1027/1244 1393/1009/1244 1044/1032/1244
f 1047/1029/1245 1392/1006/1245 1043/1023/1245
f 1045/1025/1246 1395/1035/1246 1394/1018/1246
f 1046/1024/1247 1391/1033/1247 1395/1035/1247
f 1054/1027/1248 1394/1018/1248 1397/1020/1248
f 1044/1032/1249 1396/1011/1249 1047/1029/1249
f 1043/1023/1250 1398/1008/1250 1055/1030/1250
f 1399/1002/1251 1417/1022/1251 1423/950/1251
f 1401/960/1252 1418/1055/1252 1421/1054/1252
f 1422/944/1253 1404/1318/1253 1419/1319/1253
f 1405/1320/1254 1416/1321/1254 1420/1322/1254
f 1419/1319/1255 1405/1320/1255 1420/1322/1255
f 1400/961/1256 1421/1054/1256 1417/1022/1256
f 1418/1055/1257 1403/1323/1257 1422/944/1257
f 1424/1324/1258 1409/1005/1258 1430/1007/1258
f 1425/1325/1259 1411/947/1259 1428/1010/1259
f 1429/1019/1260 1414/1326/1260 1413/974/1260
f 1407/1327/1261 1415/1036/1261 1427/1034/1261
f 1426/1328/1262 1415/1036/1262 1414/1326/1262
f 1428/1010/1263 1410/963/1263 1424/1324/1263
f 1425/1325/1264 1413/974/1264 1412/948/1264
f 1430/1007/1265 1408/1037/1265 1407/1327/1265
f 1406/1329/1266 1423/950/1266 1416/1321/1266
f 982/1288/1267 1403/1323/1267 1003/1291/1267
f 982/1288/1268 1405/1320/1268 1404/1318/1268
f 1028/964/1269 1411/947/1269 1037/1292/1269
f 1384/1021/1270 1421/1054/1270 1388/1317/1270
f 978/1289/1271 1399/1002/1271 1406/1329/1271
f 1398/1008/1272 1407/1327/1272 1391/1033/1272
f 1386/1316/1273 1420/1322/1273 1387/1315/1273
f 1030/1295/1274 1413/974/1274 1414/1326/1274
f 1393/1009/1275 1429/1019/1275 1425/1325/1275
f 1383/949/1276 1420/1322/1276 1416/1321/1276
f 1039/1294/1277 1414/1326/1277 1415/1036/1277
f 978/1289/1278 1405/1320/1278 991/1290/1278
f 984/976/1279 1403/1323/1279 1402/1330/1279
f 1392/1006/1280 1428/1010/1280 1424/1324/1280
f 1386/1316/1281 1422/944/1281 1419/1319/1281
f 1394/1018/1282 1427/1034/1282 1426/1328/1282
f 1435/1331/1283 1434/1332/1283 1436/1333/1283
f 1431/1334/1284 1436/1333/1284 1432/1335/1284
f 1439/1336/1285 1434/1332/1285 1438/1337/1285
f 1434/1332/1286 1453/1338/1286 1438/1337/1286
f 1452/1339/1287 1434/1332/1287 1433/1340/1287
f 1449/1341/92 1440/1342/92 1448/1341/92
f 1504/1343/1288 1502/1344/1288 1497/1345/1288
f 1494/1346/1289 1501/1347/1289 1481/1348/1289
f 1504/1343/1290 1493/1349/1290 1505/1350/1290
f 1497/1345/1291 1503/1351/1291 1496/1352/1291
f 1496/1352/1292 1495/1353/1292 1494/1346/1292
f 1486/1354/1293 1489/1355/1293 1500/1356/1293
f 1480/1357/1294 1501/1347/1294 1484/1358/1294
f 1486/1354/1295 1498/1359/1295 1485/1360/1295
f 1488/1361/1296 1483/1362/1296 1489/1355/1296
f 1485/1360/1297 1499/1363/1297 1487/1364/1297
f 1482/1365/1298 1484/1358/1298 1483/1362/1298
f 1477/1366/1299 1482/1365/1299 1470/1367/1299
f 1476/1368/1300 1501/1347/1300 1468/1369/1300
f 1462/1370/1301 1497/1345/1301 1465/1371/1301
f 1474/1372/1302 1499/1363/1302 1498/1359/1302
f 1464/1373/1303 1495/1353/1303 1503/1351/1303
f 1490/1374/1304 1513/1375/1304 1512/1376/1304
f 1458/1377/1305 1496/1352/1305 1494/1346/1305
f 1478/1378/1306 1508/1379/1306 1506/1380/1306
f 1457/1381/1307 1501/1347/1307 1495/1353/1307
f 1477/1366/1308 1481/1348/1308 1480/1357/1308
f 1471/1382/1309 1489/1355/1309 1483/1362/1309
f 1461/1383/1310 1493/1349/1310 1459/1384/1310
f 1473/1385/1311 1488/1361/1311 1486/1354/1311
f 1472/1386/1312 1498/1359/1312 1500/1356/1312
f 1461/1383/1313 1502/1344/1313 1505/1350/1313
f 1464/1373/1314 1502/1344/1314 1466/1387/1314
f 1471/1382/1315 1484/1358/1315 1476/1368/1315
f 1463/1388/1316 1497/1345/1316 1496/1352/1316
f 1473/1385/1317 1485/1360/1317 1475/1389/1317
f 1472/1386/1318 1489/1355/1318 1455/1390/1318
f 1458/1377/1319 1481/1348/1319 1469/1391/1319
f 1470/1367/1320 1488/1361/1320 1456/1392/1320
f 1462/1370/1321 1492/1393/1321 1504/1343/1321
f 1475/1389/1322 1487/1364/1322 1478/1378/1322
f 1507/1394/1323 1508/1379/1323 1509/1395/1323
f 1487/1364/1324 1509/1395/1324 1508/1379/1324
f 1479/1396/1325 1509/1395/1325 1499/1363/1325
f 1513/1375/1326 1515/1397/1326 1517/1398/1326
f 1491/1399/1327 1511/1400/1327 1513/1375/1327
f 1454/1363/1328 1511/1400/1328 1467/1364/1328
f 1490/1374/1329 1510/1401/1329 1454/1363/1329
f 1514/1402/1330 1517/1398/1330 1515/1397/1330
f 1512/1376/1331 1517/1398/1331 1516/1403/1331
f 1510/1401/1332 1516/1403/1332 1514/1402/1332
f 1510/1401/1333 1515/1397/1333 1511/1400/1333
f 1467/1364/1334 1492/1393/1334 1460/1404/1334
f 1454/1363/1335 1493/1349/1335 1490/1374/1335
f 1492/1393/1336 1490/1374/1336 1493/1349/1336
f 1454/1363/1337 1460/1404/1337 1459/1384/1337
f 1526/1405/1338 1520/1406/1338 1527/1407/1338
f 1527/1407/1339 1525/1408/1339 1521/1409/1339
f 1523/1410/1340 1520/1406/1340 1518/1411/1340
f 1521/1409/1341 1522/1412/1341 1519/1413/1341
f 1528/1414/1342 1518/1411/1342 1526/1405/1342
f 1522/1412/1343 1526/1405/1343 1519/1413/1343
f 1520/1406/1344 1529/1415/1344 1527/1407/1344
f 1519/1413/1345 1527/1407/1345 1521/1409/1345
f 1532/1416/1346 1542/1417/1346 1531/1418/1346
f 1544/1419/1347 1537/1420/1347 1545/1421/1347
f 1555/1422/1348 1535/1423/1348 1543/1424/1348
f 1530/1425/1349 1546/1426/1349 1549/1427/1349
f 1554/1428/1350 1534/1429/1350 1540/1430/1350
f 1556/1431/1351 1532/1416/1351 1547/1432/1351
f 1553/1433/1352 1535/1423/1352 1551/1434/1352
f 1552/1435/1353 1543/1424/1353 1532/1416/1353
f 1535/1423/1354 1542/1417/1354 1543/1424/1354
f 1547/1432/1355 1531/1418/1355 1548/1436/1355
f 1530/1425/1356 1545/1421/1356 1533/1437/1356
f 1534/1429/1357 1548/1436/1357 1540/1430/1357
f 1556/1431/1358 1534/1429/1358 1550/1438/1358
f 1549/1427/1359 1536/1439/1359 1538/1440/1359
f 1536/1439/1360 1556/1431/1360 1550/1438/1360
f 1533/1437/1361 1555/1422/1361 1552/1435/1361
f 1546/1426/1362 1552/1435/1362 1556/1431/1362
f 1562/1441/1363 1559/1442/1363 1563/1443/1363
f 1545/1421/1364 1551/1434/1364 1555/1422/1364
f 1564/1444/1365 1560/1445/1365 1557/1446/1365
f 1562/1441/1366 1557/1446/1366 1558/1447/1366
f 1536/1439/1367 1564/1444/1367 1562/1441/1367
f 1554/1428/1368 1564/1444/1368 1550/1438/1368
f 1538/1440/1369 1562/1441/1369 1563/1443/1369
f 1565/1448/1370 1542/1417/1370 1571/1449/1370
f 1544/1419/1371 1570/1450/1371 1539/1451/1371
f 1578/1452/1372 1568/1453/1372 1576/1454/1372
f 1573/1455/1373 1530/1425/1373 1549/1427/1373
f 1554/1428/1374 1567/1456/1374 1575/1457/1374
f 1579/1458/1375 1565/1448/1375 1577/1459/1375
f 1568/1453/1376 1553/1433/1376 1576/1454/1376
f 1577/1459/1377 1571/1449/1377 1578/1452/1377
f 1542/1417/1378 1568/1453/1378 1571/1449/1378
f 1574/1460/1379 1531/1418/1379 1565/1448/1379
f 1530/1425/1380 1572/1461/1380 1544/1419/1380
f 1567/1456/1381 1548/1436/1381 1574/1460/1381
f 1567/1456/1382 1579/1458/1382 1575/1457/1382
f 1569/1462/1383 1549/1427/1383 1538/1440/1383
f 1569/1462/1384 1579/1458/1384 1573/1455/1384
f 1566/1463/1385 1578/1452/1385 1572/1461/1385
f 1573/1455/1386 1577/1459/1386 1566/1463/1386
f 1559/1442/1387 1582/1464/1387 1563/1443/1387
f 1572/1461/1388 1576/1454/1388 1570/1450/1388
f 1583/1465/1389 1560/1445/1389 1561/1466/1389
f 1582/1464/1390 1580/1467/1390 1583/1465/1390
f 1569/1462/1391 1583/1465/1391 1575/1457/1391
f 1583/1465/1392 1554/1428/1392 1575/1457/1392
f 1538/1440/1393 1582/1464/1393 1569/1462/1393
f 1570/1450/1394 1553/1433/1394 1539/1451/1394
f 1537/1420/1395 1553/1433/1395 1551/1434/1395
f 1589/1468/1396 1590/1469/1396 1588/1469/1396
f 1587/1470/1397 1589/1468/1397 1585/1470/1397
f 1584/1471/1398 1590/1469/1398 1586/1471/1398
f 1586/1471/1399 1591/1468/1399 1587/1470/1399
f 1585/1470/1400 1588/1469/1400 1584/1471/1400
f 1594/1472/1398 1593/1473/1398 1592/1472/1398
f 1597/1474/1397 1598/1475/1397 1596/1475/1397
f 1595/1473/92 1597/1474/92 1593/1473/92
f 1592/1472/1396 1598/1475/1396 1594/1472/1396
f 1594/1472/1399 1599/1474/1399 1595/1473/1399
f 1593/1473/1400 1596/1475/1400 1592/1472/1400
f 2/1/1401 8/5/1401 9/2/1401
f 9/2/1402 7/9/1402 4/7/1402
f 8/5/1403 2/1/1403 6/8/1403
f 7/9/1404 10/6/1404 6/8/1404
f 8/5/1405 3/4/1405 5/10/1405
f 10/6/1406 7/9/1406 5/10/1406
f 18/11/1407 37/21/1407 44/12/1407
f 42/14/1408 36/19/1408 15/15/1408
f 16/17/1409 25/35/1409 38/18/1409
f 38/18/1410 25/35/1410 17/20/1410
f 27/11/1411 21/13/1411 41/22/1411
f 23/15/1412 43/27/1412 40/24/1412
f 22/26/1413 39/28/1413 43/27/1413
f 22/26/1414 27/11/1414 45/23/1414
f 17/20/17 26/20/17 30/29/17
f 11/16/1415 19/25/1415 40/24/1415
f 29/34/1416 28/34/1416 41/22/1416
f 34/31/18 24/17/18 16/17/18
f 14/26/1417 38/18/1417 37/21/1417
f 15/15/1418 36/19/1418 38/18/1418
f 16/17/1419 36/19/1419 42/14/1419
f 42/14/1420 33/37/1420 16/17/1420
f 41/22/19 21/13/19 12/13/19
f 39/28/1421 25/35/1421 24/17/1421
f 39/28/1422 45/23/1422 26/20/1422
f 42/14/1423 40/24/1423 35/36/1423
f 26/20/1424 45/23/1424 41/22/1424
f 41/22/1425 28/34/1425 26/20/1425
f 29/34/1426 44/12/1426 17/20/1426
f 44/12/1427 37/21/1427 17/20/1427
f 35/36/1428 40/24/1428 24/17/1428
f 40/24/1429 43/27/1429 24/17/1429
f 47/38/1430 53/42/1430 54/39/1430
f 54/39/1431 52/44/1431 49/43/1431
f 53/42/40 47/38/40 51/38/40
f 52/44/1432 55/42/1432 51/38/1432
f 53/42/1433 48/41/1433 50/45/1433
f 55/42/1434 52/44/1434 50/45/1434
f 57/46/1435 63/50/1435 64/47/1435
f 64/47/1436 62/54/1436 59/52/1436
f 63/50/1437 57/46/1437 61/53/1437
f 62/54/1438 65/51/1438 61/53/1438
f 63/50/1439 58/49/1439 60/55/1439
f 65/51/1440 62/54/1440 60/55/1440
f 73/56/1441 92/66/1441 99/57/1441
f 97/59/1442 91/64/1442 70/60/1442
f 71/62/1443 80/79/1443 93/63/1443
f 93/63/1444 80/79/1444 72/65/1444
f 82/56/1445 76/58/1445 96/67/1445
f 78/60/1446 98/72/1446 95/69/1446
f 78/60/1447 77/73/1447 94/71/1447
f 77/73/1448 82/56/1448 100/68/1448
f 72/65/62 81/65/62 85/74/62
f 66/61/1449 74/70/1449 95/69/1449
f 84/78/1450 83/78/1450 96/67/1450
f 89/76/1451 79/62/1451 71/62/1451
f 69/73/1452 93/63/1452 92/66/1452
f 70/60/1453 91/64/1453 93/63/1453
f 71/62/1454 91/64/1454 97/59/1454
f 97/59/1455 88/81/1455 71/62/1455
f 96/67/64 76/58/64 67/58/64
f 94/71/1456 80/79/1456 79/62/1456
f 94/71/1457 100/68/1457 81/65/1457
f 97/59/1458 95/69/1458 90/80/1458
f 81/65/1459 100/68/1459 96/67/1459
f 96/67/1460 83/78/1460 81/65/1460
f 84/78/1461 99/57/1461 72/65/1461
f 99/57/1462 92/66/1462 72/65/1462
f 90/80/1463 95/69/1463 79/62/1463
f 95/69/1464 98/72/1464 79/62/1464
f 102/82/1465 108/86/1465 109/83/1465
f 109/83/1466 107/87/1466 104/84/1466
f 108/86/86 102/82/86 106/82/86
f 107/87/1467 110/86/1467 106/82/1467
f 108/86/1468 103/85/1468 105/88/1468
f 110/86/1469 107/87/1469 105/88/1469
f 112/89/92 119/95/92 120/90/92
f 117/92/1470 118/95/1470 116/89/1470
f 120/90/1471 117/92/1471 114/93/1471
f 118/95/86 119/95/86 112/89/86
f 119/95/1472 113/94/1472 115/96/1472
f 118/95/1473 117/92/1473 115/96/1473
f 122/97/1474 127/102/1474 128/98/1474
f 124/99/1475 129/103/1475 130/100/1475
f 121/97/1476 128/98/1476 129/103/1476
f 130/100/1477 129/103/1477 125/104/1477
f 130/100/101 127/102/101 122/97/101
f 127/102/1478 123/101/1478 125/104/1478
f 138/105/1479 157/114/1479 164/106/1479
f 162/108/1480 156/112/1480 135/105/1480
f 136/110/1481 145/129/1481 158/111/1481
f 158/111/1482 145/129/1482 137/113/1482
f 141/115/1483 161/134/1483 165/116/1483
f 139/117/1484 143/115/1484 163/118/1484
f 143/115/113 142/115/113 159/120/113
f 147/115/1485 165/116/1485 159/120/1485
f 137/113/114 146/130/114 150/121/114
f 131/109/1486 139/117/1486 160/119/1486
f 148/127/130 161/134/130 164/106/130
f 154/124/123 144/131/123 136/110/123
f 134/105/1487 158/111/1487 157/114/1487
f 135/105/1488 156/112/1488 158/111/1488
f 136/110/1489 156/112/1489 162/108/1489
f 162/108/1490 153/133/1490 136/110/1490
f 161/134/121 141/115/121 132/107/121
f 159/120/1491 145/129/1491 144/131/1491
f 159/120/1492 165/116/1492 146/130/1492
f 162/108/1493 160/119/1493 155/132/1493
f 146/130/1494 165/116/1494 161/134/1494
f 161/134/1495 148/127/1495 146/130/1495
f 149/128/1496 164/106/1496 137/113/1496
f 164/106/1497 157/114/1497 137/113/1497
f 155/132/1498 160/119/1498 144/131/1498
f 160/119/1499 163/118/1499 144/131/1499
f 167/135/1500 173/136/1500 174/136/1500
f 174/136/1501 172/140/1501 169/139/1501
f 173/136/140 167/135/140 171/139/140
f 172/140/1502 175/138/1502 171/139/1502
f 175/138/1503 172/140/1503 170/141/1503
f 173/136/1504 168/137/1504 170/141/1504
f 177/142/1505 182/147/1505 183/143/1505
f 179/144/1506 184/148/1506 185/145/1506
f 176/142/1507 183/143/1507 184/148/1507
f 185/145/1508 184/148/1508 180/149/1508
f 185/145/140 182/147/140 177/142/140
f 182/147/1509 178/146/1509 180/149/1509
f 193/150/1510 212/159/1510 219/151/1510
f 217/153/1511 211/157/1511 190/150/1511
f 191/155/1512 200/174/1512 213/156/1512
f 213/156/1513 200/174/1513 192/158/1513
f 196/160/1514 216/179/1514 220/161/1514
f 194/162/1515 198/160/1515 218/163/1515
f 198/160/158 197/160/158 214/165/158
f 202/160/1516 220/161/1516 214/165/1516
f 192/158/159 201/175/159 205/166/159
f 186/154/1517 194/162/1517 215/164/1517
f 203/172/1518 216/179/1518 219/151/1518
f 209/169/1519 199/176/1519 191/155/1519
f 189/150/1520 213/156/1520 212/159/1520
f 190/150/1521 211/157/1521 213/156/1521
f 191/155/1522 211/157/1522 217/153/1522
f 217/153/1523 208/178/1523 191/155/1523
f 216/179/166 196/160/166 187/152/166
f 214/165/1524 200/174/1524 199/176/1524
f 214/165/1525 220/161/1525 201/175/1525
f 217/153/1526 215/164/1526 210/177/1526
f 201/175/1527 220/161/1527 216/179/1527
f 216/179/1528 203/172/1528 201/175/1528
f 204/173/1529 219/151/1529 192/158/1529
f 219/151/1530 212/159/1530 192/158/1530
f 210/177/1531 215/164/1531 199/176/1531
f 215/164/1532 218/163/1532 199/176/1532
f 222/180/1533 228/181/1533 229/181/1533
f 229/181/1534 227/185/1534 224/184/1534
f 228/181/101 222/180/101 226/184/101
f 227/185/1535 230/183/1535 226/184/1535
f 230/183/1536 227/185/1536 225/186/1536
f 228/181/1537 223/182/1537 225/186/1537
f 239/187/1538 238/192/1538 232/188/1538
f 234/193/1539 237/195/1539 239/187/1539
f 236/194/1540 232/188/1540 238/192/1540
f 236/194/1541 240/191/1541 237/195/1541
f 235/196/1542 233/190/1542 238/192/1542
f 240/191/1543 233/190/1543 235/196/1543
f 248/197/1544 242/209/1544 274/198/1544
f 245/200/1545 266/205/1545 272/201/1545
f 268/203/1546 255/207/1546 246/204/1546
f 268/203/1547 267/199/1547 247/206/1547
f 257/197/1548 275/214/1548 271/208/1548
f 270/210/1549 273/212/1549 253/200/1549
f 273/212/1550 269/222/1550 252/213/1550
f 252/213/1551 269/222/1551 275/214/1551
f 247/206/205 261/215/205 260/215/205
f 241/202/1552 272/201/1552 270/210/1552
f 259/219/1553 274/198/1553 271/208/1553
f 246/204/215 254/204/215 264/217/215
f 244/213/1554 248/197/1554 267/199/1554
f 245/200/1555 244/213/1555 268/203/1555
f 272/201/1556 266/205/1556 246/204/1556
f 246/204/1557 262/217/1557 263/221/1557
f 242/209/207 251/209/207 271/208/207
f 254/204/1558 255/207/1558 269/222/1558
f 269/222/1559 255/207/1559 256/206/1559
f 272/201/1560 263/221/1560 265/220/1560
f 271/208/1561 275/214/1561 256/206/1561
f 256/206/1562 260/215/1562 258/219/1562
f 267/199/1563 274/198/1563 247/206/1563
f 274/198/1564 259/219/1564 247/206/1564
f 273/212/1565 270/210/1565 254/204/1565
f 270/210/1566 265/220/1566 254/204/1566
f 284/223/229 283/227/229 277/224/229
f 279/228/1567 282/229/1567 284/223/1567
f 281/224/230 277/224/230 283/227/230
f 281/224/1568 285/227/1568 282/229/1568
f 280/230/1569 278/226/1569 283/227/1569
f 285/227/1570 278/226/1570 280/230/1570
f 294/231/1571 293/236/1571 287/232/1571
f 289/237/1572 292/239/1572 294/231/1572
f 291/238/1573 287/232/1573 293/236/1573
f 291/238/1574 295/235/1574 292/239/1574
f 290/240/1575 288/234/1575 293/236/1575
f 295/235/1576 288/234/1576 290/240/1576
f 303/241/1577 297/253/1577 329/242/1577
f 300/244/1578 321/249/1578 327/245/1578
f 323/247/1579 310/251/1579 301/248/1579
f 323/247/1580 322/243/1580 302/250/1580
f 312/241/1581 330/258/1581 326/252/1581
f 325/254/1582 328/266/1582 308/244/1582
f 308/244/1583 328/266/1583 324/256/1583
f 307/257/1584 324/256/1584 330/258/1584
f 302/250/260 316/259/260 315/259/260
f 296/246/1585 327/245/1585 325/254/1585
f 314/263/1586 329/242/1586 326/252/1586
f 301/248/253 309/248/253 319/261/253
f 299/257/1587 303/241/1587 322/243/1587
f 300/244/1588 299/257/1588 323/247/1588
f 327/245/1589 321/249/1589 301/248/1589
f 301/248/1590 317/261/1590 318/265/1590
f 297/253/254 306/253/254 326/252/254
f 309/248/1591 310/251/1591 324/256/1591
f 324/256/1592 310/251/1592 311/250/1592
f 327/245/1593 318/265/1593 320/264/1593
f 326/252/1594 330/258/1594 311/250/1594
f 311/250/1595 315/259/1595 313/263/1595
f 322/243/1596 329/242/1596 302/250/1596
f 329/242/1597 314/263/1597 302/250/1597
f 328/266/1598 325/254/1598 309/248/1598
f 325/254/1599 320/264/1599 309/248/1599
f 339/267/1600 338/271/1600 332/268/1600
f 334/269/1601 337/272/1601 339/267/1601
f 336/268/277 332/268/277 338/271/277
f 336/268/1602 340/271/1602 337/272/1602
f 335/273/1603 333/270/1603 338/271/1603
f 340/271/1604 333/270/1604 335/273/1604
f 350/274/92 349/280/92 342/275/92
f 346/275/1605 348/280/1605 347/277/1605
f 344/278/1606 347/277/1606 350/274/1606
f 348/280/277 346/275/277 342/275/277
f 345/281/1607 343/279/1607 349/280/1607
f 348/280/1608 343/279/1608 345/281/1608
f 358/282/1609 357/288/1609 352/283/1609
f 354/284/1610 356/284/1610 360/285/1610
f 351/283/292 354/284/292 359/286/292
f 360/285/1611 353/287/1611 355/289/1611
f 360/285/291 356/284/291 352/283/291
f 355/289/1612 353/287/1612 357/288/1612
f 368/290/1613 362/318/1613 394/291/1613
f 365/290/1614 386/297/1614 392/293/1614
f 388/295/1615 375/299/1615 366/296/1615
f 388/295/1616 387/292/1616 367/298/1616
f 395/300/1617 391/319/1617 371/301/1617
f 369/302/1618 390/314/1618 393/303/1618
f 373/301/1619 393/303/1619 389/304/1619
f 389/304/1620 395/300/1620 377/301/1620
f 367/298/302 381/315/302 380/305/302
f 361/294/1621 392/293/1621 390/314/1621
f 394/291/1622 391/319/1622 378/312/1622
f 366/296/1623 374/313/1623 384/309/1623
f 364/290/1624 368/290/1624 387/292/1624
f 365/290/1625 364/290/1625 388/295/1625
f 392/293/1626 386/297/1626 366/296/1626
f 366/296/1627 382/308/1627 383/317/1627
f 362/318/304 371/301/304 391/319/304
f 374/313/1628 375/299/1628 389/304/1628
f 389/304/1629 375/299/1629 376/306/1629
f 392/293/1630 383/317/1630 385/316/1630
f 391/319/1631 395/300/1631 376/306/1631
f 376/306/1632 380/305/1632 378/312/1632
f 387/292/1633 394/291/1633 367/298/1633
f 394/291/1634 379/311/1634 367/298/1634
f 393/303/1635 390/314/1635 374/313/1635
f 390/314/1636 385/316/1636 374/313/1636
f 404/320/1637 403/320/1637 397/321/1637
f 399/324/1638 402/325/1638 404/320/1638
f 401/324/327 397/321/327 403/320/327
f 401/324/1639 405/323/1639 402/325/1639
f 405/323/1640 398/322/1640 400/326/1640
f 400/326/1641 398/322/1641 403/320/1641
f 413/327/1642 412/333/1642 407/328/1642
f 409/329/1643 411/329/1643 415/330/1643
f 406/328/326 409/329/326 414/331/326
f 415/330/1644 408/332/1644 410/334/1644
f 415/330/327 411/329/327 407/328/327
f 410/334/1645 408/332/1645 412/333/1645
f 423/335/1646 417/363/1646 449/336/1646
f 420/335/1647 441/342/1647 447/338/1647
f 443/340/1648 430/344/1648 421/341/1648
f 443/340/1649 442/337/1649 422/343/1649
f 450/345/1650 446/364/1650 426/346/1650
f 424/347/1651 445/359/1651 448/348/1651
f 428/346/1652 448/348/1652 444/349/1652
f 444/349/1653 450/345/1653 432/346/1653
f 422/343/345 436/360/345 435/350/345
f 416/339/1654 447/338/1654 445/359/1654
f 449/336/1655 446/364/1655 433/357/1655
f 421/341/1656 429/358/1656 439/354/1656
f 419/335/1657 423/335/1657 442/337/1657
f 420/335/1658 419/335/1658 443/340/1658
f 447/338/1659 441/342/1659 421/341/1659
f 421/341/1660 437/353/1660 438/362/1660
f 417/363/1661 426/346/1661 446/364/1661
f 429/358/1662 430/344/1662 444/349/1662
f 444/349/1663 430/344/1663 431/351/1663
f 447/338/1664 438/362/1664 440/361/1664
f 446/364/1665 450/345/1665 431/351/1665
f 431/351/1666 435/350/1666 433/357/1666
f 442/337/1667 449/336/1667 422/343/1667
f 449/336/1668 434/356/1668 422/343/1668
f 448/348/1669 445/359/1669 429/358/1669
f 445/359/1670 440/361/1670 429/358/1670
f 459/365/1671 458/365/1671 452/366/1671
f 454/369/1672 457/370/1672 459/365/1672
f 456/369/291 452/366/291 458/365/291
f 456/369/1673 460/368/1673 457/370/1673
f 460/368/1674 453/367/1674 455/371/1674
f 455/371/1675 453/367/1675 458/365/1675
f 461/384/1676 462/383/1676 472/381/1676
f 462/383/1677 463/390/1677 464/374/1677
f 464/374/1678 465/379/1678 466/389/1678
f 462/383/1679 471/373/1679 472/381/1679
f 466/389/1680 467/372/1680 464/374/1680
f 467/372/1681 468/385/1681 470/392/1681
f 468/385/1682 469/387/1682 470/392/1682
f 470/392/1683 471/373/1683 467/372/1683
f 462/383/1684 464/374/1684 471/373/1684
f 486/375/1685 487/402/1685 475/376/1685
f 476/378/1686 477/388/1686 465/379/1686
f 471/373/1687 483/394/1687 484/380/1687
f 473/382/1688 474/377/1688 462/383/1688
f 468/385/1689 480/395/1689 481/386/1689
f 477/388/1690 478/393/1690 466/389/1690
f 472/381/1691 484/380/1691 473/382/1691
f 474/377/1692 475/376/1692 463/390/1692
f 469/387/1693 481/386/1693 482/391/1693
f 478/393/1694 479/401/1694 467/372/1694
f 475/376/1695 476/378/1695 464/374/1695
f 470/392/1696 482/391/1696 483/394/1696
f 467/372/1697 479/401/1697 480/395/1697
f 495/396/1698 494/399/1698 506/397/1698
f 481/386/1699 493/407/1699 494/399/1699
f 490/400/1700 491/412/1700 479/401/1700
f 487/402/1701 488/404/1701 476/378/1701
f 482/391/1702 494/399/1702 495/396/1702
f 479/401/1703 491/412/1703 492/403/1703
f 488/404/1704 489/408/1704 477/388/1704
f 483/394/1705 495/396/1705 496/405/1705
f 485/406/1706 486/375/1706 474/377/1706
f 480/395/1707 492/403/1707 493/407/1707
f 489/408/1708 490/400/1708 478/393/1708
f 484/380/1709 496/405/1709 485/406/1709
f 499/418/1710 497/415/1710 500/410/1710
f 497/415/1711 498/414/1711 500/410/1711
f 498/414/1712 508/411/1712 500/410/1712
f 508/411/1713 507/398/1713 506/397/1713
f 501/409/1714 508/411/1714 505/416/1714
f 506/397/1715 505/416/1715 508/411/1715
f 505/416/1716 504/413/1716 501/409/1716
f 504/413/1717 503/419/1717 502/417/1717
f 501/409/1718 504/413/1718 502/417/1718
f 491/412/1719 503/419/1719 504/413/1719
f 489/408/1720 488/404/1720 500/410/1720
f 496/405/1721 495/396/1721 507/398/1721
f 486/375/1722 485/406/1722 498/414/1722
f 492/403/1723 504/413/1723 505/416/1723
f 490/400/1724 489/408/1724 501/409/1724
f 496/405/1725 508/411/1725 498/414/1725
f 487/402/1726 486/375/1726 497/415/1726
f 493/407/1727 505/416/1727 506/397/1727
f 491/412/1728 490/400/1728 502/417/1728
f 487/402/1729 499/418/1729 500/410/1729
f 522/420/1730 538/427/1730 537/421/1730
f 531/423/1731 530/450/1731 514/424/1731
f 523/426/1732 539/430/1732 538/427/1732
f 516/428/1733 532/432/1733 531/423/1733
f 524/429/1734 540/460/1734 539/430/1734
f 517/431/1735 533/438/1735 532/432/1735
f 526/433/1736 525/436/1736 509/434/1736
f 525/436/1737 540/460/1737 524/429/1737
f 518/437/1738 534/442/1738 533/438/1738
f 527/439/1739 526/433/1739 510/435/1739
f 519/441/1740 535/446/1740 534/442/1740
f 528/443/1741 527/439/1741 511/440/1741
f 520/445/1742 536/449/1742 535/446/1742
f 529/447/1743 528/443/1743 512/444/1743
f 521/422/1744 537/421/1744 536/449/1744
f 530/450/1745 529/447/1745 513/448/1745
f 553/451/1746 552/468/1746 536/449/1746
f 608/452/1747 594/530/1747 593/453/1747
f 530/450/1748 546/457/1748 545/455/1748
f 554/456/1749 553/451/1749 537/421/1749
f 531/423/1750 547/533/1750 546/457/1750
f 555/458/1751 554/456/1751 538/427/1751
f 548/459/1752 547/533/1752 531/423/1752
f 540/460/1753 556/463/1753 555/458/1753
f 549/461/1754 548/459/1754 532/432/1754
f 526/433/1755 542/465/1755 541/462/1755
f 525/436/1756 541/462/1756 556/463/1756
f 550/464/1757 549/461/1757 533/438/1757
f 527/439/1758 543/467/1758 542/465/1758
f 551/466/1759 550/464/1759 534/442/1759
f 528/443/1760 544/469/1760 543/467/1760
f 552/468/1761 551/466/1761 535/446/1761
f 529/447/1762 545/455/1762 544/469/1762
f 610/470/1763 602/476/1763 601/471/1763
f 595/473/1764 594/530/1764 608/452/1764
f 612/475/1765 603/479/1765 602/476/1765
f 613/477/1766 596/481/1766 595/473/1766
f 614/478/1767 604/483/1767 603/479/1767
f 615/480/1768 597/485/1768 596/481/1768
f 616/482/1769 605/532/1769 604/483/1769
f 617/484/1770 598/531/1770 597/485/1770
f 606/486/1771 605/532/1771 616/482/1771
f 599/488/1772 598/531/1772 617/484/1772
f 591/490/1773 592/493/1773 620/491/1773
f 592/493/1774 606/486/1774 618/487/1774
f 622/494/1775 600/495/1775 599/488/1775
f 607/454/1776 593/453/1776 591/490/1776
f 609/472/1777 601/471/1777 600/495/1777
f 572/496/1778 573/499/1778 524/429/1778
f 565/497/1779 566/512/1779 517/431/1779
f 558/498/1780 559/514/1780 510/435/1780
f 573/499/1781 558/498/1781 509/434/1781
f 517/431/1782 566/512/1782 567/500/1782
f 510/435/1783 559/514/1783 560/501/1783
f 518/437/1784 567/500/1784 568/502/1784
f 560/501/1785 561/518/1785 512/444/1785
f 519/441/1786 568/502/1786 569/503/1786
f 512/444/1787 561/518/1787 562/504/1787
f 520/445/1788 569/503/1788 570/505/1788
f 562/504/1789 563/522/1789 514/424/1789
f 521/422/1790 570/505/1790 571/506/1790
f 514/424/1791 563/522/1791 564/507/1791
f 571/506/1792 572/496/1792 523/426/1792
f 515/425/1793 564/507/1793 565/497/1793
f 587/508/1794 588/510/1794 572/496/1794
f 580/509/1795 581/526/1795 565/497/1795
f 588/510/1796 589/527/1796 573/499/1796
f 565/497/1797 581/526/1797 582/511/1797
f 558/498/1798 574/515/1798 575/513/1798
f 573/499/1799 589/527/1799 574/515/1799
f 582/511/1800 583/528/1800 567/500/1800
f 575/513/1801 576/517/1801 560/501/1801
f 567/500/1802 583/528/1802 584/516/1802
f 576/517/1803 577/520/1803 561/518/1803
f 568/502/1804 584/516/1804 585/519/1804
f 577/520/1805 578/525/1805 562/504/1805
f 585/519/1806 586/523/1806 570/505/1806
f 562/504/1807 578/525/1807 579/521/1807
f 586/523/1808 587/508/1808 571/506/1808
f 563/522/1809 579/521/1809 580/509/1809
f 609/472/1810 622/494/1810 550/464/1810
f 543/467/1811 607/454/1811 621/492/1811
f 622/494/1812 619/489/1812 549/461/1812
f 620/491/1813 618/487/1813 556/463/1813
f 621/492/1814 620/491/1814 541/462/1814
f 619/489/1815 617/484/1815 548/459/1815
f 556/463/531 618/487/531 616/482/531
f 548/459/532 617/484/532 615/480/532
f 555/458/1816 616/482/1816 614/478/1816
f 547/533/1817 615/480/1817 613/477/1817
f 554/456/1818 614/478/1818 612/475/1818
f 546/457/536 613/477/536 611/474/536
f 612/475/1819 610/470/1819 552/468/1819
f 611/474/1820 608/452/1820 544/469/1820
f 610/470/539 609/472/539 551/466/539
f 544/469/1821 608/452/1821 607/454/1821
f 624/534/541 623/537/541 631/535/541
f 623/537/542 630/547/542 638/538/542
f 629/539/1822 628/548/1822 636/540/1822
f 627/542/1823 626/549/1823 634/543/1823
f 625/545/1824 624/534/1824 632/536/1824
f 629/539/546 637/541/546 638/538/546
f 628/548/1825 627/542/1825 635/544/1825
f 626/549/548 625/545/548 633/546/548
f 623/537/549 624/534/549 640/550/549
f 630/547/1826 623/537/1826 639/551/1826
f 629/539/551 645/556/551 644/553/551
f 627/542/552 643/557/552 642/554/552
f 624/534/553 625/545/553 641/555/553
f 629/539/554 630/547/554 646/552/554
f 628/548/555 644/553/555 643/557/555
f 626/549/556 642/554/556 641/555/556
f 639/551/1827 640/550/1827 641/555/1827
f 641/555/557 642/554/557 639/551/557
f 642/554/557 643/557/557 639/551/557
f 643/557/557 644/553/557 639/551/557
f 644/553/557 645/556/557 639/551/557
f 633/546/1828 632/536/1828 648/558/1828
f 638/538/1829 637/541/1829 653/560/1829
f 635/544/560 651/565/560 652/562/560
f 633/546/1830 649/559/1830 650/563/1830
f 632/536/562 631/535/562 647/564/562
f 631/535/563 638/538/563 654/561/563
f 636/540/564 652/562/564 653/560/564
f 634/543/1831 650/563/1831 651/565/1831
f 656/566/566 664/578/566 663/567/566
f 655/568/567 663/567/567 670/569/567
f 661/571/1832 669/591/1832 668/572/1832
f 659/574/1833 667/579/1833 666/575/1833
f 657/577/1834 665/580/1834 664/578/1834
f 670/569/571 669/591/571 661/571/571
f 660/573/1835 668/572/1835 667/579/1835
f 658/576/573 666/575/573 665/580/573
f 655/568/574 671/582/574 672/581/574
f 662/570/1836 678/586/1836 671/582/1836
f 676/583/576 677/588/576 661/571/576
f 674/584/577 675/587/577 659/574/577
f 656/566/578 672/581/578 673/585/578
f 661/571/579 677/588/579 678/586/579
f 675/587/1837 676/583/1837 660/573/1837
f 673/585/581 674/584/581 658/576/581
f 673/585/1838 672/581/1838 671/582/1838
f 671/582/582 678/586/582 677/588/582
f 677/588/582 676/583/582 675/587/582
f 675/587/582 674/584/582 673/585/582
f 673/585/582 671/582/582 675/587/582
f 665/580/1839 681/1476/1839 680/589/1839
f 670/569/584 686/595/584 685/590/584
f 684/592/585 683/596/585 667/579/585
f 682/593/1840 681/1476/1840 665/580/1840
f 664/578/587 680/589/587 679/594/587
f 663/567/588 679/594/588 686/595/588
f 685/590/1841 684/592/1841 668/572/1841
f 683/596/1842 682/593/1842 666/575/1842
f 687/597/1843 695/601/1843 696/598/1843
f 687/597/592 694/610/592 702/600/592
f 692/602/1844 700/611/1844 701/603/1844
f 691/605/594 690/612/594 698/606/594
f 689/608/595 688/599/595 696/598/595
f 694/610/596 693/604/596 701/603/596
f 692/602/1845 691/605/1845 699/607/1845
f 689/608/598 697/609/598 698/606/598
f 687/597/599 688/599/599 704/613/599
f 694/610/1846 687/597/1846 703/614/1846
f 693/604/601 709/619/601 708/616/601
f 691/605/1847 707/620/1847 706/617/1847
f 688/599/603 689/608/603 705/618/603
f 693/604/604 694/610/604 710/615/604
f 692/602/605 708/616/605 707/620/605
f 690/612/606 706/617/606 705/618/606
f 697/609/1848 696/598/1848 713/622/1848
f 702/600/616 701/603/616 718/624/616
f 699/607/1849 716/629/1849 717/626/1849
f 697/609/1850 714/623/1850 715/627/1850
f 696/598/619 695/601/619 712/628/619
f 695/601/620 702/600/620 719/625/620
f 700/611/621 717/626/621 718/624/621
f 698/606/622 715/627/622 716/629/622
f 720/630/1851 728/634/1851 729/631/1851
f 727/633/624 735/643/624 728/634/624
f 726/635/625 725/644/625 733/636/625
f 724/638/1852 723/645/1852 731/639/1852
f 721/632/1853 729/631/1853 730/641/1853
f 726/635/628 734/637/628 735/643/628
f 725/644/1854 724/638/1854 732/640/1854
f 723/645/630 722/642/630 730/641/630
f 720/630/631 721/632/631 737/646/631
f 727/633/1855 720/630/1855 736/647/1855
f 725/644/633 726/635/633 742/649/633
f 724/638/634 740/653/634 739/651/634
f 721/632/635 722/642/635 738/652/635
f 726/635/636 727/633/636 743/648/636
f 725/644/637 741/650/637 740/653/637
f 723/645/1856 739/651/1856 738/652/1856
f 730/641/647 729/631/647 746/655/647
f 735/643/1857 734/637/1857 751/657/1857
f 732/640/649 749/662/649 750/659/649
f 730/641/1858 747/656/1858 748/660/1858
f 729/631/651 728/634/651 745/661/651
f 728/634/652 735/643/652 752/658/652
f 733/636/653 750/659/653 751/657/653
f 731/639/1859 748/660/1859 749/662/1859
f 753/663/1860 761/667/1860 762/664/1860
f 760/666/1861 768/676/1861 761/667/1861
f 758/668/657 766/677/657 767/669/657
f 757/671/1862 756/678/1862 764/672/1862
f 755/674/1863 754/665/1863 762/664/1863
f 759/670/1864 767/669/1864 768/676/1864
f 758/668/1865 757/671/1865 765/673/1865
f 756/678/662 755/674/662 763/675/662
f 753/663/663 754/665/663 770/679/663
f 760/666/664 753/663/664 769/680/664
f 759/670/665 775/684/665 774/682/665
f 757/671/1866 773/685/1866 772/683/1866
f 755/674/667 771/686/667 770/679/667
f 759/670/668 760/666/668 776/681/668
f 758/668/669 774/682/669 773/685/669
f 756/678/670 772/683/670 771/686/670
f 763/675/679 762/664/679 779/688/679
f 768/676/680 767/669/680 784/690/680
f 765/673/681 782/695/681 783/692/681
f 763/675/682 780/689/682 781/693/682
f 762/664/683 761/667/683 778/694/683
f 761/667/684 768/676/684 785/691/684
f 766/677/1867 783/692/1867 784/690/1867
f 764/672/1868 781/693/1868 782/695/1868
f 795/696/1869 799/711/1869 798/697/1869
f 790/699/690 788/706/690 786/700/690
f 792/702/688 791/701/688 786/700/688
f 792/702/688 787/703/688 789/704/688
f 790/699/689 793/705/689 789/704/689
f 800/707/1870 799/711/1870 795/696/1870
f 801/709/691 800/707/691 796/708/691
f 794/698/691 798/697/691 801/709/691
f 800/707/693 801/709/693 789/704/693
f 788/706/1871 798/697/1871 799/711/1871
f 793/705/695 797/710/695 796/708/695
f 795/696/693 794/698/693 790/699/693
f 801/709/1872 798/697/1872 788/706/1872
f 786/700/1873 799/711/1873 800/707/1873
f 790/699/697 794/698/697 797/710/697
f 796/708/1872 795/696/1872 791/701/1872
f 810/712/1874 811/719/1874 805/713/1874
f 807/715/1875 808/1477/1875 803/716/1875
f 813/718/700 809/1478/700 805/713/700
f 812/720/701 807/715/701 802/717/701
f 805/713/1876 809/1478/1876 806/721/1876
f 804/714/701 806/721/701 812/720/701
f 803/716/700 808/1477/700 813/718/700
f 802/717/1877 803/716/1877 811/719/1877
f 822/722/1878 823/729/1878 817/723/1878
f 819/725/1879 820/732/1879 815/726/1879
f 825/728/1880 821/1479/1880 817/723/1880
f 822/722/1881 824/731/1881 819/725/1881
f 817/723/1882 821/1479/1882 818/730/1882
f 816/724/1883 818/730/1883 824/731/1883
f 820/732/1884 825/728/1884 823/729/1884
f 814/727/1885 815/726/1885 823/729/1885
f 834/733/1886 835/740/1886 829/734/1886
f 831/736/1887 832/743/1887 827/737/1887
f 837/739/1888 833/1480/1888 829/734/1888
f 834/733/1889 836/742/1889 831/736/1889
f 829/734/1890 833/1480/1890 830/741/1890
f 828/735/1891 830/741/1891 836/742/1891
f 832/743/1892 837/739/1892 835/740/1892
f 826/738/1893 827/737/1893 835/740/1893
f 849/744/1894 848/748/1894 840/745/1894
f 843/747/1895 838/754/1895 840/745/1895
f 847/749/1896 845/752/1896 839/750/1896
f 846/751/1897 842/1481/1897 845/752/1897
f 841/746/1898 839/750/1898 844/753/1898
f 838/754/1899 842/1481/1899 846/751/1899
f 844/753/1900 843/747/1900 848/748/1900
f 841/746/1901 840/745/1901 846/751/1901
f 859/755/1902 853/762/1902 852/756/1902
f 855/758/1903 856/765/1903 851/759/1903
f 861/761/1904 857/1482/1904 853/762/1904
f 858/757/1905 860/764/1905 855/758/1905
f 853/762/1906 857/1482/1906 854/763/1906
f 852/756/1907 854/763/1907 860/764/1907
f 856/765/1908 861/761/1908 859/755/1908
f 851/759/1909 859/755/1909 858/757/1909
f 871/766/1910 865/773/1910 864/767/1910
f 867/769/1911 868/776/1911 863/770/1911
f 873/772/1912 869/1483/1912 865/773/1912
f 870/768/1913 872/775/1913 867/769/1913
f 865/773/1914 869/1483/1914 866/774/1914
f 864/767/1915 866/774/1915 872/775/1915
f 868/776/1916 873/772/1916 871/766/1916
f 863/770/1917 871/766/1917 870/768/1917
f 883/777/1918 877/784/1918 876/778/1918
f 879/780/1919 880/786/1919 875/781/1919
f 883/777/1920 885/1484/1920 881/783/1920
f 882/779/1921 884/785/1921 879/780/1921
f 881/783/1922 878/1485/1922 876/778/1922
f 876/778/1923 878/1485/1923 884/785/1923
f 880/786/1924 885/1484/1924 883/777/1924
f 875/781/1925 883/777/1925 882/779/1925
f 895/787/1926 889/794/1926 888/788/1926
f 891/790/1927 892/1486/1927 887/791/1927
f 895/787/1928 897/797/1928 893/793/1928
f 896/795/1929 891/790/1929 886/792/1929
f 889/794/1930 893/793/1930 890/796/1930
f 890/796/1931 896/795/1931 894/789/1931
f 887/791/1932 892/1486/1932 897/797/1932
f 887/791/1933 895/787/1933 894/789/1933
f 955/798/1934 907/847/1934 901/799/1934
f 972/800/1935 901/799/1935 905/801/1935
f 1169/803/1936 1165/890/1936 1155/804/1936
f 924/806/1937 898/810/1937 903/807/1937
f 924/806/1938 925/839/1938 1067/809/1938
f 1075/811/1939 912/820/1939 911/812/1939
f 898/810/1940 1067/809/1940 956/814/1940
f 903/807/1941 898/810/1941 970/815/1941
f 1074/813/1942 911/812/1942 913/817/1942
f 1083/819/1943 966/838/1943 912/820/1943
f 1073/821/1944 910/1038/1944 958/822/1944
f 914/824/1945 910/1038/1945 1073/821/1945
f 1091/826/1946 920/875/1946 915/827/1946
f 1086/828/1947 915/827/1947 917/829/1947
f 1092/831/1948 926/837/1948 918/832/1948
f 916/834/1949 1068/1040/1949 1090/835/1949
f 918/832/1950 916/834/1950 1087/836/1950
f 1088/830/1951 917/829/1951 926/837/1951
f 1084/823/1952 958/822/1952 966/838/1952
f 901/799/1953 907/847/1953 925/839/1953
f 905/801/1954 901/799/1954 924/806/1954
f 1187/840/1955 1158/892/1955 1164/841/1955
f 1190/843/1956 1183/906/1956 947/844/1956
f 955/798/1957 954/848/1957 930/846/1957
f 954/848/1958 1022/931/1958 1009/849/1958
f 1188/850/1959 945/894/1959 946/851/1959
f 1184/853/1960 1189/900/1960 1159/854/1960
f 1008/856/1961 927/864/1961 941/857/1961
f 941/857/788 927/864/788 909/859/788
f 1081/860/1962 1079/867/1962 934/861/1962
f 1070/863/1963 909/859/1963 927/864/1963
f 1066/865/1964 927/864/1964 1008/856/1964
f 1079/867/1965 1085/1039/1965 1071/868/1965
f 1080/869/1966 1081/860/1966 1011/862/1966
f 1078/871/1967 1082/886/1967 1010/872/1967
f 1078/871/1968 933/873/1968 914/824/1968
f 1091/826/1969 1093/876/1969 935/874/1969
f 1093/876/1970 1095/885/1970 937/877/1970
f 1097/878/1971 1096/884/1971 938/879/1971
f 1098/881/1972 919/1303/1972 936/882/1972
f 1094/883/1973 936/882/1973 938/879/1973
f 1095/885/1974 1097/878/1974 943/880/1974
f 1082/886/1975 1080/869/1975 942/870/1975
f 941/857/1976 925/839/1976 907/847/1976
f 1017/858/1977 941/857/1977 930/846/1977
f 1176/805/1978 1155/804/1978 1156/887/1978
f 1167/889/1979 1163/1135/1979 1165/890/1979
f 1187/840/1980 1185/918/1980 1157/891/1980
f 1191/893/1981 1072/1311/1981 945/894/1981
f 1180/895/1982 1173/914/1982 952/896/1982
f 1177/898/1983 1186/852/1983 946/851/1983
f 1189/900/1984 1181/888/1984 1156/887/1984
f 1174/901/1985 1161/911/1985 1162/902/1985
f 1182/904/1986 1190/843/1986 944/845/1986
f 1183/906/1987 1177/898/1987 950/899/1987
f 1171/907/1988 1168/1137/1988 939/908/1988
f 1174/901/1989 1179/1138/1989 1166/910/1989
f 1178/912/1990 1184/853/1990 1160/855/1990
f 1173/914/1991 1171/907/1991 953/909/1991
f 1175/915/1992 951/1136/1992 921/916/1992
f 1185/918/1993 1178/912/1993 1154/913/1993
f 1000/919/1994 979/942/1994 961/920/1994
f 971/922/1995 983/955/1995 962/923/1995
f 968/925/1996 1002/940/1996 981/926/1996
f 990/928/1997 977/941/1997 960/929/1997
f 973/816/1998 970/815/1998 911/812/1998
f 914/824/1999 933/873/1999 954/848/1999
f 933/873/2000 1010/872/2000 1022/931/2000
f 1056/932/2001 975/930/2001 960/929/2001
f 1058/934/2002 968/925/2002 963/927/2002
f 1057/936/2003 976/924/2003 962/923/2003
f 969/921/2004 961/920/2004 1063/938/2004
f 960/929/2005 969/921/2005 1059/939/2005
f 1062/937/2006 962/923/2006 968/925/2006
f 1071/868/2007 1070/863/2007 1066/865/2007
f 962/923/2008 983/955/2008 1002/940/2008
f 977/941/2009 1000/919/2009 969/921/2009
f 1063/938/2010 961/920/2010 976/924/2010
f 963/927/2011 975/930/2011 1056/932/2011
f 1011/862/2012 934/861/2012 1066/865/2012
f 981/926/2013 990/928/2013 975/930/2013
f 979/942/2014 971/922/2014 976/924/2014
f 1385/943/2015 1418/1055/2015 1422/944/2015
f 1032/946/2016 1037/1292/2016 1411/947/2016
f 1383/949/2017 1416/1321/2017 1423/950/2017
f 992/952/2018 985/968/2018 977/941/2018
f 1004/953/2019 988/958/2019 981/926/2019
f 993/954/2020 987/971/2020 983/955/2020
f 1005/956/2021 986/957/2021 979/942/2021
f 986/957/2022 993/954/2022 971/922/2022
f 988/958/2023 992/952/2023 990/928/2023
f 980/959/2024 989/977/2024 1401/960/2024
f 1049/962/2025 1409/1005/2025 1410/963/2025
f 995/965/2026 999/970/2026 993/954/2026
f 988/958/2027 997/969/2027 998/966/2027
f 992/952/2028 998/966/2028 994/967/2028
f 1004/953/2029 1006/1314/2029 997/969/2029
f 999/970/2030 996/973/2030 987/971/2030
f 1005/956/2031 1007/972/2031 995/965/2031
f 985/968/2032 994/967/2032 1007/972/2032
f 996/973/2033 1006/1314/2033 1004/953/2033
f 985/968/2034 1005/956/2034 1000/919/2034
f 987/971/2035 1004/953/2035 1002/940/2035
f 1032/946/2036 1412/948/2036 1413/974/2036
f 984/976/2037 1402/1330/2037 1401/960/2037
f 1013/978/2038 1027/1001/2038 1048/979/2038
f 1014/981/2039 1031/999/2039 1020/982/2039
f 1018/984/2040 1015/996/2040 1029/985/2040
f 1012/987/2041 1025/1000/2041 1038/988/2041
f 1008/856/2042 974/998/2042 957/990/2042
f 942/870/2043 1011/862/2043 1016/991/2043
f 1022/931/2044 1010/872/2044 1021/993/2044
f 1009/849/2045 1065/997/2045 967/995/2045
f 957/990/2046 974/998/2046 1012/987/2046
f 959/992/2047 1016/991/2047 1015/996/2047
f 964/994/2048 1021/993/2048 1014/981/2048
f 1065/997/2049 1013/978/2049 1019/980/2049
f 967/995/2050 1019/980/2050 1012/987/2050
f 1021/993/2051 959/992/2051 1018/984/2051
f 1017/858/2052 967/995/2052 974/998/2052
f 1010/872/2053 942/870/2053 959/992/2053
f 1018/984/2054 1050/986/2054 1031/999/2054
f 1019/980/2055 1048/979/2055 1025/1000/2055
f 1065/997/2056 964/994/2056 1024/983/2056
f 957/990/2057 1023/989/2057 1015/996/2057
f 1009/849/2058 1022/931/2058 964/994/2058
f 1064/866/2059 957/990/2059 1016/991/2059
f 1023/989/2060 1038/988/2060 1029/985/2060
f 1024/983/2061 1020/982/2061 1027/1001/2061
f 980/959/2062 1400/961/2062 1399/1002/2062
f 1026/1004/2063 1408/1037/2063 1409/1005/2063
f 1392/1006/2064 1424/1324/2064 1430/1007/2064
f 1393/1009/2065 1425/1325/2065 1428/1010/2065
f 1025/1000/2066 1033/1031/2066 1040/1012/2066
f 1029/985/2067 1036/1017/2067 1052/1013/2067
f 1031/999/2068 1035/1028/2068 1041/1014/2068
f 1027/1001/2069 1034/1016/2069 1053/1015/2069
f 1020/982/2070 1041/1014/2070 1034/1016/2070
f 1038/988/2071 1040/1012/2071 1036/1017/2071
f 1394/1018/2072 1426/1328/2072 1429/1019/2072
f 1384/1021/2073 1390/951/2073 1423/950/2073
f 1041/1014/2074 1047/1029/2074 1043/1023/2074
f 1036/1017/2075 1040/1012/2075 1046/1024/2075
f 1040/1012/2076 1033/1031/2076 1042/1026/2076
f 1036/1017/2077 1045/1025/2077 1054/1027/2077
f 1035/1028/2078 1044/1032/2078 1047/1029/2078
f 1053/1015/2079 1034/1016/2079 1043/1023/2079
f 1033/1031/2080 1053/1015/2080 1055/1030/2080
f 1052/1013/2081 1054/1027/2081 1044/1032/2081
f 1048/979/2082 1053/1015/2082 1033/1031/2082
f 1050/986/2083 1052/1013/2083 1035/1028/2083
f 1391/1033/2084 1407/1327/2084 1427/1034/2084
f 1026/1004/2085 1039/1294/2085 1415/1036/2085
f 1056/932/2086 1060/933/2086 903/807/2086
f 966/838/2087 1058/934/2087 1061/935/2087
f 965/802/2088 1057/936/2088 1062/937/2088
f 1059/939/2089 1063/938/2089 905/801/2089
f 1060/933/2090 1059/939/2090 923/808/2090
f 958/822/2091 1062/937/2091 1058/934/2091
f 905/801/2092 1063/938/2092 1057/936/2092
f 1061/935/2093 1056/932/2093 973/816/2093
f 914/824/2094 955/798/2094 972/800/2094
f 910/1038/2095 972/800/2095 965/802/2095
f 970/815/2096 956/814/2096 913/817/2096
f 937/877/2097 943/880/2097 1080/869/2097
f 935/874/2098 1078/871/2098 1077/825/2098
f 935/874/2099 937/877/2099 1082/886/2099
f 943/880/2100 938/879/2100 1081/860/2100
f 936/882/2101 919/1303/2101 1085/1039/2101
f 938/879/2102 936/882/2102 1079/867/2102
f 917/829/2103 1084/823/2103 1083/819/2103
f 1077/825/2104 1073/821/2104 915/827/2104
f 915/827/2105 1073/821/2105 1084/823/2105
f 926/837/2106 1083/819/2106 1075/811/2106
f 916/834/2107 1074/813/2107 1076/818/2107
f 918/832/2108 1075/811/2108 1074/813/2108
f 932/1041/2109 940/1045/2109 1097/878/2109
f 929/1042/2110 1094/883/2110 1096/884/2110
f 908/1044/2111 1098/881/2111 1094/883/2111
f 940/1045/2112 931/1043/2112 1096/884/2112
f 928/1046/2113 932/1041/2113 1095/885/2113
f 906/1047/2114 928/1046/2114 1093/876/2114
f 904/1048/2115 1088/830/2115 1092/831/2115
f 1089/833/2116 1087/836/2116 900/1050/2116
f 900/1050/2117 1087/836/2117 1090/835/2117
f 922/1049/2118 1092/831/2118 1089/833/2118
f 899/1053/2119 1086/828/2119 1088/830/2119
f 1091/826/2120 1086/828/2120 899/1053/2120
f 1385/943/2121 1388/1317/2121 1421/1054/2121
f 1217/1056/2122 1213/1062/2122 1100/1057/2122
f 1209/1059/2123 1206/1140/2123 1111/1060/2123
f 1213/1062/2124 1214/1071/2124 1099/1063/2124
f 1207/1064/2125 1103/1073/2125 1107/1065/2125
f 1210/1066/2126 1107/1065/2126 1104/1067/2126
f 1218/1069/2127 1217/1056/2127 1110/1058/2127
f 1214/1071/2128 1215/1074/2128 1108/1072/2128
f 1209/1059/2129 1102/1061/2129 1103/1073/2129
f 1215/1074/2130 1216/1141/2130 1125/1075/2130
f 1211/1068/2131 1104/1067/2131 1101/1076/2131
f 1219/1078/2132 1218/1069/2132 1109/1070/2132
f 1212/1077/2133 1101/1076/2133 1105/1080/2133
f 1205/1082/2134 1198/1089/2134 1123/1083/2134
f 1197/1085/2135 1120/1098/2135 1124/1086/2135
f 1196/1088/2136 1119/1100/2136 1123/1083/2136
f 1204/1090/2137 1205/1082/2137 1122/1084/2137
f 1203/1092/2138 1194/1104/2138 1115/1093/2138
f 1202/1095/2139 1204/1090/2139 1121/1091/2139
f 1193/1097/2140 1113/1106/2140 1120/1098/2140
f 1195/1099/2141 1118/1101/2141 1119/1100/2141
f 1195/1099/2142 1203/1092/2142 1117/1094/2142
f 1200/1102/2143 1202/1095/2143 1116/1096/2143
f 1194/1104/2144 1201/1139/2144 1114/1105/2144
f 1193/1097/2145 1200/1102/2145 1112/1103/2145
f 1123/1083/2146 1132/1108/2146 1128/1107/2146
f 1119/1100/2147 1131/1111/2147 1132/1108/2147
f 1117/1094/2148 1115/1093/2148 1129/1109/2148
f 1118/1101/2149 1130/1112/2149 1131/1111/2149
f 1117/1094/2150 1127/1110/2150 1130/1112/2150
f 1115/1093/2151 1114/1105/2151 1126/1113/2151
f 1124/1086/2152 1120/1098/2152 1137/1114/2152
f 1121/1091/2153 1122/1084/2153 1139/1116/2153
f 1116/1096/2154 1121/1091/2154 1135/1117/2154
f 1113/1106/2155 1136/1120/2155 1137/1114/2155
f 1112/1103/2156 1116/1096/2156 1134/1118/2156
f 1112/1103/2157 1133/1119/2157 1136/1120/2157
f 1132/1108/2158 1146/1122/2158 1142/1121/2158
f 1131/1111/2159 1145/1124/2159 1146/1122/2159
f 1129/1109/2160 1143/1127/2160 1141/1123/2160
f 1130/1112/2161 1144/1125/2161 1145/1124/2161
f 1127/1110/2162 1141/1123/2162 1144/1125/2162
f 1129/1109/2163 1126/1113/2163 1140/1126/2163
f 1137/1114/2164 1152/1133/2164 1153/1128/2164
f 1135/1117/2165 1139/1116/2165 1150/1129/2165
f 1134/1118/2166 1135/1117/2166 1149/1130/2166
f 1137/1114/2167 1136/1120/2167 1151/1132/2167
f 1133/1119/2168 1134/1118/2168 1148/1131/2168
f 1133/1119/2169 1147/1134/2169 1151/1132/2169
f 902/1051/2170 1157/891/2170 1154/913/2170
f 928/1046/2171 1155/804/2171 1165/890/2171
f 906/1047/2172 899/1053/2172 1159/854/2172
f 908/1044/2173 929/1042/2173 1161/911/2173
f 931/1043/2174 940/1045/2174 1163/1135/2174
f 931/1043/2175 1162/902/2175 1161/911/2175
f 904/1048/2176 1160/855/2176 1159/854/2176
f 902/1051/2177 900/1050/2177 1158/892/2177
f 906/1047/2178 1156/887/2178 1155/804/2178
f 922/1049/2179 1154/913/2179 1160/855/2179
f 940/1045/2180 932/1041/2180 1165/890/2180
f 1069/1052/2181 1164/841/2181 1158/892/2181
f 1182/904/2182 948/905/2182 951/1136/2182
f 1170/917/2183 921/916/2183 939/908/2183
f 1171/907/2184 1172/903/2184 1167/889/2184
f 1175/915/2185 1176/805/2185 1181/888/2185
f 1171/907/2186 1173/914/2186 1174/901/2186
f 1168/1137/2187 1167/889/2187 1169/803/2187
f 1173/914/2188 1180/895/2188 1179/1138/2188
f 1170/917/2189 1169/803/2189 1176/805/2189
f 1186/852/2190 1177/898/2190 1178/912/2190
f 1190/843/2191 1182/904/2191 1181/888/2191
f 1186/852/2192 1185/918/2192 1187/840/2192
f 1177/898/2193 1183/906/2193 1184/853/2193
f 1188/850/2194 1187/840/2194 1192/842/2194
f 1183/906/2195 1190/843/2195 1189/900/2195
f 1163/1135/2196 1167/889/2196 1172/903/2196
f 953/909/2197 939/908/2197 1200/1102/2197
f 945/894/2198 1072/1311/2198 1201/1139/2198
f 939/908/2199 921/916/2199 1202/1095/2199
f 946/851/2200 1203/1092/2200 1195/1099/2200
f 950/899/2201 1195/1099/2201 1196/1088/2201
f 952/896/2202 953/909/2202 1193/1097/2202
f 921/916/2203 951/1136/2203 1204/1090/2203
f 946/851/2204 945/894/2204 1194/1104/2204
f 948/905/2205 1205/1082/2205 1204/1090/2205
f 947/844/2206 1196/1088/2206 1198/1089/2206
f 952/896/2207 1197/1085/2207 1199/1087/2207
f 944/845/2208 1198/1089/2208 1205/1082/2208
f 1146/1122/2209 1212/1077/2209 1208/1081/2209
f 1145/1124/2210 1211/1068/2210 1212/1077/2210
f 1143/1127/2211 1209/1059/2211 1207/1064/2211
f 1144/1125/2212 1210/1066/2212 1211/1068/2212
f 1141/1123/2213 1207/1064/2213 1210/1066/2213
f 1143/1127/2214 1140/1126/2214 1206/1140/2214
f 1153/1128/2215 1152/1133/2215 1218/1069/2215
f 1149/1130/2216 1150/1129/2216 1216/1141/2216
f 1148/1131/2217 1149/1130/2217 1215/1074/2217
f 1152/1133/2218 1151/1132/2218 1217/1056/2218
f 1147/1134/2219 1148/1131/2219 1214/1071/2219
f 1151/1132/2220 1147/1134/2220 1213/1062/2220
f 1344/1142/2221 1228/1155/2221 1231/1143/2221
f 1230/1145/2222 1229/1148/2222 1343/1146/2222
f 1229/1148/2223 1269/1276/2223 1345/1149/2223
f 1339/1150/2224 1233/1278/2224 1236/1151/2224
f 1337/1153/2225 1234/1156/2225 1230/1145/2225
f 1340/1154/2226 1232/1277/2226 1228/1155/2226
f 1341/1144/2227 1231/1143/2227 1234/1156/2227
f 1334/1157/2228 1237/1160/2228 1227/1158/2228
f 1335/1152/2229 1236/1151/2229 1237/1160/2229
f 1225/1161/2230 1235/1275/2230 1336/1162/2230
f 1375/1164/2231 1240/1177/2231 1251/1165/2231
f 1376/1167/2232 1242/1178/2232 1243/1168/2232
f 1380/1170/2233 1377/1176/2233 1241/1171/2233
f 1374/1173/2234 1239/1197/2234 1244/1174/2234
f 1377/1176/2235 1378/1175/2235 1244/1174/2235
f 1375/1164/2236 1379/1169/2236 1243/1168/2236
f 1376/1167/2237 1380/1170/2237 1252/1172/2237
f 1262/1179/2238 1256/1191/2238 1253/1180/2238
f 1259/1182/2239 1258/1293/2239 1250/1183/2239
f 1246/1185/2240 1263/1192/2240 1257/1186/2240
f 1260/1188/2241 1255/1193/2241 1254/1189/2241
f 1249/1187/2242 1257/1186/2242 1260/1188/2242
f 1256/1191/2243 1259/1182/2243 1247/1184/2243
f 1250/1183/2244 1258/1293/2244 1263/1192/2244
f 1255/1193/2245 1262/1179/2245 1382/1181/2245
f 1223/1194/2246 1265/1286/2246 1271/1195/2246
f 1381/1166/2247 1251/1165/2247 1239/1197/2247
f 1371/1198/2248 1286/1212/2248 1276/1199/2248
f 1363/1201/2249 1278/1304/2249 1287/1202/2249
f 1367/1200/2250 1276/1199/2250 1275/1204/2250
f 1283/1206/2251 1279/1215/2251 1361/1207/2251
f 1280/1209/2252 1283/1206/2252 1364/1208/2252
f 1372/1211/2253 1285/1221/2253 1286/1212/2253
f 1368/1205/2254 1275/1204/2254 1284/1213/2254
f 1279/1215/2255 1278/1304/2255 1363/1201/2255
f 1369/1214/2256 1284/1213/2256 1301/1216/2256
f 1277/1218/2257 1280/1209/2257 1365/1210/2257
f 1373/1220/2258 1282/1305/2258 1285/1221/2258
f 1281/1222/2259 1277/1218/2259 1366/1219/2259
f 1359/1224/2260 1298/1232/2260 1299/1225/2260
f 1300/1227/2261 1296/1238/2261 1351/1228/2261
f 1299/1225/2262 1295/1240/2262 1350/1230/2262
f 1358/1231/2263 1297/1237/2263 1298/1232/2263
f 1357/1233/2264 1293/1242/2264 1291/1234/2264
f 1356/1236/2265 1292/1244/2265 1297/1237/2265
f 1296/1238/2266 1289/1258/2266 1347/1239/2266
f 1295/1240/2267 1294/1252/2267 1349/1241/2267
f 1349/1241/2268 1294/1252/2268 1293/1242/2268
f 1354/1243/2269 1288/1247/2269 1292/1244/2269
f 1348/1235/2270 1291/1234/2270 1290/1245/2270
f 1347/1239/2271 1289/1258/2271 1288/1247/2271
f 1304/1248/2272 1308/1249/2272 1299/1225/2272
f 1308/1249/2273 1307/1251/2273 1295/1240/2273
f 1293/1242/2274 1303/1264/2274 1305/1250/2274
f 1307/1251/2275 1306/1253/2275 1294/1252/2275
f 1306/1253/2276 1303/1264/2276 1293/1242/2276
f 1291/1234/2277 1305/1250/2277 1302/1254/2277
f 1300/1227/2278 1314/1269/2278 1313/1255/2278
f 1297/1237/2279 1311/1257/2279 1315/1256/2279
f 1292/1244/2280 1310/1259/2280 1311/1257/2280
f 1313/1255/2281 1312/1260/2281 1289/1258/2281
f 1288/1247/2282 1309/1273/2282 1310/1259/2282
f 1312/1260/2283 1309/1273/2283 1288/1247/2283
f 1318/1261/2284 1322/1262/2284 1308/1249/2284
f 1322/1262/2285 1321/1265/2285 1307/1251/2285
f 1317/1263/2286 1319/1279/2286 1305/1250/2286
f 1321/1265/2287 1320/1266/2287 1306/1253/2287
f 1320/1266/2288 1317/1263/2288 1303/1264/2288
f 1305/1250/2289 1319/1279/2289 1316/1267/2289
f 1329/1268/2290 1328/1280/2290 1313/1255/2290
f 1311/1257/2291 1325/1271/2291 1326/1270/2291
f 1310/1259/2292 1324/1274/2292 1325/1271/2292
f 1313/1255/2293 1328/1280/2293 1327/1272/2293
f 1309/1273/2294 1323/1281/2294 1324/1274/2294
f 1327/1272/2295 1323/1281/2295 1309/1273/2295
f 1235/1275/2296 1232/1277/2296 1340/1154/2296
f 1227/1158/2297 1225/1161/2297 1333/1163/2297
f 1237/1160/2298 1347/1239/2298 1354/1243/2298
f 1229/1148/2299 1348/1235/2299 1355/1246/2299
f 1227/1158/2300 1354/1243/2300 1356/1236/2300
f 1349/1241/2301 1357/1233/2301 1230/1145/2301
f 1350/1230/2302 1349/1241/2302 1234/1156/2302
f 1236/1151/2303 1351/1228/2303 1347/1239/2303
f 1225/1161/2304 1356/1236/2304 1358/1231/2304
f 1230/1145/2305 1357/1233/2305 1348/1235/2305
f 1358/1231/2306 1359/1224/2306 1232/1277/2306
f 1352/1226/2307 1350/1230/2307 1231/1143/2307
f 1353/1229/2308 1351/1228/2308 1236/1151/2308
f 1359/1224/2309 1352/1226/2309 1228/1155/2309
f 1362/1223/2310 1366/1219/2310 1322/1262/2310
f 1366/1219/2311 1365/1210/2311 1321/1265/2311
f 1361/1207/1082 1363/1201/1082 1319/1279/1082
f 1365/1210/2312 1364/1208/2312 1320/1266/2312
f 1364/1208/2313 1361/1207/2313 1317/1263/2313
f 1319/1279/2314 1363/1201/2314 1360/1203/2314
f 1329/1268/2315 1373/1220/2315 1372/1211/2315
f 1325/1271/2316 1369/1214/2316 1370/1217/2316
f 1324/1274/2317 1368/1205/2317 1369/1214/2317
f 1328/1280/2318 1372/1211/2318 1371/1198/2318
f 1323/1281/2319 1367/1200/2319 1368/1205/2319
f 1327/1272/2320 1371/1198/2320 1367/1200/2320
f 925/839/2321 1226/1297/2321 1264/1282/2321
f 1090/835/2322 1273/1302/2322 1266/1283/2322
f 1070/863/2323 1071/868/2323 1268/1284/2323
f 1076/818/2324 1271/1195/2324 1265/1286/2324
f 956/814/2325 1067/809/2325 1264/1282/2325
f 1001/1003/2326 1251/1165/2326 1240/1177/2326
f 989/977/2327 1243/1168/2327 1242/1178/2327
f 982/1288/2328 1003/1291/2328 1252/1172/2328
f 978/1289/2329 991/1290/2329 1244/1174/2329
f 980/959/2330 1240/1177/2330 1243/1168/2330
f 991/1290/2331 982/1288/2331 1241/1171/2331
f 1001/1003/2332 978/1289/2332 1239/1197/2332
f 1003/1291/2333 984/976/2333 1242/1178/2333
f 1049/962/2334 1028/964/2334 1256/1191/2334
f 1037/1292/2335 1032/946/2335 1258/1293/2335
f 1051/975/2336 1030/1295/2336 1257/1186/2336
f 1039/1294/2337 1026/1004/2337 1255/1193/2337
f 1037/1292/2338 1259/1182/2338 1256/1191/2338
f 1039/1294/2339 1260/1188/2339 1257/1186/2339
f 1049/962/2340 1262/1179/2340 1255/1193/2340
f 1051/975/2341 1263/1192/2341 1258/1293/2341
f 925/839/2342 909/859/2342 1221/1296/2342
f 1070/863/2343 1267/1285/2343 1221/1296/2343
f 908/1044/2344 1220/1307/2344 1274/1298/2344
f 1085/1039/2345 919/1303/2345 1224/1299/2345
f 956/814/2346 1238/1287/2346 1222/1301/2346
f 1076/818/2347 913/817/2347 1222/1301/2347
f 1085/1039/2348 1272/1300/2348 1268/1284/2348
f 1068/1040/2349 1265/1286/2349 1273/1302/2349
f 919/1303/2350 1098/881/2350 1274/1298/2350
f 1101/1076/2351 1104/1067/2351 1280/1209/2351
f 1111/1060/2352 1287/1202/2352 1278/1304/2352
f 1104/1067/2353 1107/1065/2353 1283/1206/2353
f 1102/1061/2354 1278/1304/2354 1279/1215/2354
f 1105/1080/2355 1101/1076/2355 1277/1218/2355
f 1107/1065/2356 1103/1073/2356 1279/1215/2356
f 1108/1072/2357 1284/1213/2357 1275/1204/2357
f 1106/1079/2358 1109/1070/2358 1285/1221/2358
f 1099/1063/2359 1275/1204/2359 1276/1199/2359
f 1109/1070/2360 1110/1058/2360 1286/1212/2360
f 1125/1075/2361 1301/1216/2361 1284/1213/2361
f 1100/1057/2362 1276/1199/2362 1286/1212/2362
f 1206/1140/2363 1360/1203/2363 1287/1202/2363
f 1208/1081/2364 1105/1080/2364 1281/1222/2364
f 949/897/2365 1199/1087/2365 1353/1229/2365
f 1201/1139/2366 1355/1246/2366 1290/1245/2366
f 1124/1086/2367 1138/1115/2367 1314/1269/2367
f 1216/1141/2368 1370/1217/2368 1301/1216/2368
f 1126/1113/2369 1114/1105/2369 1290/1245/2369
f 1128/1107/2370 1304/1248/2370 1298/1232/2370
f 1153/1128/2371 1329/1268/2371 1314/1269/2371
f 1122/1084/2372 1298/1232/2372 1315/1256/2372
f 1126/1113/2373 1302/1254/2373 1316/1267/2373
f 1142/1121/2374 1318/1261/2374 1304/1248/2374
f 1150/1129/2375 1139/1116/2375 1315/1256/2375
f 1153/1128/2376 1219/1078/2376 1373/1220/2376
f 1164/841/2377 1069/1052/2377 1266/1283/2377
f 1166/910/2378 1331/1309/2378 1220/1307/2378
f 1179/1138/2379 1180/895/2379 1339/1150/2379
f 1192/842/2380 1346/1310/2380 1345/1149/2380
f 1179/1138/2381 1338/1308/2381 1331/1309/2381
f 949/897/2382 1233/1278/2382 1339/1150/2382
f 1192/842/2383 1164/841/2383 1330/1306/2383
f 1072/1311/2384 1191/893/2384 1345/1149/2384
f 1199/1087/2385 1124/1086/2385 1300/1227/2385
f 1072/1311/2386 1269/1276/2386 1355/1246/2386
f 1206/1140/2387 1140/1126/2387 1316/1267/2387
f 1142/1121/2388 1208/1081/2388 1362/1223/2388
f 1150/1129/2389 1326/1270/2389 1370/1217/2389
f 1219/1078/2390 1106/1079/2390 1282/1305/2390
f 1383/949/2391 1390/951/2391 1007/972/2391
f 1385/943/2392 1389/945/2392 1006/1314/2392
f 1384/1021/2393 1388/1317/2393 999/970/2393
f 997/969/2394 1386/1316/2394 1387/1315/2394
f 998/966/2395 1387/1315/2395 1383/949/2395
f 1006/1314/2396 1389/945/2396 1386/1316/2396
f 1388/1317/2397 1385/943/2397 996/973/2397
f 1390/951/2398 1384/1021/2398 995/965/2398
f 1055/1030/2399 1398/1008/2399 1391/1033/2399
f 1054/1027/2400 1397/1020/2400 1393/1009/2400
f 1047/1029/2401 1396/1011/2401 1392/1006/2401
f 1045/1025/2402 1046/1024/2402 1395/1035/2402
f 1046/1024/2403 1042/1026/2403 1391/1033/2403
f 1054/1027/2404 1045/1025/2404 1394/1018/2404
f 1044/1032/2405 1393/1009/2405 1396/1011/2405
f 1043/1023/2406 1392/1006/2406 1398/1008/2406
f 1399/1002/2407 1400/961/2407 1417/1022/2407
f 1401/960/2408 1402/1330/2408 1418/1055/2408
f 1422/944/2409 1403/1323/2409 1404/1318/2409
f 1405/1320/2410 1406/1329/2410 1416/1321/2410
f 1419/1319/2411 1404/1318/2411 1405/1320/2411
f 1400/961/2412 1401/960/2412 1421/1054/2412
f 1418/1055/2413 1402/1330/2413 1403/1323/2413
f 1424/1324/2414 1410/963/2414 1409/1005/2414
f 1425/1325/2415 1412/948/2415 1411/947/2415
f 1429/1019/2416 1426/1328/2416 1414/1326/2416
f 1407/1327/2417 1408/1037/2417 1415/1036/2417
f 1426/1328/2418 1427/1034/2418 1415/1036/2418
f 1428/1010/2419 1411/947/2419 1410/963/2419
f 1425/1325/2420 1429/1019/2420 1413/974/2420
f 1430/1007/2421 1409/1005/2421 1408/1037/2421
f 1406/1329/2422 1399/1002/2422 1423/950/2422
f 982/1288/2423 1404/1318/2423 1403/1323/2423
f 982/1288/2424 991/1290/2424 1405/1320/2424
f 1028/964/2425 1410/963/2425 1411/947/2425
f 1384/1021/2426 1417/1022/2426 1421/1054/2426
f 978/1289/2427 1001/1003/2427 1399/1002/2427
f 1398/1008/2428 1430/1007/2428 1407/1327/2428
f 1386/1316/2429 1419/1319/2429 1420/1322/2429
f 1030/1295/2430 1051/975/2430 1413/974/2430
f 1393/1009/2431 1397/1020/2431 1429/1019/2431
f 1383/949/2432 1387/1315/2432 1420/1322/2432
f 1039/1294/2433 1030/1295/2433 1414/1326/2433
f 978/1289/2434 1406/1329/2434 1405/1320/2434
f 984/976/2435 1003/1291/2435 1403/1323/2435
f 1392/1006/2436 1396/1011/2436 1428/1010/2436
f 1386/1316/2437 1389/945/2437 1422/944/2437
f 1394/1018/2438 1395/1035/2438 1427/1034/2438
f 1435/1331/2439 1433/1340/2439 1434/1332/2439
f 1431/1334/2440 1435/1331/2440 1436/1333/2440
f 1439/1336/2441 1436/1333/2441 1434/1332/2441
f 1434/1332/2442 1451/1487/2442 1453/1338/2442
f 1452/1339/2443 1451/1487/2443 1434/1332/2443
f 1445/1488/92 1441/1489/92 1446/1490/92
f 1441/1489/92 1444/1491/92 1447/1492/92
f 1442/1493/92 1441/1489/92 1447/1492/92
f 1447/1492/92 1443/1494/92 1442/1493/92
f 1442/1493/92 1446/1490/92 1441/1489/92
f 1446/1490/92 1449/1341/92 1445/1488/92
f 1449/1341/92 1450/1495/92 1440/1342/92
f 1445/1488/92 1449/1341/92 1448/1341/92
f 1440/1342/92 1437/1496/92 1448/1341/92
f 1504/1343/2444 1505/1350/2444 1502/1344/2444
f 1494/1346/2445 1495/1353/2445 1501/1347/2445
f 1504/1343/2446 1492/1393/2446 1493/1349/2446
f 1497/1345/2447 1502/1344/2447 1503/1351/2447
f 1496/1352/2448 1503/1351/2448 1495/1353/2448
f 1486/1354/2449 1488/1361/2449 1489/1355/2449
f 1480/1357/2450 1481/1348/2450 1501/1347/2450
f 1486/1354/2451 1500/1356/2451 1498/1359/2451
f 1488/1361/2452 1482/1365/2452 1483/1362/2452
f 1485/1360/2453 1498/1359/2453 1499/1363/2453
f 1482/1365/2454 1480/1357/2454 1484/1358/2454
f 1477/1366/2455 1480/1357/2455 1482/1365/2455
f 1476/1368/2456 1484/1358/2456 1501/1347/2456
f 1462/1370/2457 1504/1343/2457 1497/1345/2457
f 1474/1372/2458 1479/1396/2458 1499/1363/2458
f 1464/1373/2459 1457/1381/2459 1495/1353/2459
f 1490/1374/1304 1491/1399/1304 1513/1375/1304
f 1458/1377/2460 1463/1388/2460 1496/1352/2460
f 1478/1378/1306 1487/1364/1306 1508/1379/1306
f 1457/1381/2461 1468/1369/2461 1501/1347/2461
f 1477/1366/2462 1469/1391/2462 1481/1348/2462
f 1471/1382/2463 1455/1390/2463 1489/1355/2463
f 1461/1383/2464 1505/1350/2464 1493/1349/2464
f 1473/1385/2465 1456/1392/2465 1488/1361/2465
f 1472/1386/2466 1474/1372/2466 1498/1359/2466
f 1461/1383/2467 1466/1387/2467 1502/1344/2467
f 1464/1373/2468 1503/1351/2468 1502/1344/2468
f 1471/1382/2469 1483/1362/2469 1484/1358/2469
f 1463/1388/2470 1465/1371/2470 1497/1345/2470
f 1473/1385/2471 1486/1354/2471 1485/1360/2471
f 1472/1386/2472 1500/1356/2472 1489/1355/2472
f 1458/1377/2473 1494/1346/2473 1481/1348/2473
f 1470/1367/2474 1482/1365/2474 1488/1361/2474
f 1462/1370/2475 1460/1404/2475 1492/1393/2475
f 1475/1389/2476 1485/1360/2476 1487/1364/2476
f 1507/1394/1323 1506/1380/1323 1508/1379/1323
f 1487/1364/1324 1499/1363/1324 1509/1395/1324
f 1479/1396/1325 1507/1394/1325 1509/1395/1325
f 1513/1375/1326 1511/1400/1326 1515/1397/1326
f 1491/1399/2477 1467/1364/2477 1511/1400/2477
f 1454/1363/2478 1510/1401/2478 1511/1400/2478
f 1490/1374/2479 1512/1376/2479 1510/1401/2479
f 1514/1402/1330 1516/1403/1330 1517/1398/1330
f 1512/1376/1331 1513/1375/1331 1517/1398/1331
f 1510/1401/2480 1512/1376/2480 1516/1403/2480
f 1510/1401/1333 1514/1402/1333 1515/1397/1333
f 1467/1364/2481 1491/1399/2481 1492/1393/2481
f 1454/1363/2482 1459/1384/2482 1493/1349/2482
f 1492/1393/2483 1491/1399/2483 1490/1374/2483
f 1454/1363/2484 1467/1364/2484 1460/1404/2484
f 1526/1405/2485 1518/1411/2485 1520/1406/2485
f 1527/1407/2486 1529/1415/2486 1525/1408/2486
f 1523/1410/1340 1524/1497/1340 1520/1406/1340
f 1521/1409/2487 1525/1408/2487 1522/1412/2487
f 1528/1414/2488 1523/1410/2488 1518/1411/2488
f 1522/1412/2489 1528/1414/2489 1526/1405/2489
f 1520/1406/2490 1524/1497/2490 1529/1415/2490
f 1519/1413/2491 1526/1405/2491 1527/1407/2491
f 1532/1416/2492 1543/1424/2492 1542/1417/2492
f 1544/1419/2493 1539/1451/2493 1537/1420/2493
f 1555/1422/2494 1551/1434/2494 1535/1423/2494
f 1530/1425/2495 1533/1437/2495 1546/1426/2495
f 1554/1428/2496 1550/1438/2496 1534/1429/2496
f 1556/1431/2497 1552/1435/2497 1532/1416/2497
f 1553/1433/2498 1541/1498/2498 1535/1423/2498
f 1552/1435/2499 1555/1422/2499 1543/1424/2499
f 1535/1423/2500 1541/1498/2500 1542/1417/2500
f 1547/1432/2501 1532/1416/2501 1531/1418/2501
f 1530/1425/2502 1544/1419/2502 1545/1421/2502
f 1534/1429/2503 1547/1432/2503 1548/1436/2503
f 1556/1431/2504 1547/1432/2504 1534/1429/2504
f 1549/1427/2505 1546/1426/2505 1536/1439/2505
f 1536/1439/2506 1546/1426/2506 1556/1431/2506
f 1533/1437/2507 1545/1421/2507 1555/1422/2507
f 1546/1426/2508 1533/1437/2508 1552/1435/2508
f 1562/1441/2509 1558/1447/2509 1559/1442/2509
f 1545/1421/2510 1537/1420/2510 1551/1434/2510
f 1564/1444/2511 1561/1466/2511 1560/1445/2511
f 1562/1441/2512 1564/1444/2512 1557/1446/2512
f 1536/1439/2513 1550/1438/2513 1564/1444/2513
f 1554/1428/2514 1561/1466/2514 1564/1444/2514
f 1538/1440/2515 1536/1439/2515 1562/1441/2515
f 1565/1448/2516 1531/1418/2516 1542/1417/2516
f 1544/1419/2517 1572/1461/2517 1570/1450/2517
f 1578/1452/2518 1571/1449/2518 1568/1453/2518
f 1573/1455/2519 1566/1463/2519 1530/1425/2519
f 1554/1428/2520 1540/1430/2520 1567/1456/2520
f 1579/1458/2521 1574/1460/2521 1565/1448/2521
f 1568/1453/2522 1541/1498/2522 1553/1433/2522
f 1577/1459/2523 1565/1448/2523 1571/1449/2523
f 1542/1417/2524 1541/1498/2524 1568/1453/2524
f 1574/1460/2525 1548/1436/2525 1531/1418/2525
f 1530/1425/2526 1566/1463/2526 1572/1461/2526
f 1567/1456/2527 1540/1430/2527 1548/1436/2527
f 1567/1456/2528 1574/1460/2528 1579/1458/2528
f 1569/1462/2529 1573/1455/2529 1549/1427/2529
f 1569/1462/2530 1575/1457/2530 1579/1458/2530
f 1566/1463/2531 1577/1459/2531 1578/1452/2531
f 1573/1455/2532 1579/1458/2532 1577/1459/2532
f 1559/1442/2533 1581/1499/2533 1582/1464/2533
f 1572/1461/2534 1578/1452/2534 1576/1454/2534
f 1583/1465/2535 1580/1467/2535 1560/1445/2535
f 1582/1464/2536 1581/1499/2536 1580/1467/2536
f 1569/1462/2537 1582/1464/2537 1583/1465/2537
f 1583/1465/2538 1561/1466/2538 1554/1428/2538
f 1538/1440/2539 1563/1443/2539 1582/1464/2539
f 1570/1450/2540 1576/1454/2540 1553/1433/2540
f 1537/1420/2541 1539/1451/2541 1553/1433/2541
f 1589/1468/1396 1591/1468/1396 1590/1469/1396
f 1587/1470/1397 1591/1468/1397 1589/1468/1397
f 1584/1471/1398 1588/1469/1398 1590/1469/1398
f 1586/1471/1399 1590/1469/1399 1591/1468/1399
f 1585/1470/1400 1589/1468/1400 1588/1469/1400
f 1594/1472/1398 1595/1473/1398 1593/1473/1398
f 1597/1474/1397 1599/1474/1397 1598/1475/1397
f 1595/1473/92 1599/1474/92 1597/1474/92
f 1592/1472/1396 1596/1475/1396 1598/1475/1396
f 1594/1472/1399 1598/1475/1399 1599/1474/1399
f 1593/1473/1400 1597/1474/1400 1596/1475/1400
