# Blender 4.4.0
# www.blender.org
mtllib Prop_Scarecrow_04.mtl
o Prop_Scarecrow_04
v -0.048141 -0.000000 0.028982
v 0.048140 -0.000000 0.028982
v -0.048141 -0.000000 -0.028982
v 0.048140 -0.000000 -0.028982
v -0.048141 2.104748 0.028982
v 0.048140 2.093880 0.028982
v -0.048141 2.098329 -0.028982
v 0.048140 2.087169 -0.028982
v 0.142007 2.085833 0.070759
v 0.096650 2.095821 0.112385
v 0.038605 2.105032 0.133260
v -0.023290 2.112064 0.130206
v -0.079613 2.115846 0.103687
v -0.121788 2.115803 0.057742
v -0.143396 2.111941 -0.000636
v -0.141146 2.104847 -0.062559
v -0.115381 2.095603 -0.118599
v -0.070024 2.085614 -0.160225
v -0.011979 2.076403 -0.181100
v 0.049916 2.069371 -0.178046
v 0.106238 2.065589 -0.151527
v 0.148414 2.065632 -0.105582
v 0.170022 2.069495 -0.047204
v 0.167772 2.076588 0.014719
v 0.142519 2.090127 0.070286
v 0.097161 2.100116 0.111912
v 0.039117 2.109327 0.132787
v -0.022779 2.116359 0.129732
v -0.079101 2.120141 0.103214
v -0.121277 2.120098 0.057268
v -0.142885 2.116235 -0.001110
v -0.140635 2.109142 -0.063032
v -0.114870 2.099897 -0.119073
v -0.069513 2.089909 -0.160699
v -0.011468 2.080698 -0.181574
v 0.050427 2.073666 -0.178519
v 0.106750 2.069883 -0.152001
v 0.148925 2.069927 -0.106055
v 0.170533 2.073789 -0.047677
v 0.168283 2.080883 0.014245
v 0.140078 2.099607 0.067451
v 0.141519 2.105176 0.065780
v 0.095666 2.109349 0.107867
v 0.096761 2.109146 0.107205
v 0.039649 2.124091 0.127355
v 0.040233 2.118146 0.127802
v -0.021401 2.125149 0.124761
v -0.019461 2.130807 0.124438
v -0.076233 2.128800 0.098668
v -0.075189 2.128760 0.099436
v -0.116499 2.134490 0.053048
v -0.116511 2.128758 0.054789
v -0.138027 2.124912 -0.003342
v -0.137135 2.130802 -0.002703
v -0.135582 2.117965 -0.063728
v -0.135879 2.118138 -0.062478
v -0.109535 2.114706 -0.118918
v -0.110976 2.109136 -0.117247
v -0.065811 2.099190 -0.158697
v -0.066219 2.105167 -0.158671
v -0.009107 2.090221 -0.178821
v -0.010378 2.090394 -0.178633
v 0.051256 2.083391 -0.175591
v 0.050003 2.083506 -0.175904
v 0.106775 2.085513 -0.150134
v 0.105044 2.079779 -0.150266
v 0.147042 2.079823 -0.104514
v 0.147053 2.085554 -0.106256
v 0.167882 2.083627 -0.047488
v 0.167677 2.083511 -0.048763
v 0.166124 2.096348 0.012261
v 0.165734 2.090402 0.011648
v 0.127866 1.773812 0.121092
v 0.126406 1.768077 0.122781
v 0.074038 1.779609 0.170841
v 0.073650 1.785751 0.170849
v 0.006634 1.796386 0.194950
v 0.004656 1.790619 0.195793
v -0.066805 1.798738 0.192267
v -0.067351 1.804791 0.191299
v -0.132379 1.809158 0.160682
v -0.133422 1.809198 0.159914
v -0.182116 1.809148 0.106867
v -0.182792 1.809106 0.105762
v -0.207740 1.804647 0.038361
v -0.207945 1.804531 0.037087
v -0.205347 1.796341 -0.034406
v -0.205757 1.790229 -0.035002
v -0.176010 1.779556 -0.099703
v -0.174550 1.785291 -0.101393
v -0.122182 1.773759 -0.149452
v -0.121087 1.773555 -0.150114
v -0.054071 1.762920 -0.174216
v -0.053507 1.756810 -0.173750
v 0.017954 1.748691 -0.170224
v 0.019914 1.754515 -0.170565
v 0.084942 1.750148 -0.139948
v 0.085985 1.750108 -0.139180
v 0.134679 1.750159 -0.086133
v 0.135355 1.750200 -0.085028
v 0.160302 1.754659 -0.017627
v 0.160508 1.754776 -0.016352
v 0.157910 1.762965 0.055141
v 0.157613 1.763139 0.056390
v 0.182296 1.751825 -0.019590
v 0.182091 1.751709 -0.020864
v 0.179089 1.761174 0.061763
v 0.179385 1.761001 0.060513
v 0.144299 1.767398 0.135945
v -0.227233 1.792194 -0.040374
v -0.226822 1.798305 -0.039779
v -0.192443 1.785970 -0.114556
v -0.132674 1.772846 -0.169066
v -0.133769 1.773049 -0.168404
v 0.085625 1.780319 0.189792
v 0.008173 1.792610 0.217647
v -0.057024 1.754819 -0.195604
v -0.071895 1.801706 0.213696
v 0.023043 1.745723 -0.191653
v -0.145299 1.812652 0.178424
v -0.201576 1.812594 0.117116
v -0.229733 1.807482 0.040324
v 0.153463 1.746671 -0.097487
v 0.098905 1.746615 -0.156922
v 0.165837 2.082067 -0.117610
v 0.189465 2.080560 -0.052000
v 0.189671 2.080677 -0.050726
v 0.187209 2.088437 0.017020
v 0.187600 2.094383 0.017634
v 0.108348 2.109855 0.126156
v 0.043166 2.126082 0.149209
v 0.157971 2.098928 0.080615
v -0.024550 2.133775 0.145867
v -0.088109 2.132254 0.117178
v -0.135283 2.137978 0.064402
v -0.159815 2.127863 -0.000104
v -0.157354 2.120103 -0.067850
v -0.157057 2.119930 -0.069100
v 0.119695 2.082019 -0.167876
v -0.127429 2.115385 -0.132082
v -0.077806 2.104457 -0.177623
v -0.077398 2.098481 -0.177648
v -0.012623 2.088231 -0.200675
v 0.055092 2.080538 -0.197334
v -0.153061 1.756254 0.183877
v -0.140141 1.752760 0.166135
v 0.127960 1.693721 -0.079912
v 0.146744 1.690233 -0.091266
v 0.092186 1.690177 -0.150701
v 0.079266 1.693671 -0.132959
v -0.188835 1.752710 0.113088
v -0.207619 1.756198 0.124442
v 0.156109 1.865174 0.124481
v 0.096587 1.878282 0.179107
v 0.020415 1.890370 0.206501
v -0.060809 1.899598 0.202493
v -0.134721 1.904561 0.167693
v -0.190067 1.904504 0.107399
v -0.218423 1.899435 0.030790
v -0.215471 1.890127 -0.050471
v -0.181660 1.877995 -0.124012
v -0.122138 1.864888 -0.178637
v -0.045966 1.852800 -0.206031
v 0.035258 1.843572 -0.202023
v 0.109170 1.838608 -0.167223
v 0.164517 1.838665 -0.106929
v 0.192872 1.843734 -0.030320
v 0.189920 1.853043 0.050940
v 0.093837 1.878114 0.174609
v 0.151862 1.865336 0.121357
v 0.019581 1.889897 0.201314
v -0.059601 1.898893 0.197407
v -0.131654 1.903732 0.163482
v -0.185609 1.903676 0.104704
v -0.213252 1.898735 0.030022
v -0.210374 1.889660 -0.049195
v -0.177413 1.877834 -0.120887
v -0.119388 1.865056 -0.174139
v -0.045132 1.853272 -0.200844
v 0.034050 1.844276 -0.196937
v 0.106103 1.839438 -0.163012
v 0.160058 1.839493 -0.104234
v 0.187701 1.844434 -0.029552
v 0.184823 1.853509 0.049665
v 0.089004 1.837522 0.179083
v 0.147030 1.824744 0.125831
v 0.014748 1.849306 0.205788
v -0.064434 1.858302 0.201881
v -0.136487 1.863141 0.167956
v -0.190442 1.863085 0.109178
v -0.218084 1.858144 0.034496
v -0.215206 1.849069 -0.044721
v -0.182245 1.837243 -0.116413
v -0.124220 1.824465 -0.169665
v -0.049964 1.812681 -0.196370
v 0.029218 1.803685 -0.192463
v 0.101271 1.798846 -0.158538
v 0.155226 1.798902 -0.099760
v 0.182868 1.803843 -0.025077
v 0.179990 1.812918 0.054140
v 0.091754 1.837691 0.183581
v 0.151276 1.824583 0.128956
v 0.015583 1.849779 0.210975
v -0.065641 1.859007 0.206967
v -0.139553 1.863970 0.172167
v -0.194900 1.863913 0.111873
v -0.223255 1.858844 0.035264
v -0.220303 1.849535 -0.045996
v -0.186492 1.837404 -0.119537
v -0.126970 1.824296 -0.174163
v -0.050799 1.812209 -0.201557
v 0.030426 1.802981 -0.197549
v 0.104337 1.798017 -0.162748
v 0.159684 1.798074 -0.102454
v 0.188040 1.803143 -0.025846
v 0.185087 1.812452 0.055415
v 0.147293 1.772582 0.130919
v 0.142756 1.773247 0.132047
v -0.195437 1.780785 -0.109531
v -0.190900 1.780121 -0.110658
v 0.083292 1.786341 0.186619
v 0.081781 1.787009 0.191043
v 0.013606 1.797828 0.215561
v 0.009560 1.798042 0.213136
v -0.061043 1.761478 -0.194827
v -0.056997 1.761264 -0.192402
v -0.071586 1.807261 0.209132
v -0.075793 1.807985 0.211149
v 0.024149 1.752045 -0.188397
v 0.028356 1.751322 -0.190415
v -0.144174 1.812105 0.174678
v -0.148853 1.812689 0.174921
v -0.146779 1.809027 0.178060
v -0.198389 1.812638 0.120957
v -0.197748 1.812050 0.116316
v -0.201337 1.808971 0.118625
v -0.228241 1.807827 0.045074
v -0.225871 1.807102 0.041055
v 0.150986 1.747298 -0.094476
v 0.155425 1.746942 -0.092906
v 0.094508 1.746879 -0.159268
v 0.095693 1.747241 -0.154712
v 0.167112 2.076565 -0.112393
v 0.162673 2.076920 -0.113963
v 0.103797 2.110607 0.128061
v 0.105308 2.109940 0.123637
v 0.043159 2.119802 0.145988
v 0.047205 2.119588 0.148413
v 0.156409 2.104611 0.076735
v 0.160946 2.103947 0.075608
v -0.029843 2.128342 0.144611
v -0.025636 2.127618 0.142594
v -0.091664 2.132291 0.113674
v -0.086984 2.131707 0.113432
v -0.132142 2.131661 0.064238
v -0.132784 2.132249 0.068879
v -0.155266 2.133257 -0.000010
v -0.157637 2.133982 0.004009
v 0.115796 2.076872 -0.165030
v 0.114611 2.076510 -0.169587
v -0.125866 2.109701 -0.128201
v -0.130403 2.110366 -0.127074
v -0.013304 2.088737 -0.196819
v -0.017350 2.088952 -0.199244
v 0.059698 2.080198 -0.195441
v 0.055491 2.080921 -0.193424
v 0.048406 1.720995 0.037655
v 0.093741 1.286071 0.122187
v 0.093082 1.231846 0.123191
v 0.048406 1.731215 -0.074520
v 0.141936 1.226215 0.038619
v 0.143407 1.280331 0.036578
v 0.129488 1.717512 -0.069933
v 0.062740 1.289607 0.144956
v -0.006547 1.738235 -0.077014
v 0.063050 1.235269 0.145707
v -0.006547 1.722783 0.040056
v 0.091011 1.592983 -0.132505
v 0.091011 1.615178 0.141891
v 0.161665 1.601130 0.098410
v -0.006547 1.611942 0.141891
v -0.006547 1.589182 -0.132505
v 0.068392 1.500753 -0.110895
v 0.068392 1.520599 0.151548
v 0.121847 1.495019 -0.064277
v 0.110603 1.510508 0.123958
v -0.006547 1.518684 0.151548
v -0.006547 1.498485 -0.110895
v -0.006547 1.234057 0.145707
v 0.139957 1.709891 -0.035593
v 0.172176 1.500687 0.020326
v -0.061500 1.718852 0.041656
v -0.006547 1.288400 0.144958
v 0.062758 1.278504 -0.071792
v -0.061500 1.728972 -0.076477
v 0.063048 1.224354 -0.068465
v 0.096731 1.223595 -0.026694
v -0.142582 1.712586 -0.069933
v -0.104105 1.590554 -0.132505
v -0.104105 1.613077 0.141891
v -0.155409 1.605619 0.107091
v -0.081486 1.499597 -0.110895
v -0.081486 1.519673 0.151548
v -0.134940 1.493212 -0.064277
v -0.123696 1.509119 0.123958
v 0.098219 1.277530 -0.030062
v -0.153051 1.707092 -0.035593
v -0.219300 1.553504 -0.004537
v -0.185270 1.498498 0.020326
v 0.265406 1.712547 0.004188
v 0.260180 1.626727 0.034617
v 0.271906 1.627168 -0.101132
v 0.280351 1.725379 -0.079123
v 0.115041 1.708217 0.027479
v 0.153928 1.589832 -0.106234
v 0.351868 1.712098 -0.002548
v 0.361865 1.723481 -0.081293
v 0.355695 1.639639 -0.111371
v 0.345164 1.624152 -0.003930
v -0.156866 1.654204 0.067285
v 0.193091 1.551681 0.000225
v 0.350890 1.614703 -0.060506
v 0.359872 1.723282 -0.043828
v -0.275766 1.658930 0.007250
v 0.503720 1.684623 -0.091193
v -0.098680 1.664310 0.093081
v 0.143772 1.658405 0.067285
v 0.171677 1.655940 -0.091011
v 0.348516 1.668716 -0.001850
v 0.359054 1.685690 -0.101070
v 0.503720 1.705875 -0.024703
v 0.873278 1.704388 -0.022314
v 0.503720 1.716668 -0.086997
v 0.882468 1.712238 -0.073349
v 0.503720 1.623672 -0.021050
v 0.870623 1.626211 -0.026013
v 0.503720 1.638526 -0.101639
v 0.876752 1.621376 -0.069331
v 0.612772 1.706764 -0.020082
v 0.612772 1.710709 -0.084687
v 0.614277 1.634896 -0.086713
v 0.612772 1.634345 -0.017821
v 0.879773 1.679685 -0.080359
v 0.503720 1.673775 -0.012389
v 0.870928 1.677997 -0.015765
v 0.612772 1.680919 -0.008201
v 0.615151 1.687042 -0.096030
v 0.746148 1.709483 -0.018607
v 0.746148 1.720835 -0.072997
v 0.746148 1.643861 -0.068842
v 0.746148 1.646562 -0.023302
v 0.746148 1.677864 -0.012352
v 0.746148 1.683165 -0.079690
v 0.503720 1.719058 -0.048058
v 0.878582 1.714526 -0.048855
v 0.503720 1.615577 -0.063348
v 0.873483 1.605319 -0.048145
v 0.612772 1.623294 -0.051431
v 0.612772 1.711146 -0.058692
v 0.746148 1.639611 -0.046630
v 0.746148 1.723156 -0.046862
v -0.098680 1.660310 -0.107635
v -0.006547 1.660913 -0.113876
v -0.006547 1.664966 0.093081
v -0.122299 1.703856 0.019062
v -0.289054 1.606996 -0.036943
v -0.167021 1.586262 -0.106234
v -0.298716 1.712625 -0.039258
v -0.356581 1.698787 0.000051
v -0.368084 1.722275 -0.095381
v -0.360503 1.637769 -0.115602
v -0.348785 1.622926 -0.009118
v -0.273119 1.620850 0.022658
v -0.293548 1.716777 -0.079688
v -0.289272 1.666642 -0.091992
v -0.278413 1.702837 -0.008159
v -0.352732 1.613397 -0.065492
v -0.363275 1.714590 -0.044114
v 0.085586 1.667107 0.093081
v -0.516814 1.682968 -0.091193
v 0.085586 1.663397 -0.115341
v -0.284995 1.618504 -0.101978
v -0.186443 1.650662 -0.100532
v -0.352425 1.660838 -0.004837
v -0.364294 1.682587 -0.106555
v -0.516814 1.695361 -0.014322
v -0.886372 1.704584 -0.022314
v -0.516814 1.713048 -0.086997
v -0.895562 1.712238 -0.073349
v -0.516814 1.624992 -0.021050
v -0.883717 1.636099 -0.026013
v -0.516814 1.640208 -0.101639
v -0.889846 1.631834 -0.069331
v -0.625866 1.708018 -0.020082
v -0.625866 1.715288 -0.093653
v -0.625866 1.632892 -0.085088
v -0.625866 1.637479 -0.017821
v -0.892867 1.682200 -0.080359
v -0.516814 1.671423 -0.012389
v -0.884022 1.680588 -0.015765
v -0.625866 1.682191 -0.008201
v -0.625866 1.685613 -0.103671
v -0.759242 1.703169 -0.018607
v -0.759242 1.713675 -0.072997
v -0.759242 1.644458 -0.068842
v -0.759242 1.647139 -0.023302
v -0.759242 1.675727 -0.012352
v -0.759242 1.680002 -0.079690
v -0.516814 1.712495 -0.048058
v -0.891675 1.714526 -0.048855
v -0.516814 1.617263 -0.063348
v -0.886577 1.617413 -0.048145
v -0.625866 1.626876 -0.051431
v -0.625866 1.714332 -0.058692
v -0.759242 1.640314 -0.046630
v -0.759242 1.713962 -0.046862
v 0.285454 1.722248 -0.039202
v 0.275913 1.616052 -0.036916
v 0.276129 1.675406 -0.090128
v 0.262793 1.668967 0.019402
v 0.206275 1.713071 0.015833
v 0.234102 1.611600 -0.103683
v 0.240255 1.592300 -0.020758
v 0.239163 1.668908 -0.090608
v 0.223126 1.666091 0.043344
v 0.222878 1.726223 -0.077533
v 0.228936 1.620490 0.063439
v 0.232045 1.721461 -0.037397
v -0.247193 1.603776 -0.104106
v -0.219325 1.705438 0.009660
v -0.252281 1.659470 -0.095533
v -0.236023 1.717282 -0.077816
v -0.233916 1.613874 0.064875
v -0.245223 1.711644 -0.037426
v -0.251274 1.579784 -0.019871
v -0.236160 1.657826 0.037267
v 0.060811 1.187474 -0.064969
v 0.060812 1.198575 0.142318
v 0.089878 1.195096 0.120526
v 0.093412 1.186706 -0.024540
v -0.006547 1.186052 -0.064969
v -0.006547 1.197345 0.142318
v 0.137163 1.189373 0.038673
v -0.073905 1.187437 -0.064969
v -0.073907 1.198704 0.142318
v -0.102972 1.195266 0.120526
v -0.106505 1.186696 -0.024540
v -0.150257 1.189465 0.038673
v 0.124307 0.578670 -0.165599
v 0.124304 0.594354 0.237085
v 0.180756 0.599805 0.194742
v 0.168318 0.638493 -0.092152
v -0.006548 0.575904 -0.165595
v -0.006548 0.583717 0.237094
v 0.272518 0.642856 0.035748
v -0.137402 0.578597 -0.165599
v -0.137399 0.594606 0.237085
v -0.193854 0.597080 0.194746
v -0.200707 0.595007 -0.087041
v -0.285578 0.663142 0.035748
v 0.059788 1.224354 -0.063348
v 0.059511 1.278504 -0.066519
v 0.059790 1.235269 0.140793
v 0.059494 1.289607 0.140076
v 0.088415 1.231846 0.119331
v 0.089044 1.286071 0.118374
v 0.093312 1.277530 -0.026744
v 0.091894 1.223595 -0.023533
v -0.006547 1.222954 -0.063348
v -0.006547 1.277099 -0.066531
v -0.006547 1.288400 0.140078
v -0.006547 1.234057 0.140793
v 0.136383 1.280331 0.036775
v 0.134981 1.226215 0.038721
v -0.072609 1.278463 -0.066540
v -0.072882 1.224317 -0.063348
v -0.072592 1.289733 0.140080
v -0.072884 1.235396 0.140793
v -0.102150 1.286238 0.118376
v -0.101508 1.232014 0.119331
v -0.104987 1.223585 -0.023533
v -0.106426 1.277513 -0.026773
v -0.148075 1.226307 0.038721
v -0.149510 1.280418 0.036757
v -0.006547 1.222954 -0.068465
v -0.006547 1.277099 -0.071804
v -0.109825 1.223585 -0.026694
v -0.111334 1.277513 -0.030093
v -0.075855 1.278463 -0.071814
v -0.076142 1.224317 -0.068465
v -0.075837 1.289733 0.144959
v -0.076144 1.235396 0.145707
v -0.155030 1.226307 0.038619
v -0.156535 1.280418 0.036559
v -0.106848 1.286238 0.122189
v -0.106175 1.232014 0.123191
v -0.088869 0.897695 0.164651
v -0.124391 0.893488 0.138019
v -0.128710 0.882996 -0.039273
v -0.088868 0.883896 -0.088683
v 0.111298 0.893279 0.138019
v 0.075775 0.897537 0.164651
v -0.006547 0.882202 -0.088683
v 0.075774 0.883942 -0.088683
v 0.115617 0.883008 -0.039273
v -0.006547 0.896034 0.164651
v -0.182129 0.886329 0.037984
v 0.169069 0.886255 0.037984
v 0.063673 1.382449 -0.087359
v -0.006547 1.380636 -0.087365
v 0.099184 1.391046 0.121054
v 0.153228 1.383379 0.029083
v -0.076769 1.381881 -0.087370
v -0.119853 1.378360 -0.044386
v 0.106749 1.379224 -0.044371
v 0.063664 1.397680 0.145529
v -0.006547 1.396139 0.145530
v -0.076760 1.397308 0.145530
v -0.112285 1.390477 0.121055
v -0.166339 1.382390 0.029073
v -0.081747 1.048238 0.154021
v -0.118141 1.034821 -0.032260
v 0.101102 1.044207 0.129692
v 0.068652 1.035687 -0.077396
v -0.006547 1.046721 0.154021
v 0.153891 1.037813 0.038312
v -0.114196 1.044397 0.129692
v -0.081746 1.035645 -0.077396
v 0.068653 1.048094 0.154021
v -0.006547 1.034098 -0.077395
v 0.105047 1.034832 -0.032260
v -0.166985 1.037916 0.038312
v -0.177311 0.670864 0.181236
v -0.125837 0.654543 -0.147271
v 0.112742 0.669867 0.219828
v -0.006548 0.652087 -0.147271
v 0.170476 0.667116 -0.075671
v -0.261052 0.718549 0.036279
v -0.125837 0.670097 0.219828
v -0.183571 0.666603 -0.075671
v 0.164217 0.672852 0.181236
v 0.112742 0.654610 -0.147271
v -0.006548 0.661510 0.219828
v 0.247957 0.703310 0.036279
v -0.269533 0.662266 0.065897
v 0.187611 0.595688 -0.087040
v 0.047706 1.716594 0.033496
v 0.083050 1.280288 0.113073
v 0.082837 1.237526 0.113644
v 0.047905 1.728232 -0.069290
v 0.127046 1.232235 0.038973
v 0.128068 1.274872 0.037286
v 0.128928 1.711531 -0.064269
v 0.058176 1.283648 0.131597
v -0.006402 1.735490 -0.071672
v 0.058577 1.240685 0.131833
v -0.006538 1.718636 0.035719
v 0.089573 1.593312 -0.126273
v 0.089174 1.612812 0.136008
v 0.157027 1.600725 0.092751
v -0.006515 1.609346 0.136119
v -0.006483 1.589086 -0.126307
v 0.066613 1.502476 -0.105051
v 0.066770 1.520651 0.145494
v 0.117468 1.497005 -0.060386
v 0.106315 1.511196 0.119502
v -0.006545 1.518527 0.145532
v -0.006558 1.499766 -0.105032
v -0.006542 1.240060 0.132097
v 0.165523 1.502760 0.019974
v -0.060578 1.714361 0.037522
v -0.006553 1.282398 0.131443
v 0.056490 1.273235 -0.058139
v -0.060935 1.726237 -0.071153
v 0.056826 1.230460 -0.055517
v 0.086077 1.229975 -0.018749
v -0.102788 1.590813 -0.126239
v -0.102182 1.610716 0.136024
v -0.150731 1.604448 0.101239
v -0.079734 1.501335 -0.105045
v -0.079819 1.519716 0.145494
v -0.130665 1.495318 -0.060327
v -0.119412 1.509733 0.119578
v 0.087067 1.272086 -0.021562
v -0.214147 1.558781 -0.004991
v -0.178467 1.500630 0.019809
v 0.150643 1.591925 -0.099978
v 0.191368 1.611162 -0.007500
v 0.187752 1.556247 0.000069
v -0.097196 1.659970 0.088953
v 0.113948 1.702787 0.023783
v 0.872935 1.699922 -0.027360
v 0.882161 1.706833 -0.068106
v 0.871304 1.630328 -0.031047
v 0.877602 1.625542 -0.064178
v 0.879836 1.679736 -0.074229
v 0.870812 1.678059 -0.021931
v 0.746096 1.680397 -0.046348
v -0.823400 1.635414 -0.047591
v -0.825839 1.681214 -0.073837
v -0.821489 1.678186 -0.020290
v -0.821628 1.645909 -0.029672
v -0.824688 1.642689 -0.064069
v 0.878195 1.708395 -0.049694
v 0.874924 1.611976 -0.048129
v -0.827205 1.707109 -0.068352
v -0.822718 1.699122 -0.025338
v -0.097937 1.658076 -0.102045
v -0.006402 1.658719 -0.108255
v -0.006515 1.660848 0.088717
v -0.120832 1.698444 0.015738
v -0.164139 1.588496 -0.100005
v 0.084281 1.662852 0.088841
v 0.084685 1.661133 -0.109713
v 0.171240 1.654217 -0.085079
v -0.886295 1.699798 -0.027160
v -0.895570 1.706583 -0.068320
v -0.884079 1.640316 -0.030966
v -0.890369 1.636100 -0.064211
v -0.892923 1.682232 -0.074194
v -0.883898 1.680619 -0.021979
v -0.759068 1.677190 -0.046382
v -0.891664 1.708443 -0.049654
v -0.887469 1.624055 -0.048170
v 0.057954 1.186983 -0.058981
v 0.058806 1.198141 0.136328
v 0.085287 1.194643 0.116499
v 0.088617 1.186281 -0.020950
v -0.006547 1.185674 -0.058980
v -0.006547 1.196986 0.136328
v 0.130103 1.188767 0.038988
v -0.071049 1.186945 -0.058981
v -0.071900 1.198270 0.136327
v -0.098381 1.194814 0.116499
v -0.101711 1.186272 -0.020950
v -0.143197 1.188860 0.038989
v 0.122407 0.576871 -0.159498
v 0.122501 0.592742 0.231262
v 0.176623 0.598068 0.190618
v 0.164023 0.636827 -0.088308
v -0.006547 0.574501 -0.159761
v -0.006549 0.582406 0.231238
v 0.265696 0.640251 0.036205
v -0.134937 0.576803 -0.159794
v -0.135538 0.592989 0.231270
v -0.189894 0.595270 0.190529
v -0.196395 0.593336 -0.083216
v -0.281319 0.661385 0.039593
v 0.057164 1.232536 -0.057946
v 0.056567 1.270346 -0.059868
v 0.058164 1.242520 0.135121
v 0.057457 1.282514 0.134315
v 0.084246 1.238323 0.114906
v 0.084087 1.279330 0.114552
v 0.087733 1.271355 -0.022340
v 0.086826 1.229668 -0.019809
v -0.006549 1.228952 -0.057033
v -0.006549 1.271086 -0.059258
v -0.006553 1.282398 0.133805
v -0.006541 1.240056 0.134496
v 0.129063 1.270380 0.037375
v 0.128655 1.235799 0.038423
v -0.069667 1.270301 -0.059879
v -0.070259 1.232498 -0.057945
v -0.070568 1.282643 0.134312
v -0.071246 1.242650 0.135126
v -0.097192 1.279497 0.114547
v -0.097340 1.238492 0.114908
v -0.099915 1.229659 -0.019813
v -0.100846 1.271338 -0.022356
v -0.141747 1.235893 0.038410
v -0.142175 1.270460 0.037370
v -0.006550 1.229491 -0.055313
v -0.006546 1.271647 -0.057836
v -0.099171 1.229971 -0.018755
v -0.100182 1.272076 -0.021585
v -0.069589 1.273198 -0.058156
v -0.069923 1.230427 -0.055519
v -0.071277 1.283775 0.131600
v -0.071669 1.240814 0.131833
v -0.140143 1.232331 0.038971
v -0.141193 1.274963 0.037268
v -0.096158 1.280455 0.113074
v -0.095930 1.237694 0.113643
v -0.086922 0.896573 0.158703
v -0.119917 0.892248 0.133996
v -0.124057 0.881822 -0.035604
v -0.086119 0.882605 -0.082766
v 0.106804 0.892047 0.134008
v 0.073836 0.896414 0.158704
v -0.006547 0.881225 -0.082740
v 0.073027 0.882651 -0.082766
v 0.110942 0.881845 -0.035631
v -0.006548 0.895117 0.158701
v -0.175151 0.884472 0.038353
v 0.162123 0.884467 0.038345
v 0.061280 1.383788 -0.081507
v -0.006552 1.381815 -0.081482
v 0.094734 1.391569 0.116844
v 0.146318 1.384542 0.029111
v -0.074385 1.383226 -0.081514
v -0.115219 1.379512 -0.040678
v 0.102112 1.380367 -0.040665
v 0.061836 1.398066 0.139539
v -0.006548 1.396438 0.139537
v -0.074934 1.397696 0.139541
v -0.107837 1.391003 0.116843
v -0.159430 1.383561 0.029100
v -0.079731 1.047694 0.148042
v -0.113354 1.034298 -0.028675
v 0.096514 1.043649 0.125679
v 0.065796 1.035080 -0.071420
v -0.006548 1.046278 0.148037
v 0.146851 1.037072 0.038629
v -0.109607 1.043840 0.125679
v -0.078890 1.035038 -0.071420
v 0.066636 1.047549 0.148042
v -0.006547 1.033631 -0.071414
v 0.100260 1.034308 -0.028675
v -0.159945 1.037176 0.038630
v -0.173179 0.669006 0.177187
v -0.123237 0.652695 -0.141531
v 0.110891 0.668205 0.214026
v -0.006547 0.650645 -0.141446
v 0.166061 0.665379 -0.071995
v -0.254202 0.715663 0.037167
v -0.123960 0.668433 0.214026
v -0.179221 0.664868 -0.071917
v 0.159972 0.671055 0.177247
v 0.110167 0.652747 -0.141532
v -0.006549 0.660162 0.213980
v 0.241235 0.700685 0.036641
v -0.265044 0.660262 0.062457
v 0.183192 0.593960 -0.083369
v 0.809510 1.702384 -0.025478
v 0.814068 1.710909 -0.068236
v 0.811844 1.636941 -0.063884
v 0.808739 1.640553 -0.029796
v 0.808408 1.677958 -0.020245
v 0.812827 1.681419 -0.073874
v 0.810683 1.629090 -0.047512
v 0.812189 1.712729 -0.048703
v -0.825440 1.708192 -0.048705
v -0.154935 1.650284 0.063041
v -0.218078 1.612980 -0.008322
v -0.186030 1.649022 -0.094641
v 0.140507 1.703942 -0.036290
v -0.153254 1.701130 -0.036282
v 0.142015 1.654699 0.062767
v -0.142127 1.706910 -0.064573
v -0.961922 1.703292 -0.031785
v -0.961922 1.659107 -0.031785
v -0.961922 1.703292 -0.066918
v -0.961922 1.659107 -0.066918
v 0.961922 1.703292 -0.031785
v 0.961922 1.659107 -0.031785
v 0.961922 1.703292 -0.066918
v 0.961922 1.659107 -0.066918
vn 1.0000 -0.0000 -0.0000
vn -1.0000 -0.0000 -0.0000
vn -0.0000 -0.0000 -1.0000
vn -0.0000 -0.0000 1.0000
vn -0.1175 -0.9871 0.1088
vn 0.1175 0.9871 -0.1088
vn -0.9031 0.0606 -0.4252
vn 0.6763 0.0007 0.7366
vn 0.9031 -0.0606 0.4252
vn -0.6762 -0.0007 -0.7367
vn 0.3465 0.0619 0.9360
vn -0.3464 -0.0619 -0.9360
vn -0.0361 0.1137 0.9929
vn 0.0361 -0.1138 -0.9929
vn -0.4131 0.1482 0.8985
vn 0.4131 -0.1482 -0.8985
vn -0.7272 0.1601 0.6674
vn 0.7272 -0.1601 -0.6674
vn -0.9307 0.1477 0.3347
vn 0.9307 -0.1477 -0.3347
vn -0.9924 0.1127 -0.0490
vn 0.9924 -0.1128 0.0490
vn 0.1175 0.9871 -0.1087
vn 0.1175 0.9871 -0.1089
vn -0.6842 -0.0925 -0.7234
vn 0.9101 0.0315 0.4132
vn 0.8452 -0.1569 -0.5109
vn 0.5814 -0.1572 -0.7983
vn 0.6842 0.0925 0.7234
vn 0.8051 -0.0306 0.5923
vn -0.0252 0.2035 0.9787
vn 0.0468 -0.0214 -0.9987
vn -0.5214 -0.0319 -0.8527
vn 0.7350 -0.0676 -0.6747
vn -0.6624 0.0912 -0.7436
vn -0.9768 0.2057 -0.0591
vn 0.9663 -0.0884 0.2417
vn -0.9804 0.1328 0.1457
vn -0.9663 0.0884 -0.2417
vn -0.4224 0.0541 0.9048
vn -0.3560 -0.1551 -0.9215
vn -0.3338 0.0318 -0.9421
vn -0.9101 -0.0315 -0.4132
vn 0.3560 0.1551 0.9215
vn 0.0252 -0.2035 -0.9787
vn 0.7273 -0.1601 -0.6674
vn 0.4001 -0.2410 -0.8842
vn 0.9376 -0.0536 -0.3435
vn -0.4001 0.2410 0.8842
vn 0.7129 -0.2529 -0.6541
vn 0.4224 -0.0541 -0.9048
vn 0.9157 -0.2389 -0.3231
vn -0.9157 0.2389 0.3231
vn 0.9768 -0.2057 0.0591
vn -0.7350 0.0676 0.6747
vn 0.8882 -0.1522 0.4335
vn -0.8882 0.1522 -0.4335
vn 0.6624 -0.0912 0.7436
vn -0.7273 0.1601 0.6674
vn 0.9991 -0.0188 0.0384
vn 0.3338 -0.0318 0.9421
vn -0.9376 0.0536 0.3435
vn -0.0468 0.0214 0.9987
vn -0.9991 0.0188 -0.0384
vn 0.5214 0.0319 0.8527
vn -0.8051 0.0306 -0.5923
vn -0.8452 0.1569 0.5109
vn -0.5814 0.1572 0.7983
vn 0.2290 -0.1335 -0.9642
vn -0.2290 0.1335 0.9642
vn -0.1175 -0.9871 0.1087
vn 0.1582 0.0896 0.9833
vn 0.9804 -0.1328 -0.1457
vn -0.1582 -0.0896 -0.9833
vn 0.7273 -0.1602 -0.6674
vn -0.7129 0.2529 0.6541
vn -0.3465 -0.0619 -0.9360
vn 0.0361 -0.1137 -0.9929
vn -0.9924 0.1128 -0.0490
vn 0.6762 0.0007 0.7367
vn 0.9924 -0.1127 0.0490
vn 0.1226 0.6850 0.7181
vn -0.7056 0.6842 -0.1842
vn 0.2589 0.1486 0.9544
vn 0.9462 -0.0014 0.3235
vn -0.4918 0.2268 0.8406
vn 0.0727 0.1752 0.9819
vn -0.9722 0.1741 -0.1565
vn -0.8459 0.1176 -0.5201
vn -0.2416 -0.0040 -0.9704
vn 0.5094 -0.0795 -0.8569
vn -0.4285 0.0270 -0.9032
vn 0.9669 -0.0667 -0.2461
vn 0.3279 -0.0673 -0.9423
vn 0.4460 0.1202 0.8869
vn -0.0273 0.5045 -0.8630
vn 0.2771 0.4757 -0.8348
vn 0.5394 -0.0431 0.8410
vn -0.0165 0.7113 0.7027
vn 0.3740 0.7010 0.6072
vn -0.0026 0.1030 0.9947
vn 0.8041 -0.3101 0.5072
vn 0.6032 -0.3192 -0.7309
vn 0.0070 -0.2318 -0.9727
vn -0.0009 0.0439 -0.9990
vn 0.7780 0.0491 -0.6264
vn 0.8663 0.0507 0.4969
vn -0.0008 0.0415 0.9991
vn 0.6029 0.0499 0.7962
vn 0.8203 0.0493 -0.5698
vn 0.7670 -0.4817 -0.4240
vn -0.0811 0.4289 -0.8997
vn -0.1667 0.4809 -0.8608
vn -0.5571 -0.0381 0.8295
vn -0.0049 0.6878 0.7259
vn -0.3667 0.7669 0.5267
vn 0.0012 0.1031 0.9947
vn -0.7920 -0.2354 0.5632
vn -0.3504 -0.2981 -0.8879
vn -0.0034 -0.2318 -0.9728
vn 0.0009 0.0439 -0.9990
vn -0.7779 0.0491 -0.6264
vn -0.8663 0.0507 0.4969
vn 0.0008 0.0415 0.9991
vn -0.6029 0.0499 0.7963
vn -0.8203 0.0493 -0.5699
vn -0.7089 -0.4782 -0.5185
vn 0.0295 0.9995 0.0069
vn 0.0657 0.2133 -0.9748
vn 0.0150 -0.9860 0.1662
vn 0.0674 0.0108 0.9977
vn 0.0434 0.9834 0.1760
vn 0.4636 -0.8548 -0.2333
vn -0.0238 0.2159 -0.9761
vn 0.5815 0.3890 0.7145
vn 0.2297 0.3085 0.9231
vn 0.0410 -0.9869 0.1563
vn -0.1520 0.2325 -0.9607
vn -0.0089 0.9968 0.0793
vn 0.0228 0.9734 0.2282
vn -0.0699 -0.9837 -0.1659
vn -0.0092 0.2361 -0.9717
vn 0.3839 0.2465 -0.8899
vn -0.0031 -0.8978 -0.4404
vn 0.0794 0.9582 0.2750
vn -0.1548 0.2249 -0.9620
vn 0.4028 0.2880 0.8688
vn -0.0227 0.6835 0.7296
vn 0.1070 -0.0544 0.9928
vn 0.0639 0.4590 -0.8861
vn 0.0635 0.9941 -0.0883
vn -0.0118 -0.2660 -0.9639
vn -0.1488 -0.9477 0.2824
vn 0.0266 0.1940 0.9806
vn -0.0592 0.3575 0.9320
vn 0.0489 -0.9810 0.1877
vn 0.1376 0.2189 -0.9660
vn 0.0663 0.9959 -0.0611
vn 0.0281 0.1298 -0.9911
vn -0.0125 -0.1703 0.9853
vn 0.0262 -0.3301 0.9436
vn 0.0085 0.1749 -0.9845
vn 0.1240 0.4390 -0.8899
vn 0.0587 -0.2019 0.9776
vn 0.0378 0.4174 0.9080
vn 0.1044 -0.9448 0.3107
vn 0.1440 -0.1764 -0.9737
vn -0.0742 0.9971 -0.0168
vn -0.0990 0.9887 0.1122
vn 0.1059 -0.9460 -0.3065
vn -0.0279 0.8705 0.4914
vn 0.0412 -0.8570 -0.5136
vn -0.1674 -0.9683 -0.1853
vn 0.0487 0.8991 0.4351
vn -0.0173 0.9886 0.1498
vn -0.0968 0.2362 -0.9669
vn -0.0208 -0.9835 0.1797
vn -0.0541 -0.1334 0.9896
vn 0.4965 0.6215 0.6060
vn -0.0671 0.2508 -0.9657
vn -0.3823 0.3366 -0.8606
vn -0.1397 0.3204 0.9369
vn -0.1763 -0.9685 0.1760
vn 0.2293 0.2112 -0.9502
vn 0.0224 0.9942 0.1050
vn -0.0167 0.9506 0.3101
vn -0.1546 -0.8977 -0.4126
vn 0.0080 0.6893 0.7244
vn -0.0592 -0.8563 -0.5131
vn -0.0508 0.9379 0.3433
vn 0.2176 0.2837 -0.9339
vn -0.3580 0.3287 0.8739
vn -0.4138 0.5695 0.7102
vn -0.0718 -0.1187 0.9903
vn -0.0643 0.1379 -0.9884
vn 0.0044 0.9999 -0.0110
vn -0.0000 -0.2919 -0.9565
vn 0.1302 -0.7658 0.6297
vn -0.0180 0.2222 0.9748
vn 0.0462 0.0804 0.9957
vn -0.0669 -0.9815 0.1793
vn 0.1161 0.2357 -0.9649
vn 0.0155 0.9998 0.0142
vn 0.0643 0.3192 -0.9455
vn 0.0081 -0.1834 0.9830
vn -0.0013 -0.2245 0.9745
vn 0.0001 0.2273 -0.9738
vn -0.1525 0.1927 -0.9693
vn -0.0553 -0.2100 0.9761
vn -0.0411 0.2221 0.9742
vn -0.0849 -0.9502 0.2998
vn -0.1537 -0.3285 -0.9319
vn -0.0037 0.9999 -0.0110
vn -0.0300 0.9337 0.3567
vn -0.1062 -0.9788 -0.1750
vn 0.0793 0.8888 0.4514
vn -0.0205 -0.8576 -0.5139
vn 0.0812 -0.8181 -0.5694
vn -0.0000 0.9342 0.3569
vn 0.0177 0.9933 0.1138
vn -0.0268 0.2246 -0.9741
vn 0.4728 -0.8145 0.3363
vn 0.3957 0.5656 0.7235
vn -0.6446 0.3828 0.6618
vn 0.0287 0.2855 -0.9579
vn -0.3658 -0.9123 -0.1843
vn -0.0982 0.9782 0.1830
vn 0.0147 0.9945 0.1040
vn -0.0553 0.1981 -0.9786
vn -0.6455 -0.6876 0.3324
vn -0.4903 0.5604 0.6675
vn 0.0629 0.6449 0.7616
vn 0.4727 -0.7170 0.5124
vn -0.0322 0.2325 -0.9721
vn -0.0711 0.9690 0.2367
vn 0.2695 0.5234 0.8083
vn -0.1023 0.2587 -0.9605
vn 0.4625 -0.7669 -0.4450
vn -0.0524 0.9986 0.0058
vn -0.2728 0.5530 0.7873
vn -0.6891 -0.6124 0.3875
vn -0.0553 0.1470 -0.9876
vn 0.0458 0.9879 0.1483
vn 0.0112 0.9985 0.0529
vn -0.2061 -0.8955 -0.3944
vn 0.0968 0.3850 -0.9178
vn -0.3327 0.5917 0.7343
vn 0.0051 -0.1958 -0.9806
vn -0.8509 -0.0999 0.5158
vn 0.5565 -0.0733 0.8276
vn -0.0034 -0.1958 -0.9806
vn 0.8549 -0.0941 0.5102
vn -0.5561 -0.0737 0.8278
vn -0.0006 -0.0491 0.9988
vn 0.7765 -0.0606 -0.6272
vn 0.8334 -0.1974 -0.5162
vn -0.6350 -0.1758 -0.7522
vn -0.8330 -0.1988 -0.5162
vn 0.0011 -0.0491 0.9988
vn -0.5759 0.2650 0.7734
vn -0.7256 0.2739 -0.6312
vn 0.5671 0.2721 0.7774
vn 0.0048 0.2339 -0.9722
vn 0.7167 0.2649 -0.6452
vn 0.0180 0.2166 0.9761
vn -0.0049 0.2339 -0.9723
vn -0.7603 0.2780 0.5872
vn -0.0154 0.2205 0.9753
vn -0.7042 0.3178 -0.6349
vn 0.7910 0.3168 0.5235
vn 0.7381 0.2751 -0.6161
vn -0.0213 0.9998 -0.0000
vn -0.0082 -0.9999 -0.0125
vn 0.0202 0.9998 -0.0000
vn 0.0121 -0.9999 -0.0078
vn -0.0174 0.9998 0.0116
vn -0.0791 0.9955 -0.0526
vn 0.0201 -0.9997 0.0128
vn -0.0197 -0.9994 0.0301
vn 0.0596 0.9955 -0.0734
vn -0.0010 -0.9977 0.0679
vn -0.0103 0.9998 0.0152
vn 0.0183 -0.9998 -0.0000
vn 0.6828 -0.2094 -0.6999
vn -0.0002 0.0138 0.9999
vn 0.8277 -0.0436 -0.5594
vn 0.5930 0.0145 0.8051
vn 0.0014 -0.0613 -0.9981
vn 0.8649 -0.0012 0.5019
vn -0.7765 -0.0613 -0.6272
vn 0.0003 0.0138 0.9999
vn -0.8277 -0.0443 -0.5594
vn -0.5929 0.0144 0.8052
vn -0.0011 -0.0617 -0.9981
vn -0.8649 -0.0015 0.5020
vn 0.0588 -0.9957 0.0711
vn 0.0006 -0.9992 0.0397
vn -0.0390 -0.9981 0.0472
vn 0.0197 0.9997 -0.0121
vn -0.0204 0.9993 -0.0302
vn -0.0192 -0.9997 -0.0128
vn 0.0159 0.9998 0.0098
vn -0.0019 0.9977 -0.0680
vn -0.0205 -0.9998 -0.0000
vn -0.0795 -0.9954 0.0527
vn -0.0393 0.9981 -0.0484
vn 0.0012 0.9991 -0.0427
vn 0.0009 -0.0505 0.9987
vn -0.8146 -0.2033 -0.5432
vn -0.7423 -0.2100 -0.6363
vn 0.8147 -0.2019 -0.5436
vn -0.0010 -0.0505 0.9987
vn -0.5841 -0.0776 0.8080
vn 0.8581 -0.0958 0.5045
vn -0.0039 -0.1973 -0.9803
vn 0.5842 -0.0771 0.8080
vn -0.8579 -0.0964 0.5047
vn 0.0044 -0.1973 -0.9803
vn 0.8179 0.0832 -0.5694
vn 0.8654 0.0856 0.4938
vn -0.8177 0.0829 -0.5696
vn -0.0013 0.0704 0.9975
vn -0.8653 0.0857 0.4938
vn -0.0016 0.0741 -0.9972
vn 0.0014 0.0704 0.9975
vn 0.7765 0.0829 -0.6246
vn 0.0015 0.0741 -0.9972
vn 0.6042 0.0845 0.7923
vn -0.7765 0.0829 -0.6246
vn -0.6041 0.0845 0.7924
vn -0.6043 0.0930 0.7913
vn -0.7760 0.0912 -0.6241
vn 0.6044 0.0930 0.7913
vn 0.0017 0.0815 -0.9967
vn 0.7760 0.0912 -0.6240
vn 0.0016 0.0775 0.9970
vn -0.0017 0.0815 -0.9967
vn -0.8649 0.0943 0.4930
vn -0.0014 0.0775 0.9970
vn -0.8169 0.0915 -0.5694
vn 0.8649 0.0943 0.4930
vn 0.8170 0.0915 -0.5693
vn 0.7404 0.2903 -0.6063
vn 0.8216 0.3501 0.4499
vn -0.7592 0.3626 -0.5406
vn -0.0163 0.2330 0.9723
vn -0.7831 0.2927 0.5487
vn -0.0052 0.2467 -0.9691
vn 0.0046 0.2290 0.9734
vn 0.7234 0.2781 -0.6319
vn 0.0051 0.2467 -0.9691
vn 0.5639 0.2872 0.7743
vn -0.7476 0.2900 -0.5975
vn -0.5970 0.2793 0.7521
vn 0.7428 -0.2084 -0.6363
vn -0.0966 -0.4282 0.8985
vn -0.1681 -0.5747 0.8009
vn -0.5309 0.0479 -0.8461
vn 0.0167 -0.7118 -0.7022
vn -0.3719 -0.7058 -0.6029
vn 0.0026 -0.1030 -0.9947
vn -0.8893 0.2205 -0.4006
vn -0.6047 0.3229 0.7281
vn -0.0083 0.2317 0.9728
vn 0.0156 -0.0225 0.9996
vn -0.7901 -0.0276 0.6124
vn -0.8647 -0.0389 -0.5008
vn 0.0107 -0.0270 -0.9996
vn -0.6154 -0.0303 -0.7876
vn -0.8112 -0.0180 0.5846
vn -0.7693 0.4557 0.4478
vn 0.0638 -0.4405 0.8955
vn 0.1250 -0.5303 0.8385
vn 0.5391 0.0450 -0.8410
vn 0.0048 -0.6887 -0.7250
vn 0.3639 -0.7710 -0.5226
vn -0.0012 -0.1031 -0.9947
vn 0.8396 0.1782 -0.5132
vn 0.6012 0.3275 0.7288
vn 0.0048 0.2317 0.9728
vn -0.0156 -0.0225 0.9996
vn 0.7901 -0.0276 0.6124
vn 0.8648 -0.0389 -0.5007
vn -0.0108 -0.0269 -0.9996
vn 0.6152 -0.0304 -0.7878
vn 0.8111 -0.0178 0.5846
vn 0.7063 0.5962 0.3818
vn 0.0221 -0.2509 0.9678
vn -0.3881 -0.2449 0.8885
vn 0.0240 -0.6845 -0.7286
vn -0.0640 -0.9942 0.0865
vn 0.0107 0.2189 0.9757
vn 0.1768 0.6891 -0.7028
vn -0.0261 -0.2083 -0.9777
vn 0.0110 0.1877 -0.9822
vn -0.0150 -0.2191 0.9756
vn 0.1556 0.8864 0.4361
vn -0.0475 -0.9104 -0.4110
vn -0.4104 -0.5274 -0.7439
vn -0.0054 -0.3381 0.9411
vn 0.3809 -0.3371 0.8610
vn -0.0092 -0.6904 -0.7234
vn 0.5077 -0.6215 -0.5966
vn -0.0046 -0.9985 0.0554
vn -0.0267 0.2449 0.9692
vn -0.0670 0.8638 -0.4993
vn 0.0172 -0.2334 -0.9722
vn 0.0369 0.2788 -0.9596
vn -0.0084 -0.2076 0.9782
vn -0.1629 0.8978 0.4091
vn 0.0005 -0.9322 -0.3619
vn -0.0053 0.1958 0.9806
vn 0.8546 0.0951 -0.5106
vn -0.5567 0.0723 -0.8276
vn 0.0036 0.1958 0.9806
vn -0.8516 0.0985 -0.5149
vn 0.5562 0.0733 -0.8278
vn 0.0008 0.0490 -0.9988
vn -0.7808 0.0599 0.6219
vn -0.8335 0.1970 0.5163
vn 0.6818 0.2098 0.7008
vn 0.8331 0.1987 0.5163
vn -0.0019 0.0486 -0.9988
vn 0.5758 -0.2651 -0.7734
vn 0.7255 -0.2739 0.6314
vn -0.5669 -0.2718 -0.7776
vn -0.0048 -0.2339 0.9723
vn -0.7132 -0.3087 0.6293
vn -0.0159 -0.2205 -0.9753
vn 0.0049 -0.2339 0.9723
vn 0.7311 -0.3965 -0.5552
vn 0.0152 -0.2166 -0.9761
vn 0.7030 -0.3229 0.6336
vn -0.7909 -0.3164 -0.5238
vn -0.7352 -0.3020 0.6069
vn -0.0023 0.5136 -0.8580
vn 0.5648 -0.6646 -0.4892
vn 0.0038 1.0000 -0.0000
vn -0.5650 -0.6646 -0.4889
vn -0.0018 1.0000 -0.0000
vn -0.4210 0.7927 0.4409
vn 0.0336 -0.7621 -0.6466
vn -0.7578 -0.4197 -0.4995
vn 0.4225 0.7913 0.4419
vn -0.8224 -0.2936 0.4874
vn -0.7078 0.3751 -0.5986
vn 0.0381 -0.9993 -0.0014
vn -0.6386 0.1772 0.7488
vn -0.0039 -0.0155 -0.9999
vn -0.8152 0.0577 0.5763
vn -0.6005 -0.0077 -0.7996
vn 0.0023 0.0597 0.9982
vn -0.8605 0.0005 -0.5095
vn 0.7661 0.0336 0.6419
vn -0.0026 -0.0054 -1.0000
vn 0.8207 0.0430 0.5698
vn 0.5980 -0.0098 -0.8014
vn -0.0035 0.0615 0.9981
vn 0.8598 -0.0022 -0.5106
vn -0.2516 -0.8312 0.4957
vn 0.7578 -0.4191 -0.5002
vn 0.8218 -0.2959 0.4869
vn 0.0021 0.5112 -0.8595
vn 0.8118 0.1687 -0.5591
vn -0.0401 -0.9992 -0.0015
vn 0.7076 0.3768 -0.5978
vn 0.8566 0.1991 0.4761
vn -0.0332 -0.7625 -0.6461
vn 0.2502 -0.8318 0.4954
vn -0.8568 0.1977 0.4763
vn -0.8122 0.1645 -0.5596
vn -0.0010 0.0452 -0.9990
vn 0.8100 0.1647 0.5629
vn 0.7555 0.2057 0.6221
vn -0.8335 0.1967 0.5163
vn -0.0077 0.0502 -0.9987
vn 0.5587 0.0588 -0.8273
vn -0.8551 0.0923 -0.5102
vn 0.0034 0.1883 0.9821
vn -0.5888 0.0723 -0.8050
vn 0.8549 0.0921 -0.5105
vn 0.0118 0.1968 0.9804
vn -0.8178 -0.0829 0.5695
vn -0.8653 -0.0859 -0.4939
vn 0.8178 -0.0825 0.5696
vn 0.0013 -0.0704 -0.9975
vn 0.8653 -0.0859 -0.4938
vn 0.0016 -0.0741 0.9972
vn -0.0014 -0.0704 -0.9975
vn -0.7765 -0.0833 0.6246
vn -0.0015 -0.0741 0.9972
vn -0.6041 -0.0847 -0.7924
vn 0.7765 -0.0833 0.6246
vn 0.6041 -0.0846 -0.7924
vn 0.6045 -0.0930 -0.7911
vn 0.7760 -0.0912 0.6241
vn -0.6046 -0.0930 -0.7911
vn -0.0016 -0.0815 0.9967
vn -0.7761 -0.0912 0.6240
vn -0.0015 -0.0775 -0.9970
vn 0.0017 -0.0815 0.9967
vn 0.8650 -0.0943 -0.4929
vn 0.0014 -0.0775 -0.9970
vn 0.8169 -0.0916 0.5694
vn -0.8649 -0.0943 -0.4929
vn -0.8170 -0.0916 0.5693
vn -0.7689 -0.3360 0.5439
vn -0.8227 -0.3500 -0.4480
vn 0.7614 -0.3603 0.5389
vn 0.0037 -0.2290 -0.9734
vn 0.8146 -0.3784 -0.4397
vn 0.0047 -0.2467 0.9691
vn -0.0042 -0.2290 -0.9734
vn -0.7480 -0.2907 0.5967
vn -0.0046 -0.2467 0.9691
vn -0.5991 -0.2792 -0.7504
vn 0.7480 -0.2901 0.5969
vn 0.5987 -0.2792 -0.7507
vn -0.6909 0.1631 0.7043
vn 0.0950 0.6797 0.7273
vn 0.0931 0.8610 0.5000
vn -0.0011 0.7228 -0.6910
vn -0.9282 -0.1267 0.3498
vn -0.1393 0.8747 0.4641
vn -0.1436 0.8786 0.4554
vn -0.0693 0.6679 -0.7410
vn 0.8678 0.3762 0.3247
vn 0.9851 0.0878 0.1481
vn 0.9918 -0.0714 -0.1058
vn 0.9853 0.0400 0.1659
vn 0.9962 -0.0866 0.0088
vn 0.9965 -0.0834 -0.0095
vn 0.9997 0.0138 -0.0186
vn 0.9765 -0.0884 0.1965
vn 0.9774 -0.2114 -0.0095
vn -0.9778 -0.0292 0.2075
vn -0.9983 -0.0572 -0.0088
vn -0.9639 -0.1285 0.2330
vn -0.9914 -0.1294 -0.0203
vn -0.9942 -0.0704 -0.0807
vn -0.9982 -0.0197 0.0561
vn -0.9783 -0.1549 0.1375
vn -0.9834 -0.1757 0.0459
vn -0.8575 0.3961 -0.3282
vn 0.0201 0.6850 -0.7283
vn 0.8490 0.0320 -0.5275
vn 0.1530 0.5471 -0.8230
vn 0.7719 -0.6335 0.0535
vn 0.0786 -0.9668 0.2433
vn 0.4117 -0.9088 0.0678
vn 0.2266 -0.9579 0.1763
vn 0.0183 -0.9721 -0.2339
vn 0.3533 -0.9342 -0.0490
vn -0.3200 -0.9459 -0.0526
vn -0.0798 -0.9727 0.2178
vn -0.4852 -0.8626 0.1433
vn -0.1952 -0.9593 0.2042
vn -0.0197 -0.9576 -0.2876
vn -0.5183 -0.8462 -0.1237
vn 0.6926 -0.3984 0.6013
vn -0.0909 0.0897 0.9918
vn -0.6515 -0.2058 -0.7302
vn -0.6329 -0.0287 -0.7737
vn 0.4048 -0.8517 -0.3327
vn 0.5781 0.7190 0.3858
vn 0.3769 -0.1892 0.9067
vn 0.3836 0.2317 -0.8940
vn 0.3707 -0.2105 -0.9046
vn 0.5646 0.7198 -0.4038
vn 0.3714 0.1957 0.9076
vn 0.4396 -0.8894 0.1252
vn -0.3964 -0.8705 -0.2917
vn -0.5086 0.7722 0.3807
vn -0.3826 -0.2107 0.8996
vn -0.3688 0.2609 -0.8921
vn -0.3778 -0.2380 -0.8948
vn -0.4931 0.7710 -0.4029
vn -0.3597 0.2192 0.9069
vn -0.4241 -0.9014 0.0878
vn 0.8688 0.0929 0.4863
vn 0.8741 -0.2611 -0.4096
vn 0.7173 -0.6251 -0.3079
vn 0.8132 -0.5789 0.0602
vn -0.9465 0.0179 -0.3223
vn -0.9178 0.1129 0.3807
vn -0.8150 -0.5237 -0.2479
vn -0.8697 -0.4914 -0.0471
vn -0.0000 -1.0000 -0.0000
vn -0.0000 1.0000 -0.0000
vn -0.6763 -0.0007 -0.7367
vn 0.3464 0.0619 0.9360
vn -0.7272 0.1601 0.6675
vn 0.7272 -0.1602 -0.6674
vn 0.1176 0.9871 -0.1088
vn 0.5813 -0.1572 -0.7983
vn -0.5813 0.1572 0.7983
vn -0.5213 -0.0319 -0.8528
vn -0.1175 -0.9871 0.1089
vn 0.0727 0.1751 0.9819
vn -0.9722 0.1741 -0.1564
vn -0.8459 0.1176 -0.5202
vn -0.4285 0.0270 -0.9031
vn 0.9669 -0.0667 -0.2462
vn 0.0955 0.4284 -0.8985
vn 0.1416 0.5664 -0.8119
vn 0.5163 -0.0499 0.8550
vn 0.0541 0.6749 0.7359
vn 0.2380 0.7713 0.5902
vn -0.0034 0.1024 0.9947
vn 0.8947 -0.2120 0.3931
vn 0.3195 -0.4718 -0.8218
vn 0.0090 -0.2302 -0.9731
vn 0.7686 -0.4578 -0.4468
vn -0.0635 0.4407 -0.8954
vn -0.1249 0.5092 -0.8515
vn -0.5390 -0.0435 0.8412
vn -0.0269 0.6757 0.7367
vn -0.3830 0.7584 0.5274
vn 0.0014 0.1030 0.9947
vn -0.8365 -0.1847 0.5159
vn -0.5374 -0.4936 -0.6838
vn -0.0033 -0.2319 -0.9727
vn -0.7005 -0.6047 -0.3790
vn 0.0454 0.9971 -0.0612
vn 0.0681 0.2205 -0.9730
vn 0.0091 -0.9821 0.1879
vn 0.1492 0.3542 0.9232
vn -0.0071 0.9766 0.2151
vn 0.3849 -0.9051 -0.1807
vn -0.0255 0.2170 -0.9758
vn 0.4831 0.2701 0.8329
vn 0.0777 0.0100 0.9969
vn 0.0352 -0.9851 0.1681
vn -0.1550 0.2264 -0.9616
vn 0.0235 0.9997 0.0066
vn 0.0029 0.9651 0.2620
vn 0.0808 -0.8980 -0.4326
vn -0.0222 0.2513 -0.9677
vn 0.2806 0.1432 -0.9491
vn 0.0273 -0.8574 -0.5139
vn 0.0400 0.8701 0.4912
vn -0.0128 0.4644 -0.8856
vn 0.2400 -0.0633 0.9687
vn -0.0157 0.6772 0.7356
vn 0.0723 -0.1699 0.9828
vn -0.0336 0.1297 -0.9910
vn 0.0625 0.9946 -0.0830
vn -0.0353 -0.1840 -0.9823
vn -0.1877 -0.7262 0.6613
vn 0.0378 0.2375 0.9707
vn -0.0419 0.4173 0.9078
vn 0.0834 -0.9467 0.3113
vn -0.0389 -0.1751 -0.9838
vn 0.0549 0.9984 -0.0168
vn -0.0485 0.4277 -0.9026
vn -0.0243 -0.2022 0.9790
vn -0.0104 -0.1941 0.9809
vn 0.0006 0.2105 -0.9776
vn 0.0728 0.1745 -0.9820
vn 0.0218 -0.3301 0.9437
vn -0.0148 0.1941 0.9809
vn 0.0990 -0.9537 0.2841
vn 0.1117 -0.2644 -0.9579
vn -0.0816 0.9928 -0.0882
vn -0.0232 0.8999 0.4355
vn 0.1259 -0.9744 -0.1865
vn 0.0828 0.9902 0.1124
vn 0.1005 -0.9464 -0.3069
vn -0.2127 -0.7627 -0.6108
vn 0.0660 0.9277 0.3675
vn -0.0611 0.9980 0.0142
vn -0.0844 0.1903 -0.9781
vn -0.0241 -0.9854 0.1683
vn -0.0908 0.0801 0.9926
vn 0.4085 0.5310 0.7424
vn 0.0047 0.3355 -0.9420
vn -0.0872 0.0617 -0.9943
vn 0.1097 -0.1152 0.9873
vn -0.1347 -0.9566 0.2584
vn 0.2267 0.2171 -0.9495
vn 0.0426 0.9886 0.1442
vn 0.0034 0.9417 0.3364
vn -0.0203 -0.9843 -0.1754
vn -0.0048 0.6773 0.7357
vn -0.0269 -0.9006 -0.4338
vn -0.0238 0.8913 0.4527
vn 0.2355 0.2505 -0.9390
vn -0.1576 -0.1257 0.9795
vn -0.4984 0.6251 0.6007
vn -0.0569 -0.1831 0.9815
vn -0.0961 0.2612 -0.9605
vn -0.0103 0.9958 -0.0914
vn 0.0242 -0.2124 -0.9769
vn 0.0788 -0.9568 0.2799
vn -0.0252 0.2609 0.9650
vn 0.0005 0.4179 0.9085
vn -0.0998 -0.9489 0.2993
vn -0.1200 -0.3300 -0.9363
vn 0.0189 0.9994 0.0274
vn 0.1159 0.1372 -0.9837
vn 0.0168 -0.2103 0.9775
vn -0.0395 -0.3574 0.9331
vn 0.0081 0.1950 -0.9808
vn -0.1808 0.3146 -0.9319
vn -0.0117 -0.3577 0.9338
vn -0.0051 0.4179 0.9085
vn -0.0808 -0.9566 0.2799
vn -0.1404 -0.2890 -0.9470
vn -0.0079 0.9996 0.0274
vn 0.0116 0.9868 0.1614
vn -0.1051 -0.9776 -0.1824
vn 0.0009 0.9869 0.1614
vn -0.1054 -0.9789 -0.1750
vn 0.1762 -0.9677 -0.1806
vn -0.0013 0.9364 0.3510
vn -0.0120 0.9967 0.0797
vn 0.6122 -0.7512 0.2467
vn 0.1861 0.3139 0.9310
vn -0.5765 0.2718 0.7706
vn -0.0475 0.2342 -0.9710
vn -0.4836 -0.8354 -0.2614
vn 0.0074 0.9552 0.2958
vn -0.0131 0.9907 0.1353
vn 0.0038 0.1525 -0.9883
vn -0.5642 -0.7195 0.4050
vn -0.2874 0.3017 0.9090
vn 0.1929 0.5464 0.8150
vn 0.6959 -0.6476 0.3104
vn -0.0375 0.2254 -0.9735
vn -0.1206 0.9822 0.1441
vn 0.2253 0.4168 0.8806
vn -0.0351 0.2128 -0.9765
vn 0.2616 -0.9356 -0.2372
vn -0.1222 0.9878 0.0965
vn -0.0558 0.7154 0.6965
vn -0.3789 -0.7363 0.5606
vn -0.0077 0.0859 -0.9963
vn 0.0353 0.9851 0.1683
vn 0.0470 0.9934 0.1051
vn -0.5381 -0.8034 -0.2549
vn -0.0321 0.3011 -0.9531
vn -0.2868 0.4990 0.8178
vn 0.0059 -0.1953 -0.9807
vn -0.8546 -0.0947 0.5106
vn 0.5357 -0.0618 0.8422
vn -0.0029 -0.1961 -0.9806
vn 0.8513 -0.0991 0.5152
vn -0.5351 -0.0621 0.8425
vn -0.0008 -0.0491 0.9988
vn 0.7611 -0.0357 -0.6476
vn 0.8513 -0.1744 -0.4948
vn -0.6817 -0.2109 -0.7006
vn -0.8508 -0.1760 -0.4951
vn 0.0013 -0.0490 0.9988
vn -0.5701 0.2699 0.7760
vn -0.7233 0.2641 -0.6380
vn 0.5621 0.2651 0.7835
vn 0.0048 0.2339 -0.9723
vn 0.7134 0.3085 -0.6292
vn 0.0159 0.2205 0.9753
vn -0.0050 0.2339 -0.9722
vn -0.7297 0.4013 0.5536
vn -0.0175 0.2166 0.9761
vn -0.7137 0.2732 -0.6449
vn 0.7969 0.2795 0.5356
vn 0.7346 0.3038 -0.6067
vn -0.0203 0.9997 -0.0125
vn -0.0126 -0.9999 -0.0080
vn 0.0192 0.9997 0.0128
vn 0.0079 -0.9999 -0.0120
vn -0.0183 0.9998 -0.0000
vn -0.0589 0.9956 -0.0726
vn 0.0211 -0.9998 -0.0000
vn -0.0006 -0.9991 0.0412
vn 0.0800 0.9954 -0.0532
vn 0.0396 -0.9981 0.0478
vn -0.0155 0.9998 0.0096
vn 0.0174 -0.9998 -0.0115
vn 0.6364 -0.1748 -0.7513
vn 0.8220 -0.0581 -0.5666
vn 0.6004 0.0075 0.7997
vn 0.0012 -0.0616 -0.9981
vn 0.8658 -0.0047 0.5004
vn -0.7609 -0.0360 -0.6479
vn -0.8220 -0.0587 -0.5665
vn -0.6004 0.0073 0.7997
vn -0.0012 -0.0616 -0.9981
vn -0.8657 -0.0050 0.5005
vn 0.0786 -0.9955 0.0521
vn 0.0189 -0.9994 0.0290
vn 0.0010 -0.9978 0.0670
vn 0.0207 0.9998 -0.0000
vn -0.0012 0.9991 -0.0412
vn -0.0202 -0.9998 -0.0000
vn 0.0105 0.9998 0.0156
vn 0.0387 0.9981 -0.0477
vn -0.0196 -0.9997 0.0125
vn -0.0595 -0.9956 0.0720
vn 0.0019 0.9976 -0.0690
vn 0.0212 0.9993 -0.0313
vn 0.0011 -0.0504 0.9987
vn -0.8360 -0.1771 -0.5193
vn -0.6891 -0.1696 -0.7046
vn 0.8364 -0.1755 -0.5193
vn -0.0008 -0.0506 0.9987
vn -0.5579 -0.0635 0.8275
vn 0.8540 -0.1015 0.5103
vn -0.0034 -0.1976 -0.9803
vn 0.5582 -0.0633 0.8273
vn -0.8537 -0.1024 0.5107
vn 0.0052 -0.1968 -0.9804
vn 0.8178 0.0831 -0.5695
vn 0.8653 0.0857 0.4939
vn -0.8180 0.0832 -0.5692
vn -0.8656 0.0854 0.4935
vn 0.6042 0.0845 0.7924
vn 0.7678 0.3362 -0.5454
vn 0.7994 0.2946 0.5237
vn -0.7194 0.2886 -0.6318
vn -0.0042 0.2290 0.9734
vn -0.8133 0.3781 0.4423
vn 0.0168 0.2330 0.9723
vn 0.7475 0.2906 -0.5973
vn 0.5972 0.2792 0.7519
vn -0.7244 0.2779 -0.6309
vn -0.5722 0.2853 0.7689
vn 0.6899 -0.1688 -0.7040
vn 0.0272 -0.5049 0.8628
vn -0.2737 -0.5004 0.8214
vn -0.5411 0.0451 -0.8397
vn -0.0556 -0.6749 -0.7358
vn -0.2468 -0.7717 -0.5862
vn 0.0025 -0.1031 -0.9947
vn -0.8066 0.3058 -0.5058
vn -0.3421 0.4611 0.8188
vn -0.0105 0.2300 0.9731
vn 0.0009 -0.0449 0.9990
vn -0.7780 -0.0486 0.6264
vn -0.8663 -0.0327 -0.4984
vn 0.0007 -0.0425 -0.9991
vn -0.6025 -0.0434 -0.7970
vn -0.8203 -0.0488 0.5698
vn -0.7686 0.4778 0.4254
vn 0.0813 -0.4287 0.8998
vn 0.1852 -0.4873 0.8534
vn 0.5792 0.0338 -0.8145
vn 0.0289 -0.6756 -0.7367
vn 0.3895 -0.7576 -0.5238
vn -0.0005 -0.1036 -0.9946
vn 0.7854 0.2383 -0.5713
vn 0.3324 0.4681 0.8188
vn -0.0009 -0.0449 0.9990
vn 0.7780 -0.0486 0.6264
vn 0.8663 -0.0328 -0.4984
vn -0.0008 -0.0425 -0.9991
vn 0.6024 -0.0434 -0.7970
vn 0.8203 -0.0489 0.5699
vn 0.7078 0.4764 0.5215
vn 0.0101 -0.2365 0.9716
vn -0.2812 -0.1343 0.9502
vn 0.0160 -0.6771 -0.7357
vn -0.0597 -0.9956 0.0716
vn 0.0357 0.1808 0.9829
vn 0.1266 0.8391 -0.5291
vn -0.0380 -0.2373 -0.9707
vn -0.0266 0.2471 -0.9686
vn 0.0005 -0.1878 0.9822
vn 0.2011 0.7313 0.6517
vn -0.0664 -0.9276 -0.3675
vn -0.4972 -0.6204 -0.6066
vn 0.0673 -0.2505 0.9658
vn 0.0893 -0.0558 0.9944
vn 0.0046 -0.6772 -0.7358
vn 0.4157 -0.5595 -0.7171
vn 0.0077 -0.9952 0.0975
vn -0.0020 0.2114 0.9774
vn -0.1239 0.7332 -0.6686
vn 0.0249 -0.2578 -0.9659
vn 0.0007 0.2176 -0.9760
vn 0.0023 -0.2343 0.9722
vn -0.0806 0.7900 0.6078
vn 0.0016 -0.9333 -0.3590
vn -0.0070 0.1949 0.9808
vn 0.8525 0.0979 -0.5135
vn -0.5377 0.0625 -0.8408
vn 0.0040 0.1956 0.9807
vn -0.8549 0.0941 -0.5102
vn 0.5355 0.0625 -0.8422
vn 0.0013 0.0488 -0.9988
vn -0.7663 0.0333 0.6416
vn -0.8503 0.1765 0.4958
vn 0.6372 0.1782 0.7498
vn 0.8503 0.1776 0.4954
vn -0.0011 0.0490 -0.9988
vn 0.5703 -0.2697 -0.7759
vn 0.7233 -0.2650 0.6377
vn -0.5621 -0.2654 -0.7833
vn -0.0044 -0.2333 0.9724
vn -0.7161 -0.2681 0.6444
vn -0.0180 -0.2166 -0.9761
vn 0.0022 -0.2301 0.9732
vn 0.7600 -0.2785 -0.5873
vn 0.0178 -0.2200 -0.9753
vn 0.7137 -0.2732 0.6449
vn -0.7965 -0.2799 -0.5359
vn -0.7382 -0.2752 0.6159
vn -0.0252 0.9297 -0.3674
vn -0.1954 -0.9703 0.1427
vn 0.0206 0.9245 0.3805
vn 0.1988 -0.9691 0.1461
vn -0.0188 0.9245 0.3808
vn -0.3559 0.8778 0.3206
vn 0.0155 -0.9540 0.2993
vn 0.1747 -0.9709 0.1636
vn 0.3562 0.8783 0.3189
vn -0.3020 -0.9213 0.2450
vn -0.4680 0.8040 -0.3668
vn 0.0104 -0.8727 0.4881
vn -0.6829 0.2083 0.7002
vn 0.0025 -0.0055 -1.0000
vn -0.8207 0.0422 0.5698
vn -0.5981 -0.0100 -0.8013
vn 0.0032 0.0612 0.9981
vn -0.8598 -0.0025 -0.5106
vn 0.7808 0.0606 0.6219
vn 0.0039 -0.0154 -0.9999
vn 0.8152 0.0583 0.5762
vn 0.6005 -0.0074 -0.7996
vn -0.0024 0.0597 0.9982
vn 0.8605 0.0008 -0.5095
vn -0.1705 -0.9078 0.3831
vn -0.1717 -0.9721 0.1599
vn 0.3024 -0.9214 0.2443
vn 0.0247 0.9297 -0.3675
vn 0.4647 0.8081 -0.3619
vn -0.0121 -0.8727 0.4880
vn 0.4641 0.8082 -0.3626
vn 0.4735 0.8528 0.2203
vn -0.0151 -0.9541 0.2991
vn 0.1696 -0.9077 0.3839
vn -0.4748 0.8520 0.2204
vn -0.4688 0.8039 -0.3660
vn 0.0079 0.0502 -0.9987
vn 0.8331 0.1982 0.5164
vn 0.6901 0.1639 0.7049
vn -0.8100 0.1632 0.5633
vn 0.0008 0.0454 -0.9990
vn 0.5889 0.0728 -0.8049
vn -0.8557 0.0916 -0.5093
vn -0.0121 0.1968 0.9804
vn -0.5590 0.0586 -0.8271
vn 0.8554 0.0932 -0.5095
vn -0.0051 0.1876 0.9822
vn -0.8181 -0.0833 0.5690
vn -0.8654 -0.0857 -0.4937
vn 0.8185 -0.0833 0.5684
vn 0.0012 -0.0703 -0.9975
vn 0.8658 -0.0853 -0.4931
vn 0.0017 -0.0741 0.9972
vn -0.0013 -0.0703 -0.9975
vn -0.7772 -0.0829 0.6238
vn -0.0016 -0.0741 0.9972
vn -0.6045 -0.0846 -0.7921
vn 0.7772 -0.0829 0.6238
vn 0.6043 -0.0846 -0.7922
vn 0.6043 -0.0930 -0.7913
vn -0.6044 -0.0930 -0.7912
vn -0.0017 -0.0815 0.9967
vn -0.7760 -0.0912 0.6241
vn -0.0016 -0.0775 -0.9970
vn 0.8649 -0.0943 -0.4929
vn 0.8169 -0.0915 0.5694
vn -0.8649 -0.0943 -0.4930
vn -0.8170 -0.0915 0.5693
vn -0.7401 -0.2904 0.6065
vn -0.7991 -0.2948 -0.5240
vn 0.7209 -0.2888 0.6300
vn 0.0163 -0.2331 -0.9723
vn 0.7820 -0.2930 -0.5501
vn 0.0052 -0.2469 0.9690
vn -0.0168 -0.2331 -0.9723
vn -0.7233 -0.2784 0.6320
vn -0.0050 -0.2469 0.9690
vn -0.5637 -0.2871 -0.7745
vn 0.7242 -0.2782 0.6310
vn 0.5722 -0.2853 -0.7689
vn -0.7558 0.2043 0.6221
vn 0.1167 0.8579 0.5005
vn 0.0927 0.8866 0.4531
vn -0.0094 0.6875 -0.7261
vn -0.8438 0.4085 0.3479
vn -0.1026 0.6786 0.7273
vn -0.1439 0.8740 0.4642
vn -0.0800 0.7205 -0.6889
vn 0.9331 -0.0726 0.3522
vn 0.9719 -0.0910 0.2171
vn 0.9990 -0.0430 -0.0099
vn 0.9289 -0.2017 0.3105
vn 0.9947 -0.1014 -0.0196
vn 0.9967 -0.0778 -0.0220
vn 0.9934 -0.0279 0.1115
vn 0.9718 -0.2055 0.1157
vn 0.9805 -0.1967 -0.0026
vn -0.9812 0.1291 0.1436
vn -0.9966 -0.0694 -0.0441
vn -0.9891 0.0683 0.1304
vn -0.9948 -0.0801 0.0634
vn -0.9943 -0.1060 -0.0085
vn -0.9998 0.0089 -0.0198
vn -0.9748 -0.0309 0.2208
vn -0.9892 -0.1325 0.0624
vn -0.9137 -0.0370 -0.4047
vn -0.0038 0.5632 -0.8263
vn 0.7827 0.4657 -0.4128
vn 0.0993 0.6849 -0.7219
vn 0.5706 -0.7614 0.3077
vn 0.0779 -0.9729 0.2178
vn 0.3608 -0.9265 0.1064
vn 0.2353 -0.9530 0.1910
vn 0.0203 -0.9607 -0.2770
vn 0.4025 -0.9153 -0.0179
vn -0.3852 -0.9151 -0.1192
vn -0.0805 -0.9667 0.2430
vn -0.4728 -0.8676 0.1538
vn -0.2037 -0.9544 0.2183
vn -0.0174 -0.9721 -0.2339
vn -0.4940 -0.8573 -0.1452
vn 0.6741 -0.4021 0.6196
vn -0.5886 0.2532 0.7678
vn -0.0767 -0.4552 -0.8871
vn -0.6321 -0.0283 -0.7743
vn 0.8593 0.2725 0.4328
vn 0.7454 0.0131 -0.6664
vn 0.5409 -0.7523 -0.3760
vn 0.7445 -0.6480 0.1605
vn -0.8443 -0.4198 -0.3329
vn -0.9094 0.2157 0.3556
vn -0.6855 -0.6560 -0.3157
vn -0.7688 -0.6218 0.1495
vt 0.204378 0.830190
vt 0.204378 0.978789
vt 0.204378 0.979267
vt 0.204363 0.830190
vt 0.204363 0.979583
vt 0.204363 0.980040
vt 0.085104 0.967560
vt 0.084075 0.960865
vt 0.090447 0.950940
vt 0.092295 0.953652
vt 0.087063 0.955936
vt 0.083285 0.967689
vt 0.083349 0.965343
vt 0.083335 0.963923
vt 0.091475 0.957635
vt 0.090186 0.962358
vt 0.090171 0.960938
vt 0.092216 0.954577
vt 0.091490 0.959055
vt 0.084090 0.962286
vt 0.085379 0.957562
vt 0.088503 0.963984
vt 0.085394 0.958983
vt 0.087048 0.954516
vt 0.088517 0.965404
vt 0.086723 0.966310
vt 0.088828 0.952191
vt 0.085118 0.968981
vt 0.088842 0.953611
vt 0.083891 0.967546
vt 0.091674 0.952375
vt 0.091660 0.950954
vt 0.083906 0.968966
vt 0.083270 0.966269
vt 0.092281 0.952232
vt 0.101912 0.917461
vt 0.101984 0.917318
vt 0.102057 0.916830
vt 0.104206 0.913959
vt 0.104232 0.913828
vt 0.104066 0.913711
vt 0.105637 0.909582
vt 0.105306 0.908633
vt 0.105269 0.909970
vt 0.091420 0.962190
vt 0.089521 0.856366
vt 0.090175 0.965344
vt 0.070735 0.975201
vt 0.070944 0.929586
vt 0.071043 0.973929
vt 0.086687 0.973489
vt 0.088533 0.970287
vt 0.086833 0.972508
vt 0.084757 0.972999
vt 0.084892 0.972805
vt 0.085201 0.971844
vt 0.067049 0.979199
vt 0.067307 0.979730
vt 0.067525 0.979266
vt 0.103449 0.907956
vt 0.103377 0.908098
vt 0.103304 0.908586
vt 0.099723 0.915834
vt 0.100055 0.916784
vt 0.100092 0.915446
vt 0.086894 0.958666
vt 0.085167 0.961817
vt 0.085501 0.962052
vt 0.101288 0.912885
vt 0.100237 0.914903
vt 0.100544 0.914769
vt 0.069451 0.972481
vt 0.068726 0.973110
vt 0.068767 0.973375
vt 0.083644 0.965748
vt 0.082877 0.968911
vt 0.083495 0.968261
vt 0.092161 0.956389
vt 0.090462 0.957529
vt 0.091620 0.957543
vt 0.103688 0.849822
vt 0.103854 0.849939
vt 0.082332 0.856348
vt 0.083774 0.965528
vt 0.084202 0.965341
vt 0.090508 0.965579
vt 0.091541 0.852328
vt 0.091934 0.961965
vt 0.103882 0.842793
vt 0.104412 0.907299
vt 0.104227 0.907873
vt 0.087628 0.860665
vt 0.088634 0.970945
vt 0.069510 0.972086
vt 0.068213 0.928740
vt 0.083557 0.866151
vt 0.083248 0.867112
vt 0.104747 0.842803
vt 0.105216 0.907308
vt 0.105016 0.842230
vt 0.090834 0.956373
vt 0.091805 0.845473
vt 0.090236 0.845454
vt 0.100128 0.847315
vt 0.099121 0.849866
vt 0.099681 0.917366
vt 0.098531 0.852301
vt 0.098481 0.854113
vt 0.101268 0.853582
vt 0.101196 0.854069
vt 0.102538 0.851922
vt 0.103165 0.915775
vt 0.103115 0.915448
vt 0.102766 0.843655
vt 0.102839 0.843168
vt 0.082157 0.866134
vt 0.083594 0.972790
vt 0.084043 0.971830
vt 0.100327 0.847455
vt 0.099428 0.849732
vt 0.085638 0.850370
vt 0.083578 0.854129
vt 0.070696 0.929847
vt 0.070510 0.975365
vt 0.070794 0.974190
vt 0.103234 0.915732
vt 0.103828 0.850071
vt 0.087526 0.860007
vt 0.085326 0.863673
vt 0.085472 0.862692
vt 0.091612 0.826809
vt 0.090043 0.826790
vt 0.069080 0.927924
vt 0.068253 0.929005
vt 0.101134 0.917543
vt 0.105293 0.907238
vt 0.105550 0.843101
vt 0.105092 0.842160
vt 0.099930 0.855134
vt 0.101123 0.854212
vt 0.104391 0.907228
vt 0.102911 0.843025
vt 0.066469 0.935371
vt 0.067286 0.978775
vt 0.066232 0.935794
vt 0.066540 0.936429
vt 0.098900 0.851913
vt 0.098855 0.853530
vt 0.089865 0.846610
vt 0.105179 0.843707
vt 0.105503 0.844936
vt 0.105135 0.845324
vt 0.081477 0.859878
vt 0.081774 0.856755
vt 0.080860 0.860528
vt 0.091265 0.846626
vt 0.089672 0.827946
vt 0.091072 0.827962
vt 0.105553 0.843124
vt 0.105680 0.908050
vt 0.085838 0.850847
vt 0.087094 0.959143
vt 0.105302 0.908610
vt 0.104948 0.907881
vt 0.091027 0.852552
vt 0.089854 0.856600
vt 0.100152 0.854444
vt 0.105176 0.843684
vt 0.104046 0.842148
vt 0.104067 0.842219
vt 0.085754 0.850299
vt 0.101089 0.912745
vt 0.083911 0.854364
vt 0.081904 0.856535
vt 0.066259 0.935698
vt 0.081964 0.847470
vt 0.081604 0.866076
vt 0.066758 0.935964
vt 0.100912 0.918233
vt 0.082992 0.848642
vt 0.081689 0.867289
vt 0.081424 0.848624
vt 0.087010 0.958595
vt 0.102658 0.852207
vt 0.102588 0.852249
vt 0.070577 0.931104
vt 0.070524 0.931192
vt 0.070352 0.931267
vt 0.105676 0.908027
vt 0.083364 0.847487
vt 0.067076 0.979102
vt 0.083173 0.866094
vt 0.083575 0.972984
vt 0.083113 0.867305
vt 0.587219 0.635698
vt 0.586810 0.645002
vt 0.586790 0.644881
vt 0.586846 0.674173
vt 0.587255 0.664869
vt 0.586825 0.674052
vt 0.586282 0.682861
vt 0.586276 0.682521
vt 0.585682 0.689492
vt 0.585691 0.688986
vt 0.585135 0.693059
vt 0.585158 0.692464
vt 0.584759 0.692423
vt 0.584554 0.688873
vt 0.584726 0.693019
vt 0.584575 0.682351
vt 0.584516 0.689376
vt 0.584819 0.673851
vt 0.584538 0.682686
vt 0.585248 0.664668
vt 0.584788 0.673967
vt 0.585798 0.656200
vt 0.585228 0.664547
vt 0.586383 0.649734
vt 0.585791 0.655860
vt 0.586916 0.646257
vt 0.586392 0.649228
vt 0.587348 0.645702
vt 0.587315 0.646297
vt 0.587558 0.649345
vt 0.587520 0.649848
vt 0.587536 0.656035
vt 0.587498 0.656370
vt 0.587286 0.664753
vt 0.586247 0.653689
vt 0.586240 0.653350
vt 0.585646 0.660321
vt 0.585655 0.659815
vt 0.585099 0.663888
vt 0.585122 0.663292
vt 0.584690 0.663847
vt 0.584723 0.663252
vt 0.584518 0.659701
vt 0.584480 0.660204
vt 0.584540 0.653179
vt 0.584502 0.653514
vt 0.584783 0.644680
vt 0.584752 0.644796
vt 0.585213 0.635497
vt 0.585192 0.635376
vt 0.585762 0.627028
vt 0.585756 0.626688
vt 0.586348 0.620563
vt 0.586356 0.620057
vt 0.586880 0.617086
vt 0.586903 0.616490
vt 0.587312 0.616531
vt 0.587279 0.617126
vt 0.587522 0.620174
vt 0.587484 0.620677
vt 0.587500 0.626863
vt 0.587463 0.627198
vt 0.587250 0.635582
vt 0.586939 0.645661
vt 0.081707 0.867094
vt 0.070682 0.975290
vt 0.087504 0.289739
vt 0.087537 0.294438
vt 0.087559 0.289905
vt 0.087585 0.293522
vt 0.087610 0.289406
vt 0.087574 0.279686
vt 0.087562 0.286682
vt 0.087549 0.280360
vt 0.087537 0.293754
vt 0.087504 0.290010
vt 0.087559 0.290153
vt 0.087576 0.292900
vt 0.087593 0.289571
vt 0.087504 0.286466
vt 0.087504 0.280232
vt 0.087610 0.279030
vt 0.087604 0.285743
vt 0.087562 0.285199
vt 0.087580 0.278651
vt 0.087549 0.279034
vt 0.087504 0.284944
vt 0.087504 0.278882
vt 0.087504 0.260467
vt 0.087544 0.258095
vt 0.087504 0.258000
vt 0.087563 0.260509
vt 0.087543 0.260560
vt 0.087588 0.260685
vt 0.087561 0.258605
vt 0.087589 0.258222
vt 0.087504 0.261209
vt 0.087544 0.258837
vt 0.087543 0.261290
vt 0.087560 0.261061
vt 0.087563 0.258044
vt 0.087623 0.282438
vt 0.087471 0.294288
vt 0.087504 0.294907
vt 0.087449 0.289698
vt 0.087423 0.293192
vt 0.087434 0.279593
vt 0.087446 0.286541
vt 0.087415 0.286043
vt 0.087471 0.293611
vt 0.087449 0.289966
vt 0.087435 0.292609
vt 0.087415 0.289290
vt 0.087459 0.280299
vt 0.087398 0.278883
vt 0.087377 0.282560
vt 0.087459 0.278957
vt 0.087409 0.284749
vt 0.087446 0.285036
vt 0.087464 0.258093
vt 0.087465 0.260558
vt 0.087445 0.260509
vt 0.087445 0.258043
vt 0.087420 0.260691
vt 0.087447 0.258616
vt 0.087448 0.261072
vt 0.087464 0.258846
vt 0.087504 0.258755
vt 0.087465 0.261298
vt 0.087419 0.258228
vt 0.087428 0.278530
vt 0.087807 0.293625
vt 0.087723 0.293921
vt 0.087722 0.293907
vt 0.087721 0.291395
vt 0.087807 0.288242
vt 0.087719 0.288317
vt 0.087717 0.286650
vt 0.087807 0.287250
vt 0.087713 0.287282
vt 0.087807 0.290598
vt 0.087717 0.293160
vt 0.087715 0.290260
vt 0.087666 0.293190
vt 0.087646 0.293786
vt 0.087631 0.293225
vt 0.087647 0.286443
vt 0.087672 0.286740
vt 0.087651 0.285153
vt 0.087675 0.294047
vt 0.087650 0.290273
vt 0.087640 0.294104
vt 0.087663 0.287454
vt 0.087641 0.290085
vt 0.087644 0.287037
vt 0.087664 0.290277
vt 0.087672 0.290707
vt 0.087670 0.287483
vt 0.087678 0.293838
vt 0.087599 0.284988
vt 0.087807 0.286709
vt 0.087807 0.292744
vt 0.087807 0.291323
vt 0.088030 0.293322
vt 0.087952 0.293744
vt 0.087952 0.293899
vt 0.088031 0.290993
vt 0.087952 0.288599
vt 0.087952 0.291226
vt 0.087952 0.288315
vt 0.088026 0.287419
vt 0.087952 0.288779
vt 0.088026 0.290881
vt 0.087952 0.292985
vt 0.087952 0.290872
vt 0.087872 0.291076
vt 0.087872 0.287224
vt 0.087873 0.288000
vt 0.087872 0.293096
vt 0.087807 0.293465
vt 0.087872 0.293067
vt 0.087872 0.287963
vt 0.088033 0.293169
vt 0.087874 0.291485
vt 0.087872 0.292803
vt 0.088029 0.287096
vt 0.088027 0.292645
vt 0.087289 0.293840
vt 0.087201 0.293186
vt 0.087292 0.293326
vt 0.087291 0.291187
vt 0.087201 0.288355
vt 0.087201 0.291213
vt 0.087298 0.286563
vt 0.087201 0.287338
vt 0.087201 0.286821
vt 0.087296 0.292270
vt 0.087201 0.290441
vt 0.087298 0.289734
vt 0.087342 0.292541
vt 0.087344 0.289606
vt 0.087336 0.286135
vt 0.087300 0.287200
vt 0.087336 0.290122
vt 0.087293 0.288192
vt 0.087333 0.293473
vt 0.087330 0.293195
vt 0.087338 0.286904
vt 0.087201 0.292041
vt 0.087345 0.287061
vt 0.087201 0.293223
vt 0.087056 0.293265
vt 0.086978 0.293322
vt 0.087056 0.293284
vt 0.087056 0.288639
vt 0.086977 0.291161
vt 0.087056 0.291015
vt 0.087056 0.288362
vt 0.086982 0.288080
vt 0.086981 0.286831
vt 0.087056 0.292563
vt 0.086982 0.291054
vt 0.087056 0.290729
vt 0.087136 0.291161
vt 0.087136 0.287464
vt 0.087136 0.291390
vt 0.087136 0.293309
vt 0.087136 0.293373
vt 0.087136 0.288172
vt 0.087056 0.288818
vt 0.086975 0.293169
vt 0.087136 0.287866
vt 0.087136 0.292887
vt 0.086979 0.287795
vt 0.086981 0.292658
vt 0.087367 0.289532
vt 0.087369 0.286595
vt 0.087358 0.289642
vt 0.087368 0.293506
vt 0.087361 0.285920
vt 0.087362 0.293129
vt 0.087377 0.292715
vt 0.087358 0.284316
vt 0.087591 0.293012
vt 0.087397 0.289054
vt 0.087417 0.292825
vt 0.087546 0.271127
vt 0.087504 0.271006
vt 0.087409 0.271123
vt 0.087546 0.272145
vt 0.087567 0.271701
vt 0.087462 0.271089
vt 0.087599 0.271189
vt 0.087462 0.272120
vt 0.087441 0.271663
vt 0.581862 0.885796
vt 0.582096 0.892877
vt 0.582086 0.885695
vt 0.087571 0.270911
vt 0.087437 0.270854
vt 0.087504 0.272042
vt 0.087402 0.223566
vt 0.087426 0.218470
vt 0.087433 0.223515
vt 0.087433 0.222476
vt 0.087389 0.218496
vt 0.087399 0.223282
vt 0.087575 0.223500
vt 0.087615 0.218817
vt 0.087606 0.223699
vt 0.087504 0.217220
vt 0.087426 0.217400
vt 0.087575 0.222480
vt 0.087608 0.221403
vt 0.087582 0.217405
vt 0.087504 0.222941
vt 0.087504 0.217742
vt 0.087504 0.222311
vt 0.087348 0.222992
vt 0.087393 0.218635
vt 0.087582 0.218453
vt 0.087338 0.223050
vt 0.087353 0.226754
vt 0.087670 0.221694
vt 0.087655 0.225735
vt 0.087609 0.223316
vt 0.087619 0.218542
vt 0.581839 0.893007
vt 0.581400 0.892820
vt 0.581841 0.885796
vt 0.582054 0.885695
vt 0.580961 0.894502
vt 0.581400 0.894325
vt 0.580959 0.885791
vt 0.580713 0.885694
vt 0.580937 0.885791
vt 0.581839 0.894486
vt 0.581860 0.894486
vt 0.580764 0.894037
vt 0.580939 0.894502
vt 0.581400 0.885610
vt 0.580459 0.886056
vt 0.580745 0.885694
vt 0.582035 0.894015
vt 0.582066 0.894015
vt 0.580737 0.886816
vt 0.580413 0.886056
vt 0.580961 0.893002
vt 0.580703 0.892875
vt 0.580736 0.892875
vt 0.581841 0.887250
vt 0.581400 0.887088
vt 0.581862 0.887250
vt 0.582387 0.886044
vt 0.582396 0.893250
vt 0.581860 0.893007
vt 0.582062 0.886794
vt 0.580937 0.887267
vt 0.580403 0.893262
vt 0.580733 0.894037
vt 0.580939 0.893002
vt 0.580768 0.886816
vt 0.582340 0.886044
vt 0.582031 0.886794
vt 0.582350 0.893250
vt 0.582063 0.892877
vt 0.580959 0.887267
vt 0.580449 0.893262
vt 0.087543 0.264922
vt 0.087504 0.264841
vt 0.087419 0.264307
vt 0.087445 0.264113
vt 0.087465 0.264177
vt 0.087589 0.264302
vt 0.087563 0.264114
vt 0.087465 0.264930
vt 0.087447 0.264696
vt 0.087561 0.264685
vt 0.087504 0.264086
vt 0.087543 0.264179
vt 0.087570 0.247893
vt 0.087608 0.237963
vt 0.087577 0.237746
vt 0.087599 0.248092
vt 0.087574 0.238432
vt 0.087438 0.247892
vt 0.087400 0.237968
vt 0.087409 0.248099
vt 0.087549 0.248780
vt 0.087504 0.238616
vt 0.087553 0.238717
vt 0.087434 0.238446
vt 0.087440 0.248532
vt 0.087549 0.247950
vt 0.087504 0.237692
vt 0.087504 0.247844
vt 0.087459 0.248789
vt 0.087504 0.248688
vt 0.087553 0.237808
vt 0.087459 0.247947
vt 0.087455 0.237805
vt 0.087568 0.248520
vt 0.087431 0.237745
vt 0.087455 0.238727
vt 0.087504 0.289592
vt 0.087536 0.294238
vt 0.087504 0.294723
vt 0.087558 0.289753
vt 0.087585 0.293122
vt 0.087571 0.279732
vt 0.087561 0.286524
vt 0.087601 0.285716
vt 0.087504 0.289734
vt 0.087536 0.293460
vt 0.087558 0.289868
vt 0.087576 0.292537
vt 0.087592 0.289323
vt 0.087548 0.280364
vt 0.087504 0.286292
vt 0.087606 0.279168
vt 0.087620 0.282743
vt 0.087578 0.278784
vt 0.087561 0.285220
vt 0.087547 0.279149
vt 0.087504 0.284938
vt 0.087504 0.278968
vt 0.087504 0.260868
vt 0.087542 0.258063
vt 0.087542 0.261107
vt 0.087559 0.260915
vt 0.087584 0.261325
vt 0.087559 0.258574
vt 0.087558 0.261494
vt 0.087543 0.258808
vt 0.087504 0.261610
vt 0.087542 0.261774
vt 0.087585 0.258182
vt 0.087597 0.285128
vt 0.087472 0.294105
vt 0.087450 0.289549
vt 0.087423 0.292813
vt 0.087397 0.288944
vt 0.087437 0.279634
vt 0.087447 0.286384
vt 0.087460 0.280301
vt 0.087472 0.293311
vt 0.087450 0.289676
vt 0.087436 0.292247
vt 0.087416 0.289028
vt 0.087504 0.280222
vt 0.087402 0.279026
vt 0.087418 0.285965
vt 0.087447 0.285053
vt 0.087430 0.278671
vt 0.087460 0.279073
vt 0.087466 0.258060
vt 0.087466 0.261105
vt 0.087448 0.260915
vt 0.087449 0.258586
vt 0.087424 0.261331
vt 0.087450 0.261505
vt 0.087465 0.258817
vt 0.087465 0.261783
vt 0.087423 0.258188
vt 0.087381 0.282912
vt 0.087992 0.293080
vt 0.088030 0.292912
vt 0.087991 0.293202
vt 0.087991 0.288137
vt 0.088031 0.290997
vt 0.087991 0.291109
vt 0.087990 0.287612
vt 0.088026 0.287694
vt 0.088028 0.286468
vt 0.087989 0.292511
vt 0.088026 0.290885
vt 0.087989 0.290878
vt 0.087989 0.288378
vt 0.088032 0.292808
vt 0.088030 0.287375
vt 0.088027 0.292346
vt 0.087410 0.284899
vt 0.086978 0.292915
vt 0.087016 0.292826
vt 0.087017 0.292899
vt 0.087017 0.291096
vt 0.086978 0.288080
vt 0.087017 0.288521
vt 0.087018 0.288034
vt 0.086982 0.288362
vt 0.087019 0.288736
vt 0.086982 0.291056
vt 0.087019 0.292293
vt 0.087019 0.290893
vt 0.086977 0.291164
vt 0.086980 0.287275
vt 0.086981 0.292338
vt 0.087544 0.271216
vt 0.087504 0.271085
vt 0.087413 0.271201
vt 0.087444 0.271699
vt 0.087545 0.272171
vt 0.087564 0.271737
vt 0.087464 0.271179
vt 0.087595 0.271267
vt 0.087463 0.272146
vt 0.087504 0.272062
vt 0.087560 0.263750
vt 0.087542 0.260968
vt 0.087559 0.260936
vt 0.087569 0.270988
vt 0.087439 0.270931
vt 0.087427 0.218362
vt 0.087405 0.223442
vt 0.087434 0.223404
vt 0.087391 0.218385
vt 0.087435 0.222352
vt 0.087401 0.223166
vt 0.087613 0.218701
vt 0.087574 0.223389
vt 0.087603 0.223579
vt 0.087504 0.217126
vt 0.087504 0.222215
vt 0.087573 0.222356
vt 0.087605 0.221292
vt 0.087607 0.223200
vt 0.087504 0.222851
vt 0.087350 0.222858
vt 0.087357 0.226561
vt 0.087504 0.217654
vt 0.087341 0.222933
vt 0.087666 0.221520
vt 0.087651 0.225560
vt 0.087504 0.263684
vt 0.087541 0.263827
vt 0.087542 0.263634
vt 0.087504 0.264440
vt 0.087466 0.264456
vt 0.087504 0.264440
vt 0.087466 0.260966
vt 0.087542 0.264447
vt 0.087465 0.264532
vt 0.087450 0.264246
vt 0.087425 0.261093
vt 0.087558 0.264235
vt 0.087542 0.264523
vt 0.087448 0.263700
vt 0.087466 0.263825
vt 0.087466 0.263631
vt 0.087504 0.261610
vt 0.087543 0.261652
vt 0.087583 0.261087
vt 0.087557 0.264299
vt 0.087557 0.261441
vt 0.087504 0.263721
vt 0.087504 0.260904
vt 0.087584 0.263937
vt 0.087448 0.263750
vt 0.087465 0.261660
vt 0.087424 0.263943
vt 0.087451 0.264310
vt 0.087451 0.261452
vt 0.087560 0.263702
vt 0.087585 0.263636
vt 0.087423 0.263642
vt 0.087568 0.247858
vt 0.087604 0.237843
vt 0.087595 0.248043
vt 0.087571 0.238350
vt 0.087565 0.248482
vt 0.087404 0.237844
vt 0.087440 0.247857
vt 0.087413 0.248050
vt 0.087547 0.248743
vt 0.087504 0.238555
vt 0.087504 0.248658
vt 0.087437 0.238363
vt 0.087443 0.248495
vt 0.087504 0.237626
vt 0.087547 0.247910
vt 0.087504 0.247813
vt 0.087460 0.248753
vt 0.087551 0.237722
vt 0.087461 0.247907
vt 0.087552 0.238642
vt 0.087457 0.237719
vt 0.087456 0.238652
vt 0.087447 0.258015
vt 0.087504 0.257975
vt 0.087561 0.258016
vt 0.087504 0.258731
vt 0.087574 0.237668
vt 0.087434 0.237666
vt 0.087504 0.293874
vt 0.087504 0.293597
vt 0.087591 0.292615
vt 0.088027 0.286023
vt 0.086975 0.292791
vt 0.087417 0.292427
vt 0.087581 0.217284
vt 0.087581 0.218345
vt 0.087617 0.218426
vt 0.087428 0.217280
vt 0.087395 0.218514
vt 0.087952 0.291041
vt 0.087056 0.290827
vt 0.087378 0.286535
vt 0.087622 0.286414
vt 0.087610 0.289291
vt 0.221809 0.934146
vt 0.221809 0.824075
vt 0.222449 0.824075
vt 0.222449 0.934144
vt 0.092231 0.955998
vt 0.090462 0.952360
vt 0.086738 0.967730
vt 0.069139 0.927529
vt 0.087449 0.260936
s 0
usemtl Texture_Map
f 2/1/1 8/2/1 6/3/1
f 1/4/2 7/5/2 3/4/2
f 3/4/3 8/2/3 4/1/3
f 1/4/4 6/3/4 5/6/4
f 13/7/5 17/8/5 21/9/5
f 39/10/6 35/11/6 31/12/6
f 32/13/7 17/8/7 16/14/7
f 9/15/8 26/16/8 10/17/8
f 24/18/9 25/19/9 9/15/9
f 33/20/10 18/21/10 17/8/10
f 26/16/11 11/22/11 10/17/11
f 34/23/12 19/24/12 18/21/12
f 27/25/13 12/26/13 11/22/13
f 35/11/14 20/27/14 19/24/14
f 12/26/15 29/28/15 13/7/15
f 36/29/16 21/9/16 20/27/16
f 29/28/17 14/30/17 13/7/17
f 21/9/18 38/31/18 22/32/18
f 30/33/19 15/34/19 14/30/19
f 38/31/20 23/35/20 22/32/20
f 31/12/21 16/14/21 15/34/21
f 39/10/22 24/18/22 23/35/22
f 251/36/23 252/37/23 47/38/23
f 245/39/24 246/40/24 43/41/24
f 128/42/6 69/43/6 72/44/6
f 41/45/25 75/46/25 44/47/25
f 250/48/26 107/49/26 129/50/26
f 133/51/6 45/52/6 48/53/6
f 253/54/24 254/55/24 49/56/24
f 258/57/6 135/58/6 51/59/6
f 265/60/6 266/61/6 63/62/6
f 137/63/6 53/64/6 56/65/6
f 264/66/6 142/67/6 59/68/6
f 60/69/6 140/70/6 57/71/6
f 64/72/6 143/73/6 61/74/6
f 262/75/6 138/76/6 55/77/6
f 125/78/6 65/79/6 68/80/6
f 76/81/27 246/40/27 221/82/27
f 89/83/28 261/84/28 58/85/28
f 130/86/29 109/87/29 132/88/29
f 97/89/30 259/90/30 66/91/30
f 133/51/31 116/92/31 131/93/31
f 144/94/32 117/95/32 143/73/32
f 82/96/30 254/55/30 231/97/30
f 100/98/33 244/99/33 239/100/33
f 139/101/34 123/102/34 124/103/34
f 140/70/35 114/104/35 112/105/35
f 136/106/36 111/107/36 122/108/36
f 80/109/37 252/37/37 227/110/37
f 77/111/38 247/112/38 46/113/38
f 96/114/39 266/61/39 229/115/39
f 83/116/33 255/117/33 52/118/33
f 112/105/5 91/119/5 90/120/5
f 63/62/40 97/89/40 66/91/40
f 43/41/41 77/111/41 46/113/41
f 142/67/42 225/121/42 113/122/42
f 104/123/43 42/124/43 71/125/43
f 248/126/44 222/127/44 245/39/44
f 250/48/6 129/50/6 71/125/6
f 78/128/5 118/129/5 79/130/5
f 45/52/45 79/130/45 48/53/45
f 124/103/46 148/131/46 149/132/46
f 117/95/5 95/133/5 94/134/5
f 80/109/47 50/135/47 47/38/47
f 243/136/48 106/137/48 240/138/48
f 251/36/49 120/139/49 228/140/49
f 82/96/50 52/118/50 49/56/50
f 260/141/51 230/142/51 265/60/51
f 51/59/52 85/143/52 54/144/52
f 135/58/53 237/145/53 121/146/53
f 53/64/54 87/147/54 56/65/54
f 86/148/5 111/107/5 87/147/5
f 98/149/55 68/80/55 65/79/55
f 102/150/5 108/151/5 103/152/5
f 88/153/56 58/85/56 55/77/56
f 138/76/57 219/154/57 110/155/57
f 57/71/58 91/119/58 60/69/58
f 99/156/59 150/157/59 147/158/59
f 128/42/60 105/159/60 127/160/60
f 59/68/61 93/161/61 62/162/61
f 100/98/62 70/163/62 67/164/62
f 74/165/5 115/166/5 75/46/5
f 94/134/63 64/72/63 61/74/63
f 69/43/64 103/152/64 72/44/64
f 79/130/39 133/51/39 48/53/39
f 228/140/5 120/139/5 81/167/5
f 99/156/65 125/78/65 68/80/65
f 240/138/5 106/137/5 101/168/5
f 243/136/24 244/99/24 67/164/24
f 98/149/66 139/101/66 124/103/66
f 95/133/37 144/94/37 64/72/37
f 241/169/5 242/170/5 97/89/5
f 225/121/5 226/171/5 93/161/5
f 94/134/38 143/73/38 117/95/38
f 91/119/27 141/172/27 60/69/27
f 92/173/67 142/67/67 113/122/67
f 219/154/5 220/174/5 89/83/5
f 90/120/68 140/70/68 112/105/68
f 87/147/69 137/63/69 56/65/69
f 88/153/70 138/76/70 110/155/70
f 237/145/71 238/175/71 85/143/71
f 86/148/72 136/106/72 122/108/72
f 151/176/33 236/177/33 83/116/33
f 84/178/65 135/58/65 121/146/65
f 81/167/66 134/179/66 50/135/66
f 145/180/59 234/181/59 152/182/59
f 93/161/73 263/183/73 62/162/73
f 78/128/73 131/93/73 116/92/73
f 75/46/67 130/86/67 44/47/67
f 223/184/5 224/185/5 77/111/5
f 217/186/5 218/187/5 73/188/5
f 74/165/28 132/88/28 109/87/28
f 103/152/70 128/42/70 72/44/70
f 104/123/69 129/50/69 107/49/69
f 101/168/72 126/189/72 70/163/72
f 102/150/74 127/160/74 105/159/74
f 44/47/6 132/88/6 41/45/6
f 145/180/5 151/176/5 146/190/5
f 150/157/5 148/131/5 147/158/5
f 83/116/75 146/190/75 151/176/75
f 85/143/74 257/191/74 54/144/74
f 233/192/30 145/180/30 146/190/30
f 256/193/76 232/194/76 253/54/76
f 124/103/66 150/157/66 98/149/66
f 99/156/65 148/131/65 123/102/65
f 186/195/5 201/196/5 185/197/5
f 154/198/6 170/199/6 169/200/6
f 155/201/6 169/200/6 171/202/6
f 156/203/6 171/202/6 172/204/6
f 157/205/6 172/204/6 173/206/6
f 174/207/6 157/205/6 173/206/6
f 175/208/6 158/209/6 174/207/6
f 176/210/6 159/211/6 175/208/6
f 177/212/6 160/213/6 176/210/6
f 178/214/6 161/215/6 177/212/6
f 179/216/6 162/217/6 178/214/6
f 180/218/23 163/219/23 179/216/23
f 181/220/6 164/221/6 180/218/6
f 166/222/6 181/220/6 182/223/6
f 167/224/6 182/223/6 183/225/6
f 168/226/6 183/225/6 184/227/6
f 153/228/6 184/227/6 170/199/6
f 185/197/5 203/229/5 187/230/5
f 187/230/5 204/231/5 188/232/5
f 188/232/5 205/233/5 189/234/5
f 189/234/5 206/235/5 190/236/5
f 191/237/5 206/235/5 207/238/5
f 192/239/5 207/238/5 208/240/5
f 193/241/5 208/240/5 209/242/5
f 194/243/5 209/242/5 210/244/5
f 195/245/5 210/244/5 211/246/5
f 196/247/5 211/246/5 212/248/5
f 197/249/5 212/248/5 213/250/5
f 197/249/5 214/251/5 198/252/5
f 198/252/5 215/253/5 199/254/5
f 199/254/5 216/255/5 200/256/5
f 200/256/5 202/257/5 186/195/5
f 180/218/15 197/249/15 181/220/15
f 163/219/77 210/244/77 162/217/77
f 182/223/59 197/249/59 198/252/59
f 163/219/78 212/248/78 211/246/78
f 182/223/19 199/254/19 183/225/19
f 170/199/10 185/197/10 169/200/10
f 164/221/16 213/250/16 212/248/16
f 183/225/79 200/256/79 184/227/79
f 171/202/77 185/197/77 187/230/77
f 166/222/18 213/250/18 165/258/18
f 184/227/7 186/195/7 170/199/7
f 171/202/78 188/232/78 172/204/78
f 166/222/20 215/253/20 214/251/20
f 154/198/80 202/257/80 153/228/80
f 173/206/16 188/232/16 189/234/16
f 168/226/81 215/253/81 167/224/81
f 154/198/11 203/229/11 201/196/11
f 173/206/46 190/236/46 174/207/46
f 168/226/9 202/257/9 216/255/9
f 156/203/13 203/229/13 155/201/13
f 175/208/20 190/236/20 191/237/20
f 157/205/15 204/231/15 156/203/15
f 176/210/22 191/237/22 192/239/22
f 157/205/17 206/235/17 205/233/17
f 177/212/9 192/239/9 193/241/9
f 159/211/19 206/235/19 158/209/19
f 178/214/80 193/241/80 194/243/80
f 159/211/21 208/240/21 207/238/21
f 178/214/11 195/245/11 179/216/11
f 161/215/7 208/240/7 160/213/7
f 180/218/13 195/245/13 196/247/13
f 161/215/10 210/244/10 209/242/10
f 231/97/82 232/194/82 233/192/82
f 234/181/83 235/259/83 236/177/83
f 250/48/84 218/187/84 217/186/84
f 245/39/85 221/82/85 246/40/85
f 248/126/86 224/185/86 223/184/86
f 253/54/87 231/97/87 254/55/87
f 256/193/88 235/259/88 234/181/88
f 258/57/89 238/175/89 237/145/89
f 262/75/90 220/174/90 219/154/90
f 264/66/91 226/171/91 225/121/91
f 265/60/92 229/115/92 266/61/92
f 260/141/93 242/170/93 241/169/93
f 243/136/94 239/100/94 244/99/94
f 251/36/95 227/110/95 252/37/95
f 73/188/68 249/260/68 42/124/68
f 363/261/96 270/262/96 381/263/96
f 381/263/97 273/264/97 328/265/97
f 286/266/98 279/267/98 284/268/98
f 267/269/99 364/270/99 379/271/99
f 314/272/100 379/271/100 327/273/100
f 284/268/101 281/274/101 287/275/101
f 291/276/102 280/277/102 286/266/102
f 278/278/103 285/279/103 283/280/103
f 282/281/104 283/280/104 288/282/104
f 469/283/105 437/284/105 441/285/105
f 468/286/106 437/284/106 461/287/106
f 474/288/107 439/289/107 443/290/107
f 472/291/108 438/292/108 463/293/108
f 465/294/109 438/292/109 439/289/109
f 468/286/110 443/290/110 440/295/110
f 285/279/111 321/296/111 291/276/111
f 363/261/112 295/297/112 275/298/112
f 362/299/113 298/300/113 295/297/113
f 305/301/114 300/302/114 301/303/114
f 364/270/115 292/304/115 326/305/115
f 326/305/116 365/306/116 320/307/116
f 303/308/117 281/274/117 300/302/117
f 309/309/118 301/303/118 308/310/118
f 302/311/119 367/312/119 299/313/119
f 302/311/120 282/281/120 288/282/120
f 469/283/121 444/314/121 476/315/121
f 481/316/122 444/314/122 447/317/122
f 483/318/123 446/319/123 480/320/123
f 472/291/124 445/321/124 442/322/124
f 480/320/125 445/321/125 478/323/125
f 481/316/126 448/324/126 483/318/126
f 304/325/127 308/310/127 367/312/127
f 354/326/128 317/327/128 323/328/128
f 330/329/129 337/330/129 318/331/129
f 322/332/130 335/333/130 319/334/130
f 344/335/131 316/336/131 329/337/131
f 310/338/132 428/339/132 421/340/132
f 422/341/133 418/342/133 423/343/133
f 313/344/134 424/345/134 426/346/134
f 311/347/135 425/348/135 427/349/135
f 329/337/136 310/338/136 420/350/136
f 418/342/137 319/334/137 311/347/137
f 419/351/138 318/331/138 312/352/138
f 323/328/139 313/344/139 417/353/139
f 316/336/140 417/353/140 310/338/140
f 312/352/141 322/332/141 418/342/141
f 282/281/142 381/263/142 278/278/142
f 381/263/143 315/354/143 278/278/143
f 318/331/144 356/355/144 322/332/144
f 331/356/145 323/328/145 316/336/145
f 313/344/146 330/329/146 419/351/146
f 319/334/147 420/350/147 311/347/147
f 379/271/148 281/274/148 279/267/148
f 335/333/149 329/337/149 319/334/149
f 317/327/150 325/357/150 330/329/150
f 355/358/151 349/359/151 361/360/151
f 343/361/152 350/362/152 353/363/152
f 360/364/153 336/365/153 351/366/153
f 345/367/154 348/368/154 352/369/154
f 346/370/155 331/356/155 344/335/155
f 358/371/156 335/333/156 356/355/156
f 325/357/157 341/372/157 337/330/157
f 359/373/158 333/374/158 354/326/158
f 340/375/159 325/357/159 333/374/159
f 342/376/160 344/335/160 335/333/160
f 351/366/161 345/367/161 352/369/161
f 334/377/162 353/363/162 349/359/162
f 340/375/163 353/363/163 347/378/163
f 351/366/164 346/370/164 342/376/164
f 352/369/165 339/379/165 346/370/165
f 360/364/166 342/376/166 358/371/166
f 347/378/167 350/362/167 341/372/167
f 359/373/168 349/359/168 340/375/168
f 339/379/169 361/360/169 359/373/169
f 350/362/170 358/371/170 341/372/170
f 339/379/171 354/326/171 331/356/171
f 341/372/172 356/355/172 337/330/172
f 338/380/173 360/364/173 350/362/173
f 332/381/174 361/360/174 348/368/174
f 370/382/175 409/383/175 378/384/175
f 385/385/176 392/386/176 380/387/176
f 377/388/177 390/389/177 411/390/177
f 369/391/178 399/392/178 384/393/178
f 280/277/179 379/271/179 279/267/179
f 282/281/180 362/299/180 363/261/180
f 367/312/181 362/299/181 299/313/181
f 376/394/182 384/393/182 324/395/182
f 366/396/183 372/397/183 377/388/183
f 375/398/184 371/399/184 385/385/184
f 374/400/185 378/384/185 368/401/185
f 368/401/186 369/391/186 376/394/186
f 382/402/187 377/388/187 371/399/187
f 281/274/188 326/305/188 300/302/188
f 371/399/189 411/390/189 392/386/189
f 378/384/190 386/403/190 369/391/190
f 374/400/191 385/385/191 370/382/191
f 324/395/192 372/397/192 373/404/192
f 301/303/193 326/305/193 320/307/193
f 384/393/194 390/389/194 372/397/194
f 370/382/195 380/387/195 388/405/195
f 404/406/196 410/407/196 416/408/196
f 405/409/197 398/410/197 408/411/197
f 415/412/198 391/413/198 412/414/198
f 403/415/199 400/416/199 407/417/199
f 386/403/200 401/418/200 399/392/200
f 390/389/201 413/419/201 411/390/201
f 392/386/202 402/420/202 380/387/202
f 388/405/203 414/421/203 409/383/203
f 388/405/204 402/420/204 395/422/204
f 399/392/205 397/423/205 390/389/205
f 406/424/206 400/416/206 391/413/206
f 404/406/207 398/410/207 389/425/207
f 395/422/208 408/411/208 404/406/208
f 401/418/209 406/424/209 397/423/209
f 401/418/210 403/415/210 407/417/210
f 397/423/211 415/412/211 413/419/211
f 396/426/212 408/411/212 402/420/212
f 414/421/213 404/406/213 416/408/213
f 394/427/214 416/408/214 403/415/214
f 413/419/215 405/409/215 396/426/215
f 409/383/216 394/427/216 386/403/216
f 411/390/217 396/426/217 392/386/217
f 405/409/218 412/414/218 393/428/218
f 416/408/219 387/429/219 403/415/219
f 428/339/220 313/344/220 426/346/220
f 424/345/221 312/352/221 422/341/221
f 423/343/222 311/347/222 427/349/222
f 420/350/223 421/340/223 425/348/223
f 436/430/224 373/404/224 433/431/224
f 431/432/225 374/400/225 432/433/225
f 429/434/226 366/396/226 382/402/226
f 434/435/227 376/394/227 430/436/227
f 434/435/228 374/400/228 368/401/228
f 431/432/229 382/402/229 375/398/229
f 435/437/230 373/404/230 366/396/230
f 430/436/231 324/395/231 436/430/231
f 327/273/232 421/340/232 314/272/232
f 321/296/233 427/349/233 280/277/233
f 328/265/234 422/341/234 315/354/234
f 290/438/235 426/346/235 273/264/235
f 427/349/236 327/273/236 280/277/236
f 426/346/237 328/265/237 273/264/237
f 315/354/238 423/343/238 321/296/238
f 421/340/239 290/438/239 314/272/239
f 320/307/240 430/436/240 436/430/240
f 308/310/241 433/431/241 435/437/241
f 383/439/242 429/434/242 431/432/242
f 307/440/243 432/433/243 434/435/243
f 307/440/244 430/436/244 365/306/244
f 308/310/245 429/434/245 367/312/245
f 383/439/246 432/433/246 298/300/246
f 320/307/247 433/431/247 301/303/247
f 288/282/248 509/441/248 510/442/248
f 520/443/249 305/301/249 309/309/249
f 286/266/250 516/444/250 511/445/250
f 513/446/251 288/282/251 510/442/251
f 512/447/252 286/266/252 511/445/252
f 518/448/253 305/301/253 519/449/253
f 518/448/254 287/275/254 303/308/254
f 296/450/255 306/451/255 297/452/255
f 285/279/256 512/447/256 515/453/256
f 513/446/257 304/325/257 302/311/257
f 520/443/258 304/325/258 514/454/258
f 516/444/259 287/275/259 517/455/259
f 533/456/260 457/457/260 539/458/260
f 534/459/261 459/460/261 540/461/261
f 535/462/262 451/463/262 541/464/262
f 534/459/263 453/465/263 456/466/263
f 542/467/264 452/468/264 449/469/264
f 543/470/265 457/457/265 454/471/265
f 542/467/266 453/465/266 536/472/266
f 533/456/267 545/473/267 458/474/267
f 543/470/268 450/475/268 535/462/268
f 540/461/269 460/476/269 538/477/269
f 541/464/270 455/478/270 544/479/270
f 537/480/271 455/478/271 546/481/271
f 462/482/272 486/483/272 470/483/272
f 461/484/273 297/452/273 468/485/273
f 477/486/274 293/487/274 471/487/274
f 476/488/275 487/489/275 490/490/275
f 464/491/276 293/487/276 274/492/276
f 479/493/277 491/494/277 477/486/277
f 461/484/278 485/495/278 296/450/278
f 483/496/279 487/489/279 481/497/279
f 466/498/280 274/492/280 268/499/280
f 483/496/281 496/500/281 493/501/281
f 475/502/282 488/503/282 482/504/282
f 463/505/283 289/506/283 472/506/283
f 509/441/284 285/279/284 515/453/284
f 276/507/285 293/487/285 289/506/285
f 271/508/286 306/451/286 272/509/286
f 276/507/287 268/499/287 274/492/287
f 296/450/288 486/483/288 294/510/288
f 269/511/289 272/509/289 268/499/289
f 488/503/290 490/490/290 487/489/290
f 293/487/291 492/512/291 289/506/291
f 488/503/292 493/501/292 494/513/292
f 495/514/293 492/512/293 491/494/293
f 486/483/294 490/490/294 489/515/294
f 494/513/295 496/500/295 495/514/295
f 480/516/296 492/512/296 496/500/296
f 474/517/297 297/452/297 271/508/297
f 474/517/298 269/511/298 465/518/298
f 475/502/299 486/483/299 489/515/299
f 473/519/300 306/451/300 467/520/300
f 478/521/301 289/506/301 492/512/301
f 462/482/302 306/451/302 294/510/302
f 473/519/303 268/499/303 272/509/303
f 476/488/304 485/495/304 469/495/304
f 465/518/305 276/507/305 463/505/305
f 484/522/306 495/514/306 479/493/306
f 484/522/307 488/503/307 494/513/307
f 464/523/308 517/455/308 471/524/308
f 484/525/309 514/454/309 482/526/309
f 514/454/310 475/527/310 482/526/310
f 515/453/311 473/528/311 467/529/311
f 517/455/312 477/530/312 471/524/312
f 477/530/313 519/449/313 479/531/313
f 473/528/314 511/445/314 466/532/314
f 475/527/315 510/442/315 470/533/315
f 511/445/316 464/523/316 466/532/316
f 519/449/317 484/525/317 479/531/317
f 510/442/318 462/534/318 470/533/318
f 531/535/319 508/536/319 505/537/319
f 526/538/320 501/539/320 508/536/320
f 522/540/321 507/541/321 532/542/321
f 529/543/322 506/544/322 502/545/322
f 532/542/323 498/546/323 527/547/323
f 524/548/324 503/549/324 530/550/324
f 521/551/325 506/544/325 525/552/325
f 531/535/326 504/553/326 524/548/326
f 528/554/327 503/549/327 500/555/327
f 523/556/328 502/545/328 501/539/328
f 522/540/329 500/555/329 499/557/329
f 527/547/330 497/558/330 521/551/330
f 446/319/331 521/551/331 445/321/331
f 447/317/332 528/554/332 522/540/332
f 439/289/333 529/543/333 523/556/333
f 444/314/334 530/550/334 528/554/334
f 440/295/335 524/548/335 437/284/335
f 445/321/336 525/552/336 442/322/336
f 437/284/337 530/550/337 441/285/337
f 448/324/338 527/547/338 446/319/338
f 438/292/339 525/552/339 529/543/339
f 447/317/340 532/542/340 448/324/340
f 443/290/341 523/556/341 526/538/341
f 440/295/342 526/538/342 531/535/342
f 505/537/343 544/479/343 537/480/343
f 501/539/344 544/479/344 508/536/344
f 499/557/345 538/477/345 507/541/345
f 502/545/346 543/470/346 535/462/346
f 498/546/347 538/477/347 533/456/347
f 504/553/348 536/472/348 503/549/348
f 497/558/349 543/470/349 506/544/349
f 504/553/350 537/480/350 542/467/350
f 500/555/351 536/472/351 534/459/351
f 501/539/352 535/462/352 541/464/352
f 500/555/353 540/461/353 499/557/353
f 498/546/354 539/458/354 497/558/354
f 462/534/355 515/453/355 467/529/355
f 609/559/356 550/560/356 555/561/356
f 614/562/357 553/563/357 550/560/357
f 566/564/358 559/565/358 560/566/358
f 610/567/359 547/568/359 613/569/359
f 613/569/360 591/570/360 749/571/360
f 564/572/361 561/573/361 559/565/361
f 570/574/362 560/566/362 589/575/362
f 565/576/363 558/577/363 563/578/363
f 563/578/364 562/579/364 568/580/364
f 657/581/365 625/582/365 649/583/365
f 625/582/366 656/584/366 649/583/366
f 662/585/367 627/586/367 653/587/367
f 626/588/368 660/589/368 651/590/368
f 653/587/369 626/588/369 651/590/369
f 656/584/370 631/591/370 662/585/370
f 565/576/371 589/575/371 587/592/371
f 609/559/372 574/593/372 608/594/372
f 608/594/373 750/595/373 746/596/373
f 583/597/374 578/598/374 581/599/374
f 571/600/375 610/567/375 590/601/375
f 611/602/376 590/601/376 744/603/376
f 581/599/377 561/573/377 567/604/377
f 586/605/378 579/606/378 583/597/378
f 577/607/379 582/608/379 580/609/379
f 562/579/380 580/609/380 568/580/380
f 632/610/381 657/581/381 664/611/381
f 669/612/382 632/610/382 664/611/382
f 634/613/383 671/614/383 668/615/383
f 660/589/384 633/616/384 666/617/384
f 633/616/385 668/615/385 666/617/385
f 636/618/386 669/612/386 671/614/386
f 582/608/387 585/619/387 586/605/387
f 562/579/388 614/562/388 609/559/388
f 587/592/389 614/562/389 558/577/389
f 561/573/390 613/569/390 559/565/390
f 736/620/391 604/621/391 742/622/391
f 737/623/392 596/624/392 740/625/392
f 741/626/393 594/627/393 605/628/393
f 735/629/394 597/630/394 739/631/394
f 738/632/395 597/630/395 594/627/395
f 736/620/396 596/624/396 593/633/396
f 741/626/397 595/634/397 737/623/397
f 742/622/398 592/635/398 735/629/398
f 560/566/399 613/569/399 749/571/399
f 562/579/400 608/594/400 577/607/400
f 608/594/401 612/636/401 577/607/401
f 590/601/402 561/573/402 578/598/402
f 579/606/403 590/601/403 578/598/403
f 623/637/404 606/638/404 743/639/404
f 600/640/405 619/641/405 603/642/405
f 599/643/406 618/644/406 602/645/406
f 621/646/407 607/647/407 601/648/407
f 602/645/408 621/646/408 601/648/408
f 606/638/409 620/649/409 600/640/409
f 603/642/410 624/650/410 599/643/410
f 616/651/411 743/639/411 607/647/411
f 697/652/412 568/580/412 698/653/412
f 708/654/413 583/597/413 707/655/413
f 704/656/414 566/564/414 699/657/414
f 568/580/415 701/658/415 698/653/415
f 700/659/416 566/564/416 570/574/416
f 583/597/417 706/660/417 707/655/417
f 706/660/418 567/604/418 705/661/418
f 584/662/419 575/663/419 576/664/419
f 700/659/420 565/576/420 703/665/420
f 701/658/421 582/608/421 702/666/421
f 582/608/422 708/654/422 702/666/422
f 704/656/423 567/604/423 564/572/423
f 645/667/424 721/668/424 727/669/424
f 647/670/425 722/671/425 728/672/425
f 639/673/426 723/674/426 729/675/426
f 722/671/427 641/676/427 724/677/427
f 730/678/428 640/679/428 725/680/428
f 731/681/429 645/667/429 727/669/429
f 641/676/430 730/678/430 724/677/430
f 721/668/431 733/682/431 726/683/431
f 723/674/432 642/684/432 731/681/432
f 648/685/433 728/672/433 726/683/433
f 643/686/434 729/675/434 732/687/434
f 725/680/435 643/686/435 732/687/435
f 658/688/436 573/689/436 650/690/436
f 656/584/437 575/663/437 649/583/437
f 572/691/438 665/692/438 659/693/438
f 678/694/439 669/612/439 664/611/439
f 652/695/440 572/691/440 659/693/440
f 679/696/441 667/697/441 665/692/441
f 575/663/442 657/581/442 649/583/442
f 669/612/443 681/698/443 671/614/443
f 654/699/444 554/700/444 652/695/444
f 681/698/445 668/615/445 671/614/445
f 670/701/446 677/702/446 663/703/446
f 569/704/447 651/590/447 660/589/447
f 697/652/448 565/576/448 563/578/448
f 572/691/449 556/705/449 569/704/449
f 551/706/450 584/662/450 576/664/450
f 556/705/451 548/707/451 549/708/451
f 575/663/452 674/709/452 673/710/452
f 549/708/453 552/711/453 551/706/453
f 676/712/454 678/694/454 677/702/454
f 572/691/455 680/713/455 679/696/455
f 681/698/456 676/712/456 682/714/456
f 680/713/457 683/715/457 679/696/457
f 678/694/458 674/709/458 677/702/458
f 684/716/459 682/714/459 683/715/459
f 668/615/460 680/713/460 666/617/460
f 551/706/461 656/584/461 662/585/461
f 653/587/462 551/706/462 662/585/462
f 677/702/463 658/688/463 663/703/463
f 655/717/464 552/711/464 661/718/464
f 666/617/465 569/704/465 660/589/465
f 573/689/466 655/717/466 650/690/466
f 552/711/467 654/699/467 661/718/467
f 657/581/468 678/694/468 664/611/468
f 556/705/469 653/587/469 651/590/469
f 667/697/470 682/714/470 672/719/470
f 682/714/471 670/701/471 672/719/471
f 652/695/472 705/661/472 704/656/472
f 670/701/473 708/654/473 672/719/473
f 663/703/474 702/666/474 670/701/474
f 655/717/475 700/659/475 703/665/475
f 665/692/476 705/661/476 659/693/476
f 665/692/477 707/655/477 706/660/477
f 661/718/478 699/657/478 700/659/478
f 663/703/479 698/653/479 701/658/479
f 652/695/480 699/657/480 654/699/480
f 667/697/481 708/654/481 707/655/481
f 650/690/482 698/653/482 658/688/482
f 719/720/483 696/721/483 714/722/483
f 714/722/484 689/723/484 711/724/484
f 695/725/485 710/726/485 720/727/485
f 717/728/486 694/729/486 713/730/486
f 686/731/487 720/727/487 715/732/487
f 691/733/488 712/734/488 718/735/488
f 694/729/489 709/736/489 713/730/489
f 692/737/490 719/720/490 712/734/490
f 716/738/491 691/733/491 718/735/491
f 711/724/492 690/739/492 717/728/492
f 710/726/493 688/740/493 716/738/493
f 685/741/494 715/732/494 709/736/494
f 709/736/495 634/613/495 633/616/495
f 635/742/496 716/738/496 632/610/496
f 627/586/497 717/728/497 626/588/497
f 632/610/498 718/735/498 629/743/498
f 712/734/499 628/744/499 625/582/499
f 713/730/500 633/616/500 630/745/500
f 718/735/501 625/582/501 629/743/501
f 715/732/502 636/618/502 634/613/502
f 626/588/503 713/730/503 630/745/503
f 720/727/504 635/742/504 636/618/504
f 631/591/505 711/724/505 627/586/505
f 628/744/506 714/722/506 631/591/506
f 693/746/507 732/687/507 696/721/507
f 732/687/508 689/723/508 696/721/508
f 726/683/509 687/747/509 695/725/509
f 690/739/510 731/681/510 694/729/510
f 686/731/511 726/683/511 695/725/511
f 724/677/512 692/737/512 691/733/512
f 731/681/513 685/741/513 694/729/513
f 692/737/514 725/680/514 693/746/514
f 688/740/515 724/677/515 691/733/515
f 689/723/516 723/674/516 690/739/516
f 728/672/517 688/740/517 687/747/517
f 727/669/518 686/731/518 685/741/518
f 650/690/519 703/665/519 697/652/519
f 273/264/520 550/560/520 553/563/520
f 270/262/521 555/561/521 550/560/521
f 277/748/522 547/568/522 557/749/522
f 290/438/523 553/563/523 747/750/523
f 298/300/524 574/593/524 295/297/524
f 295/297/525 555/561/525 275/298/525
f 277/748/526 571/600/526 292/304/526
f 307/440/527 750/595/527 298/300/527
f 355/358/528 593/633/528 334/377/528
f 343/361/529 595/634/529 338/380/529
f 336/365/530 605/628/530 594/627/530
f 345/367/531 592/635/531 332/381/531
f 343/361/532 593/633/532 596/624/532
f 345/367/533 594/627/533 597/630/533
f 355/358/534 592/635/534 604/621/534
f 338/380/535 605/628/535 357/751/535
f 410/407/536 617/752/536 623/637/536
f 398/410/537 619/641/537 620/649/537
f 391/413/538 624/650/538 412/414/538
f 400/416/539 616/651/539 621/646/539
f 398/410/540 617/752/540 389/425/540
f 400/416/541 618/644/541 391/413/541
f 410/407/542 616/651/542 387/429/542
f 393/428/543 624/650/543 619/641/543
f 290/438/544 591/570/544 314/272/544
f 314/272/545 547/568/545 267/269/545
f 307/440/546 611/602/546 748/753/546
f 365/306/547 571/600/547 611/602/547
f 452/468/548 637/754/548 449/469/548
f 454/471/549 638/755/549 450/475/549
f 546/481/550 643/686/550 734/756/550
f 451/463/551 638/755/551 639/673/551
f 453/465/552 637/754/552 641/676/552
f 451/463/553 643/686/553 455/478/553
f 459/460/554 644/757/554 647/670/554
f 454/471/555 645/667/555 642/684/555
f 459/460/556 648/685/556 460/476/556
f 458/474/557 645/667/557 457/457/557
f 453/465/558 644/757/558 456/466/558
f 545/473/559 646/758/559 458/474/559
f 537/480/560 640/679/560 452/468/560
f 538/477/561 648/685/561 726/683/561
f 545/473/562 726/683/562 733/682/562
f 546/481/563 725/680/563 537/480/563
f 598/759/564 742/622/564 735/629/564
f 598/759/565 741/626/565 737/623/565
f 598/759/566 740/625/566 736/620/566
f 598/759/567 739/631/567 738/632/567
f 598/759/568 735/629/568 739/631/568
f 598/759/569 738/632/569 741/626/569
f 598/759/570 737/623/570 740/625/570
f 598/759/571 736/620/571 742/622/571
f 622/760/572 607/647/572 743/639/572
f 622/760/573 603/642/573 599/643/573
f 622/760/574 606/638/574 600/640/574
f 622/760/575 602/645/575 601/648/575
f 622/760/576 601/648/576 607/647/576
f 622/760/577 599/643/577 602/645/577
f 622/760/578 600/640/578 603/642/578
f 622/760/579 743/639/579 606/638/579
f 612/636/580 745/761/580 585/619/580
f 585/619/581 744/603/581 579/606/581
f 748/753/582 744/603/582 745/761/582
f 746/596/583 748/753/583 745/761/583
f 560/566/584 588/762/584 589/575/584
f 588/762/585 587/592/585 589/575/585
f 749/571/586 747/750/586 588/762/586
f 747/750/587 615/763/587 588/762/587
f 753/764/2 752/765/2 751/764/2
f 756/766/1 757/767/1 755/767/1
f 754/765/588 756/766/588 752/765/588
f 751/764/589 757/767/589 753/764/589
f 753/764/3 758/766/3 754/765/3
f 752/765/4 755/767/4 751/764/4
f 2/1/1 4/1/1 8/2/1
f 1/4/2 5/6/2 7/5/2
f 3/4/3 7/5/3 8/2/3
f 1/4/4 2/1/4 6/3/4
f 9/15/5 10/17/5 11/22/5
f 11/22/5 12/26/5 9/15/5
f 12/26/5 13/7/5 9/15/5
f 13/7/5 14/30/5 15/34/5
f 15/34/5 16/14/5 17/8/5
f 17/8/5 18/21/5 19/24/5
f 19/24/5 20/27/5 17/8/5
f 20/27/5 21/9/5 17/8/5
f 21/9/5 22/32/5 23/35/5
f 23/35/5 24/18/5 9/15/5
f 13/7/5 15/34/5 17/8/5
f 21/9/5 23/35/5 9/15/5
f 9/15/5 13/7/5 21/9/5
f 27/25/6 26/16/6 25/19/6
f 25/19/6 40/768/6 27/25/6
f 40/768/6 39/10/6 27/25/6
f 39/10/6 38/31/6 37/769/6
f 37/769/6 36/29/6 39/10/6
f 36/29/6 35/11/6 39/10/6
f 35/11/6 34/23/6 33/20/6
f 33/20/6 32/13/6 31/12/6
f 31/12/6 30/33/6 27/25/6
f 30/33/6 29/28/6 27/25/6
f 29/28/6 28/770/6 27/25/6
f 35/11/6 33/20/6 31/12/6
f 27/25/6 39/10/6 31/12/6
f 32/13/7 33/20/7 17/8/7
f 9/15/80 25/19/80 26/16/80
f 24/18/9 40/768/9 25/19/9
f 33/20/590 34/23/590 18/21/590
f 26/16/591 27/25/591 11/22/591
f 34/23/12 35/11/12 19/24/12
f 27/25/13 28/770/13 12/26/13
f 35/11/78 36/29/78 20/27/78
f 12/26/15 28/770/15 29/28/15
f 36/29/16 37/769/16 21/9/16
f 29/28/592 30/33/592 14/30/592
f 21/9/593 37/769/593 38/31/593
f 30/33/19 31/12/19 15/34/19
f 38/31/20 39/10/20 23/35/20
f 31/12/79 32/13/79 16/14/79
f 39/10/81 40/768/81 24/18/81
f 47/38/6 50/135/6 251/36/6
f 50/135/6 134/179/6 251/36/6
f 43/41/6 46/113/6 248/126/6
f 46/113/594 247/112/594 248/126/594
f 248/126/6 245/39/6 43/41/6
f 128/42/6 127/160/6 69/43/6
f 41/45/25 74/165/25 75/46/25
f 250/48/26 217/186/26 107/49/26
f 133/51/6 131/93/6 45/52/6
f 49/56/6 52/118/6 256/193/6
f 52/118/6 255/117/6 256/193/6
f 256/193/6 253/54/6 49/56/6
f 51/59/6 54/144/6 258/57/6
f 54/144/23 257/191/23 258/57/23
f 63/62/6 66/91/6 260/141/6
f 66/91/23 259/90/23 260/141/23
f 260/141/6 265/60/6 63/62/6
f 137/63/6 136/106/6 53/64/6
f 59/68/6 62/162/6 264/66/6
f 62/162/6 263/183/6 264/66/6
f 60/69/6 141/172/6 140/70/6
f 64/72/6 144/94/6 143/73/6
f 55/77/6 58/85/6 262/75/6
f 58/85/24 261/84/24 262/75/24
f 125/78/6 139/101/6 65/79/6
f 76/81/27 43/41/27 246/40/27
f 89/83/595 220/174/595 261/84/595
f 130/86/29 115/166/29 109/87/29
f 97/89/30 242/170/30 259/90/30
f 133/51/31 118/129/31 116/92/31
f 144/94/32 119/771/32 117/95/32
f 82/96/30 49/56/30 254/55/30
f 100/98/33 67/164/33 244/99/33
f 139/101/34 125/78/34 123/102/34
f 140/70/35 141/172/35 114/104/35
f 136/106/36 137/63/36 111/107/36
f 80/109/37 47/38/37 252/37/37
f 77/111/38 224/185/38 247/112/38
f 96/114/39 63/62/39 266/61/39
f 83/116/33 235/259/33 255/117/33
f 112/105/5 114/104/5 91/119/5
f 63/62/40 96/114/40 97/89/40
f 43/41/41 76/81/41 77/111/41
f 142/67/42 264/66/42 225/121/42
f 104/123/43 73/188/43 42/124/43
f 248/126/44 223/184/44 222/127/44
f 71/125/6 42/124/6 250/48/6
f 42/124/23 249/260/23 250/48/23
f 78/128/5 116/92/5 118/129/5
f 45/52/45 78/128/45 79/130/45
f 124/103/46 123/102/46 148/131/46
f 117/95/5 119/771/5 95/133/5
f 80/109/47 81/167/47 50/135/47
f 243/136/48 126/189/48 106/137/48
f 251/36/49 134/179/49 120/139/49
f 82/96/50 83/116/50 52/118/50
f 260/141/51 241/169/51 230/142/51
f 51/59/52 84/178/52 85/143/52
f 135/58/53 258/57/53 237/145/53
f 53/64/54 86/148/54 87/147/54
f 86/148/5 122/108/5 111/107/5
f 98/149/55 99/156/55 68/80/55
f 102/150/5 105/159/5 108/151/5
f 88/153/56 89/83/56 58/85/56
f 138/76/57 262/75/57 219/154/57
f 57/71/58 90/120/58 91/119/58
f 99/156/59 98/149/59 150/157/59
f 128/42/60 108/151/60 105/159/60
f 59/68/61 92/173/61 93/161/61
f 100/98/62 101/168/62 70/163/62
f 74/165/5 109/87/5 115/166/5
f 94/134/63 95/133/63 64/72/63
f 69/43/64 102/150/64 103/152/64
f 79/130/39 118/129/39 133/51/39
f 81/167/5 80/109/5 228/140/5
f 80/109/5 227/110/5 228/140/5
f 99/156/65 123/102/65 125/78/65
f 101/168/5 100/98/5 240/138/5
f 100/98/5 239/100/5 240/138/5
f 67/164/6 70/163/6 243/136/6
f 70/163/6 126/189/6 243/136/6
f 98/149/66 65/79/66 139/101/66
f 95/133/37 119/771/37 144/94/37
f 97/89/5 96/114/5 230/142/5
f 96/114/5 229/115/5 230/142/5
f 230/142/5 241/169/5 97/89/5
f 93/161/5 92/173/5 225/121/5
f 92/173/5 113/122/5 225/121/5
f 94/134/38 61/74/38 143/73/38
f 91/119/27 114/104/27 141/172/27
f 92/173/67 59/68/67 142/67/67
f 89/83/5 88/153/5 219/154/5
f 88/153/5 110/155/5 219/154/5
f 90/120/596 57/71/596 140/70/596
f 87/147/69 111/107/69 137/63/69
f 88/153/70 55/77/70 138/76/70
f 85/143/5 84/178/5 237/145/5
f 84/178/5 121/146/5 237/145/5
f 86/148/72 53/64/72 136/106/72
f 152/182/33 236/177/33 151/176/33
f 236/177/597 235/259/597 83/116/597
f 84/178/65 51/59/65 135/58/65
f 81/167/66 120/139/66 134/179/66
f 145/180/59 233/192/59 232/194/59
f 232/194/59 234/181/59 145/180/59
f 234/181/59 236/177/59 152/182/59
f 93/161/73 226/171/73 263/183/73
f 78/128/73 45/52/73 131/93/73
f 75/46/67 115/166/67 130/86/67
f 77/111/5 76/81/5 222/127/5
f 76/81/5 221/82/5 222/127/5
f 222/127/5 223/184/5 77/111/5
f 73/188/5 104/123/5 217/186/5
f 104/123/5 107/49/5 217/186/5
f 74/165/28 41/45/28 132/88/28
f 103/152/70 108/151/70 128/42/70
f 104/123/69 71/125/69 129/50/69
f 101/168/72 106/137/72 126/189/72
f 102/150/74 69/43/74 127/160/74
f 44/47/6 130/86/6 132/88/6
f 145/180/5 152/182/5 151/176/5
f 150/157/5 149/132/5 148/131/5
f 83/116/46 82/96/46 146/190/46
f 85/143/74 238/175/74 257/191/74
f 146/190/30 82/96/30 233/192/30
f 82/96/30 231/97/30 233/192/30
f 256/193/76 234/181/76 232/194/76
f 124/103/66 149/132/66 150/157/66
f 99/156/65 147/158/65 148/131/65
f 186/195/598 202/257/598 201/196/598
f 154/198/6 153/228/6 170/199/6
f 155/201/6 154/198/6 169/200/6
f 156/203/6 155/201/6 171/202/6
f 157/205/6 156/203/6 172/204/6
f 174/207/6 158/209/6 157/205/6
f 175/208/6 159/211/6 158/209/6
f 176/210/6 160/213/6 159/211/6
f 177/212/6 161/215/6 160/213/6
f 178/214/6 162/217/6 161/215/6
f 179/216/6 163/219/6 162/217/6
f 180/218/6 164/221/6 163/219/6
f 181/220/6 165/258/6 164/221/6
f 166/222/6 165/258/6 181/220/6
f 167/224/6 166/222/6 182/223/6
f 168/226/6 167/224/6 183/225/6
f 153/228/6 168/226/6 184/227/6
f 185/197/5 201/196/5 203/229/5
f 187/230/71 203/229/71 204/231/71
f 188/232/5 204/231/5 205/233/5
f 189/234/5 205/233/5 206/235/5
f 191/237/5 190/236/5 206/235/5
f 192/239/5 191/237/5 207/238/5
f 193/241/5 192/239/5 208/240/5
f 194/243/5 193/241/5 209/242/5
f 195/245/5 194/243/5 210/244/5
f 196/247/5 195/245/5 211/246/5
f 197/249/5 196/247/5 212/248/5
f 197/249/5 213/250/5 214/251/5
f 198/252/5 214/251/5 215/253/5
f 199/254/5 215/253/5 216/255/5
f 200/256/5 216/255/5 202/257/5
f 180/218/15 196/247/15 197/249/15
f 163/219/77 211/246/77 210/244/77
f 182/223/17 181/220/17 197/249/17
f 163/219/78 164/221/78 212/248/78
f 182/223/19 198/252/19 199/254/19
f 170/199/10 186/195/10 185/197/10
f 164/221/16 165/258/16 213/250/16
f 183/225/21 199/254/21 200/256/21
f 171/202/77 169/200/77 185/197/77
f 166/222/46 214/251/46 213/250/46
f 184/227/7 200/256/7 186/195/7
f 171/202/78 187/230/78 188/232/78
f 166/222/20 167/224/20 215/253/20
f 154/198/80 201/196/80 202/257/80
f 173/206/16 172/204/16 188/232/16
f 168/226/22 216/255/22 215/253/22
f 154/198/11 155/201/11 203/229/11
f 173/206/46 189/234/46 190/236/46
f 168/226/9 153/228/9 202/257/9
f 156/203/13 204/231/13 203/229/13
f 175/208/20 174/207/20 190/236/20
f 157/205/15 205/233/15 204/231/15
f 176/210/22 175/208/22 191/237/22
f 157/205/59 158/209/59 206/235/59
f 177/212/9 176/210/9 192/239/9
f 159/211/19 207/238/19 206/235/19
f 178/214/80 177/212/80 193/241/80
f 159/211/79 160/213/79 208/240/79
f 178/214/11 194/243/11 195/245/11
f 161/215/7 209/242/7 208/240/7
f 180/218/13 179/216/13 195/245/13
f 161/215/10 162/217/10 210/244/10
f 250/48/84 249/260/84 218/187/84
f 245/39/85 222/127/85 221/82/85
f 248/126/86 247/112/86 224/185/86
f 253/54/599 232/194/599 231/97/599
f 256/193/600 255/117/600 235/259/600
f 258/57/601 257/191/601 238/175/601
f 262/75/90 261/84/90 220/174/90
f 264/66/91 263/183/91 226/171/91
f 265/60/602 230/142/602 229/115/602
f 260/141/603 259/90/603 242/170/603
f 243/136/94 240/138/94 239/100/94
f 251/36/95 228/140/95 227/110/95
f 73/188/596 218/187/596 249/260/596
f 363/261/604 275/298/604 270/262/604
f 381/263/605 270/262/605 273/264/605
f 286/266/606 280/277/606 279/267/606
f 267/269/607 277/748/607 364/270/607
f 314/272/608 267/269/608 379/271/608
f 284/268/609 279/267/609 281/274/609
f 291/276/610 321/296/610 280/277/610
f 278/278/611 315/354/611 285/279/611
f 282/281/612 278/278/612 283/280/612
f 469/283/105 461/287/105 437/284/105
f 468/286/106 440/295/106 437/284/106
f 474/288/107 465/294/107 439/289/107
f 472/291/108 442/322/108 438/292/108
f 465/294/109 463/293/109 438/292/109
f 468/286/110 474/288/110 443/290/110
f 285/279/613 315/354/613 321/296/613
f 363/261/614 362/299/614 295/297/614
f 362/299/615 383/439/615 298/300/615
f 305/301/616 303/308/616 300/302/616
f 364/270/617 277/748/617 292/304/617
f 326/305/618 292/304/618 365/306/618
f 303/308/619 287/275/619 281/274/619
f 309/309/620 305/301/620 301/303/620
f 302/311/621 304/325/621 367/312/621
f 302/311/622 299/313/622 282/281/622
f 469/283/121 441/285/121 444/314/121
f 481/316/122 476/315/122 444/314/122
f 483/318/123 448/324/123 446/319/123
f 472/291/124 478/323/124 445/321/124
f 480/320/125 446/319/125 445/321/125
f 481/316/126 447/317/126 448/324/126
f 304/325/623 309/309/623 308/310/623
f 354/326/624 333/374/624 317/327/624
f 330/329/625 325/357/625 337/330/625
f 322/332/626 356/355/626 335/333/626
f 344/335/627 331/356/627 316/336/627
f 310/338/628 417/353/628 428/339/628
f 422/341/629 312/352/629 418/342/629
f 313/344/630 419/351/630 424/345/630
f 311/347/631 420/350/631 425/348/631
f 329/337/632 316/336/632 310/338/632
f 418/342/633 322/332/633 319/334/633
f 419/351/634 330/329/634 318/331/634
f 323/328/635 317/327/635 313/344/635
f 316/336/636 323/328/636 417/353/636
f 312/352/637 318/331/637 322/332/637
f 282/281/638 363/261/638 381/263/638
f 381/263/639 328/265/639 315/354/639
f 318/331/640 337/330/640 356/355/640
f 331/356/641 354/326/641 323/328/641
f 313/344/642 317/327/642 330/329/642
f 319/334/643 329/337/643 420/350/643
f 379/271/644 364/270/644 281/274/644
f 335/333/645 344/335/645 329/337/645
f 317/327/646 333/374/646 325/357/646
f 355/358/647 334/377/647 349/359/647
f 343/361/648 338/380/648 350/362/648
f 360/364/649 357/751/649 336/365/649
f 345/367/650 332/381/650 348/368/650
f 346/370/651 339/379/651 331/356/651
f 358/371/652 342/376/652 335/333/652
f 325/357/653 347/378/653 341/372/653
f 359/373/654 340/375/654 333/374/654
f 340/375/655 347/378/655 325/357/655
f 342/376/656 346/370/656 344/335/656
f 351/366/657 336/365/657 345/367/657
f 334/377/658 343/361/658 353/363/658
f 340/375/659 349/359/659 353/363/659
f 351/366/660 352/369/660 346/370/660
f 352/369/661 348/368/661 339/379/661
f 360/364/662 351/366/662 342/376/662
f 347/378/663 353/363/663 350/362/663
f 359/373/664 361/360/664 349/359/664
f 339/379/665 348/368/665 361/360/665
f 350/362/666 360/364/666 358/371/666
f 339/379/667 359/373/667 354/326/667
f 341/372/668 358/371/668 356/355/668
f 338/380/669 357/751/669 360/364/669
f 332/381/670 355/358/670 361/360/670
f 370/382/671 388/405/671 409/383/671
f 385/385/672 371/399/672 392/386/672
f 377/388/673 372/397/673 390/389/673
f 369/391/674 386/403/674 399/392/674
f 280/277/675 327/273/675 379/271/675
f 282/281/676 299/313/676 362/299/676
f 367/312/677 383/439/677 362/299/677
f 376/394/678 369/391/678 384/393/678
f 366/396/679 373/404/679 372/397/679
f 375/398/680 382/402/680 371/399/680
f 374/400/681 370/382/681 378/384/681
f 368/401/682 378/384/682 369/391/682
f 382/402/683 366/396/683 377/388/683
f 281/274/684 364/270/684 326/305/684
f 371/399/685 377/388/685 411/390/685
f 378/384/686 409/383/686 386/403/686
f 374/400/687 375/398/687 385/385/687
f 324/395/688 384/393/688 372/397/688
f 301/303/689 300/302/689 326/305/689
f 384/393/690 399/392/690 390/389/690
f 370/382/691 385/385/691 380/387/691
f 404/406/692 389/425/692 410/407/692
f 405/409/693 393/428/693 398/410/693
f 415/412/694 406/424/694 391/413/694
f 403/415/695 387/429/695 400/416/695
f 386/403/696 394/427/696 401/418/696
f 390/389/697 397/423/697 413/419/697
f 392/386/698 396/426/698 402/420/698
f 388/405/699 395/422/699 414/421/699
f 388/405/700 380/387/700 402/420/700
f 399/392/701 401/418/701 397/423/701
f 406/424/702 407/417/702 400/416/702
f 404/406/703 408/411/703 398/410/703
f 395/422/704 402/420/704 408/411/704
f 401/418/705 407/417/705 406/424/705
f 401/418/706 394/427/706 403/415/706
f 397/423/707 406/424/707 415/412/707
f 396/426/708 405/409/708 408/411/708
f 414/421/709 395/422/709 404/406/709
f 394/427/710 414/421/710 416/408/710
f 413/419/711 415/412/711 405/409/711
f 409/383/712 414/421/712 394/427/712
f 411/390/713 413/419/713 396/426/713
f 405/409/714 415/412/714 412/414/714
f 416/408/715 410/407/715 387/429/715
f 428/339/716 417/353/716 313/344/716
f 424/345/221 419/351/221 312/352/221
f 423/343/717 418/342/717 311/347/717
f 420/350/718 310/338/718 421/340/718
f 436/430/719 324/395/719 373/404/719
f 431/432/720 375/398/720 374/400/720
f 429/434/721 435/437/721 366/396/721
f 434/435/722 368/401/722 376/394/722
f 434/435/723 432/433/723 374/400/723
f 431/432/724 429/434/724 382/402/724
f 435/437/725 433/431/725 373/404/725
f 430/436/726 376/394/726 324/395/726
f 327/273/727 425/348/727 421/340/727
f 321/296/728 423/343/728 427/349/728
f 328/265/729 424/345/729 422/341/729
f 290/438/730 428/339/730 426/346/730
f 427/349/731 425/348/731 327/273/731
f 426/346/732 424/345/732 328/265/732
f 315/354/733 422/341/733 423/343/733
f 421/340/734 428/339/734 290/438/734
f 320/307/735 365/306/735 430/436/735
f 308/310/736 301/303/736 433/431/736
f 383/439/737 367/312/737 429/434/737
f 307/440/738 298/300/738 432/433/738
f 307/440/739 434/435/739 430/436/739
f 308/310/740 435/437/740 429/434/740
f 383/439/741 431/432/741 432/433/741
f 320/307/742 436/430/742 433/431/742
f 288/282/743 283/280/743 509/441/743
f 520/443/744 519/449/744 305/301/744
f 286/266/745 284/268/745 516/444/745
f 513/446/746 302/311/746 288/282/746
f 512/447/747 291/276/747 286/266/747
f 518/448/748 303/308/748 305/301/748
f 518/448/749 517/455/749 287/275/749
f 296/450/750 294/510/750 306/451/750
f 285/279/751 291/276/751 512/447/751
f 513/446/752 514/454/752 304/325/752
f 520/443/753 309/309/753 304/325/753
f 516/444/754 284/268/754 287/275/754
f 533/456/755 458/474/755 457/457/755
f 534/459/756 456/466/756 459/460/756
f 535/462/757 450/475/757 451/463/757
f 534/459/758 536/472/758 453/465/758
f 542/467/759 537/480/759 452/468/759
f 543/470/760 539/458/760 457/457/760
f 542/467/761 449/469/761 453/465/761
f 533/456/762 538/477/762 545/473/762
f 543/470/763 454/471/763 450/475/763
f 540/461/764 459/460/764 460/476/764
f 541/464/765 451/463/765 455/478/765
f 537/480/766 544/479/766 455/478/766
f 462/482/767 294/510/767 486/483/767
f 461/484/768 296/450/768 297/452/768
f 477/486/769 491/494/769 293/487/769
f 476/488/770 481/497/770 487/489/770
f 464/491/771 471/487/771 293/487/771
f 479/493/772 495/514/772 491/494/772
f 461/484/773 469/495/773 485/495/773
f 483/496/774 493/501/774 487/489/774
f 466/498/775 464/491/775 274/492/775
f 483/496/776 480/516/776 496/500/776
f 475/502/777 489/515/777 488/503/777
f 463/505/778 276/507/778 289/506/778
f 509/441/779 283/280/779 285/279/779
f 276/507/285 274/492/285 293/487/285
f 271/508/780 297/452/780 306/451/780
f 276/507/781 269/511/781 268/499/781
f 296/450/782 485/495/782 486/483/782
f 269/511/783 271/508/783 272/509/783
f 488/503/784 489/515/784 490/490/784
f 293/487/291 491/494/291 492/512/291
f 488/503/785 487/489/785 493/501/785
f 495/514/786 496/500/786 492/512/786
f 486/483/787 485/495/787 490/490/787
f 494/513/788 493/501/788 496/500/788
f 480/516/789 478/521/789 492/512/789
f 474/517/790 468/485/790 297/452/790
f 474/517/791 271/508/791 269/511/791
f 475/502/792 470/483/792 486/483/792
f 473/519/793 272/509/793 306/451/793
f 478/521/794 472/506/794 289/506/794
f 462/482/795 467/520/795 306/451/795
f 473/519/796 466/498/796 268/499/796
f 476/488/797 490/490/797 485/495/797
f 465/518/798 269/511/798 276/507/798
f 484/522/799 494/513/799 495/514/799
f 484/522/800 482/504/800 488/503/800
f 464/523/801 516/444/801 517/455/801
f 484/525/802 520/443/802 514/454/802
f 514/454/803 513/446/803 475/527/803
f 515/453/804 512/447/804 473/528/804
f 517/455/805 518/448/805 477/530/805
f 477/530/806 518/448/806 519/449/806
f 473/528/807 512/447/807 511/445/807
f 475/527/808 513/446/808 510/442/808
f 511/445/809 516/444/809 464/523/809
f 519/449/810 520/443/810 484/525/810
f 510/442/811 509/441/811 462/534/811
f 531/535/812 526/538/812 508/536/812
f 526/538/813 523/556/813 501/539/813
f 522/540/814 499/557/814 507/541/814
f 529/543/322 525/552/322 506/544/322
f 532/542/815 507/541/815 498/546/815
f 524/548/324 504/553/324 503/549/324
f 521/551/325 497/558/325 506/544/325
f 531/535/326 505/537/326 504/553/326
f 528/554/327 530/550/327 503/549/327
f 523/556/816 529/543/816 502/545/816
f 522/540/329 528/554/329 500/555/329
f 527/547/330 498/546/330 497/558/330
f 446/319/331 527/547/331 521/551/331
f 447/317/332 444/314/332 528/554/332
f 439/289/333 438/292/333 529/543/333
f 444/314/334 441/285/334 530/550/334
f 440/295/335 531/535/335 524/548/335
f 445/321/336 521/551/336 525/552/336
f 437/284/337 524/548/337 530/550/337
f 448/324/338 532/542/338 527/547/338
f 438/292/339 442/322/339 525/552/339
f 447/317/340 522/540/340 532/542/340
f 443/290/341 439/289/341 523/556/341
f 440/295/342 443/290/342 526/538/342
f 505/537/817 508/536/817 544/479/817
f 501/539/818 541/464/818 544/479/818
f 499/557/819 540/461/819 538/477/819
f 502/545/820 506/544/820 543/470/820
f 498/546/821 507/541/821 538/477/821
f 504/553/348 542/467/348 536/472/348
f 497/558/822 539/458/822 543/470/822
f 504/553/823 505/537/823 537/480/823
f 500/555/351 503/549/351 536/472/351
f 501/539/824 502/545/824 535/462/824
f 500/555/825 534/459/825 540/461/825
f 498/546/826 533/456/826 539/458/826
f 462/534/827 509/441/827 515/453/827
f 609/559/828 614/562/828 550/560/828
f 614/562/829 615/763/829 553/563/829
f 566/564/830 564/572/830 559/565/830
f 610/567/831 557/749/831 547/568/831
f 613/569/832 547/568/832 591/570/832
f 564/572/833 567/604/833 561/573/833
f 570/574/834 566/564/834 560/566/834
f 565/576/835 587/592/835 558/577/835
f 563/578/836 558/577/836 562/579/836
f 657/581/837 629/743/837 625/582/837
f 625/582/838 628/744/838 656/584/838
f 662/585/839 631/591/839 627/586/839
f 626/588/840 630/745/840 660/589/840
f 653/587/841 627/586/841 626/588/841
f 656/584/842 628/744/842 631/591/842
f 565/576/843 570/574/843 589/575/843
f 609/559/844 555/561/844 574/593/844
f 608/594/845 574/593/845 750/595/845
f 583/597/846 579/606/846 578/598/846
f 571/600/847 557/749/847 610/567/847
f 611/602/848 571/600/848 590/601/848
f 581/599/849 578/598/849 561/573/849
f 586/605/850 585/619/850 579/606/850
f 577/607/851 612/636/851 582/608/851
f 562/579/380 577/607/380 580/609/380
f 632/610/852 629/743/852 657/581/852
f 669/612/853 635/742/853 632/610/853
f 634/613/854 636/618/854 671/614/854
f 660/589/855 630/745/855 633/616/855
f 633/616/856 634/613/856 668/615/856
f 636/618/857 635/742/857 669/612/857
f 582/608/858 612/636/858 585/619/858
f 562/579/859 558/577/859 614/562/859
f 587/592/860 615/763/860 614/562/860
f 561/573/861 610/567/861 613/569/861
f 736/620/862 593/633/862 604/621/862
f 737/623/863 595/634/863 596/624/863
f 741/626/864 738/632/864 594/627/864
f 735/629/865 592/635/865 597/630/865
f 738/632/866 739/631/866 597/630/866
f 736/620/867 740/625/867 596/624/867
f 741/626/868 605/628/868 595/634/868
f 742/622/869 604/621/869 592/635/869
f 560/566/870 559/565/870 613/569/870
f 562/579/871 609/559/871 608/594/871
f 608/594/872 746/596/872 612/636/872
f 590/601/873 610/567/873 561/573/873
f 579/606/874 744/603/874 590/601/874
f 623/637/875 617/752/875 606/638/875
f 600/640/876 620/649/876 619/641/876
f 599/643/877 624/650/877 618/644/877
f 621/646/878 616/651/878 607/647/878
f 602/645/879 618/644/879 621/646/879
f 606/638/880 617/752/880 620/649/880
f 603/642/881 619/641/881 624/650/881
f 616/651/882 623/637/882 743/639/882
f 697/652/883 563/578/883 568/580/883
f 708/654/884 586/605/884 583/597/884
f 704/656/885 564/572/885 566/564/885
f 568/580/886 580/609/886 701/658/886
f 700/659/887 699/657/887 566/564/887
f 583/597/888 581/599/888 706/660/888
f 706/660/889 581/599/889 567/604/889
f 584/662/890 573/689/890 575/663/890
f 700/659/891 570/574/891 565/576/891
f 701/658/892 580/609/892 582/608/892
f 582/608/893 586/605/893 708/654/893
f 704/656/894 705/661/894 567/604/894
f 645/667/895 646/758/895 721/668/895
f 647/670/896 644/757/896 722/671/896
f 639/673/897 638/755/897 723/674/897
f 722/671/898 644/757/898 641/676/898
f 730/678/899 637/754/899 640/679/899
f 731/681/900 642/684/900 645/667/900
f 641/676/901 637/754/901 730/678/901
f 721/668/902 646/758/902 733/682/902
f 723/674/903 638/755/903 642/684/903
f 648/685/904 647/670/904 728/672/904
f 643/686/905 639/673/905 729/675/905
f 725/680/906 734/756/906 643/686/906
f 658/688/907 674/709/907 573/689/907
f 656/584/908 576/664/908 575/663/908
f 572/691/909 679/696/909 665/692/909
f 678/694/910 675/772/910 669/612/910
f 652/695/911 554/700/911 572/691/911
f 679/696/912 683/715/912 667/697/912
f 575/663/913 673/710/913 657/581/913
f 669/612/914 675/772/914 681/698/914
f 654/699/915 548/707/915 554/700/915
f 681/698/916 684/716/916 668/615/916
f 670/701/917 676/712/917 677/702/917
f 569/704/918 556/705/918 651/590/918
f 697/652/919 703/665/919 565/576/919
f 572/691/920 554/700/920 556/705/920
f 551/706/921 552/711/921 584/662/921
f 556/705/922 554/700/922 548/707/922
f 575/663/923 573/689/923 674/709/923
f 549/708/924 548/707/924 552/711/924
f 676/712/925 675/772/925 678/694/925
f 572/691/926 569/704/926 680/713/926
f 681/698/927 675/772/927 676/712/927
f 680/713/928 684/716/928 683/715/928
f 678/694/929 673/710/929 674/709/929
f 684/716/930 681/698/930 682/714/930
f 668/615/931 684/716/931 680/713/931
f 551/706/932 576/664/932 656/584/932
f 653/587/933 549/708/933 551/706/933
f 677/702/934 674/709/934 658/688/934
f 655/717/935 584/662/935 552/711/935
f 666/617/936 680/713/936 569/704/936
f 573/689/937 584/662/937 655/717/937
f 552/711/938 548/707/938 654/699/938
f 657/581/939 673/710/939 678/694/939
f 556/705/940 549/708/940 653/587/940
f 667/697/941 683/715/941 682/714/941
f 682/714/942 676/712/942 670/701/942
f 652/695/943 659/693/943 705/661/943
f 670/701/944 702/666/944 708/654/944
f 663/703/945 701/658/945 702/666/945
f 655/717/946 661/718/946 700/659/946
f 665/692/947 706/660/947 705/661/947
f 665/692/948 667/697/948 707/655/948
f 661/718/949 654/699/949 699/657/949
f 663/703/950 658/688/950 698/653/950
f 652/695/951 704/656/951 699/657/951
f 667/697/952 672/719/952 708/654/952
f 650/690/953 697/652/953 698/653/953
f 719/720/954 693/746/954 696/721/954
f 714/722/955 696/721/955 689/723/955
f 695/725/956 687/747/956 710/726/956
f 717/728/957 690/739/957 694/729/957
f 686/731/958 695/725/958 720/727/958
f 691/733/959 692/737/959 712/734/959
f 694/729/960 685/741/960 709/736/960
f 692/737/961 693/746/961 719/720/961
f 716/738/962 688/740/962 691/733/962
f 711/724/963 689/723/963 690/739/963
f 710/726/964 687/747/964 688/740/964
f 685/741/965 686/731/965 715/732/965
f 709/736/966 715/732/966 634/613/966
f 635/742/496 710/726/496 716/738/496
f 627/586/967 711/724/967 717/728/967
f 632/610/968 716/738/968 718/735/968
f 712/734/969 719/720/969 628/744/969
f 713/730/970 709/736/970 633/616/970
f 718/735/501 712/734/501 625/582/501
f 715/732/971 720/727/971 636/618/971
f 626/588/503 717/728/503 713/730/503
f 720/727/972 710/726/972 635/742/972
f 631/591/973 714/722/973 711/724/973
f 628/744/974 719/720/974 714/722/974
f 693/746/975 725/680/975 732/687/975
f 732/687/976 729/675/976 689/723/976
f 726/683/977 728/672/977 687/747/977
f 690/739/978 723/674/978 731/681/978
f 686/731/979 721/668/979 726/683/979
f 724/677/980 730/678/980 692/737/980
f 731/681/981 727/669/981 685/741/981
f 692/737/982 730/678/982 725/680/982
f 688/740/983 722/671/983 724/677/983
f 689/723/984 729/675/984 723/674/984
f 728/672/985 722/671/985 688/740/985
f 727/669/986 721/668/986 686/731/986
f 650/690/987 655/717/987 703/665/987
f 273/264/988 270/262/988 550/560/988
f 270/262/989 275/298/989 555/561/989
f 277/748/990 267/269/990 547/568/990
f 290/438/991 273/264/991 553/563/991
f 298/300/992 750/595/992 574/593/992
f 295/297/993 574/593/993 555/561/993
f 277/748/994 557/749/994 571/600/994
f 307/440/995 748/753/995 750/595/995
f 355/358/996 604/621/996 593/633/996
f 343/361/997 596/624/997 595/634/997
f 336/365/998 357/751/998 605/628/998
f 345/367/999 597/630/999 592/635/999
f 343/361/1000 334/377/1000 593/633/1000
f 345/367/1001 336/365/1001 594/627/1001
f 355/358/1002 332/381/1002 592/635/1002
f 338/380/1003 595/634/1003 605/628/1003
f 410/407/1004 389/425/1004 617/752/1004
f 398/410/1005 393/428/1005 619/641/1005
f 391/413/1006 618/644/1006 624/650/1006
f 400/416/1007 387/429/1007 616/651/1007
f 398/410/1008 620/649/1008 617/752/1008
f 400/416/1009 621/646/1009 618/644/1009
f 410/407/1010 623/637/1010 616/651/1010
f 393/428/1011 412/414/1011 624/650/1011
f 290/438/1012 747/750/1012 591/570/1012
f 314/272/1013 591/570/1013 547/568/1013
f 307/440/1014 365/306/1014 611/602/1014
f 365/306/1015 292/304/1015 571/600/1015
f 452/468/1016 640/679/1016 637/754/1016
f 454/471/1017 642/684/1017 638/755/1017
f 546/481/1018 455/478/1018 643/686/1018
f 451/463/1019 450/475/1019 638/755/1019
f 453/465/1020 449/469/1020 637/754/1020
f 451/463/1021 639/673/1021 643/686/1021
f 459/460/1022 456/466/1022 644/757/1022
f 454/471/1023 457/457/1023 645/667/1023
f 459/460/1024 647/670/1024 648/685/1024
f 458/474/1025 646/758/1025 645/667/1025
f 453/465/1026 641/676/1026 644/757/1026
f 545/473/1027 733/682/1027 646/758/1027
f 537/480/1028 725/680/1028 640/679/1028
f 538/477/1029 460/476/1029 648/685/1029
f 545/473/1030 538/477/1030 726/683/1030
f 546/481/1031 734/756/1031 725/680/1031
f 612/636/1032 746/596/1032 745/761/1032
f 585/619/1033 745/761/1033 744/603/1033
f 748/753/1034 611/602/1034 744/603/1034
f 746/596/1035 750/595/1035 748/753/1035
f 560/566/1036 749/571/1036 588/762/1036
f 588/762/1037 615/763/1037 587/592/1037
f 749/571/1038 591/570/1038 747/750/1038
f 747/750/1039 553/563/1039 615/763/1039
f 753/764/2 754/765/2 752/765/2
f 756/766/1 758/766/1 757/767/1
f 754/765/588 758/766/588 756/766/588
f 751/764/589 755/767/589 757/767/589
f 753/764/3 757/767/3 758/766/3
f 752/765/4 756/766/4 755/767/4
