# Blender 4.4.0
# www.blender.org
mtllib Prop_Barrel_Pile_01.mtl
o Prop_Barrel_Pile_01
v -0.718483 1.042235 0.432738
v -0.645565 0.886790 0.432738
v -0.504695 0.788630 0.432738
v -0.065438 1.158923 0.432738
v -0.138356 1.314368 0.432738
v -0.279227 1.412528 0.432738
v -0.278609 1.411576 -0.437411
v -0.138296 1.313235 -0.437411
v -0.065953 1.157912 -0.437411
v -0.505312 0.789582 -0.437411
v -0.645625 0.887923 -0.437411
v -0.717968 1.043246 -0.437411
v -0.606861 1.352589 0.432738
v -0.603990 1.355009 0.432738
v -0.704135 1.210668 0.432738
v -0.702799 1.214908 0.432738
v -0.331857 0.774882 0.432738
v -0.336262 0.774282 0.432738
v -0.177061 0.848569 0.432738
v -0.179931 0.846149 0.432738
v -0.079786 0.990490 0.432738
v -0.081123 0.986251 0.432738
v -0.452064 1.426276 0.432738
v -0.447659 1.426876 0.432738
v -0.602855 1.355064 -0.437411
v -0.605732 1.352652 -0.437411
v -0.446649 1.426354 -0.437411
v -0.451056 1.425766 -0.437411
v -0.082079 0.985636 -0.437411
v -0.080731 0.989872 -0.437411
v -0.181067 0.846094 -0.437411
v -0.178189 0.848506 -0.437411
v -0.337272 0.774804 -0.437411
v -0.332865 0.775392 -0.437411
v -0.701842 1.215522 -0.437411
v -0.703190 1.211286 -0.437411
v -0.703467 1.212788 0.417311
v -0.334059 0.774582 0.417311
v -0.605425 1.353799 0.417311
v -0.178496 0.847359 0.417311
v -0.449862 1.426576 0.417311
v -0.080454 0.988370 0.417311
v -0.335069 0.775098 -0.421984
v -0.702516 1.213404 -0.421984
v -0.179628 0.847300 -0.421984
v -0.604293 1.353858 -0.421984
v -0.448852 1.426060 -0.421984
v -0.081405 0.987754 -0.421984
v -0.615366 1.362757 -0.450000
v -0.622270 1.356713 -0.450000
v -0.716524 1.215929 -0.450000
v -0.719481 1.207243 -0.450000
v -0.730716 1.038193 -0.450000
v -0.728934 1.029193 -0.450000
v -0.654138 0.877174 -0.450000
v -0.648095 0.870270 -0.450000
v -0.507311 0.776016 -0.450000
v -0.498625 0.773058 -0.450000
v -0.329575 0.761824 -0.450000
v -0.320574 0.763606 -0.450000
v -0.168555 0.838401 -0.450000
v -0.161651 0.844445 -0.450000
v -0.067397 0.985229 -0.450000
v -0.064440 0.993915 -0.450000
v -0.053205 1.162965 -0.450000
v -0.054987 1.171965 -0.450000
v -0.129783 1.323984 -0.450000
v -0.135826 1.330888 -0.450000
v -0.276610 1.425142 -0.450000
v -0.285296 1.428100 -0.450000
v -0.454346 1.439334 -0.450000
v -0.463347 1.437552 -0.450000
v -0.622270 1.356713 0.450000
v -0.615366 1.362757 0.450000
v -0.719481 1.207243 0.450000
v -0.716524 1.215929 0.450000
v -0.728934 1.029193 0.450000
v -0.730716 1.038193 0.450000
v -0.648095 0.870270 0.450000
v -0.654138 0.877174 0.450000
v -0.498625 0.773058 0.450000
v -0.507311 0.776016 0.450000
v -0.320574 0.763606 0.450000
v -0.329575 0.761824 0.450000
v -0.161651 0.844445 0.450000
v -0.168556 0.838401 0.450000
v -0.064440 0.993915 0.450000
v -0.067397 0.985229 0.450000
v -0.054987 1.171965 0.450000
v -0.053205 1.162965 0.450000
v -0.135826 1.330888 0.450000
v -0.129783 1.323984 0.450000
v -0.285296 1.428100 0.450000
v -0.276610 1.425142 0.450000
v -0.463347 1.437552 0.450000
v -0.454346 1.439334 0.450000
v -0.153007 0.820642 -0.372597
v -0.146106 0.826683 -0.372597
v -0.146106 0.826683 0.372598
v -0.153007 0.820642 0.372598
v -0.122007 0.785229 0.000000
v -0.115107 0.791269 0.000000
v -0.042096 0.986305 0.372598
v -0.045052 0.977623 0.372598
v -0.045052 0.977623 -0.372597
v -0.042096 0.986305 -0.372597
v -0.000499 0.962455 0.000000
v 0.002457 0.971136 0.000000
v -0.671898 0.861625 -0.372597
v -0.665857 0.854724 -0.372597
v -0.665857 0.854724 0.372598
v -0.671898 0.861625 0.372598
v -0.707310 0.830625 0.000000
v -0.701270 0.823725 0.000000
v -0.506234 0.750714 0.372598
v -0.514917 0.753670 0.372598
v -0.514916 0.753671 -0.372597
v -0.506234 0.750714 -0.372597
v -0.530085 0.709117 0.000000
v -0.521404 0.706162 0.000000
v -0.269005 1.447488 -0.372597
v -0.277687 1.450444 -0.372597
v -0.277687 1.450444 0.372598
v -0.269005 1.447488 0.372598
v -0.253836 1.492041 0.000000
v -0.262518 1.494996 0.000000
v -0.467929 1.460707 0.372598
v -0.458932 1.462489 0.372598
v -0.458932 1.462489 -0.372597
v -0.467929 1.460707 -0.372597
v -0.468072 1.508657 0.000000
v -0.477068 1.506876 0.000000
v -0.630914 1.380516 -0.372597
v -0.637815 1.374475 -0.372597
v -0.637815 1.374475 0.372598
v -0.630914 1.380516 0.372598
v -0.661914 1.415929 0.000000
v -0.668814 1.409889 0.000000
v -0.741825 1.214852 0.372598
v -0.738869 1.223535 0.372598
v -0.738869 1.223535 -0.372597
v -0.741825 1.214853 -0.372597
v -0.783422 1.238703 0.000000
v -0.786378 1.230022 0.000000
v -0.031832 1.176548 0.372598
v -0.030051 1.167550 0.372598
v -0.030051 1.167550 -0.372597
v -0.031832 1.176548 -0.372597
v 0.016117 1.176691 0.000000
v 0.014336 1.185687 0.000000
v -0.315992 0.740451 0.372598
v -0.324989 0.738669 0.372598
v -0.324989 0.738669 -0.372597
v -0.315992 0.740451 -0.372597
v -0.315849 0.692501 0.000000
v -0.306853 0.694282 0.000000
v -0.752089 1.024610 0.372598
v -0.753870 1.033608 0.372598
v -0.753870 1.033608 -0.372597
v -0.752089 1.024611 -0.372597
v -0.800038 1.024467 0.000000
v -0.798257 1.015471 0.000000
v -0.118064 1.346434 0.372598
v -0.112023 1.339533 0.372598
v -0.112023 1.339533 -0.372597
v -0.118064 1.346434 -0.372597
v -0.076611 1.370533 0.000000
v -0.082651 1.377433 0.000000
v -0.702293 1.206238 -0.444866
v -0.607887 1.347248 -0.444866
v -0.713545 1.036916 -0.444866
v -0.638630 0.884653 -0.444866
v -0.497619 0.790247 -0.444866
v -0.328297 0.778994 -0.444866
v -0.176034 0.853910 -0.444866
v -0.081628 0.994921 -0.444866
v -0.070376 1.164242 -0.444866
v -0.145291 1.316506 -0.444866
v -0.286302 1.410911 -0.444866
v -0.455624 1.422164 -0.444866
v -0.702293 1.206238 0.444866
v -0.607887 1.347248 0.444866
v -0.713545 1.036916 0.444866
v -0.638630 0.884653 0.444866
v -0.497619 0.790247 0.444866
v -0.328297 0.778994 0.444866
v -0.176034 0.853910 0.444866
v -0.081628 0.994921 0.444866
v -0.070376 1.164242 0.444866
v -0.145292 1.316505 0.444866
v -0.286302 1.410911 0.444866
v -0.455624 1.422164 0.444866
v -0.263335 1.478370 0.000000
v -0.278681 1.433295 0.368944
v -0.127499 1.332080 0.368944
v -0.091672 1.363443 0.000000
v -0.278681 1.433295 -0.368944
v -0.127499 1.332080 -0.368944
v -0.692249 0.837716 0.000000
v -0.656422 0.869078 0.368944
v -0.736741 1.032324 0.368944
v -0.783450 1.023077 0.000000
v -0.656422 0.869078 -0.368944
v -0.736741 1.032324 -0.368944
v -0.129097 0.800290 0.000000
v -0.160459 0.836118 0.368944
v -0.323705 0.755798 0.368944
v -0.314458 0.709089 0.000000
v -0.160459 0.836118 -0.368944
v -0.323705 0.755798 -0.368944
v -0.047180 1.168834 0.368944
v -0.000471 1.178081 0.000000
v -0.047180 1.168834 -0.368944
v -0.724677 1.213859 0.368944
v -0.769751 1.229205 0.000000
v -0.724677 1.213859 -0.368944
v -0.654824 1.400868 0.000000
v -0.623462 1.365040 0.368944
v -0.460216 1.445360 0.368944
v -0.469463 1.492069 0.000000
v -0.623462 1.365040 -0.368944
v -0.460216 1.445360 -0.368944
v -0.505240 0.767863 0.368944
v -0.520586 0.722788 0.000000
v -0.505240 0.767863 -0.368944
v -0.059244 0.987300 0.368944
v -0.014170 0.971953 0.000000
v -0.059244 0.987300 -0.368944
v -0.269386 1.460596 0.360129
v -0.271396 1.454693 0.388633
v -0.110492 1.346968 0.388633
v -0.105800 1.351075 0.360129
v -0.105800 1.351075 -0.360129
v -0.110492 1.346968 -0.388633
v -0.271396 1.454693 -0.388633
v -0.269386 1.460596 -0.360129
v -0.678121 0.850083 0.360129
v -0.673429 0.854190 0.388633
v -0.758914 1.027934 0.388633
v -0.765031 1.026723 0.360129
v -0.765031 1.026723 -0.360129
v -0.758914 1.027934 -0.388633
v -0.673429 0.854190 -0.388633
v -0.678121 0.850083 -0.360129
v -0.141464 0.814418 0.360129
v -0.145571 0.819110 0.388633
v -0.319316 0.733625 0.388633
v -0.318105 0.727508 0.360129
v -0.318105 0.727508 -0.360129
v -0.319316 0.733625 -0.388633
v -0.145571 0.819110 -0.388633
v -0.141464 0.814418 -0.360129
v -0.025007 1.173224 0.388633
v -0.018890 1.174435 0.360129
v -0.018890 1.174435 -0.360129
v -0.025007 1.173224 -0.388633
v -0.746074 1.221143 0.388633
v -0.751977 1.223153 0.360129
v -0.751977 1.223153 -0.360129
v -0.746074 1.221144 -0.388633
v -0.642457 1.386740 0.360129
v -0.638350 1.382048 0.388633
v -0.464605 1.467533 0.388633
v -0.465816 1.473650 0.360129
v -0.465816 1.473650 -0.360129
v -0.464605 1.467533 -0.388633
v -0.638350 1.382048 -0.388633
v -0.642457 1.386740 -0.360129
v -0.512525 0.746465 0.388633
v -0.514535 0.740563 0.360129
v -0.514535 0.740563 -0.360129
v -0.512525 0.746465 -0.388633
v -0.037847 0.980014 0.388633
v -0.031944 0.978005 0.360129
v -0.031944 0.978005 -0.360129
v -0.037847 0.980014 -0.388633
v -0.137644 0.810054 0.315552
v -0.135177 0.807235 0.286540
v -0.022907 0.974928 0.286540
v -0.026453 0.976135 0.315552
v -0.682486 0.846262 0.315552
v -0.685304 0.843795 0.286540
v -0.517612 0.731526 0.286540
v -0.516405 0.735071 0.315552
v -0.267517 1.466087 0.315552
v -0.266309 1.469632 0.286540
v -0.467670 1.483014 0.286540
v -0.466943 1.479340 0.315552
v -0.646277 1.391104 0.315552
v -0.648744 1.393923 0.286540
v -0.761014 1.226230 0.286540
v -0.757468 1.225023 0.315552
v -0.009525 1.176289 0.286540
v -0.013200 1.175561 0.315552
v -0.316251 0.718144 0.286540
v -0.316978 0.721818 0.315552
v -0.774396 1.024869 0.286540
v -0.770721 1.025597 0.315552
v -0.098617 1.357363 0.286540
v -0.101435 1.354896 0.315552
v -0.135204 0.807267 -0.286864
v -0.137671 0.810085 -0.315876
v -0.026493 0.976149 -0.315876
v -0.022947 0.974941 -0.286864
v -0.685273 0.843823 -0.286864
v -0.682454 0.846290 -0.315876
v -0.516391 0.735111 -0.315876
v -0.517598 0.731565 -0.286864
v -0.266323 1.469593 -0.286864
v -0.267530 1.466047 -0.315876
v -0.466935 1.479299 -0.315876
v -0.467662 1.482973 -0.286864
v -0.648717 1.393891 -0.286864
v -0.646250 1.391073 -0.315876
v -0.757429 1.225009 -0.315876
v -0.760974 1.226217 -0.286864
v -0.013241 1.175553 -0.315876
v -0.009566 1.176280 -0.286864
v -0.316986 0.721859 -0.315876
v -0.316259 0.718185 -0.286864
v -0.770680 1.025605 -0.315876
v -0.774355 1.024878 -0.286864
v -0.101467 1.354868 -0.315876
v -0.098648 1.357335 -0.286864
v -1.027333 0.640748 0.432738
v -1.115936 0.493678 0.432738
v -1.119134 0.322011 0.432738
v -0.567064 0.163008 0.432738
v -0.478461 0.310078 0.432738
v -0.475263 0.481746 0.432738
v -0.475710 0.480703 -0.437411
v -0.479369 0.309398 -0.437411
v -0.568190 0.162874 -0.437411
v -1.118687 0.323053 -0.437411
v -1.115028 0.494358 -0.437411
v -1.026207 0.640883 -0.437411
v -0.707341 0.720652 0.432738
v -0.703734 0.719613 0.432738
v -0.879390 0.722529 0.432738
v -0.875123 0.723777 0.432738
v -1.034404 0.170740 0.432738
v -1.037353 0.174067 0.432738
v -0.887056 0.083104 0.432738
v -0.890664 0.084143 0.432738
v -0.715007 0.081227 0.432738
v -0.719274 0.079979 0.432738
v -0.559993 0.633016 0.432738
v -0.557044 0.629690 0.432738
v -0.703057 0.718700 -0.437411
v -0.706662 0.719749 -0.437411
v -0.556916 0.628559 -0.437411
v -0.559856 0.631894 -0.437411
v -0.720317 0.080432 -0.437411
v -0.716047 0.081668 -0.437411
v -0.891340 0.085056 -0.437412
v -0.887735 0.084007 -0.437412
v -1.037481 0.175197 -0.437411
v -1.034541 0.171862 -0.437411
v -0.874080 0.723325 -0.437411
v -0.878350 0.722088 -0.437411
v -0.877256 0.723153 0.417311
v -1.035879 0.172403 0.417310
v -0.705537 0.720133 0.417311
v -0.888860 0.083624 0.417310
v -0.558519 0.631353 0.417311
v -0.717141 0.080603 0.417311
v -1.036011 0.173530 -0.421984
v -0.876215 0.722707 -0.421984
v -0.889538 0.084532 -0.421984
v -0.704859 0.719225 -0.421984
v -0.558386 0.630227 -0.421984
v -0.718182 0.081050 -0.421984
v -0.703624 0.733376 -0.450000
v -0.712487 0.735751 -0.450000
v -0.881910 0.735751 -0.450000
v -0.890773 0.733376 -0.450000
v -1.037497 0.648665 -0.450000
v -1.043985 0.642177 -0.450000
v -1.128697 0.495452 -0.450000
v -1.131071 0.486589 -0.450000
v -1.131071 0.317167 -0.450000
v -1.128697 0.308304 -0.450000
v -1.043985 0.161580 -0.450000
v -1.037497 0.155092 -0.450000
v -0.890773 0.070380 -0.450000
v -0.881910 0.068005 -0.450000
v -0.712487 0.068005 -0.450000
v -0.703624 0.070380 -0.450000
v -0.556900 0.155092 -0.450000
v -0.550412 0.161580 -0.450000
v -0.465701 0.308304 -0.450000
v -0.463326 0.317167 -0.450000
v -0.463326 0.486590 -0.450000
v -0.465701 0.495452 -0.450000
v -0.550412 0.642177 -0.450000
v -0.556900 0.648665 -0.450000
v -0.712487 0.735751 0.450000
v -0.703624 0.733376 0.450000
v -0.890773 0.733376 0.450000
v -0.881910 0.735751 0.450000
v -1.043985 0.642177 0.450000
v -1.037497 0.648665 0.450000
v -1.131071 0.486590 0.450000
v -1.128696 0.495452 0.450000
v -1.128697 0.308304 0.450000
v -1.131071 0.317167 0.450000
v -1.037497 0.155091 0.450000
v -1.043985 0.161580 0.450000
v -0.881910 0.068005 0.450000
v -0.890773 0.070380 0.450000
v -0.703624 0.070380 0.450000
v -0.712487 0.068005 0.450000
v -0.550412 0.161580 0.450000
v -0.556900 0.155092 0.450000
v -0.463326 0.317167 0.450000
v -0.465701 0.308304 0.450000
v -0.465701 0.495452 0.450000
v -0.463326 0.486589 0.450000
v -0.556900 0.648665 0.450000
v -0.550412 0.642177 0.450000
v -0.896880 0.047580 -0.372597
v -0.888021 0.045206 -0.372597
v -0.888021 0.045206 0.372598
v -0.896880 0.047580 0.372598
v -0.909061 0.002119 0.000000
v -0.900203 -0.000254 0.000000
v -0.697517 0.047580 0.372598
v -0.706376 0.045206 0.372598
v -0.706376 0.045206 -0.372597
v -0.697517 0.047580 -0.372597
v -0.694194 -0.000254 0.000000
v -0.685336 0.002119 0.000000
v -1.151497 0.501560 -0.372597
v -1.153871 0.492701 -0.372597
v -1.153871 0.492700 0.372598
v -1.151497 0.501560 0.372598
v -1.196958 0.513740 0.000000
v -1.199331 0.504882 0.000000
v -1.151497 0.302196 0.372598
v -1.153871 0.311056 0.372598
v -1.153871 0.311056 -0.372597
v -1.151497 0.302197 -0.372597
v -1.199331 0.298874 0.000000
v -1.196958 0.290016 0.000000
v -0.440526 0.492700 -0.372597
v -0.442900 0.501560 -0.372597
v -0.442900 0.501560 0.372598
v -0.440526 0.492700 0.372598
v -0.395066 0.504882 0.000000
v -0.397439 0.513740 0.000000
v -0.540208 0.665354 0.372598
v -0.533723 0.658869 0.372598
v -0.533723 0.658869 -0.372597
v -0.540208 0.665354 -0.372597
v -0.500444 0.692149 0.000000
v -0.506928 0.698633 0.000000
v -0.697517 0.756176 -0.372597
v -0.706376 0.758550 -0.372597
v -0.706376 0.758550 0.372598
v -0.697517 0.756176 0.372598
v -0.685336 0.801637 0.000000
v -0.694194 0.804011 0.000000
v -0.896880 0.756176 0.372598
v -0.888021 0.758550 0.372598
v -0.888021 0.758550 -0.372597
v -0.896880 0.756176 -0.372597
v -0.900203 0.804011 0.000000
v -0.909061 0.801637 0.000000
v -0.533723 0.144888 0.372598
v -0.540208 0.138402 0.372598
v -0.540208 0.138402 -0.372597
v -0.533723 0.144888 -0.372597
v -0.506928 0.105123 0.000000
v -0.500444 0.111608 0.000000
v -1.054189 0.138402 0.372598
v -1.060675 0.144888 0.372598
v -1.060675 0.144888 -0.372597
v -1.054189 0.138402 -0.372597
v -1.093954 0.111608 0.000000
v -1.087469 0.105123 0.000000
v -1.060675 0.658869 0.372598
v -1.054189 0.665354 0.372598
v -1.054189 0.665354 -0.372597
v -1.060675 0.658869 -0.372597
v -1.087469 0.698633 0.000000
v -1.093954 0.692149 0.000000
v -0.440526 0.311056 0.372598
v -0.442900 0.302197 0.372598
v -0.442900 0.302197 -0.372597
v -0.440526 0.311056 -0.372597
v -0.397440 0.290016 0.000000
v -0.395066 0.298874 0.000000
v -0.882046 0.718534 -0.444866
v -0.712351 0.718534 -0.444866
v -1.029007 0.633686 -0.444866
v -1.113854 0.486726 -0.444866
v -1.113854 0.317031 -0.444866
v -1.029006 0.170070 -0.444866
v -0.882046 0.085223 -0.444866
v -0.712351 0.085223 -0.444866
v -0.565391 0.170070 -0.444866
v -0.480543 0.317031 -0.444866
v -0.480543 0.486726 -0.444866
v -0.565391 0.633686 -0.444866
v -0.882046 0.718534 0.444866
v -0.712351 0.718534 0.444866
v -1.029006 0.633686 0.444866
v -1.113854 0.486726 0.444866
v -1.113854 0.317031 0.444866
v -1.029006 0.170070 0.444866
v -0.882046 0.085223 0.444866
v -0.712351 0.085223 0.444866
v -0.565391 0.170070 0.444866
v -0.480543 0.317031 0.444866
v -0.480543 0.486726 0.444866
v -0.565391 0.633686 0.444866
v -0.411710 0.505170 0.000000
v -0.457703 0.492846 0.368944
v -0.457703 0.310911 0.368944
v -0.411710 0.298587 0.000000
v -0.457703 0.492846 -0.368944
v -0.457703 0.310911 -0.368944
v -1.182687 0.505170 0.000000
v -1.136694 0.492846 0.368944
v -1.045727 0.650406 0.368944
v -1.079396 0.684076 0.000000
v -1.136694 0.492846 -0.368944
v -1.045727 0.650406 -0.368944
v -0.900490 0.016389 0.000000
v -0.888166 0.062383 0.368944
v -1.045727 0.153350 0.368944
v -1.079396 0.119681 0.000000
v -0.888166 0.062383 -0.368944
v -1.045727 0.153350 -0.368944
v -0.548670 0.153350 0.368944
v -0.515001 0.119681 0.000000
v -0.548670 0.153350 -0.368944
v -0.888166 0.741374 0.368944
v -0.900490 0.787367 0.000000
v -0.888166 0.741374 -0.368944
v -0.693907 0.787367 0.000000
v -0.706231 0.741374 0.368944
v -0.548670 0.650406 0.368944
v -0.515001 0.684075 0.000000
v -0.706231 0.741374 -0.368944
v -0.548670 0.650406 -0.368944
v -1.136694 0.310911 0.368944
v -1.182687 0.298587 0.000000
v -1.136694 0.310911 -0.368944
v -0.706231 0.062382 0.368944
v -0.693907 0.016389 0.000000
v -0.706231 0.062383 -0.368944
v -0.429846 0.500310 0.360129
v -0.435870 0.498696 0.388633
v -0.435870 0.305060 0.388633
v -0.429846 0.303446 0.360129
v -0.429846 0.303447 -0.360129
v -0.435870 0.305060 -0.388633
v -0.435870 0.498696 -0.388633
v -0.429847 0.500310 -0.360129
v -1.164551 0.500310 0.360129
v -1.158527 0.498696 0.388633
v -1.061710 0.666389 0.388633
v -1.066119 0.670798 0.360129
v -1.066119 0.670799 -0.360129
v -1.061710 0.666389 -0.388633
v -1.158527 0.498696 -0.388633
v -1.164551 0.500310 -0.360129
v -0.895630 0.034526 0.360129
v -0.894016 0.040549 0.388633
v -1.061710 0.137367 0.388633
v -1.066119 0.132958 0.360129
v -1.066119 0.132958 -0.360129
v -1.061710 0.137367 -0.388633
v -0.894016 0.040549 -0.388633
v -0.895630 0.034526 -0.360129
v -0.532687 0.137367 0.388633
v -0.528278 0.132958 0.360129
v -0.528278 0.132958 -0.360129
v -0.532687 0.137367 -0.388633
v -0.894016 0.763207 0.388633
v -0.895630 0.769230 0.360129
v -0.895630 0.769230 -0.360129
v -0.894016 0.763207 -0.388633
v -0.698767 0.769230 0.360129
v -0.700381 0.763207 0.388633
v -0.532687 0.666389 0.388633
v -0.528278 0.670799 0.360129
v -0.528278 0.670799 -0.360129
v -0.532687 0.666389 -0.388633
v -0.700381 0.763207 -0.388633
v -0.698767 0.769230 -0.360129
v -1.158527 0.305060 0.388633
v -1.164551 0.303446 0.360129
v -1.164551 0.303447 -0.360129
v -1.158527 0.305060 -0.388633
v -0.700381 0.040549 0.388633
v -0.698767 0.034526 0.360129
v -0.698767 0.034526 -0.360129
v -0.700381 0.040549 -0.388633
v -0.897132 0.028923 0.315552
v -0.898101 0.025305 0.286540
v -0.696296 0.025305 0.286540
v -0.697266 0.028923 0.315552
v -1.170154 0.501811 0.315552
v -1.173772 0.502781 0.286540
v -1.173772 0.300976 0.286540
v -1.170154 0.301945 0.315552
v -0.424243 0.501811 0.315552
v -0.420625 0.502781 0.286540
v -0.521528 0.677549 0.286540
v -0.524176 0.674900 0.315552
v -0.697266 0.774833 0.315552
v -0.696296 0.778451 0.286540
v -0.898101 0.778451 0.286540
v -0.897132 0.774833 0.315552
v -0.521528 0.126208 0.286540
v -0.524176 0.128856 0.315552
v -1.072869 0.126208 0.286540
v -1.070221 0.128856 0.315552
v -1.072869 0.677549 0.286540
v -1.070221 0.674900 0.315552
v -0.420625 0.300976 0.286540
v -0.424243 0.301945 0.315552
v -0.898090 0.025346 -0.286864
v -0.897121 0.028963 -0.315876
v -0.697276 0.028963 -0.315876
v -0.696307 0.025346 -0.286864
v -1.173731 0.502770 -0.286864
v -1.170113 0.501800 -0.315876
v -1.170113 0.301956 -0.315876
v -1.173731 0.300986 -0.286864
v -0.420666 0.502770 -0.286864
v -0.424284 0.501800 -0.315876
v -0.524206 0.674871 -0.315876
v -0.521558 0.677519 -0.286864
v -0.696307 0.778411 -0.286864
v -0.697276 0.774793 -0.315876
v -0.897121 0.774793 -0.315876
v -0.898090 0.778411 -0.286864
v -0.524206 0.128886 -0.315876
v -0.521558 0.126237 -0.286864
v -1.070191 0.128886 -0.315876
v -1.072840 0.126237 -0.286864
v -1.070191 0.674871 -0.315876
v -1.072840 0.677519 -0.286864
v -0.424284 0.301956 -0.315876
v -0.420666 0.300987 -0.286864
v -0.054059 0.726451 0.432738
v -0.207186 0.648784 0.432738
v -0.300965 0.504959 0.432738
v 0.082670 0.077306 0.432738
v 0.235797 0.154972 0.432738
v 0.329576 0.298797 0.432738
v 0.328644 0.298150 -0.437411
v 0.234667 0.154878 -0.437411
v 0.081644 0.077789 -0.437412
v -0.300033 0.505606 -0.437411
v -0.206056 0.648878 -0.437411
v -0.053033 0.725967 -0.437411
v 0.259583 0.624431 0.432738
v 0.262091 0.621637 0.432738
v 0.114736 0.717292 0.432738
v 0.119015 0.716087 0.432738
v -0.309388 0.331780 0.432738
v -0.310123 0.336165 0.432738
v -0.230972 0.179325 0.432738
v -0.233479 0.182120 0.432738
v -0.086124 0.086464 0.432738
v -0.090403 0.087669 0.432738
v 0.337999 0.471976 0.432738
v 0.338734 0.467592 0.432738
v 0.262180 0.620504 -0.437411
v 0.259680 0.623305 -0.437411
v 0.338243 0.466566 -0.437411
v 0.337520 0.470952 -0.437411
v -0.091047 0.088606 -0.437411
v -0.086772 0.087389 -0.437411
v -0.233569 0.183253 -0.437412
v -0.231069 0.180451 -0.437412
v -0.309632 0.337191 -0.437411
v -0.308909 0.332804 -0.437411
v 0.119658 0.715150 -0.437411
v 0.115383 0.716367 -0.437411
v 0.116875 0.716690 0.417310
v -0.309756 0.333972 0.417311
v 0.260837 0.623034 0.417310
v -0.232226 0.180722 0.417311
v 0.338367 0.469784 0.417310
v -0.088264 0.087067 0.417311
v -0.309271 0.334997 -0.421984
v 0.117521 0.715759 -0.421984
v -0.232319 0.181852 -0.421984
v 0.260930 0.621904 -0.421984
v 0.337882 0.468759 -0.421984
v -0.088909 0.087997 -0.421984
v 0.269484 0.633245 -0.450000
v 0.263231 0.639960 -0.450000
v 0.119613 0.729837 -0.450000
v 0.110840 0.732526 -0.450000
v -0.058475 0.738553 -0.450000
v -0.067417 0.736495 -0.450000
v -0.217062 0.657057 -0.450000
v -0.223776 0.650804 -0.450000
v -0.313654 0.507186 -0.450000
v -0.316342 0.498413 -0.450000
v -0.322369 0.329098 -0.450000
v -0.320311 0.320156 -0.450000
v -0.240873 0.170511 -0.450000
v -0.234620 0.163796 -0.450000
v -0.091002 0.073919 -0.450000
v -0.082229 0.071230 -0.450000
v 0.087086 0.065203 -0.450000
v 0.096028 0.067261 -0.450000
v 0.245673 0.146699 -0.450000
v 0.252388 0.152953 -0.450000
v 0.342265 0.296570 -0.450000
v 0.344953 0.305343 -0.450000
v 0.350980 0.474659 -0.450000
v 0.348922 0.483600 -0.450000
v 0.263231 0.639960 0.450000
v 0.269484 0.633245 0.450000
v 0.110841 0.732526 0.450000
v 0.119613 0.729837 0.450000
v -0.067417 0.736495 0.450000
v -0.058475 0.738553 0.450000
v -0.223776 0.650804 0.450000
v -0.217062 0.657057 0.450000
v -0.316342 0.498413 0.450000
v -0.313654 0.507186 0.450000
v -0.320311 0.320156 0.450000
v -0.322369 0.329098 0.450000
v -0.234620 0.163796 0.450000
v -0.240873 0.170511 0.450000
v -0.082229 0.071230 0.450000
v -0.091002 0.073919 0.450000
v 0.096028 0.067261 0.450000
v 0.087086 0.065203 0.450000
v 0.252388 0.152952 0.450000
v 0.245673 0.146699 0.450000
v 0.344953 0.305343 0.450000
v 0.342265 0.296570 0.450000
v 0.348922 0.483600 0.450000
v 0.350980 0.474659 0.450000
v -0.258146 0.154423 -0.372597
v -0.251895 0.147711 -0.372597
v -0.251895 0.147711 0.372598
v -0.258146 0.154423 0.372598
v -0.292588 0.122348 0.000000
v -0.286338 0.115637 0.000000
v -0.089147 0.048663 0.372598
v -0.097917 0.051350 0.372598
v -0.097917 0.051350 -0.372597
v -0.089148 0.048663 -0.372597
v -0.111707 0.006352 0.000000
v -0.102939 0.003664 -0.000000
v -0.233149 0.674330 -0.372597
v -0.239862 0.668079 -0.372597
v -0.239861 0.668079 0.372598
v -0.233149 0.674330 0.372598
v -0.265224 0.708771 0.000000
v -0.271935 0.702522 0.000000
v -0.338910 0.505331 0.372598
v -0.336222 0.514100 0.372598
v -0.336222 0.514101 -0.372597
v -0.338910 0.505331 -0.372597
v -0.381221 0.527891 0.000000
v -0.383908 0.519122 0.000000
v 0.364833 0.289656 -0.372597
v 0.367521 0.298425 -0.372597
v 0.367521 0.298425 0.372598
v 0.364834 0.289656 0.372598
v 0.409832 0.275866 0.000000
v 0.412519 0.284634 0.000000
v 0.371926 0.488893 0.372597
v 0.373983 0.479955 0.372597
v 0.373983 0.479955 -0.372597
v 0.371926 0.488893 -0.372597
v 0.419848 0.490512 0.000000
v 0.417791 0.499448 0.000000
v 0.286757 0.649333 -0.372597
v 0.280506 0.656045 -0.372597
v 0.280506 0.656045 0.372598
v 0.286757 0.649333 0.372598
v 0.321199 0.681408 -0.000000
v 0.314949 0.688119 0.000000
v 0.117759 0.755094 0.372598
v 0.126528 0.752406 0.372598
v 0.126528 0.752406 -0.372597
v 0.117759 0.755094 -0.372597
v 0.140318 0.797405 0.000000
v 0.131550 0.800092 0.000000
v 0.101320 0.044258 0.372598
v 0.092382 0.042201 0.372598
v 0.092382 0.042201 -0.372597
v 0.101320 0.044258 -0.372597
v 0.102939 -0.003664 -0.000000
v 0.111876 -0.001607 -0.000000
v -0.343314 0.314863 0.372598
v -0.345372 0.323802 0.372598
v -0.345372 0.323802 -0.372597
v -0.343315 0.314863 -0.372597
v -0.391237 0.313245 0.000000
v -0.389180 0.304308 0.000000
v -0.072709 0.759498 0.372598
v -0.063771 0.761555 0.372598
v -0.063771 0.761556 -0.372597
v -0.072709 0.759498 -0.372597
v -0.074328 0.807420 0.000000
v -0.083265 0.805364 0.000000
v 0.268473 0.135677 0.372597
v 0.261760 0.129427 0.372597
v 0.261760 0.129427 -0.372597
v 0.268473 0.135677 -0.372597
v 0.293835 0.094985 -0.000000
v 0.300547 0.101235 -0.000000
v 0.110364 0.715315 -0.444866
v 0.254213 0.625293 -0.444866
v -0.059224 0.721352 -0.444866
v -0.209109 0.641786 -0.444866
v -0.299131 0.497937 -0.444866
v -0.305168 0.328349 -0.444866
v -0.225602 0.178463 -0.444866
v -0.081753 0.088442 -0.444866
v 0.087835 0.082405 -0.444866
v 0.237720 0.161971 -0.444866
v 0.327742 0.305820 -0.444866
v 0.333779 0.475407 -0.444866
v 0.110364 0.715315 0.444866
v 0.254213 0.625293 0.444866
v -0.059224 0.721352 0.444866
v -0.209109 0.641786 0.444866
v -0.299131 0.497937 0.444866
v -0.305168 0.328349 0.444866
v -0.225602 0.178463 0.444866
v -0.081753 0.088441 0.444866
v 0.087835 0.082405 0.444866
v 0.237720 0.161971 0.444866
v 0.327742 0.305820 0.444866
v 0.333779 0.475407 0.444866
v 0.395876 0.284939 0.000000
v 0.350350 0.298891 0.368944
v 0.253835 0.144666 0.368944
v 0.286285 0.109821 -0.000000
v 0.350350 0.298891 -0.368944
v 0.253835 0.144666 -0.368944
v -0.257674 0.693936 0.000000
v -0.225224 0.659090 0.368944
v -0.064527 0.744395 0.368944
v -0.075207 0.790797 0.000000
v -0.225224 0.659090 -0.368944
v -0.064527 0.744395 -0.368944
v -0.277752 0.129898 0.000000
v -0.242906 0.162348 0.368944
v -0.328211 0.323045 0.368944
v -0.374614 0.312366 0.000000
v -0.242906 0.162349 -0.368944
v -0.328211 0.323045 -0.368944
v 0.093138 0.059361 0.368944
v 0.103818 0.012959 -0.000000
v 0.093138 0.059361 -0.368944
v 0.117293 0.737923 0.368944
v 0.131245 0.783448 0.000000
v 0.117293 0.737923 -0.368944
v 0.306363 0.673858 0.000000
v 0.271517 0.641408 0.368944
v 0.356823 0.480711 0.368944
v 0.403225 0.491391 0.000000
v 0.271517 0.641408 -0.368944
v 0.356822 0.480711 -0.368944
v -0.321739 0.504865 0.368944
v -0.367265 0.518818 0.000000
v -0.321739 0.504865 -0.368944
v -0.088682 0.065833 0.368944
v -0.102634 0.020308 0.000000
v -0.088682 0.065833 -0.368944
v 0.377923 0.290441 0.360129
v 0.371962 0.292268 0.388633
v 0.269240 0.128125 0.388633
v 0.273489 0.123561 0.360129
v 0.273489 0.123561 -0.360129
v 0.269240 0.128125 -0.388633
v 0.371962 0.292268 -0.388633
v 0.377923 0.290441 -0.360129
v -0.244878 0.680195 0.360129
v -0.240628 0.675632 0.388633
v -0.069597 0.766423 0.388633
v -0.070996 0.772499 0.360129
v -0.070996 0.772499 -0.360129
v -0.069597 0.766423 -0.388633
v -0.240628 0.675632 -0.388633
v -0.244878 0.680195 -0.360129
v -0.264011 0.142695 0.360129
v -0.259448 0.146944 0.388633
v -0.350239 0.317976 0.388633
v -0.356316 0.316577 0.360129
v -0.356316 0.316577 -0.360129
v -0.350239 0.317976 -0.388633
v -0.259448 0.146944 -0.388633
v -0.264011 0.142695 -0.360129
v 0.098208 0.037334 0.388633
v 0.099607 0.031257 0.360129
v 0.099607 0.031257 -0.360129
v 0.098208 0.037334 -0.388633
v 0.123916 0.759534 0.388633
v 0.125743 0.765496 0.360129
v 0.125743 0.765496 -0.360129
v 0.123916 0.759534 -0.388633
v 0.292622 0.661062 0.360129
v 0.288059 0.656812 0.388633
v 0.378850 0.485781 0.388633
v 0.384927 0.487179 0.360129
v 0.384927 0.487179 -0.360129
v 0.378850 0.485781 -0.388633
v 0.288059 0.656812 -0.388633
v 0.292622 0.661062 -0.360129
v -0.343350 0.511488 0.388633
v -0.349312 0.513316 0.360129
v -0.349312 0.513316 -0.360129
v -0.343350 0.511489 -0.388633
v -0.095305 0.044222 0.388633
v -0.097132 0.038260 0.360129
v -0.097132 0.038260 -0.360129
v -0.095305 0.044222 -0.388633
v -0.268256 0.138741 0.315552
v -0.270997 0.136189 0.286540
v -0.099929 0.029133 0.286540
v -0.098832 0.032714 0.315552
v -0.248831 0.684440 0.315552
v -0.251384 0.687181 0.286540
v -0.358440 0.516113 0.286540
v -0.354858 0.515015 0.315552
v 0.383470 0.288741 0.315552
v 0.387051 0.287643 0.286540
v 0.394230 0.489320 0.286539
v 0.390580 0.488480 0.315552
v 0.296867 0.665015 0.315552
v 0.299608 0.667568 0.286540
v 0.128540 0.774623 0.286540
v 0.127443 0.771042 0.315552
v 0.101748 0.021954 0.286540
v 0.100908 0.025604 0.315552
v -0.365619 0.314436 0.286540
v -0.361968 0.315276 0.315552
v -0.073137 0.781802 0.286540
v -0.072297 0.778152 0.315552
v 0.279995 0.116575 0.286540
v 0.277442 0.119316 0.315552
v -0.270967 0.136217 -0.286864
v -0.268226 0.138770 -0.315876
v -0.098820 0.032754 -0.315876
v -0.099917 0.029173 -0.286864
v -0.251355 0.687150 -0.286864
v -0.248803 0.684409 -0.315876
v -0.354819 0.515003 -0.315876
v -0.358400 0.516101 -0.286864
v 0.387011 0.287656 -0.286864
v 0.383430 0.288753 -0.315876
v 0.390539 0.488471 -0.315876
v 0.394189 0.489311 -0.286864
v 0.299578 0.667539 -0.286864
v 0.296837 0.664986 -0.315876
v 0.127431 0.771002 -0.315876
v 0.128528 0.774583 -0.286864
v 0.100898 0.025645 -0.315876
v 0.101739 0.021995 -0.286864
v -0.361928 0.315285 -0.315876
v -0.365578 0.314445 -0.286864
v -0.072287 0.778111 -0.315876
v -0.073127 0.781762 -0.286864
v 0.277414 0.119347 -0.315876
v 0.279966 0.116606 -0.286864
v 0.503862 0.460718 0.432738
v 0.518176 0.289618 0.432738
v 0.616122 0.148598 0.432738
v 1.156730 0.343039 0.432738
v 1.142416 0.514138 0.432738
v 1.044469 0.655158 0.432738
v 1.044718 0.654051 -0.437411
v 1.142077 0.513056 -0.437411
v 1.155895 0.342270 -0.437411
v 0.615874 0.149705 -0.437411
v 0.518515 0.290701 -0.437411
v 0.504697 0.461486 -0.437411
v 0.716439 0.712889 0.432738
v 0.719972 0.714160 0.432738
v 0.575885 0.613650 0.432738
v 0.578612 0.617160 0.432738
v 0.773393 0.075606 0.432738
v 0.769054 0.076576 0.432738
v 0.944152 0.090867 0.432738
v 0.940619 0.089597 0.432738
v 1.084707 0.190107 0.432738
v 1.081980 0.186596 0.432738
v 0.887199 0.728150 0.432738
v 0.891537 0.727181 0.432738
v 0.721056 0.713816 -0.437411
v 0.717519 0.712555 -0.437411
v 0.892303 0.726340 -0.437411
v 0.887967 0.727321 -0.437411
v 1.080870 0.186352 -0.437411
v 1.083607 0.189855 -0.437411
v 0.939536 0.089940 -0.437412
v 0.943073 0.091201 -0.437412
v 0.768289 0.077417 -0.437411
v 0.772625 0.076436 -0.437411
v 0.579722 0.617404 -0.437411
v 0.576985 0.613901 -0.437411
v 0.577248 0.615405 0.417311
v 0.771224 0.076091 0.417311
v 0.718206 0.713525 0.417311
v 0.942386 0.090232 0.417311
v 0.889368 0.727665 0.417311
v 1.083343 0.188351 0.417311
v 0.770457 0.076926 -0.421984
v 0.578353 0.615653 -0.421984
v 0.941304 0.090571 -0.421984
v 0.719287 0.713186 -0.421984
v 0.890135 0.726830 -0.421984
v 1.082238 0.188104 -0.421984
v 0.712000 0.725380 -0.450000
v 0.703426 0.722114 -0.450000
v 0.566098 0.622891 -0.450000
v 0.560305 0.615775 -0.450000
v 0.490988 0.461182 -0.450000
v 0.489528 0.452123 -0.450000
v 0.506794 0.283583 -0.450000
v 0.510060 0.275008 -0.450000
v 0.609283 0.137681 -0.450000
v 0.616399 0.131888 -0.450000
v 0.770992 0.062570 -0.450000
v 0.780051 0.061111 -0.450000
v 0.948591 0.078377 -0.450000
v 0.957166 0.081642 -0.450000
v 1.094493 0.180865 -0.450000
v 1.100287 0.187981 -0.450000
v 1.169604 0.342574 -0.450000
v 1.171063 0.351633 -0.450000
v 1.153797 0.520174 -0.450000
v 1.150532 0.528748 -0.450000
v 1.051309 0.666076 -0.450000
v 1.044193 0.671869 -0.450000
v 0.889600 0.741186 -0.450000
v 0.880541 0.742646 -0.450000
v 0.703426 0.722114 0.450000
v 0.712000 0.725380 0.450000
v 0.560305 0.615776 0.450000
v 0.566098 0.622891 0.450000
v 0.489528 0.452123 0.450000
v 0.490988 0.461182 0.450000
v 0.510060 0.275008 0.450000
v 0.506794 0.283583 0.450000
v 0.616398 0.131888 0.450000
v 0.609283 0.137681 0.450000
v 0.780051 0.061111 0.450000
v 0.770992 0.062570 0.450000
v 0.957166 0.081642 0.450000
v 0.948591 0.078377 0.450000
v 1.100286 0.187981 0.450000
v 1.094493 0.180865 0.450000
v 1.171063 0.351633 0.450000
v 1.169604 0.342574 0.450000
v 1.150532 0.528748 0.450000
v 1.153797 0.520174 0.450000
v 1.044193 0.671869 0.450000
v 1.051309 0.666076 0.450000
v 0.880541 0.742646 0.450000
v 0.889600 0.741186 0.450000
v 0.956994 0.056319 -0.372597
v 0.965565 0.059583 -0.372597
v 0.965565 0.059583 0.372598
v 0.956994 0.056319 0.372598
v 0.973745 0.012336 0.000000
v 0.982315 0.015600 0.000000
v 1.118590 0.173077 0.372598
v 1.112799 0.165964 0.372598
v 1.112799 0.165964 -0.372597
v 1.118590 0.173077 -0.372597
v 1.149297 0.136250 0.000000
v 1.155087 0.143361 0.000000
v 0.484736 0.275180 -0.372597
v 0.488001 0.266609 -0.372597
v 0.488001 0.266609 0.372598
v 0.484736 0.275180 0.372598
v 0.440754 0.258429 0.000000
v 0.444018 0.249859 0.000000
v 0.601494 0.113584 0.372598
v 0.594382 0.119375 0.372598
v 0.594382 0.119375 -0.372597
v 0.601494 0.113584 -0.372597
v 0.564667 0.082877 0.000000
v 0.571779 0.077087 0.000000
v 1.066210 0.684382 -0.372597
v 1.059097 0.690172 -0.372597
v 1.059097 0.690173 0.372598
v 1.066210 0.684382 0.372598
v 1.095924 0.720880 0.000000
v 1.088813 0.726670 0.000000
v 0.884297 0.765949 0.372598
v 0.893352 0.764490 0.372598
v 0.893352 0.764490 -0.372597
v 0.884297 0.765949 -0.372597
v 0.900836 0.810956 0.000000
v 0.891782 0.812414 0.000000
v 0.703598 0.747438 -0.372597
v 0.695026 0.744173 -0.372597
v 0.695026 0.744173 0.372598
v 0.703598 0.747438 0.372598
v 0.686847 0.791420 0.000000
v 0.678276 0.788156 0.000000
v 0.542002 0.630680 0.372598
v 0.547792 0.637792 0.372598
v 0.547792 0.637792 -0.372597
v 0.542002 0.630680 -0.372597
v 0.511294 0.667507 0.000000
v 0.505504 0.660395 0.000000
v 1.194367 0.347877 0.372598
v 1.192908 0.338822 0.372598
v 1.192908 0.338822 -0.372597
v 1.194367 0.347877 -0.372597
v 1.239373 0.331338 0.000000
v 1.240832 0.340392 0.000000
v 0.776295 0.037807 0.372598
v 0.767240 0.039266 0.372598
v 0.767240 0.039266 -0.372597
v 0.776295 0.037807 -0.372597
v 0.759756 -0.007199 -0.000000
v 0.768810 -0.008658 -0.000000
v 0.466225 0.455879 0.372598
v 0.467684 0.464934 0.372598
v 0.467684 0.464934 -0.372597
v 0.466225 0.455879 -0.372597
v 0.421218 0.472418 0.000000
v 0.419760 0.463364 0.000000
v 1.172591 0.537148 0.372598
v 1.175855 0.528576 0.372598
v 1.175855 0.528576 -0.372597
v 1.172591 0.537148 -0.372597
v 1.219837 0.545327 0.000000
v 1.216574 0.553898 0.000000
v 0.576071 0.608856 -0.444866
v 0.713620 0.708238 -0.444866
v 0.506642 0.454013 -0.444866
v 0.523936 0.285202 -0.444866
v 0.623319 0.147654 -0.444866
v 0.778161 0.078225 -0.444866
v 0.946972 0.095518 -0.444866
v 1.084521 0.194901 -0.444866
v 1.153950 0.349743 -0.444866
v 1.136656 0.518555 -0.444866
v 1.037273 0.656103 -0.444866
v 0.882431 0.725532 -0.444866
v 0.576071 0.608856 0.444866
v 0.713619 0.708238 0.444866
v 0.506642 0.454013 0.444866
v 0.523936 0.285202 0.444866
v 0.623318 0.147654 0.444866
v 0.778160 0.078224 0.444866
v 0.946972 0.095518 0.444866
v 1.084520 0.194901 0.444866
v 1.153950 0.349743 0.444866
v 1.136656 0.518555 0.444866
v 1.037273 0.656103 0.444866
v 0.882431 0.725532 0.444866
v 1.082265 0.711365 0.000000
v 1.052202 0.674440 0.368944
v 1.158753 0.526970 0.368944
v 1.203251 0.543917 0.000000
v 1.052202 0.674440 -0.368944
v 1.158753 0.526970 -0.368944
v 0.457341 0.259839 0.000000
v 0.501838 0.276786 0.368944
v 0.483297 0.457774 0.368944
v 0.436288 0.465346 0.000000
v 0.501838 0.276786 -0.368944
v 0.483297 0.457774 -0.368944
v 0.972335 0.028923 0.000000
v 0.955388 0.073421 0.368944
v 0.774400 0.054880 0.368944
v 0.766828 0.007870 -0.000000
v 0.955388 0.073421 -0.368944
v 0.774400 0.054880 -0.368944
v 1.177294 0.345982 0.368944
v 1.224304 0.338410 0.000000
v 1.177295 0.345982 -0.368944
v 0.557734 0.623785 0.368944
v 0.520809 0.653847 0.000000
v 0.557734 0.623785 -0.368944
v 0.688257 0.774833 0.000000
v 0.705204 0.730336 0.368944
v 0.886192 0.748877 0.368944
v 0.893764 0.795886 0.000000
v 0.705204 0.730336 -0.368944
v 0.886192 0.748877 -0.368944
v 0.608389 0.129316 0.368944
v 0.578327 0.092391 0.000000
v 0.608389 0.129316 -0.368944
v 1.102858 0.179972 0.368944
v 1.139783 0.149909 0.000000
v 1.102858 0.179972 -0.368944
v 1.070410 0.696804 0.360129
v 1.066473 0.691969 0.388633
v 1.179877 0.535015 0.388633
v 1.185704 0.537235 0.360129
v 1.185704 0.537235 -0.360129
v 1.179877 0.535015 -0.388633
v 1.066473 0.691969 -0.388633
v 1.070410 0.696804 -0.360129
v 0.474888 0.266522 0.360129
v 0.480715 0.268741 0.388633
v 0.460981 0.461369 0.388633
v 0.454825 0.462360 0.360129
v 0.454825 0.462360 -0.360129
v 0.460981 0.461369 -0.388633
v 0.480715 0.268741 -0.388633
v 0.474888 0.266522 -0.360129
v 0.965652 0.046470 0.360129
v 0.963433 0.052297 0.388633
v 0.770805 0.032564 0.388633
v 0.769814 0.026408 0.360129
v 0.769814 0.026408 -0.360129
v 0.770805 0.032564 -0.388633
v 0.963433 0.052297 -0.388633
v 0.965652 0.046470 -0.360129
v 1.199610 0.342388 0.388633
v 1.205767 0.341396 0.360129
v 1.205767 0.341396 -0.360129
v 1.199610 0.342388 -0.388633
v 0.540205 0.638056 0.388633
v 0.535370 0.641993 0.360129
v 0.535370 0.641993 -0.360129
v 0.540205 0.638056 -0.388633
v 0.694940 0.757286 0.360129
v 0.697159 0.751459 0.388633
v 0.889786 0.771193 0.388633
v 0.890778 0.777349 0.360129
v 0.890778 0.777349 -0.360129
v 0.889786 0.771193 -0.388633
v 0.697159 0.751459 -0.388633
v 0.694940 0.757286 -0.360129
v 0.594118 0.111788 0.388633
v 0.590181 0.106952 0.360129
v 0.590181 0.106952 -0.360129
v 0.594118 0.111788 -0.388633
v 1.120386 0.165701 0.388633
v 1.125222 0.161764 0.360129
v 1.125222 0.161764 -0.360129
v 1.120386 0.165701 -0.388633
v 0.967717 0.041049 0.315552
v 0.969050 0.037549 0.286540
v 1.132625 0.155737 0.286540
v 1.129720 0.158101 0.315552
v 0.469467 0.264457 0.315552
v 0.465966 0.263124 0.286540
v 0.584154 0.099549 0.286540
v 0.586519 0.102454 0.315552
v 1.074073 0.701303 0.315552
v 1.076437 0.704207 0.286540
v 0.892296 0.786774 0.286540
v 0.891700 0.783076 0.315552
v 0.692875 0.762707 0.315552
v 0.691542 0.766208 0.286540
v 0.527967 0.648020 0.286540
v 0.530871 0.645655 0.315552
v 1.215191 0.339878 0.286540
v 1.211493 0.340474 0.315552
v 0.768296 0.016983 0.286540
v 0.768891 0.020681 0.315552
v 0.445400 0.463879 0.286540
v 0.449098 0.463283 0.315552
v 1.194625 0.540632 0.286540
v 1.191125 0.539299 0.315552
v 0.969035 0.037588 -0.286864
v 0.967702 0.041088 -0.315876
v 1.129688 0.158128 -0.315876
v 1.132592 0.155763 -0.286864
v 0.466006 0.263139 -0.286864
v 0.469506 0.264472 -0.315876
v 0.586545 0.102486 -0.315876
v 0.584181 0.099582 -0.286864
v 1.076411 0.704175 -0.286864
v 1.074046 0.701270 -0.315876
v 0.891694 0.783034 -0.315876
v 0.892290 0.786732 -0.286864
v 0.691557 0.766168 -0.286864
v 0.692890 0.762668 -0.315876
v 0.530904 0.645629 -0.315876
v 0.527999 0.647993 -0.286864
v 1.211452 0.340480 -0.315876
v 1.215150 0.339885 -0.286864
v 0.768898 0.020722 -0.315876
v 0.768302 0.017024 -0.286864
v 0.449140 0.463276 -0.315876
v 0.445442 0.463872 -0.286864
v 1.191086 0.539284 -0.315876
v 1.194586 0.540617 -0.286864
v 0.303113 0.789178 0.432738
v 0.474194 0.774636 0.432738
v 0.629625 0.847581 0.432738
v 0.528468 1.413117 0.432738
v 0.357388 1.427660 0.432738
v 0.201956 1.354714 0.432738
v 0.203089 1.354774 -0.437411
v 0.358399 1.427145 -0.437411
v 0.529086 1.412166 -0.437411
v 0.628492 0.847522 -0.437411
v 0.473183 0.775151 -0.437411
v 0.302495 0.790130 -0.437411
v 0.090104 1.040985 0.432738
v 0.089443 1.044681 0.432738
v 0.164403 0.885796 0.432738
v 0.161399 0.889073 0.432738
v 0.727924 0.990407 0.432738
v 0.726243 0.986292 0.432738
v 0.741477 1.161310 0.432738
v 0.742138 1.157614 0.432738
v 0.667178 1.316500 0.432738
v 0.670183 1.313223 0.432738
v 0.103657 1.211889 0.432738
v 0.105339 1.216004 0.432738
v 0.089963 1.045692 -0.437411
v 0.090614 1.041994 -0.437411
v 0.106296 1.216618 -0.437411
v 0.104603 1.212507 -0.437411
v 0.670237 1.312088 -0.437411
v 0.667242 1.315373 -0.437411
v 0.741618 1.156604 -0.437411
v 0.740967 1.160302 -0.437411
v 0.725285 0.985678 -0.437411
v 0.726978 0.989788 -0.437411
v 0.161344 0.890208 -0.437411
v 0.164339 0.886923 -0.437411
v 0.162901 0.887434 0.417311
v 0.727084 0.988349 0.417311
v 0.089774 1.042833 0.417311
v 0.741808 1.159462 0.417311
v 0.104498 1.213946 0.417311
v 0.668681 1.314861 0.417311
v 0.726132 0.987733 -0.421984
v 0.162842 0.888565 -0.421984
v 0.741292 1.158453 -0.421984
v 0.090289 1.043843 -0.421984
v 0.105450 1.214563 -0.421984
v 0.668740 1.313730 -0.421984
v 0.077047 1.038701 -0.450000
v 0.078830 1.029701 -0.450000
v 0.153653 0.877696 -0.450000
v 0.159698 0.870793 -0.450000
v 0.300499 0.776564 -0.450000
v 0.309186 0.773608 -0.450000
v 0.478237 0.762404 -0.450000
v 0.487238 0.764188 -0.450000
v 0.639243 0.839010 -0.450000
v 0.646146 0.845055 -0.450000
v 0.740375 0.985856 -0.450000
v 0.743331 0.994543 -0.450000
v 0.754535 1.163595 -0.450000
v 0.752751 1.172595 -0.450000
v 0.677928 1.324600 -0.450000
v 0.671883 1.331503 -0.450000
v 0.531082 1.425732 -0.450000
v 0.522396 1.428688 -0.450000
v 0.353344 1.439892 -0.450000
v 0.344344 1.438108 -0.450000
v 0.192338 1.363285 -0.450000
v 0.185435 1.357240 -0.450000
v 0.091207 1.216439 -0.450000
v 0.088251 1.207753 -0.450000
v 0.078830 1.029701 0.450000
v 0.077047 1.038701 0.450000
v 0.159698 0.870792 0.450000
v 0.153653 0.877695 0.450000
v 0.309186 0.773608 0.450000
v 0.300499 0.776564 0.450000
v 0.487238 0.764187 0.450000
v 0.478237 0.762404 0.450000
v 0.646146 0.845055 0.450000
v 0.639243 0.839010 0.450000
v 0.743330 0.994543 0.450000
v 0.740375 0.985856 0.450000
v 0.752751 1.172595 0.450000
v 0.754534 1.163594 0.450000
v 0.671883 1.331503 0.450000
v 0.677928 1.324600 0.450000
v 0.522396 1.428688 0.450000
v 0.531082 1.425732 0.450000
v 0.344343 1.438108 0.450000
v 0.353344 1.439892 0.450000
v 0.185435 1.357240 0.450000
v 0.192338 1.363285 0.450000
v 0.088251 1.207753 0.450000
v 0.091206 1.216439 0.450000
v 0.777688 1.168184 -0.372597
v 0.775905 1.177181 -0.372597
v 0.775905 1.177181 0.372598
v 0.777688 1.168184 0.372598
v 0.823855 1.177333 0.000000
v 0.822072 1.186329 0.000000
v 0.689642 1.347052 0.372598
v 0.695685 1.340152 0.372598
v 0.695685 1.340152 -0.372597
v 0.689642 1.347052 -0.372597
v 0.731092 1.371158 0.000000
v 0.725050 1.378057 0.000000
v 0.482827 0.739250 -0.372597
v 0.491824 0.741033 -0.372597
v 0.491824 0.741033 0.372598
v 0.482827 0.739250 0.372598
v 0.491976 0.693084 0.000000
v 0.500972 0.694866 0.000000
v 0.661695 0.827296 0.372598
v 0.654795 0.821254 0.372598
v 0.654795 0.821254 -0.372597
v 0.661695 0.827296 -0.372597
v 0.685801 0.785847 0.000000
v 0.692700 0.791888 0.000000
v 0.176787 1.381042 -0.372597
v 0.169886 1.374999 -0.372597
v 0.169886 1.374999 0.372598
v 0.176786 1.381042 0.372598
v 0.145780 1.416449 0.000000
v 0.138881 1.410407 0.000000
v 0.065905 1.215358 0.372598
v 0.068860 1.224041 0.372598
v 0.068860 1.224041 -0.372597
v 0.065906 1.215358 -0.372597
v 0.024304 1.239201 0.000000
v 0.021350 1.230520 0.000000
v 0.053893 1.034111 -0.372597
v 0.055676 1.025114 -0.372597
v 0.055676 1.025114 0.372598
v 0.053893 1.034111 0.372598
v 0.007727 1.024962 0.000000
v 0.009509 1.015967 0.000000
v 0.141939 0.855243 0.372598
v 0.135896 0.862144 0.372598
v 0.135897 0.862144 -0.372597
v 0.141939 0.855244 -0.372597
v 0.100490 0.831137 0.000000
v 0.106531 0.824238 0.000000
v 0.530001 1.451033 0.372598
v 0.538684 1.448079 0.372598
v 0.538684 1.448079 -0.372597
v 0.530001 1.451033 -0.372597
v 0.553844 1.492634 0.000000
v 0.545162 1.495588 0.000000
v 0.765676 0.986937 0.372598
v 0.762721 0.978254 0.372598
v 0.762721 0.978254 -0.372597
v 0.765676 0.986938 -0.372597
v 0.807277 0.963094 0.000000
v 0.810231 0.971776 0.000000
v 0.301580 0.751262 0.372598
v 0.292897 0.754217 0.372598
v 0.292897 0.754217 -0.372597
v 0.301580 0.751263 -0.372597
v 0.277737 0.709661 0.000000
v 0.286419 0.706707 0.000000
v 0.339757 1.461263 0.372598
v 0.348754 1.463045 0.372598
v 0.348754 1.463045 -0.372597
v 0.339757 1.461263 -0.372597
v 0.339605 1.509212 0.000000
v 0.330610 1.507429 0.000000
v 0.169161 0.885177 -0.444866
v 0.094217 1.037427 -0.444866
v 0.310188 0.790797 -0.444866
v 0.479512 0.779575 -0.444866
v 0.631762 0.854518 -0.444866
v 0.726142 0.995545 -0.444866
v 0.737364 1.164869 -0.444866
v 0.662421 1.317119 -0.444866
v 0.521393 1.411499 -0.444866
v 0.352069 1.422721 -0.444866
v 0.199820 1.347778 -0.444866
v 0.105439 1.206750 -0.444866
v 0.169161 0.885177 0.444866
v 0.094217 1.037426 0.444866
v 0.310188 0.790796 0.444866
v 0.479512 0.779574 0.444866
v 0.631761 0.854518 0.444866
v 0.726142 0.995545 0.444866
v 0.737364 1.164869 0.444866
v 0.662421 1.317119 0.444866
v 0.521393 1.411499 0.444866
v 0.352069 1.422721 0.444866
v 0.199820 1.347778 0.444866
v 0.105439 1.206750 0.444866
v 0.152873 1.401389 0.000000
v 0.184242 1.365567 0.368944
v 0.347473 1.445916 0.368944
v 0.338218 1.492623 0.000000
v 0.184242 1.365567 -0.368944
v 0.347473 1.445916 -0.368944
v 0.493363 0.709672 0.000000
v 0.484108 0.756380 0.368944
v 0.302571 0.768411 0.368944
v 0.287233 0.723334 0.000000
v 0.484108 0.756380 -0.368944
v 0.302571 0.768411 -0.368944
v 0.807266 1.178720 0.000000
v 0.760559 1.169465 0.368944
v 0.748527 0.987928 0.368944
v 0.793605 0.972590 0.000000
v 0.760559 1.169465 -0.368944
v 0.748528 0.987928 -0.368944
v 0.529010 1.433885 0.368944
v 0.544348 1.478962 0.000000
v 0.529010 1.433885 -0.368944
v 0.151371 0.869599 0.368944
v 0.115549 0.838230 0.000000
v 0.151371 0.869599 -0.368944
v 0.024315 1.023575 0.000000
v 0.071022 1.032830 0.368944
v 0.083054 1.214367 0.368944
v 0.037977 1.229706 0.000000
v 0.071022 1.032830 -0.368944
v 0.083054 1.214367 -0.368944
v 0.647339 0.836729 0.368944
v 0.678708 0.800906 0.000000
v 0.647340 0.836729 -0.368944
v 0.680210 1.332697 0.368944
v 0.716032 1.364065 0.000000
v 0.680210 1.332697 -0.368944
v 0.165243 1.387263 0.360129
v 0.169351 1.382572 0.388633
v 0.343080 1.468088 0.388633
v 0.341867 1.474205 0.360129
v 0.341868 1.474205 -0.360129
v 0.343080 1.468088 -0.388633
v 0.169351 1.382572 -0.388633
v 0.165243 1.387263 -0.360129
v 0.489714 0.728091 0.360129
v 0.488502 0.734207 0.388633
v 0.295290 0.747012 0.388633
v 0.293281 0.741109 0.360129
v 0.293281 0.741109 -0.360129
v 0.295290 0.747012 -0.388633
v 0.488502 0.734207 -0.388633
v 0.489714 0.728091 -0.360129
v 0.788848 1.175071 0.360129
v 0.782731 1.173859 0.388633
v 0.769926 0.980647 0.388633
v 0.775829 0.978639 0.360129
v 0.775829 0.978639 -0.360129
v 0.769926 0.980647 -0.388633
v 0.782731 1.173859 -0.388633
v 0.788848 1.175071 -0.360129
v 0.536291 1.455283 0.388633
v 0.538300 1.461186 0.360129
v 0.538300 1.461186 -0.360129
v 0.536291 1.455283 -0.388633
v 0.134366 0.854708 0.388633
v 0.129675 0.850600 0.360129
v 0.129675 0.850600 -0.360129
v 0.134366 0.854708 -0.388633
v 0.042733 1.027225 0.360129
v 0.048850 1.028437 0.388633
v 0.061655 1.221648 0.388633
v 0.055752 1.223657 0.360129
v 0.055752 1.223657 -0.360129
v 0.061655 1.221649 -0.388633
v 0.048850 1.028437 -0.388633
v 0.042733 1.027225 -0.360129
v 0.662230 0.819723 0.388633
v 0.666339 0.815032 0.360129
v 0.666339 0.815032 -0.360129
v 0.662230 0.819723 -0.388633
v 0.697215 1.347588 0.388633
v 0.701906 1.351696 0.360129
v 0.701906 1.351696 -0.360129
v 0.697215 1.347588 -0.388633
v 0.794538 1.176198 0.315552
v 0.798212 1.176926 0.286540
v 0.709088 1.357985 0.286540
v 0.706270 1.355517 0.315552
v 0.490841 0.722400 0.315552
v 0.491569 0.718726 0.286540
v 0.672628 0.807850 0.286540
v 0.670160 0.810668 0.315552
v 0.161421 1.391627 0.315552
v 0.158954 1.394445 0.286540
v 0.046715 1.226732 0.286540
v 0.050260 1.225526 0.315552
v 0.037043 1.026097 0.315552
v 0.033369 1.025369 0.286540
v 0.122493 0.844311 0.286540
v 0.125311 0.846779 0.315552
v 0.541375 1.470224 0.286540
v 0.540169 1.466678 0.315552
v 0.784867 0.975563 0.286540
v 0.781321 0.976770 0.315552
v 0.290206 0.732072 0.286540
v 0.291413 0.735618 0.315552
v 0.340012 1.483569 0.286540
v 0.340740 1.479895 0.315552
v 0.798171 1.176918 -0.286864
v 0.794497 1.176190 -0.315876
v 0.706239 1.355490 -0.315876
v 0.709057 1.357957 -0.286863
v 0.491561 0.718767 -0.286864
v 0.490833 0.722442 -0.315876
v 0.670133 0.810700 -0.315876
v 0.672600 0.807882 -0.286864
v 0.158981 1.394414 -0.286864
v 0.161449 1.391596 -0.315876
v 0.050300 1.225512 -0.315876
v 0.046754 1.226719 -0.286864
v 0.033410 1.025377 -0.286864
v 0.037084 1.026105 -0.315876
v 0.125343 0.846806 -0.315876
v 0.122525 0.844338 -0.286864
v 0.540155 1.466638 -0.315876
v 0.541362 1.470184 -0.286864
v 0.781281 0.976783 -0.315876
v 0.784827 0.975577 -0.286864
v 0.291426 0.735657 -0.315876
v 0.290220 0.732111 -0.286864
v 0.340748 1.479854 -0.315876
v 0.340020 1.483528 -0.286864
vn -0.0000 -0.0000 1.0000
vn -0.0000 -0.0000 -1.0000
vn 0.7590 0.6398 0.1208
vn -0.7607 -0.6377 -0.1208
vn -0.7590 -0.6398 0.1208
vn 0.7607 0.6377 -0.1208
vn -0.2564 -0.1262 -0.9583
vn -0.1262 0.2564 -0.9583
vn 0.2851 -0.0189 -0.9583
vn 0.1262 -0.2564 -0.9583
vn 0.1590 0.2375 0.9583
vn -0.0189 -0.2851 0.9583
vn 0.1262 -0.2564 0.9583
vn -0.1590 -0.2375 -0.9583
vn -0.2851 0.0189 -0.9583
vn 0.0189 0.2851 -0.9583
vn 0.2375 -0.1590 0.9583
vn 0.8248 -0.5522 -0.1211
vn 0.0189 0.2851 0.9583
vn -0.2851 0.0189 0.9583
vn -0.1590 -0.2375 0.9583
vn 0.2564 0.1262 0.9583
vn -0.7971 0.5337 0.2826
vn -0.1262 0.2564 0.9583
vn -0.2564 -0.1262 0.9583
vn 0.2564 0.1262 -0.9583
vn -0.0189 -0.2851 -0.9583
vn 0.1590 0.2375 -0.9583
vn -0.2375 0.1590 -0.9583
vn -0.4382 0.8907 0.1211
vn 0.0658 0.9905 0.1211
vn -0.0658 -0.9905 0.1211
vn -0.5522 -0.8248 0.1211
vn 0.9905 -0.0658 0.1211
vn 0.8248 -0.5522 0.1211
vn 0.8907 0.4382 -0.1211
vn 0.7957 -0.5327 0.2881
vn -0.9905 0.0658 -0.1211
vn 0.8907 0.4382 0.1211
vn -0.4382 0.8907 -0.1211
vn -0.8248 0.5522 -0.1211
vn -0.0658 -0.9905 -0.1211
vn 0.0658 0.9905 -0.1211
vn 0.9905 -0.0658 -0.1211
vn -0.5522 -0.8248 -0.1211
vn -0.9905 0.0658 0.1211
vn -0.8248 0.5522 0.1211
vn 0.5522 0.8248 0.1211
vn 0.5522 0.8248 -0.1211
vn -0.8907 -0.4382 0.1211
vn -0.8907 -0.4382 -0.1211
vn 0.4382 -0.8907 0.1211
vn 0.4382 -0.8907 -0.1211
vn -0.2375 0.1590 0.9583
vn -0.8592 -0.4228 0.2881
vn -0.4228 0.8592 0.2881
vn 0.8592 0.4228 0.2881
vn 0.9555 -0.0635 0.2881
vn 0.5327 0.7957 -0.2881
vn -0.0635 -0.9555 -0.2881
vn 0.9555 -0.0635 -0.2881
vn -0.5327 -0.7957 0.2881
vn -0.9555 0.0635 0.2881
vn 0.0635 0.9555 0.2881
vn 0.7957 -0.5327 -0.2881
vn 0.0635 0.9555 -0.2881
vn -0.9555 0.0635 -0.2881
vn -0.5327 -0.7957 -0.2881
vn 0.4228 -0.8592 -0.2881
vn 0.8592 0.4228 -0.2881
vn -0.4228 0.8592 -0.2881
vn -0.8592 -0.4228 -0.2881
vn 0.4228 -0.8592 0.2881
vn -0.0635 -0.9555 0.2881
vn 0.5327 0.7957 0.2881
vn -0.7957 0.5327 0.2881
vn -0.7957 0.5327 -0.2881
vn 0.5337 0.7971 -0.2826
vn -0.8607 -0.4235 -0.2826
vn 0.4235 -0.8607 0.2826
vn 0.0636 0.9571 -0.2826
vn -0.5337 -0.7971 -0.2826
vn 0.7971 -0.5337 0.2826
vn -0.4235 0.8607 -0.2826
vn -0.0636 -0.9571 -0.2826
vn 0.9571 -0.0636 0.2826
vn -0.4235 0.8607 0.2826
vn 0.4235 -0.8607 -0.2826
vn 0.8607 0.4235 0.2826
vn -0.9571 0.0636 0.2826
vn 0.7971 -0.5337 -0.2826
vn 0.5337 0.7971 0.2826
vn -0.8607 -0.4235 0.2826
vn 0.9571 -0.0636 -0.2826
vn 0.0636 0.9571 0.2826
vn -0.7971 0.5337 -0.2826
vn -0.5337 -0.7971 0.2826
vn 0.8607 0.4235 -0.2826
vn 0.2851 -0.0189 0.9583
vn -0.9571 0.0636 -0.2826
vn -0.0636 -0.9571 0.2826
vn -0.0650 -0.9973 -0.0335
vn 0.5571 0.8298 0.0335
vn -0.9973 0.0650 -0.0335
vn 0.8298 -0.5571 0.0335
vn 0.8962 0.4424 -0.0335
vn -0.9971 0.0676 0.0335
vn -0.8974 -0.4400 0.0335
vn 0.5549 0.8312 -0.0335
vn 0.0650 0.9973 -0.0336
vn -0.5571 -0.8298 0.0335
vn 0.4424 -0.8962 -0.0335
vn 0.0676 0.9971 0.0335
vn -0.8962 -0.4424 -0.0335
vn 0.9971 -0.0676 0.0335
vn 0.8974 0.4400 0.0335
vn -0.5549 -0.8312 -0.0335
vn -0.4424 0.8962 -0.0335
vn -0.0676 -0.9971 0.0335
vn 0.4400 -0.8974 0.0335
vn -0.8312 0.5549 -0.0335
vn 0.8312 -0.5549 -0.0335
vn -0.4400 0.8974 0.0335
vn -0.8298 0.5571 0.0335
vn 0.9973 -0.0650 -0.0335
vn 0.2375 -0.1590 -0.9583
vn 0.5443 0.8130 0.2067
vn 0.5443 0.8130 -0.2068
vn -0.8779 -0.4319 0.2067
vn -0.8779 -0.4319 -0.2067
vn 0.4319 -0.8779 0.2067
vn 0.4319 -0.8779 -0.2067
vn 0.8779 0.4319 0.2067
vn 0.8779 0.4319 -0.2067
vn -0.9762 0.0649 0.2067
vn -0.9762 0.0649 -0.2067
vn -0.4319 0.8779 0.2067
vn -0.4319 0.8779 -0.2067
vn -0.0649 -0.9762 0.2067
vn -0.0649 -0.9762 -0.2067
vn 0.9762 -0.0649 0.2067
vn 0.9762 -0.0649 -0.2067
vn -0.8130 0.5443 0.2067
vn -0.8130 0.5443 -0.2067
vn 0.0649 0.9762 0.2067
vn 0.0649 0.9762 -0.2067
vn -0.5443 -0.8130 0.2067
vn -0.5443 -0.8130 -0.2067
vn 0.8130 -0.5443 0.2067
vn 0.8130 -0.5443 -0.2067
vn 0.8246 -0.5521 0.1237
vn -0.5521 -0.8246 0.1237
vn 0.0658 0.9901 0.1237
vn -0.8246 0.5520 0.1237
vn 0.9901 -0.0658 0.1237
vn -0.0658 -0.9901 0.1237
vn -0.4381 0.8904 0.1238
vn -0.9901 0.0658 0.1237
vn 0.8904 0.4381 0.1237
vn 0.4381 -0.8904 0.1237
vn -0.8904 -0.4381 0.1237
vn 0.5520 0.8246 0.1237
vn 0.8246 -0.5520 -0.1237
vn -0.5521 -0.8246 -0.1237
vn 0.0658 0.9901 -0.1237
vn -0.8246 0.5521 -0.1237
vn 0.9901 -0.0658 -0.1237
vn -0.0658 -0.9901 -0.1237
vn -0.4381 0.8904 -0.1238
vn -0.9901 0.0658 -0.1237
vn 0.8904 0.4381 -0.1237
vn 0.4381 -0.8904 -0.1237
vn -0.8904 -0.4381 -0.1237
vn 0.5521 0.8246 -0.1237
vn 0.9539 -0.2747 0.1208
vn -0.9531 0.2773 -0.1208
vn -0.9539 0.2747 0.1208
vn 0.9531 -0.2773 -0.1208
vn -0.2475 0.1429 -0.9583
vn 0.1429 0.2475 -0.9583
vn 0.1429 -0.2475 -0.9583
vn -0.1429 -0.2475 -0.9583
vn 0.2858 -0.0000 0.9583
vn -0.2475 -0.1429 0.9583
vn -0.1429 -0.2475 0.9583
vn -0.2858 -0.0000 -0.9583
vn -0.1429 0.2475 -0.9583
vn 0.2475 0.1429 -0.9583
vn -0.0000 -0.2858 0.9583
vn -0.0000 -0.9926 -0.1211
vn 0.2475 0.1429 0.9583
vn -0.1429 0.2475 0.9583
vn -0.2858 -0.0000 0.9583
vn 0.2475 -0.1429 0.9583
vn -0.0000 0.9593 0.2826
vn 0.1429 0.2475 0.9583
vn -0.2475 0.1429 0.9583
vn 0.2475 -0.1429 -0.9583
vn -0.2475 -0.1429 -0.9583
vn 0.2858 -0.0000 -0.9583
vn -0.0000 0.2858 -0.9583
vn 0.4963 0.8597 0.1211
vn 0.8597 0.4963 0.1211
vn -0.8597 -0.4963 0.1211
vn -0.9926 -0.0000 0.1211
vn 0.4963 -0.8597 0.1211
vn -0.0000 -0.9926 0.1211
vn 0.8597 -0.4963 -0.1211
vn -0.0000 -0.9576 0.2881
vn -0.4963 0.8597 -0.1211
vn 0.8597 -0.4963 0.1211
vn 0.4963 0.8597 -0.1211
vn -0.0000 0.9926 -0.1211
vn -0.8597 -0.4963 -0.1211
vn 0.8597 0.4963 -0.1211
vn 0.4963 -0.8597 -0.1211
vn -0.9926 -0.0000 -0.1211
vn -0.4963 0.8597 0.1211
vn -0.0000 0.9926 0.1211
vn 0.9926 -0.0000 0.1211
vn 0.9926 -0.0000 -0.1211
vn -0.8597 0.4963 0.1211
vn -0.8597 0.4963 -0.1211
vn -0.4963 -0.8597 0.1211
vn -0.4963 -0.8597 -0.1211
vn -0.0000 0.2858 0.9583
vn -0.8293 0.4788 0.2881
vn 0.4788 0.8293 0.2881
vn 0.8293 -0.4788 0.2881
vn 0.4788 -0.8293 0.2881
vn 0.9576 -0.0000 -0.2881
vn -0.8293 -0.4788 -0.2881
vn 0.4788 -0.8293 -0.2881
vn -0.9576 -0.0000 0.2881
vn -0.4788 0.8293 0.2881
vn 0.8293 0.4788 0.2881
vn -0.0000 -0.9576 -0.2881
vn 0.8293 0.4788 -0.2881
vn -0.4788 0.8293 -0.2881
vn -0.9576 -0.0000 -0.2881
vn -0.4788 -0.8293 -0.2881
vn 0.8293 -0.4788 -0.2881
vn 0.4788 0.8293 -0.2881
vn -0.8293 0.4788 -0.2881
vn -0.4788 -0.8293 0.2881
vn -0.8293 -0.4788 0.2881
vn 0.9576 -0.0000 0.2881
vn -0.0000 0.9576 0.2881
vn -0.0000 0.9576 -0.2881
vn 0.9593 -0.0000 -0.2826
vn -0.8307 0.4796 -0.2826
vn -0.4796 -0.8307 0.2826
vn 0.8307 0.4796 -0.2826
vn -0.9593 -0.0000 -0.2826
vn -0.0000 -0.9593 0.2826
vn 0.4796 0.8307 -0.2826
vn -0.8307 -0.4796 -0.2826
vn 0.4796 -0.8307 0.2826
vn 0.4796 0.8307 0.2826
vn -0.4796 -0.8307 -0.2826
vn 0.8307 -0.4796 0.2826
vn -0.4796 0.8307 0.2826
vn -0.0000 -0.9593 -0.2826
vn 0.9593 -0.0000 0.2826
vn -0.8307 0.4796 0.2826
vn 0.4796 -0.8307 -0.2826
vn 0.8307 0.4796 0.2826
vn -0.0000 0.9593 -0.2826
vn -0.9593 -0.0000 0.2826
vn 0.8307 -0.4796 -0.2826
vn 0.1429 -0.2475 0.9583
vn -0.4796 0.8307 -0.2826
vn -0.8307 -0.4796 0.2826
vn -0.8649 -0.5009 -0.0335
vn 0.9994 -0.0013 0.0335
vn -0.5009 0.8649 -0.0335
vn -0.0013 -0.9994 0.0335
vn 0.8662 -0.4986 -0.0335
vn -0.4986 0.8662 0.0335
vn -0.8649 0.5009 0.0335
vn 0.9994 0.0013 -0.0335
vn 0.8649 0.5009 -0.0335
vn -0.9994 0.0013 0.0335
vn -0.4986 -0.8662 -0.0335
vn 0.8662 0.4986 0.0335
vn -0.8662 0.4986 -0.0335
vn 0.4986 -0.8662 0.0335
vn 0.8649 -0.5009 0.0335
vn -0.9994 -0.0013 -0.0335
vn 0.4986 0.8662 -0.0335
vn -0.8662 -0.4986 0.0335
vn -0.5009 -0.8649 0.0335
vn -0.0013 0.9994 -0.0335
vn 0.0013 -0.9994 -0.0335
vn 0.5009 0.8649 0.0335
vn 0.0013 0.9994 0.0335
vn 0.5009 -0.8649 -0.0335
vn -0.0000 -0.2858 -0.9583
vn 0.9784 -0.0000 0.2067
vn 0.9784 -0.0000 -0.2067
vn -0.8473 0.4892 0.2067
vn -0.8473 0.4892 -0.2067
vn -0.4892 -0.8473 0.2067
vn -0.4892 -0.8473 -0.2067
vn 0.8473 -0.4892 0.2067
vn 0.8473 -0.4892 -0.2067
vn -0.4892 0.8473 0.2067
vn -0.4892 0.8473 -0.2067
vn 0.4892 0.8473 0.2067
vn 0.4892 0.8473 -0.2067
vn -0.8473 -0.4892 0.2067
vn -0.8473 -0.4892 -0.2067
vn 0.4892 -0.8473 0.2067
vn 0.4892 -0.8473 -0.2067
vn -0.0000 0.9784 0.2067
vn -0.0000 0.9784 -0.2067
vn 0.8473 0.4892 0.2067
vn 0.8473 0.4892 -0.2067
vn -0.9784 -0.0000 0.2067
vn -0.9784 -0.0000 -0.2067
vn -0.0000 -0.9784 0.2067
vn -0.0000 -0.9784 -0.2067
vn -0.0000 -0.9923 0.1237
vn -0.9923 -0.0000 0.1237
vn 0.8594 0.4962 0.1237
vn -0.0000 0.9923 0.1237
vn 0.4962 -0.8594 0.1237
vn -0.8594 -0.4962 0.1237
vn 0.4962 0.8594 0.1237
vn -0.4962 0.8594 0.1237
vn 0.8594 -0.4962 0.1237
vn -0.4962 -0.8594 0.1237
vn -0.8594 0.4962 0.1237
vn 0.9923 -0.0000 0.1237
vn -0.0000 -0.9923 -0.1237
vn -0.9923 -0.0000 -0.1237
vn 0.8594 0.4962 -0.1237
vn -0.0000 0.9923 -0.1237
vn 0.4962 -0.8594 -0.1237
vn -0.8594 -0.4962 -0.1237
vn 0.4962 0.8594 -0.1237
vn -0.4962 0.8594 -0.1237
vn 0.8594 -0.4962 -0.1237
vn -0.4962 -0.8594 -0.1237
vn -0.8594 0.4962 -0.1237
vn 0.9923 -0.0000 -0.1237
vn 0.6629 -0.7389 0.1208
vn -0.6608 0.7407 -0.1208
vn -0.6629 0.7389 0.1208
vn 0.6608 -0.7407 -0.1208
vn -0.1340 0.2524 -0.9583
vn 0.2524 0.1340 -0.9583
vn -0.0102 -0.2856 -0.9583
vn -0.2524 -0.1340 -0.9583
vn 0.2422 -0.1516 0.9583
vn -0.2856 0.0102 0.9583
vn -0.2524 -0.1340 0.9583
vn -0.2422 0.1516 -0.9583
vn 0.0102 0.2856 -0.9583
vn 0.2856 -0.0102 -0.9583
vn -0.1516 -0.2422 0.9583
vn -0.5266 -0.8415 -0.1211
vn 0.2856 -0.0102 0.9583
vn 0.0102 0.2856 0.9583
vn -0.2422 0.1516 0.9583
vn 0.1340 -0.2524 0.9583
vn 0.5089 0.8131 0.2826
vn 0.2524 0.1340 0.9583
vn -0.1340 0.2524 0.9583
vn 0.1340 -0.2524 -0.9583
vn -0.2856 0.0102 -0.9583
vn 0.2422 -0.1516 -0.9583
vn 0.1516 0.2422 -0.9583
vn 0.8768 0.4654 0.1211
vn 0.9920 -0.0353 0.1211
vn -0.9920 0.0353 0.1211
vn -0.8415 0.5266 0.1211
vn -0.0353 -0.9920 0.1211
vn -0.5266 -0.8415 0.1211
vn 0.4654 -0.8768 -0.1211
vn -0.5080 -0.8118 0.2881
vn 0.0353 0.9920 -0.1211
vn 0.4654 -0.8768 0.1211
vn 0.8768 0.4654 -0.1211
vn 0.5266 0.8415 -0.1211
vn -0.9920 0.0353 -0.1211
vn 0.9920 -0.0353 -0.1211
vn -0.0353 -0.9920 -0.1211
vn -0.8415 0.5266 -0.1211
vn 0.0353 0.9920 0.1211
vn 0.5266 0.8415 0.1211
vn 0.8415 -0.5266 0.1211
vn 0.8414 -0.5266 -0.1211
vn -0.4654 0.8768 0.1211
vn -0.4654 0.8768 -0.1211
vn -0.8768 -0.4654 0.1211
vn -0.8768 -0.4654 -0.1211
vn 0.1516 0.2422 0.9583
vn -0.4490 0.8458 0.2881
vn 0.8458 0.4490 0.2881
vn 0.4490 -0.8458 0.2881
vn -0.0341 -0.9570 0.2881
vn 0.8118 -0.5080 -0.2881
vn -0.9570 0.0341 -0.2881
vn -0.0341 -0.9570 -0.2881
vn -0.8118 0.5080 0.2881
vn 0.0341 0.9570 0.2881
vn 0.9570 -0.0341 0.2881
vn -0.5080 -0.8118 -0.2881
vn 0.9570 -0.0341 -0.2881
vn 0.0341 0.9570 -0.2881
vn -0.8118 0.5080 -0.2881
vn -0.8458 -0.4490 -0.2881
vn 0.4490 -0.8458 -0.2881
vn 0.8458 0.4490 -0.2881
vn -0.4490 0.8458 -0.2881
vn -0.8458 -0.4490 0.2881
vn -0.9570 0.0341 0.2881
vn 0.8118 -0.5080 0.2881
vn 0.5080 0.8118 0.2881
vn 0.5080 0.8118 -0.2881
vn 0.8131 -0.5089 -0.2826
vn -0.4498 0.8473 -0.2826
vn -0.8473 -0.4498 0.2826
vn 0.9586 -0.0341 -0.2826
vn -0.8131 0.5089 -0.2826
vn -0.5089 -0.8131 0.2826
vn 0.8473 0.4498 -0.2826
vn -0.9586 0.0341 -0.2826
vn -0.0341 -0.9586 0.2826
vn 0.8473 0.4498 0.2826
vn -0.8473 -0.4498 -0.2826
vn 0.4498 -0.8473 0.2826
vn 0.0341 0.9586 0.2826
vn -0.5089 -0.8131 -0.2826
vn 0.8131 -0.5089 0.2826
vn -0.4498 0.8473 0.2826
vn -0.0341 -0.9586 -0.2826
vn 0.9586 -0.0341 0.2826
vn 0.5089 0.8131 -0.2826
vn -0.8131 0.5089 0.2826
vn 0.4498 -0.8473 -0.2826
vn -0.0102 -0.2856 0.9583
vn 0.0341 0.9586 -0.2826
vn -0.9586 0.0341 0.2826
vn -0.9989 0.0342 -0.0335
vn 0.8465 -0.5313 0.0335
vn 0.0342 0.9989 -0.0335
vn -0.5313 -0.8465 0.0335
vn 0.4698 -0.8821 -0.0335
vn 0.0369 0.9988 0.0335
vn -0.4674 0.8834 0.0335
vn 0.8479 -0.5291 -0.0335
vn 0.9989 -0.0342 -0.0335
vn -0.8465 0.5313 0.0335
vn -0.8821 -0.4698 -0.0335
vn 0.9988 -0.0369 0.0335
vn -0.4698 0.8821 -0.0335
vn -0.0369 -0.9988 0.0335
vn 0.4674 -0.8834 0.0335
vn -0.8479 0.5291 -0.0335
vn 0.8821 0.4698 -0.0335
vn -0.9988 0.0369 0.0335
vn -0.8834 -0.4674 0.0335
vn 0.5291 0.8479 -0.0335
vn -0.5291 -0.8479 -0.0335
vn 0.8834 0.4674 0.0335
vn 0.5313 0.8465 0.0335
vn -0.0342 -0.9989 -0.0335
vn -0.1516 -0.2422 -0.9583
vn 0.8294 -0.5190 0.2067
vn 0.8294 -0.5190 -0.2067
vn -0.4587 0.8642 0.2067
vn -0.4587 0.8642 -0.2067
vn -0.8642 -0.4587 0.2067
vn -0.8642 -0.4587 -0.2067
vn 0.4587 -0.8642 0.2067
vn 0.4587 -0.8642 -0.2067
vn 0.0348 0.9778 0.2067
vn 0.0348 0.9778 -0.2067
vn 0.8642 0.4587 0.2067
vn 0.8642 0.4587 -0.2067
vn -0.9778 0.0348 0.2067
vn -0.9778 0.0348 -0.2067
vn -0.0348 -0.9778 0.2067
vn -0.0348 -0.9778 -0.2067
vn 0.5190 0.8294 0.2067
vn 0.5190 0.8294 -0.2067
vn 0.9778 -0.0348 0.2067
vn 0.9778 -0.0348 -0.2067
vn -0.8294 0.5190 0.2067
vn -0.8294 0.5190 -0.2067
vn -0.5190 -0.8294 0.2067
vn -0.5190 -0.8294 -0.2067
vn -0.5264 -0.8412 0.1237
vn -0.8412 0.5264 0.1237
vn 0.9917 -0.0353 0.1237
vn 0.5264 0.8412 0.1237
vn -0.0353 -0.9917 0.1237
vn -0.9917 0.0353 0.1237
vn 0.8765 0.4653 0.1237
vn 0.0353 0.9917 0.1237
vn 0.4653 -0.8765 0.1237
vn -0.8765 -0.4653 0.1237
vn -0.4653 0.8765 0.1237
vn 0.8412 -0.5264 0.1237
vn -0.5264 -0.8412 -0.1237
vn -0.8412 0.5264 -0.1237
vn 0.9917 -0.0353 -0.1237
vn 0.5264 0.8412 -0.1237
vn -0.0353 -0.9917 -0.1237
vn -0.9917 0.0353 -0.1237
vn 0.8765 0.4653 -0.1237
vn 0.0353 0.9917 -0.1237
vn 0.4653 -0.8765 -0.1237
vn -0.8765 -0.4653 -0.1237
vn -0.4653 0.8765 -0.1237
vn 0.8412 -0.5264 -0.1237
vn 0.9341 0.3360 0.1208
vn -0.9350 -0.3334 -0.1208
vn -0.9341 -0.3360 0.1208
vn 0.9350 0.3334 -0.1208
vn -0.2843 -0.0291 -0.9583
vn -0.0291 0.2843 -0.9583
vn 0.2607 -0.1169 -0.9583
vn 0.0291 -0.2843 -0.9583
vn 0.2316 0.1674 0.9583
vn -0.1169 -0.2607 0.9583
vn 0.0291 -0.2843 0.9583
vn -0.2316 -0.1674 -0.9583
vn -0.2607 0.1169 -0.9583
vn 0.1169 0.2607 -0.9583
vn 0.1674 -0.2316 0.9583
vn 0.5813 -0.8046 -0.1211
vn 0.1169 0.2607 0.9583
vn -0.2608 0.1169 0.9583
vn -0.2316 -0.1674 0.9583
vn 0.2843 0.0291 0.9583
vn -0.5618 0.7775 0.2826
vn -0.0291 0.2843 0.9583
vn -0.2843 -0.0291 0.9583
vn 0.2843 0.0291 -0.9583
vn -0.1169 -0.2607 -0.9583
vn 0.2316 0.1674 -0.9583
vn -0.1674 0.2316 -0.9583
vn -0.1012 0.9875 0.1211
vn 0.4061 0.9058 0.1211
vn -0.4061 -0.9058 0.1211
vn -0.8046 -0.5813 0.1211
vn 0.9058 -0.4061 0.1211
vn 0.5813 -0.8046 0.1211
vn 0.9875 0.1012 -0.1211
vn 0.5608 -0.7762 0.2881
vn -0.9058 0.4061 -0.1211
vn 0.9875 0.1012 0.1211
vn -0.1012 0.9875 -0.1211
vn -0.5813 0.8046 -0.1211
vn -0.4061 -0.9058 -0.1211
vn 0.4061 0.9058 -0.1211
vn 0.9058 -0.4061 -0.1211
vn -0.8046 -0.5813 -0.1211
vn -0.9058 0.4061 0.1211
vn -0.5813 0.8046 0.1211
vn 0.8046 0.5813 0.1211
vn 0.8046 0.5813 -0.1211
vn -0.9875 -0.1012 0.1211
vn -0.9875 -0.1012 -0.1211
vn 0.1012 -0.9875 0.1211
vn 0.1012 -0.9875 -0.1211
vn -0.1674 0.2316 0.9583
vn -0.9526 -0.0976 0.2881
vn -0.0976 0.9526 0.2881
vn 0.9526 0.0976 0.2881
vn 0.8738 -0.3918 0.2881
vn 0.7762 0.5608 -0.2881
vn -0.3918 -0.8738 -0.2881
vn 0.8738 -0.3918 -0.2881
vn -0.7762 -0.5608 0.2881
vn -0.8738 0.3918 0.2881
vn 0.3918 0.8738 0.2881
vn 0.5608 -0.7762 -0.2881
vn 0.3918 0.8738 -0.2881
vn -0.8738 0.3918 -0.2881
vn -0.7762 -0.5608 -0.2881
vn 0.0976 -0.9526 -0.2881
vn 0.9526 0.0976 -0.2881
vn -0.0976 0.9526 -0.2881
vn -0.9526 -0.0976 -0.2881
vn 0.0976 -0.9526 0.2881
vn -0.3918 -0.8738 0.2881
vn 0.7762 0.5608 0.2881
vn -0.5608 0.7762 0.2881
vn -0.5608 0.7762 -0.2881
vn 0.7775 0.5618 -0.2826
vn -0.9543 -0.0978 -0.2826
vn 0.0978 -0.9543 0.2826
vn 0.3925 0.8753 -0.2826
vn -0.7775 -0.5618 -0.2826
vn 0.5618 -0.7775 0.2826
vn -0.0978 0.9543 -0.2826
vn -0.3925 -0.8753 -0.2826
vn 0.8753 -0.3925 0.2826
vn -0.0978 0.9543 0.2826
vn 0.0978 -0.9543 -0.2826
vn 0.9543 0.0978 0.2826
vn -0.8753 0.3925 0.2826
vn 0.5618 -0.7775 -0.2826
vn 0.7775 0.5618 0.2826
vn -0.9543 -0.0978 0.2826
vn 0.8753 -0.3925 -0.2826
vn 0.3925 0.8753 0.2826
vn -0.5618 0.7775 -0.2826
vn -0.7775 -0.5618 0.2826
vn 0.9543 0.0978 -0.2826
vn 0.2608 -0.1169 0.9583
vn -0.8753 0.3925 -0.2826
vn -0.3925 -0.8753 0.2826
vn -0.4077 -0.9125 -0.0335
vn 0.8109 0.5843 0.0335
vn -0.9125 0.4077 -0.0335
vn 0.5842 -0.8109 0.0335
vn 0.9941 0.1032 -0.0335
vn -0.9114 0.4101 0.0335
vn -0.9944 -0.1005 0.0335
vn 0.8093 0.5864 -0.0335
vn 0.4077 0.9125 -0.0335
vn -0.8109 -0.5843 0.0335
vn 0.1032 -0.9941 -0.0335
vn 0.4101 0.9114 0.0335
vn -0.9941 -0.1032 -0.0335
vn 0.9114 -0.4101 0.0335
vn 0.9944 0.1005 0.0335
vn -0.8093 -0.5864 -0.0335
vn -0.1032 0.9941 -0.0335
vn -0.4101 -0.9114 0.0335
vn 0.1005 -0.9944 0.0335
vn -0.5864 0.8093 -0.0335
vn 0.5864 -0.8093 -0.0335
vn -0.1005 0.9944 0.0335
vn -0.5843 0.8109 0.0335
vn 0.9125 -0.4077 -0.0335
vn 0.1674 -0.2316 -0.9583
vn 0.7930 0.5730 0.2067
vn 0.7930 0.5730 -0.2067
vn -0.9733 -0.0997 0.2067
vn -0.9733 -0.0997 -0.2067
vn 0.0997 -0.9733 0.2067
vn 0.0997 -0.9733 -0.2067
vn 0.9733 0.0997 0.2067
vn 0.9733 0.0997 -0.2067
vn -0.8928 0.4003 0.2067
vn -0.8928 0.4003 -0.2067
vn -0.0997 0.9733 0.2067
vn -0.0997 0.9733 -0.2067
vn -0.4003 -0.8928 0.2067
vn -0.4003 -0.8928 -0.2067
vn 0.8928 -0.4003 0.2067
vn 0.8928 -0.4003 -0.2067
vn -0.5730 0.7930 0.2067
vn -0.5730 0.7930 -0.2067
vn 0.4003 0.8928 0.2067
vn 0.4003 0.8928 -0.2067
vn -0.7931 -0.5730 0.2067
vn -0.7930 -0.5730 -0.2067
vn 0.5730 -0.7930 0.2067
vn 0.5730 -0.7930 -0.2067
vn 0.5812 -0.8043 0.1237
vn -0.8043 -0.5812 0.1237
vn 0.4060 0.9055 0.1237
vn -0.5812 0.8043 0.1238
vn 0.9055 -0.4060 0.1237
vn -0.4060 -0.9055 0.1237
vn -0.1011 0.9871 0.1238
vn -0.9055 0.4060 0.1237
vn 0.9871 0.1011 0.1237
vn 0.1011 -0.9871 0.1237
vn -0.9871 -0.1011 0.1237
vn 0.8043 0.5812 0.1237
vn 0.5812 -0.8043 -0.1237
vn -0.8043 -0.5812 -0.1237
vn 0.4060 0.9055 -0.1237
vn -0.5812 0.8043 -0.1237
vn 0.9055 -0.4060 -0.1237
vn -0.4060 -0.9055 -0.1237
vn -0.1011 0.9871 -0.1237
vn -0.9055 0.4060 -0.1237
vn 0.9871 0.1011 -0.1237
vn 0.1011 -0.9871 -0.1237
vn -0.9871 -0.1011 -0.1237
vn 0.8043 0.5812 -0.1237
vn -0.1748 0.9772 0.1208
vn 0.1721 -0.9776 -0.1208
vn 0.1748 -0.9772 0.1208
vn -0.1721 0.9776 -0.1208
vn 0.1589 0.2375 -0.9583
vn 0.2375 -0.1589 0.9583
vn -0.1589 -0.2375 -0.9583
vn -0.2375 0.1589 -0.9583
vn 0.8906 0.4384 -0.1211
vn -0.2375 0.1589 0.9583
vn -0.1589 -0.2375 0.9583
vn -0.8606 -0.4236 0.2826
vn 0.2375 -0.1589 -0.9583
vn -0.9905 0.0656 0.1211
vn -0.8249 0.5521 0.1211
vn 0.8249 -0.5521 0.1211
vn 0.4384 -0.8906 0.1211
vn 0.5521 0.8249 0.1211
vn 0.8906 0.4384 0.1211
vn 0.0656 0.9905 -0.1211
vn 0.8592 0.4229 0.2881
vn -0.5521 -0.8249 -0.1211
vn 0.0656 0.9905 0.1211
vn -0.9905 0.0656 -0.1211
vn -0.8906 -0.4384 -0.1211
vn 0.8249 -0.5521 -0.1211
vn -0.8249 0.5521 -0.1211
vn 0.5521 0.8249 -0.1211
vn 0.4384 -0.8906 -0.1211
vn -0.5521 -0.8249 0.1211
vn -0.8906 -0.4384 0.1211
vn -0.4384 0.8906 0.1211
vn -0.4384 0.8906 -0.1211
vn -0.0656 -0.9905 0.1211
vn -0.0656 -0.9905 -0.1211
vn 0.9905 -0.0656 0.1211
vn 0.9905 -0.0656 -0.1211
vn -0.0633 -0.9555 0.2881
vn -0.9555 0.0633 0.2881
vn 0.0633 0.9555 0.2881
vn 0.5326 0.7958 0.2881
vn -0.4229 0.8592 -0.2881
vn 0.7958 -0.5326 -0.2881
vn 0.5326 0.7958 -0.2881
vn 0.4229 -0.8592 0.2881
vn -0.5326 -0.7958 0.2881
vn -0.7958 0.5326 0.2881
vn 0.8592 0.4229 -0.2881
vn -0.7958 0.5326 -0.2881
vn -0.5326 -0.7958 -0.2881
vn 0.4229 -0.8592 -0.2881
vn 0.9555 -0.0633 -0.2881
vn 0.0633 0.9555 -0.2881
vn -0.9555 0.0633 -0.2881
vn -0.0633 -0.9555 -0.2881
vn 0.9555 -0.0633 0.2881
vn 0.7958 -0.5326 0.2881
vn -0.4229 0.8592 0.2881
vn -0.8592 -0.4229 0.2881
vn -0.8592 -0.4229 -0.2881
vn -0.4236 0.8606 -0.2826
vn -0.0634 -0.9572 -0.2826
vn 0.9572 -0.0634 0.2826
vn -0.7972 0.5335 -0.2826
vn 0.4236 -0.8606 -0.2826
vn 0.8606 0.4236 0.2826
vn -0.9572 0.0634 -0.2826
vn 0.7972 -0.5335 -0.2826
vn 0.5335 0.7972 0.2826
vn -0.9572 0.0634 0.2826
vn 0.9572 -0.0634 -0.2826
vn 0.0634 0.9572 0.2826
vn -0.5335 -0.7972 0.2826
vn 0.8606 0.4236 -0.2826
vn -0.4236 0.8606 0.2826
vn -0.0634 -0.9572 0.2826
vn 0.5335 0.7972 -0.2826
vn -0.7972 0.5335 0.2826
vn -0.8606 -0.4236 -0.2826
vn 0.4236 -0.8606 0.2826
vn 0.0634 0.9572 -0.2826
vn 0.1589 0.2375 0.9583
vn -0.5335 -0.7972 -0.2826
vn 0.7972 -0.5335 0.2826
vn 0.8313 -0.5548 -0.0335
vn -0.4402 0.8973 0.0335
vn -0.5548 -0.8313 -0.0335
vn 0.8973 0.4402 0.0335
vn 0.0648 0.9973 -0.0335
vn -0.5570 -0.8299 0.0335
vn -0.0674 -0.9972 0.0335
vn -0.4426 0.8961 -0.0335
vn -0.8313 0.5548 -0.0335
vn 0.4402 -0.8973 0.0335
vn 0.9973 -0.0648 -0.0335
vn -0.8299 0.5570 0.0335
vn -0.0648 -0.9973 -0.0335
vn 0.5570 0.8299 0.0335
vn 0.0674 0.9972 0.0335
vn 0.4426 -0.8961 -0.0335
vn -0.9973 0.0648 -0.0335
vn 0.8299 -0.5570 0.0335
vn 0.9972 -0.0674 0.0335
vn -0.8961 -0.4426 -0.0335
vn 0.8961 0.4426 -0.0335
vn -0.9972 0.0674 0.0335
vn -0.8973 -0.4402 0.0335
vn 0.5548 0.8313 -0.0336
vn -0.4321 0.8778 0.2067
vn -0.4321 0.8778 -0.2067
vn -0.0647 -0.9763 0.2067
vn -0.0647 -0.9763 -0.2067
vn 0.9763 -0.0647 0.2067
vn 0.9763 -0.0647 -0.2067
vn 0.0647 0.9763 0.2067
vn 0.0647 0.9763 -0.2067
vn -0.5442 -0.8131 0.2067
vn -0.5442 -0.8131 -0.2067
vn -0.9763 0.0647 0.2067
vn -0.9763 0.0647 -0.2067
vn 0.8131 -0.5442 0.2067
vn 0.8131 -0.5442 -0.2067
vn 0.5442 0.8131 0.2067
vn 0.5442 0.8131 -0.2067
vn -0.8778 -0.4321 0.2067
vn -0.8778 -0.4321 -0.2067
vn -0.8131 0.5442 0.2067
vn -0.8131 0.5442 -0.2067
vn 0.4321 -0.8778 0.2067
vn 0.4321 -0.8778 -0.2067
vn 0.8778 0.4321 0.2067
vn 0.8778 0.4321 -0.2067
vn 0.8903 0.4382 0.1237
vn 0.4382 -0.8903 0.1237
vn -0.8247 0.5519 0.1237
vn -0.8903 -0.4382 0.1237
vn 0.5519 0.8247 0.1237
vn 0.8247 -0.5519 0.1237
vn -0.9901 0.0656 0.1237
vn -0.5519 -0.8247 0.1237
vn 0.0656 0.9901 0.1237
vn 0.9901 -0.0656 0.1237
vn -0.0656 -0.9901 0.1237
vn -0.4382 0.8903 0.1237
vn 0.8903 0.4382 -0.1238
vn 0.4382 -0.8903 -0.1237
vn -0.8247 0.5519 -0.1237
vn -0.8903 -0.4382 -0.1237
vn 0.5519 0.8247 -0.1237
vn 0.8247 -0.5519 -0.1237
vn -0.9901 0.0656 -0.1237
vn -0.5519 -0.8247 -0.1237
vn 0.0656 0.9901 -0.1237
vn 0.9901 -0.0656 -0.1237
vn -0.0656 -0.9901 -0.1237
vn -0.4382 0.8903 -0.1237
vn 0.0190 0.2851 -0.9583
vn -0.0491 -0.9982 0.0348
vn -0.0739 -0.9943 0.0764
vn -0.0650 -0.9973 0.0335
vn -0.0808 -0.9938 0.0759
vn -0.0739 -0.9943 -0.0764
vn -0.0491 -0.9982 -0.0348
vn -0.0808 -0.9938 -0.0759
vn 0.5482 0.8329 0.0764
vn 0.5702 0.8207 0.0348
vn 0.5702 0.8207 -0.0348
vn 0.5482 0.8329 -0.0764
vn 0.5571 0.8298 -0.0335
vn 0.5424 0.8367 -0.0759
vn 0.5424 0.8367 0.0759
vn -0.9982 0.0491 0.0348
vn -0.9943 0.0739 0.0764
vn -0.9973 0.0650 0.0335
vn -0.9938 0.0808 0.0759
vn -0.9943 0.0739 -0.0764
vn -0.9982 0.0491 -0.0348
vn -0.9938 0.0808 -0.0759
vn 0.8329 -0.5482 0.0764
vn 0.8207 -0.5702 0.0348
vn 0.8207 -0.5702 -0.0348
vn 0.8329 -0.5482 -0.0764
vn 0.8298 -0.5571 -0.0335
vn 0.8367 -0.5424 -0.0759
vn 0.8367 -0.5424 0.0759
vn 0.8890 0.4566 0.0348
vn 0.8981 0.4332 0.0764
vn 0.8962 0.4424 0.0335
vn 0.9011 0.4269 0.0759
vn 0.8981 0.4332 -0.0764
vn 0.8890 0.4566 -0.0348
vn 0.9011 0.4269 -0.0759
vn -0.9954 0.0583 0.0764
vn -0.9959 0.0835 0.0348
vn -0.9959 0.0835 -0.0348
vn -0.9954 0.0583 -0.0764
vn -0.9971 0.0676 -0.0335
vn -0.9958 0.0514 -0.0759
vn -0.9958 0.0514 0.0759
vn -0.8912 -0.4472 0.0764
vn -0.9042 -0.4257 0.0348
vn -0.9042 -0.4257 -0.0348
vn -0.8912 -0.4472 -0.0764
vn -0.8974 -0.4400 -0.0335
vn -0.8881 -0.4534 -0.0759
vn -0.8881 -0.4534 0.0759
vn 0.5416 0.8399 0.0348
vn 0.5612 0.8242 0.0764
vn 0.5549 0.8312 0.0335
vn 0.5669 0.8203 0.0759
vn 0.5612 0.8242 -0.0764
vn 0.5416 0.8399 -0.0348
vn 0.5669 0.8203 -0.0759
vn 0.0490 0.9982 0.0348
vn 0.0739 0.9943 0.0764
vn 0.0649 0.9973 0.0336
vn 0.0808 0.9938 0.0759
vn 0.0739 0.9943 -0.0764
vn 0.0490 0.9982 -0.0348
vn 0.0808 0.9938 -0.0759
vn -0.5482 -0.8329 0.0764
vn -0.5702 -0.8207 0.0348
vn -0.5702 -0.8207 -0.0348
vn -0.5482 -0.8329 -0.0764
vn -0.5571 -0.8298 -0.0335
vn -0.5424 -0.8367 -0.0759
vn -0.5424 -0.8367 0.0759
vn 0.4566 -0.8890 0.0348
vn 0.4332 -0.8981 0.0764
vn 0.4424 -0.8962 0.0335
vn 0.4269 -0.9011 0.0759
vn 0.4332 -0.8981 -0.0764
vn 0.4566 -0.8890 -0.0348
vn 0.4269 -0.9011 -0.0759
vn 0.0583 0.9954 0.0764
vn 0.0835 0.9959 0.0348
vn 0.0835 0.9959 -0.0348
vn 0.0583 0.9954 -0.0764
vn 0.0676 0.9971 -0.0335
vn 0.0514 0.9958 -0.0759
vn 0.0514 0.9958 0.0759
vn -0.8890 -0.4566 0.0348
vn -0.8981 -0.4332 0.0764
vn -0.8962 -0.4424 0.0335
vn -0.9011 -0.4269 0.0759
vn -0.8981 -0.4332 -0.0764
vn -0.8890 -0.4566 -0.0348
vn -0.9011 -0.4269 -0.0759
vn 0.9954 -0.0583 0.0764
vn 0.9959 -0.0835 0.0348
vn 0.9959 -0.0835 -0.0348
vn 0.9954 -0.0583 -0.0764
vn 0.9971 -0.0676 -0.0335
vn 0.9958 -0.0514 -0.0759
vn 0.9958 -0.0514 0.0759
vn 0.8912 0.4472 0.0764
vn 0.9042 0.4257 0.0348
vn 0.9042 0.4257 -0.0348
vn 0.8912 0.4472 -0.0764
vn 0.8974 0.4400 -0.0335
vn 0.8881 0.4534 -0.0759
vn 0.8881 0.4534 0.0759
vn -0.5416 -0.8399 0.0348
vn -0.5612 -0.8242 0.0764
vn -0.5549 -0.8312 0.0335
vn -0.5669 -0.8203 0.0759
vn -0.5612 -0.8242 -0.0764
vn -0.5416 -0.8399 -0.0348
vn -0.5669 -0.8203 -0.0759
vn -0.4566 0.8890 0.0348
vn -0.4332 0.8981 0.0764
vn -0.4424 0.8962 0.0335
vn -0.4269 0.9011 0.0759
vn -0.4332 0.8981 -0.0764
vn -0.4566 0.8890 -0.0348
vn -0.4269 0.9011 -0.0759
vn -0.0583 -0.9954 0.0764
vn -0.0835 -0.9959 0.0348
vn -0.0835 -0.9959 -0.0348
vn -0.0583 -0.9954 -0.0764
vn -0.0676 -0.9971 -0.0336
vn -0.0514 -0.9958 -0.0759
vn -0.0514 -0.9958 0.0759
vn 0.4472 -0.8912 0.0764
vn 0.4257 -0.9042 0.0348
vn 0.4257 -0.9042 -0.0348
vn 0.4472 -0.8912 -0.0764
vn 0.4400 -0.8974 -0.0335
vn 0.4534 -0.8881 -0.0759
vn 0.4534 -0.8881 0.0759
vn -0.8399 0.5416 0.0348
vn -0.8242 0.5612 0.0764
vn -0.8312 0.5549 0.0335
vn -0.8203 0.5669 0.0759
vn -0.8242 0.5612 -0.0764
vn -0.8399 0.5416 -0.0348
vn -0.8203 0.5669 -0.0759
vn 0.8399 -0.5416 0.0348
vn 0.8242 -0.5612 0.0764
vn 0.8312 -0.5549 0.0335
vn 0.8203 -0.5669 0.0759
vn 0.8242 -0.5612 -0.0764
vn 0.8399 -0.5416 -0.0348
vn 0.8203 -0.5669 -0.0759
vn -0.4472 0.8912 0.0764
vn -0.4257 0.9042 0.0348
vn -0.4257 0.9042 -0.0348
vn -0.4472 0.8912 -0.0764
vn -0.4400 0.8974 -0.0335
vn -0.4534 0.8881 -0.0759
vn -0.4534 0.8881 0.0759
vn -0.8329 0.5482 0.0764
vn -0.8207 0.5702 0.0348
vn -0.8207 0.5702 -0.0348
vn -0.8329 0.5482 -0.0764
vn -0.8298 0.5571 -0.0335
vn -0.8367 0.5424 -0.0759
vn -0.8367 0.5424 0.0759
vn 0.9982 -0.0490 0.0348
vn 0.9943 -0.0739 0.0764
vn 0.9973 -0.0650 0.0335
vn 0.9938 -0.0808 0.0759
vn 0.9943 -0.0739 -0.0764
vn 0.9982 -0.0490 -0.0348
vn 0.9938 -0.0808 -0.0759
vn 0.5443 0.8130 -0.2067
vn 0.8246 -0.5520 0.1237
vn 0.0658 0.9901 0.1238
vn -0.8246 0.5521 0.1237
vn -0.4381 0.8904 0.1237
vn 0.5521 0.8246 0.1237
vn 0.8246 -0.5521 -0.1237
vn -0.8246 0.5520 -0.1237
vn -0.4381 0.8904 -0.1237
vn 0.5520 0.8246 -0.1237
vn -0.8567 -0.5146 0.0348
vn -0.8674 -0.4918 0.0764
vn -0.8649 -0.5009 0.0335
vn -0.8708 -0.4857 0.0759
vn -0.8674 -0.4917 -0.0764
vn -0.8567 -0.5146 -0.0348
vn -0.8708 -0.4857 -0.0759
vn 0.9970 0.0078 0.0764
vn 0.9992 -0.0172 0.0348
vn 0.9992 -0.0172 -0.0348
vn 0.9970 0.0078 -0.0764
vn 0.9994 -0.0013 -0.0335
vn 0.9970 0.0147 -0.0759
vn 0.9970 0.0148 0.0759
vn -0.5146 0.8567 0.0348
vn -0.4918 0.8674 0.0764
vn -0.5009 0.8649 0.0335
vn -0.4857 0.8708 0.0759
vn -0.4918 0.8674 -0.0764
vn -0.5146 0.8567 -0.0348
vn -0.4857 0.8708 -0.0759
vn 0.0078 -0.9970 0.0764
vn -0.0173 -0.9992 0.0348
vn -0.0173 -0.9992 -0.0348
vn 0.0078 -0.9970 -0.0764
vn -0.0013 -0.9994 -0.0335
vn 0.0148 -0.9970 -0.0759
vn 0.0147 -0.9970 0.0759
vn 0.8740 -0.4847 0.0348
vn 0.8596 -0.5053 0.0764
vn 0.8662 -0.4986 0.0335
vn 0.8561 -0.5113 0.0759
vn 0.8596 -0.5053 -0.0764
vn 0.8740 -0.4847 -0.0348
vn 0.8561 -0.5113 -0.0759
vn -0.5053 0.8596 0.0764
vn -0.4847 0.8740 0.0348
vn -0.4847 0.8740 -0.0348
vn -0.5053 0.8596 -0.0764
vn -0.4986 0.8662 -0.0335
vn -0.5113 0.8561 -0.0759
vn -0.5113 0.8561 0.0759
vn -0.8674 0.4918 0.0764
vn -0.8567 0.5146 0.0348
vn -0.8567 0.5146 -0.0348
vn -0.8674 0.4918 -0.0764
vn -0.8649 0.5009 -0.0335
vn -0.8708 0.4857 -0.0759
vn -0.8708 0.4857 0.0759
vn 0.9992 0.0172 0.0348
vn 0.9970 -0.0078 0.0764
vn 0.9994 0.0013 0.0335
vn 0.9970 -0.0148 0.0759
vn 0.9970 -0.0078 -0.0764
vn 0.9992 0.0172 -0.0348
vn 0.9970 -0.0148 -0.0759
vn 0.8568 0.5146 0.0348
vn 0.8674 0.4918 0.0764
vn 0.8649 0.5009 0.0335
vn 0.8708 0.4857 0.0759
vn 0.8674 0.4918 -0.0764
vn 0.8567 0.5146 -0.0348
vn 0.8708 0.4857 -0.0759
vn -0.9970 -0.0078 0.0764
vn -0.9992 0.0172 0.0348
vn -0.9992 0.0172 -0.0348
vn -0.9970 -0.0078 -0.0764
vn -0.9994 0.0013 -0.0335
vn -0.9970 -0.0148 -0.0759
vn -0.9970 -0.0147 0.0759
vn -0.4847 -0.8740 0.0348
vn -0.5053 -0.8596 0.0764
vn -0.4986 -0.8662 0.0335
vn -0.5113 -0.8561 0.0759
vn -0.5053 -0.8596 -0.0764
vn -0.4847 -0.8740 -0.0348
vn -0.5113 -0.8561 -0.0759
vn 0.8596 0.5053 0.0764
vn 0.8740 0.4847 0.0348
vn 0.8740 0.4847 -0.0348
vn 0.8596 0.5053 -0.0764
vn 0.8662 0.4986 -0.0335
vn 0.8561 0.5113 -0.0759
vn 0.8561 0.5113 0.0759
vn -0.8740 0.4847 0.0348
vn -0.8596 0.5053 0.0764
vn -0.8662 0.4986 0.0335
vn -0.8561 0.5113 0.0759
vn -0.8596 0.5053 -0.0764
vn -0.8740 0.4847 -0.0348
vn -0.8561 0.5113 -0.0759
vn 0.5053 -0.8596 0.0764
vn 0.4847 -0.8740 0.0348
vn 0.4847 -0.8740 -0.0348
vn 0.5053 -0.8596 -0.0764
vn 0.4986 -0.8662 -0.0335
vn 0.5113 -0.8560 -0.0759
vn 0.5113 -0.8560 0.0759
vn 0.8674 -0.4917 0.0764
vn 0.8567 -0.5146 0.0348
vn 0.8567 -0.5146 -0.0348
vn 0.8674 -0.4918 -0.0764
vn 0.8649 -0.5009 -0.0335
vn 0.8708 -0.4857 -0.0759
vn 0.8708 -0.4857 0.0759
vn -0.9992 -0.0173 0.0348
vn -0.9970 0.0078 0.0764
vn -0.9994 -0.0013 0.0335
vn -0.9970 0.0148 0.0759
vn -0.9970 0.0078 -0.0764
vn -0.9992 -0.0172 -0.0348
vn -0.9970 0.0148 -0.0759
vn 0.4847 0.8740 0.0348
vn 0.5053 0.8596 0.0764
vn 0.4986 0.8662 0.0335
vn 0.5113 0.8561 0.0759
vn 0.5053 0.8596 -0.0764
vn 0.4847 0.8740 -0.0348
vn 0.5113 0.8561 -0.0759
vn -0.8596 -0.5053 0.0764
vn -0.8740 -0.4847 0.0348
vn -0.8740 -0.4847 -0.0348
vn -0.8596 -0.5053 -0.0764
vn -0.8662 -0.4986 -0.0335
vn -0.8561 -0.5113 -0.0759
vn -0.8561 -0.5113 0.0759
vn -0.4917 -0.8674 0.0764
vn -0.5146 -0.8567 0.0348
vn -0.5146 -0.8567 -0.0348
vn -0.4918 -0.8674 -0.0764
vn -0.5009 -0.8649 -0.0335
vn -0.4857 -0.8708 -0.0759
vn -0.4857 -0.8708 0.0759
vn -0.0173 0.9992 0.0348
vn 0.0078 0.9970 0.0764
vn -0.0013 0.9994 0.0335
vn 0.0148 0.9970 0.0759
vn 0.0078 0.9970 -0.0764
vn -0.0173 0.9992 -0.0348
vn 0.0147 0.9970 -0.0759
vn 0.0173 -0.9992 0.0348
vn -0.0078 -0.9970 0.0764
vn 0.0013 -0.9994 0.0335
vn -0.0148 -0.9970 0.0759
vn -0.0078 -0.9970 -0.0764
vn 0.0173 -0.9992 -0.0348
vn -0.0148 -0.9970 -0.0759
vn 0.4917 0.8674 0.0764
vn 0.5146 0.8567 0.0348
vn 0.5146 0.8567 -0.0348
vn 0.4918 0.8674 -0.0764
vn 0.5009 0.8649 -0.0335
vn 0.4857 0.8708 -0.0759
vn 0.4857 0.8708 0.0759
vn -0.0078 0.9970 0.0764
vn 0.0173 0.9992 0.0348
vn 0.0173 0.9992 -0.0348
vn -0.0078 0.9970 -0.0764
vn 0.0013 0.9994 -0.0335
vn -0.0148 0.9970 -0.0759
vn -0.0148 0.9970 0.0759
vn 0.5146 -0.8567 0.0348
vn 0.4918 -0.8674 0.0764
vn 0.5009 -0.8649 0.0335
vn 0.4857 -0.8708 0.0759
vn 0.4918 -0.8674 -0.0764
vn 0.5146 -0.8567 -0.0348
vn 0.4857 -0.8708 -0.0759
vn -0.4962 0.8594 0.1238
vn 0.8415 -0.5266 -0.1211
vn -0.9992 0.0183 0.0348
vn -0.9961 0.0433 0.0764
vn -0.9989 0.0342 0.0335
vn -0.9958 0.0502 0.0759
vn -0.9961 0.0433 -0.0764
vn -0.9992 0.0183 -0.0348
vn -0.9958 0.0502 -0.0759
vn 0.8493 -0.5223 0.0764
vn 0.8379 -0.5447 0.0348
vn 0.8379 -0.5447 -0.0348
vn 0.8493 -0.5223 -0.0764
vn 0.8465 -0.5313 -0.0335
vn 0.8530 -0.5164 -0.0759
vn 0.8530 -0.5164 0.0759
vn 0.0183 0.9992 0.0348
vn 0.0433 0.9961 0.0764
vn 0.0342 0.9989 0.0335
vn 0.0502 0.9958 0.0759
vn 0.0433 0.9961 -0.0764
vn 0.0183 0.9992 -0.0348
vn 0.0502 0.9958 -0.0759
vn -0.5223 -0.8493 0.0764
vn -0.5447 -0.8379 0.0348
vn -0.5447 -0.8379 -0.0348
vn -0.5223 -0.8493 -0.0764
vn -0.5313 -0.8465 -0.0335
vn -0.5164 -0.8530 -0.0759
vn -0.5164 -0.8530 0.0759
vn 0.4838 -0.8745 0.0348
vn 0.4606 -0.8843 0.0764
vn 0.4698 -0.8821 0.0335
vn 0.4544 -0.8875 0.0759
vn 0.4606 -0.8843 -0.0764
vn 0.4838 -0.8745 -0.0348
vn 0.4544 -0.8875 -0.0759
vn 0.0277 0.9967 0.0764
vn 0.0528 0.9980 0.0348
vn 0.0528 0.9980 -0.0348
vn 0.0277 0.9967 -0.0764
vn 0.0369 0.9988 -0.0335
vn 0.0207 0.9969 -0.0759
vn 0.0207 0.9969 0.0759
vn -0.4744 0.8770 0.0764
vn -0.4533 0.8907 0.0348
vn -0.4533 0.8907 -0.0348
vn -0.4744 0.8770 -0.0764
vn -0.4674 0.8834 -0.0335
vn -0.4805 0.8737 -0.0759
vn -0.4805 0.8737 0.0759
vn 0.8562 -0.5155 0.0348
vn 0.8410 -0.5356 0.0764
vn 0.8479 -0.5291 0.0335
vn 0.8373 -0.5414 0.0759
vn 0.8410 -0.5356 -0.0764
vn 0.8562 -0.5155 -0.0348
vn 0.8373 -0.5414 -0.0759
vn 0.9992 -0.0183 0.0348
vn 0.9961 -0.0433 0.0764
vn 0.9989 -0.0342 0.0335
vn 0.9958 -0.0502 0.0759
vn 0.9961 -0.0433 -0.0764
vn 0.9992 -0.0183 -0.0348
vn 0.9958 -0.0502 -0.0759
vn -0.8493 0.5223 0.0764
vn -0.8379 0.5447 0.0348
vn -0.8379 0.5447 -0.0348
vn -0.8493 0.5223 -0.0764
vn -0.8465 0.5313 -0.0335
vn -0.8530 0.5164 -0.0759
vn -0.8530 0.5164 0.0759
vn -0.8745 -0.4838 0.0348
vn -0.8843 -0.4606 0.0764
vn -0.8821 -0.4698 0.0335
vn -0.8875 -0.4544 0.0759
vn -0.8843 -0.4606 -0.0764
vn -0.8745 -0.4838 -0.0348
vn -0.8875 -0.4544 -0.0759
vn 0.9967 -0.0277 0.0764
vn 0.9980 -0.0528 0.0348
vn 0.9980 -0.0528 -0.0348
vn 0.9967 -0.0277 -0.0764
vn 0.9988 -0.0369 -0.0335
vn 0.9969 -0.0207 -0.0759
vn 0.9969 -0.0207 0.0759
vn -0.4838 0.8745 0.0348
vn -0.4606 0.8843 0.0764
vn -0.4698 0.8821 0.0335
vn -0.4544 0.8875 0.0759
vn -0.4606 0.8843 -0.0764
vn -0.4838 0.8745 -0.0348
vn -0.4544 0.8875 -0.0759
vn -0.0277 -0.9967 0.0764
vn -0.0528 -0.9980 0.0348
vn -0.0528 -0.9980 -0.0348
vn -0.0277 -0.9967 -0.0764
vn -0.0369 -0.9988 -0.0335
vn -0.0207 -0.9969 -0.0759
vn -0.0207 -0.9969 0.0759
vn 0.4744 -0.8770 0.0764
vn 0.4533 -0.8907 0.0348
vn 0.4533 -0.8907 -0.0348
vn 0.4744 -0.8770 -0.0764
vn 0.4674 -0.8834 -0.0335
vn 0.4805 -0.8737 -0.0759
vn 0.4805 -0.8737 0.0759
vn -0.8562 0.5155 0.0348
vn -0.8410 0.5355 0.0764
vn -0.8479 0.5291 0.0335
vn -0.8373 0.5414 0.0759
vn -0.8410 0.5356 -0.0764
vn -0.8562 0.5155 -0.0348
vn -0.8373 0.5414 -0.0759
vn 0.8745 0.4838 0.0348
vn 0.8843 0.4606 0.0764
vn 0.8821 0.4698 0.0335
vn 0.8875 0.4544 0.0759
vn 0.8843 0.4606 -0.0764
vn 0.8745 0.4838 -0.0348
vn 0.8875 0.4544 -0.0759
vn -0.9967 0.0277 0.0764
vn -0.9980 0.0528 0.0348
vn -0.9980 0.0528 -0.0348
vn -0.9967 0.0277 -0.0764
vn -0.9988 0.0369 -0.0335
vn -0.9969 0.0207 -0.0759
vn -0.9969 0.0207 0.0759
vn -0.8770 -0.4744 0.0764
vn -0.8907 -0.4533 0.0348
vn -0.8907 -0.4533 -0.0348
vn -0.8770 -0.4744 -0.0764
vn -0.8834 -0.4674 -0.0335
vn -0.8737 -0.4805 -0.0759
vn -0.8737 -0.4805 0.0759
vn 0.5155 0.8562 0.0348
vn 0.5356 0.8410 0.0764
vn 0.5291 0.8479 0.0335
vn 0.5414 0.8373 0.0759
vn 0.5355 0.8410 -0.0764
vn 0.5155 0.8562 -0.0348
vn 0.5414 0.8373 -0.0759
vn -0.5155 -0.8562 0.0348
vn -0.5356 -0.8410 0.0764
vn -0.5291 -0.8479 0.0335
vn -0.5414 -0.8373 0.0759
vn -0.5356 -0.8410 -0.0764
vn -0.5155 -0.8562 -0.0348
vn -0.5414 -0.8373 -0.0759
vn 0.8770 0.4744 0.0764
vn 0.8907 0.4533 0.0348
vn 0.8907 0.4533 -0.0348
vn 0.8770 0.4744 -0.0764
vn 0.8834 0.4674 -0.0335
vn 0.8737 0.4805 -0.0759
vn 0.8737 0.4805 0.0759
vn 0.5223 0.8493 0.0764
vn 0.5447 0.8379 0.0348
vn 0.5447 0.8379 -0.0348
vn 0.5223 0.8493 -0.0764
vn 0.5313 0.8465 -0.0335
vn 0.5164 0.8530 -0.0759
vn 0.5164 0.8530 0.0759
vn -0.0183 -0.9992 0.0348
vn -0.0433 -0.9961 0.0764
vn -0.0342 -0.9989 0.0335
vn -0.0502 -0.9958 0.0759
vn -0.0433 -0.9961 -0.0764
vn -0.0183 -0.9992 -0.0348
vn -0.0502 -0.9958 -0.0759
vn -0.2607 0.1169 0.9583
vn -0.3931 -0.9188 0.0348
vn -0.4151 -0.9066 0.0764
vn -0.4077 -0.9125 0.0335
vn -0.4214 -0.9037 0.0759
vn -0.4151 -0.9066 -0.0764
vn -0.3931 -0.9188 -0.0348
vn -0.4214 -0.9037 -0.0759
vn 0.8036 0.5903 0.0764
vn 0.8201 0.5712 0.0348
vn 0.8201 0.5712 -0.0348
vn 0.8036 0.5903 -0.0764
vn 0.8109 0.5843 -0.0335
vn 0.7995 0.5958 -0.0759
vn 0.7995 0.5959 0.0759
vn -0.9188 0.3931 0.0348
vn -0.9066 0.4151 0.0764
vn -0.9125 0.4077 0.0335
vn -0.9037 0.4214 0.0759
vn -0.9066 0.4151 -0.0764
vn -0.9188 0.3931 -0.0348
vn -0.9037 0.4214 -0.0759
vn 0.5903 -0.8036 0.0764
vn 0.5712 -0.8201 0.0348
vn 0.5712 -0.8201 -0.0348
vn 0.5903 -0.8036 -0.0764
vn 0.5843 -0.8109 -0.0335
vn 0.5959 -0.7995 -0.0759
vn 0.5959 -0.7995 0.0759
vn 0.9923 0.1190 0.0348
vn 0.9927 0.0938 0.0764
vn 0.9941 0.1032 0.0335
vn 0.9933 0.0869 0.0759
vn 0.9927 0.0938 -0.0764
vn 0.9923 0.1190 -0.0348
vn 0.9933 0.0869 -0.0759
vn -0.9130 0.4008 0.0764
vn -0.9047 0.4246 0.0348
vn -0.9047 0.4246 -0.0348
vn -0.9130 0.4008 -0.0764
vn -0.9114 0.4101 -0.0335
vn -0.9158 0.3944 -0.0759
vn -0.9158 0.3945 0.0759
vn -0.9911 -0.1094 0.0764
vn -0.9958 -0.0847 0.0348
vn -0.9958 -0.0847 -0.0348
vn -0.9911 -0.1094 -0.0764
vn -0.9944 -0.1005 -0.0335
vn -0.9903 -0.1163 -0.0759
vn -0.9903 -0.1163 0.0759
vn 0.7998 0.5992 0.0348
vn 0.8127 0.5776 0.0764
vn 0.8093 0.5864 0.0335
vn 0.8168 0.5719 0.0759
vn 0.8127 0.5776 -0.0764
vn 0.7999 0.5992 -0.0348
vn 0.8168 0.5719 -0.0759
vn 0.3931 0.9188 0.0348
vn 0.4151 0.9066 0.0764
vn 0.4077 0.9125 0.0335
vn 0.4214 0.9037 0.0759
vn 0.4151 0.9066 -0.0764
vn 0.3931 0.9188 -0.0348
vn 0.4214 0.9037 -0.0759
vn -0.8036 -0.5903 0.0764
vn -0.8201 -0.5712 0.0348
vn -0.8201 -0.5712 -0.0348
vn -0.8036 -0.5903 -0.0764
vn -0.8109 -0.5843 -0.0335
vn -0.7995 -0.5959 -0.0759
vn -0.7995 -0.5959 0.0759
vn 0.1190 -0.9923 0.0348
vn 0.0938 -0.9927 0.0764
vn 0.1032 -0.9941 0.0335
vn 0.0869 -0.9933 0.0759
vn 0.0938 -0.9927 -0.0764
vn 0.1190 -0.9923 -0.0348
vn 0.0869 -0.9933 -0.0759
vn 0.4008 0.9130 0.0764
vn 0.4246 0.9047 0.0348
vn 0.4246 0.9047 -0.0348
vn 0.4008 0.9130 -0.0764
vn 0.4101 0.9114 -0.0335
vn 0.3945 0.9158 -0.0759
vn 0.3944 0.9158 0.0759
vn -0.9923 -0.1190 0.0348
vn -0.9927 -0.0938 0.0764
vn -0.9941 -0.1032 0.0335
vn -0.9933 -0.0869 0.0759
vn -0.9927 -0.0938 -0.0764
vn -0.9923 -0.1190 -0.0348
vn -0.9933 -0.0869 -0.0759
vn 0.9130 -0.4008 0.0764
vn 0.9047 -0.4246 0.0348
vn 0.9047 -0.4246 -0.0348
vn 0.9130 -0.4008 -0.0764
vn 0.9114 -0.4101 -0.0335
vn 0.9158 -0.3945 -0.0759
vn 0.9158 -0.3945 0.0759
vn 0.9911 0.1094 0.0764
vn 0.9958 0.0847 0.0348
vn 0.9958 0.0847 -0.0348
vn 0.9911 0.1094 -0.0764
vn 0.9944 0.1005 -0.0335
vn 0.9903 0.1163 -0.0759
vn 0.9903 0.1163 0.0759
vn -0.7998 -0.5992 0.0348
vn -0.8127 -0.5776 0.0764
vn -0.8093 -0.5864 0.0335
vn -0.8168 -0.5720 0.0759
vn -0.8127 -0.5776 -0.0764
vn -0.7998 -0.5992 -0.0348
vn -0.8168 -0.5719 -0.0759
vn -0.1190 0.9923 0.0348
vn -0.0938 0.9927 0.0764
vn -0.1032 0.9941 0.0335
vn -0.0869 0.9933 0.0759
vn -0.0938 0.9927 -0.0764
vn -0.1190 0.9923 -0.0348
vn -0.0869 0.9933 -0.0759
vn -0.4008 -0.9130 0.0764
vn -0.4246 -0.9047 0.0348
vn -0.4246 -0.9047 -0.0348
vn -0.4008 -0.9130 -0.0764
vn -0.4101 -0.9114 -0.0335
vn -0.3945 -0.9158 -0.0759
vn -0.3945 -0.9158 0.0759
vn 0.1094 -0.9911 0.0764
vn 0.0847 -0.9958 0.0348
vn 0.0847 -0.9958 -0.0348
vn 0.1094 -0.9911 -0.0764
vn 0.1005 -0.9944 -0.0335
vn 0.1163 -0.9903 -0.0759
vn 0.1163 -0.9903 0.0759
vn -0.5992 0.7998 0.0348
vn -0.5776 0.8127 0.0764
vn -0.5864 0.8093 0.0335
vn -0.5719 0.8168 0.0759
vn -0.5776 0.8127 -0.0764
vn -0.5992 0.7998 -0.0348
vn -0.5719 0.8168 -0.0759
vn 0.5992 -0.7998 0.0348
vn 0.5776 -0.8127 0.0764
vn 0.5864 -0.8093 0.0335
vn 0.5719 -0.8168 0.0759
vn 0.5776 -0.8127 -0.0764
vn 0.5992 -0.7998 -0.0348
vn 0.5719 -0.8168 -0.0759
vn -0.1094 0.9911 0.0764
vn -0.0847 0.9958 0.0348
vn -0.0847 0.9958 -0.0348
vn -0.1094 0.9911 -0.0764
vn -0.1005 0.9944 -0.0335
vn -0.1163 0.9903 -0.0759
vn -0.1163 0.9903 0.0759
vn -0.5903 0.8036 0.0764
vn -0.5712 0.8201 0.0348
vn -0.5712 0.8201 -0.0348
vn -0.5903 0.8036 -0.0764
vn -0.5843 0.8109 -0.0335
vn -0.5959 0.7995 -0.0759
vn -0.5959 0.7995 0.0759
vn 0.9188 -0.3931 0.0348
vn 0.9066 -0.4151 0.0764
vn 0.9125 -0.4077 0.0335
vn 0.9037 -0.4214 0.0759
vn 0.9066 -0.4151 -0.0764
vn 0.9188 -0.3931 -0.0348
vn 0.9037 -0.4214 -0.0759
vn 0.7931 0.5730 0.2067
vn -0.0997 0.9733 0.2068
vn -0.5730 0.7931 0.2067
vn -0.7930 -0.5730 0.2067
vn 0.5730 -0.7931 -0.2067
vn -0.5812 0.8043 0.1237
vn -0.1011 0.9871 0.1237
vn 0.8400 -0.5414 0.0348
vn 0.8243 -0.5610 0.0764
vn 0.8313 -0.5548 0.0335
vn 0.8204 -0.5668 0.0759
vn 0.8243 -0.5610 -0.0764
vn 0.8400 -0.5414 -0.0348
vn 0.8204 -0.5668 -0.0759
vn -0.4473 0.8911 0.0764
vn -0.4258 0.9041 0.0348
vn -0.4258 0.9041 -0.0348
vn -0.4473 0.8911 -0.0764
vn -0.4402 0.8973 -0.0335
vn -0.4535 0.8880 -0.0759
vn -0.4535 0.8880 0.0759
vn -0.5414 -0.8400 0.0348
vn -0.5610 -0.8243 0.0764
vn -0.5548 -0.8313 0.0335
vn -0.5668 -0.8204 0.0759
vn -0.5610 -0.8243 -0.0764
vn -0.5414 -0.8400 -0.0348
vn -0.5668 -0.8204 -0.0759
vn 0.8911 0.4473 0.0764
vn 0.9041 0.4258 0.0348
vn 0.9041 0.4258 -0.0348
vn 0.8911 0.4473 -0.0764
vn 0.8973 0.4402 -0.0335
vn 0.8880 0.4535 -0.0759
vn 0.8880 0.4536 0.0759
vn 0.0489 0.9982 0.0348
vn 0.0737 0.9943 0.0764
vn 0.0648 0.9973 0.0335
vn 0.0807 0.9938 0.0759
vn 0.0737 0.9943 -0.0764
vn 0.0489 0.9982 -0.0348
vn 0.0806 0.9938 -0.0759
vn -0.5480 -0.8330 0.0764
vn -0.5701 -0.8208 0.0348
vn -0.5701 -0.8208 -0.0348
vn -0.5480 -0.8330 -0.0764
vn -0.5570 -0.8299 -0.0335
vn -0.5423 -0.8368 -0.0759
vn -0.5422 -0.8368 0.0759
vn -0.0581 -0.9954 0.0764
vn -0.0833 -0.9959 0.0348
vn -0.0833 -0.9959 -0.0348
vn -0.0581 -0.9954 -0.0764
vn -0.0674 -0.9972 -0.0335
vn -0.0512 -0.9958 -0.0759
vn -0.0512 -0.9958 0.0759
vn -0.4568 0.8889 0.0348
vn -0.4333 0.8980 0.0764
vn -0.4426 0.8961 0.0336
vn -0.4271 0.9010 0.0759
vn -0.4333 0.8980 -0.0764
vn -0.4568 0.8889 -0.0348
vn -0.4271 0.9010 -0.0759
vn -0.8400 0.5414 0.0348
vn -0.8243 0.5610 0.0764
vn -0.8313 0.5548 0.0335
vn -0.8204 0.5668 0.0759
vn -0.8243 0.5610 -0.0764
vn -0.8400 0.5414 -0.0348
vn -0.8204 0.5668 -0.0759
vn 0.4473 -0.8911 0.0764
vn 0.4258 -0.9041 0.0348
vn 0.4258 -0.9041 -0.0348
vn 0.4473 -0.8911 -0.0764
vn 0.4402 -0.8973 -0.0335
vn 0.4535 -0.8880 -0.0759
vn 0.4535 -0.8880 0.0759
vn 0.9982 -0.0489 0.0348
vn 0.9943 -0.0737 0.0764
vn 0.9973 -0.0648 0.0335
vn 0.9938 -0.0806 0.0759
vn 0.9943 -0.0737 -0.0764
vn 0.9982 -0.0489 -0.0348
vn 0.9938 -0.0806 -0.0759
vn -0.8330 0.5480 0.0764
vn -0.8208 0.5701 0.0348
vn -0.8208 0.5701 -0.0348
vn -0.8330 0.5480 -0.0764
vn -0.8299 0.5570 -0.0335
vn -0.8368 0.5422 -0.0759
vn -0.8368 0.5422 0.0759
vn -0.0489 -0.9982 0.0348
vn -0.0737 -0.9943 0.0764
vn -0.0648 -0.9973 0.0335
vn -0.0806 -0.9938 0.0759
vn -0.0737 -0.9943 -0.0764
vn -0.0489 -0.9982 -0.0348
vn -0.0806 -0.9938 -0.0759
vn 0.5480 0.8330 0.0764
vn 0.5701 0.8208 0.0348
vn 0.5701 0.8209 -0.0348
vn 0.5480 0.8330 -0.0764
vn 0.5570 0.8299 -0.0335
vn 0.5422 0.8368 -0.0759
vn 0.5422 0.8368 0.0759
vn 0.0581 0.9954 0.0764
vn 0.0833 0.9959 0.0348
vn 0.0833 0.9959 -0.0348
vn 0.0581 0.9954 -0.0764
vn 0.0674 0.9972 -0.0335
vn 0.0512 0.9958 -0.0759
vn 0.0512 0.9958 0.0759
vn 0.4568 -0.8889 0.0348
vn 0.4333 -0.8980 0.0764
vn 0.4426 -0.8961 0.0336
vn 0.4271 -0.9010 0.0759
vn 0.4333 -0.8980 -0.0764
vn 0.4568 -0.8889 -0.0348
vn 0.4271 -0.9010 -0.0759
vn -0.9982 0.0489 0.0348
vn -0.9943 0.0737 0.0764
vn -0.9973 0.0648 0.0335
vn -0.9938 0.0806 0.0759
vn -0.9943 0.0737 -0.0764
vn -0.9982 0.0489 -0.0348
vn -0.9938 0.0807 -0.0759
vn 0.8330 -0.5480 0.0764
vn 0.8208 -0.5701 0.0348
vn 0.8208 -0.5701 -0.0348
vn 0.8330 -0.5480 -0.0764
vn 0.8299 -0.5570 -0.0335
vn 0.8368 -0.5422 -0.0759
vn 0.8368 -0.5422 0.0759
vn 0.9954 -0.0581 0.0764
vn 0.9959 -0.0833 0.0348
vn 0.9959 -0.0833 -0.0348
vn 0.9954 -0.0581 -0.0764
vn 0.9972 -0.0674 -0.0335
vn 0.9958 -0.0512 -0.0759
vn 0.9958 -0.0512 0.0759
vn -0.8889 -0.4568 0.0348
vn -0.8980 -0.4333 0.0764
vn -0.8961 -0.4426 0.0335
vn -0.9010 -0.4271 0.0759
vn -0.8980 -0.4333 -0.0764
vn -0.8889 -0.4568 -0.0348
vn -0.9010 -0.4271 -0.0759
vn 0.8889 0.4568 0.0348
vn 0.8980 0.4333 0.0764
vn 0.8961 0.4426 0.0335
vn 0.9010 0.4271 0.0759
vn 0.8980 0.4333 -0.0764
vn 0.8889 0.4568 -0.0348
vn 0.9010 0.4271 -0.0759
vn -0.9954 0.0581 0.0764
vn -0.9959 0.0833 0.0348
vn -0.9959 0.0833 -0.0348
vn -0.9954 0.0581 -0.0764
vn -0.9972 0.0674 -0.0335
vn -0.9958 0.0512 -0.0759
vn -0.9958 0.0512 0.0759
vn -0.8911 -0.4474 0.0764
vn -0.9041 -0.4258 0.0348
vn -0.9041 -0.4258 -0.0348
vn -0.8911 -0.4474 -0.0764
vn -0.8973 -0.4402 -0.0335
vn -0.8880 -0.4535 -0.0759
vn -0.8880 -0.4535 0.0759
vn 0.5414 0.8400 0.0348
vn 0.5610 0.8243 0.0764
vn 0.5548 0.8313 0.0336
vn 0.5668 0.8204 0.0759
vn 0.5610 0.8243 -0.0764
vn 0.5414 0.8400 -0.0348
vn 0.5668 0.8204 -0.0759
vn -0.5519 -0.8247 0.1238
vn 0.0656 0.9901 0.1238
vn 0.8903 0.4382 -0.1237
vn -0.8247 0.5519 -0.1238
vt 0.602034 0.902059
vt 0.602042 0.907659
vt 0.602000 0.912827
vt 0.601815 0.916548
vt 0.601977 0.897340
vt 0.602033 0.901918
vt 0.601702 0.898611
vt 0.601784 0.895348
vt 0.601883 0.894871
vt 0.601727 0.914180
vt 0.602033 0.901898
vt 0.601976 0.897338
vt 0.602000 0.912789
vt 0.602042 0.907625
vt 0.602033 0.902038
vt 0.601883 0.894888
vt 0.601784 0.895379
vt 0.601702 0.898649
vt 0.601725 0.914100
vt 0.601885 0.894907
vt 0.601669 0.909541
vt 0.601668 0.909520
vt 0.601975 0.897260
vt 0.601725 0.914098
vt 0.601885 0.894881
vt 0.601667 0.909379
vt 0.601884 0.894898
vt 0.601886 0.894891
vt 0.601726 0.914140
vt 0.601974 0.897258
vt 0.601725 0.914138
vt 0.601726 0.914178
vt 0.602033 0.901968
vt 0.601819 0.916550
vt 0.602033 0.901989
vt 0.601817 0.916541
vt 0.601816 0.916531
vt 0.601818 0.916568
vt 0.601668 0.909400
vt 0.585319 0.817035
vt 0.585367 0.816420
vt 0.585307 0.816420
vt 0.585529 0.817035
vt 0.585399 0.816420
vt 0.585523 0.816420
vt 0.585847 0.816420
vt 0.585842 0.817035
vt 0.585856 0.816420
vt 0.585639 0.816420
vt 0.585756 0.817035
vt 0.585762 0.816420
vt 0.585667 0.923635
vt 0.585789 0.924250
vt 0.585674 0.924250
vt 0.585632 0.923635
vt 0.585494 0.924250
vt 0.585631 0.924250
vt 0.585756 0.923635
vt 0.585639 0.924250
vt 0.585762 0.924250
vt 0.585380 0.817035
vt 0.585487 0.816420
vt 0.585372 0.816420
vt 0.585314 0.816420
vt 0.585305 0.816420
vt 0.585667 0.817035
vt 0.585530 0.816420
vt 0.585667 0.816420
vt 0.585845 0.924250
vt 0.585768 0.924250
vt 0.591228 0.839548
vt 0.591207 0.822647
vt 0.591193 0.839548
vt 0.585530 0.924250
vt 0.585667 0.924250
vt 0.585305 0.924250
vt 0.585328 0.923635
vt 0.585314 0.924250
vt 0.585495 0.923635
vt 0.585372 0.924250
vt 0.585487 0.924250
vt 0.585781 0.923635
vt 0.585855 0.924250
vt 0.585794 0.924250
vt 0.591413 0.859961
vt 0.591389 0.856450
vt 0.591420 0.856450
vt 0.585399 0.924250
vt 0.585529 0.923635
vt 0.585523 0.924250
vt 0.585380 0.923635
vt 0.585307 0.924250
vt 0.585367 0.924250
vt 0.585855 0.816420
vt 0.585781 0.817035
vt 0.585794 0.816420
vt 0.585495 0.817035
vt 0.585631 0.816420
vt 0.585494 0.816420
vt 0.585789 0.816420
vt 0.585674 0.816420
vt 0.585405 0.817035
vt 0.585317 0.816420
vt 0.585393 0.816420
vt 0.585775 0.914976
vt 0.585650 0.870335
vt 0.585800 0.870335
vt 0.585488 0.914976
vt 0.585643 0.870335
vt 0.585635 0.914976
vt 0.591349 0.856450
vt 0.591290 0.839548
vt 0.591293 0.856450
vt 0.585681 0.914976
vt 0.585832 0.870335
vt 0.585693 0.870335
vt 0.585296 0.914976
vt 0.585249 0.870335
vt 0.585286 0.914976
vt 0.591238 0.856450
vt 0.591207 0.856450
vt 0.585250 0.870335
vt 0.585353 0.825693
vt 0.585324 0.870335
vt 0.585833 0.817035
vt 0.585769 0.826131
vt 0.585851 0.826131
vt 0.585901 0.870335
vt 0.585875 0.825693
vt 0.585913 0.870335
vt 0.585288 0.914976
vt 0.585353 0.914976
vt 0.585775 0.825693
vt 0.591399 0.839548
vt 0.591420 0.822647
vt 0.591434 0.839548
vt 0.591353 0.839548
vt 0.591293 0.822647
vt 0.585475 0.870335
vt 0.585635 0.825693
vt 0.585260 0.870335
vt 0.585286 0.825693
vt 0.585681 0.825693
vt 0.585875 0.914976
vt 0.591229 0.856450
vt 0.591271 0.839548
vt 0.591276 0.856450
vt 0.591218 0.839548
vt 0.591276 0.822647
vt 0.585808 0.914976
vt 0.585911 0.870335
vt 0.585837 0.870335
vt 0.585808 0.825693
vt 0.585386 0.914976
vt 0.585511 0.870335
vt 0.585361 0.870335
vt 0.585519 0.825693
vt 0.585386 0.825693
vt 0.585393 0.924250
vt 0.585317 0.924250
vt 0.585366 0.826131
vt 0.585392 0.826131
vt 0.585861 0.826131
vt 0.585796 0.826131
vt 0.585796 0.914539
vt 0.585673 0.914539
vt 0.585488 0.914539
vt 0.585636 0.914539
vt 0.585861 0.914539
vt 0.585833 0.923635
vt 0.585842 0.923635
vt 0.585488 0.826131
vt 0.585328 0.817035
vt 0.585300 0.826131
vt 0.585525 0.826131
vt 0.585769 0.914539
vt 0.585851 0.914539
vt 0.585525 0.914539
vt 0.585300 0.914539
vt 0.585319 0.923635
vt 0.585366 0.914539
vt 0.585392 0.914539
vt 0.585405 0.923635
vt 0.585632 0.817035
vt 0.585636 0.826131
vt 0.585673 0.826131
vt 0.585310 0.826131
vt 0.585310 0.914539
vt 0.591278 0.819136
vt 0.591229 0.822647
vt 0.591235 0.819136
vt 0.585519 0.914976
vt 0.585488 0.825693
vt 0.591242 0.859961
vt 0.591294 0.819136
vt 0.591349 0.822647
vt 0.591346 0.819136
vt 0.585642 0.914976
vt 0.585856 0.924250
vt 0.585865 0.914976
vt 0.591242 0.819136
vt 0.591213 0.819136
vt 0.591278 0.859961
vt 0.585874 0.914976
vt 0.591413 0.819136
vt 0.591389 0.822647
vt 0.591384 0.819136
vt 0.585803 0.914976
vt 0.585847 0.924250
vt 0.591346 0.859961
vt 0.585273 0.870335
vt 0.585296 0.825693
vt 0.585299 0.914976
vt 0.585685 0.870335
vt 0.585674 0.825693
vt 0.585644 0.870335
vt 0.585642 0.825693
vt 0.585794 0.870335
vt 0.585781 0.825693
vt 0.585888 0.870335
vt 0.585865 0.825693
vt 0.585863 0.914976
vt 0.585262 0.870335
vt 0.585288 0.825693
vt 0.585518 0.870335
vt 0.585526 0.914976
vt 0.585367 0.870335
vt 0.585381 0.825693
vt 0.585899 0.870335
vt 0.585874 0.825693
vt 0.585825 0.870335
vt 0.585803 0.825693
vt 0.585337 0.870335
vt 0.585358 0.825693
vt 0.585476 0.870335
vt 0.585481 0.914976
vt 0.585768 0.816420
vt 0.585845 0.816420
vt 0.449436 0.682186
vt 0.449864 0.716573
vt 0.449441 0.716573
vt 0.449436 0.741197
vt 0.449864 0.706809
vt 0.449852 0.741197
vt 0.448396 0.682186
vt 0.448159 0.716573
vt 0.448384 0.716573
vt 0.448396 0.741197
vt 0.448159 0.706809
vt 0.448175 0.741197
vt 0.449761 0.682186
vt 0.449315 0.716573
vt 0.449772 0.716573
vt 0.449761 0.741197
vt 0.449315 0.706809
vt 0.449312 0.741197
vt 0.450073 0.682186
vt 0.449852 0.682186
vt 0.450089 0.706809
vt 0.450073 0.741197
vt 0.448208 0.682186
vt 0.448175 0.682186
vt 0.448193 0.706809
vt 0.448208 0.741197
vt 0.448936 0.682186
vt 0.448476 0.716573
vt 0.448487 0.682186
vt 0.448936 0.741197
vt 0.448476 0.706809
vt 0.448933 0.706809
vt 0.449312 0.682186
vt 0.448807 0.716573
vt 0.448807 0.706809
vt 0.448812 0.741197
vt 0.450040 0.682186
vt 0.450089 0.716573
vt 0.450055 0.706809
vt 0.450040 0.741197
vt 0.448193 0.716573
vt 0.448487 0.741197
vt 0.448933 0.716573
vt 0.449441 0.706809
vt 0.448812 0.682186
vt 0.448384 0.706809
vt 0.450055 0.716573
vt 0.449772 0.706809
vt 0.450078 0.716496
vt 0.449782 0.681495
vt 0.449788 0.716496
vt 0.448365 0.716496
vt 0.448802 0.681495
vt 0.448372 0.681495
vt 0.449449 0.716496
vt 0.448930 0.681495
vt 0.449446 0.681495
vt 0.448460 0.716496
vt 0.448178 0.681495
vt 0.448466 0.681495
vt 0.450113 0.716496
vt 0.450069 0.681495
vt 0.448799 0.716496
vt 0.449318 0.681495
vt 0.448928 0.716496
vt 0.448135 0.716496
vt 0.448169 0.716496
vt 0.449883 0.716496
vt 0.450104 0.681495
vt 0.449320 0.716496
vt 0.448144 0.681495
vt 0.449875 0.681495
vt 0.450069 0.742280
vt 0.449788 0.707280
vt 0.449782 0.742280
vt 0.448372 0.742280
vt 0.448799 0.707280
vt 0.448365 0.707280
vt 0.448930 0.742280
vt 0.449449 0.707280
vt 0.449446 0.742280
vt 0.448466 0.742280
vt 0.448169 0.707280
vt 0.448460 0.707280
vt 0.450103 0.742280
vt 0.450078 0.707280
vt 0.449318 0.742280
vt 0.448802 0.742280
vt 0.448928 0.707280
vt 0.448178 0.742280
vt 0.448135 0.707280
vt 0.449875 0.742280
vt 0.450113 0.707280
vt 0.449320 0.707280
vt 0.448144 0.742280
vt 0.449883 0.707280
vt 0.601661 0.871828
vt 0.601748 0.874547
vt 0.601800 0.879437
vt 0.601752 0.890174
vt 0.601560 0.871891
vt 0.601659 0.871787
vt 0.601426 0.885541
vt 0.601424 0.879834
vt 0.601472 0.874915
vt 0.601752 0.890137
vt 0.601560 0.871921
vt 0.601668 0.893023
vt 0.601799 0.879414
vt 0.601747 0.874543
vt 0.601660 0.871843
vt 0.601472 0.874952
vt 0.601424 0.879868
vt 0.601426 0.885564
vt 0.601666 0.893057
vt 0.601474 0.874842
vt 0.601568 0.893176
vt 0.601666 0.893088
vt 0.601474 0.874804
vt 0.601558 0.871925
vt 0.601566 0.893171
vt 0.601565 0.893150
vt 0.601473 0.874897
vt 0.601567 0.893191
vt 0.601559 0.871938
vt 0.601558 0.871955
vt 0.601559 0.871908
vt 0.601667 0.893070
vt 0.601668 0.893053
vt 0.601753 0.890081
vt 0.601754 0.890026
vt 0.601753 0.890118
vt 0.601658 0.871802
vt 0.601754 0.890063
vt 0.601565 0.893135
vt 0.585722 0.817035
vt 0.585641 0.816420
vt 0.585710 0.816420
vt 0.586099 0.817035
vt 0.585986 0.816420
vt 0.586106 0.816420
vt 0.585979 0.817035
vt 0.585715 0.816420
vt 0.585841 0.817035
vt 0.585834 0.816420
vt 0.586182 0.924250
vt 0.586168 0.923635
vt 0.585710 0.924250
vt 0.585653 0.923635
vt 0.585641 0.924250
vt 0.585834 0.924250
vt 0.585722 0.923635
vt 0.585715 0.924250
vt 0.585653 0.817035
vt 0.586180 0.816420
vt 0.586111 0.816420
vt 0.585979 0.924250
vt 0.585841 0.923635
vt 0.585841 0.924250
vt 0.585994 0.870335
vt 0.585836 0.825693
vt 0.585826 0.870335
vt 0.586099 0.923635
vt 0.586180 0.924250
vt 0.586111 0.924250
vt 0.585836 0.914976
vt 0.585984 0.914976
vt 0.585979 0.923635
vt 0.586106 0.924250
vt 0.585986 0.924250
vt 0.586182 0.816420
vt 0.586168 0.817035
vt 0.585841 0.816420
vt 0.585979 0.816420
vt 0.585701 0.914976
vt 0.585819 0.870335
vt 0.585829 0.914976
vt 0.585622 0.914976
vt 0.585669 0.870335
vt 0.585696 0.914976
vt 0.586124 0.914976
vt 0.586235 0.870335
vt 0.586152 0.870335
vt 0.591548 0.856450
vt 0.591562 0.839548
vt 0.585674 0.870335
vt 0.591315 0.839548
vt 0.591357 0.822647
vt 0.591329 0.822647
vt 0.585984 0.826131
vt 0.591473 0.839548
vt 0.591517 0.822647
vt 0.591527 0.839548
vt 0.591357 0.856450
vt 0.591329 0.856450
vt 0.585829 0.825693
vt 0.585826 0.870335
vt 0.585984 0.825693
vt 0.586124 0.825693
vt 0.585622 0.825693
vt 0.585696 0.825693
vt 0.585819 0.870335
vt 0.585701 0.825693
vt 0.591548 0.822647
vt 0.591469 0.856450
vt 0.591517 0.856450
vt 0.585620 0.914976
vt 0.585583 0.870335
vt 0.585620 0.825693
vt 0.586198 0.914976
vt 0.586198 0.825693
vt 0.591469 0.822647
vt 0.585634 0.826131
vt 0.586186 0.826131
vt 0.586112 0.826131
vt 0.586186 0.914539
vt 0.585708 0.914539
vt 0.586112 0.914539
vt 0.585836 0.826131
vt 0.585708 0.826131
vt 0.585836 0.914539
vt 0.585984 0.914539
vt 0.586112 0.914539
vt 0.585634 0.914539
vt 0.585984 0.914539
vt 0.585634 0.914539
vt 0.591467 0.859961
vt 0.591541 0.819136
vt 0.591512 0.819136
vt 0.591467 0.819136
vt 0.591336 0.859961
vt 0.591512 0.859961
vt 0.591541 0.859961
vt 0.591336 0.819136
vt 0.591362 0.819136
vt 0.585826 0.870335
vt 0.586224 0.870335
vt 0.586200 0.914976
vt 0.585681 0.870335
vt 0.585826 0.870335
vt 0.585994 0.870335
vt 0.585991 0.825693
vt 0.586140 0.870335
vt 0.586119 0.825693
vt 0.585991 0.914976
vt 0.586119 0.914976
vt 0.586224 0.870335
vt 0.586200 0.825693
vt 0.585597 0.870335
vt 0.449010 0.682186
vt 0.449026 0.716573
vt 0.449010 0.741197
vt 0.449026 0.706811
vt 0.447141 0.682186
vt 0.447380 0.716573
vt 0.447125 0.716573
vt 0.447391 0.741197
vt 0.447125 0.706809
vt 0.447380 0.706811
vt 0.447391 0.682186
vt 0.447821 0.716573
vt 0.447825 0.682186
vt 0.447821 0.706811
vt 0.448771 0.716573
vt 0.448760 0.741197
vt 0.448771 0.706811
vt 0.447825 0.741197
vt 0.447821 0.706809
vt 0.448326 0.682186
vt 0.448330 0.716573
vt 0.448326 0.741197
vt 0.447141 0.741197
vt 0.448760 0.682186
vt 0.448330 0.706811
vt 0.448330 0.706809
vt 0.447815 0.716496
vt 0.448334 0.681495
vt 0.447817 0.681495
vt 0.447102 0.716496
vt 0.447111 0.681495
vt 0.448789 0.716496
vt 0.449040 0.681495
vt 0.449050 0.716496
vt 0.448337 0.716496
vt 0.447363 0.716496
vt 0.448782 0.681495
vt 0.447369 0.681495
vt 0.448334 0.742280
vt 0.447815 0.707280
vt 0.447817 0.742280
vt 0.447111 0.742280
vt 0.447102 0.707280
vt 0.448782 0.742280
vt 0.449050 0.707280
vt 0.449040 0.742280
vt 0.448337 0.707280
vt 0.447369 0.742280
vt 0.448789 0.707280
vt 0.447363 0.707280
vt 0.602030 0.872002
vt 0.602129 0.871698
vt 0.602219 0.874280
vt 0.602279 0.884820
vt 0.601945 0.875090
vt 0.602028 0.872042
vt 0.601959 0.890698
vt 0.601904 0.885916
vt 0.601899 0.880304
vt 0.602279 0.884786
vt 0.601945 0.875127
vt 0.602235 0.889758
vt 0.602218 0.874277
vt 0.602129 0.871714
vt 0.602030 0.872033
vt 0.601899 0.880338
vt 0.601905 0.885938
vt 0.601960 0.890701
vt 0.602233 0.889851
vt 0.601899 0.880192
vt 0.602151 0.892905
vt 0.602233 0.889888
vt 0.601899 0.880158
vt 0.601944 0.875183
vt 0.601899 0.880231
vt 0.602148 0.892976
vt 0.602150 0.892925
vt 0.602151 0.892936
vt 0.601944 0.875174
vt 0.601944 0.875220
vt 0.601944 0.875136
vt 0.602234 0.889842
vt 0.602235 0.889795
vt 0.602279 0.884713
vt 0.602279 0.884640
vt 0.602029 0.872022
vt 0.602029 0.872053
vt 0.602027 0.872073
vt 0.602279 0.884747
vt 0.602279 0.884674
vt 0.602148 0.892945
vt 0.601899 0.880265
vt 0.585190 0.817035
vt 0.585062 0.816420
vt 0.585184 0.816420
vt 0.585510 0.817035
vt 0.585458 0.816420
vt 0.585522 0.816420
vt 0.585172 0.817035
vt 0.585309 0.816420
vt 0.585172 0.816420
vt 0.584990 0.817035
vt 0.585043 0.816420
vt 0.584978 0.816420
vt 0.585505 0.923635
vt 0.585444 0.924250
vt 0.585517 0.924250
vt 0.584976 0.924250
vt 0.584995 0.923635
vt 0.584981 0.924250
vt 0.585043 0.924250
vt 0.584990 0.923635
vt 0.584978 0.924250
vt 0.585057 0.816420
vt 0.584995 0.817035
vt 0.584984 0.816420
vt 0.585328 0.817035
vt 0.585191 0.816420
vt 0.585329 0.816420
vt 0.585505 0.817035
vt 0.585524 0.816420
vt 0.585519 0.816420
vt 0.585165 0.924250
vt 0.585055 0.923635
vt 0.585048 0.924250
vt 0.585495 0.870335
vt 0.585342 0.825693
vt 0.585353 0.870335
vt 0.585524 0.924250
vt 0.585519 0.924250
vt 0.585190 0.923635
vt 0.585329 0.924250
vt 0.585191 0.924250
vt 0.584984 0.924250
vt 0.585069 0.923635
vt 0.585057 0.924250
vt 0.585438 0.924250
vt 0.585310 0.923635
vt 0.585034 0.914976
vt 0.585159 0.914976
vt 0.585458 0.924250
vt 0.585510 0.923635
vt 0.585522 0.924250
vt 0.585062 0.924250
vt 0.585184 0.924250
vt 0.585310 0.817035
vt 0.585438 0.816420
vt 0.584981 0.816420
vt 0.584976 0.816420
vt 0.585432 0.817035
vt 0.585517 0.816420
vt 0.585444 0.816420
vt 0.585445 0.817035
vt 0.585336 0.816420
vt 0.585453 0.816420
vt 0.584959 0.914976
vt 0.585001 0.870335
vt 0.585029 0.914976
vt 0.591078 0.856450
vt 0.591066 0.839548
vt 0.591063 0.839548
vt 0.585537 0.914976
vt 0.585580 0.870335
vt 0.585543 0.914976
vt 0.585535 0.914976
vt 0.585483 0.870335
vt 0.585572 0.870335
vt 0.585187 0.914976
vt 0.585346 0.870335
vt 0.585178 0.870335
vt 0.585467 0.914976
vt 0.585342 0.914976
vt 0.591102 0.839548
vt 0.591161 0.822647
vt 0.591112 0.822647
vt 0.585055 0.817035
vt 0.585167 0.826131
vt 0.591216 0.839548
vt 0.591156 0.822647
vt 0.591212 0.822647
vt 0.591112 0.856450
vt 0.591158 0.839548
vt 0.584959 0.825693
vt 0.585029 0.825693
vt 0.585148 0.870335
vt 0.585034 0.825693
vt 0.585159 0.825693
vt 0.585537 0.825693
vt 0.585543 0.825693
vt 0.591080 0.822647
vt 0.591078 0.822647
vt 0.585334 0.825693
vt 0.585187 0.825693
vt 0.585457 0.825693
vt 0.585535 0.825693
vt 0.591156 0.856450
vt 0.591212 0.856450
vt 0.585006 0.870335
vt 0.585044 0.914976
vt 0.584929 0.870335
vt 0.584965 0.914976
vt 0.585018 0.870335
vt 0.584965 0.825693
vt 0.585321 0.914976
vt 0.585478 0.870335
vt 0.585451 0.914976
vt 0.585330 0.870335
vt 0.585451 0.825693
vt 0.591298 0.856450
vt 0.591283 0.839548
vt 0.591272 0.856450
vt 0.591313 0.839548
vt 0.591272 0.822647
vt 0.585328 0.923635
vt 0.585453 0.924250
vt 0.585336 0.924250
vt 0.585069 0.817035
vt 0.585186 0.826131
vt 0.585055 0.826131
vt 0.585459 0.826131
vt 0.585445 0.826131
vt 0.585314 0.826131
vt 0.585445 0.914539
vt 0.585523 0.914539
vt 0.584977 0.914539
vt 0.584972 0.914539
vt 0.585314 0.914539
vt 0.585172 0.923635
vt 0.584977 0.826131
vt 0.585523 0.826131
vt 0.585529 0.826131
vt 0.585041 0.914539
vt 0.585167 0.914539
vt 0.585529 0.914539
vt 0.585334 0.914539
vt 0.585186 0.914539
vt 0.585432 0.923635
vt 0.585445 0.923635
vt 0.585459 0.914539
vt 0.585055 0.914539
vt 0.585041 0.826131
vt 0.584972 0.826131
vt 0.585334 0.826131
vt 0.585044 0.825693
vt 0.591267 0.859961
vt 0.591085 0.819136
vt 0.591086 0.819136
vt 0.585334 0.914976
vt 0.591291 0.819136
vt 0.591267 0.819136
vt 0.591117 0.859961
vt 0.591161 0.856450
vt 0.591159 0.859961
vt 0.585467 0.825693
vt 0.591085 0.859961
vt 0.591080 0.856450
vt 0.585165 0.816420
vt 0.585048 0.816420
vt 0.585457 0.914976
vt 0.591117 0.819136
vt 0.591163 0.819136
vt 0.585309 0.924250
vt 0.585172 0.924250
vt 0.591211 0.819136
vt 0.591159 0.819136
vt 0.585345 0.870335
vt 0.585561 0.870335
vt 0.584934 0.870335
vt 0.584958 0.914976
vt 0.585013 0.870335
vt 0.585155 0.870335
vt 0.585166 0.825693
vt 0.585177 0.870335
vt 0.585180 0.825693
vt 0.585567 0.870335
vt 0.585541 0.825693
vt 0.585488 0.870335
vt 0.585472 0.914976
vt 0.585323 0.870335
vt 0.585321 0.825693
vt 0.585314 0.914976
vt 0.585471 0.870335
vt 0.585029 0.870335
vt 0.585049 0.914976
vt 0.584940 0.870335
vt 0.584963 0.825693
vt 0.451100 0.682186
vt 0.450845 0.716573
vt 0.451115 0.716573
vt 0.450834 0.741197
vt 0.451115 0.706811
vt 0.450845 0.706811
vt 0.449515 0.682186
vt 0.449954 0.716573
vt 0.449504 0.716573
vt 0.449515 0.741197
vt 0.449954 0.706809
vt 0.449958 0.741197
vt 0.449232 0.682186
vt 0.449455 0.716573
vt 0.449467 0.682186
vt 0.449467 0.741197
vt 0.449216 0.706811
vt 0.449232 0.741197
vt 0.450834 0.682186
vt 0.450395 0.716573
vt 0.450392 0.741197
vt 0.450395 0.706811
vt 0.449958 0.682186
vt 0.450463 0.716573
vt 0.450463 0.706811
vt 0.450458 0.741197
vt 0.450883 0.682186
vt 0.451133 0.716574
vt 0.450895 0.716573
vt 0.450883 0.741197
vt 0.451133 0.706811
vt 0.451118 0.741197
vt 0.449250 0.682186
vt 0.449216 0.716573
vt 0.449234 0.706809
vt 0.449250 0.741197
vt 0.450392 0.682186
vt 0.449887 0.716573
vt 0.449891 0.741197
vt 0.449887 0.706811
vt 0.450458 0.682186
vt 0.450895 0.706809
vt 0.451118 0.682186
vt 0.451100 0.741197
vt 0.449234 0.716573
vt 0.449504 0.706809
vt 0.449891 0.682186
vt 0.449455 0.706811
vt 0.449879 0.716496
vt 0.449444 0.681495
vt 0.449437 0.716496
vt 0.449487 0.716496
vt 0.449220 0.681495
vt 0.449494 0.681495
vt 0.451157 0.716496
vt 0.451130 0.681495
vt 0.451139 0.716496
vt 0.450470 0.716496
vt 0.450906 0.681495
vt 0.450913 0.716496
vt 0.450399 0.681495
vt 0.449882 0.681495
vt 0.449211 0.716496
vt 0.449201 0.681495
vt 0.451148 0.681495
vt 0.449951 0.681495
vt 0.450467 0.681495
vt 0.450401 0.716496
vt 0.450855 0.681495
vt 0.449192 0.716496
vt 0.449949 0.716496
vt 0.450862 0.716496
vt 0.449882 0.742280
vt 0.449437 0.707280
vt 0.449444 0.742280
vt 0.449220 0.742280
vt 0.449488 0.707280
vt 0.449494 0.742280
vt 0.451148 0.742280
vt 0.451139 0.707280
vt 0.451130 0.742280
vt 0.450467 0.742280
vt 0.450913 0.707280
vt 0.450906 0.742280
vt 0.450399 0.742280
vt 0.449879 0.707280
vt 0.449202 0.742280
vt 0.449211 0.707280
vt 0.451157 0.707280
vt 0.449951 0.742280
vt 0.450470 0.707280
vt 0.450855 0.742280
vt 0.450401 0.707280
vt 0.449192 0.707280
vt 0.449949 0.707280
vt 0.450862 0.707280
vt 0.602717 0.875448
vt 0.602760 0.880533
vt 0.602751 0.886221
vt 0.602601 0.893337
vt 0.602635 0.872149
vt 0.602716 0.875331
vt 0.602385 0.878757
vt 0.602442 0.874068
vt 0.602532 0.871673
vt 0.602504 0.892860
vt 0.602715 0.875323
vt 0.602634 0.872160
vt 0.602751 0.886185
vt 0.602759 0.880507
vt 0.602717 0.875440
vt 0.602532 0.871701
vt 0.602442 0.874105
vt 0.602385 0.878793
vt 0.602502 0.892818
vt 0.602534 0.871669
vt 0.602421 0.889655
vt 0.602501 0.892829
vt 0.602535 0.871641
vt 0.602633 0.872106
vt 0.602533 0.871657
vt 0.602419 0.889530
vt 0.602533 0.871685
vt 0.602419 0.889588
vt 0.602420 0.889647
vt 0.602503 0.892839
vt 0.602632 0.872118
vt 0.602634 0.872127
vt 0.602502 0.892851
vt 0.602503 0.892872
vt 0.602603 0.893293
vt 0.602604 0.893277
vt 0.602717 0.875390
vt 0.602602 0.893309
vt 0.602604 0.893305
vt 0.602420 0.889597
vt 0.602419 0.889538
vt 0.584310 0.816420
vt 0.584338 0.817035
vt 0.584324 0.816420
vt 0.584629 0.817035
vt 0.584490 0.816420
vt 0.584628 0.816420
vt 0.584793 0.817035
vt 0.584863 0.816420
vt 0.584806 0.816420
vt 0.584546 0.816420
vt 0.584682 0.817035
vt 0.584683 0.816420
vt 0.584755 0.923635
vt 0.584847 0.924250
vt 0.584766 0.924250
vt 0.584538 0.924250
vt 0.584418 0.923635
vt 0.584413 0.924250
vt 0.584683 0.924250
vt 0.584544 0.923635
vt 0.584546 0.924250
vt 0.584407 0.816420
vt 0.584326 0.816420
vt 0.584367 0.816420
vt 0.584324 0.817035
vt 0.584311 0.816420
vt 0.584755 0.817035
vt 0.584635 0.816420
vt 0.584761 0.816420
vt 0.584793 0.923635
vt 0.584690 0.924250
vt 0.584801 0.924250
vt 0.590890 0.839548
vt 0.590850 0.822647
vt 0.590839 0.839548
vt 0.584635 0.924250
vt 0.584761 0.924250
vt 0.584324 0.923635
vt 0.584367 0.924250
vt 0.584311 0.924250
vt 0.584326 0.924250
vt 0.584407 0.924250
vt 0.584850 0.924250
vt 0.584850 0.923635
vt 0.584864 0.924250
vt 0.584697 0.914976
vt 0.584816 0.914976
vt 0.584492 0.923635
vt 0.584628 0.924250
vt 0.584490 0.924250
vt 0.584324 0.924250
vt 0.584310 0.924250
vt 0.584850 0.817035
vt 0.584850 0.816420
vt 0.584864 0.816420
vt 0.584413 0.816420
vt 0.584544 0.817035
vt 0.584538 0.816420
vt 0.584836 0.817035
vt 0.584766 0.816420
vt 0.584847 0.816420
vt 0.584492 0.817035
vt 0.584372 0.816420
vt 0.584484 0.816420
vt 0.590976 0.856450
vt 0.590918 0.839548
vt 0.590981 0.839548
vt 0.584401 0.914976
vt 0.584529 0.870335
vt 0.584535 0.914976
vt 0.584773 0.914976
vt 0.584644 0.870335
vt 0.584638 0.914976
vt 0.591010 0.856450
vt 0.591056 0.839548
vt 0.591019 0.839548
vt 0.584352 0.914976
vt 0.584254 0.870335
vt 0.584292 0.914976
vt 0.590895 0.856450
vt 0.590850 0.856450
vt 0.590811 0.839548
vt 0.590831 0.822647
vt 0.590817 0.839548
vt 0.584688 0.826131
vt 0.584808 0.826131
vt 0.591063 0.839548
vt 0.591026 0.822647
vt 0.591049 0.822647
vt 0.590825 0.856450
vt 0.590831 0.856450
vt 0.590976 0.822647
vt 0.584846 0.870335
vt 0.584697 0.825693
vt 0.584816 0.825693
vt 0.584773 0.825693
vt 0.584638 0.825693
vt 0.584401 0.825693
vt 0.584535 0.825693
vt 0.584352 0.825693
vt 0.584292 0.825693
vt 0.591010 0.822647
vt 0.591049 0.856450
vt 0.591037 0.839548
vt 0.584308 0.914976
vt 0.584371 0.870335
vt 0.584395 0.914976
vt 0.584308 0.825693
vt 0.584395 0.825693
vt 0.584868 0.914976
vt 0.584920 0.870335
vt 0.584903 0.870335
vt 0.584868 0.825693
vt 0.584631 0.914976
vt 0.584470 0.870335
vt 0.584484 0.914976
vt 0.584637 0.870335
vt 0.584484 0.825693
vt 0.584380 0.923635
vt 0.584484 0.924250
vt 0.584372 0.924250
vt 0.584320 0.826131
vt 0.584485 0.826131
vt 0.584854 0.826131
vt 0.584869 0.826131
vt 0.584854 0.914539
vt 0.584767 0.914539
vt 0.584406 0.914539
vt 0.584541 0.914539
vt 0.584869 0.914539
vt 0.584406 0.826131
vt 0.584418 0.817035
vt 0.584365 0.826131
vt 0.584304 0.826131
vt 0.584632 0.826131
vt 0.584808 0.914539
vt 0.584682 0.923635
vt 0.584629 0.923635
vt 0.584632 0.914539
vt 0.584365 0.914539
vt 0.584304 0.914539
vt 0.584338 0.923635
vt 0.584688 0.914539
vt 0.584836 0.923635
vt 0.584485 0.914539
vt 0.584320 0.914539
vt 0.584541 0.826131
vt 0.584767 0.826131
vt 0.584380 0.817035
vt 0.591005 0.819136
vt 0.591042 0.822647
vt 0.591036 0.819136
vt 0.590898 0.859961
vt 0.590922 0.819136
vt 0.590973 0.819136
vt 0.590973 0.859961
vt 0.590920 0.856450
vt 0.590837 0.859961
vt 0.591020 0.859961
vt 0.591026 0.856450
vt 0.590856 0.819136
vt 0.590895 0.822647
vt 0.590898 0.819136
vt 0.584883 0.914976
vt 0.584801 0.816420
vt 0.584690 0.816420
vt 0.591036 0.859961
vt 0.591042 0.856450
vt 0.590832 0.819136
vt 0.590837 0.819136
vt 0.584863 0.924250
vt 0.584806 0.924250
vt 0.591020 0.819136
vt 0.591042 0.819136
vt 0.584335 0.870335
vt 0.584357 0.914976
vt 0.584791 0.870335
vt 0.584778 0.914976
vt 0.584535 0.870335
vt 0.584543 0.825693
vt 0.584702 0.870335
vt 0.584690 0.914976
vt 0.584838 0.870335
vt 0.584821 0.825693
vt 0.584266 0.870335
vt 0.584291 0.825693
vt 0.584638 0.870335
vt 0.584631 0.825693
vt 0.584471 0.870335
vt 0.584477 0.825693
vt 0.584907 0.870335
vt 0.584883 0.825693
vt 0.584882 0.914976
vt 0.584890 0.870335
vt 0.584865 0.825693
vt 0.584283 0.870335
vt 0.584306 0.914976
vt 0.584382 0.870335
vt 0.452896 0.682186
vt 0.453205 0.716573
vt 0.452907 0.716573
vt 0.453190 0.741197
vt 0.452907 0.706811
vt 0.453205 0.706811
vt 0.451381 0.682186
vt 0.451314 0.716573
vt 0.451366 0.716573
vt 0.451381 0.741197
vt 0.451314 0.706811
vt 0.451330 0.741197
vt 0.452630 0.682186
vt 0.452129 0.716573
vt 0.452636 0.716573
vt 0.452630 0.741197
vt 0.452129 0.706811
vt 0.452132 0.741197
vt 0.453190 0.682186
vt 0.453257 0.716573
vt 0.453257 0.706809
vt 0.453241 0.741197
vt 0.451330 0.682186
vt 0.451523 0.716573
vt 0.451535 0.741197
vt 0.451523 0.706811
vt 0.451941 0.682186
vt 0.452442 0.716573
vt 0.451935 0.716573
vt 0.451941 0.741197
vt 0.452442 0.706809
vt 0.452439 0.741197
vt 0.452132 0.682186
vt 0.451664 0.716573
vt 0.451675 0.741197
vt 0.451664 0.706811
vt 0.453036 0.682186
vt 0.453241 0.682186
vt 0.453048 0.706811
vt 0.453036 0.741197
vt 0.451535 0.682186
vt 0.451935 0.706811
vt 0.452439 0.682186
vt 0.452896 0.741197
vt 0.451675 0.682186
vt 0.451366 0.706811
vt 0.453048 0.716573
vt 0.452636 0.706811
vt 0.453068 0.716496
vt 0.452641 0.681495
vt 0.452644 0.716496
vt 0.451649 0.716496
vt 0.451352 0.681495
vt 0.451343 0.716496
vt 0.452922 0.716496
vt 0.452444 0.681495
vt 0.452916 0.681495
vt 0.451503 0.716496
vt 0.451930 0.681495
vt 0.451927 0.716496
vt 0.453272 0.681495
vt 0.453060 0.681495
vt 0.452125 0.716496
vt 0.451655 0.681495
vt 0.452446 0.716496
vt 0.451290 0.716496
vt 0.451511 0.681495
vt 0.453281 0.716496
vt 0.453219 0.681495
vt 0.452127 0.681495
vt 0.451299 0.681495
vt 0.453228 0.716496
vt 0.453060 0.742280
vt 0.452644 0.707280
vt 0.452641 0.742280
vt 0.451655 0.742280
vt 0.451343 0.707280
vt 0.451352 0.742280
vt 0.452444 0.742280
vt 0.452922 0.707280
vt 0.452916 0.742280
vt 0.451930 0.742280
vt 0.451504 0.707280
vt 0.451927 0.707280
vt 0.453271 0.742280
vt 0.453067 0.707280
vt 0.452127 0.742280
vt 0.451649 0.707280
vt 0.452446 0.707280
vt 0.451511 0.742280
vt 0.451290 0.707280
vt 0.453228 0.707280
vt 0.453281 0.707280
vt 0.452125 0.707280
vt 0.451300 0.742280
vt 0.453219 0.742280
vt 0.602472 0.912898
vt 0.602391 0.916110
vt 0.602290 0.916594
vt 0.602133 0.903861
vt 0.602474 0.912789
vt 0.602142 0.909420
vt 0.602359 0.894882
vt 0.602450 0.897308
vt 0.602507 0.901919
vt 0.602142 0.909440
vt 0.602516 0.907705
vt 0.602134 0.903894
vt 0.602291 0.916577
vt 0.602391 0.916079
vt 0.602472 0.912861
vt 0.602506 0.901899
vt 0.602450 0.897306
vt 0.602358 0.894899
vt 0.602134 0.903771
vt 0.602507 0.902036
vt 0.602175 0.898725
vt 0.602134 0.903738
vt 0.602508 0.902056
vt 0.602516 0.907615
vt 0.602176 0.898633
vt 0.602177 0.898578
vt 0.602507 0.901967
vt 0.602175 0.898687
vt 0.602134 0.903833
vt 0.602516 0.907582
vt 0.602133 0.903799
vt 0.602516 0.907677
vt 0.602516 0.907738
vt 0.602143 0.909509
vt 0.602143 0.909577
vt 0.602473 0.912844
vt 0.602474 0.912751
vt 0.602143 0.909557
vt 0.602177 0.898616
vt 0.584837 0.816420
vt 0.584975 0.817035
vt 0.584975 0.816420
vt 0.584657 0.816420
vt 0.584662 0.817035
vt 0.584648 0.816420
vt 0.585132 0.816420
vt 0.585010 0.817035
vt 0.585018 0.816420
vt 0.585190 0.816420
vt 0.585185 0.817035
vt 0.585199 0.816420
vt 0.584748 0.923635
vt 0.584866 0.924250
vt 0.584742 0.924250
vt 0.585188 0.924250
vt 0.585099 0.923635
vt 0.585111 0.924250
vt 0.585199 0.924250
vt 0.585176 0.923635
vt 0.585190 0.924250
vt 0.584982 0.816420
vt 0.585099 0.817035
vt 0.585105 0.816420
vt 0.584723 0.817035
vt 0.584830 0.816420
vt 0.584715 0.816420
vt 0.584736 0.816420
vt 0.584671 0.817035
vt 0.584660 0.816420
vt 0.585137 0.924250
vt 0.585185 0.923635
vt 0.585198 0.924250
vt 0.584593 0.870335
vt 0.584696 0.825693
vt 0.584667 0.870335
vt 0.584671 0.923635
vt 0.584736 0.924250
vt 0.584660 0.924250
vt 0.584830 0.924250
vt 0.584723 0.923635
vt 0.584715 0.924250
vt 0.584982 0.924250
vt 0.585105 0.924250
vt 0.584873 0.924250
vt 0.585010 0.923635
vt 0.585010 0.924250
vt 0.585217 0.914976
vt 0.585151 0.914976
vt 0.584662 0.923635
vt 0.584657 0.924250
vt 0.584648 0.924250
vt 0.584975 0.924250
vt 0.584838 0.923635
vt 0.584837 0.924250
vt 0.584873 0.816420
vt 0.585010 0.816420
vt 0.585188 0.816420
vt 0.585111 0.816420
vt 0.584872 0.817035
vt 0.584742 0.816420
vt 0.584866 0.816420
vt 0.584711 0.816420
vt 0.584650 0.816420
vt 0.585218 0.914976
vt 0.585244 0.870335
vt 0.585256 0.870335
vt 0.591171 0.856450
vt 0.591150 0.839548
vt 0.591185 0.839548
vt 0.584724 0.914976
vt 0.584605 0.870335
vt 0.584642 0.914976
vt 0.584729 0.914976
vt 0.584854 0.870335
vt 0.584704 0.870335
vt 0.584701 0.914976
vt 0.584812 0.870335
vt 0.584824 0.914976
vt 0.584631 0.914976
vt 0.584696 0.914976
vt 0.591025 0.839548
vt 0.591085 0.822647
vt 0.591088 0.839548
vt 0.585124 0.817035
vt 0.585204 0.826131
vt 0.585139 0.826131
vt 0.585175 0.870335
vt 0.585024 0.825693
vt 0.585036 0.870335
vt 0.591085 0.856450
vt 0.585218 0.825693
vt 0.585254 0.870335
vt 0.585151 0.825693
vt 0.585180 0.870335
vt 0.584698 0.870335
vt 0.584642 0.825693
vt 0.591140 0.822647
vt 0.591171 0.822647
vt 0.584672 0.870335
vt 0.584824 0.825693
vt 0.584729 0.825693
vt 0.585024 0.914976
vt 0.584986 0.914976
vt 0.585143 0.870335
vt 0.585118 0.914976
vt 0.584986 0.825693
vt 0.585118 0.825693
vt 0.591100 0.856450
vt 0.591041 0.839548
vt 0.591044 0.856450
vt 0.591100 0.822647
vt 0.591044 0.822647
vt 0.590957 0.856450
vt 0.590939 0.839548
vt 0.590953 0.856450
vt 0.590943 0.839548
vt 0.590953 0.822647
vt 0.584650 0.924250
vt 0.584711 0.924250
vt 0.584832 0.826131
vt 0.584979 0.826131
vt 0.584643 0.826131
vt 0.584868 0.826131
vt 0.585016 0.826131
vt 0.584868 0.914539
vt 0.584735 0.914539
vt 0.585112 0.914539
vt 0.585194 0.914539
vt 0.585016 0.914539
vt 0.585124 0.923635
vt 0.585112 0.826131
vt 0.584838 0.817035
vt 0.584709 0.826131
vt 0.584735 0.826131
vt 0.584653 0.826131
vt 0.585139 0.914539
vt 0.584653 0.914539
vt 0.584709 0.914539
vt 0.584832 0.914539
vt 0.584975 0.923635
vt 0.585204 0.914539
vt 0.584872 0.923635
vt 0.584643 0.914539
vt 0.584979 0.914539
vt 0.585176 0.817035
vt 0.585194 0.826131
vt 0.584748 0.817035
vt 0.591097 0.819136
vt 0.591045 0.819136
vt 0.590960 0.859961
vt 0.591165 0.819136
vt 0.591136 0.819136
vt 0.585208 0.914976
vt 0.590960 0.819136
vt 0.590957 0.822647
vt 0.590964 0.819136
vt 0.591084 0.859961
vt 0.591029 0.856450
vt 0.585132 0.924250
vt 0.585146 0.914976
vt 0.591045 0.859961
vt 0.584701 0.825693
vt 0.591165 0.859961
vt 0.591140 0.856450
vt 0.585137 0.816420
vt 0.585217 0.825693
vt 0.585198 0.816420
vt 0.584862 0.914976
vt 0.591032 0.819136
vt 0.591084 0.819136
vt 0.585018 0.924250
vt 0.584680 0.870335
vt 0.584710 0.870335
vt 0.584724 0.825693
vt 0.585231 0.870335
vt 0.585208 0.825693
vt 0.585206 0.914976
vt 0.585242 0.870335
vt 0.585168 0.870335
vt 0.585146 0.825693
vt 0.584819 0.870335
vt 0.584831 0.825693
vt 0.584616 0.870335
vt 0.584639 0.825693
vt 0.584629 0.914976
vt 0.584631 0.825693
vt 0.585028 0.870335
vt 0.585017 0.825693
vt 0.584861 0.870335
vt 0.584869 0.914976
vt 0.584862 0.825693
vt 0.584987 0.870335
vt 0.584978 0.914976
vt 0.585137 0.870335
vt 0.585124 0.825693
vt 0.450576 0.682186
vt 0.451022 0.716573
vt 0.450565 0.716573
vt 0.450576 0.741197
vt 0.451022 0.706809
vt 0.451025 0.741197
vt 0.451401 0.682186
vt 0.450896 0.716573
vt 0.451404 0.716573
vt 0.450902 0.741197
vt 0.451404 0.706809
vt 0.450896 0.706809
vt 0.452129 0.682186
vt 0.452178 0.716573
vt 0.452162 0.682186
vt 0.452162 0.741197
vt 0.452145 0.706809
vt 0.452129 0.741197
vt 0.451025 0.682186
vt 0.451530 0.716573
vt 0.451530 0.706809
vt 0.451525 0.741197
vt 0.450902 0.682186
vt 0.450473 0.716573
vt 0.450485 0.741197
vt 0.450473 0.706811
vt 0.450297 0.682186
vt 0.450248 0.716573
vt 0.450264 0.682186
vt 0.450264 0.741197
vt 0.450282 0.706809
vt 0.450297 0.741197
vt 0.451861 0.716573
vt 0.452145 0.716573
vt 0.451861 0.706809
vt 0.451851 0.741197
vt 0.451941 0.682186
vt 0.451525 0.682186
vt 0.451953 0.706809
vt 0.451941 0.741197
vt 0.450485 0.682186
vt 0.450248 0.706809
vt 0.450282 0.716573
vt 0.450565 0.706809
vt 0.451851 0.682186
vt 0.451401 0.741197
vt 0.451953 0.716573
vt 0.452178 0.706809
vt 0.451972 0.716496
vt 0.452193 0.681495
vt 0.452202 0.716496
vt 0.451409 0.716496
vt 0.451871 0.681495
vt 0.451407 0.681495
vt 0.450259 0.716496
vt 0.450555 0.681495
vt 0.450549 0.716496
vt 0.450224 0.716496
vt 0.450462 0.681495
vt 0.450234 0.681495
vt 0.451538 0.716496
vt 0.451965 0.681495
vt 0.452168 0.716496
vt 0.451878 0.716496
vt 0.450268 0.681495
vt 0.450455 0.716496
vt 0.450892 0.681495
vt 0.451017 0.716496
vt 0.451535 0.681495
vt 0.452159 0.681495
vt 0.450888 0.716496
vt 0.451019 0.681495
vt 0.451965 0.742279
vt 0.452202 0.707280
vt 0.452193 0.742280
vt 0.451407 0.742280
vt 0.451878 0.707280
vt 0.451409 0.707280
vt 0.450555 0.742280
vt 0.450259 0.707280
vt 0.450549 0.707280
vt 0.450234 0.742280
vt 0.450455 0.707280
vt 0.450224 0.707280
vt 0.451535 0.742280
vt 0.451972 0.707280
vt 0.451871 0.742280
vt 0.452168 0.707280
vt 0.450268 0.742280
vt 0.450462 0.742280
vt 0.450888 0.707280
vt 0.451019 0.742280
vt 0.451538 0.707280
vt 0.452159 0.742280
vt 0.450892 0.742280
vt 0.451017 0.707280
vt 0.601917 0.916091
vt 0.601659 0.903779
vt 0.601917 0.916059
vt 0.601659 0.903813
vt 0.601668 0.909450
vt 0.601668 0.909470
vt 0.601975 0.897298
vt 0.601976 0.897300
vt 0.601817 0.916558
vt 0.591238 0.822647
vt 0.591384 0.859961
vt 0.591213 0.859961
vt 0.591235 0.859961
vt 0.591294 0.859961
vt 0.585262 0.870335
vt 0.585299 0.825693
vt 0.585686 0.870335
vt 0.585674 0.914976
vt 0.585806 0.870335
vt 0.585781 0.914976
vt 0.585899 0.870335
vt 0.585863 0.825693
vt 0.585519 0.870335
vt 0.585526 0.825693
vt 0.585356 0.870335
vt 0.585381 0.914976
vt 0.585329 0.870335
vt 0.585358 0.914976
vt 0.585468 0.870335
vt 0.585481 0.825693
vt 0.601802 0.885144
vt 0.601478 0.890431
vt 0.601802 0.885110
vt 0.601478 0.890435
vt 0.601473 0.874859
vt 0.601566 0.893156
vt 0.601667 0.893040
vt 0.601659 0.871822
vt 0.601660 0.871807
vt 0.585585 0.870335
vt 0.591347 0.839548
vt 0.591362 0.859961
vt 0.586237 0.870335
vt 0.586001 0.870335
vt 0.586146 0.870335
vt 0.602274 0.879062
vt 0.602049 0.893280
vt 0.602274 0.879040
vt 0.602050 0.893264
vt 0.602149 0.892956
vt 0.602234 0.889804
vt 0.584922 0.870335
vt 0.585574 0.870335
vt 0.591152 0.839548
vt 0.591298 0.822647
vt 0.591291 0.859961
vt 0.591163 0.859961
vt 0.591211 0.859961
vt 0.591086 0.859961
vt 0.584958 0.825693
vt 0.585155 0.870335
vt 0.585166 0.914976
vt 0.585171 0.870335
vt 0.585180 0.914976
vt 0.585578 0.870335
vt 0.585541 0.914976
vt 0.585500 0.870335
vt 0.585472 0.825693
vt 0.585322 0.870335
vt 0.585314 0.825693
vt 0.585023 0.870335
vt 0.585049 0.825693
vt 0.584926 0.870335
vt 0.584963 0.914976
vt 0.602694 0.890910
vt 0.602376 0.884445
vt 0.602694 0.890873
vt 0.602377 0.884471
vt 0.602633 0.872139
vt 0.602716 0.875382
vt 0.602603 0.893321
vt 0.584376 0.870335
vt 0.584797 0.870335
vt 0.584323 0.870335
vt 0.590825 0.822647
vt 0.590920 0.822647
vt 0.584710 0.870335
vt 0.584273 0.870335
vt 0.590856 0.859961
vt 0.590922 0.859961
vt 0.590832 0.859961
vt 0.591042 0.859961
vt 0.591005 0.859961
vt 0.584327 0.870335
vt 0.584357 0.825693
vt 0.584803 0.870335
vt 0.584778 0.825693
vt 0.584537 0.870335
vt 0.584543 0.914976
vt 0.584703 0.870335
vt 0.584690 0.825693
vt 0.584851 0.870335
vt 0.584821 0.914976
vt 0.584253 0.870335
vt 0.584291 0.914976
vt 0.584463 0.870335
vt 0.584477 0.914976
vt 0.584919 0.870335
vt 0.584882 0.825693
vt 0.584901 0.870335
vt 0.584865 0.914976
vt 0.584270 0.870335
vt 0.584306 0.825693
vt 0.602199 0.914169
vt 0.602259 0.895366
vt 0.602200 0.914171
vt 0.602258 0.895397
vt 0.602507 0.901988
vt 0.602176 0.898670
vt 0.602516 0.907643
vt 0.602473 0.912806
vt 0.602142 0.909488
vt 0.591029 0.822647
vt 0.584993 0.870335
vt 0.591105 0.839548
vt 0.590964 0.859961
vt 0.591032 0.859961
vt 0.591097 0.859961
vt 0.591136 0.859961
vt 0.585206 0.825693
vt 0.584819 0.870335
vt 0.584831 0.914976
vt 0.584603 0.870335
vt 0.584639 0.914976
vt 0.584592 0.870335
vt 0.584629 0.825693
vt 0.585029 0.870335
vt 0.585017 0.914976
vt 0.584862 0.870335
vt 0.584869 0.825693
vt 0.584986 0.870335
vt 0.584978 0.825693
vt 0.585149 0.870335
vt 0.585124 0.914976
s 0
usemtl Texture_Map
f 21/1/1 4/2/1 5/3/1
f 23/4/1 19/5/1 22/6/1
f 2/7/1 3/8/1 18/9/1
f 25/10/2 29/11/2 32/12/2
f 8/13/2 9/14/2 30/15/2
f 33/16/2 10/17/2 11/18/2
f 26/19/2 34/20/2 35/21/2
f 16/22/1 20/23/1 13/24/1
f 38/25/3 15/26/3 18/9/3
f 43/27/4 35/21/4 34/20/4
f 16/22/5 38/25/5 17/28/5
f 46/29/6 31/30/6 26/19/6
f 20/23/3 39/31/3 13/24/3
f 32/12/4 46/29/4 25/10/4
f 39/31/5 19/5/5 14/32/5
f 48/33/4 27/34/4 30/15/4
f 42/35/3 23/4/3 22/6/3
f 47/36/6 29/11/6 28/37/6
f 24/38/5 42/35/5 21/1/5
f 36/39/6 43/27/6 33/16/6
f 177/40/7 67/41/7 66/42/7
f 174/43/8 61/44/8 60/45/8
f 52/46/9 171/47/9 53/48/9
f 72/49/10 170/50/10 49/51/10
f 185/52/11 79/53/11 82/54/11
f 192/55/12 93/56/12 96/57/12
f 182/58/13 95/59/13 74/60/13
f 178/61/14 69/62/14 68/63/14
f 64/64/15 177/40/15 65/65/15
f 173/66/16 59/67/16 58/68/16
f 76/69/17 182/58/17 73/70/17
f 102/71/18 105/72/18 107/73/18
f 84/74/19 185/52/19 81/75/19
f 90/76/20 188/77/20 87/78/20
f 191/79/21 91/80/21 94/81/21
f 184/82/22 77/83/22 80/84/22
f 76/85/23 135/86/23 140/87/23
f 86/88/24 186/89/24 83/90/24
f 190/91/25 89/92/25 92/93/25
f 54/94/26 172/95/26 55/96/26
f 179/97/27 71/98/27 70/99/27
f 56/100/28 173/66/28 57/101/28
f 175/102/29 63/103/29 62/104/29
f 136/105/30 132/106/30 137/107/30
f 123/108/31 131/109/31 128/110/31
f 115/111/32 155/112/32 152/113/32
f 116/114/33 114/115/33 119/116/33
f 103/117/34 149/118/34 146/119/34
f 99/120/35 107/73/35 104/121/35
f 150/122/36 165/123/36 167/124/36
f 169/125/37 221/126/37 216/127/37
f 144/128/38 159/129/38 161/130/38
f 145/131/39 167/124/39 164/132/39
f 132/106/40 133/133/40 137/107/40
f 138/134/41 141/135/41 143/136/41
f 120/137/42 153/138/42 155/112/42
f 126/139/43 129/140/43 131/109/43
f 108/141/44 147/142/44 149/118/44
f 114/115/45 117/143/45 119/116/45
f 158/144/46 144/128/46 161/130/46
f 140/87/47 138/134/47 143/136/47
f 163/145/48 125/146/48 124/147/48
f 168/148/49 121/149/49 125/146/49
f 112/150/50 162/151/50 113/152/50
f 162/151/51 109/153/51 113/152/51
f 100/154/52 156/155/52 101/156/52
f 101/156/53 154/157/53 97/158/53
f 188/77/54 85/159/54 88/160/54
f 177/40/55 198/161/55 178/61/55
f 174/43/56 209/162/56 175/102/56
f 172/95/57 204/163/57 203/164/57
f 171/47/58 216/127/58 204/163/58
f 200/165/59 185/52/59 223/166/59
f 194/167/60 192/55/60 219/168/60
f 201/169/61 181/170/61 183/171/61
f 179/97/62 198/161/62 197/172/62
f 176/173/63 213/174/63 177/40/63
f 173/66/64 210/175/64 174/43/64
f 218/176/65 181/170/65 214/177/65
f 207/178/66 185/52/66 186/89/66
f 211/179/67 188/77/67 189/180/67
f 195/181/68 191/79/68 194/167/68
f 219/168/69 182/58/69 218/176/69
f 201/169/70 184/82/70 200/165/70
f 206/182/71 186/89/71 187/183/71
f 211/179/72 190/91/72 195/181/72
f 180/184/73 221/126/73 170/50/73
f 180/184/74 197/172/74 222/185/74
f 173/66/75 203/164/75 225/186/75
f 176/173/76 209/162/76 228/187/76
f 206/182/77 188/77/77 226/188/77
f 69/189/78 166/190/78 68/191/78
f 109/153/79 54/94/79 55/96/79
f 86/88/80 151/192/80 100/154/80
f 71/98/81 122/193/81 70/99/81
f 117/143/82 56/100/82 57/101/82
f 104/121/83 85/194/83 99/120/83
f 133/133/84 72/49/84 49/51/84
f 59/195/85 118/196/85 58/197/85
f 90/76/86 103/117/86 146/119/86
f 136/105/87 95/59/87 127/198/87
f 97/158/88 60/45/88 61/44/88
f 164/132/89 89/92/89 145/131/89
f 78/199/90 139/200/90 158/144/90
f 105/72/91 62/201/91 63/202/91
f 94/203/92 163/145/92 124/147/92
f 112/150/93 77/83/93 157/204/93
f 147/142/94 64/64/94 65/65/94
f 128/110/95 93/56/95 123/108/95
f 51/205/96 134/206/96 50/207/96
f 82/54/97 111/208/97 116/114/97
f 165/123/98 66/42/98 67/41/98
f 183/171/99 75/209/99 78/199/99
f 159/129/100 52/46/100 53/48/100
f 152/113/101 81/210/101 115/111/101
f 227/211/102 228/187/102 106/212/102
f 227/211/103 226/188/103 104/213/103
f 224/214/104 225/186/104 118/215/104
f 224/214/105 223/166/105 116/114/105
f 220/216/106 222/185/106 130/217/106
f 220/216/107 219/168/107 128/110/107
f 217/218/108 218/176/108 136/105/108
f 217/218/109 221/126/109 134/219/109
f 215/220/110 216/127/110 142/221/110
f 215/220/111 214/177/111 140/222/111
f 212/223/112 213/174/112 148/224/112
f 212/223/113 211/179/113 146/119/113
f 208/225/114 210/175/114 154/157/114
f 208/225/115 207/178/115 152/226/115
f 205/227/116 206/182/116 100/154/116
f 205/227/117 209/162/117 98/228/117
f 202/229/118 204/163/118 160/230/118
f 202/229/119 201/169/119 158/144/119
f 199/231/120 200/165/120 112/150/120
f 199/231/121 203/164/121 110/232/121
f 196/233/122 198/161/122 166/234/122
f 196/233/123 195/181/123 164/132/123
f 193/235/124 194/167/124 124/236/124
f 193/235/125 197/172/125 122/193/125
f 50/237/126 169/125/126 51/238/126
f 230/239/127 232/240/127 229/241/127
f 235/242/128 233/243/128 234/244/128
f 238/245/129 240/246/129 237/247/129
f 243/248/130 241/249/130 242/250/130
f 246/251/131 248/252/131 245/253/131
f 251/254/132 249/255/132 250/256/132
f 253/257/133 232/240/133 231/258/133
f 234/244/134 255/259/134 256/260/134
f 257/261/135 240/246/135 239/262/135
f 242/250/136 259/263/136 260/264/136
f 263/265/137 261/266/137 262/267/137
f 266/268/138 268/269/138 265/270/138
f 247/271/139 270/272/139 248/252/139
f 250/256/140 271/273/140 272/274/140
f 273/275/141 254/276/141 253/257/141
f 256/260/142 275/277/142 276/278/142
f 262/267/143 258/279/143 257/261/143
f 260/264/144 268/269/144 267/280/144
f 230/239/145 264/281/145 263/265/145
f 235/242/146 265/270/146 236/282/146
f 238/245/147 270/272/147 269/283/147
f 272/274/148 244/284/148 243/248/148
f 246/251/149 274/285/149 273/275/149
f 276/278/150 252/286/150 251/254/150
f 279/287/151 277/288/151 278/289/151
f 282/290/152 284/291/152 281/292/152
f 286/293/153 288/294/153 285/295/153
f 290/296/154 292/297/154 289/298/154
f 293/299/155 280/300/155 279/287/155
f 283/301/156 296/302/156 284/291/156
f 290/296/157 288/294/157 287/303/157
f 297/304/158 292/297/158 291/305/158
f 299/306/159 294/307/159 293/299/159
f 278/289/160 296/302/160 295/308/160
f 297/304/161 281/292/161 298/309/161
f 299/306/162 285/295/162 300/310/162
f 303/311/163 301/312/163 302/313/163
f 306/314/164 308/315/164 305/316/164
f 311/317/165 309/318/165 310/319/165
f 314/320/166 316/321/166 313/322/166
f 317/323/167 304/324/167 303/311/167
f 319/325/168 308/315/168 307/326/168
f 311/317/169 313/322/169 312/327/169
f 315/328/170 322/329/170 316/321/170
f 323/330/171 318/331/171 317/323/171
f 302/313/172 320/332/172 319/325/172
f 321/333/173 305/316/173 322/329/173
f 310/319/174 324/334/174 323/330/174
f 240/246/2 261/266/2 229/241/2
f 308/315/1 301/312/1 309/318/1
f 291/305/2 287/303/2 279/287/2
f 257/261/1 247/271/1 231/258/1
f 306/314/2 311/317/2 303/311/2
f 285/295/1 298/309/1 277/288/1
f 265/270/1 259/263/1 249/255/1
f 256/260/2 251/254/2 242/250/2
f 345/335/1 328/336/1 329/337/1
f 347/338/1 343/339/1 346/340/1
f 326/341/1 327/342/1 342/343/1
f 352/344/2 356/345/2 349/346/2
f 332/347/2 333/348/2 354/349/2
f 357/350/2 334/351/2 335/352/2
f 350/353/2 358/354/2 359/355/2
f 337/356/1 341/357/1 344/358/1
f 342/343/175 361/359/175 339/360/175
f 367/361/176 359/355/176 358/354/176
f 361/359/177 341/357/177 340/362/177
f 350/353/178 369/363/178 355/364/178
f 364/365/175 337/356/175 344/358/175
f 369/363/176 349/346/176 356/345/176
f 363/366/177 343/339/177 338/367/177
f 354/349/176 371/368/176 351/369/176
f 346/340/175 365/370/175 347/338/175
f 371/368/178 353/371/178 352/344/178
f 365/370/177 345/335/177 348/372/177
f 360/373/178 367/361/178 357/350/178
f 501/374/179 391/375/179 390/376/179
f 498/377/180 385/378/180 384/379/180
f 493/380/181 377/379/181 376/378/181
f 396/381/182 494/382/182 373/383/182
f 406/384/183 508/385/183 403/384/183
f 420/386/184 515/387/184 417/388/184
f 398/389/185 516/390/185 419/391/185
f 502/392/186 393/49/186 392/49/186
f 500/382/187 389/381/187 388/383/187
f 382/393/188 498/377/188 383/394/188
f 400/395/189 506/396/189 397/397/189
f 426/398/190 429/399/190 431/400/190
f 510/401/191 405/402/191 408/403/191
f 414/391/192 512/396/192 411/389/192
f 515/387/193 415/59/193 418/59/193
f 508/385/194 401/403/194 404/402/194
f 400/395/195 459/404/195 464/405/195
f 511/406/196 407/407/196 410/408/196
f 416/388/197 513/390/197 413/386/197
f 495/377/198 379/393/198 378/394/198
f 394/375/199 504/374/199 395/376/199
f 380/409/200 497/410/200 381/409/200
f 499/380/201 387/411/201 386/412/201
f 451/413/202 461/414/202 460/415/202
f 447/416/203 455/417/203 452/418/203
f 476/419/204 444/420/204 479/421/204
f 435/422/205 443/423/205 440/422/205
f 427/415/206 473/424/206 470/413/206
f 423/405/207 431/400/207 428/404/207
f 491/425/208 472/426/208 489/427/208
f 494/382/209 540/428/209 493/380/209
f 468/429/210 483/430/210 485/431/210
f 469/432/211 491/425/211 488/433/211
f 456/424/212 457/434/212 461/414/212
f 462/435/213 465/436/213 467/398/213
f 444/420/214 477/437/214 479/421/214
f 455/417/215 446/438/215 453/439/215
f 432/440/216 471/441/216 473/424/216
f 438/423/217 441/442/217 443/423/217
f 463/443/218 485/431/218 482/444/218
f 459/404/219 467/398/219 464/405/219
f 487/445/220 449/446/220 448/445/220
f 492/446/221 445/447/221 449/446/221
f 481/419/222 437/420/222 436/448/222
f 486/421/223 433/449/223 437/420/223
f 475/444/224 425/429/224 424/443/224
f 480/431/225 421/450/225 425/429/225
f 512/396/226 409/395/226 412/397/226
f 501/374/227 522/451/227 502/392/227
f 498/377/228 533/428/228 499/380/228
f 495/377/229 527/452/229 496/410/229
f 493/380/230 528/453/230 495/377/230
f 547/454/231 508/385/231 509/385/231
f 543/455/232 515/387/232 516/390/232
f 525/456/233 505/406/233 507/401/233
f 502/392/234 521/451/234 503/392/234
f 501/374/235 552/457/235 537/458/235
f 498/377/236 549/452/236 534/453/236
f 542/459/237 505/406/237 538/460/237
f 547/454/238 510/401/238 531/461/238
f 535/455/239 512/396/239 513/390/239
f 518/462/240 514/387/240 515/387/240
f 542/459/241 516/390/241 506/396/241
f 524/454/242 507/401/242 508/385/242
f 530/463/243 510/401/243 511/406/243
f 519/464/244 513/390/244 514/387/244
f 504/374/245 545/457/245 494/382/245
f 503/392/246 546/458/246 504/374/246
f 497/410/247 527/452/247 549/452/247
f 500/382/248 533/428/248 552/457/248
f 550/459/249 511/406/249 512/396/249
f 393/49/250 490/447/250 392/49/250
f 433/449/251 378/394/251 379/393/251
f 410/465/252 475/444/252 424/443/252
f 453/439/253 394/375/253 395/376/253
f 441/442/254 380/466/254 381/466/254
f 428/404/255 409/395/255 423/405/255
f 457/434/256 396/381/256 373/383/256
f 477/437/257 382/393/257 383/394/257
f 414/391/258 427/415/258 470/413/258
f 398/389/259 451/413/259 460/415/259
f 421/450/260 384/467/260 385/468/260
f 416/469/261 469/432/261 488/433/261
f 402/470/262 463/443/262 482/444/262
f 387/411/263 422/436/263 386/412/263
f 448/445/264 415/59/264 487/445/264
f 436/448/265 401/403/265 481/419/265
f 471/441/266 388/383/266 389/381/266
f 420/386/267 447/416/267 452/418/267
f 375/412/268 458/399/268 374/411/268
f 406/471/269 435/422/269 440/422/269
f 391/472/270 472/426/270 390/473/270
f 402/407/271 505/406/271 399/408/271
f 377/467/272 466/450/272 376/468/272
f 408/403/273 439/448/273 476/419/273
f 551/474/274 552/457/274 430/434/274
f 551/474/275 550/459/275 428/404/275
f 548/475/276 549/452/276 442/449/276
f 548/475/277 547/454/277 440/476/277
f 544/477/278 546/458/278 454/441/278
f 544/477/279 543/455/279 452/418/279
f 541/478/280 542/459/280 460/415/280
f 541/478/281 545/457/281 458/399/281
f 539/479/282 540/428/282 466/480/282
f 539/479/283 538/460/283 464/405/283
f 536/477/284 537/458/284 472/439/284
f 536/477/285 535/455/285 470/413/285
f 532/481/286 534/453/286 478/482/286
f 532/481/287 531/461/287 476/419/287
f 529/479/288 530/463/288 424/483/288
f 529/479/289 533/428/289 422/436/289
f 526/481/290 528/453/290 484/437/290
f 526/481/291 525/456/291 482/484/291
f 523/485/292 524/454/292 436/448/292
f 523/485/293 527/452/293 434/486/293
f 520/487/294 522/451/294 490/447/294
f 520/487/295 519/464/295 488/416/295
f 517/487/296 518/462/296 448/445/296
f 517/487/297 521/451/297 446/438/297
f 494/382/298 375/412/298 374/411/298
f 554/488/299 556/489/299 553/489/299
f 559/490/300 557/491/300 558/490/300
f 562/492/301 564/493/301 561/494/301
f 566/495/302 568/496/302 565/497/302
f 571/498/303 569/499/303 570/500/303
f 574/495/304 576/501/304 573/497/304
f 555/488/305 578/502/305 556/489/305
f 580/503/306 557/491/306 579/504/306
f 581/500/307 564/493/307 563/498/307
f 584/505/308 565/497/308 583/506/308
f 586/507/309 588/502/309 585/508/309
f 591/509/310 589/504/310 590/503/310
f 593/492/311 572/493/311 571/498/311
f 574/495/312 595/496/312 596/510/312
f 597/507/313 578/502/313 577/511/313
f 600/509/314 579/504/314 599/512/314
f 586/507/315 582/499/315 581/500/315
f 591/509/316 583/506/316 592/513/316
f 587/511/317 553/489/317 588/502/317
f 590/503/318 560/491/318 559/490/318
f 562/492/319 594/494/319 593/492/319
f 567/510/320 595/496/320 568/496/320
f 570/500/321 598/508/321 597/507/321
f 600/509/322 576/501/322 575/505/322
f 602/514/323 604/515/323 601/516/323
f 606/517/324 608/518/324 605/518/324
f 611/519/325 609/520/325 610/521/325
f 614/522/326 616/516/326 613/515/326
f 617/519/327 604/515/327 603/522/327
f 619/523/328 608/518/328 607/517/328
f 611/519/329 613/515/329 612/524/329
f 615/514/330 622/525/330 616/516/330
f 617/519/331 624/520/331 618/524/331
f 619/523/332 601/516/332 620/525/332
f 621/523/333 605/518/333 622/525/333
f 610/521/334 624/520/334 623/521/334
f 627/526/335 625/527/335 626/528/335
f 631/529/336 629/530/336 630/529/336
f 635/531/337 633/532/337 634/533/337
f 638/526/338 640/527/338 637/534/338
f 641/531/339 628/534/339 627/526/339
f 643/535/340 632/530/340 631/529/340
f 635/531/341 637/534/341 636/536/341
f 645/535/342 640/527/342 639/528/342
f 641/531/343 648/532/343 642/536/343
f 626/528/344 644/537/344 643/535/344
f 630/529/345 646/537/345 645/535/345
f 634/533/346 648/532/346 647/533/346
f 585/508/2 553/489/2 569/499/2
f 633/532/1 646/537/1 625/527/1
f 606/517/2 611/519/2 603/522/2
f 581/500/1 571/498/1 555/488/1
f 630/529/2 635/531/2 627/526/2
f 608/518/1 601/516/1 609/520/1
f 568/496/1 573/497/1 557/491/1
f 596/510/2 566/495/2 559/490/2
f 669/538/1 652/539/1 653/540/1
f 671/541/1 667/542/1 670/543/1
f 650/544/1 651/545/1 666/546/1
f 676/547/2 680/548/2 673/549/2
f 656/550/2 657/551/2 678/552/2
f 681/553/2 658/554/2 659/555/2
f 674/556/2 682/557/2 683/558/2
f 661/559/1 665/560/1 668/561/1
f 686/562/347 663/563/347 666/546/347
f 682/557/348 692/564/348 683/558/348
f 664/565/349 686/562/349 665/560/349
f 674/556/350 693/566/350 679/567/350
f 688/568/347 661/559/347 668/561/347
f 693/566/348 673/549/348 680/548/348
f 687/569/349 667/542/349 662/570/349
f 678/552/348 695/571/348 675/572/348
f 690/573/347 671/541/347 670/543/347
f 676/547/350 696/574/350 677/575/350
f 689/576/349 669/538/349 672/577/349
f 684/578/350 691/579/350 681/553/350
f 825/580/351 715/581/351 714/582/351
f 822/583/352 709/584/352 708/585/352
f 817/586/353 701/587/353 700/588/353
f 828/589/354 697/590/354 720/591/354
f 833/592/355 727/593/355 730/594/355
f 744/595/356 839/596/356 741/597/356
f 722/598/357 840/599/357 743/600/357
f 716/601/358 827/602/358 717/603/358
f 824/604/359 713/605/359 712/606/359
f 821/607/360 707/608/360 706/609/360
f 724/610/361 830/611/361 721/612/361
f 750/613/362 753/614/362 755/615/362
f 732/616/363 833/592/363 729/617/363
f 837/618/364 735/619/364 738/620/364
f 742/621/365 838/622/365 739/623/365
f 728/624/366 831/625/366 725/160/366
f 724/610/367 783/626/367 788/627/367
f 734/628/368 834/629/368 731/630/368
f 740/631/369 837/618/369 737/632/369
f 819/633/370 703/634/370 702/103/370
f 718/635/371 828/589/371 719/636/371
f 820/637/372 705/638/372 704/639/372
f 823/640/373 711/641/373 710/642/373
f 775/643/374 785/644/374 784/645/374
f 776/646/375 774/647/375 779/648/375
f 763/649/376 803/650/376 800/651/376
f 764/652/377 762/653/377 767/654/377
f 794/655/378 756/656/378 797/657/378
f 747/658/379 755/615/379 752/659/379
f 815/660/380 796/661/380 813/662/380
f 818/663/381 864/664/381 817/586/381
f 809/665/382 790/666/382 807/667/382
f 812/668/383 798/669/383 815/660/383
f 785/644/384 778/670/384 781/671/384
f 791/672/385 782/673/385 789/674/385
f 803/650/386 766/675/386 801/676/386
f 779/648/387 770/677/387 777/678/387
f 797/657/388 754/679/388 795/680/388
f 767/654/389 758/681/389 765/682/389
f 787/683/390 809/665/390 806/684/390
f 788/627/391 786/685/391 791/672/391
f 811/686/392 773/687/392 772/688/392
f 816/689/393 769/690/393 773/687/393
f 805/691/394 761/692/394 760/693/394
f 810/694/395 757/695/395 761/692/395
f 799/696/396 749/697/396 748/698/396
f 804/699/397 745/700/397 749/697/397
f 836/701/398 733/702/398 736/703/398
f 826/704/399 861/705/399 846/706/399
f 822/583/400 857/707/400 823/640/400
f 819/633/401 851/708/401 820/637/401
f 819/633/402 864/664/402 852/709/402
f 848/710/403 833/592/403 871/711/403
f 842/712/404 840/599/404 867/713/404
f 849/714/405 829/715/405 831/625/405
f 827/602/406 846/706/406 845/716/406
f 824/604/407 861/705/407 825/580/407
f 822/583/408 873/717/408 858/718/408
f 866/719/409 829/715/409 862/720/409
f 855/721/410 833/592/410 834/629/410
f 874/722/411 837/618/411 859/723/411
f 842/712/412 838/622/412 839/596/412
f 866/719/413 840/599/413 830/611/413
f 848/710/414 831/625/414 832/724/414
f 855/721/415 835/725/415 854/726/415
f 859/723/416 838/622/416 843/727/416
f 828/589/417 869/728/417 818/663/417
f 828/589/418 845/716/418 870/729/418
f 820/637/419 873/717/419 821/607/419
f 823/640/420 876/730/420 824/604/420
f 854/726/421 836/701/421 874/722/421
f 717/603/422 814/731/422 716/601/422
f 757/695/423 702/103/423 703/634/423
f 734/732/424 799/696/424 748/698/424
f 719/733/425 770/677/425 718/734/425
f 705/638/426 758/681/426 704/639/426
f 752/659/427 733/702/427 747/658/427
f 781/671/428 720/591/428 697/590/428
f 707/608/429 766/675/429 706/609/429
f 738/620/430 751/735/430 794/655/430
f 784/645/431 743/600/431 775/643/431
f 745/700/432 708/736/432 709/737/432
f 740/738/433 793/739/433 812/668/433
f 806/684/434 723/740/434 787/683/434
f 711/641/435 746/741/435 710/642/435
f 772/688/436 739/623/436 811/686/436
f 760/693/437 725/160/437 805/691/437
f 795/680/438 712/606/438 713/605/438
f 744/742/439 771/743/439 776/646/439
f 699/744/440 782/673/440 698/745/440
f 730/594/441 759/746/441 764/652/441
f 715/747/442 796/661/442 714/748/442
f 726/749/443 829/715/443 723/750/443
f 701/751/444 790/666/444 700/752/444
f 800/651/445 729/617/445 763/649/445
f 875/753/446 876/730/446 754/679/446
f 875/753/447 874/722/447 752/659/447
f 872/754/448 873/717/448 766/675/448
f 872/754/449 871/711/449 764/652/449
f 868/755/450 870/729/450 778/670/450
f 868/755/451 867/713/451 776/756/451
f 865/757/452 866/719/452 784/645/452
f 865/757/453 869/728/453 782/673/453
f 863/758/454 864/664/454 790/759/454
f 863/758/455 862/720/455 788/627/455
f 860/760/456 861/705/456 796/761/456
f 860/760/457 859/723/457 794/655/457
f 856/762/458 858/718/458 802/763/458
f 856/762/459 855/721/459 800/651/459
f 853/764/460 854/726/460 748/765/460
f 853/764/461 857/707/461 746/741/461
f 850/766/462 852/709/462 808/767/462
f 850/766/463 849/714/463 806/768/463
f 847/769/464 848/710/464 760/693/464
f 847/769/465 851/708/465 758/681/465
f 844/770/466 846/706/466 814/731/466
f 844/770/467 843/727/467 812/771/467
f 841/772/468 842/712/468 772/688/468
f 841/772/469 845/716/469 770/773/469
f 818/663/470 699/744/470 698/745/470
f 878/774/471 880/775/471 877/776/471
f 882/777/472 884/778/472 881/779/472
f 886/780/473 888/781/473 885/782/473
f 891/783/474 889/784/474 890/785/474
f 895/786/475 893/787/475 894/788/475
f 899/789/476 897/790/476 898/791/476
f 879/792/477 902/793/477 880/775/477
f 904/794/478 881/779/478 903/795/478
f 887/796/479 906/797/479 888/781/479
f 890/785/480 907/798/480 908/799/480
f 910/800/481 912/801/481 909/802/481
f 915/803/482 913/804/482 914/805/482
f 917/806/483 896/807/483 895/786/483
f 898/791/484 919/808/484 920/809/484
f 901/810/485 922/811/485 902/793/485
f 924/812/486 903/795/486 923/813/486
f 905/814/487 909/802/487 906/797/487
f 915/803/488 907/798/488 916/815/488
f 911/816/489 877/776/489 912/801/489
f 914/805/490 884/778/490 883/817/490
f 886/780/491 918/818/491 917/806/491
f 920/809/492 892/819/492 891/783/492
f 894/788/493 922/811/493 921/820/493
f 899/789/494 923/813/494 900/821/494
f 927/822/495 925/823/495 926/824/495
f 930/825/496 932/826/496 929/827/496
f 935/828/497 933/829/497 934/830/497
f 939/831/498 937/832/498 938/833/498
f 927/822/499 942/834/499 928/835/499
f 931/836/500 944/837/500 932/826/500
f 938/833/501 936/838/501 935/828/501
f 939/831/502 946/839/502 940/840/502
f 941/841/503 948/842/503 942/834/503
f 943/843/504 925/823/504 944/837/504
f 945/844/505 929/827/505 946/839/505
f 934/830/506 948/842/506 947/845/506
f 951/846/507 949/847/507 950/848/507
f 955/849/508 953/850/508 954/851/508
f 959/852/509 957/853/509 958/854/509
f 963/855/510 961/856/510 962/857/510
f 965/858/511 952/859/511 951/846/511
f 967/860/512 956/861/512 955/849/512
f 959/852/513 961/856/513 960/862/513
f 969/863/514 964/864/514 963/855/514
f 971/865/515 966/866/515 965/858/515
f 950/848/516 968/867/516 967/860/516
f 969/863/517 953/850/517 970/868/517
f 958/854/518 972/869/518 971/865/518
f 888/781/2 909/802/2 877/776/2
f 961/856/1 970/868/1 949/847/1
f 947/845/2 927/822/2 930/825/2
f 921/820/1 879/792/1 905/814/1
f 967/860/2 954/851/2 959/852/2
f 946/839/1 932/826/1 925/823/1
f 923/813/1 881/779/1 907/798/1
f 890/785/2 915/803/2 883/817/2
f 993/870/1 976/871/1 977/872/1
f 995/873/1 991/874/1 994/875/1
f 974/876/1 975/877/1 990/878/1
f 997/879/2 1001/880/2 1004/881/2
f 980/882/2 981/883/2 1002/884/2
f 1005/885/2 982/886/2 983/887/2
f 998/888/2 1006/889/2 1007/890/2
f 985/891/1 989/892/1 992/893/1
f 1010/894/519 987/895/519 990/878/519
f 1015/896/520 1007/890/520 1006/889/520
f 1009/897/521 989/892/521 988/898/521
f 1018/899/522 1003/900/522 998/888/522
f 1012/901/519 985/891/519 992/893/519
f 1004/881/520 1018/899/520 997/879/520
f 1011/902/521 991/874/521 986/903/521
f 1002/884/520 1019/904/520 999/905/520
f 1014/906/519 995/873/519 994/875/519
f 1019/904/522 1001/880/522 1000/907/522
f 996/908/521 1014/906/521 993/870/521
f 1016/909/522 1005/885/522 1008/910/522
f 1038/911/523 1150/912/523 1039/913/523
f 1146/914/524 1033/915/524 1032/916/524
f 1141/917/525 1025/918/525 1024/919/525
f 1044/920/526 1142/921/526 1021/922/526
f 1157/923/527 1051/924/527 1054/925/527
f 1068/926/528 1163/927/528 1065/928/528
f 1046/929/529 1164/930/529 1067/931/529
f 1150/912/530 1041/932/530 1040/933/530
f 1036/934/531 1149/935/531 1037/936/531
f 1145/937/532 1031/938/532 1030/939/532
f 1153/940/533 1045/941/533 1048/942/533
f 1074/943/534 1077/944/534 1079/945/534
f 1056/946/535 1157/923/535 1053/947/535
f 1161/948/536 1059/949/536 1062/950/536
f 1163/927/537 1063/951/537 1066/952/537
f 1052/953/538 1155/954/538 1049/955/538
f 1048/942/539 1107/956/539 1112/957/539
f 1159/958/540 1055/959/540 1058/960/540
f 1064/961/541 1161/948/541 1061/962/541
f 1143/963/542 1027/964/542 1026/965/542
f 1042/966/543 1152/967/543 1043/968/543
f 1144/969/544 1029/970/544 1028/971/544
f 1147/972/545 1035/973/545 1034/974/545
f 1108/975/546 1104/976/546 1109/977/546
f 1095/978/547 1103/979/547 1100/980/547
f 1087/981/548 1127/982/548 1124/983/548
f 1088/984/549 1086/985/549 1091/986/549
f 1075/987/550 1121/988/550 1118/989/550
f 1071/990/551 1079/945/551 1076/991/551
f 1122/992/552 1137/993/552 1139/994/552
f 1141/917/553 1193/995/553 1188/996/553
f 1133/997/554 1114/998/554 1131/999/554
f 1117/1000/555 1139/994/555 1136/1001/555
f 1104/976/556 1105/1002/556 1109/977/556
f 1115/1003/557 1106/1004/557 1113/1005/557
f 1127/982/558 1090/1006/558 1125/1007/558
f 1103/979/559 1094/1008/559 1101/1009/559
f 1121/988/560 1078/1010/560 1119/1011/560
f 1086/985/561 1089/1012/561 1091/986/561
f 1130/1013/562 1116/1014/562 1133/997/562
f 1107/956/563 1115/1003/563 1112/957/563
f 1135/1015/564 1097/1016/564 1096/1017/564
f 1097/1016/565 1138/1018/565 1093/1019/565
f 1084/1020/566 1134/1021/566 1085/1022/566
f 1134/1021/567 1081/1023/567 1085/1022/567
f 1123/1024/568 1073/1025/568 1072/1026/568
f 1128/1027/569 1069/1028/569 1073/1025/569
f 1160/1029/570 1057/1030/570 1060/1031/570
f 1149/935/571 1170/1032/571 1150/912/571
f 1146/914/572 1181/1033/572 1147/972/572
f 1143/963/573 1175/1034/573 1144/969/573
f 1141/917/574 1176/1035/574 1143/963/574
f 1172/1036/575 1157/923/575 1195/1037/575
f 1166/1038/576 1164/930/576 1191/1039/576
f 1173/1040/577 1153/940/577 1155/954/577
f 1150/912/578 1169/1041/578 1151/1042/578
f 1149/935/579 1200/1043/579 1185/1044/579
f 1145/937/580 1182/1045/580 1146/914/580
f 1186/1046/581 1154/1047/581 1153/940/581
f 1195/1037/582 1158/1048/582 1179/1049/582
f 1198/1050/583 1161/948/583 1183/1051/583
f 1166/1038/584 1162/1052/584 1163/927/584
f 1191/1039/585 1154/1047/585 1190/1053/585
f 1172/1036/586 1155/954/586 1156/1054/586
f 1179/1049/587 1159/958/587 1178/1055/587
f 1167/1056/588 1161/948/588 1162/1052/588
f 1142/921/589 1194/1057/589 1193/995/589
f 1151/1042/590 1194/1057/590 1152/967/590
f 1144/969/591 1197/1058/591 1145/937/591
f 1147/972/592 1200/1043/592 1148/1059/592
f 1178/1055/593 1160/1029/593 1198/1050/593
f 1041/932/594 1138/1018/594 1040/933/594
f 1081/1023/595 1026/965/595 1027/964/595
f 1058/960/596 1123/1024/596 1072/1026/596
f 1043/968/597 1094/1008/597 1042/966/597
f 1029/1060/598 1082/1061/598 1028/1062/598
f 1076/991/599 1057/1063/599 1071/990/599
f 1105/1002/600 1044/1064/600 1021/1065/600
f 1031/938/601 1090/1006/601 1030/939/601
f 1118/989/602 1059/949/602 1075/987/602
f 1046/1066/603 1099/1067/603 1108/975/603
f 1069/1028/604 1032/916/604 1033/915/604
f 1064/1068/605 1117/1000/605 1136/1001/605
f 1130/1013/606 1047/1069/606 1111/1070/606
f 1035/1071/607 1070/1072/607 1034/1073/607
f 1096/1017/608 1063/951/608 1135/1015/608
f 1052/953/609 1129/1074/609 1084/1020/609
f 1119/1011/610 1036/934/610 1037/936/610
f 1068/926/611 1095/978/611 1100/980/611
f 1023/1075/612 1106/1004/612 1022/1076/612
f 1088/984/613 1051/1077/613 1083/1078/613
f 1137/993/614 1038/1079/614 1039/1080/614
f 1050/1081/615 1153/940/615 1047/1082/615
f 1131/999/616 1024/1083/616 1025/1084/616
f 1056/946/617 1087/981/617 1124/983/617
f 1199/1085/618 1200/1043/618 1078/1010/618
f 1199/1085/619 1198/1050/619 1076/1086/619
f 1196/1087/620 1197/1058/620 1090/1006/620
f 1196/1087/621 1195/1037/621 1088/1088/621
f 1192/1089/622 1194/1057/622 1102/1090/622
f 1192/1089/623 1191/1039/623 1100/980/623
f 1189/1091/624 1190/1053/624 1108/1092/624
f 1189/1091/625 1193/995/625 1106/1004/625
f 1187/1093/626 1188/996/626 1114/1094/626
f 1187/1093/627 1186/1046/627 1112/957/627
f 1184/1095/628 1185/1044/628 1120/1096/628
f 1184/1095/629 1183/1051/629 1118/989/629
f 1180/1097/630 1182/1045/630 1126/1098/630
f 1180/1097/631 1179/1049/631 1124/983/631
f 1177/1099/632 1178/1055/632 1072/1026/632
f 1177/1099/633 1181/1033/633 1070/1100/633
f 1174/1101/634 1176/1035/634 1132/1102/634
f 1174/1101/635 1173/1040/635 1130/1103/635
f 1171/1104/636 1172/1036/636 1084/1020/636
f 1171/1104/637 1175/1034/637 1082/1105/637
f 1168/1106/638 1170/1032/638 1138/1018/638
f 1168/1106/639 1167/1056/639 1136/1107/639
f 1165/1108/640 1166/1038/640 1096/1017/640
f 1165/1108/641 1169/1041/641 1094/1008/641
f 1142/921/642 1023/1075/642 1022/1076/642
f 1202/1109/643 1204/1110/643 1201/1111/643
f 1206/1112/644 1208/1113/644 1205/1114/644
f 1210/1115/645 1212/1116/645 1209/1117/645
f 1215/1118/646 1213/1119/646 1214/1120/646
f 1218/1121/647 1220/1122/647 1217/1123/647
f 1223/1124/648 1221/1125/648 1222/1126/648
f 1203/1127/649 1226/1128/649 1204/1110/649
f 1206/1112/650 1227/1129/650 1228/1130/650
f 1211/1131/651 1230/1132/651 1212/1116/651
f 1232/1133/652 1213/1119/652 1231/1134/652
f 1234/1135/653 1236/1136/653 1233/1137/653
f 1239/1138/654 1237/1139/654 1238/1140/654
f 1219/1141/655 1242/1142/655 1220/1122/655
f 1244/1143/656 1221/1125/656 1243/1144/656
f 1245/1145/657 1226/1128/657 1225/1146/657
f 1228/1130/658 1247/1147/658 1248/1148/658
f 1229/1149/659 1233/1137/659 1230/1132/659
f 1239/1138/660 1231/1134/660 1240/1150/660
f 1235/1151/661 1201/1111/661 1236/1136/661
f 1238/1140/662 1208/1113/662 1207/1152/662
f 1241/1153/663 1209/1117/663 1242/1142/663
f 1215/1118/664 1243/1144/664 1216/1154/664
f 1245/1145/665 1217/1123/665 1246/1155/665
f 1248/1148/666 1224/1156/666 1223/1124/666
f 1251/1157/667 1249/1158/667 1250/1159/667
f 1255/1160/668 1253/1161/668 1254/1162/668
f 1258/1163/669 1260/1164/669 1257/1165/669
f 1263/1166/670 1261/1167/670 1262/1168/670
f 1251/1157/671 1266/1169/671 1252/1170/671
f 1267/1171/672 1256/1172/672 1255/1160/672
f 1259/1173/673 1261/1167/673 1260/1164/673
f 1269/1174/674 1264/1175/674 1263/1166/674
f 1265/1176/675 1272/1177/675 1266/1169/675
f 1250/1159/676 1268/1178/676 1267/1171/676
f 1254/1162/677 1270/1179/677 1269/1174/677
f 1271/1180/678 1257/1165/678 1272/1177/678
f 1275/1181/679 1273/1182/679 1274/1183/679
f 1279/1184/680 1277/1185/680 1278/1186/680
f 1283/1187/681 1281/1188/681 1282/1189/681
f 1286/1190/682 1288/1191/682 1285/1192/682
f 1289/1193/683 1276/1194/683 1275/1181/683
f 1291/1195/684 1280/1196/684 1279/1184/684
f 1286/1190/685 1284/1197/685 1283/1187/685
f 1287/1198/686 1294/1199/686 1288/1191/686
f 1289/1193/687 1296/1200/687 1290/1201/687
f 1274/1183/688 1292/1202/688 1291/1195/688
f 1293/1203/689 1277/1185/689 1294/1199/689
f 1282/1189/690 1296/1200/690 1295/1204/690
f 1212/1116/2 1233/1137/2 1201/1111/2
f 1285/1192/1 1294/1199/1 1273/1182/1
f 1254/1162/2 1259/1173/2 1251/1157/2
f 1219/1141/1 1245/1145/1 1203/1127/1
f 1278/1186/2 1283/1187/2 1275/1181/2
f 1266/1169/1 1257/1165/1 1270/1179/1
f 1247/1147/1 1205/1114/1 1231/1134/1
f 1239/1138/2 1207/1152/2 1223/1124/2
f 1317/1205/1 1300/1206/1 1301/1207/1
f 1310/1208/1 1318/1209/1 1319/1210/1
f 1298/1211/1 1299/1212/1 1314/1213/1
f 1324/1214/2 1328/1215/2 1321/1216/2
f 1304/1217/2 1305/1218/2 1326/1219/2
f 1329/1220/2 1306/1221/2 1307/1222/2
f 1322/1223/2 1330/1224/2 1331/1225/2
f 1309/1226/1 1313/1227/1 1316/1228/1
f 1314/1213/691 1333/1229/691 1311/1230/691
f 1339/1231/692 1331/1225/692 1330/1224/692
f 1333/1229/693 1313/1227/693 1312/1232/693
f 1342/1233/694 1327/1234/694 1322/1223/694
f 1316/1228/691 1335/1235/691 1309/1226/691
f 1328/1215/692 1342/1233/692 1321/1216/692
f 1310/1208/693 1336/1236/693 1315/1237/693
f 1326/1219/692 1343/1238/692 1323/1239/692
f 1338/1240/691 1319/1210/691 1318/1209/691
f 1343/1238/694 1325/1241/694 1324/1214/694
f 1320/1242/693 1338/1240/693 1317/1205/693
f 1332/1243/694 1339/1231/694 1329/1220/694
f 1362/1244/27 1474/1245/27 1363/1246/27
f 1356/1247/15 1471/1248/15 1357/1249/15
f 1348/1250/695 1467/1251/695 1349/1252/695
f 1368/1253/9 1466/1254/9 1345/1255/9
f 1481/1256/24 1375/1257/24 1378/1258/24
f 1392/1259/696 1487/1260/696 1389/1261/696
f 1370/1262/99 1488/1263/99 1391/1264/99
f 1364/1265/10 1475/1266/10 1365/1267/10
f 1472/1268/697 1361/1269/697 1360/1270/697
f 1354/1271/698 1470/1272/698 1355/1273/698
f 1372/1274/22 1478/1275/22 1369/1276/22
f 1398/1277/699 1401/1278/699 1403/1279/699
f 1482/1280/700 1377/1281/700 1380/1282/700
f 1386/1283/701 1484/1284/701 1383/1285/701
f 1487/1260/13 1387/1286/13 1390/1287/13
f 1376/1288/19 1479/1289/19 1373/1290/19
f 1372/1274/702 1431/1291/702 1436/1292/702
f 1483/1293/20 1379/1294/20 1382/1295/20
f 1388/1296/12 1485/1297/12 1385/1298/12
f 1467/1251/16 1351/1299/16 1350/1300/16
f 1475/1266/703 1367/1301/703 1366/1302/703
f 1468/1303/8 1353/1304/8 1352/1305/8
f 1471/1248/7 1359/1306/7 1358/1307/7
f 1432/1308/704 1428/1309/704 1433/1310/704
f 1424/1311/705 1422/1312/705 1427/1313/705
f 1411/1314/706 1451/1315/706 1448/1316/706
f 1412/1317/707 1410/1318/707 1415/1319/707
f 1399/1320/708 1445/1321/708 1442/1322/708
f 1395/1323/709 1403/1279/709 1400/1324/709
f 1446/1325/710 1461/1326/710 1463/1327/710
f 1465/1328/711 1517/1329/711 1512/1330/711
f 1440/1331/712 1455/1332/712 1457/1333/712
f 1460/1334/713 1446/1325/713 1463/1327/713
f 1428/1309/714 1429/1335/714 1433/1310/714
f 1434/1336/715 1437/1337/715 1439/1338/715
f 1416/1339/716 1449/1340/716 1451/1315/716
f 1427/1313/717 1418/1341/717 1425/1342/717
f 1404/1343/718 1443/1344/718 1445/1321/718
f 1410/1318/719 1413/1345/719 1415/1319/719
f 1454/1346/720 1440/1331/720 1457/1333/720
f 1431/1291/721 1439/1338/721 1436/1292/721
f 1459/1347/722 1421/1348/722 1420/1349/722
f 1421/1348/723 1462/1350/723 1417/1351/723
f 1453/1352/724 1409/1353/724 1408/1354/724
f 1409/1353/725 1456/1355/725 1405/1356/725
f 1447/1357/726 1397/1358/726 1396/1359/726
f 1452/1360/727 1393/1361/727 1397/1358/727
f 1484/1284/25 1381/1362/25 1384/1363/25
f 1474/1245/728 1509/1364/728 1494/1365/728
f 1470/1272/729 1505/1366/729 1471/1248/729
f 1467/1251/730 1499/1367/730 1468/1303/730
f 1465/1328/731 1500/1368/731 1467/1251/731
f 1496/1369/732 1481/1256/732 1519/1370/732
f 1490/1371/733 1488/1263/733 1515/1372/733
f 1497/1373/734 1477/1374/734 1479/1289/734
f 1475/1266/735 1494/1365/735 1493/1375/735
f 1473/1376/736 1524/1377/736 1509/1364/736
f 1470/1272/737 1521/1378/737 1506/1379/737
f 1510/1380/738 1478/1275/738 1477/1374/738
f 1519/1370/739 1482/1280/739 1503/1381/739
f 1522/1382/740 1485/1297/740 1507/1383/740
f 1490/1371/741 1486/1384/741 1487/1260/741
f 1515/1372/742 1478/1275/742 1514/1385/742
f 1497/1373/743 1480/1386/743 1496/1369/743
f 1503/1381/744 1483/1293/744 1502/1387/744
f 1491/1388/745 1485/1297/745 1486/1384/745
f 1476/1389/746 1517/1329/746 1466/1254/746
f 1475/1266/747 1518/1390/747 1476/1389/747
f 1469/1391/748 1499/1367/748 1521/1378/748
f 1471/1248/749 1524/1377/749 1472/1268/749
f 1502/1387/750 1484/1284/750 1522/1382/750
f 1365/1267/751 1462/1350/751 1364/1265/751
f 1405/1356/752 1350/1392/752 1351/1393/752
f 1382/1394/753 1447/1357/753 1396/1359/753
f 1367/1395/754 1418/1341/754 1366/1396/754
f 1413/1345/755 1352/1305/755 1353/1304/755
f 1384/1363/756 1395/1323/756 1400/1324/756
f 1429/1335/757 1368/1253/757 1345/1255/757
f 1449/1340/758 1354/1271/758 1355/1273/758
f 1386/1283/759 1399/1320/759 1442/1322/759
f 1370/1262/760 1423/1397/760 1432/1308/760
f 1357/1398/761 1450/1399/761 1356/1400/761
f 1388/1401/762 1441/1402/762 1460/1334/762
f 1454/1346/763 1371/1403/763 1435/1404/763
f 1401/1278/764 1358/1307/764 1359/1306/764
f 1420/1349/765 1387/1286/765 1459/1347/765
f 1376/1405/766 1453/1352/766 1408/1354/766
f 1361/1269/767 1402/1406/767 1360/1270/767
f 1392/1407/768 1419/1408/768 1424/1311/768
f 1347/1409/769 1430/1410/769 1346/1411/769
f 1412/1317/770 1375/1257/770 1407/1412/770
f 1461/1326/771 1362/1413/771 1363/1414/771
f 1479/1289/772 1371/1403/772 1374/1415/772
f 1455/1332/773 1348/1250/773 1349/1252/773
f 1448/1316/774 1377/1281/774 1411/1314/774
f 1523/1416/775 1524/1377/775 1402/1406/775
f 1523/1416/776 1522/1382/776 1400/1324/776
f 1520/1417/777 1521/1378/777 1414/1418/777
f 1520/1417/778 1519/1370/778 1412/1317/778
f 1516/1419/779 1518/1390/779 1426/1420/779
f 1516/1419/780 1515/1372/780 1424/1421/780
f 1513/1422/781 1514/1385/781 1432/1308/781
f 1513/1422/782 1517/1329/782 1430/1410/782
f 1511/1423/783 1512/1330/783 1438/1424/783
f 1511/1423/784 1510/1380/784 1436/1292/784
f 1508/1425/785 1509/1364/785 1444/1426/785
f 1508/1425/786 1507/1383/786 1442/1322/786
f 1504/1427/787 1506/1379/787 1450/1428/787
f 1504/1427/788 1503/1381/788 1448/1316/788
f 1501/1315/789 1502/1387/789 1396/1429/789
f 1501/1315/790 1505/1366/790 1394/1430/790
f 1498/1431/791 1500/1368/791 1456/1432/791
f 1498/1431/792 1497/1373/792 1454/1346/792
f 1495/1433/793 1496/1369/793 1408/1434/793
f 1495/1433/794 1499/1367/794 1406/1435/794
f 1492/1436/795 1494/1365/795 1462/1350/795
f 1492/1436/796 1491/1388/796 1460/1437/796
f 1489/1438/797 1490/1371/797 1420/1349/797
f 1489/1438/798 1493/1375/798 1418/1439/798
f 1466/1254/26 1347/1409/26 1346/1411/26
f 1526/1440/799 1528/1441/799 1525/1442/799
f 1531/1443/800 1529/1444/800 1530/1445/800
f 1534/1446/801 1536/1447/801 1533/1448/801
f 1538/1449/802 1540/1450/802 1537/1451/802
f 1543/1452/803 1541/1453/803 1542/1454/803
f 1547/1455/804 1545/1456/804 1546/1457/804
f 1527/1458/805 1550/1459/805 1528/1441/805
f 1530/1445/806 1551/1460/806 1552/1461/806
f 1535/1462/807 1554/1463/807 1536/1447/807
f 1556/1464/808 1537/1451/808 1555/1465/808
f 1559/1466/809 1557/1467/809 1558/1468/809
f 1563/1469/810 1561/1470/810 1562/1471/810
f 1543/1452/811 1566/1472/811 1544/1473/811
f 1546/1457/812 1567/1474/812 1568/1475/812
f 1569/1476/813 1550/1459/813 1549/1477/813
f 1552/1461/814 1571/1478/814 1572/1479/814
f 1558/1468/815 1554/1463/815 1553/1480/815
f 1556/1464/816 1564/1481/816 1563/1469/816
f 1559/1466/817 1525/1442/817 1560/1482/817
f 1562/1471/818 1532/1483/818 1531/1443/818
f 1565/1484/819 1533/1448/819 1566/1472/819
f 1568/1475/820 1540/1450/820 1539/1485/820
f 1542/1454/821 1570/1486/821 1569/1476/821
f 1572/1479/822 1548/1487/822 1547/1455/822
f 1575/1488/823 1573/1489/823 1574/1490/823
f 1578/1491/824 1580/1492/824 1577/1493/824
f 1583/1494/825 1581/1495/825 1582/1496/825
f 1586/1497/826 1588/1498/826 1585/1499/826
f 1589/1500/827 1576/1501/827 1575/1488/827
f 1591/1502/828 1580/1492/828 1579/1503/828
f 1586/1497/829 1584/1504/829 1583/1494/829
f 1587/1505/830 1594/1506/830 1588/1498/830
f 1595/1507/831 1590/1508/831 1589/1500/831
f 1574/1490/832 1592/1509/832 1591/1502/832
f 1593/1510/833 1577/1493/833 1594/1506/833
f 1582/1496/834 1596/1511/834 1595/1507/834
f 1599/1512/835 1597/1513/835 1598/1514/835
f 1602/1515/836 1604/1516/836 1601/1517/836
f 1606/1518/837 1608/1519/837 1605/1520/837
f 1610/1521/838 1612/1522/838 1609/1523/838
f 1613/1524/839 1600/1525/839 1599/1512/839
f 1603/1526/840 1616/1527/840 1604/1516/840
f 1607/1528/841 1609/1523/841 1608/1519/841
f 1611/1529/842 1618/1530/842 1612/1522/842
f 1619/1531/843 1614/1532/843 1613/1524/843
f 1598/1514/844 1616/1527/844 1615/1533/844
f 1617/1534/845 1601/1517/845 1618/1530/845
f 1619/1531/846 1605/1520/846 1620/1535/846
f 1541/1453/2 1536/1447/2 1525/1442/2
f 1605/1520/1 1618/1530/1 1597/1513/1
f 1578/1491/2 1583/1494/2 1575/1488/2
f 1543/1452/1 1569/1476/1 1527/1458/1
f 1602/1515/2 1607/1528/2 1599/1512/2
f 1585/1499/1 1594/1506/1 1573/1489/1
f 1555/1465/1 1545/1456/1 1529/1444/1
f 1547/1455/2 1568/1475/2 1538/1449/2
f 5/3/1 6/1536/1 24/38/1
f 24/38/1 21/1/1 5/3/1
f 23/4/1 14/32/1 19/5/1
f 18/9/1 15/26/1 2/7/1
f 15/26/1 1/1537/1 2/7/1
f 25/10/2 28/37/2 29/11/2
f 30/15/2 27/34/2 8/13/2
f 27/34/2 7/1538/2 8/13/2
f 12/1539/2 36/39/2 11/18/2
f 36/39/2 33/16/2 11/18/2
f 26/19/2 31/30/2 34/20/2
f 16/22/1 17/28/1 20/23/1
f 38/25/3 37/1540/3 15/26/3
f 43/27/4 44/1541/4 35/21/4
f 16/22/5 37/1540/5 38/25/5
f 46/29/6 45/1542/6 31/30/6
f 20/23/3 40/1543/3 39/31/3
f 32/12/4 45/1542/4 46/29/4
f 39/31/5 40/1543/5 19/5/5
f 48/33/4 47/36/4 27/34/4
f 42/35/3 41/1544/3 23/4/3
f 47/36/6 48/33/6 29/11/6
f 24/38/5 41/1544/5 42/35/5
f 36/39/6 44/1541/6 43/27/6
f 177/40/7 178/61/7 67/41/7
f 174/43/8 175/102/8 61/44/8
f 52/46/9 169/125/9 171/47/9
f 72/49/10 180/184/10 170/50/10
f 185/52/11 184/82/11 79/53/11
f 192/55/12 191/79/12 93/56/12
f 182/58/13 192/55/13 95/59/13
f 178/61/14 179/97/14 69/62/14
f 64/64/15 176/173/15 177/40/15
f 173/66/847 174/43/847 59/67/847
f 76/69/17 181/170/17 182/58/17
f 102/71/18 98/1545/18 105/72/18
f 84/74/19 186/89/19 185/52/19
f 90/76/20 189/180/20 188/77/20
f 191/79/21 190/91/21 91/80/21
f 184/82/22 183/171/22 77/83/22
f 76/85/23 73/1546/23 135/86/23
f 86/88/24 187/183/24 186/89/24
f 190/91/25 189/180/25 89/92/25
f 54/94/26 171/47/26 172/95/26
f 179/97/27 180/184/27 71/98/27
f 56/100/28 172/95/28 173/66/28
f 175/102/29 176/173/29 63/103/29
f 136/105/30 127/198/30 132/106/30
f 123/108/31 126/139/31 131/109/31
f 115/111/32 120/137/32 155/112/32
f 116/114/33 111/208/33 114/115/33
f 103/117/34 108/141/34 149/118/34
f 99/120/35 102/71/35 107/73/35
f 150/122/36 148/224/36 165/123/36
f 169/125/37 170/50/37 221/126/37
f 144/128/38 142/221/38 159/129/38
f 145/131/39 150/122/39 167/124/39
f 132/106/40 130/217/40 133/133/40
f 138/134/41 134/206/41 141/135/41
f 120/137/42 118/196/42 153/138/42
f 126/139/43 122/193/43 129/140/43
f 108/141/44 106/212/44 147/142/44
f 114/115/45 110/232/45 117/143/45
f 158/144/46 139/200/46 144/128/46
f 140/87/47 135/86/47 138/134/47
f 163/145/48 168/148/48 125/146/48
f 168/148/49 166/190/49 121/149/49
f 112/150/50 157/204/50 162/151/50
f 162/151/51 160/230/51 109/153/51
f 100/154/52 151/192/52 156/155/52
f 101/156/53 156/155/53 154/157/53
f 188/77/54 187/183/54 85/159/54
f 177/40/55 213/174/55 198/161/55
f 174/43/56 210/175/56 209/162/56
f 172/95/57 171/47/57 204/163/57
f 171/47/58 169/125/58 216/127/58
f 200/165/59 184/82/59 185/52/59
f 194/167/60 191/79/60 192/55/60
f 201/169/61 214/177/61 181/170/61
f 179/97/62 178/61/62 198/161/62
f 176/173/63 228/187/63 213/174/63
f 173/66/64 225/186/64 210/175/64
f 218/176/65 182/58/65 181/170/65
f 207/178/66 223/166/66 185/52/66
f 211/179/67 226/188/67 188/77/67
f 195/181/68 190/91/68 191/79/68
f 219/168/69 192/55/69 182/58/69
f 201/169/70 183/171/70 184/82/70
f 206/182/71 207/178/71 186/89/71
f 211/179/72 189/180/72 190/91/72
f 180/184/73 222/185/73 221/126/73
f 180/184/74 179/97/74 197/172/74
f 173/66/75 172/95/75 203/164/75
f 176/173/76 175/102/76 209/162/76
f 206/182/77 187/183/77 188/77/77
f 69/189/78 121/149/78 166/190/78
f 109/153/79 160/230/79 54/94/79
f 86/88/80 83/90/80 151/192/80
f 71/98/81 129/140/81 122/193/81
f 117/143/82 110/232/82 56/100/82
f 104/121/83 88/1547/83 85/194/83
f 133/133/84 130/217/84 72/49/84
f 59/195/85 153/138/85 118/196/85
f 90/76/86 87/78/86 103/117/86
f 136/105/87 74/60/87 95/59/87
f 97/158/88 154/157/88 60/45/88
f 164/132/89 92/93/89 89/92/89
f 78/199/90 75/209/90 139/200/90
f 105/72/91 98/1545/91 62/201/91
f 94/203/92 91/1548/92 163/145/92
f 112/150/93 80/84/93 77/83/93
f 147/142/94 106/212/94 64/64/94
f 128/110/95 96/57/95 93/56/95
f 51/205/96 141/135/96 134/206/96
f 82/54/97 79/53/97 111/208/97
f 165/123/98 148/224/98 66/42/98
f 183/171/99 181/170/99 75/209/99
f 159/129/100 142/221/100 52/46/100
f 152/113/101 84/1549/101 81/210/101
f 108/141/848 103/117/848 227/211/848
f 103/117/849 87/78/849 226/188/849
f 227/211/850 103/117/850 226/188/850
f 87/78/851 188/77/851 226/188/851
f 64/64/852 106/212/852 228/187/852
f 106/212/853 108/141/853 227/211/853
f 228/187/854 176/173/854 64/64/854
f 88/160/855 104/213/855 226/188/855
f 104/213/856 107/1550/856 227/211/856
f 107/1550/857 105/1551/857 227/211/857
f 105/1551/858 63/103/858 228/187/858
f 227/211/859 105/1551/859 228/187/859
f 63/103/860 176/173/860 228/187/860
f 226/188/861 188/77/861 88/160/861
f 120/1552/862 115/1553/862 224/214/862
f 115/1553/863 81/75/863 223/166/863
f 224/214/864 115/1553/864 223/166/864
f 81/75/865 185/52/865 223/166/865
f 58/68/866 118/215/866 225/186/866
f 118/215/867 120/1552/867 224/214/867
f 225/186/868 173/66/868 58/68/868
f 82/54/869 116/114/869 223/166/869
f 116/114/870 119/116/870 224/214/870
f 119/116/871 117/143/871 224/214/871
f 117/143/872 57/101/872 225/186/872
f 224/214/873 117/143/873 225/186/873
f 57/101/874 173/66/874 225/186/874
f 223/166/875 185/52/875 82/54/875
f 132/106/876 127/198/876 220/216/876
f 127/198/877 95/59/877 219/168/877
f 220/216/878 127/198/878 219/168/878
f 95/59/879 192/55/879 219/168/879
f 72/49/880 130/217/880 222/185/880
f 130/217/881 132/106/881 220/216/881
f 222/185/882 180/184/882 72/49/882
f 96/57/883 128/110/883 219/168/883
f 128/110/884 131/109/884 220/216/884
f 131/109/885 129/140/885 220/216/885
f 129/140/886 71/98/886 222/185/886
f 220/216/887 129/140/887 222/185/887
f 71/98/888 180/184/888 222/185/888
f 219/168/889 192/55/889 96/57/889
f 74/60/890 136/105/890 218/176/890
f 136/105/891 137/107/891 217/218/891
f 137/107/892 133/133/892 217/218/892
f 133/133/893 49/51/893 221/126/893
f 217/218/894 133/133/894 221/126/894
f 49/51/895 170/50/895 221/126/895
f 218/176/896 182/58/896 74/60/896
f 138/1554/897 135/1555/897 217/218/897
f 135/1555/898 73/70/898 218/176/898
f 217/218/899 135/1555/899 218/176/899
f 73/70/900 182/58/900 218/176/900
f 50/237/901 134/219/901 221/126/901
f 134/219/902 138/1554/902 217/218/902
f 221/126/903 170/50/903 50/237/903
f 144/128/904 139/200/904 215/220/904
f 139/200/905 75/209/905 214/177/905
f 215/220/906 139/200/906 214/177/906
f 75/209/907 181/170/907 214/177/907
f 52/46/908 142/221/908 216/127/908
f 142/221/909 144/128/909 215/220/909
f 216/127/910 169/125/910 52/46/910
f 76/69/911 140/222/911 214/177/911
f 140/222/912 143/1556/912 215/220/912
f 143/1556/913 141/1557/913 215/220/913
f 141/1557/914 51/238/914 216/127/914
f 215/220/915 141/1557/915 216/127/915
f 51/238/916 169/125/916 216/127/916
f 214/177/917 181/170/917 76/69/917
f 150/122/918 145/131/918 212/223/918
f 145/131/919 89/92/919 211/179/919
f 212/223/920 145/131/920 211/179/920
f 89/92/921 189/180/921 211/179/921
f 66/42/922 148/224/922 213/174/922
f 148/224/923 150/122/923 212/223/923
f 213/174/924 177/40/924 66/42/924
f 90/76/925 146/119/925 211/179/925
f 146/119/926 149/118/926 212/223/926
f 149/118/927 147/142/927 212/223/927
f 147/142/928 65/65/928 213/174/928
f 212/223/929 147/142/929 213/174/929
f 65/65/930 177/40/930 213/174/930
f 211/179/931 189/180/931 90/76/931
f 156/155/932 151/192/932 208/225/932
f 151/192/933 83/90/933 207/178/933
f 208/225/934 151/192/934 207/178/934
f 83/90/935 186/89/935 207/178/935
f 60/45/936 154/157/936 210/175/936
f 154/157/937 156/155/937 208/225/937
f 210/175/938 174/43/938 60/45/938
f 84/74/939 152/226/939 207/178/939
f 152/226/940 155/1558/940 208/225/940
f 155/1558/941 153/1559/941 208/225/941
f 153/1559/942 59/67/942 210/175/942
f 208/225/943 153/1559/943 210/175/943
f 59/67/944 174/43/944 210/175/944
f 207/178/945 186/89/945 84/74/945
f 86/88/946 100/154/946 206/182/946
f 100/154/947 101/156/947 205/227/947
f 101/156/948 97/158/948 205/227/948
f 97/158/949 61/44/949 209/162/949
f 205/227/950 97/158/950 209/162/950
f 61/44/951 175/102/951 209/162/951
f 206/182/952 187/183/952 86/88/952
f 102/1560/953 99/1561/953 205/227/953
f 99/1561/954 85/159/954 206/182/954
f 205/227/955 99/1561/955 206/182/955
f 85/159/956 187/183/956 206/182/956
f 62/104/957 98/228/957 209/162/957
f 98/228/958 102/1560/958 205/227/958
f 209/162/959 175/102/959 62/104/959
f 162/151/960 157/204/960 202/229/960
f 157/204/961 77/83/961 201/169/961
f 202/229/962 157/204/962 201/169/962
f 77/83/963 183/171/963 201/169/963
f 54/94/964 160/230/964 204/163/964
f 160/230/965 162/151/965 202/229/965
f 204/163/966 171/47/966 54/94/966
f 78/199/967 158/144/967 201/169/967
f 158/144/968 161/130/968 202/229/968
f 161/130/969 159/129/969 202/229/969
f 159/129/970 53/48/970 204/163/970
f 202/229/971 159/129/971 204/163/971
f 53/48/972 171/47/972 204/163/972
f 201/169/973 183/171/973 78/199/973
f 80/84/974 112/150/974 200/165/974
f 112/150/975 113/152/975 199/231/975
f 113/152/976 109/153/976 199/231/976
f 109/153/977 55/96/977 203/164/977
f 199/231/978 109/153/978 203/164/978
f 55/96/979 172/95/979 203/164/979
f 200/165/980 184/82/980 80/84/980
f 114/115/981 111/208/981 199/231/981
f 111/208/982 79/53/982 200/165/982
f 199/231/983 111/208/983 200/165/983
f 79/53/984 184/82/984 200/165/984
f 56/100/985 110/232/985 203/164/985
f 110/232/986 114/115/986 199/231/986
f 203/164/987 172/95/987 56/100/987
f 168/1562/988 163/1563/988 196/233/988
f 163/1563/989 91/80/989 195/181/989
f 196/233/990 163/1563/990 195/181/990
f 91/80/991 190/91/991 195/181/991
f 68/63/992 166/234/992 198/161/992
f 166/234/993 168/1562/993 196/233/993
f 198/161/994 178/61/994 68/63/994
f 92/93/995 164/132/995 195/181/995
f 164/132/996 167/124/996 196/233/996
f 167/124/997 165/123/997 196/233/997
f 165/123/998 67/41/998 198/161/998
f 196/233/999 165/123/999 198/161/999
f 67/41/1000 178/61/1000 198/161/1000
f 195/181/1001 190/91/1001 92/93/1001
f 94/81/1002 124/236/1002 194/167/1002
f 124/236/1003 125/1564/1003 193/235/1003
f 125/1564/1004 121/1565/1004 193/235/1004
f 121/1565/1005 69/62/1005 197/172/1005
f 193/235/1006 121/1565/1006 197/172/1006
f 69/62/1007 179/97/1007 197/172/1007
f 194/167/1008 191/79/1008 94/81/1008
f 126/139/1009 123/108/1009 193/235/1009
f 123/108/1010 93/56/1010 194/167/1010
f 193/235/1011 123/108/1011 194/167/1011
f 93/56/1012 191/79/1012 194/167/1012
f 70/99/1013 122/193/1013 197/172/1013
f 122/193/1014 126/139/1014 193/235/1014
f 197/172/1015 179/97/1015 70/99/1015
f 50/237/126 170/50/126 169/125/126
f 230/239/127 231/258/127 232/240/127
f 235/242/1016 236/282/1016 233/243/1016
f 238/245/129 239/262/129 240/246/129
f 243/248/130 244/284/130 241/249/130
f 246/251/131 247/271/131 248/252/131
f 251/254/132 252/286/132 249/255/132
f 253/257/133 254/276/133 232/240/133
f 234/244/134 233/243/134 255/259/134
f 257/261/135 258/279/135 240/246/135
f 242/250/136 241/249/136 259/263/136
f 263/265/137 264/281/137 261/266/137
f 266/268/138 267/280/138 268/269/138
f 247/271/139 269/283/139 270/272/139
f 250/256/140 249/255/140 271/273/140
f 273/275/141 274/285/141 254/276/141
f 256/260/142 255/259/142 275/277/142
f 262/267/143 261/266/143 258/279/143
f 260/264/144 259/263/144 268/269/144
f 230/239/145 229/241/145 264/281/145
f 235/242/146 266/268/146 265/270/146
f 238/245/147 237/247/147 270/272/147
f 272/274/148 271/273/148 244/284/148
f 246/251/149 245/253/149 274/285/149
f 276/278/150 275/277/150 252/286/150
f 279/287/1017 280/300/1017 277/288/1017
f 282/290/152 283/301/152 284/291/152
f 286/293/1018 287/303/1018 288/294/1018
f 290/296/1019 291/305/1019 292/297/1019
f 293/299/155 294/307/155 280/300/155
f 283/301/156 295/308/156 296/302/156
f 290/296/1020 289/298/1020 288/294/1020
f 297/304/158 298/309/158 292/297/158
f 299/306/159 300/310/159 294/307/159
f 278/289/160 277/288/160 296/302/160
f 297/304/161 282/290/161 281/292/161
f 299/306/1021 286/293/1021 285/295/1021
f 303/311/1022 304/324/1022 301/312/1022
f 306/314/164 307/326/164 308/315/164
f 311/317/165 312/327/165 309/318/165
f 314/320/1023 315/328/1023 316/321/1023
f 317/323/167 318/331/167 304/324/167
f 319/325/168 320/332/168 308/315/168
f 311/317/1024 314/320/1024 313/322/1024
f 315/328/170 321/333/170 322/329/170
f 323/330/171 324/334/171 318/331/171
f 302/313/172 301/312/172 320/332/172
f 321/333/173 306/314/173 305/316/173
f 310/319/1025 309/318/1025 324/334/1025
f 229/241/2 232/240/2 254/276/2
f 254/276/2 274/285/2 245/253/2
f 245/253/2 248/252/2 240/246/2
f 248/252/2 270/272/2 240/246/2
f 270/272/2 237/247/2 240/246/2
f 240/246/2 258/279/2 261/266/2
f 261/266/2 264/281/2 229/241/2
f 229/241/2 254/276/2 240/246/2
f 254/276/2 245/253/2 240/246/2
f 301/312/1 304/324/1 309/318/1
f 304/324/1 318/331/1 309/318/1
f 318/331/1 324/334/1 309/318/1
f 309/318/1 312/327/1 313/322/1
f 313/322/1 316/321/1 322/329/1
f 322/329/1 305/316/1 308/315/1
f 308/315/1 320/332/1 301/312/1
f 309/318/1 313/322/1 322/329/1
f 322/329/1 308/315/1 309/318/1
f 279/287/2 278/289/2 295/308/2
f 295/308/2 283/301/2 282/290/2
f 282/290/2 297/304/2 291/305/2
f 291/305/2 290/296/2 287/303/2
f 287/303/2 286/293/2 299/306/2
f 299/306/2 293/299/2 287/303/2
f 293/299/2 279/287/2 287/303/2
f 279/287/2 295/308/2 282/290/2
f 282/290/2 291/305/2 279/287/2
f 231/258/1 230/239/1 257/261/1
f 230/239/1 263/265/1 257/261/1
f 263/265/1 262/267/1 257/261/1
f 257/261/1 239/262/1 238/245/1
f 238/245/1 269/283/1 257/261/1
f 269/283/1 247/271/1 257/261/1
f 247/271/1 246/251/1 273/275/1
f 273/275/1 253/257/1 247/271/1
f 253/257/1 231/258/1 247/271/1
f 303/311/2 302/313/2 319/325/2
f 319/325/2 307/326/2 306/314/2
f 306/314/2 321/333/2 315/328/2
f 315/328/2 314/320/2 311/317/2
f 311/317/2 310/319/2 323/330/2
f 323/330/2 317/323/2 311/317/2
f 317/323/2 303/311/2 311/317/2
f 303/311/2 319/325/2 306/314/2
f 306/314/2 315/328/2 311/317/2
f 277/288/1 280/300/1 285/295/1
f 280/300/1 294/307/1 285/295/1
f 294/307/1 300/310/1 285/295/1
f 285/295/1 288/294/1 289/298/1
f 289/298/1 292/297/1 285/295/1
f 292/297/1 298/309/1 285/295/1
f 298/309/1 281/292/1 284/291/1
f 284/291/1 296/302/1 298/309/1
f 296/302/1 277/288/1 298/309/1
f 233/243/1 236/282/1 265/270/1
f 265/270/1 268/269/1 259/263/1
f 259/263/1 241/249/1 249/255/1
f 241/249/1 244/284/1 249/255/1
f 244/284/1 271/273/1 249/255/1
f 249/255/1 252/286/1 275/277/1
f 275/277/1 255/259/1 249/255/1
f 255/259/1 233/243/1 249/255/1
f 233/243/1 265/270/1 249/255/1
f 235/242/2 234/244/2 256/260/2
f 256/260/2 276/278/2 251/254/2
f 251/254/2 250/256/2 242/250/2
f 250/256/2 272/274/2 242/250/2
f 272/274/2 243/248/2 242/250/2
f 242/250/2 260/264/2 267/280/2
f 267/280/2 266/268/2 242/250/2
f 266/268/2 235/242/2 242/250/2
f 235/242/2 256/260/2 242/250/2
f 329/337/1 330/1566/1 348/372/1
f 348/372/1 345/335/1 329/337/1
f 347/338/1 338/367/1 343/339/1
f 342/343/1 339/360/1 326/341/1
f 339/360/1 325/1567/1 326/341/1
f 352/344/2 353/371/2 356/345/2
f 354/349/2 351/369/2 332/347/2
f 351/369/2 331/1568/2 332/347/2
f 336/1569/2 360/373/2 335/352/2
f 360/373/2 357/350/2 335/352/2
f 350/353/2 355/364/2 358/354/2
f 337/356/1 340/362/1 341/357/1
f 342/343/175 362/1570/175 361/359/175
f 367/361/176 368/1571/176 359/355/176
f 361/359/177 362/1570/177 341/357/177
f 350/353/178 370/1572/178 369/363/178
f 364/365/175 363/366/175 337/356/175
f 369/363/176 370/1572/176 349/346/176
f 363/366/177 364/365/177 343/339/177
f 354/349/176 372/1573/176 371/368/176
f 346/340/175 366/1574/175 365/370/175
f 371/368/178 372/1573/178 353/371/178
f 365/370/177 366/1574/177 345/335/177
f 360/373/178 368/1571/178 367/361/178
f 501/374/179 502/392/179 391/375/179
f 498/377/180 499/380/180 385/378/180
f 493/380/181 495/377/181 377/379/181
f 396/381/182 504/374/182 494/382/182
f 406/384/183 509/385/183 508/385/183
f 420/386/184 516/390/184 515/387/184
f 398/389/185 506/396/185 516/390/185
f 502/392/186 503/392/186 393/49/186
f 500/382/187 501/374/187 389/381/187
f 382/393/188 497/410/188 498/377/188
f 400/395/189 505/406/189 506/396/189
f 426/398/190 422/436/190 429/399/190
f 510/401/191 509/385/191 405/402/191
f 414/391/192 513/390/192 512/396/192
f 515/387/193 514/387/193 415/59/193
f 508/385/194 507/401/194 401/403/194
f 400/395/195 397/397/195 459/404/195
f 511/406/196 510/401/196 407/407/196
f 416/388/197 514/387/197 513/390/197
f 495/377/198 496/410/198 379/393/198
f 394/375/199 503/392/199 504/374/199
f 380/409/200 496/410/200 497/410/200
f 499/380/201 500/382/201 387/411/201
f 451/413/202 456/424/202 461/414/202
f 447/416/203 450/1575/203 455/417/203
f 476/419/204 439/448/204 444/420/204
f 435/422/205 438/423/205 443/423/205
f 427/415/206 432/440/206 473/424/206
f 423/405/207 426/398/207 431/400/207
f 491/425/208 474/1576/208 472/426/208
f 494/382/209 545/457/209 540/428/209
f 468/429/210 466/450/210 483/430/210
f 469/432/211 474/1576/211 491/425/211
f 456/424/212 454/441/212 457/434/212
f 462/435/213 458/399/213 465/436/213
f 444/420/214 442/449/214 477/437/214
f 455/417/215 450/1575/215 446/438/215
f 432/440/216 430/434/216 471/441/216
f 438/423/217 434/442/217 441/442/217
f 463/443/218 468/429/218 485/431/218
f 459/404/219 462/435/219 467/398/219
f 487/445/220 492/446/220 449/446/220
f 492/446/221 490/447/221 445/447/221
f 481/419/222 486/421/222 437/420/222
f 486/421/223 484/437/223 433/449/223
f 475/444/224 480/431/224 425/429/224
f 480/431/225 478/430/225 421/450/225
f 512/396/226 511/406/226 409/395/226
f 501/374/227 537/458/227 522/451/227
f 498/377/228 534/453/228 533/428/228
f 495/377/229 528/453/229 527/452/229
f 493/380/230 540/428/230 528/453/230
f 547/454/231 524/454/231 508/385/231
f 543/455/232 518/462/232 515/387/232
f 525/456/233 538/460/233 505/406/233
f 502/392/234 522/451/234 521/451/234
f 501/374/235 500/382/235 552/457/235
f 498/377/236 497/410/236 549/452/236
f 542/459/237 506/396/237 505/406/237
f 547/454/238 509/385/238 510/401/238
f 535/455/239 550/459/239 512/396/239
f 518/462/240 519/464/240 514/387/240
f 542/459/241 543/455/241 516/390/241
f 524/454/242 525/456/242 507/401/242
f 530/463/243 531/461/243 510/401/243
f 519/464/244 535/455/244 513/390/244
f 504/374/245 546/458/245 545/457/245
f 503/392/246 521/451/246 546/458/246
f 497/410/247 496/410/247 527/452/247
f 500/382/248 499/380/248 533/428/248
f 550/459/249 530/463/249 511/406/249
f 393/49/250 445/447/250 490/447/250
f 433/449/251 484/437/251 378/394/251
f 410/465/252 407/470/252 475/444/252
f 453/439/253 446/438/253 394/375/253
f 441/442/254 434/442/254 380/466/254
f 428/404/255 412/397/255 409/395/255
f 457/434/256 454/441/256 396/381/256
f 477/437/257 442/449/257 382/393/257
f 414/391/258 411/389/258 427/415/258
f 398/389/259 419/391/259 451/413/259
f 421/450/260 478/430/260 384/467/260
f 416/469/261 413/1577/261 469/432/261
f 402/470/262 399/465/262 463/443/262
f 387/411/263 429/399/263 422/436/263
f 448/445/264 418/59/264 415/59/264
f 436/448/265 404/402/265 401/403/265
f 471/441/266 430/434/266 388/383/266
f 420/386/267 417/388/267 447/416/267
f 375/412/268 465/436/268 458/399/268
f 406/471/269 403/471/269 435/422/269
f 391/472/270 489/427/270 472/426/270
f 402/407/271 507/401/271 505/406/271
f 377/467/272 483/430/272 466/450/272
f 408/403/273 405/402/273 439/448/273
f 432/440/1026 427/415/1026 551/474/1026
f 427/415/1027 411/389/1027 550/459/1027
f 551/474/1028 427/415/1028 550/459/1028
f 411/389/1029 512/396/1029 550/459/1029
f 388/383/1030 430/434/1030 552/457/1030
f 430/434/1031 432/440/1031 551/474/1031
f 552/457/1032 500/382/1032 388/383/1032
f 412/397/1033 428/404/1033 550/459/1033
f 428/404/1034 431/400/1034 551/474/1034
f 431/400/1035 429/399/1035 551/474/1035
f 429/399/1036 387/411/1036 552/457/1036
f 551/474/1037 429/399/1037 552/457/1037
f 387/411/1038 500/382/1038 552/457/1038
f 550/459/1039 512/396/1039 412/397/1039
f 444/420/1040 439/448/1040 548/475/1040
f 439/448/1041 405/402/1041 547/454/1041
f 548/475/1042 439/448/1042 547/454/1042
f 405/402/1043 509/385/1043 547/454/1043
f 382/393/1044 442/449/1044 549/452/1044
f 442/449/1045 444/420/1045 548/475/1045
f 549/452/1046 497/410/1046 382/393/1046
f 406/384/1047 440/476/1047 547/454/1047
f 440/476/1048 443/1578/1048 548/475/1048
f 443/1578/1049 441/486/1049 548/475/1049
f 441/486/1050 381/409/1050 549/452/1050
f 548/475/1051 441/486/1051 549/452/1051
f 381/409/1052 497/410/1052 549/452/1052
f 547/454/1053 509/385/1053 406/384/1053
f 456/424/1054 451/413/1054 544/477/1054
f 451/413/1055 419/391/1055 543/455/1055
f 544/477/1056 451/413/1056 543/455/1056
f 419/391/1057 516/390/1057 543/455/1057
f 396/381/1058 454/441/1058 546/458/1058
f 454/441/1059 456/424/1059 544/477/1059
f 546/458/1060 504/374/1060 396/381/1060
f 420/386/1061 452/418/1061 543/455/1061
f 452/418/1062 455/417/1062 544/477/1062
f 455/417/1063 453/439/1063 544/477/1063
f 453/439/1064 395/376/1064 546/458/1064
f 544/477/1065 453/439/1065 546/458/1065
f 395/376/1066 504/374/1066 546/458/1066
f 543/455/1067 516/390/1067 420/386/1067
f 398/389/1068 460/415/1068 542/459/1068
f 460/415/1069 461/414/1069 541/478/1069
f 461/414/1070 457/434/1070 541/478/1070
f 457/434/1071 373/383/1071 545/457/1071
f 541/478/1072 457/434/1072 545/457/1072
f 373/383/1073 494/382/1073 545/457/1073
f 542/459/1074 506/396/1074 398/389/1074
f 462/435/1075 459/404/1075 541/478/1075
f 459/404/1076 397/397/1076 542/459/1076
f 541/478/1077 459/404/1077 542/459/1077
f 397/397/1078 506/396/1078 542/459/1078
f 374/411/1079 458/399/1079 545/457/1079
f 458/399/1080 462/435/1080 541/478/1080
f 545/457/1081 494/382/1081 374/411/1081
f 468/1579/1082 463/483/1082 539/479/1082
f 463/483/1083 399/408/1083 538/460/1083
f 539/479/1084 463/483/1084 538/460/1084
f 399/408/1085 505/406/1085 538/460/1085
f 376/378/1086 466/480/1086 540/428/1086
f 466/480/1087 468/1579/1087 539/479/1087
f 540/428/1088 493/380/1088 376/378/1088
f 400/395/1089 464/405/1089 538/460/1089
f 464/405/1090 467/398/1090 539/479/1090
f 467/398/1091 465/436/1091 539/479/1091
f 465/436/1092 375/412/1092 540/428/1092
f 539/479/1093 465/436/1093 540/428/1093
f 375/412/1094 493/380/1094 540/428/1094
f 538/460/1095 505/406/1095 400/395/1095
f 474/417/1096 469/418/1096 536/477/1096
f 469/418/1097 413/386/1097 535/455/1097
f 536/477/1098 469/418/1098 535/455/1098
f 413/386/1099 513/390/1099 535/455/1099
f 390/376/1100 472/439/1100 537/458/1100
f 472/439/1101 474/417/1101 536/477/1101
f 537/458/1102 501/374/1102 390/376/1102
f 414/391/1103 470/413/1103 535/455/1103
f 470/413/1104 473/424/1104 536/477/1104
f 473/424/1105 471/441/1105 536/477/1105
f 471/441/1106 389/381/1106 537/458/1106
f 536/477/1107 471/441/1107 537/458/1107
f 389/381/1108 501/374/1108 537/458/1108
f 535/455/1109 513/390/1109 414/391/1109
f 480/1580/1110 475/484/1110 532/481/1110
f 475/484/1111 407/407/1111 531/461/1111
f 532/481/1112 475/484/1112 531/461/1112
f 407/407/1113 510/401/1113 531/461/1113
f 384/379/1114 478/482/1114 534/453/1114
f 478/482/1115 480/1580/1115 532/481/1115
f 534/453/1116 498/377/1116 384/379/1116
f 408/403/1117 476/419/1117 531/461/1117
f 476/419/1118 479/421/1118 532/481/1118
f 479/421/1119 477/437/1119 532/481/1119
f 477/437/1120 383/394/1120 534/453/1120
f 532/481/1121 477/437/1121 534/453/1121
f 383/394/1122 498/377/1122 534/453/1122
f 531/461/1123 510/401/1123 408/403/1123
f 410/408/1124 424/483/1124 530/463/1124
f 424/483/1125 425/1579/1125 529/479/1125
f 425/1579/1126 421/480/1126 529/479/1126
f 421/480/1127 385/378/1127 533/428/1127
f 529/479/1128 421/480/1128 533/428/1128
f 385/378/1129 499/380/1129 533/428/1129
f 530/463/1130 511/406/1130 410/408/1130
f 426/398/1131 423/405/1131 529/479/1131
f 423/405/1132 409/395/1132 530/463/1132
f 529/479/1133 423/405/1133 530/463/1133
f 409/395/1134 511/406/1134 530/463/1134
f 386/412/1135 422/436/1135 533/428/1135
f 422/436/1136 426/398/1136 529/479/1136
f 533/428/1137 499/380/1137 386/412/1137
f 486/421/1138 481/419/1138 526/481/1138
f 481/419/1139 401/403/1139 525/456/1139
f 526/481/1140 481/419/1140 525/456/1140
f 401/403/1141 507/401/1141 525/456/1141
f 378/394/1142 484/437/1142 528/453/1142
f 484/437/1143 486/421/1143 526/481/1143
f 528/453/1144 495/377/1144 378/394/1144
f 402/407/1145 482/484/1145 525/456/1145
f 482/484/1146 485/1580/1146 526/481/1146
f 485/1580/1147 483/482/1147 526/481/1147
f 483/482/1148 377/379/1148 528/453/1148
f 526/481/1149 483/482/1149 528/453/1149
f 377/379/1150 495/377/1150 528/453/1150
f 525/456/1151 507/401/1151 402/407/1151
f 404/402/1152 436/448/1152 524/454/1152
f 436/448/1153 437/420/1153 523/485/1153
f 437/420/1154 433/449/1154 523/485/1154
f 433/449/1155 379/393/1155 527/452/1155
f 523/485/1156 433/449/1156 527/452/1156
f 379/393/1157 496/410/1157 527/452/1157
f 524/454/1158 508/385/1158 404/402/1158
f 438/1578/1159 435/476/1159 523/485/1159
f 435/476/1160 403/384/1160 524/454/1160
f 523/485/1161 435/476/1161 524/454/1161
f 403/384/1162 508/385/1162 524/454/1162
f 380/409/1163 434/486/1163 527/452/1163
f 434/486/1164 438/1578/1164 523/485/1164
f 527/452/1165 496/410/1165 380/409/1165
f 492/446/1166 487/445/1166 520/487/1166
f 487/445/1167 415/59/1167 519/464/1167
f 520/487/1168 487/445/1168 519/464/1168
f 415/59/1169 514/387/1169 519/464/1169
f 392/49/1170 490/447/1170 522/451/1170
f 490/447/1171 492/446/1171 520/487/1171
f 522/451/1172 502/392/1172 392/49/1172
f 416/388/1173 488/416/1173 519/464/1173
f 488/416/1174 491/1575/1174 520/487/1174
f 491/1575/1175 489/438/1175 520/487/1175
f 489/438/1176 391/375/1176 522/451/1176
f 520/487/1177 489/438/1177 522/451/1177
f 391/375/1178 502/392/1178 522/451/1178
f 519/464/1179 514/387/1179 416/388/1179
f 418/59/1180 448/445/1180 518/462/1180
f 448/445/1181 449/446/1181 517/487/1181
f 449/446/1182 445/447/1182 517/487/1182
f 445/447/1183 393/49/1183 521/451/1183
f 517/487/1184 445/447/1184 521/451/1184
f 393/49/1185 503/392/1185 521/451/1185
f 518/462/1186 515/387/1186 418/59/1186
f 450/1575/1187 447/416/1187 517/487/1187
f 447/416/1188 417/388/1188 518/462/1188
f 517/487/1189 447/416/1189 518/462/1189
f 417/388/1190 515/387/1190 518/462/1190
f 394/375/1191 446/438/1191 521/451/1191
f 446/438/1192 450/1575/1192 517/487/1192
f 521/451/1193 503/392/1193 394/375/1193
f 494/382/298 493/380/298 375/412/298
f 554/488/299 555/488/299 556/489/299
f 559/490/300 560/491/300 557/491/300
f 562/492/301 563/498/301 564/493/301
f 566/495/302 567/510/302 568/496/302
f 571/498/303 572/493/303 569/499/303
f 574/495/304 575/505/304 576/501/304
f 555/488/305 577/511/305 578/502/305
f 580/503/306 558/490/306 557/491/306
f 581/500/307 582/499/307 564/493/307
f 584/505/308 566/495/308 565/497/308
f 586/507/309 587/511/309 588/502/309
f 591/509/310 592/513/310 589/504/310
f 593/492/311 594/494/311 572/493/311
f 574/495/312 573/497/312 595/496/312
f 597/507/313 598/508/313 578/502/313
f 600/509/314 580/503/314 579/504/314
f 586/507/315 585/508/315 582/499/315
f 591/509/316 584/505/316 583/506/316
f 587/511/317 554/488/317 553/489/317
f 590/503/318 589/504/318 560/491/318
f 562/492/319 561/494/319 594/494/319
f 567/510/320 596/510/320 595/496/320
f 570/500/321 569/499/321 598/508/321
f 600/509/322 599/512/322 576/501/322
f 602/514/323 603/522/323 604/515/323
f 606/517/324 607/517/324 608/518/324
f 611/519/325 612/524/325 609/520/325
f 614/522/326 615/514/326 616/516/326
f 617/519/327 618/524/327 604/515/327
f 619/523/328 620/525/328 608/518/328
f 611/519/329 614/522/329 613/515/329
f 615/514/1194 621/523/1194 622/525/1194
f 617/519/331 623/521/331 624/520/331
f 619/523/332 602/514/332 601/516/332
f 621/523/333 606/517/333 605/518/333
f 610/521/334 609/520/334 624/520/334
f 627/526/335 628/534/335 625/527/335
f 631/529/336 632/530/336 629/530/336
f 635/531/337 636/536/337 633/532/337
f 638/526/338 639/528/338 640/527/338
f 641/531/339 642/536/339 628/534/339
f 643/535/340 644/537/340 632/530/340
f 635/531/341 638/526/341 637/534/341
f 645/535/342 646/537/342 640/527/342
f 641/531/343 647/533/343 648/532/343
f 626/528/344 625/527/344 644/537/344
f 630/529/345 629/530/345 646/537/345
f 634/533/346 633/532/346 648/532/346
f 553/489/2 556/489/2 578/502/2
f 578/502/2 598/508/2 569/499/2
f 569/499/2 572/493/2 594/494/2
f 594/494/2 561/494/2 564/493/2
f 564/493/2 582/499/2 585/508/2
f 585/508/2 588/502/2 553/489/2
f 553/489/2 578/502/2 569/499/2
f 569/499/2 594/494/2 564/493/2
f 564/493/2 585/508/2 569/499/2
f 625/527/1 628/534/1 633/532/1
f 628/534/1 642/536/1 633/532/1
f 642/536/1 648/532/1 633/532/1
f 633/532/1 636/536/1 637/534/1
f 637/534/1 640/527/1 633/532/1
f 640/527/1 646/537/1 633/532/1
f 646/537/1 629/530/1 632/530/1
f 632/530/1 644/537/1 625/527/1
f 646/537/1 632/530/1 625/527/1
f 603/522/2 602/514/2 606/517/2
f 602/514/2 619/523/2 606/517/2
f 619/523/2 607/517/2 606/517/2
f 606/517/2 621/523/2 615/514/2
f 615/514/2 614/522/2 606/517/2
f 614/522/2 611/519/2 606/517/2
f 611/519/2 610/521/2 603/522/2
f 610/521/2 623/521/2 603/522/2
f 623/521/2 617/519/2 603/522/2
f 555/488/1 554/488/1 587/511/1
f 587/511/1 586/507/1 555/488/1
f 586/507/1 581/500/1 555/488/1
f 581/500/1 563/498/1 562/492/1
f 562/492/1 593/492/1 571/498/1
f 571/498/1 570/500/1 597/507/1
f 597/507/1 577/511/1 555/488/1
f 581/500/1 562/492/1 571/498/1
f 571/498/1 597/507/1 555/488/1
f 627/526/2 626/528/2 643/535/2
f 643/535/2 631/529/2 627/526/2
f 631/529/2 630/529/2 627/526/2
f 630/529/2 645/535/2 635/531/2
f 645/535/2 639/528/2 635/531/2
f 639/528/2 638/526/2 635/531/2
f 635/531/2 634/533/2 647/533/2
f 647/533/2 641/531/2 627/526/2
f 635/531/2 647/533/2 627/526/2
f 601/516/1 604/515/1 618/524/1
f 618/524/1 624/520/1 609/520/1
f 609/520/1 612/524/1 622/525/1
f 612/524/1 613/515/1 622/525/1
f 613/515/1 616/516/1 622/525/1
f 622/525/1 605/518/1 608/518/1
f 608/518/1 620/525/1 601/516/1
f 601/516/1 618/524/1 609/520/1
f 622/525/1 608/518/1 609/520/1
f 557/491/1 560/491/1 589/504/1
f 589/504/1 592/513/1 557/491/1
f 592/513/1 583/506/1 557/491/1
f 583/506/1 565/497/1 568/496/1
f 568/496/1 595/496/1 573/497/1
f 573/497/1 576/501/1 599/512/1
f 599/512/1 579/504/1 573/497/1
f 579/504/1 557/491/1 573/497/1
f 583/506/1 568/496/1 557/491/1
f 559/490/2 558/490/2 580/503/2
f 580/503/2 600/509/2 559/490/2
f 600/509/2 575/505/2 559/490/2
f 575/505/2 574/495/2 596/510/2
f 596/510/2 567/510/2 566/495/2
f 566/495/2 584/505/2 559/490/2
f 584/505/2 591/509/2 559/490/2
f 591/509/2 590/503/2 559/490/2
f 575/505/2 596/510/2 559/490/2
f 653/540/1 654/1581/1 672/577/1
f 672/577/1 669/538/1 653/540/1
f 671/541/1 662/570/1 667/542/1
f 666/546/1 663/563/1 650/544/1
f 663/563/1 649/1582/1 650/544/1
f 676/547/2 677/575/2 680/548/2
f 678/552/2 675/572/2 656/550/2
f 675/572/2 655/1583/2 656/550/2
f 660/1584/2 684/578/2 659/555/2
f 684/578/2 681/553/2 659/555/2
f 674/556/2 679/567/2 682/557/2
f 661/559/1 664/565/1 665/560/1
f 686/562/347 685/1585/347 663/563/347
f 682/557/348 691/579/348 692/564/348
f 664/565/349 685/1585/349 686/562/349
f 674/556/350 694/1586/350 693/566/350
f 688/568/347 687/569/347 661/559/347
f 693/566/348 694/1586/348 673/549/348
f 687/569/349 688/568/349 667/542/349
f 678/552/348 696/574/348 695/571/348
f 690/573/347 689/576/347 671/541/347
f 676/547/350 695/571/350 696/574/350
f 689/576/349 690/573/349 669/538/349
f 684/578/350 692/564/350 691/579/350
f 825/580/351 826/704/351 715/581/351
f 822/583/352 823/640/352 709/584/352
f 817/586/353 819/633/353 701/587/353
f 828/589/354 818/663/354 697/590/354
f 833/592/355 832/724/355 727/593/355
f 744/595/356 840/599/356 839/596/356
f 722/598/357 830/611/357 840/599/357
f 716/601/358 826/704/358 827/602/358
f 824/604/359 825/580/359 713/605/359
f 821/607/360 822/583/360 707/608/360
f 724/610/361 829/715/361 830/611/361
f 750/613/362 746/741/362 753/614/362
f 732/616/363 834/629/363 833/592/363
f 837/618/364 836/701/364 735/619/364
f 742/621/365 839/596/365 838/622/365
f 728/624/366 832/724/366 831/625/366
f 724/610/367 721/612/367 783/626/367
f 734/628/368 835/725/368 834/629/368
f 740/631/369 838/622/369 837/618/369
f 819/633/370 820/637/370 703/634/370
f 718/635/371 827/602/371 828/589/371
f 820/637/372 821/607/372 705/638/372
f 823/640/373 824/604/373 711/641/373
f 775/643/374 780/1587/374 785/644/374
f 776/646/375 771/743/375 774/647/375
f 763/649/376 768/1588/376 803/650/376
f 764/652/377 759/746/377 762/653/377
f 794/655/378 751/735/378 756/656/378
f 747/658/379 750/613/379 755/615/379
f 815/660/380 798/669/380 796/661/380
f 818/663/381 869/728/381 864/664/381
f 809/665/382 792/1589/382 790/666/382
f 812/668/383 793/739/383 798/669/383
f 785/644/384 780/1587/384 778/670/384
f 791/672/385 786/685/385 782/673/385
f 803/650/386 768/1588/386 766/675/386
f 779/648/387 774/647/387 770/677/387
f 797/657/388 756/656/388 754/679/388
f 767/654/389 762/653/389 758/681/389
f 787/683/390 792/1589/390 809/665/390
f 788/627/391 783/626/391 786/685/391
f 811/686/392 816/689/392 773/687/392
f 816/689/1195 814/731/1195 769/690/1195
f 805/691/394 810/694/394 761/692/394
f 810/694/395 808/767/395 757/695/395
f 799/696/396 804/699/396 749/697/396
f 804/699/397 802/1590/397 745/700/397
f 836/701/398 835/725/398 733/702/398
f 826/704/399 825/580/399 861/705/399
f 822/583/400 858/718/400 857/707/400
f 819/633/401 852/709/401 851/708/401
f 819/633/402 817/586/402 864/664/402
f 848/710/403 832/724/403 833/592/403
f 842/712/404 839/596/404 840/599/404
f 849/714/405 862/720/405 829/715/405
f 827/602/406 826/704/406 846/706/406
f 824/604/407 876/730/407 861/705/407
f 822/583/408 821/607/408 873/717/408
f 866/719/409 830/611/409 829/715/409
f 855/721/410 871/711/410 833/592/410
f 874/722/411 836/701/411 837/618/411
f 842/712/412 843/727/412 838/622/412
f 866/719/413 867/713/413 840/599/413
f 848/710/414 849/714/414 831/625/414
f 855/721/415 834/629/415 835/725/415
f 859/723/416 837/618/416 838/622/416
f 828/589/417 870/729/417 869/728/417
f 828/589/418 827/602/418 845/716/418
f 820/637/419 851/708/419 873/717/419
f 823/640/420 857/707/420 876/730/420
f 854/726/421 835/725/421 836/701/421
f 717/603/422 769/690/422 814/731/422
f 757/695/423 808/767/423 702/103/423
f 734/732/424 731/1591/424 799/696/424
f 719/733/425 777/678/425 770/677/425
f 705/638/426 765/682/426 758/681/426
f 752/659/427 736/703/427 733/702/427
f 781/671/428 778/670/428 720/591/428
f 707/608/429 801/676/429 766/675/429
f 738/620/430 735/619/430 751/735/430
f 784/645/431 722/598/431 743/600/431
f 745/700/432 802/1590/432 708/736/432
f 740/738/433 737/1592/433 793/739/433
f 806/684/434 726/1593/434 723/740/434
f 711/641/435 753/614/435 746/741/435
f 772/688/436 742/621/436 739/623/436
f 760/693/437 728/624/437 725/160/437
f 795/680/438 754/679/438 712/606/438
f 744/742/439 741/1594/439 771/743/439
f 699/744/440 789/674/440 782/673/440
f 730/594/441 727/593/441 759/746/441
f 715/747/442 813/662/442 796/661/442
f 726/749/443 831/625/443 829/715/443
f 701/751/444 807/667/444 790/666/444
f 800/651/445 732/616/445 729/617/445
f 756/656/1196 751/735/1196 875/753/1196
f 751/735/1197 735/619/1197 874/722/1197
f 875/753/1198 751/735/1198 874/722/1198
f 735/619/1199 836/701/1199 874/722/1199
f 712/606/1200 754/679/1200 876/730/1200
f 754/679/1201 756/656/1201 875/753/1201
f 876/730/1202 824/604/1202 712/606/1202
f 736/703/1203 752/659/1203 874/722/1203
f 752/659/1204 755/615/1204 875/753/1204
f 755/615/1205 753/614/1205 875/753/1205
f 753/614/1206 711/641/1206 876/730/1206
f 875/753/1207 753/614/1207 876/730/1207
f 711/641/1208 824/604/1208 876/730/1208
f 874/722/1209 836/701/1209 736/703/1209
f 768/1588/1210 763/649/1210 872/754/1210
f 763/649/1211 729/617/1211 871/711/1211
f 872/754/1212 763/649/1212 871/711/1212
f 729/617/1213 833/592/1213 871/711/1213
f 706/609/1214 766/675/1214 873/717/1214
f 766/675/1215 768/1588/1215 872/754/1215
f 873/717/1216 821/607/1216 706/609/1216
f 730/594/1217 764/652/1217 871/711/1217
f 764/652/1218 767/654/1218 872/754/1218
f 767/654/1219 765/682/1219 872/754/1219
f 765/682/1220 705/638/1220 873/717/1220
f 872/754/1221 765/682/1221 873/717/1221
f 705/638/1222 821/607/1222 873/717/1222
f 871/711/1223 833/592/1223 730/594/1223
f 780/1587/1224 775/643/1224 868/755/1224
f 775/643/1225 743/600/1225 867/713/1225
f 868/755/1226 775/643/1226 867/713/1226
f 743/600/1227 840/599/1227 867/713/1227
f 720/591/1228 778/670/1228 870/729/1228
f 778/670/1229 780/1587/1229 868/755/1229
f 870/729/1230 828/589/1230 720/591/1230
f 744/595/1231 776/756/1231 867/713/1231
f 776/756/1232 779/1021/1232 868/755/1232
f 779/1021/1233 777/1595/1233 868/755/1233
f 777/1595/1234 719/636/1234 870/729/1234
f 868/755/1235 777/1595/1235 870/729/1235
f 719/636/1236 828/589/1236 870/729/1236
f 867/713/1237 840/599/1237 744/595/1237
f 722/598/1238 784/645/1238 866/719/1238
f 784/645/1239 785/644/1239 865/757/1239
f 785/644/1240 781/671/1240 865/757/1240
f 781/671/1241 697/590/1241 869/728/1241
f 865/757/1242 781/671/1242 869/728/1242
f 697/590/1243 818/663/1243 869/728/1243
f 866/719/1244 830/611/1244 722/598/1244
f 786/685/1245 783/626/1245 865/757/1245
f 783/626/1246 721/612/1246 866/719/1246
f 865/757/1247 783/626/1247 866/719/1247
f 721/612/1248 830/611/1248 866/719/1248
f 698/745/1249 782/673/1249 869/728/1249
f 782/673/1250 786/685/1250 865/757/1250
f 869/728/1251 818/663/1251 698/745/1251
f 792/1596/1252 787/1597/1252 863/758/1252
f 787/1597/1253 723/750/1253 862/720/1253
f 863/758/1254 787/1597/1254 862/720/1254
f 723/750/1255 829/715/1255 862/720/1255
f 700/588/1256 790/759/1256 864/664/1256
f 790/759/1257 792/1596/1257 863/758/1257
f 864/664/1258 817/586/1258 700/588/1258
f 724/610/1259 788/627/1259 862/720/1259
f 788/627/1260 791/672/1260 863/758/1260
f 791/672/1261 789/674/1261 863/758/1261
f 789/674/1262 699/744/1262 864/664/1262
f 863/758/1263 789/674/1263 864/664/1263
f 699/744/1264 817/586/1264 864/664/1264
f 862/720/1265 829/715/1265 724/610/1265
f 798/1598/1266 793/1599/1266 860/760/1266
f 793/1599/1267 737/632/1267 859/723/1267
f 860/760/1268 793/1599/1268 859/723/1268
f 737/632/1269 837/618/1269 859/723/1269
f 714/582/1270 796/761/1270 861/705/1270
f 796/761/1271 798/1598/1271 860/760/1271
f 861/705/1272 825/580/1272 714/582/1272
f 738/620/1273 794/655/1273 859/723/1273
f 794/655/1274 797/657/1274 860/760/1274
f 797/657/1275 795/680/1275 860/760/1275
f 795/680/1276 713/605/1276 861/705/1276
f 860/760/1277 795/680/1277 861/705/1277
f 713/605/1278 825/580/1278 861/705/1278
f 859/723/1279 837/618/1279 738/620/1279
f 804/1600/1280 799/1601/1280 856/762/1280
f 799/1601/1281 731/630/1281 855/721/1281
f 856/762/1282 799/1601/1282 855/721/1282
f 731/630/1283 834/629/1283 855/721/1283
f 708/585/1284 802/763/1284 858/718/1284
f 802/763/1285 804/1600/1285 856/762/1285
f 858/718/1286 822/583/1286 708/585/1286
f 732/616/1287 800/651/1287 855/721/1287
f 800/651/1288 803/650/1288 856/762/1288
f 803/650/1289 801/676/1289 856/762/1289
f 801/676/1290 707/608/1290 858/718/1290
f 856/762/1291 801/676/1291 858/718/1291
f 707/608/1292 822/583/1292 858/718/1292
f 855/721/1293 834/629/1293 732/616/1293
f 734/628/1294 748/765/1294 854/726/1294
f 748/765/1295 749/1602/1295 853/764/1295
f 749/1602/1296 745/1603/1296 853/764/1296
f 745/1603/1297 709/584/1297 857/707/1297
f 853/764/1298 745/1603/1298 857/707/1298
f 709/584/1299 823/640/1299 857/707/1299
f 854/726/1300 835/725/1300 734/628/1300
f 750/613/1301 747/658/1301 853/764/1301
f 747/658/1302 733/702/1302 854/726/1302
f 853/764/1303 747/658/1303 854/726/1303
f 733/702/1304 835/725/1304 854/726/1304
f 710/642/1305 746/741/1305 857/707/1305
f 746/741/1306 750/613/1306 853/764/1306
f 857/707/1307 823/640/1307 710/642/1307
f 810/694/1308 805/691/1308 850/766/1308
f 805/691/1309 725/160/1309 849/714/1309
f 850/766/1310 805/691/1310 849/714/1310
f 725/160/1311 831/625/1311 849/714/1311
f 702/103/1312 808/767/1312 852/709/1312
f 808/767/1313 810/694/1313 850/766/1313
f 852/709/1314 819/633/1314 702/103/1314
f 726/749/1315 806/768/1315 849/714/1315
f 806/768/1316 809/1604/1316 850/766/1316
f 809/1604/1317 807/1605/1317 850/766/1317
f 807/1605/1318 701/587/1318 852/709/1318
f 850/766/1319 807/1605/1319 852/709/1319
f 701/587/1320 819/633/1320 852/709/1320
f 849/714/1321 831/625/1321 726/749/1321
f 728/624/1322 760/693/1322 848/710/1322
f 760/693/1323 761/692/1323 847/769/1323
f 761/692/1324 757/695/1324 847/769/1324
f 757/695/1325 703/634/1325 851/708/1325
f 847/769/1326 757/695/1326 851/708/1326
f 703/634/1327 820/637/1327 851/708/1327
f 848/710/1328 832/724/1328 728/624/1328
f 762/653/1329 759/746/1329 847/769/1329
f 759/746/1330 727/593/1330 848/710/1330
f 847/769/1331 759/746/1331 848/710/1331
f 727/593/1332 832/724/1332 848/710/1332
f 704/639/1333 758/681/1333 851/708/1333
f 758/681/1334 762/653/1334 847/769/1334
f 851/708/1335 820/637/1335 704/639/1335
f 816/689/1336 811/686/1336 844/770/1336
f 811/686/1337 739/623/1337 843/727/1337
f 844/770/1338 811/686/1338 843/727/1338
f 739/623/1339 838/622/1339 843/727/1339
f 716/601/1340 814/731/1340 846/706/1340
f 814/731/1341 816/689/1341 844/770/1341
f 846/706/1342 826/704/1342 716/601/1342
f 740/631/1343 812/771/1343 843/727/1343
f 812/771/1344 815/1606/1344 844/770/1344
f 815/1606/1345 813/1607/1345 844/770/1345
f 813/1607/1346 715/581/1346 846/706/1346
f 844/770/1347 813/1607/1347 846/706/1347
f 715/581/1348 826/704/1348 846/706/1348
f 843/727/1349 838/622/1349 740/631/1349
f 742/621/1350 772/688/1350 842/712/1350
f 772/688/1351 773/687/1351 841/772/1351
f 773/687/1352 769/690/1352 841/772/1352
f 769/690/1353 717/603/1353 845/716/1353
f 841/772/1354 769/690/1354 845/716/1354
f 717/603/1355 827/602/1355 845/716/1355
f 842/712/1356 839/596/1356 742/621/1356
f 774/1608/1357 771/1609/1357 841/772/1357
f 771/1609/1358 741/597/1358 842/712/1358
f 841/772/1359 771/1609/1359 842/712/1359
f 741/597/1360 839/596/1360 842/712/1360
f 718/635/1361 770/773/1361 845/716/1361
f 770/773/1362 774/1608/1362 841/772/1362
f 845/716/1363 827/602/1363 718/635/1363
f 818/663/470 817/586/470 699/744/470
f 878/774/471 879/792/471 880/775/471
f 882/777/472 883/817/472 884/778/472
f 886/780/473 887/796/473 888/781/473
f 891/783/474 892/819/474 889/784/474
f 895/786/475 896/807/475 893/787/475
f 899/789/476 900/821/476 897/790/476
f 879/792/477 901/810/477 902/793/477
f 904/794/478 882/777/478 881/779/478
f 887/796/479 905/814/479 906/797/479
f 890/785/480 889/784/480 907/798/480
f 910/800/481 911/816/481 912/801/481
f 915/803/482 916/815/482 913/804/482
f 917/806/483 918/818/483 896/807/483
f 898/791/484 897/790/484 919/808/484
f 901/810/485 921/820/485 922/811/485
f 924/812/486 904/794/486 903/795/486
f 905/814/487 910/800/487 909/802/487
f 915/803/488 908/799/488 907/798/488
f 911/816/489 878/774/489 877/776/489
f 914/805/490 913/804/490 884/778/490
f 886/780/491 885/782/491 918/818/491
f 920/809/492 919/808/492 892/819/492
f 894/788/493 893/787/493 922/811/493
f 899/789/494 924/812/494 923/813/494
f 927/822/495 928/835/495 925/823/495
f 930/825/496 931/836/496 932/826/496
f 935/828/497 936/838/497 933/829/497
f 939/831/498 940/840/498 937/832/498
f 927/822/499 941/841/499 942/834/499
f 931/836/500 943/843/500 944/837/500
f 938/833/501 937/832/501 936/838/501
f 939/831/502 945/844/502 946/839/502
f 941/841/503 947/845/503 948/842/503
f 943/843/504 926/824/504 925/823/504
f 945/844/505 930/825/505 929/827/505
f 934/830/506 933/829/506 948/842/506
f 951/846/507 952/859/507 949/847/507
f 955/849/508 956/861/508 953/850/508
f 959/852/509 960/862/509 957/853/509
f 963/855/510 964/864/510 961/856/510
f 965/858/511 966/866/511 952/859/511
f 967/860/512 968/867/512 956/861/512
f 959/852/513 962/857/513 961/856/513
f 969/863/514 970/868/514 964/864/514
f 971/865/515 972/869/515 966/866/515
f 950/848/516 949/847/516 968/867/516
f 969/863/517 954/851/517 953/850/517
f 958/854/518 957/853/518 972/869/518
f 877/776/2 880/775/2 902/793/2
f 902/793/2 922/811/2 893/787/2
f 893/787/2 896/807/2 888/781/2
f 896/807/2 918/818/2 888/781/2
f 918/818/2 885/782/2 888/781/2
f 888/781/2 906/797/2 909/802/2
f 909/802/2 912/801/2 877/776/2
f 877/776/2 902/793/2 888/781/2
f 902/793/2 893/787/2 888/781/2
f 949/847/1 952/859/1 957/853/1
f 952/859/1 966/866/1 957/853/1
f 966/866/1 972/869/1 957/853/1
f 957/853/1 960/862/1 961/856/1
f 961/856/1 964/864/1 970/868/1
f 970/868/1 953/850/1 949/847/1
f 953/850/1 956/861/1 949/847/1
f 956/861/1 968/867/1 949/847/1
f 957/853/1 961/856/1 949/847/1
f 927/822/2 926/824/2 943/843/2
f 943/843/2 931/836/2 930/825/2
f 930/825/2 945/844/2 935/828/2
f 945/844/2 939/831/2 935/828/2
f 939/831/2 938/833/2 935/828/2
f 935/828/2 934/830/2 947/845/2
f 947/845/2 941/841/2 927/822/2
f 927/822/2 943/843/2 930/825/2
f 935/828/2 947/845/2 930/825/2
f 879/792/1 878/774/1 905/814/1
f 878/774/1 911/816/1 905/814/1
f 911/816/1 910/800/1 905/814/1
f 905/814/1 887/796/1 886/780/1
f 886/780/1 917/806/1 895/786/1
f 895/786/1 894/788/1 921/820/1
f 921/820/1 901/810/1 879/792/1
f 905/814/1 886/780/1 895/786/1
f 895/786/1 921/820/1 905/814/1
f 951/846/2 950/848/2 967/860/2
f 967/860/2 955/849/2 954/851/2
f 954/851/2 969/863/2 963/855/2
f 963/855/2 962/857/2 954/851/2
f 962/857/2 959/852/2 954/851/2
f 959/852/2 958/854/2 971/865/2
f 971/865/2 965/858/2 959/852/2
f 965/858/2 951/846/2 959/852/2
f 951/846/2 967/860/2 959/852/2
f 925/823/1 928/835/1 942/834/1
f 942/834/1 948/842/1 933/829/1
f 933/829/1 936/838/1 937/832/1
f 937/832/1 940/840/1 946/839/1
f 946/839/1 929/827/1 932/826/1
f 932/826/1 944/837/1 925/823/1
f 925/823/1 942/834/1 933/829/1
f 933/829/1 937/832/1 925/823/1
f 937/832/1 946/839/1 925/823/1
f 881/779/1 884/778/1 907/798/1
f 884/778/1 913/804/1 907/798/1
f 913/804/1 916/815/1 907/798/1
f 907/798/1 889/784/1 892/819/1
f 892/819/1 919/808/1 907/798/1
f 919/808/1 897/790/1 907/798/1
f 897/790/1 900/821/1 923/813/1
f 923/813/1 903/795/1 881/779/1
f 897/790/1 923/813/1 907/798/1
f 883/817/2 882/777/2 904/794/2
f 904/794/2 924/812/2 899/789/2
f 899/789/2 898/791/2 890/785/2
f 898/791/2 920/809/2 890/785/2
f 920/809/2 891/783/2 890/785/2
f 890/785/2 908/799/2 915/803/2
f 915/803/2 914/805/2 883/817/2
f 883/817/2 904/794/2 890/785/2
f 904/794/2 899/789/2 890/785/2
f 977/872/1 978/1610/1 996/908/1
f 996/908/1 993/870/1 977/872/1
f 995/873/1 986/903/1 991/874/1
f 990/878/1 987/895/1 974/876/1
f 987/895/1 973/1611/1 974/876/1
f 997/879/2 1000/907/2 1001/880/2
f 1002/884/2 999/905/2 980/882/2
f 999/905/2 979/1612/2 980/882/2
f 984/1613/2 1008/910/2 983/887/2
f 1008/910/2 1005/885/2 983/887/2
f 998/888/2 1003/900/2 1006/889/2
f 985/891/1 988/898/1 989/892/1
f 1010/894/519 1009/897/519 987/895/519
f 1015/896/520 1016/909/520 1007/890/520
f 1009/897/521 1010/894/521 989/892/521
f 1018/899/522 1017/1614/522 1003/900/522
f 1012/901/519 1011/902/519 985/891/519
f 1004/881/520 1017/1614/520 1018/899/520
f 1011/902/521 1012/901/521 991/874/521
f 1002/884/520 1020/1615/520 1019/904/520
f 1014/906/519 1013/1616/519 995/873/519
f 1019/904/522 1020/1615/522 1001/880/522
f 996/908/521 1013/1616/521 1014/906/521
f 1016/909/522 1015/896/522 1005/885/522
f 1038/911/523 1149/935/523 1150/912/523
f 1146/914/524 1147/972/524 1033/915/524
f 1141/917/525 1143/963/525 1025/918/525
f 1044/920/526 1152/967/526 1142/921/526
f 1157/923/527 1156/1054/527 1051/924/527
f 1068/926/528 1164/930/528 1163/927/528
f 1046/929/529 1154/1047/529 1164/930/529
f 1150/912/530 1151/1042/530 1041/932/530
f 1036/934/531 1148/1059/531 1149/935/531
f 1145/937/532 1146/914/532 1031/938/532
f 1153/940/533 1154/1047/533 1045/941/533
f 1074/943/534 1070/1072/534 1077/944/534
f 1056/946/535 1158/1048/535 1157/923/535
f 1161/948/1364 1160/1029/1364 1059/949/1364
f 1163/927/537 1162/1052/537 1063/951/537
f 1052/953/538 1156/1054/538 1155/954/538
f 1048/942/539 1045/941/539 1107/956/539
f 1159/958/540 1158/1048/540 1055/959/540
f 1064/961/541 1162/1052/541 1161/948/541
f 1143/963/542 1144/969/542 1027/964/542
f 1042/966/543 1151/1042/543 1152/967/543
f 1144/969/544 1145/937/544 1029/970/544
f 1147/972/545 1148/1059/545 1035/973/545
f 1108/975/546 1099/1067/546 1104/976/546
f 1095/978/547 1098/1617/547 1103/979/547
f 1087/981/548 1092/1618/548 1127/982/548
f 1088/984/549 1083/1078/549 1086/985/549
f 1075/987/550 1080/1619/550 1121/988/550
f 1071/990/551 1074/943/551 1079/945/551
f 1122/992/552 1120/1620/552 1137/993/552
f 1141/917/553 1142/921/553 1193/995/553
f 1133/997/554 1116/1014/554 1114/998/554
f 1117/1000/555 1122/992/555 1139/994/555
f 1104/976/556 1102/1621/556 1105/1002/556
f 1115/1003/557 1110/1622/557 1106/1004/557
f 1127/982/558 1092/1618/558 1090/1006/558
f 1103/979/559 1098/1617/559 1094/1008/559
f 1121/988/560 1080/1619/560 1078/1010/560
f 1086/985/561 1082/1061/561 1089/1012/561
f 1130/1013/562 1111/1070/562 1116/1014/562
f 1107/956/563 1110/1622/563 1115/1003/563
f 1135/1015/564 1140/1623/564 1097/1016/564
f 1097/1016/565 1140/1623/565 1138/1018/565
f 1084/1020/566 1129/1074/566 1134/1021/566
f 1134/1021/567 1132/1102/567 1081/1023/567
f 1123/1024/568 1128/1027/568 1073/1025/568
f 1128/1027/569 1126/1098/569 1069/1028/569
f 1160/1029/570 1159/958/570 1057/1030/570
f 1149/935/571 1185/1044/571 1170/1032/571
f 1146/914/572 1182/1045/572 1181/1033/572
f 1143/963/573 1176/1035/573 1175/1034/573
f 1141/917/574 1188/996/574 1176/1035/574
f 1172/1036/575 1156/1054/575 1157/923/575
f 1166/1038/576 1163/927/576 1164/930/576
f 1173/1040/577 1186/1046/577 1153/940/577
f 1150/912/578 1170/1032/578 1169/1041/578
f 1149/935/579 1148/1059/579 1200/1043/579
f 1145/937/580 1197/1058/580 1182/1045/580
f 1186/1046/581 1190/1053/581 1154/1047/581
f 1195/1037/582 1157/923/582 1158/1048/582
f 1198/1050/583 1160/1029/583 1161/948/583
f 1166/1038/584 1167/1056/584 1162/1052/584
f 1191/1039/585 1164/930/585 1154/1047/585
f 1172/1036/586 1173/1040/586 1155/954/586
f 1179/1049/587 1158/1048/587 1159/958/587
f 1167/1056/588 1183/1051/588 1161/948/588
f 1142/921/589 1152/967/589 1194/1057/589
f 1151/1042/590 1169/1041/590 1194/1057/590
f 1144/969/591 1175/1034/591 1197/1058/591
f 1147/972/592 1181/1033/592 1200/1043/592
f 1178/1055/593 1159/958/593 1160/1029/593
f 1041/932/594 1093/1019/594 1138/1018/594
f 1081/1023/595 1132/1102/595 1026/965/595
f 1058/960/596 1055/959/596 1123/1024/596
f 1043/968/597 1101/1009/597 1094/1008/597
f 1029/1060/598 1089/1012/598 1082/1061/598
f 1076/991/599 1060/1624/599 1057/1063/599
f 1105/1002/600 1102/1621/600 1044/1064/600
f 1031/938/601 1125/1007/601 1090/1006/601
f 1118/989/602 1062/950/602 1059/949/602
f 1046/1066/603 1067/1625/603 1099/1067/603
f 1069/1028/604 1126/1098/604 1032/916/604
f 1064/1068/605 1061/1626/605 1117/1000/605
f 1130/1013/606 1050/1627/606 1047/1069/606
f 1035/1071/607 1077/944/607 1070/1072/607
f 1096/1017/608 1066/952/608 1063/951/608
f 1052/953/609 1049/955/609 1129/1074/609
f 1119/1011/610 1078/1010/610 1036/934/610
f 1068/926/611 1065/928/611 1095/978/611
f 1023/1075/612 1113/1005/612 1106/1004/612
f 1088/984/613 1054/1628/613 1051/1077/613
f 1137/993/614 1120/1620/614 1038/1079/614
f 1050/1081/615 1155/954/615 1153/940/615
f 1131/999/616 1114/998/616 1024/1083/616
f 1056/946/617 1053/947/617 1087/981/617
f 1080/1619/1365 1075/987/1365 1199/1085/1365
f 1075/987/1366 1059/949/1366 1198/1050/1366
f 1199/1085/1367 1075/987/1367 1198/1050/1367
f 1059/949/1368 1160/1029/1368 1198/1050/1368
f 1036/934/1369 1078/1010/1369 1200/1043/1369
f 1078/1010/1370 1080/1619/1370 1199/1085/1370
f 1200/1043/1371 1148/1059/1371 1036/934/1371
f 1060/1031/1372 1076/1086/1372 1198/1050/1372
f 1076/1086/1373 1079/1629/1373 1199/1085/1373
f 1079/1629/1374 1077/1630/1374 1199/1085/1374
f 1077/1630/1375 1035/973/1375 1200/1043/1375
f 1199/1085/1376 1077/1630/1376 1200/1043/1376
f 1035/973/1377 1148/1059/1377 1200/1043/1377
f 1198/1050/1378 1160/1029/1378 1060/1031/1378
f 1092/1618/1379 1087/981/1379 1196/1087/1379
f 1087/981/1380 1053/947/1380 1195/1037/1380
f 1196/1087/1381 1087/981/1381 1195/1037/1381
f 1053/947/1382 1157/923/1382 1195/1037/1382
f 1030/939/1383 1090/1006/1383 1197/1058/1383
f 1090/1006/1384 1092/1618/1384 1196/1087/1384
f 1197/1058/1385 1145/937/1385 1030/939/1385
f 1054/925/1386 1088/1088/1386 1195/1037/1386
f 1088/1088/1387 1091/1631/1387 1196/1087/1387
f 1091/1631/1388 1089/1632/1388 1196/1087/1388
f 1089/1632/1389 1029/970/1389 1197/1058/1389
f 1196/1087/1390 1089/1632/1390 1197/1058/1390
f 1029/970/1391 1145/937/1391 1197/1058/1391
f 1195/1037/1392 1157/923/1392 1054/925/1392
f 1104/1633/1393 1099/1634/1393 1192/1089/1393
f 1099/1634/1394 1067/931/1394 1191/1039/1394
f 1192/1089/1395 1099/1634/1395 1191/1039/1395
f 1067/931/1396 1164/930/1396 1191/1039/1396
f 1044/920/1397 1102/1090/1397 1194/1057/1397
f 1102/1090/1398 1104/1633/1398 1192/1089/1398
f 1194/1057/1399 1152/967/1399 1044/920/1399
f 1068/926/1400 1100/980/1400 1191/1039/1400
f 1100/980/1401 1103/979/1401 1192/1089/1401
f 1103/979/1402 1101/1009/1402 1192/1089/1402
f 1101/1009/1403 1043/968/1403 1194/1057/1403
f 1192/1089/1404 1101/1009/1404 1194/1057/1404
f 1043/968/1405 1152/967/1405 1194/1057/1405
f 1191/1039/1406 1164/930/1406 1068/926/1406
f 1046/929/1407 1108/1092/1407 1190/1053/1407
f 1108/1092/1408 1109/1635/1408 1189/1091/1408
f 1109/1635/1409 1105/1636/1409 1189/1091/1409
f 1105/1636/1410 1021/922/1410 1193/995/1410
f 1189/1091/1411 1105/1636/1411 1193/995/1411
f 1021/922/1412 1142/921/1412 1193/995/1412
f 1190/1053/1413 1154/1047/1413 1046/929/1413
f 1110/1622/1414 1107/956/1414 1189/1091/1414
f 1107/956/1415 1045/941/1415 1190/1053/1415
f 1189/1091/1416 1107/956/1416 1190/1053/1416
f 1045/941/1417 1154/1047/1417 1190/1053/1417
f 1022/1076/1418 1106/1004/1418 1193/995/1418
f 1106/1004/1419 1110/1622/1419 1189/1091/1419
f 1193/995/1420 1142/921/1420 1022/1076/1420
f 1116/1637/1421 1111/1638/1421 1187/1093/1421
f 1111/1638/1422 1047/1082/1422 1186/1046/1422
f 1187/1093/1423 1111/1638/1423 1186/1046/1423
f 1047/1082/1424 1153/940/1424 1186/1046/1424
f 1024/919/1425 1114/1094/1425 1188/996/1425
f 1114/1094/1426 1116/1637/1426 1187/1093/1426
f 1188/996/1427 1141/917/1427 1024/919/1427
f 1048/942/1428 1112/957/1428 1186/1046/1428
f 1112/957/1429 1115/1003/1429 1187/1093/1429
f 1115/1003/1430 1113/1005/1430 1187/1093/1430
f 1113/1005/1431 1023/1075/1431 1188/996/1431
f 1187/1093/1432 1113/1005/1432 1188/996/1432
f 1023/1075/1433 1141/917/1433 1188/996/1433
f 1186/1046/1434 1153/940/1434 1048/942/1434
f 1122/1639/1435 1117/1640/1435 1184/1095/1435
f 1117/1640/1436 1061/962/1436 1183/1051/1436
f 1184/1095/1437 1117/1640/1437 1183/1051/1437
f 1061/962/1438 1161/948/1438 1183/1051/1438
f 1038/911/1439 1120/1096/1439 1185/1044/1439
f 1120/1096/1440 1122/1639/1440 1184/1095/1440
f 1185/1044/1441 1149/935/1441 1038/911/1441
f 1062/950/1442 1118/989/1442 1183/1051/1442
f 1118/989/1443 1121/988/1443 1184/1095/1443
f 1121/988/1444 1119/1011/1444 1184/1095/1444
f 1119/1011/1445 1037/936/1445 1185/1044/1445
f 1184/1095/1446 1119/1011/1446 1185/1044/1446
f 1037/936/1447 1149/935/1447 1185/1044/1447
f 1183/1051/1448 1161/948/1448 1062/950/1448
f 1128/1027/1449 1123/1024/1449 1180/1097/1449
f 1123/1024/1450 1055/959/1450 1179/1049/1450
f 1180/1097/1451 1123/1024/1451 1179/1049/1451
f 1055/959/1452 1158/1048/1452 1179/1049/1452
f 1032/916/1453 1126/1098/1453 1182/1045/1453
f 1126/1098/1454 1128/1027/1454 1180/1097/1454
f 1182/1045/1455 1146/914/1455 1032/916/1455
f 1056/946/1456 1124/983/1456 1179/1049/1456
f 1124/983/1457 1127/982/1457 1180/1097/1457
f 1127/982/1458 1125/1007/1458 1180/1097/1458
f 1125/1007/1459 1031/938/1459 1182/1045/1459
f 1180/1097/1460 1125/1007/1460 1182/1045/1460
f 1031/938/1461 1146/914/1461 1182/1045/1461
f 1179/1049/1462 1158/1048/1462 1056/946/1462
f 1058/960/1463 1072/1026/1463 1178/1055/1463
f 1072/1026/1464 1073/1025/1464 1177/1099/1464
f 1073/1025/1465 1069/1028/1465 1177/1099/1465
f 1069/1028/1466 1033/915/1466 1181/1033/1466
f 1177/1099/1467 1069/1028/1467 1181/1033/1467
f 1033/915/1468 1147/972/1468 1181/1033/1468
f 1178/1055/1469 1159/958/1469 1058/960/1469
f 1074/1641/1470 1071/1642/1470 1177/1099/1470
f 1071/1642/1471 1057/1030/1471 1178/1055/1471
f 1177/1099/1472 1071/1642/1472 1178/1055/1472
f 1057/1030/1473 1159/958/1473 1178/1055/1473
f 1034/974/1474 1070/1100/1474 1181/1033/1474
f 1070/1100/1475 1074/1641/1475 1177/1099/1475
f 1181/1033/1476 1147/972/1476 1034/974/1476
f 1134/1021/1477 1129/1074/1477 1174/1101/1477
f 1129/1074/1478 1049/955/1478 1173/1040/1478
f 1174/1101/1479 1129/1074/1479 1173/1040/1479
f 1049/955/1480 1155/954/1480 1173/1040/1480
f 1026/965/1481 1132/1102/1481 1176/1035/1481
f 1132/1102/1482 1134/1021/1482 1174/1101/1482
f 1176/1035/1483 1143/963/1483 1026/965/1483
f 1050/1081/1484 1130/1103/1484 1173/1040/1484
f 1130/1103/1485 1133/1643/1485 1174/1101/1485
f 1133/1643/1486 1131/1644/1486 1174/1101/1486
f 1131/1644/1487 1025/918/1487 1176/1035/1487
f 1174/1101/1488 1131/1644/1488 1176/1035/1488
f 1025/918/1489 1143/963/1489 1176/1035/1489
f 1173/1040/1490 1155/954/1490 1050/1081/1490
f 1052/953/1491 1084/1020/1491 1172/1036/1491
f 1084/1020/1492 1085/1022/1492 1171/1104/1492
f 1085/1022/1493 1081/1023/1493 1171/1104/1493
f 1081/1023/1494 1027/964/1494 1175/1034/1494
f 1171/1104/1495 1081/1023/1495 1175/1034/1495
f 1027/964/1496 1144/969/1496 1175/1034/1496
f 1172/1036/1497 1156/1054/1497 1052/953/1497
f 1086/1645/1498 1083/1646/1498 1171/1104/1498
f 1083/1646/1499 1051/924/1499 1172/1036/1499
f 1171/1104/1500 1083/1646/1500 1172/1036/1500
f 1051/924/1501 1156/1054/1501 1172/1036/1501
f 1028/971/1502 1082/1105/1502 1175/1034/1502
f 1082/1105/1503 1086/1645/1503 1171/1104/1503
f 1175/1034/1504 1144/969/1504 1028/971/1504
f 1140/1623/1505 1135/1015/1505 1168/1106/1505
f 1135/1015/1506 1063/951/1506 1167/1056/1506
f 1168/1106/1507 1135/1015/1507 1167/1056/1507
f 1063/951/1508 1162/1052/1508 1167/1056/1508
f 1040/933/1509 1138/1018/1509 1170/1032/1509
f 1138/1018/1510 1140/1623/1510 1168/1106/1510
f 1170/1032/1511 1150/912/1511 1040/933/1511
f 1064/961/1512 1136/1107/1512 1167/1056/1512
f 1136/1107/1513 1139/1647/1513 1168/1106/1513
f 1139/1647/1514 1137/1648/1514 1168/1106/1514
f 1137/1648/1515 1039/913/1515 1170/1032/1515
f 1168/1106/1516 1137/1648/1516 1170/1032/1516
f 1039/913/1517 1150/912/1517 1170/1032/1517
f 1167/1056/1518 1162/1052/1518 1064/961/1518
f 1066/952/1519 1096/1017/1519 1166/1038/1519
f 1096/1017/1520 1097/1016/1520 1165/1108/1520
f 1097/1016/1521 1093/1019/1521 1165/1108/1521
f 1093/1019/1522 1041/932/1522 1169/1041/1522
f 1165/1108/1523 1093/1019/1523 1169/1041/1523
f 1041/932/1524 1151/1042/1524 1169/1041/1524
f 1166/1038/1525 1163/927/1525 1066/952/1525
f 1098/1617/1526 1095/978/1526 1165/1108/1526
f 1095/978/1527 1065/928/1527 1166/1038/1527
f 1165/1108/1528 1095/978/1528 1166/1038/1528
f 1065/928/1529 1163/927/1529 1166/1038/1529
f 1042/966/1530 1094/1008/1530 1169/1041/1530
f 1094/1008/1531 1098/1617/1531 1165/1108/1531
f 1169/1041/1532 1151/1042/1532 1042/966/1532
f 1142/921/642 1141/917/642 1023/1075/642
f 1202/1109/1533 1203/1127/1533 1204/1110/1533
f 1206/1112/644 1207/1152/644 1208/1113/644
f 1210/1115/645 1211/1131/645 1212/1116/645
f 1215/1118/646 1216/1154/646 1213/1119/646
f 1218/1121/647 1219/1141/647 1220/1122/647
f 1223/1124/648 1224/1156/648 1221/1125/648
f 1203/1127/649 1225/1146/649 1226/1128/649
f 1206/1112/650 1205/1114/650 1227/1129/650
f 1211/1131/651 1229/1149/651 1230/1132/651
f 1232/1133/652 1214/1120/652 1213/1119/652
f 1234/1135/1534 1235/1151/1534 1236/1136/1534
f 1239/1138/654 1240/1150/654 1237/1139/654
f 1219/1141/655 1241/1153/655 1242/1142/655
f 1244/1143/656 1222/1126/656 1221/1125/656
f 1245/1145/657 1246/1155/657 1226/1128/657
f 1228/1130/658 1227/1129/658 1247/1147/658
f 1229/1149/1535 1234/1135/1535 1233/1137/1535
f 1239/1138/660 1232/1133/660 1231/1134/660
f 1235/1151/661 1202/1109/661 1201/1111/661
f 1238/1140/662 1237/1139/662 1208/1113/662
f 1241/1153/1536 1210/1115/1536 1209/1117/1536
f 1215/1118/664 1244/1143/664 1243/1144/664
f 1245/1145/665 1218/1121/665 1217/1123/665
f 1248/1148/1537 1247/1147/1537 1224/1156/1537
f 1251/1157/667 1252/1170/667 1249/1158/667
f 1255/1160/668 1256/1172/668 1253/1161/668
f 1258/1163/669 1259/1173/669 1260/1164/669
f 1263/1166/1538 1264/1175/1538 1261/1167/1538
f 1251/1157/671 1265/1176/671 1266/1169/671
f 1267/1171/672 1268/1178/672 1256/1172/672
f 1259/1173/1539 1262/1168/1539 1261/1167/1539
f 1269/1174/674 1270/1179/674 1264/1175/674
f 1265/1176/675 1271/1180/675 1272/1177/675
f 1250/1159/676 1249/1158/676 1268/1178/676
f 1254/1162/677 1253/1161/677 1270/1179/677
f 1271/1180/678 1258/1163/678 1257/1165/678
f 1275/1181/679 1276/1194/679 1273/1182/679
f 1279/1184/680 1280/1196/680 1277/1185/680
f 1283/1187/681 1284/1197/681 1281/1188/681
f 1286/1190/682 1287/1198/682 1288/1191/682
f 1289/1193/683 1290/1201/683 1276/1194/683
f 1291/1195/684 1292/1202/684 1280/1196/684
f 1286/1190/685 1285/1192/685 1284/1197/685
f 1287/1198/686 1293/1203/686 1294/1199/686
f 1289/1193/687 1295/1204/687 1296/1200/687
f 1274/1183/688 1273/1182/688 1292/1202/688
f 1293/1203/689 1278/1186/689 1277/1185/689
f 1282/1189/690 1281/1188/690 1296/1200/690
f 1201/1111/2 1204/1110/2 1226/1128/2
f 1226/1128/2 1246/1155/2 1217/1123/2
f 1217/1123/2 1220/1122/2 1212/1116/2
f 1220/1122/2 1242/1142/2 1212/1116/2
f 1242/1142/2 1209/1117/2 1212/1116/2
f 1212/1116/2 1230/1132/2 1233/1137/2
f 1233/1137/2 1236/1136/2 1201/1111/2
f 1201/1111/2 1226/1128/2 1212/1116/2
f 1226/1128/2 1217/1123/2 1212/1116/2
f 1273/1182/1 1276/1194/1 1281/1188/1
f 1276/1194/1 1290/1201/1 1281/1188/1
f 1290/1201/1 1296/1200/1 1281/1188/1
f 1281/1188/1 1284/1197/1 1285/1192/1
f 1285/1192/1 1288/1191/1 1294/1199/1
f 1294/1199/1 1277/1185/1 1273/1182/1
f 1277/1185/1 1280/1196/1 1273/1182/1
f 1280/1196/1 1292/1202/1 1273/1182/1
f 1281/1188/1 1285/1192/1 1273/1182/1
f 1251/1157/2 1250/1159/2 1267/1171/2
f 1267/1171/2 1255/1160/2 1251/1157/2
f 1255/1160/2 1254/1162/2 1251/1157/2
f 1254/1162/2 1269/1174/2 1259/1173/2
f 1269/1174/2 1263/1166/2 1259/1173/2
f 1263/1166/2 1262/1168/2 1259/1173/2
f 1259/1173/2 1258/1163/2 1251/1157/2
f 1258/1163/2 1271/1180/2 1251/1157/2
f 1271/1180/2 1265/1176/2 1251/1157/2
f 1203/1127/1 1202/1109/1 1235/1151/1
f 1235/1151/1 1234/1135/1 1229/1149/1
f 1229/1149/1 1211/1131/1 1210/1115/1
f 1210/1115/1 1241/1153/1 1219/1141/1
f 1219/1141/1 1218/1121/1 1245/1145/1
f 1245/1145/1 1225/1146/1 1203/1127/1
f 1203/1127/1 1235/1151/1 1219/1141/1
f 1235/1151/1 1229/1149/1 1219/1141/1
f 1229/1149/1 1210/1115/1 1219/1141/1
f 1275/1181/2 1274/1183/2 1278/1186/2
f 1274/1183/2 1291/1195/2 1278/1186/2
f 1291/1195/2 1279/1184/2 1278/1186/2
f 1278/1186/2 1293/1203/2 1287/1198/2
f 1287/1198/2 1286/1190/2 1278/1186/2
f 1286/1190/2 1283/1187/2 1278/1186/2
f 1283/1187/2 1282/1189/2 1295/1204/2
f 1295/1204/2 1289/1193/2 1275/1181/2
f 1283/1187/2 1295/1204/2 1275/1181/2
f 1249/1158/1 1252/1170/1 1266/1169/1
f 1266/1169/1 1272/1177/1 1257/1165/1
f 1257/1165/1 1260/1164/1 1270/1179/1
f 1260/1164/1 1261/1167/1 1270/1179/1
f 1261/1167/1 1264/1175/1 1270/1179/1
f 1270/1179/1 1253/1161/1 1249/1158/1
f 1253/1161/1 1256/1172/1 1249/1158/1
f 1256/1172/1 1268/1178/1 1249/1158/1
f 1249/1158/1 1266/1169/1 1270/1179/1
f 1205/1114/1 1208/1113/1 1231/1134/1
f 1208/1113/1 1237/1139/1 1231/1134/1
f 1237/1139/1 1240/1150/1 1231/1134/1
f 1231/1134/1 1213/1119/1 1216/1154/1
f 1216/1154/1 1243/1144/1 1231/1134/1
f 1243/1144/1 1221/1125/1 1231/1134/1
f 1221/1125/1 1224/1156/1 1247/1147/1
f 1247/1147/1 1227/1129/1 1205/1114/1
f 1221/1125/1 1247/1147/1 1231/1134/1
f 1207/1152/2 1206/1112/2 1228/1130/2
f 1228/1130/2 1248/1148/2 1223/1124/2
f 1223/1124/2 1222/1126/2 1244/1143/2
f 1244/1143/2 1215/1118/2 1214/1120/2
f 1214/1120/2 1232/1133/2 1239/1138/2
f 1239/1138/2 1238/1140/2 1207/1152/2
f 1207/1152/2 1228/1130/2 1223/1124/2
f 1223/1124/2 1244/1143/2 1214/1120/2
f 1214/1120/2 1239/1138/2 1223/1124/2
f 1301/1207/1 1302/1649/1 1320/1242/1
f 1320/1242/1 1317/1205/1 1301/1207/1
f 1310/1208/1 1315/1237/1 1318/1209/1
f 1314/1213/1 1311/1230/1 1298/1211/1
f 1311/1230/1 1297/1650/1 1298/1211/1
f 1324/1214/2 1325/1241/2 1328/1215/2
f 1326/1219/2 1323/1239/2 1304/1217/2
f 1323/1239/2 1303/1651/2 1304/1217/2
f 1308/1652/2 1332/1243/2 1307/1222/2
f 1332/1243/2 1329/1220/2 1307/1222/2
f 1322/1223/2 1327/1234/2 1330/1224/2
f 1309/1226/1 1312/1232/1 1313/1227/1
f 1314/1213/691 1334/1653/691 1333/1229/691
f 1339/1231/692 1340/1654/692 1331/1225/692
f 1333/1229/693 1334/1653/693 1313/1227/693
f 1342/1233/694 1341/1655/694 1327/1234/694
f 1316/1228/691 1336/1236/691 1335/1235/691
f 1328/1215/692 1341/1655/692 1342/1233/692
f 1310/1208/693 1335/1235/693 1336/1236/693
f 1326/1219/692 1344/1656/692 1343/1238/692
f 1338/1240/691 1337/1657/691 1319/1210/691
f 1343/1238/694 1344/1656/694 1325/1241/694
f 1320/1242/693 1337/1657/693 1338/1240/693
f 1332/1243/694 1340/1654/694 1339/1231/694
f 1362/1244/27 1473/1376/27 1474/1245/27
f 1356/1247/15 1470/1272/15 1471/1248/15
f 1348/1250/695 1465/1328/695 1467/1251/695
f 1368/1253/9 1476/1389/9 1466/1254/9
f 1481/1256/24 1480/1386/24 1375/1257/24
f 1392/1259/696 1488/1263/696 1487/1260/696
f 1370/1262/99 1478/1275/99 1488/1263/99
f 1364/1265/10 1474/1245/10 1475/1266/10
f 1472/1268/697 1473/1376/697 1361/1269/697
f 1354/1271/698 1469/1391/698 1470/1272/698
f 1372/1274/22 1477/1374/22 1478/1275/22
f 1398/1277/699 1394/1430/699 1401/1278/699
f 1482/1280/700 1481/1256/700 1377/1281/700
f 1386/1283/701 1485/1297/701 1484/1284/701
f 1487/1260/13 1486/1384/13 1387/1286/13
f 1376/1288/19 1480/1386/19 1479/1289/19
f 1372/1274/702 1369/1276/702 1431/1291/702
f 1483/1293/20 1482/1280/20 1379/1294/20
f 1388/1296/12 1486/1384/12 1485/1297/12
f 1467/1251/16 1468/1303/16 1351/1299/16
f 1475/1266/703 1476/1389/703 1367/1301/703
f 1468/1303/8 1469/1391/8 1353/1304/8
f 1471/1248/7 1472/1268/7 1359/1306/7
f 1432/1308/704 1423/1397/704 1428/1309/704
f 1424/1311/705 1419/1408/705 1422/1312/705
f 1411/1314/706 1416/1339/706 1451/1315/706
f 1412/1317/707 1407/1412/707 1410/1318/707
f 1399/1320/708 1404/1343/708 1445/1321/708
f 1395/1323/709 1398/1277/709 1403/1279/709
f 1446/1325/710 1444/1658/710 1461/1326/710
f 1465/1328/711 1466/1254/711 1517/1329/711
f 1440/1331/712 1438/1424/712 1455/1332/712
f 1460/1334/713 1441/1402/713 1446/1325/713
f 1428/1309/714 1426/1420/714 1429/1335/714
f 1434/1336/715 1430/1410/715 1437/1337/715
f 1416/1339/716 1414/1418/716 1449/1340/716
f 1427/1313/717 1422/1312/717 1418/1341/717
f 1404/1343/718 1402/1406/718 1443/1344/718
f 1410/1318/719 1406/1435/719 1413/1345/719
f 1454/1346/720 1435/1404/720 1440/1331/720
f 1431/1291/721 1434/1336/721 1439/1338/721
f 1459/1347/722 1464/1659/722 1421/1348/722
f 1421/1348/723 1464/1659/723 1462/1350/723
f 1453/1352/724 1458/1660/724 1409/1353/724
f 1409/1353/725 1458/1660/725 1456/1355/725
f 1447/1357/726 1452/1360/726 1397/1358/726
f 1452/1360/727 1450/1399/727 1393/1361/727
f 1484/1284/25 1483/1293/25 1381/1362/25
f 1474/1245/728 1473/1376/728 1509/1364/728
f 1470/1272/729 1506/1379/729 1505/1366/729
f 1467/1251/730 1500/1368/730 1499/1367/730
f 1465/1328/731 1512/1330/731 1500/1368/731
f 1496/1369/732 1480/1386/732 1481/1256/732
f 1490/1371/733 1487/1260/733 1488/1263/733
f 1497/1373/734 1510/1380/734 1477/1374/734
f 1475/1266/735 1474/1245/735 1494/1365/735
f 1473/1376/736 1472/1268/736 1524/1377/736
f 1470/1272/737 1469/1391/737 1521/1378/737
f 1510/1380/738 1514/1385/738 1478/1275/738
f 1519/1370/739 1481/1256/739 1482/1280/739
f 1522/1382/740 1484/1284/740 1485/1297/740
f 1490/1371/741 1491/1388/741 1486/1384/741
f 1515/1372/742 1488/1263/742 1478/1275/742
f 1497/1373/743 1479/1289/743 1480/1386/743
f 1503/1381/744 1482/1280/744 1483/1293/744
f 1491/1388/745 1507/1383/745 1485/1297/745
f 1476/1389/746 1518/1390/746 1517/1329/746
f 1475/1266/747 1493/1375/747 1518/1390/747
f 1469/1391/748 1468/1303/748 1499/1367/748
f 1471/1248/749 1505/1366/749 1524/1377/749
f 1502/1387/750 1483/1293/750 1484/1284/750
f 1365/1267/751 1417/1351/751 1462/1350/751
f 1405/1356/752 1456/1355/752 1350/1392/752
f 1382/1394/753 1379/1661/753 1447/1357/753
f 1367/1395/754 1425/1342/754 1418/1341/754
f 1413/1345/755 1406/1435/755 1352/1305/755
f 1384/1363/756 1381/1362/756 1395/1323/756
f 1429/1335/757 1426/1420/757 1368/1253/757
f 1449/1340/758 1414/1418/758 1354/1271/758
f 1386/1283/759 1383/1285/759 1399/1320/759
f 1370/1262/760 1391/1264/760 1423/1397/760
f 1357/1398/761 1393/1361/761 1450/1399/761
f 1388/1401/762 1385/1662/762 1441/1402/762
f 1454/1346/763 1374/1415/763 1371/1403/763
f 1401/1278/764 1394/1430/764 1358/1307/764
f 1420/1349/765 1390/1287/765 1387/1286/765
f 1376/1405/766 1373/1663/766 1453/1352/766
f 1361/1269/767 1443/1344/767 1402/1406/767
f 1392/1407/768 1389/1664/768 1419/1408/768
f 1347/1409/769 1437/1337/769 1430/1410/769
f 1412/1317/770 1378/1258/770 1375/1257/770
f 1461/1326/771 1444/1658/771 1362/1413/771
f 1479/1289/772 1477/1374/772 1371/1403/772
f 1455/1332/773 1438/1424/773 1348/1250/773
f 1448/1316/774 1380/1282/774 1377/1281/774
f 1404/1343/1540 1399/1320/1540 1523/1416/1540
f 1399/1320/1541 1383/1285/1541 1522/1382/1541
f 1523/1416/1542 1399/1320/1542 1522/1382/1542
f 1383/1285/1543 1484/1284/1543 1522/1382/1543
f 1360/1270/1544 1402/1406/1544 1524/1377/1544
f 1402/1406/1545 1404/1343/1545 1523/1416/1545
f 1524/1377/1546 1472/1268/1546 1360/1270/1546
f 1384/1363/1547 1400/1324/1547 1522/1382/1547
f 1400/1324/1548 1403/1279/1548 1523/1416/1548
f 1403/1279/1549 1401/1278/1549 1523/1416/1549
f 1401/1278/1550 1359/1306/1550 1524/1377/1550
f 1523/1416/1551 1401/1278/1551 1524/1377/1551
f 1359/1306/1552 1472/1268/1552 1524/1377/1552
f 1522/1382/1553 1484/1284/1553 1384/1363/1553
f 1416/1339/1554 1411/1314/1554 1520/1417/1554
f 1411/1314/1555 1377/1281/1555 1519/1370/1555
f 1520/1417/1556 1411/1314/1556 1519/1370/1556
f 1377/1281/1557 1481/1256/1557 1519/1370/1557
f 1354/1271/1558 1414/1418/1558 1521/1378/1558
f 1414/1418/1559 1416/1339/1559 1520/1417/1559
f 1521/1378/1560 1469/1391/1560 1354/1271/1560
f 1378/1258/1561 1412/1317/1561 1519/1370/1561
f 1412/1317/1562 1415/1319/1562 1520/1417/1562
f 1415/1319/1563 1413/1345/1563 1520/1417/1563
f 1413/1345/1564 1353/1304/1564 1521/1378/1564
f 1520/1417/1565 1413/1345/1565 1521/1378/1565
f 1353/1304/1566 1469/1391/1566 1521/1378/1566
f 1519/1370/1567 1481/1256/1567 1378/1258/1567
f 1428/1309/1568 1423/1397/1568 1516/1419/1568
f 1423/1397/1569 1391/1264/1569 1515/1372/1569
f 1516/1419/1570 1423/1397/1570 1515/1372/1570
f 1391/1264/1571 1488/1263/1571 1515/1372/1571
f 1368/1253/1572 1426/1420/1572 1518/1390/1572
f 1426/1420/1573 1428/1309/1573 1516/1419/1573
f 1518/1390/1574 1476/1389/1574 1368/1253/1574
f 1392/1259/1575 1424/1421/1575 1515/1372/1575
f 1424/1421/1576 1427/1422/1576 1516/1419/1576
f 1427/1422/1577 1425/1665/1577 1516/1419/1577
f 1425/1665/1578 1367/1301/1578 1518/1390/1578
f 1516/1419/1579 1425/1665/1579 1518/1390/1579
f 1367/1301/1580 1476/1389/1580 1518/1390/1580
f 1515/1372/1581 1488/1263/1581 1392/1259/1581
f 1370/1262/1582 1432/1308/1582 1514/1385/1582
f 1432/1308/1583 1433/1310/1583 1513/1422/1583
f 1433/1310/1584 1429/1335/1584 1513/1422/1584
f 1429/1335/1585 1345/1255/1585 1517/1329/1585
f 1513/1422/1586 1429/1335/1586 1517/1329/1586
f 1345/1255/1587 1466/1254/1587 1517/1329/1587
f 1514/1385/1588 1478/1275/1588 1370/1262/1588
f 1434/1336/1589 1431/1291/1589 1513/1422/1589
f 1431/1291/1590 1369/1276/1590 1514/1385/1590
f 1513/1422/1591 1431/1291/1591 1514/1385/1591
f 1369/1276/1592 1478/1275/1592 1514/1385/1592
f 1346/1411/1593 1430/1410/1593 1517/1329/1593
f 1430/1410/1594 1434/1336/1594 1513/1422/1594
f 1517/1329/1595 1466/1254/1595 1346/1411/1595
f 1440/1331/1596 1435/1404/1596 1511/1423/1596
f 1435/1404/1597 1371/1403/1597 1510/1380/1597
f 1511/1423/1598 1435/1404/1598 1510/1380/1598
f 1371/1403/1599 1477/1374/1599 1510/1380/1599
f 1348/1250/1600 1438/1424/1600 1512/1330/1600
f 1438/1424/1601 1440/1331/1601 1511/1423/1601
f 1512/1330/1602 1465/1328/1602 1348/1250/1602
f 1372/1274/1603 1436/1292/1603 1510/1380/1603
f 1436/1292/1604 1439/1338/1604 1511/1423/1604
f 1439/1338/1605 1437/1337/1605 1511/1423/1605
f 1437/1337/1606 1347/1409/1606 1512/1330/1606
f 1511/1423/1607 1437/1337/1607 1512/1330/1607
f 1347/1409/1608 1465/1328/1608 1512/1330/1608
f 1510/1380/1609 1477/1374/1609 1372/1274/1609
f 1446/1666/1610 1441/1667/1610 1508/1425/1610
f 1441/1667/1611 1385/1298/1611 1507/1383/1611
f 1508/1425/1612 1441/1667/1612 1507/1383/1612
f 1385/1298/1613 1485/1297/1613 1507/1383/1613
f 1362/1244/1614 1444/1426/1614 1509/1364/1614
f 1444/1426/1615 1446/1666/1615 1508/1425/1615
f 1509/1364/1616 1473/1376/1616 1362/1244/1616
f 1386/1283/1617 1442/1322/1617 1507/1383/1617
f 1442/1322/1618 1445/1321/1618 1508/1425/1618
f 1445/1321/1619 1443/1344/1619 1508/1425/1619
f 1443/1344/1620 1361/1269/1620 1509/1364/1620
f 1508/1425/1621 1443/1344/1621 1509/1364/1621
f 1361/1269/1622 1473/1376/1622 1509/1364/1622
f 1507/1383/1623 1485/1297/1623 1386/1283/1623
f 1452/1668/1624 1447/1669/1624 1504/1427/1624
f 1447/1669/1625 1379/1294/1625 1503/1381/1625
f 1504/1427/1626 1447/1669/1626 1503/1381/1626
f 1379/1294/1627 1482/1280/1627 1503/1381/1627
f 1356/1247/1628 1450/1428/1628 1506/1379/1628
f 1450/1428/1629 1452/1668/1629 1504/1427/1629
f 1506/1379/1630 1470/1272/1630 1356/1247/1630
f 1380/1282/1631 1448/1316/1631 1503/1381/1631
f 1448/1316/1632 1451/1315/1632 1504/1427/1632
f 1451/1315/1633 1449/1340/1633 1504/1427/1633
f 1449/1340/1634 1355/1273/1634 1506/1379/1634
f 1504/1427/1635 1449/1340/1635 1506/1379/1635
f 1355/1273/1636 1470/1272/1636 1506/1379/1636
f 1503/1381/1637 1482/1280/1637 1380/1282/1637
f 1382/1295/1638 1396/1429/1638 1502/1387/1638
f 1396/1429/1639 1397/1670/1639 1501/1315/1639
f 1397/1670/1640 1393/1671/1640 1501/1315/1640
f 1393/1671/1641 1357/1249/1641 1505/1366/1641
f 1501/1315/1642 1393/1671/1642 1505/1366/1642
f 1357/1249/1643 1471/1248/1643 1505/1366/1643
f 1502/1387/1644 1483/1293/1644 1382/1295/1644
f 1398/1277/1645 1395/1323/1645 1501/1315/1645
f 1395/1323/1646 1381/1362/1646 1502/1387/1646
f 1501/1315/1647 1395/1323/1647 1502/1387/1647
f 1381/1362/1648 1483/1293/1648 1502/1387/1648
f 1358/1307/1649 1394/1430/1649 1505/1366/1649
f 1394/1430/1650 1398/1277/1650 1501/1315/1650
f 1505/1366/1651 1471/1248/1651 1358/1307/1651
f 1458/1672/1652 1453/1673/1652 1498/1431/1652
f 1453/1673/1653 1373/1290/1653 1497/1373/1653
f 1498/1431/1654 1453/1673/1654 1497/1373/1654
f 1373/1290/1655 1479/1289/1655 1497/1373/1655
f 1350/1300/1656 1456/1432/1656 1500/1368/1656
f 1456/1432/1657 1458/1672/1657 1498/1431/1657
f 1500/1368/1658 1467/1251/1658 1350/1300/1658
f 1374/1415/1659 1454/1346/1659 1497/1373/1659
f 1454/1346/1660 1457/1333/1660 1498/1431/1660
f 1457/1333/1661 1455/1332/1661 1498/1431/1661
f 1455/1332/1662 1349/1252/1662 1500/1368/1662
f 1498/1431/1663 1455/1332/1663 1500/1368/1663
f 1349/1252/1664 1467/1251/1664 1500/1368/1664
f 1497/1373/1665 1479/1289/1665 1374/1415/1665
f 1376/1288/1666 1408/1434/1666 1496/1369/1666
f 1408/1434/1667 1409/1674/1667 1495/1433/1667
f 1409/1674/1668 1405/1675/1668 1495/1433/1668
f 1405/1675/1669 1351/1299/1669 1499/1367/1669
f 1495/1433/1670 1405/1675/1670 1499/1367/1670
f 1351/1299/1671 1468/1303/1671 1499/1367/1671
f 1496/1369/1672 1480/1386/1672 1376/1288/1672
f 1410/1318/1673 1407/1412/1673 1495/1433/1673
f 1407/1412/1674 1375/1257/1674 1496/1369/1674
f 1495/1433/1675 1407/1412/1675 1496/1369/1675
f 1375/1257/1676 1480/1386/1676 1496/1369/1676
f 1352/1305/1677 1406/1435/1677 1499/1367/1677
f 1406/1435/1678 1410/1318/1678 1495/1433/1678
f 1499/1367/1679 1468/1303/1679 1352/1305/1679
f 1464/1659/1680 1459/1347/1680 1492/1436/1680
f 1459/1347/1681 1387/1286/1681 1491/1388/1681
f 1492/1436/1682 1459/1347/1682 1491/1388/1682
f 1387/1286/1683 1486/1384/1683 1491/1388/1683
f 1364/1265/1684 1462/1350/1684 1494/1365/1684
f 1462/1350/1685 1464/1659/1685 1492/1436/1685
f 1494/1365/1686 1474/1245/1686 1364/1265/1686
f 1388/1296/1687 1460/1437/1687 1491/1388/1687
f 1460/1437/1688 1463/1676/1688 1492/1436/1688
f 1463/1676/1689 1461/1677/1689 1492/1436/1689
f 1461/1677/1690 1363/1246/1690 1494/1365/1690
f 1492/1436/1691 1461/1677/1691 1494/1365/1691
f 1363/1246/1692 1474/1245/1692 1494/1365/1692
f 1491/1388/1693 1486/1384/1693 1388/1296/1693
f 1390/1287/1694 1420/1349/1694 1490/1371/1694
f 1420/1349/1695 1421/1348/1695 1489/1438/1695
f 1421/1348/1696 1417/1351/1696 1489/1438/1696
f 1417/1351/1697 1365/1267/1697 1493/1375/1697
f 1489/1438/1698 1417/1351/1698 1493/1375/1698
f 1365/1267/1699 1475/1266/1699 1493/1375/1699
f 1490/1371/1700 1487/1260/1700 1390/1287/1700
f 1422/1678/1701 1419/1679/1701 1489/1438/1701
f 1419/1679/1702 1389/1261/1702 1490/1371/1702
f 1489/1438/1703 1419/1679/1703 1490/1371/1703
f 1389/1261/1704 1487/1260/1704 1490/1371/1704
f 1366/1302/1705 1418/1439/1705 1493/1375/1705
f 1418/1439/1706 1422/1678/1706 1489/1438/1706
f 1493/1375/1707 1475/1266/1707 1366/1302/1707
f 1466/1254/26 1465/1328/26 1347/1409/26
f 1526/1440/799 1527/1458/799 1528/1441/799
f 1531/1443/800 1532/1483/800 1529/1444/800
f 1534/1446/801 1535/1462/801 1536/1447/801
f 1538/1449/802 1539/1485/802 1540/1450/802
f 1543/1452/803 1544/1473/803 1541/1453/803
f 1547/1455/804 1548/1487/804 1545/1456/804
f 1527/1458/805 1549/1477/805 1550/1459/805
f 1530/1445/806 1529/1444/806 1551/1460/806
f 1535/1462/807 1553/1480/807 1554/1463/807
f 1556/1464/808 1538/1449/808 1537/1451/808
f 1559/1466/809 1560/1482/809 1557/1467/809
f 1563/1469/810 1564/1481/810 1561/1470/810
f 1543/1452/811 1565/1484/811 1566/1472/811
f 1546/1457/812 1545/1456/812 1567/1474/812
f 1569/1476/813 1570/1486/813 1550/1459/813
f 1552/1461/814 1551/1460/814 1571/1478/814
f 1558/1468/815 1557/1467/815 1554/1463/815
f 1556/1464/816 1555/1465/816 1564/1481/816
f 1559/1466/817 1526/1440/817 1525/1442/817
f 1562/1471/818 1561/1470/818 1532/1483/818
f 1565/1484/819 1534/1446/819 1533/1448/819
f 1568/1475/820 1567/1474/820 1540/1450/820
f 1542/1454/821 1541/1453/821 1570/1486/821
f 1572/1479/822 1571/1478/822 1548/1487/822
f 1575/1488/823 1576/1501/823 1573/1489/823
f 1578/1491/824 1579/1503/824 1580/1492/824
f 1583/1494/825 1584/1504/825 1581/1495/825
f 1586/1497/826 1587/1505/826 1588/1498/826
f 1589/1500/827 1590/1508/827 1576/1501/827
f 1591/1502/828 1592/1509/828 1580/1492/828
f 1586/1497/829 1585/1499/829 1584/1504/829
f 1587/1505/1708 1593/1510/1708 1594/1506/1708
f 1595/1507/1709 1596/1511/1709 1590/1508/1709
f 1574/1490/832 1573/1489/832 1592/1509/832
f 1593/1510/833 1578/1491/833 1577/1493/833
f 1582/1496/834 1581/1495/834 1596/1511/834
f 1599/1512/1710 1600/1525/1710 1597/1513/1710
f 1602/1515/836 1603/1526/836 1604/1516/836
f 1606/1518/1711 1607/1528/1711 1608/1519/1711
f 1610/1521/838 1611/1529/838 1612/1522/838
f 1613/1524/839 1614/1532/839 1600/1525/839
f 1603/1526/840 1615/1533/840 1616/1527/840
f 1607/1528/841 1610/1521/841 1609/1523/841
f 1611/1529/842 1617/1534/842 1618/1530/842
f 1619/1531/843 1620/1535/843 1614/1532/843
f 1598/1514/844 1597/1513/844 1616/1527/844
f 1617/1534/845 1602/1515/845 1601/1517/845
f 1619/1531/846 1606/1518/846 1605/1520/846
f 1525/1442/2 1528/1441/2 1541/1453/2
f 1528/1441/2 1550/1459/2 1541/1453/2
f 1550/1459/2 1570/1486/2 1541/1453/2
f 1541/1453/2 1544/1473/2 1566/1472/2
f 1566/1472/2 1533/1448/2 1541/1453/2
f 1533/1448/2 1536/1447/2 1541/1453/2
f 1536/1447/2 1554/1463/2 1525/1442/2
f 1554/1463/2 1557/1467/2 1525/1442/2
f 1557/1467/2 1560/1482/2 1525/1442/2
f 1597/1513/1 1600/1525/1 1605/1520/1
f 1600/1525/1 1614/1532/1 1605/1520/1
f 1614/1532/1 1620/1535/1 1605/1520/1
f 1605/1520/1 1608/1519/1 1609/1523/1
f 1609/1523/1 1612/1522/1 1618/1530/1
f 1618/1530/1 1601/1517/1 1597/1513/1
f 1601/1517/1 1604/1516/1 1597/1513/1
f 1604/1516/1 1616/1527/1 1597/1513/1
f 1605/1520/1 1609/1523/1 1618/1530/1
f 1575/1488/2 1574/1490/2 1591/1502/2
f 1591/1502/2 1579/1503/2 1575/1488/2
f 1579/1503/2 1578/1491/2 1575/1488/2
f 1578/1491/2 1593/1510/2 1587/1505/2
f 1587/1505/2 1586/1497/2 1578/1491/2
f 1586/1497/2 1583/1494/2 1578/1491/2
f 1583/1494/2 1582/1496/2 1575/1488/2
f 1582/1496/2 1595/1507/2 1575/1488/2
f 1595/1507/2 1589/1500/2 1575/1488/2
f 1527/1458/1 1526/1440/1 1559/1466/1
f 1559/1466/1 1558/1468/1 1553/1480/1
f 1553/1480/1 1535/1462/1 1534/1446/1
f 1534/1446/1 1565/1484/1 1553/1480/1
f 1565/1484/1 1543/1452/1 1553/1480/1
f 1543/1452/1 1542/1454/1 1569/1476/1
f 1569/1476/1 1549/1477/1 1527/1458/1
f 1527/1458/1 1559/1466/1 1543/1452/1
f 1559/1466/1 1553/1480/1 1543/1452/1
f 1599/1512/2 1598/1514/2 1602/1515/2
f 1598/1514/2 1615/1533/2 1602/1515/2
f 1615/1533/2 1603/1526/2 1602/1515/2
f 1602/1515/2 1617/1534/2 1611/1529/2
f 1611/1529/2 1610/1521/2 1607/1528/2
f 1607/1528/2 1606/1518/2 1619/1531/2
f 1619/1531/2 1613/1524/2 1607/1528/2
f 1613/1524/2 1599/1512/2 1607/1528/2
f 1602/1515/2 1611/1529/2 1607/1528/2
f 1573/1489/1 1576/1501/1 1590/1508/1
f 1590/1508/1 1596/1511/1 1581/1495/1
f 1581/1495/1 1584/1504/1 1585/1499/1
f 1585/1499/1 1588/1498/1 1594/1506/1
f 1594/1506/1 1577/1493/1 1580/1492/1
f 1580/1492/1 1592/1509/1 1594/1506/1
f 1592/1509/1 1573/1489/1 1594/1506/1
f 1573/1489/1 1590/1508/1 1581/1495/1
f 1581/1495/1 1585/1499/1 1573/1489/1
f 1529/1444/1 1532/1483/1 1561/1470/1
f 1561/1470/1 1564/1481/1 1555/1465/1
f 1555/1465/1 1537/1451/1 1545/1456/1
f 1537/1451/1 1540/1450/1 1545/1456/1
f 1540/1450/1 1567/1474/1 1545/1456/1
f 1545/1456/1 1548/1487/1 1571/1478/1
f 1571/1478/1 1551/1460/1 1545/1456/1
f 1551/1460/1 1529/1444/1 1545/1456/1
f 1529/1444/1 1561/1470/1 1555/1465/1
f 1531/1443/2 1530/1445/2 1552/1461/2
f 1552/1461/2 1572/1479/2 1547/1455/2
f 1547/1455/2 1546/1457/2 1568/1475/2
f 1568/1475/2 1539/1485/2 1538/1449/2
f 1538/1449/2 1556/1464/2 1563/1469/2
f 1563/1469/2 1562/1471/2 1538/1449/2
f 1562/1471/2 1531/1443/2 1538/1449/2
f 1531/1443/2 1552/1461/2 1538/1449/2
f 1552/1461/2 1547/1455/2 1538/1449/2
